timestamp,interval_seconds,load_kwh,pv_generation_kwh,self_use_kwh,grid_import_kwh,grid_export_kwh,curtailment_kwh
2024-01-01T00:00,3600,0.0,0.0,0.0,0.0,0.0,0.0
2024-01-01T01:00,3600,0.0,0.0,0.0,0.0,0.0,0.0
2024-01-01T02:00,3600,0.0,0.0,0.0,0.0,0.0,0.0
2024-01-01T03:00,3600,0.0,0.0,0.0,0.0,0.0,0.0
2024-01-01T04:00,3600,0.0,0.0,0.0,0.0,0.0,0.0
2024-01-01T05:00,3600,0.0,0.0,0.0,0.0,0.0,0.0
2024-01-01T06:00,3600,0.0,0.0,0.0,0.0,0.0,0.0
2024-01-01T07:00,3600,0.0,0.0,0.0,0.0,0.0,0.0
2024-01-01T08:00,3600,0.0,0.04630753413,0.0,0.0,0.0,0.04630753413
2024-01-01T09:00,3600,0.0,0.16715493011000002,0.0,0.0,0.0,0.16715493011000002
2024-01-01T10:00,3600,0.0,0.35707479551000004,0.0,0.0,0.0,0.35707479551000004
2024-01-01T11:00,3600,0.0,0.43959616994999995,0.0,0.0,0.0,0.43959616994999995
2024-01-01T12:00,3600,0.0,0.45407136084,0.0,0.0,0.0,0.45407136084
2024-01-01T13:00,3600,0.0,0.51690761038,0.0,0.0,0.0,0.51690761038
2024-01-01T14:00,3600,0.0,0.49603384221,0.0,0.0,0.0,0.49603384221
2024-01-01T15:00,3600,0.0,0.39173960076,0.0,0.0,0.0,0.39173960076
2024-01-01T16:00,3600,0.0,0.26888047212,0.0,0.0,0.0,0.26888047212
2024-01-01T17:00,3600,0.0,0.08712289195,0.0,0.0,0.0,0.08712289195
2024-01-01T18:00,3600,0.290825679259101,0.011373061509999999,0.011373061509999999,0.279452617749101,0.0,0.0
2024-01-01T19:00,3600,0.05907673076830029,0.0,0.0,0.05907673076830029,0.0,0.0
2024-01-01T20:00,3600,0.04013004347427737,0.0,0.0,0.04013004347427737,0.0,0.0
2024-01-01T21:00,3600,0.04978964603891576,0.0,0.0,0.04978964603891576,0.0,0.0
2024-01-01T22:00,3600,0.024846619170786063,0.0,0.0,0.024846619170786063,0.0,0.0
2024-01-01T23:00,3600,0.014213866983597074,0.0,0.0,0.014213866983597074,0.0,0.0
2024-01-02T00:00,3600,0.0,0.0,0.0,0.0,0.0,0.0
2024-01-02T01:00,3600,0.0,0.0,0.0,0.0,0.0,0.0
2024-01-02T02:00,3600,0.0,0.0,0.0,0.0,0.0,0.0
2024-01-02T03:00,3600,0.0,0.0,0.0,0.0,0.0,0.0
2024-01-02T04:00,3600,0.0,0.0,0.0,0.0,0.0,0.0
2024-01-02T05:00,3600,0.0,0.0,0.0,0.0,0.0,0.0
2024-01-02T06:00,3600,0.0,0.0,0.0,0.0,0.0,0.0
2024-01-02T07:00,3600,0.0,0.0,0.0,0.0,0.0,0.0
2024-01-02T08:00,3600,0.0,0.02861310902,0.0,0.0,0.0,0.02861310902
2024-01-02T09:00,3600,0.0,0.16093754743000002,0.0,0.0,0.0,0.16093754743000002
2024-01-02T10:00,3600,0.0,0.2981292926,0.0,0.0,0.0,0.2981292926
2024-01-02T11:00,3600,0.0,0.37938712758000004,0.0,0.0,0.0,0.37938712758000004
2024-01-02T12:00,3600,0.0,0.58011383612,0.0,0.0,0.0,0.58011383612
2024-01-02T13:00,3600,0.0,0.57029876388,0.0,0.0,0.0,0.57029876388
2024-01-02T14:00,3600,0.0,0.44753397877,0.0,0.0,0.0,0.44753397877
2024-01-02T15:00,3600,0.0,0.24358968524,0.0,0.0,0.0,0.24358968524
2024-01-02T16:00,3600,0.0,0.12978870528,0.0,0.0,0.0,0.12978870528
2024-01-02T17:00,3600,0.0,0.07549457726,0.0,0.0,0.0,0.07549457726
2024-01-02T18:00,3600,0.0,0.008120980390000001,0.0,0.0,0.0,0.008120980390000001
2024-01-02T19:00,3600,0.0,0.0,0.0,0.0,0.0,0.0
2024-01-02T20:00,3600,0.0,0.0,0.0,0.0,0.0,0.0
2024-01-02T21:00,3600,0.0,0.0,0.0,0.0,0.0,0.0
2024-01-02T22:00,3600,0.0,0.0,0.0,0.0,0.0,0.0
2024-01-02T23:00,3600,0.0,0.0,0.0,0.0,0.0,0.0
2024-01-03T00:00,3600,0.0,0.0,0.0,0.0,0.0,0.0
2024-01-03T01:00,3600,0.0,0.0,0.0,0.0,0.0,0.0
2024-01-03T02:00,3600,0.0,0.0,0.0,0.0,0.0,0.0
2024-01-03T03:00,3600,0.0,0.0,0.0,0.0,0.0,0.0
2024-01-03T04:00,3600,0.0,0.0,0.0,0.0,0.0,0.0
2024-01-03T05:00,3600,0.0,0.0,0.0,0.0,0.0,0.0
2024-01-03T06:00,3600,0.0,0.0,0.0,0.0,0.0,0.0
2024-01-03T07:00,3600,0.0,0.0,0.0,0.0,0.0,0.0
2024-01-03T08:00,3600,0.0,0.023492053309999997,0.0,0.0,0.0,0.023492053309999997
2024-01-03T09:00,3600,0.0,0.15824772038999999,0.0,0.0,0.0,0.15824772038999999
2024-01-03T10:00,3600,0.0,0.28853285258,0.0,0.0,0.0,0.28853285258
2024-01-03T11:00,3600,0.0,0.42658675398000007,0.0,0.0,0.0,0.42658675398000007
2024-01-03T12:00,3600,0.0,0.55304500862,0.0,0.0,0.0,0.55304500862
2024-01-03T13:00,3600,0.0,0.62195788294,0.0,0.0,0.0,0.62195788294
2024-01-03T14:00,3600,0.0,0.57880355517,0.0,0.0,0.0,0.57880355517
2024-01-03T15:00,3600,0.0,0.48582625682,0.0,0.0,0.0,0.48582625682
2024-01-03T16:00,3600,0.0,0.33425948554,0.0,0.0,0.0,0.33425948554
2024-01-03T17:00,3600,0.0,0.15944541144,0.0,0.0,0.0,0.15944541144
2024-01-03T18:00,3600,0.0,0.013932850200000001,0.0,0.0,0.0,0.013932850200000001
2024-01-03T19:00,3600,0.0,0.0,0.0,0.0,0.0,0.0
2024-01-03T20:00,3600,0.0,0.0,0.0,0.0,0.0,0.0
2024-01-03T21:00,3600,0.0,0.0,0.0,0.0,0.0,0.0
2024-01-03T22:00,3600,0.0,0.0,0.0,0.0,0.0,0.0
2024-01-03T23:00,3600,0.0,0.0,0.0,0.0,0.0,0.0
2024-01-04T00:00,3600,0.0,0.0,0.0,0.0,0.0,0.0
2024-01-04T01:00,3600,0.0,0.0,0.0,0.0,0.0,0.0
2024-01-04T02:00,3600,0.0,0.0,0.0,0.0,0.0,0.0
2024-01-04T03:00,3600,0.0,0.0,0.0,0.0,0.0,0.0
2024-01-04T04:00,3600,0.0,0.0,0.0,0.0,0.0,0.0
2024-01-04T05:00,3600,0.0,0.0,0.0,0.0,0.0,0.0
2024-01-04T06:00,3600,0.0,0.0,0.0,0.0,0.0,0.0
2024-01-04T07:00,3600,0.0,0.0,0.0,0.0,0.0,0.0
2024-01-04T08:00,3600,0.0,0.07293640565,0.0,0.0,0.0,0.07293640565
2024-01-04T09:00,3600,0.0,0.30386035611,0.0,0.0,0.0,0.30386035611
2024-01-04T10:00,3600,0.0,0.4057774509,0.0,0.0,0.0,0.4057774509
2024-01-04T11:00,3600,0.0,0.50455931634,0.0,0.0,0.0,0.50455931634
2024-01-04T12:00,3600,0.0,0.57490361653,0.0,0.0,0.0,0.57490361653
2024-01-04T13:00,3600,0.0,0.5833635091099999,0.0,0.0,0.0,0.5833635091099999
2024-01-04T14:00,3600,0.0,0.55070748513,0.0,0.0,0.0,0.55070748513
2024-01-04T15:00,3600,0.0,0.39617590527999996,0.0,0.0,0.0,0.39617590527999996
2024-01-04T16:00,3600,0.0,0.29431912215,0.0,0.0,0.0,0.29431912215
2024-01-04T17:00,3600,0.0,0.14637865335999997,0.0,0.0,0.0,0.14637865335999997
2024-01-04T18:00,3600,0.0,0.01478123439,0.0,0.0,0.0,0.01478123439
2024-01-04T19:00,3600,0.0,0.0,0.0,0.0,0.0,0.0
2024-01-04T20:00,3600,0.0,0.0,0.0,0.0,0.0,0.0
2024-01-04T21:00,3600,0.0,0.0,0.0,0.0,0.0,0.0
2024-01-04T22:00,3600,0.0,0.0,0.0,0.0,0.0,0.0
2024-01-04T23:00,3600,0.0,0.0,0.0,0.0,0.0,0.0
2024-01-05T00:00,3600,0.0,0.0,0.0,0.0,0.0,0.0
2024-01-05T01:00,3600,0.0,0.0,0.0,0.0,0.0,0.0
2024-01-05T02:00,3600,0.0,0.0,0.0,0.0,0.0,0.0
2024-01-05T03:00,3600,0.0,0.0,0.0,0.0,0.0,0.0
2024-01-05T04:00,3600,0.0,0.0,0.0,0.0,0.0,0.0
2024-01-05T05:00,3600,0.0,0.0,0.0,0.0,0.0,0.0
2024-01-05T06:00,3600,0.0,0.0,0.0,0.0,0.0,0.0
2024-01-05T07:00,3600,0.0,0.0,0.0,0.0,0.0,0.0
2024-01-05T08:00,3600,0.0,0.03740677521,0.0,0.0,0.0,0.03740677521
2024-01-05T09:00,3600,0.0,0.1835291805,0.0,0.0,0.0,0.1835291805
2024-01-05T10:00,3600,0.0,0.37727559313,0.0,0.0,0.0,0.37727559313
2024-01-05T11:00,3600,0.0,0.45718219888,0.0,0.0,0.0,0.45718219888
2024-01-05T12:00,3600,0.0,0.49668927418000003,0.0,0.0,0.0,0.49668927418000003
2024-01-05T13:00,3600,0.0,0.48471421081,0.0,0.0,0.0,0.48471421081
2024-01-05T14:00,3600,0.0,0.52361194528,0.0,0.0,0.0,0.52361194528
2024-01-05T15:00,3600,0.0,0.4316905765,0.0,0.0,0.0,0.4316905765
2024-01-05T16:00,3600,0.0,0.2525858128,0.0,0.0,0.0,0.2525858128
2024-01-05T17:00,3600,0.0,0.13461308944999997,0.0,0.0,0.0,0.13461308944999997
2024-01-05T18:00,3600,0.0,0.01474765564,0.0,0.0,0.0,0.01474765564
2024-01-05T19:00,3600,0.0,0.0,0.0,0.0,0.0,0.0
2024-01-05T20:00,3600,0.0,0.0,0.0,0.0,0.0,0.0
2024-01-05T21:00,3600,0.0,0.0,0.0,0.0,0.0,0.0
2024-01-05T22:00,3600,0.0,0.0,0.0,0.0,0.0,0.0
2024-01-05T23:00,3600,0.0,0.0,0.0,0.0,0.0,0.0
2024-01-06T00:00,3600,0.0,0.0,0.0,0.0,0.0,0.0
2024-01-06T01:00,3600,0.0,0.0,0.0,0.0,0.0,0.0
2024-01-06T02:00,3600,0.0,0.0,0.0,0.0,0.0,0.0
2024-01-06T03:00,3600,0.0,0.0,0.0,0.0,0.0,0.0
2024-01-06T04:00,3600,0.0,0.0,0.0,0.0,0.0,0.0
2024-01-06T05:00,3600,0.0,0.0,0.0,0.0,0.0,0.0
2024-01-06T06:00,3600,0.0,0.0,0.0,0.0,0.0,0.0
2024-01-06T07:00,3600,0.0,0.0,0.0,0.0,0.0,0.0
2024-01-06T08:00,3600,0.0,0.06356255413,0.0,0.0,0.0,0.06356255413
2024-01-06T09:00,3600,0.0,0.23441575626,0.0,0.0,0.0,0.23441575626
2024-01-06T10:00,3600,0.0,0.43354300296000003,0.0,0.0,0.0,0.43354300296000003
2024-01-06T11:00,3600,0.0,0.54405697422,0.0,0.0,0.0,0.54405697422
2024-01-06T12:00,3600,0.0,0.60613455925,0.0,0.0,0.0,0.60613455925
2024-01-06T13:00,3600,0.0,0.6046949128700001,0.0,0.0,0.0,0.6046949128700001
2024-01-06T14:00,3600,0.0,0.51443802166,0.0,0.0,0.0,0.51443802166
2024-01-06T15:00,3600,0.0,0.22049704324,0.0,0.0,0.0,0.22049704324
2024-01-06T16:00,3600,0.0,0.19524952406,0.0,0.0,0.0,0.19524952406
2024-01-06T17:00,3600,0.0,0.09451568736999999,0.0,0.0,0.0,0.09451568736999999
2024-01-06T18:00,3600,0.0,0.00951149177,0.0,0.0,0.0,0.00951149177
2024-01-06T19:00,3600,0.0,0.0,0.0,0.0,0.0,0.0
2024-01-06T20:00,3600,0.0,0.0,0.0,0.0,0.0,0.0
2024-01-06T21:00,3600,0.0,0.0,0.0,0.0,0.0,0.0
2024-01-06T22:00,3600,0.0,0.0,0.0,0.0,0.0,0.0
2024-01-06T23:00,3600,0.0,0.0,0.0,0.0,0.0,0.0
2024-01-07T00:00,3600,0.0,0.0,0.0,0.0,0.0,0.0
2024-01-07T01:00,3600,0.0,0.0,0.0,0.0,0.0,0.0
2024-01-07T02:00,3600,0.0,0.0,0.0,0.0,0.0,0.0
2024-01-07T03:00,3600,0.0,0.0,0.0,0.0,0.0,0.0
2024-01-07T04:00,3600,0.0,0.0,0.0,0.0,0.0,0.0
2024-01-07T05:00,3600,0.0,0.0,0.0,0.0,0.0,0.0
2024-01-07T06:00,3600,0.0,0.0,0.0,0.0,0.0,0.0
2024-01-07T07:00,3600,0.0,0.0,0.0,0.0,0.0,0.0
2024-01-07T08:00,3600,0.0,0.05609984339,0.0,0.0,0.0,0.05609984339
2024-01-07T09:00,3600,0.0,0.27374142133999996,0.0,0.0,0.0,0.27374142133999996
2024-01-07T10:00,3600,0.0,0.45796211472000004,0.0,0.0,0.0,0.45796211472000004
2024-01-07T11:00,3600,0.0,0.54492827829,0.0,0.0,0.0,0.54492827829
2024-01-07T12:00,3600,0.0,0.61655231784,0.0,0.0,0.0,0.61655231784
2024-01-07T13:00,3600,0.0,0.61210244629,0.0,0.0,0.0,0.61210244629
2024-01-07T14:00,3600,0.0,0.5413401273299999,0.0,0.0,0.0,0.5413401273299999
2024-01-07T15:00,3600,0.0,0.42430463404,0.0,0.0,0.0,0.42430463404
2024-01-07T16:00,3600,0.0,0.12822187567,0.0,0.0,0.0,0.12822187567
2024-01-07T17:00,3600,0.0,0.06478658832999999,0.0,0.0,0.0,0.06478658832999999
2024-01-07T18:00,3600,0.0,0.009631990560000001,0.0,0.0,0.0,0.009631990560000001
2024-01-07T19:00,3600,0.0,0.0,0.0,0.0,0.0,0.0
2024-01-07T20:00,3600,0.0,0.0,0.0,0.0,0.0,0.0
2024-01-07T21:00,3600,0.0,0.0,0.0,0.0,0.0,0.0
2024-01-07T22:00,3600,0.0,0.0,0.0,0.0,0.0,0.0
2024-01-07T23:00,3600,0.0,0.0,0.0,0.0,0.0,0.0
2024-01-08T00:00,3600,0.0,0.0,0.0,0.0,0.0,0.0
2024-01-08T01:00,3600,0.0,0.0,0.0,0.0,0.0,0.0
2024-01-08T02:00,3600,0.0,0.0,0.0,0.0,0.0,0.0
2024-01-08T03:00,3600,0.0,0.0,0.0,0.0,0.0,0.0
2024-01-08T04:00,3600,0.0,0.0,0.0,0.0,0.0,0.0
2024-01-08T05:00,3600,0.0,0.0,0.0,0.0,0.0,0.0
2024-01-08T06:00,3600,0.0,0.0,0.0,0.0,0.0,0.0
2024-01-08T07:00,3600,0.0,0.0,0.0,0.0,0.0,0.0
2024-01-08T08:00,3600,0.0,0.06515072001000001,0.0,0.0,0.0,0.06515072001000001
2024-01-08T09:00,3600,0.0,0.29606053035,0.0,0.0,0.0,0.29606053035
2024-01-08T10:00,3600,0.0,0.46807720628,0.0,0.0,0.0,0.46807720628
2024-01-08T11:00,3600,0.0,0.46095618364,0.0,0.0,0.0,0.46095618364
2024-01-08T12:00,3600,0.0,0.6081838606500001,0.0,0.0,0.0,0.6081838606500001
2024-01-08T13:00,3600,0.0,0.53891239617,0.0,0.0,0.0,0.53891239617
2024-01-08T14:00,3600,0.0,0.48023950348,0.0,0.0,0.0,0.48023950348
2024-01-08T15:00,3600,0.0,0.27618794122999996,0.0,0.0,0.0,0.27618794122999996
2024-01-08T16:00,3600,0.0,0.16415625313,0.0,0.0,0.0,0.16415625313
2024-01-08T17:00,3600,0.0,0.0649896862,0.0,0.0,0.0,0.0649896862
2024-01-08T18:00,3600,0.0,0.01043182961,0.0,0.0,0.0,0.01043182961
2024-01-08T19:00,3600,0.0,0.0,0.0,0.0,0.0,0.0
2024-01-08T20:00,3600,0.0,0.0,0.0,0.0,0.0,0.0
2024-01-08T21:00,3600,0.0,0.0,0.0,0.0,0.0,0.0
2024-01-08T22:00,3600,0.0,0.0,0.0,0.0,0.0,0.0
2024-01-08T23:00,3600,0.0,0.0,0.0,0.0,0.0,0.0
2024-01-09T00:00,3600,0.0,0.0,0.0,0.0,0.0,0.0
2024-01-09T01:00,3600,0.0,0.0,0.0,0.0,0.0,0.0
2024-01-09T02:00,3600,0.0,0.0,0.0,0.0,0.0,0.0
2024-01-09T03:00,3600,0.0,0.0,0.0,0.0,0.0,0.0
2024-01-09T04:00,3600,0.0,0.0,0.0,0.0,0.0,0.0
2024-01-09T05:00,3600,0.0,0.0,0.0,0.0,0.0,0.0
2024-01-09T06:00,3600,0.0,0.0,0.0,0.0,0.0,0.0
2024-01-09T07:00,3600,0.0,0.0,0.0,0.0,0.0,0.0
2024-01-09T08:00,3600,0.0,0.033876986440000006,0.0,0.0,0.0,0.033876986440000006
2024-01-09T09:00,3600,0.0,0.16212908672,0.0,0.0,0.0,0.16212908672
2024-01-09T10:00,3600,0.0,0.24039957935999998,0.0,0.0,0.0,0.24039957935999998
2024-01-09T11:00,3600,0.0,0.3188329122,0.0,0.0,0.0,0.3188329122
2024-01-09T12:00,3600,0.0,0.31871217883,0.0,0.0,0.0,0.31871217883
2024-01-09T13:00,3600,0.0,0.21911750716,0.0,0.0,0.0,0.21911750716
2024-01-09T14:00,3600,0.0,0.21918165313,0.0,0.0,0.0,0.21918165313
2024-01-09T15:00,3600,0.0,0.36884579519,0.0,0.0,0.0,0.36884579519
2024-01-09T16:00,3600,0.0,0.23094794038,0.0,0.0,0.0,0.23094794038
2024-01-09T17:00,3600,0.0,0.10162781331,0.0,0.0,0.0,0.10162781331
2024-01-09T18:00,3600,0.0,0.0121719168,0.0,0.0,0.0,0.0121719168
2024-01-09T19:00,3600,0.0,0.0,0.0,0.0,0.0,0.0
2024-01-09T20:00,3600,0.0,0.0,0.0,0.0,0.0,0.0
2024-01-09T21:00,3600,0.0,0.0,0.0,0.0,0.0,0.0
2024-01-09T22:00,3600,0.0,0.0,0.0,0.0,0.0,0.0
2024-01-09T23:00,3600,0.0,0.0,0.0,0.0,0.0,0.0
2024-01-10T00:00,3600,0.0,0.0,0.0,0.0,0.0,0.0
2024-01-10T01:00,3600,0.0,0.0,0.0,0.0,0.0,0.0
2024-01-10T02:00,3600,0.0,0.0,0.0,0.0,0.0,0.0
2024-01-10T03:00,3600,0.0,0.0,0.0,0.0,0.0,0.0
2024-01-10T04:00,3600,0.0,0.0,0.0,0.0,0.0,0.0
2024-01-10T05:00,3600,0.0,0.0,0.0,0.0,0.0,0.0
2024-01-10T06:00,3600,0.0,0.0,0.0,0.0,0.0,0.0
2024-01-10T07:00,3600,0.0,0.0,0.0,0.0,0.0,0.0
2024-01-10T08:00,3600,0.0,0.05481496166,0.0,0.0,0.0,0.05481496166
2024-01-10T09:00,3600,0.0,0.24125281941,0.0,0.0,0.0,0.24125281941
2024-01-10T10:00,3600,0.0,0.42887238996000004,0.0,0.0,0.0,0.42887238996000004
2024-01-10T11:00,3600,0.0,0.5688221823899999,0.0,0.0,0.0,0.5688221823899999
2024-01-10T12:00,3600,0.0,0.6456153464200001,0.0,0.0,0.0,0.6456153464200001
2024-01-10T13:00,3600,0.0,0.6230475532799999,0.0,0.0,0.0,0.6230475532799999
2024-01-10T14:00,3600,0.0,0.57462269294,0.0,0.0,0.0,0.57462269294
2024-01-10T15:00,3600,0.0,0.47030308110999997,0.0,0.0,0.0,0.47030308110999997
2024-01-10T16:00,3600,0.0,0.30393299634000004,0.0,0.0,0.0,0.30393299634000004
2024-01-10T17:00,3600,0.0,0.15478141432,0.0,0.0,0.0,0.15478141432
2024-01-10T18:00,3600,0.0,0.01840025311,0.0,0.0,0.0,0.01840025311
2024-01-10T19:00,3600,0.0,0.0,0.0,0.0,0.0,0.0
2024-01-10T20:00,3600,0.0,0.0,0.0,0.0,0.0,0.0
2024-01-10T21:00,3600,0.0,0.0,0.0,0.0,0.0,0.0
2024-01-10T22:00,3600,0.0,0.0,0.0,0.0,0.0,0.0
2024-01-10T23:00,3600,0.0,0.0,0.0,0.0,0.0,0.0
2024-01-11T00:00,3600,0.0,0.0,0.0,0.0,0.0,0.0
2024-01-11T01:00,3600,0.0,0.0,0.0,0.0,0.0,0.0
2024-01-11T02:00,3600,0.0,0.0,0.0,0.0,0.0,0.0
2024-01-11T03:00,3600,0.0,0.0,0.0,0.0,0.0,0.0
2024-01-11T04:00,3600,0.0,0.0,0.0,0.0,0.0,0.0
2024-01-11T05:00,3600,0.0,0.0,0.0,0.0,0.0,0.0
2024-01-11T06:00,3600,0.0,0.0,0.0,0.0,0.0,0.0
2024-01-11T07:00,3600,0.0,0.0,0.0,0.0,0.0,0.0
2024-01-11T08:00,3600,0.0,0.04449226628,0.0,0.0,0.0,0.04449226628
2024-01-11T09:00,3600,0.0,0.21130403202,0.0,0.0,0.0,0.21130403202
2024-01-11T10:00,3600,0.0,0.2455553412,0.0,0.0,0.0,0.2455553412
2024-01-11T11:00,3600,0.0,0.25089994146,0.0,0.0,0.0,0.25089994146
2024-01-11T12:00,3600,0.0,0.33404490651,0.0,0.0,0.0,0.33404490651
2024-01-11T13:00,3600,0.0,0.32039746615000003,0.0,0.0,0.0,0.32039746615000003
2024-01-11T14:00,3600,0.0,0.45843424664000004,0.0,0.0,0.0,0.45843424664000004
2024-01-11T15:00,3600,0.0,0.31103925055,0.0,0.0,0.0,0.31103925055
2024-01-11T16:00,3600,0.0,0.28738800465000003,0.0,0.0,0.0,0.28738800465000003
2024-01-11T17:00,3600,0.0,0.14833930717000002,0.0,0.0,0.0,0.14833930717000002
2024-01-11T18:00,3600,0.0,0.01669808414,0.0,0.0,0.0,0.01669808414
2024-01-11T19:00,3600,0.0,0.0,0.0,0.0,0.0,0.0
2024-01-11T20:00,3600,0.0,0.0,0.0,0.0,0.0,0.0
2024-01-11T21:00,3600,0.0,0.0,0.0,0.0,0.0,0.0
2024-01-11T22:00,3600,0.0,0.0,0.0,0.0,0.0,0.0
2024-01-11T23:00,3600,0.0,0.0,0.0,0.0,0.0,0.0
2024-01-12T00:00,3600,0.0,0.0,0.0,0.0,0.0,0.0
2024-01-12T01:00,3600,0.0,0.0,0.0,0.0,0.0,0.0
2024-01-12T02:00,3600,0.0,0.0,0.0,0.0,0.0,0.0
2024-01-12T03:00,3600,0.0,0.0,0.0,0.0,0.0,0.0
2024-01-12T04:00,3600,0.0,0.0,0.0,0.0,0.0,0.0
2024-01-12T05:00,3600,0.0,0.0,0.0,0.0,0.0,0.0
2024-01-12T06:00,3600,0.0,0.0,0.0,0.0,0.0,0.0
2024-01-12T07:00,3600,0.0,0.0,0.0,0.0,0.0,0.0
2024-01-12T08:00,3600,0.0,0.02628844439,0.0,0.0,0.0,0.02628844439
2024-01-12T09:00,3600,0.0,0.11755994807,0.0,0.0,0.0,0.11755994807
2024-01-12T10:00,3600,0.0,0.33202174075,0.0,0.0,0.0,0.33202174075
2024-01-12T11:00,3600,0.0,0.38554685741,0.0,0.0,0.0,0.38554685741
2024-01-12T12:00,3600,0.0,0.45563459099,0.0,0.0,0.0,0.45563459099
2024-01-12T13:00,3600,0.0,0.46847447326999997,0.0,0.0,0.0,0.46847447326999997
2024-01-12T14:00,3600,0.0,0.46702019673,0.0,0.0,0.0,0.46702019673
2024-01-12T15:00,3600,0.0,0.19222255078,0.0,0.0,0.0,0.19222255078
2024-01-12T16:00,3600,0.0,0.1027956268,0.0,0.0,0.0,0.1027956268
2024-01-12T17:00,3600,0.0,0.05686057734,0.0,0.0,0.0,0.05686057734
2024-01-12T18:00,3600,0.0,0.008171608,0.0,0.0,0.0,0.008171608
2024-01-12T19:00,3600,0.0,0.0,0.0,0.0,0.0,0.0
2024-01-12T20:00,3600,0.0,0.0,0.0,0.0,0.0,0.0
2024-01-12T21:00,3600,0.0,0.0,0.0,0.0,0.0,0.0
2024-01-12T22:00,3600,0.0,0.0,0.0,0.0,0.0,0.0
2024-01-12T23:00,3600,0.0,0.0,0.0,0.0,0.0,0.0
2024-01-13T00:00,3600,0.0,0.0,0.0,0.0,0.0,0.0
2024-01-13T01:00,3600,0.0,0.0,0.0,0.0,0.0,0.0
2024-01-13T02:00,3600,0.0,0.0,0.0,0.0,0.0,0.0
2024-01-13T03:00,3600,0.0,0.0,0.0,0.0,0.0,0.0
2024-01-13T04:00,3600,0.0,0.0,0.0,0.0,0.0,0.0
2024-01-13T05:00,3600,0.0,0.0,0.0,0.0,0.0,0.0
2024-01-13T06:00,3600,0.0,0.0,0.0,0.0,0.0,0.0
2024-01-13T07:00,3600,0.0,0.0,0.0,0.0,0.0,0.0
2024-01-13T08:00,3600,0.0,0.00074808597,0.0,0.0,0.0,0.00074808597
2024-01-13T09:00,3600,0.0,0.023223786950000002,0.0,0.0,0.0,0.023223786950000002
2024-01-13T10:00,3600,0.0,0.04256261919,0.0,0.0,0.0,0.04256261919
2024-01-13T11:00,3600,0.0,0.050189307339999996,0.0,0.0,0.0,0.050189307339999996
2024-01-13T12:00,3600,0.0,0.08469389166,0.0,0.0,0.0,0.08469389166
2024-01-13T13:00,3600,0.0,0.10533762695000001,0.0,0.0,0.0,0.10533762695000001
2024-01-13T14:00,3600,0.0,0.1668324368,0.0,0.0,0.0,0.1668324368
2024-01-13T15:00,3600,0.0,0.21365205553,0.0,0.0,0.0,0.21365205553
2024-01-13T16:00,3600,0.0,0.16562106527,0.0,0.0,0.0,0.16562106527
2024-01-13T17:00,3600,0.0,0.0865217523,0.0,0.0,0.0,0.0865217523
2024-01-13T18:00,3600,0.0,0.01335853178,0.0,0.0,0.0,0.01335853178
2024-01-13T19:00,3600,0.0,0.0,0.0,0.0,0.0,0.0
2024-01-13T20:00,3600,0.0,0.0,0.0,0.0,0.0,0.0
2024-01-13T21:00,3600,0.0,0.0,0.0,0.0,0.0,0.0
2024-01-13T22:00,3600,0.0,0.0,0.0,0.0,0.0,0.0
2024-01-13T23:00,3600,0.0,0.0,0.0,0.0,0.0,0.0
2024-01-14T00:00,3600,0.0,0.0,0.0,0.0,0.0,0.0
2024-01-14T01:00,3600,0.0,0.0,0.0,0.0,0.0,0.0
2024-01-14T02:00,3600,0.0,0.0,0.0,0.0,0.0,0.0
2024-01-14T03:00,3600,0.0,0.0,0.0,0.0,0.0,0.0
2024-01-14T04:00,3600,0.0,0.0,0.0,0.0,0.0,0.0
2024-01-14T05:00,3600,0.0,0.0,0.0,0.0,0.0,0.0
2024-01-14T06:00,3600,0.0,0.0,0.0,0.0,0.0,0.0
2024-01-14T07:00,3600,0.0,0.0,0.0,0.0,0.0,0.0
2024-01-14T08:00,3600,0.0,0.03403157284,0.0,0.0,0.0,0.03403157284
2024-01-14T09:00,3600,0.0,0.20662082502,0.0,0.0,0.0,0.20662082502
2024-01-14T10:00,3600,0.0,0.41941278612999994,0.0,0.0,0.0,0.41941278612999994
2024-01-14T11:00,3600,0.0,0.55628906325,0.0,0.0,0.0,0.55628906325
2024-01-14T12:00,3600,0.0,0.64864699945,0.0,0.0,0.0,0.64864699945
2024-01-14T13:00,3600,0.0,0.62317667837,0.0,0.0,0.0,0.62317667837
2024-01-14T14:00,3600,0.0,0.5357232909299999,0.0,0.0,0.0,0.5357232909299999
2024-01-14T15:00,3600,0.0,0.46978800168,0.0,0.0,0.0,0.46978800168
2024-01-14T16:00,3600,0.0,0.33916026243,0.0,0.0,0.0,0.33916026243
2024-01-14T17:00,3600,0.0,0.17387915799,0.0,0.0,0.0,0.17387915799
2024-01-14T18:00,3600,0.0,0.02290194995,0.0,0.0,0.0,0.02290194995
2024-01-14T19:00,3600,0.0,0.0,0.0,0.0,0.0,0.0
2024-01-14T20:00,3600,0.0,0.0,0.0,0.0,0.0,0.0
2024-01-14T21:00,3600,0.0,0.0,0.0,0.0,0.0,0.0
2024-01-14T22:00,3600,0.0,0.0,0.0,0.0,0.0,0.0
2024-01-14T23:00,3600,0.0,0.0,0.0,0.0,0.0,0.0
2024-01-15T00:00,3600,0.0,0.0,0.0,0.0,0.0,0.0
2024-01-15T01:00,3600,0.0,0.0,0.0,0.0,0.0,0.0
2024-01-15T02:00,3600,0.0,0.0,0.0,0.0,0.0,0.0
2024-01-15T03:00,3600,0.0,0.0,0.0,0.0,0.0,0.0
2024-01-15T04:00,3600,0.0,0.0,0.0,0.0,0.0,0.0
2024-01-15T05:00,3600,0.0,0.0,0.0,0.0,0.0,0.0
2024-01-15T06:00,3600,0.0,0.0,0.0,0.0,0.0,0.0
2024-01-15T07:00,3600,0.0,0.0,0.0,0.0,0.0,0.0
2024-01-15T08:00,3600,0.0,0.06313035534,0.0,0.0,0.0,0.06313035534
2024-01-15T09:00,3600,0.0,0.27080327408,0.0,0.0,0.0,0.27080327408
2024-01-15T10:00,3600,0.0,0.46111188967,0.0,0.0,0.0,0.46111188967
2024-01-15T11:00,3600,0.0,0.59035249937,0.0,0.0,0.0,0.59035249937
2024-01-15T12:00,3600,0.0,0.66370440502,0.0,0.0,0.0,0.66370440502
2024-01-15T13:00,3600,0.0,0.65499378569,0.0,0.0,0.0,0.65499378569
2024-01-15T14:00,3600,0.0,0.59612842159,0.0,0.0,0.0,0.59612842159
2024-01-15T15:00,3600,0.0,0.4655860082,0.0,0.0,0.0,0.4655860082
2024-01-15T16:00,3600,0.0,0.32570770416,0.0,0.0,0.0,0.32570770416
2024-01-15T17:00,3600,0.0,0.17099349063,0.0,0.0,0.0,0.17099349063
2024-01-15T18:00,3600,0.0,0.022071803350000002,0.0,0.0,0.0,0.022071803350000002
2024-01-15T19:00,3600,0.0,0.0,0.0,0.0,0.0,0.0
2024-01-15T20:00,3600,0.0,0.0,0.0,0.0,0.0,0.0
2024-01-15T21:00,3600,0.0,0.0,0.0,0.0,0.0,0.0
2024-01-15T22:00,3600,0.0,0.0,0.0,0.0,0.0,0.0
2024-01-15T23:00,3600,0.0,0.0,0.0,0.0,0.0,0.0
2024-01-16T00:00,3600,0.0,0.0,0.0,0.0,0.0,0.0
2024-01-16T01:00,3600,0.0,0.0,0.0,0.0,0.0,0.0
2024-01-16T02:00,3600,0.0,0.0,0.0,0.0,0.0,0.0
2024-01-16T03:00,3600,0.0,0.0,0.0,0.0,0.0,0.0
2024-01-16T04:00,3600,0.0,0.0,0.0,0.0,0.0,0.0
2024-01-16T05:00,3600,0.0,0.0,0.0,0.0,0.0,0.0
2024-01-16T06:00,3600,0.0,0.0,0.0,0.0,0.0,0.0
2024-01-16T07:00,3600,0.0,0.0,0.0,0.0,0.0,0.0
2024-01-16T08:00,3600,0.0,0.06602302697,0.0,0.0,0.0,0.06602302697
2024-01-16T09:00,3600,0.0,0.28754443127,0.0,0.0,0.0,0.28754443127
2024-01-16T10:00,3600,0.0,0.46253088176,0.0,0.0,0.0,0.46253088176
2024-01-16T11:00,3600,0.0,0.59475651736,0.0,0.0,0.0,0.59475651736
2024-01-16T12:00,3600,0.0,0.67153117099,0.0,0.0,0.0,0.67153117099
2024-01-16T13:00,3600,0.0,0.6626664009600001,0.0,0.0,0.0,0.6626664009600001
2024-01-16T14:00,3600,0.0,0.6089900567600001,0.0,0.0,0.0,0.6089900567600001
2024-01-16T15:00,3600,0.0,0.49128722953,0.0,0.0,0.0,0.49128722953
2024-01-16T16:00,3600,0.0,0.35433930471999997,0.0,0.0,0.0,0.35433930471999997
2024-01-16T17:00,3600,0.0,0.17712039108,0.0,0.0,0.0,0.17712039108
2024-01-16T18:00,3600,0.0,0.025683655009999997,0.0,0.0,0.0,0.025683655009999997
2024-01-16T19:00,3600,0.0,0.0,0.0,0.0,0.0,0.0
2024-01-16T20:00,3600,0.0,0.0,0.0,0.0,0.0,0.0
2024-01-16T21:00,3600,0.0,0.0,0.0,0.0,0.0,0.0
2024-01-16T22:00,3600,0.0,0.0,0.0,0.0,0.0,0.0
2024-01-16T23:00,3600,0.0,0.0,0.0,0.0,0.0,0.0
2024-01-17T00:00,3600,0.0,0.0,0.0,0.0,0.0,0.0
2024-01-17T01:00,3600,0.0,0.0,0.0,0.0,0.0,0.0
2024-01-17T02:00,3600,0.0,0.0,0.0,0.0,0.0,0.0
2024-01-17T03:00,3600,0.0,0.0,0.0,0.0,0.0,0.0
2024-01-17T04:00,3600,0.0,0.0,0.0,0.0,0.0,0.0
2024-01-17T05:00,3600,0.0,0.0,0.0,0.0,0.0,0.0
2024-01-17T06:00,3600,0.0,0.0,0.0,0.0,0.0,0.0
2024-01-17T07:00,3600,0.0,0.0,0.0,0.0,0.0,0.0
2024-01-17T08:00,3600,0.0,0.065951408,0.0,0.0,0.0,0.065951408
2024-01-17T09:00,3600,0.0,0.28557371883,0.0,0.0,0.0,0.28557371883
2024-01-17T10:00,3600,0.0,0.46379773398999996,0.0,0.0,0.0,0.46379773398999996
2024-01-17T11:00,3600,0.0,0.58644727233,0.0,0.0,0.0,0.58644727233
2024-01-17T12:00,3600,0.0,0.6477381653700001,0.0,0.0,0.0,0.6477381653700001
2024-01-17T13:00,3600,0.0,0.64061570187,0.0,0.0,0.0,0.64061570187
2024-01-17T14:00,3600,0.0,0.566521218,0.0,0.0,0.0,0.566521218
2024-01-17T15:00,3600,0.0,0.12329613534,0.0,0.0,0.0,0.12329613534
2024-01-17T16:00,3600,0.0,0.07783158670999998,0.0,0.0,0.0,0.07783158670999998
2024-01-17T17:00,3600,0.0,0.01764472508,0.0,0.0,0.0,0.01764472508
2024-01-17T18:00,3600,0.0,0.00395137157,0.0,0.0,0.0,0.00395137157
2024-01-17T19:00,3600,0.0,0.0,0.0,0.0,0.0,0.0
2024-01-17T20:00,3600,0.0,0.0,0.0,0.0,0.0,0.0
2024-01-17T21:00,3600,0.0,0.0,0.0,0.0,0.0,0.0
2024-01-17T22:00,3600,0.0,0.0,0.0,0.0,0.0,0.0
2024-01-17T23:00,3600,0.0,0.0,0.0,0.0,0.0,0.0
2024-01-18T00:00,3600,0.0,0.0,0.0,0.0,0.0,0.0
2024-01-18T01:00,3600,0.0,0.0,0.0,0.0,0.0,0.0
2024-01-18T02:00,3600,0.0,0.0,0.0,0.0,0.0,0.0
2024-01-18T03:00,3600,0.0,0.0,0.0,0.0,0.0,0.0
2024-01-18T04:00,3600,0.0,0.0,0.0,0.0,0.0,0.0
2024-01-18T05:00,3600,0.0,0.0,0.0,0.0,0.0,0.0
2024-01-18T06:00,3600,0.0,0.0,0.0,0.0,0.0,0.0
2024-01-18T07:00,3600,0.0,0.0,0.0,0.0,0.0,0.0
2024-01-18T08:00,3600,0.0,0.04564094701,0.0,0.0,0.0,0.04564094701
2024-01-18T09:00,3600,0.0,0.22733649395000002,0.0,0.0,0.0,0.22733649395000002
2024-01-18T10:00,3600,0.0,0.34913578591,0.0,0.0,0.0,0.34913578591
2024-01-18T11:00,3600,0.0,0.47591884772,0.0,0.0,0.0,0.47591884772
2024-01-18T12:00,3600,0.0,0.45415088464000003,0.0,0.0,0.0,0.45415088464000003
2024-01-18T13:00,3600,0.0,0.34371765008,0.0,0.0,0.0,0.34371765008
2024-01-18T14:00,3600,0.0,0.35965931582000005,0.0,0.0,0.0,0.35965931582000005
2024-01-18T15:00,3600,0.0,0.29740354045,0.0,0.0,0.0,0.29740354045
2024-01-18T16:00,3600,0.0,0.21848859135999998,0.0,0.0,0.0,0.21848859135999998
2024-01-18T17:00,3600,0.0,0.10660085447999999,0.0,0.0,0.0,0.10660085447999999
2024-01-18T18:00,3600,0.0,0.021844128549999998,0.0,0.0,0.0,0.021844128549999998
2024-01-18T19:00,3600,0.0,0.0,0.0,0.0,0.0,0.0
2024-01-18T20:00,3600,0.0,0.0,0.0,0.0,0.0,0.0
2024-01-18T21:00,3600,0.0,0.0,0.0,0.0,0.0,0.0
2024-01-18T22:00,3600,0.0,0.0,0.0,0.0,0.0,0.0
2024-01-18T23:00,3600,0.0,0.0,0.0,0.0,0.0,0.0
2024-01-19T00:00,3600,0.0,0.0,0.0,0.0,0.0,0.0
2024-01-19T01:00,3600,0.0,0.0,0.0,0.0,0.0,0.0
2024-01-19T02:00,3600,0.0,0.0,0.0,0.0,0.0,0.0
2024-01-19T03:00,3600,0.0,0.0,0.0,0.0,0.0,0.0
2024-01-19T04:00,3600,0.0,0.0,0.0,0.0,0.0,0.0
2024-01-19T05:00,3600,0.0,0.0,0.0,0.0,0.0,0.0
2024-01-19T06:00,3600,0.0,0.0,0.0,0.0,0.0,0.0
2024-01-19T07:00,3600,0.0,0.0,0.0,0.0,0.0,0.0
2024-01-19T08:00,3600,0.0,0.05349142102,0.0,0.0,0.0,0.05349142102
2024-01-19T09:00,3600,0.0,0.23585770044,0.0,0.0,0.0,0.23585770044
2024-01-19T10:00,3600,0.0,0.40209265289,0.0,0.0,0.0,0.40209265289
2024-01-19T11:00,3600,0.0,0.55723582379,0.0,0.0,0.0,0.55723582379
2024-01-19T12:00,3600,0.0,0.64648012679,0.0,0.0,0.0,0.64648012679
2024-01-19T13:00,3600,0.0,0.59647630385,0.0,0.0,0.0,0.59647630385
2024-01-19T14:00,3600,0.0,0.57045204022,0.0,0.0,0.0,0.57045204022
2024-01-19T15:00,3600,0.0,0.44826393636,0.0,0.0,0.0,0.44826393636
2024-01-19T16:00,3600,0.0,0.23860309785999997,0.0,0.0,0.0,0.23860309785999997
2024-01-19T17:00,3600,0.0,0.12392875248,0.0,0.0,0.0,0.12392875248
2024-01-19T18:00,3600,0.0,0.023836505299999998,0.0,0.0,0.0,0.023836505299999998
2024-01-19T19:00,3600,0.0,0.0,0.0,0.0,0.0,0.0
2024-01-19T20:00,3600,0.0,0.0,0.0,0.0,0.0,0.0
2024-01-19T21:00,3600,0.0,0.0,0.0,0.0,0.0,0.0
2024-01-19T22:00,3600,0.0,0.0,0.0,0.0,0.0,0.0
2024-01-19T23:00,3600,0.0,0.0,0.0,0.0,0.0,0.0
2024-01-20T00:00,3600,0.0,0.0,0.0,0.0,0.0,0.0
2024-01-20T01:00,3600,0.0,0.0,0.0,0.0,0.0,0.0
2024-01-20T02:00,3600,0.0,0.0,0.0,0.0,0.0,0.0
2024-01-20T03:00,3600,0.0,0.0,0.0,0.0,0.0,0.0
2024-01-20T04:00,3600,0.0,0.0,0.0,0.0,0.0,0.0
2024-01-20T05:00,3600,0.0,0.0,0.0,0.0,0.0,0.0
2024-01-20T06:00,3600,0.0,0.0,0.0,0.0,0.0,0.0
2024-01-20T07:00,3600,0.0,0.0,0.0,0.0,0.0,0.0
2024-01-20T08:00,3600,0.0,0.01465535638,0.0,0.0,0.0,0.01465535638
2024-01-20T09:00,3600,0.0,0.07803702199,0.0,0.0,0.0,0.07803702199
2024-01-20T10:00,3600,0.0,0.14691979829,0.0,0.0,0.0,0.14691979829
2024-01-20T11:00,3600,0.0,0.24638734657,0.0,0.0,0.0,0.24638734657
2024-01-20T12:00,3600,0.0,0.31554063875000005,0.0,0.0,0.0,0.31554063875000005
2024-01-20T13:00,3600,0.0,0.33648153354,0.0,0.0,0.0,0.33648153354
2024-01-20T14:00,3600,0.0,0.33133963594,0.0,0.0,0.0,0.33133963594
2024-01-20T15:00,3600,0.0,0.15822147446,0.0,0.0,0.0,0.15822147446
2024-01-20T16:00,3600,0.0,0.14223721993000002,0.0,0.0,0.0,0.14223721993000002
2024-01-20T17:00,3600,0.0,0.09707469803999999,0.0,0.0,0.0,0.09707469803999999
2024-01-20T18:00,3600,0.0,0.021936353530000004,0.0,0.0,0.0,0.021936353530000004
2024-01-20T19:00,3600,0.0,0.0,0.0,0.0,0.0,0.0
2024-01-20T20:00,3600,0.0,0.0,0.0,0.0,0.0,0.0
2024-01-20T21:00,3600,0.0,0.0,0.0,0.0,0.0,0.0
2024-01-20T22:00,3600,0.0,0.0,0.0,0.0,0.0,0.0
2024-01-20T23:00,3600,0.0,0.0,0.0,0.0,0.0,0.0
2024-01-21T00:00,3600,0.0,0.0,0.0,0.0,0.0,0.0
2024-01-21T01:00,3600,0.0,0.0,0.0,0.0,0.0,0.0
2024-01-21T02:00,3600,0.0,0.0,0.0,0.0,0.0,0.0
2024-01-21T03:00,3600,0.0,0.0,0.0,0.0,0.0,0.0
2024-01-21T04:00,3600,0.0,0.0,0.0,0.0,0.0,0.0
2024-01-21T05:00,3600,0.0,0.0,0.0,0.0,0.0,0.0
2024-01-21T06:00,3600,0.0,0.0,0.0,0.0,0.0,0.0
2024-01-21T07:00,3600,0.0,0.0,0.0,0.0,0.0,0.0
2024-01-21T08:00,3600,0.0,0.05844755305,0.0,0.0,0.0,0.05844755305
2024-01-21T09:00,3600,0.0,0.21609373056,0.0,0.0,0.0,0.21609373056
2024-01-21T10:00,3600,0.0,0.43688894199,0.0,0.0,0.0,0.43688894199
2024-01-21T11:00,3600,0.0,0.56480379079,0.0,0.0,0.0,0.56480379079
2024-01-21T12:00,3600,0.0,0.6533139961500001,0.0,0.0,0.0,0.6533139961500001
2024-01-21T13:00,3600,0.0,0.5995569168299999,0.0,0.0,0.0,0.5995569168299999
2024-01-21T14:00,3600,0.0,0.54117837106,0.0,0.0,0.0,0.54117837106
2024-01-21T15:00,3600,0.0,0.46803387984,0.0,0.0,0.0,0.46803387984
2024-01-21T16:00,3600,0.0,0.26512756438,0.0,0.0,0.0,0.26512756438
2024-01-21T17:00,3600,0.0,0.17111465965999997,0.0,0.0,0.0,0.17111465965999997
2024-01-21T18:00,3600,0.0,0.026587002309999996,0.0,0.0,0.0,0.026587002309999996
2024-01-21T19:00,3600,0.0,0.0,0.0,0.0,0.0,0.0
2024-01-21T20:00,3600,0.0,0.0,0.0,0.0,0.0,0.0
2024-01-21T21:00,3600,0.0,0.0,0.0,0.0,0.0,0.0
2024-01-21T22:00,3600,0.0,0.0,0.0,0.0,0.0,0.0
2024-01-21T23:00,3600,0.0,0.0,0.0,0.0,0.0,0.0
2024-01-22T00:00,3600,0.0,0.0,0.0,0.0,0.0,0.0
2024-01-22T01:00,3600,0.0,0.0,0.0,0.0,0.0,0.0
2024-01-22T02:00,3600,0.0,0.0,0.0,0.0,0.0,0.0
2024-01-22T03:00,3600,0.0,0.0,0.0,0.0,0.0,0.0
2024-01-22T04:00,3600,0.0,0.0,0.0,0.0,0.0,0.0
2024-01-22T05:00,3600,0.0,0.0,0.0,0.0,0.0,0.0
2024-01-22T06:00,3600,0.0,0.0,0.0,0.0,0.0,0.0
2024-01-22T07:00,3600,0.0,0.0,0.0,0.0,0.0,0.0
2024-01-22T08:00,3600,0.0,0.0036176338299999996,0.0,0.0,0.0,0.0036176338299999996
2024-01-22T09:00,3600,0.0,0.04125117165,0.0,0.0,0.0,0.04125117165
2024-01-22T10:00,3600,0.0,0.054123932250000006,0.0,0.0,0.0,0.054123932250000006
2024-01-22T11:00,3600,0.0,0.06011787416,0.0,0.0,0.0,0.06011787416
2024-01-22T12:00,3600,0.0,0.10812085493,0.0,0.0,0.0,0.10812085493
2024-01-22T13:00,3600,0.0,0.10298445156,0.0,0.0,0.0,0.10298445156
2024-01-22T14:00,3600,0.0,0.10241495156000001,0.0,0.0,0.0,0.10241495156000001
2024-01-22T15:00,3600,0.0,0.07807352120000001,0.0,0.0,0.0,0.07807352120000001
2024-01-22T16:00,3600,0.0,0.04101934065,0.0,0.0,0.0,0.04101934065
2024-01-22T17:00,3600,0.0,0.04080069909,0.0,0.0,0.0,0.04080069909
2024-01-22T18:00,3600,0.0,0.00605494517,0.0,0.0,0.0,0.00605494517
2024-01-22T19:00,3600,0.0,0.0,0.0,0.0,0.0,0.0
2024-01-22T20:00,3600,0.0,0.0,0.0,0.0,0.0,0.0
2024-01-22T21:00,3600,0.0,0.0,0.0,0.0,0.0,0.0
2024-01-22T22:00,3600,0.0,0.0,0.0,0.0,0.0,0.0
2024-01-22T23:00,3600,0.0,0.0,0.0,0.0,0.0,0.0
2024-01-23T00:00,3600,0.0,0.0,0.0,0.0,0.0,0.0
2024-01-23T01:00,3600,0.0,0.0,0.0,0.0,0.0,0.0
2024-01-23T02:00,3600,0.0,0.0,0.0,0.0,0.0,0.0
2024-01-23T03:00,3600,0.0,0.0,0.0,0.0,0.0,0.0
2024-01-23T04:00,3600,0.0,0.0,0.0,0.0,0.0,0.0
2024-01-23T05:00,3600,0.0,0.0,0.0,0.0,0.0,0.0
2024-01-23T06:00,3600,0.0,0.0,0.0,0.0,0.0,0.0
2024-01-23T07:00,3600,0.0,0.0,0.0,0.0,0.0,0.0
2024-01-23T08:00,3600,0.0,0.0054824657099999995,0.0,0.0,0.0,0.0054824657099999995
2024-01-23T09:00,3600,0.0,0.1288974604,0.0,0.0,0.0,0.1288974604
2024-01-23T10:00,3600,0.0,0.18987654280000002,0.0,0.0,0.0,0.18987654280000002
2024-01-23T11:00,3600,0.0,0.26183957063,0.0,0.0,0.0,0.26183957063
2024-01-23T12:00,3600,0.0,0.33270167855,0.0,0.0,0.0,0.33270167855
2024-01-23T13:00,3600,0.0,0.42280628761,0.0,0.0,0.0,0.42280628761
2024-01-23T14:00,3600,0.0,0.33389314789999996,0.0,0.0,0.0,0.33389314789999996
2024-01-23T15:00,3600,0.0,0.16486334489,0.0,0.0,0.0,0.16486334489
2024-01-23T16:00,3600,0.0,0.13679281404000002,0.0,0.0,0.0,0.13679281404000002
2024-01-23T17:00,3600,0.0,0.10316208192000001,0.0,0.0,0.0,0.10316208192000001
2024-01-23T18:00,3600,0.0,0.015618709020000001,0.0,0.0,0.0,0.015618709020000001
2024-01-23T19:00,3600,0.0,0.0,0.0,0.0,0.0,0.0
2024-01-23T20:00,3600,0.0,0.0,0.0,0.0,0.0,0.0
2024-01-23T21:00,3600,0.0,0.0,0.0,0.0,0.0,0.0
2024-01-23T22:00,3600,0.0,0.0,0.0,0.0,0.0,0.0
2024-01-23T23:00,3600,0.0,0.0,0.0,0.0,0.0,0.0
2024-01-24T00:00,3600,0.0,0.0,0.0,0.0,0.0,0.0
2024-01-24T01:00,3600,0.0,0.0,0.0,0.0,0.0,0.0
2024-01-24T02:00,3600,0.0,0.0,0.0,0.0,0.0,0.0
2024-01-24T03:00,3600,0.0,0.0,0.0,0.0,0.0,0.0
2024-01-24T04:00,3600,0.0,0.0,0.0,0.0,0.0,0.0
2024-01-24T05:00,3600,0.0,0.0,0.0,0.0,0.0,0.0
2024-01-24T06:00,3600,0.0,0.0,0.0,0.0,0.0,0.0
2024-01-24T07:00,3600,0.0,0.0,0.0,0.0,0.0,0.0
2024-01-24T08:00,3600,0.0,0.00375402293,0.0,0.0,0.0,0.00375402293
2024-01-24T09:00,3600,0.0,0.013111455619999999,0.0,0.0,0.0,0.013111455619999999
2024-01-24T10:00,3600,0.0,0.03105425987,0.0,0.0,0.0,0.03105425987
2024-01-24T11:00,3600,0.0,0.06440908686999999,0.0,0.0,0.0,0.06440908686999999
2024-01-24T12:00,3600,0.0,0.08394872399999999,0.0,0.0,0.0,0.08394872399999999
2024-01-24T13:00,3600,0.0,0.08564646951,0.0,0.0,0.0,0.08564646951
2024-01-24T14:00,3600,0.0,0.11680033868999999,0.0,0.0,0.0,0.11680033868999999
2024-01-24T15:00,3600,0.0,0.16132469668,0.0,0.0,0.0,0.16132469668
2024-01-24T16:00,3600,0.0,0.08110109726999999,0.0,0.0,0.0,0.08110109726999999
2024-01-24T17:00,3600,0.0,0.07167913739,0.0,0.0,0.0,0.07167913739
2024-01-24T18:00,3600,0.0,0.01908933512,0.0,0.0,0.0,0.01908933512
2024-01-24T19:00,3600,0.0,0.0,0.0,0.0,0.0,0.0
2024-01-24T20:00,3600,0.0,0.0,0.0,0.0,0.0,0.0
2024-01-24T21:00,3600,0.0,0.0,0.0,0.0,0.0,0.0
2024-01-24T22:00,3600,0.0,0.0,0.0,0.0,0.0,0.0
2024-01-24T23:00,3600,0.0,0.0,0.0,0.0,0.0,0.0
2024-01-25T00:00,3600,0.0,0.0,0.0,0.0,0.0,0.0
2024-01-25T01:00,3600,0.0,0.0,0.0,0.0,0.0,0.0
2024-01-25T02:00,3600,0.0,0.0,0.0,0.0,0.0,0.0
2024-01-25T03:00,3600,0.0,0.0,0.0,0.0,0.0,0.0
2024-01-25T04:00,3600,0.0,0.0,0.0,0.0,0.0,0.0
2024-01-25T05:00,3600,0.0,0.0,0.0,0.0,0.0,0.0
2024-01-25T06:00,3600,0.0,0.0,0.0,0.0,0.0,0.0
2024-01-25T07:00,3600,0.0,0.0,0.0,0.0,0.0,0.0
2024-01-25T08:00,3600,0.0,0.006232015979999999,0.0,0.0,0.0,0.006232015979999999
2024-01-25T09:00,3600,0.0,0.03825049576,0.0,0.0,0.0,0.03825049576
2024-01-25T10:00,3600,0.0,0.07882460629,0.0,0.0,0.0,0.07882460629
2024-01-25T11:00,3600,0.0,0.11547766986,0.0,0.0,0.0,0.11547766986
2024-01-25T12:00,3600,0.0,0.16318294750999998,0.0,0.0,0.0,0.16318294750999998
2024-01-25T13:00,3600,0.0,0.20730143051,0.0,0.0,0.0,0.20730143051
2024-01-25T14:00,3600,0.0,0.29012128024,0.0,0.0,0.0,0.29012128024
2024-01-25T15:00,3600,0.0,0.44591919214000003,0.0,0.0,0.0,0.44591919214000003
2024-01-25T16:00,3600,0.0,0.31799198591,0.0,0.0,0.0,0.31799198591
2024-01-25T17:00,3600,0.0,0.18515669173000002,0.0,0.0,0.0,0.18515669173000002
2024-01-25T18:00,3600,0.0,0.03441731579000001,0.0,0.0,0.0,0.03441731579000001
2024-01-25T19:00,3600,0.0,0.0,0.0,0.0,0.0,0.0
2024-01-25T20:00,3600,0.0,0.0,0.0,0.0,0.0,0.0
2024-01-25T21:00,3600,0.0,0.0,0.0,0.0,0.0,0.0
2024-01-25T22:00,3600,0.0,0.0,0.0,0.0,0.0,0.0
2024-01-25T23:00,3600,0.0,0.0,0.0,0.0,0.0,0.0
2024-01-26T00:00,3600,0.0,0.0,0.0,0.0,0.0,0.0
2024-01-26T01:00,3600,0.0,0.0,0.0,0.0,0.0,0.0
2024-01-26T02:00,3600,0.0,0.0,0.0,0.0,0.0,0.0
2024-01-26T03:00,3600,0.0,0.0,0.0,0.0,0.0,0.0
2024-01-26T04:00,3600,0.0,0.0,0.0,0.0,0.0,0.0
2024-01-26T05:00,3600,0.0,0.0,0.0,0.0,0.0,0.0
2024-01-26T06:00,3600,0.0,0.0,0.0,0.0,0.0,0.0
2024-01-26T07:00,3600,0.0,0.0,0.0,0.0,0.0,0.0
2024-01-26T08:00,3600,0.0,0.00426662544,0.0,0.0,0.0,0.00426662544
2024-01-26T09:00,3600,0.0,0.05287121141,0.0,0.0,0.0,0.05287121141
2024-01-26T10:00,3600,0.0,0.14207877093,0.0,0.0,0.0,0.14207877093
2024-01-26T11:00,3600,0.0,0.21288472497999997,0.0,0.0,0.0,0.21288472497999997
2024-01-26T12:00,3600,0.0,0.21239717415,0.0,0.0,0.0,0.21239717415
2024-01-26T13:00,3600,0.0,0.20395446274,0.0,0.0,0.0,0.20395446274
2024-01-26T14:00,3600,0.0,0.16386872297000002,0.0,0.0,0.0,0.16386872297000002
2024-01-26T15:00,3600,0.0,0.10481654132,0.0,0.0,0.0,0.10481654132
2024-01-26T16:00,3600,0.0,0.10099365109999998,0.0,0.0,0.0,0.10099365109999998
2024-01-26T17:00,3600,0.0,0.05586358161,0.0,0.0,0.0,0.05586358161
2024-01-26T18:00,3600,0.0,0.01743334239,0.0,0.0,0.0,0.01743334239
2024-01-26T19:00,3600,0.0,0.0,0.0,0.0,0.0,0.0
2024-01-26T20:00,3600,0.0,0.0,0.0,0.0,0.0,0.0
2024-01-26T21:00,3600,0.0,0.0,0.0,0.0,0.0,0.0
2024-01-26T22:00,3600,0.0,0.0,0.0,0.0,0.0,0.0
2024-01-26T23:00,3600,0.0,0.0,0.0,0.0,0.0,0.0
2024-01-27T00:00,3600,0.0,0.0,0.0,0.0,0.0,0.0
2024-01-27T01:00,3600,0.0,0.0,0.0,0.0,0.0,0.0
2024-01-27T02:00,3600,0.0,0.0,0.0,0.0,0.0,0.0
2024-01-27T03:00,3600,0.0,0.0,0.0,0.0,0.0,0.0
2024-01-27T04:00,3600,0.0,0.0,0.0,0.0,0.0,0.0
2024-01-27T05:00,3600,0.0,0.0,0.0,0.0,0.0,0.0
2024-01-27T06:00,3600,0.0,0.0,0.0,0.0,0.0,0.0
2024-01-27T07:00,3600,0.0,0.0,0.0,0.0,0.0,0.0
2024-01-27T08:00,3600,0.0,0.00086567577,0.0,0.0,0.0,0.00086567577
2024-01-27T09:00,3600,0.0,0.02043959395,0.0,0.0,0.0,0.02043959395
2024-01-27T10:00,3600,0.0,0.042331332390000004,0.0,0.0,0.0,0.042331332390000004
2024-01-27T11:00,3600,0.0,0.057452711239999996,0.0,0.0,0.0,0.057452711239999996
2024-01-27T12:00,3600,0.0,0.07410391241,0.0,0.0,0.0,0.07410391241
2024-01-27T13:00,3600,0.0,0.09184456694000001,0.0,0.0,0.0,0.09184456694000001
2024-01-27T14:00,3600,0.0,0.07528693667999999,0.0,0.0,0.0,0.07528693667999999
2024-01-27T15:00,3600,0.0,0.03300462828,0.0,0.0,0.0,0.03300462828
2024-01-27T16:00,3600,0.0,0.018687420439999998,0.0,0.0,0.0,0.018687420439999998
2024-01-27T17:00,3600,0.0,0.00938823484,0.0,0.0,0.0,0.00938823484
2024-01-27T18:00,3600,0.0,2.142913e-05,0.0,0.0,0.0,2.142913e-05
2024-01-27T19:00,3600,0.0,0.0,0.0,0.0,0.0,0.0
2024-01-27T20:00,3600,0.0,0.0,0.0,0.0,0.0,0.0
2024-01-27T21:00,3600,0.0,0.0,0.0,0.0,0.0,0.0
2024-01-27T22:00,3600,0.0,0.0,0.0,0.0,0.0,0.0
2024-01-27T23:00,3600,0.0,0.0,0.0,0.0,0.0,0.0
2024-01-28T00:00,3600,0.0,0.0,0.0,0.0,0.0,0.0
2024-01-28T01:00,3600,0.0,0.0,0.0,0.0,0.0,0.0
2024-01-28T02:00,3600,0.0,0.0,0.0,0.0,0.0,0.0
2024-01-28T03:00,3600,0.0,0.0,0.0,0.0,0.0,0.0
2024-01-28T04:00,3600,0.0,0.0,0.0,0.0,0.0,0.0
2024-01-28T05:00,3600,0.0,0.0,0.0,0.0,0.0,0.0
2024-01-28T06:00,3600,0.0,0.0,0.0,0.0,0.0,0.0
2024-01-28T07:00,3600,0.0,0.0,0.0,0.0,0.0,0.0
2024-01-28T08:00,3600,0.0,0.0,0.0,0.0,0.0,0.0
2024-01-28T09:00,3600,0.0,0.014919533760000001,0.0,0.0,0.0,0.014919533760000001
2024-01-28T10:00,3600,0.0,0.032358058179999996,0.0,0.0,0.0,0.032358058179999996
2024-01-28T11:00,3600,0.0,0.08352479973,0.0,0.0,0.0,0.08352479973
2024-01-28T12:00,3600,0.0,0.10368370453,0.0,0.0,0.0,0.10368370453
2024-01-28T13:00,3600,0.0,0.11452337626000002,0.0,0.0,0.0,0.11452337626000002
2024-01-28T14:00,3600,0.0,0.15853551595999998,0.0,0.0,0.0,0.15853551595999998
2024-01-28T15:00,3600,0.0,0.17881476016999998,0.0,0.0,0.0,0.17881476016999998
2024-01-28T16:00,3600,0.0,0.15390561553,0.0,0.0,0.0,0.15390561553
2024-01-28T17:00,3600,0.0,0.09288782371,0.0,0.0,0.0,0.09288782371
2024-01-28T18:00,3600,0.0,0.01924207771,0.0,0.0,0.0,0.01924207771
2024-01-28T19:00,3600,0.0,0.0,0.0,0.0,0.0,0.0
2024-01-28T20:00,3600,0.0,0.0,0.0,0.0,0.0,0.0
2024-01-28T21:00,3600,0.0,0.0,0.0,0.0,0.0,0.0
2024-01-28T22:00,3600,0.0,0.0,0.0,0.0,0.0,0.0
2024-01-28T23:00,3600,0.0,0.0,0.0,0.0,0.0,0.0
2024-01-29T00:00,3600,0.0,0.0,0.0,0.0,0.0,0.0
2024-01-29T01:00,3600,0.0,0.0,0.0,0.0,0.0,0.0
2024-01-29T02:00,3600,0.0,0.0,0.0,0.0,0.0,0.0
2024-01-29T03:00,3600,0.0,0.0,0.0,0.0,0.0,0.0
2024-01-29T04:00,3600,0.0,0.0,0.0,0.0,0.0,0.0
2024-01-29T05:00,3600,0.0,0.0,0.0,0.0,0.0,0.0
2024-01-29T06:00,3600,0.0,0.0,0.0,0.0,0.0,0.0
2024-01-29T07:00,3600,0.0,0.0,0.0,0.0,0.0,0.0
2024-01-29T08:00,3600,0.0,0.013668394549999999,0.0,0.0,0.0,0.013668394549999999
2024-01-29T09:00,3600,0.0,0.09904129999,0.0,0.0,0.0,0.09904129999
2024-01-29T10:00,3600,0.0,0.13032508169,0.0,0.0,0.0,0.13032508169
2024-01-29T11:00,3600,0.0,0.20170965254999998,0.0,0.0,0.0,0.20170965254999998
2024-01-29T12:00,3600,0.0,0.19446255037000001,0.0,0.0,0.0,0.19446255037000001
2024-01-29T13:00,3600,0.0,0.16249725876999999,0.0,0.0,0.0,0.16249725876999999
2024-01-29T14:00,3600,0.0,0.11597437077,0.0,0.0,0.0,0.11597437077
2024-01-29T15:00,3600,0.0,0.17022068808000002,0.0,0.0,0.0,0.17022068808000002
2024-01-29T16:00,3600,0.0,0.10873786948,0.0,0.0,0.0,0.10873786948
2024-01-29T17:00,3600,0.0,0.04392056676,0.0,0.0,0.0,0.04392056676
2024-01-29T18:00,3600,0.0,0.01339338614,0.0,0.0,0.0,0.01339338614
2024-01-29T19:00,3600,0.0,0.0,0.0,0.0,0.0,0.0
2024-01-29T20:00,3600,0.0,0.0,0.0,0.0,0.0,0.0
2024-01-29T21:00,3600,0.0,0.0,0.0,0.0,0.0,0.0
2024-01-29T22:00,3600,0.0,0.0,0.0,0.0,0.0,0.0
2024-01-29T23:00,3600,0.0,0.0,0.0,0.0,0.0,0.0
2024-01-30T00:00,3600,0.0,0.0,0.0,0.0,0.0,0.0
2024-01-30T01:00,3600,0.0,0.0,0.0,0.0,0.0,0.0
2024-01-30T02:00,3600,0.0,0.0,0.0,0.0,0.0,0.0
2024-01-30T03:00,3600,0.0,0.0,0.0,0.0,0.0,0.0
2024-01-30T04:00,3600,0.0,0.0,0.0,0.0,0.0,0.0
2024-01-30T05:00,3600,0.0,0.0,0.0,0.0,0.0,0.0
2024-01-30T06:00,3600,0.0,0.0,0.0,0.0,0.0,0.0
2024-01-30T07:00,3600,0.0,0.0,0.0,0.0,0.0,0.0
2024-01-30T08:00,3600,0.0,0.00419974424,0.0,0.0,0.0,0.00419974424
2024-01-30T09:00,3600,0.0,0.044450079389999994,0.0,0.0,0.0,0.044450079389999994
2024-01-30T10:00,3600,0.0,0.06484338161,0.0,0.0,0.0,0.06484338161
2024-01-30T11:00,3600,0.0,0.13510869895,0.0,0.0,0.0,0.13510869895
2024-01-30T12:00,3600,0.0,0.24315590678000001,0.0,0.0,0.0,0.24315590678000001
2024-01-30T13:00,3600,0.0,0.24450076954,0.0,0.0,0.0,0.24450076954
2024-01-30T14:00,3600,0.0,0.3216582361,0.0,0.0,0.0,0.3216582361
2024-01-30T15:00,3600,0.0,0.24265833735000003,0.0,0.0,0.0,0.24265833735000003
2024-01-30T16:00,3600,0.0,0.14226103919,0.0,0.0,0.0,0.14226103919
2024-01-30T17:00,3600,0.0,0.08475270922999999,0.0,0.0,0.0,0.08475270922999999
2024-01-30T18:00,3600,0.0,0.024023820449999997,0.0,0.0,0.0,0.024023820449999997
2024-01-30T19:00,3600,0.0,0.0,0.0,0.0,0.0,0.0
2024-01-30T20:00,3600,0.0,0.0,0.0,0.0,0.0,0.0
2024-01-30T21:00,3600,0.0,0.0,0.0,0.0,0.0,0.0
2024-01-30T22:00,3600,0.0,0.0,0.0,0.0,0.0,0.0
2024-01-30T23:00,3600,0.0,0.0,0.0,0.0,0.0,0.0
2024-01-31T00:00,3600,0.0,0.0,0.0,0.0,0.0,0.0
2024-01-31T01:00,3600,0.0,0.0,0.0,0.0,0.0,0.0
2024-01-31T02:00,3600,0.0,0.0,0.0,0.0,0.0,0.0
2024-01-31T03:00,3600,0.0,0.0,0.0,0.0,0.0,0.0
2024-01-31T04:00,3600,0.0,0.0,0.0,0.0,0.0,0.0
2024-01-31T05:00,3600,0.0,0.0,0.0,0.0,0.0,0.0
2024-01-31T06:00,3600,0.0,0.0,0.0,0.0,0.0,0.0
2024-01-31T07:00,3600,0.0,0.0,0.0,0.0,0.0,0.0
2024-01-31T08:00,3600,0.0,0.00489185987,0.0,0.0,0.0,0.00489185987
2024-01-31T09:00,3600,0.0,0.059616000849999996,0.0,0.0,0.0,0.059616000849999996
2024-01-31T10:00,3600,0.0,0.10388405323000001,0.0,0.0,0.0,0.10388405323000001
2024-01-31T11:00,3600,0.0,0.17099768358,0.0,0.0,0.0,0.17099768358
2024-01-31T12:00,3600,0.0,0.13128871781999998,0.0,0.0,0.0,0.13128871781999998
2024-01-31T13:00,3600,0.0,0.13376435183000002,0.0,0.0,0.0,0.13376435183000002
2024-01-31T14:00,3600,0.0,0.14989382180000002,0.0,0.0,0.0,0.14989382180000002
2024-01-31T15:00,3600,0.0,0.12273452379,0.0,0.0,0.0,0.12273452379
2024-01-31T16:00,3600,0.0,0.08112879054,0.0,0.0,0.0,0.08112879054
2024-01-31T17:00,3600,0.0,0.04039209077000001,0.0,0.0,0.0,0.04039209077000001
2024-01-31T18:00,3600,0.0,0.01294770799,0.0,0.0,0.0,0.01294770799
2024-01-31T19:00,3600,0.0,0.0,0.0,0.0,0.0,0.0
2024-01-31T20:00,3600,0.0,0.0,0.0,0.0,0.0,0.0
2024-01-31T21:00,3600,0.0,0.0,0.0,0.0,0.0,0.0
2024-01-31T22:00,3600,0.0,0.0,0.0,0.0,0.0,0.0
2024-01-31T23:00,3600,0.0,0.0,0.0,0.0,0.0,0.0
2024-02-01T00:00,3600,0.0,0.0,0.0,0.0,0.0,0.0
2024-02-01T01:00,3600,0.0,0.0,0.0,0.0,0.0,0.0
2024-02-01T02:00,3600,0.0,0.0,0.0,0.0,0.0,0.0
2024-02-01T03:00,3600,0.0,0.0,0.0,0.0,0.0,0.0
2024-02-01T04:00,3600,0.0,0.0,0.0,0.0,0.0,0.0
2024-02-01T05:00,3600,0.0,0.0,0.0,0.0,0.0,0.0
2024-02-01T06:00,3600,0.0,0.0,0.0,0.0,0.0,0.0
2024-02-01T07:00,3600,0.0,0.0,0.0,0.0,0.0,0.0
2024-02-01T08:00,3600,0.0,0.0039849291099999995,0.0,0.0,0.0,0.0039849291099999995
2024-02-01T09:00,3600,0.0,0.03267690487,0.0,0.0,0.0,0.03267690487
2024-02-01T10:00,3600,0.0,0.09018828493,0.0,0.0,0.0,0.09018828493
2024-02-01T11:00,3600,0.0,0.13432104942,0.0,0.0,0.0,0.13432104942
2024-02-01T12:00,3600,0.0,0.27964394971,0.0,0.0,0.0,0.27964394971
2024-02-01T13:00,3600,0.0,0.28881209021,0.0,0.0,0.0,0.28881209021
2024-02-01T14:00,3600,0.0,0.38141268948999996,0.0,0.0,0.0,0.38141268948999996
2024-02-01T15:00,3600,0.0,0.29263321260999997,0.0,0.0,0.0,0.29263321260999997
2024-02-01T16:00,3600,0.0,0.22481402367000003,0.0,0.0,0.0,0.22481402367000003
2024-02-01T17:00,3600,0.0,0.11706185127000002,0.0,0.0,0.0,0.11706185127000002
2024-02-01T18:00,3600,0.0,0.03455891948,0.0,0.0,0.0,0.03455891948
2024-02-01T19:00,3600,0.0,0.0,0.0,0.0,0.0,0.0
2024-02-01T20:00,3600,0.0,0.0,0.0,0.0,0.0,0.0
2024-02-01T21:00,3600,0.0,0.0,0.0,0.0,0.0,0.0
2024-02-01T22:00,3600,0.0,0.0,0.0,0.0,0.0,0.0
2024-02-01T23:00,3600,0.0,0.0,0.0,0.0,0.0,0.0
2024-02-02T00:00,3600,0.0,0.0,0.0,0.0,0.0,0.0
2024-02-02T01:00,3600,0.0,0.0,0.0,0.0,0.0,0.0
2024-02-02T02:00,3600,0.0,0.0,0.0,0.0,0.0,0.0
2024-02-02T03:00,3600,0.0,0.0,0.0,0.0,0.0,0.0
2024-02-02T04:00,3600,0.0,0.0,0.0,0.0,0.0,0.0
2024-02-02T05:00,3600,0.0,0.0,0.0,0.0,0.0,0.0
2024-02-02T06:00,3600,0.0,0.0,0.0,0.0,0.0,0.0
2024-02-02T07:00,3600,0.0,0.0,0.0,0.0,0.0,0.0
2024-02-02T08:00,3600,0.0,0.010502041719999999,0.0,0.0,0.0,0.010502041719999999
2024-02-02T09:00,3600,0.0,0.07004157046000001,0.0,0.0,0.0,0.07004157046000001
2024-02-02T10:00,3600,0.0,0.17921450096000002,0.0,0.0,0.0,0.17921450096000002
2024-02-02T11:00,3600,0.0,0.27226663753,0.0,0.0,0.0,0.27226663753
2024-02-02T12:00,3600,0.0,0.45161755222,0.0,0.0,0.0,0.45161755222
2024-02-02T13:00,3600,0.0,0.44167238526,0.0,0.0,0.0,0.44167238526
2024-02-02T14:00,3600,0.0,0.42247722791000003,0.0,0.0,0.0,0.42247722791000003
2024-02-02T15:00,3600,0.0,0.32830018702999997,0.0,0.0,0.0,0.32830018702999997
2024-02-02T16:00,3600,0.0,0.25790943451,0.0,0.0,0.0,0.25790943451
2024-02-02T17:00,3600,0.0,0.14649790594999998,0.0,0.0,0.0,0.14649790594999998
2024-02-02T18:00,3600,0.0,0.03596829858,0.0,0.0,0.0,0.03596829858
2024-02-02T19:00,3600,0.0,0.0,0.0,0.0,0.0,0.0
2024-02-02T20:00,3600,0.0,0.0,0.0,0.0,0.0,0.0
2024-02-02T21:00,3600,0.0,0.0,0.0,0.0,0.0,0.0
2024-02-02T22:00,3600,0.0,0.0,0.0,0.0,0.0,0.0
2024-02-02T23:00,3600,0.0,0.0,0.0,0.0,0.0,0.0
2024-02-03T00:00,3600,0.0,0.0,0.0,0.0,0.0,0.0
2024-02-03T01:00,3600,0.0,0.0,0.0,0.0,0.0,0.0
2024-02-03T02:00,3600,0.0,0.0,0.0,0.0,0.0,0.0
2024-02-03T03:00,3600,0.0,0.0,0.0,0.0,0.0,0.0
2024-02-03T04:00,3600,0.0,0.0,0.0,0.0,0.0,0.0
2024-02-03T05:00,3600,0.0,0.0,0.0,0.0,0.0,0.0
2024-02-03T06:00,3600,0.0,0.0,0.0,0.0,0.0,0.0
2024-02-03T07:00,3600,0.0,0.0,0.0,0.0,0.0,0.0
2024-02-03T08:00,3600,0.0,0.00799678873,0.0,0.0,0.0,0.00799678873
2024-02-03T09:00,3600,0.0,0.07331374525,0.0,0.0,0.0,0.07331374525
2024-02-03T10:00,3600,0.0,0.16920103063,0.0,0.0,0.0,0.16920103063
2024-02-03T11:00,3600,0.0,0.30601942514,0.0,0.0,0.0,0.30601942514
2024-02-03T12:00,3600,0.0,0.39854580492,0.0,0.0,0.0,0.39854580492
2024-02-03T13:00,3600,0.0,0.28767178673,0.0,0.0,0.0,0.28767178673
2024-02-03T14:00,3600,0.0,0.20698680284999998,0.0,0.0,0.0,0.20698680284999998
2024-02-03T15:00,3600,0.0,0.33785387264,0.0,0.0,0.0,0.33785387264
2024-02-03T16:00,3600,0.0,0.2030188207,0.0,0.0,0.0,0.2030188207
2024-02-03T17:00,3600,0.0,0.10938629725,0.0,0.0,0.0,0.10938629725
2024-02-03T18:00,3600,0.0,0.025518062199999997,0.0,0.0,0.0,0.025518062199999997
2024-02-03T19:00,3600,0.0,0.0,0.0,0.0,0.0,0.0
2024-02-03T20:00,3600,0.0,0.0,0.0,0.0,0.0,0.0
2024-02-03T21:00,3600,0.0,0.0,0.0,0.0,0.0,0.0
2024-02-03T22:00,3600,0.0,0.0,0.0,0.0,0.0,0.0
2024-02-03T23:00,3600,0.0,0.0,0.0,0.0,0.0,0.0
2024-02-04T00:00,3600,0.0,0.0,0.0,0.0,0.0,0.0
2024-02-04T01:00,3600,0.0,0.0,0.0,0.0,0.0,0.0
2024-02-04T02:00,3600,0.0,0.0,0.0,0.0,0.0,0.0
2024-02-04T03:00,3600,0.0,0.0,0.0,0.0,0.0,0.0
2024-02-04T04:00,3600,0.0,0.0,0.0,0.0,0.0,0.0
2024-02-04T05:00,3600,0.0,0.0,0.0,0.0,0.0,0.0
2024-02-04T06:00,3600,0.0,0.0,0.0,0.0,0.0,0.0
2024-02-04T07:00,3600,0.0,0.0,0.0,0.0,0.0,0.0
2024-02-04T08:00,3600,0.0,0.01359853307,0.0,0.0,0.0,0.01359853307
2024-02-04T09:00,3600,0.0,0.04995685197000001,0.0,0.0,0.0,0.04995685197000001
2024-02-04T10:00,3600,0.0,0.07741173768,0.0,0.0,0.0,0.07741173768
2024-02-04T11:00,3600,0.0,0.10979361768,0.0,0.0,0.0,0.10979361768
2024-02-04T12:00,3600,0.0,0.16143189325,0.0,0.0,0.0,0.16143189325
2024-02-04T13:00,3600,0.0,0.197997863,0.0,0.0,0.0,0.197997863
2024-02-04T14:00,3600,0.0,0.22097634506,0.0,0.0,0.0,0.22097634506
2024-02-04T15:00,3600,0.0,0.17069354924000002,0.0,0.0,0.0,0.17069354924000002
2024-02-04T16:00,3600,0.0,0.13582996090000002,0.0,0.0,0.0,0.13582996090000002
2024-02-04T17:00,3600,0.0,0.11404991105000001,0.0,0.0,0.0,0.11404991105000001
2024-02-04T18:00,3600,0.0,0.02928044608,0.0,0.0,0.0,0.02928044608
2024-02-04T19:00,3600,0.0,0.0,0.0,0.0,0.0,0.0
2024-02-04T20:00,3600,0.0,0.0,0.0,0.0,0.0,0.0
2024-02-04T21:00,3600,0.0,0.0,0.0,0.0,0.0,0.0
2024-02-04T22:00,3600,0.0,0.0,0.0,0.0,0.0,0.0
2024-02-04T23:00,3600,0.0,0.0,0.0,0.0,0.0,0.0
2024-02-05T00:00,3600,0.0,0.0,0.0,0.0,0.0,0.0
2024-02-05T01:00,3600,0.0,0.0,0.0,0.0,0.0,0.0
2024-02-05T02:00,3600,0.0,0.0,0.0,0.0,0.0,0.0
2024-02-05T03:00,3600,0.0,0.0,0.0,0.0,0.0,0.0
2024-02-05T04:00,3600,0.0,0.0,0.0,0.0,0.0,0.0
2024-02-05T05:00,3600,0.0,0.0,0.0,0.0,0.0,0.0
2024-02-05T06:00,3600,0.0,0.0,0.0,0.0,0.0,0.0
2024-02-05T07:00,3600,0.0,0.0,0.0,0.0,0.0,0.0
2024-02-05T08:00,3600,0.0,0.0016491801,0.0,0.0,0.0,0.0016491801
2024-02-05T09:00,3600,0.0,0.02957381141,0.0,0.0,0.0,0.02957381141
2024-02-05T10:00,3600,0.0,0.07963503755000001,0.0,0.0,0.0,0.07963503755000001
2024-02-05T11:00,3600,0.0,0.10269604566,0.0,0.0,0.0,0.10269604566
2024-02-05T12:00,3600,0.0,0.13310223209,0.0,0.0,0.0,0.13310223209
2024-02-05T13:00,3600,0.0,0.17190076155,0.0,0.0,0.0,0.17190076155
2024-02-05T14:00,3600,0.0,0.16476316183,0.0,0.0,0.0,0.16476316183
2024-02-05T15:00,3600,0.0,0.11555183673000001,0.0,0.0,0.0,0.11555183673000001
2024-02-05T16:00,3600,0.0,0.09824069785,0.0,0.0,0.0,0.09824069785
2024-02-05T17:00,3600,0.0,0.036809845269999995,0.0,0.0,0.0,0.036809845269999995
2024-02-05T18:00,3600,0.0,0.01363512999,0.0,0.0,0.0,0.01363512999
2024-02-05T19:00,3600,0.0,0.0,0.0,0.0,0.0,0.0
2024-02-05T20:00,3600,0.0,0.0,0.0,0.0,0.0,0.0
2024-02-05T21:00,3600,0.0,0.0,0.0,0.0,0.0,0.0
2024-02-05T22:00,3600,0.0,0.0,0.0,0.0,0.0,0.0
2024-02-05T23:00,3600,0.0,0.0,0.0,0.0,0.0,0.0
2024-02-06T00:00,3600,0.0,0.0,0.0,0.0,0.0,0.0
2024-02-06T01:00,3600,0.0,0.0,0.0,0.0,0.0,0.0
2024-02-06T02:00,3600,0.0,0.0,0.0,0.0,0.0,0.0
2024-02-06T03:00,3600,0.0,0.0,0.0,0.0,0.0,0.0
2024-02-06T04:00,3600,0.0,0.0,0.0,0.0,0.0,0.0
2024-02-06T05:00,3600,0.0,0.0,0.0,0.0,0.0,0.0
2024-02-06T06:00,3600,0.0,0.0,0.0,0.0,0.0,0.0
2024-02-06T07:00,3600,0.0,0.0,0.0,0.0,0.0,0.0
2024-02-06T08:00,3600,0.0,0.0033257847,0.0,0.0,0.0,0.0033257847
2024-02-06T09:00,3600,0.0,0.04200108319999999,0.0,0.0,0.0,0.04200108319999999
2024-02-06T10:00,3600,0.0,0.12265376605000002,0.0,0.0,0.0,0.12265376605000002
2024-02-06T11:00,3600,0.0,0.22445951909,0.0,0.0,0.0,0.22445951909
2024-02-06T12:00,3600,0.0,0.26343919877,0.0,0.0,0.0,0.26343919877
2024-02-06T13:00,3600,0.0,0.38070897787,0.0,0.0,0.0,0.38070897787
2024-02-06T14:00,3600,0.0,0.41297670698,0.0,0.0,0.0,0.41297670698
2024-02-06T15:00,3600,0.0,0.28217114827,0.0,0.0,0.0,0.28217114827
2024-02-06T16:00,3600,0.0,0.21410910286999998,0.0,0.0,0.0,0.21410910286999998
2024-02-06T17:00,3600,0.0,0.10851571985,0.0,0.0,0.0,0.10851571985
2024-02-06T18:00,3600,0.0,0.017387324540000002,0.0,0.0,0.0,0.017387324540000002
2024-02-06T19:00,3600,0.0,0.0,0.0,0.0,0.0,0.0
2024-02-06T20:00,3600,0.0,0.0,0.0,0.0,0.0,0.0
2024-02-06T21:00,3600,0.0,0.0,0.0,0.0,0.0,0.0
2024-02-06T22:00,3600,0.0,0.0,0.0,0.0,0.0,0.0
2024-02-06T23:00,3600,0.0,0.0,0.0,0.0,0.0,0.0
2024-02-07T00:00,3600,0.0,0.0,0.0,0.0,0.0,0.0
2024-02-07T01:00,3600,0.0,0.0,0.0,0.0,0.0,0.0
2024-02-07T02:00,3600,0.0,0.0,0.0,0.0,0.0,0.0
2024-02-07T03:00,3600,0.0,0.0,0.0,0.0,0.0,0.0
2024-02-07T04:00,3600,0.0,0.0,0.0,0.0,0.0,0.0
2024-02-07T05:00,3600,0.0,0.0,0.0,0.0,0.0,0.0
2024-02-07T06:00,3600,0.0,0.0,0.0,0.0,0.0,0.0
2024-02-07T07:00,3600,0.0,0.0,0.0,0.0,0.0,0.0
2024-02-07T08:00,3600,0.0,0.00085401378,0.0,0.0,0.0,0.00085401378
2024-02-07T09:00,3600,0.0,0.02125128208,0.0,0.0,0.0,0.02125128208
2024-02-07T10:00,3600,0.0,0.05686742888,0.0,0.0,0.0,0.05686742888
2024-02-07T11:00,3600,0.0,0.07902767568,0.0,0.0,0.0,0.07902767568
2024-02-07T12:00,3600,0.0,0.10233057229000002,0.0,0.0,0.0,0.10233057229000002
2024-02-07T13:00,3600,0.0,0.07599384524,0.0,0.0,0.0,0.07599384524
2024-02-07T14:00,3600,0.0,0.08197443881,0.0,0.0,0.0,0.08197443881
2024-02-07T15:00,3600,0.0,0.06105941602,0.0,0.0,0.0,0.06105941602
2024-02-07T16:00,3600,0.0,0.03315285405000001,0.0,0.0,0.0,0.03315285405000001
2024-02-07T17:00,3600,0.0,0.02977802764,0.0,0.0,0.0,0.02977802764
2024-02-07T18:00,3600,0.0,0.00880505021,0.0,0.0,0.0,0.00880505021
2024-02-07T19:00,3600,0.0,0.0,0.0,0.0,0.0,0.0
2024-02-07T20:00,3600,0.0,0.0,0.0,0.0,0.0,0.0
2024-02-07T21:00,3600,0.0,0.0,0.0,0.0,0.0,0.0
2024-02-07T22:00,3600,0.0,0.0,0.0,0.0,0.0,0.0
2024-02-07T23:00,3600,0.0,0.0,0.0,0.0,0.0,0.0
2024-02-08T00:00,3600,0.0,0.0,0.0,0.0,0.0,0.0
2024-02-08T01:00,3600,0.0,0.0,0.0,0.0,0.0,0.0
2024-02-08T02:00,3600,0.0,0.0,0.0,0.0,0.0,0.0
2024-02-08T03:00,3600,0.0,0.0,0.0,0.0,0.0,0.0
2024-02-08T04:00,3600,0.0,0.0,0.0,0.0,0.0,0.0
2024-02-08T05:00,3600,0.0,0.0,0.0,0.0,0.0,0.0
2024-02-08T06:00,3600,0.0,0.0,0.0,0.0,0.0,0.0
2024-02-08T07:00,3600,0.0,0.0,0.0,0.0,0.0,0.0
2024-02-08T08:00,3600,0.0,0.0008913743400000001,0.0,0.0,0.0,0.0008913743400000001
2024-02-08T09:00,3600,0.0,0.047152747419999995,0.0,0.0,0.0,0.047152747419999995
2024-02-08T10:00,3600,0.0,0.03073957164,0.0,0.0,0.0,0.03073957164
2024-02-08T11:00,3600,0.0,0.10257365036999999,0.0,0.0,0.0,0.10257365036999999
2024-02-08T12:00,3600,0.0,0.09493816159000001,0.0,0.0,0.0,0.09493816159000001
2024-02-08T13:00,3600,0.0,0.05475363429,0.0,0.0,0.0,0.05475363429
2024-02-08T14:00,3600,0.0,0.06546011675,0.0,0.0,0.0,0.06546011675
2024-02-08T15:00,3600,0.0,0.04102382921,0.0,0.0,0.0,0.04102382921
2024-02-08T16:00,3600,0.0,0.03494672773,0.0,0.0,0.0,0.03494672773
2024-02-08T17:00,3600,0.0,0.02307961827,0.0,0.0,0.0,0.02307961827
2024-02-08T18:00,3600,0.0,0.00261160031,0.0,0.0,0.0,0.00261160031
2024-02-08T19:00,3600,0.0,0.0,0.0,0.0,0.0,0.0
2024-02-08T20:00,3600,0.0,0.0,0.0,0.0,0.0,0.0
2024-02-08T21:00,3600,0.0,0.0,0.0,0.0,0.0,0.0
2024-02-08T22:00,3600,0.0,0.0,0.0,0.0,0.0,0.0
2024-02-08T23:00,3600,0.0,0.0,0.0,0.0,0.0,0.0
2024-02-09T00:00,3600,0.0,0.0,0.0,0.0,0.0,0.0
2024-02-09T01:00,3600,0.0,0.0,0.0,0.0,0.0,0.0
2024-02-09T02:00,3600,0.0,0.0,0.0,0.0,0.0,0.0
2024-02-09T03:00,3600,0.0,0.0,0.0,0.0,0.0,0.0
2024-02-09T04:00,3600,0.0,0.0,0.0,0.0,0.0,0.0
2024-02-09T05:00,3600,0.0,0.0,0.0,0.0,0.0,0.0
2024-02-09T06:00,3600,0.0,0.0,0.0,0.0,0.0,0.0
2024-02-09T07:00,3600,0.0,0.0,0.0,0.0,0.0,0.0
2024-02-09T08:00,3600,0.0,0.015536801410000002,0.0,0.0,0.0,0.015536801410000002
2024-02-09T09:00,3600,0.0,0.07206899223,0.0,0.0,0.0,0.07206899223
2024-02-09T10:00,3600,0.0,0.16024551515,0.0,0.0,0.0,0.16024551515
2024-02-09T11:00,3600,0.0,0.46610593058,0.0,0.0,0.0,0.46610593058
2024-02-09T12:00,3600,0.0,0.6152568057800001,0.0,0.0,0.0,0.6152568057800001
2024-02-09T13:00,3600,0.0,0.63994890575,0.0,0.0,0.0,0.63994890575
2024-02-09T14:00,3600,0.0,0.5382786797300001,0.0,0.0,0.0,0.5382786797300001
2024-02-09T15:00,3600,0.0,0.05274375196,0.0,0.0,0.0,0.05274375196
2024-02-09T16:00,3600,0.0,0.02940914287,0.0,0.0,0.0,0.02940914287
2024-02-09T17:00,3600,0.0,0.01513825013,0.0,0.0,0.0,0.01513825013
2024-02-09T18:00,3600,0.0,0.02199133412,0.0,0.0,0.0,0.02199133412
2024-02-09T19:00,3600,0.0,0.0,0.0,0.0,0.0,0.0
2024-02-09T20:00,3600,0.0,0.0,0.0,0.0,0.0,0.0
2024-02-09T21:00,3600,0.0,0.0,0.0,0.0,0.0,0.0
2024-02-09T22:00,3600,0.0,0.0,0.0,0.0,0.0,0.0
2024-02-09T23:00,3600,0.0,0.0,0.0,0.0,0.0,0.0
2024-02-10T00:00,3600,0.0,0.0,0.0,0.0,0.0,0.0
2024-02-10T01:00,3600,0.0,0.0,0.0,0.0,0.0,0.0
2024-02-10T02:00,3600,0.0,0.0,0.0,0.0,0.0,0.0
2024-02-10T03:00,3600,0.0,0.0,0.0,0.0,0.0,0.0
2024-02-10T04:00,3600,0.0,0.0,0.0,0.0,0.0,0.0
2024-02-10T05:00,3600,0.0,0.0,0.0,0.0,0.0,0.0
2024-02-10T06:00,3600,0.0,0.0,0.0,0.0,0.0,0.0
2024-02-10T07:00,3600,0.0,0.0,0.0,0.0,0.0,0.0
2024-02-10T08:00,3600,0.0,0.032532362120000005,0.0,0.0,0.0,0.032532362120000005
2024-02-10T09:00,3600,0.0,0.26855280855,0.0,0.0,0.0,0.26855280855
2024-02-10T10:00,3600,0.0,0.45410877789,0.0,0.0,0.0,0.45410877789
2024-02-10T11:00,3600,0.0,0.61635703238,0.0,0.0,0.0,0.61635703238
2024-02-10T12:00,3600,0.0,0.6947424,0.0,0.0,0.0,0.6947424
2024-02-10T13:00,3600,0.0,0.6947424,0.0,0.0,0.0,0.6947424
2024-02-10T14:00,3600,0.0,0.66447578981,0.0,0.0,0.0,0.66447578981
2024-02-10T15:00,3600,0.0,0.55577592299,0.0,0.0,0.0,0.55577592299
2024-02-10T16:00,3600,0.0,0.40162100015,0.0,0.0,0.0,0.40162100015
2024-02-10T17:00,3600,0.0,0.22104103996,0.0,0.0,0.0,0.22104103996
2024-02-10T18:00,3600,0.0,0.05297306238,0.0,0.0,0.0,0.05297306238
2024-02-10T19:00,3600,0.0,0.0,0.0,0.0,0.0,0.0
2024-02-10T20:00,3600,0.0,0.0,0.0,0.0,0.0,0.0
2024-02-10T21:00,3600,0.0,0.0,0.0,0.0,0.0,0.0
2024-02-10T22:00,3600,0.0,0.0,0.0,0.0,0.0,0.0
2024-02-10T23:00,3600,0.0,0.0,0.0,0.0,0.0,0.0
2024-02-11T00:00,3600,0.0,0.0,0.0,0.0,0.0,0.0
2024-02-11T01:00,3600,0.0,0.0,0.0,0.0,0.0,0.0
2024-02-11T02:00,3600,0.0,0.0,0.0,0.0,0.0,0.0
2024-02-11T03:00,3600,0.0,0.0,0.0,0.0,0.0,0.0
2024-02-11T04:00,3600,0.0,0.0,0.0,0.0,0.0,0.0
2024-02-11T05:00,3600,0.0,0.0,0.0,0.0,0.0,0.0
2024-02-11T06:00,3600,0.0,0.0,0.0,0.0,0.0,0.0
2024-02-11T07:00,3600,0.0,0.0,0.0,0.0,0.0,0.0
2024-02-11T08:00,3600,0.0,0.11207069241000002,0.0,0.0,0.0,0.11207069241000002
2024-02-11T09:00,3600,0.0,0.37618899176000004,0.0,0.0,0.0,0.37618899176000004
2024-02-11T10:00,3600,0.0,0.56106161723,0.0,0.0,0.0,0.56106161723
2024-02-11T11:00,3600,0.0,0.68669381887,0.0,0.0,0.0,0.68669381887
2024-02-11T12:00,3600,0.0,0.6947424,0.0,0.0,0.0,0.6947424
2024-02-11T13:00,3600,0.0,0.6947424,0.0,0.0,0.0,0.6947424
2024-02-11T14:00,3600,0.0,0.67659995716,0.0,0.0,0.0,0.67659995716
2024-02-11T15:00,3600,0.0,0.5631426737399999,0.0,0.0,0.0,0.5631426737399999
2024-02-11T16:00,3600,0.0,0.40774868638,0.0,0.0,0.0,0.40774868638
2024-02-11T17:00,3600,0.0,0.22463741648000002,0.0,0.0,0.0,0.22463741648000002
2024-02-11T18:00,3600,0.0,0.05524598182,0.0,0.0,0.0,0.05524598182
2024-02-11T19:00,3600,0.0,0.0,0.0,0.0,0.0,0.0
2024-02-11T20:00,3600,0.0,0.0,0.0,0.0,0.0,0.0
2024-02-11T21:00,3600,0.0,0.0,0.0,0.0,0.0,0.0
2024-02-11T22:00,3600,0.0,0.0,0.0,0.0,0.0,0.0
2024-02-11T23:00,3600,0.0,0.0,0.0,0.0,0.0,0.0
2024-02-12T00:00,3600,0.0,0.0,0.0,0.0,0.0,0.0
2024-02-12T01:00,3600,0.0,0.0,0.0,0.0,0.0,0.0
2024-02-12T02:00,3600,0.0,0.0,0.0,0.0,0.0,0.0
2024-02-12T03:00,3600,0.0,0.0,0.0,0.0,0.0,0.0
2024-02-12T04:00,3600,0.0,0.0,0.0,0.0,0.0,0.0
2024-02-12T05:00,3600,0.0,0.0,0.0,0.0,0.0,0.0
2024-02-12T06:00,3600,0.0,0.0,0.0,0.0,0.0,0.0
2024-02-12T07:00,3600,0.0,0.0,0.0,0.0,0.0,0.0
2024-02-12T08:00,3600,0.0,0.10695106883000001,0.0,0.0,0.0,0.10695106883000001
2024-02-12T09:00,3600,0.0,0.35848871720000003,0.0,0.0,0.0,0.35848871720000003
2024-02-12T10:00,3600,0.0,0.53912049874,0.0,0.0,0.0,0.53912049874
2024-02-12T11:00,3600,0.0,0.66186835261,0.0,0.0,0.0,0.66186835261
2024-02-12T12:00,3600,0.0,0.6947424,0.0,0.0,0.0,0.6947424
2024-02-12T13:00,3600,0.0,0.6947424,0.0,0.0,0.0,0.6947424
2024-02-12T14:00,3600,0.0,0.66301268337,0.0,0.0,0.0,0.66301268337
2024-02-12T15:00,3600,0.0,0.55616829905,0.0,0.0,0.0,0.55616829905
2024-02-12T16:00,3600,0.0,0.40248872615,0.0,0.0,0.0,0.40248872615
2024-02-12T17:00,3600,0.0,0.22313653964,0.0,0.0,0.0,0.22313653964
2024-02-12T18:00,3600,0.0,0.05388513127,0.0,0.0,0.0,0.05388513127
2024-02-12T19:00,3600,0.0,0.0,0.0,0.0,0.0,0.0
2024-02-12T20:00,3600,0.0,0.0,0.0,0.0,0.0,0.0
2024-02-12T21:00,3600,0.0,0.0,0.0,0.0,0.0,0.0
2024-02-12T22:00,3600,0.0,0.0,0.0,0.0,0.0,0.0
2024-02-12T23:00,3600,0.0,0.0,0.0,0.0,0.0,0.0
2024-02-13T00:00,3600,0.0,0.0,0.0,0.0,0.0,0.0
2024-02-13T01:00,3600,0.0,0.0,0.0,0.0,0.0,0.0
2024-02-13T02:00,3600,0.0,0.0,0.0,0.0,0.0,0.0
2024-02-13T03:00,3600,0.0,0.0,0.0,0.0,0.0,0.0
2024-02-13T04:00,3600,0.0,0.0,0.0,0.0,0.0,0.0
2024-02-13T05:00,3600,0.0,0.0,0.0,0.0,0.0,0.0
2024-02-13T06:00,3600,0.0,0.0,0.0,0.0,0.0,0.0
2024-02-13T07:00,3600,0.0,0.0,0.0,0.0,0.0,0.0
2024-02-13T08:00,3600,0.0,0.09088387916,0.0,0.0,0.0,0.09088387916
2024-02-13T09:00,3600,0.0,0.29408982945999995,0.0,0.0,0.0,0.29408982945999995
2024-02-13T10:00,3600,0.0,0.47536236927,0.0,0.0,0.0,0.47536236927
2024-02-13T11:00,3600,0.0,0.60835211543,0.0,0.0,0.0,0.60835211543
2024-02-13T12:00,3600,0.0,0.6805676989999999,0.0,0.0,0.0,0.6805676989999999
2024-02-13T13:00,3600,0.0,0.65709968603,0.0,0.0,0.0,0.65709968603
2024-02-13T14:00,3600,0.0,0.43482674151,0.0,0.0,0.0,0.43482674151
2024-02-13T15:00,3600,0.0,0.39801290244,0.0,0.0,0.0,0.39801290244
2024-02-13T16:00,3600,0.0,0.24441063457,0.0,0.0,0.0,0.24441063457
2024-02-13T17:00,3600,0.0,0.1742252236,0.0,0.0,0.0,0.1742252236
2024-02-13T18:00,3600,0.0,0.04330849364,0.0,0.0,0.0,0.04330849364
2024-02-13T19:00,3600,0.0,0.0,0.0,0.0,0.0,0.0
2024-02-13T20:00,3600,0.0,0.0,0.0,0.0,0.0,0.0
2024-02-13T21:00,3600,0.0,0.0,0.0,0.0,0.0,0.0
2024-02-13T22:00,3600,0.0,0.0,0.0,0.0,0.0,0.0
2024-02-13T23:00,3600,0.0,0.0,0.0,0.0,0.0,0.0
2024-02-14T00:00,3600,0.0,0.0,0.0,0.0,0.0,0.0
2024-02-14T01:00,3600,0.0,0.0,0.0,0.0,0.0,0.0
2024-02-14T02:00,3600,0.0,0.0,0.0,0.0,0.0,0.0
2024-02-14T03:00,3600,0.0,0.0,0.0,0.0,0.0,0.0
2024-02-14T04:00,3600,0.0,0.0,0.0,0.0,0.0,0.0
2024-02-14T05:00,3600,0.0,0.0,0.0,0.0,0.0,0.0
2024-02-14T06:00,3600,0.0,0.0,0.0,0.0,0.0,0.0
2024-02-14T07:00,3600,0.0,0.0,0.0,0.0,0.0,0.0
2024-02-14T08:00,3600,0.0,0.06502151437,0.0,0.0,0.0,0.06502151437
2024-02-14T09:00,3600,0.0,0.25665567188,0.0,0.0,0.0,0.25665567188
2024-02-14T10:00,3600,0.0,0.42714948617,0.0,0.0,0.0,0.42714948617
2024-02-14T11:00,3600,0.0,0.57146449283,0.0,0.0,0.0,0.57146449283
2024-02-14T12:00,3600,0.0,0.612164789,0.0,0.0,0.0,0.612164789
2024-02-14T13:00,3600,0.0,0.40004941812,0.0,0.0,0.0,0.40004941812
2024-02-14T14:00,3600,0.0,0.35139282456,0.0,0.0,0.0,0.35139282456
2024-02-14T15:00,3600,0.0,0.24289189150999999,0.0,0.0,0.0,0.24289189150999999
2024-02-14T16:00,3600,0.0,0.18224291758,0.0,0.0,0.0,0.18224291758
2024-02-14T17:00,3600,0.0,0.10132441751000001,0.0,0.0,0.0,0.10132441751000001
2024-02-14T18:00,3600,0.0,0.04512434627,0.0,0.0,0.0,0.04512434627
2024-02-14T19:00,3600,0.0,0.0,0.0,0.0,0.0,0.0
2024-02-14T20:00,3600,0.0,0.0,0.0,0.0,0.0,0.0
2024-02-14T21:00,3600,0.0,0.0,0.0,0.0,0.0,0.0
2024-02-14T22:00,3600,0.0,0.0,0.0,0.0,0.0,0.0
2024-02-14T23:00,3600,0.0,0.0,0.0,0.0,0.0,0.0
2024-02-15T00:00,3600,0.0,0.0,0.0,0.0,0.0,0.0
2024-02-15T01:00,3600,0.0,0.0,0.0,0.0,0.0,0.0
2024-02-15T02:00,3600,0.0,0.0,0.0,0.0,0.0,0.0
2024-02-15T03:00,3600,0.0,0.0,0.0,0.0,0.0,0.0
2024-02-15T04:00,3600,0.0,0.0,0.0,0.0,0.0,0.0
2024-02-15T05:00,3600,0.0,0.0,0.0,0.0,0.0,0.0
2024-02-15T06:00,3600,0.0,0.0,0.0,0.0,0.0,0.0
2024-02-15T07:00,3600,0.0,0.0,0.0,0.0,0.0,0.0
2024-02-15T08:00,3600,0.0,0.06526920702,0.0,0.0,0.0,0.06526920702
2024-02-15T09:00,3600,0.0,0.22122217682999998,0.0,0.0,0.0,0.22122217682999998
2024-02-15T10:00,3600,0.0,0.36530187793,0.0,0.0,0.0,0.36530187793
2024-02-15T11:00,3600,0.0,0.50068494891,0.0,0.0,0.0,0.50068494891
2024-02-15T12:00,3600,0.0,0.51139908131,0.0,0.0,0.0,0.51139908131
2024-02-15T13:00,3600,0.0,0.51893217884,0.0,0.0,0.0,0.51893217884
2024-02-15T14:00,3600,0.0,0.54346778578,0.0,0.0,0.0,0.54346778578
2024-02-15T15:00,3600,0.0,0.40220401637,0.0,0.0,0.0,0.40220401637
2024-02-15T16:00,3600,0.0,0.23644879488,0.0,0.0,0.0,0.23644879488
2024-02-15T17:00,3600,0.0,0.12950500898000003,0.0,0.0,0.0,0.12950500898000003
2024-02-15T18:00,3600,0.0,0.04329676971,0.0,0.0,0.0,0.04329676971
2024-02-15T19:00,3600,0.0,0.0,0.0,0.0,0.0,0.0
2024-02-15T20:00,3600,0.0,0.0,0.0,0.0,0.0,0.0
2024-02-15T21:00,3600,0.0,0.0,0.0,0.0,0.0,0.0
2024-02-15T22:00,3600,0.0,0.0,0.0,0.0,0.0,0.0
2024-02-15T23:00,3600,0.0,0.0,0.0,0.0,0.0,0.0
2024-02-16T00:00,3600,0.0,0.0,0.0,0.0,0.0,0.0
2024-02-16T01:00,3600,0.0,0.0,0.0,0.0,0.0,0.0
2024-02-16T02:00,3600,0.0,0.0,0.0,0.0,0.0,0.0
2024-02-16T03:00,3600,0.0,0.0,0.0,0.0,0.0,0.0
2024-02-16T04:00,3600,0.0,0.0,0.0,0.0,0.0,0.0
2024-02-16T05:00,3600,0.0,0.0,0.0,0.0,0.0,0.0
2024-02-16T06:00,3600,0.0,0.0,0.0,0.0,0.0,0.0
2024-02-16T07:00,3600,0.0,0.0,0.0,0.0,0.0,0.0
2024-02-16T08:00,3600,0.0,0.06531376918,0.0,0.0,0.0,0.06531376918
2024-02-16T09:00,3600,0.0,0.15394044726000003,0.0,0.0,0.0,0.15394044726000003
2024-02-16T10:00,3600,0.0,0.27199327068,0.0,0.0,0.0,0.27199327068
2024-02-16T11:00,3600,0.0,0.42710765677,0.0,0.0,0.0,0.42710765677
2024-02-16T12:00,3600,0.0,0.6194708008300001,0.0,0.0,0.0,0.6194708008300001
2024-02-16T13:00,3600,0.0,0.65415291664,0.0,0.0,0.0,0.65415291664
2024-02-16T14:00,3600,0.0,0.59337803918,0.0,0.0,0.0,0.59337803918
2024-02-16T15:00,3600,0.0,0.48847633407,0.0,0.0,0.0,0.48847633407
2024-02-16T16:00,3600,0.0,0.33585514251000004,0.0,0.0,0.0,0.33585514251000004
2024-02-16T17:00,3600,0.0,0.18996884907,0.0,0.0,0.0,0.18996884907
2024-02-16T18:00,3600,0.0,0.04957054936000001,0.0,0.0,0.0,0.04957054936000001
2024-02-16T19:00,3600,0.0,0.0,0.0,0.0,0.0,0.0
2024-02-16T20:00,3600,0.0,0.0,0.0,0.0,0.0,0.0
2024-02-16T21:00,3600,0.0,0.0,0.0,0.0,0.0,0.0
2024-02-16T22:00,3600,0.0,0.0,0.0,0.0,0.0,0.0
2024-02-16T23:00,3600,0.0,0.0,0.0,0.0,0.0,0.0
2024-02-17T00:00,3600,0.0,0.0,0.0,0.0,0.0,0.0
2024-02-17T01:00,3600,0.0,0.0,0.0,0.0,0.0,0.0
2024-02-17T02:00,3600,0.0,0.0,0.0,0.0,0.0,0.0
2024-02-17T03:00,3600,0.0,0.0,0.0,0.0,0.0,0.0
2024-02-17T04:00,3600,0.0,0.0,0.0,0.0,0.0,0.0
2024-02-17T05:00,3600,0.0,0.0,0.0,0.0,0.0,0.0
2024-02-17T06:00,3600,0.0,0.0,0.0,0.0,0.0,0.0
2024-02-17T07:00,3600,0.0,0.0,0.0,0.0,0.0,0.0
2024-02-17T08:00,3600,0.0,0.021155949780000002,0.0,0.0,0.0,0.021155949780000002
2024-02-17T09:00,3600,0.0,0.08835445686,0.0,0.0,0.0,0.08835445686
2024-02-17T10:00,3600,0.0,0.14876918922,0.0,0.0,0.0,0.14876918922
2024-02-17T11:00,3600,0.0,0.32393449191,0.0,0.0,0.0,0.32393449191
2024-02-17T12:00,3600,0.0,0.40345505429000006,0.0,0.0,0.0,0.40345505429000006
2024-02-17T13:00,3600,0.0,0.28119357425999997,0.0,0.0,0.0,0.28119357425999997
2024-02-17T14:00,3600,0.0,0.20874462202000002,0.0,0.0,0.0,0.20874462202000002
2024-02-17T15:00,3600,0.0,0.19983770747,0.0,0.0,0.0,0.19983770747
2024-02-17T16:00,3600,0.0,0.17646677526,0.0,0.0,0.0,0.17646677526
2024-02-17T17:00,3600,0.0,0.10341094204,0.0,0.0,0.0,0.10341094204
2024-02-17T18:00,3600,0.0,0.03613244459,0.0,0.0,0.0,0.03613244459
2024-02-17T19:00,3600,0.0,0.0,0.0,0.0,0.0,0.0
2024-02-17T20:00,3600,0.0,0.0,0.0,0.0,0.0,0.0
2024-02-17T21:00,3600,0.0,0.0,0.0,0.0,0.0,0.0
2024-02-17T22:00,3600,0.0,0.0,0.0,0.0,0.0,0.0
2024-02-17T23:00,3600,0.0,0.0,0.0,0.0,0.0,0.0
2024-02-18T00:00,3600,0.0,0.0,0.0,0.0,0.0,0.0
2024-02-18T01:00,3600,0.0,0.0,0.0,0.0,0.0,0.0
2024-02-18T02:00,3600,0.0,0.0,0.0,0.0,0.0,0.0
2024-02-18T03:00,3600,0.0,0.0,0.0,0.0,0.0,0.0
2024-02-18T04:00,3600,0.0,0.0,0.0,0.0,0.0,0.0
2024-02-18T05:00,3600,0.0,0.0,0.0,0.0,0.0,0.0
2024-02-18T06:00,3600,0.0,0.0,0.0,0.0,0.0,0.0
2024-02-18T07:00,3600,0.0,0.0,0.0,0.0,0.0,0.0
2024-02-18T08:00,3600,0.0,0.020519069900000002,0.0,0.0,0.0,0.020519069900000002
2024-02-18T09:00,3600,0.0,0.06133881694,0.0,0.0,0.0,0.06133881694
2024-02-18T10:00,3600,0.0,0.09403440278,0.0,0.0,0.0,0.09403440278
2024-02-18T11:00,3600,0.0,0.29769891594,0.0,0.0,0.0,0.29769891594
2024-02-18T12:00,3600,0.0,0.46316383449000004,0.0,0.0,0.0,0.46316383449000004
2024-02-18T13:00,3600,0.0,0.41491009780000004,0.0,0.0,0.0,0.41491009780000004
2024-02-18T14:00,3600,0.0,0.38996878396,0.0,0.0,0.0,0.38996878396
2024-02-18T15:00,3600,0.0,0.35986695917,0.0,0.0,0.0,0.35986695917
2024-02-18T16:00,3600,0.0,0.28094967256000003,0.0,0.0,0.0,0.28094967256000003
2024-02-18T17:00,3600,0.0,0.1720259736,0.0,0.0,0.0,0.1720259736
2024-02-18T18:00,3600,0.0,0.05595060334,0.0,0.0,0.0,0.05595060334
2024-02-18T19:00,3600,0.0,0.0,0.0,0.0,0.0,0.0
2024-02-18T20:00,3600,0.0,0.0,0.0,0.0,0.0,0.0
2024-02-18T21:00,3600,0.0,0.0,0.0,0.0,0.0,0.0
2024-02-18T22:00,3600,0.0,0.0,0.0,0.0,0.0,0.0
2024-02-18T23:00,3600,0.0,0.0,0.0,0.0,0.0,0.0
2024-02-19T00:00,3600,0.0,0.0,0.0,0.0,0.0,0.0
2024-02-19T01:00,3600,0.0,0.0,0.0,0.0,0.0,0.0
2024-02-19T02:00,3600,0.0,0.0,0.0,0.0,0.0,0.0
2024-02-19T03:00,3600,0.0,0.0,0.0,0.0,0.0,0.0
2024-02-19T04:00,3600,0.0,0.0,0.0,0.0,0.0,0.0
2024-02-19T05:00,3600,0.0,0.0,0.0,0.0,0.0,0.0
2024-02-19T06:00,3600,0.0,0.0,0.0,0.0,0.0,0.0
2024-02-19T07:00,3600,0.0,0.0,0.0,0.0,0.0,0.0
2024-02-19T08:00,3600,0.0,0.02606509429,0.0,0.0,0.0,0.02606509429
2024-02-19T09:00,3600,0.0,0.12133320982,0.0,0.0,0.0,0.12133320982
2024-02-19T10:00,3600,0.0,0.20407581145,0.0,0.0,0.0,0.20407581145
2024-02-19T11:00,3600,0.0,0.26742963134000003,0.0,0.0,0.0,0.26742963134000003
2024-02-19T12:00,3600,0.0,0.28688659212,0.0,0.0,0.0,0.28688659212
2024-02-19T13:00,3600,0.0,0.31011969911,0.0,0.0,0.0,0.31011969911
2024-02-19T14:00,3600,0.0,0.24502913743,0.0,0.0,0.0,0.24502913743
2024-02-19T15:00,3600,0.0,0.26416896361,0.0,0.0,0.0,0.26416896361
2024-02-19T16:00,3600,0.0,0.17133086596000002,0.0,0.0,0.0,0.17133086596000002
2024-02-19T17:00,3600,0.0,0.11480020946000001,0.0,0.0,0.0,0.11480020946000001
2024-02-19T18:00,3600,0.0,0.03663905581,0.0,0.0,0.0,0.03663905581
2024-02-19T19:00,3600,0.0,0.0,0.0,0.0,0.0,0.0
2024-02-19T20:00,3600,0.0,0.0,0.0,0.0,0.0,0.0
2024-02-19T21:00,3600,0.0,0.0,0.0,0.0,0.0,0.0
2024-02-19T22:00,3600,0.0,0.0,0.0,0.0,0.0,0.0
2024-02-19T23:00,3600,0.0,0.0,0.0,0.0,0.0,0.0
2024-02-20T00:00,3600,0.0,0.0,0.0,0.0,0.0,0.0
2024-02-20T01:00,3600,0.0,0.0,0.0,0.0,0.0,0.0
2024-02-20T02:00,3600,0.0,0.0,0.0,0.0,0.0,0.0
2024-02-20T03:00,3600,0.0,0.0,0.0,0.0,0.0,0.0
2024-02-20T04:00,3600,0.0,0.0,0.0,0.0,0.0,0.0
2024-02-20T05:00,3600,0.0,0.0,0.0,0.0,0.0,0.0
2024-02-20T06:00,3600,0.0,0.0,0.0,0.0,0.0,0.0
2024-02-20T07:00,3600,0.0,0.0,0.0,0.0,0.0,0.0
2024-02-20T08:00,3600,0.0,0.0114821142,0.0,0.0,0.0,0.0114821142
2024-02-20T09:00,3600,0.0,0.08576155269,0.0,0.0,0.0,0.08576155269
2024-02-20T10:00,3600,0.0,0.33691412432999995,0.0,0.0,0.0,0.33691412432999995
2024-02-20T11:00,3600,0.0,0.45776590506000003,0.0,0.0,0.0,0.45776590506000003
2024-02-20T12:00,3600,0.0,0.46156382159,0.0,0.0,0.0,0.46156382159
2024-02-20T13:00,3600,0.0,0.35344259312000004,0.0,0.0,0.0,0.35344259312000004
2024-02-20T14:00,3600,0.0,0.4271138592,0.0,0.0,0.0,0.4271138592
2024-02-20T15:00,3600,0.0,0.32050339375000003,0.0,0.0,0.0,0.32050339375000003
2024-02-20T16:00,3600,0.0,0.27090592582,0.0,0.0,0.0,0.27090592582
2024-02-20T17:00,3600,0.0,0.15689534624,0.0,0.0,0.0,0.15689534624
2024-02-20T18:00,3600,0.0,0.04424526987,0.0,0.0,0.0,0.04424526987
2024-02-20T19:00,3600,0.0,0.0,0.0,0.0,0.0,0.0
2024-02-20T20:00,3600,0.0,0.0,0.0,0.0,0.0,0.0
2024-02-20T21:00,3600,0.0,0.0,0.0,0.0,0.0,0.0
2024-02-20T22:00,3600,0.0,0.0,0.0,0.0,0.0,0.0
2024-02-20T23:00,3600,0.0,0.0,0.0,0.0,0.0,0.0
2024-02-21T00:00,3600,0.0,0.0,0.0,0.0,0.0,0.0
2024-02-21T01:00,3600,0.0,0.0,0.0,0.0,0.0,0.0
2024-02-21T02:00,3600,0.0,0.0,0.0,0.0,0.0,0.0
2024-02-21T03:00,3600,0.0,0.0,0.0,0.0,0.0,0.0
2024-02-21T04:00,3600,0.0,0.0,0.0,0.0,0.0,0.0
2024-02-21T05:00,3600,0.0,0.0,0.0,0.0,0.0,0.0
2024-02-21T06:00,3600,0.0,0.0,0.0,0.0,0.0,0.0
2024-02-21T07:00,3600,0.0,0.0,0.0,0.0,0.0,0.0
2024-02-21T08:00,3600,0.0,0.03577537828,0.0,0.0,0.0,0.03577537828
2024-02-21T09:00,3600,0.0,0.14383759816,0.0,0.0,0.0,0.14383759816
2024-02-21T10:00,3600,0.0,0.36822115422,0.0,0.0,0.0,0.36822115422
2024-02-21T11:00,3600,0.0,0.45179238218,0.0,0.0,0.0,0.45179238218
2024-02-21T12:00,3600,0.0,0.4945545576,0.0,0.0,0.0,0.4945545576
2024-02-21T13:00,3600,0.0,0.46961088813999996,0.0,0.0,0.0,0.46961088813999996
2024-02-21T14:00,3600,0.0,0.42569935222,0.0,0.0,0.0,0.42569935222
2024-02-21T15:00,3600,0.0,0.30047527133,0.0,0.0,0.0,0.30047527133
2024-02-21T16:00,3600,0.0,0.33969330214000004,0.0,0.0,0.0,0.33969330214000004
2024-02-21T17:00,3600,0.0,0.18712222314000002,0.0,0.0,0.0,0.18712222314000002
2024-02-21T18:00,3600,0.0,0.053078832230000005,0.0,0.0,0.0,0.053078832230000005
2024-02-21T19:00,3600,0.0,0.00060212296,0.0,0.0,0.0,0.00060212296
2024-02-21T20:00,3600,0.0,0.0,0.0,0.0,0.0,0.0
2024-02-21T21:00,3600,0.0,0.0,0.0,0.0,0.0,0.0
2024-02-21T22:00,3600,0.0,0.0,0.0,0.0,0.0,0.0
2024-02-21T23:00,3600,0.0,0.0,0.0,0.0,0.0,0.0
2024-02-22T00:00,3600,0.0,0.0,0.0,0.0,0.0,0.0
2024-02-22T01:00,3600,0.0,0.0,0.0,0.0,0.0,0.0
2024-02-22T02:00,3600,0.0,0.0,0.0,0.0,0.0,0.0
2024-02-22T03:00,3600,0.0,0.0,0.0,0.0,0.0,0.0
2024-02-22T04:00,3600,0.0,0.0,0.0,0.0,0.0,0.0
2024-02-22T05:00,3600,0.0,0.0,0.0,0.0,0.0,0.0
2024-02-22T06:00,3600,0.0,0.0,0.0,0.0,0.0,0.0
2024-02-22T07:00,3600,0.0,0.0,0.0,0.0,0.0,0.0
2024-02-22T08:00,3600,0.0,0.0039087146,0.0,0.0,0.0,0.0039087146
2024-02-22T09:00,3600,0.0,0.030890544179999996,0.0,0.0,0.0,0.030890544179999996
2024-02-22T10:00,3600,0.0,0.05140897975,0.0,0.0,0.0,0.05140897975
2024-02-22T11:00,3600,0.0,0.23131575402000001,0.0,0.0,0.0,0.23131575402000001
2024-02-22T12:00,3600,0.0,0.26361734976000006,0.0,0.0,0.0,0.26361734976000006
2024-02-22T13:00,3600,0.0,0.23735321182000002,0.0,0.0,0.0,0.23735321182000002
2024-02-22T14:00,3600,0.0,0.23640353920999999,0.0,0.0,0.0,0.23640353920999999
2024-02-22T15:00,3600,0.0,0.19067812669,0.0,0.0,0.0,0.19067812669
2024-02-22T16:00,3600,0.0,0.17173305309,0.0,0.0,0.0,0.17173305309
2024-02-22T17:00,3600,0.0,0.15569961344,0.0,0.0,0.0,0.15569961344
2024-02-22T18:00,3600,0.0,0.039205594499999996,0.0,0.0,0.0,0.039205594499999996
2024-02-22T19:00,3600,0.0,0.0,0.0,0.0,0.0,0.0
2024-02-22T20:00,3600,0.0,0.0,0.0,0.0,0.0,0.0
2024-02-22T21:00,3600,0.0,0.0,0.0,0.0,0.0,0.0
2024-02-22T22:00,3600,0.0,0.0,0.0,0.0,0.0,0.0
2024-02-22T23:00,3600,0.0,0.0,0.0,0.0,0.0,0.0
2024-02-23T00:00,3600,0.0,0.0,0.0,0.0,0.0,0.0
2024-02-23T01:00,3600,0.0,0.0,0.0,0.0,0.0,0.0
2024-02-23T02:00,3600,0.0,0.0,0.0,0.0,0.0,0.0
2024-02-23T03:00,3600,0.0,0.0,0.0,0.0,0.0,0.0
2024-02-23T04:00,3600,0.0,0.0,0.0,0.0,0.0,0.0
2024-02-23T05:00,3600,0.0,0.0,0.0,0.0,0.0,0.0
2024-02-23T06:00,3600,0.0,0.0,0.0,0.0,0.0,0.0
2024-02-23T07:00,3600,0.0,0.0,0.0,0.0,0.0,0.0
2024-02-23T08:00,3600,0.0,0.00421928209,0.0,0.0,0.0,0.00421928209
2024-02-23T09:00,3600,0.0,0.03457806314,0.0,0.0,0.0,0.03457806314
2024-02-23T10:00,3600,0.0,0.1199225289,0.0,0.0,0.0,0.1199225289
2024-02-23T11:00,3600,0.0,0.17842601239,0.0,0.0,0.0,0.17842601239
2024-02-23T12:00,3600,0.0,0.22460034908,0.0,0.0,0.0,0.22460034908
2024-02-23T13:00,3600,0.0,0.27985626227,0.0,0.0,0.0,0.27985626227
2024-02-23T14:00,3600,0.0,0.20781459264000002,0.0,0.0,0.0,0.20781459264000002
2024-02-23T15:00,3600,0.0,0.18557907152,0.0,0.0,0.0,0.18557907152
2024-02-23T16:00,3600,0.0,0.13826332541,0.0,0.0,0.0,0.13826332541
2024-02-23T17:00,3600,0.0,0.08378042351000001,0.0,0.0,0.0,0.08378042351000001
2024-02-23T18:00,3600,0.0,0.03765627908,0.0,0.0,0.0,0.03765627908
2024-02-23T19:00,3600,0.0,0.0,0.0,0.0,0.0,0.0
2024-02-23T20:00,3600,0.0,0.0,0.0,0.0,0.0,0.0
2024-02-23T21:00,3600,0.0,0.0,0.0,0.0,0.0,0.0
2024-02-23T22:00,3600,0.0,0.0,0.0,0.0,0.0,0.0
2024-02-23T23:00,3600,0.0,0.0,0.0,0.0,0.0,0.0
2024-02-24T00:00,3600,0.0,0.0,0.0,0.0,0.0,0.0
2024-02-24T01:00,3600,0.0,0.0,0.0,0.0,0.0,0.0
2024-02-24T02:00,3600,0.0,0.0,0.0,0.0,0.0,0.0
2024-02-24T03:00,3600,0.0,0.0,0.0,0.0,0.0,0.0
2024-02-24T04:00,3600,0.0,0.0,0.0,0.0,0.0,0.0
2024-02-24T05:00,3600,0.0,0.0,0.0,0.0,0.0,0.0
2024-02-24T06:00,3600,0.0,0.0,0.0,0.0,0.0,0.0
2024-02-24T07:00,3600,0.0,0.0,0.0,0.0,0.0,0.0
2024-02-24T08:00,3600,0.0,0.01569608327,0.0,0.0,0.0,0.01569608327
2024-02-24T09:00,3600,0.0,0.04227828445,0.0,0.0,0.0,0.04227828445
2024-02-24T10:00,3600,0.0,0.0752244809,0.0,0.0,0.0,0.0752244809
2024-02-24T11:00,3600,0.0,0.13044511471000003,0.0,0.0,0.0,0.13044511471000003
2024-02-24T12:00,3600,0.0,0.13330559019000002,0.0,0.0,0.0,0.13330559019000002
2024-02-24T13:00,3600,0.0,0.10363164220999999,0.0,0.0,0.0,0.10363164220999999
2024-02-24T14:00,3600,0.0,0.12929570668,0.0,0.0,0.0,0.12929570668
2024-02-24T15:00,3600,0.0,0.08881315808,0.0,0.0,0.0,0.08881315808
2024-02-24T16:00,3600,0.0,0.10125253347,0.0,0.0,0.0,0.10125253347
2024-02-24T17:00,3600,0.0,0.04635248901,0.0,0.0,0.0,0.04635248901
2024-02-24T18:00,3600,0.0,0.01357878123,0.0,0.0,0.0,0.01357878123
2024-02-24T19:00,3600,0.0,0.0,0.0,0.0,0.0,0.0
2024-02-24T20:00,3600,0.0,0.0,0.0,0.0,0.0,0.0
2024-02-24T21:00,3600,0.0,0.0,0.0,0.0,0.0,0.0
2024-02-24T22:00,3600,0.0,0.0,0.0,0.0,0.0,0.0
2024-02-24T23:00,3600,0.0,0.0,0.0,0.0,0.0,0.0
2024-02-25T00:00,3600,0.0,0.0,0.0,0.0,0.0,0.0
2024-02-25T01:00,3600,0.0,0.0,0.0,0.0,0.0,0.0
2024-02-25T02:00,3600,0.0,0.0,0.0,0.0,0.0,0.0
2024-02-25T03:00,3600,0.0,0.0,0.0,0.0,0.0,0.0
2024-02-25T04:00,3600,0.0,0.0,0.0,0.0,0.0,0.0
2024-02-25T05:00,3600,0.0,0.0,0.0,0.0,0.0,0.0
2024-02-25T06:00,3600,0.0,0.0,0.0,0.0,0.0,0.0
2024-02-25T07:00,3600,0.0,0.0,0.0,0.0,0.0,0.0
2024-02-25T08:00,3600,0.0,0.0034513612700000002,0.0,0.0,0.0,0.0034513612700000002
2024-02-25T09:00,3600,0.0,0.023942946500000003,0.0,0.0,0.0,0.023942946500000003
2024-02-25T10:00,3600,0.0,0.11499582408,0.0,0.0,0.0,0.11499582408
2024-02-25T11:00,3600,0.0,0.10622431337999999,0.0,0.0,0.0,0.10622431337999999
2024-02-25T12:00,3600,0.0,0.12999399074999998,0.0,0.0,0.0,0.12999399074999998
2024-02-25T13:00,3600,0.0,0.13105172282000002,0.0,0.0,0.0,0.13105172282000002
2024-02-25T14:00,3600,0.0,0.11956017615000002,0.0,0.0,0.0,0.11956017615000002
2024-02-25T15:00,3600,0.0,0.10225887676,0.0,0.0,0.0,0.10225887676
2024-02-25T16:00,3600,0.0,0.07036342632999999,0.0,0.0,0.0,0.07036342632999999
2024-02-25T17:00,3600,0.0,0.05633249356,0.0,0.0,0.0,0.05633249356
2024-02-25T18:00,3600,0.0,0.022096841550000003,0.0,0.0,0.0,0.022096841550000003
2024-02-25T19:00,3600,0.0,0.0,0.0,0.0,0.0,0.0
2024-02-25T20:00,3600,0.0,0.0,0.0,0.0,0.0,0.0
2024-02-25T21:00,3600,0.0,0.0,0.0,0.0,0.0,0.0
2024-02-25T22:00,3600,0.0,0.0,0.0,0.0,0.0,0.0
2024-02-25T23:00,3600,0.0,0.0,0.0,0.0,0.0,0.0
2024-02-26T00:00,3600,0.0,0.0,0.0,0.0,0.0,0.0
2024-02-26T01:00,3600,0.0,0.0,0.0,0.0,0.0,0.0
2024-02-26T02:00,3600,0.0,0.0,0.0,0.0,0.0,0.0
2024-02-26T03:00,3600,0.0,0.0,0.0,0.0,0.0,0.0
2024-02-26T04:00,3600,0.0,0.0,0.0,0.0,0.0,0.0
2024-02-26T05:00,3600,0.0,0.0,0.0,0.0,0.0,0.0
2024-02-26T06:00,3600,0.0,0.0,0.0,0.0,0.0,0.0
2024-02-26T07:00,3600,0.0,0.0,0.0,0.0,0.0,0.0
2024-02-26T08:00,3600,0.0,0.01468843303,0.0,0.0,0.0,0.01468843303
2024-02-26T09:00,3600,0.0,0.060187400780000004,0.0,0.0,0.0,0.060187400780000004
2024-02-26T10:00,3600,0.0,0.12024975992,0.0,0.0,0.0,0.12024975992
2024-02-26T11:00,3600,0.0,0.16506291578,0.0,0.0,0.0,0.16506291578
2024-02-26T12:00,3600,0.0,0.21920568263,0.0,0.0,0.0,0.21920568263
2024-02-26T13:00,3600,0.0,0.23466185437999998,0.0,0.0,0.0,0.23466185437999998
2024-02-26T14:00,3600,0.0,0.30956405095,0.0,0.0,0.0,0.30956405095
2024-02-26T15:00,3600,0.0,0.26448752017,0.0,0.0,0.0,0.26448752017
2024-02-26T16:00,3600,0.0,0.15793553185999998,0.0,0.0,0.0,0.15793553185999998
2024-02-26T17:00,3600,0.0,0.11772880146,0.0,0.0,0.0,0.11772880146
2024-02-26T18:00,3600,0.0,0.040109358149999996,0.0,0.0,0.0,0.040109358149999996
2024-02-26T19:00,3600,0.0,0.0,0.0,0.0,0.0,0.0
2024-02-26T20:00,3600,0.0,0.0,0.0,0.0,0.0,0.0
2024-02-26T21:00,3600,0.0,0.0,0.0,0.0,0.0,0.0
2024-02-26T22:00,3600,0.0,0.0,0.0,0.0,0.0,0.0
2024-02-26T23:00,3600,0.0,0.0,0.0,0.0,0.0,0.0
2024-02-27T00:00,3600,0.0,0.0,0.0,0.0,0.0,0.0
2024-02-27T01:00,3600,0.0,0.0,0.0,0.0,0.0,0.0
2024-02-27T02:00,3600,0.0,0.0,0.0,0.0,0.0,0.0
2024-02-27T03:00,3600,0.0,0.0,0.0,0.0,0.0,0.0
2024-02-27T04:00,3600,0.0,0.0,0.0,0.0,0.0,0.0
2024-02-27T05:00,3600,0.0,0.0,0.0,0.0,0.0,0.0
2024-02-27T06:00,3600,0.0,0.0,0.0,0.0,0.0,0.0
2024-02-27T07:00,3600,0.0,0.0,0.0,0.0,0.0,0.0
2024-02-27T08:00,3600,0.0,0.01033293964,0.0,0.0,0.0,0.01033293964
2024-02-27T09:00,3600,0.0,0.040681045119999995,0.0,0.0,0.0,0.040681045119999995
2024-02-27T10:00,3600,0.0,0.08802056335000001,0.0,0.0,0.0,0.08802056335000001
2024-02-27T11:00,3600,0.0,0.14574439264,0.0,0.0,0.0,0.14574439264
2024-02-27T12:00,3600,0.0,0.2380081425,0.0,0.0,0.0,0.2380081425
2024-02-27T13:00,3600,0.0,0.43446815595,0.0,0.0,0.0,0.43446815595
2024-02-27T14:00,3600,0.0,0.39530277224,0.0,0.0,0.0,0.39530277224
2024-02-27T15:00,3600,0.0,0.10705919975,0.0,0.0,0.0,0.10705919975
2024-02-27T16:00,3600,0.0,0.12697716819,0.0,0.0,0.0,0.12697716819
2024-02-27T17:00,3600,0.0,0.06551500233999999,0.0,0.0,0.0,0.06551500233999999
2024-02-27T18:00,3600,0.0,0.02064514435,0.0,0.0,0.0,0.02064514435
2024-02-27T19:00,3600,0.0,0.0,0.0,0.0,0.0,0.0
2024-02-27T20:00,3600,0.0,0.0,0.0,0.0,0.0,0.0
2024-02-27T21:00,3600,0.0,0.0,0.0,0.0,0.0,0.0
2024-02-27T22:00,3600,0.0,0.0,0.0,0.0,0.0,0.0
2024-02-27T23:00,3600,0.0,0.0,0.0,0.0,0.0,0.0
2024-02-28T00:00,3600,0.0,0.0,0.0,0.0,0.0,0.0
2024-02-28T01:00,3600,0.0,0.0,0.0,0.0,0.0,0.0
2024-02-28T02:00,3600,0.0,0.0,0.0,0.0,0.0,0.0
2024-02-28T03:00,3600,0.0,0.0,0.0,0.0,0.0,0.0
2024-02-28T04:00,3600,0.0,0.0,0.0,0.0,0.0,0.0
2024-02-28T05:00,3600,0.0,0.0,0.0,0.0,0.0,0.0
2024-02-28T06:00,3600,0.0,0.0,0.0,0.0,0.0,0.0
2024-02-28T07:00,3600,0.0,0.0,0.0,0.0,0.0,0.0
2024-02-28T08:00,3600,0.0,0.00508931338,0.0,0.0,0.0,0.00508931338
2024-02-28T09:00,3600,0.0,0.06163969644,0.0,0.0,0.0,0.06163969644
2024-02-28T10:00,3600,0.0,0.10241416117,0.0,0.0,0.0,0.10241416117
2024-02-28T11:00,3600,0.0,0.11958404599000001,0.0,0.0,0.0,0.11958404599000001
2024-02-28T12:00,3600,0.0,0.30673040078,0.0,0.0,0.0,0.30673040078
2024-02-28T13:00,3600,0.0,0.38786352378,0.0,0.0,0.0,0.38786352378
2024-02-28T14:00,3600,0.0,0.45202790172,0.0,0.0,0.0,0.45202790172
2024-02-28T15:00,3600,0.0,0.22342015749,0.0,0.0,0.0,0.22342015749
2024-02-28T16:00,3600,0.0,0.15367644894000002,0.0,0.0,0.0,0.15367644894000002
2024-02-28T17:00,3600,0.0,0.10066569452000002,0.0,0.0,0.0,0.10066569452000002
2024-02-28T18:00,3600,0.0,0.03684010574,0.0,0.0,0.0,0.03684010574
2024-02-28T19:00,3600,0.0,0.0,0.0,0.0,0.0,0.0
2024-02-28T20:00,3600,0.0,0.0,0.0,0.0,0.0,0.0
2024-02-28T21:00,3600,0.0,0.0,0.0,0.0,0.0,0.0
2024-02-28T22:00,3600,0.0,0.0,0.0,0.0,0.0,0.0
2024-02-28T23:00,3600,0.0,0.0,0.0,0.0,0.0,0.0
2024-02-29T00:00,3600,0.0,0.0,0.0,0.0,0.0,0.0
2024-02-29T01:00,3600,0.0,0.0,0.0,0.0,0.0,0.0
2024-02-29T02:00,3600,0.0,0.0,0.0,0.0,0.0,0.0
2024-02-29T03:00,3600,0.0,0.0,0.0,0.0,0.0,0.0
2024-02-29T04:00,3600,0.0,0.0,0.0,0.0,0.0,0.0
2024-02-29T05:00,3600,0.0,0.0,0.0,0.0,0.0,0.0
2024-02-29T06:00,3600,0.0,0.0,0.0,0.0,0.0,0.0
2024-02-29T07:00,3600,0.0,0.0,0.0,0.0,0.0,0.0
2024-02-29T08:00,3600,0.0,0.00670039578,0.0,0.0,0.0,0.00670039578
2024-02-29T09:00,3600,0.0,0.05701835972,0.0,0.0,0.0,0.05701835972
2024-02-29T10:00,3600,0.0,0.10318216944,0.0,0.0,0.0,0.10318216944
2024-02-29T11:00,3600,0.0,0.14458034945,0.0,0.0,0.0,0.14458034945
2024-02-29T12:00,3600,0.0,0.11887613822999998,0.0,0.0,0.0,0.11887613822999998
2024-02-29T13:00,3600,0.0,0.10587857191000001,0.0,0.0,0.0,0.10587857191000001
2024-02-29T14:00,3600,0.0,0.12800433902000002,0.0,0.0,0.0,0.12800433902000002
2024-02-29T15:00,3600,0.0,0.04145732699,0.0,0.0,0.0,0.04145732699
2024-02-29T16:00,3600,0.0,0.06171075865,0.0,0.0,0.0,0.06171075865
2024-02-29T17:00,3600,0.0,0.047236406110000004,0.0,0.0,0.0,0.047236406110000004
2024-02-29T18:00,3600,0.0,0.01267997255,0.0,0.0,0.0,0.01267997255
2024-02-29T19:00,3600,0.0,0.0,0.0,0.0,0.0,0.0
2024-02-29T20:00,3600,0.0,0.0,0.0,0.0,0.0,0.0
2024-02-29T21:00,3600,0.0,0.0,0.0,0.0,0.0,0.0
2024-02-29T22:00,3600,0.0,0.0,0.0,0.0,0.0,0.0
2024-02-29T23:00,3600,0.0,0.0,0.0,0.0,0.0,0.0
2024-03-01T00:00,3600,0.0,0.0,0.0,0.0,0.0,0.0
2024-03-01T01:00,3600,0.0,0.0,0.0,0.0,0.0,0.0
2024-03-01T02:00,3600,0.0,0.0,0.0,0.0,0.0,0.0
2024-03-01T03:00,3600,0.0,0.0,0.0,0.0,0.0,0.0
2024-03-01T04:00,3600,0.0,0.0,0.0,0.0,0.0,0.0
2024-03-01T05:00,3600,0.0,0.0,0.0,0.0,0.0,0.0
2024-03-01T06:00,3600,0.0,0.0,0.0,0.0,0.0,0.0
2024-03-01T07:00,3600,0.0,0.0,0.0,0.0,0.0,0.0
2024-03-01T08:00,3600,0.0,0.010364807819999999,0.0,0.0,0.0,0.010364807819999999
2024-03-01T09:00,3600,0.0,0.04713651789,0.0,0.0,0.0,0.04713651789
2024-03-01T10:00,3600,0.0,0.10323204505,0.0,0.0,0.0,0.10323204505
2024-03-01T11:00,3600,0.0,0.12379530377000002,0.0,0.0,0.0,0.12379530377000002
2024-03-01T12:00,3600,0.0,0.17949352746,0.0,0.0,0.0,0.17949352746
2024-03-01T13:00,3600,0.0,0.24430677856000002,0.0,0.0,0.0,0.24430677856000002
2024-03-01T14:00,3600,0.0,0.20159150432,0.0,0.0,0.0,0.20159150432
2024-03-01T15:00,3600,0.0,0.09098073283,0.0,0.0,0.0,0.09098073283
2024-03-01T16:00,3600,0.0,0.08804610473,0.0,0.0,0.0,0.08804610473
2024-03-01T17:00,3600,0.0,0.0335053417,0.0,0.0,0.0,0.0335053417
2024-03-01T18:00,3600,0.0,0.00856306015,0.0,0.0,0.0,0.00856306015
2024-03-01T19:00,3600,0.0,0.0,0.0,0.0,0.0,0.0
2024-03-01T20:00,3600,0.0,0.0,0.0,0.0,0.0,0.0
2024-03-01T21:00,3600,0.0,0.0,0.0,0.0,0.0,0.0
2024-03-01T22:00,3600,0.0,0.0,0.0,0.0,0.0,0.0
2024-03-01T23:00,3600,0.0,0.0,0.0,0.0,0.0,0.0
2024-03-02T00:00,3600,0.0,0.0,0.0,0.0,0.0,0.0
2024-03-02T01:00,3600,0.0,0.0,0.0,0.0,0.0,0.0
2024-03-02T02:00,3600,0.0,0.0,0.0,0.0,0.0,0.0
2024-03-02T03:00,3600,0.0,0.0,0.0,0.0,0.0,0.0
2024-03-02T04:00,3600,0.0,0.0,0.0,0.0,0.0,0.0
2024-03-02T05:00,3600,0.0,0.0,0.0,0.0,0.0,0.0
2024-03-02T06:00,3600,0.0,0.0,0.0,0.0,0.0,0.0
2024-03-02T07:00,3600,0.0,0.0,0.0,0.0,0.0,0.0
2024-03-02T08:00,3600,0.0,0.006020285849999999,0.0,0.0,0.0,0.006020285849999999
2024-03-02T09:00,3600,0.0,0.03724752103000001,0.0,0.0,0.0,0.03724752103000001
2024-03-02T10:00,3600,0.0,0.15558844004,0.0,0.0,0.0,0.15558844004
2024-03-02T11:00,3600,0.0,0.36219370436000003,0.0,0.0,0.0,0.36219370436000003
2024-03-02T12:00,3600,0.0,0.6097314489300001,0.0,0.0,0.0,0.6097314489300001
2024-03-02T13:00,3600,0.0,0.67968093534,0.0,0.0,0.0,0.67968093534
2024-03-02T14:00,3600,0.0,0.62063541421,0.0,0.0,0.0,0.62063541421
2024-03-02T15:00,3600,0.0,0.29524298775,0.0,0.0,0.0,0.29524298775
2024-03-02T16:00,3600,0.0,0.2067186544,0.0,0.0,0.0,0.2067186544
2024-03-02T17:00,3600,0.0,0.14547249041000002,0.0,0.0,0.0,0.14547249041000002
2024-03-02T18:00,3600,0.0,0.03856045493,0.0,0.0,0.0,0.03856045493
2024-03-02T19:00,3600,0.0,0.00081957002,0.0,0.0,0.0,0.00081957002
2024-03-02T20:00,3600,0.0,0.0,0.0,0.0,0.0,0.0
2024-03-02T21:00,3600,0.0,0.0,0.0,0.0,0.0,0.0
2024-03-02T22:00,3600,0.0,0.0,0.0,0.0,0.0,0.0
2024-03-02T23:00,3600,0.0,0.0,0.0,0.0,0.0,0.0
2024-03-03T00:00,3600,0.0,0.0,0.0,0.0,0.0,0.0
2024-03-03T01:00,3600,0.0,0.0,0.0,0.0,0.0,0.0
2024-03-03T02:00,3600,0.0,0.0,0.0,0.0,0.0,0.0
2024-03-03T03:00,3600,0.0,0.0,0.0,0.0,0.0,0.0
2024-03-03T04:00,3600,0.0,0.0,0.0,0.0,0.0,0.0
2024-03-03T05:00,3600,0.0,0.0,0.0,0.0,0.0,0.0
2024-03-03T06:00,3600,0.0,0.0,0.0,0.0,0.0,0.0
2024-03-03T07:00,3600,0.0,0.0,0.0,0.0,0.0,0.0
2024-03-03T08:00,3600,0.0,0.0084465041,0.0,0.0,0.0,0.0084465041
2024-03-03T09:00,3600,0.0,0.04256525623000001,0.0,0.0,0.0,0.04256525623000001
2024-03-03T10:00,3600,0.0,0.09414864598,0.0,0.0,0.0,0.09414864598
2024-03-03T11:00,3600,0.0,0.10822276699,0.0,0.0,0.0,0.10822276699
2024-03-03T12:00,3600,0.0,0.18780598244,0.0,0.0,0.0,0.18780598244
2024-03-03T13:00,3600,0.0,0.15979493200999997,0.0,0.0,0.0,0.15979493200999997
2024-03-03T14:00,3600,0.0,0.16037397806,0.0,0.0,0.0,0.16037397806
2024-03-03T15:00,3600,0.0,0.20844157952,0.0,0.0,0.0,0.20844157952
2024-03-03T16:00,3600,0.0,0.10683471667000001,0.0,0.0,0.0,0.10683471667000001
2024-03-03T17:00,3600,0.0,0.07342772582,0.0,0.0,0.0,0.07342772582
2024-03-03T18:00,3600,0.0,0.01433720464,0.0,0.0,0.0,0.01433720464
2024-03-03T19:00,3600,0.0,0.0,0.0,0.0,0.0,0.0
2024-03-03T20:00,3600,0.0,0.0,0.0,0.0,0.0,0.0
2024-03-03T21:00,3600,0.0,0.0,0.0,0.0,0.0,0.0
2024-03-03T22:00,3600,0.0,0.0,0.0,0.0,0.0,0.0
2024-03-03T23:00,3600,0.0,0.0,0.0,0.0,0.0,0.0
2024-03-04T00:00,3600,0.0,0.0,0.0,0.0,0.0,0.0
2024-03-04T01:00,3600,0.0,0.0,0.0,0.0,0.0,0.0
2024-03-04T02:00,3600,0.0,0.0,0.0,0.0,0.0,0.0
2024-03-04T03:00,3600,0.0,0.0,0.0,0.0,0.0,0.0
2024-03-04T04:00,3600,0.0,0.0,0.0,0.0,0.0,0.0
2024-03-04T05:00,3600,0.0,0.0,0.0,0.0,0.0,0.0
2024-03-04T06:00,3600,0.0,0.0,0.0,0.0,0.0,0.0
2024-03-04T07:00,3600,0.0,0.0,0.0,0.0,0.0,0.0
2024-03-04T08:00,3600,0.0,0.00405743292,0.0,0.0,0.0,0.00405743292
2024-03-04T09:00,3600,0.0,0.04259329068,0.0,0.0,0.0,0.04259329068
2024-03-04T10:00,3600,0.0,0.08013590099,0.0,0.0,0.0,0.08013590099
2024-03-04T11:00,3600,0.0,0.23901171456,0.0,0.0,0.0,0.23901171456
2024-03-04T12:00,3600,0.0,0.19944848651000002,0.0,0.0,0.0,0.19944848651000002
2024-03-04T13:00,3600,0.0,0.30904943512,0.0,0.0,0.0,0.30904943512
2024-03-04T14:00,3600,0.0,0.24985705034,0.0,0.0,0.0,0.24985705034
2024-03-04T15:00,3600,0.0,0.21291039607999998,0.0,0.0,0.0,0.21291039607999998
2024-03-04T16:00,3600,0.0,0.11706663016999999,0.0,0.0,0.0,0.11706663016999999
2024-03-04T17:00,3600,0.0,0.07695910218,0.0,0.0,0.0,0.07695910218
2024-03-04T18:00,3600,0.0,0.03523077156,0.0,0.0,0.0,0.03523077156
2024-03-04T19:00,3600,0.0,0.00067550607,0.0,0.0,0.0,0.00067550607
2024-03-04T20:00,3600,0.0,0.0,0.0,0.0,0.0,0.0
2024-03-04T21:00,3600,0.0,0.0,0.0,0.0,0.0,0.0
2024-03-04T22:00,3600,0.0,0.0,0.0,0.0,0.0,0.0
2024-03-04T23:00,3600,0.0,0.0,0.0,0.0,0.0,0.0
2024-03-05T00:00,3600,0.0,0.0,0.0,0.0,0.0,0.0
2024-03-05T01:00,3600,0.0,0.0,0.0,0.0,0.0,0.0
2024-03-05T02:00,3600,0.0,0.0,0.0,0.0,0.0,0.0
2024-03-05T03:00,3600,0.0,0.0,0.0,0.0,0.0,0.0
2024-03-05T04:00,3600,0.0,0.0,0.0,0.0,0.0,0.0
2024-03-05T05:00,3600,0.0,0.0,0.0,0.0,0.0,0.0
2024-03-05T06:00,3600,0.0,0.0,0.0,0.0,0.0,0.0
2024-03-05T07:00,3600,0.0,0.0,0.0,0.0,0.0,0.0
2024-03-05T08:00,3600,0.0,0.01126930013,0.0,0.0,0.0,0.01126930013
2024-03-05T09:00,3600,0.0,0.08524943518,0.0,0.0,0.0,0.08524943518
2024-03-05T10:00,3600,0.0,0.15535339664,0.0,0.0,0.0,0.15535339664
2024-03-05T11:00,3600,0.0,0.31167870610000004,0.0,0.0,0.0,0.31167870610000004
2024-03-05T12:00,3600,0.0,0.43915127716999997,0.0,0.0,0.0,0.43915127716999997
2024-03-05T13:00,3600,0.0,0.37348768826000006,0.0,0.0,0.0,0.37348768826000006
2024-03-05T14:00,3600,0.0,0.35520983228999997,0.0,0.0,0.0,0.35520983228999997
2024-03-05T15:00,3600,0.0,0.25324992416000003,0.0,0.0,0.0,0.25324992416000003
2024-03-05T16:00,3600,0.0,0.20499957217999998,0.0,0.0,0.0,0.20499957217999998
2024-03-05T17:00,3600,0.0,0.15126319349999998,0.0,0.0,0.0,0.15126319349999998
2024-03-05T18:00,3600,0.0,0.05113138934,0.0,0.0,0.0,0.05113138934
2024-03-05T19:00,3600,0.0,0.0022191049399999997,0.0,0.0,0.0,0.0022191049399999997
2024-03-05T20:00,3600,0.0,0.0,0.0,0.0,0.0,0.0
2024-03-05T21:00,3600,0.0,0.0,0.0,0.0,0.0,0.0
2024-03-05T22:00,3600,0.0,0.0,0.0,0.0,0.0,0.0
2024-03-05T23:00,3600,0.0,0.0,0.0,0.0,0.0,0.0
2024-03-06T00:00,3600,0.0,0.0,0.0,0.0,0.0,0.0
2024-03-06T01:00,3600,0.0,0.0,0.0,0.0,0.0,0.0
2024-03-06T02:00,3600,0.0,0.0,0.0,0.0,0.0,0.0
2024-03-06T03:00,3600,0.0,0.0,0.0,0.0,0.0,0.0
2024-03-06T04:00,3600,0.0,0.0,0.0,0.0,0.0,0.0
2024-03-06T05:00,3600,0.0,0.0,0.0,0.0,0.0,0.0
2024-03-06T06:00,3600,0.0,0.0,0.0,0.0,0.0,0.0
2024-03-06T07:00,3600,0.0,0.0,0.0,0.0,0.0,0.0
2024-03-06T08:00,3600,0.0,0.01389922656,0.0,0.0,0.0,0.01389922656
2024-03-06T09:00,3600,0.0,0.052819545669999995,0.0,0.0,0.0,0.052819545669999995
2024-03-06T10:00,3600,0.0,0.11817847777999999,0.0,0.0,0.0,0.11817847777999999
2024-03-06T11:00,3600,0.0,0.17160795516,0.0,0.0,0.0,0.17160795516
2024-03-06T12:00,3600,0.0,0.23871963319,0.0,0.0,0.0,0.23871963319
2024-03-06T13:00,3600,0.0,0.21660461136,0.0,0.0,0.0,0.21660461136
2024-03-06T14:00,3600,0.0,0.18937312182000002,0.0,0.0,0.0,0.18937312182000002
2024-03-06T15:00,3600,0.0,0.08673721084000001,0.0,0.0,0.0,0.08673721084000001
2024-03-06T16:00,3600,0.0,0.10394103943,0.0,0.0,0.0,0.10394103943
2024-03-06T17:00,3600,0.0,0.049777867059999995,0.0,0.0,0.0,0.049777867059999995
2024-03-06T18:00,3600,0.0,0.01365938635,0.0,0.0,0.0,0.01365938635
2024-03-06T19:00,3600,0.0,0.0,0.0,0.0,0.0,0.0
2024-03-06T20:00,3600,0.0,0.0,0.0,0.0,0.0,0.0
2024-03-06T21:00,3600,0.0,0.0,0.0,0.0,0.0,0.0
2024-03-06T22:00,3600,0.0,0.0,0.0,0.0,0.0,0.0
2024-03-06T23:00,3600,0.0,0.0,0.0,0.0,0.0,0.0
2024-03-07T00:00,3600,0.0,0.0,0.0,0.0,0.0,0.0
2024-03-07T01:00,3600,0.0,0.0,0.0,0.0,0.0,0.0
2024-03-07T02:00,3600,0.0,0.0,0.0,0.0,0.0,0.0
2024-03-07T03:00,3600,0.0,0.0,0.0,0.0,0.0,0.0
2024-03-07T04:00,3600,0.0,0.0,0.0,0.0,0.0,0.0
2024-03-07T05:00,3600,0.0,0.0,0.0,0.0,0.0,0.0
2024-03-07T06:00,3600,0.0,0.0,0.0,0.0,0.0,0.0
2024-03-07T07:00,3600,0.0,0.0,0.0,0.0,0.0,0.0
2024-03-07T08:00,3600,0.0,0.0074598281,0.0,0.0,0.0,0.0074598281
2024-03-07T09:00,3600,0.0,0.04701614161999999,0.0,0.0,0.0,0.04701614161999999
2024-03-07T10:00,3600,0.0,0.08714970208,0.0,0.0,0.0,0.08714970208
2024-03-07T11:00,3600,0.0,0.10417592145000001,0.0,0.0,0.0,0.10417592145000001
2024-03-07T12:00,3600,0.0,0.14220370506,0.0,0.0,0.0,0.14220370506
2024-03-07T13:00,3600,0.0,0.15458735294,0.0,0.0,0.0,0.15458735294
2024-03-07T14:00,3600,0.0,0.19424950322999998,0.0,0.0,0.0,0.19424950322999998
2024-03-07T15:00,3600,0.0,0.22375492568999997,0.0,0.0,0.0,0.22375492568999997
2024-03-07T16:00,3600,0.0,0.16040155918000001,0.0,0.0,0.0,0.16040155918000001
2024-03-07T17:00,3600,0.0,0.12401534074000001,0.0,0.0,0.0,0.12401534074000001
2024-03-07T18:00,3600,0.0,0.040942593840000006,0.0,0.0,0.0,0.040942593840000006
2024-03-07T19:00,3600,0.0,0.0007381134700000001,0.0,0.0,0.0,0.0007381134700000001
2024-03-07T20:00,3600,0.0,0.0,0.0,0.0,0.0,0.0
2024-03-07T21:00,3600,0.0,0.0,0.0,0.0,0.0,0.0
2024-03-07T22:00,3600,0.0,0.0,0.0,0.0,0.0,0.0
2024-03-07T23:00,3600,0.0,0.0,0.0,0.0,0.0,0.0
2024-03-08T00:00,3600,0.0,0.0,0.0,0.0,0.0,0.0
2024-03-08T01:00,3600,0.0,0.0,0.0,0.0,0.0,0.0
2024-03-08T02:00,3600,0.0,0.0,0.0,0.0,0.0,0.0
2024-03-08T03:00,3600,0.0,0.0,0.0,0.0,0.0,0.0
2024-03-08T04:00,3600,0.0,0.0,0.0,0.0,0.0,0.0
2024-03-08T05:00,3600,0.0,0.0,0.0,0.0,0.0,0.0
2024-03-08T06:00,3600,0.0,0.0,0.0,0.0,0.0,0.0
2024-03-08T07:00,3600,0.0,0.0,0.0,0.0,0.0,0.0
2024-03-08T08:00,3600,0.0,0.034374528089999995,0.0,0.0,0.0,0.034374528089999995
2024-03-08T09:00,3600,0.0,0.11588014057,0.0,0.0,0.0,0.11588014057
2024-03-08T10:00,3600,0.0,0.29924522174999996,0.0,0.0,0.0,0.29924522174999996
2024-03-08T11:00,3600,0.0,0.34837872313,0.0,0.0,0.0,0.34837872313
2024-03-08T12:00,3600,0.0,0.49616151352000004,0.0,0.0,0.0,0.49616151352000004
2024-03-08T13:00,3600,0.0,0.57449987415,0.0,0.0,0.0,0.57449987415
2024-03-08T14:00,3600,0.0,0.50116600241,0.0,0.0,0.0,0.50116600241
2024-03-08T15:00,3600,0.0,0.48233527858,0.0,0.0,0.0,0.48233527858
2024-03-08T16:00,3600,0.0,0.35644963739999996,0.0,0.0,0.0,0.35644963739999996
2024-03-08T17:00,3600,0.0,0.20275009168,0.0,0.0,0.0,0.20275009168
2024-03-08T18:00,3600,0.0,0.06058144162,0.0,0.0,0.0,0.06058144162
2024-03-08T19:00,3600,0.0,0.00154045812,0.0,0.0,0.0,0.00154045812
2024-03-08T20:00,3600,0.0,0.0,0.0,0.0,0.0,0.0
2024-03-08T21:00,3600,0.0,0.0,0.0,0.0,0.0,0.0
2024-03-08T22:00,3600,0.0,0.0,0.0,0.0,0.0,0.0
2024-03-08T23:00,3600,0.0,0.0,0.0,0.0,0.0,0.0
2024-03-09T00:00,3600,0.0,0.0,0.0,0.0,0.0,0.0
2024-03-09T01:00,3600,0.0,0.0,0.0,0.0,0.0,0.0
2024-03-09T02:00,3600,0.0,0.0,0.0,0.0,0.0,0.0
2024-03-09T03:00,3600,0.0,0.0,0.0,0.0,0.0,0.0
2024-03-09T04:00,3600,0.0,0.0,0.0,0.0,0.0,0.0
2024-03-09T05:00,3600,0.0,0.0,0.0,0.0,0.0,0.0
2024-03-09T06:00,3600,0.0,0.0,0.0,0.0,0.0,0.0
2024-03-09T07:00,3600,0.0,0.0,0.0,0.0,0.0,0.0
2024-03-09T08:00,3600,0.0,0.01137650471,0.0,0.0,0.0,0.01137650471
2024-03-09T09:00,3600,0.0,0.027436758309999996,0.0,0.0,0.0,0.027436758309999996
2024-03-09T10:00,3600,0.0,0.06050374157,0.0,0.0,0.0,0.06050374157
2024-03-09T11:00,3600,0.0,0.12069600846999999,0.0,0.0,0.0,0.12069600846999999
2024-03-09T12:00,3600,0.0,0.13314581253,0.0,0.0,0.0,0.13314581253
2024-03-09T13:00,3600,0.0,0.10433083479,0.0,0.0,0.0,0.10433083479
2024-03-09T14:00,3600,0.0,0.06733804531,0.0,0.0,0.0,0.06733804531
2024-03-09T15:00,3600,0.0,0.08127396034,0.0,0.0,0.0,0.08127396034
2024-03-09T16:00,3600,0.0,0.08931723522,0.0,0.0,0.0,0.08931723522
2024-03-09T17:00,3600,0.0,0.030102953029999997,0.0,0.0,0.0,0.030102953029999997
2024-03-09T18:00,3600,0.0,0.010159233240000001,0.0,0.0,0.0,0.010159233240000001
2024-03-09T19:00,3600,0.0,0.0,0.0,0.0,0.0,0.0
2024-03-09T20:00,3600,0.0,0.0,0.0,0.0,0.0,0.0
2024-03-09T21:00,3600,0.0,0.0,0.0,0.0,0.0,0.0
2024-03-09T22:00,3600,0.0,0.0,0.0,0.0,0.0,0.0
2024-03-09T23:00,3600,0.0,0.0,0.0,0.0,0.0,0.0
2024-03-10T00:00,3600,0.0,0.0,0.0,0.0,0.0,0.0
2024-03-10T01:00,3600,0.0,0.0,0.0,0.0,0.0,0.0
2024-03-10T02:00,3600,0.0,0.0,0.0,0.0,0.0,0.0
2024-03-10T03:00,3600,0.0,0.0,0.0,0.0,0.0,0.0
2024-03-10T04:00,3600,0.0,0.0,0.0,0.0,0.0,0.0
2024-03-10T05:00,3600,0.0,0.0,0.0,0.0,0.0,0.0
2024-03-10T06:00,3600,0.0,0.0,0.0,0.0,0.0,0.0
2024-03-10T07:00,3600,0.0,0.0,0.0,0.0,0.0,0.0
2024-03-10T08:00,3600,0.0,0.01517442222,0.0,0.0,0.0,0.01517442222
2024-03-10T09:00,3600,0.0,0.024320415539999998,0.0,0.0,0.0,0.024320415539999998
2024-03-10T10:00,3600,0.0,0.054143892240000005,0.0,0.0,0.0,0.054143892240000005
2024-03-10T11:00,3600,0.0,0.09064539064,0.0,0.0,0.0,0.09064539064
2024-03-10T12:00,3600,0.0,0.06067263266,0.0,0.0,0.0,0.06067263266
2024-03-10T13:00,3600,0.0,0.10925407882999999,0.0,0.0,0.0,0.10925407882999999
2024-03-10T14:00,3600,0.0,0.10065220512,0.0,0.0,0.0,0.10065220512
2024-03-10T15:00,3600,0.0,0.043388567329999995,0.0,0.0,0.0,0.043388567329999995
2024-03-10T16:00,3600,0.0,0.020895376139999998,0.0,0.0,0.0,0.020895376139999998
2024-03-10T17:00,3600,0.0,0.02508091635,0.0,0.0,0.0,0.02508091635
2024-03-10T18:00,3600,0.0,0.00331015202,0.0,0.0,0.0,0.00331015202
2024-03-10T19:00,3600,0.0,0.0,0.0,0.0,0.0,0.0
2024-03-10T20:00,3600,0.0,0.0,0.0,0.0,0.0,0.0
2024-03-10T21:00,3600,0.0,0.0,0.0,0.0,0.0,0.0
2024-03-10T22:00,3600,0.0,0.0,0.0,0.0,0.0,0.0
2024-03-10T23:00,3600,0.0,0.0,0.0,0.0,0.0,0.0
2024-03-11T00:00,3600,0.0,0.0,0.0,0.0,0.0,0.0
2024-03-11T01:00,3600,0.0,0.0,0.0,0.0,0.0,0.0
2024-03-11T02:00,3600,0.0,0.0,0.0,0.0,0.0,0.0
2024-03-11T03:00,3600,0.0,0.0,0.0,0.0,0.0,0.0
2024-03-11T04:00,3600,0.0,0.0,0.0,0.0,0.0,0.0
2024-03-11T05:00,3600,0.0,0.0,0.0,0.0,0.0,0.0
2024-03-11T06:00,3600,0.0,0.0,0.0,0.0,0.0,0.0
2024-03-11T07:00,3600,0.0,0.0,0.0,0.0,0.0,0.0
2024-03-11T08:00,3600,0.0,0.006348838690000001,0.0,0.0,0.0,0.006348838690000001
2024-03-11T09:00,3600,0.0,0.02913489059,0.0,0.0,0.0,0.02913489059
2024-03-11T10:00,3600,0.0,0.04339981817000001,0.0,0.0,0.0,0.04339981817000001
2024-03-11T11:00,3600,0.0,0.08655822148,0.0,0.0,0.0,0.08655822148
2024-03-11T12:00,3600,0.0,0.08542621727,0.0,0.0,0.0,0.08542621727
2024-03-11T13:00,3600,0.0,0.09678283915000001,0.0,0.0,0.0,0.09678283915000001
2024-03-11T14:00,3600,0.0,0.20778666293,0.0,0.0,0.0,0.20778666293
2024-03-11T15:00,3600,0.0,0.23617004830000002,0.0,0.0,0.0,0.23617004830000002
2024-03-11T16:00,3600,0.0,0.32075388697,0.0,0.0,0.0,0.32075388697
2024-03-11T17:00,3600,0.0,0.14209530928,0.0,0.0,0.0,0.14209530928
2024-03-11T18:00,3600,0.0,0.06656486219,0.0,0.0,0.0,0.06656486219
2024-03-11T19:00,3600,0.0,0.00325600818,0.0,0.0,0.0,0.00325600818
2024-03-11T20:00,3600,0.0,0.0,0.0,0.0,0.0,0.0
2024-03-11T21:00,3600,0.0,0.0,0.0,0.0,0.0,0.0
2024-03-11T22:00,3600,0.0,0.0,0.0,0.0,0.0,0.0
2024-03-11T23:00,3600,0.0,0.0,0.0,0.0,0.0,0.0
2024-03-12T00:00,3600,0.0,0.0,0.0,0.0,0.0,0.0
2024-03-12T01:00,3600,0.0,0.0,0.0,0.0,0.0,0.0
2024-03-12T02:00,3600,0.0,0.0,0.0,0.0,0.0,0.0
2024-03-12T03:00,3600,0.0,0.0,0.0,0.0,0.0,0.0
2024-03-12T04:00,3600,0.0,0.0,0.0,0.0,0.0,0.0
2024-03-12T05:00,3600,0.0,0.0,0.0,0.0,0.0,0.0
2024-03-12T06:00,3600,0.0,0.0,0.0,0.0,0.0,0.0
2024-03-12T07:00,3600,0.0,0.00164758404,0.0,0.0,0.0,0.00164758404
2024-03-12T08:00,3600,0.0,0.16279705683,0.0,0.0,0.0,0.16279705683
2024-03-12T09:00,3600,0.0,0.40956148758,0.0,0.0,0.0,0.40956148758
2024-03-12T10:00,3600,0.0,0.60627414791,0.0,0.0,0.0,0.60627414791
2024-03-12T11:00,3600,0.0,0.6947424,0.0,0.0,0.0,0.6947424
2024-03-12T12:00,3600,0.0,0.6947424,0.0,0.0,0.0,0.6947424
2024-03-12T13:00,3600,0.0,0.6947424,0.0,0.0,0.0,0.6947424
2024-03-12T14:00,3600,0.0,0.68933963296,0.0,0.0,0.0,0.68933963296
2024-03-12T15:00,3600,0.0,0.57451413795,0.0,0.0,0.0,0.57451413795
2024-03-12T16:00,3600,0.0,0.41677382497000004,0.0,0.0,0.0,0.41677382497000004
2024-03-12T17:00,3600,0.0,0.23350792318,0.0,0.0,0.0,0.23350792318
2024-03-12T18:00,3600,0.0,0.06287154253,0.0,0.0,0.0,0.06287154253
2024-03-12T19:00,3600,0.0,0.00403756687,0.0,0.0,0.0,0.00403756687
2024-03-12T20:00,3600,0.0,0.0,0.0,0.0,0.0,0.0
2024-03-12T21:00,3600,0.0,0.0,0.0,0.0,0.0,0.0
2024-03-12T22:00,3600,0.0,0.0,0.0,0.0,0.0,0.0
2024-03-12T23:00,3600,0.0,0.0,0.0,0.0,0.0,0.0
2024-03-13T00:00,3600,0.0,0.0,0.0,0.0,0.0,0.0
2024-03-13T01:00,3600,0.0,0.0,0.0,0.0,0.0,0.0
2024-03-13T02:00,3600,0.0,0.0,0.0,0.0,0.0,0.0
2024-03-13T03:00,3600,0.0,0.0,0.0,0.0,0.0,0.0
2024-03-13T04:00,3600,0.0,0.0,0.0,0.0,0.0,0.0
2024-03-13T05:00,3600,0.0,0.0,0.0,0.0,0.0,0.0
2024-03-13T06:00,3600,0.0,0.0,0.0,0.0,0.0,0.0
2024-03-13T07:00,3600,0.0,0.0007071158899999999,0.0,0.0,0.0,0.0007071158899999999
2024-03-13T08:00,3600,0.0,0.11308112923,0.0,0.0,0.0,0.11308112923
2024-03-13T09:00,3600,0.0,0.21634481117999999,0.0,0.0,0.0,0.21634481117999999
2024-03-13T10:00,3600,0.0,0.29043433262,0.0,0.0,0.0,0.29043433262
2024-03-13T11:00,3600,0.0,0.37519657565000003,0.0,0.0,0.0,0.37519657565000003
2024-03-13T12:00,3600,0.0,0.51442928753,0.0,0.0,0.0,0.51442928753
2024-03-13T13:00,3600,0.0,0.44284871556,0.0,0.0,0.0,0.44284871556
2024-03-13T14:00,3600,0.0,0.31370418248,0.0,0.0,0.0,0.31370418248
2024-03-13T15:00,3600,0.0,0.23617020432,0.0,0.0,0.0,0.23617020432
2024-03-13T16:00,3600,0.0,0.13616688616,0.0,0.0,0.0,0.13616688616
2024-03-13T17:00,3600,0.0,0.04119301114999999,0.0,0.0,0.0,0.04119301114999999
2024-03-13T18:00,3600,0.0,0.00979018394,0.0,0.0,0.0,0.00979018394
2024-03-13T19:00,3600,0.0,0.0,0.0,0.0,0.0,0.0
2024-03-13T20:00,3600,0.0,0.0,0.0,0.0,0.0,0.0
2024-03-13T21:00,3600,0.0,0.0,0.0,0.0,0.0,0.0
2024-03-13T22:00,3600,0.0,0.0,0.0,0.0,0.0,0.0
2024-03-13T23:00,3600,0.0,0.0,0.0,0.0,0.0,0.0
2024-03-14T00:00,3600,0.0,0.0,0.0,0.0,0.0,0.0
2024-03-14T01:00,3600,0.0,0.0,0.0,0.0,0.0,0.0
2024-03-14T02:00,3600,0.0,0.0,0.0,0.0,0.0,0.0
2024-03-14T03:00,3600,0.0,0.0,0.0,0.0,0.0,0.0
2024-03-14T04:00,3600,0.0,0.0,0.0,0.0,0.0,0.0
2024-03-14T05:00,3600,0.0,0.0,0.0,0.0,0.0,0.0
2024-03-14T06:00,3600,0.0,0.0,0.0,0.0,0.0,0.0
2024-03-14T07:00,3600,0.0,0.0,0.0,0.0,0.0,0.0
2024-03-14T08:00,3600,0.0,0.019891264159999998,0.0,0.0,0.0,0.019891264159999998
2024-03-14T09:00,3600,0.0,0.0496680018,0.0,0.0,0.0,0.0496680018
2024-03-14T10:00,3600,0.0,0.08380292013,0.0,0.0,0.0,0.08380292013
2024-03-14T11:00,3600,0.0,0.11643881132999999,0.0,0.0,0.0,0.11643881132999999
2024-03-14T12:00,3600,0.0,0.17435996480000002,0.0,0.0,0.0,0.17435996480000002
2024-03-14T13:00,3600,0.0,0.12637242528999998,0.0,0.0,0.0,0.12637242528999998
2024-03-14T14:00,3600,0.0,0.1749281633,0.0,0.0,0.0,0.1749281633
2024-03-14T15:00,3600,0.0,0.11254033251,0.0,0.0,0.0,0.11254033251
2024-03-14T16:00,3600,0.0,0.07010680781,0.0,0.0,0.0,0.07010680781
2024-03-14T17:00,3600,0.0,0.03882509913,0.0,0.0,0.0,0.03882509913
2024-03-14T18:00,3600,0.0,0.012127166040000002,0.0,0.0,0.0,0.012127166040000002
2024-03-14T19:00,3600,0.0,0.0,0.0,0.0,0.0,0.0
2024-03-14T20:00,3600,0.0,0.0,0.0,0.0,0.0,0.0
2024-03-14T21:00,3600,0.0,0.0,0.0,0.0,0.0,0.0
2024-03-14T22:00,3600,0.0,0.0,0.0,0.0,0.0,0.0
2024-03-14T23:00,3600,0.0,0.0,0.0,0.0,0.0,0.0
2024-03-15T00:00,3600,0.0,0.0,0.0,0.0,0.0,0.0
2024-03-15T01:00,3600,0.0,0.0,0.0,0.0,0.0,0.0
2024-03-15T02:00,3600,0.0,0.0,0.0,0.0,0.0,0.0
2024-03-15T03:00,3600,0.0,0.0,0.0,0.0,0.0,0.0
2024-03-15T04:00,3600,0.0,0.0,0.0,0.0,0.0,0.0
2024-03-15T05:00,3600,0.0,0.0,0.0,0.0,0.0,0.0
2024-03-15T06:00,3600,0.0,0.0,0.0,0.0,0.0,0.0
2024-03-15T07:00,3600,0.0,0.0,0.0,0.0,0.0,0.0
2024-03-15T08:00,3600,0.0,0.02298449911,0.0,0.0,0.0,0.02298449911
2024-03-15T09:00,3600,0.0,0.10091919532,0.0,0.0,0.0,0.10091919532
2024-03-15T10:00,3600,0.0,0.17026337396000002,0.0,0.0,0.0,0.17026337396000002
2024-03-15T11:00,3600,0.0,0.27039245429,0.0,0.0,0.0,0.27039245429
2024-03-15T12:00,3600,0.0,0.31840459153,0.0,0.0,0.0,0.31840459153
2024-03-15T13:00,3600,0.0,0.23847427412,0.0,0.0,0.0,0.23847427412
2024-03-15T14:00,3600,0.0,0.1709625634,0.0,0.0,0.0,0.1709625634
2024-03-15T15:00,3600,0.0,0.16681240048,0.0,0.0,0.0,0.16681240048
2024-03-15T16:00,3600,0.0,0.04950707351,0.0,0.0,0.0,0.04950707351
2024-03-15T17:00,3600,0.0,0.024384176129999997,0.0,0.0,0.0,0.024384176129999997
2024-03-15T18:00,3600,0.0,0.00644547867,0.0,0.0,0.0,0.00644547867
2024-03-15T19:00,3600,0.0,0.0,0.0,0.0,0.0,0.0
2024-03-15T20:00,3600,0.0,0.0,0.0,0.0,0.0,0.0
2024-03-15T21:00,3600,0.0,0.0,0.0,0.0,0.0,0.0
2024-03-15T22:00,3600,0.0,0.0,0.0,0.0,0.0,0.0
2024-03-15T23:00,3600,0.0,0.0,0.0,0.0,0.0,0.0
2024-03-16T00:00,3600,0.0,0.0,0.0,0.0,0.0,0.0
2024-03-16T01:00,3600,0.0,0.0,0.0,0.0,0.0,0.0
2024-03-16T02:00,3600,0.0,0.0,0.0,0.0,0.0,0.0
2024-03-16T03:00,3600,0.0,0.0,0.0,0.0,0.0,0.0
2024-03-16T04:00,3600,0.0,0.0,0.0,0.0,0.0,0.0
2024-03-16T05:00,3600,0.0,0.0,0.0,0.0,0.0,0.0
2024-03-16T06:00,3600,0.0,0.0,0.0,0.0,0.0,0.0
2024-03-16T07:00,3600,0.0,0.0,0.0,0.0,0.0,0.0
2024-03-16T08:00,3600,0.0,0.01787518973,0.0,0.0,0.0,0.01787518973
2024-03-16T09:00,3600,0.0,0.08121608937000001,0.0,0.0,0.0,0.08121608937000001
2024-03-16T10:00,3600,0.0,0.17982454169999998,0.0,0.0,0.0,0.17982454169999998
2024-03-16T11:00,3600,0.0,0.16306116174,0.0,0.0,0.0,0.16306116174
2024-03-16T12:00,3600,0.0,0.24695004602,0.0,0.0,0.0,0.24695004602
2024-03-16T13:00,3600,0.0,0.35950672905,0.0,0.0,0.0,0.35950672905
2024-03-16T14:00,3600,0.0,0.28281167961,0.0,0.0,0.0,0.28281167961
2024-03-16T15:00,3600,0.0,0.30357318865000005,0.0,0.0,0.0,0.30357318865000005
2024-03-16T16:00,3600,0.0,0.18459183143000002,0.0,0.0,0.0,0.18459183143000002
2024-03-16T17:00,3600,0.0,0.12941417437000002,0.0,0.0,0.0,0.12941417437000002
2024-03-16T18:00,3600,0.0,0.03954170769,0.0,0.0,0.0,0.03954170769
2024-03-16T19:00,3600,0.0,0.00146754138,0.0,0.0,0.0,0.00146754138
2024-03-16T20:00,3600,0.0,0.0,0.0,0.0,0.0,0.0
2024-03-16T21:00,3600,0.0,0.0,0.0,0.0,0.0,0.0
2024-03-16T22:00,3600,0.0,0.0,0.0,0.0,0.0,0.0
2024-03-16T23:00,3600,0.0,0.0,0.0,0.0,0.0,0.0
2024-03-17T00:00,3600,0.0,0.0,0.0,0.0,0.0,0.0
2024-03-17T01:00,3600,0.0,0.0,0.0,0.0,0.0,0.0
2024-03-17T02:00,3600,0.0,0.0,0.0,0.0,0.0,0.0
2024-03-17T03:00,3600,0.0,0.0,0.0,0.0,0.0,0.0
2024-03-17T04:00,3600,0.0,0.0,0.0,0.0,0.0,0.0
2024-03-17T05:00,3600,0.0,0.0,0.0,0.0,0.0,0.0
2024-03-17T06:00,3600,0.0,0.0,0.0,0.0,0.0,0.0
2024-03-17T07:00,3600,0.0,0.0,0.0,0.0,0.0,0.0
2024-03-17T08:00,3600,0.0,0.035680886880000005,0.0,0.0,0.0,0.035680886880000005
2024-03-17T09:00,3600,0.0,0.09842245271000001,0.0,0.0,0.0,0.09842245271000001
2024-03-17T10:00,3600,0.0,0.27431060335,0.0,0.0,0.0,0.27431060335
2024-03-17T11:00,3600,0.0,0.31131510738999996,0.0,0.0,0.0,0.31131510738999996
2024-03-17T12:00,3600,0.0,0.34047067759,0.0,0.0,0.0,0.34047067759
2024-03-17T13:00,3600,0.0,0.37824661556,0.0,0.0,0.0,0.37824661556
2024-03-17T14:00,3600,0.0,0.25875133088,0.0,0.0,0.0,0.25875133088
2024-03-17T15:00,3600,0.0,0.11418888485,0.0,0.0,0.0,0.11418888485
2024-03-17T16:00,3600,0.0,0.07680763026,0.0,0.0,0.0,0.07680763026
2024-03-17T17:00,3600,0.0,0.03356388573,0.0,0.0,0.0,0.03356388573
2024-03-17T18:00,3600,0.0,0.0189717109,0.0,0.0,0.0,0.0189717109
2024-03-17T19:00,3600,0.0,0.0014377158800000002,0.0,0.0,0.0,0.0014377158800000002
2024-03-17T20:00,3600,0.0,0.0,0.0,0.0,0.0,0.0
2024-03-17T21:00,3600,0.0,0.0,0.0,0.0,0.0,0.0
2024-03-17T22:00,3600,0.0,0.0,0.0,0.0,0.0,0.0
2024-03-17T23:00,3600,0.0,0.0,0.0,0.0,0.0,0.0
2024-03-18T00:00,3600,0.0,0.0,0.0,0.0,0.0,0.0
2024-03-18T01:00,3600,0.0,0.0,0.0,0.0,0.0,0.0
2024-03-18T02:00,3600,0.0,0.0,0.0,0.0,0.0,0.0
2024-03-18T03:00,3600,0.0,0.0,0.0,0.0,0.0,0.0
2024-03-18T04:00,3600,0.0,0.0,0.0,0.0,0.0,0.0
2024-03-18T05:00,3600,0.0,0.0,0.0,0.0,0.0,0.0
2024-03-18T06:00,3600,0.0,0.0,0.0,0.0,0.0,0.0
2024-03-18T07:00,3600,0.0,0.0,0.0,0.0,0.0,0.0
2024-03-18T08:00,3600,0.0,0.05643803234,0.0,0.0,0.0,0.05643803234
2024-03-18T09:00,3600,0.0,0.16190129156,0.0,0.0,0.0,0.16190129156
2024-03-18T10:00,3600,0.0,0.27727915923,0.0,0.0,0.0,0.27727915923
2024-03-18T11:00,3600,0.0,0.32362698899,0.0,0.0,0.0,0.32362698899
2024-03-18T12:00,3600,0.0,0.39742074958,0.0,0.0,0.0,0.39742074958
2024-03-18T13:00,3600,0.0,0.39535975916,0.0,0.0,0.0,0.39535975916
2024-03-18T14:00,3600,0.0,0.38775136322,0.0,0.0,0.0,0.38775136322
2024-03-18T15:00,3600,0.0,0.13586612575,0.0,0.0,0.0,0.13586612575
2024-03-18T16:00,3600,0.0,0.16961447875,0.0,0.0,0.0,0.16961447875
2024-03-18T17:00,3600,0.0,0.12937964085999998,0.0,0.0,0.0,0.12937964085999998
2024-03-18T18:00,3600,0.0,0.0371812874,0.0,0.0,0.0,0.0371812874
2024-03-18T19:00,3600,0.0,0.0022598578300000003,0.0,0.0,0.0,0.0022598578300000003
2024-03-18T20:00,3600,0.0,0.0,0.0,0.0,0.0,0.0
2024-03-18T21:00,3600,0.0,0.0,0.0,0.0,0.0,0.0
2024-03-18T22:00,3600,0.0,0.0,0.0,0.0,0.0,0.0
2024-03-18T23:00,3600,0.0,0.0,0.0,0.0,0.0,0.0
2024-03-19T00:00,3600,0.0,0.0,0.0,0.0,0.0,0.0
2024-03-19T01:00,3600,0.0,0.0,0.0,0.0,0.0,0.0
2024-03-19T02:00,3600,0.0,0.0,0.0,0.0,0.0,0.0
2024-03-19T03:00,3600,0.0,0.0,0.0,0.0,0.0,0.0
2024-03-19T04:00,3600,0.0,0.0,0.0,0.0,0.0,0.0
2024-03-19T05:00,3600,0.0,0.0,0.0,0.0,0.0,0.0
2024-03-19T06:00,3600,0.0,0.0,0.0,0.0,0.0,0.0
2024-03-19T07:00,3600,0.0,0.0,0.0,0.0,0.0,0.0
2024-03-19T08:00,3600,0.0,0.00819448714,0.0,0.0,0.0,0.00819448714
2024-03-19T09:00,3600,0.0,0.022298359070000003,0.0,0.0,0.0,0.022298359070000003
2024-03-19T10:00,3600,0.0,0.05590858459,0.0,0.0,0.0,0.05590858459
2024-03-19T11:00,3600,0.0,0.06324737528,0.0,0.0,0.0,0.06324737528
2024-03-19T12:00,3600,0.0,0.11634758258,0.0,0.0,0.0,0.11634758258
2024-03-19T13:00,3600,0.0,0.24948858038,0.0,0.0,0.0,0.24948858038
2024-03-19T14:00,3600,0.0,0.25161900128,0.0,0.0,0.0,0.25161900128
2024-03-19T15:00,3600,0.0,0.48312607500000004,0.0,0.0,0.0,0.48312607500000004
2024-03-19T16:00,3600,0.0,0.37834210348,0.0,0.0,0.0,0.37834210348
2024-03-19T17:00,3600,0.0,0.21655764755,0.0,0.0,0.0,0.21655764755
2024-03-19T18:00,3600,0.0,0.060905783059999996,0.0,0.0,0.0,0.060905783059999996
2024-03-19T19:00,3600,0.0,0.00566169166,0.0,0.0,0.0,0.00566169166
2024-03-19T20:00,3600,0.0,0.0,0.0,0.0,0.0,0.0
2024-03-19T21:00,3600,0.0,0.0,0.0,0.0,0.0,0.0
2024-03-19T22:00,3600,0.0,0.0,0.0,0.0,0.0,0.0
2024-03-19T23:00,3600,0.0,0.0,0.0,0.0,0.0,0.0
2024-03-20T00:00,3600,0.0,0.0,0.0,0.0,0.0,0.0
2024-03-20T01:00,3600,0.0,0.0,0.0,0.0,0.0,0.0
2024-03-20T02:00,3600,0.0,0.0,0.0,0.0,0.0,0.0
2024-03-20T03:00,3600,0.0,0.0,0.0,0.0,0.0,0.0
2024-03-20T04:00,3600,0.0,0.0,0.0,0.0,0.0,0.0
2024-03-20T05:00,3600,0.0,0.0,0.0,0.0,0.0,0.0
2024-03-20T06:00,3600,0.0,0.0,0.0,0.0,0.0,0.0
2024-03-20T07:00,3600,0.0,0.007133057700000001,0.0,0.0,0.0,0.007133057700000001
2024-03-20T08:00,3600,0.0,0.17904462433,0.0,0.0,0.0,0.17904462433
2024-03-20T09:00,3600,0.0,0.36601257049999997,0.0,0.0,0.0,0.36601257049999997
2024-03-20T10:00,3600,0.0,0.5575168226399999,0.0,0.0,0.0,0.5575168226399999
2024-03-20T11:00,3600,0.0,0.6761058933199999,0.0,0.0,0.0,0.6761058933199999
2024-03-20T12:00,3600,0.0,0.6947424,0.0,0.0,0.0,0.6947424
2024-03-20T13:00,3600,0.0,0.6947424,0.0,0.0,0.0,0.6947424
2024-03-20T14:00,3600,0.0,0.65700168595,0.0,0.0,0.0,0.65700168595
2024-03-20T15:00,3600,0.0,0.5436218338600001,0.0,0.0,0.0,0.5436218338600001
2024-03-20T16:00,3600,0.0,0.38093264364999996,0.0,0.0,0.0,0.38093264364999996
2024-03-20T17:00,3600,0.0,0.21309788443,0.0,0.0,0.0,0.21309788443
2024-03-20T18:00,3600,0.0,0.07220315786999999,0.0,0.0,0.0,0.07220315786999999
2024-03-20T19:00,3600,0.0,0.00728046906,0.0,0.0,0.0,0.00728046906
2024-03-20T20:00,3600,0.0,0.0,0.0,0.0,0.0,0.0
2024-03-20T21:00,3600,0.0,0.0,0.0,0.0,0.0,0.0
2024-03-20T22:00,3600,0.0,0.0,0.0,0.0,0.0,0.0
2024-03-20T23:00,3600,0.0,0.0,0.0,0.0,0.0,0.0
2024-03-21T00:00,3600,0.0,0.0,0.0,0.0,0.0,0.0
2024-03-21T01:00,3600,0.0,0.0,0.0,0.0,0.0,0.0
2024-03-21T02:00,3600,0.0,0.0,0.0,0.0,0.0,0.0
2024-03-21T03:00,3600,0.0,0.0,0.0,0.0,0.0,0.0
2024-03-21T04:00,3600,0.0,0.0,0.0,0.0,0.0,0.0
2024-03-21T05:00,3600,0.0,0.0,0.0,0.0,0.0,0.0
2024-03-21T06:00,3600,0.0,0.0,0.0,0.0,0.0,0.0
2024-03-21T07:00,3600,0.0,0.00611495459,0.0,0.0,0.0,0.00611495459
2024-03-21T08:00,3600,0.0,0.14042127987,0.0,0.0,0.0,0.14042127987
2024-03-21T09:00,3600,0.0,0.33480206240000004,0.0,0.0,0.0,0.33480206240000004
2024-03-21T10:00,3600,0.0,0.44786028834,0.0,0.0,0.0,0.44786028834
2024-03-21T11:00,3600,0.0,0.54656695072,0.0,0.0,0.0,0.54656695072
2024-03-21T12:00,3600,0.0,0.56803750506,0.0,0.0,0.0,0.56803750506
2024-03-21T13:00,3600,0.0,0.60355000075,0.0,0.0,0.0,0.60355000075
2024-03-21T14:00,3600,0.0,0.60783081556,0.0,0.0,0.0,0.60783081556
2024-03-21T15:00,3600,0.0,0.5070665755399999,0.0,0.0,0.0,0.5070665755399999
2024-03-21T16:00,3600,0.0,0.30893739727,0.0,0.0,0.0,0.30893739727
2024-03-21T17:00,3600,0.0,0.18938593031,0.0,0.0,0.0,0.18938593031
2024-03-21T18:00,3600,0.0,0.0584830066,0.0,0.0,0.0,0.0584830066
2024-03-21T19:00,3600,0.0,0.00476795857,0.0,0.0,0.0,0.00476795857
2024-03-21T20:00,3600,0.0,0.0,0.0,0.0,0.0,0.0
2024-03-21T21:00,3600,0.0,0.0,0.0,0.0,0.0,0.0
2024-03-21T22:00,3600,0.0,0.0,0.0,0.0,0.0,0.0
2024-03-21T23:00,3600,0.0,0.0,0.0,0.0,0.0,0.0
2024-03-22T00:00,3600,0.0,0.0,0.0,0.0,0.0,0.0
2024-03-22T01:00,3600,0.0,0.0,0.0,0.0,0.0,0.0
2024-03-22T02:00,3600,0.0,0.0,0.0,0.0,0.0,0.0
2024-03-22T03:00,3600,0.0,0.0,0.0,0.0,0.0,0.0
2024-03-22T04:00,3600,0.0,0.0,0.0,0.0,0.0,0.0
2024-03-22T05:00,3600,0.0,0.0,0.0,0.0,0.0,0.0
2024-03-22T06:00,3600,0.0,0.0,0.0,0.0,0.0,0.0
2024-03-22T07:00,3600,0.0,0.00248322863,0.0,0.0,0.0,0.00248322863
2024-03-22T08:00,3600,0.0,0.09125637555,0.0,0.0,0.0,0.09125637555
2024-03-22T09:00,3600,0.0,0.22409729367,0.0,0.0,0.0,0.22409729367
2024-03-22T10:00,3600,0.0,0.35187868583,0.0,0.0,0.0,0.35187868583
2024-03-22T11:00,3600,0.0,0.40058820496,0.0,0.0,0.0,0.40058820496
2024-03-22T12:00,3600,0.0,0.31123158621999997,0.0,0.0,0.0,0.31123158621999997
2024-03-22T13:00,3600,0.0,0.29113488726000003,0.0,0.0,0.0,0.29113488726000003
2024-03-22T14:00,3600,0.0,0.32034448195,0.0,0.0,0.0,0.32034448195
2024-03-22T15:00,3600,0.0,0.2432656819,0.0,0.0,0.0,0.2432656819
2024-03-22T16:00,3600,0.0,0.10681080664,0.0,0.0,0.0,0.10681080664
2024-03-22T17:00,3600,0.0,0.12909128766,0.0,0.0,0.0,0.12909128766
2024-03-22T18:00,3600,0.0,0.060380123529999996,0.0,0.0,0.0,0.060380123529999996
2024-03-22T19:00,3600,0.0,0.006327948880000001,0.0,0.0,0.0,0.006327948880000001
2024-03-22T20:00,3600,0.0,0.0,0.0,0.0,0.0,0.0
2024-03-22T21:00,3600,0.0,0.0,0.0,0.0,0.0,0.0
2024-03-22T22:00,3600,0.0,0.0,0.0,0.0,0.0,0.0
2024-03-22T23:00,3600,0.0,0.0,0.0,0.0,0.0,0.0
2024-03-23T00:00,3600,0.0,0.0,0.0,0.0,0.0,0.0
2024-03-23T01:00,3600,0.0,0.0,0.0,0.0,0.0,0.0
2024-03-23T02:00,3600,0.0,0.0,0.0,0.0,0.0,0.0
2024-03-23T03:00,3600,0.0,0.0,0.0,0.0,0.0,0.0
2024-03-23T04:00,3600,0.0,0.0,0.0,0.0,0.0,0.0
2024-03-23T05:00,3600,0.0,0.0,0.0,0.0,0.0,0.0
2024-03-23T06:00,3600,0.0,0.0,0.0,0.0,0.0,0.0
2024-03-23T07:00,3600,0.0,0.00065144542,0.0,0.0,0.0,0.00065144542
2024-03-23T08:00,3600,0.0,0.056330554229999996,0.0,0.0,0.0,0.056330554229999996
2024-03-23T09:00,3600,0.0,0.17537977194,0.0,0.0,0.0,0.17537977194
2024-03-23T10:00,3600,0.0,0.2283767494,0.0,0.0,0.0,0.2283767494
2024-03-23T11:00,3600,0.0,0.32535780899000005,0.0,0.0,0.0,0.32535780899000005
2024-03-23T12:00,3600,0.0,0.33368004727,0.0,0.0,0.0,0.33368004727
2024-03-23T13:00,3600,0.0,0.34227364653,0.0,0.0,0.0,0.34227364653
2024-03-23T14:00,3600,0.0,0.30651322662,0.0,0.0,0.0,0.30651322662
2024-03-23T15:00,3600,0.0,0.23907615553999997,0.0,0.0,0.0,0.23907615553999997
2024-03-23T16:00,3600,0.0,0.17119471136999997,0.0,0.0,0.0,0.17119471136999997
2024-03-23T17:00,3600,0.0,0.15901466946,0.0,0.0,0.0,0.15901466946
2024-03-23T18:00,3600,0.0,0.060264199639999995,0.0,0.0,0.0,0.060264199639999995
2024-03-23T19:00,3600,0.0,0.0038296968399999997,0.0,0.0,0.0,0.0038296968399999997
2024-03-23T20:00,3600,0.0,0.0,0.0,0.0,0.0,0.0
2024-03-23T21:00,3600,0.0,0.0,0.0,0.0,0.0,0.0
2024-03-23T22:00,3600,0.0,0.0,0.0,0.0,0.0,0.0
2024-03-23T23:00,3600,0.0,0.0,0.0,0.0,0.0,0.0
2024-03-24T00:00,3600,0.0,0.0,0.0,0.0,0.0,0.0
2024-03-24T01:00,3600,0.0,0.0,0.0,0.0,0.0,0.0
2024-03-24T02:00,3600,0.0,0.0,0.0,0.0,0.0,0.0
2024-03-24T03:00,3600,0.0,0.0,0.0,0.0,0.0,0.0
2024-03-24T04:00,3600,0.0,0.0,0.0,0.0,0.0,0.0
2024-03-24T05:00,3600,0.0,0.0,0.0,0.0,0.0,0.0
2024-03-24T06:00,3600,0.0,0.0,0.0,0.0,0.0,0.0
2024-03-24T07:00,3600,0.0,0.0,0.0,0.0,0.0,0.0
2024-03-24T08:00,3600,0.0,0.033908169630000005,0.0,0.0,0.0,0.033908169630000005
2024-03-24T09:00,3600,0.0,0.17863088954,0.0,0.0,0.0,0.17863088954
2024-03-24T10:00,3600,0.0,0.42061649394,0.0,0.0,0.0,0.42061649394
2024-03-24T11:00,3600,0.0,0.4635677546,0.0,0.0,0.0,0.4635677546
2024-03-24T12:00,3600,0.0,0.54376228293,0.0,0.0,0.0,0.54376228293
2024-03-24T13:00,3600,0.0,0.49477000300999996,0.0,0.0,0.0,0.49477000300999996
2024-03-24T14:00,3600,0.0,0.48982181140000003,0.0,0.0,0.0,0.48982181140000003
2024-03-24T15:00,3600,0.0,0.3916600575,0.0,0.0,0.0,0.3916600575
2024-03-24T16:00,3600,0.0,0.25058023836,0.0,0.0,0.0,0.25058023836
2024-03-24T17:00,3600,0.0,0.1447032151,0.0,0.0,0.0,0.1447032151
2024-03-24T18:00,3600,0.0,0.05449961327,0.0,0.0,0.0,0.05449961327
2024-03-24T19:00,3600,0.0,0.0054232345299999995,0.0,0.0,0.0,0.0054232345299999995
2024-03-24T20:00,3600,0.0,0.0,0.0,0.0,0.0,0.0
2024-03-24T21:00,3600,0.0,0.0,0.0,0.0,0.0,0.0
2024-03-24T22:00,3600,0.0,0.0,0.0,0.0,0.0,0.0
2024-03-24T23:00,3600,0.0,0.0,0.0,0.0,0.0,0.0
2024-03-25T00:00,3600,0.0,0.0,0.0,0.0,0.0,0.0
2024-03-25T01:00,3600,0.0,0.0,0.0,0.0,0.0,0.0
2024-03-25T02:00,3600,0.0,0.0,0.0,0.0,0.0,0.0
2024-03-25T03:00,3600,0.0,0.0,0.0,0.0,0.0,0.0
2024-03-25T04:00,3600,0.0,0.0,0.0,0.0,0.0,0.0
2024-03-25T05:00,3600,0.0,0.0,0.0,0.0,0.0,0.0
2024-03-25T06:00,3600,0.0,0.0,0.0,0.0,0.0,0.0
2024-03-25T07:00,3600,0.0,0.00142269834,0.0,0.0,0.0,0.00142269834
2024-03-25T08:00,3600,0.0,0.0501604948,0.0,0.0,0.0,0.0501604948
2024-03-25T09:00,3600,0.0,0.17399625003,0.0,0.0,0.0,0.17399625003
2024-03-25T10:00,3600,0.0,0.26406551471,0.0,0.0,0.0,0.26406551471
2024-03-25T11:00,3600,0.0,0.38530229638,0.0,0.0,0.0,0.38530229638
2024-03-25T12:00,3600,0.0,0.37282352726,0.0,0.0,0.0,0.37282352726
2024-03-25T13:00,3600,0.0,0.40081657473,0.0,0.0,0.0,0.40081657473
2024-03-25T14:00,3600,0.0,0.42396149097,0.0,0.0,0.0,0.42396149097
2024-03-25T15:00,3600,0.0,0.3878378909,0.0,0.0,0.0,0.3878378909
2024-03-25T16:00,3600,0.0,0.29668277106,0.0,0.0,0.0,0.29668277106
2024-03-25T17:00,3600,0.0,0.16045006189,0.0,0.0,0.0,0.16045006189
2024-03-25T18:00,3600,1.0150017538474705,0.052574206510000006,0.052574206510000006,0.9624275473374705,0.0,0.0
2024-03-25T19:00,3600,1.0085583779429157,0.00381415228,0.00381415228,1.0047442256629158,0.0,0.0
2024-03-25T20:00,3600,0.9060837884665731,0.0,0.0,0.9060837884665731,0.0,0.0
2024-03-25T21:00,3600,0.39475715827606805,0.0,0.0,0.39475715827606805,0.0,0.0
2024-03-25T22:00,3600,0.36805593168052714,0.0,0.0,0.36805593168052714,0.0,0.0
2024-03-25T23:00,3600,0.3502985790859299,0.0,0.0,0.3502985790859299,0.0,0.0
2024-03-26T00:00,3600,0.0,0.0,0.0,0.0,0.0,0.0
2024-03-26T01:00,3600,0.0,0.0,0.0,0.0,0.0,0.0
2024-03-26T02:00,3600,0.0,0.0,0.0,0.0,0.0,0.0
2024-03-26T03:00,3600,0.0,0.0,0.0,0.0,0.0,0.0
2024-03-26T04:00,3600,0.0,0.0,0.0,0.0,0.0,0.0
2024-03-26T05:00,3600,0.0,0.0,0.0,0.0,0.0,0.0
2024-03-26T06:00,3600,0.0,0.0,0.0,0.0,0.0,0.0
2024-03-26T07:00,3600,0.0,0.0,0.0,0.0,0.0,0.0
2024-03-26T08:00,3600,0.0,0.026718618899999998,0.0,0.0,0.0,0.026718618899999998
2024-03-26T09:00,3600,0.0,0.06837282719,0.0,0.0,0.0,0.06837282719
2024-03-26T10:00,3600,0.0,0.13577658982,0.0,0.0,0.0,0.13577658982
2024-03-26T11:00,3600,0.0,0.2507492668,0.0,0.0,0.0,0.2507492668
2024-03-26T12:00,3600,0.0,0.26047527632999995,0.0,0.0,0.0,0.26047527632999995
2024-03-26T13:00,3600,0.0,0.33891603496999995,0.0,0.0,0.0,0.33891603496999995
2024-03-26T14:00,3600,0.0,0.46809908805,0.0,0.0,0.0,0.46809908805
2024-03-26T15:00,3600,0.0,0.5077190956900001,0.0,0.0,0.0,0.5077190956900001
2024-03-26T16:00,3600,0.0,0.37643330102,0.0,0.0,0.0,0.37643330102
2024-03-26T17:00,3600,0.0,0.20783215186999998,0.0,0.0,0.0,0.20783215186999998
2024-03-26T18:00,3600,0.9440781969148042,0.05940397375,0.05940397375,0.8846742231648043,0.0,0.0
2024-03-26T19:00,3600,0.9365320298682595,0.00626488356,0.00626488356,0.9302671463082595,0.0,0.0
2024-03-26T20:00,3600,0.49746908404101897,0.0,0.0,0.49746908404101897,0.0,0.0
2024-03-26T21:00,3600,0.2623291212643684,0.0,0.0,0.2623291212643684,0.0,0.0
2024-03-26T22:00,3600,0.23108510273930452,0.0,0.0,0.23108510273930452,0.0,0.0
2024-03-26T23:00,3600,0.22712047825126824,0.0,0.0,0.22712047825126824,0.0,0.0
2024-03-27T00:00,3600,0.0,0.0,0.0,0.0,0.0,0.0
2024-03-27T01:00,3600,0.0,0.0,0.0,0.0,0.0,0.0
2024-03-27T02:00,3600,0.0,0.0,0.0,0.0,0.0,0.0
2024-03-27T03:00,3600,0.0,0.0,0.0,0.0,0.0,0.0
2024-03-27T04:00,3600,0.0,0.0,0.0,0.0,0.0,0.0
2024-03-27T05:00,3600,0.0,0.0,0.0,0.0,0.0,0.0
2024-03-27T06:00,3600,0.0,0.0,0.0,0.0,0.0,0.0
2024-03-27T07:00,3600,0.0,0.005454819340000001,0.0,0.0,0.0,0.005454819340000001
2024-03-27T08:00,3600,0.0,0.12971343493,0.0,0.0,0.0,0.12971343493
2024-03-27T09:00,3600,0.0,0.24370085935,0.0,0.0,0.0,0.24370085935
2024-03-27T10:00,3600,0.0,0.35421764892,0.0,0.0,0.0,0.35421764892
2024-03-27T11:00,3600,0.0,0.31476144424999997,0.0,0.0,0.0,0.31476144424999997
2024-03-27T12:00,3600,0.0,0.29610137595999997,0.0,0.0,0.0,0.29610137595999997
2024-03-27T13:00,3600,0.0,0.31143326748,0.0,0.0,0.0,0.31143326748
2024-03-27T14:00,3600,0.0,0.23967197332,0.0,0.0,0.0,0.23967197332
2024-03-27T15:00,3600,0.0,0.21913494524000002,0.0,0.0,0.0,0.21913494524000002
2024-03-27T16:00,3600,0.0,0.22342002566,0.0,0.0,0.0,0.22342002566
2024-03-27T17:00,3600,0.0,0.13397548884,0.0,0.0,0.0,0.13397548884
2024-03-27T18:00,3600,0.9590402131316903,0.0548047169,0.0548047169,0.9042354962316903,0.0,0.0
2024-03-27T19:00,3600,0.6529922403205964,0.0070573563,0.0070573563,0.6459348840205964,0.0,0.0
2024-03-27T20:00,3600,0.280578987398236,0.0,0.0,0.280578987398236,0.0,0.0
2024-03-27T21:00,3600,0.2580934644284916,0.0,0.0,0.2580934644284916,0.0,0.0
2024-03-27T22:00,3600,0.23871796941468615,0.0,0.0,0.23871796941468615,0.0,0.0
2024-03-27T23:00,3600,0.22995186070038715,0.0,0.0,0.22995186070038715,0.0,0.0
2024-03-28T00:00,3600,0.0,0.0,0.0,0.0,0.0,0.0
2024-03-28T01:00,3600,0.0,0.0,0.0,0.0,0.0,0.0
2024-03-28T02:00,3600,0.0,0.0,0.0,0.0,0.0,0.0
2024-03-28T03:00,3600,0.0,0.0,0.0,0.0,0.0,0.0
2024-03-28T04:00,3600,0.0,0.0,0.0,0.0,0.0,0.0
2024-03-28T05:00,3600,0.0,0.0,0.0,0.0,0.0,0.0
2024-03-28T06:00,3600,0.0,0.0,0.0,0.0,0.0,0.0
2024-03-28T07:00,3600,0.0,0.0029496699899999998,0.0,0.0,0.0,0.0029496699899999998
2024-03-28T08:00,3600,0.0,0.02907095241,0.0,0.0,0.0,0.02907095241
2024-03-28T09:00,3600,0.0,0.04396760875,0.0,0.0,0.0,0.04396760875
2024-03-28T10:00,3600,0.0,0.1202049239,0.0,0.0,0.0,0.1202049239
2024-03-28T11:00,3600,0.0,0.37811886539,0.0,0.0,0.0,0.37811886539
2024-03-28T12:00,3600,0.0,0.49479910970999996,0.0,0.0,0.0,0.49479910970999996
2024-03-28T13:00,3600,0.0,0.46839568655999997,0.0,0.0,0.0,0.46839568655999997
2024-03-28T14:00,3600,0.0,0.41259329959,0.0,0.0,0.0,0.41259329959
2024-03-28T15:00,3600,0.0,0.38575358945,0.0,0.0,0.0,0.38575358945
2024-03-28T16:00,3600,0.0,0.26008789127,0.0,0.0,0.0,0.26008789127
2024-03-28T17:00,3600,0.0,0.14805030004,0.0,0.0,0.0,0.14805030004
2024-03-28T18:00,3600,0.9913648191562017,0.05768792951,0.05768792951,0.9336768896462017,0.0,0.0
2024-03-28T19:00,3600,0.9964243237150594,0.0070729348400000005,0.0070729348400000005,0.9893513888750594,0.0,0.0
2024-03-28T20:00,3600,0.4420484615193359,0.0,0.0,0.4420484615193359,0.0,0.0
2024-03-28T21:00,3600,0.34197661540598756,0.0,0.0,0.34197661540598756,0.0,0.0
2024-03-28T22:00,3600,0.30902428442837954,0.0,0.0,0.30902428442837954,0.0,0.0
2024-03-28T23:00,3600,0.2798994105204076,0.0,0.0,0.2798994105204076,0.0,0.0
2024-03-29T00:00,3600,0.0,0.0,0.0,0.0,0.0,0.0
2024-03-29T01:00,3600,0.0,0.0,0.0,0.0,0.0,0.0
2024-03-29T02:00,3600,0.0,0.0,0.0,0.0,0.0,0.0
2024-03-29T03:00,3600,0.0,0.0,0.0,0.0,0.0,0.0
2024-03-29T04:00,3600,0.0,0.0,0.0,0.0,0.0,0.0
2024-03-29T05:00,3600,0.0,0.0,0.0,0.0,0.0,0.0
2024-03-29T06:00,3600,0.0,0.0,0.0,0.0,0.0,0.0
2024-03-29T07:00,3600,0.0,0.00309861561,0.0,0.0,0.0,0.00309861561
2024-03-29T08:00,3600,0.0,0.08619899280999999,0.0,0.0,0.0,0.08619899280999999
2024-03-29T09:00,3600,0.0,0.25306593035,0.0,0.0,0.0,0.25306593035
2024-03-29T10:00,3600,0.0,0.39867456377000005,0.0,0.0,0.0,0.39867456377000005
2024-03-29T11:00,3600,0.0,0.46398433749,0.0,0.0,0.0,0.46398433749
2024-03-29T12:00,3600,0.0,0.55867980344,0.0,0.0,0.0,0.55867980344
2024-03-29T13:00,3600,0.0,0.5930786127000001,0.0,0.0,0.0,0.5930786127000001
2024-03-29T14:00,3600,0.0,0.4703185698,0.0,0.0,0.0,0.4703185698
2024-03-29T15:00,3600,0.0,0.4603716519800001,0.0,0.0,0.0,0.4603716519800001
2024-03-29T16:00,3600,0.0,0.29264865592000006,0.0,0.0,0.0,0.29264865592000006
2024-03-29T17:00,3600,0.0,0.14584734064,0.0,0.0,0.0,0.14584734064
2024-03-29T18:00,3600,0.9844892017186901,0.04779562408,0.04779562408,0.9366935776386901,0.0,0.0
2024-03-29T19:00,3600,0.9719936707450089,0.005413228260000001,0.005413228260000001,0.9665804424850089,0.0,0.0
2024-03-29T20:00,3600,0.9936096429546915,0.0,0.0,0.9936096429546915,0.0,0.0
2024-03-29T21:00,3600,0.5044661513338716,0.0,0.0,0.5044661513338716,0.0,0.0
2024-03-29T22:00,3600,0.3016019416475214,0.0,0.0,0.3016019416475214,0.0,0.0
2024-03-29T23:00,3600,0.29743350973218846,0.0,0.0,0.29743350973218846,0.0,0.0
2024-03-30T00:00,3600,0.0,0.0,0.0,0.0,0.0,0.0
2024-03-30T01:00,3600,0.0,0.0,0.0,0.0,0.0,0.0
2024-03-30T02:00,3600,0.0,0.0,0.0,0.0,0.0,0.0
2024-03-30T03:00,3600,0.0,0.0,0.0,0.0,0.0,0.0
2024-03-30T04:00,3600,0.0,0.0,0.0,0.0,0.0,0.0
2024-03-30T05:00,3600,0.0,0.0,0.0,0.0,0.0,0.0
2024-03-30T06:00,3600,0.0,0.0,0.0,0.0,0.0,0.0
2024-03-30T07:00,3600,0.0,0.00614196149,0.0,0.0,0.0,0.00614196149
2024-03-30T08:00,3600,0.0,0.08077829160000001,0.0,0.0,0.0,0.08077829160000001
2024-03-30T09:00,3600,0.0,0.16598770384,0.0,0.0,0.0,0.16598770384
2024-03-30T10:00,3600,0.0,0.35473199328,0.0,0.0,0.0,0.35473199328
2024-03-30T11:00,3600,0.0,0.44861466368999997,0.0,0.0,0.0,0.44861466368999997
2024-03-30T12:00,3600,0.0,0.48065998737,0.0,0.0,0.0,0.48065998737
2024-03-30T13:00,3600,0.0,0.49167464981,0.0,0.0,0.0,0.49167464981
2024-03-30T14:00,3600,0.0,0.45566665069,0.0,0.0,0.0,0.45566665069
2024-03-30T15:00,3600,0.0,0.24957448149999997,0.0,0.0,0.0,0.24957448149999997
2024-03-30T16:00,3600,0.0,0.1072439691,0.0,0.0,0.0,0.1072439691
2024-03-30T17:00,3600,0.0,0.08196208053,0.0,0.0,0.0,0.08196208053
2024-03-30T18:00,3600,0.0,0.03671403066,0.0,0.0,0.0,0.03671403066
2024-03-30T19:00,3600,0.0,0.00865799494,0.0,0.0,0.0,0.00865799494
2024-03-30T20:00,3600,0.0,0.0,0.0,0.0,0.0,0.0
2024-03-30T21:00,3600,0.0,0.0,0.0,0.0,0.0,0.0
2024-03-30T22:00,3600,0.0,0.0,0.0,0.0,0.0,0.0
2024-03-30T23:00,3600,0.0,0.0,0.0,0.0,0.0,0.0
2024-03-31T00:00,3600,0.0,0.0,0.0,0.0,0.0,0.0
2024-03-31T01:00,3600,0.0,0.0,0.0,0.0,0.0,0.0
2024-03-31T02:00,3600,0.0,0.0,0.0,0.0,0.0,0.0
2024-03-31T03:00,3600,0.0,0.0,0.0,0.0,0.0,0.0
2024-03-31T04:00,3600,0.0,0.0,0.0,0.0,0.0,0.0
2024-03-31T05:00,3600,0.0,0.0,0.0,0.0,0.0,0.0
2024-03-31T06:00,3600,0.0,0.0,0.0,0.0,0.0,0.0
2024-03-31T07:00,3600,0.0,0.0,0.0,0.0,0.0,0.0
2024-03-31T08:00,3600,0.0,0.02299372182,0.0,0.0,0.0,0.02299372182
2024-03-31T09:00,3600,0.0,0.09657211369,0.0,0.0,0.0,0.09657211369
2024-03-31T10:00,3600,0.0,0.25742380675,0.0,0.0,0.0,0.25742380675
2024-03-31T11:00,3600,0.0,0.24236989655,0.0,0.0,0.0,0.24236989655
2024-03-31T12:00,3600,0.0,0.33869759503,0.0,0.0,0.0,0.33869759503
2024-03-31T13:00,3600,0.0,0.47739218412999995,0.0,0.0,0.0,0.47739218412999995
2024-03-31T14:00,3600,0.0,0.46724553085000003,0.0,0.0,0.0,0.46724553085000003
2024-03-31T15:00,3600,0.0,0.3642187823,0.0,0.0,0.0,0.3642187823
2024-03-31T16:00,3600,0.0,0.21008179023,0.0,0.0,0.0,0.21008179023
2024-03-31T17:00,3600,0.0,0.12258925264000001,0.0,0.0,0.0,0.12258925264000001
2024-03-31T18:00,3600,0.0,0.03230355735,0.0,0.0,0.0,0.03230355735
2024-03-31T19:00,3600,0.0,0.0021937566199999995,0.0,0.0,0.0,0.0021937566199999995
2024-03-31T20:00,3600,0.0,0.0,0.0,0.0,0.0,0.0
2024-03-31T21:00,3600,0.0,0.0,0.0,0.0,0.0,0.0
2024-03-31T22:00,3600,0.0,0.0,0.0,0.0,0.0,0.0
2024-03-31T23:00,3600,0.0,0.0,0.0,0.0,0.0,0.0
2024-04-01T00:00,3600,0.0,0.0,0.0,0.0,0.0,0.0
2024-04-01T01:00,3600,0.0,0.0,0.0,0.0,0.0,0.0
2024-04-01T02:00,3600,0.0,0.0,0.0,0.0,0.0,0.0
2024-04-01T03:00,3600,0.0,0.0,0.0,0.0,0.0,0.0
2024-04-01T04:00,3600,0.0,0.0,0.0,0.0,0.0,0.0
2024-04-01T05:00,3600,0.0,0.0,0.0,0.0,0.0,0.0
2024-04-01T06:00,3600,0.0,0.0,0.0,0.0,0.0,0.0
2024-04-01T07:00,3600,0.0,0.0,0.0,0.0,0.0,0.0
2024-04-01T08:00,3600,0.0,0.026186967289999998,0.0,0.0,0.0,0.026186967289999998
2024-04-01T09:00,3600,0.0,0.06497560636000001,0.0,0.0,0.0,0.06497560636000001
2024-04-01T10:00,3600,0.0,0.1989322201,0.0,0.0,0.0,0.1989322201
2024-04-01T11:00,3600,0.0,0.20606088013999999,0.0,0.0,0.0,0.20606088013999999
2024-04-01T12:00,3600,0.0,0.28269644562,0.0,0.0,0.0,0.28269644562
2024-04-01T13:00,3600,0.0,0.28264660285000004,0.0,0.0,0.0,0.28264660285000004
2024-04-01T14:00,3600,0.0,0.28954538967,0.0,0.0,0.0,0.28954538967
2024-04-01T15:00,3600,0.0,0.42244762834,0.0,0.0,0.0,0.42244762834
2024-04-01T16:00,3600,0.0,0.26863105539,0.0,0.0,0.0,0.26863105539
2024-04-01T17:00,3600,0.0,0.17300724286,0.0,0.0,0.0,0.17300724286
2024-04-01T18:00,3600,1.0443419439473602,0.06628420162000001,0.06628420162000001,0.9780577423273602,0.0,0.0
2024-04-01T19:00,3600,1.0489229833252005,0.00535014403,0.00535014403,1.0435728392952006,0.0,0.0
2024-04-01T20:00,3600,1.059515838369546,0.0,0.0,1.059515838369546,0.0,0.0
2024-04-01T21:00,3600,1.080107730397478,0.0,0.0,1.080107730397478,0.0,0.0
2024-04-01T22:00,3600,1.0814519544306433,0.0,0.0,1.0814519544306433,0.0,0.0
2024-04-01T23:00,3600,1.0777478003759025,0.0,0.0,1.0777478003759025,0.0,0.0
2024-04-02T00:00,3600,0.0,0.0,0.0,0.0,0.0,0.0
2024-04-02T01:00,3600,0.0,0.0,0.0,0.0,0.0,0.0
2024-04-02T02:00,3600,0.0,0.0,0.0,0.0,0.0,0.0
2024-04-02T03:00,3600,0.0,0.0,0.0,0.0,0.0,0.0
2024-04-02T04:00,3600,0.0,0.0,0.0,0.0,0.0,0.0
2024-04-02T05:00,3600,0.0,0.0,0.0,0.0,0.0,0.0
2024-04-02T06:00,3600,0.0,0.0,0.0,0.0,0.0,0.0
2024-04-02T07:00,3600,0.0,0.00590621695,0.0,0.0,0.0,0.00590621695
2024-04-02T08:00,3600,0.0,0.08974999662000001,0.0,0.0,0.0,0.08974999662000001
2024-04-02T09:00,3600,0.0,0.22760343736999997,0.0,0.0,0.0,0.22760343736999997
2024-04-02T10:00,3600,0.0,0.36434685919,0.0,0.0,0.0,0.36434685919
2024-04-02T11:00,3600,0.0,0.44078855688,0.0,0.0,0.0,0.44078855688
2024-04-02T12:00,3600,0.0,0.46006465658000006,0.0,0.0,0.0,0.46006465658000006
2024-04-02T13:00,3600,0.0,0.48344962796,0.0,0.0,0.0,0.48344962796
2024-04-02T14:00,3600,0.0,0.44438170114000003,0.0,0.0,0.0,0.44438170114000003
2024-04-02T15:00,3600,0.0,0.35186106369,0.0,0.0,0.0,0.35186106369
2024-04-02T16:00,3600,0.0,0.261170453,0.0,0.0,0.0,0.261170453
2024-04-02T17:00,3600,0.0,0.1581327307,0.0,0.0,0.0,0.1581327307
2024-04-02T18:00,3600,1.0074817770725264,0.04722295314,0.04722295314,0.9602588239325264,0.0,0.0
2024-04-02T19:00,3600,1.0141225759920758,0.00616186243,0.00616186243,1.0079607135620758,0.0,0.0
2024-04-02T20:00,3600,1.025009299962498,0.0,0.0,1.025009299962498,0.0,0.0
2024-04-02T21:00,3600,1.0383511994345904,0.0,0.0,1.0383511994345904,0.0,0.0
2024-04-02T22:00,3600,1.0446591798135239,0.0,0.0,1.0446591798135239,0.0,0.0
2024-04-02T23:00,3600,0.9598403530516345,0.0,0.0,0.9598403530516345,0.0,0.0
2024-04-03T00:00,3600,0.0,0.0,0.0,0.0,0.0,0.0
2024-04-03T01:00,3600,0.0,0.0,0.0,0.0,0.0,0.0
2024-04-03T02:00,3600,0.0,0.0,0.0,0.0,0.0,0.0
2024-04-03T03:00,3600,0.0,0.0,0.0,0.0,0.0,0.0
2024-04-03T04:00,3600,0.0,0.0,0.0,0.0,0.0,0.0
2024-04-03T05:00,3600,0.0,0.0,0.0,0.0,0.0,0.0
2024-04-03T06:00,3600,0.0,0.0,0.0,0.0,0.0,0.0
2024-04-03T07:00,3600,0.0,0.00802366703,0.0,0.0,0.0,0.00802366703
2024-04-03T08:00,3600,0.0,0.05122506202,0.0,0.0,0.0,0.05122506202
2024-04-03T09:00,3600,0.0,0.13010516115999998,0.0,0.0,0.0,0.13010516115999998
2024-04-03T10:00,3600,0.0,0.23330735117,0.0,0.0,0.0,0.23330735117
2024-04-03T11:00,3600,0.0,0.39576402713,0.0,0.0,0.0,0.39576402713
2024-04-03T12:00,3600,0.0,0.27001341779,0.0,0.0,0.0,0.27001341779
2024-04-03T13:00,3600,0.0,0.46225404749,0.0,0.0,0.0,0.46225404749
2024-04-03T14:00,3600,0.0,0.478084417,0.0,0.0,0.0,0.478084417
2024-04-03T15:00,3600,0.0,0.32761238949,0.0,0.0,0.0,0.32761238949
2024-04-03T16:00,3600,0.0,0.23698843492000002,0.0,0.0,0.0,0.23698843492000002
2024-04-03T17:00,3600,0.0,0.16775057401000001,0.0,0.0,0.0,0.16775057401000001
2024-04-03T18:00,3600,1.063581447296693,0.05575883683,0.05575883683,1.007822610466693,0.0,0.0
2024-04-03T19:00,3600,1.0688552158181501,0.00616822353,0.00616822353,1.0626869922881501,0.0,0.0
2024-04-03T20:00,3600,1.0778733968635015,0.0,0.0,1.0778733968635015,0.0,0.0
2024-04-03T21:00,3600,0.7934726417833307,0.0,0.0,0.7934726417833307,0.0,0.0
2024-04-03T22:00,3600,0.46779088340035707,0.0,0.0,0.46779088340035707,0.0,0.0
2024-04-03T23:00,3600,0.45129826449878385,0.0,0.0,0.45129826449878385,0.0,0.0
2024-04-04T00:00,3600,0.0,0.0,0.0,0.0,0.0,0.0
2024-04-04T01:00,3600,0.0,0.0,0.0,0.0,0.0,0.0
2024-04-04T02:00,3600,0.0,0.0,0.0,0.0,0.0,0.0
2024-04-04T03:00,3600,0.0,0.0,0.0,0.0,0.0,0.0
2024-04-04T04:00,3600,0.0,0.0,0.0,0.0,0.0,0.0
2024-04-04T05:00,3600,0.0,0.0,0.0,0.0,0.0,0.0
2024-04-04T06:00,3600,0.0,0.0,0.0,0.0,0.0,0.0
2024-04-04T07:00,3600,0.0,0.00553130768,0.0,0.0,0.0,0.00553130768
2024-04-04T08:00,3600,0.0,0.04858513102,0.0,0.0,0.0,0.04858513102
2024-04-04T09:00,3600,0.0,0.10973702935,0.0,0.0,0.0,0.10973702935
2024-04-04T10:00,3600,0.0,0.29470311586,0.0,0.0,0.0,0.29470311586
2024-04-04T11:00,3600,0.0,0.41945191970000006,0.0,0.0,0.0,0.41945191970000006
2024-04-04T12:00,3600,0.0,0.38841364707000003,0.0,0.0,0.0,0.38841364707000003
2024-04-04T13:00,3600,0.0,0.41161811168000007,0.0,0.0,0.0,0.41161811168000007
2024-04-04T14:00,3600,0.0,0.48656475834999996,0.0,0.0,0.0,0.48656475834999996
2024-04-04T15:00,3600,0.0,0.2006766408,0.0,0.0,0.0,0.2006766408
2024-04-04T16:00,3600,0.0,0.1468465515,0.0,0.0,0.0,0.1468465515
2024-04-04T17:00,3600,0.0,0.09234507925,0.0,0.0,0.0,0.09234507925
2024-04-04T18:00,3600,1.0502385503847147,0.029618780169999998,0.029618780169999998,1.0206197702147146,0.0,0.0
2024-04-04T19:00,3600,1.046244066340437,0.00059987007,0.00059987007,1.045644196270437,0.0,0.0
2024-04-04T20:00,3600,1.052923865985288,0.0,0.0,1.052923865985288,0.0,0.0
2024-04-04T21:00,3600,0.4632288745297551,0.0,0.0,0.4632288745297551,0.0,0.0
2024-04-04T22:00,3600,0.390771537072723,0.0,0.0,0.390771537072723,0.0,0.0
2024-04-04T23:00,3600,0.3849611593628661,0.0,0.0,0.3849611593628661,0.0,0.0
2024-04-05T00:00,3600,0.0,0.0,0.0,0.0,0.0,0.0
2024-04-05T01:00,3600,0.0,0.0,0.0,0.0,0.0,0.0
2024-04-05T02:00,3600,0.0,0.0,0.0,0.0,0.0,0.0
2024-04-05T03:00,3600,0.0,0.0,0.0,0.0,0.0,0.0
2024-04-05T04:00,3600,0.0,0.0,0.0,0.0,0.0,0.0
2024-04-05T05:00,3600,0.0,0.0,0.0,0.0,0.0,0.0
2024-04-05T06:00,3600,0.0,0.0,0.0,0.0,0.0,0.0
2024-04-05T07:00,3600,0.0,0.0,0.0,0.0,0.0,0.0
2024-04-05T08:00,3600,0.0,0.01294143515,0.0,0.0,0.0,0.01294143515
2024-04-05T09:00,3600,0.0,0.027960511230000002,0.0,0.0,0.0,0.027960511230000002
2024-04-05T10:00,3600,0.0,0.048824597489999996,0.0,0.0,0.0,0.048824597489999996
2024-04-05T11:00,3600,0.0,0.08144737714999999,0.0,0.0,0.0,0.08144737714999999
2024-04-05T12:00,3600,0.0,0.21856192473,0.0,0.0,0.0,0.21856192473
2024-04-05T13:00,3600,0.0,0.22808270497,0.0,0.0,0.0,0.22808270497
2024-04-05T14:00,3600,0.0,0.23170194484,0.0,0.0,0.0,0.23170194484
2024-04-05T15:00,3600,0.0,0.16392132483,0.0,0.0,0.0,0.16392132483
2024-04-05T16:00,3600,0.0,0.09960022226,0.0,0.0,0.0,0.09960022226
2024-04-05T17:00,3600,0.0,0.06285392333,0.0,0.0,0.0,0.06285392333
2024-04-05T18:00,3600,0.0,0.0267515949,0.0,0.0,0.0,0.0267515949
2024-04-05T19:00,3600,0.0,0.0006458555200000001,0.0,0.0,0.0,0.0006458555200000001
2024-04-05T20:00,3600,0.3657549517751807,0.0,0.0,0.3657549517751807,0.0,0.0
2024-04-05T21:00,3600,0.28660658180346743,0.0,0.0,0.28660658180346743,0.0,0.0
2024-04-05T22:00,3600,0.2982882883814747,0.0,0.0,0.2982882883814747,0.0,0.0
2024-04-05T23:00,3600,0.3103471482000669,0.0,0.0,0.3103471482000669,0.0,0.0
2024-04-06T00:00,3600,0.0,0.0,0.0,0.0,0.0,0.0
2024-04-06T01:00,3600,0.0,0.0,0.0,0.0,0.0,0.0
2024-04-06T02:00,3600,0.0,0.0,0.0,0.0,0.0,0.0
2024-04-06T03:00,3600,0.0,0.0,0.0,0.0,0.0,0.0
2024-04-06T04:00,3600,0.0,0.0,0.0,0.0,0.0,0.0
2024-04-06T05:00,3600,0.0,0.0,0.0,0.0,0.0,0.0
2024-04-06T06:00,3600,0.0,0.0,0.0,0.0,0.0,0.0
2024-04-06T07:00,3600,0.0,0.004317107799999999,0.0,0.0,0.0,0.004317107799999999
2024-04-06T08:00,3600,0.0,0.03235211005,0.0,0.0,0.0,0.03235211005
2024-04-06T09:00,3600,0.0,0.06262523445,0.0,0.0,0.0,0.06262523445
2024-04-06T10:00,3600,0.0,0.12024751013,0.0,0.0,0.0,0.12024751013
2024-04-06T11:00,3600,0.0,0.1521549812,0.0,0.0,0.0,0.1521549812
2024-04-06T12:00,3600,0.0,0.21922866049999998,0.0,0.0,0.0,0.21922866049999998
2024-04-06T13:00,3600,0.0,0.36625987982999997,0.0,0.0,0.0,0.36625987982999997
2024-04-06T14:00,3600,0.0,0.27129037747,0.0,0.0,0.0,0.27129037747
2024-04-06T15:00,3600,0.0,0.10477080456000001,0.0,0.0,0.0,0.10477080456000001
2024-04-06T16:00,3600,0.0,0.1311255287,0.0,0.0,0.0,0.1311255287
2024-04-06T17:00,3600,0.0,0.04192824262,0.0,0.0,0.0,0.04192824262
2024-04-06T18:00,3600,0.0,0.01618875479,0.0,0.0,0.0,0.01618875479
2024-04-06T19:00,3600,0.0,0.0,0.0,0.0,0.0,0.0
2024-04-06T20:00,3600,0.0,0.0,0.0,0.0,0.0,0.0
2024-04-06T21:00,3600,0.0,0.0,0.0,0.0,0.0,0.0
2024-04-06T22:00,3600,0.0,0.0,0.0,0.0,0.0,0.0
2024-04-06T23:00,3600,0.0,0.0,0.0,0.0,0.0,0.0
2024-04-07T00:00,3600,0.0,0.0,0.0,0.0,0.0,0.0
2024-04-07T01:00,3600,0.0,0.0,0.0,0.0,0.0,0.0
2024-04-07T02:00,3600,0.0,0.0,0.0,0.0,0.0,0.0
2024-04-07T03:00,3600,0.0,0.0,0.0,0.0,0.0,0.0
2024-04-07T04:00,3600,0.0,0.0,0.0,0.0,0.0,0.0
2024-04-07T05:00,3600,0.0,0.0,0.0,0.0,0.0,0.0
2024-04-07T06:00,3600,0.0,0.0,0.0,0.0,0.0,0.0
2024-04-07T07:00,3600,0.0,0.0,0.0,0.0,0.0,0.0
2024-04-07T08:00,3600,0.0,0.03371990683,0.0,0.0,0.0,0.03371990683
2024-04-07T09:00,3600,0.0,0.08698624642,0.0,0.0,0.0,0.08698624642
2024-04-07T10:00,3600,0.0,0.12386104221,0.0,0.0,0.0,0.12386104221
2024-04-07T11:00,3600,0.0,0.22613245194999998,0.0,0.0,0.0,0.22613245194999998
2024-04-07T12:00,3600,0.0,0.3309903077,0.0,0.0,0.0,0.3309903077
2024-04-07T13:00,3600,0.0,0.30828350780999997,0.0,0.0,0.0,0.30828350780999997
2024-04-07T14:00,3600,0.0,0.27105202099,0.0,0.0,0.0,0.27105202099
2024-04-07T15:00,3600,0.0,0.05219280785,0.0,0.0,0.0,0.05219280785
2024-04-07T16:00,3600,0.0,0.10431894861000002,0.0,0.0,0.0,0.10431894861000002
2024-04-07T17:00,3600,0.0,0.06367717608000001,0.0,0.0,0.0,0.06367717608000001
2024-04-07T18:00,3600,0.0,0.03260960654,0.0,0.0,0.0,0.03260960654
2024-04-07T19:00,3600,0.0,0.0006837580399999999,0.0,0.0,0.0,0.0006837580399999999
2024-04-07T20:00,3600,0.0,0.0,0.0,0.0,0.0,0.0
2024-04-07T21:00,3600,0.0,0.0,0.0,0.0,0.0,0.0
2024-04-07T22:00,3600,0.0,0.0,0.0,0.0,0.0,0.0
2024-04-07T23:00,3600,0.0,0.0,0.0,0.0,0.0,0.0
2024-04-08T00:00,3600,0.0,0.0,0.0,0.0,0.0,0.0
2024-04-08T01:00,3600,0.0,0.0,0.0,0.0,0.0,0.0
2024-04-08T02:00,3600,0.0,0.0,0.0,0.0,0.0,0.0
2024-04-08T03:00,3600,0.0,0.0,0.0,0.0,0.0,0.0
2024-04-08T04:00,3600,0.0,0.0,0.0,0.0,0.0,0.0
2024-04-08T05:00,3600,0.0,0.0,0.0,0.0,0.0,0.0
2024-04-08T06:00,3600,0.0,0.0,0.0,0.0,0.0,0.0
2024-04-08T07:00,3600,0.0,0.0014980577,0.0,0.0,0.0,0.0014980577
2024-04-08T08:00,3600,0.0,0.046465794709999994,0.0,0.0,0.0,0.046465794709999994
2024-04-08T09:00,3600,0.0,0.10635832754,0.0,0.0,0.0,0.10635832754
2024-04-08T10:00,3600,0.0,0.14752817642,0.0,0.0,0.0,0.14752817642
2024-04-08T11:00,3600,0.0,0.07986598477000001,0.0,0.0,0.0,0.07986598477000001
2024-04-08T12:00,3600,0.0,0.11224385804999999,0.0,0.0,0.0,0.11224385804999999
2024-04-08T13:00,3600,0.0,0.08270440572,0.0,0.0,0.0,0.08270440572
2024-04-08T14:00,3600,0.0,0.10358073015000001,0.0,0.0,0.0,0.10358073015000001
2024-04-08T15:00,3600,0.0,0.09327228300999998,0.0,0.0,0.0,0.09327228300999998
2024-04-08T16:00,3600,0.0,0.07771147696,0.0,0.0,0.0,0.07771147696
2024-04-08T17:00,3600,0.0,0.04244407236,0.0,0.0,0.0,0.04244407236
2024-04-08T18:00,3600,0.0,0.01876375899,0.0,0.0,0.0,0.01876375899
2024-04-08T19:00,3600,0.0,0.0,0.0,0.0,0.0,0.0
2024-04-08T20:00,3600,0.0,0.0,0.0,0.0,0.0,0.0
2024-04-08T21:00,3600,0.0,0.0,0.0,0.0,0.0,0.0
2024-04-08T22:00,3600,0.0,0.0,0.0,0.0,0.0,0.0
2024-04-08T23:00,3600,0.0,0.0,0.0,0.0,0.0,0.0
2024-04-09T00:00,3600,0.0,0.0,0.0,0.0,0.0,0.0
2024-04-09T01:00,3600,0.0,0.0,0.0,0.0,0.0,0.0
2024-04-09T02:00,3600,0.0,0.0,0.0,0.0,0.0,0.0
2024-04-09T03:00,3600,0.0,0.0,0.0,0.0,0.0,0.0
2024-04-09T04:00,3600,0.0,0.0,0.0,0.0,0.0,0.0
2024-04-09T05:00,3600,0.0,0.0,0.0,0.0,0.0,0.0
2024-04-09T06:00,3600,0.0,0.0,0.0,0.0,0.0,0.0
2024-04-09T07:00,3600,0.0,0.0063105633000000005,0.0,0.0,0.0,0.0063105633000000005
2024-04-09T08:00,3600,0.0,0.0574791941,0.0,0.0,0.0,0.0574791941
2024-04-09T09:00,3600,0.0,0.17970096505,0.0,0.0,0.0,0.17970096505
2024-04-09T10:00,3600,0.0,0.26979095702,0.0,0.0,0.0,0.26979095702
2024-04-09T11:00,3600,0.0,0.29236239705999995,0.0,0.0,0.0,0.29236239705999995
2024-04-09T12:00,3600,0.0,0.44498581577,0.0,0.0,0.0,0.44498581577
2024-04-09T13:00,3600,0.0,0.42170050558999994,0.0,0.0,0.0,0.42170050558999994
2024-04-09T14:00,3600,0.0,0.40489453684,0.0,0.0,0.0,0.40489453684
2024-04-09T15:00,3600,0.0,0.22980997268,0.0,0.0,0.0,0.22980997268
2024-04-09T16:00,3600,0.0,0.128292435,0.0,0.0,0.0,0.128292435
2024-04-09T17:00,3600,0.0,0.08087791654000001,0.0,0.0,0.0,0.08087791654000001
2024-04-09T18:00,3600,0.0,0.037937141939999995,0.0,0.0,0.0,0.037937141939999995
2024-04-09T19:00,3600,0.0,0.0014543840899999998,0.0,0.0,0.0,0.0014543840899999998
2024-04-09T20:00,3600,0.0,0.0,0.0,0.0,0.0,0.0
2024-04-09T21:00,3600,0.0,0.0,0.0,0.0,0.0,0.0
2024-04-09T22:00,3600,0.0,0.0,0.0,0.0,0.0,0.0
2024-04-09T23:00,3600,0.0,0.0,0.0,0.0,0.0,0.0
2024-04-10T00:00,3600,0.0,0.0,0.0,0.0,0.0,0.0
2024-04-10T01:00,3600,0.0,0.0,0.0,0.0,0.0,0.0
2024-04-10T02:00,3600,0.0,0.0,0.0,0.0,0.0,0.0
2024-04-10T03:00,3600,0.0,0.0,0.0,0.0,0.0,0.0
2024-04-10T04:00,3600,0.0,0.0,0.0,0.0,0.0,0.0
2024-04-10T05:00,3600,0.0,0.0,0.0,0.0,0.0,0.0
2024-04-10T06:00,3600,0.0,0.0,0.0,0.0,0.0,0.0
2024-04-10T07:00,3600,0.0,0.00230488974,0.0,0.0,0.0,0.00230488974
2024-04-10T08:00,3600,0.0,0.0324906791,0.0,0.0,0.0,0.0324906791
2024-04-10T09:00,3600,0.0,0.10622904946,0.0,0.0,0.0,0.10622904946
2024-04-10T10:00,3600,0.0,0.13458519571,0.0,0.0,0.0,0.13458519571
2024-04-10T11:00,3600,0.0,0.17044752201,0.0,0.0,0.0,0.17044752201
2024-04-10T12:00,3600,0.0,0.28088798012,0.0,0.0,0.0,0.28088798012
2024-04-10T13:00,3600,0.0,0.40535608946999996,0.0,0.0,0.0,0.40535608946999996
2024-04-10T14:00,3600,0.0,0.45114108028,0.0,0.0,0.0,0.45114108028
2024-04-10T15:00,3600,0.0,0.3072444489,0.0,0.0,0.0,0.3072444489
2024-04-10T16:00,3600,0.0,0.19599566440000002,0.0,0.0,0.0,0.19599566440000002
2024-04-10T17:00,3600,0.0,0.12051832854,0.0,0.0,0.0,0.12051832854
2024-04-10T18:00,3600,0.4039849320772558,0.06229625532,0.06229625532,0.3416886767572558,0.0,0.0
2024-04-10T19:00,3600,0.30563265664398465,0.00465268803,0.00465268803,0.3009799686139846,0.0,0.0
2024-04-10T20:00,3600,0.2726259645831167,0.0,0.0,0.2726259645831167,0.0,0.0
2024-04-10T21:00,3600,0.2342030497152893,0.0,0.0,0.2342030497152893,0.0,0.0
2024-04-10T22:00,3600,0.20833523819398184,0.0,0.0,0.20833523819398184,0.0,0.0
2024-04-10T23:00,3600,0.18838771295771561,0.0,0.0,0.18838771295771561,0.0,0.0
2024-04-11T00:00,3600,0.0,0.0,0.0,0.0,0.0,0.0
2024-04-11T01:00,3600,0.0,0.0,0.0,0.0,0.0,0.0
2024-04-11T02:00,3600,0.0,0.0,0.0,0.0,0.0,0.0
2024-04-11T03:00,3600,0.0,0.0,0.0,0.0,0.0,0.0
2024-04-11T04:00,3600,0.0,0.0,0.0,0.0,0.0,0.0
2024-04-11T05:00,3600,0.0,0.0,0.0,0.0,0.0,0.0
2024-04-11T06:00,3600,0.0,0.0,0.0,0.0,0.0,0.0
2024-04-11T07:00,3600,0.0,0.010522006859999999,0.0,0.0,0.0,0.010522006859999999
2024-04-11T08:00,3600,0.0,0.051877882810000005,0.0,0.0,0.0,0.051877882810000005
2024-04-11T09:00,3600,0.0,0.12079288297,0.0,0.0,0.0,0.12079288297
2024-04-11T10:00,3600,0.0,0.21300400787,0.0,0.0,0.0,0.21300400787
2024-04-11T11:00,3600,0.0,0.39032451479,0.0,0.0,0.0,0.39032451479
2024-04-11T12:00,3600,0.0,0.5356546133000001,0.0,0.0,0.0,0.5356546133000001
2024-04-11T13:00,3600,0.0,0.51086034589,0.0,0.0,0.0,0.51086034589
2024-04-11T14:00,3600,0.0,0.33581847985,0.0,0.0,0.0,0.33581847985
2024-04-11T15:00,3600,0.0,0.25541141041000004,0.0,0.0,0.0,0.25541141041000004
2024-04-11T16:00,3600,0.0,0.2298270037,0.0,0.0,0.0,0.2298270037
2024-04-11T17:00,3600,0.0,0.11796087901999999,0.0,0.0,0.0,0.11796087901999999
2024-04-11T18:00,3600,1.0349417814973305,0.06367570288,0.06367570288,0.9712660786173305,0.0,0.0
2024-04-11T19:00,3600,1.027959002579497,0.00784332576,0.00784332576,1.020115676819497,0.0,0.0
2024-04-11T20:00,3600,0.4420703405242867,0.0,0.0,0.4420703405242867,0.0,0.0
2024-04-11T21:00,3600,0.37534230696321147,0.0,0.0,0.37534230696321147,0.0,0.0
2024-04-11T22:00,3600,0.33447168905699565,0.0,0.0,0.33447168905699565,0.0,0.0
2024-04-11T23:00,3600,0.32527885200749923,0.0,0.0,0.32527885200749923,0.0,0.0
2024-04-12T00:00,3600,0.0,0.0,0.0,0.0,0.0,0.0
2024-04-12T01:00,3600,0.0,0.0,0.0,0.0,0.0,0.0
2024-04-12T02:00,3600,0.0,0.0,0.0,0.0,0.0,0.0
2024-04-12T03:00,3600,0.0,0.0,0.0,0.0,0.0,0.0
2024-04-12T04:00,3600,0.0,0.0,0.0,0.0,0.0,0.0
2024-04-12T05:00,3600,0.0,0.0,0.0,0.0,0.0,0.0
2024-04-12T06:00,3600,0.0,0.0,0.0,0.0,0.0,0.0
2024-04-12T07:00,3600,0.0,0.02178182594,0.0,0.0,0.0,0.02178182594
2024-04-12T08:00,3600,0.0,0.13159060805,0.0,0.0,0.0,0.13159060805
2024-04-12T09:00,3600,0.0,0.2349348389,0.0,0.0,0.0,0.2349348389
2024-04-12T10:00,3600,0.0,0.39418506355,0.0,0.0,0.0,0.39418506355
2024-04-12T11:00,3600,0.0,0.45412445547,0.0,0.0,0.0,0.45412445547
2024-04-12T12:00,3600,0.0,0.42266123069000006,0.0,0.0,0.0,0.42266123069000006
2024-04-12T13:00,3600,0.0,0.53741936264,0.0,0.0,0.0,0.53741936264
2024-04-12T14:00,3600,0.0,0.41490490782,0.0,0.0,0.0,0.41490490782
2024-04-12T15:00,3600,0.0,0.40759929177,0.0,0.0,0.0,0.40759929177
2024-04-12T16:00,3600,0.0,0.31750573229000006,0.0,0.0,0.0,0.31750573229000006
2024-04-12T17:00,3600,0.0,0.14794962617,0.0,0.0,0.0,0.14794962617
2024-04-12T18:00,3600,1.0585976873289245,0.05265839213,0.05265839213,1.0059392951989246,0.0,0.0
2024-04-12T19:00,3600,1.0495662974664357,0.00701204305,0.00701204305,1.0425542544164357,0.0,0.0
2024-04-12T20:00,3600,1.0536428100055435,0.0,0.0,1.0536428100055435,0.0,0.0
2024-04-12T21:00,3600,0.6801880204348385,0.0,0.0,0.6801880204348385,0.0,0.0
2024-04-12T22:00,3600,0.42127408806920813,0.0,0.0,0.42127408806920813,0.0,0.0
2024-04-12T23:00,3600,0.3941419806036804,0.0,0.0,0.3941419806036804,0.0,0.0
2024-04-13T00:00,3600,0.0,0.0,0.0,0.0,0.0,0.0
2024-04-13T01:00,3600,0.0,0.0,0.0,0.0,0.0,0.0
2024-04-13T02:00,3600,0.0,0.0,0.0,0.0,0.0,0.0
2024-04-13T03:00,3600,0.0,0.0,0.0,0.0,0.0,0.0
2024-04-13T04:00,3600,0.0,0.0,0.0,0.0,0.0,0.0
2024-04-13T05:00,3600,0.0,0.0,0.0,0.0,0.0,0.0
2024-04-13T06:00,3600,0.0,0.0,0.0,0.0,0.0,0.0
2024-04-13T07:00,3600,0.0,0.03197729622,0.0,0.0,0.0,0.03197729622
2024-04-13T08:00,3600,0.0,0.14401673951000002,0.0,0.0,0.0,0.14401673951000002
2024-04-13T09:00,3600,0.0,0.28088653547000003,0.0,0.0,0.0,0.28088653547000003
2024-04-13T10:00,3600,0.0,0.42497356826,0.0,0.0,0.0,0.42497356826
2024-04-13T11:00,3600,0.0,0.46350186831,0.0,0.0,0.0,0.46350186831
2024-04-13T12:00,3600,0.0,0.39341278419,0.0,0.0,0.0,0.39341278419
2024-04-13T13:00,3600,0.0,0.33672281772999996,0.0,0.0,0.0,0.33672281772999996
2024-04-13T14:00,3600,0.0,0.33973292001,0.0,0.0,0.0,0.33973292001
2024-04-13T15:00,3600,0.0,0.33150844831,0.0,0.0,0.0,0.33150844831
2024-04-13T16:00,3600,0.0,0.26613837396,0.0,0.0,0.0,0.26613837396
2024-04-13T17:00,3600,0.0,0.175781312,0.0,0.0,0.0,0.175781312
2024-04-13T18:00,3600,0.0,0.07030592115999999,0.0,0.0,0.0,0.07030592115999999
2024-04-13T19:00,3600,0.0,0.01174258758,0.0,0.0,0.0,0.01174258758
2024-04-13T20:00,3600,0.0,0.0,0.0,0.0,0.0,0.0
2024-04-13T21:00,3600,0.0,0.0,0.0,0.0,0.0,0.0
2024-04-13T22:00,3600,0.0,0.0,0.0,0.0,0.0,0.0
2024-04-13T23:00,3600,0.0,0.0,0.0,0.0,0.0,0.0
2024-04-14T00:00,3600,0.0,0.0,0.0,0.0,0.0,0.0
2024-04-14T01:00,3600,0.0,0.0,0.0,0.0,0.0,0.0
2024-04-14T02:00,3600,0.0,0.0,0.0,0.0,0.0,0.0
2024-04-14T03:00,3600,0.0,0.0,0.0,0.0,0.0,0.0
2024-04-14T04:00,3600,0.0,0.0,0.0,0.0,0.0,0.0
2024-04-14T05:00,3600,0.0,0.0,0.0,0.0,0.0,0.0
2024-04-14T06:00,3600,0.0,0.0,0.0,0.0,0.0,0.0
2024-04-14T07:00,3600,0.0,0.01228883486,0.0,0.0,0.0,0.01228883486
2024-04-14T08:00,3600,0.0,0.10440668972,0.0,0.0,0.0,0.10440668972
2024-04-14T09:00,3600,0.0,0.26391357782,0.0,0.0,0.0,0.26391357782
2024-04-14T10:00,3600,0.0,0.37747683836,0.0,0.0,0.0,0.37747683836
2024-04-14T11:00,3600,0.0,0.46959545084000004,0.0,0.0,0.0,0.46959545084000004
2024-04-14T12:00,3600,0.0,0.44319637575,0.0,0.0,0.0,0.44319637575
2024-04-14T13:00,3600,0.0,0.34748481815999993,0.0,0.0,0.0,0.34748481815999993
2024-04-14T14:00,3600,0.0,0.3963429853,0.0,0.0,0.0,0.3963429853
2024-04-14T15:00,3600,0.0,0.32835869272999996,0.0,0.0,0.0,0.32835869272999996
2024-04-14T16:00,3600,0.0,0.22416590654,0.0,0.0,0.0,0.22416590654
2024-04-14T17:00,3600,0.0,0.13189251863,0.0,0.0,0.0,0.13189251863
2024-04-14T18:00,3600,0.0,0.06177041654,0.0,0.0,0.0,0.06177041654
2024-04-14T19:00,3600,0.0,0.009374001460000001,0.0,0.0,0.0,0.009374001460000001
2024-04-14T20:00,3600,0.0,0.0,0.0,0.0,0.0,0.0
2024-04-14T21:00,3600,0.0,0.0,0.0,0.0,0.0,0.0
2024-04-14T22:00,3600,0.0,0.0,0.0,0.0,0.0,0.0
2024-04-14T23:00,3600,0.0,0.0,0.0,0.0,0.0,0.0
2024-04-15T00:00,3600,0.0,0.0,0.0,0.0,0.0,0.0
2024-04-15T01:00,3600,0.0,0.0,0.0,0.0,0.0,0.0
2024-04-15T02:00,3600,0.0,0.0,0.0,0.0,0.0,0.0
2024-04-15T03:00,3600,0.0,0.0,0.0,0.0,0.0,0.0
2024-04-15T04:00,3600,0.0,0.0,0.0,0.0,0.0,0.0
2024-04-15T05:00,3600,0.0,0.0,0.0,0.0,0.0,0.0
2024-04-15T06:00,3600,0.0,0.0,0.0,0.0,0.0,0.0
2024-04-15T07:00,3600,0.0,0.00621817814,0.0,0.0,0.0,0.00621817814
2024-04-15T08:00,3600,0.0,0.0546442871,0.0,0.0,0.0,0.0546442871
2024-04-15T09:00,3600,0.0,0.21097766554000003,0.0,0.0,0.0,0.21097766554000003
2024-04-15T10:00,3600,0.0,0.33504208183,0.0,0.0,0.0,0.33504208183
2024-04-15T11:00,3600,0.0,0.37733014600000003,0.0,0.0,0.0,0.37733014600000003
2024-04-15T12:00,3600,0.0,0.37816975492,0.0,0.0,0.0,0.37816975492
2024-04-15T13:00,3600,0.0,0.43917409658999995,0.0,0.0,0.0,0.43917409658999995
2024-04-15T14:00,3600,0.0,0.42048247868,0.0,0.0,0.0,0.42048247868
2024-04-15T15:00,3600,0.0,0.27468616182,0.0,0.0,0.0,0.27468616182
2024-04-15T16:00,3600,0.0,0.29817206681999997,0.0,0.0,0.0,0.29817206681999997
2024-04-15T17:00,3600,0.0,0.18781524196,0.0,0.0,0.0,0.18781524196
2024-04-15T18:00,3600,1.0623396464169916,0.06883114458999999,0.06883114458999999,0.9935085018269917,0.0,0.0
2024-04-15T19:00,3600,1.060222882357449,0.01093187375,0.01093187375,1.0492910086074492,0.0,0.0
2024-04-15T20:00,3600,1.0570279760892543,0.0,0.0,1.0570279760892543,0.0,0.0
2024-04-15T21:00,3600,1.0587167634109587,0.0,0.0,1.0587167634109587,0.0,0.0
2024-04-15T22:00,3600,1.0625442362923168,0.0,0.0,1.0625442362923168,0.0,0.0
2024-04-15T23:00,3600,1.0651169348354759,0.0,0.0,1.0651169348354759,0.0,0.0
2024-04-16T00:00,3600,0.0,0.0,0.0,0.0,0.0,0.0
2024-04-16T01:00,3600,0.0,0.0,0.0,0.0,0.0,0.0
2024-04-16T02:00,3600,0.0,0.0,0.0,0.0,0.0,0.0
2024-04-16T03:00,3600,0.0,0.0,0.0,0.0,0.0,0.0
2024-04-16T04:00,3600,0.0,0.0,0.0,0.0,0.0,0.0
2024-04-16T05:00,3600,0.0,0.0,0.0,0.0,0.0,0.0
2024-04-16T06:00,3600,0.0,0.0,0.0,0.0,0.0,0.0
2024-04-16T07:00,3600,0.0,0.01485889613,0.0,0.0,0.0,0.01485889613
2024-04-16T08:00,3600,0.0,0.06733570342999999,0.0,0.0,0.0,0.06733570342999999
2024-04-16T09:00,3600,0.0,0.23139004625,0.0,0.0,0.0,0.23139004625
2024-04-16T10:00,3600,0.0,0.32388566387999995,0.0,0.0,0.0,0.32388566387999995
2024-04-16T11:00,3600,0.0,0.40175888516,0.0,0.0,0.0,0.40175888516
2024-04-16T12:00,3600,0.0,0.44159499117,0.0,0.0,0.0,0.44159499117
2024-04-16T13:00,3600,0.0,0.48396249792,0.0,0.0,0.0,0.48396249792
2024-04-16T14:00,3600,0.0,0.39749665647000004,0.0,0.0,0.0,0.39749665647000004
2024-04-16T15:00,3600,0.0,0.41668561602,0.0,0.0,0.0,0.41668561602
2024-04-16T16:00,3600,0.0,0.34767732461000006,0.0,0.0,0.0,0.34767732461000006
2024-04-16T17:00,3600,0.0,0.20335964022,0.0,0.0,0.0,0.20335964022
2024-04-16T18:00,3600,1.0430744327481054,0.0565691484,0.0565691484,0.9865052843481054,0.0,0.0
2024-04-16T19:00,3600,1.0421139836070958,0.01096558288,0.01096558288,1.031148400727096,0.0,0.0
2024-04-16T20:00,3600,1.0602773532044658,0.0,0.0,1.0602773532044658,0.0,0.0
2024-04-16T21:00,3600,1.078883531088379,0.0,0.0,1.078883531088379,0.0,0.0
2024-04-16T22:00,3600,1.0870588235294116,0.0,0.0,1.0870588235294116,0.0,0.0
2024-04-16T23:00,3600,1.086041066812252,0.0,0.0,1.086041066812252,0.0,0.0
2024-04-17T00:00,3600,0.0,0.0,0.0,0.0,0.0,0.0
2024-04-17T01:00,3600,0.0,0.0,0.0,0.0,0.0,0.0
2024-04-17T02:00,3600,0.0,0.0,0.0,0.0,0.0,0.0
2024-04-17T03:00,3600,0.0,0.0,0.0,0.0,0.0,0.0
2024-04-17T04:00,3600,0.0,0.0,0.0,0.0,0.0,0.0
2024-04-17T05:00,3600,0.0,0.0,0.0,0.0,0.0,0.0
2024-04-17T06:00,3600,0.0,0.0,0.0,0.0,0.0,0.0
2024-04-17T07:00,3600,0.0,0.020715903910000003,0.0,0.0,0.0,0.020715903910000003
2024-04-17T08:00,3600,0.0,0.08693594141000001,0.0,0.0,0.0,0.08693594141000001
2024-04-17T09:00,3600,0.0,0.30884007307,0.0,0.0,0.0,0.30884007307
2024-04-17T10:00,3600,0.0,0.43561093362000003,0.0,0.0,0.0,0.43561093362000003
2024-04-17T11:00,3600,0.0,0.52988047887,0.0,0.0,0.0,0.52988047887
2024-04-17T12:00,3600,0.0,0.59934371854,0.0,0.0,0.0,0.59934371854
2024-04-17T13:00,3600,0.0,0.52759868546,0.0,0.0,0.0,0.52759868546
2024-04-17T14:00,3600,0.0,0.49675497746999997,0.0,0.0,0.0,0.49675497746999997
2024-04-17T15:00,3600,0.0,0.31103827944,0.0,0.0,0.0,0.31103827944
2024-04-17T16:00,3600,0.0,0.27629352631,0.0,0.0,0.0,0.27629352631
2024-04-17T17:00,3600,0.0,0.15750838879,0.0,0.0,0.0,0.15750838879
2024-04-17T18:00,3600,1.0657339743211376,0.05720007732,0.05720007732,1.0085338970011375,0.0,0.0
2024-04-17T19:00,3600,1.0700607291132247,0.00938183988,0.00938183988,1.0606788892332246,0.0,0.0
2024-04-17T20:00,3600,1.0556390222283543,0.0,0.0,1.0556390222283543,0.0,0.0
2024-04-17T21:00,3600,1.0638839026138749,0.0,0.0,1.0638839026138749,0.0,0.0
2024-04-17T22:00,3600,1.0719232721326384,0.0,0.0,1.0719232721326384,0.0,0.0
2024-04-17T23:00,3600,1.0676627562896777,0.0,0.0,1.0676627562896777,0.0,0.0
2024-04-18T00:00,3600,0.0,0.0,0.0,0.0,0.0,0.0
2024-04-18T01:00,3600,0.0,0.0,0.0,0.0,0.0,0.0
2024-04-18T02:00,3600,0.0,0.0,0.0,0.0,0.0,0.0
2024-04-18T03:00,3600,0.0,0.0,0.0,0.0,0.0,0.0
2024-04-18T04:00,3600,0.0,0.0,0.0,0.0,0.0,0.0
2024-04-18T05:00,3600,0.0,0.0,0.0,0.0,0.0,0.0
2024-04-18T06:00,3600,0.0,0.0,0.0,0.0,0.0,0.0
2024-04-18T07:00,3600,0.0,0.011467256109999999,0.0,0.0,0.0,0.011467256109999999
2024-04-18T08:00,3600,0.0,0.08212521101,0.0,0.0,0.0,0.08212521101
2024-04-18T09:00,3600,0.0,0.14445092199,0.0,0.0,0.0,0.14445092199
2024-04-18T10:00,3600,0.0,0.18224253165999998,0.0,0.0,0.0,0.18224253165999998
2024-04-18T11:00,3600,0.0,0.25670485891,0.0,0.0,0.0,0.25670485891
2024-04-18T12:00,3600,0.0,0.33009918634,0.0,0.0,0.0,0.33009918634
2024-04-18T13:00,3600,0.0,0.35773169404,0.0,0.0,0.0,0.35773169404
2024-04-18T14:00,3600,0.0,0.37665857573,0.0,0.0,0.0,0.37665857573
2024-04-18T15:00,3600,0.0,0.20722007644,0.0,0.0,0.0,0.20722007644
2024-04-18T16:00,3600,0.0,0.22517283343000002,0.0,0.0,0.0,0.22517283343000002
2024-04-18T17:00,3600,0.0,0.16870292882000001,0.0,0.0,0.0,0.16870292882000001
2024-04-18T18:00,3600,1.019406986120143,0.058379436570000005,0.058379436570000005,0.9610275495501429,0.0,0.0
2024-04-18T19:00,3600,1.0268162629081456,0.01109207861,0.01109207861,1.0157241842981457,0.0,0.0
2024-04-18T20:00,3600,0.7966196055546517,0.0,0.0,0.7966196055546517,0.0,0.0
2024-04-18T21:00,3600,0.3821398931888362,0.0,0.0,0.3821398931888362,0.0,0.0
2024-04-18T22:00,3600,0.3895745058689222,0.0,0.0,0.3895745058689222,0.0,0.0
2024-04-18T23:00,3600,0.3964211782337471,0.0,0.0,0.3964211782337471,0.0,0.0
2024-04-19T00:00,3600,0.0,0.0,0.0,0.0,0.0,0.0
2024-04-19T01:00,3600,0.0,0.0,0.0,0.0,0.0,0.0
2024-04-19T02:00,3600,0.0,0.0,0.0,0.0,0.0,0.0
2024-04-19T03:00,3600,0.0,0.0,0.0,0.0,0.0,0.0
2024-04-19T04:00,3600,0.0,0.0,0.0,0.0,0.0,0.0
2024-04-19T05:00,3600,0.0,0.0,0.0,0.0,0.0,0.0
2024-04-19T06:00,3600,0.0,0.0,0.0,0.0,0.0,0.0
2024-04-19T07:00,3600,0.0,0.01422295314,0.0,0.0,0.0,0.01422295314
2024-04-19T08:00,3600,0.0,0.06722037029000001,0.0,0.0,0.0,0.06722037029000001
2024-04-19T09:00,3600,0.0,0.13640210698000002,0.0,0.0,0.0,0.13640210698000002
2024-04-19T10:00,3600,0.0,0.24597553057,0.0,0.0,0.0,0.24597553057
2024-04-19T11:00,3600,0.0,0.22357260020999997,0.0,0.0,0.0,0.22357260020999997
2024-04-19T12:00,3600,0.0,0.33078049456999997,0.0,0.0,0.0,0.33078049456999997
2024-04-19T13:00,3600,0.0,0.4318182963,0.0,0.0,0.0,0.4318182963
2024-04-19T14:00,3600,0.0,0.40279714406,0.0,0.0,0.0,0.40279714406
2024-04-19T15:00,3600,0.0,0.24013002498,0.0,0.0,0.0,0.24013002498
2024-04-19T16:00,3600,0.0,0.18278766185000003,0.0,0.0,0.0,0.18278766185000003
2024-04-19T17:00,3600,0.0,0.11596992593,0.0,0.0,0.0,0.11596992593
2024-04-19T18:00,3600,1.041869212312693,0.043672599619999995,0.043672599619999995,0.9981966126926929,0.0,0.0
2024-04-19T19:00,3600,1.0533994628014718,0.0029720630099999996,0.0029720630099999996,1.0504273997914717,0.0,0.0
2024-04-19T20:00,3600,0.6938944021149098,0.0,0.0,0.6938944021149098,0.0,0.0
2024-04-19T21:00,3600,0.43785661322658626,0.0,0.0,0.43785661322658626,0.0,0.0
2024-04-19T22:00,3600,0.44001283404183755,0.0,0.0,0.44001283404183755,0.0,0.0
2024-04-19T23:00,3600,0.4347203473644394,0.0,0.0,0.4347203473644394,0.0,0.0
2024-04-20T00:00,3600,0.0,0.0,0.0,0.0,0.0,0.0
2024-04-20T01:00,3600,0.0,0.0,0.0,0.0,0.0,0.0
2024-04-20T02:00,3600,0.0,0.0,0.0,0.0,0.0,0.0
2024-04-20T03:00,3600,0.0,0.0,0.0,0.0,0.0,0.0
2024-04-20T04:00,3600,0.0,0.0,0.0,0.0,0.0,0.0
2024-04-20T05:00,3600,0.0,0.0,0.0,0.0,0.0,0.0
2024-04-20T06:00,3600,0.0,0.0,0.0,0.0,0.0,0.0
2024-04-20T07:00,3600,0.0,0.013137705800000002,0.0,0.0,0.0,0.013137705800000002
2024-04-20T08:00,3600,0.0,0.06288909216,0.0,0.0,0.0,0.06288909216
2024-04-20T09:00,3600,0.0,0.13237602770999998,0.0,0.0,0.0,0.13237602770999998
2024-04-20T10:00,3600,0.0,0.16323028315,0.0,0.0,0.0,0.16323028315
2024-04-20T11:00,3600,0.0,0.25962873194,0.0,0.0,0.0,0.25962873194
2024-04-20T12:00,3600,0.0,0.41235495148,0.0,0.0,0.0,0.41235495148
2024-04-20T13:00,3600,0.0,0.36021076448000006,0.0,0.0,0.0,0.36021076448000006
2024-04-20T14:00,3600,0.0,0.28739723722999994,0.0,0.0,0.0,0.28739723722999994
2024-04-20T15:00,3600,0.0,0.08873953102999999,0.0,0.0,0.0,0.08873953102999999
2024-04-20T16:00,3600,0.0,0.05573201577,0.0,0.0,0.0,0.05573201577
2024-04-20T17:00,3600,0.0,0.04240112453,0.0,0.0,0.0,0.04240112453
2024-04-20T18:00,3600,0.0,0.00882586408,0.0,0.0,0.0,0.00882586408
2024-04-20T19:00,3600,0.0,0.0,0.0,0.0,0.0,0.0
2024-04-20T20:00,3600,0.0,0.0,0.0,0.0,0.0,0.0
2024-04-20T21:00,3600,0.0,0.0,0.0,0.0,0.0,0.0
2024-04-20T22:00,3600,0.0,0.0,0.0,0.0,0.0,0.0
2024-04-20T23:00,3600,0.0,0.0,0.0,0.0,0.0,0.0
2024-04-21T00:00,3600,0.0,0.0,0.0,0.0,0.0,0.0
2024-04-21T01:00,3600,0.0,0.0,0.0,0.0,0.0,0.0
2024-04-21T02:00,3600,0.0,0.0,0.0,0.0,0.0,0.0
2024-04-21T03:00,3600,0.0,0.0,0.0,0.0,0.0,0.0
2024-04-21T04:00,3600,0.0,0.0,0.0,0.0,0.0,0.0
2024-04-21T05:00,3600,0.0,0.0,0.0,0.0,0.0,0.0
2024-04-21T06:00,3600,0.0,0.0,0.0,0.0,0.0,0.0
2024-04-21T07:00,3600,0.0,0.00390678889,0.0,0.0,0.0,0.00390678889
2024-04-21T08:00,3600,0.0,0.02260042702,0.0,0.0,0.0,0.02260042702
2024-04-21T09:00,3600,0.0,0.061326141900000006,0.0,0.0,0.0,0.061326141900000006
2024-04-21T10:00,3600,0.0,0.0786419043,0.0,0.0,0.0,0.0786419043
2024-04-21T11:00,3600,0.0,0.08094354997,0.0,0.0,0.0,0.08094354997
2024-04-21T12:00,3600,0.0,0.07158583389,0.0,0.0,0.0,0.07158583389
2024-04-21T13:00,3600,0.0,0.18355025938,0.0,0.0,0.0,0.18355025938
2024-04-21T14:00,3600,0.0,0.24650576022999998,0.0,0.0,0.0,0.24650576022999998
2024-04-21T15:00,3600,0.0,0.09098256218,0.0,0.0,0.0,0.09098256218
2024-04-21T16:00,3600,0.0,0.2114865294,0.0,0.0,0.0,0.2114865294
2024-04-21T17:00,3600,0.0,0.12003636479,0.0,0.0,0.0,0.12003636479
2024-04-21T18:00,3600,0.0,0.04102789422,0.0,0.0,0.0,0.04102789422
2024-04-21T19:00,3600,0.0,0.00306594287,0.0,0.0,0.0,0.00306594287
2024-04-21T20:00,3600,0.0,0.0,0.0,0.0,0.0,0.0
2024-04-21T21:00,3600,0.0,0.0,0.0,0.0,0.0,0.0
2024-04-21T22:00,3600,0.0,0.0,0.0,0.0,0.0,0.0
2024-04-21T23:00,3600,0.0,0.0,0.0,0.0,0.0,0.0
2024-04-22T00:00,3600,0.0,0.0,0.0,0.0,0.0,0.0
2024-04-22T01:00,3600,0.0,0.0,0.0,0.0,0.0,0.0
2024-04-22T02:00,3600,0.0,0.0,0.0,0.0,0.0,0.0
2024-04-22T03:00,3600,0.0,0.0,0.0,0.0,0.0,0.0
2024-04-22T04:00,3600,0.0,0.0,0.0,0.0,0.0,0.0
2024-04-22T05:00,3600,0.0,0.0,0.0,0.0,0.0,0.0
2024-04-22T06:00,3600,0.0,0.0,0.0,0.0,0.0,0.0
2024-04-22T07:00,3600,0.0,0.02158544141,0.0,0.0,0.0,0.02158544141
2024-04-22T08:00,3600,0.0,0.10771296427,0.0,0.0,0.0,0.10771296427
2024-04-22T09:00,3600,0.0,0.25102587858000003,0.0,0.0,0.0,0.25102587858000003
2024-04-22T10:00,3600,0.0,0.262303035,0.0,0.0,0.0,0.262303035
2024-04-22T11:00,3600,0.0,0.31830735689,0.0,0.0,0.0,0.31830735689
2024-04-22T12:00,3600,0.0,0.26007014528000005,0.0,0.0,0.0,0.26007014528000005
2024-04-22T13:00,3600,0.0,0.29545465548,0.0,0.0,0.0,0.29545465548
2024-04-22T14:00,3600,0.0,0.23705121811,0.0,0.0,0.0,0.23705121811
2024-04-22T15:00,3600,0.0,0.21396773754,0.0,0.0,0.0,0.21396773754
2024-04-22T16:00,3600,0.0,0.18454029333,0.0,0.0,0.0,0.18454029333
2024-04-22T17:00,3600,0.0,0.12799340908999998,0.0,0.0,0.0,0.12799340908999998
2024-04-22T18:00,3600,1.061114166330602,0.054625810840000004,0.054625810840000004,1.0064883554906021,0.0,0.0
2024-04-22T19:00,3600,0.9178400548321907,0.00873375657,0.00873375657,0.9091062982621907,0.0,0.0
2024-04-22T20:00,3600,0.374319326513732,0.0,0.0,0.374319326513732,0.0,0.0
2024-04-22T21:00,3600,0.3680449368625015,0.0,0.0,0.3680449368625015,0.0,0.0
2024-04-22T22:00,3600,0.3623490829630842,0.0,0.0,0.3623490829630842,0.0,0.0
2024-04-22T23:00,3600,0.36871457922291645,0.0,0.0,0.36871457922291645,0.0,0.0
2024-04-23T00:00,3600,0.0,0.0,0.0,0.0,0.0,0.0
2024-04-23T01:00,3600,0.0,0.0,0.0,0.0,0.0,0.0
2024-04-23T02:00,3600,0.0,0.0,0.0,0.0,0.0,0.0
2024-04-23T03:00,3600,0.0,0.0,0.0,0.0,0.0,0.0
2024-04-23T04:00,3600,0.0,0.0,0.0,0.0,0.0,0.0
2024-04-23T05:00,3600,0.0,0.0,0.0,0.0,0.0,0.0
2024-04-23T06:00,3600,0.0,0.0,0.0,0.0,0.0,0.0
2024-04-23T07:00,3600,0.0,0.01975300622,0.0,0.0,0.0,0.01975300622
2024-04-23T08:00,3600,0.0,0.07948489531,0.0,0.0,0.0,0.07948489531
2024-04-23T09:00,3600,0.0,0.08588074052999999,0.0,0.0,0.0,0.08588074052999999
2024-04-23T10:00,3600,0.0,0.12218329299,0.0,0.0,0.0,0.12218329299
2024-04-23T11:00,3600,0.0,0.15966727405,0.0,0.0,0.0,0.15966727405
2024-04-23T12:00,3600,0.0,0.12805597229,0.0,0.0,0.0,0.12805597229
2024-04-23T13:00,3600,0.0,0.14646729454000001,0.0,0.0,0.0,0.14646729454000001
2024-04-23T14:00,3600,0.0,0.21163931605999997,0.0,0.0,0.0,0.21163931605999997
2024-04-23T15:00,3600,0.0,0.16535249505,0.0,0.0,0.0,0.16535249505
2024-04-23T16:00,3600,0.0,0.23532531470999998,0.0,0.0,0.0,0.23532531470999998
2024-04-23T17:00,3600,0.0,0.14408925834,0.0,0.0,0.0,0.14408925834
2024-04-23T18:00,3600,1.045890431865124,0.04722407571,0.04722407571,0.9986663561551241,0.0,0.0
2024-04-23T19:00,3600,0.4329123598284207,0.0005883900899999999,0.0005883900899999999,0.4323239697384207,0.0,0.0
2024-04-23T20:00,3600,0.4371276973168365,0.0,0.0,0.4371276973168365,0.0,0.0
2024-04-23T21:00,3600,0.44564337941176463,0.0,0.0,0.44564337941176463,0.0,0.0
2024-04-23T22:00,3600,0.43523536097700877,0.0,0.0,0.43523536097700877,0.0,0.0
2024-04-23T23:00,3600,0.4302691114029531,0.0,0.0,0.4302691114029531,0.0,0.0
2024-04-24T00:00,3600,0.0,0.0,0.0,0.0,0.0,0.0
2024-04-24T01:00,3600,0.0,0.0,0.0,0.0,0.0,0.0
2024-04-24T02:00,3600,0.0,0.0,0.0,0.0,0.0,0.0
2024-04-24T03:00,3600,0.0,0.0,0.0,0.0,0.0,0.0
2024-04-24T04:00,3600,0.0,0.0,0.0,0.0,0.0,0.0
2024-04-24T05:00,3600,0.0,0.0,0.0,0.0,0.0,0.0
2024-04-24T06:00,3600,0.0,0.0,0.0,0.0,0.0,0.0
2024-04-24T07:00,3600,0.0,0.01361962126,0.0,0.0,0.0,0.01361962126
2024-04-24T08:00,3600,0.0,0.08925668141,0.0,0.0,0.0,0.08925668141
2024-04-24T09:00,3600,0.0,0.19170169901,0.0,0.0,0.0,0.19170169901
2024-04-24T10:00,3600,0.0,0.25320901104,0.0,0.0,0.0,0.25320901104
2024-04-24T11:00,3600,0.0,0.37619675893,0.0,0.0,0.0,0.37619675893
2024-04-24T12:00,3600,0.0,0.46602758886,0.0,0.0,0.0,0.46602758886
2024-04-24T13:00,3600,0.0,0.37099372675,0.0,0.0,0.0,0.37099372675
2024-04-24T14:00,3600,0.0,0.25852090307,0.0,0.0,0.0,0.25852090307
2024-04-24T15:00,3600,0.0,0.31033519854,0.0,0.0,0.0,0.31033519854
2024-04-24T16:00,3600,0.0,0.22512404863,0.0,0.0,0.0,0.22512404863
2024-04-24T17:00,3600,0.0,0.12637444562,0.0,0.0,0.0,0.12637444562
2024-04-24T18:00,3600,1.0767357737159677,0.04458048346,0.04458048346,1.0321552902559676,0.0,0.0
2024-04-24T19:00,3600,1.076632874155252,0.004603106450000001,0.004603106450000001,1.072029767705252,0.0,0.0
2024-04-24T20:00,3600,0.8826459706534129,0.0,0.0,0.8826459706534129,0.0,0.0
2024-04-24T21:00,3600,0.4301090949510678,0.0,0.0,0.4301090949510678,0.0,0.0
2024-04-24T22:00,3600,0.4249080617647059,0.0,0.0,0.4249080617647059,0.0,0.0
2024-04-24T23:00,3600,0.41918085538431576,0.0,0.0,0.41918085538431576,0.0,0.0
2024-04-25T00:00,3600,0.0,0.0,0.0,0.0,0.0,0.0
2024-04-25T01:00,3600,0.0,0.0,0.0,0.0,0.0,0.0
2024-04-25T02:00,3600,0.0,0.0,0.0,0.0,0.0,0.0
2024-04-25T03:00,3600,0.0,0.0,0.0,0.0,0.0,0.0
2024-04-25T04:00,3600,0.0,0.0,0.0,0.0,0.0,0.0
2024-04-25T05:00,3600,0.0,0.0,0.0,0.0,0.0,0.0
2024-04-25T06:00,3600,0.0,0.0,0.0,0.0,0.0,0.0
2024-04-25T07:00,3600,0.0,0.00142854753,0.0,0.0,0.0,0.00142854753
2024-04-25T08:00,3600,0.0,0.03344000223,0.0,0.0,0.0,0.03344000223
2024-04-25T09:00,3600,0.0,0.04809091062,0.0,0.0,0.0,0.04809091062
2024-04-25T10:00,3600,0.0,0.049418869559999995,0.0,0.0,0.0,0.049418869559999995
2024-04-25T11:00,3600,0.0,0.13826543205,0.0,0.0,0.0,0.13826543205
2024-04-25T12:00,3600,0.0,0.09391044854000001,0.0,0.0,0.0,0.09391044854000001
2024-04-25T13:00,3600,0.0,0.26078694934999996,0.0,0.0,0.0,0.26078694934999996
2024-04-25T14:00,3600,0.0,0.35807919105,0.0,0.0,0.0,0.35807919105
2024-04-25T15:00,3600,0.0,0.28802633212,0.0,0.0,0.0,0.28802633212
2024-04-25T16:00,3600,0.0,0.21021774074000002,0.0,0.0,0.0,0.21021774074000002
2024-04-25T17:00,3600,0.0,0.08802837979,0.0,0.0,0.0,0.08802837979
2024-04-25T18:00,3600,1.0870588235294116,0.03741158948000001,0.03741158948000001,1.0496472340494116,0.0,0.0
2024-04-25T19:00,3600,0.784606433420456,0.00622304778,0.00622304778,0.778383385640456,0.0,0.0
2024-04-25T20:00,3600,0.44564337941176463,0.0,0.0,0.44564337941176463,0.0,0.0
2024-04-25T21:00,3600,0.42552720545762357,0.0,0.0,0.42552720545762357,0.0,0.0
2024-04-25T22:00,3600,0.4207417569471678,0.0,0.0,0.4207417569471678,0.0,0.0
2024-04-25T23:00,3600,0.40809147984085625,0.0,0.0,0.40809147984085625,0.0,0.0
2024-04-26T00:00,3600,0.0,0.0,0.0,0.0,0.0,0.0
2024-04-26T01:00,3600,0.0,0.0,0.0,0.0,0.0,0.0
2024-04-26T02:00,3600,0.0,0.0,0.0,0.0,0.0,0.0
2024-04-26T03:00,3600,0.0,0.0,0.0,0.0,0.0,0.0
2024-04-26T04:00,3600,0.0,0.0,0.0,0.0,0.0,0.0
2024-04-26T05:00,3600,0.0,0.0,0.0,0.0,0.0,0.0
2024-04-26T06:00,3600,0.0,0.0,0.0,0.0,0.0,0.0
2024-04-26T07:00,3600,0.0,0.00223976328,0.0,0.0,0.0,0.00223976328
2024-04-26T08:00,3600,0.0,0.03057961994,0.0,0.0,0.0,0.03057961994
2024-04-26T09:00,3600,0.0,0.08213233952,0.0,0.0,0.0,0.08213233952
2024-04-26T10:00,3600,0.0,0.15161917009999998,0.0,0.0,0.0,0.15161917009999998
2024-04-26T11:00,3600,0.0,0.16978695558,0.0,0.0,0.0,0.16978695558
2024-04-26T12:00,3600,0.0,0.20786669361000001,0.0,0.0,0.0,0.20786669361000001
2024-04-26T13:00,3600,0.0,0.20253124713,0.0,0.0,0.0,0.20253124713
2024-04-26T14:00,3600,0.0,0.20957724307999998,0.0,0.0,0.0,0.20957724307999998
2024-04-26T15:00,3600,0.0,0.37162963524000003,0.0,0.0,0.0,0.37162963524000003
2024-04-26T16:00,3600,0.0,0.29362082054,0.0,0.0,0.0,0.29362082054
2024-04-26T17:00,3600,0.0,0.18661401773,0.0,0.0,0.0,0.18661401773
2024-04-26T18:00,3600,1.0870588235294116,0.05257030183,0.05257030183,1.0344885216994117,0.0,0.0
2024-04-26T19:00,3600,1.0870588235294116,0.00782352496,0.00782352496,1.0792352985694116,0.0,0.0
2024-04-26T20:00,3600,0.5098621537957294,0.0,0.0,0.5098621537957294,0.0,0.0
2024-04-26T21:00,3600,0.45082720882352945,0.0,0.0,0.45082720882352945,0.0,0.0
2024-04-26T22:00,3600,0.4274999764705883,0.0,0.0,0.4274999764705883,0.0,0.0
2024-04-26T23:00,3600,0.4249080617647059,0.0,0.0,0.4249080617647059,0.0,0.0
2024-04-27T00:00,3600,0.0,0.0,0.0,0.0,0.0,0.0
2024-04-27T01:00,3600,0.0,0.0,0.0,0.0,0.0,0.0
2024-04-27T02:00,3600,0.0,0.0,0.0,0.0,0.0,0.0
2024-04-27T03:00,3600,0.0,0.0,0.0,0.0,0.0,0.0
2024-04-27T04:00,3600,0.0,0.0,0.0,0.0,0.0,0.0
2024-04-27T05:00,3600,0.0,0.0,0.0,0.0,0.0,0.0
2024-04-27T06:00,3600,0.0,0.0,0.0,0.0,0.0,0.0
2024-04-27T07:00,3600,0.0,0.02007975811,0.0,0.0,0.0,0.02007975811
2024-04-27T08:00,3600,0.0,0.08200554171,0.0,0.0,0.0,0.08200554171
2024-04-27T09:00,3600,0.0,0.14313615386,0.0,0.0,0.0,0.14313615386
2024-04-27T10:00,3600,0.0,0.22311560301,0.0,0.0,0.0,0.22311560301
2024-04-27T11:00,3600,0.0,0.27780641853,0.0,0.0,0.0,0.27780641853
2024-04-27T12:00,3600,0.0,0.32730280689999997,0.0,0.0,0.0,0.32730280689999997
2024-04-27T13:00,3600,0.0,0.33864749461000004,0.0,0.0,0.0,0.33864749461000004
2024-04-27T14:00,3600,0.0,0.33782594759,0.0,0.0,0.0,0.33782594759
2024-04-27T15:00,3600,0.0,0.27401214404,0.0,0.0,0.0,0.27401214404
2024-04-27T16:00,3600,0.0,0.20635548607999998,0.0,0.0,0.0,0.20635548607999998
2024-04-27T17:00,3600,0.0,0.10644923151,0.0,0.0,0.0,0.10644923151
2024-04-27T18:00,3600,0.0,0.06416824606,0.0,0.0,0.0,0.06416824606
2024-04-27T19:00,3600,0.0,0.00858800844,0.0,0.0,0.0,0.00858800844
2024-04-27T20:00,3600,0.0,0.0,0.0,0.0,0.0,0.0
2024-04-27T21:00,3600,0.0,0.0,0.0,0.0,0.0,0.0
2024-04-27T22:00,3600,0.0,0.0,0.0,0.0,0.0,0.0
2024-04-27T23:00,3600,0.0,0.0,0.0,0.0,0.0,0.0
2024-04-28T00:00,3600,0.0,0.0,0.0,0.0,0.0,0.0
2024-04-28T01:00,3600,0.0,0.0,0.0,0.0,0.0,0.0
2024-04-28T02:00,3600,0.0,0.0,0.0,0.0,0.0,0.0
2024-04-28T03:00,3600,0.0,0.0,0.0,0.0,0.0,0.0
2024-04-28T04:00,3600,0.0,0.0,0.0,0.0,0.0,0.0
2024-04-28T05:00,3600,0.0,0.0,0.0,0.0,0.0,0.0
2024-04-28T06:00,3600,0.0,0.0,0.0,0.0,0.0,0.0
2024-04-28T07:00,3600,0.0,0.0,0.0,0.0,0.0,0.0
2024-04-28T08:00,3600,0.0,0.019306560050000005,0.0,0.0,0.0,0.019306560050000005
2024-04-28T09:00,3600,0.0,0.11416636471000001,0.0,0.0,0.0,0.11416636471000001
2024-04-28T10:00,3600,0.0,0.32220382276,0.0,0.0,0.0,0.32220382276
2024-04-28T11:00,3600,0.0,0.28857094711000003,0.0,0.0,0.0,0.28857094711000003
2024-04-28T12:00,3600,0.0,0.36779044517,0.0,0.0,0.0,0.36779044517
2024-04-28T13:00,3600,0.0,0.28126611122999995,0.0,0.0,0.0,0.28126611122999995
2024-04-28T14:00,3600,0.0,0.32211545017,0.0,0.0,0.0,0.32211545017
2024-04-28T15:00,3600,0.0,0.18296826537000002,0.0,0.0,0.0,0.18296826537000002
2024-04-28T16:00,3600,0.0,0.08051204173000001,0.0,0.0,0.0,0.08051204173000001
2024-04-28T17:00,3600,0.0,0.04522345589,0.0,0.0,0.0,0.04522345589
2024-04-28T18:00,3600,0.0,0.01277127417,0.0,0.0,0.0,0.01277127417
2024-04-28T19:00,3600,0.0,0.0006139393399999999,0.0,0.0,0.0,0.0006139393399999999
2024-04-28T20:00,3600,0.0,0.0,0.0,0.0,0.0,0.0
2024-04-28T21:00,3600,0.0,0.0,0.0,0.0,0.0,0.0
2024-04-28T22:00,3600,0.0,0.0,0.0,0.0,0.0,0.0
2024-04-28T23:00,3600,0.0,0.0,0.0,0.0,0.0,0.0
2024-04-29T00:00,3600,0.0,0.0,0.0,0.0,0.0,0.0
2024-04-29T01:00,3600,0.0,0.0,0.0,0.0,0.0,0.0
2024-04-29T02:00,3600,0.0,0.0,0.0,0.0,0.0,0.0
2024-04-29T03:00,3600,0.0,0.0,0.0,0.0,0.0,0.0
2024-04-29T04:00,3600,0.0,0.0,0.0,0.0,0.0,0.0
2024-04-29T05:00,3600,0.0,0.0,0.0,0.0,0.0,0.0
2024-04-29T06:00,3600,0.0,0.0,0.0,0.0,0.0,0.0
2024-04-29T07:00,3600,0.0,0.0199113789,0.0,0.0,0.0,0.0199113789
2024-04-29T08:00,3600,0.0,0.0478471372,0.0,0.0,0.0,0.0478471372
2024-04-29T09:00,3600,0.0,0.13784602057,0.0,0.0,0.0,0.13784602057
2024-04-29T10:00,3600,0.0,0.28226084200999996,0.0,0.0,0.0,0.28226084200999996
2024-04-29T11:00,3600,0.0,0.42822462780000004,0.0,0.0,0.0,0.42822462780000004
2024-04-29T12:00,3600,0.0,0.56477058142,0.0,0.0,0.0,0.56477058142
2024-04-29T13:00,3600,0.0,0.5538724952899999,0.0,0.0,0.0,0.5538724952899999
2024-04-29T14:00,3600,0.0,0.48014631382,0.0,0.0,0.0,0.48014631382
2024-04-29T15:00,3600,0.0,0.41325476882999995,0.0,0.0,0.0,0.41325476882999995
2024-04-29T16:00,3600,0.0,0.18290328881,0.0,0.0,0.0,0.18290328881
2024-04-29T17:00,3600,0.0,0.14690250803,0.0,0.0,0.0,0.14690250803
2024-04-29T18:00,3600,1.0870588235294116,0.04834898639,0.04834898639,1.0387098371394117,0.0,0.0
2024-04-29T19:00,3600,1.0870588235294116,0.00853380856,0.00853380856,1.0785250149694117,0.0,0.0
2024-04-29T20:00,3600,1.0870588235294116,0.0,0.0,1.0870588235294116,0.0,0.0
2024-04-29T21:00,3600,1.0870588235294116,0.0,0.0,1.0870588235294116,0.0,0.0
2024-04-29T22:00,3600,1.0870588235294116,0.0,0.0,1.0870588235294116,0.0,0.0
2024-04-29T23:00,3600,1.0870588235294116,0.0,0.0,1.0870588235294116,0.0,0.0
2024-04-30T00:00,3600,0.0,0.0,0.0,0.0,0.0,0.0
2024-04-30T01:00,3600,0.0,0.0,0.0,0.0,0.0,0.0
2024-04-30T02:00,3600,0.0,0.0,0.0,0.0,0.0,0.0
2024-04-30T03:00,3600,0.0,0.0,0.0,0.0,0.0,0.0
2024-04-30T04:00,3600,0.0,0.0,0.0,0.0,0.0,0.0
2024-04-30T05:00,3600,0.0,0.0,0.0,0.0,0.0,0.0
2024-04-30T06:00,3600,0.0,0.0,0.0,0.0,0.0,0.0
2024-04-30T07:00,3600,0.0,0.01819112541,0.0,0.0,0.0,0.01819112541
2024-04-30T08:00,3600,0.0,0.08295465873999999,0.0,0.0,0.0,0.08295465873999999
2024-04-30T09:00,3600,0.0,0.19511639644999998,0.0,0.0,0.0,0.19511639644999998
2024-04-30T10:00,3600,0.0,0.45467059712,0.0,0.0,0.0,0.45467059712
2024-04-30T11:00,3600,0.0,0.40128296518000006,0.0,0.0,0.0,0.40128296518000006
2024-04-30T12:00,3600,0.0,0.39735468978000005,0.0,0.0,0.0,0.39735468978000005
2024-04-30T13:00,3600,0.0,0.41593442290000004,0.0,0.0,0.0,0.41593442290000004
2024-04-30T14:00,3600,0.0,0.36424565957,0.0,0.0,0.0,0.36424565957
2024-04-30T15:00,3600,0.0,0.12105191978,0.0,0.0,0.0,0.12105191978
2024-04-30T16:00,3600,0.0,0.06690183992,0.0,0.0,0.0,0.06690183992
2024-04-30T17:00,3600,0.0,0.07061135018999999,0.0,0.0,0.0,0.07061135018999999
2024-04-30T18:00,3600,1.0196710157226039,0.04478369811999999,0.04478369811999999,0.9748873176026038,0.0,0.0
2024-04-30T19:00,3600,1.0585923352712268,0.00627078085,0.00627078085,1.0523215544212268,0.0,0.0
2024-04-30T20:00,3600,1.0729515450461589,0.0,0.0,1.0729515450461589,0.0,0.0
2024-04-30T21:00,3600,1.0833876201757184,0.0,0.0,1.0833876201757184,0.0,0.0
2024-04-30T22:00,3600,0.7558464040709958,0.0,0.0,0.7558464040709958,0.0,0.0
2024-04-30T23:00,3600,0.3510913883864187,0.0,0.0,0.3510913883864187,0.0,0.0
2024-05-01T00:00,3600,0.0,0.0,0.0,0.0,0.0,0.0
2024-05-01T01:00,3600,0.0,0.0,0.0,0.0,0.0,0.0
2024-05-01T02:00,3600,0.0,0.0,0.0,0.0,0.0,0.0
2024-05-01T03:00,3600,0.0,0.0,0.0,0.0,0.0,0.0
2024-05-01T04:00,3600,0.0,0.0,0.0,0.0,0.0,0.0
2024-05-01T05:00,3600,0.0,0.0,0.0,0.0,0.0,0.0
2024-05-01T06:00,3600,0.0,0.0,0.0,0.0,0.0,0.0
2024-05-01T07:00,3600,0.0,0.00392363945,0.0,0.0,0.0,0.00392363945
2024-05-01T08:00,3600,0.0,0.015349542220000002,0.0,0.0,0.0,0.015349542220000002
2024-05-01T09:00,3600,0.0,0.04049948089,0.0,0.0,0.0,0.04049948089
2024-05-01T10:00,3600,0.0,0.05263702421,0.0,0.0,0.0,0.05263702421
2024-05-01T11:00,3600,0.0,0.07626760991,0.0,0.0,0.0,0.07626760991
2024-05-01T12:00,3600,0.0,0.09699643985,0.0,0.0,0.0,0.09699643985
2024-05-01T13:00,3600,0.0,0.10538167102,0.0,0.0,0.0,0.10538167102
2024-05-01T14:00,3600,0.0,0.052598303119999995,0.0,0.0,0.0,0.052598303119999995
2024-05-01T15:00,3600,0.0,0.41330238728,0.0,0.0,0.0,0.41330238728
2024-05-01T16:00,3600,0.0,0.18452730565,0.0,0.0,0.0,0.18452730565
2024-05-01T17:00,3600,0.0,0.10248567158,0.0,0.0,0.0,0.10248567158
2024-05-01T18:00,3600,0.0,0.033170557010000004,0.0,0.0,0.0,0.033170557010000004
2024-05-01T19:00,3600,0.0,0.00309420032,0.0,0.0,0.0,0.00309420032
2024-05-01T20:00,3600,0.0,0.0,0.0,0.0,0.0,0.0
2024-05-01T21:00,3600,0.0,0.0,0.0,0.0,0.0,0.0
2024-05-01T22:00,3600,0.0,0.0,0.0,0.0,0.0,0.0
2024-05-01T23:00,3600,0.20564603877120316,0.0,0.0,0.20564603877120316,0.0,0.0
2024-05-02T00:00,3600,0.0,0.0,0.0,0.0,0.0,0.0
2024-05-02T01:00,3600,0.0,0.0,0.0,0.0,0.0,0.0
2024-05-02T02:00,3600,0.0,0.0,0.0,0.0,0.0,0.0
2024-05-02T03:00,3600,0.0,0.0,0.0,0.0,0.0,0.0
2024-05-02T04:00,3600,0.0,0.0,0.0,0.0,0.0,0.0
2024-05-02T05:00,3600,0.0,0.0,0.0,0.0,0.0,0.0
2024-05-02T06:00,3600,0.0,0.0,0.0,0.0,0.0,0.0
2024-05-02T07:00,3600,0.0,0.00888942585,0.0,0.0,0.0,0.00888942585
2024-05-02T08:00,3600,0.0,0.06164894679,0.0,0.0,0.0,0.06164894679
2024-05-02T09:00,3600,0.0,0.12214714155,0.0,0.0,0.0,0.12214714155
2024-05-02T10:00,3600,0.0,0.08250335789000002,0.0,0.0,0.0,0.08250335789000002
2024-05-02T11:00,3600,0.0,0.14102571263,0.0,0.0,0.0,0.14102571263
2024-05-02T12:00,3600,0.0,0.13222374446,0.0,0.0,0.0,0.13222374446
2024-05-02T13:00,3600,0.0,0.18797417366,0.0,0.0,0.0,0.18797417366
2024-05-02T14:00,3600,0.0,0.28268505953,0.0,0.0,0.0,0.28268505953
2024-05-02T15:00,3600,0.0,0.1359835546,0.0,0.0,0.0,0.1359835546
2024-05-02T16:00,3600,0.0,0.09111722359,0.0,0.0,0.0,0.09111722359
2024-05-02T17:00,3600,0.0,0.04605052308,0.0,0.0,0.0,0.04605052308
2024-05-02T18:00,3600,0.0,0.02346123426,0.0,0.0,0.0,0.02346123426
2024-05-02T19:00,3600,0.0,0.0031243386999999997,0.0,0.0,0.0,0.0031243386999999997
2024-05-02T20:00,3600,0.0,0.0,0.0,0.0,0.0,0.0
2024-05-02T21:00,3600,0.0,0.0,0.0,0.0,0.0,0.0
2024-05-02T22:00,3600,0.0,0.0,0.0,0.0,0.0,0.0
2024-05-02T23:00,3600,0.0,0.0,0.0,0.0,0.0,0.0
2024-05-03T00:00,3600,0.0,0.0,0.0,0.0,0.0,0.0
2024-05-03T01:00,3600,0.0,0.0,0.0,0.0,0.0,0.0
2024-05-03T02:00,3600,0.0,0.0,0.0,0.0,0.0,0.0
2024-05-03T03:00,3600,0.0,0.0,0.0,0.0,0.0,0.0
2024-05-03T04:00,3600,0.0,0.0,0.0,0.0,0.0,0.0
2024-05-03T05:00,3600,0.0,0.0,0.0,0.0,0.0,0.0
2024-05-03T06:00,3600,0.0,0.0,0.0,0.0,0.0,0.0
2024-05-03T07:00,3600,0.0,0.0111482235,0.0,0.0,0.0,0.0111482235
2024-05-03T08:00,3600,0.0,0.07580399988999999,0.0,0.0,0.0,0.07580399988999999
2024-05-03T09:00,3600,0.0,0.13213651299,0.0,0.0,0.0,0.13213651299
2024-05-03T10:00,3600,0.0,0.26927308084999996,0.0,0.0,0.0,0.26927308084999996
2024-05-03T11:00,3600,0.0,0.25422479041,0.0,0.0,0.0,0.25422479041
2024-05-03T12:00,3600,0.0,0.33320531228,0.0,0.0,0.0,0.33320531228
2024-05-03T13:00,3600,0.0,0.26722731016,0.0,0.0,0.0,0.26722731016
2024-05-03T14:00,3600,0.0,0.15781204281999997,0.0,0.0,0.0,0.15781204281999997
2024-05-03T15:00,3600,0.0,0.10930425651,0.0,0.0,0.0,0.10930425651
2024-05-03T16:00,3600,0.0,0.020002519070000002,0.0,0.0,0.0,0.020002519070000002
2024-05-03T17:00,3600,0.0,0.023261377570000002,0.0,0.0,0.0,0.023261377570000002
2024-05-03T18:00,3600,0.49513328136476686,0.01279765364,0.01279765364,0.48233562772476685,0.0,0.0
2024-05-03T19:00,3600,0.3136022079323882,0.0,0.0,0.3136022079323882,0.0,0.0
2024-05-03T20:00,3600,0.30578136041869985,0.0,0.0,0.30578136041869985,0.0,0.0
2024-05-03T21:00,3600,0.293603511664825,0.0,0.0,0.293603511664825,0.0,0.0
2024-05-03T22:00,3600,0.2877379516092801,0.0,0.0,0.2877379516092801,0.0,0.0
2024-05-03T23:00,3600,0.2877379516092801,0.0,0.0,0.2877379516092801,0.0,0.0
2024-05-04T00:00,3600,0.0,0.0,0.0,0.0,0.0,0.0
2024-05-04T01:00,3600,0.0,0.0,0.0,0.0,0.0,0.0
2024-05-04T02:00,3600,0.0,0.0,0.0,0.0,0.0,0.0
2024-05-04T03:00,3600,0.0,0.0,0.0,0.0,0.0,0.0
2024-05-04T04:00,3600,0.0,0.0,0.0,0.0,0.0,0.0
2024-05-04T05:00,3600,0.0,0.0,0.0,0.0,0.0,0.0
2024-05-04T06:00,3600,0.0,0.0,0.0,0.0,0.0,0.0
2024-05-04T07:00,3600,0.0,0.01434531256,0.0,0.0,0.0,0.01434531256
2024-05-04T08:00,3600,0.0,0.07369495325,0.0,0.0,0.0,0.07369495325
2024-05-04T09:00,3600,0.0,0.07762759780999999,0.0,0.0,0.0,0.07762759780999999
2024-05-04T10:00,3600,0.0,0.08638019328999999,0.0,0.0,0.0,0.08638019328999999
2024-05-04T11:00,3600,0.0,0.15252646861,0.0,0.0,0.0,0.15252646861
2024-05-04T12:00,3600,0.0,0.24347585744,0.0,0.0,0.0,0.24347585744
2024-05-04T13:00,3600,0.0,0.16953925593,0.0,0.0,0.0,0.16953925593
2024-05-04T14:00,3600,0.0,0.23621531285000003,0.0,0.0,0.0,0.23621531285000003
2024-05-04T15:00,3600,0.0,0.05915725653,0.0,0.0,0.0,0.05915725653
2024-05-04T16:00,3600,0.0,0.03135444167,0.0,0.0,0.0,0.03135444167
2024-05-04T17:00,3600,0.0,0.01438160255,0.0,0.0,0.0,0.01438160255
2024-05-04T18:00,3600,0.0,0.011207810879999999,0.0,0.0,0.0,0.011207810879999999
2024-05-04T19:00,3600,0.0,0.0006362906299999999,0.0,0.0,0.0,0.0006362906299999999
2024-05-04T20:00,3600,0.0,0.0,0.0,0.0,0.0,0.0
2024-05-04T21:00,3600,0.0,0.0,0.0,0.0,0.0,0.0
2024-05-04T22:00,3600,0.0,0.0,0.0,0.0,0.0,0.0
2024-05-04T23:00,3600,0.0,0.0,0.0,0.0,0.0,0.0
2024-05-05T00:00,3600,0.0,0.0,0.0,0.0,0.0,0.0
2024-05-05T01:00,3600,0.0,0.0,0.0,0.0,0.0,0.0
2024-05-05T02:00,3600,0.0,0.0,0.0,0.0,0.0,0.0
2024-05-05T03:00,3600,0.0,0.0,0.0,0.0,0.0,0.0
2024-05-05T04:00,3600,0.0,0.0,0.0,0.0,0.0,0.0
2024-05-05T05:00,3600,0.0,0.0,0.0,0.0,0.0,0.0
2024-05-05T06:00,3600,0.0,0.0,0.0,0.0,0.0,0.0
2024-05-05T07:00,3600,0.0,0.01269818387,0.0,0.0,0.0,0.01269818387
2024-05-05T08:00,3600,0.0,0.02668265571,0.0,0.0,0.0,0.02668265571
2024-05-05T09:00,3600,0.0,0.07947166244000001,0.0,0.0,0.0,0.07947166244000001
2024-05-05T10:00,3600,0.0,0.11352804471000001,0.0,0.0,0.0,0.11352804471000001
2024-05-05T11:00,3600,0.0,0.17464645453000002,0.0,0.0,0.0,0.17464645453000002
2024-05-05T12:00,3600,0.0,0.25574973286,0.0,0.0,0.0,0.25574973286
2024-05-05T13:00,3600,0.0,0.3631299968,0.0,0.0,0.0,0.3631299968
2024-05-05T14:00,3600,0.0,0.37662306162,0.0,0.0,0.0,0.37662306162
2024-05-05T15:00,3600,0.0,0.28446294802,0.0,0.0,0.0,0.28446294802
2024-05-05T16:00,3600,0.0,0.28775676737,0.0,0.0,0.0,0.28775676737
2024-05-05T17:00,3600,0.0,0.15333705527,0.0,0.0,0.0,0.15333705527
2024-05-05T18:00,3600,0.0,0.06292280678,0.0,0.0,0.0,0.06292280678
2024-05-05T19:00,3600,0.0,0.011078237409999999,0.0,0.0,0.0,0.011078237409999999
2024-05-05T20:00,3600,0.0,0.0,0.0,0.0,0.0,0.0
2024-05-05T21:00,3600,0.0,0.0,0.0,0.0,0.0,0.0
2024-05-05T22:00,3600,0.0,0.0,0.0,0.0,0.0,0.0
2024-05-05T23:00,3600,0.0,0.0,0.0,0.0,0.0,0.0
2024-05-06T00:00,3600,0.0,0.0,0.0,0.0,0.0,0.0
2024-05-06T01:00,3600,0.0,0.0,0.0,0.0,0.0,0.0
2024-05-06T02:00,3600,0.0,0.0,0.0,0.0,0.0,0.0
2024-05-06T03:00,3600,0.0,0.0,0.0,0.0,0.0,0.0
2024-05-06T04:00,3600,0.0,0.0,0.0,0.0,0.0,0.0
2024-05-06T05:00,3600,0.0,0.0,0.0,0.0,0.0,0.0
2024-05-06T06:00,3600,0.0,0.0,0.0,0.0,0.0,0.0
2024-05-06T07:00,3600,0.0,0.04761969925,0.0,0.0,0.0,0.04761969925
2024-05-06T08:00,3600,0.0,0.11589246804,0.0,0.0,0.0,0.11589246804
2024-05-06T09:00,3600,0.0,0.22341510134,0.0,0.0,0.0,0.22341510134
2024-05-06T10:00,3600,0.0,0.32364394012000003,0.0,0.0,0.0,0.32364394012000003
2024-05-06T11:00,3600,0.0,0.38390700288,0.0,0.0,0.0,0.38390700288
2024-05-06T12:00,3600,0.0,0.47606087373999995,0.0,0.0,0.0,0.47606087373999995
2024-05-06T13:00,3600,0.0,0.52473366208,0.0,0.0,0.0,0.52473366208
2024-05-06T14:00,3600,0.0,0.45417477081999996,0.0,0.0,0.0,0.45417477081999996
2024-05-06T15:00,3600,0.0,0.41246072013,0.0,0.0,0.0,0.41246072013
2024-05-06T16:00,3600,0.0,0.31625714692999995,0.0,0.0,0.0,0.31625714692999995
2024-05-06T17:00,3600,0.0,0.14814604413,0.0,0.0,0.0,0.14814604413
2024-05-06T18:00,3600,1.0870588235294116,0.051558332,0.051558332,1.0355004915294117,0.0,0.0
2024-05-06T19:00,3600,1.0870588235294116,0.00780766567,0.00780766567,1.0792511578594117,0.0,0.0
2024-05-06T20:00,3600,1.0870588235294116,0.0,0.0,1.0870588235294116,0.0,0.0
2024-05-06T21:00,3600,1.0870588235294116,0.0,0.0,1.0870588235294116,0.0,0.0
2024-05-06T22:00,3600,1.0812817451125534,0.0,0.0,1.0812817451125534,0.0,0.0
2024-05-06T23:00,3600,0.5605855186747125,0.0,0.0,0.5605855186747125,0.0,0.0
2024-05-07T00:00,3600,0.0,0.0,0.0,0.0,0.0,0.0
2024-05-07T01:00,3600,0.0,0.0,0.0,0.0,0.0,0.0
2024-05-07T02:00,3600,0.0,0.0,0.0,0.0,0.0,0.0
2024-05-07T03:00,3600,0.0,0.0,0.0,0.0,0.0,0.0
2024-05-07T04:00,3600,0.0,0.0,0.0,0.0,0.0,0.0
2024-05-07T05:00,3600,0.0,0.0,0.0,0.0,0.0,0.0
2024-05-07T06:00,3600,0.0,0.0,0.0,0.0,0.0,0.0
2024-05-07T07:00,3600,0.0,0.03671910095,0.0,0.0,0.0,0.03671910095
2024-05-07T08:00,3600,0.0,0.15692509530999998,0.0,0.0,0.0,0.15692509530999998
2024-05-07T09:00,3600,0.0,0.31010040997,0.0,0.0,0.0,0.31010040997
2024-05-07T10:00,3600,0.0,0.38539206547,0.0,0.0,0.0,0.38539206547
2024-05-07T11:00,3600,0.0,0.46832954397,0.0,0.0,0.0,0.46832954397
2024-05-07T12:00,3600,0.0,0.41635650435000005,0.0,0.0,0.0,0.41635650435000005
2024-05-07T13:00,3600,0.0,0.46502633267,0.0,0.0,0.0,0.46502633267
2024-05-07T14:00,3600,0.0,0.35505668578,0.0,0.0,0.0,0.35505668578
2024-05-07T15:00,3600,0.0,0.37129067519000003,0.0,0.0,0.0,0.37129067519000003
2024-05-07T16:00,3600,0.0,0.28778702113000004,0.0,0.0,0.0,0.28778702113000004
2024-05-07T17:00,3600,0.0,0.16162943844,0.0,0.0,0.0,0.16162943844
2024-05-07T18:00,3600,1.0870588235294116,0.05568754281,0.05568754281,1.0313712807194115,0.0,0.0
2024-05-07T19:00,3600,1.0758495985996865,0.011830759790000001,0.011830759790000001,1.0640188388096865,0.0,0.0
2024-05-07T20:00,3600,1.083704438845721,0.0,0.0,1.083704438845721,0.0,0.0
2024-05-07T21:00,3600,1.083363420555916,0.0,0.0,1.083363420555916,0.0,0.0
2024-05-07T22:00,3600,0.45022363200633025,0.0,0.0,0.45022363200633025,0.0,0.0
2024-05-07T23:00,3600,0.4077833015340187,0.0,0.0,0.4077833015340187,0.0,0.0
2024-05-08T00:00,3600,0.0,0.0,0.0,0.0,0.0,0.0
2024-05-08T01:00,3600,0.0,0.0,0.0,0.0,0.0,0.0
2024-05-08T02:00,3600,0.0,0.0,0.0,0.0,0.0,0.0
2024-05-08T03:00,3600,0.0,0.0,0.0,0.0,0.0,0.0
2024-05-08T04:00,3600,0.0,0.0,0.0,0.0,0.0,0.0
2024-05-08T05:00,3600,0.0,0.0,0.0,0.0,0.0,0.0
2024-05-08T06:00,3600,0.0,0.0,0.0,0.0,0.0,0.0
2024-05-08T07:00,3600,0.0,0.00771909258,0.0,0.0,0.0,0.00771909258
2024-05-08T08:00,3600,0.0,0.02244404652,0.0,0.0,0.0,0.02244404652
2024-05-08T09:00,3600,0.0,0.06677549032,0.0,0.0,0.0,0.06677549032
2024-05-08T10:00,3600,0.0,0.13578922886,0.0,0.0,0.0,0.13578922886
2024-05-08T11:00,3600,0.0,0.20805323996000002,0.0,0.0,0.0,0.20805323996000002
2024-05-08T12:00,3600,0.0,0.32945617069000005,0.0,0.0,0.0,0.32945617069000005
2024-05-08T13:00,3600,0.0,0.38982073783,0.0,0.0,0.0,0.38982073783
2024-05-08T14:00,3600,0.0,0.34582380605,0.0,0.0,0.0,0.34582380605
2024-05-08T15:00,3600,0.0,0.35938276875999997,0.0,0.0,0.0,0.35938276875999997
2024-05-08T16:00,3600,0.0,0.22626405241,0.0,0.0,0.0,0.22626405241
2024-05-08T17:00,3600,0.0,0.08787922584,0.0,0.0,0.0,0.08787922584
2024-05-08T18:00,3600,1.0693058298448406,0.03662979743,0.03662979743,1.0326760324148405,0.0,0.0
2024-05-08T19:00,3600,1.06920048294929,0.00941809073,0.00941809073,1.05978239221929,0.0,0.0
2024-05-08T20:00,3600,0.5829932190979278,0.0,0.0,0.5829932190979278,0.0,0.0
2024-05-08T21:00,3600,0.43221308961289523,0.0,0.0,0.43221308961289523,0.0,0.0
2024-05-08T22:00,3600,0.419691972964789,0.0,0.0,0.419691972964789,0.0,0.0
2024-05-08T23:00,3600,0.4155334864529171,0.0,0.0,0.4155334864529171,0.0,0.0
2024-05-09T00:00,3600,0.0,0.0,0.0,0.0,0.0,0.0
2024-05-09T01:00,3600,0.0,0.0,0.0,0.0,0.0,0.0
2024-05-09T02:00,3600,0.0,0.0,0.0,0.0,0.0,0.0
2024-05-09T03:00,3600,0.0,0.0,0.0,0.0,0.0,0.0
2024-05-09T04:00,3600,0.0,0.0,0.0,0.0,0.0,0.0
2024-05-09T05:00,3600,0.0,0.0,0.0,0.0,0.0,0.0
2024-05-09T06:00,3600,0.0,0.0,0.0,0.0,0.0,0.0
2024-05-09T07:00,3600,0.0,0.0101941705,0.0,0.0,0.0,0.0101941705
2024-05-09T08:00,3600,0.0,0.02862869401,0.0,0.0,0.0,0.02862869401
2024-05-09T09:00,3600,0.0,0.05954045048,0.0,0.0,0.0,0.05954045048
2024-05-09T10:00,3600,0.0,0.08289249085999999,0.0,0.0,0.0,0.08289249085999999
2024-05-09T11:00,3600,0.0,0.17043818636000002,0.0,0.0,0.0,0.17043818636000002
2024-05-09T12:00,3600,0.0,0.11748581577999999,0.0,0.0,0.0,0.11748581577999999
2024-05-09T13:00,3600,0.0,0.13263473964,0.0,0.0,0.0,0.13263473964
2024-05-09T14:00,3600,0.0,0.11103432757000001,0.0,0.0,0.0,0.11103432757000001
2024-05-09T15:00,3600,0.0,0.19528226418,0.0,0.0,0.0,0.19528226418
2024-05-09T16:00,3600,0.0,0.10755609873000001,0.0,0.0,0.0,0.10755609873000001
2024-05-09T17:00,3600,0.0,0.09307119559,0.0,0.0,0.0,0.09307119559
2024-05-09T18:00,3600,0.9176712029978897,0.021540836339999998,0.021540836339999998,0.8961303666578897,0.0,0.0
2024-05-09T19:00,3600,0.33066029578695766,0.00220059916,0.00220059916,0.3284596966269577,0.0,0.0
2024-05-09T20:00,3600,0.33824411981690183,0.0,0.0,0.33824411981690183,0.0,0.0
2024-05-09T21:00,3600,0.32877630484384796,0.0,0.0,0.32877630484384796,0.0,0.0
2024-05-09T22:00,3600,0.3161005511320763,0.0,0.0,0.3161005511320763,0.0,0.0
2024-05-09T23:00,3600,0.3000367071956776,0.0,0.0,0.3000367071956776,0.0,0.0
2024-05-10T00:00,3600,0.0,0.0,0.0,0.0,0.0,0.0
2024-05-10T01:00,3600,0.0,0.0,0.0,0.0,0.0,0.0
2024-05-10T02:00,3600,0.0,0.0,0.0,0.0,0.0,0.0
2024-05-10T03:00,3600,0.0,0.0,0.0,0.0,0.0,0.0
2024-05-10T04:00,3600,0.0,0.0,0.0,0.0,0.0,0.0
2024-05-10T05:00,3600,0.0,0.0,0.0,0.0,0.0,0.0
2024-05-10T06:00,3600,0.0,0.0,0.0,0.0,0.0,0.0
2024-05-10T07:00,3600,0.0,0.04223596062,0.0,0.0,0.0,0.04223596062
2024-05-10T08:00,3600,0.0,0.13436110833,0.0,0.0,0.0,0.13436110833
2024-05-10T09:00,3600,0.0,0.23072895445000002,0.0,0.0,0.0,0.23072895445000002
2024-05-10T10:00,3600,0.0,0.29312968283999996,0.0,0.0,0.0,0.29312968283999996
2024-05-10T11:00,3600,0.0,0.38383782997,0.0,0.0,0.0,0.38383782997
2024-05-10T12:00,3600,0.0,0.34960560889,0.0,0.0,0.0,0.34960560889
2024-05-10T13:00,3600,0.0,0.37973943157999995,0.0,0.0,0.0,0.37973943157999995
2024-05-10T14:00,3600,0.0,0.2994667174,0.0,0.0,0.0,0.2994667174
2024-05-10T15:00,3600,0.0,0.06760572243999999,0.0,0.0,0.0,0.06760572243999999
2024-05-10T16:00,3600,0.0,0.20407649899000002,0.0,0.0,0.0,0.20407649899000002
2024-05-10T17:00,3600,0.0,0.15105033795,0.0,0.0,0.0,0.15105033795
2024-05-10T18:00,3600,1.0349417814973305,0.07790921544,0.07790921544,0.9570325660573306,0.0,0.0
2024-05-10T19:00,3600,1.0363137517122476,0.01506698137,0.01506698137,1.0212467703422476,0.0,0.0
2024-05-10T20:00,3600,0.6530411311234514,0.0,0.0,0.6530411311234514,0.0,0.0
2024-05-10T21:00,3600,0.3861903888543028,0.0,0.0,0.3861903888543028,0.0,0.0
2024-05-10T22:00,3600,0.3701056278056586,0.0,0.0,0.3701056278056586,0.0,0.0
2024-05-10T23:00,3600,0.35912127522378035,0.0,0.0,0.35912127522378035,0.0,0.0
2024-05-11T00:00,3600,0.0,0.0,0.0,0.0,0.0,0.0
2024-05-11T01:00,3600,0.0,0.0,0.0,0.0,0.0,0.0
2024-05-11T02:00,3600,0.0,0.0,0.0,0.0,0.0,0.0
2024-05-11T03:00,3600,0.0,0.0,0.0,0.0,0.0,0.0
2024-05-11T04:00,3600,0.0,0.0,0.0,0.0,0.0,0.0
2024-05-11T05:00,3600,0.0,0.0,0.0,0.0,0.0,0.0
2024-05-11T06:00,3600,0.0,0.0,0.0,0.0,0.0,0.0
2024-05-11T07:00,3600,0.0,0.06220276029,0.0,0.0,0.0,0.06220276029
2024-05-11T08:00,3600,0.0,0.19852610322999997,0.0,0.0,0.0,0.19852610322999997
2024-05-11T09:00,3600,0.0,0.33178881556,0.0,0.0,0.0,0.33178881556
2024-05-11T10:00,3600,0.0,0.39427800081,0.0,0.0,0.0,0.39427800081
2024-05-11T11:00,3600,0.0,0.45020662656,0.0,0.0,0.0,0.45020662656
2024-05-11T12:00,3600,0.0,0.53441415799,0.0,0.0,0.0,0.53441415799
2024-05-11T13:00,3600,0.0,0.48873008259,0.0,0.0,0.0,0.48873008259
2024-05-11T14:00,3600,0.0,0.49498518463,0.0,0.0,0.0,0.49498518463
2024-05-11T15:00,3600,0.0,0.32669384415,0.0,0.0,0.0,0.32669384415
2024-05-11T16:00,3600,0.0,0.25082912891000003,0.0,0.0,0.0,0.25082912891000003
2024-05-11T17:00,3600,0.0,0.16793909979,0.0,0.0,0.0,0.16793909979
2024-05-11T18:00,3600,0.0,0.053321255379999995,0.0,0.0,0.0,0.053321255379999995
2024-05-11T19:00,3600,0.0,0.010159231319999998,0.0,0.0,0.0,0.010159231319999998
2024-05-11T20:00,3600,0.0,0.0,0.0,0.0,0.0,0.0
2024-05-11T21:00,3600,0.0,0.0,0.0,0.0,0.0,0.0
2024-05-11T22:00,3600,0.0,0.0,0.0,0.0,0.0,0.0
2024-05-11T23:00,3600,0.0,0.0,0.0,0.0,0.0,0.0
2024-05-12T00:00,3600,0.0,0.0,0.0,0.0,0.0,0.0
2024-05-12T01:00,3600,0.0,0.0,0.0,0.0,0.0,0.0
2024-05-12T02:00,3600,0.0,0.0,0.0,0.0,0.0,0.0
2024-05-12T03:00,3600,0.0,0.0,0.0,0.0,0.0,0.0
2024-05-12T04:00,3600,0.0,0.0,0.0,0.0,0.0,0.0
2024-05-12T05:00,3600,0.0,0.0,0.0,0.0,0.0,0.0
2024-05-12T06:00,3600,0.0,0.0,0.0,0.0,0.0,0.0
2024-05-12T07:00,3600,0.0,0.029882553399999998,0.0,0.0,0.0,0.029882553399999998
2024-05-12T08:00,3600,0.0,0.09641841765,0.0,0.0,0.0,0.09641841765
2024-05-12T09:00,3600,0.0,0.19648533852,0.0,0.0,0.0,0.19648533852
2024-05-12T10:00,3600,0.0,0.38055257147,0.0,0.0,0.0,0.38055257147
2024-05-12T11:00,3600,0.0,0.45546630778,0.0,0.0,0.0,0.45546630778
2024-05-12T12:00,3600,0.0,0.50048911579,0.0,0.0,0.0,0.50048911579
2024-05-12T13:00,3600,0.0,0.44456086793999994,0.0,0.0,0.0,0.44456086793999994
2024-05-12T14:00,3600,0.0,0.37830736121,0.0,0.0,0.0,0.37830736121
2024-05-12T15:00,3600,0.0,0.2664903311,0.0,0.0,0.0,0.2664903311
2024-05-12T16:00,3600,0.0,0.2952601351,0.0,0.0,0.0,0.2952601351
2024-05-12T17:00,3600,0.0,0.1331644841,0.0,0.0,0.0,0.1331644841
2024-05-12T18:00,3600,0.0,0.059249434760000004,0.0,0.0,0.0,0.059249434760000004
2024-05-12T19:00,3600,0.0,0.011899496219999998,0.0,0.0,0.0,0.011899496219999998
2024-05-12T20:00,3600,0.0,0.0,0.0,0.0,0.0,0.0
2024-05-12T21:00,3600,0.0,0.0,0.0,0.0,0.0,0.0
2024-05-12T22:00,3600,0.0,0.0,0.0,0.0,0.0,0.0
2024-05-12T23:00,3600,0.0,0.0,0.0,0.0,0.0,0.0
2024-05-13T00:00,3600,0.0,0.0,0.0,0.0,0.0,0.0
2024-05-13T01:00,3600,0.0,0.0,0.0,0.0,0.0,0.0
2024-05-13T02:00,3600,0.0,0.0,0.0,0.0,0.0,0.0
2024-05-13T03:00,3600,0.0,0.0,0.0,0.0,0.0,0.0
2024-05-13T04:00,3600,0.0,0.0,0.0,0.0,0.0,0.0
2024-05-13T05:00,3600,0.0,0.0,0.0,0.0,0.0,0.0
2024-05-13T06:00,3600,0.0,0.0,0.0,0.0,0.0,0.0
2024-05-13T07:00,3600,0.0,0.02111479095,0.0,0.0,0.0,0.02111479095
2024-05-13T08:00,3600,0.0,0.04835744589,0.0,0.0,0.0,0.04835744589
2024-05-13T09:00,3600,0.0,0.10077796263,0.0,0.0,0.0,0.10077796263
2024-05-13T10:00,3600,0.0,0.18637686708999998,0.0,0.0,0.0,0.18637686708999998
2024-05-13T11:00,3600,0.0,0.28596296607,0.0,0.0,0.0,0.28596296607
2024-05-13T12:00,3600,0.0,0.44181321596,0.0,0.0,0.0,0.44181321596
2024-05-13T13:00,3600,0.0,0.44172075244000003,0.0,0.0,0.0,0.44172075244000003
2024-05-13T14:00,3600,0.0,0.47960327082,0.0,0.0,0.0,0.47960327082
2024-05-13T15:00,3600,0.0,0.38052544561000007,0.0,0.0,0.0,0.38052544561000007
2024-05-13T16:00,3600,0.0,0.33519165810999996,0.0,0.0,0.0,0.33519165810999996
2024-05-13T17:00,3600,0.0,0.18937673733,0.0,0.0,0.0,0.18937673733
2024-05-13T18:00,3600,0.9407414805181776,0.06740036914,0.06740036914,0.8733411113781776,0.0,0.0
2024-05-13T19:00,3600,0.9493394003419997,0.018376468800000004,0.018376468800000004,0.9309629315419997,0.0,0.0
2024-05-13T20:00,3600,0.9487984833756125,0.0,0.0,0.9487984833756125,0.0,0.0
2024-05-13T21:00,3600,0.9528343706363326,0.0,0.0,0.9528343706363326,0.0,0.0
2024-05-13T22:00,3600,0.9730958404390584,0.0,0.0,0.9730958404390584,0.0,0.0
2024-05-13T23:00,3600,0.980178485202803,0.0,0.0,0.980178485202803,0.0,0.0
2024-05-14T00:00,3600,0.0,0.0,0.0,0.0,0.0,0.0
2024-05-14T01:00,3600,0.0,0.0,0.0,0.0,0.0,0.0
2024-05-14T02:00,3600,0.0,0.0,0.0,0.0,0.0,0.0
2024-05-14T03:00,3600,0.0,0.0,0.0,0.0,0.0,0.0
2024-05-14T04:00,3600,0.0,0.0,0.0,0.0,0.0,0.0
2024-05-14T05:00,3600,0.0,0.0,0.0,0.0,0.0,0.0
2024-05-14T06:00,3600,0.0,0.0,0.0,0.0,0.0,0.0
2024-05-14T07:00,3600,0.0,0.0392388227,0.0,0.0,0.0,0.0392388227
2024-05-14T08:00,3600,0.0,0.13857551029999998,0.0,0.0,0.0,0.13857551029999998
2024-05-14T09:00,3600,0.0,0.29282033787,0.0,0.0,0.0,0.29282033787
2024-05-14T10:00,3600,0.0,0.42609519953999997,0.0,0.0,0.0,0.42609519953999997
2024-05-14T11:00,3600,0.0,0.54183504363,0.0,0.0,0.0,0.54183504363
2024-05-14T12:00,3600,0.0,0.53724430281,0.0,0.0,0.0,0.53724430281
2024-05-14T13:00,3600,0.0,0.58019147024,0.0,0.0,0.0,0.58019147024
2024-05-14T14:00,3600,0.0,0.5417480914599999,0.0,0.0,0.0,0.5417480914599999
2024-05-14T15:00,3600,0.0,0.46871097145,0.0,0.0,0.0,0.46871097145
2024-05-14T16:00,3600,0.0,0.3235841941,0.0,0.0,0.0,0.3235841941
2024-05-14T17:00,3600,0.0,0.18828248198,0.0,0.0,0.0,0.18828248198
2024-05-14T18:00,3600,0.8953769299000586,0.06544451057,0.06544451057,0.8299324193300586,0.0,0.0
2024-05-14T19:00,3600,0.9257606230521223,0.01667824268,0.01667824268,0.9090823803721223,0.0,0.0
2024-05-14T20:00,3600,0.9259434865159308,0.0,0.0,0.9259434865159308,0.0,0.0
2024-05-14T21:00,3600,0.9199579449923696,0.0,0.0,0.9199579449923696,0.0,0.0
2024-05-14T22:00,3600,0.9191327066211191,0.0,0.0,0.9191327066211191,0.0,0.0
2024-05-14T23:00,3600,0.9197629164640568,0.0,0.0,0.9197629164640568,0.0,0.0
2024-05-15T00:00,3600,0.0,0.0,0.0,0.0,0.0,0.0
2024-05-15T01:00,3600,0.0,0.0,0.0,0.0,0.0,0.0
2024-05-15T02:00,3600,0.0,0.0,0.0,0.0,0.0,0.0
2024-05-15T03:00,3600,0.0,0.0,0.0,0.0,0.0,0.0
2024-05-15T04:00,3600,0.0,0.0,0.0,0.0,0.0,0.0
2024-05-15T05:00,3600,0.0,0.0,0.0,0.0,0.0,0.0
2024-05-15T06:00,3600,0.0,0.0,0.0,0.0,0.0,0.0
2024-05-15T07:00,3600,0.0,0.09614368311,0.0,0.0,0.0,0.09614368311
2024-05-15T08:00,3600,0.0,0.26830112975,0.0,0.0,0.0,0.26830112975
2024-05-15T09:00,3600,0.0,0.42737824321999995,0.0,0.0,0.0,0.42737824321999995
2024-05-15T10:00,3600,0.0,0.53953510652,0.0,0.0,0.0,0.53953510652
2024-05-15T11:00,3600,0.0,0.620021091,0.0,0.0,0.0,0.620021091
2024-05-15T12:00,3600,0.0,0.6263813551099999,0.0,0.0,0.0,0.6263813551099999
2024-05-15T13:00,3600,0.0,0.62063734697,0.0,0.0,0.0,0.62063734697
2024-05-15T14:00,3600,0.0,0.50075314445,0.0,0.0,0.0,0.50075314445
2024-05-15T15:00,3600,0.0,0.40265404640999997,0.0,0.0,0.0,0.40265404640999997
2024-05-15T16:00,3600,0.0,0.27354219156,0.0,0.0,0.0,0.27354219156
2024-05-15T17:00,3600,0.0,0.16947374142000002,0.0,0.0,0.0,0.16947374142000002
2024-05-15T18:00,3600,0.9051239963666681,0.0751317563,0.0751317563,0.829992240066668,0.0,0.0
2024-05-15T19:00,3600,0.9467725847282815,0.02133550972,0.02133550972,0.9254370750082815,0.0,0.0
2024-05-15T20:00,3600,0.9500670704889403,0.0,0.0,0.9500670704889403,0.0,0.0
2024-05-15T21:00,3600,0.9624295070287835,0.0,0.0,0.9624295070287835,0.0,0.0
2024-05-15T22:00,3600,0.9629913571705241,0.0,0.0,0.9629913571705241,0.0,0.0
2024-05-15T23:00,3600,0.9658738885515148,0.0,0.0,0.9658738885515148,0.0,0.0
2024-05-16T00:00,3600,0.0,0.0,0.0,0.0,0.0,0.0
2024-05-16T01:00,3600,0.0,0.0,0.0,0.0,0.0,0.0
2024-05-16T02:00,3600,0.0,0.0,0.0,0.0,0.0,0.0
2024-05-16T03:00,3600,0.0,0.0,0.0,0.0,0.0,0.0
2024-05-16T04:00,3600,0.0,0.0,0.0,0.0,0.0,0.0
2024-05-16T05:00,3600,0.0,0.0,0.0,0.0,0.0,0.0
2024-05-16T06:00,3600,0.0,0.0,0.0,0.0,0.0,0.0
2024-05-16T07:00,3600,0.0,0.04157788918,0.0,0.0,0.0,0.04157788918
2024-05-16T08:00,3600,0.0,0.17649394255,0.0,0.0,0.0,0.17649394255
2024-05-16T09:00,3600,0.0,0.40213774470999997,0.0,0.0,0.0,0.40213774470999997
2024-05-16T10:00,3600,0.0,0.45426202692,0.0,0.0,0.0,0.45426202692
2024-05-16T11:00,3600,0.0,0.48465472466,0.0,0.0,0.0,0.48465472466
2024-05-16T12:00,3600,0.0,0.46402922043,0.0,0.0,0.0,0.46402922043
2024-05-16T13:00,3600,0.0,0.42761799947,0.0,0.0,0.0,0.42761799947
2024-05-16T14:00,3600,0.0,0.46584081148,0.0,0.0,0.0,0.46584081148
2024-05-16T15:00,3600,0.0,0.38269995028000003,0.0,0.0,0.0,0.38269995028000003
2024-05-16T16:00,3600,0.0,0.32194154619,0.0,0.0,0.0,0.32194154619
2024-05-16T17:00,3600,0.0,0.19004314276,0.0,0.0,0.0,0.19004314276
2024-05-16T18:00,3600,0.8936118008151457,0.06499453841000001,0.06499453841000001,0.8286172624051457,0.0,0.0
2024-05-16T19:00,3600,0.8810329385867793,0.01680473594,0.01680473594,0.8642282026467794,0.0,0.0
2024-05-16T20:00,3600,0.8850937686566568,0.0,0.0,0.8850937686566568,0.0,0.0
2024-05-16T21:00,3600,0.896498139127597,0.0,0.0,0.896498139127597,0.0,0.0
2024-05-16T22:00,3600,0.8960850059063515,0.0,0.0,0.8960850059063515,0.0,0.0
2024-05-16T23:00,3600,0.22950297020169574,0.0,0.0,0.22950297020169574,0.0,0.0
2024-05-17T00:00,3600,0.0,0.0,0.0,0.0,0.0,0.0
2024-05-17T01:00,3600,0.0,0.0,0.0,0.0,0.0,0.0
2024-05-17T02:00,3600,0.0,0.0,0.0,0.0,0.0,0.0
2024-05-17T03:00,3600,0.0,0.0,0.0,0.0,0.0,0.0
2024-05-17T04:00,3600,0.0,0.0,0.0,0.0,0.0,0.0
2024-05-17T05:00,3600,0.0,0.0,0.0,0.0,0.0,0.0
2024-05-17T06:00,3600,0.0,0.0,0.0,0.0,0.0,0.0
2024-05-17T07:00,3600,0.0,0.07523518636,0.0,0.0,0.0,0.07523518636
2024-05-17T08:00,3600,0.0,0.21207734539,0.0,0.0,0.0,0.21207734539
2024-05-17T09:00,3600,0.0,0.36340405557999994,0.0,0.0,0.0,0.36340405557999994
2024-05-17T10:00,3600,0.0,0.37890778077000004,0.0,0.0,0.0,0.37890778077000004
2024-05-17T11:00,3600,0.0,0.41600670731999995,0.0,0.0,0.0,0.41600670731999995
2024-05-17T12:00,3600,0.0,0.41236185676000003,0.0,0.0,0.0,0.41236185676000003
2024-05-17T13:00,3600,0.0,0.37564091245,0.0,0.0,0.0,0.37564091245
2024-05-17T14:00,3600,0.0,0.39197178625,0.0,0.0,0.0,0.39197178625
2024-05-17T15:00,3600,0.0,0.16692759452000003,0.0,0.0,0.0,0.16692759452000003
2024-05-17T16:00,3600,0.0,0.22556303715999998,0.0,0.0,0.0,0.22556303715999998
2024-05-17T17:00,3600,0.0,0.06513114034999999,0.0,0.0,0.0,0.06513114034999999
2024-05-17T18:00,3600,0.9714592933043291,0.032712709060000005,0.032712709060000005,0.9387465842443291,0.0,0.0
2024-05-17T19:00,3600,0.9862124338501931,0.011890592850000001,0.011890592850000001,0.974321841000193,0.0,0.0
2024-05-17T20:00,3600,0.6495020494462714,0.0,0.0,0.6495020494462714,0.0,0.0
2024-05-17T21:00,3600,0.3371397975024717,0.0,0.0,0.3371397975024717,0.0,0.0
2024-05-17T22:00,3600,0.3227256523879034,0.0,0.0,0.3227256523879034,0.0,0.0
2024-05-17T23:00,3600,0.31335518485176556,0.0,0.0,0.31335518485176556,0.0,0.0
2024-05-18T00:00,3600,0.0,0.0,0.0,0.0,0.0,0.0
2024-05-18T01:00,3600,0.0,0.0,0.0,0.0,0.0,0.0
2024-05-18T02:00,3600,0.0,0.0,0.0,0.0,0.0,0.0
2024-05-18T03:00,3600,0.0,0.0,0.0,0.0,0.0,0.0
2024-05-18T04:00,3600,0.0,0.0,0.0,0.0,0.0,0.0
2024-05-18T05:00,3600,0.0,0.0,0.0,0.0,0.0,0.0
2024-05-18T06:00,3600,0.0,0.0,0.0,0.0,0.0,0.0
2024-05-18T07:00,3600,0.0,0.01100730783,0.0,0.0,0.0,0.01100730783
2024-05-18T08:00,3600,0.0,0.028201837669999997,0.0,0.0,0.0,0.028201837669999997
2024-05-18T09:00,3600,0.0,0.03469421499,0.0,0.0,0.0,0.03469421499
2024-05-18T10:00,3600,0.0,0.09610368887,0.0,0.0,0.0,0.09610368887
2024-05-18T11:00,3600,0.0,0.12363797031,0.0,0.0,0.0,0.12363797031
2024-05-18T12:00,3600,0.0,0.10385963496,0.0,0.0,0.0,0.10385963496
2024-05-18T13:00,3600,0.0,0.16555778691,0.0,0.0,0.0,0.16555778691
2024-05-18T14:00,3600,0.0,0.19895418805,0.0,0.0,0.0,0.19895418805
2024-05-18T15:00,3600,0.0,0.1994915252,0.0,0.0,0.0,0.1994915252
2024-05-18T16:00,3600,0.0,0.13274732758,0.0,0.0,0.0,0.13274732758
2024-05-18T17:00,3600,0.0,0.07063835512,0.0,0.0,0.0,0.07063835512
2024-05-18T18:00,3600,0.0,0.02827911966,0.0,0.0,0.0,0.02827911966
2024-05-18T19:00,3600,0.0,0.00797823546,0.0,0.0,0.0,0.00797823546
2024-05-18T20:00,3600,0.0,0.0,0.0,0.0,0.0,0.0
2024-05-18T21:00,3600,0.0,0.0,0.0,0.0,0.0,0.0
2024-05-18T22:00,3600,0.0,0.0,0.0,0.0,0.0,0.0
2024-05-18T23:00,3600,0.0,0.0,0.0,0.0,0.0,0.0
2024-05-19T00:00,3600,0.0,0.0,0.0,0.0,0.0,0.0
2024-05-19T01:00,3600,0.0,0.0,0.0,0.0,0.0,0.0
2024-05-19T02:00,3600,0.0,0.0,0.0,0.0,0.0,0.0
2024-05-19T03:00,3600,0.0,0.0,0.0,0.0,0.0,0.0
2024-05-19T04:00,3600,0.0,0.0,0.0,0.0,0.0,0.0
2024-05-19T05:00,3600,0.0,0.0,0.0,0.0,0.0,0.0
2024-05-19T06:00,3600,0.0,0.0,0.0,0.0,0.0,0.0
2024-05-19T07:00,3600,0.0,0.02684275404,0.0,0.0,0.0,0.02684275404
2024-05-19T08:00,3600,0.0,0.06214814705,0.0,0.0,0.0,0.06214814705
2024-05-19T09:00,3600,0.0,0.12595281061,0.0,0.0,0.0,0.12595281061
2024-05-19T10:00,3600,0.0,0.09204297302999999,0.0,0.0,0.0,0.09204297302999999
2024-05-19T11:00,3600,0.0,0.17493621211000002,0.0,0.0,0.0,0.17493621211000002
2024-05-19T12:00,3600,0.0,0.1882415753,0.0,0.0,0.0,0.1882415753
2024-05-19T13:00,3600,0.0,0.20565418095000002,0.0,0.0,0.0,0.20565418095000002
2024-05-19T14:00,3600,0.0,0.11640348422999999,0.0,0.0,0.0,0.11640348422999999
2024-05-19T15:00,3600,0.0,0.12040413065000001,0.0,0.0,0.0,0.12040413065000001
2024-05-19T16:00,3600,0.0,0.07142968541,0.0,0.0,0.0,0.07142968541
2024-05-19T17:00,3600,0.0,0.04797037961,0.0,0.0,0.0,0.04797037961
2024-05-19T18:00,3600,0.0,0.024183320010000002,0.0,0.0,0.0,0.024183320010000002
2024-05-19T19:00,3600,0.0,0.00389795003,0.0,0.0,0.0,0.00389795003
2024-05-19T20:00,3600,0.0,0.0,0.0,0.0,0.0,0.0
2024-05-19T21:00,3600,0.0,0.0,0.0,0.0,0.0,0.0
2024-05-19T22:00,3600,0.0,0.0,0.0,0.0,0.0,0.0
2024-05-19T23:00,3600,0.0,0.0,0.0,0.0,0.0,0.0
2024-05-20T00:00,3600,0.0,0.0,0.0,0.0,0.0,0.0
2024-05-20T01:00,3600,0.0,0.0,0.0,0.0,0.0,0.0
2024-05-20T02:00,3600,0.0,0.0,0.0,0.0,0.0,0.0
2024-05-20T03:00,3600,0.0,0.0,0.0,0.0,0.0,0.0
2024-05-20T04:00,3600,0.0,0.0,0.0,0.0,0.0,0.0
2024-05-20T05:00,3600,0.0,0.0,0.0,0.0,0.0,0.0
2024-05-20T06:00,3600,0.0,0.0,0.0,0.0,0.0,0.0
2024-05-20T07:00,3600,0.0,0.004521696580000001,0.0,0.0,0.0,0.004521696580000001
2024-05-20T08:00,3600,0.0,0.033880768799999995,0.0,0.0,0.0,0.033880768799999995
2024-05-20T09:00,3600,0.0,0.046124053029999994,0.0,0.0,0.0,0.046124053029999994
2024-05-20T10:00,3600,0.0,0.09500133379,0.0,0.0,0.0,0.09500133379
2024-05-20T11:00,3600,0.0,0.11974814979,0.0,0.0,0.0,0.11974814979
2024-05-20T12:00,3600,0.0,0.12518042379000002,0.0,0.0,0.0,0.12518042379000002
2024-05-20T13:00,3600,0.0,0.08641091588000001,0.0,0.0,0.0,0.08641091588000001
2024-05-20T14:00,3600,0.0,0.12309921545,0.0,0.0,0.0,0.12309921545
2024-05-20T15:00,3600,0.0,0.03326134236,0.0,0.0,0.0,0.03326134236
2024-05-20T16:00,3600,0.0,0.044993815920000006,0.0,0.0,0.0,0.044993815920000006
2024-05-20T17:00,3600,0.0,0.02166184132,0.0,0.0,0.0,0.02166184132
2024-05-20T18:00,3600,0.0,0.01036048884,0.0,0.0,0.0,0.01036048884
2024-05-20T19:00,3600,0.0,0.0006226711199999999,0.0,0.0,0.0,0.0006226711199999999
2024-05-20T20:00,3600,0.0,0.0,0.0,0.0,0.0,0.0
2024-05-20T21:00,3600,0.0,0.0,0.0,0.0,0.0,0.0
2024-05-20T22:00,3600,0.0,0.0,0.0,0.0,0.0,0.0
2024-05-20T23:00,3600,0.0,0.0,0.0,0.0,0.0,0.0
2024-05-21T00:00,3600,0.0,0.0,0.0,0.0,0.0,0.0
2024-05-21T01:00,3600,0.0,0.0,0.0,0.0,0.0,0.0
2024-05-21T02:00,3600,0.0,0.0,0.0,0.0,0.0,0.0
2024-05-21T03:00,3600,0.0,0.0,0.0,0.0,0.0,0.0
2024-05-21T04:00,3600,0.0,0.0,0.0,0.0,0.0,0.0
2024-05-21T05:00,3600,0.0,0.0,0.0,0.0,0.0,0.0
2024-05-21T06:00,3600,0.0,0.0,0.0,0.0,0.0,0.0
2024-05-21T07:00,3600,0.0,0.00387533297,0.0,0.0,0.0,0.00387533297
2024-05-21T08:00,3600,0.0,0.012803060929999999,0.0,0.0,0.0,0.012803060929999999
2024-05-21T09:00,3600,0.0,0.046798716409999996,0.0,0.0,0.0,0.046798716409999996
2024-05-21T10:00,3600,0.0,0.06570792965,0.0,0.0,0.0,0.06570792965
2024-05-21T11:00,3600,0.0,0.07525455945000001,0.0,0.0,0.0,0.07525455945000001
2024-05-21T12:00,3600,0.0,0.15627953414,0.0,0.0,0.0,0.15627953414
2024-05-21T13:00,3600,0.0,0.25252056801,0.0,0.0,0.0,0.25252056801
2024-05-21T14:00,3600,0.0,0.17847718897999998,0.0,0.0,0.0,0.17847718897999998
2024-05-21T15:00,3600,0.0,0.12846638572000002,0.0,0.0,0.0,0.12846638572000002
2024-05-21T16:00,3600,0.0,0.12141011555,0.0,0.0,0.0,0.12141011555
2024-05-21T17:00,3600,0.0,0.113969212,0.0,0.0,0.0,0.113969212
2024-05-21T18:00,3600,0.0,0.033633745230000005,0.0,0.0,0.0,0.033633745230000005
2024-05-21T19:00,3600,0.5700485464632922,0.016777668819999998,0.016777668819999998,0.5532708776432922,0.0,0.0
2024-05-21T20:00,3600,0.3869105830396983,0.0,0.0,0.3869105830396983,0.0,0.0
2024-05-21T21:00,3600,0.38022453620434976,0.0,0.0,0.38022453620434976,0.0,0.0
2024-05-21T22:00,3600,0.3681700175866922,0.0,0.0,0.3681700175866922,0.0,0.0
2024-05-21T23:00,3600,0.3621144375522524,0.0,0.0,0.3621144375522524,0.0,0.0
2024-05-22T00:00,3600,0.0,0.0,0.0,0.0,0.0,0.0
2024-05-22T01:00,3600,0.0,0.0,0.0,0.0,0.0,0.0
2024-05-22T02:00,3600,0.0,0.0,0.0,0.0,0.0,0.0
2024-05-22T03:00,3600,0.0,0.0,0.0,0.0,0.0,0.0
2024-05-22T04:00,3600,0.0,0.0,0.0,0.0,0.0,0.0
2024-05-22T05:00,3600,0.0,0.0,0.0,0.0,0.0,0.0
2024-05-22T06:00,3600,0.0,0.0,0.0,0.0,0.0,0.0
2024-05-22T07:00,3600,0.0,0.0177218466,0.0,0.0,0.0,0.0177218466
2024-05-22T08:00,3600,0.0,0.10256700023000001,0.0,0.0,0.0,0.10256700023000001
2024-05-22T09:00,3600,0.0,0.22237619548,0.0,0.0,0.0,0.22237619548
2024-05-22T10:00,3600,0.0,0.39379950626,0.0,0.0,0.0,0.39379950626
2024-05-22T11:00,3600,0.0,0.3706923307,0.0,0.0,0.0,0.3706923307
2024-05-22T12:00,3600,0.0,0.40585880171999994,0.0,0.0,0.0,0.40585880171999994
2024-05-22T13:00,3600,0.0,0.3763154443,0.0,0.0,0.0,0.3763154443
2024-05-22T14:00,3600,0.0,0.32499767900000004,0.0,0.0,0.0,0.32499767900000004
2024-05-22T15:00,3600,0.0,0.19945236596000002,0.0,0.0,0.0,0.19945236596000002
2024-05-22T16:00,3600,0.0,0.23405916009000002,0.0,0.0,0.0,0.23405916009000002
2024-05-22T17:00,3600,0.0,0.15008002738,0.0,0.0,0.0,0.15008002738
2024-05-22T18:00,3600,1.0870588235294116,0.07413563818999999,0.07413563818999999,1.0129231853394116,0.0,0.0
2024-05-22T19:00,3600,1.0870588235294116,0.016585000199999998,0.016585000199999998,1.0704738233294115,0.0,0.0
2024-05-22T20:00,3600,1.0870588235294116,0.0,0.0,1.0870588235294116,0.0,0.0
2024-05-22T21:00,3600,0.6711227523053537,0.0,0.0,0.6711227523053537,0.0,0.0
2024-05-22T22:00,3600,0.44305146470588236,0.0,0.0,0.44305146470588236,0.0,0.0
2024-05-22T23:00,3600,0.4274999764705883,0.0,0.0,0.4274999764705883,0.0,0.0
2024-05-23T00:00,3600,0.0,0.0,0.0,0.0,0.0,0.0
2024-05-23T01:00,3600,0.0,0.0,0.0,0.0,0.0,0.0
2024-05-23T02:00,3600,0.0,0.0,0.0,0.0,0.0,0.0
2024-05-23T03:00,3600,0.0,0.0,0.0,0.0,0.0,0.0
2024-05-23T04:00,3600,0.0,0.0,0.0,0.0,0.0,0.0
2024-05-23T05:00,3600,0.0,0.0,0.0,0.0,0.0,0.0
2024-05-23T06:00,3600,0.0,0.0,0.0,0.0,0.0,0.0
2024-05-23T07:00,3600,0.0,0.028612894479999998,0.0,0.0,0.0,0.028612894479999998
2024-05-23T08:00,3600,0.0,0.07723440646,0.0,0.0,0.0,0.07723440646
2024-05-23T09:00,3600,0.0,0.06750627092000001,0.0,0.0,0.0,0.06750627092000001
2024-05-23T10:00,3600,0.0,0.082211532,0.0,0.0,0.0,0.082211532
2024-05-23T11:00,3600,0.0,0.20280413667,0.0,0.0,0.0,0.20280413667
2024-05-23T12:00,3600,0.0,0.15913044894,0.0,0.0,0.0,0.15913044894
2024-05-23T13:00,3600,0.0,0.21444547170000003,0.0,0.0,0.0,0.21444547170000003
2024-05-23T14:00,3600,0.0,0.39297840055,0.0,0.0,0.0,0.39297840055
2024-05-23T15:00,3600,0.0,0.26905161024,0.0,0.0,0.0,0.26905161024
2024-05-23T16:00,3600,0.0,0.22582497746000002,0.0,0.0,0.0,0.22582497746000002
2024-05-23T17:00,3600,0.0,0.09436097067999999,0.0,0.0,0.0,0.09436097067999999
2024-05-23T18:00,3600,1.0815054160234463,0.022412441119999998,0.022412441119999998,1.0590929749034463,0.0,0.0
2024-05-23T19:00,3600,0.970164022618277,0.005471211900000001,0.005471211900000001,0.9646928107182771,0.0,0.0
2024-05-23T20:00,3600,0.4300918911764706,0.0,0.0,0.4300918911764706,0.0,0.0
2024-05-23T21:00,3600,0.4300918911764706,0.0,0.0,0.4300918911764706,0.0,0.0
2024-05-23T22:00,3600,0.4122384569051295,0.0,0.0,0.4122384569051295,0.0,0.0
2024-05-23T23:00,3600,0.40572037353206647,0.0,0.0,0.40572037353206647,0.0,0.0
2024-05-24T00:00,3600,0.0,0.0,0.0,0.0,0.0,0.0
2024-05-24T01:00,3600,0.0,0.0,0.0,0.0,0.0,0.0
2024-05-24T02:00,3600,0.0,0.0,0.0,0.0,0.0,0.0
2024-05-24T03:00,3600,0.0,0.0,0.0,0.0,0.0,0.0
2024-05-24T04:00,3600,0.0,0.0,0.0,0.0,0.0,0.0
2024-05-24T05:00,3600,0.0,0.0,0.0,0.0,0.0,0.0
2024-05-24T06:00,3600,0.0,0.0,0.0,0.0,0.0,0.0
2024-05-24T07:00,3600,0.0,0.02778088819,0.0,0.0,0.0,0.02778088819
2024-05-24T08:00,3600,0.0,0.11779505124999999,0.0,0.0,0.0,0.11779505124999999
2024-05-24T09:00,3600,0.0,0.19255185088,0.0,0.0,0.0,0.19255185088
2024-05-24T10:00,3600,0.0,0.25109619106,0.0,0.0,0.0,0.25109619106
2024-05-24T11:00,3600,0.0,0.38081295481,0.0,0.0,0.0,0.38081295481
2024-05-24T12:00,3600,0.0,0.40979753407999997,0.0,0.0,0.0,0.40979753407999997
2024-05-24T13:00,3600,0.0,0.23649836342000002,0.0,0.0,0.0,0.23649836342000002
2024-05-24T14:00,3600,0.0,0.31223488682,0.0,0.0,0.0,0.31223488682
2024-05-24T15:00,3600,0.0,0.17962324057999998,0.0,0.0,0.0,0.17962324057999998
2024-05-24T16:00,3600,0.0,0.11604265106,0.0,0.0,0.0,0.11604265106
2024-05-24T17:00,3600,0.0,0.10482252140000001,0.0,0.0,0.0,0.10482252140000001
2024-05-24T18:00,3600,1.0827871665112452,0.032113355749999996,0.032113355749999996,1.0506738107612452,0.0,0.0
2024-05-24T19:00,3600,1.0660300021007556,0.00221733271,0.00221733271,1.0638126693907557,0.0,0.0
2024-05-24T20:00,3600,0.6453416930931473,0.0,0.0,0.6453416930931473,0.0,0.0
2024-05-24T21:00,3600,0.41604182169993115,0.0,0.0,0.41604182169993115,0.0,0.0
2024-05-24T22:00,3600,0.3977776468836377,0.0,0.0,0.3977776468836377,0.0,0.0
2024-05-24T23:00,3600,0.39227109421407086,0.0,0.0,0.39227109421407086,0.0,0.0
2024-05-25T00:00,3600,0.0,0.0,0.0,0.0,0.0,0.0
2024-05-25T01:00,3600,0.0,0.0,0.0,0.0,0.0,0.0
2024-05-25T02:00,3600,0.0,0.0,0.0,0.0,0.0,0.0
2024-05-25T03:00,3600,0.0,0.0,0.0,0.0,0.0,0.0
2024-05-25T04:00,3600,0.0,0.0,0.0,0.0,0.0,0.0
2024-05-25T05:00,3600,0.0,0.0,0.0,0.0,0.0,0.0
2024-05-25T06:00,3600,0.0,0.0,0.0,0.0,0.0,0.0
2024-05-25T07:00,3600,0.0,0.008651572829999999,0.0,0.0,0.0,0.008651572829999999
2024-05-25T08:00,3600,0.0,0.06207242213,0.0,0.0,0.0,0.06207242213
2024-05-25T09:00,3600,0.0,0.12730725994,0.0,0.0,0.0,0.12730725994
2024-05-25T10:00,3600,0.0,0.24418325171000002,0.0,0.0,0.0,0.24418325171000002
2024-05-25T11:00,3600,0.0,0.38778529351999996,0.0,0.0,0.0,0.38778529351999996
2024-05-25T12:00,3600,0.0,0.45252656971,0.0,0.0,0.0,0.45252656971
2024-05-25T13:00,3600,0.0,0.50953703812,0.0,0.0,0.0,0.50953703812
2024-05-25T14:00,3600,0.0,0.4015324991,0.0,0.0,0.0,0.4015324991
2024-05-25T15:00,3600,0.0,0.35943368682,0.0,0.0,0.0,0.35943368682
2024-05-25T16:00,3600,0.0,0.17999366181,0.0,0.0,0.0,0.17999366181
2024-05-25T17:00,3600,0.0,0.13060293268999998,0.0,0.0,0.0,0.13060293268999998
2024-05-25T18:00,3600,0.0,0.06650364062,0.0,0.0,0.0,0.06650364062
2024-05-25T19:00,3600,0.0,0.02055755472,0.0,0.0,0.0,0.02055755472
2024-05-25T20:00,3600,0.0,0.0,0.0,0.0,0.0,0.0
2024-05-25T21:00,3600,0.0,0.0,0.0,0.0,0.0,0.0
2024-05-25T22:00,3600,0.0,0.0,0.0,0.0,0.0,0.0
2024-05-25T23:00,3600,0.0,0.0,0.0,0.0,0.0,0.0
2024-05-26T00:00,3600,0.0,0.0,0.0,0.0,0.0,0.0
2024-05-26T01:00,3600,0.0,0.0,0.0,0.0,0.0,0.0
2024-05-26T02:00,3600,0.0,0.0,0.0,0.0,0.0,0.0
2024-05-26T03:00,3600,0.0,0.0,0.0,0.0,0.0,0.0
2024-05-26T04:00,3600,0.0,0.0,0.0,0.0,0.0,0.0
2024-05-26T05:00,3600,0.0,0.0,0.0,0.0,0.0,0.0
2024-05-26T06:00,3600,0.0,0.0,0.0,0.0,0.0,0.0
2024-05-26T07:00,3600,0.0,0.02733540933,0.0,0.0,0.0,0.02733540933
2024-05-26T08:00,3600,0.0,0.12073400848,0.0,0.0,0.0,0.12073400848
2024-05-26T09:00,3600,0.0,0.13151578869,0.0,0.0,0.0,0.13151578869
2024-05-26T10:00,3600,0.0,0.22019086262,0.0,0.0,0.0,0.22019086262
2024-05-26T11:00,3600,0.0,0.19346525338,0.0,0.0,0.0,0.19346525338
2024-05-26T12:00,3600,0.0,0.18905380328000002,0.0,0.0,0.0,0.18905380328000002
2024-05-26T13:00,3600,0.0,0.16141329947000002,0.0,0.0,0.0,0.16141329947000002
2024-05-26T14:00,3600,0.0,0.17058020058999998,0.0,0.0,0.0,0.17058020058999998
2024-05-26T15:00,3600,0.0,0.07499115824000001,0.0,0.0,0.0,0.07499115824000001
2024-05-26T16:00,3600,0.0,0.06621781527,0.0,0.0,0.0,0.06621781527
2024-05-26T17:00,3600,0.0,0.04244776882,0.0,0.0,0.0,0.04244776882
2024-05-26T18:00,3600,0.0,0.03171368348,0.0,0.0,0.0,0.03171368348
2024-05-26T19:00,3600,0.0,0.00778222844,0.0,0.0,0.0,0.00778222844
2024-05-26T20:00,3600,0.0,0.0,0.0,0.0,0.0,0.0
2024-05-26T21:00,3600,0.0,0.0,0.0,0.0,0.0,0.0
2024-05-26T22:00,3600,0.0,0.0,0.0,0.0,0.0,0.0
2024-05-26T23:00,3600,0.0,0.0,0.0,0.0,0.0,0.0
2024-05-27T00:00,3600,0.0,0.0,0.0,0.0,0.0,0.0
2024-05-27T01:00,3600,0.0,0.0,0.0,0.0,0.0,0.0
2024-05-27T02:00,3600,0.0,0.0,0.0,0.0,0.0,0.0
2024-05-27T03:00,3600,0.0,0.0,0.0,0.0,0.0,0.0
2024-05-27T04:00,3600,0.0,0.0,0.0,0.0,0.0,0.0
2024-05-27T05:00,3600,0.0,0.0,0.0,0.0,0.0,0.0
2024-05-27T06:00,3600,0.0,0.0,0.0,0.0,0.0,0.0
2024-05-27T07:00,3600,0.0,0.01340460646,0.0,0.0,0.0,0.01340460646
2024-05-27T08:00,3600,0.0,0.04884120482,0.0,0.0,0.0,0.04884120482
2024-05-27T09:00,3600,0.0,0.14730839901,0.0,0.0,0.0,0.14730839901
2024-05-27T10:00,3600,0.0,0.24257898777,0.0,0.0,0.0,0.24257898777
2024-05-27T11:00,3600,0.0,0.26184735747000004,0.0,0.0,0.0,0.26184735747000004
2024-05-27T12:00,3600,0.0,0.22601014165,0.0,0.0,0.0,0.22601014165
2024-05-27T13:00,3600,0.0,0.32572008011000003,0.0,0.0,0.0,0.32572008011000003
2024-05-27T14:00,3600,0.0,0.35517900482000003,0.0,0.0,0.0,0.35517900482000003
2024-05-27T15:00,3600,0.0,0.26414235895,0.0,0.0,0.0,0.26414235895
2024-05-27T16:00,3600,0.0,0.22216694119,0.0,0.0,0.0,0.22216694119
2024-05-27T17:00,3600,0.0,0.1471502136,0.0,0.0,0.0,0.1471502136
2024-05-27T18:00,3600,1.0870588235294116,0.07252834328999999,0.07252834328999999,1.0145304802394117,0.0,0.0
2024-05-27T19:00,3600,1.0870588235294116,0.0173258008,0.0173258008,1.0697330227294117,0.0,0.0
2024-05-27T20:00,3600,1.0870588235294116,0.0,0.0,1.0870588235294116,0.0,0.0
2024-05-27T21:00,3600,1.0870588235294116,0.0,0.0,1.0870588235294116,0.0,0.0
2024-05-27T22:00,3600,1.0870588235294116,0.0,0.0,1.0870588235294116,0.0,0.0
2024-05-27T23:00,3600,1.0870588235294116,0.0,0.0,1.0870588235294116,0.0,0.0
2024-05-28T00:00,3600,0.0,0.0,0.0,0.0,0.0,0.0
2024-05-28T01:00,3600,0.0,0.0,0.0,0.0,0.0,0.0
2024-05-28T02:00,3600,0.0,0.0,0.0,0.0,0.0,0.0
2024-05-28T03:00,3600,0.0,0.0,0.0,0.0,0.0,0.0
2024-05-28T04:00,3600,0.0,0.0,0.0,0.0,0.0,0.0
2024-05-28T05:00,3600,0.0,0.0,0.0,0.0,0.0,0.0
2024-05-28T06:00,3600,0.0,0.0,0.0,0.0,0.0,0.0
2024-05-28T07:00,3600,0.0,0.0235055044,0.0,0.0,0.0,0.0235055044
2024-05-28T08:00,3600,0.0,0.09505844668999999,0.0,0.0,0.0,0.09505844668999999
2024-05-28T09:00,3600,0.0,0.17567515927,0.0,0.0,0.0,0.17567515927
2024-05-28T10:00,3600,0.0,0.25322655032,0.0,0.0,0.0,0.25322655032
2024-05-28T11:00,3600,0.0,0.35027970102,0.0,0.0,0.0,0.35027970102
2024-05-28T12:00,3600,0.0,0.36312283780000004,0.0,0.0,0.0,0.36312283780000004
2024-05-28T13:00,3600,0.0,0.34995033762000005,0.0,0.0,0.0,0.34995033762000005
2024-05-28T14:00,3600,0.0,0.37161109931999997,0.0,0.0,0.0,0.37161109931999997
2024-05-28T15:00,3600,0.0,0.27613734220999997,0.0,0.0,0.0,0.27613734220999997
2024-05-28T16:00,3600,0.0,0.22442235577,0.0,0.0,0.0,0.22442235577
2024-05-28T17:00,3600,0.0,0.13011008069,0.0,0.0,0.0,0.13011008069
2024-05-28T18:00,3600,1.0870588235294116,0.062462084400000006,0.062462084400000006,1.0245967391294117,0.0,0.0
2024-05-28T19:00,3600,1.0870588235294116,0.01412102774,0.01412102774,1.0729377957894117,0.0,0.0
2024-05-28T20:00,3600,1.0870588235294116,0.0,0.0,1.0870588235294116,0.0,0.0
2024-05-28T21:00,3600,1.0870588235294116,0.0,0.0,1.0870588235294116,0.0,0.0
2024-05-28T22:00,3600,1.0870588235294116,0.0,0.0,1.0870588235294116,0.0,0.0
2024-05-28T23:00,3600,1.0870588235294116,0.0,0.0,1.0870588235294116,0.0,0.0
2024-05-29T00:00,3600,0.0,0.0,0.0,0.0,0.0,0.0
2024-05-29T01:00,3600,0.0,0.0,0.0,0.0,0.0,0.0
2024-05-29T02:00,3600,0.0,0.0,0.0,0.0,0.0,0.0
2024-05-29T03:00,3600,0.0,0.0,0.0,0.0,0.0,0.0
2024-05-29T04:00,3600,0.0,0.0,0.0,0.0,0.0,0.0
2024-05-29T05:00,3600,0.0,0.0,0.0,0.0,0.0,0.0
2024-05-29T06:00,3600,0.0,0.0,0.0,0.0,0.0,0.0
2024-05-29T07:00,3600,0.0,0.02909997214,0.0,0.0,0.0,0.02909997214
2024-05-29T08:00,3600,0.0,0.07796277845,0.0,0.0,0.0,0.07796277845
2024-05-29T09:00,3600,0.0,0.11341597308,0.0,0.0,0.0,0.11341597308
2024-05-29T10:00,3600,0.0,0.19316214954,0.0,0.0,0.0,0.19316214954
2024-05-29T11:00,3600,0.0,0.23176862316,0.0,0.0,0.0,0.23176862316
2024-05-29T12:00,3600,0.0,0.25731346551,0.0,0.0,0.0,0.25731346551
2024-05-29T13:00,3600,0.0,0.29631781660000006,0.0,0.0,0.0,0.29631781660000006
2024-05-29T14:00,3600,0.0,0.29565054277999997,0.0,0.0,0.0,0.29565054277999997
2024-05-29T15:00,3600,0.0,0.40533706403,0.0,0.0,0.0,0.40533706403
2024-05-29T16:00,3600,0.0,0.28650785252,0.0,0.0,0.0,0.28650785252
2024-05-29T17:00,3600,0.0,0.18431343147,0.0,0.0,0.0,0.18431343147
2024-05-29T18:00,3600,0.9920522862515258,0.06472639512,0.06472639512,0.9273258911315257,0.0,0.0
2024-05-29T19:00,3600,1.0129449478423245,0.020691544130000003,0.020691544130000003,0.9922534037123245,0.0,0.0
2024-05-29T20:00,3600,1.0159462736501865,0.0,0.0,1.0159462736501865,0.0,0.0
2024-05-29T21:00,3600,0.6322430245973163,0.0,0.0,0.6322430245973163,0.0,0.0
2024-05-29T22:00,3600,0.38481779847020225,0.0,0.0,0.38481779847020225,0.0,0.0
2024-05-29T23:00,3600,0.3738979408325872,0.0,0.0,0.3738979408325872,0.0,0.0
2024-05-30T00:00,3600,0.0,0.0,0.0,0.0,0.0,0.0
2024-05-30T01:00,3600,0.0,0.0,0.0,0.0,0.0,0.0
2024-05-30T02:00,3600,0.0,0.0,0.0,0.0,0.0,0.0
2024-05-30T03:00,3600,0.0,0.0,0.0,0.0,0.0,0.0
2024-05-30T04:00,3600,0.0,0.0,0.0,0.0,0.0,0.0
2024-05-30T05:00,3600,0.0,0.0,0.0,0.0,0.0,0.0
2024-05-30T06:00,3600,0.0,0.0,0.0,0.0,0.0,0.0
2024-05-30T07:00,3600,0.0,0.037695296770000004,0.0,0.0,0.0,0.037695296770000004
2024-05-30T08:00,3600,0.0,0.11163027992999999,0.0,0.0,0.0,0.11163027992999999
2024-05-30T09:00,3600,0.0,0.23516914306,0.0,0.0,0.0,0.23516914306
2024-05-30T10:00,3600,0.0,0.41606685187,0.0,0.0,0.0,0.41606685187
2024-05-30T11:00,3600,0.0,0.5118406638399999,0.0,0.0,0.0,0.5118406638399999
2024-05-30T12:00,3600,0.0,0.47191779273999995,0.0,0.0,0.0,0.47191779273999995
2024-05-30T13:00,3600,0.0,0.28225661834,0.0,0.0,0.0,0.28225661834
2024-05-30T14:00,3600,0.0,0.32039173137,0.0,0.0,0.0,0.32039173137
2024-05-30T15:00,3600,0.0,0.22535668510999998,0.0,0.0,0.0,0.22535668510999998
2024-05-30T16:00,3600,0.0,0.11061996433999999,0.0,0.0,0.0,0.11061996433999999
2024-05-30T17:00,3600,0.0,0.07170322494,0.0,0.0,0.0,0.07170322494
2024-05-30T18:00,3600,1.0704686039837432,0.028633354310000005,0.028633354310000005,1.0418352496737433,0.0,0.0
2024-05-30T19:00,3600,1.073782654921347,0.01266401075,0.01266401075,1.061118644171347,0.0,0.0
2024-05-30T20:00,3600,1.0770487064104188,0.0,0.0,1.0770487064104188,0.0,0.0
2024-05-30T21:00,3600,0.6846234395232764,0.0,0.0,0.6846234395232764,0.0,0.0
2024-05-30T22:00,3600,0.4534191235294117,0.0,0.0,0.4534191235294117,0.0,0.0
2024-05-30T23:00,3600,0.44305146470588236,0.0,0.0,0.44305146470588236,0.0,0.0
2024-05-31T00:00,3600,0.0,0.0,0.0,0.0,0.0,0.0
2024-05-31T01:00,3600,0.0,0.0,0.0,0.0,0.0,0.0
2024-05-31T02:00,3600,0.0,0.0,0.0,0.0,0.0,0.0
2024-05-31T03:00,3600,0.0,0.0,0.0,0.0,0.0,0.0
2024-05-31T04:00,3600,0.0,0.0,0.0,0.0,0.0,0.0
2024-05-31T05:00,3600,0.0,0.0,0.0,0.0,0.0,0.0
2024-05-31T06:00,3600,0.0,0.0,0.0,0.0,0.0,0.0
2024-05-31T07:00,3600,0.0,0.03637137698,0.0,0.0,0.0,0.03637137698
2024-05-31T08:00,3600,0.0,0.12461025143,0.0,0.0,0.0,0.12461025143
2024-05-31T09:00,3600,0.0,0.20259410455,0.0,0.0,0.0,0.20259410455
2024-05-31T10:00,3600,0.0,0.30155462941,0.0,0.0,0.0,0.30155462941
2024-05-31T11:00,3600,0.0,0.38739700546,0.0,0.0,0.0,0.38739700546
2024-05-31T12:00,3600,0.0,0.49247333674,0.0,0.0,0.0,0.49247333674
2024-05-31T13:00,3600,0.0,0.24753124746,0.0,0.0,0.0,0.24753124746
2024-05-31T14:00,3600,0.0,0.21450302485,0.0,0.0,0.0,0.21450302485
2024-05-31T15:00,3600,0.0,0.16355419389999998,0.0,0.0,0.0,0.16355419389999998
2024-05-31T16:00,3600,0.0,0.16792097658,0.0,0.0,0.0,0.16792097658
2024-05-31T17:00,3600,0.0,0.04109775568,0.0,0.0,0.0,0.04109775568
2024-05-31T18:00,3600,1.0870588235294116,0.038913763860000006,0.038913763860000006,1.0481450596694115,0.0,0.0
2024-05-31T19:00,3600,1.0870588235294116,0.008612757430000001,0.008612757430000001,1.0784460660994117,0.0,0.0
2024-05-31T20:00,3600,1.0870588235294116,0.0,0.0,1.0870588235294116,0.0,0.0
2024-05-31T21:00,3600,0.5991668647897439,0.0,0.0,0.5991668647897439,0.0,0.0
2024-05-31T22:00,3600,0.4767463558823529,0.0,0.0,0.4767463558823529,0.0,0.0
2024-05-31T23:00,3600,0.4715625264705883,0.0,0.0,0.4715625264705883,0.0,0.0
2024-06-01T00:00,3600,0.0,0.0,0.0,0.0,0.0,0.0
2024-06-01T01:00,3600,0.0,0.0,0.0,0.0,0.0,0.0
2024-06-01T02:00,3600,0.0,0.0,0.0,0.0,0.0,0.0
2024-06-01T03:00,3600,0.0,0.0,0.0,0.0,0.0,0.0
2024-06-01T04:00,3600,0.0,0.0,0.0,0.0,0.0,0.0
2024-06-01T05:00,3600,0.0,0.0,0.0,0.0,0.0,0.0
2024-06-01T06:00,3600,0.0,0.0,0.0,0.0,0.0,0.0
2024-06-01T07:00,3600,0.0,0.00218393495,0.0,0.0,0.0,0.00218393495
2024-06-01T08:00,3600,0.0,0.0054060561,0.0,0.0,0.0,0.0054060561
2024-06-01T09:00,3600,0.0,0.020667353450000002,0.0,0.0,0.0,0.020667353450000002
2024-06-01T10:00,3600,0.0,0.06703598946,0.0,0.0,0.0,0.06703598946
2024-06-01T11:00,3600,0.0,0.07715861035,0.0,0.0,0.0,0.07715861035
2024-06-01T12:00,3600,0.0,0.17873211563,0.0,0.0,0.0,0.17873211563
2024-06-01T13:00,3600,0.0,0.10433166003,0.0,0.0,0.0,0.10433166003
2024-06-01T14:00,3600,0.0,0.07357561895000002,0.0,0.0,0.0,0.07357561895000002
2024-06-01T15:00,3600,0.0,0.08476476767,0.0,0.0,0.0,0.08476476767
2024-06-01T16:00,3600,0.0,0.03258149223,0.0,0.0,0.0,0.03258149223
2024-06-01T17:00,3600,0.0,0.021669994010000002,0.0,0.0,0.0,0.021669994010000002
2024-06-01T18:00,3600,0.0,0.01026199528,0.0,0.0,0.0,0.01026199528
2024-06-01T19:00,3600,0.0,0.0,0.0,0.0,0.0,0.0
2024-06-01T20:00,3600,0.0,0.0,0.0,0.0,0.0,0.0
2024-06-01T21:00,3600,0.0,0.0,0.0,0.0,0.0,0.0
2024-06-01T22:00,3600,0.0,0.0,0.0,0.0,0.0,0.0
2024-06-01T23:00,3600,0.0,0.0,0.0,0.0,0.0,0.0
2024-06-02T00:00,3600,0.0,0.0,0.0,0.0,0.0,0.0
2024-06-02T01:00,3600,0.0,0.0,0.0,0.0,0.0,0.0
2024-06-02T02:00,3600,0.0,0.0,0.0,0.0,0.0,0.0
2024-06-02T03:00,3600,0.0,0.0,0.0,0.0,0.0,0.0
2024-06-02T04:00,3600,0.0,0.0,0.0,0.0,0.0,0.0
2024-06-02T05:00,3600,0.0,0.0,0.0,0.0,0.0,0.0
2024-06-02T06:00,3600,0.0,0.0,0.0,0.0,0.0,0.0
2024-06-02T07:00,3600,0.0,0.08199528071,0.0,0.0,0.0,0.08199528071
2024-06-02T08:00,3600,0.0,0.22066379275,0.0,0.0,0.0,0.22066379275
2024-06-02T09:00,3600,0.0,0.39480751669,0.0,0.0,0.0,0.39480751669
2024-06-02T10:00,3600,0.0,0.51244439053,0.0,0.0,0.0,0.51244439053
2024-06-02T11:00,3600,0.0,0.58961786964,0.0,0.0,0.0,0.58961786964
2024-06-02T12:00,3600,0.0,0.60512513881,0.0,0.0,0.0,0.60512513881
2024-06-02T13:00,3600,0.0,0.45445630809000004,0.0,0.0,0.0,0.45445630809000004
2024-06-02T14:00,3600,0.0,0.36051665388,0.0,0.0,0.0,0.36051665388
2024-06-02T15:00,3600,0.0,0.31286637186,0.0,0.0,0.0,0.31286637186
2024-06-02T16:00,3600,0.0,0.27095037034,0.0,0.0,0.0,0.27095037034
2024-06-02T17:00,3600,0.0,0.16197696903,0.0,0.0,0.0,0.16197696903
2024-06-02T18:00,3600,0.0,0.06977760975,0.0,0.0,0.0,0.06977760975
2024-06-02T19:00,3600,0.0,0.01880413895,0.0,0.0,0.0,0.01880413895
2024-06-02T20:00,3600,0.0,0.0,0.0,0.0,0.0,0.0
2024-06-02T21:00,3600,0.0,0.0,0.0,0.0,0.0,0.0
2024-06-02T22:00,3600,0.0,0.0,0.0,0.0,0.0,0.0
2024-06-02T23:00,3600,0.0,0.0,0.0,0.0,0.0,0.0
2024-06-03T00:00,3600,0.0,0.0,0.0,0.0,0.0,0.0
2024-06-03T01:00,3600,0.0,0.0,0.0,0.0,0.0,0.0
2024-06-03T02:00,3600,0.0,0.0,0.0,0.0,0.0,0.0
2024-06-03T03:00,3600,0.0,0.0,0.0,0.0,0.0,0.0
2024-06-03T04:00,3600,0.0,0.0,0.0,0.0,0.0,0.0
2024-06-03T05:00,3600,0.0,0.0,0.0,0.0,0.0,0.0
2024-06-03T06:00,3600,0.0,0.0,0.0,0.0,0.0,0.0
2024-06-03T07:00,3600,0.0,0.03577328775,0.0,0.0,0.0,0.03577328775
2024-06-03T08:00,3600,0.0,0.13685276723,0.0,0.0,0.0,0.13685276723
2024-06-03T09:00,3600,0.0,0.24107584870999998,0.0,0.0,0.0,0.24107584870999998
2024-06-03T10:00,3600,0.0,0.16863061994,0.0,0.0,0.0,0.16863061994
2024-06-03T11:00,3600,0.0,0.25256399278,0.0,0.0,0.0,0.25256399278
2024-06-03T12:00,3600,0.0,0.27712885215,0.0,0.0,0.0,0.27712885215
2024-06-03T13:00,3600,0.0,0.19390248292,0.0,0.0,0.0,0.19390248292
2024-06-03T14:00,3600,0.0,0.22104133087000002,0.0,0.0,0.0,0.22104133087000002
2024-06-03T15:00,3600,0.0,0.10876922987,0.0,0.0,0.0,0.10876922987
2024-06-03T16:00,3600,0.0,0.05079837615999999,0.0,0.0,0.0,0.05079837615999999
2024-06-03T17:00,3600,0.0,0.10609923063,0.0,0.0,0.0,0.10609923063
2024-06-03T18:00,3600,1.0754575746612502,0.03606625259,0.03606625259,1.0393913220712503,0.0,0.0
2024-06-03T19:00,3600,1.0870588235294116,0.0070386868800000005,0.0070386868800000005,1.0800201366494115,0.0,0.0
2024-06-03T20:00,3600,1.0845374456170764,0.0,0.0,1.0845374456170764,0.0,0.0
2024-06-03T21:00,3600,1.0848980525923957,0.0,0.0,1.0848980525923957,0.0,0.0
2024-06-03T22:00,3600,1.0727164145230133,0.0,0.0,1.0727164145230133,0.0,0.0
2024-06-03T23:00,3600,1.0682173784058646,0.0,0.0,1.0682173784058646,0.0,0.0
2024-06-04T00:00,3600,0.0,0.0,0.0,0.0,0.0,0.0
2024-06-04T01:00,3600,0.0,0.0,0.0,0.0,0.0,0.0
2024-06-04T02:00,3600,0.0,0.0,0.0,0.0,0.0,0.0
2024-06-04T03:00,3600,0.0,0.0,0.0,0.0,0.0,0.0
2024-06-04T04:00,3600,0.0,0.0,0.0,0.0,0.0,0.0
2024-06-04T05:00,3600,0.0,0.0,0.0,0.0,0.0,0.0
2024-06-04T06:00,3600,0.0,0.0,0.0,0.0,0.0,0.0
2024-06-04T07:00,3600,0.0,0.00872277822,0.0,0.0,0.0,0.00872277822
2024-06-04T08:00,3600,0.0,0.049795315209999996,0.0,0.0,0.0,0.049795315209999996
2024-06-04T09:00,3600,0.0,0.06126124426,0.0,0.0,0.0,0.06126124426
2024-06-04T10:00,3600,0.0,0.21382624984,0.0,0.0,0.0,0.21382624984
2024-06-04T11:00,3600,0.0,0.26544235129,0.0,0.0,0.0,0.26544235129
2024-06-04T12:00,3600,0.0,0.30729519282000006,0.0,0.0,0.0,0.30729519282000006
2024-06-04T13:00,3600,0.0,0.1603573044,0.0,0.0,0.0,0.1603573044
2024-06-04T14:00,3600,0.0,0.19428902016000002,0.0,0.0,0.0,0.19428902016000002
2024-06-04T15:00,3600,0.0,0.06912629212,0.0,0.0,0.0,0.06912629212
2024-06-04T16:00,3600,0.0,0.06758355162,0.0,0.0,0.0,0.06758355162
2024-06-04T17:00,3600,0.0,0.03335456514,0.0,0.0,0.0,0.03335456514
2024-06-04T18:00,3600,1.0280351004282153,0.023231838530000003,0.023231838530000003,1.0048032618982152,0.0,0.0
2024-06-04T19:00,3600,1.027266011176959,0.0030503765199999997,0.0030503765199999997,1.0242156346569589,0.0,0.0
2024-06-04T20:00,3600,0.4253689015280944,0.0,0.0,0.4253689015280944,0.0,0.0
2024-06-04T21:00,3600,0.31747484648662544,0.0,0.0,0.31747484648662544,0.0,0.0
2024-06-04T22:00,3600,0.3056168592109997,0.0,0.0,0.3056168592109997,0.0,0.0
2024-06-04T23:00,3600,0.2935020383126274,0.0,0.0,0.2935020383126274,0.0,0.0
2024-06-05T00:00,3600,0.0,0.0,0.0,0.0,0.0,0.0
2024-06-05T01:00,3600,0.0,0.0,0.0,0.0,0.0,0.0
2024-06-05T02:00,3600,0.0,0.0,0.0,0.0,0.0,0.0
2024-06-05T03:00,3600,0.0,0.0,0.0,0.0,0.0,0.0
2024-06-05T04:00,3600,0.0,0.0,0.0,0.0,0.0,0.0
2024-06-05T05:00,3600,0.0,0.0,0.0,0.0,0.0,0.0
2024-06-05T06:00,3600,0.0,0.0,0.0,0.0,0.0,0.0
2024-06-05T07:00,3600,0.0,0.03316901204,0.0,0.0,0.0,0.03316901204
2024-06-05T08:00,3600,0.0,0.10176527692,0.0,0.0,0.0,0.10176527692
2024-06-05T09:00,3600,0.0,0.16682772599,0.0,0.0,0.0,0.16682772599
2024-06-05T10:00,3600,0.0,0.34674406391999996,0.0,0.0,0.0,0.34674406391999996
2024-06-05T11:00,3600,0.0,0.32640062578,0.0,0.0,0.0,0.32640062578
2024-06-05T12:00,3600,0.0,0.2875984962,0.0,0.0,0.0,0.2875984962
2024-06-05T13:00,3600,0.0,0.16637511938000002,0.0,0.0,0.0,0.16637511938000002
2024-06-05T14:00,3600,0.0,0.10174038906,0.0,0.0,0.0,0.10174038906
2024-06-05T15:00,3600,0.0,0.08712843847000001,0.0,0.0,0.0,0.08712843847000001
2024-06-05T16:00,3600,0.0,0.07035669389999999,0.0,0.0,0.0,0.07035669389999999
2024-06-05T17:00,3600,0.0,0.01988384331,0.0,0.0,0.0,0.01988384331
2024-06-05T18:00,3600,0.9656068571453497,0.015151541369999999,0.015151541369999999,0.9504553157753497,0.0,0.0
2024-06-05T19:00,3600,0.3878899246054005,0.0,0.0,0.3878899246054005,0.0,0.0
2024-06-05T20:00,3600,0.3863164681419503,0.0,0.0,0.3863164681419503,0.0,0.0
2024-06-05T21:00,3600,0.3794927455034286,0.0,0.0,0.3794927455034286,0.0,0.0
2024-06-05T22:00,3600,0.3793713039436617,0.0,0.0,0.3793713039436617,0.0,0.0
2024-06-05T23:00,3600,0.3729036189308533,0.0,0.0,0.3729036189308533,0.0,0.0
2024-06-06T00:00,3600,0.0,0.0,0.0,0.0,0.0,0.0
2024-06-06T01:00,3600,0.0,0.0,0.0,0.0,0.0,0.0
2024-06-06T02:00,3600,0.0,0.0,0.0,0.0,0.0,0.0
2024-06-06T03:00,3600,0.0,0.0,0.0,0.0,0.0,0.0
2024-06-06T04:00,3600,0.0,0.0,0.0,0.0,0.0,0.0
2024-06-06T05:00,3600,0.0,0.0,0.0,0.0,0.0,0.0
2024-06-06T06:00,3600,0.0,0.0,0.0,0.0,0.0,0.0
2024-06-06T07:00,3600,0.0,0.00627769392,0.0,0.0,0.0,0.00627769392
2024-06-06T08:00,3600,0.0,0.02241252498,0.0,0.0,0.0,0.02241252498
2024-06-06T09:00,3600,0.0,0.05125737384,0.0,0.0,0.0,0.05125737384
2024-06-06T10:00,3600,0.0,0.0928108562,0.0,0.0,0.0,0.0928108562
2024-06-06T11:00,3600,0.0,0.20426696337,0.0,0.0,0.0,0.20426696337
2024-06-06T12:00,3600,0.0,0.22124798423,0.0,0.0,0.0,0.22124798423
2024-06-06T13:00,3600,0.0,0.24435312453000002,0.0,0.0,0.0,0.24435312453000002
2024-06-06T14:00,3600,0.0,0.2184534739,0.0,0.0,0.0,0.2184534739
2024-06-06T15:00,3600,0.0,0.205480682,0.0,0.0,0.0,0.205480682
2024-06-06T16:00,3600,0.0,0.13509983919000002,0.0,0.0,0.0,0.13509983919000002
2024-06-06T17:00,3600,0.0,0.08129325693,0.0,0.0,0.0,0.08129325693
2024-06-06T18:00,3600,1.0831994511598282,0.03969513585,0.03969513585,1.0435043153098282,0.0,0.0
2024-06-06T19:00,3600,0.7319772526660281,0.00862490587,0.00862490587,0.7233523467960281,0.0,0.0
2024-06-06T20:00,3600,0.45601103823529415,0.0,0.0,0.45601103823529415,0.0,0.0
2024-06-06T21:00,3600,0.4506671017977973,0.0,0.0,0.4506671017977973,0.0,0.0
2024-06-06T22:00,3600,0.44614233958414945,0.0,0.0,0.44614233958414945,0.0,0.0
2024-06-06T23:00,3600,0.44305146470588236,0.0,0.0,0.44305146470588236,0.0,0.0
2024-06-07T00:00,3600,0.0,0.0,0.0,0.0,0.0,0.0
2024-06-07T01:00,3600,0.0,0.0,0.0,0.0,0.0,0.0
2024-06-07T02:00,3600,0.0,0.0,0.0,0.0,0.0,0.0
2024-06-07T03:00,3600,0.0,0.0,0.0,0.0,0.0,0.0
2024-06-07T04:00,3600,0.0,0.0,0.0,0.0,0.0,0.0
2024-06-07T05:00,3600,0.0,0.0,0.0,0.0,0.0,0.0
2024-06-07T06:00,3600,0.0,0.0,0.0,0.0,0.0,0.0
2024-06-07T07:00,3600,0.0,0.0095059487,0.0,0.0,0.0,0.0095059487
2024-06-07T08:00,3600,0.0,0.07827738954999999,0.0,0.0,0.0,0.07827738954999999
2024-06-07T09:00,3600,0.0,0.14050020946,0.0,0.0,0.0,0.14050020946
2024-06-07T10:00,3600,0.0,0.17900988258,0.0,0.0,0.0,0.17900988258
2024-06-07T11:00,3600,0.0,0.24760742803000002,0.0,0.0,0.0,0.24760742803000002
2024-06-07T12:00,3600,0.0,0.21212782206,0.0,0.0,0.0,0.21212782206
2024-06-07T13:00,3600,0.0,0.19107148338,0.0,0.0,0.0,0.19107148338
2024-06-07T14:00,3600,0.0,0.25471018669,0.0,0.0,0.0,0.25471018669
2024-06-07T15:00,3600,0.0,0.07351191142,0.0,0.0,0.0,0.07351191142
2024-06-07T16:00,3600,0.0,0.10200257507,0.0,0.0,0.0,0.10200257507
2024-06-07T17:00,3600,0.0,0.07149773593,0.0,0.0,0.0,0.07149773593
2024-06-07T18:00,3600,1.0705801121635163,0.03842090899,0.03842090899,1.0321592031735163,0.0,0.0
2024-06-07T19:00,3600,0.6545835250073354,0.01114187329,0.01114187329,0.6434416517173354,0.0,0.0
2024-06-07T20:00,3600,0.4170896818375296,0.0,0.0,0.4170896818375296,0.0,0.0
2024-06-07T21:00,3600,0.4165325908771282,0.0,0.0,0.4165325908771282,0.0,0.0
2024-06-07T22:00,3600,0.4162235391344358,0.0,0.0,0.4162235391344358,0.0,0.0
2024-06-07T23:00,3600,0.41834366807049106,0.0,0.0,0.41834366807049106,0.0,0.0
2024-06-08T00:00,3600,0.0,0.0,0.0,0.0,0.0,0.0
2024-06-08T01:00,3600,0.0,0.0,0.0,0.0,0.0,0.0
2024-06-08T02:00,3600,0.0,0.0,0.0,0.0,0.0,0.0
2024-06-08T03:00,3600,0.0,0.0,0.0,0.0,0.0,0.0
2024-06-08T04:00,3600,0.0,0.0,0.0,0.0,0.0,0.0
2024-06-08T05:00,3600,0.0,0.0,0.0,0.0,0.0,0.0
2024-06-08T06:00,3600,0.0,0.0,0.0,0.0,0.0,0.0
2024-06-08T07:00,3600,0.0,0.04414011818,0.0,0.0,0.0,0.04414011818
2024-06-08T08:00,3600,0.0,0.09903882582,0.0,0.0,0.0,0.09903882582
2024-06-08T09:00,3600,0.0,0.18007458086,0.0,0.0,0.0,0.18007458086
2024-06-08T10:00,3600,0.0,0.12807246975000003,0.0,0.0,0.0,0.12807246975000003
2024-06-08T11:00,3600,0.0,0.13437885336,0.0,0.0,0.0,0.13437885336
2024-06-08T12:00,3600,0.0,0.16762837326,0.0,0.0,0.0,0.16762837326
2024-06-08T13:00,3600,0.0,0.31897973738,0.0,0.0,0.0,0.31897973738
2024-06-08T14:00,3600,0.0,0.27540562214,0.0,0.0,0.0,0.27540562214
2024-06-08T15:00,3600,0.0,0.26185070376999997,0.0,0.0,0.0,0.26185070376999997
2024-06-08T16:00,3600,0.0,0.11594227943,0.0,0.0,0.0,0.11594227943
2024-06-08T17:00,3600,0.0,0.10322335219,0.0,0.0,0.0,0.10322335219
2024-06-08T18:00,3600,0.0,0.0644461088,0.0,0.0,0.0,0.0644461088
2024-06-08T19:00,3600,0.0,0.00380067042,0.0,0.0,0.0,0.00380067042
2024-06-08T20:00,3600,0.0,0.0,0.0,0.0,0.0,0.0
2024-06-08T21:00,3600,0.0,0.0,0.0,0.0,0.0,0.0
2024-06-08T22:00,3600,0.0,0.0,0.0,0.0,0.0,0.0
2024-06-08T23:00,3600,0.0,0.0,0.0,0.0,0.0,0.0
2024-06-09T00:00,3600,0.0,0.0,0.0,0.0,0.0,0.0
2024-06-09T01:00,3600,0.0,0.0,0.0,0.0,0.0,0.0
2024-06-09T02:00,3600,0.0,0.0,0.0,0.0,0.0,0.0
2024-06-09T03:00,3600,0.0,0.0,0.0,0.0,0.0,0.0
2024-06-09T04:00,3600,0.0,0.0,0.0,0.0,0.0,0.0
2024-06-09T05:00,3600,0.0,0.0,0.0,0.0,0.0,0.0
2024-06-09T06:00,3600,0.0,0.0,0.0,0.0,0.0,0.0
2024-06-09T07:00,3600,0.0,0.009428480679999999,0.0,0.0,0.0,0.009428480679999999
2024-06-09T08:00,3600,0.0,0.035608938209999996,0.0,0.0,0.0,0.035608938209999996
2024-06-09T09:00,3600,0.0,0.06991838598,0.0,0.0,0.0,0.06991838598
2024-06-09T10:00,3600,0.0,0.14467850009,0.0,0.0,0.0,0.14467850009
2024-06-09T11:00,3600,0.0,0.22642704922999998,0.0,0.0,0.0,0.22642704922999998
2024-06-09T12:00,3600,0.0,0.22208669514999999,0.0,0.0,0.0,0.22208669514999999
2024-06-09T13:00,3600,0.0,0.32082814072000004,0.0,0.0,0.0,0.32082814072000004
2024-06-09T14:00,3600,0.0,0.35212860971,0.0,0.0,0.0,0.35212860971
2024-06-09T15:00,3600,0.0,0.23233667257,0.0,0.0,0.0,0.23233667257
2024-06-09T16:00,3600,0.0,0.13355134716,0.0,0.0,0.0,0.13355134716
2024-06-09T17:00,3600,0.0,0.08892291426,0.0,0.0,0.0,0.08892291426
2024-06-09T18:00,3600,0.0,0.04609336846,0.0,0.0,0.0,0.04609336846
2024-06-09T19:00,3600,0.0,0.01259379238,0.0,0.0,0.0,0.01259379238
2024-06-09T20:00,3600,0.0,0.0,0.0,0.0,0.0,0.0
2024-06-09T21:00,3600,0.0,0.0,0.0,0.0,0.0,0.0
2024-06-09T22:00,3600,0.0,0.0,0.0,0.0,0.0,0.0
2024-06-09T23:00,3600,0.0,0.0,0.0,0.0,0.0,0.0
2024-06-10T00:00,3600,0.0,0.0,0.0,0.0,0.0,0.0
2024-06-10T01:00,3600,0.0,0.0,0.0,0.0,0.0,0.0
2024-06-10T02:00,3600,0.0,0.0,0.0,0.0,0.0,0.0
2024-06-10T03:00,3600,0.0,0.0,0.0,0.0,0.0,0.0
2024-06-10T04:00,3600,0.0,0.0,0.0,0.0,0.0,0.0
2024-06-10T05:00,3600,0.0,0.0,0.0,0.0,0.0,0.0
2024-06-10T06:00,3600,0.0,0.0,0.0,0.0,0.0,0.0
2024-06-10T07:00,3600,0.0,0.02022762547,0.0,0.0,0.0,0.02022762547
2024-06-10T08:00,3600,0.0,0.08735426992999999,0.0,0.0,0.0,0.08735426992999999
2024-06-10T09:00,3600,0.0,0.16685340471,0.0,0.0,0.0,0.16685340471
2024-06-10T10:00,3600,0.0,0.31002159414,0.0,0.0,0.0,0.31002159414
2024-06-10T11:00,3600,0.0,0.38541122265,0.0,0.0,0.0,0.38541122265
2024-06-10T12:00,3600,0.0,0.45866686348,0.0,0.0,0.0,0.45866686348
2024-06-10T13:00,3600,0.0,0.46971058004000005,0.0,0.0,0.0,0.46971058004000005
2024-06-10T14:00,3600,0.0,0.41489946944,0.0,0.0,0.0,0.41489946944
2024-06-10T15:00,3600,0.0,0.34204088959,0.0,0.0,0.0,0.34204088959
2024-06-10T16:00,3600,0.0,0.16040261369,0.0,0.0,0.0,0.16040261369
2024-06-10T17:00,3600,0.0,0.10842168640000001,0.0,0.0,0.0,0.10842168640000001
2024-06-10T18:00,3600,1.0870588235294116,0.06382872153000001,0.06382872153000001,1.0232301019994117,0.0,0.0
2024-06-10T19:00,3600,1.0870588235294116,0.019703491759999997,0.019703491759999997,1.0673553317694116,0.0,0.0
2024-06-10T20:00,3600,1.0870588235294116,0.0,0.0,1.0870588235294116,0.0,0.0
2024-06-10T21:00,3600,1.0870588235294116,0.0,0.0,1.0870588235294116,0.0,0.0
2024-06-10T22:00,3600,1.0870588235294116,0.0,0.0,1.0870588235294116,0.0,0.0
2024-06-10T23:00,3600,1.0870588235294116,0.0,0.0,1.0870588235294116,0.0,0.0
2024-06-11T00:00,3600,0.0,0.0,0.0,0.0,0.0,0.0
2024-06-11T01:00,3600,0.0,0.0,0.0,0.0,0.0,0.0
2024-06-11T02:00,3600,0.0,0.0,0.0,0.0,0.0,0.0
2024-06-11T03:00,3600,0.0,0.0,0.0,0.0,0.0,0.0
2024-06-11T04:00,3600,0.0,0.0,0.0,0.0,0.0,0.0
2024-06-11T05:00,3600,0.0,0.0,0.0,0.0,0.0,0.0
2024-06-11T06:00,3600,0.0,0.0,0.0,0.0,0.0,0.0
2024-06-11T07:00,3600,0.0,0.041210691779999996,0.0,0.0,0.0,0.041210691779999996
2024-06-11T08:00,3600,0.0,0.12604326724,0.0,0.0,0.0,0.12604326724
2024-06-11T09:00,3600,0.0,0.17628039414,0.0,0.0,0.0,0.17628039414
2024-06-11T10:00,3600,0.0,0.31417138132,0.0,0.0,0.0,0.31417138132
2024-06-11T11:00,3600,0.0,0.26590586004,0.0,0.0,0.0,0.26590586004
2024-06-11T12:00,3600,0.0,0.19426034735,0.0,0.0,0.0,0.19426034735
2024-06-11T13:00,3600,0.0,0.26904053591,0.0,0.0,0.0,0.26904053591
2024-06-11T14:00,3600,0.0,0.18077585838,0.0,0.0,0.0,0.18077585838
2024-06-11T15:00,3600,0.0,0.21992918362,0.0,0.0,0.0,0.21992918362
2024-06-11T16:00,3600,0.0,0.12548078172,0.0,0.0,0.0,0.12548078172
2024-06-11T17:00,3600,0.0,0.06275104119,0.0,0.0,0.0,0.06275104119
2024-06-11T18:00,3600,1.0870588235294116,0.03635476076,0.03635476076,1.0507040627694115,0.0,0.0
2024-06-11T19:00,3600,1.0870588235294116,0.008543280779999999,0.008543280779999999,1.0785155427494115,0.0,0.0
2024-06-11T20:00,3600,1.0870588235294116,0.0,0.0,1.0870588235294116,0.0,0.0
2024-06-11T21:00,3600,1.0870588235294116,0.0,0.0,1.0870588235294116,0.0,0.0
2024-06-11T22:00,3600,1.0870588235294116,0.0,0.0,1.0870588235294116,0.0,0.0
2024-06-11T23:00,3600,0.9232862740953056,0.0,0.0,0.9232862740953056,0.0,0.0
2024-06-12T00:00,3600,0.0,0.0,0.0,0.0,0.0,0.0
2024-06-12T01:00,3600,0.0,0.0,0.0,0.0,0.0,0.0
2024-06-12T02:00,3600,0.0,0.0,0.0,0.0,0.0,0.0
2024-06-12T03:00,3600,0.0,0.0,0.0,0.0,0.0,0.0
2024-06-12T04:00,3600,0.0,0.0,0.0,0.0,0.0,0.0
2024-06-12T05:00,3600,0.0,0.0,0.0,0.0,0.0,0.0
2024-06-12T06:00,3600,0.0,0.0,0.0,0.0,0.0,0.0
2024-06-12T07:00,3600,0.0,0.03480765997,0.0,0.0,0.0,0.03480765997
2024-06-12T08:00,3600,0.0,0.10340258876000001,0.0,0.0,0.0,0.10340258876000001
2024-06-12T09:00,3600,0.0,0.19475719469,0.0,0.0,0.0,0.19475719469
2024-06-12T10:00,3600,0.0,0.30198742236,0.0,0.0,0.0,0.30198742236
2024-06-12T11:00,3600,0.0,0.42985643183000005,0.0,0.0,0.0,0.42985643183000005
2024-06-12T12:00,3600,0.0,0.45189088797,0.0,0.0,0.0,0.45189088797
2024-06-12T13:00,3600,0.0,0.48611580875,0.0,0.0,0.0,0.48611580875
2024-06-12T14:00,3600,0.0,0.39925816015,0.0,0.0,0.0,0.39925816015
2024-06-12T15:00,3600,0.0,0.26422158669999996,0.0,0.0,0.0,0.26422158669999996
2024-06-12T16:00,3600,0.0,0.25213772519,0.0,0.0,0.0,0.25213772519
2024-06-12T17:00,3600,0.0,0.17949036117,0.0,0.0,0.0,0.17949036117
2024-06-12T18:00,3600,1.0870588235294116,0.058499356950000005,0.058499356950000005,1.0285594665794116,0.0,0.0
2024-06-12T19:00,3600,1.0870588235294116,0.00611785598,0.00611785598,1.0809409675494117,0.0,0.0
2024-06-12T20:00,3600,1.0870588235294116,0.0,0.0,1.0870588235294116,0.0,0.0
2024-06-12T21:00,3600,1.0870588235294116,0.0,0.0,1.0870588235294116,0.0,0.0
2024-06-12T22:00,3600,1.0870588235294116,0.0,0.0,1.0870588235294116,0.0,0.0
2024-06-12T23:00,3600,0.7070786650943538,0.0,0.0,0.7070786650943538,0.0,0.0
2024-06-13T00:00,3600,0.0,0.0,0.0,0.0,0.0,0.0
2024-06-13T01:00,3600,0.0,0.0,0.0,0.0,0.0,0.0
2024-06-13T02:00,3600,0.0,0.0,0.0,0.0,0.0,0.0
2024-06-13T03:00,3600,0.0,0.0,0.0,0.0,0.0,0.0
2024-06-13T04:00,3600,0.0,0.0,0.0,0.0,0.0,0.0
2024-06-13T05:00,3600,0.0,0.0,0.0,0.0,0.0,0.0
2024-06-13T06:00,3600,0.0,0.0,0.0,0.0,0.0,0.0
2024-06-13T07:00,3600,0.0,0.030043320409999998,0.0,0.0,0.0,0.030043320409999998
2024-06-13T08:00,3600,0.0,0.08252685513000001,0.0,0.0,0.0,0.08252685513000001
2024-06-13T09:00,3600,0.0,0.10698530866,0.0,0.0,0.0,0.10698530866
2024-06-13T10:00,3600,0.0,0.16089693052,0.0,0.0,0.0,0.16089693052
2024-06-13T11:00,3600,0.0,0.12358279122,0.0,0.0,0.0,0.12358279122
2024-06-13T12:00,3600,0.0,0.16133890628,0.0,0.0,0.0,0.16133890628
2024-06-13T13:00,3600,0.0,0.18456063402,0.0,0.0,0.0,0.18456063402
2024-06-13T14:00,3600,0.0,0.20377220983999997,0.0,0.0,0.0,0.20377220983999997
2024-06-13T15:00,3600,0.0,0.1777226913,0.0,0.0,0.0,0.1777226913
2024-06-13T16:00,3600,0.0,0.19765043114,0.0,0.0,0.0,0.19765043114
2024-06-13T17:00,3600,0.0,0.10674879132000001,0.0,0.0,0.0,0.10674879132000001
2024-06-13T18:00,3600,1.0870588235294116,0.035369360100000004,0.035369360100000004,1.0516894634294116,0.0,0.0
2024-06-13T19:00,3600,1.0870588235294116,0.00449977925,0.00449977925,1.0825590442794117,0.0,0.0
2024-06-13T20:00,3600,1.0870588235294116,0.0,0.0,1.0870588235294116,0.0,0.0
2024-06-13T21:00,3600,0.8431165805067659,0.0,0.0,0.8431165805067659,0.0,0.0
2024-06-13T22:00,3600,0.5234008205882353,0.0,0.0,0.5234008205882353,0.0,0.0
2024-06-13T23:00,3600,0.5182169911764707,0.0,0.0,0.5182169911764707,0.0,0.0
2024-06-14T00:00,3600,0.0,0.0,0.0,0.0,0.0,0.0
2024-06-14T01:00,3600,0.0,0.0,0.0,0.0,0.0,0.0
2024-06-14T02:00,3600,0.0,0.0,0.0,0.0,0.0,0.0
2024-06-14T03:00,3600,0.0,0.0,0.0,0.0,0.0,0.0
2024-06-14T04:00,3600,0.0,0.0,0.0,0.0,0.0,0.0
2024-06-14T05:00,3600,0.0,0.0,0.0,0.0,0.0,0.0
2024-06-14T06:00,3600,0.0,0.0,0.0,0.0,0.0,0.0
2024-06-14T07:00,3600,0.0,0.0061150036,0.0,0.0,0.0,0.0061150036
2024-06-14T08:00,3600,0.0,0.041758874599999996,0.0,0.0,0.0,0.041758874599999996
2024-06-14T09:00,3600,0.0,0.09602072673,0.0,0.0,0.0,0.09602072673
2024-06-14T10:00,3600,0.0,0.14465761718,0.0,0.0,0.0,0.14465761718
2024-06-14T11:00,3600,0.0,0.272719919,0.0,0.0,0.0,0.272719919
2024-06-14T12:00,3600,0.0,0.34302026774,0.0,0.0,0.0,0.34302026774
2024-06-14T13:00,3600,0.0,0.38544164672,0.0,0.0,0.0,0.38544164672
2024-06-14T14:00,3600,0.0,0.35547338009,0.0,0.0,0.0,0.35547338009
2024-06-14T15:00,3600,0.0,0.19911838606,0.0,0.0,0.0,0.19911838606
2024-06-14T16:00,3600,0.0,0.13636192813,0.0,0.0,0.0,0.13636192813
2024-06-14T17:00,3600,0.0,0.10366151051,0.0,0.0,0.0,0.10366151051
2024-06-14T18:00,3600,1.0870588235294116,0.05299537403000001,0.05299537403000001,1.0340634494994116,0.0,0.0
2024-06-14T19:00,3600,1.0870588235294116,0.020500774880000003,0.020500774880000003,1.0665580486494117,0.0,0.0
2024-06-14T20:00,3600,1.0870588235294116,0.0,0.0,1.0870588235294116,0.0,0.0
2024-06-14T21:00,3600,0.9240090992629959,0.0,0.0,0.9240090992629959,0.0,0.0
2024-06-14T22:00,3600,0.4871140147058823,0.0,0.0,0.4871140147058823,0.0,0.0
2024-06-14T23:00,3600,0.48452209999999996,0.0,0.0,0.48452209999999996,0.0,0.0
2024-06-15T00:00,3600,0.0,0.0,0.0,0.0,0.0,0.0
2024-06-15T01:00,3600,0.0,0.0,0.0,0.0,0.0,0.0
2024-06-15T02:00,3600,0.0,0.0,0.0,0.0,0.0,0.0
2024-06-15T03:00,3600,0.0,0.0,0.0,0.0,0.0,0.0
2024-06-15T04:00,3600,0.0,0.0,0.0,0.0,0.0,0.0
2024-06-15T05:00,3600,0.0,0.0,0.0,0.0,0.0,0.0
2024-06-15T06:00,3600,0.0,0.0,0.0,0.0,0.0,0.0
2024-06-15T07:00,3600,0.0,0.0102115268,0.0,0.0,0.0,0.0102115268
2024-06-15T08:00,3600,0.0,0.048392323720000005,0.0,0.0,0.0,0.048392323720000005
2024-06-15T09:00,3600,0.0,0.09852573655,0.0,0.0,0.0,0.09852573655
2024-06-15T10:00,3600,0.0,0.16108422541999998,0.0,0.0,0.0,0.16108422541999998
2024-06-15T11:00,3600,0.0,0.18422608077000002,0.0,0.0,0.0,0.18422608077000002
2024-06-15T12:00,3600,0.0,0.22645745296000003,0.0,0.0,0.0,0.22645745296000003
2024-06-15T13:00,3600,0.0,0.32833291477,0.0,0.0,0.0,0.32833291477
2024-06-15T14:00,3600,0.0,0.23418671203,0.0,0.0,0.0,0.23418671203
2024-06-15T15:00,3600,0.0,0.09257996795,0.0,0.0,0.0,0.09257996795
2024-06-15T16:00,3600,0.0,0.020553944319999996,0.0,0.0,0.0,0.020553944319999996
2024-06-15T17:00,3600,0.0,0.031676280040000004,0.0,0.0,0.0,0.031676280040000004
2024-06-15T18:00,3600,0.0,0.027109847210000003,0.0,0.0,0.0,0.027109847210000003
2024-06-15T19:00,3600,0.0,0.01428046125,0.0,0.0,0.0,0.01428046125
2024-06-15T20:00,3600,0.0,0.0,0.0,0.0,0.0,0.0
2024-06-15T21:00,3600,0.0,0.0,0.0,0.0,0.0,0.0
2024-06-15T22:00,3600,0.0,0.0,0.0,0.0,0.0,0.0
2024-06-15T23:00,3600,0.0,0.0,0.0,0.0,0.0,0.0
2024-06-16T00:00,3600,0.0,0.0,0.0,0.0,0.0,0.0
2024-06-16T01:00,3600,0.0,0.0,0.0,0.0,0.0,0.0
2024-06-16T02:00,3600,0.0,0.0,0.0,0.0,0.0,0.0
2024-06-16T03:00,3600,0.0,0.0,0.0,0.0,0.0,0.0
2024-06-16T04:00,3600,0.0,0.0,0.0,0.0,0.0,0.0
2024-06-16T05:00,3600,0.0,0.0,0.0,0.0,0.0,0.0
2024-06-16T06:00,3600,0.0,0.0,0.0,0.0,0.0,0.0
2024-06-16T07:00,3600,0.0,0.0013983631799999998,0.0,0.0,0.0,0.0013983631799999998
2024-06-16T08:00,3600,0.0,0.0030166005799999998,0.0,0.0,0.0,0.0030166005799999998
2024-06-16T09:00,3600,0.0,0.01510011154,0.0,0.0,0.0,0.01510011154
2024-06-16T10:00,3600,0.0,0.027736154519999997,0.0,0.0,0.0,0.027736154519999997
2024-06-16T11:00,3600,0.0,0.07198675679,0.0,0.0,0.0,0.07198675679
2024-06-16T12:00,3600,0.0,0.09543497878,0.0,0.0,0.0,0.09543497878
2024-06-16T13:00,3600,0.0,0.14845870222,0.0,0.0,0.0,0.14845870222
2024-06-16T14:00,3600,0.0,0.206834358,0.0,0.0,0.0,0.206834358
2024-06-16T15:00,3600,0.0,0.09907761098000001,0.0,0.0,0.0,0.09907761098000001
2024-06-16T16:00,3600,0.0,0.07556083126999999,0.0,0.0,0.0,0.07556083126999999
2024-06-16T17:00,3600,0.0,0.06694738436,0.0,0.0,0.0,0.06694738436
2024-06-16T18:00,3600,0.0,0.041169372249999996,0.0,0.0,0.0,0.041169372249999996
2024-06-16T19:00,3600,0.0,0.019725268469999998,0.0,0.0,0.0,0.019725268469999998
2024-06-16T20:00,3600,0.0,0.0,0.0,0.0,0.0,0.0
2024-06-16T21:00,3600,0.0,0.0,0.0,0.0,0.0,0.0
2024-06-16T22:00,3600,0.0,0.0,0.0,0.0,0.0,0.0
2024-06-16T23:00,3600,0.0,0.0,0.0,0.0,0.0,0.0
2024-06-17T00:00,3600,0.0,0.0,0.0,0.0,0.0,0.0
2024-06-17T01:00,3600,0.0,0.0,0.0,0.0,0.0,0.0
2024-06-17T02:00,3600,0.0,0.0,0.0,0.0,0.0,0.0
2024-06-17T03:00,3600,0.0,0.0,0.0,0.0,0.0,0.0
2024-06-17T04:00,3600,0.0,0.0,0.0,0.0,0.0,0.0
2024-06-17T05:00,3600,0.0,0.0,0.0,0.0,0.0,0.0
2024-06-17T06:00,3600,0.0,0.0,0.0,0.0,0.0,0.0
2024-06-17T07:00,3600,0.0,0.036491754640000006,0.0,0.0,0.0,0.036491754640000006
2024-06-17T08:00,3600,0.0,0.11218914519999999,0.0,0.0,0.0,0.11218914519999999
2024-06-17T09:00,3600,0.0,0.21851280593,0.0,0.0,0.0,0.21851280593
2024-06-17T10:00,3600,0.0,0.37361909222999995,0.0,0.0,0.0,0.37361909222999995
2024-06-17T11:00,3600,0.0,0.45062817884,0.0,0.0,0.0,0.45062817884
2024-06-17T12:00,3600,0.0,0.45059367830999997,0.0,0.0,0.0,0.45059367830999997
2024-06-17T13:00,3600,0.0,0.43210862849,0.0,0.0,0.0,0.43210862849
2024-06-17T14:00,3600,0.0,0.28459331745,0.0,0.0,0.0,0.28459331745
2024-06-17T15:00,3600,0.0,0.30250501723000006,0.0,0.0,0.0,0.30250501723000006
2024-06-17T16:00,3600,0.0,0.23837459212,0.0,0.0,0.0,0.23837459212
2024-06-17T17:00,3600,0.0,0.16164068844,0.0,0.0,0.0,0.16164068844
2024-06-17T18:00,3600,1.0870588235294116,0.07474144091,0.07474144091,1.0123173826194116,0.0,0.0
2024-06-17T19:00,3600,1.0870588235294116,0.018016670690000004,0.018016670690000004,1.0690421528394116,0.0,0.0
2024-06-17T20:00,3600,1.0870588235294116,0.0,0.0,1.0870588235294116,0.0,0.0
2024-06-17T21:00,3600,1.0870588235294116,0.0,0.0,1.0870588235294116,0.0,0.0
2024-06-17T22:00,3600,1.0870588235294116,0.0,0.0,1.0870588235294116,0.0,0.0
2024-06-17T23:00,3600,1.0870588235294116,0.0,0.0,1.0870588235294116,0.0,0.0
2024-06-18T00:00,3600,0.0,0.0,0.0,0.0,0.0,0.0
2024-06-18T01:00,3600,0.0,0.0,0.0,0.0,0.0,0.0
2024-06-18T02:00,3600,0.0,0.0,0.0,0.0,0.0,0.0
2024-06-18T03:00,3600,0.0,0.0,0.0,0.0,0.0,0.0
2024-06-18T04:00,3600,0.0,0.0,0.0,0.0,0.0,0.0
2024-06-18T05:00,3600,0.0,0.0,0.0,0.0,0.0,0.0
2024-06-18T06:00,3600,0.0,0.0,0.0,0.0,0.0,0.0
2024-06-18T07:00,3600,0.0,0.03614729283,0.0,0.0,0.0,0.03614729283
2024-06-18T08:00,3600,0.0,0.12541024856,0.0,0.0,0.0,0.12541024856
2024-06-18T09:00,3600,0.0,0.20511031730999998,0.0,0.0,0.0,0.20511031730999998
2024-06-18T10:00,3600,0.0,0.31617194802,0.0,0.0,0.0,0.31617194802
2024-06-18T11:00,3600,0.0,0.37640464889999997,0.0,0.0,0.0,0.37640464889999997
2024-06-18T12:00,3600,0.0,0.41260744785000003,0.0,0.0,0.0,0.41260744785000003
2024-06-18T13:00,3600,0.0,0.43823967923999996,0.0,0.0,0.0,0.43823967923999996
2024-06-18T14:00,3600,0.0,0.34376080627,0.0,0.0,0.0,0.34376080627
2024-06-18T15:00,3600,0.0,0.28287272595,0.0,0.0,0.0,0.28287272595
2024-06-18T16:00,3600,0.0,0.18725008054,0.0,0.0,0.0,0.18725008054
2024-06-18T17:00,3600,0.0,0.10594160076,0.0,0.0,0.0,0.10594160076
2024-06-18T18:00,3600,1.0870588235294116,0.08782939473000001,0.08782939473000001,0.9992294287994117,0.0,0.0
2024-06-18T19:00,3600,1.0870588235294116,0.02436872528,0.02436872528,1.0626900982494116,0.0,0.0
2024-06-18T20:00,3600,1.0870588235294116,0.0,0.0,1.0870588235294116,0.0,0.0
2024-06-18T21:00,3600,1.0870588235294116,0.0,0.0,1.0870588235294116,0.0,0.0
2024-06-18T22:00,3600,1.0870588235294116,0.0,0.0,1.0870588235294116,0.0,0.0
2024-06-18T23:00,3600,1.0870588235294116,0.0,0.0,1.0870588235294116,0.0,0.0
2024-06-19T00:00,3600,0.0,0.0,0.0,0.0,0.0,0.0
2024-06-19T01:00,3600,0.0,0.0,0.0,0.0,0.0,0.0
2024-06-19T02:00,3600,0.0,0.0,0.0,0.0,0.0,0.0
2024-06-19T03:00,3600,0.0,0.0,0.0,0.0,0.0,0.0
2024-06-19T04:00,3600,0.0,0.0,0.0,0.0,0.0,0.0
2024-06-19T05:00,3600,0.0,0.0,0.0,0.0,0.0,0.0
2024-06-19T06:00,3600,0.0,0.0,0.0,0.0,0.0,0.0
2024-06-19T07:00,3600,0.0,0.04911759395,0.0,0.0,0.0,0.04911759395
2024-06-19T08:00,3600,0.0,0.16866812207999998,0.0,0.0,0.0,0.16866812207999998
2024-06-19T09:00,3600,0.0,0.24045689653,0.0,0.0,0.0,0.24045689653
2024-06-19T10:00,3600,0.0,0.39571997102,0.0,0.0,0.0,0.39571997102
2024-06-19T11:00,3600,0.0,0.47448530613999995,0.0,0.0,0.0,0.47448530613999995
2024-06-19T12:00,3600,0.0,0.5255221383,0.0,0.0,0.0,0.5255221383
2024-06-19T13:00,3600,0.0,0.41911237973,0.0,0.0,0.0,0.41911237973
2024-06-19T14:00,3600,0.0,0.46504548708,0.0,0.0,0.0,0.46504548708
2024-06-19T15:00,3600,0.0,0.356021122,0.0,0.0,0.0,0.356021122
2024-06-19T16:00,3600,0.0,0.24171984798,0.0,0.0,0.0,0.24171984798
2024-06-19T17:00,3600,0.0,0.18250968868,0.0,0.0,0.0,0.18250968868
2024-06-19T18:00,3600,1.0870588235294116,0.08299030121,0.08299030121,1.0040685223194117,0.0,0.0
2024-06-19T19:00,3600,1.0870588235294116,0.025866824679999997,0.025866824679999997,1.0611919988494116,0.0,0.0
2024-06-19T20:00,3600,1.0870588235294116,0.0,0.0,1.0870588235294116,0.0,0.0
2024-06-19T21:00,3600,1.0870588235294116,0.0,0.0,1.0870588235294116,0.0,0.0
2024-06-19T22:00,3600,1.0870588235294116,0.0,0.0,1.0870588235294116,0.0,0.0
2024-06-19T23:00,3600,1.0870588235294116,0.0,0.0,1.0870588235294116,0.0,0.0
2024-06-20T00:00,3600,0.0,0.0,0.0,0.0,0.0,0.0
2024-06-20T01:00,3600,0.0,0.0,0.0,0.0,0.0,0.0
2024-06-20T02:00,3600,0.0,0.0,0.0,0.0,0.0,0.0
2024-06-20T03:00,3600,0.0,0.0,0.0,0.0,0.0,0.0
2024-06-20T04:00,3600,0.0,0.0,0.0,0.0,0.0,0.0
2024-06-20T05:00,3600,0.0,0.0,0.0,0.0,0.0,0.0
2024-06-20T06:00,3600,0.0,0.0,0.0,0.0,0.0,0.0
2024-06-20T07:00,3600,0.0,0.041166739779999996,0.0,0.0,0.0,0.041166739779999996
2024-06-20T08:00,3600,0.0,0.15175755163000001,0.0,0.0,0.0,0.15175755163000001
2024-06-20T09:00,3600,0.0,0.25834807695,0.0,0.0,0.0,0.25834807695
2024-06-20T10:00,3600,0.0,0.37789825854,0.0,0.0,0.0,0.37789825854
2024-06-20T11:00,3600,0.0,0.43289496358999996,0.0,0.0,0.0,0.43289496358999996
2024-06-20T12:00,3600,0.0,0.54090593151,0.0,0.0,0.0,0.54090593151
2024-06-20T13:00,3600,0.0,0.42223375741,0.0,0.0,0.0,0.42223375741
2024-06-20T14:00,3600,0.0,0.41354640731,0.0,0.0,0.0,0.41354640731
2024-06-20T15:00,3600,0.0,0.37791340359,0.0,0.0,0.0,0.37791340359
2024-06-20T16:00,3600,0.0,0.28886720006,0.0,0.0,0.0,0.28886720006
2024-06-20T17:00,3600,0.0,0.1804359822,0.0,0.0,0.0,0.1804359822
2024-06-20T18:00,3600,1.0762917647058825,0.07939661776,0.07939661776,0.9968951469458825,0.0,0.0
2024-06-20T19:00,3600,1.0812611764705882,0.029824982320000002,0.029824982320000002,1.051436194150588,0.0,0.0
2024-06-20T20:00,3600,1.086230588235294,0.0,0.0,1.086230588235294,0.0,0.0
2024-06-20T21:00,3600,1.0870588235294116,0.0,0.0,1.0870588235294116,0.0,0.0
2024-06-20T22:00,3600,1.0870588235294116,0.0,0.0,1.0870588235294116,0.0,0.0
2024-06-20T23:00,3600,1.0870588235294116,0.0,0.0,1.0870588235294116,0.0,0.0
2024-06-21T00:00,3600,0.0,0.0,0.0,0.0,0.0,0.0
2024-06-21T01:00,3600,0.0,0.0,0.0,0.0,0.0,0.0
2024-06-21T02:00,3600,0.0,0.0,0.0,0.0,0.0,0.0
2024-06-21T03:00,3600,0.0,0.0,0.0,0.0,0.0,0.0
2024-06-21T04:00,3600,0.0,0.0,0.0,0.0,0.0,0.0
2024-06-21T05:00,3600,0.0,0.0,0.0,0.0,0.0,0.0
2024-06-21T06:00,3600,0.0,0.0,0.0,0.0,0.0,0.0
2024-06-21T07:00,3600,0.0,0.06808706341,0.0,0.0,0.0,0.06808706341
2024-06-21T08:00,3600,0.0,0.22627730733,0.0,0.0,0.0,0.22627730733
2024-06-21T09:00,3600,0.0,0.30959440285,0.0,0.0,0.0,0.30959440285
2024-06-21T10:00,3600,0.0,0.41185847068,0.0,0.0,0.0,0.41185847068
2024-06-21T11:00,3600,0.0,0.42693015531999995,0.0,0.0,0.0,0.42693015531999995
2024-06-21T12:00,3600,0.0,0.5747311191500001,0.0,0.0,0.0,0.5747311191500001
2024-06-21T13:00,3600,0.0,0.54490677571,0.0,0.0,0.0,0.54490677571
2024-06-21T14:00,3600,0.0,0.50539243664,0.0,0.0,0.0,0.50539243664
2024-06-21T15:00,3600,0.0,0.44629158599999996,0.0,0.0,0.0,0.44629158599999996
2024-06-21T16:00,3600,0.0,0.32669708147,0.0,0.0,0.0,0.32669708147
2024-06-21T17:00,3600,0.0,0.17091558762,0.0,0.0,0.0,0.17091558762
2024-06-21T18:00,3600,1.0738070588235296,0.07089519824,0.07089519824,1.0029118605835297,0.0,0.0
2024-06-21T19:00,3600,1.0787764705882352,0.03138001763,0.03138001763,1.0473964529582351,0.0,0.0
2024-06-21T20:00,3600,1.0825035294117646,0.0,0.0,1.0825035294117646,0.0,0.0
2024-06-21T21:00,3600,1.086230588235294,0.0,0.0,1.086230588235294,0.0,0.0
2024-06-21T22:00,3600,1.0870588235294116,0.0,0.0,1.0870588235294116,0.0,0.0
2024-06-21T23:00,3600,1.0870588235294116,0.0,0.0,1.0870588235294116,0.0,0.0
2024-06-22T00:00,3600,0.0,0.0,0.0,0.0,0.0,0.0
2024-06-22T01:00,3600,0.0,0.0,0.0,0.0,0.0,0.0
2024-06-22T02:00,3600,0.0,0.0,0.0,0.0,0.0,0.0
2024-06-22T03:00,3600,0.0,0.0,0.0,0.0,0.0,0.0
2024-06-22T04:00,3600,0.0,0.0,0.0,0.0,0.0,0.0
2024-06-22T05:00,3600,0.0,0.0,0.0,0.0,0.0,0.0
2024-06-22T06:00,3600,0.0,0.0,0.0,0.0,0.0,0.0
2024-06-22T07:00,3600,0.0,0.06303626908,0.0,0.0,0.0,0.06303626908
2024-06-22T08:00,3600,0.0,0.18407097934999997,0.0,0.0,0.0,0.18407097934999997
2024-06-22T09:00,3600,0.0,0.33313641157,0.0,0.0,0.0,0.33313641157
2024-06-22T10:00,3600,0.0,0.47579943401,0.0,0.0,0.0,0.47579943401
2024-06-22T11:00,3600,0.0,0.47506353301,0.0,0.0,0.0,0.47506353301
2024-06-22T12:00,3600,0.0,0.44653754017,0.0,0.0,0.0,0.44653754017
2024-06-22T13:00,3600,0.0,0.45033471362,0.0,0.0,0.0,0.45033471362
2024-06-22T14:00,3600,0.0,0.46892057026999995,0.0,0.0,0.0,0.46892057026999995
2024-06-22T15:00,3600,0.0,0.33504809604,0.0,0.0,0.0,0.33504809604
2024-06-22T16:00,3600,0.0,0.26427770663,0.0,0.0,0.0,0.26427770663
2024-06-22T17:00,3600,0.0,0.14317799299999998,0.0,0.0,0.0,0.14317799299999998
2024-06-22T18:00,3600,0.0,0.08847331642999999,0.0,0.0,0.0,0.08847331642999999
2024-06-22T19:00,3600,0.0,0.03526936268,0.0,0.0,0.0,0.03526936268
2024-06-22T20:00,3600,0.0,0.0,0.0,0.0,0.0,0.0
2024-06-22T21:00,3600,0.0,0.0,0.0,0.0,0.0,0.0
2024-06-22T22:00,3600,0.0,0.0,0.0,0.0,0.0,0.0
2024-06-22T23:00,3600,0.0,0.0,0.0,0.0,0.0,0.0
2024-06-23T00:00,3600,0.0,0.0,0.0,0.0,0.0,0.0
2024-06-23T01:00,3600,0.0,0.0,0.0,0.0,0.0,0.0
2024-06-23T02:00,3600,0.0,0.0,0.0,0.0,0.0,0.0
2024-06-23T03:00,3600,0.0,0.0,0.0,0.0,0.0,0.0
2024-06-23T04:00,3600,0.0,0.0,0.0,0.0,0.0,0.0
2024-06-23T05:00,3600,0.0,0.0,0.0,0.0,0.0,0.0
2024-06-23T06:00,3600,0.0,0.0,0.0,0.0,0.0,0.0
2024-06-23T07:00,3600,0.0,0.056105209340000003,0.0,0.0,0.0,0.056105209340000003
2024-06-23T08:00,3600,0.0,0.18521803112000002,0.0,0.0,0.0,0.18521803112000002
2024-06-23T09:00,3600,0.0,0.32688657484,0.0,0.0,0.0,0.32688657484
2024-06-23T10:00,3600,0.0,0.43830711823,0.0,0.0,0.0,0.43830711823
2024-06-23T11:00,3600,0.0,0.48361365308000004,0.0,0.0,0.0,0.48361365308000004
2024-06-23T12:00,3600,0.0,0.59082892444,0.0,0.0,0.0,0.59082892444
2024-06-23T13:00,3600,0.0,0.47198223133,0.0,0.0,0.0,0.47198223133
2024-06-23T14:00,3600,0.0,0.37950424504,0.0,0.0,0.0,0.37950424504
2024-06-23T15:00,3600,0.0,0.28287701635,0.0,0.0,0.0,0.28287701635
2024-06-23T16:00,3600,0.0,0.25385167922,0.0,0.0,0.0,0.25385167922
2024-06-23T17:00,3600,0.0,0.19764023829000002,0.0,0.0,0.0,0.19764023829000002
2024-06-23T18:00,3600,0.0,0.07476957321000001,0.0,0.0,0.0,0.07476957321000001
2024-06-23T19:00,3600,0.0,0.036139289740000004,0.0,0.0,0.0,0.036139289740000004
2024-06-23T20:00,3600,0.0,0.0,0.0,0.0,0.0,0.0
2024-06-23T21:00,3600,0.0,0.0,0.0,0.0,0.0,0.0
2024-06-23T22:00,3600,0.0,0.0,0.0,0.0,0.0,0.0
2024-06-23T23:00,3600,0.0,0.0,0.0,0.0,0.0,0.0
2024-06-24T00:00,3600,0.0,0.0,0.0,0.0,0.0,0.0
2024-06-24T01:00,3600,0.0,0.0,0.0,0.0,0.0,0.0
2024-06-24T02:00,3600,0.0,0.0,0.0,0.0,0.0,0.0
2024-06-24T03:00,3600,0.0,0.0,0.0,0.0,0.0,0.0
2024-06-24T04:00,3600,0.0,0.0,0.0,0.0,0.0,0.0
2024-06-24T05:00,3600,0.0,0.0,0.0,0.0,0.0,0.0
2024-06-24T06:00,3600,0.0,0.0,0.0,0.0,0.0,0.0
2024-06-24T07:00,3600,0.0,0.04504076417999999,0.0,0.0,0.0,0.04504076417999999
2024-06-24T08:00,3600,0.0,0.09200410112999999,0.0,0.0,0.0,0.09200410112999999
2024-06-24T09:00,3600,0.0,0.13341431405,0.0,0.0,0.0,0.13341431405
2024-06-24T10:00,3600,0.0,0.23698515683,0.0,0.0,0.0,0.23698515683
2024-06-24T11:00,3600,0.0,0.35846633846,0.0,0.0,0.0,0.35846633846
2024-06-24T12:00,3600,0.0,0.46499650186999997,0.0,0.0,0.0,0.46499650186999997
2024-06-24T13:00,3600,0.0,0.57675278303,0.0,0.0,0.0,0.57675278303
2024-06-24T14:00,3600,0.0,0.29247389349,0.0,0.0,0.0,0.29247389349
2024-06-24T15:00,3600,0.0,0.3237652855,0.0,0.0,0.0,0.3237652855
2024-06-24T16:00,3600,0.0,0.24219835406999998,0.0,0.0,0.0,0.24219835406999998
2024-06-24T17:00,3600,0.0,0.12891185883,0.0,0.0,0.0,0.12891185883
2024-06-24T18:00,3600,1.0870588235294116,0.05522424364,0.05522424364,1.0318345798894117,0.0,0.0
2024-06-24T19:00,3600,1.0870588235294116,0.01405094931,0.01405094931,1.0730078742194116,0.0,0.0
2024-06-24T20:00,3600,1.0870588235294116,0.0,0.0,1.0870588235294116,0.0,0.0
2024-06-24T21:00,3600,1.0870588235294116,0.0,0.0,1.0870588235294116,0.0,0.0
2024-06-24T22:00,3600,1.0870588235294116,0.0,0.0,1.0870588235294116,0.0,0.0
2024-06-24T23:00,3600,1.0870588235294116,0.0,0.0,1.0870588235294116,0.0,0.0
2024-06-25T00:00,3600,0.0,0.0,0.0,0.0,0.0,0.0
2024-06-25T01:00,3600,0.0,0.0,0.0,0.0,0.0,0.0
2024-06-25T02:00,3600,0.0,0.0,0.0,0.0,0.0,0.0
2024-06-25T03:00,3600,0.0,0.0,0.0,0.0,0.0,0.0
2024-06-25T04:00,3600,0.0,0.0,0.0,0.0,0.0,0.0
2024-06-25T05:00,3600,0.0,0.0,0.0,0.0,0.0,0.0
2024-06-25T06:00,3600,0.0,0.0,0.0,0.0,0.0,0.0
2024-06-25T07:00,3600,0.0,0.01411502208,0.0,0.0,0.0,0.01411502208
2024-06-25T08:00,3600,0.0,0.045692867070000004,0.0,0.0,0.0,0.045692867070000004
2024-06-25T09:00,3600,0.0,0.1234455364,0.0,0.0,0.0,0.1234455364
2024-06-25T10:00,3600,0.0,0.15525734693,0.0,0.0,0.0,0.15525734693
2024-06-25T11:00,3600,0.0,0.28862842869999994,0.0,0.0,0.0,0.28862842869999994
2024-06-25T12:00,3600,0.0,0.40879587042000004,0.0,0.0,0.0,0.40879587042000004
2024-06-25T13:00,3600,0.0,0.43272978663,0.0,0.0,0.0,0.43272978663
2024-06-25T14:00,3600,0.0,0.30676323662,0.0,0.0,0.0,0.30676323662
2024-06-25T15:00,3600,0.0,0.33465038876000003,0.0,0.0,0.0,0.33465038876000003
2024-06-25T16:00,3600,0.0,0.28302521776999995,0.0,0.0,0.0,0.28302521776999995
2024-06-25T17:00,3600,0.0,0.19872679885,0.0,0.0,0.0,0.19872679885
2024-06-25T18:00,3600,1.0870588235294116,0.08281146209,0.08281146209,1.0042473614394116,0.0,0.0
2024-06-25T19:00,3600,1.0870588235294116,0.02756930574,0.02756930574,1.0594895177894117,0.0,0.0
2024-06-25T20:00,3600,1.0870588235294116,0.0,0.0,1.0870588235294116,0.0,0.0
2024-06-25T21:00,3600,1.0870588235294116,0.0,0.0,1.0870588235294116,0.0,0.0
2024-06-25T22:00,3600,1.0870588235294116,0.0,0.0,1.0870588235294116,0.0,0.0
2024-06-25T23:00,3600,1.0870588235294116,0.0,0.0,1.0870588235294116,0.0,0.0
2024-06-26T00:00,3600,0.0,0.0,0.0,0.0,0.0,0.0
2024-06-26T01:00,3600,0.0,0.0,0.0,0.0,0.0,0.0
2024-06-26T02:00,3600,0.0,0.0,0.0,0.0,0.0,0.0
2024-06-26T03:00,3600,0.0,0.0,0.0,0.0,0.0,0.0
2024-06-26T04:00,3600,0.0,0.0,0.0,0.0,0.0,0.0
2024-06-26T05:00,3600,0.0,0.0,0.0,0.0,0.0,0.0
2024-06-26T06:00,3600,0.0,0.0,0.0,0.0,0.0,0.0
2024-06-26T07:00,3600,0.0,0.030462268380000004,0.0,0.0,0.0,0.030462268380000004
2024-06-26T08:00,3600,0.0,0.09751229227000001,0.0,0.0,0.0,0.09751229227000001
2024-06-26T09:00,3600,0.0,0.20035416377,0.0,0.0,0.0,0.20035416377
2024-06-26T10:00,3600,0.0,0.28948901758,0.0,0.0,0.0,0.28948901758
2024-06-26T11:00,3600,0.0,0.37124526544,0.0,0.0,0.0,0.37124526544
2024-06-26T12:00,3600,0.0,0.35625004133,0.0,0.0,0.0,0.35625004133
2024-06-26T13:00,3600,0.0,0.40012485531,0.0,0.0,0.0,0.40012485531
2024-06-26T14:00,3600,0.0,0.25059270331,0.0,0.0,0.0,0.25059270331
2024-06-26T15:00,3600,0.0,0.35713480973,0.0,0.0,0.0,0.35713480973
2024-06-26T16:00,3600,0.0,0.26072772966,0.0,0.0,0.0,0.26072772966
2024-06-26T17:00,3600,0.0,0.17909322092000002,0.0,0.0,0.0,0.17909322092000002
2024-06-26T18:00,3600,1.0870588235294116,0.07764739828,0.07764739828,1.0094114252494117,0.0,0.0
2024-06-26T19:00,3600,1.0870588235294116,0.02533525742,0.02533525742,1.0617235661094115,0.0,0.0
2024-06-26T20:00,3600,1.0870588235294116,0.0,0.0,1.0870588235294116,0.0,0.0
2024-06-26T21:00,3600,1.0870588235294116,0.0,0.0,1.0870588235294116,0.0,0.0
2024-06-26T22:00,3600,1.0870588235294116,0.0,0.0,1.0870588235294116,0.0,0.0
2024-06-26T23:00,3600,1.0870588235294116,0.0,0.0,1.0870588235294116,0.0,0.0
2024-06-27T00:00,3600,0.0,0.0,0.0,0.0,0.0,0.0
2024-06-27T01:00,3600,0.0,0.0,0.0,0.0,0.0,0.0
2024-06-27T02:00,3600,0.0,0.0,0.0,0.0,0.0,0.0
2024-06-27T03:00,3600,0.0,0.0,0.0,0.0,0.0,0.0
2024-06-27T04:00,3600,0.0,0.0,0.0,0.0,0.0,0.0
2024-06-27T05:00,3600,0.0,0.0,0.0,0.0,0.0,0.0
2024-06-27T06:00,3600,0.0,0.0,0.0,0.0,0.0,0.0
2024-06-27T07:00,3600,0.0,0.062162469889999995,0.0,0.0,0.0,0.062162469889999995
2024-06-27T08:00,3600,0.0,0.13137346393000002,0.0,0.0,0.0,0.13137346393000002
2024-06-27T09:00,3600,0.0,0.23445182195,0.0,0.0,0.0,0.23445182195
2024-06-27T10:00,3600,0.0,0.36447281216,0.0,0.0,0.0,0.36447281216
2024-06-27T11:00,3600,0.0,0.5149420286199999,0.0,0.0,0.0,0.5149420286199999
2024-06-27T12:00,3600,0.0,0.5518603196899999,0.0,0.0,0.0,0.5518603196899999
2024-06-27T13:00,3600,0.0,0.54323222119,0.0,0.0,0.0,0.54323222119
2024-06-27T14:00,3600,0.0,0.52808995099,0.0,0.0,0.0,0.52808995099
2024-06-27T15:00,3600,0.0,0.40820055029,0.0,0.0,0.0,0.40820055029
2024-06-27T16:00,3600,0.0,0.32286254174,0.0,0.0,0.0,0.32286254174
2024-06-27T17:00,3600,0.0,0.17643380801000003,0.0,0.0,0.0,0.17643380801000003
2024-06-27T18:00,3600,1.0870588235294116,0.06568565535000001,0.06568565535000001,1.0213731681794116,0.0,0.0
2024-06-27T19:00,3600,1.0870588235294116,0.026750877419999996,0.026750877419999996,1.0603079461094116,0.0,0.0
2024-06-27T20:00,3600,1.0870588235294116,0.0,0.0,1.0870588235294116,0.0,0.0
2024-06-27T21:00,3600,1.0870588235294116,0.0,0.0,1.0870588235294116,0.0,0.0
2024-06-27T22:00,3600,1.0870588235294116,0.0,0.0,1.0870588235294116,0.0,0.0
2024-06-27T23:00,3600,1.0870588235294116,0.0,0.0,1.0870588235294116,0.0,0.0
2024-06-28T00:00,3600,0.0,0.0,0.0,0.0,0.0,0.0
2024-06-28T01:00,3600,0.0,0.0,0.0,0.0,0.0,0.0
2024-06-28T02:00,3600,0.0,0.0,0.0,0.0,0.0,0.0
2024-06-28T03:00,3600,0.0,0.0,0.0,0.0,0.0,0.0
2024-06-28T04:00,3600,0.0,0.0,0.0,0.0,0.0,0.0
2024-06-28T05:00,3600,0.0,0.0,0.0,0.0,0.0,0.0
2024-06-28T06:00,3600,0.0,0.0,0.0,0.0,0.0,0.0
2024-06-28T07:00,3600,0.0,0.04356904043,0.0,0.0,0.0,0.04356904043
2024-06-28T08:00,3600,0.0,0.11570967277000001,0.0,0.0,0.0,0.11570967277000001
2024-06-28T09:00,3600,0.0,0.28336105443000004,0.0,0.0,0.0,0.28336105443000004
2024-06-28T10:00,3600,0.0,0.34727338454,0.0,0.0,0.0,0.34727338454
2024-06-28T11:00,3600,0.0,0.5401500216099999,0.0,0.0,0.0,0.5401500216099999
2024-06-28T12:00,3600,0.0,0.3863961785,0.0,0.0,0.0,0.3863961785
2024-06-28T13:00,3600,0.0,0.56343623747,0.0,0.0,0.0,0.56343623747
2024-06-28T14:00,3600,0.0,0.48565065125,0.0,0.0,0.0,0.48565065125
2024-06-28T15:00,3600,0.0,0.40285625627,0.0,0.0,0.0,0.40285625627
2024-06-28T16:00,3600,0.0,0.28374260271999996,0.0,0.0,0.0,0.28374260271999996
2024-06-28T17:00,3600,0.0,0.18932018034,0.0,0.0,0.0,0.18932018034
2024-06-28T18:00,3600,1.0688376470588234,0.07188434202,0.07188434202,0.9969533050388234,0.0,0.0
2024-06-28T19:00,3600,1.0762917647058825,0.02904632711,0.02904632711,1.0472454375958824,0.0,0.0
2024-06-28T20:00,3600,1.0812611764705882,0.0,0.0,1.0812611764705882,0.0,0.0
2024-06-28T21:00,3600,1.086230588235294,0.0,0.0,1.086230588235294,0.0,0.0
2024-06-28T22:00,3600,1.0870588235294116,0.0,0.0,1.0870588235294116,0.0,0.0
2024-06-28T23:00,3600,1.0870588235294116,0.0,0.0,1.0870588235294116,0.0,0.0
2024-06-29T00:00,3600,0.0,0.0,0.0,0.0,0.0,0.0
2024-06-29T01:00,3600,0.0,0.0,0.0,0.0,0.0,0.0
2024-06-29T02:00,3600,0.0,0.0,0.0,0.0,0.0,0.0
2024-06-29T03:00,3600,0.0,0.0,0.0,0.0,0.0,0.0
2024-06-29T04:00,3600,0.0,0.0,0.0,0.0,0.0,0.0
2024-06-29T05:00,3600,0.0,0.0,0.0,0.0,0.0,0.0
2024-06-29T06:00,3600,0.0,0.0,0.0,0.0,0.0,0.0
2024-06-29T07:00,3600,0.0,0.06582872239,0.0,0.0,0.0,0.06582872239
2024-06-29T08:00,3600,0.0,0.22028553081000002,0.0,0.0,0.0,0.22028553081000002
2024-06-29T09:00,3600,0.0,0.3422993586,0.0,0.0,0.0,0.3422993586
2024-06-29T10:00,3600,0.0,0.45731967168000004,0.0,0.0,0.0,0.45731967168000004
2024-06-29T11:00,3600,0.0,0.5256950784000001,0.0,0.0,0.0,0.5256950784000001
2024-06-29T12:00,3600,0.0,0.51811844108,0.0,0.0,0.0,0.51811844108
2024-06-29T13:00,3600,0.0,0.45080267543,0.0,0.0,0.0,0.45080267543
2024-06-29T14:00,3600,0.0,0.48877014254,0.0,0.0,0.0,0.48877014254
2024-06-29T15:00,3600,0.0,0.43861149664,0.0,0.0,0.0,0.43861149664
2024-06-29T16:00,3600,0.0,0.30326741557000003,0.0,0.0,0.0,0.30326741557000003
2024-06-29T17:00,3600,0.0,0.16522009503,0.0,0.0,0.0,0.16522009503
2024-06-29T18:00,3600,0.0,0.07208114937000001,0.0,0.0,0.0,0.07208114937000001
2024-06-29T19:00,3600,0.0,0.03066453812,0.0,0.0,0.0,0.03066453812
2024-06-29T20:00,3600,0.0,0.0,0.0,0.0,0.0,0.0
2024-06-29T21:00,3600,0.0,0.0,0.0,0.0,0.0,0.0
2024-06-29T22:00,3600,0.0,0.0,0.0,0.0,0.0,0.0
2024-06-29T23:00,3600,0.0,0.0,0.0,0.0,0.0,0.0
2024-06-30T00:00,3600,0.0,0.0,0.0,0.0,0.0,0.0
2024-06-30T01:00,3600,0.0,0.0,0.0,0.0,0.0,0.0
2024-06-30T02:00,3600,0.0,0.0,0.0,0.0,0.0,0.0
2024-06-30T03:00,3600,0.0,0.0,0.0,0.0,0.0,0.0
2024-06-30T04:00,3600,0.0,0.0,0.0,0.0,0.0,0.0
2024-06-30T05:00,3600,0.0,0.0,0.0,0.0,0.0,0.0
2024-06-30T06:00,3600,0.0,0.0,0.0,0.0,0.0,0.0
2024-06-30T07:00,3600,0.0,0.0455602145,0.0,0.0,0.0,0.0455602145
2024-06-30T08:00,3600,0.0,0.13608744353,0.0,0.0,0.0,0.13608744353
2024-06-30T09:00,3600,0.0,0.30238621354999995,0.0,0.0,0.0,0.30238621354999995
2024-06-30T10:00,3600,0.0,0.41904897031,0.0,0.0,0.0,0.41904897031
2024-06-30T11:00,3600,0.0,0.43545417996999997,0.0,0.0,0.0,0.43545417996999997
2024-06-30T12:00,3600,0.0,0.5399154406400001,0.0,0.0,0.0,0.5399154406400001
2024-06-30T13:00,3600,0.0,0.42502614078,0.0,0.0,0.0,0.42502614078
2024-06-30T14:00,3600,0.0,0.44725244929999997,0.0,0.0,0.0,0.44725244929999997
2024-06-30T15:00,3600,0.0,0.26946225357,0.0,0.0,0.0,0.26946225357
2024-06-30T16:00,3600,0.0,0.18279138466,0.0,0.0,0.0,0.18279138466
2024-06-30T17:00,3600,0.0,0.10236112954,0.0,0.0,0.0,0.10236112954
2024-06-30T18:00,3600,0.0,0.07410806948,0.0,0.0,0.0,0.07410806948
2024-06-30T19:00,3600,0.0,0.022600093699999997,0.0,0.0,0.0,0.022600093699999997
2024-06-30T20:00,3600,0.0,0.0,0.0,0.0,0.0,0.0
2024-06-30T21:00,3600,0.0,0.0,0.0,0.0,0.0,0.0
2024-06-30T22:00,3600,0.0,0.0,0.0,0.0,0.0,0.0
2024-06-30T23:00,3600,0.0,0.0,0.0,0.0,0.0,0.0
2024-07-01T00:00,3600,0.0,0.0,0.0,0.0,0.0,0.0
2024-07-01T01:00,3600,0.0,0.0,0.0,0.0,0.0,0.0
2024-07-01T02:00,3600,0.0,0.0,0.0,0.0,0.0,0.0
2024-07-01T03:00,3600,0.0,0.0,0.0,0.0,0.0,0.0
2024-07-01T04:00,3600,0.0,0.0,0.0,0.0,0.0,0.0
2024-07-01T05:00,3600,0.0,0.0,0.0,0.0,0.0,0.0
2024-07-01T06:00,3600,0.0,0.0,0.0,0.0,0.0,0.0
2024-07-01T07:00,3600,0.0,0.04673025051,0.0,0.0,0.0,0.04673025051
2024-07-01T08:00,3600,0.0,0.17379650578999997,0.0,0.0,0.0,0.17379650578999997
2024-07-01T09:00,3600,0.0,0.35148961546999996,0.0,0.0,0.0,0.35148961546999996
2024-07-01T10:00,3600,0.0,0.42823203553,0.0,0.0,0.0,0.42823203553
2024-07-01T11:00,3600,0.0,0.46945194246000005,0.0,0.0,0.0,0.46945194246000005
2024-07-01T12:00,3600,0.0,0.46848420121,0.0,0.0,0.0,0.46848420121
2024-07-01T13:00,3600,0.0,0.46562047453000005,0.0,0.0,0.0,0.46562047453000005
2024-07-01T14:00,3600,0.0,0.44421098182,0.0,0.0,0.0,0.44421098182
2024-07-01T15:00,3600,0.0,0.37070205759,0.0,0.0,0.0,0.37070205759
2024-07-01T16:00,3600,0.0,0.20944051214,0.0,0.0,0.0,0.20944051214
2024-07-01T17:00,3600,0.0,0.16049712862999999,0.0,0.0,0.0,0.16049712862999999
2024-07-01T18:00,3600,1.0800188235294121,0.08104242392,0.08104242392,0.9989763996094121,0.0,0.0
2024-07-01T19:00,3600,1.0800188235294121,0.024319935539999997,0.024319935539999997,1.0556988879894122,0.0,0.0
2024-07-01T20:00,3600,1.0800188235294121,0.0,0.0,1.0800188235294121,0.0,0.0
2024-07-01T21:00,3600,1.0825035294117646,0.0,0.0,1.0825035294117646,0.0,0.0
2024-07-01T22:00,3600,1.0870588235294116,0.0,0.0,1.0870588235294116,0.0,0.0
2024-07-01T23:00,3600,1.0870588235294116,0.0,0.0,1.0870588235294116,0.0,0.0
2024-07-02T00:00,3600,0.0,0.0,0.0,0.0,0.0,0.0
2024-07-02T01:00,3600,0.0,0.0,0.0,0.0,0.0,0.0
2024-07-02T02:00,3600,0.0,0.0,0.0,0.0,0.0,0.0
2024-07-02T03:00,3600,0.0,0.0,0.0,0.0,0.0,0.0
2024-07-02T04:00,3600,0.0,0.0,0.0,0.0,0.0,0.0
2024-07-02T05:00,3600,0.0,0.0,0.0,0.0,0.0,0.0
2024-07-02T06:00,3600,0.0,0.0,0.0,0.0,0.0,0.0
2024-07-02T07:00,3600,0.0,0.03374970525,0.0,0.0,0.0,0.03374970525
2024-07-02T08:00,3600,0.0,0.08662545036000001,0.0,0.0,0.0,0.08662545036000001
2024-07-02T09:00,3600,0.0,0.19572796012,0.0,0.0,0.0,0.19572796012
2024-07-02T10:00,3600,0.0,0.31103844180999995,0.0,0.0,0.0,0.31103844180999995
2024-07-02T11:00,3600,0.0,0.39066032293,0.0,0.0,0.0,0.39066032293
2024-07-02T12:00,3600,0.0,0.27380506693,0.0,0.0,0.0,0.27380506693
2024-07-02T13:00,3600,0.0,0.39524319510999995,0.0,0.0,0.0,0.39524319510999995
2024-07-02T14:00,3600,0.0,0.42612802166,0.0,0.0,0.0,0.42612802166
2024-07-02T15:00,3600,0.0,0.25871985496,0.0,0.0,0.0,0.25871985496
2024-07-02T16:00,3600,0.0,0.26787230041,0.0,0.0,0.0,0.26787230041
2024-07-02T17:00,3600,0.0,0.19315070416,0.0,0.0,0.0,0.19315070416
2024-07-02T18:00,3600,1.0870588235294116,0.09007308257999999,0.09007308257999999,0.9969857409494116,0.0,0.0
2024-07-02T19:00,3600,1.0870588235294116,0.0244032186,0.0244032186,1.0626556049294116,0.0,0.0
2024-07-02T20:00,3600,1.0870588235294116,0.0,0.0,1.0870588235294116,0.0,0.0
2024-07-02T21:00,3600,1.0870588235294116,0.0,0.0,1.0870588235294116,0.0,0.0
2024-07-02T22:00,3600,1.0870588235294116,0.0,0.0,1.0870588235294116,0.0,0.0
2024-07-02T23:00,3600,1.0870588235294116,0.0,0.0,1.0870588235294116,0.0,0.0
2024-07-03T00:00,3600,0.0,0.0,0.0,0.0,0.0,0.0
2024-07-03T01:00,3600,0.0,0.0,0.0,0.0,0.0,0.0
2024-07-03T02:00,3600,0.0,0.0,0.0,0.0,0.0,0.0
2024-07-03T03:00,3600,0.0,0.0,0.0,0.0,0.0,0.0
2024-07-03T04:00,3600,0.0,0.0,0.0,0.0,0.0,0.0
2024-07-03T05:00,3600,0.0,0.0,0.0,0.0,0.0,0.0
2024-07-03T06:00,3600,0.0,0.0,0.0,0.0,0.0,0.0
2024-07-03T07:00,3600,0.0,0.046359744519999996,0.0,0.0,0.0,0.046359744519999996
2024-07-03T08:00,3600,0.0,0.13199720246,0.0,0.0,0.0,0.13199720246
2024-07-03T09:00,3600,0.0,0.29141856026,0.0,0.0,0.0,0.29141856026
2024-07-03T10:00,3600,0.0,0.37934778066,0.0,0.0,0.0,0.37934778066
2024-07-03T11:00,3600,0.0,0.45080101217999996,0.0,0.0,0.0,0.45080101217999996
2024-07-03T12:00,3600,0.0,0.51841021227,0.0,0.0,0.0,0.51841021227
2024-07-03T13:00,3600,0.0,0.5606790110900001,0.0,0.0,0.0,0.5606790110900001
2024-07-03T14:00,3600,0.0,0.42372179817000005,0.0,0.0,0.0,0.42372179817000005
2024-07-03T15:00,3600,0.0,0.38144898921,0.0,0.0,0.0,0.38144898921
2024-07-03T16:00,3600,0.0,0.32031041402000004,0.0,0.0,0.0,0.32031041402000004
2024-07-03T17:00,3600,0.0,0.17596037840999998,0.0,0.0,0.0,0.17596037840999998
2024-07-03T18:00,3600,1.0870588235294116,0.06885780776,0.06885780776,1.0182010157694117,0.0,0.0
2024-07-03T19:00,3600,1.0870588235294116,0.022158035370000002,0.022158035370000002,1.0649007881594117,0.0,0.0
2024-07-03T20:00,3600,1.0870588235294116,0.0,0.0,1.0870588235294116,0.0,0.0
2024-07-03T21:00,3600,1.0870588235294116,0.0,0.0,1.0870588235294116,0.0,0.0
2024-07-03T22:00,3600,1.0870588235294116,0.0,0.0,1.0870588235294116,0.0,0.0
2024-07-03T23:00,3600,1.0870588235294116,0.0,0.0,1.0870588235294116,0.0,0.0
2024-07-04T00:00,3600,0.0,0.0,0.0,0.0,0.0,0.0
2024-07-04T01:00,3600,0.0,0.0,0.0,0.0,0.0,0.0
2024-07-04T02:00,3600,0.0,0.0,0.0,0.0,0.0,0.0
2024-07-04T03:00,3600,0.0,0.0,0.0,0.0,0.0,0.0
2024-07-04T04:00,3600,0.0,0.0,0.0,0.0,0.0,0.0
2024-07-04T05:00,3600,0.0,0.0,0.0,0.0,0.0,0.0
2024-07-04T06:00,3600,0.0,0.0,0.0,0.0,0.0,0.0
2024-07-04T07:00,3600,0.0,0.04981321677,0.0,0.0,0.0,0.04981321677
2024-07-04T08:00,3600,0.0,0.09216953548,0.0,0.0,0.0,0.09216953548
2024-07-04T09:00,3600,0.0,0.23516099179,0.0,0.0,0.0,0.23516099179
2024-07-04T10:00,3600,0.0,0.30592272822,0.0,0.0,0.0,0.30592272822
2024-07-04T11:00,3600,0.0,0.38879963278,0.0,0.0,0.0,0.38879963278
2024-07-04T12:00,3600,0.0,0.51413295088,0.0,0.0,0.0,0.51413295088
2024-07-04T13:00,3600,0.0,0.57262858264,0.0,0.0,0.0,0.57262858264
2024-07-04T14:00,3600,0.0,0.44015519927,0.0,0.0,0.0,0.44015519927
2024-07-04T15:00,3600,0.0,0.25625167707,0.0,0.0,0.0,0.25625167707
2024-07-04T16:00,3600,0.0,0.28095480916000004,0.0,0.0,0.0,0.28095480916000004
2024-07-04T17:00,3600,0.0,0.18006194876,0.0,0.0,0.0,0.18006194876
2024-07-04T18:00,3600,1.0870588235294116,0.09658767367999999,0.09658767367999999,0.9904711498494116,0.0,0.0
2024-07-04T19:00,3600,1.0870588235294116,0.03301127052,0.03301127052,1.0540475530094116,0.0,0.0
2024-07-04T20:00,3600,1.0870588235294116,0.0,0.0,1.0870588235294116,0.0,0.0
2024-07-04T21:00,3600,1.0870588235294116,0.0,0.0,1.0870588235294116,0.0,0.0
2024-07-04T22:00,3600,1.0870588235294116,0.0,0.0,1.0870588235294116,0.0,0.0
2024-07-04T23:00,3600,1.0870588235294116,0.0,0.0,1.0870588235294116,0.0,0.0
2024-07-05T00:00,3600,0.0,0.0,0.0,0.0,0.0,0.0
2024-07-05T01:00,3600,0.0,0.0,0.0,0.0,0.0,0.0
2024-07-05T02:00,3600,0.0,0.0,0.0,0.0,0.0,0.0
2024-07-05T03:00,3600,0.0,0.0,0.0,0.0,0.0,0.0
2024-07-05T04:00,3600,0.0,0.0,0.0,0.0,0.0,0.0
2024-07-05T05:00,3600,0.0,0.0,0.0,0.0,0.0,0.0
2024-07-05T06:00,3600,0.0,0.0,0.0,0.0,0.0,0.0
2024-07-05T07:00,3600,0.0,0.05351439567,0.0,0.0,0.0,0.05351439567
2024-07-05T08:00,3600,0.0,0.18387060247,0.0,0.0,0.0,0.18387060247
2024-07-05T09:00,3600,0.0,0.35455494747000005,0.0,0.0,0.0,0.35455494747000005
2024-07-05T10:00,3600,0.0,0.44421255633,0.0,0.0,0.0,0.44421255633
2024-07-05T11:00,3600,0.0,0.48194696738000004,0.0,0.0,0.0,0.48194696738000004
2024-07-05T12:00,3600,0.0,0.5582641819499999,0.0,0.0,0.0,0.5582641819499999
2024-07-05T13:00,3600,0.0,0.5456171415100001,0.0,0.0,0.0,0.5456171415100001
2024-07-05T14:00,3600,0.0,0.52853574784,0.0,0.0,0.0,0.52853574784
2024-07-05T15:00,3600,0.0,0.40415491961999994,0.0,0.0,0.0,0.40415491961999994
2024-07-05T16:00,3600,0.0,0.2647739343,0.0,0.0,0.0,0.2647739343
2024-07-05T17:00,3600,0.0,0.18964819417999998,0.0,0.0,0.0,0.18964819417999998
2024-07-05T18:00,3600,1.07008,0.062370058980000004,0.062370058980000004,1.0077099410199999,0.0,0.0
2024-07-05T19:00,3600,1.0762917647058825,0.02431784464,0.02431784464,1.0519739200658824,0.0,0.0
2024-07-05T20:00,3600,1.0812611764705882,0.0,0.0,1.0812611764705882,0.0,0.0
2024-07-05T21:00,3600,1.0837458823529413,0.0,0.0,1.0837458823529413,0.0,0.0
2024-07-05T22:00,3600,1.0870588235294116,0.0,0.0,1.0870588235294116,0.0,0.0
2024-07-05T23:00,3600,1.0870588235294116,0.0,0.0,1.0870588235294116,0.0,0.0
2024-07-06T00:00,3600,0.0,0.0,0.0,0.0,0.0,0.0
2024-07-06T01:00,3600,0.0,0.0,0.0,0.0,0.0,0.0
2024-07-06T02:00,3600,0.0,0.0,0.0,0.0,0.0,0.0
2024-07-06T03:00,3600,0.0,0.0,0.0,0.0,0.0,0.0
2024-07-06T04:00,3600,0.0,0.0,0.0,0.0,0.0,0.0
2024-07-06T05:00,3600,0.0,0.0,0.0,0.0,0.0,0.0
2024-07-06T06:00,3600,0.0,0.0,0.0,0.0,0.0,0.0
2024-07-06T07:00,3600,0.0,0.05394445073,0.0,0.0,0.0,0.05394445073
2024-07-06T08:00,3600,0.0,0.16735328004999997,0.0,0.0,0.0,0.16735328004999997
2024-07-06T09:00,3600,0.0,0.34235849596000006,0.0,0.0,0.0,0.34235849596000006
2024-07-06T10:00,3600,0.0,0.46903896686,0.0,0.0,0.0,0.46903896686
2024-07-06T11:00,3600,0.0,0.52086547874,0.0,0.0,0.0,0.52086547874
2024-07-06T12:00,3600,0.0,0.56286123531,0.0,0.0,0.0,0.56286123531
2024-07-06T13:00,3600,0.0,0.5604346520100001,0.0,0.0,0.0,0.5604346520100001
2024-07-06T14:00,3600,0.0,0.51609245553,0.0,0.0,0.0,0.51609245553
2024-07-06T15:00,3600,0.0,0.41858962118,0.0,0.0,0.0,0.41858962118
2024-07-06T16:00,3600,0.0,0.29435442303000003,0.0,0.0,0.0,0.29435442303000003
2024-07-06T17:00,3600,0.0,0.18214653488,0.0,0.0,0.0,0.18214653488
2024-07-06T18:00,3600,0.0,0.06981003909000001,0.0,0.0,0.0,0.06981003909000001
2024-07-06T19:00,3600,0.0,0.02735947195,0.0,0.0,0.0,0.02735947195
2024-07-06T20:00,3600,0.0,0.0,0.0,0.0,0.0,0.0
2024-07-06T21:00,3600,0.0,0.0,0.0,0.0,0.0,0.0
2024-07-06T22:00,3600,0.0,0.0,0.0,0.0,0.0,0.0
2024-07-06T23:00,3600,0.0,0.0,0.0,0.0,0.0,0.0
2024-07-07T00:00,3600,0.0,0.0,0.0,0.0,0.0,0.0
2024-07-07T01:00,3600,0.0,0.0,0.0,0.0,0.0,0.0
2024-07-07T02:00,3600,0.0,0.0,0.0,0.0,0.0,0.0
2024-07-07T03:00,3600,0.0,0.0,0.0,0.0,0.0,0.0
2024-07-07T04:00,3600,0.0,0.0,0.0,0.0,0.0,0.0
2024-07-07T05:00,3600,0.0,0.0,0.0,0.0,0.0,0.0
2024-07-07T06:00,3600,0.0,0.0,0.0,0.0,0.0,0.0
2024-07-07T07:00,3600,0.0,0.05899309042,0.0,0.0,0.0,0.05899309042
2024-07-07T08:00,3600,0.0,0.21596675092,0.0,0.0,0.0,0.21596675092
2024-07-07T09:00,3600,0.0,0.33693812555999997,0.0,0.0,0.0,0.33693812555999997
2024-07-07T10:00,3600,0.0,0.46240119671999996,0.0,0.0,0.0,0.46240119671999996
2024-07-07T11:00,3600,0.0,0.50034604234,0.0,0.0,0.0,0.50034604234
2024-07-07T12:00,3600,0.0,0.47994326398,0.0,0.0,0.0,0.47994326398
2024-07-07T13:00,3600,0.0,0.48156674615,0.0,0.0,0.0,0.48156674615
2024-07-07T14:00,3600,0.0,0.50181842967,0.0,0.0,0.0,0.50181842967
2024-07-07T15:00,3600,0.0,0.43334279501,0.0,0.0,0.0,0.43334279501
2024-07-07T16:00,3600,0.0,0.31112319394000004,0.0,0.0,0.0,0.31112319394000004
2024-07-07T17:00,3600,0.0,0.17240964606,0.0,0.0,0.0,0.17240964606
2024-07-07T18:00,3600,0.0,0.06172029043,0.0,0.0,0.0,0.06172029043
2024-07-07T19:00,3600,0.0,0.027440418269999996,0.0,0.0,0.0,0.027440418269999996
2024-07-07T20:00,3600,0.0,0.0,0.0,0.0,0.0,0.0
2024-07-07T21:00,3600,0.0,0.0,0.0,0.0,0.0,0.0
2024-07-07T22:00,3600,0.0,0.0,0.0,0.0,0.0,0.0
2024-07-07T23:00,3600,0.0,0.0,0.0,0.0,0.0,0.0
2024-07-08T00:00,3600,0.0,0.0,0.0,0.0,0.0,0.0
2024-07-08T01:00,3600,0.0,0.0,0.0,0.0,0.0,0.0
2024-07-08T02:00,3600,0.0,0.0,0.0,0.0,0.0,0.0
2024-07-08T03:00,3600,0.0,0.0,0.0,0.0,0.0,0.0
2024-07-08T04:00,3600,0.0,0.0,0.0,0.0,0.0,0.0
2024-07-08T05:00,3600,0.0,0.0,0.0,0.0,0.0,0.0
2024-07-08T06:00,3600,0.0,0.0,0.0,0.0,0.0,0.0
2024-07-08T07:00,3600,0.0,0.04962442109,0.0,0.0,0.0,0.04962442109
2024-07-08T08:00,3600,0.0,0.15734133267,0.0,0.0,0.0,0.15734133267
2024-07-08T09:00,3600,0.0,0.3431157486,0.0,0.0,0.0,0.3431157486
2024-07-08T10:00,3600,0.0,0.38825283119,0.0,0.0,0.0,0.38825283119
2024-07-08T11:00,3600,0.0,0.51589268131,0.0,0.0,0.0,0.51589268131
2024-07-08T12:00,3600,0.0,0.58172618949,0.0,0.0,0.0,0.58172618949
2024-07-08T13:00,3600,0.0,0.44240420112999995,0.0,0.0,0.0,0.44240420112999995
2024-07-08T14:00,3600,0.0,0.39758825130000003,0.0,0.0,0.0,0.39758825130000003
2024-07-08T15:00,3600,0.0,0.35780302677,0.0,0.0,0.0,0.35780302677
2024-07-08T16:00,3600,0.0,0.30115455893,0.0,0.0,0.0,0.30115455893
2024-07-08T17:00,3600,0.0,0.14332955725,0.0,0.0,0.0,0.14332955725
2024-07-08T18:00,3600,1.086230588235294,0.05379608856,0.05379608856,1.032434499675294,0.0,0.0
2024-07-08T19:00,3600,1.0849882352941176,0.0274958021,0.0274958021,1.0574924331941176,0.0,0.0
2024-07-08T20:00,3600,1.086230588235294,0.0,0.0,1.086230588235294,0.0,0.0
2024-07-08T21:00,3600,1.0870588235294116,0.0,0.0,1.0870588235294116,0.0,0.0
2024-07-08T22:00,3600,1.0870588235294116,0.0,0.0,1.0870588235294116,0.0,0.0
2024-07-08T23:00,3600,1.0870588235294116,0.0,0.0,1.0870588235294116,0.0,0.0
2024-07-09T00:00,3600,0.0,0.0,0.0,0.0,0.0,0.0
2024-07-09T01:00,3600,0.0,0.0,0.0,0.0,0.0,0.0
2024-07-09T02:00,3600,0.0,0.0,0.0,0.0,0.0,0.0
2024-07-09T03:00,3600,0.0,0.0,0.0,0.0,0.0,0.0
2024-07-09T04:00,3600,0.0,0.0,0.0,0.0,0.0,0.0
2024-07-09T05:00,3600,0.0,0.0,0.0,0.0,0.0,0.0
2024-07-09T06:00,3600,0.0,0.0,0.0,0.0,0.0,0.0
2024-07-09T07:00,3600,0.0,0.052637339990000004,0.0,0.0,0.0,0.052637339990000004
2024-07-09T08:00,3600,0.0,0.21602428058999998,0.0,0.0,0.0,0.21602428058999998
2024-07-09T09:00,3600,0.0,0.36699002209000003,0.0,0.0,0.0,0.36699002209000003
2024-07-09T10:00,3600,0.0,0.46166254403,0.0,0.0,0.0,0.46166254403
2024-07-09T11:00,3600,0.0,0.54667889225,0.0,0.0,0.0,0.54667889225
2024-07-09T12:00,3600,0.0,0.56180961352,0.0,0.0,0.0,0.56180961352
2024-07-09T13:00,3600,0.0,0.53152114723,0.0,0.0,0.0,0.53152114723
2024-07-09T14:00,3600,0.0,0.43193017532,0.0,0.0,0.0,0.43193017532
2024-07-09T15:00,3600,0.0,0.38118115332,0.0,0.0,0.0,0.38118115332
2024-07-09T16:00,3600,0.0,0.32956439848999997,0.0,0.0,0.0,0.32956439848999997
2024-07-09T17:00,3600,0.0,0.17831697030000002,0.0,0.0,0.0,0.17831697030000002
2024-07-09T18:00,3600,1.0870588235294116,0.06614127201,0.06614127201,1.0209175515194115,0.0,0.0
2024-07-09T19:00,3600,1.0870588235294116,0.0284117798,0.0284117798,1.0586470437294115,0.0,0.0
2024-07-09T20:00,3600,1.0870588235294116,0.0,0.0,1.0870588235294116,0.0,0.0
2024-07-09T21:00,3600,1.0870588235294116,0.0,0.0,1.0870588235294116,0.0,0.0
2024-07-09T22:00,3600,1.0870588235294116,0.0,0.0,1.0870588235294116,0.0,0.0
2024-07-09T23:00,3600,1.0870588235294116,0.0,0.0,1.0870588235294116,0.0,0.0
2024-07-10T00:00,3600,0.0,0.0,0.0,0.0,0.0,0.0
2024-07-10T01:00,3600,0.0,0.0,0.0,0.0,0.0,0.0
2024-07-10T02:00,3600,0.0,0.0,0.0,0.0,0.0,0.0
2024-07-10T03:00,3600,0.0,0.0,0.0,0.0,0.0,0.0
2024-07-10T04:00,3600,0.0,0.0,0.0,0.0,0.0,0.0
2024-07-10T05:00,3600,0.0,0.0,0.0,0.0,0.0,0.0
2024-07-10T06:00,3600,0.0,0.0,0.0,0.0,0.0,0.0
2024-07-10T07:00,3600,0.0,0.06028924761,0.0,0.0,0.0,0.06028924761
2024-07-10T08:00,3600,0.0,0.20226519767,0.0,0.0,0.0,0.20226519767
2024-07-10T09:00,3600,0.0,0.36928687977999997,0.0,0.0,0.0,0.36928687977999997
2024-07-10T10:00,3600,0.0,0.37775375043000003,0.0,0.0,0.0,0.37775375043000003
2024-07-10T11:00,3600,0.0,0.5435706284499999,0.0,0.0,0.0,0.5435706284499999
2024-07-10T12:00,3600,0.0,0.6163072670499999,0.0,0.0,0.0,0.6163072670499999
2024-07-10T13:00,3600,0.0,0.5810231277100001,0.0,0.0,0.0,0.5810231277100001
2024-07-10T14:00,3600,0.0,0.49289645680000005,0.0,0.0,0.0,0.49289645680000005
2024-07-10T15:00,3600,0.0,0.43160354732000006,0.0,0.0,0.0,0.43160354732000006
2024-07-10T16:00,3600,0.0,0.2809882991,0.0,0.0,0.0,0.2809882991
2024-07-10T17:00,3600,0.0,0.17303799171,0.0,0.0,0.0,0.17303799171
2024-07-10T18:00,3600,1.0800188235294121,0.07443179361,0.07443179361,1.005587029919412,0.0,0.0
2024-07-10T19:00,3600,1.0775341176470588,0.02513358504,0.02513358504,1.0524005326070587,0.0,0.0
2024-07-10T20:00,3600,1.0812611764705882,0.0,0.0,1.0812611764705882,0.0,0.0
2024-07-10T21:00,3600,1.0825035294117646,0.0,0.0,1.0825035294117646,0.0,0.0
2024-07-10T22:00,3600,1.0870588235294116,0.0,0.0,1.0870588235294116,0.0,0.0
2024-07-10T23:00,3600,1.0870588235294116,0.0,0.0,1.0870588235294116,0.0,0.0
2024-07-11T00:00,3600,0.0,0.0,0.0,0.0,0.0,0.0
2024-07-11T01:00,3600,0.0,0.0,0.0,0.0,0.0,0.0
2024-07-11T02:00,3600,0.0,0.0,0.0,0.0,0.0,0.0
2024-07-11T03:00,3600,0.0,0.0,0.0,0.0,0.0,0.0
2024-07-11T04:00,3600,0.0,0.0,0.0,0.0,0.0,0.0
2024-07-11T05:00,3600,0.0,0.0,0.0,0.0,0.0,0.0
2024-07-11T06:00,3600,0.0,0.0,0.0,0.0,0.0,0.0
2024-07-11T07:00,3600,0.0,0.06250754018,0.0,0.0,0.0,0.06250754018
2024-07-11T08:00,3600,0.0,0.20952471693,0.0,0.0,0.0,0.20952471693
2024-07-11T09:00,3600,0.0,0.31249176965,0.0,0.0,0.0,0.31249176965
2024-07-11T10:00,3600,0.0,0.43100296029,0.0,0.0,0.0,0.43100296029
2024-07-11T11:00,3600,0.0,0.56954603263,0.0,0.0,0.0,0.56954603263
2024-07-11T12:00,3600,0.0,0.5155368853700001,0.0,0.0,0.0,0.5155368853700001
2024-07-11T13:00,3600,0.0,0.45869199865,0.0,0.0,0.0,0.45869199865
2024-07-11T14:00,3600,0.0,0.40456803086000004,0.0,0.0,0.0,0.40456803086000004
2024-07-11T15:00,3600,0.0,0.26967921395000005,0.0,0.0,0.0,0.26967921395000005
2024-07-11T16:00,3600,0.0,0.26370679827,0.0,0.0,0.0,0.26370679827
2024-07-11T17:00,3600,0.0,0.19799590544,0.0,0.0,0.0,0.19799590544
2024-07-11T18:00,3600,1.0849882352941176,0.08153085743,0.08153085743,1.0034573778641176,0.0,0.0
2024-07-11T19:00,3600,1.0870588235294116,0.030688798299999997,0.030688798299999997,1.0563700252294117,0.0,0.0
2024-07-11T20:00,3600,1.0870588235294116,0.0,0.0,1.0870588235294116,0.0,0.0
2024-07-11T21:00,3600,1.0870588235294116,0.0,0.0,1.0870588235294116,0.0,0.0
2024-07-11T22:00,3600,1.0870588235294116,0.0,0.0,1.0870588235294116,0.0,0.0
2024-07-11T23:00,3600,1.0870588235294116,0.0,0.0,1.0870588235294116,0.0,0.0
2024-07-12T00:00,3600,0.0,0.0,0.0,0.0,0.0,0.0
2024-07-12T01:00,3600,0.0,0.0,0.0,0.0,0.0,0.0
2024-07-12T02:00,3600,0.0,0.0,0.0,0.0,0.0,0.0
2024-07-12T03:00,3600,0.0,0.0,0.0,0.0,0.0,0.0
2024-07-12T04:00,3600,0.0,0.0,0.0,0.0,0.0,0.0
2024-07-12T05:00,3600,0.0,0.0,0.0,0.0,0.0,0.0
2024-07-12T06:00,3600,0.0,0.0,0.0,0.0,0.0,0.0
2024-07-12T07:00,3600,0.0,0.04703673528,0.0,0.0,0.0,0.04703673528
2024-07-12T08:00,3600,0.0,0.17328301799999998,0.0,0.0,0.0,0.17328301799999998
2024-07-12T09:00,3600,0.0,0.29637090592,0.0,0.0,0.0,0.29637090592
2024-07-12T10:00,3600,0.0,0.43826700441999994,0.0,0.0,0.0,0.43826700441999994
2024-07-12T11:00,3600,0.0,0.45486832609,0.0,0.0,0.0,0.45486832609
2024-07-12T12:00,3600,0.0,0.5792099437099999,0.0,0.0,0.0,0.5792099437099999
2024-07-12T13:00,3600,0.0,0.58130575385,0.0,0.0,0.0,0.58130575385
2024-07-12T14:00,3600,0.0,0.45994097978000004,0.0,0.0,0.0,0.45994097978000004
2024-07-12T15:00,3600,0.0,0.20407909244999997,0.0,0.0,0.0,0.20407909244999997
2024-07-12T16:00,3600,0.0,0.19367584473,0.0,0.0,0.0,0.19367584473
2024-07-12T17:00,3600,0.0,0.14620821821,0.0,0.0,0.0,0.14620821821
2024-07-12T18:00,3600,1.0870588235294116,0.09735853665000001,0.09735853665000001,0.9897002868794116,0.0,0.0
2024-07-12T19:00,3600,1.0870588235294116,0.03458419313,0.03458419313,1.0524746303994117,0.0,0.0
2024-07-12T20:00,3600,1.0870588235294116,0.0,0.0,1.0870588235294116,0.0,0.0
2024-07-12T21:00,3600,1.0870588235294116,0.0,0.0,1.0870588235294116,0.0,0.0
2024-07-12T22:00,3600,1.0870588235294116,0.0,0.0,1.0870588235294116,0.0,0.0
2024-07-12T23:00,3600,1.0870588235294116,0.0,0.0,1.0870588235294116,0.0,0.0
2024-07-13T00:00,3600,0.0,0.0,0.0,0.0,0.0,0.0
2024-07-13T01:00,3600,0.0,0.0,0.0,0.0,0.0,0.0
2024-07-13T02:00,3600,0.0,0.0,0.0,0.0,0.0,0.0
2024-07-13T03:00,3600,0.0,0.0,0.0,0.0,0.0,0.0
2024-07-13T04:00,3600,0.0,0.0,0.0,0.0,0.0,0.0
2024-07-13T05:00,3600,0.0,0.0,0.0,0.0,0.0,0.0
2024-07-13T06:00,3600,0.0,0.0,0.0,0.0,0.0,0.0
2024-07-13T07:00,3600,0.0,0.04624736557,0.0,0.0,0.0,0.04624736557
2024-07-13T08:00,3600,0.0,0.14148075673,0.0,0.0,0.0,0.14148075673
2024-07-13T09:00,3600,0.0,0.30604700922,0.0,0.0,0.0,0.30604700922
2024-07-13T10:00,3600,0.0,0.39999024824999996,0.0,0.0,0.0,0.39999024824999996
2024-07-13T11:00,3600,0.0,0.46201630567,0.0,0.0,0.0,0.46201630567
2024-07-13T12:00,3600,0.0,0.43572834640999997,0.0,0.0,0.0,0.43572834640999997
2024-07-13T13:00,3600,0.0,0.40901700493000004,0.0,0.0,0.0,0.40901700493000004
2024-07-13T14:00,3600,0.0,0.40871562557,0.0,0.0,0.0,0.40871562557
2024-07-13T15:00,3600,0.0,0.4139063538,0.0,0.0,0.0,0.4139063538
2024-07-13T16:00,3600,0.0,0.24978578297999998,0.0,0.0,0.0,0.24978578297999998
2024-07-13T17:00,3600,0.0,0.17920791005,0.0,0.0,0.0,0.17920791005
2024-07-13T18:00,3600,0.0,0.07211865433,0.0,0.0,0.0,0.07211865433
2024-07-13T19:00,3600,0.0,0.02928115291,0.0,0.0,0.0,0.02928115291
2024-07-13T20:00,3600,0.0,0.0,0.0,0.0,0.0,0.0
2024-07-13T21:00,3600,0.0,0.0,0.0,0.0,0.0,0.0
2024-07-13T22:00,3600,0.0,0.0,0.0,0.0,0.0,0.0
2024-07-13T23:00,3600,0.0,0.0,0.0,0.0,0.0,0.0
2024-07-14T00:00,3600,0.0,0.0,0.0,0.0,0.0,0.0
2024-07-14T01:00,3600,0.0,0.0,0.0,0.0,0.0,0.0
2024-07-14T02:00,3600,0.0,0.0,0.0,0.0,0.0,0.0
2024-07-14T03:00,3600,0.0,0.0,0.0,0.0,0.0,0.0
2024-07-14T04:00,3600,0.0,0.0,0.0,0.0,0.0,0.0
2024-07-14T05:00,3600,0.0,0.0,0.0,0.0,0.0,0.0
2024-07-14T06:00,3600,0.0,0.0,0.0,0.0,0.0,0.0
2024-07-14T07:00,3600,0.0,0.05112003566,0.0,0.0,0.0,0.05112003566
2024-07-14T08:00,3600,0.0,0.20227693362000002,0.0,0.0,0.0,0.20227693362000002
2024-07-14T09:00,3600,0.0,0.3338919163,0.0,0.0,0.0,0.3338919163
2024-07-14T10:00,3600,0.0,0.44444057155,0.0,0.0,0.0,0.44444057155
2024-07-14T11:00,3600,0.0,0.43693323793000005,0.0,0.0,0.0,0.43693323793000005
2024-07-14T12:00,3600,0.0,0.5856521882900001,0.0,0.0,0.0,0.5856521882900001
2024-07-14T13:00,3600,0.0,0.50998696867,0.0,0.0,0.0,0.50998696867
2024-07-14T14:00,3600,0.0,0.51201937724,0.0,0.0,0.0,0.51201937724
2024-07-14T15:00,3600,0.0,0.46717287600999996,0.0,0.0,0.0,0.46717287600999996
2024-07-14T16:00,3600,0.0,0.32226337737,0.0,0.0,0.0,0.32226337737
2024-07-14T17:00,3600,0.0,0.17586151757,0.0,0.0,0.0,0.17586151757
2024-07-14T18:00,3600,0.0,0.05942183701,0.0,0.0,0.0,0.05942183701
2024-07-14T19:00,3600,0.0,0.02909095479,0.0,0.0,0.0,0.02909095479
2024-07-14T20:00,3600,0.0,0.0,0.0,0.0,0.0,0.0
2024-07-14T21:00,3600,0.0,0.0,0.0,0.0,0.0,0.0
2024-07-14T22:00,3600,0.0,0.0,0.0,0.0,0.0,0.0
2024-07-14T23:00,3600,0.0,0.0,0.0,0.0,0.0,0.0
2024-07-15T00:00,3600,0.0,0.0,0.0,0.0,0.0,0.0
2024-07-15T01:00,3600,0.0,0.0,0.0,0.0,0.0,0.0
2024-07-15T02:00,3600,0.0,0.0,0.0,0.0,0.0,0.0
2024-07-15T03:00,3600,0.0,0.0,0.0,0.0,0.0,0.0
2024-07-15T04:00,3600,0.0,0.0,0.0,0.0,0.0,0.0
2024-07-15T05:00,3600,0.0,0.0,0.0,0.0,0.0,0.0
2024-07-15T06:00,3600,0.0,0.0,0.0,0.0,0.0,0.0
2024-07-15T07:00,3600,0.0,0.04433396883000001,0.0,0.0,0.0,0.04433396883000001
2024-07-15T08:00,3600,0.0,0.18730694548,0.0,0.0,0.0,0.18730694548
2024-07-15T09:00,3600,0.0,0.30050953456000007,0.0,0.0,0.0,0.30050953456000007
2024-07-15T10:00,3600,0.0,0.42033880262,0.0,0.0,0.0,0.42033880262
2024-07-15T11:00,3600,0.0,0.5373607652,0.0,0.0,0.0,0.5373607652
2024-07-15T12:00,3600,0.0,0.55909228671,0.0,0.0,0.0,0.55909228671
2024-07-15T13:00,3600,0.0,0.55183583587,0.0,0.0,0.0,0.55183583587
2024-07-15T14:00,3600,0.0,0.53359871149,0.0,0.0,0.0,0.53359871149
2024-07-15T15:00,3600,0.0,0.4347800666,0.0,0.0,0.0,0.4347800666
2024-07-15T16:00,3600,0.0,0.34261415173000004,0.0,0.0,0.0,0.34261415173000004
2024-07-15T17:00,3600,0.0,0.18843292685,0.0,0.0,0.0,0.18843292685
2024-07-15T18:00,3600,1.0870588235294116,0.07967625382,0.07967625382,1.0073825697094116,0.0,0.0
2024-07-15T19:00,3600,1.0870588235294116,0.0314954098,0.0314954098,1.0555634137294116,0.0,0.0
2024-07-15T20:00,3600,1.0870588235294116,0.0,0.0,1.0870588235294116,0.0,0.0
2024-07-15T21:00,3600,1.0870588235294116,0.0,0.0,1.0870588235294116,0.0,0.0
2024-07-15T22:00,3600,1.0870588235294116,0.0,0.0,1.0870588235294116,0.0,0.0
2024-07-15T23:00,3600,1.0870588235294116,0.0,0.0,1.0870588235294116,0.0,0.0
2024-07-16T00:00,3600,0.0,0.0,0.0,0.0,0.0,0.0
2024-07-16T01:00,3600,0.0,0.0,0.0,0.0,0.0,0.0
2024-07-16T02:00,3600,0.0,0.0,0.0,0.0,0.0,0.0
2024-07-16T03:00,3600,0.0,0.0,0.0,0.0,0.0,0.0
2024-07-16T04:00,3600,0.0,0.0,0.0,0.0,0.0,0.0
2024-07-16T05:00,3600,0.0,0.0,0.0,0.0,0.0,0.0
2024-07-16T06:00,3600,0.0,0.0,0.0,0.0,0.0,0.0
2024-07-16T07:00,3600,0.0,0.04788238086,0.0,0.0,0.0,0.04788238086
2024-07-16T08:00,3600,0.0,0.16719338747,0.0,0.0,0.0,0.16719338747
2024-07-16T09:00,3600,0.0,0.31214969785999996,0.0,0.0,0.0,0.31214969785999996
2024-07-16T10:00,3600,0.0,0.39622933370999996,0.0,0.0,0.0,0.39622933370999996
2024-07-16T11:00,3600,0.0,0.48125547482000003,0.0,0.0,0.0,0.48125547482000003
2024-07-16T12:00,3600,0.0,0.49954905987000003,0.0,0.0,0.0,0.49954905987000003
2024-07-16T13:00,3600,0.0,0.56310355718,0.0,0.0,0.0,0.56310355718
2024-07-16T14:00,3600,0.0,0.40353830499999993,0.0,0.0,0.0,0.40353830499999993
2024-07-16T15:00,3600,0.0,0.30222007727,0.0,0.0,0.0,0.30222007727
2024-07-16T16:00,3600,0.0,0.24683575512999997,0.0,0.0,0.0,0.24683575512999997
2024-07-16T17:00,3600,0.0,0.1860493559,0.0,0.0,0.0,0.1860493559
2024-07-16T18:00,3600,1.0870588235294116,0.07974153305,0.07974153305,1.0073172904794117,0.0,0.0
2024-07-16T19:00,3600,1.0870588235294116,0.028481410769999996,0.028481410769999996,1.0585774127594116,0.0,0.0
2024-07-16T20:00,3600,1.0870588235294116,0.0,0.0,1.0870588235294116,0.0,0.0
2024-07-16T21:00,3600,1.0870588235294116,0.0,0.0,1.0870588235294116,0.0,0.0
2024-07-16T22:00,3600,1.0870588235294116,0.0,0.0,1.0870588235294116,0.0,0.0
2024-07-16T23:00,3600,1.0870588235294116,0.0,0.0,1.0870588235294116,0.0,0.0
2024-07-17T00:00,3600,0.0,0.0,0.0,0.0,0.0,0.0
2024-07-17T01:00,3600,0.0,0.0,0.0,0.0,0.0,0.0
2024-07-17T02:00,3600,0.0,0.0,0.0,0.0,0.0,0.0
2024-07-17T03:00,3600,0.0,0.0,0.0,0.0,0.0,0.0
2024-07-17T04:00,3600,0.0,0.0,0.0,0.0,0.0,0.0
2024-07-17T05:00,3600,0.0,0.0,0.0,0.0,0.0,0.0
2024-07-17T06:00,3600,0.0,0.0,0.0,0.0,0.0,0.0
2024-07-17T07:00,3600,0.0,0.05189249404,0.0,0.0,0.0,0.05189249404
2024-07-17T08:00,3600,0.0,0.14287829617,0.0,0.0,0.0,0.14287829617
2024-07-17T09:00,3600,0.0,0.25217782065,0.0,0.0,0.0,0.25217782065
2024-07-17T10:00,3600,0.0,0.41649135742,0.0,0.0,0.0,0.41649135742
2024-07-17T11:00,3600,0.0,0.41485074323,0.0,0.0,0.0,0.41485074323
2024-07-17T12:00,3600,0.0,0.42616996298,0.0,0.0,0.0,0.42616996298
2024-07-17T13:00,3600,0.0,0.35395999564999997,0.0,0.0,0.0,0.35395999564999997
2024-07-17T14:00,3600,0.0,0.4648317761,0.0,0.0,0.0,0.4648317761
2024-07-17T15:00,3600,0.0,0.39005171005,0.0,0.0,0.0,0.39005171005
2024-07-17T16:00,3600,0.0,0.25938413919,0.0,0.0,0.0,0.25938413919
2024-07-17T17:00,3600,0.0,0.17181018028,0.0,0.0,0.0,0.17181018028
2024-07-17T18:00,3600,1.0870588235294116,0.06547013642,0.06547013642,1.0215886871094115,0.0,0.0
2024-07-17T19:00,3600,1.0870588235294116,0.02140350152,0.02140350152,1.0656553220094116,0.0,0.0
2024-07-17T20:00,3600,1.0870588235294116,0.0,0.0,1.0870588235294116,0.0,0.0
2024-07-17T21:00,3600,1.0870588235294116,0.0,0.0,1.0870588235294116,0.0,0.0
2024-07-17T22:00,3600,1.0870588235294116,0.0,0.0,1.0870588235294116,0.0,0.0
2024-07-17T23:00,3600,1.0870588235294116,0.0,0.0,1.0870588235294116,0.0,0.0
2024-07-18T00:00,3600,0.0,0.0,0.0,0.0,0.0,0.0
2024-07-18T01:00,3600,0.0,0.0,0.0,0.0,0.0,0.0
2024-07-18T02:00,3600,0.0,0.0,0.0,0.0,0.0,0.0
2024-07-18T03:00,3600,0.0,0.0,0.0,0.0,0.0,0.0
2024-07-18T04:00,3600,0.0,0.0,0.0,0.0,0.0,0.0
2024-07-18T05:00,3600,0.0,0.0,0.0,0.0,0.0,0.0
2024-07-18T06:00,3600,0.0,0.0,0.0,0.0,0.0,0.0
2024-07-18T07:00,3600,0.0,0.04767622684,0.0,0.0,0.0,0.04767622684
2024-07-18T08:00,3600,0.0,0.16465626034,0.0,0.0,0.0,0.16465626034
2024-07-18T09:00,3600,0.0,0.31168299158,0.0,0.0,0.0,0.31168299158
2024-07-18T10:00,3600,0.0,0.42122250672,0.0,0.0,0.0,0.42122250672
2024-07-18T11:00,3600,0.0,0.42817041276,0.0,0.0,0.0,0.42817041276
2024-07-18T12:00,3600,0.0,0.46582672561,0.0,0.0,0.0,0.46582672561
2024-07-18T13:00,3600,0.0,0.39501414221,0.0,0.0,0.0,0.39501414221
2024-07-18T14:00,3600,0.0,0.38050010996999994,0.0,0.0,0.0,0.38050010996999994
2024-07-18T15:00,3600,0.0,0.15049674425,0.0,0.0,0.0,0.15049674425
2024-07-18T16:00,3600,0.0,0.18102532361999998,0.0,0.0,0.0,0.18102532361999998
2024-07-18T17:00,3600,0.0,0.11852476484,0.0,0.0,0.0,0.11852476484
2024-07-18T18:00,3600,1.0870588235294116,0.08307519836,0.08307519836,1.0039836251694116,0.0,0.0
2024-07-18T19:00,3600,1.0870588235294116,0.02221814549,0.02221814549,1.0648406780394117,0.0,0.0
2024-07-18T20:00,3600,1.0870588235294116,0.0,0.0,1.0870588235294116,0.0,0.0
2024-07-18T21:00,3600,1.0870588235294116,0.0,0.0,1.0870588235294116,0.0,0.0
2024-07-18T22:00,3600,1.0870588235294116,0.0,0.0,1.0870588235294116,0.0,0.0
2024-07-18T23:00,3600,1.0870588235294116,0.0,0.0,1.0870588235294116,0.0,0.0
2024-07-19T00:00,3600,0.0,0.0,0.0,0.0,0.0,0.0
2024-07-19T01:00,3600,0.0,0.0,0.0,0.0,0.0,0.0
2024-07-19T02:00,3600,0.0,0.0,0.0,0.0,0.0,0.0
2024-07-19T03:00,3600,0.0,0.0,0.0,0.0,0.0,0.0
2024-07-19T04:00,3600,0.0,0.0,0.0,0.0,0.0,0.0
2024-07-19T05:00,3600,0.0,0.0,0.0,0.0,0.0,0.0
2024-07-19T06:00,3600,0.0,0.0,0.0,0.0,0.0,0.0
2024-07-19T07:00,3600,0.0,0.049538802480000005,0.0,0.0,0.0,0.049538802480000005
2024-07-19T08:00,3600,0.0,0.16283867002000002,0.0,0.0,0.0,0.16283867002000002
2024-07-19T09:00,3600,0.0,0.28880587683000003,0.0,0.0,0.0,0.28880587683000003
2024-07-19T10:00,3600,0.0,0.41300754174000004,0.0,0.0,0.0,0.41300754174000004
2024-07-19T11:00,3600,0.0,0.52837624061,0.0,0.0,0.0,0.52837624061
2024-07-19T12:00,3600,0.0,0.58479270823,0.0,0.0,0.0,0.58479270823
2024-07-19T13:00,3600,0.0,0.55155445611,0.0,0.0,0.0,0.55155445611
2024-07-19T14:00,3600,0.0,0.32431883441,0.0,0.0,0.0,0.32431883441
2024-07-19T15:00,3600,0.0,0.16114072662999998,0.0,0.0,0.0,0.16114072662999998
2024-07-19T16:00,3600,0.0,0.12166524510000001,0.0,0.0,0.0,0.12166524510000001
2024-07-19T17:00,3600,0.0,0.0677538327,0.0,0.0,0.0,0.0677538327
2024-07-19T18:00,3600,1.0870588235294116,0.02994433141,0.02994433141,1.0571144921194116,0.0,0.0
2024-07-19T19:00,3600,1.0870588235294116,0.01250331284,0.01250331284,1.0745555106894116,0.0,0.0
2024-07-19T20:00,3600,1.0870588235294116,0.0,0.0,1.0870588235294116,0.0,0.0
2024-07-19T21:00,3600,1.0870588235294116,0.0,0.0,1.0870588235294116,0.0,0.0
2024-07-19T22:00,3600,1.0870588235294116,0.0,0.0,1.0870588235294116,0.0,0.0
2024-07-19T23:00,3600,1.0870588235294116,0.0,0.0,1.0870588235294116,0.0,0.0
2024-07-20T00:00,3600,0.0,0.0,0.0,0.0,0.0,0.0
2024-07-20T01:00,3600,0.0,0.0,0.0,0.0,0.0,0.0
2024-07-20T02:00,3600,0.0,0.0,0.0,0.0,0.0,0.0
2024-07-20T03:00,3600,0.0,0.0,0.0,0.0,0.0,0.0
2024-07-20T04:00,3600,0.0,0.0,0.0,0.0,0.0,0.0
2024-07-20T05:00,3600,0.0,0.0,0.0,0.0,0.0,0.0
2024-07-20T06:00,3600,0.0,0.0,0.0,0.0,0.0,0.0
2024-07-20T07:00,3600,0.0,0.0517889931,0.0,0.0,0.0,0.0517889931
2024-07-20T08:00,3600,0.0,0.19220223526,0.0,0.0,0.0,0.19220223526
2024-07-20T09:00,3600,0.0,0.35615318769,0.0,0.0,0.0,0.35615318769
2024-07-20T10:00,3600,0.0,0.47981178359,0.0,0.0,0.0,0.47981178359
2024-07-20T11:00,3600,0.0,0.5689428725300001,0.0,0.0,0.0,0.5689428725300001
2024-07-20T12:00,3600,0.0,0.5850995161399999,0.0,0.0,0.0,0.5850995161399999
2024-07-20T13:00,3600,0.0,0.5656086473,0.0,0.0,0.0,0.5656086473
2024-07-20T14:00,3600,0.0,0.42020496986000005,0.0,0.0,0.0,0.42020496986000005
2024-07-20T15:00,3600,0.0,0.31710895886,0.0,0.0,0.0,0.31710895886
2024-07-20T16:00,3600,0.0,0.2580910319,0.0,0.0,0.0,0.2580910319
2024-07-20T17:00,3600,0.0,0.18445635128,0.0,0.0,0.0,0.18445635128
2024-07-20T18:00,3600,0.0,0.08259680923000001,0.0,0.0,0.0,0.08259680923000001
2024-07-20T19:00,3600,0.0,0.03151350172,0.0,0.0,0.0,0.03151350172
2024-07-20T20:00,3600,0.0,0.0,0.0,0.0,0.0,0.0
2024-07-20T21:00,3600,0.0,0.0,0.0,0.0,0.0,0.0
2024-07-20T22:00,3600,0.0,0.0,0.0,0.0,0.0,0.0
2024-07-20T23:00,3600,0.0,0.0,0.0,0.0,0.0,0.0
2024-07-21T00:00,3600,0.0,0.0,0.0,0.0,0.0,0.0
2024-07-21T01:00,3600,0.0,0.0,0.0,0.0,0.0,0.0
2024-07-21T02:00,3600,0.0,0.0,0.0,0.0,0.0,0.0
2024-07-21T03:00,3600,0.0,0.0,0.0,0.0,0.0,0.0
2024-07-21T04:00,3600,0.0,0.0,0.0,0.0,0.0,0.0
2024-07-21T05:00,3600,0.0,0.0,0.0,0.0,0.0,0.0
2024-07-21T06:00,3600,0.0,0.0,0.0,0.0,0.0,0.0
2024-07-21T07:00,3600,0.0,0.03731557466,0.0,0.0,0.0,0.03731557466
2024-07-21T08:00,3600,0.0,0.18074920868,0.0,0.0,0.0,0.18074920868
2024-07-21T09:00,3600,0.0,0.24370848487,0.0,0.0,0.0,0.24370848487
2024-07-21T10:00,3600,0.0,0.28659383623,0.0,0.0,0.0,0.28659383623
2024-07-21T11:00,3600,0.0,0.43967721423,0.0,0.0,0.0,0.43967721423
2024-07-21T12:00,3600,0.0,0.4411986633800001,0.0,0.0,0.0,0.4411986633800001
2024-07-21T13:00,3600,0.0,0.45268419485,0.0,0.0,0.0,0.45268419485
2024-07-21T14:00,3600,0.0,0.43568551313,0.0,0.0,0.0,0.43568551313
2024-07-21T15:00,3600,0.0,0.41543072594,0.0,0.0,0.0,0.41543072594
2024-07-21T16:00,3600,0.0,0.2778866744,0.0,0.0,0.0,0.2778866744
2024-07-21T17:00,3600,0.0,0.09750827271,0.0,0.0,0.0,0.09750827271
2024-07-21T18:00,3600,0.0,0.06847915041000001,0.0,0.0,0.0,0.06847915041000001
2024-07-21T19:00,3600,0.0,0.025046003679999998,0.0,0.0,0.0,0.025046003679999998
2024-07-21T20:00,3600,0.0,0.0,0.0,0.0,0.0,0.0
2024-07-21T21:00,3600,0.0,0.0,0.0,0.0,0.0,0.0
2024-07-21T22:00,3600,0.0,0.0,0.0,0.0,0.0,0.0
2024-07-21T23:00,3600,0.0,0.0,0.0,0.0,0.0,0.0
2024-07-22T00:00,3600,0.0,0.0,0.0,0.0,0.0,0.0
2024-07-22T01:00,3600,0.0,0.0,0.0,0.0,0.0,0.0
2024-07-22T02:00,3600,0.0,0.0,0.0,0.0,0.0,0.0
2024-07-22T03:00,3600,0.0,0.0,0.0,0.0,0.0,0.0
2024-07-22T04:00,3600,0.0,0.0,0.0,0.0,0.0,0.0
2024-07-22T05:00,3600,0.0,0.0,0.0,0.0,0.0,0.0
2024-07-22T06:00,3600,0.0,0.0,0.0,0.0,0.0,0.0
2024-07-22T07:00,3600,0.0,0.035336248339999994,0.0,0.0,0.0,0.035336248339999994
2024-07-22T08:00,3600,0.0,0.09283838590000001,0.0,0.0,0.0,0.09283838590000001
2024-07-22T09:00,3600,0.0,0.21263321177,0.0,0.0,0.0,0.21263321177
2024-07-22T10:00,3600,0.0,0.38340786545,0.0,0.0,0.0,0.38340786545
2024-07-22T11:00,3600,0.0,0.5012692240200001,0.0,0.0,0.0,0.5012692240200001
2024-07-22T12:00,3600,0.0,0.44892348044999997,0.0,0.0,0.0,0.44892348044999997
2024-07-22T13:00,3600,0.0,0.5199980046099999,0.0,0.0,0.0,0.5199980046099999
2024-07-22T14:00,3600,0.0,0.49205292681999996,0.0,0.0,0.0,0.49205292681999996
2024-07-22T15:00,3600,0.0,0.41154793582,0.0,0.0,0.0,0.41154793582
2024-07-22T16:00,3600,0.0,0.33577741482999995,0.0,0.0,0.0,0.33577741482999995
2024-07-22T17:00,3600,0.0,0.16854583189999997,0.0,0.0,0.0,0.16854583189999997
2024-07-22T18:00,3600,1.0870588235294116,0.0698680836,0.0698680836,1.0171907399294116,0.0,0.0
2024-07-22T19:00,3600,1.0870588235294116,0.02755847375,0.02755847375,1.0595003497794115,0.0,0.0
2024-07-22T20:00,3600,1.0870588235294116,0.0,0.0,1.0870588235294116,0.0,0.0
2024-07-22T21:00,3600,1.0870588235294116,0.0,0.0,1.0870588235294116,0.0,0.0
2024-07-22T22:00,3600,1.0870588235294116,0.0,0.0,1.0870588235294116,0.0,0.0
2024-07-22T23:00,3600,1.0870588235294116,0.0,0.0,1.0870588235294116,0.0,0.0
2024-07-23T00:00,3600,0.0,0.0,0.0,0.0,0.0,0.0
2024-07-23T01:00,3600,0.0,0.0,0.0,0.0,0.0,0.0
2024-07-23T02:00,3600,0.0,0.0,0.0,0.0,0.0,0.0
2024-07-23T03:00,3600,0.0,0.0,0.0,0.0,0.0,0.0
2024-07-23T04:00,3600,0.0,0.0,0.0,0.0,0.0,0.0
2024-07-23T05:00,3600,0.0,0.0,0.0,0.0,0.0,0.0
2024-07-23T06:00,3600,0.0,0.0,0.0,0.0,0.0,0.0
2024-07-23T07:00,3600,0.0,0.04041950701,0.0,0.0,0.0,0.04041950701
2024-07-23T08:00,3600,0.0,0.17480714907999997,0.0,0.0,0.0,0.17480714907999997
2024-07-23T09:00,3600,0.0,0.30726632158,0.0,0.0,0.0,0.30726632158
2024-07-23T10:00,3600,0.0,0.4139824295799999,0.0,0.0,0.0,0.4139824295799999
2024-07-23T11:00,3600,0.0,0.54120338416,0.0,0.0,0.0,0.54120338416
2024-07-23T12:00,3600,0.0,0.5820833415,0.0,0.0,0.0,0.5820833415
2024-07-23T13:00,3600,0.0,0.5097001547,0.0,0.0,0.0,0.5097001547
2024-07-23T14:00,3600,0.0,0.46903547856,0.0,0.0,0.0,0.46903547856
2024-07-23T15:00,3600,0.0,0.42250849095,0.0,0.0,0.0,0.42250849095
2024-07-23T16:00,3600,0.0,0.3040740376,0.0,0.0,0.0,0.3040740376
2024-07-23T17:00,3600,0.0,0.19806764985,0.0,0.0,0.0,0.19806764985
2024-07-23T18:00,3600,1.0713223529411764,0.07231264804,0.07231264804,0.9990097049011764,0.0,0.0
2024-07-23T19:00,3600,1.0775341176470588,0.02896781847,0.02896781847,1.0485662991770588,0.0,0.0
2024-07-23T20:00,3600,1.0787764705882352,0.0,0.0,1.0787764705882352,0.0,0.0
2024-07-23T21:00,3600,1.0800188235294121,0.0,0.0,1.0800188235294121,0.0,0.0
2024-07-23T22:00,3600,1.0870588235294116,0.0,0.0,1.0870588235294116,0.0,0.0
2024-07-23T23:00,3600,1.0870588235294116,0.0,0.0,1.0870588235294116,0.0,0.0
2024-07-24T00:00,3600,0.0,0.0,0.0,0.0,0.0,0.0
2024-07-24T01:00,3600,0.0,0.0,0.0,0.0,0.0,0.0
2024-07-24T02:00,3600,0.0,0.0,0.0,0.0,0.0,0.0
2024-07-24T03:00,3600,0.0,0.0,0.0,0.0,0.0,0.0
2024-07-24T04:00,3600,0.0,0.0,0.0,0.0,0.0,0.0
2024-07-24T05:00,3600,0.0,0.0,0.0,0.0,0.0,0.0
2024-07-24T06:00,3600,0.0,0.0,0.0,0.0,0.0,0.0
2024-07-24T07:00,3600,0.0,0.04239094512,0.0,0.0,0.0,0.04239094512
2024-07-24T08:00,3600,0.0,0.15370802592000002,0.0,0.0,0.0,0.15370802592000002
2024-07-24T09:00,3600,0.0,0.31444199435000003,0.0,0.0,0.0,0.31444199435000003
2024-07-24T10:00,3600,0.0,0.49146566157000005,0.0,0.0,0.0,0.49146566157000005
2024-07-24T11:00,3600,0.0,0.5914531896099999,0.0,0.0,0.0,0.5914531896099999
2024-07-24T12:00,3600,0.0,0.59710684289,0.0,0.0,0.0,0.59710684289
2024-07-24T13:00,3600,0.0,0.54554382495,0.0,0.0,0.0,0.54554382495
2024-07-24T14:00,3600,0.0,0.54763067593,0.0,0.0,0.0,0.54763067593
2024-07-24T15:00,3600,0.0,0.38808263618,0.0,0.0,0.0,0.38808263618
2024-07-24T16:00,3600,0.0,0.30573582607,0.0,0.0,0.0,0.30573582607
2024-07-24T17:00,3600,0.0,0.20567432733000002,0.0,0.0,0.0,0.20567432733000002
2024-07-24T18:00,3600,1.0688376470588234,0.08169966098,0.08169966098,0.9871379860788234,0.0,0.0
2024-07-24T19:00,3600,1.072564705882353,0.02185539477,0.02185539477,1.050709311112353,0.0,0.0
2024-07-24T20:00,3600,1.0738070588235296,0.0,0.0,1.0738070588235296,0.0,0.0
2024-07-24T21:00,3600,1.0738070588235296,0.0,0.0,1.0738070588235296,0.0,0.0
2024-07-24T22:00,3600,1.0870588235294116,0.0,0.0,1.0870588235294116,0.0,0.0
2024-07-24T23:00,3600,1.0870588235294116,0.0,0.0,1.0870588235294116,0.0,0.0
2024-07-25T00:00,3600,0.0,0.0,0.0,0.0,0.0,0.0
2024-07-25T01:00,3600,0.0,0.0,0.0,0.0,0.0,0.0
2024-07-25T02:00,3600,0.0,0.0,0.0,0.0,0.0,0.0
2024-07-25T03:00,3600,0.0,0.0,0.0,0.0,0.0,0.0
2024-07-25T04:00,3600,0.0,0.0,0.0,0.0,0.0,0.0
2024-07-25T05:00,3600,0.0,0.0,0.0,0.0,0.0,0.0
2024-07-25T06:00,3600,0.0,0.0,0.0,0.0,0.0,0.0
2024-07-25T07:00,3600,0.0,0.046328500460000005,0.0,0.0,0.0,0.046328500460000005
2024-07-25T08:00,3600,0.0,0.18985708519,0.0,0.0,0.0,0.18985708519
2024-07-25T09:00,3600,0.0,0.36463180741999995,0.0,0.0,0.0,0.36463180741999995
2024-07-25T10:00,3600,0.0,0.4860143932,0.0,0.0,0.0,0.4860143932
2024-07-25T11:00,3600,0.0,0.5961640281799999,0.0,0.0,0.0,0.5961640281799999
2024-07-25T12:00,3600,0.0,0.65444840549,0.0,0.0,0.0,0.65444840549
2024-07-25T13:00,3600,0.0,0.6261265300500001,0.0,0.0,0.0,0.6261265300500001
2024-07-25T14:00,3600,0.0,0.55977165445,0.0,0.0,0.0,0.55977165445
2024-07-25T15:00,3600,0.0,0.48435086381000003,0.0,0.0,0.0,0.48435086381000003
2024-07-25T16:00,3600,0.0,0.35219213826,0.0,0.0,0.0,0.35219213826
2024-07-25T17:00,3600,0.0,0.21487425352,0.0,0.0,0.0,0.21487425352
2024-07-25T18:00,3600,1.0464752941176472,0.07189587183,0.07189587183,0.9745794222876472,0.0,0.0
2024-07-25T19:00,3600,1.0477176470588236,0.03026300963,0.03026300963,1.0174546374288236,0.0,0.0
2024-07-25T20:00,3600,1.0477176470588236,0.0,0.0,1.0477176470588236,0.0,0.0
2024-07-25T21:00,3600,1.04896,0.0,0.0,1.04896,0.0,0.0
2024-07-25T22:00,3600,1.0601411764705884,0.0,0.0,1.0601411764705884,0.0,0.0
2024-07-25T23:00,3600,1.0688376470588234,0.0,0.0,1.0688376470588234,0.0,0.0
2024-07-26T00:00,3600,0.0,0.0,0.0,0.0,0.0,0.0
2024-07-26T01:00,3600,0.0,0.0,0.0,0.0,0.0,0.0
2024-07-26T02:00,3600,0.0,0.0,0.0,0.0,0.0,0.0
2024-07-26T03:00,3600,0.0,0.0,0.0,0.0,0.0,0.0
2024-07-26T04:00,3600,0.0,0.0,0.0,0.0,0.0,0.0
2024-07-26T05:00,3600,0.0,0.0,0.0,0.0,0.0,0.0
2024-07-26T06:00,3600,0.0,0.0,0.0,0.0,0.0,0.0
2024-07-26T07:00,3600,0.0,0.02757695638,0.0,0.0,0.0,0.02757695638
2024-07-26T08:00,3600,0.0,0.10362284176,0.0,0.0,0.0,0.10362284176
2024-07-26T09:00,3600,0.0,0.151808785,0.0,0.0,0.0,0.151808785
2024-07-26T10:00,3600,0.0,0.27178421307999995,0.0,0.0,0.0,0.27178421307999995
2024-07-26T11:00,3600,0.0,0.28148431663999995,0.0,0.0,0.0,0.28148431663999995
2024-07-26T12:00,3600,0.0,0.40714977572,0.0,0.0,0.0,0.40714977572
2024-07-26T13:00,3600,0.0,0.39664282743,0.0,0.0,0.0,0.39664282743
2024-07-26T14:00,3600,0.0,0.39472379687000003,0.0,0.0,0.0,0.39472379687000003
2024-07-26T15:00,3600,0.0,0.25122419844000005,0.0,0.0,0.0,0.25122419844000005
2024-07-26T16:00,3600,0.0,0.2589959385,0.0,0.0,0.0,0.2589959385
2024-07-26T17:00,3600,0.0,0.17522080075,0.0,0.0,0.0,0.17522080075
2024-07-26T18:00,3600,1.072564705882353,0.10978134835,0.10978134835,0.9627833575323531,0.0,0.0
2024-07-26T19:00,3600,1.0870588235294116,0.0210586956,0.0210586956,1.0660001279294116,0.0,0.0
2024-07-26T20:00,3600,1.0870588235294116,0.0,0.0,1.0870588235294116,0.0,0.0
2024-07-26T21:00,3600,1.0870588235294116,0.0,0.0,1.0870588235294116,0.0,0.0
2024-07-26T22:00,3600,1.0870588235294116,0.0,0.0,1.0870588235294116,0.0,0.0
2024-07-26T23:00,3600,1.0870588235294116,0.0,0.0,1.0870588235294116,0.0,0.0
2024-07-27T00:00,3600,0.0,0.0,0.0,0.0,0.0,0.0
2024-07-27T01:00,3600,0.0,0.0,0.0,0.0,0.0,0.0
2024-07-27T02:00,3600,0.0,0.0,0.0,0.0,0.0,0.0
2024-07-27T03:00,3600,0.0,0.0,0.0,0.0,0.0,0.0
2024-07-27T04:00,3600,0.0,0.0,0.0,0.0,0.0,0.0
2024-07-27T05:00,3600,0.0,0.0,0.0,0.0,0.0,0.0
2024-07-27T06:00,3600,0.0,0.0,0.0,0.0,0.0,0.0
2024-07-27T07:00,3600,0.0,0.0,0.0,0.0,0.0,0.0
2024-07-27T08:00,3600,0.0,0.005379169739999999,0.0,0.0,0.0,0.005379169739999999
2024-07-27T09:00,3600,0.0,0.01579102546,0.0,0.0,0.0,0.01579102546
2024-07-27T10:00,3600,0.0,0.028536574949999997,0.0,0.0,0.0,0.028536574949999997
2024-07-27T11:00,3600,0.0,0.03887100199,0.0,0.0,0.0,0.03887100199
2024-07-27T12:00,3600,0.0,0.050702174339999996,0.0,0.0,0.0,0.050702174339999996
2024-07-27T13:00,3600,0.0,0.07243976363,0.0,0.0,0.0,0.07243976363
2024-07-27T14:00,3600,0.0,0.08562631128999999,0.0,0.0,0.0,0.08562631128999999
2024-07-27T15:00,3600,0.0,0.05671688472,0.0,0.0,0.0,0.05671688472
2024-07-27T16:00,3600,0.0,0.052857830589999995,0.0,0.0,0.0,0.052857830589999995
2024-07-27T17:00,3600,0.0,0.034690291479999996,0.0,0.0,0.0,0.034690291479999996
2024-07-27T18:00,3600,0.0,0.0173370873,0.0,0.0,0.0,0.0173370873
2024-07-27T19:00,3600,0.0,0.00295841667,0.0,0.0,0.0,0.00295841667
2024-07-27T20:00,3600,0.0,0.0,0.0,0.0,0.0,0.0
2024-07-27T21:00,3600,0.0,0.0,0.0,0.0,0.0,0.0
2024-07-27T22:00,3600,0.0,0.0,0.0,0.0,0.0,0.0
2024-07-27T23:00,3600,0.0,0.0,0.0,0.0,0.0,0.0
2024-07-28T00:00,3600,0.0,0.0,0.0,0.0,0.0,0.0
2024-07-28T01:00,3600,0.0,0.0,0.0,0.0,0.0,0.0
2024-07-28T02:00,3600,0.0,0.0,0.0,0.0,0.0,0.0
2024-07-28T03:00,3600,0.0,0.0,0.0,0.0,0.0,0.0
2024-07-28T04:00,3600,0.0,0.0,0.0,0.0,0.0,0.0
2024-07-28T05:00,3600,0.0,0.0,0.0,0.0,0.0,0.0
2024-07-28T06:00,3600,0.0,0.0,0.0,0.0,0.0,0.0
2024-07-28T07:00,3600,0.0,0.00057516015,0.0,0.0,0.0,0.00057516015
2024-07-28T08:00,3600,0.0,0.01341645634,0.0,0.0,0.0,0.01341645634
2024-07-28T09:00,3600,0.0,0.025446692930000004,0.0,0.0,0.0,0.025446692930000004
2024-07-28T10:00,3600,0.0,0.06413486293,0.0,0.0,0.0,0.06413486293
2024-07-28T11:00,3600,0.0,0.06828875549999999,0.0,0.0,0.0,0.06828875549999999
2024-07-28T12:00,3600,0.0,0.11502945884,0.0,0.0,0.0,0.11502945884
2024-07-28T13:00,3600,0.0,0.16970190438,0.0,0.0,0.0,0.16970190438
2024-07-28T14:00,3600,0.0,0.17317855997999998,0.0,0.0,0.0,0.17317855997999998
2024-07-28T15:00,3600,0.0,0.07800843663000001,0.0,0.0,0.0,0.07800843663000001
2024-07-28T16:00,3600,0.0,0.11448554266,0.0,0.0,0.0,0.11448554266
2024-07-28T17:00,3600,0.0,0.05899369759,0.0,0.0,0.0,0.05899369759
2024-07-28T18:00,3600,0.0,0.049221396140000005,0.0,0.0,0.0,0.049221396140000005
2024-07-28T19:00,3600,0.0,0.015006048659999998,0.0,0.0,0.0,0.015006048659999998
2024-07-28T20:00,3600,0.0,0.0,0.0,0.0,0.0,0.0
2024-07-28T21:00,3600,0.0,0.0,0.0,0.0,0.0,0.0
2024-07-28T22:00,3600,0.0,0.0,0.0,0.0,0.0,0.0
2024-07-28T23:00,3600,0.0,0.0,0.0,0.0,0.0,0.0
2024-07-29T00:00,3600,0.0,0.0,0.0,0.0,0.0,0.0
2024-07-29T01:00,3600,0.0,0.0,0.0,0.0,0.0,0.0
2024-07-29T02:00,3600,0.0,0.0,0.0,0.0,0.0,0.0
2024-07-29T03:00,3600,0.0,0.0,0.0,0.0,0.0,0.0
2024-07-29T04:00,3600,0.0,0.0,0.0,0.0,0.0,0.0
2024-07-29T05:00,3600,0.0,0.0,0.0,0.0,0.0,0.0
2024-07-29T06:00,3600,0.0,0.0,0.0,0.0,0.0,0.0
2024-07-29T07:00,3600,0.0,0.01109788839,0.0,0.0,0.0,0.01109788839
2024-07-29T08:00,3600,0.0,0.048726661129999994,0.0,0.0,0.0,0.048726661129999994
2024-07-29T09:00,3600,0.0,0.11374049239,0.0,0.0,0.0,0.11374049239
2024-07-29T10:00,3600,0.0,0.21367443585,0.0,0.0,0.0,0.21367443585
2024-07-29T11:00,3600,0.0,0.36152409568000005,0.0,0.0,0.0,0.36152409568000005
2024-07-29T12:00,3600,0.0,0.30583553143,0.0,0.0,0.0,0.30583553143
2024-07-29T13:00,3600,0.0,0.30426194565,0.0,0.0,0.0,0.30426194565
2024-07-29T14:00,3600,0.0,0.12040480797,0.0,0.0,0.0,0.12040480797
2024-07-29T15:00,3600,0.0,0.19376728762999998,0.0,0.0,0.0,0.19376728762999998
2024-07-29T16:00,3600,0.0,0.14572695576000003,0.0,0.0,0.0,0.14572695576000003
2024-07-29T17:00,3600,0.0,0.06789767254,0.0,0.0,0.0,0.06789767254
2024-07-29T18:00,3600,1.0870588235294116,0.051618043079999995,0.051618043079999995,1.0354407804494117,0.0,0.0
2024-07-29T19:00,3600,1.0870588235294116,0.01578855665,0.01578855665,1.0712702668794116,0.0,0.0
2024-07-29T20:00,3600,1.0870588235294116,0.0,0.0,1.0870588235294116,0.0,0.0
2024-07-29T21:00,3600,1.0870588235294116,0.0,0.0,1.0870588235294116,0.0,0.0
2024-07-29T22:00,3600,1.0870588235294116,0.0,0.0,1.0870588235294116,0.0,0.0
2024-07-29T23:00,3600,1.0870588235294116,0.0,0.0,1.0870588235294116,0.0,0.0
2024-07-30T00:00,3600,0.0,0.0,0.0,0.0,0.0,0.0
2024-07-30T01:00,3600,0.0,0.0,0.0,0.0,0.0,0.0
2024-07-30T02:00,3600,0.0,0.0,0.0,0.0,0.0,0.0
2024-07-30T03:00,3600,0.0,0.0,0.0,0.0,0.0,0.0
2024-07-30T04:00,3600,0.0,0.0,0.0,0.0,0.0,0.0
2024-07-30T05:00,3600,0.0,0.0,0.0,0.0,0.0,0.0
2024-07-30T06:00,3600,0.0,0.0,0.0,0.0,0.0,0.0
2024-07-30T07:00,3600,0.0,0.020501431650000002,0.0,0.0,0.0,0.020501431650000002
2024-07-30T08:00,3600,0.0,0.06264732334,0.0,0.0,0.0,0.06264732334
2024-07-30T09:00,3600,0.0,0.11599947546999999,0.0,0.0,0.0,0.11599947546999999
2024-07-30T10:00,3600,0.0,0.15680874911,0.0,0.0,0.0,0.15680874911
2024-07-30T11:00,3600,0.0,0.29444757370999997,0.0,0.0,0.0,0.29444757370999997
2024-07-30T12:00,3600,0.0,0.27255963768999997,0.0,0.0,0.0,0.27255963768999997
2024-07-30T13:00,3600,0.0,0.4592820329,0.0,0.0,0.0,0.4592820329
2024-07-30T14:00,3600,0.0,0.35888877067999997,0.0,0.0,0.0,0.35888877067999997
2024-07-30T15:00,3600,0.0,0.20560415675,0.0,0.0,0.0,0.20560415675
2024-07-30T16:00,3600,0.0,0.20083695401999999,0.0,0.0,0.0,0.20083695401999999
2024-07-30T17:00,3600,0.0,0.12207343886,0.0,0.0,0.0,0.12207343886
2024-07-30T18:00,3600,1.0870588235294116,0.054651287869999995,0.054651287869999995,1.0324075356594116,0.0,0.0
2024-07-30T19:00,3600,1.0870588235294116,0.0077954931,0.0077954931,1.0792633304294117,0.0,0.0
2024-07-30T20:00,3600,1.0870588235294116,0.0,0.0,1.0870588235294116,0.0,0.0
2024-07-30T21:00,3600,1.0870588235294116,0.0,0.0,1.0870588235294116,0.0,0.0
2024-07-30T22:00,3600,1.0870588235294116,0.0,0.0,1.0870588235294116,0.0,0.0
2024-07-30T23:00,3600,1.0870588235294116,0.0,0.0,1.0870588235294116,0.0,0.0
2024-07-31T00:00,3600,0.0,0.0,0.0,0.0,0.0,0.0
2024-07-31T01:00,3600,0.0,0.0,0.0,0.0,0.0,0.0
2024-07-31T02:00,3600,0.0,0.0,0.0,0.0,0.0,0.0
2024-07-31T03:00,3600,0.0,0.0,0.0,0.0,0.0,0.0
2024-07-31T04:00,3600,0.0,0.0,0.0,0.0,0.0,0.0
2024-07-31T05:00,3600,0.0,0.0,0.0,0.0,0.0,0.0
2024-07-31T06:00,3600,0.0,0.0,0.0,0.0,0.0,0.0
2024-07-31T07:00,3600,0.0,0.01925911819,0.0,0.0,0.0,0.01925911819
2024-07-31T08:00,3600,0.0,0.11176238223,0.0,0.0,0.0,0.11176238223
2024-07-31T09:00,3600,0.0,0.23841374175000002,0.0,0.0,0.0,0.23841374175000002
2024-07-31T10:00,3600,0.0,0.39758532169,0.0,0.0,0.0,0.39758532169
2024-07-31T11:00,3600,0.0,0.23039788997,0.0,0.0,0.0,0.23039788997
2024-07-31T12:00,3600,0.0,0.2832738338,0.0,0.0,0.0,0.2832738338
2024-07-31T13:00,3600,0.0,0.27550787257000003,0.0,0.0,0.0,0.27550787257000003
2024-07-31T14:00,3600,0.0,0.3568575896,0.0,0.0,0.0,0.3568575896
2024-07-31T15:00,3600,0.0,0.37647553799,0.0,0.0,0.0,0.37647553799
2024-07-31T16:00,3600,0.0,0.23974091632,0.0,0.0,0.0,0.23974091632
2024-07-31T17:00,3600,0.0,0.12399822214,0.0,0.0,0.0,0.12399822214
2024-07-31T18:00,3600,1.0870588235294116,0.06187795268,0.06187795268,1.0251808708494117,0.0,0.0
2024-07-31T19:00,3600,1.0870588235294116,0.01415409404,0.01415409404,1.0729047294894116,0.0,0.0
2024-07-31T20:00,3600,1.0870588235294116,0.0,0.0,1.0870588235294116,0.0,0.0
2024-07-31T21:00,3600,1.0870588235294116,0.0,0.0,1.0870588235294116,0.0,0.0
2024-07-31T22:00,3600,1.0870588235294116,0.0,0.0,1.0870588235294116,0.0,0.0
2024-07-31T23:00,3600,1.0870588235294116,0.0,0.0,1.0870588235294116,0.0,0.0
2024-08-01T00:00,3600,0.0,0.0,0.0,0.0,0.0,0.0
2024-08-01T01:00,3600,0.0,0.0,0.0,0.0,0.0,0.0
2024-08-01T02:00,3600,0.0,0.0,0.0,0.0,0.0,0.0
2024-08-01T03:00,3600,0.0,0.0,0.0,0.0,0.0,0.0
2024-08-01T04:00,3600,0.0,0.0,0.0,0.0,0.0,0.0
2024-08-01T05:00,3600,0.0,0.0,0.0,0.0,0.0,0.0
2024-08-01T06:00,3600,0.0,0.0,0.0,0.0,0.0,0.0
2024-08-01T07:00,3600,0.0,0.02720149645,0.0,0.0,0.0,0.02720149645
2024-08-01T08:00,3600,0.0,0.12440173062,0.0,0.0,0.0,0.12440173062
2024-08-01T09:00,3600,0.0,0.21677457205,0.0,0.0,0.0,0.21677457205
2024-08-01T10:00,3600,0.0,0.37973186983,0.0,0.0,0.0,0.37973186983
2024-08-01T11:00,3600,0.0,0.48257851825,0.0,0.0,0.0,0.48257851825
2024-08-01T12:00,3600,0.0,0.46688627125,0.0,0.0,0.0,0.46688627125
2024-08-01T13:00,3600,0.0,0.50098951768,0.0,0.0,0.0,0.50098951768
2024-08-01T14:00,3600,0.0,0.44523729213,0.0,0.0,0.0,0.44523729213
2024-08-01T15:00,3600,0.0,0.34994874628,0.0,0.0,0.0,0.34994874628
2024-08-01T16:00,3600,0.0,0.29033220997,0.0,0.0,0.0,0.29033220997
2024-08-01T17:00,3600,0.0,0.16729897504,0.0,0.0,0.0,0.16729897504
2024-08-01T18:00,3600,1.0870588235294116,0.07496053669,0.07496053669,1.0120982868394117,0.0,0.0
2024-08-01T19:00,3600,1.0870588235294116,0.01732710287,0.01732710287,1.0697317206594117,0.0,0.0
2024-08-01T20:00,3600,1.0870588235294116,0.0,0.0,1.0870588235294116,0.0,0.0
2024-08-01T21:00,3600,1.0870588235294116,0.0,0.0,1.0870588235294116,0.0,0.0
2024-08-01T22:00,3600,1.0870588235294116,0.0,0.0,1.0870588235294116,0.0,0.0
2024-08-01T23:00,3600,1.0870588235294116,0.0,0.0,1.0870588235294116,0.0,0.0
2024-08-02T00:00,3600,0.0,0.0,0.0,0.0,0.0,0.0
2024-08-02T01:00,3600,0.0,0.0,0.0,0.0,0.0,0.0
2024-08-02T02:00,3600,0.0,0.0,0.0,0.0,0.0,0.0
2024-08-02T03:00,3600,0.0,0.0,0.0,0.0,0.0,0.0
2024-08-02T04:00,3600,0.0,0.0,0.0,0.0,0.0,0.0
2024-08-02T05:00,3600,0.0,0.0,0.0,0.0,0.0,0.0
2024-08-02T06:00,3600,0.0,0.0,0.0,0.0,0.0,0.0
2024-08-02T07:00,3600,0.0,0.03112601947,0.0,0.0,0.0,0.03112601947
2024-08-02T08:00,3600,0.0,0.1537203557,0.0,0.0,0.0,0.1537203557
2024-08-02T09:00,3600,0.0,0.23830755073,0.0,0.0,0.0,0.23830755073
2024-08-02T10:00,3600,0.0,0.36985063289,0.0,0.0,0.0,0.36985063289
2024-08-02T11:00,3600,0.0,0.47954082629,0.0,0.0,0.0,0.47954082629
2024-08-02T12:00,3600,0.0,0.49336946378999996,0.0,0.0,0.0,0.49336946378999996
2024-08-02T13:00,3600,0.0,0.55672238478,0.0,0.0,0.0,0.55672238478
2024-08-02T14:00,3600,0.0,0.48908005862,0.0,0.0,0.0,0.48908005862
2024-08-02T15:00,3600,0.0,0.36469645962999997,0.0,0.0,0.0,0.36469645962999997
2024-08-02T16:00,3600,0.0,0.33912759056,0.0,0.0,0.0,0.33912759056
2024-08-02T17:00,3600,0.0,0.17723910835999998,0.0,0.0,0.0,0.17723910835999998
2024-08-02T18:00,3600,1.0870588235294116,0.07796464279000001,0.07796464279000001,1.0090941807394116,0.0,0.0
2024-08-02T19:00,3600,1.0870588235294116,0.022075380729999997,0.022075380729999997,1.0649834427994116,0.0,0.0
2024-08-02T20:00,3600,1.0870588235294116,0.0,0.0,1.0870588235294116,0.0,0.0
2024-08-02T21:00,3600,1.0870588235294116,0.0,0.0,1.0870588235294116,0.0,0.0
2024-08-02T22:00,3600,1.0870588235294116,0.0,0.0,1.0870588235294116,0.0,0.0
2024-08-02T23:00,3600,1.0870588235294116,0.0,0.0,1.0870588235294116,0.0,0.0
2024-08-03T00:00,3600,0.0,0.0,0.0,0.0,0.0,0.0
2024-08-03T01:00,3600,0.0,0.0,0.0,0.0,0.0,0.0
2024-08-03T02:00,3600,0.0,0.0,0.0,0.0,0.0,0.0
2024-08-03T03:00,3600,0.0,0.0,0.0,0.0,0.0,0.0
2024-08-03T04:00,3600,0.0,0.0,0.0,0.0,0.0,0.0
2024-08-03T05:00,3600,0.0,0.0,0.0,0.0,0.0,0.0
2024-08-03T06:00,3600,0.0,0.0,0.0,0.0,0.0,0.0
2024-08-03T07:00,3600,0.0,0.049873044389999996,0.0,0.0,0.0,0.049873044389999996
2024-08-03T08:00,3600,0.0,0.20649492248,0.0,0.0,0.0,0.20649492248
2024-08-03T09:00,3600,0.0,0.34884607679999996,0.0,0.0,0.0,0.34884607679999996
2024-08-03T10:00,3600,0.0,0.46147473867000005,0.0,0.0,0.0,0.46147473867000005
2024-08-03T11:00,3600,0.0,0.5201427712,0.0,0.0,0.0,0.5201427712
2024-08-03T12:00,3600,0.0,0.50363747239,0.0,0.0,0.0,0.50363747239
2024-08-03T13:00,3600,0.0,0.49379326908,0.0,0.0,0.0,0.49379326908
2024-08-03T14:00,3600,0.0,0.5148851810899999,0.0,0.0,0.0,0.5148851810899999
2024-08-03T15:00,3600,0.0,0.41489548903000006,0.0,0.0,0.0,0.41489548903000006
2024-08-03T16:00,3600,0.0,0.29223439441,0.0,0.0,0.0,0.29223439441
2024-08-03T17:00,3600,0.0,0.17466821557,0.0,0.0,0.0,0.17466821557
2024-08-03T18:00,3600,0.0,0.06549466788,0.0,0.0,0.0,0.06549466788
2024-08-03T19:00,3600,0.0,0.02035240686,0.0,0.0,0.0,0.02035240686
2024-08-03T20:00,3600,0.0,0.0,0.0,0.0,0.0,0.0
2024-08-03T21:00,3600,0.0,0.0,0.0,0.0,0.0,0.0
2024-08-03T22:00,3600,0.0,0.0,0.0,0.0,0.0,0.0
2024-08-03T23:00,3600,0.0,0.0,0.0,0.0,0.0,0.0
2024-08-04T00:00,3600,0.0,0.0,0.0,0.0,0.0,0.0
2024-08-04T01:00,3600,0.0,0.0,0.0,0.0,0.0,0.0
2024-08-04T02:00,3600,0.0,0.0,0.0,0.0,0.0,0.0
2024-08-04T03:00,3600,0.0,0.0,0.0,0.0,0.0,0.0
2024-08-04T04:00,3600,0.0,0.0,0.0,0.0,0.0,0.0
2024-08-04T05:00,3600,0.0,0.0,0.0,0.0,0.0,0.0
2024-08-04T06:00,3600,0.0,0.0,0.0,0.0,0.0,0.0
2024-08-04T07:00,3600,0.0,0.05493427404,0.0,0.0,0.0,0.05493427404
2024-08-04T08:00,3600,0.0,0.22551713714,0.0,0.0,0.0,0.22551713714
2024-08-04T09:00,3600,0.0,0.39632198039999994,0.0,0.0,0.0,0.39632198039999994
2024-08-04T10:00,3600,0.0,0.52302273354,0.0,0.0,0.0,0.52302273354
2024-08-04T11:00,3600,0.0,0.6130291656199999,0.0,0.0,0.0,0.6130291656199999
2024-08-04T12:00,3600,0.0,0.63364537903,0.0,0.0,0.0,0.63364537903
2024-08-04T13:00,3600,0.0,0.5901132749900001,0.0,0.0,0.0,0.5901132749900001
2024-08-04T14:00,3600,0.0,0.53410597728,0.0,0.0,0.0,0.53410597728
2024-08-04T15:00,3600,0.0,0.47482293465,0.0,0.0,0.0,0.47482293465
2024-08-04T16:00,3600,0.0,0.32930335513000003,0.0,0.0,0.0,0.32930335513000003
2024-08-04T17:00,3600,0.0,0.19413108139,0.0,0.0,0.0,0.19413108139
2024-08-04T18:00,3600,0.0,0.06785015391,0.0,0.0,0.0,0.06785015391
2024-08-04T19:00,3600,0.0,0.01870556889,0.0,0.0,0.0,0.01870556889
2024-08-04T20:00,3600,0.0,0.0,0.0,0.0,0.0,0.0
2024-08-04T21:00,3600,0.0,0.0,0.0,0.0,0.0,0.0
2024-08-04T22:00,3600,0.0,0.0,0.0,0.0,0.0,0.0
2024-08-04T23:00,3600,0.0,0.0,0.0,0.0,0.0,0.0
2024-08-05T00:00,3600,0.0,0.0,0.0,0.0,0.0,0.0
2024-08-05T01:00,3600,0.0,0.0,0.0,0.0,0.0,0.0
2024-08-05T02:00,3600,0.0,0.0,0.0,0.0,0.0,0.0
2024-08-05T03:00,3600,0.0,0.0,0.0,0.0,0.0,0.0
2024-08-05T04:00,3600,0.0,0.0,0.0,0.0,0.0,0.0
2024-08-05T05:00,3600,0.0,0.0,0.0,0.0,0.0,0.0
2024-08-05T06:00,3600,0.0,0.0,0.0,0.0,0.0,0.0
2024-08-05T07:00,3600,0.0,0.055656071429999995,0.0,0.0,0.0,0.055656071429999995
2024-08-05T08:00,3600,0.0,0.22922151206,0.0,0.0,0.0,0.22922151206
2024-08-05T09:00,3600,0.0,0.39822526682,0.0,0.0,0.0,0.39822526682
2024-08-05T10:00,3600,0.0,0.52594240917,0.0,0.0,0.0,0.52594240917
2024-08-05T11:00,3600,0.0,0.6154441816800001,0.0,0.0,0.0,0.6154441816800001
2024-08-05T12:00,3600,0.0,0.6551103173699999,0.0,0.0,0.0,0.6551103173699999
2024-08-05T13:00,3600,0.0,0.6080177517900001,0.0,0.0,0.0,0.6080177517900001
2024-08-05T14:00,3600,0.0,0.55774206774,0.0,0.0,0.0,0.55774206774
2024-08-05T15:00,3600,0.0,0.43367479425,0.0,0.0,0.0,0.43367479425
2024-08-05T16:00,3600,0.0,0.34144425145,0.0,0.0,0.0,0.34144425145
2024-08-05T17:00,3600,0.0,0.19474442825,0.0,0.0,0.0,0.19474442825
2024-08-05T18:00,3600,1.0688376470588234,0.07756907076,0.07756907076,0.9912685762988235,0.0,0.0
2024-08-05T19:00,3600,1.07008,0.02415701746,0.02415701746,1.0459229825399998,0.0,0.0
2024-08-05T20:00,3600,1.0713223529411764,0.0,0.0,1.0713223529411764,0.0,0.0
2024-08-05T21:00,3600,1.0750494117647058,0.0,0.0,1.0750494117647058,0.0,0.0
2024-08-05T22:00,3600,1.086230588235294,0.0,0.0,1.086230588235294,0.0,0.0
2024-08-05T23:00,3600,1.0870588235294116,0.0,0.0,1.0870588235294116,0.0,0.0
2024-08-06T00:00,3600,0.0,0.0,0.0,0.0,0.0,0.0
2024-08-06T01:00,3600,0.0,0.0,0.0,0.0,0.0,0.0
2024-08-06T02:00,3600,0.0,0.0,0.0,0.0,0.0,0.0
2024-08-06T03:00,3600,0.0,0.0,0.0,0.0,0.0,0.0
2024-08-06T04:00,3600,0.0,0.0,0.0,0.0,0.0,0.0
2024-08-06T05:00,3600,0.0,0.0,0.0,0.0,0.0,0.0
2024-08-06T06:00,3600,0.0,0.0,0.0,0.0,0.0,0.0
2024-08-06T07:00,3600,0.0,0.05236761326,0.0,0.0,0.0,0.05236761326
2024-08-06T08:00,3600,0.0,0.22904308907,0.0,0.0,0.0,0.22904308907
2024-08-06T09:00,3600,0.0,0.38567338299000004,0.0,0.0,0.0,0.38567338299000004
2024-08-06T10:00,3600,0.0,0.5223071607599999,0.0,0.0,0.0,0.5223071607599999
2024-08-06T11:00,3600,0.0,0.6064493900899999,0.0,0.0,0.0,0.6064493900899999
2024-08-06T12:00,3600,0.0,0.62884958119,0.0,0.0,0.0,0.62884958119
2024-08-06T13:00,3600,0.0,0.62124122233,0.0,0.0,0.0,0.62124122233
2024-08-06T14:00,3600,0.0,0.54303572558,0.0,0.0,0.0,0.54303572558
2024-08-06T15:00,3600,0.0,0.43186037875,0.0,0.0,0.0,0.43186037875
2024-08-06T16:00,3600,0.0,0.22291813844000002,0.0,0.0,0.0,0.22291813844000002
2024-08-06T17:00,3600,0.0,0.10738652645,0.0,0.0,0.0,0.10738652645
2024-08-06T18:00,3600,1.0870588235294116,0.06230929397,0.06230929397,1.0247495295594116,0.0,0.0
2024-08-06T19:00,3600,1.0870588235294116,0.018010849,0.018010849,1.0690479745294117,0.0,0.0
2024-08-06T20:00,3600,1.0870588235294116,0.0,0.0,1.0870588235294116,0.0,0.0
2024-08-06T21:00,3600,1.0870588235294116,0.0,0.0,1.0870588235294116,0.0,0.0
2024-08-06T22:00,3600,1.0870588235294116,0.0,0.0,1.0870588235294116,0.0,0.0
2024-08-06T23:00,3600,1.0870588235294116,0.0,0.0,1.0870588235294116,0.0,0.0
2024-08-07T00:00,3600,0.0,0.0,0.0,0.0,0.0,0.0
2024-08-07T01:00,3600,0.0,0.0,0.0,0.0,0.0,0.0
2024-08-07T02:00,3600,0.0,0.0,0.0,0.0,0.0,0.0
2024-08-07T03:00,3600,0.0,0.0,0.0,0.0,0.0,0.0
2024-08-07T04:00,3600,0.0,0.0,0.0,0.0,0.0,0.0
2024-08-07T05:00,3600,0.0,0.0,0.0,0.0,0.0,0.0
2024-08-07T06:00,3600,0.0,0.0,0.0,0.0,0.0,0.0
2024-08-07T07:00,3600,0.0,0.04624812841,0.0,0.0,0.0,0.04624812841
2024-08-07T08:00,3600,0.0,0.19234910711,0.0,0.0,0.0,0.19234910711
2024-08-07T09:00,3600,0.0,0.31930964011999996,0.0,0.0,0.0,0.31930964011999996
2024-08-07T10:00,3600,0.0,0.4986628134,0.0,0.0,0.0,0.4986628134
2024-08-07T11:00,3600,0.0,0.5953569802900001,0.0,0.0,0.0,0.5953569802900001
2024-08-07T12:00,3600,0.0,0.6402314476200001,0.0,0.0,0.0,0.6402314476200001
2024-08-07T13:00,3600,0.0,0.6237263131199999,0.0,0.0,0.0,0.6237263131199999
2024-08-07T14:00,3600,0.0,0.5421276068900001,0.0,0.0,0.0,0.5421276068900001
2024-08-07T15:00,3600,0.0,0.45312181586999994,0.0,0.0,0.0,0.45312181586999994
2024-08-07T16:00,3600,0.0,0.32305354641999995,0.0,0.0,0.0,0.32305354641999995
2024-08-07T17:00,3600,0.0,0.20036853928,0.0,0.0,0.0,0.20036853928
2024-08-07T18:00,3600,1.072564705882353,0.06030100635,0.06030100635,1.012263699532353,0.0,0.0
2024-08-07T19:00,3600,1.072564705882353,0.01476818177,0.01476818177,1.057796524112353,0.0,0.0
2024-08-07T20:00,3600,1.0713223529411764,0.0,0.0,1.0713223529411764,0.0,0.0
2024-08-07T21:00,3600,1.0738070588235296,0.0,0.0,1.0738070588235296,0.0,0.0
2024-08-07T22:00,3600,1.0870588235294116,0.0,0.0,1.0870588235294116,0.0,0.0
2024-08-07T23:00,3600,1.0870588235294116,0.0,0.0,1.0870588235294116,0.0,0.0
2024-08-08T00:00,3600,0.0,0.0,0.0,0.0,0.0,0.0
2024-08-08T01:00,3600,0.0,0.0,0.0,0.0,0.0,0.0
2024-08-08T02:00,3600,0.0,0.0,0.0,0.0,0.0,0.0
2024-08-08T03:00,3600,0.0,0.0,0.0,0.0,0.0,0.0
2024-08-08T04:00,3600,0.0,0.0,0.0,0.0,0.0,0.0
2024-08-08T05:00,3600,0.0,0.0,0.0,0.0,0.0,0.0
2024-08-08T06:00,3600,0.0,0.0,0.0,0.0,0.0,0.0
2024-08-08T07:00,3600,0.0,0.04546704013,0.0,0.0,0.0,0.04546704013
2024-08-08T08:00,3600,0.0,0.21335186906,0.0,0.0,0.0,0.21335186906
2024-08-08T09:00,3600,0.0,0.3712964691,0.0,0.0,0.0,0.3712964691
2024-08-08T10:00,3600,0.0,0.51254378638,0.0,0.0,0.0,0.51254378638
2024-08-08T11:00,3600,0.0,0.61414928641,0.0,0.0,0.0,0.61414928641
2024-08-08T12:00,3600,0.0,0.6177345535600001,0.0,0.0,0.0,0.6177345535600001
2024-08-08T13:00,3600,0.0,0.62551633114,0.0,0.0,0.0,0.62551633114
2024-08-08T14:00,3600,0.0,0.52017744624,0.0,0.0,0.0,0.52017744624
2024-08-08T15:00,3600,0.0,0.46981295485999996,0.0,0.0,0.0,0.46981295485999996
2024-08-08T16:00,3600,0.0,0.33871840249,0.0,0.0,0.0,0.33871840249
2024-08-08T17:00,3600,0.0,0.19661226593999998,0.0,0.0,0.0,0.19661226593999998
2024-08-08T18:00,3600,1.0638682352941178,0.06647576814,0.06647576814,0.9973924671541178,0.0,0.0
2024-08-08T19:00,3600,1.0713223529411764,0.01877027458,0.01877027458,1.0525520783611764,0.0,0.0
2024-08-08T20:00,3600,1.0688376470588234,0.0,0.0,1.0688376470588234,0.0,0.0
2024-08-08T21:00,3600,1.0713223529411764,0.0,0.0,1.0713223529411764,0.0,0.0
2024-08-08T22:00,3600,1.0837458823529413,0.0,0.0,1.0837458823529413,0.0,0.0
2024-08-08T23:00,3600,1.0870588235294116,0.0,0.0,1.0870588235294116,0.0,0.0
2024-08-09T00:00,3600,0.0,0.0,0.0,0.0,0.0,0.0
2024-08-09T01:00,3600,0.0,0.0,0.0,0.0,0.0,0.0
2024-08-09T02:00,3600,0.0,0.0,0.0,0.0,0.0,0.0
2024-08-09T03:00,3600,0.0,0.0,0.0,0.0,0.0,0.0
2024-08-09T04:00,3600,0.0,0.0,0.0,0.0,0.0,0.0
2024-08-09T05:00,3600,0.0,0.0,0.0,0.0,0.0,0.0
2024-08-09T06:00,3600,0.0,0.0,0.0,0.0,0.0,0.0
2024-08-09T07:00,3600,0.0,0.05258841018,0.0,0.0,0.0,0.05258841018
2024-08-09T08:00,3600,0.0,0.22967141993999998,0.0,0.0,0.0,0.22967141993999998
2024-08-09T09:00,3600,0.0,0.40444188487999994,0.0,0.0,0.0,0.40444188487999994
2024-08-09T10:00,3600,0.0,0.51634396027,0.0,0.0,0.0,0.51634396027
2024-08-09T11:00,3600,0.0,0.58587892145,0.0,0.0,0.0,0.58587892145
2024-08-09T12:00,3600,0.0,0.6041234866399999,0.0,0.0,0.0,0.6041234866399999
2024-08-09T13:00,3600,0.0,0.5556117148199999,0.0,0.0,0.0,0.5556117148199999
2024-08-09T14:00,3600,0.0,0.5174044794899999,0.0,0.0,0.0,0.5174044794899999
2024-08-09T15:00,3600,0.0,0.43368823614,0.0,0.0,0.0,0.43368823614
2024-08-09T16:00,3600,0.0,0.34192584007,0.0,0.0,0.0,0.34192584007
2024-08-09T17:00,3600,0.0,0.19077089241,0.0,0.0,0.0,0.19077089241
2024-08-09T18:00,3600,1.062625882352941,0.06380342448,0.06380342448,0.9988224578729411,0.0,0.0
2024-08-09T19:00,3600,1.0675952941176472,0.01716129603,0.01716129603,1.0504339980876471,0.0,0.0
2024-08-09T20:00,3600,1.0663529411764705,0.0,0.0,1.0663529411764705,0.0,0.0
2024-08-09T21:00,3600,1.0688376470588234,0.0,0.0,1.0688376470588234,0.0,0.0
2024-08-09T22:00,3600,1.0825035294117646,0.0,0.0,1.0825035294117646,0.0,0.0
2024-08-09T23:00,3600,1.0870588235294116,0.0,0.0,1.0870588235294116,0.0,0.0
2024-08-10T00:00,3600,0.0,0.0,0.0,0.0,0.0,0.0
2024-08-10T01:00,3600,0.0,0.0,0.0,0.0,0.0,0.0
2024-08-10T02:00,3600,0.0,0.0,0.0,0.0,0.0,0.0
2024-08-10T03:00,3600,0.0,0.0,0.0,0.0,0.0,0.0
2024-08-10T04:00,3600,0.0,0.0,0.0,0.0,0.0,0.0
2024-08-10T05:00,3600,0.0,0.0,0.0,0.0,0.0,0.0
2024-08-10T06:00,3600,0.0,0.0,0.0,0.0,0.0,0.0
2024-08-10T07:00,3600,0.0,0.03531157881,0.0,0.0,0.0,0.03531157881
2024-08-10T08:00,3600,0.0,0.1105713311,0.0,0.0,0.0,0.1105713311
2024-08-10T09:00,3600,0.0,0.25529439804,0.0,0.0,0.0,0.25529439804
2024-08-10T10:00,3600,0.0,0.40433713139,0.0,0.0,0.0,0.40433713139
2024-08-10T11:00,3600,0.0,0.42294694799000004,0.0,0.0,0.0,0.42294694799000004
2024-08-10T12:00,3600,0.0,0.5597835145000001,0.0,0.0,0.0,0.5597835145000001
2024-08-10T13:00,3600,0.0,0.5222005848300001,0.0,0.0,0.0,0.5222005848300001
2024-08-10T14:00,3600,0.0,0.45114807662,0.0,0.0,0.0,0.45114807662
2024-08-10T15:00,3600,0.0,0.33438930935000005,0.0,0.0,0.0,0.33438930935000005
2024-08-10T16:00,3600,0.0,0.19131322879999998,0.0,0.0,0.0,0.19131322879999998
2024-08-10T17:00,3600,0.0,0.15659537768000004,0.0,0.0,0.0,0.15659537768000004
2024-08-10T18:00,3600,0.0,0.07205148132,0.0,0.0,0.0,0.07205148132
2024-08-10T19:00,3600,0.0,0.01712458418,0.0,0.0,0.0,0.01712458418
2024-08-10T20:00,3600,0.0,0.0,0.0,0.0,0.0,0.0
2024-08-10T21:00,3600,0.0,0.0,0.0,0.0,0.0,0.0
2024-08-10T22:00,3600,0.0,0.0,0.0,0.0,0.0,0.0
2024-08-10T23:00,3600,0.0,0.0,0.0,0.0,0.0,0.0
2024-08-11T00:00,3600,0.0,0.0,0.0,0.0,0.0,0.0
2024-08-11T01:00,3600,0.0,0.0,0.0,0.0,0.0,0.0
2024-08-11T02:00,3600,0.0,0.0,0.0,0.0,0.0,0.0
2024-08-11T03:00,3600,0.0,0.0,0.0,0.0,0.0,0.0
2024-08-11T04:00,3600,0.0,0.0,0.0,0.0,0.0,0.0
2024-08-11T05:00,3600,0.0,0.0,0.0,0.0,0.0,0.0
2024-08-11T06:00,3600,0.0,0.0,0.0,0.0,0.0,0.0
2024-08-11T07:00,3600,0.0,0.005304839,0.0,0.0,0.0,0.005304839
2024-08-11T08:00,3600,0.0,0.050765958910000006,0.0,0.0,0.0,0.050765958910000006
2024-08-11T09:00,3600,0.0,0.15459722665000003,0.0,0.0,0.0,0.15459722665000003
2024-08-11T10:00,3600,0.0,0.30515224292,0.0,0.0,0.0,0.30515224292
2024-08-11T11:00,3600,0.0,0.49232873368,0.0,0.0,0.0,0.49232873368
2024-08-11T12:00,3600,0.0,0.50322617611,0.0,0.0,0.0,0.50322617611
2024-08-11T13:00,3600,0.0,0.52132471368,0.0,0.0,0.0,0.52132471368
2024-08-11T14:00,3600,0.0,0.39477663316,0.0,0.0,0.0,0.39477663316
2024-08-11T15:00,3600,0.0,0.39465507208999995,0.0,0.0,0.0,0.39465507208999995
2024-08-11T16:00,3600,0.0,0.18517854369,0.0,0.0,0.0,0.18517854369
2024-08-11T17:00,3600,0.0,0.07446428827,0.0,0.0,0.0,0.07446428827
2024-08-11T18:00,3600,0.0,0.04348280617,0.0,0.0,0.0,0.04348280617
2024-08-11T19:00,3600,0.0,0.00931081647,0.0,0.0,0.0,0.00931081647
2024-08-11T20:00,3600,0.0,0.0,0.0,0.0,0.0,0.0
2024-08-11T21:00,3600,0.0,0.0,0.0,0.0,0.0,0.0
2024-08-11T22:00,3600,0.0,0.0,0.0,0.0,0.0,0.0
2024-08-11T23:00,3600,0.0,0.0,0.0,0.0,0.0,0.0
2024-08-12T00:00,3600,0.0,0.0,0.0,0.0,0.0,0.0
2024-08-12T01:00,3600,0.0,0.0,0.0,0.0,0.0,0.0
2024-08-12T02:00,3600,0.0,0.0,0.0,0.0,0.0,0.0
2024-08-12T03:00,3600,0.0,0.0,0.0,0.0,0.0,0.0
2024-08-12T04:00,3600,0.0,0.0,0.0,0.0,0.0,0.0
2024-08-12T05:00,3600,0.0,0.0,0.0,0.0,0.0,0.0
2024-08-12T06:00,3600,0.0,0.0,0.0,0.0,0.0,0.0
2024-08-12T07:00,3600,0.0,0.00616151768,0.0,0.0,0.0,0.00616151768
2024-08-12T08:00,3600,0.0,0.09781274404,0.0,0.0,0.0,0.09781274404
2024-08-12T09:00,3600,0.0,0.25765682544999996,0.0,0.0,0.0,0.25765682544999996
2024-08-12T10:00,3600,0.0,0.3903970259,0.0,0.0,0.0,0.3903970259
2024-08-12T11:00,3600,0.0,0.50938278425,0.0,0.0,0.0,0.50938278425
2024-08-12T12:00,3600,0.0,0.48261381211000004,0.0,0.0,0.0,0.48261381211000004
2024-08-12T13:00,3600,0.0,0.38101445255,0.0,0.0,0.0,0.38101445255
2024-08-12T14:00,3600,0.0,0.347383149,0.0,0.0,0.0,0.347383149
2024-08-12T15:00,3600,0.0,0.1549888231,0.0,0.0,0.0,0.1549888231
2024-08-12T16:00,3600,0.0,0.06550537948,0.0,0.0,0.0,0.06550537948
2024-08-12T17:00,3600,0.0,0.11032505084000001,0.0,0.0,0.0,0.11032505084000001
2024-08-12T18:00,3600,1.0870588235294116,0.07668338092,0.07668338092,1.0103754426094116,0.0,0.0
2024-08-12T19:00,3600,1.0870588235294116,0.01336531653,0.01336531653,1.0736935069994116,0.0,0.0
2024-08-12T20:00,3600,1.0870588235294116,0.0,0.0,1.0870588235294116,0.0,0.0
2024-08-12T21:00,3600,1.0870588235294116,0.0,0.0,1.0870588235294116,0.0,0.0
2024-08-12T22:00,3600,1.0870588235294116,0.0,0.0,1.0870588235294116,0.0,0.0
2024-08-12T23:00,3600,1.0870588235294116,0.0,0.0,1.0870588235294116,0.0,0.0
2024-08-13T00:00,3600,0.0,0.0,0.0,0.0,0.0,0.0
2024-08-13T01:00,3600,0.0,0.0,0.0,0.0,0.0,0.0
2024-08-13T02:00,3600,0.0,0.0,0.0,0.0,0.0,0.0
2024-08-13T03:00,3600,0.0,0.0,0.0,0.0,0.0,0.0
2024-08-13T04:00,3600,0.0,0.0,0.0,0.0,0.0,0.0
2024-08-13T05:00,3600,0.0,0.0,0.0,0.0,0.0,0.0
2024-08-13T06:00,3600,0.0,0.0,0.0,0.0,0.0,0.0
2024-08-13T07:00,3600,0.0,0.01097936696,0.0,0.0,0.0,0.01097936696
2024-08-13T08:00,3600,0.0,0.058168979079999995,0.0,0.0,0.0,0.058168979079999995
2024-08-13T09:00,3600,0.0,0.10848349826999999,0.0,0.0,0.0,0.10848349826999999
2024-08-13T10:00,3600,0.0,0.12092835611,0.0,0.0,0.0,0.12092835611
2024-08-13T11:00,3600,0.0,0.12179692383,0.0,0.0,0.0,0.12179692383
2024-08-13T12:00,3600,0.0,0.09310706944,0.0,0.0,0.0,0.09310706944
2024-08-13T13:00,3600,0.0,0.13126375632,0.0,0.0,0.0,0.13126375632
2024-08-13T14:00,3600,0.0,0.07223572855,0.0,0.0,0.0,0.07223572855
2024-08-13T15:00,3600,0.0,0.41693549652,0.0,0.0,0.0,0.41693549652
2024-08-13T16:00,3600,0.0,0.35138921306,0.0,0.0,0.0,0.35138921306
2024-08-13T17:00,3600,0.0,0.18671393054000002,0.0,0.0,0.0,0.18671393054000002
2024-08-13T18:00,3600,1.0870588235294116,0.04741155531,0.04741155531,1.0396472682194116,0.0,0.0
2024-08-13T19:00,3600,1.0870588235294116,0.00781532121,0.00781532121,1.0792435023194116,0.0,0.0
2024-08-13T20:00,3600,1.0870588235294116,0.0,0.0,1.0870588235294116,0.0,0.0
2024-08-13T21:00,3600,1.0870588235294116,0.0,0.0,1.0870588235294116,0.0,0.0
2024-08-13T22:00,3600,1.0870588235294116,0.0,0.0,1.0870588235294116,0.0,0.0
2024-08-13T23:00,3600,1.0870588235294116,0.0,0.0,1.0870588235294116,0.0,0.0
2024-08-14T00:00,3600,0.0,0.0,0.0,0.0,0.0,0.0
2024-08-14T01:00,3600,0.0,0.0,0.0,0.0,0.0,0.0
2024-08-14T02:00,3600,0.0,0.0,0.0,0.0,0.0,0.0
2024-08-14T03:00,3600,0.0,0.0,0.0,0.0,0.0,0.0
2024-08-14T04:00,3600,0.0,0.0,0.0,0.0,0.0,0.0
2024-08-14T05:00,3600,0.0,0.0,0.0,0.0,0.0,0.0
2024-08-14T06:00,3600,0.0,0.0,0.0,0.0,0.0,0.0
2024-08-14T07:00,3600,0.0,0.02764467493,0.0,0.0,0.0,0.02764467493
2024-08-14T08:00,3600,0.0,0.13466953394,0.0,0.0,0.0,0.13466953394
2024-08-14T09:00,3600,0.0,0.2644421551,0.0,0.0,0.0,0.2644421551
2024-08-14T10:00,3600,0.0,0.37941453212,0.0,0.0,0.0,0.37941453212
2024-08-14T11:00,3600,0.0,0.46883023899000004,0.0,0.0,0.0,0.46883023899000004
2024-08-14T12:00,3600,0.0,0.48740802346999995,0.0,0.0,0.0,0.48740802346999995
2024-08-14T13:00,3600,0.0,0.4427063852,0.0,0.0,0.0,0.4427063852
2024-08-14T14:00,3600,0.0,0.40280863337,0.0,0.0,0.0,0.40280863337
2024-08-14T15:00,3600,0.0,0.39798468953999994,0.0,0.0,0.0,0.39798468953999994
2024-08-14T16:00,3600,0.0,0.24819379952999998,0.0,0.0,0.0,0.24819379952999998
2024-08-14T17:00,3600,0.0,0.08430561337,0.0,0.0,0.0,0.08430561337
2024-08-14T18:00,3600,1.0870588235294116,0.06196403456,0.06196403456,1.0250947889694115,0.0,0.0
2024-08-14T19:00,3600,1.0870588235294116,0.010159148820000002,0.010159148820000002,1.0768996747094117,0.0,0.0
2024-08-14T20:00,3600,1.0870588235294116,0.0,0.0,1.0870588235294116,0.0,0.0
2024-08-14T21:00,3600,1.0870588235294116,0.0,0.0,1.0870588235294116,0.0,0.0
2024-08-14T22:00,3600,1.0870588235294116,0.0,0.0,1.0870588235294116,0.0,0.0
2024-08-14T23:00,3600,1.0870588235294116,0.0,0.0,1.0870588235294116,0.0,0.0
2024-08-15T00:00,3600,0.0,0.0,0.0,0.0,0.0,0.0
2024-08-15T01:00,3600,0.0,0.0,0.0,0.0,0.0,0.0
2024-08-15T02:00,3600,0.0,0.0,0.0,0.0,0.0,0.0
2024-08-15T03:00,3600,0.0,0.0,0.0,0.0,0.0,0.0
2024-08-15T04:00,3600,0.0,0.0,0.0,0.0,0.0,0.0
2024-08-15T05:00,3600,0.0,0.0,0.0,0.0,0.0,0.0
2024-08-15T06:00,3600,0.0,0.0,0.0,0.0,0.0,0.0
2024-08-15T07:00,3600,0.0,0.00456768465,0.0,0.0,0.0,0.00456768465
2024-08-15T08:00,3600,0.0,0.03833064496,0.0,0.0,0.0,0.03833064496
2024-08-15T09:00,3600,0.0,0.04222648854,0.0,0.0,0.0,0.04222648854
2024-08-15T10:00,3600,0.0,0.09708107748999999,0.0,0.0,0.0,0.09708107748999999
2024-08-15T11:00,3600,0.0,0.12690443495,0.0,0.0,0.0,0.12690443495
2024-08-15T12:00,3600,0.0,0.15075027804000002,0.0,0.0,0.0,0.15075027804000002
2024-08-15T13:00,3600,0.0,0.24321381616999999,0.0,0.0,0.0,0.24321381616999999
2024-08-15T14:00,3600,0.0,0.37000370225,0.0,0.0,0.0,0.37000370225
2024-08-15T15:00,3600,0.0,0.21704942306000002,0.0,0.0,0.0,0.21704942306000002
2024-08-15T16:00,3600,0.0,0.16692392919,0.0,0.0,0.0,0.16692392919
2024-08-15T17:00,3600,0.0,0.0747530278,0.0,0.0,0.0,0.0747530278
2024-08-15T18:00,3600,1.0870588235294116,0.03107580189,0.03107580189,1.0559830216394117,0.0,0.0
2024-08-15T19:00,3600,1.0870588235294116,0.00698111589,0.00698111589,1.0800777076394117,0.0,0.0
2024-08-15T20:00,3600,1.0870588235294116,0.0,0.0,1.0870588235294116,0.0,0.0
2024-08-15T21:00,3600,1.0870588235294116,0.0,0.0,1.0870588235294116,0.0,0.0
2024-08-15T22:00,3600,1.0870588235294116,0.0,0.0,1.0870588235294116,0.0,0.0
2024-08-15T23:00,3600,1.0870588235294116,0.0,0.0,1.0870588235294116,0.0,0.0
2024-08-16T00:00,3600,0.0,0.0,0.0,0.0,0.0,0.0
2024-08-16T01:00,3600,0.0,0.0,0.0,0.0,0.0,0.0
2024-08-16T02:00,3600,0.0,0.0,0.0,0.0,0.0,0.0
2024-08-16T03:00,3600,0.0,0.0,0.0,0.0,0.0,0.0
2024-08-16T04:00,3600,0.0,0.0,0.0,0.0,0.0,0.0
2024-08-16T05:00,3600,0.0,0.0,0.0,0.0,0.0,0.0
2024-08-16T06:00,3600,0.0,0.0,0.0,0.0,0.0,0.0
2024-08-16T07:00,3600,0.0,0.00787223646,0.0,0.0,0.0,0.00787223646
2024-08-16T08:00,3600,0.0,0.03954821290999999,0.0,0.0,0.0,0.03954821290999999
2024-08-16T09:00,3600,0.0,0.15477010673000002,0.0,0.0,0.0,0.15477010673000002
2024-08-16T10:00,3600,0.0,0.21798409539,0.0,0.0,0.0,0.21798409539
2024-08-16T11:00,3600,0.0,0.21884061742,0.0,0.0,0.0,0.21884061742
2024-08-16T12:00,3600,0.0,0.24538618675999999,0.0,0.0,0.0,0.24538618675999999
2024-08-16T13:00,3600,0.0,0.35577644733999997,0.0,0.0,0.0,0.35577644733999997
2024-08-16T14:00,3600,0.0,0.24829742472999997,0.0,0.0,0.0,0.24829742472999997
2024-08-16T15:00,3600,0.0,0.27605022768,0.0,0.0,0.0,0.27605022768
2024-08-16T16:00,3600,0.0,0.17166300119,0.0,0.0,0.0,0.17166300119
2024-08-16T17:00,3600,0.0,0.07080231469,0.0,0.0,0.0,0.07080231469
2024-08-16T18:00,3600,1.0870588235294116,0.05139407617,0.05139407617,1.0356647473594116,0.0,0.0
2024-08-16T19:00,3600,1.0870588235294116,0.01733719208,0.01733719208,1.0697216314494116,0.0,0.0
2024-08-16T20:00,3600,1.0870588235294116,0.0,0.0,1.0870588235294116,0.0,0.0
2024-08-16T21:00,3600,1.0870588235294116,0.0,0.0,1.0870588235294116,0.0,0.0
2024-08-16T22:00,3600,1.0870588235294116,0.0,0.0,1.0870588235294116,0.0,0.0
2024-08-16T23:00,3600,1.0870588235294116,0.0,0.0,1.0870588235294116,0.0,0.0
2024-08-17T00:00,3600,0.0,0.0,0.0,0.0,0.0,0.0
2024-08-17T01:00,3600,0.0,0.0,0.0,0.0,0.0,0.0
2024-08-17T02:00,3600,0.0,0.0,0.0,0.0,0.0,0.0
2024-08-17T03:00,3600,0.0,0.0,0.0,0.0,0.0,0.0
2024-08-17T04:00,3600,0.0,0.0,0.0,0.0,0.0,0.0
2024-08-17T05:00,3600,0.0,0.0,0.0,0.0,0.0,0.0
2024-08-17T06:00,3600,0.0,0.0,0.0,0.0,0.0,0.0
2024-08-17T07:00,3600,0.0,0.00138100189,0.0,0.0,0.0,0.00138100189
2024-08-17T08:00,3600,0.0,0.018233479620000003,0.0,0.0,0.0,0.018233479620000003
2024-08-17T09:00,3600,0.0,0.044559270699999994,0.0,0.0,0.0,0.044559270699999994
2024-08-17T10:00,3600,0.0,0.06015379436,0.0,0.0,0.0,0.06015379436
2024-08-17T11:00,3600,0.0,0.10168446363,0.0,0.0,0.0,0.10168446363
2024-08-17T12:00,3600,0.0,0.13216052346,0.0,0.0,0.0,0.13216052346
2024-08-17T13:00,3600,0.0,0.18535530033,0.0,0.0,0.0,0.18535530033
2024-08-17T14:00,3600,0.0,0.14811257779999998,0.0,0.0,0.0,0.14811257779999998
2024-08-17T15:00,3600,0.0,0.19386495263,0.0,0.0,0.0,0.19386495263
2024-08-17T16:00,3600,0.0,0.22699151121,0.0,0.0,0.0,0.22699151121
2024-08-17T17:00,3600,0.0,0.06840282703,0.0,0.0,0.0,0.06840282703
2024-08-17T18:00,3600,0.0,0.023790212600000003,0.0,0.0,0.0,0.023790212600000003
2024-08-17T19:00,3600,0.0,0.0021826407900000003,0.0,0.0,0.0,0.0021826407900000003
2024-08-17T20:00,3600,0.0,0.0,0.0,0.0,0.0,0.0
2024-08-17T21:00,3600,0.0,0.0,0.0,0.0,0.0,0.0
2024-08-17T22:00,3600,0.0,0.0,0.0,0.0,0.0,0.0
2024-08-17T23:00,3600,0.0,0.0,0.0,0.0,0.0,0.0
2024-08-18T00:00,3600,0.0,0.0,0.0,0.0,0.0,0.0
2024-08-18T01:00,3600,0.0,0.0,0.0,0.0,0.0,0.0
2024-08-18T02:00,3600,0.0,0.0,0.0,0.0,0.0,0.0
2024-08-18T03:00,3600,0.0,0.0,0.0,0.0,0.0,0.0
2024-08-18T04:00,3600,0.0,0.0,0.0,0.0,0.0,0.0
2024-08-18T05:00,3600,0.0,0.0,0.0,0.0,0.0,0.0
2024-08-18T06:00,3600,0.0,0.0,0.0,0.0,0.0,0.0
2024-08-18T07:00,3600,0.0,0.00057125499,0.0,0.0,0.0,0.00057125499
2024-08-18T08:00,3600,0.0,0.014336267310000001,0.0,0.0,0.0,0.014336267310000001
2024-08-18T09:00,3600,0.0,0.05900359021,0.0,0.0,0.0,0.05900359021
2024-08-18T10:00,3600,0.0,0.12489865308999999,0.0,0.0,0.0,0.12489865308999999
2024-08-18T11:00,3600,0.0,0.18058690411000003,0.0,0.0,0.0,0.18058690411000003
2024-08-18T12:00,3600,0.0,0.21854289449,0.0,0.0,0.0,0.21854289449
2024-08-18T13:00,3600,0.0,0.11421892053,0.0,0.0,0.0,0.11421892053
2024-08-18T14:00,3600,0.0,0.16328732813,0.0,0.0,0.0,0.16328732813
2024-08-18T15:00,3600,0.0,0.18421483865,0.0,0.0,0.0,0.18421483865
2024-08-18T16:00,3600,0.0,0.14015724862,0.0,0.0,0.0,0.14015724862
2024-08-18T17:00,3600,0.0,0.07025504842,0.0,0.0,0.0,0.07025504842
2024-08-18T18:00,3600,0.0,0.02533294148,0.0,0.0,0.0,0.02533294148
2024-08-18T19:00,3600,0.0,0.0013708941699999999,0.0,0.0,0.0,0.0013708941699999999
2024-08-18T20:00,3600,0.0,0.0,0.0,0.0,0.0,0.0
2024-08-18T21:00,3600,0.0,0.0,0.0,0.0,0.0,0.0
2024-08-18T22:00,3600,0.0,0.0,0.0,0.0,0.0,0.0
2024-08-18T23:00,3600,0.0,0.0,0.0,0.0,0.0,0.0
2024-08-19T00:00,3600,0.0,0.0,0.0,0.0,0.0,0.0
2024-08-19T01:00,3600,0.0,0.0,0.0,0.0,0.0,0.0
2024-08-19T02:00,3600,0.0,0.0,0.0,0.0,0.0,0.0
2024-08-19T03:00,3600,0.0,0.0,0.0,0.0,0.0,0.0
2024-08-19T04:00,3600,0.0,0.0,0.0,0.0,0.0,0.0
2024-08-19T05:00,3600,0.0,0.0,0.0,0.0,0.0,0.0
2024-08-19T06:00,3600,0.0,0.0,0.0,0.0,0.0,0.0
2024-08-19T07:00,3600,0.0,0.00457435337,0.0,0.0,0.0,0.00457435337
2024-08-19T08:00,3600,0.0,0.05398424989,0.0,0.0,0.0,0.05398424989
2024-08-19T09:00,3600,0.0,0.08997171092,0.0,0.0,0.0,0.08997171092
2024-08-19T10:00,3600,0.0,0.17193867221,0.0,0.0,0.0,0.17193867221
2024-08-19T11:00,3600,0.0,0.21319003237999998,0.0,0.0,0.0,0.21319003237999998
2024-08-19T12:00,3600,0.0,0.19596601749,0.0,0.0,0.0,0.19596601749
2024-08-19T13:00,3600,0.0,0.23839026948,0.0,0.0,0.0,0.23839026948
2024-08-19T14:00,3600,0.0,0.26631392611,0.0,0.0,0.0,0.26631392611
2024-08-19T15:00,3600,0.0,0.26457907703,0.0,0.0,0.0,0.26457907703
2024-08-19T16:00,3600,0.0,0.19390614862,0.0,0.0,0.0,0.19390614862
2024-08-19T17:00,3600,0.0,0.09406772309000001,0.0,0.0,0.0,0.09406772309000001
2024-08-19T18:00,3600,1.0870588235294116,0.0489187554,0.0489187554,1.0381400681294117,0.0,0.0
2024-08-19T19:00,3600,1.0870588235294116,0.00613270748,0.00613270748,1.0809261160494117,0.0,0.0
2024-08-19T20:00,3600,1.0870588235294116,0.0,0.0,1.0870588235294116,0.0,0.0
2024-08-19T21:00,3600,1.0870588235294116,0.0,0.0,1.0870588235294116,0.0,0.0
2024-08-19T22:00,3600,1.0870588235294116,0.0,0.0,1.0870588235294116,0.0,0.0
2024-08-19T23:00,3600,1.0870588235294116,0.0,0.0,1.0870588235294116,0.0,0.0
2024-08-20T00:00,3600,0.0,0.0,0.0,0.0,0.0,0.0
2024-08-20T01:00,3600,0.0,0.0,0.0,0.0,0.0,0.0
2024-08-20T02:00,3600,0.0,0.0,0.0,0.0,0.0,0.0
2024-08-20T03:00,3600,0.0,0.0,0.0,0.0,0.0,0.0
2024-08-20T04:00,3600,0.0,0.0,0.0,0.0,0.0,0.0
2024-08-20T05:00,3600,0.0,0.0,0.0,0.0,0.0,0.0
2024-08-20T06:00,3600,0.0,0.0,0.0,0.0,0.0,0.0
2024-08-20T07:00,3600,0.0,0.005365297810000001,0.0,0.0,0.0,0.005365297810000001
2024-08-20T08:00,3600,0.0,0.026089830809999996,0.0,0.0,0.0,0.026089830809999996
2024-08-20T09:00,3600,0.0,0.041728104839999995,0.0,0.0,0.0,0.041728104839999995
2024-08-20T10:00,3600,0.0,0.10096550464,0.0,0.0,0.0,0.10096550464
2024-08-20T11:00,3600,0.0,0.18684433288,0.0,0.0,0.0,0.18684433288
2024-08-20T12:00,3600,0.0,0.2665704874,0.0,0.0,0.0,0.2665704874
2024-08-20T13:00,3600,0.0,0.25897381076,0.0,0.0,0.0,0.25897381076
2024-08-20T14:00,3600,0.0,0.29024861519,0.0,0.0,0.0,0.29024861519
2024-08-20T15:00,3600,0.0,0.22961779765,0.0,0.0,0.0,0.22961779765
2024-08-20T16:00,3600,0.0,0.17949578546,0.0,0.0,0.0,0.17949578546
2024-08-20T17:00,3600,0.0,0.12127446993,0.0,0.0,0.0,0.12127446993
2024-08-20T18:00,3600,1.0870588235294116,0.048249103159999994,0.048249103159999994,1.0388097203694115,0.0,0.0
2024-08-20T19:00,3600,1.0870588235294116,0.00934851368,0.00934851368,1.0777103098494116,0.0,0.0
2024-08-20T20:00,3600,1.0870588235294116,0.0,0.0,1.0870588235294116,0.0,0.0
2024-08-20T21:00,3600,1.0870588235294116,0.0,0.0,1.0870588235294116,0.0,0.0
2024-08-20T22:00,3600,1.0870588235294116,0.0,0.0,1.0870588235294116,0.0,0.0
2024-08-20T23:00,3600,1.0870588235294116,0.0,0.0,1.0870588235294116,0.0,0.0
2024-08-21T00:00,3600,0.0,0.0,0.0,0.0,0.0,0.0
2024-08-21T01:00,3600,0.0,0.0,0.0,0.0,0.0,0.0
2024-08-21T02:00,3600,0.0,0.0,0.0,0.0,0.0,0.0
2024-08-21T03:00,3600,0.0,0.0,0.0,0.0,0.0,0.0
2024-08-21T04:00,3600,0.0,0.0,0.0,0.0,0.0,0.0
2024-08-21T05:00,3600,0.0,0.0,0.0,0.0,0.0,0.0
2024-08-21T06:00,3600,0.0,0.0,0.0,0.0,0.0,0.0
2024-08-21T07:00,3600,0.0,0.0085788527,0.0,0.0,0.0,0.0085788527
2024-08-21T08:00,3600,0.0,0.059737949080000005,0.0,0.0,0.0,0.059737949080000005
2024-08-21T09:00,3600,0.0,0.11835277571,0.0,0.0,0.0,0.11835277571
2024-08-21T10:00,3600,0.0,0.21685791495999998,0.0,0.0,0.0,0.21685791495999998
2024-08-21T11:00,3600,0.0,0.22830698516,0.0,0.0,0.0,0.22830698516
2024-08-21T12:00,3600,0.0,0.28511739823,0.0,0.0,0.0,0.28511739823
2024-08-21T13:00,3600,0.0,0.15586685425,0.0,0.0,0.0,0.15586685425
2024-08-21T14:00,3600,0.0,0.16297078557,0.0,0.0,0.0,0.16297078557
2024-08-21T15:00,3600,0.0,0.06639615142,0.0,0.0,0.0,0.06639615142
2024-08-21T16:00,3600,0.0,0.07598352800000001,0.0,0.0,0.0,0.07598352800000001
2024-08-21T17:00,3600,0.0,0.05939027394,0.0,0.0,0.0,0.05939027394
2024-08-21T18:00,3600,1.0870588235294116,0.026225877550000002,0.026225877550000002,1.0608329459794117,0.0,0.0
2024-08-21T19:00,3600,1.0870588235294116,0.00297607206,0.00297607206,1.0840827514694116,0.0,0.0
2024-08-21T20:00,3600,0.8388185430629924,0.0,0.0,0.8388185430629924,0.0,0.0
2024-08-21T21:00,3600,0.46637869705882357,0.0,0.0,0.46637869705882357,0.0,0.0
2024-08-21T22:00,3600,0.46119486764705886,0.0,0.0,0.46119486764705886,0.0,0.0
2024-08-21T23:00,3600,0.4586029529411765,0.0,0.0,0.4586029529411765,0.0,0.0
2024-08-22T00:00,3600,0.0,0.0,0.0,0.0,0.0,0.0
2024-08-22T01:00,3600,0.0,0.0,0.0,0.0,0.0,0.0
2024-08-22T02:00,3600,0.0,0.0,0.0,0.0,0.0,0.0
2024-08-22T03:00,3600,0.0,0.0,0.0,0.0,0.0,0.0
2024-08-22T04:00,3600,0.0,0.0,0.0,0.0,0.0,0.0
2024-08-22T05:00,3600,0.0,0.0,0.0,0.0,0.0,0.0
2024-08-22T06:00,3600,0.0,0.0,0.0,0.0,0.0,0.0
2024-08-22T07:00,3600,0.0,0.0013628618299999999,0.0,0.0,0.0,0.0013628618299999999
2024-08-22T08:00,3600,0.0,0.039031245310000004,0.0,0.0,0.0,0.039031245310000004
2024-08-22T09:00,3600,0.0,0.045804413940000004,0.0,0.0,0.0,0.045804413940000004
2024-08-22T10:00,3600,0.0,0.13900053502,0.0,0.0,0.0,0.13900053502
2024-08-22T11:00,3600,0.0,0.13248736772999997,0.0,0.0,0.0,0.13248736772999997
2024-08-22T12:00,3600,0.0,0.24904281383000001,0.0,0.0,0.0,0.24904281383000001
2024-08-22T13:00,3600,0.0,0.27390148354,0.0,0.0,0.0,0.27390148354
2024-08-22T14:00,3600,0.0,0.13718119085999997,0.0,0.0,0.0,0.13718119085999997
2024-08-22T15:00,3600,0.0,0.16614226173,0.0,0.0,0.0,0.16614226173
2024-08-22T16:00,3600,0.0,0.19100141373,0.0,0.0,0.0,0.19100141373
2024-08-22T17:00,3600,0.0,0.09911085666,0.0,0.0,0.0,0.09911085666
2024-08-22T18:00,3600,1.0870588235294116,0.04427386317,0.04427386317,1.0427849603594117,0.0,0.0
2024-08-22T19:00,3600,1.0870588235294116,0.007740622390000001,0.007740622390000001,1.0793182011394116,0.0,0.0
2024-08-22T20:00,3600,0.8967089339168864,0.0,0.0,0.8967089339168864,0.0,0.0
2024-08-22T21:00,3600,0.492297844117647,0.0,0.0,0.492297844117647,0.0,0.0
2024-08-22T22:00,3600,0.48452209999999996,0.0,0.0,0.48452209999999996,0.0,0.0
2024-08-22T23:00,3600,0.47933827058823525,0.0,0.0,0.47933827058823525,0.0,0.0
2024-08-23T00:00,3600,0.0,0.0,0.0,0.0,0.0,0.0
2024-08-23T01:00,3600,0.0,0.0,0.0,0.0,0.0,0.0
2024-08-23T02:00,3600,0.0,0.0,0.0,0.0,0.0,0.0
2024-08-23T03:00,3600,0.0,0.0,0.0,0.0,0.0,0.0
2024-08-23T04:00,3600,0.0,0.0,0.0,0.0,0.0,0.0
2024-08-23T05:00,3600,0.0,0.0,0.0,0.0,0.0,0.0
2024-08-23T06:00,3600,0.0,0.0,0.0,0.0,0.0,0.0
2024-08-23T07:00,3600,0.0,0.0071120477299999995,0.0,0.0,0.0,0.0071120477299999995
2024-08-23T08:00,3600,0.0,0.06983689673000001,0.0,0.0,0.0,0.06983689673000001
2024-08-23T09:00,3600,0.0,0.12277382058999999,0.0,0.0,0.0,0.12277382058999999
2024-08-23T10:00,3600,0.0,0.18130617670000002,0.0,0.0,0.0,0.18130617670000002
2024-08-23T11:00,3600,0.0,0.22935048231,0.0,0.0,0.0,0.22935048231
2024-08-23T12:00,3600,0.0,0.28439300295,0.0,0.0,0.0,0.28439300295
2024-08-23T13:00,3600,0.0,0.21203330037,0.0,0.0,0.0,0.21203330037
2024-08-23T14:00,3600,0.0,0.19609670071000002,0.0,0.0,0.0,0.19609670071000002
2024-08-23T15:00,3600,0.0,0.16950241888,0.0,0.0,0.0,0.16950241888
2024-08-23T16:00,3600,0.0,0.14882615707,0.0,0.0,0.0,0.14882615707
2024-08-23T17:00,3600,0.0,0.14430716932,0.0,0.0,0.0,0.14430716932
2024-08-23T18:00,3600,1.0870588235294116,0.0661542053,0.0661542053,1.0209046182294117,0.0,0.0
2024-08-23T19:00,3600,1.0870588235294116,0.009298720929999999,0.009298720929999999,1.0777601025994117,0.0,0.0
2024-08-23T20:00,3600,1.0870588235294116,0.0,0.0,1.0870588235294116,0.0,0.0
2024-08-23T21:00,3600,0.5802295286327075,0.0,0.0,0.5802295286327075,0.0,0.0
2024-08-23T22:00,3600,0.4871140147058823,0.0,0.0,0.4871140147058823,0.0,0.0
2024-08-23T23:00,3600,0.48452209999999996,0.0,0.0,0.48452209999999996,0.0,0.0
2024-08-24T00:00,3600,0.0,0.0,0.0,0.0,0.0,0.0
2024-08-24T01:00,3600,0.0,0.0,0.0,0.0,0.0,0.0
2024-08-24T02:00,3600,0.0,0.0,0.0,0.0,0.0,0.0
2024-08-24T03:00,3600,0.0,0.0,0.0,0.0,0.0,0.0
2024-08-24T04:00,3600,0.0,0.0,0.0,0.0,0.0,0.0
2024-08-24T05:00,3600,0.0,0.0,0.0,0.0,0.0,0.0
2024-08-24T06:00,3600,0.0,0.0,0.0,0.0,0.0,0.0
2024-08-24T07:00,3600,0.0,0.030942551579999998,0.0,0.0,0.0,0.030942551579999998
2024-08-24T08:00,3600,0.0,0.1695620922,0.0,0.0,0.0,0.1695620922
2024-08-24T09:00,3600,0.0,0.28053342538,0.0,0.0,0.0,0.28053342538
2024-08-24T10:00,3600,0.0,0.39922202969000004,0.0,0.0,0.0,0.39922202969000004
2024-08-24T11:00,3600,0.0,0.50883964267,0.0,0.0,0.0,0.50883964267
2024-08-24T12:00,3600,0.0,0.4559467318,0.0,0.0,0.0,0.4559467318
2024-08-24T13:00,3600,0.0,0.42073265044,0.0,0.0,0.0,0.42073265044
2024-08-24T14:00,3600,0.0,0.53317700355,0.0,0.0,0.0,0.53317700355
2024-08-24T15:00,3600,0.0,0.42875519561000003,0.0,0.0,0.0,0.42875519561000003
2024-08-24T16:00,3600,0.0,0.33558805059,0.0,0.0,0.0,0.33558805059
2024-08-24T17:00,3600,0.0,0.18708855575,0.0,0.0,0.0,0.18708855575
2024-08-24T18:00,3600,0.0,0.06036754632000001,0.0,0.0,0.0,0.06036754632000001
2024-08-24T19:00,3600,0.0,0.011632794830000001,0.0,0.0,0.0,0.011632794830000001
2024-08-24T20:00,3600,0.0,0.0,0.0,0.0,0.0,0.0
2024-08-24T21:00,3600,0.0,0.0,0.0,0.0,0.0,0.0
2024-08-24T22:00,3600,0.0,0.0,0.0,0.0,0.0,0.0
2024-08-24T23:00,3600,0.0,0.0,0.0,0.0,0.0,0.0
2024-08-25T00:00,3600,0.0,0.0,0.0,0.0,0.0,0.0
2024-08-25T01:00,3600,0.0,0.0,0.0,0.0,0.0,0.0
2024-08-25T02:00,3600,0.0,0.0,0.0,0.0,0.0,0.0
2024-08-25T03:00,3600,0.0,0.0,0.0,0.0,0.0,0.0
2024-08-25T04:00,3600,0.0,0.0,0.0,0.0,0.0,0.0
2024-08-25T05:00,3600,0.0,0.0,0.0,0.0,0.0,0.0
2024-08-25T06:00,3600,0.0,0.0,0.0,0.0,0.0,0.0
2024-08-25T07:00,3600,0.0,0.03690055749,0.0,0.0,0.0,0.03690055749
2024-08-25T08:00,3600,0.0,0.20057397463,0.0,0.0,0.0,0.20057397463
2024-08-25T09:00,3600,0.0,0.34392291585,0.0,0.0,0.0,0.34392291585
2024-08-25T10:00,3600,0.0,0.46227269833999995,0.0,0.0,0.0,0.46227269833999995
2024-08-25T11:00,3600,0.0,0.52199304391,0.0,0.0,0.0,0.52199304391
2024-08-25T12:00,3600,0.0,0.58505523869,0.0,0.0,0.0,0.58505523869
2024-08-25T13:00,3600,0.0,0.48833610745,0.0,0.0,0.0,0.48833610745
2024-08-25T14:00,3600,0.0,0.46919753145,0.0,0.0,0.0,0.46919753145
2024-08-25T15:00,3600,0.0,0.39339924516999997,0.0,0.0,0.0,0.39339924516999997
2024-08-25T16:00,3600,0.0,0.31945027702,0.0,0.0,0.0,0.31945027702
2024-08-25T17:00,3600,0.0,0.16252529889999998,0.0,0.0,0.0,0.16252529889999998
2024-08-25T18:00,3600,0.0,0.05000458209,0.0,0.0,0.0,0.05000458209
2024-08-25T19:00,3600,0.0,0.003780156,0.0,0.0,0.0,0.003780156
2024-08-25T20:00,3600,0.0,0.0,0.0,0.0,0.0,0.0
2024-08-25T21:00,3600,0.0,0.0,0.0,0.0,0.0,0.0
2024-08-25T22:00,3600,0.0,0.0,0.0,0.0,0.0,0.0
2024-08-25T23:00,3600,0.0,0.0,0.0,0.0,0.0,0.0
2024-08-26T00:00,3600,0.0,0.0,0.0,0.0,0.0,0.0
2024-08-26T01:00,3600,0.0,0.0,0.0,0.0,0.0,0.0
2024-08-26T02:00,3600,0.0,0.0,0.0,0.0,0.0,0.0
2024-08-26T03:00,3600,0.0,0.0,0.0,0.0,0.0,0.0
2024-08-26T04:00,3600,0.0,0.0,0.0,0.0,0.0,0.0
2024-08-26T05:00,3600,0.0,0.0,0.0,0.0,0.0,0.0
2024-08-26T06:00,3600,0.0,0.0,0.0,0.0,0.0,0.0
2024-08-26T07:00,3600,0.0,0.022469413299999998,0.0,0.0,0.0,0.022469413299999998
2024-08-26T08:00,3600,0.0,0.15703248242999998,0.0,0.0,0.0,0.15703248242999998
2024-08-26T09:00,3600,0.0,0.34669145369000004,0.0,0.0,0.0,0.34669145369000004
2024-08-26T10:00,3600,0.0,0.49815919945000003,0.0,0.0,0.0,0.49815919945000003
2024-08-26T11:00,3600,0.0,0.58964367977,0.0,0.0,0.0,0.58964367977
2024-08-26T12:00,3600,0.0,0.56441613253,0.0,0.0,0.0,0.56441613253
2024-08-26T13:00,3600,0.0,0.6265232953700001,0.0,0.0,0.0,0.6265232953700001
2024-08-26T14:00,3600,0.0,0.46325697129000004,0.0,0.0,0.0,0.46325697129000004
2024-08-26T15:00,3600,0.0,0.44830204457,0.0,0.0,0.0,0.44830204457
2024-08-26T16:00,3600,0.0,0.33947098262,0.0,0.0,0.0,0.33947098262
2024-08-26T17:00,3600,0.0,0.19097420537999998,0.0,0.0,0.0,0.19097420537999998
2024-08-26T18:00,3600,1.0870588235294116,0.051567975370000005,0.051567975370000005,1.0354908481594116,0.0,0.0
2024-08-26T19:00,3600,1.0870588235294116,0.00930486978,0.00930486978,1.0777539537494116,0.0,0.0
2024-08-26T20:00,3600,1.0870588235294116,0.0,0.0,1.0870588235294116,0.0,0.0
2024-08-26T21:00,3600,1.0870588235294116,0.0,0.0,1.0870588235294116,0.0,0.0
2024-08-26T22:00,3600,1.0870588235294116,0.0,0.0,1.0870588235294116,0.0,0.0
2024-08-26T23:00,3600,1.0870588235294116,0.0,0.0,1.0870588235294116,0.0,0.0
2024-08-27T00:00,3600,0.0,0.0,0.0,0.0,0.0,0.0
2024-08-27T01:00,3600,0.0,0.0,0.0,0.0,0.0,0.0
2024-08-27T02:00,3600,0.0,0.0,0.0,0.0,0.0,0.0
2024-08-27T03:00,3600,0.0,0.0,0.0,0.0,0.0,0.0
2024-08-27T04:00,3600,0.0,0.0,0.0,0.0,0.0,0.0
2024-08-27T05:00,3600,0.0,0.0,0.0,0.0,0.0,0.0
2024-08-27T06:00,3600,0.0,0.0,0.0,0.0,0.0,0.0
2024-08-27T07:00,3600,0.0,0.03859401666,0.0,0.0,0.0,0.03859401666
2024-08-27T08:00,3600,0.0,0.20668660346,0.0,0.0,0.0,0.20668660346
2024-08-27T09:00,3600,0.0,0.39884976156999996,0.0,0.0,0.0,0.39884976156999996
2024-08-27T10:00,3600,0.0,0.5233179336099999,0.0,0.0,0.0,0.5233179336099999
2024-08-27T11:00,3600,0.0,0.62462906054,0.0,0.0,0.0,0.62462906054
2024-08-27T12:00,3600,0.0,0.66040986729,0.0,0.0,0.0,0.66040986729
2024-08-27T13:00,3600,0.0,0.63278395638,0.0,0.0,0.0,0.63278395638
2024-08-27T14:00,3600,0.0,0.56251284216,0.0,0.0,0.0,0.56251284216
2024-08-27T15:00,3600,0.0,0.46358441832,0.0,0.0,0.0,0.46358441832
2024-08-27T16:00,3600,0.0,0.33734571339,0.0,0.0,0.0,0.33734571339
2024-08-27T17:00,3600,0.0,0.16965387579,0.0,0.0,0.0,0.16965387579
2024-08-27T18:00,3600,1.065110588235294,0.04880804261,0.04880804261,1.016302545625294,0.0,0.0
2024-08-27T19:00,3600,1.0738070588235296,0.009226352,0.009226352,1.0645807068235296,0.0,0.0
2024-08-27T20:00,3600,1.0762917647058825,0.0,0.0,1.0762917647058825,0.0,0.0
2024-08-27T21:00,3600,1.0775341176470588,0.0,0.0,1.0775341176470588,0.0,0.0
2024-08-27T22:00,3600,1.0870588235294116,0.0,0.0,1.0870588235294116,0.0,0.0
2024-08-27T23:00,3600,1.0870588235294116,0.0,0.0,1.0870588235294116,0.0,0.0
2024-08-28T00:00,3600,0.0,0.0,0.0,0.0,0.0,0.0
2024-08-28T01:00,3600,0.0,0.0,0.0,0.0,0.0,0.0
2024-08-28T02:00,3600,0.0,0.0,0.0,0.0,0.0,0.0
2024-08-28T03:00,3600,0.0,0.0,0.0,0.0,0.0,0.0
2024-08-28T04:00,3600,0.0,0.0,0.0,0.0,0.0,0.0
2024-08-28T05:00,3600,0.0,0.0,0.0,0.0,0.0,0.0
2024-08-28T06:00,3600,0.0,0.0,0.0,0.0,0.0,0.0
2024-08-28T07:00,3600,0.0,0.0376366213,0.0,0.0,0.0,0.0376366213
2024-08-28T08:00,3600,0.0,0.20959558421000002,0.0,0.0,0.0,0.20959558421000002
2024-08-28T09:00,3600,0.0,0.39163614289,0.0,0.0,0.0,0.39163614289
2024-08-28T10:00,3600,0.0,0.5304742235000001,0.0,0.0,0.0,0.5304742235000001
2024-08-28T11:00,3600,0.0,0.55077654149,0.0,0.0,0.0,0.55077654149
2024-08-28T12:00,3600,0.0,0.59373713925,0.0,0.0,0.0,0.59373713925
2024-08-28T13:00,3600,0.0,0.60817229526,0.0,0.0,0.0,0.60817229526
2024-08-28T14:00,3600,0.0,0.52731762362,0.0,0.0,0.0,0.52731762362
2024-08-28T15:00,3600,0.0,0.41688402809999997,0.0,0.0,0.0,0.41688402809999997
2024-08-28T16:00,3600,0.0,0.2396322428,0.0,0.0,0.0,0.2396322428
2024-08-28T17:00,3600,0.0,0.10561652286,0.0,0.0,0.0,0.10561652286
2024-08-28T18:00,3600,1.0870588235294116,0.06121192288999999,0.06121192288999999,1.0258469006394115,0.0,0.0
2024-08-28T19:00,3600,1.0870588235294116,0.00691148881,0.00691148881,1.0801473347194117,0.0,0.0
2024-08-28T20:00,3600,1.0870588235294116,0.0,0.0,1.0870588235294116,0.0,0.0
2024-08-28T21:00,3600,1.0870588235294116,0.0,0.0,1.0870588235294116,0.0,0.0
2024-08-28T22:00,3600,1.0870588235294116,0.0,0.0,1.0870588235294116,0.0,0.0
2024-08-28T23:00,3600,1.0870588235294116,0.0,0.0,1.0870588235294116,0.0,0.0
2024-08-29T00:00,3600,0.0,0.0,0.0,0.0,0.0,0.0
2024-08-29T01:00,3600,0.0,0.0,0.0,0.0,0.0,0.0
2024-08-29T02:00,3600,0.0,0.0,0.0,0.0,0.0,0.0
2024-08-29T03:00,3600,0.0,0.0,0.0,0.0,0.0,0.0
2024-08-29T04:00,3600,0.0,0.0,0.0,0.0,0.0,0.0
2024-08-29T05:00,3600,0.0,0.0,0.0,0.0,0.0,0.0
2024-08-29T06:00,3600,0.0,0.0,0.0,0.0,0.0,0.0
2024-08-29T07:00,3600,0.0,0.03260744392,0.0,0.0,0.0,0.03260744392
2024-08-29T08:00,3600,0.0,0.18540940959,0.0,0.0,0.0,0.18540940959
2024-08-29T09:00,3600,0.0,0.31579917025,0.0,0.0,0.0,0.31579917025
2024-08-29T10:00,3600,0.0,0.48454312117,0.0,0.0,0.0,0.48454312117
2024-08-29T11:00,3600,0.0,0.46095235075,0.0,0.0,0.0,0.46095235075
2024-08-29T12:00,3600,0.0,0.49900481316000006,0.0,0.0,0.0,0.49900481316000006
2024-08-29T13:00,3600,0.0,0.56146429939,0.0,0.0,0.0,0.56146429939
2024-08-29T14:00,3600,0.0,0.51678695773,0.0,0.0,0.0,0.51678695773
2024-08-29T15:00,3600,0.0,0.42969068251,0.0,0.0,0.0,0.42969068251
2024-08-29T16:00,3600,0.0,0.25777643851,0.0,0.0,0.0,0.25777643851
2024-08-29T17:00,3600,0.0,0.1455530022,0.0,0.0,0.0,0.1455530022
2024-08-29T18:00,3600,1.0870588235294116,0.04621167254,0.04621167254,1.0408471509894117,0.0,0.0
2024-08-29T19:00,3600,1.0870588235294116,0.0029772628299999998,0.0029772628299999998,1.0840815606994116,0.0,0.0
2024-08-29T20:00,3600,1.0870588235294116,0.0,0.0,1.0870588235294116,0.0,0.0
2024-08-29T21:00,3600,1.0870588235294116,0.0,0.0,1.0870588235294116,0.0,0.0
2024-08-29T22:00,3600,1.0870588235294116,0.0,0.0,1.0870588235294116,0.0,0.0
2024-08-29T23:00,3600,1.0870588235294116,0.0,0.0,1.0870588235294116,0.0,0.0
2024-08-30T00:00,3600,0.0,0.0,0.0,0.0,0.0,0.0
2024-08-30T01:00,3600,0.0,0.0,0.0,0.0,0.0,0.0
2024-08-30T02:00,3600,0.0,0.0,0.0,0.0,0.0,0.0
2024-08-30T03:00,3600,0.0,0.0,0.0,0.0,0.0,0.0
2024-08-30T04:00,3600,0.0,0.0,0.0,0.0,0.0,0.0
2024-08-30T05:00,3600,0.0,0.0,0.0,0.0,0.0,0.0
2024-08-30T06:00,3600,0.0,0.0,0.0,0.0,0.0,0.0
2024-08-30T07:00,3600,0.0,0.026619118159999997,0.0,0.0,0.0,0.026619118159999997
2024-08-30T08:00,3600,0.0,0.14743296587,0.0,0.0,0.0,0.14743296587
2024-08-30T09:00,3600,0.0,0.32527122582,0.0,0.0,0.0,0.32527122582
2024-08-30T10:00,3600,0.0,0.38690255779,0.0,0.0,0.0,0.38690255779
2024-08-30T11:00,3600,0.0,0.47293192175,0.0,0.0,0.0,0.47293192175
2024-08-30T12:00,3600,0.0,0.6096337978999999,0.0,0.0,0.0,0.6096337978999999
2024-08-30T13:00,3600,0.0,0.48354921933999995,0.0,0.0,0.0,0.48354921933999995
2024-08-30T14:00,3600,0.0,0.4585165359,0.0,0.0,0.0,0.4585165359
2024-08-30T15:00,3600,0.0,0.36109892297999996,0.0,0.0,0.0,0.36109892297999996
2024-08-30T16:00,3600,0.0,0.30278076814000005,0.0,0.0,0.0,0.30278076814000005
2024-08-30T17:00,3600,0.0,0.14867199468,0.0,0.0,0.0,0.14867199468
2024-08-30T18:00,3600,1.0870588235294116,0.04742488208,0.04742488208,1.0396339414494116,0.0,0.0
2024-08-30T19:00,3600,1.0870588235294116,0.00610238195,0.00610238195,1.0809564415794117,0.0,0.0
2024-08-30T20:00,3600,1.0870588235294116,0.0,0.0,1.0870588235294116,0.0,0.0
2024-08-30T21:00,3600,1.0870588235294116,0.0,0.0,1.0870588235294116,0.0,0.0
2024-08-30T22:00,3600,1.0870588235294116,0.0,0.0,1.0870588235294116,0.0,0.0
2024-08-30T23:00,3600,1.0870588235294116,0.0,0.0,1.0870588235294116,0.0,0.0
2024-08-31T00:00,3600,0.0,0.0,0.0,0.0,0.0,0.0
2024-08-31T01:00,3600,0.0,0.0,0.0,0.0,0.0,0.0
2024-08-31T02:00,3600,0.0,0.0,0.0,0.0,0.0,0.0
2024-08-31T03:00,3600,0.0,0.0,0.0,0.0,0.0,0.0
2024-08-31T04:00,3600,0.0,0.0,0.0,0.0,0.0,0.0
2024-08-31T05:00,3600,0.0,0.0,0.0,0.0,0.0,0.0
2024-08-31T06:00,3600,0.0,0.0,0.0,0.0,0.0,0.0
2024-08-31T07:00,3600,0.0,0.01439367349,0.0,0.0,0.0,0.01439367349
2024-08-31T08:00,3600,0.0,0.08648016200000001,0.0,0.0,0.0,0.08648016200000001
2024-08-31T09:00,3600,0.0,0.25820233987,0.0,0.0,0.0,0.25820233987
2024-08-31T10:00,3600,0.0,0.36954457794,0.0,0.0,0.0,0.36954457794
2024-08-31T11:00,3600,0.0,0.49720849651,0.0,0.0,0.0,0.49720849651
2024-08-31T12:00,3600,0.0,0.4715299958,0.0,0.0,0.0,0.4715299958
2024-08-31T13:00,3600,0.0,0.36564233264,0.0,0.0,0.0,0.36564233264
2024-08-31T14:00,3600,0.0,0.36131537485,0.0,0.0,0.0,0.36131537485
2024-08-31T15:00,3600,0.0,0.32979538823,0.0,0.0,0.0,0.32979538823
2024-08-31T16:00,3600,0.0,0.23600526631,0.0,0.0,0.0,0.23600526631
2024-08-31T17:00,3600,0.0,0.16375682628,0.0,0.0,0.0,0.16375682628
2024-08-31T18:00,3600,0.0,0.05598608352000001,0.0,0.0,0.0,0.05598608352000001
2024-08-31T19:00,3600,0.0,0.006117319029999999,0.0,0.0,0.0,0.006117319029999999
2024-08-31T20:00,3600,0.0,0.0,0.0,0.0,0.0,0.0
2024-08-31T21:00,3600,0.0,0.0,0.0,0.0,0.0,0.0
2024-08-31T22:00,3600,0.0,0.0,0.0,0.0,0.0,0.0
2024-08-31T23:00,3600,0.0,0.0,0.0,0.0,0.0,0.0
2024-09-01T00:00,3600,0.0,0.0,0.0,0.0,0.0,0.0
2024-09-01T01:00,3600,0.0,0.0,0.0,0.0,0.0,0.0
2024-09-01T02:00,3600,0.0,0.0,0.0,0.0,0.0,0.0
2024-09-01T03:00,3600,0.0,0.0,0.0,0.0,0.0,0.0
2024-09-01T04:00,3600,0.0,0.0,0.0,0.0,0.0,0.0
2024-09-01T05:00,3600,0.0,0.0,0.0,0.0,0.0,0.0
2024-09-01T06:00,3600,0.0,0.0,0.0,0.0,0.0,0.0
2024-09-01T07:00,3600,0.0,0.02760782848,0.0,0.0,0.0,0.02760782848
2024-09-01T08:00,3600,0.0,0.16298832827,0.0,0.0,0.0,0.16298832827
2024-09-01T09:00,3600,0.0,0.30975628803000005,0.0,0.0,0.0,0.30975628803000005
2024-09-01T10:00,3600,0.0,0.39627814525999994,0.0,0.0,0.0,0.39627814525999994
2024-09-01T11:00,3600,0.0,0.5233428662799999,0.0,0.0,0.0,0.5233428662799999
2024-09-01T12:00,3600,0.0,0.5055582441700001,0.0,0.0,0.0,0.5055582441700001
2024-09-01T13:00,3600,0.0,0.5208457498300001,0.0,0.0,0.0,0.5208457498300001
2024-09-01T14:00,3600,0.0,0.46216942445,0.0,0.0,0.0,0.46216942445
2024-09-01T15:00,3600,0.0,0.37185198146,0.0,0.0,0.0,0.37185198146
2024-09-01T16:00,3600,0.0,0.26284742851,0.0,0.0,0.0,0.26284742851
2024-09-01T17:00,3600,0.0,0.15898934759,0.0,0.0,0.0,0.15898934759
2024-09-01T18:00,3600,0.0,0.051074601350000005,0.0,0.0,0.0,0.051074601350000005
2024-09-01T19:00,3600,0.0,0.0060577457399999994,0.0,0.0,0.0,0.0060577457399999994
2024-09-01T20:00,3600,0.0,0.0,0.0,0.0,0.0,0.0
2024-09-01T21:00,3600,0.0,0.0,0.0,0.0,0.0,0.0
2024-09-01T22:00,3600,0.0,0.0,0.0,0.0,0.0,0.0
2024-09-01T23:00,3600,0.0,0.0,0.0,0.0,0.0,0.0
2024-09-02T00:00,3600,0.0,0.0,0.0,0.0,0.0,0.0
2024-09-02T01:00,3600,0.0,0.0,0.0,0.0,0.0,0.0
2024-09-02T02:00,3600,0.0,0.0,0.0,0.0,0.0,0.0
2024-09-02T03:00,3600,0.0,0.0,0.0,0.0,0.0,0.0
2024-09-02T04:00,3600,0.0,0.0,0.0,0.0,0.0,0.0
2024-09-02T05:00,3600,0.0,0.0,0.0,0.0,0.0,0.0
2024-09-02T06:00,3600,0.0,0.0,0.0,0.0,0.0,0.0
2024-09-02T07:00,3600,0.0,0.03817893044,0.0,0.0,0.0,0.03817893044
2024-09-02T08:00,3600,0.0,0.21590826231000002,0.0,0.0,0.0,0.21590826231000002
2024-09-02T09:00,3600,0.0,0.38939391954,0.0,0.0,0.0,0.38939391954
2024-09-02T10:00,3600,0.0,0.49808827119,0.0,0.0,0.0,0.49808827119
2024-09-02T11:00,3600,0.0,0.54773926817,0.0,0.0,0.0,0.54773926817
2024-09-02T12:00,3600,0.0,0.53842701343,0.0,0.0,0.0,0.53842701343
2024-09-02T13:00,3600,0.0,0.5633800442000001,0.0,0.0,0.0,0.5633800442000001
2024-09-02T14:00,3600,0.0,0.5272581357,0.0,0.0,0.0,0.5272581357
2024-09-02T15:00,3600,0.0,0.45776615157999995,0.0,0.0,0.0,0.45776615157999995
2024-09-02T16:00,3600,0.0,0.31115231875,0.0,0.0,0.0,0.31115231875
2024-09-02T17:00,3600,0.0,0.16561431976,0.0,0.0,0.0,0.16561431976
2024-09-02T18:00,3600,1.0849882352941176,0.05805532819999999,0.05805532819999999,1.0269329070941176,0.0,0.0
2024-09-02T19:00,3600,1.0870588235294116,0.0045205372800000004,0.0045205372800000004,1.0825382862494117,0.0,0.0
2024-09-02T20:00,3600,1.0870588235294116,0.0,0.0,1.0870588235294116,0.0,0.0
2024-09-02T21:00,3600,1.0870588235294116,0.0,0.0,1.0870588235294116,0.0,0.0
2024-09-02T22:00,3600,1.0870588235294116,0.0,0.0,1.0870588235294116,0.0,0.0
2024-09-02T23:00,3600,1.0870588235294116,0.0,0.0,1.0870588235294116,0.0,0.0
2024-09-03T00:00,3600,0.0,0.0,0.0,0.0,0.0,0.0
2024-09-03T01:00,3600,0.0,0.0,0.0,0.0,0.0,0.0
2024-09-03T02:00,3600,0.0,0.0,0.0,0.0,0.0,0.0
2024-09-03T03:00,3600,0.0,0.0,0.0,0.0,0.0,0.0
2024-09-03T04:00,3600,0.0,0.0,0.0,0.0,0.0,0.0
2024-09-03T05:00,3600,0.0,0.0,0.0,0.0,0.0,0.0
2024-09-03T06:00,3600,0.0,0.0,0.0,0.0,0.0,0.0
2024-09-03T07:00,3600,0.0,0.03689256562,0.0,0.0,0.0,0.03689256562
2024-09-03T08:00,3600,0.0,0.21364357624,0.0,0.0,0.0,0.21364357624
2024-09-03T09:00,3600,0.0,0.33759543870000003,0.0,0.0,0.0,0.33759543870000003
2024-09-03T10:00,3600,0.0,0.51419850569,0.0,0.0,0.0,0.51419850569
2024-09-03T11:00,3600,0.0,0.5725118711799999,0.0,0.0,0.0,0.5725118711799999
2024-09-03T12:00,3600,0.0,0.64558024355,0.0,0.0,0.0,0.64558024355
2024-09-03T13:00,3600,0.0,0.60135157718,0.0,0.0,0.0,0.60135157718
2024-09-03T14:00,3600,0.0,0.55761393823,0.0,0.0,0.0,0.55761393823
2024-09-03T15:00,3600,0.0,0.42559304966,0.0,0.0,0.0,0.42559304966
2024-09-03T16:00,3600,0.0,0.29798095253,0.0,0.0,0.0,0.29798095253
2024-09-03T17:00,3600,0.0,0.17784476004999997,0.0,0.0,0.0,0.17784476004999997
2024-09-03T18:00,3600,1.0762917647058825,0.04792769944,0.04792769944,1.0283640652658825,0.0,0.0
2024-09-03T19:00,3600,1.0849882352941176,0.00606142995,0.00606142995,1.0789268053441177,0.0,0.0
2024-09-03T20:00,3600,1.0870588235294116,0.0,0.0,1.0870588235294116,0.0,0.0
2024-09-03T21:00,3600,1.0870588235294116,0.0,0.0,1.0870588235294116,0.0,0.0
2024-09-03T22:00,3600,1.0870588235294116,0.0,0.0,1.0870588235294116,0.0,0.0
2024-09-03T23:00,3600,1.0870588235294116,0.0,0.0,1.0870588235294116,0.0,0.0
2024-09-04T00:00,3600,0.0,0.0,0.0,0.0,0.0,0.0
2024-09-04T01:00,3600,0.0,0.0,0.0,0.0,0.0,0.0
2024-09-04T02:00,3600,0.0,0.0,0.0,0.0,0.0,0.0
2024-09-04T03:00,3600,0.0,0.0,0.0,0.0,0.0,0.0
2024-09-04T04:00,3600,0.0,0.0,0.0,0.0,0.0,0.0
2024-09-04T05:00,3600,0.0,0.0,0.0,0.0,0.0,0.0
2024-09-04T06:00,3600,0.0,0.0,0.0,0.0,0.0,0.0
2024-09-04T07:00,3600,0.0,0.01996595289,0.0,0.0,0.0,0.01996595289
2024-09-04T08:00,3600,0.0,0.12743958509,0.0,0.0,0.0,0.12743958509
2024-09-04T09:00,3600,0.0,0.24188734029,0.0,0.0,0.0,0.24188734029
2024-09-04T10:00,3600,0.0,0.41532283078,0.0,0.0,0.0,0.41532283078
2024-09-04T11:00,3600,0.0,0.51760834005,0.0,0.0,0.0,0.51760834005
2024-09-04T12:00,3600,0.0,0.61762934131,0.0,0.0,0.0,0.61762934131
2024-09-04T13:00,3600,0.0,0.62879551663,0.0,0.0,0.0,0.62879551663
2024-09-04T14:00,3600,0.0,0.55169956406,0.0,0.0,0.0,0.55169956406
2024-09-04T15:00,3600,0.0,0.41634623812000005,0.0,0.0,0.0,0.41634623812000005
2024-09-04T16:00,3600,0.0,0.26023546311,0.0,0.0,0.0,0.26023546311
2024-09-04T17:00,3600,0.0,0.16953928986,0.0,0.0,0.0,0.16953928986
2024-09-04T18:00,3600,1.0870588235294116,0.05674319229000001,0.05674319229000001,1.0303156312394117,0.0,0.0
2024-09-04T19:00,3600,1.0870588235294116,0.00691013581,0.00691013581,1.0801486877194115,0.0,0.0
2024-09-04T20:00,3600,1.0870588235294116,0.0,0.0,1.0870588235294116,0.0,0.0
2024-09-04T21:00,3600,1.0870588235294116,0.0,0.0,1.0870588235294116,0.0,0.0
2024-09-04T22:00,3600,1.0870588235294116,0.0,0.0,1.0870588235294116,0.0,0.0
2024-09-04T23:00,3600,1.0870588235294116,0.0,0.0,1.0870588235294116,0.0,0.0
2024-09-05T00:00,3600,0.0,0.0,0.0,0.0,0.0,0.0
2024-09-05T01:00,3600,0.0,0.0,0.0,0.0,0.0,0.0
2024-09-05T02:00,3600,0.0,0.0,0.0,0.0,0.0,0.0
2024-09-05T03:00,3600,0.0,0.0,0.0,0.0,0.0,0.0
2024-09-05T04:00,3600,0.0,0.0,0.0,0.0,0.0,0.0
2024-09-05T05:00,3600,0.0,0.0,0.0,0.0,0.0,0.0
2024-09-05T06:00,3600,0.0,0.0,0.0,0.0,0.0,0.0
2024-09-05T07:00,3600,0.0,0.03274497316,0.0,0.0,0.0,0.03274497316
2024-09-05T08:00,3600,0.0,0.18905852118,0.0,0.0,0.0,0.18905852118
2024-09-05T09:00,3600,0.0,0.38372949918000004,0.0,0.0,0.0,0.38372949918000004
2024-09-05T10:00,3600,0.0,0.52618913691,0.0,0.0,0.0,0.52618913691
2024-09-05T11:00,3600,0.0,0.54830441913,0.0,0.0,0.0,0.54830441913
2024-09-05T12:00,3600,0.0,0.6361580470699999,0.0,0.0,0.0,0.6361580470699999
2024-09-05T13:00,3600,0.0,0.51531636014,0.0,0.0,0.0,0.51531636014
2024-09-05T14:00,3600,0.0,0.52426931497,0.0,0.0,0.0,0.52426931497
2024-09-05T15:00,3600,0.0,0.38421889369,0.0,0.0,0.0,0.38421889369
2024-09-05T16:00,3600,0.0,0.31677257148000004,0.0,0.0,0.0,0.31677257148000004
2024-09-05T17:00,3600,0.0,0.15694470400000002,0.0,0.0,0.0,0.15694470400000002
2024-09-05T18:00,3600,1.0870588235294116,0.04813376084,0.04813376084,1.0389250626894115,0.0,0.0
2024-09-05T19:00,3600,1.0870588235294116,0.0036997335499999997,0.0036997335499999997,1.0833590899794117,0.0,0.0
2024-09-05T20:00,3600,1.0870588235294116,0.0,0.0,1.0870588235294116,0.0,0.0
2024-09-05T21:00,3600,1.0870588235294116,0.0,0.0,1.0870588235294116,0.0,0.0
2024-09-05T22:00,3600,1.0870588235294116,0.0,0.0,1.0870588235294116,0.0,0.0
2024-09-05T23:00,3600,1.0870588235294116,0.0,0.0,1.0870588235294116,0.0,0.0
2024-09-06T00:00,3600,0.0,0.0,0.0,0.0,0.0,0.0
2024-09-06T01:00,3600,0.0,0.0,0.0,0.0,0.0,0.0
2024-09-06T02:00,3600,0.0,0.0,0.0,0.0,0.0,0.0
2024-09-06T03:00,3600,0.0,0.0,0.0,0.0,0.0,0.0
2024-09-06T04:00,3600,0.0,0.0,0.0,0.0,0.0,0.0
2024-09-06T05:00,3600,0.0,0.0,0.0,0.0,0.0,0.0
2024-09-06T06:00,3600,0.0,0.0,0.0,0.0,0.0,0.0
2024-09-06T07:00,3600,0.0,0.0,0.0,0.0,0.0,0.0
2024-09-06T08:00,3600,0.0,0.00615801645,0.0,0.0,0.0,0.00615801645
2024-09-06T09:00,3600,0.0,0.06408215211,0.0,0.0,0.0,0.06408215211
2024-09-06T10:00,3600,0.0,0.07921316816,0.0,0.0,0.0,0.07921316816
2024-09-06T11:00,3600,0.0,0.09485496412000001,0.0,0.0,0.0,0.09485496412000001
2024-09-06T12:00,3600,0.0,0.10717994412,0.0,0.0,0.0,0.10717994412
2024-09-06T13:00,3600,0.0,0.10342928965,0.0,0.0,0.0,0.10342928965
2024-09-06T14:00,3600,0.0,0.13586343151,0.0,0.0,0.0,0.13586343151
2024-09-06T15:00,3600,0.0,0.22522937032999998,0.0,0.0,0.0,0.22522937032999998
2024-09-06T16:00,3600,0.0,0.08809321476,0.0,0.0,0.0,0.08809321476
2024-09-06T17:00,3600,0.0,0.08625735688000001,0.0,0.0,0.0,0.08625735688000001
2024-09-06T18:00,3600,1.0870588235294116,0.02063058531,0.02063058531,1.0664282382194117,0.0,0.0
2024-09-06T19:00,3600,1.0870588235294116,0.0,0.0,1.0870588235294116,0.0,0.0
2024-09-06T20:00,3600,1.0870588235294116,0.0,0.0,1.0870588235294116,0.0,0.0
2024-09-06T21:00,3600,1.0870588235294116,0.0,0.0,1.0870588235294116,0.0,0.0
2024-09-06T22:00,3600,1.0870588235294116,0.0,0.0,1.0870588235294116,0.0,0.0
2024-09-06T23:00,3600,1.0870588235294116,0.0,0.0,1.0870588235294116,0.0,0.0
2024-09-07T00:00,3600,0.0,0.0,0.0,0.0,0.0,0.0
2024-09-07T01:00,3600,0.0,0.0,0.0,0.0,0.0,0.0
2024-09-07T02:00,3600,0.0,0.0,0.0,0.0,0.0,0.0
2024-09-07T03:00,3600,0.0,0.0,0.0,0.0,0.0,0.0
2024-09-07T04:00,3600,0.0,0.0,0.0,0.0,0.0,0.0
2024-09-07T05:00,3600,0.0,0.0,0.0,0.0,0.0,0.0
2024-09-07T06:00,3600,0.0,0.0,0.0,0.0,0.0,0.0
2024-09-07T07:00,3600,0.0,0.00740585031,0.0,0.0,0.0,0.00740585031
2024-09-07T08:00,3600,0.0,0.07918237789,0.0,0.0,0.0,0.07918237789
2024-09-07T09:00,3600,0.0,0.16160940887,0.0,0.0,0.0,0.16160940887
2024-09-07T10:00,3600,0.0,0.19338370887,0.0,0.0,0.0,0.19338370887
2024-09-07T11:00,3600,0.0,0.26321862249,0.0,0.0,0.0,0.26321862249
2024-09-07T12:00,3600,0.0,0.31632843644,0.0,0.0,0.0,0.31632843644
2024-09-07T13:00,3600,0.0,0.43193483885,0.0,0.0,0.0,0.43193483885
2024-09-07T14:00,3600,0.0,0.32914828595,0.0,0.0,0.0,0.32914828595
2024-09-07T15:00,3600,0.0,0.21030985527,0.0,0.0,0.0,0.21030985527
2024-09-07T16:00,3600,0.0,0.18030749642,0.0,0.0,0.0,0.18030749642
2024-09-07T17:00,3600,0.0,0.11217798583,0.0,0.0,0.0,0.11217798583
2024-09-07T18:00,3600,0.0,0.04033581859,0.0,0.0,0.0,0.04033581859
2024-09-07T19:00,3600,0.0,0.00375274927,0.0,0.0,0.0,0.00375274927
2024-09-07T20:00,3600,0.0,0.0,0.0,0.0,0.0,0.0
2024-09-07T21:00,3600,0.0,0.0,0.0,0.0,0.0,0.0
2024-09-07T22:00,3600,0.0,0.0,0.0,0.0,0.0,0.0
2024-09-07T23:00,3600,0.0,0.0,0.0,0.0,0.0,0.0
2024-09-08T00:00,3600,0.0,0.0,0.0,0.0,0.0,0.0
2024-09-08T01:00,3600,0.0,0.0,0.0,0.0,0.0,0.0
2024-09-08T02:00,3600,0.0,0.0,0.0,0.0,0.0,0.0
2024-09-08T03:00,3600,0.0,0.0,0.0,0.0,0.0,0.0
2024-09-08T04:00,3600,0.0,0.0,0.0,0.0,0.0,0.0
2024-09-08T05:00,3600,0.0,0.0,0.0,0.0,0.0,0.0
2024-09-08T06:00,3600,0.0,0.0,0.0,0.0,0.0,0.0
2024-09-08T07:00,3600,0.0,0.00616654407,0.0,0.0,0.0,0.00616654407
2024-09-08T08:00,3600,0.0,0.07604777557,0.0,0.0,0.0,0.07604777557
2024-09-08T09:00,3600,0.0,0.16112932665000002,0.0,0.0,0.0,0.16112932665000002
2024-09-08T10:00,3600,0.0,0.31709366885,0.0,0.0,0.0,0.31709366885
2024-09-08T11:00,3600,0.0,0.45676706179000004,0.0,0.0,0.0,0.45676706179000004
2024-09-08T12:00,3600,0.0,0.48912935209999997,0.0,0.0,0.0,0.48912935209999997
2024-09-08T13:00,3600,0.0,0.5029728551,0.0,0.0,0.0,0.5029728551
2024-09-08T14:00,3600,0.0,0.40217051559,0.0,0.0,0.0,0.40217051559
2024-09-08T15:00,3600,0.0,0.2152262542,0.0,0.0,0.0,0.2152262542
2024-09-08T16:00,3600,0.0,0.18949960327999998,0.0,0.0,0.0,0.18949960327999998
2024-09-08T17:00,3600,0.0,0.10114156889,0.0,0.0,0.0,0.10114156889
2024-09-08T18:00,3600,0.0,0.032562247030000005,0.0,0.0,0.0,0.032562247030000005
2024-09-08T19:00,3600,0.0,0.0,0.0,0.0,0.0,0.0
2024-09-08T20:00,3600,0.0,0.0,0.0,0.0,0.0,0.0
2024-09-08T21:00,3600,0.0,0.0,0.0,0.0,0.0,0.0
2024-09-08T22:00,3600,0.0,0.0,0.0,0.0,0.0,0.0
2024-09-08T23:00,3600,0.0,0.0,0.0,0.0,0.0,0.0
2024-09-09T00:00,3600,0.0,0.0,0.0,0.0,0.0,0.0
2024-09-09T01:00,3600,0.0,0.0,0.0,0.0,0.0,0.0
2024-09-09T02:00,3600,0.0,0.0,0.0,0.0,0.0,0.0
2024-09-09T03:00,3600,0.0,0.0,0.0,0.0,0.0,0.0
2024-09-09T04:00,3600,0.0,0.0,0.0,0.0,0.0,0.0
2024-09-09T05:00,3600,0.0,0.0,0.0,0.0,0.0,0.0
2024-09-09T06:00,3600,0.0,0.0,0.0,0.0,0.0,0.0
2024-09-09T07:00,3600,0.0,0.016404087810000002,0.0,0.0,0.0,0.016404087810000002
2024-09-09T08:00,3600,0.0,0.11167540245000002,0.0,0.0,0.0,0.11167540245000002
2024-09-09T09:00,3600,0.0,0.20446699448000002,0.0,0.0,0.0,0.20446699448000002
2024-09-09T10:00,3600,0.0,0.31058395419,0.0,0.0,0.0,0.31058395419
2024-09-09T11:00,3600,0.0,0.27576609345,0.0,0.0,0.0,0.27576609345
2024-09-09T12:00,3600,0.0,0.51768179356,0.0,0.0,0.0,0.51768179356
2024-09-09T13:00,3600,0.0,0.57318050949,0.0,0.0,0.0,0.57318050949
2024-09-09T14:00,3600,0.0,0.46608753689,0.0,0.0,0.0,0.46608753689
2024-09-09T15:00,3600,0.0,0.32579984025,0.0,0.0,0.0,0.32579984025
2024-09-09T16:00,3600,0.0,0.20093017334000002,0.0,0.0,0.0,0.20093017334000002
2024-09-09T17:00,3600,0.0,0.11842783857,0.0,0.0,0.0,0.11842783857
2024-09-09T18:00,3600,1.0870588235294116,0.04452238332,0.04452238332,1.0425364402094117,0.0,0.0
2024-09-09T19:00,3600,1.0870588235294116,0.0029800488299999996,0.0029800488299999996,1.0840787746994116,0.0,0.0
2024-09-09T20:00,3600,1.0870588235294116,0.0,0.0,1.0870588235294116,0.0,0.0
2024-09-09T21:00,3600,1.0870588235294116,0.0,0.0,1.0870588235294116,0.0,0.0
2024-09-09T22:00,3600,1.0870588235294116,0.0,0.0,1.0870588235294116,0.0,0.0
2024-09-09T23:00,3600,1.0870588235294116,0.0,0.0,1.0870588235294116,0.0,0.0
2024-09-10T00:00,3600,0.0,0.0,0.0,0.0,0.0,0.0
2024-09-10T01:00,3600,0.0,0.0,0.0,0.0,0.0,0.0
2024-09-10T02:00,3600,0.0,0.0,0.0,0.0,0.0,0.0
2024-09-10T03:00,3600,0.0,0.0,0.0,0.0,0.0,0.0
2024-09-10T04:00,3600,0.0,0.0,0.0,0.0,0.0,0.0
2024-09-10T05:00,3600,0.0,0.0,0.0,0.0,0.0,0.0
2024-09-10T06:00,3600,0.0,0.0,0.0,0.0,0.0,0.0
2024-09-10T07:00,3600,0.0,0.02350162277,0.0,0.0,0.0,0.02350162277
2024-09-10T08:00,3600,0.0,0.16567645949999998,0.0,0.0,0.0,0.16567645949999998
2024-09-10T09:00,3600,0.0,0.31214868415,0.0,0.0,0.0,0.31214868415
2024-09-10T10:00,3600,0.0,0.46511844745,0.0,0.0,0.0,0.46511844745
2024-09-10T11:00,3600,0.0,0.57254026546,0.0,0.0,0.0,0.57254026546
2024-09-10T12:00,3600,0.0,0.5890750760600001,0.0,0.0,0.0,0.5890750760600001
2024-09-10T13:00,3600,0.0,0.57626765404,0.0,0.0,0.0,0.57626765404
2024-09-10T14:00,3600,0.0,0.47240978530000005,0.0,0.0,0.0,0.47240978530000005
2024-09-10T15:00,3600,0.0,0.37296882427,0.0,0.0,0.0,0.37296882427
2024-09-10T16:00,3600,0.0,0.26283329917,0.0,0.0,0.0,0.26283329917
2024-09-10T17:00,3600,0.0,0.16055786748,0.0,0.0,0.0,0.16055786748
2024-09-10T18:00,3600,1.0870588235294116,0.04608488143000001,0.04608488143000001,1.0409739420994115,0.0,0.0
2024-09-10T19:00,3600,1.0870588235294116,0.0029495280100000003,0.0029495280100000003,1.0841092955194116,0.0,0.0
2024-09-10T20:00,3600,1.0870588235294116,0.0,0.0,1.0870588235294116,0.0,0.0
2024-09-10T21:00,3600,1.0870588235294116,0.0,0.0,1.0870588235294116,0.0,0.0
2024-09-10T22:00,3600,1.0870588235294116,0.0,0.0,1.0870588235294116,0.0,0.0
2024-09-10T23:00,3600,1.0870588235294116,0.0,0.0,1.0870588235294116,0.0,0.0
2024-09-11T00:00,3600,0.0,0.0,0.0,0.0,0.0,0.0
2024-09-11T01:00,3600,0.0,0.0,0.0,0.0,0.0,0.0
2024-09-11T02:00,3600,0.0,0.0,0.0,0.0,0.0,0.0
2024-09-11T03:00,3600,0.0,0.0,0.0,0.0,0.0,0.0
2024-09-11T04:00,3600,0.0,0.0,0.0,0.0,0.0,0.0
2024-09-11T05:00,3600,0.0,0.0,0.0,0.0,0.0,0.0
2024-09-11T06:00,3600,0.0,0.0,0.0,0.0,0.0,0.0
2024-09-11T07:00,3600,0.0,0.02101037049,0.0,0.0,0.0,0.02101037049
2024-09-11T08:00,3600,0.0,0.14020551792,0.0,0.0,0.0,0.14020551792
2024-09-11T09:00,3600,0.0,0.30121797963,0.0,0.0,0.0,0.30121797963
2024-09-11T10:00,3600,0.0,0.48264428909999996,0.0,0.0,0.0,0.48264428909999996
2024-09-11T11:00,3600,0.0,0.5690832150799999,0.0,0.0,0.0,0.5690832150799999
2024-09-11T12:00,3600,0.0,0.57873369466,0.0,0.0,0.0,0.57873369466
2024-09-11T13:00,3600,0.0,0.53551432933,0.0,0.0,0.0,0.53551432933
2024-09-11T14:00,3600,0.0,0.50693760134,0.0,0.0,0.0,0.50693760134
2024-09-11T15:00,3600,0.0,0.40739560919000006,0.0,0.0,0.0,0.40739560919000006
2024-09-11T16:00,3600,0.0,0.28115588972,0.0,0.0,0.0,0.28115588972
2024-09-11T17:00,3600,0.0,0.15188264255999998,0.0,0.0,0.0,0.15188264255999998
2024-09-11T18:00,3600,1.0837458823529413,0.03712965893,0.03712965893,1.0466162234229412,0.0,0.0
2024-09-11T19:00,3600,1.0870588235294116,0.00132283345,0.00132283345,1.0857359900794117,0.0,0.0
2024-09-11T20:00,3600,1.0870588235294116,0.0,0.0,1.0870588235294116,0.0,0.0
2024-09-11T21:00,3600,1.0870588235294116,0.0,0.0,1.0870588235294116,0.0,0.0
2024-09-11T22:00,3600,1.0870588235294116,0.0,0.0,1.0870588235294116,0.0,0.0
2024-09-11T23:00,3600,1.0870588235294116,0.0,0.0,1.0870588235294116,0.0,0.0
2024-09-12T00:00,3600,0.0,0.0,0.0,0.0,0.0,0.0
2024-09-12T01:00,3600,0.0,0.0,0.0,0.0,0.0,0.0
2024-09-12T02:00,3600,0.0,0.0,0.0,0.0,0.0,0.0
2024-09-12T03:00,3600,0.0,0.0,0.0,0.0,0.0,0.0
2024-09-12T04:00,3600,0.0,0.0,0.0,0.0,0.0,0.0
2024-09-12T05:00,3600,0.0,0.0,0.0,0.0,0.0,0.0
2024-09-12T06:00,3600,0.0,0.0,0.0,0.0,0.0,0.0
2024-09-12T07:00,3600,0.0,0.01784332736,0.0,0.0,0.0,0.01784332736
2024-09-12T08:00,3600,0.0,0.14639450897,0.0,0.0,0.0,0.14639450897
2024-09-12T09:00,3600,0.0,0.32773502178,0.0,0.0,0.0,0.32773502178
2024-09-12T10:00,3600,0.0,0.50769810679,0.0,0.0,0.0,0.50769810679
2024-09-12T11:00,3600,0.0,0.57869715712,0.0,0.0,0.0,0.57869715712
2024-09-12T12:00,3600,0.0,0.56900934539,0.0,0.0,0.0,0.56900934539
2024-09-12T13:00,3600,0.0,0.51365214836,0.0,0.0,0.0,0.51365214836
2024-09-12T14:00,3600,0.0,0.42660735888,0.0,0.0,0.0,0.42660735888
2024-09-12T15:00,3600,0.0,0.28001971780999996,0.0,0.0,0.0,0.28001971780999996
2024-09-12T16:00,3600,0.0,0.18737711075000002,0.0,0.0,0.0,0.18737711075000002
2024-09-12T17:00,3600,0.0,0.11753372213,0.0,0.0,0.0,0.11753372213
2024-09-12T18:00,3600,1.0870588235294116,0.05057460473,0.05057460473,1.0364842187994117,0.0,0.0
2024-09-12T19:00,3600,1.0870588235294116,0.00292363271,0.00292363271,1.0841351908194117,0.0,0.0
2024-09-12T20:00,3600,1.0870588235294116,0.0,0.0,1.0870588235294116,0.0,0.0
2024-09-12T21:00,3600,1.0870588235294116,0.0,0.0,1.0870588235294116,0.0,0.0
2024-09-12T22:00,3600,1.0870588235294116,0.0,0.0,1.0870588235294116,0.0,0.0
2024-09-12T23:00,3600,1.0870588235294116,0.0,0.0,1.0870588235294116,0.0,0.0
2024-09-13T00:00,3600,0.0,0.0,0.0,0.0,0.0,0.0
2024-09-13T01:00,3600,0.0,0.0,0.0,0.0,0.0,0.0
2024-09-13T02:00,3600,0.0,0.0,0.0,0.0,0.0,0.0
2024-09-13T03:00,3600,0.0,0.0,0.0,0.0,0.0,0.0
2024-09-13T04:00,3600,0.0,0.0,0.0,0.0,0.0,0.0
2024-09-13T05:00,3600,0.0,0.0,0.0,0.0,0.0,0.0
2024-09-13T06:00,3600,0.0,0.0,0.0,0.0,0.0,0.0
2024-09-13T07:00,3600,0.0,0.00887739318,0.0,0.0,0.0,0.00887739318
2024-09-13T08:00,3600,0.0,0.07956573539999999,0.0,0.0,0.0,0.07956573539999999
2024-09-13T09:00,3600,0.0,0.22870530281,0.0,0.0,0.0,0.22870530281
2024-09-13T10:00,3600,0.0,0.41272699333,0.0,0.0,0.0,0.41272699333
2024-09-13T11:00,3600,0.0,0.49591261346,0.0,0.0,0.0,0.49591261346
2024-09-13T12:00,3600,0.0,0.5544361347,0.0,0.0,0.0,0.5544361347
2024-09-13T13:00,3600,0.0,0.53593954561,0.0,0.0,0.0,0.53593954561
2024-09-13T14:00,3600,0.0,0.45091473394000003,0.0,0.0,0.0,0.45091473394000003
2024-09-13T15:00,3600,0.0,0.41566448037,0.0,0.0,0.0,0.41566448037
2024-09-13T16:00,3600,0.0,0.28859826141999995,0.0,0.0,0.0,0.28859826141999995
2024-09-13T17:00,3600,0.0,0.15959029082,0.0,0.0,0.0,0.15959029082
2024-09-13T18:00,3600,1.0870588235294116,0.04809069394,0.04809069394,1.0389681295894115,0.0,0.0
2024-09-13T19:00,3600,1.0870588235294116,0.00132913273,0.00132913273,1.0857296907994116,0.0,0.0
2024-09-13T20:00,3600,1.0870588235294116,0.0,0.0,1.0870588235294116,0.0,0.0
2024-09-13T21:00,3600,1.0870588235294116,0.0,0.0,1.0870588235294116,0.0,0.0
2024-09-13T22:00,3600,1.0870588235294116,0.0,0.0,1.0870588235294116,0.0,0.0
2024-09-13T23:00,3600,1.0870588235294116,0.0,0.0,1.0870588235294116,0.0,0.0
2024-09-14T00:00,3600,0.0,0.0,0.0,0.0,0.0,0.0
2024-09-14T01:00,3600,0.0,0.0,0.0,0.0,0.0,0.0
2024-09-14T02:00,3600,0.0,0.0,0.0,0.0,0.0,0.0
2024-09-14T03:00,3600,0.0,0.0,0.0,0.0,0.0,0.0
2024-09-14T04:00,3600,0.0,0.0,0.0,0.0,0.0,0.0
2024-09-14T05:00,3600,0.0,0.0,0.0,0.0,0.0,0.0
2024-09-14T06:00,3600,0.0,0.0,0.0,0.0,0.0,0.0
2024-09-14T07:00,3600,0.0,0.021436339840000002,0.0,0.0,0.0,0.021436339840000002
2024-09-14T08:00,3600,0.0,0.14540019047,0.0,0.0,0.0,0.14540019047
2024-09-14T09:00,3600,0.0,0.30978083609999996,0.0,0.0,0.0,0.30978083609999996
2024-09-14T10:00,3600,0.0,0.43149127467,0.0,0.0,0.0,0.43149127467
2024-09-14T11:00,3600,0.0,0.5498551537199999,0.0,0.0,0.0,0.5498551537199999
2024-09-14T12:00,3600,0.0,0.4922281401,0.0,0.0,0.0,0.4922281401
2024-09-14T13:00,3600,0.0,0.57455133986,0.0,0.0,0.0,0.57455133986
2024-09-14T14:00,3600,0.0,0.48784668286,0.0,0.0,0.0,0.48784668286
2024-09-14T15:00,3600,0.0,0.32917056287,0.0,0.0,0.0,0.32917056287
2024-09-14T16:00,3600,0.0,0.18673702576999998,0.0,0.0,0.0,0.18673702576999998
2024-09-14T17:00,3600,0.0,0.08122024375,0.0,0.0,0.0,0.08122024375
2024-09-14T18:00,3600,0.0,0.0340551502,0.0,0.0,0.0,0.0340551502
2024-09-14T19:00,3600,0.0,0.0,0.0,0.0,0.0,0.0
2024-09-14T20:00,3600,0.0,0.0,0.0,0.0,0.0,0.0
2024-09-14T21:00,3600,0.0,0.0,0.0,0.0,0.0,0.0
2024-09-14T22:00,3600,0.0,0.0,0.0,0.0,0.0,0.0
2024-09-14T23:00,3600,0.0,0.0,0.0,0.0,0.0,0.0
2024-09-15T00:00,3600,0.0,0.0,0.0,0.0,0.0,0.0
2024-09-15T01:00,3600,0.0,0.0,0.0,0.0,0.0,0.0
2024-09-15T02:00,3600,0.0,0.0,0.0,0.0,0.0,0.0
2024-09-15T03:00,3600,0.0,0.0,0.0,0.0,0.0,0.0
2024-09-15T04:00,3600,0.0,0.0,0.0,0.0,0.0,0.0
2024-09-15T05:00,3600,0.0,0.0,0.0,0.0,0.0,0.0
2024-09-15T06:00,3600,0.0,0.0,0.0,0.0,0.0,0.0
2024-09-15T07:00,3600,0.0,0.014412323329999999,0.0,0.0,0.0,0.014412323329999999
2024-09-15T08:00,3600,0.0,0.17150482201,0.0,0.0,0.0,0.17150482201
2024-09-15T09:00,3600,0.0,0.39354610548,0.0,0.0,0.0,0.39354610548
2024-09-15T10:00,3600,0.0,0.45916126908000005,0.0,0.0,0.0,0.45916126908000005
2024-09-15T11:00,3600,0.0,0.56920218119,0.0,0.0,0.0,0.56920218119
2024-09-15T12:00,3600,0.0,0.61250069051,0.0,0.0,0.0,0.61250069051
2024-09-15T13:00,3600,0.0,0.54100548324,0.0,0.0,0.0,0.54100548324
2024-09-15T14:00,3600,0.0,0.49170192488,0.0,0.0,0.0,0.49170192488
2024-09-15T15:00,3600,0.0,0.39643539396,0.0,0.0,0.0,0.39643539396
2024-09-15T16:00,3600,0.0,0.27857987927,0.0,0.0,0.0,0.27857987927
2024-09-15T17:00,3600,0.0,0.13798300374,0.0,0.0,0.0,0.13798300374
2024-09-15T18:00,3600,0.0,0.037386296629999996,0.0,0.0,0.0,0.037386296629999996
2024-09-15T19:00,3600,0.0,0.00055737424,0.0,0.0,0.0,0.00055737424
2024-09-15T20:00,3600,0.0,0.0,0.0,0.0,0.0,0.0
2024-09-15T21:00,3600,0.0,0.0,0.0,0.0,0.0,0.0
2024-09-15T22:00,3600,0.0,0.0,0.0,0.0,0.0,0.0
2024-09-15T23:00,3600,0.0,0.0,0.0,0.0,0.0,0.0
2024-09-16T00:00,3600,0.0,0.0,0.0,0.0,0.0,0.0
2024-09-16T01:00,3600,0.0,0.0,0.0,0.0,0.0,0.0
2024-09-16T02:00,3600,0.0,0.0,0.0,0.0,0.0,0.0
2024-09-16T03:00,3600,0.0,0.0,0.0,0.0,0.0,0.0
2024-09-16T04:00,3600,0.0,0.0,0.0,0.0,0.0,0.0
2024-09-16T05:00,3600,0.0,0.0,0.0,0.0,0.0,0.0
2024-09-16T06:00,3600,0.0,0.0,0.0,0.0,0.0,0.0
2024-09-16T07:00,3600,0.0,0.01406697204,0.0,0.0,0.0,0.01406697204
2024-09-16T08:00,3600,0.0,0.13117283946,0.0,0.0,0.0,0.13117283946
2024-09-16T09:00,3600,0.0,0.28710457766,0.0,0.0,0.0,0.28710457766
2024-09-16T10:00,3600,0.0,0.40787344022,0.0,0.0,0.0,0.40787344022
2024-09-16T11:00,3600,0.0,0.53210361065,0.0,0.0,0.0,0.53210361065
2024-09-16T12:00,3600,0.0,0.37126479942,0.0,0.0,0.0,0.37126479942
2024-09-16T13:00,3600,0.0,0.54721049592,0.0,0.0,0.0,0.54721049592
2024-09-16T14:00,3600,0.0,0.45542017632,0.0,0.0,0.0,0.45542017632
2024-09-16T15:00,3600,0.0,0.38318867777,0.0,0.0,0.0,0.38318867777
2024-09-16T16:00,3600,0.0,0.26558380021,0.0,0.0,0.0,0.26558380021
2024-09-16T17:00,3600,0.0,0.15411476831999998,0.0,0.0,0.0,0.15411476831999998
2024-09-16T18:00,3600,1.0870588235294116,0.03872942182,0.03872942182,1.0483294017094116,0.0,0.0
2024-09-16T19:00,3600,1.0870588235294116,0.0005234190199999999,0.0005234190199999999,1.0865354045094116,0.0,0.0
2024-09-16T20:00,3600,1.0870588235294116,0.0,0.0,1.0870588235294116,0.0,0.0
2024-09-16T21:00,3600,1.0870588235294116,0.0,0.0,1.0870588235294116,0.0,0.0
2024-09-16T22:00,3600,1.0870588235294116,0.0,0.0,1.0870588235294116,0.0,0.0
2024-09-16T23:00,3600,1.0870588235294116,0.0,0.0,1.0870588235294116,0.0,0.0
2024-09-17T00:00,3600,0.0,0.0,0.0,0.0,0.0,0.0
2024-09-17T01:00,3600,0.0,0.0,0.0,0.0,0.0,0.0
2024-09-17T02:00,3600,0.0,0.0,0.0,0.0,0.0,0.0
2024-09-17T03:00,3600,0.0,0.0,0.0,0.0,0.0,0.0
2024-09-17T04:00,3600,0.0,0.0,0.0,0.0,0.0,0.0
2024-09-17T05:00,3600,0.0,0.0,0.0,0.0,0.0,0.0
2024-09-17T06:00,3600,0.0,0.0,0.0,0.0,0.0,0.0
2024-09-17T07:00,3600,0.0,0.022707919570000002,0.0,0.0,0.0,0.022707919570000002
2024-09-17T08:00,3600,0.0,0.16024812597,0.0,0.0,0.0,0.16024812597
2024-09-17T09:00,3600,0.0,0.32300301981,0.0,0.0,0.0,0.32300301981
2024-09-17T10:00,3600,0.0,0.46572786605,0.0,0.0,0.0,0.46572786605
2024-09-17T11:00,3600,0.0,0.5463407904600001,0.0,0.0,0.0,0.5463407904600001
2024-09-17T12:00,3600,0.0,0.55039682089,0.0,0.0,0.0,0.55039682089
2024-09-17T13:00,3600,0.0,0.5446436878900001,0.0,0.0,0.0,0.5446436878900001
2024-09-17T14:00,3600,0.0,0.50007944072,0.0,0.0,0.0,0.50007944072
2024-09-17T15:00,3600,0.0,0.4266057841,0.0,0.0,0.0,0.4266057841
2024-09-17T16:00,3600,0.0,0.29193212684000003,0.0,0.0,0.0,0.29193212684000003
2024-09-17T17:00,3600,0.0,0.15644711586,0.0,0.0,0.0,0.15644711586
2024-09-17T18:00,3600,1.0870588235294116,0.04176121348,0.04176121348,1.0452976100494116,0.0,0.0
2024-09-17T19:00,3600,1.0870588235294116,0.0,0.0,1.0870588235294116,0.0,0.0
2024-09-17T20:00,3600,1.0870588235294116,0.0,0.0,1.0870588235294116,0.0,0.0
2024-09-17T21:00,3600,1.0870588235294116,0.0,0.0,1.0870588235294116,0.0,0.0
2024-09-17T22:00,3600,1.0870588235294116,0.0,0.0,1.0870588235294116,0.0,0.0
2024-09-17T23:00,3600,1.0870588235294116,0.0,0.0,1.0870588235294116,0.0,0.0
2024-09-18T00:00,3600,0.0,0.0,0.0,0.0,0.0,0.0
2024-09-18T01:00,3600,0.0,0.0,0.0,0.0,0.0,0.0
2024-09-18T02:00,3600,0.0,0.0,0.0,0.0,0.0,0.0
2024-09-18T03:00,3600,0.0,0.0,0.0,0.0,0.0,0.0
2024-09-18T04:00,3600,0.0,0.0,0.0,0.0,0.0,0.0
2024-09-18T05:00,3600,0.0,0.0,0.0,0.0,0.0,0.0
2024-09-18T06:00,3600,0.0,0.0,0.0,0.0,0.0,0.0
2024-09-18T07:00,3600,0.0,0.01744701399,0.0,0.0,0.0,0.01744701399
2024-09-18T08:00,3600,0.0,0.17855633007,0.0,0.0,0.0,0.17855633007
2024-09-18T09:00,3600,0.0,0.36633871229000003,0.0,0.0,0.0,0.36633871229000003
2024-09-18T10:00,3600,0.0,0.52257575817,0.0,0.0,0.0,0.52257575817
2024-09-18T11:00,3600,0.0,0.49843978714,0.0,0.0,0.0,0.49843978714
2024-09-18T12:00,3600,0.0,0.53687417926,0.0,0.0,0.0,0.53687417926
2024-09-18T13:00,3600,0.0,0.58566470377,0.0,0.0,0.0,0.58566470377
2024-09-18T14:00,3600,0.0,0.49385924037,0.0,0.0,0.0,0.49385924037
2024-09-18T15:00,3600,0.0,0.44997208692999996,0.0,0.0,0.0,0.44997208692999996
2024-09-18T16:00,3600,0.0,0.29260611566,0.0,0.0,0.0,0.29260611566
2024-09-18T17:00,3600,0.0,0.15960424004999998,0.0,0.0,0.0,0.15960424004999998
2024-09-18T18:00,3600,1.086230588235294,0.0356334127,0.0356334127,1.050597175535294,0.0,0.0
2024-09-18T19:00,3600,1.0870588235294116,0.0,0.0,1.0870588235294116,0.0,0.0
2024-09-18T20:00,3600,1.0870588235294116,0.0,0.0,1.0870588235294116,0.0,0.0
2024-09-18T21:00,3600,1.0870588235294116,0.0,0.0,1.0870588235294116,0.0,0.0
2024-09-18T22:00,3600,1.0870588235294116,0.0,0.0,1.0870588235294116,0.0,0.0
2024-09-18T23:00,3600,1.0870588235294116,0.0,0.0,1.0870588235294116,0.0,0.0
2024-09-19T00:00,3600,0.0,0.0,0.0,0.0,0.0,0.0
2024-09-19T01:00,3600,0.0,0.0,0.0,0.0,0.0,0.0
2024-09-19T02:00,3600,0.0,0.0,0.0,0.0,0.0,0.0
2024-09-19T03:00,3600,0.0,0.0,0.0,0.0,0.0,0.0
2024-09-19T04:00,3600,0.0,0.0,0.0,0.0,0.0,0.0
2024-09-19T05:00,3600,0.0,0.0,0.0,0.0,0.0,0.0
2024-09-19T06:00,3600,0.0,0.0,0.0,0.0,0.0,0.0
2024-09-19T07:00,3600,0.0,0.01161041614,0.0,0.0,0.0,0.01161041614
2024-09-19T08:00,3600,0.0,0.13177955682,0.0,0.0,0.0,0.13177955682
2024-09-19T09:00,3600,0.0,0.34212606674,0.0,0.0,0.0,0.34212606674
2024-09-19T10:00,3600,0.0,0.51698793503,0.0,0.0,0.0,0.51698793503
2024-09-19T11:00,3600,0.0,0.6177856842800001,0.0,0.0,0.0,0.6177856842800001
2024-09-19T12:00,3600,0.0,0.52702968182,0.0,0.0,0.0,0.52702968182
2024-09-19T13:00,3600,0.0,0.52286440931,0.0,0.0,0.0,0.52286440931
2024-09-19T14:00,3600,0.0,0.51224232685,0.0,0.0,0.0,0.51224232685
2024-09-19T15:00,3600,0.0,0.34975522351,0.0,0.0,0.0,0.34975522351
2024-09-19T16:00,3600,0.0,0.27631013440999996,0.0,0.0,0.0,0.27631013440999996
2024-09-19T17:00,3600,0.0,0.15738151387000002,0.0,0.0,0.0,0.15738151387000002
2024-09-19T18:00,3600,1.086230588235294,0.03866121754000001,0.03866121754000001,1.047569370695294,0.0,0.0
2024-09-19T19:00,3600,1.0870588235294116,0.0,0.0,1.0870588235294116,0.0,0.0
2024-09-19T20:00,3600,1.0870588235294116,0.0,0.0,1.0870588235294116,0.0,0.0
2024-09-19T21:00,3600,1.0870588235294116,0.0,0.0,1.0870588235294116,0.0,0.0
2024-09-19T22:00,3600,1.0870588235294116,0.0,0.0,1.0870588235294116,0.0,0.0
2024-09-19T23:00,3600,1.0870588235294116,0.0,0.0,1.0870588235294116,0.0,0.0
2024-09-20T00:00,3600,0.0,0.0,0.0,0.0,0.0,0.0
2024-09-20T01:00,3600,0.0,0.0,0.0,0.0,0.0,0.0
2024-09-20T02:00,3600,0.0,0.0,0.0,0.0,0.0,0.0
2024-09-20T03:00,3600,0.0,0.0,0.0,0.0,0.0,0.0
2024-09-20T04:00,3600,0.0,0.0,0.0,0.0,0.0,0.0
2024-09-20T05:00,3600,0.0,0.0,0.0,0.0,0.0,0.0
2024-09-20T06:00,3600,0.0,0.0,0.0,0.0,0.0,0.0
2024-09-20T07:00,3600,0.0,0.02615618022,0.0,0.0,0.0,0.02615618022
2024-09-20T08:00,3600,0.0,0.18960717783,0.0,0.0,0.0,0.18960717783
2024-09-20T09:00,3600,0.0,0.33908329022,0.0,0.0,0.0,0.33908329022
2024-09-20T10:00,3600,0.0,0.5084322101200001,0.0,0.0,0.0,0.5084322101200001
2024-09-20T11:00,3600,0.0,0.5666620603600001,0.0,0.0,0.0,0.5666620603600001
2024-09-20T12:00,3600,0.0,0.6038320680199999,0.0,0.0,0.0,0.6038320680199999
2024-09-20T13:00,3600,0.0,0.5575750993599999,0.0,0.0,0.0,0.5575750993599999
2024-09-20T14:00,3600,0.0,0.40112914610000006,0.0,0.0,0.0,0.40112914610000006
2024-09-20T15:00,3600,0.0,0.44998501818000003,0.0,0.0,0.0,0.44998501818000003
2024-09-20T16:00,3600,0.0,0.29748009897999994,0.0,0.0,0.0,0.29748009897999994
2024-09-20T17:00,3600,0.0,0.16251525978,0.0,0.0,0.0,0.16251525978
2024-09-20T18:00,3600,1.0870588235294116,0.03785712935,0.03785712935,1.0492016941794116,0.0,0.0
2024-09-20T19:00,3600,1.0870588235294116,0.0,0.0,1.0870588235294116,0.0,0.0
2024-09-20T20:00,3600,1.0870588235294116,0.0,0.0,1.0870588235294116,0.0,0.0
2024-09-20T21:00,3600,1.0870588235294116,0.0,0.0,1.0870588235294116,0.0,0.0
2024-09-20T22:00,3600,1.0870588235294116,0.0,0.0,1.0870588235294116,0.0,0.0
2024-09-20T23:00,3600,1.0870588235294116,0.0,0.0,1.0870588235294116,0.0,0.0
2024-09-21T00:00,3600,0.0,0.0,0.0,0.0,0.0,0.0
2024-09-21T01:00,3600,0.0,0.0,0.0,0.0,0.0,0.0
2024-09-21T02:00,3600,0.0,0.0,0.0,0.0,0.0,0.0
2024-09-21T03:00,3600,0.0,0.0,0.0,0.0,0.0,0.0
2024-09-21T04:00,3600,0.0,0.0,0.0,0.0,0.0,0.0
2024-09-21T05:00,3600,0.0,0.0,0.0,0.0,0.0,0.0
2024-09-21T06:00,3600,0.0,0.0,0.0,0.0,0.0,0.0
2024-09-21T07:00,3600,0.0,0.00685123891,0.0,0.0,0.0,0.00685123891
2024-09-21T08:00,3600,0.0,0.0426512093,0.0,0.0,0.0,0.0426512093
2024-09-21T09:00,3600,0.0,0.16304135243,0.0,0.0,0.0,0.16304135243
2024-09-21T10:00,3600,0.0,0.24435840909,0.0,0.0,0.0,0.24435840909
2024-09-21T11:00,3600,0.0,0.27458503518,0.0,0.0,0.0,0.27458503518
2024-09-21T12:00,3600,0.0,0.27281815789,0.0,0.0,0.0,0.27281815789
2024-09-21T13:00,3600,0.0,0.19209763689999998,0.0,0.0,0.0,0.19209763689999998
2024-09-21T14:00,3600,0.0,0.27432680243,0.0,0.0,0.0,0.27432680243
2024-09-21T15:00,3600,0.0,0.2119214994,0.0,0.0,0.0,0.2119214994
2024-09-21T16:00,3600,0.0,0.17480519975000003,0.0,0.0,0.0,0.17480519975000003
2024-09-21T17:00,3600,0.0,0.06120464528,0.0,0.0,0.0,0.06120464528
2024-09-21T18:00,3600,0.0,0.02203665826,0.0,0.0,0.0,0.02203665826
2024-09-21T19:00,3600,0.0,0.0,0.0,0.0,0.0,0.0
2024-09-21T20:00,3600,0.0,0.0,0.0,0.0,0.0,0.0
2024-09-21T21:00,3600,0.0,0.0,0.0,0.0,0.0,0.0
2024-09-21T22:00,3600,0.0,0.0,0.0,0.0,0.0,0.0
2024-09-21T23:00,3600,0.0,0.0,0.0,0.0,0.0,0.0
2024-09-22T00:00,3600,0.0,0.0,0.0,0.0,0.0,0.0
2024-09-22T01:00,3600,0.0,0.0,0.0,0.0,0.0,0.0
2024-09-22T02:00,3600,0.0,0.0,0.0,0.0,0.0,0.0
2024-09-22T03:00,3600,0.0,0.0,0.0,0.0,0.0,0.0
2024-09-22T04:00,3600,0.0,0.0,0.0,0.0,0.0,0.0
2024-09-22T05:00,3600,0.0,0.0,0.0,0.0,0.0,0.0
2024-09-22T06:00,3600,0.0,0.0,0.0,0.0,0.0,0.0
2024-09-22T07:00,3600,0.0,0.00532330141,0.0,0.0,0.0,0.00532330141
2024-09-22T08:00,3600,0.0,0.05703932587,0.0,0.0,0.0,0.05703932587
2024-09-22T09:00,3600,0.0,0.11985498186,0.0,0.0,0.0,0.11985498186
2024-09-22T10:00,3600,0.0,0.19770233301,0.0,0.0,0.0,0.19770233301
2024-09-22T11:00,3600,0.0,0.25907249272000005,0.0,0.0,0.0,0.25907249272000005
2024-09-22T12:00,3600,0.0,0.22152904959,0.0,0.0,0.0,0.22152904959
2024-09-22T13:00,3600,0.0,0.16991073975,0.0,0.0,0.0,0.16991073975
2024-09-22T14:00,3600,0.0,0.23554269615999998,0.0,0.0,0.0,0.23554269615999998
2024-09-22T15:00,3600,0.0,0.2256528984,0.0,0.0,0.0,0.2256528984
2024-09-22T16:00,3600,0.0,0.16740179722,0.0,0.0,0.0,0.16740179722
2024-09-22T17:00,3600,0.0,0.06967224681,0.0,0.0,0.0,0.06967224681
2024-09-22T18:00,3600,0.0,0.02228636698,0.0,0.0,0.0,0.02228636698
2024-09-22T19:00,3600,0.0,0.0,0.0,0.0,0.0,0.0
2024-09-22T20:00,3600,0.0,0.0,0.0,0.0,0.0,0.0
2024-09-22T21:00,3600,0.0,0.0,0.0,0.0,0.0,0.0
2024-09-22T22:00,3600,0.0,0.0,0.0,0.0,0.0,0.0
2024-09-22T23:00,3600,0.0,0.0,0.0,0.0,0.0,0.0
2024-09-23T00:00,3600,0.0,0.0,0.0,0.0,0.0,0.0
2024-09-23T01:00,3600,0.0,0.0,0.0,0.0,0.0,0.0
2024-09-23T02:00,3600,0.0,0.0,0.0,0.0,0.0,0.0
2024-09-23T03:00,3600,0.0,0.0,0.0,0.0,0.0,0.0
2024-09-23T04:00,3600,0.0,0.0,0.0,0.0,0.0,0.0
2024-09-23T05:00,3600,0.0,0.0,0.0,0.0,0.0,0.0
2024-09-23T06:00,3600,0.0,0.0,0.0,0.0,0.0,0.0
2024-09-23T07:00,3600,0.0,0.0,0.0,0.0,0.0,0.0
2024-09-23T08:00,3600,0.0,0.02507233583,0.0,0.0,0.0,0.02507233583
2024-09-23T09:00,3600,0.0,0.05169174189,0.0,0.0,0.0,0.05169174189
2024-09-23T10:00,3600,0.0,0.060655731690000006,0.0,0.0,0.0,0.060655731690000006
2024-09-23T11:00,3600,0.0,0.07790968037,0.0,0.0,0.0,0.07790968037
2024-09-23T12:00,3600,0.0,0.11557806747,0.0,0.0,0.0,0.11557806747
2024-09-23T13:00,3600,0.0,0.12785573965,0.0,0.0,0.0,0.12785573965
2024-09-23T14:00,3600,0.0,0.0835879817,0.0,0.0,0.0,0.0835879817
2024-09-23T15:00,3600,0.0,0.0483155893,0.0,0.0,0.0,0.0483155893
2024-09-23T16:00,3600,0.0,0.02909781179,0.0,0.0,0.0,0.02909781179
2024-09-23T17:00,3600,0.0,0.01613400899,0.0,0.0,0.0,0.01613400899
2024-09-23T18:00,3600,0.9223072367118205,0.00312237009,0.00312237009,0.9191848666218204,0.0,0.0
2024-09-23T19:00,3600,0.9505012781594725,0.0,0.0,0.9505012781594725,0.0,0.0
2024-09-23T20:00,3600,0.953166234216559,0.0,0.0,0.953166234216559,0.0,0.0
2024-09-23T21:00,3600,0.9550672556197617,0.0,0.0,0.9550672556197617,0.0,0.0
2024-09-23T22:00,3600,0.958885870475704,0.0,0.0,0.958885870475704,0.0,0.0
2024-09-23T23:00,3600,0.9557443554427568,0.0,0.0,0.9557443554427568,0.0,0.0
2024-09-24T00:00,3600,0.0,0.0,0.0,0.0,0.0,0.0
2024-09-24T01:00,3600,0.0,0.0,0.0,0.0,0.0,0.0
2024-09-24T02:00,3600,0.0,0.0,0.0,0.0,0.0,0.0
2024-09-24T03:00,3600,0.0,0.0,0.0,0.0,0.0,0.0
2024-09-24T04:00,3600,0.0,0.0,0.0,0.0,0.0,0.0
2024-09-24T05:00,3600,0.0,0.0,0.0,0.0,0.0,0.0
2024-09-24T06:00,3600,0.0,0.0,0.0,0.0,0.0,0.0
2024-09-24T07:00,3600,0.0,0.0,0.0,0.0,0.0,0.0
2024-09-24T08:00,3600,0.0,0.00800556411,0.0,0.0,0.0,0.00800556411
2024-09-24T09:00,3600,0.0,0.020653132930000002,0.0,0.0,0.0,0.020653132930000002
2024-09-24T10:00,3600,0.0,0.02493784011,0.0,0.0,0.0,0.02493784011
2024-09-24T11:00,3600,0.0,0.038645304650000004,0.0,0.0,0.0,0.038645304650000004
2024-09-24T12:00,3600,0.0,0.08258721448999999,0.0,0.0,0.0,0.08258721448999999
2024-09-24T13:00,3600,0.0,0.09035438755,0.0,0.0,0.0,0.09035438755
2024-09-24T14:00,3600,0.0,0.07842098242000001,0.0,0.0,0.0,0.07842098242000001
2024-09-24T15:00,3600,0.0,0.11869616642,0.0,0.0,0.0,0.11869616642
2024-09-24T16:00,3600,0.0,0.10747828586,0.0,0.0,0.0,0.10747828586
2024-09-24T17:00,3600,0.0,0.03894293969,0.0,0.0,0.0,0.03894293969
2024-09-24T18:00,3600,1.0748441991613342,0.011919290309999999,0.011919290309999999,1.0629249088513342,0.0,0.0
2024-09-24T19:00,3600,0.8504216292373827,0.0,0.0,0.8504216292373827,0.0,0.0
2024-09-24T20:00,3600,0.3923672959519085,0.0,0.0,0.3923672959519085,0.0,0.0
2024-09-24T21:00,3600,0.38532570748411255,0.0,0.0,0.38532570748411255,0.0,0.0
2024-09-24T22:00,3600,0.38520414190250224,0.0,0.0,0.38520414190250224,0.0,0.0
2024-09-24T23:00,3600,0.3855825896817993,0.0,0.0,0.3855825896817993,0.0,0.0
2024-09-25T00:00,3600,0.0,0.0,0.0,0.0,0.0,0.0
2024-09-25T01:00,3600,0.0,0.0,0.0,0.0,0.0,0.0
2024-09-25T02:00,3600,0.0,0.0,0.0,0.0,0.0,0.0
2024-09-25T03:00,3600,0.0,0.0,0.0,0.0,0.0,0.0
2024-09-25T04:00,3600,0.0,0.0,0.0,0.0,0.0,0.0
2024-09-25T05:00,3600,0.0,0.0,0.0,0.0,0.0,0.0
2024-09-25T06:00,3600,0.0,0.0,0.0,0.0,0.0,0.0
2024-09-25T07:00,3600,0.0,0.01041386467,0.0,0.0,0.0,0.01041386467
2024-09-25T08:00,3600,0.0,0.09408379481,0.0,0.0,0.0,0.09408379481
2024-09-25T09:00,3600,0.0,0.29738286056999996,0.0,0.0,0.0,0.29738286056999996
2024-09-25T10:00,3600,0.0,0.42182115072000004,0.0,0.0,0.0,0.42182115072000004
2024-09-25T11:00,3600,0.0,0.46133790121999996,0.0,0.0,0.0,0.46133790121999996
2024-09-25T12:00,3600,0.0,0.5496520282899999,0.0,0.0,0.0,0.5496520282899999
2024-09-25T13:00,3600,0.0,0.5617629010699999,0.0,0.0,0.0,0.5617629010699999
2024-09-25T14:00,3600,0.0,0.49479800944999996,0.0,0.0,0.0,0.49479800944999996
2024-09-25T15:00,3600,0.0,0.35709470026,0.0,0.0,0.0,0.35709470026
2024-09-25T16:00,3600,0.0,0.21886328867000002,0.0,0.0,0.0,0.21886328867000002
2024-09-25T17:00,3600,0.0,0.12382694288,0.0,0.0,0.0,0.12382694288
2024-09-25T18:00,3600,1.0870588235294116,0.033404993599999995,0.033404993599999995,1.0536538299294116,0.0,0.0
2024-09-25T19:00,3600,1.0721719186457408,0.0,0.0,1.0721719186457408,0.0,0.0
2024-09-25T20:00,3600,1.0870588235294116,0.0,0.0,1.0870588235294116,0.0,0.0
2024-09-25T21:00,3600,1.0171924190939028,0.0,0.0,1.0171924190939028,0.0,0.0
2024-09-25T22:00,3600,0.4586029529411765,0.0,0.0,0.4586029529411765,0.0,0.0
2024-09-25T23:00,3600,0.44564337941176463,0.0,0.0,0.44564337941176463,0.0,0.0
2024-09-26T00:00,3600,0.0,0.0,0.0,0.0,0.0,0.0
2024-09-26T01:00,3600,0.0,0.0,0.0,0.0,0.0,0.0
2024-09-26T02:00,3600,0.0,0.0,0.0,0.0,0.0,0.0
2024-09-26T03:00,3600,0.0,0.0,0.0,0.0,0.0,0.0
2024-09-26T04:00,3600,0.0,0.0,0.0,0.0,0.0,0.0
2024-09-26T05:00,3600,0.0,0.0,0.0,0.0,0.0,0.0
2024-09-26T06:00,3600,0.0,0.0,0.0,0.0,0.0,0.0
2024-09-26T07:00,3600,0.0,0.0219310401,0.0,0.0,0.0,0.0219310401
2024-09-26T08:00,3600,0.0,0.16208371894999998,0.0,0.0,0.0,0.16208371894999998
2024-09-26T09:00,3600,0.0,0.32439113599,0.0,0.0,0.0,0.32439113599
2024-09-26T10:00,3600,0.0,0.49185984228,0.0,0.0,0.0,0.49185984228
2024-09-26T11:00,3600,0.0,0.58223555274,0.0,0.0,0.0,0.58223555274
2024-09-26T12:00,3600,0.0,0.5892896517699999,0.0,0.0,0.0,0.5892896517699999
2024-09-26T13:00,3600,0.0,0.53301752903,0.0,0.0,0.0,0.53301752903
2024-09-26T14:00,3600,0.0,0.51281066943,0.0,0.0,0.0,0.51281066943
2024-09-26T15:00,3600,0.0,0.410174823,0.0,0.0,0.0,0.410174823
2024-09-26T16:00,3600,0.0,0.2512308864,0.0,0.0,0.0,0.2512308864
2024-09-26T17:00,3600,0.0,0.11780493144000001,0.0,0.0,0.0,0.11780493144000001
2024-09-26T18:00,3600,1.0870588235294116,0.03264752776,0.03264752776,1.0544112957694116,0.0,0.0
2024-09-26T19:00,3600,1.0870588235294116,0.0,0.0,1.0870588235294116,0.0,0.0
2024-09-26T20:00,3600,1.0870588235294116,0.0,0.0,1.0870588235294116,0.0,0.0
2024-09-26T21:00,3600,1.0870588235294116,0.0,0.0,1.0870588235294116,0.0,0.0
2024-09-26T22:00,3600,1.018282406132349,0.0,0.0,1.018282406132349,0.0,0.0
2024-09-26T23:00,3600,0.46378678235294124,0.0,0.0,0.46378678235294124,0.0,0.0
2024-09-27T00:00,3600,0.0,0.0,0.0,0.0,0.0,0.0
2024-09-27T01:00,3600,0.0,0.0,0.0,0.0,0.0,0.0
2024-09-27T02:00,3600,0.0,0.0,0.0,0.0,0.0,0.0
2024-09-27T03:00,3600,0.0,0.0,0.0,0.0,0.0,0.0
2024-09-27T04:00,3600,0.0,0.0,0.0,0.0,0.0,0.0
2024-09-27T05:00,3600,0.0,0.0,0.0,0.0,0.0,0.0
2024-09-27T06:00,3600,0.0,0.0,0.0,0.0,0.0,0.0
2024-09-27T07:00,3600,0.0,0.02707638336,0.0,0.0,0.0,0.02707638336
2024-09-27T08:00,3600,0.0,0.21644759099000002,0.0,0.0,0.0,0.21644759099000002
2024-09-27T09:00,3600,0.0,0.40100132061,0.0,0.0,0.0,0.40100132061
2024-09-27T10:00,3600,0.0,0.51924796349,0.0,0.0,0.0,0.51924796349
2024-09-27T11:00,3600,0.0,0.5113759047299999,0.0,0.0,0.0,0.5113759047299999
2024-09-27T12:00,3600,0.0,0.51433659802,0.0,0.0,0.0,0.51433659802
2024-09-27T13:00,3600,0.0,0.56597368393,0.0,0.0,0.0,0.56597368393
2024-09-27T14:00,3600,0.0,0.5113663146399999,0.0,0.0,0.0,0.5113663146399999
2024-09-27T15:00,3600,0.0,0.36966961864,0.0,0.0,0.0,0.36966961864
2024-09-27T16:00,3600,0.0,0.24744553159,0.0,0.0,0.0,0.24744553159
2024-09-27T17:00,3600,0.0,0.13246969802,0.0,0.0,0.0,0.13246969802
2024-09-27T18:00,3600,1.0870588235294116,0.030075393069999998,0.030075393069999998,1.0569834304594117,0.0,0.0
2024-09-27T19:00,3600,1.0870588235294116,0.0,0.0,1.0870588235294116,0.0,0.0
2024-09-27T20:00,3600,1.0870588235294116,0.0,0.0,1.0870588235294116,0.0,0.0
2024-09-27T21:00,3600,1.0870588235294116,0.0,0.0,1.0870588235294116,0.0,0.0
2024-09-27T22:00,3600,1.0870588235294116,0.0,0.0,1.0870588235294116,0.0,0.0
2024-09-27T23:00,3600,0.8332498085936139,0.0,0.0,0.8332498085936139,0.0,0.0
2024-09-28T00:00,3600,0.0,0.0,0.0,0.0,0.0,0.0
2024-09-28T01:00,3600,0.0,0.0,0.0,0.0,0.0,0.0
2024-09-28T02:00,3600,0.0,0.0,0.0,0.0,0.0,0.0
2024-09-28T03:00,3600,0.0,0.0,0.0,0.0,0.0,0.0
2024-09-28T04:00,3600,0.0,0.0,0.0,0.0,0.0,0.0
2024-09-28T05:00,3600,0.0,0.0,0.0,0.0,0.0,0.0
2024-09-28T06:00,3600,0.0,0.0,0.0,0.0,0.0,0.0
2024-09-28T07:00,3600,0.0,0.022284967790000002,0.0,0.0,0.0,0.022284967790000002
2024-09-28T08:00,3600,0.0,0.16356470208,0.0,0.0,0.0,0.16356470208
2024-09-28T09:00,3600,0.0,0.29281215917,0.0,0.0,0.0,0.29281215917
2024-09-28T10:00,3600,0.0,0.42809681418,0.0,0.0,0.0,0.42809681418
2024-09-28T11:00,3600,0.0,0.45119603095,0.0,0.0,0.0,0.45119603095
2024-09-28T12:00,3600,0.0,0.47330224964,0.0,0.0,0.0,0.47330224964
2024-09-28T13:00,3600,0.0,0.53222755953,0.0,0.0,0.0,0.53222755953
2024-09-28T14:00,3600,0.0,0.41793848312,0.0,0.0,0.0,0.41793848312
2024-09-28T15:00,3600,0.0,0.36140053684999995,0.0,0.0,0.0,0.36140053684999995
2024-09-28T16:00,3600,0.0,0.28173458777000004,0.0,0.0,0.0,0.28173458777000004
2024-09-28T17:00,3600,0.0,0.13507835593999998,0.0,0.0,0.0,0.13507835593999998
2024-09-28T18:00,3600,0.0,0.025324352619999997,0.0,0.0,0.0,0.025324352619999997
2024-09-28T19:00,3600,0.0,0.0,0.0,0.0,0.0,0.0
2024-09-28T20:00,3600,0.0,0.0,0.0,0.0,0.0,0.0
2024-09-28T21:00,3600,0.0,0.0,0.0,0.0,0.0,0.0
2024-09-28T22:00,3600,0.0,0.0,0.0,0.0,0.0,0.0
2024-09-28T23:00,3600,0.0,0.0,0.0,0.0,0.0,0.0
2024-09-29T00:00,3600,0.0,0.0,0.0,0.0,0.0,0.0
2024-09-29T01:00,3600,0.0,0.0,0.0,0.0,0.0,0.0
2024-09-29T02:00,3600,0.0,0.0,0.0,0.0,0.0,0.0
2024-09-29T03:00,3600,0.0,0.0,0.0,0.0,0.0,0.0
2024-09-29T04:00,3600,0.0,0.0,0.0,0.0,0.0,0.0
2024-09-29T05:00,3600,0.0,0.0,0.0,0.0,0.0,0.0
2024-09-29T06:00,3600,0.0,0.0,0.0,0.0,0.0,0.0
2024-09-29T07:00,3600,0.0,0.01324494691,0.0,0.0,0.0,0.01324494691
2024-09-29T08:00,3600,0.0,0.1303043992,0.0,0.0,0.0,0.1303043992
2024-09-29T09:00,3600,0.0,0.28699600516,0.0,0.0,0.0,0.28699600516
2024-09-29T10:00,3600,0.0,0.46345934994,0.0,0.0,0.0,0.46345934994
2024-09-29T11:00,3600,0.0,0.54638685726,0.0,0.0,0.0,0.54638685726
2024-09-29T12:00,3600,0.0,0.60671620812,0.0,0.0,0.0,0.60671620812
2024-09-29T13:00,3600,0.0,0.56974558427,0.0,0.0,0.0,0.56974558427
2024-09-29T14:00,3600,0.0,0.49063119730000004,0.0,0.0,0.0,0.49063119730000004
2024-09-29T15:00,3600,0.0,0.42368731039,0.0,0.0,0.0,0.42368731039
2024-09-29T16:00,3600,0.0,0.29069063138,0.0,0.0,0.0,0.29069063138
2024-09-29T17:00,3600,0.0,0.13914544959,0.0,0.0,0.0,0.13914544959
2024-09-29T18:00,3600,0.0,0.03006668148,0.0,0.0,0.0,0.03006668148
2024-09-29T19:00,3600,0.0,0.0,0.0,0.0,0.0,0.0
2024-09-29T20:00,3600,0.0,0.0,0.0,0.0,0.0,0.0
2024-09-29T21:00,3600,0.0,0.0,0.0,0.0,0.0,0.0
2024-09-29T22:00,3600,0.0,0.0,0.0,0.0,0.0,0.0
2024-09-29T23:00,3600,0.0,0.0,0.0,0.0,0.0,0.0
2024-09-30T00:00,3600,0.0,0.0,0.0,0.0,0.0,0.0
2024-09-30T01:00,3600,0.0,0.0,0.0,0.0,0.0,0.0
2024-09-30T02:00,3600,0.0,0.0,0.0,0.0,0.0,0.0
2024-09-30T03:00,3600,0.0,0.0,0.0,0.0,0.0,0.0
2024-09-30T04:00,3600,0.0,0.0,0.0,0.0,0.0,0.0
2024-09-30T05:00,3600,0.0,0.0,0.0,0.0,0.0,0.0
2024-09-30T06:00,3600,0.0,0.0,0.0,0.0,0.0,0.0
2024-09-30T07:00,3600,0.0,0.02681466907,0.0,0.0,0.0,0.02681466907
2024-09-30T08:00,3600,0.0,0.22283700417,0.0,0.0,0.0,0.22283700417
2024-09-30T09:00,3600,0.0,0.40929866218000005,0.0,0.0,0.0,0.40929866218000005
2024-09-30T10:00,3600,0.0,0.55627292876,0.0,0.0,0.0,0.55627292876
2024-09-30T11:00,3600,0.0,0.63685364002,0.0,0.0,0.0,0.63685364002
2024-09-30T12:00,3600,0.0,0.6800649108600001,0.0,0.0,0.0,0.6800649108600001
2024-09-30T13:00,3600,0.0,0.64345128314,0.0,0.0,0.0,0.64345128314
2024-09-30T14:00,3600,0.0,0.49634172576999996,0.0,0.0,0.0,0.49634172576999996
2024-09-30T15:00,3600,0.0,0.46666356151,0.0,0.0,0.0,0.46666356151
2024-09-30T16:00,3600,0.0,0.31917517771000004,0.0,0.0,0.0,0.31917517771000004
2024-09-30T17:00,3600,0.0,0.1406514531,0.0,0.0,0.0,0.1406514531
2024-09-30T18:00,3600,1.0870588235294116,0.029312110750000002,0.029312110750000002,1.0577467127794116,0.0,0.0
2024-09-30T19:00,3600,1.0870588235294116,0.0,0.0,1.0870588235294116,0.0,0.0
2024-09-30T20:00,3600,1.0870588235294116,0.0,0.0,1.0870588235294116,0.0,0.0
2024-09-30T21:00,3600,1.0870588235294116,0.0,0.0,1.0870588235294116,0.0,0.0
2024-09-30T22:00,3600,1.0870588235294116,0.0,0.0,1.0870588235294116,0.0,0.0
2024-09-30T23:00,3600,1.0870588235294116,0.0,0.0,1.0870588235294116,0.0,0.0
2024-10-01T00:00,3600,0.0,0.0,0.0,0.0,0.0,0.0
2024-10-01T01:00,3600,0.0,0.0,0.0,0.0,0.0,0.0
2024-10-01T02:00,3600,0.0,0.0,0.0,0.0,0.0,0.0
2024-10-01T03:00,3600,0.0,0.0,0.0,0.0,0.0,0.0
2024-10-01T04:00,3600,0.0,0.0,0.0,0.0,0.0,0.0
2024-10-01T05:00,3600,0.0,0.0,0.0,0.0,0.0,0.0
2024-10-01T06:00,3600,0.0,0.0,0.0,0.0,0.0,0.0
2024-10-01T07:00,3600,0.0,0.02951123219,0.0,0.0,0.0,0.02951123219
2024-10-01T08:00,3600,0.0,0.23330162916000002,0.0,0.0,0.0,0.23330162916000002
2024-10-01T09:00,3600,0.0,0.42386905557,0.0,0.0,0.0,0.42386905557
2024-10-01T10:00,3600,0.0,0.56621326869,0.0,0.0,0.0,0.56621326869
2024-10-01T11:00,3600,0.0,0.66157928048,0.0,0.0,0.0,0.66157928048
2024-10-01T12:00,3600,0.0,0.6752298105,0.0,0.0,0.0,0.6752298105
2024-10-01T13:00,3600,0.0,0.5997775945,0.0,0.0,0.0,0.5997775945
2024-10-01T14:00,3600,0.0,0.5787115927300001,0.0,0.0,0.0,0.5787115927300001
2024-10-01T15:00,3600,0.0,0.47491410135,0.0,0.0,0.0,0.47491410135
2024-10-01T16:00,3600,0.0,0.31907687366000004,0.0,0.0,0.0,0.31907687366000004
2024-10-01T17:00,3600,0.0,0.15223806629000003,0.0,0.0,0.0,0.15223806629000003
2024-10-01T18:00,3600,0.9188271227292533,0.03133658474,0.03133658474,0.8874905379892533,0.0,0.0
2024-10-01T19:00,3600,0.9092632403180457,0.0,0.0,0.9092632403180457,0.0,0.0
2024-10-01T20:00,3600,0.9034807683491344,0.0,0.0,0.9034807683491344,0.0,0.0
2024-10-01T21:00,3600,0.8950672863387865,0.0,0.0,0.8950672863387865,0.0,0.0
2024-10-01T22:00,3600,0.8614894008701351,0.0,0.0,0.8614894008701351,0.0,0.0
2024-10-01T23:00,3600,0.8520007694581323,0.0,0.0,0.8520007694581323,0.0,0.0
2024-10-02T00:00,3600,0.0,0.0,0.0,0.0,0.0,0.0
2024-10-02T01:00,3600,0.0,0.0,0.0,0.0,0.0,0.0
2024-10-02T02:00,3600,0.0,0.0,0.0,0.0,0.0,0.0
2024-10-02T03:00,3600,0.0,0.0,0.0,0.0,0.0,0.0
2024-10-02T04:00,3600,0.0,0.0,0.0,0.0,0.0,0.0
2024-10-02T05:00,3600,0.0,0.0,0.0,0.0,0.0,0.0
2024-10-02T06:00,3600,0.0,0.0,0.0,0.0,0.0,0.0
2024-10-02T07:00,3600,0.0,0.02438154356,0.0,0.0,0.0,0.02438154356
2024-10-02T08:00,3600,0.0,0.21519915459,0.0,0.0,0.0,0.21519915459
2024-10-02T09:00,3600,0.0,0.41554244733,0.0,0.0,0.0,0.41554244733
2024-10-02T10:00,3600,0.0,0.5647603907500001,0.0,0.0,0.0,0.5647603907500001
2024-10-02T11:00,3600,0.0,0.6646384441200001,0.0,0.0,0.0,0.6646384441200001
2024-10-02T12:00,3600,0.0,0.68005492937,0.0,0.0,0.0,0.68005492937
2024-10-02T13:00,3600,0.0,0.6886929035799999,0.0,0.0,0.0,0.6886929035799999
2024-10-02T14:00,3600,0.0,0.61139654998,0.0,0.0,0.0,0.61139654998
2024-10-02T15:00,3600,0.0,0.48093128832000004,0.0,0.0,0.0,0.48093128832000004
2024-10-02T16:00,3600,0.0,0.31785010878000003,0.0,0.0,0.0,0.31785010878000003
2024-10-02T17:00,3600,0.0,0.15195669814,0.0,0.0,0.0,0.15195669814
2024-10-02T18:00,3600,0.8313488067963429,0.029788946400000002,0.029788946400000002,0.801559860396343,0.0,0.0
2024-10-02T19:00,3600,0.8266531724290511,0.0,0.0,0.8266531724290511,0.0,0.0
2024-10-02T20:00,3600,0.8286265793677805,0.0,0.0,0.8286265793677805,0.0,0.0
2024-10-02T21:00,3600,0.8191214834610445,0.0,0.0,0.8191214834610445,0.0,0.0
2024-10-02T22:00,3600,0.815294117647059,0.0,0.0,0.815294117647059,0.0,0.0
2024-10-02T23:00,3600,0.815294117647059,0.0,0.0,0.815294117647059,0.0,0.0
2024-10-03T00:00,3600,0.0,0.0,0.0,0.0,0.0,0.0
2024-10-03T01:00,3600,0.0,0.0,0.0,0.0,0.0,0.0
2024-10-03T02:00,3600,0.0,0.0,0.0,0.0,0.0,0.0
2024-10-03T03:00,3600,0.0,0.0,0.0,0.0,0.0,0.0
2024-10-03T04:00,3600,0.0,0.0,0.0,0.0,0.0,0.0
2024-10-03T05:00,3600,0.0,0.0,0.0,0.0,0.0,0.0
2024-10-03T06:00,3600,0.0,0.0,0.0,0.0,0.0,0.0
2024-10-03T07:00,3600,0.0,0.02621798462,0.0,0.0,0.0,0.02621798462
2024-10-03T08:00,3600,0.0,0.24478595334,0.0,0.0,0.0,0.24478595334
2024-10-03T09:00,3600,0.0,0.43406432157,0.0,0.0,0.0,0.43406432157
2024-10-03T10:00,3600,0.0,0.5864706686800001,0.0,0.0,0.0,0.5864706686800001
2024-10-03T11:00,3600,0.0,0.66388342836,0.0,0.0,0.0,0.66388342836
2024-10-03T12:00,3600,0.0,0.6947424,0.0,0.0,0.0,0.6947424
2024-10-03T13:00,3600,0.0,0.69029278237,0.0,0.0,0.0,0.69029278237
2024-10-03T14:00,3600,0.0,0.60946846417,0.0,0.0,0.0,0.60946846417
2024-10-03T15:00,3600,0.0,0.49309079069,0.0,0.0,0.0,0.49309079069
2024-10-03T16:00,3600,0.0,0.33215793948,0.0,0.0,0.0,0.33215793948
2024-10-03T17:00,3600,0.0,0.15638570880000002,0.0,0.0,0.0,0.15638570880000002
2024-10-03T18:00,3600,0.815294117647059,0.027602818320000003,0.027602818320000003,0.787691299327059,0.0,0.0
2024-10-03T19:00,3600,0.815294117647059,0.0,0.0,0.815294117647059,0.0,0.0
2024-10-03T20:00,3600,0.815294117647059,0.0,0.0,0.815294117647059,0.0,0.0
2024-10-03T21:00,3600,0.815294117647059,0.0,0.0,0.815294117647059,0.0,0.0
2024-10-03T22:00,3600,0.815294117647059,0.0,0.0,0.815294117647059,0.0,0.0
2024-10-03T23:00,3600,0.815294117647059,0.0,0.0,0.815294117647059,0.0,0.0
2024-10-04T00:00,3600,0.0,0.0,0.0,0.0,0.0,0.0
2024-10-04T01:00,3600,0.0,0.0,0.0,0.0,0.0,0.0
2024-10-04T02:00,3600,0.0,0.0,0.0,0.0,0.0,0.0
2024-10-04T03:00,3600,0.0,0.0,0.0,0.0,0.0,0.0
2024-10-04T04:00,3600,0.0,0.0,0.0,0.0,0.0,0.0
2024-10-04T05:00,3600,0.0,0.0,0.0,0.0,0.0,0.0
2024-10-04T06:00,3600,0.0,0.0,0.0,0.0,0.0,0.0
2024-10-04T07:00,3600,0.0,0.013305449649999999,0.0,0.0,0.0,0.013305449649999999
2024-10-04T08:00,3600,0.0,0.08955091566,0.0,0.0,0.0,0.08955091566
2024-10-04T09:00,3600,0.0,0.2813773312,0.0,0.0,0.0,0.2813773312
2024-10-04T10:00,3600,0.0,0.55651841171,0.0,0.0,0.0,0.55651841171
2024-10-04T11:00,3600,0.0,0.65146608039,0.0,0.0,0.0,0.65146608039
2024-10-04T12:00,3600,0.0,0.6947424,0.0,0.0,0.0,0.6947424
2024-10-04T13:00,3600,0.0,0.6732308527299999,0.0,0.0,0.0,0.6732308527299999
2024-10-04T14:00,3600,0.0,0.5929628478,0.0,0.0,0.0,0.5929628478
2024-10-04T15:00,3600,0.0,0.47836756218,0.0,0.0,0.0,0.47836756218
2024-10-04T16:00,3600,0.0,0.32174318371,0.0,0.0,0.0,0.32174318371
2024-10-04T17:00,3600,0.0,0.15144718756,0.0,0.0,0.0,0.15144718756
2024-10-04T18:00,3600,0.8728045753066671,0.02750485795,0.02750485795,0.8452997173566671,0.0,0.0
2024-10-04T19:00,3600,0.8745151661168526,0.0,0.0,0.8745151661168526,0.0,0.0
2024-10-04T20:00,3600,0.874060316352116,0.0,0.0,0.874060316352116,0.0,0.0
2024-10-04T21:00,3600,0.8778534947196116,0.0,0.0,0.8778534947196116,0.0,0.0
2024-10-04T22:00,3600,0.550958433152749,0.0,0.0,0.550958433152749,0.0,0.0
2024-10-04T23:00,3600,0.17291006599990544,0.0,0.0,0.17291006599990544,0.0,0.0
2024-10-05T00:00,3600,0.0,0.0,0.0,0.0,0.0,0.0
2024-10-05T01:00,3600,0.0,0.0,0.0,0.0,0.0,0.0
2024-10-05T02:00,3600,0.0,0.0,0.0,0.0,0.0,0.0
2024-10-05T03:00,3600,0.0,0.0,0.0,0.0,0.0,0.0
2024-10-05T04:00,3600,0.0,0.0,0.0,0.0,0.0,0.0
2024-10-05T05:00,3600,0.0,0.0,0.0,0.0,0.0,0.0
2024-10-05T06:00,3600,0.0,0.0,0.0,0.0,0.0,0.0
2024-10-05T07:00,3600,0.0,0.01222289302,0.0,0.0,0.0,0.01222289302
2024-10-05T08:00,3600,0.0,0.15238006494,0.0,0.0,0.0,0.15238006494
2024-10-05T09:00,3600,0.0,0.27042614573,0.0,0.0,0.0,0.27042614573
2024-10-05T10:00,3600,0.0,0.38266748393,0.0,0.0,0.0,0.38266748393
2024-10-05T11:00,3600,0.0,0.42670070117,0.0,0.0,0.0,0.42670070117
2024-10-05T12:00,3600,0.0,0.56602407442,0.0,0.0,0.0,0.56602407442
2024-10-05T13:00,3600,0.0,0.6023078142599999,0.0,0.0,0.0,0.6023078142599999
2024-10-05T14:00,3600,0.0,0.57065606265,0.0,0.0,0.0,0.57065606265
2024-10-05T15:00,3600,0.0,0.45474659491999997,0.0,0.0,0.0,0.45474659491999997
2024-10-05T16:00,3600,0.0,0.30199138751,0.0,0.0,0.0,0.30199138751
2024-10-05T17:00,3600,0.0,0.14585148836999998,0.0,0.0,0.0,0.14585148836999998
2024-10-05T18:00,3600,0.0,0.02729333375,0.0,0.0,0.0,0.02729333375
2024-10-05T19:00,3600,0.0,0.0,0.0,0.0,0.0,0.0
2024-10-05T20:00,3600,0.0,0.0,0.0,0.0,0.0,0.0
2024-10-05T21:00,3600,0.0,0.0,0.0,0.0,0.0,0.0
2024-10-05T22:00,3600,0.0,0.0,0.0,0.0,0.0,0.0
2024-10-05T23:00,3600,0.0,0.0,0.0,0.0,0.0,0.0
2024-10-06T00:00,3600,0.0,0.0,0.0,0.0,0.0,0.0
2024-10-06T01:00,3600,0.0,0.0,0.0,0.0,0.0,0.0
2024-10-06T02:00,3600,0.0,0.0,0.0,0.0,0.0,0.0
2024-10-06T03:00,3600,0.0,0.0,0.0,0.0,0.0,0.0
2024-10-06T04:00,3600,0.0,0.0,0.0,0.0,0.0,0.0
2024-10-06T05:00,3600,0.0,0.0,0.0,0.0,0.0,0.0
2024-10-06T06:00,3600,0.0,0.0,0.0,0.0,0.0,0.0
2024-10-06T07:00,3600,0.0,0.00976462137,0.0,0.0,0.0,0.00976462137
2024-10-06T08:00,3600,0.0,0.11271980813,0.0,0.0,0.0,0.11271980813
2024-10-06T09:00,3600,0.0,0.20806795396000002,0.0,0.0,0.0,0.20806795396000002
2024-10-06T10:00,3600,0.0,0.39008083112999997,0.0,0.0,0.0,0.39008083112999997
2024-10-06T11:00,3600,0.0,0.5276655318000001,0.0,0.0,0.0,0.5276655318000001
2024-10-06T12:00,3600,0.0,0.61925852236,0.0,0.0,0.0,0.61925852236
2024-10-06T13:00,3600,0.0,0.60902337453,0.0,0.0,0.0,0.60902337453
2024-10-06T14:00,3600,0.0,0.51182279399,0.0,0.0,0.0,0.51182279399
2024-10-06T15:00,3600,0.0,0.39740584625,0.0,0.0,0.0,0.39740584625
2024-10-06T16:00,3600,0.0,0.24218026331999998,0.0,0.0,0.0,0.24218026331999998
2024-10-06T17:00,3600,0.0,0.11149800605,0.0,0.0,0.0,0.11149800605
2024-10-06T18:00,3600,0.0,0.0199117349,0.0,0.0,0.0,0.0199117349
2024-10-06T19:00,3600,0.0,0.0,0.0,0.0,0.0,0.0
2024-10-06T20:00,3600,0.0,0.0,0.0,0.0,0.0,0.0
2024-10-06T21:00,3600,0.0,0.0,0.0,0.0,0.0,0.0
2024-10-06T22:00,3600,0.0,0.0,0.0,0.0,0.0,0.0
2024-10-06T23:00,3600,0.0,0.0,0.0,0.0,0.0,0.0
2024-10-07T00:00,3600,0.0,0.0,0.0,0.0,0.0,0.0
2024-10-07T01:00,3600,0.0,0.0,0.0,0.0,0.0,0.0
2024-10-07T02:00,3600,0.0,0.0,0.0,0.0,0.0,0.0
2024-10-07T03:00,3600,0.0,0.0,0.0,0.0,0.0,0.0
2024-10-07T04:00,3600,0.0,0.0,0.0,0.0,0.0,0.0
2024-10-07T05:00,3600,0.0,0.0,0.0,0.0,0.0,0.0
2024-10-07T06:00,3600,0.0,0.0,0.0,0.0,0.0,0.0
2024-10-07T07:00,3600,0.0,0.017049122820000002,0.0,0.0,0.0,0.017049122820000002
2024-10-07T08:00,3600,0.0,0.12619196884,0.0,0.0,0.0,0.12619196884
2024-10-07T09:00,3600,0.0,0.27191464291,0.0,0.0,0.0,0.27191464291
2024-10-07T10:00,3600,0.0,0.44725825990999996,0.0,0.0,0.0,0.44725825990999996
2024-10-07T11:00,3600,0.0,0.63970671684,0.0,0.0,0.0,0.63970671684
2024-10-07T12:00,3600,0.0,0.6815229751999999,0.0,0.0,0.0,0.6815229751999999
2024-10-07T13:00,3600,0.0,0.6532133113,0.0,0.0,0.0,0.6532133113
2024-10-07T14:00,3600,0.0,0.5773020847,0.0,0.0,0.0,0.5773020847
2024-10-07T15:00,3600,0.0,0.46541076950000004,0.0,0.0,0.0,0.46541076950000004
2024-10-07T16:00,3600,0.0,0.31147274505,0.0,0.0,0.0,0.31147274505
2024-10-07T17:00,3600,0.0,0.143301947,0.0,0.0,0.0,0.143301947
2024-10-07T18:00,3600,0.9400040936940965,0.025554817179999998,0.025554817179999998,0.9144492765140966,0.0,0.0
2024-10-07T19:00,3600,0.9400522161572059,0.0,0.0,0.9400522161572059,0.0,0.0
2024-10-07T20:00,3600,0.9213941834438015,0.0,0.0,0.9213941834438015,0.0,0.0
2024-10-07T21:00,3600,0.9078398489522997,0.0,0.0,0.9078398489522997,0.0,0.0
2024-10-07T22:00,3600,0.877040058695426,0.0,0.0,0.877040058695426,0.0,0.0
2024-10-07T23:00,3600,0.8719240730393901,0.0,0.0,0.8719240730393901,0.0,0.0
2024-10-08T00:00,3600,0.0,0.0,0.0,0.0,0.0,0.0
2024-10-08T01:00,3600,0.0,0.0,0.0,0.0,0.0,0.0
2024-10-08T02:00,3600,0.0,0.0,0.0,0.0,0.0,0.0
2024-10-08T03:00,3600,0.0,0.0,0.0,0.0,0.0,0.0
2024-10-08T04:00,3600,0.0,0.0,0.0,0.0,0.0,0.0
2024-10-08T05:00,3600,0.0,0.0,0.0,0.0,0.0,0.0
2024-10-08T06:00,3600,0.0,0.0,0.0,0.0,0.0,0.0
2024-10-08T07:00,3600,0.0,0.025555476230000002,0.0,0.0,0.0,0.025555476230000002
2024-10-08T08:00,3600,0.0,0.23294656435,0.0,0.0,0.0,0.23294656435
2024-10-08T09:00,3600,0.0,0.43074638816,0.0,0.0,0.0,0.43074638816
2024-10-08T10:00,3600,0.0,0.5691677352200001,0.0,0.0,0.0,0.5691677352200001
2024-10-08T11:00,3600,0.0,0.66456437506,0.0,0.0,0.0,0.66456437506
2024-10-08T12:00,3600,0.0,0.6947424,0.0,0.0,0.0,0.6947424
2024-10-08T13:00,3600,0.0,0.66503282273,0.0,0.0,0.0,0.66503282273
2024-10-08T14:00,3600,0.0,0.5907530069099999,0.0,0.0,0.0,0.5907530069099999
2024-10-08T15:00,3600,0.0,0.46032274483,0.0,0.0,0.0,0.46032274483
2024-10-08T16:00,3600,0.0,0.31062128499999997,0.0,0.0,0.0,0.31062128499999997
2024-10-08T17:00,3600,0.0,0.1380006697,0.0,0.0,0.0,0.1380006697
2024-10-08T18:00,3600,0.8974749136092371,0.02493528761,0.02493528761,0.8725396259992372,0.0,0.0
2024-10-08T19:00,3600,0.8945931767969426,0.0,0.0,0.8945931767969426,0.0,0.0
2024-10-08T20:00,3600,0.8891396672346772,0.0,0.0,0.8891396672346772,0.0,0.0
2024-10-08T21:00,3600,0.8828520737638899,0.0,0.0,0.8828520737638899,0.0,0.0
2024-10-08T22:00,3600,0.8794945067443228,0.0,0.0,0.8794945067443228,0.0,0.0
2024-10-08T23:00,3600,0.8800093229766517,0.0,0.0,0.8800093229766517,0.0,0.0
2024-10-09T00:00,3600,0.0,0.0,0.0,0.0,0.0,0.0
2024-10-09T01:00,3600,0.0,0.0,0.0,0.0,0.0,0.0
2024-10-09T02:00,3600,0.0,0.0,0.0,0.0,0.0,0.0
2024-10-09T03:00,3600,0.0,0.0,0.0,0.0,0.0,0.0
2024-10-09T04:00,3600,0.0,0.0,0.0,0.0,0.0,0.0
2024-10-09T05:00,3600,0.0,0.0,0.0,0.0,0.0,0.0
2024-10-09T06:00,3600,0.0,0.0,0.0,0.0,0.0,0.0
2024-10-09T07:00,3600,0.0,0.01345757875,0.0,0.0,0.0,0.01345757875
2024-10-09T08:00,3600,0.0,0.12590758558,0.0,0.0,0.0,0.12590758558
2024-10-09T09:00,3600,0.0,0.29510905348,0.0,0.0,0.0,0.29510905348
2024-10-09T10:00,3600,0.0,0.47084772161,0.0,0.0,0.0,0.47084772161
2024-10-09T11:00,3600,0.0,0.61164425971,0.0,0.0,0.0,0.61164425971
2024-10-09T12:00,3600,0.0,0.6947424,0.0,0.0,0.0,0.6947424
2024-10-09T13:00,3600,0.0,0.6682291161199999,0.0,0.0,0.0,0.6682291161199999
2024-10-09T14:00,3600,0.0,0.48280705919000005,0.0,0.0,0.0,0.48280705919000005
2024-10-09T15:00,3600,0.0,0.23385890536999998,0.0,0.0,0.0,0.23385890536999998
2024-10-09T16:00,3600,0.0,0.18734021337999998,0.0,0.0,0.0,0.18734021337999998
2024-10-09T17:00,3600,0.0,0.08913825432999999,0.0,0.0,0.0,0.08913825432999999
2024-10-09T18:00,3600,0.9182509005270875,0.01749227273,0.01749227273,0.9007586277970875,0.0,0.0
2024-10-09T19:00,3600,0.9169079655228448,0.0,0.0,0.9169079655228448,0.0,0.0
2024-10-09T20:00,3600,0.9124704445191355,0.0,0.0,0.9124704445191355,0.0,0.0
2024-10-09T21:00,3600,0.9139437412381536,0.0,0.0,0.9139437412381536,0.0,0.0
2024-10-09T22:00,3600,0.9030605687643434,0.0,0.0,0.9030605687643434,0.0,0.0
2024-10-09T23:00,3600,0.7128098755738869,0.0,0.0,0.7128098755738869,0.0,0.0
2024-10-10T00:00,3600,0.0,0.0,0.0,0.0,0.0,0.0
2024-10-10T01:00,3600,0.0,0.0,0.0,0.0,0.0,0.0
2024-10-10T02:00,3600,0.0,0.0,0.0,0.0,0.0,0.0
2024-10-10T03:00,3600,0.0,0.0,0.0,0.0,0.0,0.0
2024-10-10T04:00,3600,0.0,0.0,0.0,0.0,0.0,0.0
2024-10-10T05:00,3600,0.0,0.0,0.0,0.0,0.0,0.0
2024-10-10T06:00,3600,0.0,0.0,0.0,0.0,0.0,0.0
2024-10-10T07:00,3600,0.0,0.008938015019999999,0.0,0.0,0.0,0.008938015019999999
2024-10-10T08:00,3600,0.0,0.12405038867000001,0.0,0.0,0.0,0.12405038867000001
2024-10-10T09:00,3600,0.0,0.25773973273,0.0,0.0,0.0,0.25773973273
2024-10-10T10:00,3600,0.0,0.44175971249999996,0.0,0.0,0.0,0.44175971249999996
2024-10-10T11:00,3600,0.0,0.6225400094699999,0.0,0.0,0.0,0.6225400094699999
2024-10-10T12:00,3600,0.0,0.67074602004,0.0,0.0,0.0,0.67074602004
2024-10-10T13:00,3600,0.0,0.6548821541800001,0.0,0.0,0.0,0.6548821541800001
2024-10-10T14:00,3600,0.0,0.55269476048,0.0,0.0,0.0,0.55269476048
2024-10-10T15:00,3600,0.0,0.42742979981000007,0.0,0.0,0.0,0.42742979981000007
2024-10-10T16:00,3600,0.0,0.24494666097,0.0,0.0,0.0,0.24494666097
2024-10-10T17:00,3600,0.0,0.12543493350999999,0.0,0.0,0.0,0.12543493350999999
2024-10-10T18:00,3600,0.8968807418523921,0.02086482198,0.02086482198,0.8760159198723921,0.0,0.0
2024-10-10T19:00,3600,0.9022314399848572,0.0,0.0,0.9022314399848572,0.0,0.0
2024-10-10T20:00,3600,0.899393073037583,0.0,0.0,0.899393073037583,0.0,0.0
2024-10-10T21:00,3600,0.552827345192754,0.0,0.0,0.552827345192754,0.0,0.0
2024-10-10T22:00,3600,0.2201712193590646,0.0,0.0,0.2201712193590646,0.0,0.0
2024-10-10T23:00,3600,0.2086221078225566,0.0,0.0,0.2086221078225566,0.0,0.0
2024-10-11T00:00,3600,0.0,0.0,0.0,0.0,0.0,0.0
2024-10-11T01:00,3600,0.0,0.0,0.0,0.0,0.0,0.0
2024-10-11T02:00,3600,0.0,0.0,0.0,0.0,0.0,0.0
2024-10-11T03:00,3600,0.0,0.0,0.0,0.0,0.0,0.0
2024-10-11T04:00,3600,0.0,0.0,0.0,0.0,0.0,0.0
2024-10-11T05:00,3600,0.0,0.0,0.0,0.0,0.0,0.0
2024-10-11T06:00,3600,0.0,0.0,0.0,0.0,0.0,0.0
2024-10-11T07:00,3600,0.0,0.01800250105,0.0,0.0,0.0,0.01800250105
2024-10-11T08:00,3600,0.0,0.20442580897,0.0,0.0,0.0,0.20442580897
2024-10-11T09:00,3600,0.0,0.3786305137,0.0,0.0,0.0,0.3786305137
2024-10-11T10:00,3600,0.0,0.5048776107799999,0.0,0.0,0.0,0.5048776107799999
2024-10-11T11:00,3600,0.0,0.61206000942,0.0,0.0,0.0,0.61206000942
2024-10-11T12:00,3600,0.0,0.64108154682,0.0,0.0,0.0,0.64108154682
2024-10-11T13:00,3600,0.0,0.5855841059000001,0.0,0.0,0.0,0.5855841059000001
2024-10-11T14:00,3600,0.0,0.48471995367000004,0.0,0.0,0.0,0.48471995367000004
2024-10-11T15:00,3600,0.0,0.33144904885,0.0,0.0,0.0,0.33144904885
2024-10-11T16:00,3600,0.0,0.20970672037000002,0.0,0.0,0.0,0.20970672037000002
2024-10-11T17:00,3600,0.0,0.10692037651,0.0,0.0,0.0,0.10692037651
2024-10-11T18:00,3600,0.93711393118231,0.018348215990000003,0.018348215990000003,0.91876571519231,0.0,0.0
2024-10-11T19:00,3600,0.9365014522044101,0.0,0.0,0.9365014522044101,0.0,0.0
2024-10-11T20:00,3600,0.936167036749731,0.0,0.0,0.936167036749731,0.0,0.0
2024-10-11T21:00,3600,0.5138070840919209,0.0,0.0,0.5138070840919209,0.0,0.0
2024-10-11T22:00,3600,0.2658876464061657,0.0,0.0,0.2658876464061657,0.0,0.0
2024-10-11T23:00,3600,0.2608083141831679,0.0,0.0,0.2608083141831679,0.0,0.0
2024-10-12T00:00,3600,0.0,0.0,0.0,0.0,0.0,0.0
2024-10-12T01:00,3600,0.0,0.0,0.0,0.0,0.0,0.0
2024-10-12T02:00,3600,0.0,0.0,0.0,0.0,0.0,0.0
2024-10-12T03:00,3600,0.0,0.0,0.0,0.0,0.0,0.0
2024-10-12T04:00,3600,0.0,0.0,0.0,0.0,0.0,0.0
2024-10-12T05:00,3600,0.0,0.0,0.0,0.0,0.0,0.0
2024-10-12T06:00,3600,0.0,0.0,0.0,0.0,0.0,0.0
2024-10-12T07:00,3600,0.0,0.012908359239999998,0.0,0.0,0.0,0.012908359239999998
2024-10-12T08:00,3600,0.0,0.18602870052,0.0,0.0,0.0,0.18602870052
2024-10-12T09:00,3600,0.0,0.35869111407000004,0.0,0.0,0.0,0.35869111407000004
2024-10-12T10:00,3600,0.0,0.5158518553699999,0.0,0.0,0.0,0.5158518553699999
2024-10-12T11:00,3600,0.0,0.58528905268,0.0,0.0,0.0,0.58528905268
2024-10-12T12:00,3600,0.0,0.5391431141499999,0.0,0.0,0.0,0.5391431141499999
2024-10-12T13:00,3600,0.0,0.46604314864999996,0.0,0.0,0.0,0.46604314864999996
2024-10-12T14:00,3600,0.0,0.40797016576,0.0,0.0,0.0,0.40797016576
2024-10-12T15:00,3600,0.0,0.25838944576,0.0,0.0,0.0,0.25838944576
2024-10-12T16:00,3600,0.0,0.21090104432000004,0.0,0.0,0.0,0.21090104432000004
2024-10-12T17:00,3600,0.0,0.11682300981999999,0.0,0.0,0.0,0.11682300981999999
2024-10-12T18:00,3600,0.0,0.01831259031,0.0,0.0,0.0,0.01831259031
2024-10-12T19:00,3600,0.0,0.0,0.0,0.0,0.0,0.0
2024-10-12T20:00,3600,0.0,0.0,0.0,0.0,0.0,0.0
2024-10-12T21:00,3600,0.0,0.0,0.0,0.0,0.0,0.0
2024-10-12T22:00,3600,0.0,0.0,0.0,0.0,0.0,0.0
2024-10-12T23:00,3600,0.0,0.0,0.0,0.0,0.0,0.0
2024-10-13T00:00,3600,0.0,0.0,0.0,0.0,0.0,0.0
2024-10-13T01:00,3600,0.0,0.0,0.0,0.0,0.0,0.0
2024-10-13T02:00,3600,0.0,0.0,0.0,0.0,0.0,0.0
2024-10-13T03:00,3600,0.0,0.0,0.0,0.0,0.0,0.0
2024-10-13T04:00,3600,0.0,0.0,0.0,0.0,0.0,0.0
2024-10-13T05:00,3600,0.0,0.0,0.0,0.0,0.0,0.0
2024-10-13T06:00,3600,0.0,0.0,0.0,0.0,0.0,0.0
2024-10-13T07:00,3600,0.0,0.01994325129,0.0,0.0,0.0,0.01994325129
2024-10-13T08:00,3600,0.0,0.2197579809,0.0,0.0,0.0,0.2197579809
2024-10-13T09:00,3600,0.0,0.41357354444,0.0,0.0,0.0,0.41357354444
2024-10-13T10:00,3600,0.0,0.54902619383,0.0,0.0,0.0,0.54902619383
2024-10-13T11:00,3600,0.0,0.63175945175,0.0,0.0,0.0,0.63175945175
2024-10-13T12:00,3600,0.0,0.6493381892000001,0.0,0.0,0.0,0.6493381892000001
2024-10-13T13:00,3600,0.0,0.60046991069,0.0,0.0,0.0,0.60046991069
2024-10-13T14:00,3600,0.0,0.5055074923,0.0,0.0,0.0,0.5055074923
2024-10-13T15:00,3600,0.0,0.37920782537000003,0.0,0.0,0.0,0.37920782537000003
2024-10-13T16:00,3600,0.0,0.25269559055,0.0,0.0,0.0,0.25269559055
2024-10-13T17:00,3600,0.0,0.12151014287,0.0,0.0,0.0,0.12151014287
2024-10-13T18:00,3600,0.0,0.019793739869999997,0.0,0.0,0.0,0.019793739869999997
2024-10-13T19:00,3600,0.0,0.0,0.0,0.0,0.0,0.0
2024-10-13T20:00,3600,0.0,0.0,0.0,0.0,0.0,0.0
2024-10-13T21:00,3600,0.0,0.0,0.0,0.0,0.0,0.0
2024-10-13T22:00,3600,0.0,0.0,0.0,0.0,0.0,0.0
2024-10-13T23:00,3600,0.0,0.0,0.0,0.0,0.0,0.0
2024-10-14T00:00,3600,0.0,0.0,0.0,0.0,0.0,0.0
2024-10-14T01:00,3600,0.0,0.0,0.0,0.0,0.0,0.0
2024-10-14T02:00,3600,0.0,0.0,0.0,0.0,0.0,0.0
2024-10-14T03:00,3600,0.0,0.0,0.0,0.0,0.0,0.0
2024-10-14T04:00,3600,0.0,0.0,0.0,0.0,0.0,0.0
2024-10-14T05:00,3600,0.0,0.0,0.0,0.0,0.0,0.0
2024-10-14T06:00,3600,0.0,0.0,0.0,0.0,0.0,0.0
2024-10-14T07:00,3600,0.0,0.01917362585,0.0,0.0,0.0,0.01917362585
2024-10-14T08:00,3600,0.0,0.19477378008,0.0,0.0,0.0,0.19477378008
2024-10-14T09:00,3600,0.0,0.40423479528,0.0,0.0,0.0,0.40423479528
2024-10-14T10:00,3600,0.0,0.53362211928,0.0,0.0,0.0,0.53362211928
2024-10-14T11:00,3600,0.0,0.57570810176,0.0,0.0,0.0,0.57570810176
2024-10-14T12:00,3600,0.0,0.5990489733,0.0,0.0,0.0,0.5990489733
2024-10-14T13:00,3600,0.0,0.58365800517,0.0,0.0,0.0,0.58365800517
2024-10-14T14:00,3600,0.0,0.44919454444,0.0,0.0,0.0,0.44919454444
2024-10-14T15:00,3600,0.0,0.37642791563,0.0,0.0,0.0,0.37642791563
2024-10-14T16:00,3600,0.0,0.21048522942,0.0,0.0,0.0,0.21048522942
2024-10-14T17:00,3600,0.0,0.10226281996,0.0,0.0,0.0,0.10226281996
2024-10-14T18:00,3600,1.0511676196073543,0.00859837299,0.00859837299,1.0425692466173542,0.0,0.0
2024-10-14T19:00,3600,1.0702773941047445,0.0,0.0,1.0702773941047445,0.0,0.0
2024-10-14T20:00,3600,1.074873201029428,0.0,0.0,1.074873201029428,0.0,0.0
2024-10-14T21:00,3600,1.0786213662287405,0.0,0.0,1.0786213662287405,0.0,0.0
2024-10-14T22:00,3600,1.0758239758853778,0.0,0.0,1.0758239758853778,0.0,0.0
2024-10-14T23:00,3600,1.0682598677717579,0.0,0.0,1.0682598677717579,0.0,0.0
2024-10-15T00:00,3600,0.0,0.0,0.0,0.0,0.0,0.0
2024-10-15T01:00,3600,0.0,0.0,0.0,0.0,0.0,0.0
2024-10-15T02:00,3600,0.0,0.0,0.0,0.0,0.0,0.0
2024-10-15T03:00,3600,0.0,0.0,0.0,0.0,0.0,0.0
2024-10-15T04:00,3600,0.0,0.0,0.0,0.0,0.0,0.0
2024-10-15T05:00,3600,0.0,0.0,0.0,0.0,0.0,0.0
2024-10-15T06:00,3600,0.0,0.0,0.0,0.0,0.0,0.0
2024-10-15T07:00,3600,0.0,0.017775193680000002,0.0,0.0,0.0,0.017775193680000002
2024-10-15T08:00,3600,0.0,0.21236054855,0.0,0.0,0.0,0.21236054855
2024-10-15T09:00,3600,0.0,0.37516119065,0.0,0.0,0.0,0.37516119065
2024-10-15T10:00,3600,0.0,0.47113015747,0.0,0.0,0.0,0.47113015747
2024-10-15T11:00,3600,0.0,0.50521882221,0.0,0.0,0.0,0.50521882221
2024-10-15T12:00,3600,0.0,0.38034662107000006,0.0,0.0,0.0,0.38034662107000006
2024-10-15T13:00,3600,0.0,0.45192238529000006,0.0,0.0,0.0,0.45192238529000006
2024-10-15T14:00,3600,0.0,0.43819691954,0.0,0.0,0.0,0.43819691954
2024-10-15T15:00,3600,0.0,0.28033880931,0.0,0.0,0.0,0.28033880931
2024-10-15T16:00,3600,0.0,0.21222154161,0.0,0.0,0.0,0.21222154161
2024-10-15T17:00,3600,0.0,0.05778915448,0.0,0.0,0.0,0.05778915448
2024-10-15T18:00,3600,1.0584745941466627,0.01186372578,0.01186372578,1.0466108683666626,0.0,0.0
2024-10-15T19:00,3600,1.0684038321161484,0.0,0.0,1.0684038321161484,0.0,0.0
2024-10-15T20:00,3600,1.0599024818036555,0.0,0.0,1.0599024818036555,0.0,0.0
2024-10-15T21:00,3600,1.063667461356453,0.0,0.0,1.063667461356453,0.0,0.0
2024-10-15T22:00,3600,1.0607371644011274,0.0,0.0,1.0607371644011274,0.0,0.0
2024-10-15T23:00,3600,1.0535663108808087,0.0,0.0,1.0535663108808087,0.0,0.0
2024-10-16T00:00,3600,0.0,0.0,0.0,0.0,0.0,0.0
2024-10-16T01:00,3600,0.0,0.0,0.0,0.0,0.0,0.0
2024-10-16T02:00,3600,0.0,0.0,0.0,0.0,0.0,0.0
2024-10-16T03:00,3600,0.0,0.0,0.0,0.0,0.0,0.0
2024-10-16T04:00,3600,0.0,0.0,0.0,0.0,0.0,0.0
2024-10-16T05:00,3600,0.0,0.0,0.0,0.0,0.0,0.0
2024-10-16T06:00,3600,0.0,0.0,0.0,0.0,0.0,0.0
2024-10-16T07:00,3600,0.0,0.00770242446,0.0,0.0,0.0,0.00770242446
2024-10-16T08:00,3600,0.0,0.1607777879,0.0,0.0,0.0,0.1607777879
2024-10-16T09:00,3600,0.0,0.29859996255,0.0,0.0,0.0,0.29859996255
2024-10-16T10:00,3600,0.0,0.47051942601,0.0,0.0,0.0,0.47051942601
2024-10-16T11:00,3600,0.0,0.48493005697,0.0,0.0,0.0,0.48493005697
2024-10-16T12:00,3600,0.0,0.54825806776,0.0,0.0,0.0,0.54825806776
2024-10-16T13:00,3600,0.0,0.34307833686999994,0.0,0.0,0.0,0.34307833686999994
2024-10-16T14:00,3600,0.0,0.30580185038,0.0,0.0,0.0,0.30580185038
2024-10-16T15:00,3600,0.0,0.24879048308,0.0,0.0,0.0,0.24879048308
2024-10-16T16:00,3600,0.0,0.20181053156,0.0,0.0,0.0,0.20181053156
2024-10-16T17:00,3600,0.0,0.08970810197000001,0.0,0.0,0.0,0.08970810197000001
2024-10-16T18:00,3600,1.0870588235294116,0.011075703959999999,0.011075703959999999,1.0759831195694116,0.0,0.0
2024-10-16T19:00,3600,1.0870588235294116,0.0,0.0,1.0870588235294116,0.0,0.0
2024-10-16T20:00,3600,1.0870588235294116,0.0,0.0,1.0870588235294116,0.0,0.0
2024-10-16T21:00,3600,1.0861583093624545,0.0,0.0,1.0861583093624545,0.0,0.0
2024-10-16T22:00,3600,1.0870588235294116,0.0,0.0,1.0870588235294116,0.0,0.0
2024-10-16T23:00,3600,0.7244675225773868,0.0,0.0,0.7244675225773868,0.0,0.0
2024-10-17T00:00,3600,0.0,0.0,0.0,0.0,0.0,0.0
2024-10-17T01:00,3600,0.0,0.0,0.0,0.0,0.0,0.0
2024-10-17T02:00,3600,0.0,0.0,0.0,0.0,0.0,0.0
2024-10-17T03:00,3600,0.0,0.0,0.0,0.0,0.0,0.0
2024-10-17T04:00,3600,0.0,0.0,0.0,0.0,0.0,0.0
2024-10-17T05:00,3600,0.0,0.0,0.0,0.0,0.0,0.0
2024-10-17T06:00,3600,0.0,0.0,0.0,0.0,0.0,0.0
2024-10-17T07:00,3600,0.0,0.00779487972,0.0,0.0,0.0,0.00779487972
2024-10-17T08:00,3600,0.0,0.12663871439,0.0,0.0,0.0,0.12663871439
2024-10-17T09:00,3600,0.0,0.31341458325999993,0.0,0.0,0.0,0.31341458325999993
2024-10-17T10:00,3600,0.0,0.48098455647999994,0.0,0.0,0.0,0.48098455647999994
2024-10-17T11:00,3600,0.0,0.60321564099,0.0,0.0,0.0,0.60321564099
2024-10-17T12:00,3600,0.0,0.60050214807,0.0,0.0,0.0,0.60050214807
2024-10-17T13:00,3600,0.0,0.5675059770900001,0.0,0.0,0.0,0.5675059770900001
2024-10-17T14:00,3600,0.0,0.42735663497000004,0.0,0.0,0.0,0.42735663497000004
2024-10-17T15:00,3600,0.0,0.31016819865999995,0.0,0.0,0.0,0.31016819865999995
2024-10-17T16:00,3600,0.0,0.23333726917000003,0.0,0.0,0.0,0.23333726917000003
2024-10-17T17:00,3600,0.0,0.06595008751,0.0,0.0,0.0,0.06595008751
2024-10-17T18:00,3600,1.0556069737435416,0.009444301169999999,0.009444301169999999,1.0461626725735416,0.0,0.0
2024-10-17T19:00,3600,1.0686501380416031,0.0,0.0,1.0686501380416031,0.0,0.0
2024-10-17T20:00,3600,1.084214898411933,0.0,0.0,1.084214898411933,0.0,0.0
2024-10-17T21:00,3600,1.0762711633113817,0.0,0.0,1.0762711633113817,0.0,0.0
2024-10-17T22:00,3600,0.5272736415901133,0.0,0.0,0.5272736415901133,0.0,0.0
2024-10-17T23:00,3600,0.448781035667335,0.0,0.0,0.448781035667335,0.0,0.0
2024-10-18T00:00,3600,0.0,0.0,0.0,0.0,0.0,0.0
2024-10-18T01:00,3600,0.0,0.0,0.0,0.0,0.0,0.0
2024-10-18T02:00,3600,0.0,0.0,0.0,0.0,0.0,0.0
2024-10-18T03:00,3600,0.0,0.0,0.0,0.0,0.0,0.0
2024-10-18T04:00,3600,0.0,0.0,0.0,0.0,0.0,0.0
2024-10-18T05:00,3600,0.0,0.0,0.0,0.0,0.0,0.0
2024-10-18T06:00,3600,0.0,0.0,0.0,0.0,0.0,0.0
2024-10-18T07:00,3600,0.0,0.00626580485,0.0,0.0,0.0,0.00626580485
2024-10-18T08:00,3600,0.0,0.0554403089,0.0,0.0,0.0,0.0554403089
2024-10-18T09:00,3600,0.0,0.13641904633,0.0,0.0,0.0,0.13641904633
2024-10-18T10:00,3600,0.0,0.18338955874,0.0,0.0,0.0,0.18338955874
2024-10-18T11:00,3600,0.0,0.27193921097999996,0.0,0.0,0.0,0.27193921097999996
2024-10-18T12:00,3600,0.0,0.38598177441000003,0.0,0.0,0.0,0.38598177441000003
2024-10-18T13:00,3600,0.0,0.30147773153999996,0.0,0.0,0.0,0.30147773153999996
2024-10-18T14:00,3600,0.0,0.29395056623,0.0,0.0,0.0,0.29395056623
2024-10-18T15:00,3600,0.0,0.10681245197,0.0,0.0,0.0,0.10681245197
2024-10-18T16:00,3600,0.0,0.06371241564,0.0,0.0,0.0,0.06371241564
2024-10-18T17:00,3600,0.0,0.04169927833,0.0,0.0,0.0,0.04169927833
2024-10-18T18:00,3600,1.0870588235294116,0.011023107,0.011023107,1.0760357165294117,0.0,0.0
2024-10-18T19:00,3600,1.0870588235294116,0.0,0.0,1.0870588235294116,0.0,0.0
2024-10-18T20:00,3600,0.5105820532197276,0.0,0.0,0.5105820532197276,0.0,0.0
2024-10-18T21:00,3600,0.46119486764705886,0.0,0.0,0.46119486764705886,0.0,0.0
2024-10-18T22:00,3600,0.44564337941176463,0.0,0.0,0.44564337941176463,0.0,0.0
2024-10-18T23:00,3600,0.43729978436789707,0.0,0.0,0.43729978436789707,0.0,0.0
2024-10-19T00:00,3600,0.0,0.0,0.0,0.0,0.0,0.0
2024-10-19T01:00,3600,0.0,0.0,0.0,0.0,0.0,0.0
2024-10-19T02:00,3600,0.0,0.0,0.0,0.0,0.0,0.0
2024-10-19T03:00,3600,0.0,0.0,0.0,0.0,0.0,0.0
2024-10-19T04:00,3600,0.0,0.0,0.0,0.0,0.0,0.0
2024-10-19T05:00,3600,0.0,0.0,0.0,0.0,0.0,0.0
2024-10-19T06:00,3600,0.0,0.0,0.0,0.0,0.0,0.0
2024-10-19T07:00,3600,0.0,0.009566030169999998,0.0,0.0,0.0,0.009566030169999998
2024-10-19T08:00,3600,0.0,0.16340589195000002,0.0,0.0,0.0,0.16340589195000002
2024-10-19T09:00,3600,0.0,0.32120042731,0.0,0.0,0.0,0.32120042731
2024-10-19T10:00,3600,0.0,0.46112272537,0.0,0.0,0.0,0.46112272537
2024-10-19T11:00,3600,0.0,0.5991324115200001,0.0,0.0,0.0,0.5991324115200001
2024-10-19T12:00,3600,0.0,0.5665416761000001,0.0,0.0,0.0,0.5665416761000001
2024-10-19T13:00,3600,0.0,0.5325585764899999,0.0,0.0,0.0,0.5325585764899999
2024-10-19T14:00,3600,0.0,0.48337281467000004,0.0,0.0,0.0,0.48337281467000004
2024-10-19T15:00,3600,0.0,0.32634126498,0.0,0.0,0.0,0.32634126498
2024-10-19T16:00,3600,0.0,0.24658990446999998,0.0,0.0,0.0,0.24658990446999998
2024-10-19T17:00,3600,0.0,0.09365215142,0.0,0.0,0.0,0.09365215142
2024-10-19T18:00,3600,0.0,0.01419154406,0.0,0.0,0.0,0.01419154406
2024-10-19T19:00,3600,0.0,0.0,0.0,0.0,0.0,0.0
2024-10-19T20:00,3600,0.0,0.0,0.0,0.0,0.0,0.0
2024-10-19T21:00,3600,0.0,0.0,0.0,0.0,0.0,0.0
2024-10-19T22:00,3600,0.0,0.0,0.0,0.0,0.0,0.0
2024-10-19T23:00,3600,0.0,0.0,0.0,0.0,0.0,0.0
2024-10-20T00:00,3600,0.0,0.0,0.0,0.0,0.0,0.0
2024-10-20T01:00,3600,0.0,0.0,0.0,0.0,0.0,0.0
2024-10-20T02:00,3600,0.0,0.0,0.0,0.0,0.0,0.0
2024-10-20T03:00,3600,0.0,0.0,0.0,0.0,0.0,0.0
2024-10-20T04:00,3600,0.0,0.0,0.0,0.0,0.0,0.0
2024-10-20T05:00,3600,0.0,0.0,0.0,0.0,0.0,0.0
2024-10-20T06:00,3600,0.0,0.0,0.0,0.0,0.0,0.0
2024-10-20T07:00,3600,0.0,0.00724704906,0.0,0.0,0.0,0.00724704906
2024-10-20T08:00,3600,0.0,0.13275771027,0.0,0.0,0.0,0.13275771027
2024-10-20T09:00,3600,0.0,0.23247491973,0.0,0.0,0.0,0.23247491973
2024-10-20T10:00,3600,0.0,0.25108688842,0.0,0.0,0.0,0.25108688842
2024-10-20T11:00,3600,0.0,0.35044930665,0.0,0.0,0.0,0.35044930665
2024-10-20T12:00,3600,0.0,0.45167062332,0.0,0.0,0.0,0.45167062332
2024-10-20T13:00,3600,0.0,0.48261764829,0.0,0.0,0.0,0.48261764829
2024-10-20T14:00,3600,0.0,0.33892664348,0.0,0.0,0.0,0.33892664348
2024-10-20T15:00,3600,0.0,0.33611034864,0.0,0.0,0.0,0.33611034864
2024-10-20T16:00,3600,0.0,0.27510068306,0.0,0.0,0.0,0.27510068306
2024-10-20T17:00,3600,0.0,0.11367113617,0.0,0.0,0.0,0.11367113617
2024-10-20T18:00,3600,0.0,0.01513753203,0.0,0.0,0.0,0.01513753203
2024-10-20T19:00,3600,0.0,0.0,0.0,0.0,0.0,0.0
2024-10-20T20:00,3600,0.0,0.0,0.0,0.0,0.0,0.0
2024-10-20T21:00,3600,0.0,0.0,0.0,0.0,0.0,0.0
2024-10-20T22:00,3600,0.0,0.0,0.0,0.0,0.0,0.0
2024-10-20T23:00,3600,0.0,0.0,0.0,0.0,0.0,0.0
2024-10-21T00:00,3600,0.0,0.0,0.0,0.0,0.0,0.0
2024-10-21T01:00,3600,0.0,0.0,0.0,0.0,0.0,0.0
2024-10-21T02:00,3600,0.0,0.0,0.0,0.0,0.0,0.0
2024-10-21T03:00,3600,0.0,0.0,0.0,0.0,0.0,0.0
2024-10-21T04:00,3600,0.0,0.0,0.0,0.0,0.0,0.0
2024-10-21T05:00,3600,0.0,0.0,0.0,0.0,0.0,0.0
2024-10-21T06:00,3600,0.0,0.0,0.0,0.0,0.0,0.0
2024-10-21T07:00,3600,0.0,0.012345150400000001,0.0,0.0,0.0,0.012345150400000001
2024-10-21T08:00,3600,0.0,0.14813510587,0.0,0.0,0.0,0.14813510587
2024-10-21T09:00,3600,0.0,0.38968802175,0.0,0.0,0.0,0.38968802175
2024-10-21T10:00,3600,0.0,0.5549808504,0.0,0.0,0.0,0.5549808504
2024-10-21T11:00,3600,0.0,0.64171431653,0.0,0.0,0.0,0.64171431653
2024-10-21T12:00,3600,0.0,0.67501168622,0.0,0.0,0.0,0.67501168622
2024-10-21T13:00,3600,0.0,0.63457643356,0.0,0.0,0.0,0.63457643356
2024-10-21T14:00,3600,0.0,0.56214102691,0.0,0.0,0.0,0.56214102691
2024-10-21T15:00,3600,0.0,0.31627629910000005,0.0,0.0,0.0,0.31627629910000005
2024-10-21T16:00,3600,0.0,0.24335279499,0.0,0.0,0.0,0.24335279499
2024-10-21T17:00,3600,0.0,0.11285362193,0.0,0.0,0.0,0.11285362193
2024-10-21T18:00,3600,1.0006813833900141,0.01514371074,0.01514371074,0.9855376726500141,0.0,0.0
2024-10-21T19:00,3600,1.0055347749105612,0.0,0.0,1.0055347749105612,0.0,0.0
2024-10-21T20:00,3600,0.9892131435337567,0.0,0.0,0.9892131435337567,0.0,0.0
2024-10-21T21:00,3600,0.9782568170586586,0.0,0.0,0.9782568170586586,0.0,0.0
2024-10-21T22:00,3600,0.9609730194197434,0.0,0.0,0.9609730194197434,0.0,0.0
2024-10-21T23:00,3600,0.9449192734676007,0.0,0.0,0.9449192734676007,0.0,0.0
2024-10-22T00:00,3600,0.0,0.0,0.0,0.0,0.0,0.0
2024-10-22T01:00,3600,0.0,0.0,0.0,0.0,0.0,0.0
2024-10-22T02:00,3600,0.0,0.0,0.0,0.0,0.0,0.0
2024-10-22T03:00,3600,0.0,0.0,0.0,0.0,0.0,0.0
2024-10-22T04:00,3600,0.0,0.0,0.0,0.0,0.0,0.0
2024-10-22T05:00,3600,0.0,0.0,0.0,0.0,0.0,0.0
2024-10-22T06:00,3600,0.0,0.0,0.0,0.0,0.0,0.0
2024-10-22T07:00,3600,0.0,0.01596406631,0.0,0.0,0.0,0.01596406631
2024-10-22T08:00,3600,0.0,0.2244487006,0.0,0.0,0.0,0.2244487006
2024-10-22T09:00,3600,0.0,0.42349527825000005,0.0,0.0,0.0,0.42349527825000005
2024-10-22T10:00,3600,0.0,0.55566555619,0.0,0.0,0.0,0.55566555619
2024-10-22T11:00,3600,0.0,0.65168640121,0.0,0.0,0.0,0.65168640121
2024-10-22T12:00,3600,0.0,0.6654255917699999,0.0,0.0,0.0,0.6654255917699999
2024-10-22T13:00,3600,0.0,0.60941261215,0.0,0.0,0.0,0.60941261215
2024-10-22T14:00,3600,0.0,0.48062723576,0.0,0.0,0.0,0.48062723576
2024-10-22T15:00,3600,0.0,0.40464878221999995,0.0,0.0,0.0,0.40464878221999995
2024-10-22T16:00,3600,0.0,0.28860548023,0.0,0.0,0.0,0.28860548023
2024-10-22T17:00,3600,0.0,0.12592118159000001,0.0,0.0,0.0,0.12592118159000001
2024-10-22T18:00,3600,0.9064337230478332,0.014302953929999999,0.014302953929999999,0.8921307691178332,0.0,0.0
2024-10-22T19:00,3600,0.908605123227649,0.0,0.0,0.908605123227649,0.0,0.0
2024-10-22T20:00,3600,0.9105582343431287,0.0,0.0,0.9105582343431287,0.0,0.0
2024-10-22T21:00,3600,0.9074414851993314,0.0,0.0,0.9074414851993314,0.0,0.0
2024-10-22T22:00,3600,0.8896178592894717,0.0,0.0,0.8896178592894717,0.0,0.0
2024-10-22T23:00,3600,0.8785039486033328,0.0,0.0,0.8785039486033328,0.0,0.0
2024-10-23T00:00,3600,0.0,0.0,0.0,0.0,0.0,0.0
2024-10-23T01:00,3600,0.0,0.0,0.0,0.0,0.0,0.0
2024-10-23T02:00,3600,0.0,0.0,0.0,0.0,0.0,0.0
2024-10-23T03:00,3600,0.0,0.0,0.0,0.0,0.0,0.0
2024-10-23T04:00,3600,0.0,0.0,0.0,0.0,0.0,0.0
2024-10-23T05:00,3600,0.0,0.0,0.0,0.0,0.0,0.0
2024-10-23T06:00,3600,0.0,0.0,0.0,0.0,0.0,0.0
2024-10-23T07:00,3600,0.0,0.01277656264,0.0,0.0,0.0,0.01277656264
2024-10-23T08:00,3600,0.0,0.21938827280999998,0.0,0.0,0.0,0.21938827280999998
2024-10-23T09:00,3600,0.0,0.42948856805,0.0,0.0,0.0,0.42948856805
2024-10-23T10:00,3600,0.0,0.57980229961,0.0,0.0,0.0,0.57980229961
2024-10-23T11:00,3600,0.0,0.67644809511,0.0,0.0,0.0,0.67644809511
2024-10-23T12:00,3600,0.0,0.6947424,0.0,0.0,0.0,0.6947424
2024-10-23T13:00,3600,0.0,0.66567884798,0.0,0.0,0.0,0.66567884798
2024-10-23T14:00,3600,0.0,0.59728689148,0.0,0.0,0.0,0.59728689148
2024-10-23T15:00,3600,0.0,0.45952264794000003,0.0,0.0,0.0,0.45952264794000003
2024-10-23T16:00,3600,0.0,0.2875806059,0.0,0.0,0.0,0.2875806059
2024-10-23T17:00,3600,0.0,0.12770997814,0.0,0.0,0.0,0.12770997814
2024-10-23T18:00,3600,0.815294117647059,0.01538816239,0.01538816239,0.799905955257059,0.0,0.0
2024-10-23T19:00,3600,0.815294117647059,0.0,0.0,0.815294117647059,0.0,0.0
2024-10-23T20:00,3600,0.815294117647059,0.0,0.0,0.815294117647059,0.0,0.0
2024-10-23T21:00,3600,0.815294117647059,0.0,0.0,0.815294117647059,0.0,0.0
2024-10-23T22:00,3600,0.33279247750457164,0.0,0.0,0.33279247750457164,0.0,0.0
2024-10-23T23:00,3600,0.059834426470588245,0.0,0.0,0.059834426470588245,0.0,0.0
2024-10-24T00:00,3600,0.0,0.0,0.0,0.0,0.0,0.0
2024-10-24T01:00,3600,0.0,0.0,0.0,0.0,0.0,0.0
2024-10-24T02:00,3600,0.0,0.0,0.0,0.0,0.0,0.0
2024-10-24T03:00,3600,0.0,0.0,0.0,0.0,0.0,0.0
2024-10-24T04:00,3600,0.0,0.0,0.0,0.0,0.0,0.0
2024-10-24T05:00,3600,0.0,0.0,0.0,0.0,0.0,0.0
2024-10-24T06:00,3600,0.0,0.0,0.0,0.0,0.0,0.0
2024-10-24T07:00,3600,0.0,0.01393143278,0.0,0.0,0.0,0.01393143278
2024-10-24T08:00,3600,0.0,0.23632180414000004,0.0,0.0,0.0,0.23632180414000004
2024-10-24T09:00,3600,0.0,0.45337900961999994,0.0,0.0,0.0,0.45337900961999994
2024-10-24T10:00,3600,0.0,0.61190138803,0.0,0.0,0.0,0.61190138803
2024-10-24T11:00,3600,0.0,0.6947424,0.0,0.0,0.0,0.6947424
2024-10-24T12:00,3600,0.0,0.6947424,0.0,0.0,0.0,0.6947424
2024-10-24T13:00,3600,0.0,0.6947424,0.0,0.0,0.0,0.6947424
2024-10-24T14:00,3600,0.0,0.61693271371,0.0,0.0,0.0,0.61693271371
2024-10-24T15:00,3600,0.0,0.48522589063,0.0,0.0,0.0,0.48522589063
2024-10-24T16:00,3600,0.0,0.31554871318,0.0,0.0,0.0,0.31554871318
2024-10-24T17:00,3600,0.0,0.13469916864999998,0.0,0.0,0.0,0.13469916864999998
2024-10-24T18:00,3600,0.815294117647059,0.014596259399999999,0.014596259399999999,0.800697858247059,0.0,0.0
2024-10-24T19:00,3600,0.815294117647059,0.0,0.0,0.815294117647059,0.0,0.0
2024-10-24T20:00,3600,0.31161716002531764,0.0,0.0,0.31161716002531764,0.0,0.0
2024-10-24T21:00,3600,0.10389697647058822,0.0,0.0,0.10389697647058822,0.0,0.0
2024-10-24T22:00,3600,0.09352931764705884,0.0,0.0,0.09352931764705884,0.0,0.0
2024-10-24T23:00,3600,0.09093740294117644,0.0,0.0,0.09093740294117644,0.0,0.0
2024-10-25T00:00,3600,0.0,0.0,0.0,0.0,0.0,0.0
2024-10-25T01:00,3600,0.0,0.0,0.0,0.0,0.0,0.0
2024-10-25T02:00,3600,0.0,0.0,0.0,0.0,0.0,0.0
2024-10-25T03:00,3600,0.0,0.0,0.0,0.0,0.0,0.0
2024-10-25T04:00,3600,0.0,0.0,0.0,0.0,0.0,0.0
2024-10-25T05:00,3600,0.0,0.0,0.0,0.0,0.0,0.0
2024-10-25T06:00,3600,0.0,0.0,0.0,0.0,0.0,0.0
2024-10-25T07:00,3600,0.0,0.009491919579999999,0.0,0.0,0.0,0.009491919579999999
2024-10-25T08:00,3600,0.0,0.16612129158,0.0,0.0,0.0,0.16612129158
2024-10-25T09:00,3600,0.0,0.34085758391,0.0,0.0,0.0,0.34085758391
2024-10-25T10:00,3600,0.0,0.4610258196,0.0,0.0,0.0,0.4610258196
2024-10-25T11:00,3600,0.0,0.44962286038,0.0,0.0,0.0,0.44962286038
2024-10-25T12:00,3600,0.0,0.61000292414,0.0,0.0,0.0,0.61000292414
2024-10-25T13:00,3600,0.0,0.6478500008600001,0.0,0.0,0.0,0.6478500008600001
2024-10-25T14:00,3600,0.0,0.56127858928,0.0,0.0,0.0,0.56127858928
2024-10-25T15:00,3600,0.0,0.41580631848000005,0.0,0.0,0.0,0.41580631848000005
2024-10-25T16:00,3600,0.0,0.27147344838,0.0,0.0,0.0,0.27147344838
2024-10-25T17:00,3600,0.0,0.10655134428,0.0,0.0,0.0,0.10655134428
2024-10-25T18:00,3600,0.815294117647059,0.01194712032,0.01194712032,0.8033469973270589,0.0,0.0
2024-10-25T19:00,3600,0.815294117647059,0.0,0.0,0.815294117647059,0.0,0.0
2024-10-25T20:00,3600,0.552169885032773,0.0,0.0,0.552169885032773,0.0,0.0
2024-10-25T21:00,3600,0.1842463323529412,0.0,0.0,0.1842463323529412,0.0,0.0
2024-10-25T22:00,3600,0.16610292941176474,0.0,0.0,0.16610292941176474,0.0,0.0
2024-10-25T23:00,3600,0.1505514411764706,0.0,0.0,0.1505514411764706,0.0,0.0
2024-10-26T00:00,3600,0.0,0.0,0.0,0.0,0.0,0.0
2024-10-26T01:00,3600,0.0,0.0,0.0,0.0,0.0,0.0
2024-10-26T02:00,3600,0.0,0.0,0.0,0.0,0.0,0.0
2024-10-26T03:00,3600,0.0,0.0,0.0,0.0,0.0,0.0
2024-10-26T04:00,3600,0.0,0.0,0.0,0.0,0.0,0.0
2024-10-26T05:00,3600,0.0,0.0,0.0,0.0,0.0,0.0
2024-10-26T06:00,3600,0.0,0.0,0.0,0.0,0.0,0.0
2024-10-26T07:00,3600,0.0,0.00344485247,0.0,0.0,0.0,0.00344485247
2024-10-26T08:00,3600,0.0,0.062260439109999996,0.0,0.0,0.0,0.062260439109999996
2024-10-26T09:00,3600,0.0,0.19101267356,0.0,0.0,0.0,0.19101267356
2024-10-26T10:00,3600,0.0,0.24315726565,0.0,0.0,0.0,0.24315726565
2024-10-26T11:00,3600,0.0,0.42347612534,0.0,0.0,0.0,0.42347612534
2024-10-26T12:00,3600,0.0,0.28592375497,0.0,0.0,0.0,0.28592375497
2024-10-26T13:00,3600,0.0,0.29294476684,0.0,0.0,0.0,0.29294476684
2024-10-26T14:00,3600,0.0,0.25616629166000005,0.0,0.0,0.0,0.25616629166000005
2024-10-26T15:00,3600,0.0,0.15543580131999998,0.0,0.0,0.0,0.15543580131999998
2024-10-26T16:00,3600,0.0,0.11051518362999999,0.0,0.0,0.0,0.11051518362999999
2024-10-26T17:00,3600,0.0,0.03232676969,0.0,0.0,0.0,0.03232676969
2024-10-26T18:00,3600,0.0,0.00302047603,0.0,0.0,0.0,0.00302047603
2024-10-26T19:00,3600,0.0,0.0,0.0,0.0,0.0,0.0
2024-10-26T20:00,3600,0.0,0.0,0.0,0.0,0.0,0.0
2024-10-26T21:00,3600,0.0,0.0,0.0,0.0,0.0,0.0
2024-10-26T22:00,3600,0.0,0.0,0.0,0.0,0.0,0.0
2024-10-26T23:00,3600,0.0,0.0,0.0,0.0,0.0,0.0
2024-10-27T00:00,3600,0.0,0.0,0.0,0.0,0.0,0.0
2024-10-27T01:00,3600,0.0,0.0,0.0,0.0,0.0,0.0
2024-10-27T02:00,3600,0.0,0.0,0.0,0.0,0.0,0.0
2024-10-27T03:00,3600,0.0,0.0,0.0,0.0,0.0,0.0
2024-10-27T04:00,3600,0.0,0.0,0.0,0.0,0.0,0.0
2024-10-27T05:00,3600,0.0,0.0,0.0,0.0,0.0,0.0
2024-10-27T06:00,3600,0.0,0.0,0.0,0.0,0.0,0.0
2024-10-27T07:00,3600,0.0,0.00807794836,0.0,0.0,0.0,0.00807794836
2024-10-27T08:00,3600,0.0,0.15962576103999998,0.0,0.0,0.0,0.15962576103999998
2024-10-27T09:00,3600,0.0,0.34733182922999994,0.0,0.0,0.0,0.34733182922999994
2024-10-27T10:00,3600,0.0,0.50002987102,0.0,0.0,0.0,0.50002987102
2024-10-27T11:00,3600,0.0,0.5964547734,0.0,0.0,0.0,0.5964547734
2024-10-27T12:00,3600,0.0,0.55583052677,0.0,0.0,0.0,0.55583052677
2024-10-27T13:00,3600,0.0,0.56263740626,0.0,0.0,0.0,0.56263740626
2024-10-27T14:00,3600,0.0,0.34505132974,0.0,0.0,0.0,0.34505132974
2024-10-27T15:00,3600,0.0,0.16214355891999999,0.0,0.0,0.0,0.16214355891999999
2024-10-27T16:00,3600,0.0,0.12056210292,0.0,0.0,0.0,0.12056210292
2024-10-27T17:00,3600,0.0,0.058251808599999996,0.0,0.0,0.0,0.058251808599999996
2024-10-27T18:00,3600,0.0,0.007092062549999999,0.0,0.0,0.0,0.007092062549999999
2024-10-27T19:00,3600,0.0,0.0,0.0,0.0,0.0,0.0
2024-10-27T20:00,3600,0.0,0.0,0.0,0.0,0.0,0.0
2024-10-27T21:00,3600,0.0,0.0,0.0,0.0,0.0,0.0
2024-10-27T22:00,3600,0.0,0.0,0.0,0.0,0.0,0.0
2024-10-27T23:00,3600,0.0,0.0,0.0,0.0,0.0,0.0
2024-10-28T00:00,3600,0.0,0.0,0.0,0.0,0.0,0.0
2024-10-28T01:00,3600,0.0,0.0,0.0,0.0,0.0,0.0
2024-10-28T02:00,3600,0.0,0.0,0.0,0.0,0.0,0.0
2024-10-28T03:00,3600,0.0,0.0,0.0,0.0,0.0,0.0
2024-10-28T04:00,3600,0.0,0.0,0.0,0.0,0.0,0.0
2024-10-28T05:00,3600,0.0,0.0,0.0,0.0,0.0,0.0
2024-10-28T06:00,3600,0.0,0.0,0.0,0.0,0.0,0.0
2024-10-28T07:00,3600,0.0,0.0,0.0,0.0,0.0,0.0
2024-10-28T08:00,3600,0.0,0.10388891231,0.0,0.0,0.0,0.10388891231
2024-10-28T09:00,3600,0.0,0.23905951012999999,0.0,0.0,0.0,0.23905951012999999
2024-10-28T10:00,3600,0.0,0.32718106315,0.0,0.0,0.0,0.32718106315
2024-10-28T11:00,3600,0.0,0.41719863716,0.0,0.0,0.0,0.41719863716
2024-10-28T12:00,3600,0.0,0.32631079254999995,0.0,0.0,0.0,0.32631079254999995
2024-10-28T13:00,3600,0.0,0.40503392021000006,0.0,0.0,0.0,0.40503392021000006
2024-10-28T14:00,3600,0.0,0.36685644839000003,0.0,0.0,0.0,0.36685644839000003
2024-10-28T15:00,3600,0.0,0.16488581139999997,0.0,0.0,0.0,0.16488581139999997
2024-10-28T16:00,3600,0.0,0.11337369743000002,0.0,0.0,0.0,0.11337369743000002
2024-10-28T17:00,3600,0.0,0.06040953994,0.0,0.0,0.0,0.06040953994
2024-10-28T18:00,3600,0.8773737845169076,0.0046828615200000005,0.0046828615200000005,0.8726909229969076,0.0,0.0
2024-10-28T19:00,3600,0.8706015934893135,0.0,0.0,0.8706015934893135,0.0,0.0
2024-10-28T20:00,3600,0.8637220727851351,0.0,0.0,0.8637220727851351,0.0,0.0
2024-10-28T21:00,3600,0.5047353078705582,0.0,0.0,0.5047353078705582,0.0,0.0
2024-10-28T22:00,3600,0.14663587230455838,0.0,0.0,0.14663587230455838,0.0,0.0
2024-10-28T23:00,3600,0.13791158825941324,0.0,0.0,0.13791158825941324,0.0,0.0
2024-10-29T00:00,3600,0.0,0.0,0.0,0.0,0.0,0.0
2024-10-29T01:00,3600,0.0,0.0,0.0,0.0,0.0,0.0
2024-10-29T02:00,3600,0.0,0.0,0.0,0.0,0.0,0.0
2024-10-29T03:00,3600,0.0,0.0,0.0,0.0,0.0,0.0
2024-10-29T04:00,3600,0.0,0.0,0.0,0.0,0.0,0.0
2024-10-29T05:00,3600,0.0,0.0,0.0,0.0,0.0,0.0
2024-10-29T06:00,3600,0.0,0.0,0.0,0.0,0.0,0.0
2024-10-29T07:00,3600,0.0,0.0,0.0,0.0,0.0,0.0
2024-10-29T08:00,3600,0.0,0.03410193247,0.0,0.0,0.0,0.03410193247
2024-10-29T09:00,3600,0.0,0.10055168728,0.0,0.0,0.0,0.10055168728
2024-10-29T10:00,3600,0.0,0.1203789442,0.0,0.0,0.0,0.1203789442
2024-10-29T11:00,3600,0.0,0.13837440755,0.0,0.0,0.0,0.13837440755
2024-10-29T12:00,3600,0.0,0.20050527955,0.0,0.0,0.0,0.20050527955
2024-10-29T13:00,3600,0.0,0.18868428994,0.0,0.0,0.0,0.18868428994
2024-10-29T14:00,3600,0.0,0.14113057047000002,0.0,0.0,0.0,0.14113057047000002
2024-10-29T15:00,3600,0.0,0.09417471874,0.0,0.0,0.0,0.09417471874
2024-10-29T16:00,3600,0.0,0.08057494806,0.0,0.0,0.0,0.08057494806
2024-10-29T17:00,3600,0.0,0.03832398796,0.0,0.0,0.0,0.03832398796
2024-10-29T18:00,3600,0.0,0.00631123778,0.0,0.0,0.0,0.00631123778
2024-10-29T19:00,3600,0.0,0.0,0.0,0.0,0.0,0.0
2024-10-29T20:00,3600,0.0,0.0,0.0,0.0,0.0,0.0
2024-10-29T21:00,3600,0.2364014628064389,0.0,0.0,0.2364014628064389,0.0,0.0
2024-10-29T22:00,3600,0.12474052327623217,0.0,0.0,0.12474052327623217,0.0,0.0
2024-10-29T23:00,3600,0.1187444088629383,0.0,0.0,0.1187444088629383,0.0,0.0
2024-10-30T00:00,3600,0.0,0.0,0.0,0.0,0.0,0.0
2024-10-30T01:00,3600,0.0,0.0,0.0,0.0,0.0,0.0
2024-10-30T02:00,3600,0.0,0.0,0.0,0.0,0.0,0.0
2024-10-30T03:00,3600,0.0,0.0,0.0,0.0,0.0,0.0
2024-10-30T04:00,3600,0.0,0.0,0.0,0.0,0.0,0.0
2024-10-30T05:00,3600,0.0,0.0,0.0,0.0,0.0,0.0
2024-10-30T06:00,3600,0.0,0.0,0.0,0.0,0.0,0.0
2024-10-30T07:00,3600,0.0,0.0,0.0,0.0,0.0,0.0
2024-10-30T08:00,3600,0.0,0.11817775115,0.0,0.0,0.0,0.11817775115
2024-10-30T09:00,3600,0.0,0.34168371271,0.0,0.0,0.0,0.34168371271
2024-10-30T10:00,3600,0.0,0.32349268790999997,0.0,0.0,0.0,0.32349268790999997
2024-10-30T11:00,3600,0.0,0.46296954337,0.0,0.0,0.0,0.46296954337
2024-10-30T12:00,3600,0.0,0.68076368854,0.0,0.0,0.0,0.68076368854
2024-10-30T13:00,3600,0.0,0.6049997257700002,0.0,0.0,0.0,0.6049997257700002
2024-10-30T14:00,3600,0.0,0.39193499865,0.0,0.0,0.0,0.39193499865
2024-10-30T15:00,3600,0.0,0.26609705022,0.0,0.0,0.0,0.26609705022
2024-10-30T16:00,3600,0.0,0.18985324204,0.0,0.0,0.0,0.18985324204
2024-10-30T17:00,3600,0.0,0.04664288061,0.0,0.0,0.0,0.04664288061
2024-10-30T18:00,3600,0.8438199766519557,0.00470131702,0.00470131702,0.8391186596319558,0.0,0.0
2024-10-30T19:00,3600,0.6715679740463957,0.0,0.0,0.6715679740463957,0.0,0.0
2024-10-30T20:00,3600,0.15162507346024387,0.0,0.0,0.15162507346024387,0.0,0.0
2024-10-30T21:00,3600,0.14664935430312712,0.0,0.0,0.14664935430312712,0.0,0.0
2024-10-30T22:00,3600,0.11451723566319763,0.0,0.0,0.11451723566319763,0.0,0.0
2024-10-30T23:00,3600,0.08733239542071952,0.0,0.0,0.08733239542071952,0.0,0.0
2024-10-31T00:00,3600,0.0,0.0,0.0,0.0,0.0,0.0
2024-10-31T01:00,3600,0.0,0.0,0.0,0.0,0.0,0.0
2024-10-31T02:00,3600,0.0,0.0,0.0,0.0,0.0,0.0
2024-10-31T03:00,3600,0.0,0.0,0.0,0.0,0.0,0.0
2024-10-31T04:00,3600,0.0,0.0,0.0,0.0,0.0,0.0
2024-10-31T05:00,3600,0.0,0.0,0.0,0.0,0.0,0.0
2024-10-31T06:00,3600,0.0,0.0,0.0,0.0,0.0,0.0
2024-10-31T07:00,3600,0.0,0.00856666065,0.0,0.0,0.0,0.00856666065
2024-10-31T08:00,3600,0.0,0.21267130225,0.0,0.0,0.0,0.21267130225
2024-10-31T09:00,3600,0.0,0.4208123619,0.0,0.0,0.0,0.4208123619
2024-10-31T10:00,3600,0.0,0.56506864852,0.0,0.0,0.0,0.56506864852
2024-10-31T11:00,3600,0.0,0.65457294773,0.0,0.0,0.0,0.65457294773
2024-10-31T12:00,3600,0.0,0.68639378693,0.0,0.0,0.0,0.68639378693
2024-10-31T13:00,3600,0.0,0.65262345952,0.0,0.0,0.0,0.65262345952
2024-10-31T14:00,3600,0.0,0.57202340501,0.0,0.0,0.0,0.57202340501
2024-10-31T15:00,3600,0.0,0.44564162042999994,0.0,0.0,0.0,0.44564162042999994
2024-10-31T16:00,3600,0.0,0.28582735809000004,0.0,0.0,0.0,0.28582735809000004
2024-10-31T17:00,3600,0.0,0.11789724053999999,0.0,0.0,0.0,0.11789724053999999
2024-10-31T18:00,3600,0.8398051967762633,0.01111355466,0.01111355466,0.8286916421162633,0.0,0.0
2024-10-31T19:00,3600,0.8366293161469963,0.0,0.0,0.8366293161469963,0.0,0.0
2024-10-31T20:00,3600,0.8257413254292685,0.0,0.0,0.8257413254292685,0.0,0.0
2024-10-31T21:00,3600,0.32664898306269335,0.0,0.0,0.32664898306269335,0.0,0.0
2024-10-31T22:00,3600,0.1764705882352941,0.0,0.0,0.1764705882352941,0.0,0.0
2024-10-31T23:00,3600,0.16351101470588236,0.0,0.0,0.16351101470588236,0.0,0.0
2024-11-01T00:00,3600,0.0,0.0,0.0,0.0,0.0,0.0
2024-11-01T01:00,3600,0.0,0.0,0.0,0.0,0.0,0.0
2024-11-01T02:00,3600,0.0,0.0,0.0,0.0,0.0,0.0
2024-11-01T03:00,3600,0.0,0.0,0.0,0.0,0.0,0.0
2024-11-01T04:00,3600,0.0,0.0,0.0,0.0,0.0,0.0
2024-11-01T05:00,3600,0.0,0.0,0.0,0.0,0.0,0.0
2024-11-01T06:00,3600,0.0,0.0,0.0,0.0,0.0,0.0
2024-11-01T07:00,3600,0.0,0.008637594220000001,0.0,0.0,0.0,0.008637594220000001
2024-11-01T08:00,3600,0.0,0.20442959369,0.0,0.0,0.0,0.20442959369
2024-11-01T09:00,3600,0.0,0.40615314576999995,0.0,0.0,0.0,0.40615314576999995
2024-11-01T10:00,3600,0.0,0.55481609418,0.0,0.0,0.0,0.55481609418
2024-11-01T11:00,3600,0.0,0.64358986052,0.0,0.0,0.0,0.64358986052
2024-11-01T12:00,3600,0.0,0.67320872232,0.0,0.0,0.0,0.67320872232
2024-11-01T13:00,3600,0.0,0.64441577431,0.0,0.0,0.0,0.64441577431
2024-11-01T14:00,3600,0.0,0.5658496105399999,0.0,0.0,0.0,0.5658496105399999
2024-11-01T15:00,3600,0.0,0.43722914598,0.0,0.0,0.0,0.43722914598
2024-11-01T16:00,3600,0.0,0.28213337471,0.0,0.0,0.0,0.28213337471
2024-11-01T17:00,3600,0.0,0.11485177749,0.0,0.0,0.0,0.11485177749
2024-11-01T18:00,3600,0.8402668391274141,0.0103791877,0.0103791877,0.829887651427414,0.0,0.0
2024-11-01T19:00,3600,0.8288344658491872,0.0,0.0,0.8288344658491872,0.0,0.0
2024-11-01T20:00,3600,0.8283134552832647,0.0,0.0,0.8283134552832647,0.0,0.0
2024-11-01T21:00,3600,0.29212934443770155,0.0,0.0,0.29212934443770155,0.0,0.0
2024-11-01T22:00,3600,0.11751371871086572,0.0,0.0,0.11751371871086572,0.0,0.0
2024-11-01T23:00,3600,0.11397432815909835,0.0,0.0,0.11397432815909835,0.0,0.0
2024-11-02T00:00,3600,0.0,0.0,0.0,0.0,0.0,0.0
2024-11-02T01:00,3600,0.0,0.0,0.0,0.0,0.0,0.0
2024-11-02T02:00,3600,0.0,0.0,0.0,0.0,0.0,0.0
2024-11-02T03:00,3600,0.0,0.0,0.0,0.0,0.0,0.0
2024-11-02T04:00,3600,0.0,0.0,0.0,0.0,0.0,0.0
2024-11-02T05:00,3600,0.0,0.0,0.0,0.0,0.0,0.0
2024-11-02T06:00,3600,0.0,0.0,0.0,0.0,0.0,0.0
2024-11-02T07:00,3600,0.0,0.00472844788,0.0,0.0,0.0,0.00472844788
2024-11-02T08:00,3600,0.0,0.18845760872,0.0,0.0,0.0,0.18845760872
2024-11-02T09:00,3600,0.0,0.33917332172,0.0,0.0,0.0,0.33917332172
2024-11-02T10:00,3600,0.0,0.44049450779,0.0,0.0,0.0,0.44049450779
2024-11-02T11:00,3600,0.0,0.57948987657,0.0,0.0,0.0,0.57948987657
2024-11-02T12:00,3600,0.0,0.50054936075,0.0,0.0,0.0,0.50054936075
2024-11-02T13:00,3600,0.0,0.5425215782499999,0.0,0.0,0.0,0.5425215782499999
2024-11-02T14:00,3600,0.0,0.45695227060000004,0.0,0.0,0.0,0.45695227060000004
2024-11-02T15:00,3600,0.0,0.17551112377000003,0.0,0.0,0.0,0.17551112377000003
2024-11-02T16:00,3600,0.0,0.13167894169,0.0,0.0,0.0,0.13167894169
2024-11-02T17:00,3600,0.0,0.046632179319999995,0.0,0.0,0.0,0.046632179319999995
2024-11-02T18:00,3600,0.0,0.00228885028,0.0,0.0,0.0,0.00228885028
2024-11-02T19:00,3600,0.0,0.0,0.0,0.0,0.0,0.0
2024-11-02T20:00,3600,0.0,0.0,0.0,0.0,0.0,0.0
2024-11-02T21:00,3600,0.0,0.0,0.0,0.0,0.0,0.0
2024-11-02T22:00,3600,0.0,0.0,0.0,0.0,0.0,0.0
2024-11-02T23:00,3600,0.0,0.0,0.0,0.0,0.0,0.0
2024-11-03T00:00,3600,0.0,0.0,0.0,0.0,0.0,0.0
2024-11-03T01:00,3600,0.0,0.0,0.0,0.0,0.0,0.0
2024-11-03T02:00,3600,0.0,0.0,0.0,0.0,0.0,0.0
2024-11-03T03:00,3600,0.0,0.0,0.0,0.0,0.0,0.0
2024-11-03T04:00,3600,0.0,0.0,0.0,0.0,0.0,0.0
2024-11-03T05:00,3600,0.0,0.0,0.0,0.0,0.0,0.0
2024-11-03T06:00,3600,0.0,0.0,0.0,0.0,0.0,0.0
2024-11-03T07:00,3600,0.0,0.0031562245500000004,0.0,0.0,0.0,0.0031562245500000004
2024-11-03T08:00,3600,0.0,0.10808206457999998,0.0,0.0,0.0,0.10808206457999998
2024-11-03T09:00,3600,0.0,0.31016900753,0.0,0.0,0.0,0.31016900753
2024-11-03T10:00,3600,0.0,0.48319703215,0.0,0.0,0.0,0.48319703215
2024-11-03T11:00,3600,0.0,0.61312422007,0.0,0.0,0.0,0.61312422007
2024-11-03T12:00,3600,0.0,0.5766515895200001,0.0,0.0,0.0,0.5766515895200001
2024-11-03T13:00,3600,0.0,0.45364437053,0.0,0.0,0.0,0.45364437053
2024-11-03T14:00,3600,0.0,0.43497019671,0.0,0.0,0.0,0.43497019671
2024-11-03T15:00,3600,0.0,0.32086901739,0.0,0.0,0.0,0.32086901739
2024-11-03T16:00,3600,0.0,0.18854663769999996,0.0,0.0,0.0,0.18854663769999996
2024-11-03T17:00,3600,0.0,0.08447847659999999,0.0,0.0,0.0,0.08447847659999999
2024-11-03T18:00,3600,0.0,0.0062599801200000004,0.0,0.0,0.0,0.0062599801200000004
2024-11-03T19:00,3600,0.0,0.0,0.0,0.0,0.0,0.0
2024-11-03T20:00,3600,0.0,0.0,0.0,0.0,0.0,0.0
2024-11-03T21:00,3600,0.0,0.0,0.0,0.0,0.0,0.0
2024-11-03T22:00,3600,0.0,0.0,0.0,0.0,0.0,0.0
2024-11-03T23:00,3600,0.0,0.0,0.0,0.0,0.0,0.0
2024-11-04T00:00,3600,0.0,0.0,0.0,0.0,0.0,0.0
2024-11-04T01:00,3600,0.0,0.0,0.0,0.0,0.0,0.0
2024-11-04T02:00,3600,0.0,0.0,0.0,0.0,0.0,0.0
2024-11-04T03:00,3600,0.0,0.0,0.0,0.0,0.0,0.0
2024-11-04T04:00,3600,0.0,0.0,0.0,0.0,0.0,0.0
2024-11-04T05:00,3600,0.0,0.0,0.0,0.0,0.0,0.0
2024-11-04T06:00,3600,0.0,0.0,0.0,0.0,0.0,0.0
2024-11-04T07:00,3600,0.0,0.0,0.0,0.0,0.0,0.0
2024-11-04T08:00,3600,0.0,0.04085909135,0.0,0.0,0.0,0.04085909135
2024-11-04T09:00,3600,0.0,0.11461997946,0.0,0.0,0.0,0.11461997946
2024-11-04T10:00,3600,0.0,0.29512489732,0.0,0.0,0.0,0.29512489732
2024-11-04T11:00,3600,0.0,0.43070044877999997,0.0,0.0,0.0,0.43070044877999997
2024-11-04T12:00,3600,0.0,0.48511760007,0.0,0.0,0.0,0.48511760007
2024-11-04T13:00,3600,0.0,0.57306090401,0.0,0.0,0.0,0.57306090401
2024-11-04T14:00,3600,0.0,0.48218603973,0.0,0.0,0.0,0.48218603973
2024-11-04T15:00,3600,0.0,0.24778735580000003,0.0,0.0,0.0,0.24778735580000003
2024-11-04T16:00,3600,0.0,0.15566535417,0.0,0.0,0.0,0.15566535417
2024-11-04T17:00,3600,0.0,0.06415043729999999,0.0,0.0,0.0,0.06415043729999999
2024-11-04T18:00,3600,0.8733709927942169,0.00791576703,0.00791576703,0.865455225764217,0.0,0.0
2024-11-04T19:00,3600,0.8696024633498386,0.0,0.0,0.8696024633498386,0.0,0.0
2024-11-04T20:00,3600,0.8597658417936663,0.0,0.0,0.8597658417936663,0.0,0.0
2024-11-04T21:00,3600,0.8601170427771592,0.0,0.0,0.8601170427771592,0.0,0.0
2024-11-04T22:00,3600,0.8463804930412638,0.0,0.0,0.8463804930412638,0.0,0.0
2024-11-04T23:00,3600,0.16939370368061726,0.0,0.0,0.16939370368061726,0.0,0.0
2024-11-05T00:00,3600,0.0,0.0,0.0,0.0,0.0,0.0
2024-11-05T01:00,3600,0.0,0.0,0.0,0.0,0.0,0.0
2024-11-05T02:00,3600,0.0,0.0,0.0,0.0,0.0,0.0
2024-11-05T03:00,3600,0.0,0.0,0.0,0.0,0.0,0.0
2024-11-05T04:00,3600,0.0,0.0,0.0,0.0,0.0,0.0
2024-11-05T05:00,3600,0.0,0.0,0.0,0.0,0.0,0.0
2024-11-05T06:00,3600,0.0,0.0,0.0,0.0,0.0,0.0
2024-11-05T07:00,3600,0.0,0.0,0.0,0.0,0.0,0.0
2024-11-05T08:00,3600,0.0,0.10794364636,0.0,0.0,0.0,0.10794364636
2024-11-05T09:00,3600,0.0,0.31178534540999997,0.0,0.0,0.0,0.31178534540999997
2024-11-05T10:00,3600,0.0,0.46925801693,0.0,0.0,0.0,0.46925801693
2024-11-05T11:00,3600,0.0,0.54899801008,0.0,0.0,0.0,0.54899801008
2024-11-05T12:00,3600,0.0,0.57762651692,0.0,0.0,0.0,0.57762651692
2024-11-05T13:00,3600,0.0,0.56047060597,0.0,0.0,0.0,0.56047060597
2024-11-05T14:00,3600,0.0,0.44136416004,0.0,0.0,0.0,0.44136416004
2024-11-05T15:00,3600,0.0,0.20242726608999997,0.0,0.0,0.0,0.20242726608999997
2024-11-05T16:00,3600,0.0,0.09202883851999999,0.0,0.0,0.0,0.09202883851999999
2024-11-05T17:00,3600,0.0,0.07608290169,0.0,0.0,0.0,0.07608290169
2024-11-05T18:00,3600,0.8227510292338496,0.00875893173,0.00875893173,0.8139920975038496,0.0,0.0
2024-11-05T19:00,3600,0.8183604087424491,0.0,0.0,0.8183604087424491,0.0,0.0
2024-11-05T20:00,3600,0.2562975550597558,0.0,0.0,0.2562975550597558,0.0,0.0
2024-11-05T21:00,3600,0.1427756970588235,0.0,0.0,0.1427756970588235,0.0,0.0
2024-11-05T22:00,3600,0.11944846470588237,0.0,0.0,0.11944846470588237,0.0,0.0
2024-11-05T23:00,3600,0.1116727205882353,0.0,0.0,0.1116727205882353,0.0,0.0
2024-11-06T00:00,3600,0.0,0.0,0.0,0.0,0.0,0.0
2024-11-06T01:00,3600,0.0,0.0,0.0,0.0,0.0,0.0
2024-11-06T02:00,3600,0.0,0.0,0.0,0.0,0.0,0.0
2024-11-06T03:00,3600,0.0,0.0,0.0,0.0,0.0,0.0
2024-11-06T04:00,3600,0.0,0.0,0.0,0.0,0.0,0.0
2024-11-06T05:00,3600,0.0,0.0,0.0,0.0,0.0,0.0
2024-11-06T06:00,3600,0.0,0.0,0.0,0.0,0.0,0.0
2024-11-06T07:00,3600,0.0,0.0034116100199999997,0.0,0.0,0.0,0.0034116100199999997
2024-11-06T08:00,3600,0.0,0.15828663918000002,0.0,0.0,0.0,0.15828663918000002
2024-11-06T09:00,3600,0.0,0.36450997141,0.0,0.0,0.0,0.36450997141
2024-11-06T10:00,3600,0.0,0.5373247501199999,0.0,0.0,0.0,0.5373247501199999
2024-11-06T11:00,3600,0.0,0.63243248952,0.0,0.0,0.0,0.63243248952
2024-11-06T12:00,3600,0.0,0.6650217886900001,0.0,0.0,0.0,0.6650217886900001
2024-11-06T13:00,3600,0.0,0.62192047296,0.0,0.0,0.0,0.62192047296
2024-11-06T14:00,3600,0.0,0.55766076845,0.0,0.0,0.0,0.55766076845
2024-11-06T15:00,3600,0.0,0.43738005641000005,0.0,0.0,0.0,0.43738005641000005
2024-11-06T16:00,3600,0.0,0.27208052427,0.0,0.0,0.0,0.27208052427
2024-11-06T17:00,3600,0.0,0.11259100667,0.0,0.0,0.0,0.11259100667
2024-11-06T18:00,3600,0.815294117647059,0.00799144111,0.00799144111,0.8073026765370589,0.0,0.0
2024-11-06T19:00,3600,0.815294117647059,0.0,0.0,0.815294117647059,0.0,0.0
2024-11-06T20:00,3600,0.4537629368052386,0.0,0.0,0.4537629368052386,0.0,0.0
2024-11-06T21:00,3600,0.13499995294117645,0.0,0.0,0.13499995294117645,0.0,0.0
2024-11-06T22:00,3600,0.10389697647058822,0.0,0.0,0.10389697647058822,0.0,0.0
2024-11-06T23:00,3600,0.08316165882352938,0.0,0.0,0.08316165882352938,0.0,0.0
2024-11-07T00:00,3600,0.0,0.0,0.0,0.0,0.0,0.0
2024-11-07T01:00,3600,0.0,0.0,0.0,0.0,0.0,0.0
2024-11-07T02:00,3600,0.0,0.0,0.0,0.0,0.0,0.0
2024-11-07T03:00,3600,0.0,0.0,0.0,0.0,0.0,0.0
2024-11-07T04:00,3600,0.0,0.0,0.0,0.0,0.0,0.0
2024-11-07T05:00,3600,0.0,0.0,0.0,0.0,0.0,0.0
2024-11-07T06:00,3600,0.0,0.0,0.0,0.0,0.0,0.0
2024-11-07T07:00,3600,0.0,0.00353194711,0.0,0.0,0.0,0.00353194711
2024-11-07T08:00,3600,0.0,0.20725922915999997,0.0,0.0,0.0,0.20725922915999997
2024-11-07T09:00,3600,0.0,0.40711558066,0.0,0.0,0.0,0.40711558066
2024-11-07T10:00,3600,0.0,0.56709000859,0.0,0.0,0.0,0.56709000859
2024-11-07T11:00,3600,0.0,0.66015736176,0.0,0.0,0.0,0.66015736176
2024-11-07T12:00,3600,0.0,0.6923328739,0.0,0.0,0.0,0.6923328739
2024-11-07T13:00,3600,0.0,0.66246467149,0.0,0.0,0.0,0.66246467149
2024-11-07T14:00,3600,0.0,0.5825186618799999,0.0,0.0,0.0,0.5825186618799999
2024-11-07T15:00,3600,0.0,0.45352304037,0.0,0.0,0.0,0.45352304037
2024-11-07T16:00,3600,0.0,0.29129471967000004,0.0,0.0,0.0,0.29129471967000004
2024-11-07T17:00,3600,0.0,0.11773971117,0.0,0.0,0.0,0.11773971117
2024-11-07T18:00,3600,0.815294117647059,0.00894418847,0.00894418847,0.8063499291770589,0.0,0.0
2024-11-07T19:00,3600,0.7150536020268897,0.0,0.0,0.7150536020268897,0.0,0.0
2024-11-07T20:00,3600,0.04687485294117648,0.0,0.0,0.04687485294117648,0.0,0.0
2024-11-07T21:00,3600,0.04946676764705887,0.0,0.0,0.04946676764705887,0.0,0.0
2024-11-07T22:00,3600,0.02095570588235295,0.0,0.0,0.02095570588235295,0.0,0.0
2024-11-07T23:00,3600,0.010588047058823569,0.0,0.0,0.010588047058823569,0.0,0.0
2024-11-08T00:00,3600,0.0,0.0,0.0,0.0,0.0,0.0
2024-11-08T01:00,3600,0.0,0.0,0.0,0.0,0.0,0.0
2024-11-08T02:00,3600,0.0,0.0,0.0,0.0,0.0,0.0
2024-11-08T03:00,3600,0.0,0.0,0.0,0.0,0.0,0.0
2024-11-08T04:00,3600,0.0,0.0,0.0,0.0,0.0,0.0
2024-11-08T05:00,3600,0.0,0.0,0.0,0.0,0.0,0.0
2024-11-08T06:00,3600,0.0,0.0,0.0,0.0,0.0,0.0
2024-11-08T07:00,3600,0.0,0.00366319402,0.0,0.0,0.0,0.00366319402
2024-11-08T08:00,3600,0.0,0.21528393068999999,0.0,0.0,0.0,0.21528393068999999
2024-11-08T09:00,3600,0.0,0.42686539596,0.0,0.0,0.0,0.42686539596
2024-11-08T10:00,3600,0.0,0.5740884875100001,0.0,0.0,0.0,0.5740884875100001
2024-11-08T11:00,3600,0.0,0.66457885636,0.0,0.0,0.0,0.66457885636
2024-11-08T12:00,3600,0.0,0.69327667508,0.0,0.0,0.0,0.69327667508
2024-11-08T13:00,3600,0.0,0.66000166103,0.0,0.0,0.0,0.66000166103
2024-11-08T14:00,3600,0.0,0.5790970343,0.0,0.0,0.0,0.5790970343
2024-11-08T15:00,3600,0.0,0.45073987590000003,0.0,0.0,0.0,0.45073987590000003
2024-11-08T16:00,3600,0.0,0.28818973015,0.0,0.0,0.0,0.28818973015
2024-11-08T17:00,3600,0.0,0.11477435537,0.0,0.0,0.0,0.11477435537
2024-11-08T18:00,3600,0.815294117647059,0.00808977454,0.00808977454,0.8072043431070589,0.0,0.0
2024-11-08T19:00,3600,0.3763313122632229,0.0,0.0,0.3763313122632229,0.0,0.0
2024-11-08T20:00,3600,0.07797782941176469,0.0,0.0,0.07797782941176469,0.0,0.0
2024-11-08T21:00,3600,0.09352931764705884,0.0,0.0,0.09352931764705884,0.0,0.0
2024-11-08T22:00,3600,0.09352931764705884,0.0,0.0,0.09352931764705884,0.0,0.0
2024-11-08T23:00,3600,0.10130506176470594,0.0,0.0,0.10130506176470594,0.0,0.0
2024-11-09T00:00,3600,0.0,0.0,0.0,0.0,0.0,0.0
2024-11-09T01:00,3600,0.0,0.0,0.0,0.0,0.0,0.0
2024-11-09T02:00,3600,0.0,0.0,0.0,0.0,0.0,0.0
2024-11-09T03:00,3600,0.0,0.0,0.0,0.0,0.0,0.0
2024-11-09T04:00,3600,0.0,0.0,0.0,0.0,0.0,0.0
2024-11-09T05:00,3600,0.0,0.0,0.0,0.0,0.0,0.0
2024-11-09T06:00,3600,0.0,0.0,0.0,0.0,0.0,0.0
2024-11-09T07:00,3600,0.0,0.0,0.0,0.0,0.0,0.0
2024-11-09T08:00,3600,0.0,0.15059837272999999,0.0,0.0,0.0,0.15059837272999999
2024-11-09T09:00,3600,0.0,0.33522681706999996,0.0,0.0,0.0,0.33522681706999996
2024-11-09T10:00,3600,0.0,0.47242210648999994,0.0,0.0,0.0,0.47242210648999994
2024-11-09T11:00,3600,0.0,0.51209868386,0.0,0.0,0.0,0.51209868386
2024-11-09T12:00,3600,0.0,0.54224139513,0.0,0.0,0.0,0.54224139513
2024-11-09T13:00,3600,0.0,0.44815322096,0.0,0.0,0.0,0.44815322096
2024-11-09T14:00,3600,0.0,0.4520157539,0.0,0.0,0.0,0.4520157539
2024-11-09T15:00,3600,0.0,0.2585559731,0.0,0.0,0.0,0.2585559731
2024-11-09T16:00,3600,0.0,0.22192199063,0.0,0.0,0.0,0.22192199063
2024-11-09T17:00,3600,0.0,0.06540513051,0.0,0.0,0.0,0.06540513051
2024-11-09T18:00,3600,0.0,0.0062832878000000005,0.0,0.0,0.0,0.0062832878000000005
2024-11-09T19:00,3600,0.0,0.0,0.0,0.0,0.0,0.0
2024-11-09T20:00,3600,0.0,0.0,0.0,0.0,0.0,0.0
2024-11-09T21:00,3600,0.0,0.0,0.0,0.0,0.0,0.0
2024-11-09T22:00,3600,0.0,0.0,0.0,0.0,0.0,0.0
2024-11-09T23:00,3600,0.0,0.0,0.0,0.0,0.0,0.0
2024-11-10T00:00,3600,0.0,0.0,0.0,0.0,0.0,0.0
2024-11-10T01:00,3600,0.0,0.0,0.0,0.0,0.0,0.0
2024-11-10T02:00,3600,0.0,0.0,0.0,0.0,0.0,0.0
2024-11-10T03:00,3600,0.0,0.0,0.0,0.0,0.0,0.0
2024-11-10T04:00,3600,0.0,0.0,0.0,0.0,0.0,0.0
2024-11-10T05:00,3600,0.0,0.0,0.0,0.0,0.0,0.0
2024-11-10T06:00,3600,0.0,0.0,0.0,0.0,0.0,0.0
2024-11-10T07:00,3600,0.0,0.0,0.0,0.0,0.0,0.0
2024-11-10T08:00,3600,0.0,0.03011385862,0.0,0.0,0.0,0.03011385862
2024-11-10T09:00,3600,0.0,0.08943985834,0.0,0.0,0.0,0.08943985834
2024-11-10T10:00,3600,0.0,0.15042835862,0.0,0.0,0.0,0.15042835862
2024-11-10T11:00,3600,0.0,0.30826313905,0.0,0.0,0.0,0.30826313905
2024-11-10T12:00,3600,0.0,0.30179380665000005,0.0,0.0,0.0,0.30179380665000005
2024-11-10T13:00,3600,0.0,0.2644829871,0.0,0.0,0.0,0.2644829871
2024-11-10T14:00,3600,0.0,0.26135023635,0.0,0.0,0.0,0.26135023635
2024-11-10T15:00,3600,0.0,0.07439278989,0.0,0.0,0.0,0.07439278989
2024-11-10T16:00,3600,0.0,0.06499207683000001,0.0,0.0,0.0,0.06499207683000001
2024-11-10T17:00,3600,0.0,0.0246942417,0.0,0.0,0.0,0.0246942417
2024-11-10T18:00,3600,0.0,0.0022326692700000003,0.0,0.0,0.0,0.0022326692700000003
2024-11-10T19:00,3600,0.0,0.0,0.0,0.0,0.0,0.0
2024-11-10T20:00,3600,0.0,0.0,0.0,0.0,0.0,0.0
2024-11-10T21:00,3600,0.0,0.0,0.0,0.0,0.0,0.0
2024-11-10T22:00,3600,0.0,0.0,0.0,0.0,0.0,0.0
2024-11-10T23:00,3600,0.0,0.0,0.0,0.0,0.0,0.0
2024-11-11T00:00,3600,0.0,0.0,0.0,0.0,0.0,0.0
2024-11-11T01:00,3600,0.0,0.0,0.0,0.0,0.0,0.0
2024-11-11T02:00,3600,0.0,0.0,0.0,0.0,0.0,0.0
2024-11-11T03:00,3600,0.0,0.0,0.0,0.0,0.0,0.0
2024-11-11T04:00,3600,0.0,0.0,0.0,0.0,0.0,0.0
2024-11-11T05:00,3600,0.0,0.0,0.0,0.0,0.0,0.0
2024-11-11T06:00,3600,0.0,0.0,0.0,0.0,0.0,0.0
2024-11-11T07:00,3600,0.0,0.0,0.0,0.0,0.0,0.0
2024-11-11T08:00,3600,0.0,0.0574356864,0.0,0.0,0.0,0.0574356864
2024-11-11T09:00,3600,0.0,0.15405313792,0.0,0.0,0.0,0.15405313792
2024-11-11T10:00,3600,0.0,0.32202534034999997,0.0,0.0,0.0,0.32202534034999997
2024-11-11T11:00,3600,0.0,0.53907706812,0.0,0.0,0.0,0.53907706812
2024-11-11T12:00,3600,0.0,0.6353111917600001,0.0,0.0,0.0,0.6353111917600001
2024-11-11T13:00,3600,0.0,0.61339800563,0.0,0.0,0.0,0.61339800563
2024-11-11T14:00,3600,0.0,0.54054242818,0.0,0.0,0.0,0.54054242818
2024-11-11T15:00,3600,0.0,0.37557949806999996,0.0,0.0,0.0,0.37557949806999996
2024-11-11T16:00,3600,0.0,0.20257511545,0.0,0.0,0.0,0.20257511545
2024-11-11T17:00,3600,0.0,0.07580637924,0.0,0.0,0.0,0.07580637924
2024-11-11T18:00,3600,0.956996210663252,0.00623013521,0.00623013521,0.950766075453252,0.0,0.0
2024-11-11T19:00,3600,0.9589157366016637,0.0,0.0,0.9589157366016637,0.0,0.0
2024-11-11T20:00,3600,0.9526912483128905,0.0,0.0,0.9526912483128905,0.0,0.0
2024-11-11T21:00,3600,0.9485344780398244,0.0,0.0,0.9485344780398244,0.0,0.0
2024-11-11T22:00,3600,0.7078973853511841,0.0,0.0,0.7078973853511841,0.0,0.0
2024-11-11T23:00,3600,0.25125769628203726,0.0,0.0,0.25125769628203726,0.0,0.0
2024-11-12T00:00,3600,0.0,0.0,0.0,0.0,0.0,0.0
2024-11-12T01:00,3600,0.0,0.0,0.0,0.0,0.0,0.0
2024-11-12T02:00,3600,0.0,0.0,0.0,0.0,0.0,0.0
2024-11-12T03:00,3600,0.0,0.0,0.0,0.0,0.0,0.0
2024-11-12T04:00,3600,0.0,0.0,0.0,0.0,0.0,0.0
2024-11-12T05:00,3600,0.0,0.0,0.0,0.0,0.0,0.0
2024-11-12T06:00,3600,0.0,0.0,0.0,0.0,0.0,0.0
2024-11-12T07:00,3600,0.0,0.0,0.0,0.0,0.0,0.0
2024-11-12T08:00,3600,0.0,0.17322929184000002,0.0,0.0,0.0,0.17322929184000002
2024-11-12T09:00,3600,0.0,0.38112845734,0.0,0.0,0.0,0.38112845734
2024-11-12T10:00,3600,0.0,0.52533192683,0.0,0.0,0.0,0.52533192683
2024-11-12T11:00,3600,0.0,0.6141416124999999,0.0,0.0,0.0,0.6141416124999999
2024-11-12T12:00,3600,0.0,0.64274928832,0.0,0.0,0.0,0.64274928832
2024-11-12T13:00,3600,0.0,0.61195631644,0.0,0.0,0.0,0.61195631644
2024-11-12T14:00,3600,0.0,0.53659117273,0.0,0.0,0.0,0.53659117273
2024-11-12T15:00,3600,0.0,0.42011448507,0.0,0.0,0.0,0.42011448507
2024-11-12T16:00,3600,0.0,0.26454974895,0.0,0.0,0.0,0.26454974895
2024-11-12T17:00,3600,0.0,0.10538704342,0.0,0.0,0.0,0.10538704342
2024-11-12T18:00,3600,0.9644358189849332,0.00789185595,0.00789185595,0.9565439630349333,0.0,0.0
2024-11-12T19:00,3600,0.9574170286700686,0.0,0.0,0.9574170286700686,0.0,0.0
2024-11-12T20:00,3600,0.9540790856076191,0.0,0.0,0.9540790856076191,0.0,0.0
2024-11-12T21:00,3600,0.4138796115803349,0.0,0.0,0.4138796115803349,0.0,0.0
2024-11-12T22:00,3600,0.25546341596855004,0.0,0.0,0.25546341596855004,0.0,0.0
2024-11-12T23:00,3600,0.23201150858491712,0.0,0.0,0.23201150858491712,0.0,0.0
2024-11-13T00:00,3600,0.0,0.0,0.0,0.0,0.0,0.0
2024-11-13T01:00,3600,0.0,0.0,0.0,0.0,0.0,0.0
2024-11-13T02:00,3600,0.0,0.0,0.0,0.0,0.0,0.0
2024-11-13T03:00,3600,0.0,0.0,0.0,0.0,0.0,0.0
2024-11-13T04:00,3600,0.0,0.0,0.0,0.0,0.0,0.0
2024-11-13T05:00,3600,0.0,0.0,0.0,0.0,0.0,0.0
2024-11-13T06:00,3600,0.0,0.0,0.0,0.0,0.0,0.0
2024-11-13T07:00,3600,0.0,0.0,0.0,0.0,0.0,0.0
2024-11-13T08:00,3600,0.0,0.14949607312000002,0.0,0.0,0.0,0.14949607312000002
2024-11-13T09:00,3600,0.0,0.34352441981,0.0,0.0,0.0,0.34352441981
2024-11-13T10:00,3600,0.0,0.43642989102,0.0,0.0,0.0,0.43642989102
2024-11-13T11:00,3600,0.0,0.49505898406,0.0,0.0,0.0,0.49505898406
2024-11-13T12:00,3600,0.0,0.5051305463,0.0,0.0,0.0,0.5051305463
2024-11-13T13:00,3600,0.0,0.39743031162000003,0.0,0.0,0.0,0.39743031162000003
2024-11-13T14:00,3600,0.0,0.30399921036,0.0,0.0,0.0,0.30399921036
2024-11-13T15:00,3600,0.0,0.23533172524,0.0,0.0,0.0,0.23533172524
2024-11-13T16:00,3600,0.0,0.14594879247,0.0,0.0,0.0,0.14594879247
2024-11-13T17:00,3600,0.0,0.07663541536,0.0,0.0,0.0,0.07663541536
2024-11-13T18:00,3600,0.9706543224586855,0.00459645068,0.00459645068,0.9660578717786855,0.0,0.0
2024-11-13T19:00,3600,0.975427351623536,0.0,0.0,0.975427351623536,0.0,0.0
2024-11-13T20:00,3600,0.3498288022555834,0.0,0.0,0.3498288022555834,0.0,0.0
2024-11-13T21:00,3600,0.3479545431188656,0.0,0.0,0.3479545431188656,0.0,0.0
2024-11-13T22:00,3600,0.33827871880458266,0.0,0.0,0.33827871880458266,0.0,0.0
2024-11-13T23:00,3600,0.3286881889666062,0.0,0.0,0.3286881889666062,0.0,0.0
2024-11-14T00:00,3600,0.0,0.0,0.0,0.0,0.0,0.0
2024-11-14T01:00,3600,0.0,0.0,0.0,0.0,0.0,0.0
2024-11-14T02:00,3600,0.0,0.0,0.0,0.0,0.0,0.0
2024-11-14T03:00,3600,0.0,0.0,0.0,0.0,0.0,0.0
2024-11-14T04:00,3600,0.0,0.0,0.0,0.0,0.0,0.0
2024-11-14T05:00,3600,0.0,0.0,0.0,0.0,0.0,0.0
2024-11-14T06:00,3600,0.0,0.0,0.0,0.0,0.0,0.0
2024-11-14T07:00,3600,0.0,0.0,0.0,0.0,0.0,0.0
2024-11-14T08:00,3600,0.0,0.02657193449,0.0,0.0,0.0,0.02657193449
2024-11-14T09:00,3600,0.0,0.06715892084,0.0,0.0,0.0,0.06715892084
2024-11-14T10:00,3600,0.0,0.15270319047,0.0,0.0,0.0,0.15270319047
2024-11-14T11:00,3600,0.0,0.14384139626999998,0.0,0.0,0.0,0.14384139626999998
2024-11-14T12:00,3600,0.0,0.30495761429,0.0,0.0,0.0,0.30495761429
2024-11-14T13:00,3600,0.0,0.32116657654,0.0,0.0,0.0,0.32116657654
2024-11-14T14:00,3600,0.0,0.26523008854,0.0,0.0,0.0,0.26523008854
2024-11-14T15:00,3600,0.0,0.10363422818,0.0,0.0,0.0,0.10363422818
2024-11-14T16:00,3600,0.0,0.06182743979,0.0,0.0,0.0,0.06182743979
2024-11-14T17:00,3600,0.0,0.02874656099,0.0,0.0,0.0,0.02874656099
2024-11-14T18:00,3600,1.0561684467225423,0.0,0.0,1.0561684467225423,0.0,0.0
2024-11-14T19:00,3600,0.8136328884688104,0.0,0.0,0.8136328884688104,0.0,0.0
2024-11-14T20:00,3600,0.4065547475941463,0.0,0.0,0.4065547475941463,0.0,0.0
2024-11-14T21:00,3600,0.39930047929972545,0.0,0.0,0.39930047929972545,0.0,0.0
2024-11-14T22:00,3600,0.3946203454027377,0.0,0.0,0.3946203454027377,0.0,0.0
2024-11-14T23:00,3600,0.38920871773096644,0.0,0.0,0.38920871773096644,0.0,0.0
2024-11-15T00:00,3600,0.0,0.0,0.0,0.0,0.0,0.0
2024-11-15T01:00,3600,0.0,0.0,0.0,0.0,0.0,0.0
2024-11-15T02:00,3600,0.0,0.0,0.0,0.0,0.0,0.0
2024-11-15T03:00,3600,0.0,0.0,0.0,0.0,0.0,0.0
2024-11-15T04:00,3600,0.0,0.0,0.0,0.0,0.0,0.0
2024-11-15T05:00,3600,0.0,0.0,0.0,0.0,0.0,0.0
2024-11-15T06:00,3600,0.0,0.0,0.0,0.0,0.0,0.0
2024-11-15T07:00,3600,0.0,0.0,0.0,0.0,0.0,0.0
2024-11-15T08:00,3600,0.0,0.0006121313900000001,0.0,0.0,0.0,0.0006121313900000001
2024-11-15T09:00,3600,0.0,0.02084983476,0.0,0.0,0.0,0.02084983476
2024-11-15T10:00,3600,0.0,0.03368165972,0.0,0.0,0.0,0.03368165972
2024-11-15T11:00,3600,0.0,0.07538617295000001,0.0,0.0,0.0,0.07538617295000001
2024-11-15T12:00,3600,0.0,0.08027169816999999,0.0,0.0,0.0,0.08027169816999999
2024-11-15T13:00,3600,0.0,0.0509051026,0.0,0.0,0.0,0.0509051026
2024-11-15T14:00,3600,0.0,0.05089597622,0.0,0.0,0.0,0.05089597622
2024-11-15T15:00,3600,0.0,0.06905946895,0.0,0.0,0.0,0.06905946895
2024-11-15T16:00,3600,0.0,0.05246775502,0.0,0.0,0.0,0.05246775502
2024-11-15T17:00,3600,0.0,0.028491808379999997,0.0,0.0,0.0,0.028491808379999997
2024-11-15T18:00,3600,0.4668172801192986,0.0006136414999999999,0.0006136414999999999,0.46620363861929864,0.0,0.0
2024-11-15T19:00,3600,0.4127341172825261,0.0,0.0,0.4127341172825261,0.0,0.0
2024-11-15T20:00,3600,0.4182634065188393,0.0,0.0,0.4182634065188393,0.0,0.0
2024-11-15T21:00,3600,0.4116926928611148,0.0,0.0,0.4116926928611148,0.0,0.0
2024-11-15T22:00,3600,0.3802191914784117,0.0,0.0,0.3802191914784117,0.0,0.0
2024-11-15T23:00,3600,0.3865942626063587,0.0,0.0,0.3865942626063587,0.0,0.0
2024-11-16T00:00,3600,0.0,0.0,0.0,0.0,0.0,0.0
2024-11-16T01:00,3600,0.0,0.0,0.0,0.0,0.0,0.0
2024-11-16T02:00,3600,0.0,0.0,0.0,0.0,0.0,0.0
2024-11-16T03:00,3600,0.0,0.0,0.0,0.0,0.0,0.0
2024-11-16T04:00,3600,0.0,0.0,0.0,0.0,0.0,0.0
2024-11-16T05:00,3600,0.0,0.0,0.0,0.0,0.0,0.0
2024-11-16T06:00,3600,0.0,0.0,0.0,0.0,0.0,0.0
2024-11-16T07:00,3600,0.0,0.0,0.0,0.0,0.0,0.0
2024-11-16T08:00,3600,0.0,0.0410501075,0.0,0.0,0.0,0.0410501075
2024-11-16T09:00,3600,0.0,0.09174385296,0.0,0.0,0.0,0.09174385296
2024-11-16T10:00,3600,0.0,0.14807771171999998,0.0,0.0,0.0,0.14807771171999998
2024-11-16T11:00,3600,0.0,0.14229900018,0.0,0.0,0.0,0.14229900018
2024-11-16T12:00,3600,0.0,0.22339989368,0.0,0.0,0.0,0.22339989368
2024-11-16T13:00,3600,0.0,0.24577780813999997,0.0,0.0,0.0,0.24577780813999997
2024-11-16T14:00,3600,0.0,0.20805762732,0.0,0.0,0.0,0.20805762732
2024-11-16T15:00,3600,0.0,0.17660088293,0.0,0.0,0.0,0.17660088293
2024-11-16T16:00,3600,0.0,0.16034995864,0.0,0.0,0.0,0.16034995864
2024-11-16T17:00,3600,0.0,0.06371165215,0.0,0.0,0.0,0.06371165215
2024-11-16T18:00,3600,0.0,0.00628299241,0.0,0.0,0.0,0.00628299241
2024-11-16T19:00,3600,0.0,0.0,0.0,0.0,0.0,0.0
2024-11-16T20:00,3600,0.0,0.0,0.0,0.0,0.0,0.0
2024-11-16T21:00,3600,0.0,0.0,0.0,0.0,0.0,0.0
2024-11-16T22:00,3600,0.0,0.0,0.0,0.0,0.0,0.0
2024-11-16T23:00,3600,0.0,0.0,0.0,0.0,0.0,0.0
2024-11-17T00:00,3600,0.0,0.0,0.0,0.0,0.0,0.0
2024-11-17T01:00,3600,0.0,0.0,0.0,0.0,0.0,0.0
2024-11-17T02:00,3600,0.0,0.0,0.0,0.0,0.0,0.0
2024-11-17T03:00,3600,0.0,0.0,0.0,0.0,0.0,0.0
2024-11-17T04:00,3600,0.0,0.0,0.0,0.0,0.0,0.0
2024-11-17T05:00,3600,0.0,0.0,0.0,0.0,0.0,0.0
2024-11-17T06:00,3600,0.0,0.0,0.0,0.0,0.0,0.0
2024-11-17T07:00,3600,0.0,0.0,0.0,0.0,0.0,0.0
2024-11-17T08:00,3600,0.0,0.09571735667999999,0.0,0.0,0.0,0.09571735667999999
2024-11-17T09:00,3600,0.0,0.24822359052999998,0.0,0.0,0.0,0.24822359052999998
2024-11-17T10:00,3600,0.0,0.44229234677999996,0.0,0.0,0.0,0.44229234677999996
2024-11-17T11:00,3600,0.0,0.49102267723,0.0,0.0,0.0,0.49102267723
2024-11-17T12:00,3600,0.0,0.46708853069000006,0.0,0.0,0.0,0.46708853069000006
2024-11-17T13:00,3600,0.0,0.36976293188000003,0.0,0.0,0.0,0.36976293188000003
2024-11-17T14:00,3600,0.0,0.21652262303,0.0,0.0,0.0,0.21652262303
2024-11-17T15:00,3600,0.0,0.20926677147,0.0,0.0,0.0,0.20926677147
2024-11-17T16:00,3600,0.0,0.15366440137999998,0.0,0.0,0.0,0.15366440137999998
2024-11-17T17:00,3600,0.0,0.08413669445,0.0,0.0,0.0,0.08413669445
2024-11-17T18:00,3600,0.0,0.00463598734,0.0,0.0,0.0,0.00463598734
2024-11-17T19:00,3600,0.0,0.0,0.0,0.0,0.0,0.0
2024-11-17T20:00,3600,0.0,0.0,0.0,0.0,0.0,0.0
2024-11-17T21:00,3600,0.0,0.0,0.0,0.0,0.0,0.0
2024-11-17T22:00,3600,0.0,0.0,0.0,0.0,0.0,0.0
2024-11-17T23:00,3600,0.0,0.0,0.0,0.0,0.0,0.0
2024-11-18T00:00,3600,0.0,0.0,0.0,0.0,0.0,0.0
2024-11-18T01:00,3600,0.0,0.0,0.0,0.0,0.0,0.0
2024-11-18T02:00,3600,0.0,0.0,0.0,0.0,0.0,0.0
2024-11-18T03:00,3600,0.0,0.0,0.0,0.0,0.0,0.0
2024-11-18T04:00,3600,0.0,0.0,0.0,0.0,0.0,0.0
2024-11-18T05:00,3600,0.0,0.0,0.0,0.0,0.0,0.0
2024-11-18T06:00,3600,0.0,0.0,0.0,0.0,0.0,0.0
2024-11-18T07:00,3600,0.0,0.0,0.0,0.0,0.0,0.0
2024-11-18T08:00,3600,0.0,0.1149371692,0.0,0.0,0.0,0.1149371692
2024-11-18T09:00,3600,0.0,0.26203507746999993,0.0,0.0,0.0,0.26203507746999993
2024-11-18T10:00,3600,0.0,0.4770851657,0.0,0.0,0.0,0.4770851657
2024-11-18T11:00,3600,0.0,0.56811054616,0.0,0.0,0.0,0.56811054616
2024-11-18T12:00,3600,0.0,0.64718633545,0.0,0.0,0.0,0.64718633545
2024-11-18T13:00,3600,0.0,0.61378972786,0.0,0.0,0.0,0.61378972786
2024-11-18T14:00,3600,0.0,0.47762288146,0.0,0.0,0.0,0.47762288146
2024-11-18T15:00,3600,0.0,0.21283043285,0.0,0.0,0.0,0.21283043285
2024-11-18T16:00,3600,0.0,0.08913871354,0.0,0.0,0.0,0.08913871354
2024-11-18T17:00,3600,0.0,0.03834150624,0.0,0.0,0.0,0.03834150624
2024-11-18T18:00,3600,0.8335913933266776,0.0014526331400000001,0.0014526331400000001,0.8321387601866777,0.0,0.0
2024-11-18T19:00,3600,0.8334803014298576,0.0,0.0,0.8334803014298576,0.0,0.0
2024-11-18T20:00,3600,0.8287962611722117,0.0,0.0,0.8287962611722117,0.0,0.0
2024-11-18T21:00,3600,0.6743752191358817,0.0,0.0,0.6743752191358817,0.0,0.0
2024-11-18T22:00,3600,0.05724251176470586,0.0,0.0,0.05724251176470586,0.0,0.0
2024-11-18T23:00,3600,0.04428293823529409,0.0,0.0,0.04428293823529409,0.0,0.0
2024-11-19T00:00,3600,0.0,0.0,0.0,0.0,0.0,0.0
2024-11-19T01:00,3600,0.0,0.0,0.0,0.0,0.0,0.0
2024-11-19T02:00,3600,0.0,0.0,0.0,0.0,0.0,0.0
2024-11-19T03:00,3600,0.0,0.0,0.0,0.0,0.0,0.0
2024-11-19T04:00,3600,0.0,0.0,0.0,0.0,0.0,0.0
2024-11-19T05:00,3600,0.0,0.0,0.0,0.0,0.0,0.0
2024-11-19T06:00,3600,0.0,0.0,0.0,0.0,0.0,0.0
2024-11-19T07:00,3600,0.0,0.0,0.0,0.0,0.0,0.0
2024-11-19T08:00,3600,0.0,0.01187786278,0.0,0.0,0.0,0.01187786278
2024-11-19T09:00,3600,0.0,0.037947885290000004,0.0,0.0,0.0,0.037947885290000004
2024-11-19T10:00,3600,0.0,0.05647420789,0.0,0.0,0.0,0.05647420789
2024-11-19T11:00,3600,0.0,0.0520103002,0.0,0.0,0.0,0.0520103002
2024-11-19T12:00,3600,0.0,0.07208732983999999,0.0,0.0,0.0,0.07208732983999999
2024-11-19T13:00,3600,0.0,0.05001568336,0.0,0.0,0.0,0.05001568336
2024-11-19T14:00,3600,0.0,0.05244556525,0.0,0.0,0.0,0.05244556525
2024-11-19T15:00,3600,0.0,0.05919625034,0.0,0.0,0.0,0.05919625034
2024-11-19T16:00,3600,0.0,0.0221356147,0.0,0.0,0.0,0.0221356147
2024-11-19T17:00,3600,0.0,0.008958171249999999,0.0,0.0,0.0,0.008958171249999999
2024-11-19T18:00,3600,0.0,0.0,0.0,0.0,0.0,0.0
2024-11-19T19:00,3600,0.0,0.0,0.0,0.0,0.0,0.0
2024-11-19T20:00,3600,0.0,0.0,0.0,0.0,0.0,0.0
2024-11-19T21:00,3600,0.0,0.0,0.0,0.0,0.0,0.0
2024-11-19T22:00,3600,0.0,0.0,0.0,0.0,0.0,0.0
2024-11-19T23:00,3600,0.0,0.0,0.0,0.0,0.0,0.0
2024-11-20T00:00,3600,0.0,0.0,0.0,0.0,0.0,0.0
2024-11-20T01:00,3600,0.0,0.0,0.0,0.0,0.0,0.0
2024-11-20T02:00,3600,0.0,0.0,0.0,0.0,0.0,0.0
2024-11-20T03:00,3600,0.0,0.0,0.0,0.0,0.0,0.0
2024-11-20T04:00,3600,0.0,0.0,0.0,0.0,0.0,0.0
2024-11-20T05:00,3600,0.0,0.0,0.0,0.0,0.0,0.0
2024-11-20T06:00,3600,0.0,0.0,0.0,0.0,0.0,0.0
2024-11-20T07:00,3600,0.0,0.0,0.0,0.0,0.0,0.0
2024-11-20T08:00,3600,0.0,0.00324498383,0.0,0.0,0.0,0.00324498383
2024-11-20T09:00,3600,0.0,0.01073544056,0.0,0.0,0.0,0.01073544056
2024-11-20T10:00,3600,0.0,0.03624617078,0.0,0.0,0.0,0.03624617078
2024-11-20T11:00,3600,0.0,0.035012644770000004,0.0,0.0,0.0,0.035012644770000004
2024-11-20T12:00,3600,0.0,0.040340079150000006,0.0,0.0,0.0,0.040340079150000006
2024-11-20T13:00,3600,0.0,0.0427065762,0.0,0.0,0.0,0.0427065762
2024-11-20T14:00,3600,0.0,0.039472269580000004,0.0,0.0,0.0,0.039472269580000004
2024-11-20T15:00,3600,0.0,0.019720176149999998,0.0,0.0,0.0,0.019720176149999998
2024-11-20T16:00,3600,0.0,0.024689368280000002,0.0,0.0,0.0,0.024689368280000002
2024-11-20T17:00,3600,0.0,0.01811692511,0.0,0.0,0.0,0.01811692511
2024-11-20T18:00,3600,0.0,0.0,0.0,0.0,0.0,0.0
2024-11-20T19:00,3600,0.0,0.0,0.0,0.0,0.0,0.0
2024-11-20T20:00,3600,0.0,0.0,0.0,0.0,0.0,0.0
2024-11-20T21:00,3600,0.0,0.0,0.0,0.0,0.0,0.0
2024-11-20T22:00,3600,0.0,0.0,0.0,0.0,0.0,0.0
2024-11-20T23:00,3600,0.0,0.0,0.0,0.0,0.0,0.0
2024-11-21T00:00,3600,0.0,0.0,0.0,0.0,0.0,0.0
2024-11-21T01:00,3600,0.0,0.0,0.0,0.0,0.0,0.0
2024-11-21T02:00,3600,0.0,0.0,0.0,0.0,0.0,0.0
2024-11-21T03:00,3600,0.0,0.0,0.0,0.0,0.0,0.0
2024-11-21T04:00,3600,0.0,0.0,0.0,0.0,0.0,0.0
2024-11-21T05:00,3600,0.0,0.0,0.0,0.0,0.0,0.0
2024-11-21T06:00,3600,0.0,0.0,0.0,0.0,0.0,0.0
2024-11-21T07:00,3600,0.0,0.0,0.0,0.0,0.0,0.0
2024-11-21T08:00,3600,0.0,0.05912613989,0.0,0.0,0.0,0.05912613989
2024-11-21T09:00,3600,0.0,0.20139044187,0.0,0.0,0.0,0.20139044187
2024-11-21T10:00,3600,0.0,0.34390295587999997,0.0,0.0,0.0,0.34390295587999997
2024-11-21T11:00,3600,0.0,0.5985854013399999,0.0,0.0,0.0,0.5985854013399999
2024-11-21T12:00,3600,0.0,0.6398439498799999,0.0,0.0,0.0,0.6398439498799999
2024-11-21T13:00,3600,0.0,0.60649058141,0.0,0.0,0.0,0.60649058141
2024-11-21T14:00,3600,0.0,0.5361848195600001,0.0,0.0,0.0,0.5361848195600001
2024-11-21T15:00,3600,0.0,0.35900807232,0.0,0.0,0.0,0.35900807232
2024-11-21T16:00,3600,0.0,0.23072590590999997,0.0,0.0,0.0,0.23072590590999997
2024-11-21T17:00,3600,0.0,0.09894198125,0.0,0.0,0.0,0.09894198125
2024-11-21T18:00,3600,0.0,0.0056722197400000006,0.0,0.0,0.0,0.0056722197400000006
2024-11-21T19:00,3600,0.0,0.0,0.0,0.0,0.0,0.0
2024-11-21T20:00,3600,0.0,0.0,0.0,0.0,0.0,0.0
2024-11-21T21:00,3600,0.0,0.0,0.0,0.0,0.0,0.0
2024-11-21T22:00,3600,0.0,0.0,0.0,0.0,0.0,0.0
2024-11-21T23:00,3600,0.0,0.0,0.0,0.0,0.0,0.0
2024-11-22T00:00,3600,0.0,0.0,0.0,0.0,0.0,0.0
2024-11-22T01:00,3600,0.0,0.0,0.0,0.0,0.0,0.0
2024-11-22T02:00,3600,0.0,0.0,0.0,0.0,0.0,0.0
2024-11-22T03:00,3600,0.0,0.0,0.0,0.0,0.0,0.0
2024-11-22T04:00,3600,0.0,0.0,0.0,0.0,0.0,0.0
2024-11-22T05:00,3600,0.0,0.0,0.0,0.0,0.0,0.0
2024-11-22T06:00,3600,0.0,0.0,0.0,0.0,0.0,0.0
2024-11-22T07:00,3600,0.0,0.0,0.0,0.0,0.0,0.0
2024-11-22T08:00,3600,0.0,0.08759837363,0.0,0.0,0.0,0.08759837363
2024-11-22T09:00,3600,0.0,0.21403124114,0.0,0.0,0.0,0.21403124114
2024-11-22T10:00,3600,0.0,0.33597634621999994,0.0,0.0,0.0,0.33597634621999994
2024-11-22T11:00,3600,0.0,0.38711244448000004,0.0,0.0,0.0,0.38711244448000004
2024-11-22T12:00,3600,0.0,0.569582358,0.0,0.0,0.0,0.569582358
2024-11-22T13:00,3600,0.0,0.6197191425399999,0.0,0.0,0.0,0.6197191425399999
2024-11-22T14:00,3600,0.0,0.5468988282899999,0.0,0.0,0.0,0.5468988282899999
2024-11-22T15:00,3600,0.0,0.4042658597,0.0,0.0,0.0,0.4042658597
2024-11-22T16:00,3600,0.0,0.26001740337,0.0,0.0,0.0,0.26001740337
2024-11-22T17:00,3600,0.0,0.10545124271,0.0,0.0,0.0,0.10545124271
2024-11-22T18:00,3600,0.0,0.005716283240000001,0.0,0.0,0.0,0.005716283240000001
2024-11-22T19:00,3600,0.0,0.0,0.0,0.0,0.0,0.0
2024-11-22T20:00,3600,0.0,0.0,0.0,0.0,0.0,0.0
2024-11-22T21:00,3600,0.0,0.0,0.0,0.0,0.0,0.0
2024-11-22T22:00,3600,0.0,0.0,0.0,0.0,0.0,0.0
2024-11-22T23:00,3600,0.0,0.0,0.0,0.0,0.0,0.0
2024-11-23T00:00,3600,0.0,0.0,0.0,0.0,0.0,0.0
2024-11-23T01:00,3600,0.0,0.0,0.0,0.0,0.0,0.0
2024-11-23T02:00,3600,0.0,0.0,0.0,0.0,0.0,0.0
2024-11-23T03:00,3600,0.0,0.0,0.0,0.0,0.0,0.0
2024-11-23T04:00,3600,0.0,0.0,0.0,0.0,0.0,0.0
2024-11-23T05:00,3600,0.0,0.0,0.0,0.0,0.0,0.0
2024-11-23T06:00,3600,0.0,0.0,0.0,0.0,0.0,0.0
2024-11-23T07:00,3600,0.0,0.0,0.0,0.0,0.0,0.0
2024-11-23T08:00,3600,0.0,0.022819059580000002,0.0,0.0,0.0,0.022819059580000002
2024-11-23T09:00,3600,0.0,0.13102680965,0.0,0.0,0.0,0.13102680965
2024-11-23T10:00,3600,0.0,0.25290743943000005,0.0,0.0,0.0,0.25290743943000005
2024-11-23T11:00,3600,0.0,0.49518823811,0.0,0.0,0.0,0.49518823811
2024-11-23T12:00,3600,0.0,0.56186196531,0.0,0.0,0.0,0.56186196531
2024-11-23T13:00,3600,0.0,0.54403653316,0.0,0.0,0.0,0.54403653316
2024-11-23T14:00,3600,0.0,0.40998244963,0.0,0.0,0.0,0.40998244963
2024-11-23T15:00,3600,0.0,0.36715118966,0.0,0.0,0.0,0.36715118966
2024-11-23T16:00,3600,0.0,0.2148425712,0.0,0.0,0.0,0.2148425712
2024-11-23T17:00,3600,0.0,0.07841088806,0.0,0.0,0.0,0.07841088806
2024-11-23T18:00,3600,0.0,0.00487622475,0.0,0.0,0.0,0.00487622475
2024-11-23T19:00,3600,0.0,0.0,0.0,0.0,0.0,0.0
2024-11-23T20:00,3600,0.0,0.0,0.0,0.0,0.0,0.0
2024-11-23T21:00,3600,0.0,0.0,0.0,0.0,0.0,0.0
2024-11-23T22:00,3600,0.0,0.0,0.0,0.0,0.0,0.0
2024-11-23T23:00,3600,0.0,0.0,0.0,0.0,0.0,0.0
2024-11-24T00:00,3600,0.0,0.0,0.0,0.0,0.0,0.0
2024-11-24T01:00,3600,0.0,0.0,0.0,0.0,0.0,0.0
2024-11-24T02:00,3600,0.0,0.0,0.0,0.0,0.0,0.0
2024-11-24T03:00,3600,0.0,0.0,0.0,0.0,0.0,0.0
2024-11-24T04:00,3600,0.0,0.0,0.0,0.0,0.0,0.0
2024-11-24T05:00,3600,0.0,0.0,0.0,0.0,0.0,0.0
2024-11-24T06:00,3600,0.0,0.0,0.0,0.0,0.0,0.0
2024-11-24T07:00,3600,0.0,0.0,0.0,0.0,0.0,0.0
2024-11-24T08:00,3600,0.0,0.02390257275,0.0,0.0,0.0,0.02390257275
2024-11-24T09:00,3600,0.0,0.07999734589000002,0.0,0.0,0.0,0.07999734589000002
2024-11-24T10:00,3600,0.0,0.17297001495,0.0,0.0,0.0,0.17297001495
2024-11-24T11:00,3600,0.0,0.19465863503,0.0,0.0,0.0,0.19465863503
2024-11-24T12:00,3600,0.0,0.13278788584,0.0,0.0,0.0,0.13278788584
2024-11-24T13:00,3600,0.0,0.17963519077,0.0,0.0,0.0,0.17963519077
2024-11-24T14:00,3600,0.0,0.21574753891,0.0,0.0,0.0,0.21574753891
2024-11-24T15:00,3600,0.0,0.11501053483,0.0,0.0,0.0,0.11501053483
2024-11-24T16:00,3600,0.0,0.12820308316,0.0,0.0,0.0,0.12820308316
2024-11-24T17:00,3600,0.0,0.04566965424,0.0,0.0,0.0,0.04566965424
2024-11-24T18:00,3600,0.0,0.0,0.0,0.0,0.0,0.0
2024-11-24T19:00,3600,0.0,0.0,0.0,0.0,0.0,0.0
2024-11-24T20:00,3600,0.0,0.0,0.0,0.0,0.0,0.0
2024-11-24T21:00,3600,0.0,0.0,0.0,0.0,0.0,0.0
2024-11-24T22:00,3600,0.0,0.0,0.0,0.0,0.0,0.0
2024-11-24T23:00,3600,0.0,0.0,0.0,0.0,0.0,0.0
2024-11-25T00:00,3600,0.0,0.0,0.0,0.0,0.0,0.0
2024-11-25T01:00,3600,0.0,0.0,0.0,0.0,0.0,0.0
2024-11-25T02:00,3600,0.0,0.0,0.0,0.0,0.0,0.0
2024-11-25T03:00,3600,0.0,0.0,0.0,0.0,0.0,0.0
2024-11-25T04:00,3600,0.0,0.0,0.0,0.0,0.0,0.0
2024-11-25T05:00,3600,0.0,0.0,0.0,0.0,0.0,0.0
2024-11-25T06:00,3600,0.0,0.0,0.0,0.0,0.0,0.0
2024-11-25T07:00,3600,0.0,0.0,0.0,0.0,0.0,0.0
2024-11-25T08:00,3600,0.0,0.12267658968999999,0.0,0.0,0.0,0.12267658968999999
2024-11-25T09:00,3600,0.0,0.21215079366,0.0,0.0,0.0,0.21215079366
2024-11-25T10:00,3600,0.0,0.26044585506,0.0,0.0,0.0,0.26044585506
2024-11-25T11:00,3600,0.0,0.43525670635,0.0,0.0,0.0,0.43525670635
2024-11-25T12:00,3600,0.0,0.46557008416999995,0.0,0.0,0.0,0.46557008416999995
2024-11-25T13:00,3600,0.0,0.43237754667000006,0.0,0.0,0.0,0.43237754667000006
2024-11-25T14:00,3600,0.0,0.28959362306,0.0,0.0,0.0,0.28959362306
2024-11-25T15:00,3600,0.0,0.19936720053,0.0,0.0,0.0,0.19936720053
2024-11-25T16:00,3600,0.0,0.13701214501,0.0,0.0,0.0,0.13701214501
2024-11-25T17:00,3600,0.0,0.06651325218,0.0,0.0,0.0,0.06651325218
2024-11-25T18:00,3600,0.0,0.00233659912,0.0,0.0,0.0,0.00233659912
2024-11-25T19:00,3600,0.0,0.0,0.0,0.0,0.0,0.0
2024-11-25T20:00,3600,0.0,0.0,0.0,0.0,0.0,0.0
2024-11-25T21:00,3600,0.0,0.0,0.0,0.0,0.0,0.0
2024-11-25T22:00,3600,0.0,0.0,0.0,0.0,0.0,0.0
2024-11-25T23:00,3600,0.0,0.0,0.0,0.0,0.0,0.0
2024-11-26T00:00,3600,0.0,0.0,0.0,0.0,0.0,0.0
2024-11-26T01:00,3600,0.0,0.0,0.0,0.0,0.0,0.0
2024-11-26T02:00,3600,0.0,0.0,0.0,0.0,0.0,0.0
2024-11-26T03:00,3600,0.0,0.0,0.0,0.0,0.0,0.0
2024-11-26T04:00,3600,0.0,0.0,0.0,0.0,0.0,0.0
2024-11-26T05:00,3600,0.0,0.0,0.0,0.0,0.0,0.0
2024-11-26T06:00,3600,0.0,0.0,0.0,0.0,0.0,0.0
2024-11-26T07:00,3600,0.0,0.0,0.0,0.0,0.0,0.0
2024-11-26T08:00,3600,0.0,0.09217080412,0.0,0.0,0.0,0.09217080412
2024-11-26T09:00,3600,0.0,0.23151705895000002,0.0,0.0,0.0,0.23151705895000002
2024-11-26T10:00,3600,0.0,0.49257378157,0.0,0.0,0.0,0.49257378157
2024-11-26T11:00,3600,0.0,0.60269760892,0.0,0.0,0.0,0.60269760892
2024-11-26T12:00,3600,0.0,0.66729881513,0.0,0.0,0.0,0.66729881513
2024-11-26T13:00,3600,0.0,0.6058332984999999,0.0,0.0,0.0,0.6058332984999999
2024-11-26T14:00,3600,0.0,0.54722867608,0.0,0.0,0.0,0.54722867608
2024-11-26T15:00,3600,0.0,0.43676569351,0.0,0.0,0.0,0.43676569351
2024-11-26T16:00,3600,0.0,0.27576400123,0.0,0.0,0.0,0.27576400123
2024-11-26T17:00,3600,0.0,0.11328944482999999,0.0,0.0,0.0,0.11328944482999999
2024-11-26T18:00,3600,0.0,0.00655705302,0.0,0.0,0.0,0.00655705302
2024-11-26T19:00,3600,0.0,0.0,0.0,0.0,0.0,0.0
2024-11-26T20:00,3600,0.0,0.0,0.0,0.0,0.0,0.0
2024-11-26T21:00,3600,0.0,0.0,0.0,0.0,0.0,0.0
2024-11-26T22:00,3600,0.0,0.0,0.0,0.0,0.0,0.0
2024-11-26T23:00,3600,0.0,0.0,0.0,0.0,0.0,0.0
2024-11-27T00:00,3600,0.0,0.0,0.0,0.0,0.0,0.0
2024-11-27T01:00,3600,0.0,0.0,0.0,0.0,0.0,0.0
2024-11-27T02:00,3600,0.0,0.0,0.0,0.0,0.0,0.0
2024-11-27T03:00,3600,0.0,0.0,0.0,0.0,0.0,0.0
2024-11-27T04:00,3600,0.0,0.0,0.0,0.0,0.0,0.0
2024-11-27T05:00,3600,0.0,0.0,0.0,0.0,0.0,0.0
2024-11-27T06:00,3600,0.0,0.0,0.0,0.0,0.0,0.0
2024-11-27T07:00,3600,0.0,0.0,0.0,0.0,0.0,0.0
2024-11-27T08:00,3600,0.0,0.13890580116999998,0.0,0.0,0.0,0.13890580116999998
2024-11-27T09:00,3600,0.0,0.24662690611,0.0,0.0,0.0,0.24662690611
2024-11-27T10:00,3600,0.0,0.36226663188999997,0.0,0.0,0.0,0.36226663188999997
2024-11-27T11:00,3600,0.0,0.41821194659000005,0.0,0.0,0.0,0.41821194659000005
2024-11-27T12:00,3600,0.0,0.48717001512,0.0,0.0,0.0,0.48717001512
2024-11-27T13:00,3600,0.0,0.44431050417,0.0,0.0,0.0,0.44431050417
2024-11-27T14:00,3600,0.0,0.5056474516,0.0,0.0,0.0,0.5056474516
2024-11-27T15:00,3600,0.0,0.44119118306,0.0,0.0,0.0,0.44119118306
2024-11-27T16:00,3600,0.0,0.28650394803,0.0,0.0,0.0,0.28650394803
2024-11-27T17:00,3600,0.0,0.11518368753999998,0.0,0.0,0.0,0.11518368753999998
2024-11-27T18:00,3600,0.0,0.00658264095,0.0,0.0,0.0,0.00658264095
2024-11-27T19:00,3600,0.0,0.0,0.0,0.0,0.0,0.0
2024-11-27T20:00,3600,0.0,0.0,0.0,0.0,0.0,0.0
2024-11-27T21:00,3600,0.0,0.0,0.0,0.0,0.0,0.0
2024-11-27T22:00,3600,0.0,0.0,0.0,0.0,0.0,0.0
2024-11-27T23:00,3600,0.0,0.0,0.0,0.0,0.0,0.0
2024-11-28T00:00,3600,0.0,0.0,0.0,0.0,0.0,0.0
2024-11-28T01:00,3600,0.0,0.0,0.0,0.0,0.0,0.0
2024-11-28T02:00,3600,0.0,0.0,0.0,0.0,0.0,0.0
2024-11-28T03:00,3600,0.0,0.0,0.0,0.0,0.0,0.0
2024-11-28T04:00,3600,0.0,0.0,0.0,0.0,0.0,0.0
2024-11-28T05:00,3600,0.0,0.0,0.0,0.0,0.0,0.0
2024-11-28T06:00,3600,0.0,0.0,0.0,0.0,0.0,0.0
2024-11-28T07:00,3600,0.0,0.0,0.0,0.0,0.0,0.0
2024-11-28T08:00,3600,0.0,0.09924520861000001,0.0,0.0,0.0,0.09924520861000001
2024-11-28T09:00,3600,0.0,0.293056728,0.0,0.0,0.0,0.293056728
2024-11-28T10:00,3600,0.0,0.44857413147,0.0,0.0,0.0,0.44857413147
2024-11-28T11:00,3600,0.0,0.54500678485,0.0,0.0,0.0,0.54500678485
2024-11-28T12:00,3600,0.0,0.6365857395000001,0.0,0.0,0.0,0.6365857395000001
2024-11-28T13:00,3600,0.0,0.65149199473,0.0,0.0,0.0,0.65149199473
2024-11-28T14:00,3600,0.0,0.57976378776,0.0,0.0,0.0,0.57976378776
2024-11-28T15:00,3600,0.0,0.4351089659,0.0,0.0,0.0,0.4351089659
2024-11-28T16:00,3600,0.0,0.28353259257,0.0,0.0,0.0,0.28353259257
2024-11-28T17:00,3600,0.0,0.11606961526000001,0.0,0.0,0.0,0.11606961526000001
2024-11-28T18:00,3600,0.0,0.0065862692300000004,0.0,0.0,0.0,0.0065862692300000004
2024-11-28T19:00,3600,0.0,0.0,0.0,0.0,0.0,0.0
2024-11-28T20:00,3600,0.0,0.0,0.0,0.0,0.0,0.0
2024-11-28T21:00,3600,0.0,0.0,0.0,0.0,0.0,0.0
2024-11-28T22:00,3600,0.0,0.0,0.0,0.0,0.0,0.0
2024-11-28T23:00,3600,0.0,0.0,0.0,0.0,0.0,0.0
2024-11-29T00:00,3600,0.0,0.0,0.0,0.0,0.0,0.0
2024-11-29T01:00,3600,0.0,0.0,0.0,0.0,0.0,0.0
2024-11-29T02:00,3600,0.0,0.0,0.0,0.0,0.0,0.0
2024-11-29T03:00,3600,0.0,0.0,0.0,0.0,0.0,0.0
2024-11-29T04:00,3600,0.0,0.0,0.0,0.0,0.0,0.0
2024-11-29T05:00,3600,0.0,0.0,0.0,0.0,0.0,0.0
2024-11-29T06:00,3600,0.0,0.0,0.0,0.0,0.0,0.0
2024-11-29T07:00,3600,0.0,0.0,0.0,0.0,0.0,0.0
2024-11-29T08:00,3600,0.0,0.16471508279,0.0,0.0,0.0,0.16471508279
2024-11-29T09:00,3600,0.0,0.39548183874,0.0,0.0,0.0,0.39548183874
2024-11-29T10:00,3600,0.0,0.55665151049,0.0,0.0,0.0,0.55665151049
2024-11-29T11:00,3600,0.0,0.6578544584700001,0.0,0.0,0.0,0.6578544584700001
2024-11-29T12:00,3600,0.0,0.6941666000300001,0.0,0.0,0.0,0.6941666000300001
2024-11-29T13:00,3600,0.0,0.66410423398,0.0,0.0,0.0,0.66410423398
2024-11-29T14:00,3600,0.0,0.58393298905,0.0,0.0,0.0,0.58393298905
2024-11-29T15:00,3600,0.0,0.45365560729,0.0,0.0,0.0,0.45365560729
2024-11-29T16:00,3600,0.0,0.29143663807000003,0.0,0.0,0.0,0.29143663807000003
2024-11-29T17:00,3600,0.0,0.11777648716000001,0.0,0.0,0.0,0.11777648716000001
2024-11-29T18:00,3600,0.0,0.00582918304,0.0,0.0,0.0,0.00582918304
2024-11-29T19:00,3600,0.0,0.0,0.0,0.0,0.0,0.0
2024-11-29T20:00,3600,0.0,0.0,0.0,0.0,0.0,0.0
2024-11-29T21:00,3600,0.0,0.0,0.0,0.0,0.0,0.0
2024-11-29T22:00,3600,0.0,0.0,0.0,0.0,0.0,0.0
2024-11-29T23:00,3600,0.0,0.0,0.0,0.0,0.0,0.0
2024-11-30T00:00,3600,0.0,0.0,0.0,0.0,0.0,0.0
2024-11-30T01:00,3600,0.0,0.0,0.0,0.0,0.0,0.0
2024-11-30T02:00,3600,0.0,0.0,0.0,0.0,0.0,0.0
2024-11-30T03:00,3600,0.0,0.0,0.0,0.0,0.0,0.0
2024-11-30T04:00,3600,0.0,0.0,0.0,0.0,0.0,0.0
2024-11-30T05:00,3600,0.0,0.0,0.0,0.0,0.0,0.0
2024-11-30T06:00,3600,0.0,0.0,0.0,0.0,0.0,0.0
2024-11-30T07:00,3600,0.0,0.0,0.0,0.0,0.0,0.0
2024-11-30T08:00,3600,0.0,0.12695066190999998,0.0,0.0,0.0,0.12695066190999998
2024-11-30T09:00,3600,0.0,0.34278804902000004,0.0,0.0,0.0,0.34278804902000004
2024-11-30T10:00,3600,0.0,0.48719516614,0.0,0.0,0.0,0.48719516614
2024-11-30T11:00,3600,0.0,0.5924596202400001,0.0,0.0,0.0,0.5924596202400001
2024-11-30T12:00,3600,0.0,0.60929764175,0.0,0.0,0.0,0.60929764175
2024-11-30T13:00,3600,0.0,0.57809812805,0.0,0.0,0.0,0.57809812805
2024-11-30T14:00,3600,0.0,0.5504589869400001,0.0,0.0,0.0,0.5504589869400001
2024-11-30T15:00,3600,0.0,0.40582457964999996,0.0,0.0,0.0,0.40582457964999996
2024-11-30T16:00,3600,0.0,0.27231893710000005,0.0,0.0,0.0,0.27231893710000005
2024-11-30T17:00,3600,0.0,0.11449815689000001,0.0,0.0,0.0,0.11449815689000001
2024-11-30T18:00,3600,0.0,0.00657808132,0.0,0.0,0.0,0.00657808132
2024-11-30T19:00,3600,0.0,0.0,0.0,0.0,0.0,0.0
2024-11-30T20:00,3600,0.0,0.0,0.0,0.0,0.0,0.0
2024-11-30T21:00,3600,0.0,0.0,0.0,0.0,0.0,0.0
2024-11-30T22:00,3600,0.0,0.0,0.0,0.0,0.0,0.0
2024-11-30T23:00,3600,0.0,0.0,0.0,0.0,0.0,0.0
2024-12-01T00:00,3600,0.0,0.0,0.0,0.0,0.0,0.0
2024-12-01T01:00,3600,0.0,0.0,0.0,0.0,0.0,0.0
2024-12-01T02:00,3600,0.0,0.0,0.0,0.0,0.0,0.0
2024-12-01T03:00,3600,0.0,0.0,0.0,0.0,0.0,0.0
2024-12-01T04:00,3600,0.0,0.0,0.0,0.0,0.0,0.0
2024-12-01T05:00,3600,0.0,0.0,0.0,0.0,0.0,0.0
2024-12-01T06:00,3600,0.0,0.0,0.0,0.0,0.0,0.0
2024-12-01T07:00,3600,0.0,0.0,0.0,0.0,0.0,0.0
2024-12-01T08:00,3600,0.0,0.15386097869,0.0,0.0,0.0,0.15386097869
2024-12-01T09:00,3600,0.0,0.38185830421999994,0.0,0.0,0.0,0.38185830421999994
2024-12-01T10:00,3600,0.0,0.5311158727399999,0.0,0.0,0.0,0.5311158727399999
2024-12-01T11:00,3600,0.0,0.62794463638,0.0,0.0,0.0,0.62794463638
2024-12-01T12:00,3600,0.0,0.66257475715,0.0,0.0,0.0,0.66257475715
2024-12-01T13:00,3600,0.0,0.63254998344,0.0,0.0,0.0,0.63254998344
2024-12-01T14:00,3600,0.0,0.55844425744,0.0,0.0,0.0,0.55844425744
2024-12-01T15:00,3600,0.0,0.43923728105,0.0,0.0,0.0,0.43923728105
2024-12-01T16:00,3600,0.0,0.28481709734,0.0,0.0,0.0,0.28481709734
2024-12-01T17:00,3600,0.0,0.11628618078,0.0,0.0,0.0,0.11628618078
2024-12-01T18:00,3600,0.0,0.00569089523,0.0,0.0,0.0,0.00569089523
2024-12-01T19:00,3600,0.0,0.0,0.0,0.0,0.0,0.0
2024-12-01T20:00,3600,0.0,0.0,0.0,0.0,0.0,0.0
2024-12-01T21:00,3600,0.0,0.0,0.0,0.0,0.0,0.0
2024-12-01T22:00,3600,0.0,0.0,0.0,0.0,0.0,0.0
2024-12-01T23:00,3600,0.0,0.0,0.0,0.0,0.0,0.0
2024-12-02T00:00,3600,0.0,0.0,0.0,0.0,0.0,0.0
2024-12-02T01:00,3600,0.0,0.0,0.0,0.0,0.0,0.0
2024-12-02T02:00,3600,0.0,0.0,0.0,0.0,0.0,0.0
2024-12-02T03:00,3600,0.0,0.0,0.0,0.0,0.0,0.0
2024-12-02T04:00,3600,0.0,0.0,0.0,0.0,0.0,0.0
2024-12-02T05:00,3600,0.0,0.0,0.0,0.0,0.0,0.0
2024-12-02T06:00,3600,0.0,0.0,0.0,0.0,0.0,0.0
2024-12-02T07:00,3600,0.0,0.0,0.0,0.0,0.0,0.0
2024-12-02T08:00,3600,0.0,0.14342641149,0.0,0.0,0.0,0.14342641149
2024-12-02T09:00,3600,0.0,0.36874475296000003,0.0,0.0,0.0,0.36874475296000003
2024-12-02T10:00,3600,0.0,0.51505198495,0.0,0.0,0.0,0.51505198495
2024-12-02T11:00,3600,0.0,0.6109854884799999,0.0,0.0,0.0,0.6109854884799999
2024-12-02T12:00,3600,0.0,0.65254683677,0.0,0.0,0.0,0.65254683677
2024-12-02T13:00,3600,0.0,0.6212238546300001,0.0,0.0,0.0,0.6212238546300001
2024-12-02T14:00,3600,0.0,0.54390993568,0.0,0.0,0.0,0.54390993568
2024-12-02T15:00,3600,0.0,0.43144160380999996,0.0,0.0,0.0,0.43144160380999996
2024-12-02T16:00,3600,0.0,0.27936668833,0.0,0.0,0.0,0.27936668833
2024-12-02T17:00,3600,0.0,0.11430117936,0.0,0.0,0.0,0.11430117936
2024-12-02T18:00,3600,0.0,0.00644794614,0.0,0.0,0.0,0.00644794614
2024-12-02T19:00,3600,0.0,0.0,0.0,0.0,0.0,0.0
2024-12-02T20:00,3600,0.0,0.0,0.0,0.0,0.0,0.0
2024-12-02T21:00,3600,0.0,0.0,0.0,0.0,0.0,0.0
2024-12-02T22:00,3600,0.0,0.0,0.0,0.0,0.0,0.0
2024-12-02T23:00,3600,0.0,0.0,0.0,0.0,0.0,0.0
2024-12-03T00:00,3600,0.0,0.0,0.0,0.0,0.0,0.0
2024-12-03T01:00,3600,0.0,0.0,0.0,0.0,0.0,0.0
2024-12-03T02:00,3600,0.0,0.0,0.0,0.0,0.0,0.0
2024-12-03T03:00,3600,0.0,0.0,0.0,0.0,0.0,0.0
2024-12-03T04:00,3600,0.0,0.0,0.0,0.0,0.0,0.0
2024-12-03T05:00,3600,0.0,0.0,0.0,0.0,0.0,0.0
2024-12-03T06:00,3600,0.0,0.0,0.0,0.0,0.0,0.0
2024-12-03T07:00,3600,0.0,0.0,0.0,0.0,0.0,0.0
2024-12-03T08:00,3600,0.0,0.13102721222,0.0,0.0,0.0,0.13102721222
2024-12-03T09:00,3600,0.0,0.33675125678,0.0,0.0,0.0,0.33675125678
2024-12-03T10:00,3600,0.0,0.50675093936,0.0,0.0,0.0,0.50675093936
2024-12-03T11:00,3600,0.0,0.6039568243999999,0.0,0.0,0.0,0.6039568243999999
2024-12-03T12:00,3600,0.0,0.61853706047,0.0,0.0,0.0,0.61853706047
2024-12-03T13:00,3600,0.0,0.6175278306699999,0.0,0.0,0.0,0.6175278306699999
2024-12-03T14:00,3600,0.0,0.5459695383900001,0.0,0.0,0.0,0.5459695383900001
2024-12-03T15:00,3600,0.0,0.4211824113,0.0,0.0,0.0,0.4211824113
2024-12-03T16:00,3600,0.0,0.27266026821000006,0.0,0.0,0.0,0.27266026821000006
2024-12-03T17:00,3600,0.0,0.11249059606,0.0,0.0,0.0,0.11249059606
2024-12-03T18:00,3600,0.0,0.00646656561,0.0,0.0,0.0,0.00646656561
2024-12-03T19:00,3600,0.0,0.0,0.0,0.0,0.0,0.0
2024-12-03T20:00,3600,0.0,0.0,0.0,0.0,0.0,0.0
2024-12-03T21:00,3600,0.0,0.0,0.0,0.0,0.0,0.0
2024-12-03T22:00,3600,0.0,0.0,0.0,0.0,0.0,0.0
2024-12-03T23:00,3600,0.0,0.0,0.0,0.0,0.0,0.0
2024-12-04T00:00,3600,0.0,0.0,0.0,0.0,0.0,0.0
2024-12-04T01:00,3600,0.0,0.0,0.0,0.0,0.0,0.0
2024-12-04T02:00,3600,0.0,0.0,0.0,0.0,0.0,0.0
2024-12-04T03:00,3600,0.0,0.0,0.0,0.0,0.0,0.0
2024-12-04T04:00,3600,0.0,0.0,0.0,0.0,0.0,0.0
2024-12-04T05:00,3600,0.0,0.0,0.0,0.0,0.0,0.0
2024-12-04T06:00,3600,0.0,0.0,0.0,0.0,0.0,0.0
2024-12-04T07:00,3600,0.0,0.0,0.0,0.0,0.0,0.0
2024-12-04T08:00,3600,0.0,0.08044556792999999,0.0,0.0,0.0,0.08044556792999999
2024-12-04T09:00,3600,0.0,0.21364420920000002,0.0,0.0,0.0,0.21364420920000002
2024-12-04T10:00,3600,0.0,0.33655694687,0.0,0.0,0.0,0.33655694687
2024-12-04T11:00,3600,0.0,0.37318389244999994,0.0,0.0,0.0,0.37318389244999994
2024-12-04T12:00,3600,0.0,0.6004515578899999,0.0,0.0,0.0,0.6004515578899999
2024-12-04T13:00,3600,0.0,0.60969378566,0.0,0.0,0.0,0.60969378566
2024-12-04T14:00,3600,0.0,0.54298256651,0.0,0.0,0.0,0.54298256651
2024-12-04T15:00,3600,0.0,0.4273685165,0.0,0.0,0.0,0.4273685165
2024-12-04T16:00,3600,0.0,0.26481492871,0.0,0.0,0.0,0.26481492871
2024-12-04T17:00,3600,0.0,0.10565727181,0.0,0.0,0.0,0.10565727181
2024-12-04T18:00,3600,0.0,0.006430530100000001,0.0,0.0,0.0,0.006430530100000001
2024-12-04T19:00,3600,0.0,0.0,0.0,0.0,0.0,0.0
2024-12-04T20:00,3600,0.0,0.0,0.0,0.0,0.0,0.0
2024-12-04T21:00,3600,0.0,0.0,0.0,0.0,0.0,0.0
2024-12-04T22:00,3600,0.0,0.0,0.0,0.0,0.0,0.0
2024-12-04T23:00,3600,0.0,0.0,0.0,0.0,0.0,0.0
2024-12-05T00:00,3600,0.0,0.0,0.0,0.0,0.0,0.0
2024-12-05T01:00,3600,0.0,0.0,0.0,0.0,0.0,0.0
2024-12-05T02:00,3600,0.0,0.0,0.0,0.0,0.0,0.0
2024-12-05T03:00,3600,0.0,0.0,0.0,0.0,0.0,0.0
2024-12-05T04:00,3600,0.0,0.0,0.0,0.0,0.0,0.0
2024-12-05T05:00,3600,0.0,0.0,0.0,0.0,0.0,0.0
2024-12-05T06:00,3600,0.0,0.0,0.0,0.0,0.0,0.0
2024-12-05T07:00,3600,0.0,0.0,0.0,0.0,0.0,0.0
2024-12-05T08:00,3600,0.0,0.0860710736,0.0,0.0,0.0,0.0860710736
2024-12-05T09:00,3600,0.0,0.2321775462,0.0,0.0,0.0,0.2321775462
2024-12-05T10:00,3600,0.0,0.3780313842,0.0,0.0,0.0,0.3780313842
2024-12-05T11:00,3600,0.0,0.56169365878,0.0,0.0,0.0,0.56169365878
2024-12-05T12:00,3600,0.0,0.6449912374700001,0.0,0.0,0.0,0.6449912374700001
2024-12-05T13:00,3600,0.0,0.62199740459,0.0,0.0,0.0,0.62199740459
2024-12-05T14:00,3600,0.0,0.50997715016,0.0,0.0,0.0,0.50997715016
2024-12-05T15:00,3600,0.0,0.15055549354999997,0.0,0.0,0.0,0.15055549354999997
2024-12-05T16:00,3600,0.0,0.11455996298,0.0,0.0,0.0,0.11455996298
2024-12-05T17:00,3600,0.0,0.060598243680000004,0.0,0.0,0.0,0.060598243680000004
2024-12-05T18:00,3600,0.0,0.00398956618,0.0,0.0,0.0,0.00398956618
2024-12-05T19:00,3600,0.0,0.0,0.0,0.0,0.0,0.0
2024-12-05T20:00,3600,0.0,0.0,0.0,0.0,0.0,0.0
2024-12-05T21:00,3600,0.0,0.0,0.0,0.0,0.0,0.0
2024-12-05T22:00,3600,0.0,0.0,0.0,0.0,0.0,0.0
2024-12-05T23:00,3600,0.0,0.0,0.0,0.0,0.0,0.0
2024-12-06T00:00,3600,0.0,0.0,0.0,0.0,0.0,0.0
2024-12-06T01:00,3600,0.0,0.0,0.0,0.0,0.0,0.0
2024-12-06T02:00,3600,0.0,0.0,0.0,0.0,0.0,0.0
2024-12-06T03:00,3600,0.0,0.0,0.0,0.0,0.0,0.0
2024-12-06T04:00,3600,0.0,0.0,0.0,0.0,0.0,0.0
2024-12-06T05:00,3600,0.0,0.0,0.0,0.0,0.0,0.0
2024-12-06T06:00,3600,0.0,0.0,0.0,0.0,0.0,0.0
2024-12-06T07:00,3600,0.0,0.0,0.0,0.0,0.0,0.0
2024-12-06T08:00,3600,0.0,0.10403044573,0.0,0.0,0.0,0.10403044573
2024-12-06T09:00,3600,0.0,0.33356789877,0.0,0.0,0.0,0.33356789877
2024-12-06T10:00,3600,0.0,0.46448726259,0.0,0.0,0.0,0.46448726259
2024-12-06T11:00,3600,0.0,0.5606925833499999,0.0,0.0,0.0,0.5606925833499999
2024-12-06T12:00,3600,0.0,0.5791097218899999,0.0,0.0,0.0,0.5791097218899999
2024-12-06T13:00,3600,0.0,0.5959748033800001,0.0,0.0,0.0,0.5959748033800001
2024-12-06T14:00,3600,0.0,0.4894955381,0.0,0.0,0.0,0.4894955381
2024-12-06T15:00,3600,0.0,0.35554613054999995,0.0,0.0,0.0,0.35554613054999995
2024-12-06T16:00,3600,0.0,0.28023520004,0.0,0.0,0.0,0.28023520004
2024-12-06T17:00,3600,0.0,0.10641789901,0.0,0.0,0.0,0.10641789901
2024-12-06T18:00,3600,0.0,0.00487156633,0.0,0.0,0.0,0.00487156633
2024-12-06T19:00,3600,0.0,0.0,0.0,0.0,0.0,0.0
2024-12-06T20:00,3600,0.0,0.0,0.0,0.0,0.0,0.0
2024-12-06T21:00,3600,0.0,0.0,0.0,0.0,0.0,0.0
2024-12-06T22:00,3600,0.0,0.0,0.0,0.0,0.0,0.0
2024-12-06T23:00,3600,0.0,0.0,0.0,0.0,0.0,0.0
2024-12-07T00:00,3600,0.0,0.0,0.0,0.0,0.0,0.0
2024-12-07T01:00,3600,0.0,0.0,0.0,0.0,0.0,0.0
2024-12-07T02:00,3600,0.0,0.0,0.0,0.0,0.0,0.0
2024-12-07T03:00,3600,0.0,0.0,0.0,0.0,0.0,0.0
2024-12-07T04:00,3600,0.0,0.0,0.0,0.0,0.0,0.0
2024-12-07T05:00,3600,0.0,0.0,0.0,0.0,0.0,0.0
2024-12-07T06:00,3600,0.0,0.0,0.0,0.0,0.0,0.0
2024-12-07T07:00,3600,0.0,0.0,0.0,0.0,0.0,0.0
2024-12-07T08:00,3600,0.0,0.09926837474,0.0,0.0,0.0,0.09926837474
2024-12-07T09:00,3600,0.0,0.30044281583,0.0,0.0,0.0,0.30044281583
2024-12-07T10:00,3600,0.0,0.49909507359999994,0.0,0.0,0.0,0.49909507359999994
2024-12-07T11:00,3600,0.0,0.59462738221,0.0,0.0,0.0,0.59462738221
2024-12-07T12:00,3600,0.0,0.63194121408,0.0,0.0,0.0,0.63194121408
2024-12-07T13:00,3600,0.0,0.6218806647799999,0.0,0.0,0.0,0.6218806647799999
2024-12-07T14:00,3600,0.0,0.5621936249399999,0.0,0.0,0.0,0.5621936249399999
2024-12-07T15:00,3600,0.0,0.43861591218,0.0,0.0,0.0,0.43861591218
2024-12-07T16:00,3600,0.0,0.28926423445,0.0,0.0,0.0,0.28926423445
2024-12-07T17:00,3600,0.0,0.10896578233,0.0,0.0,0.0,0.10896578233
2024-12-07T18:00,3600,0.0,0.00656451583,0.0,0.0,0.0,0.00656451583
2024-12-07T19:00,3600,0.0,0.0,0.0,0.0,0.0,0.0
2024-12-07T20:00,3600,0.0,0.0,0.0,0.0,0.0,0.0
2024-12-07T21:00,3600,0.0,0.0,0.0,0.0,0.0,0.0
2024-12-07T22:00,3600,0.0,0.0,0.0,0.0,0.0,0.0
2024-12-07T23:00,3600,0.0,0.0,0.0,0.0,0.0,0.0
2024-12-08T00:00,3600,0.0,0.0,0.0,0.0,0.0,0.0
2024-12-08T01:00,3600,0.0,0.0,0.0,0.0,0.0,0.0
2024-12-08T02:00,3600,0.0,0.0,0.0,0.0,0.0,0.0
2024-12-08T03:00,3600,0.0,0.0,0.0,0.0,0.0,0.0
2024-12-08T04:00,3600,0.0,0.0,0.0,0.0,0.0,0.0
2024-12-08T05:00,3600,0.0,0.0,0.0,0.0,0.0,0.0
2024-12-08T06:00,3600,0.0,0.0,0.0,0.0,0.0,0.0
2024-12-08T07:00,3600,0.0,0.0,0.0,0.0,0.0,0.0
2024-12-08T08:00,3600,0.0,0.07648929328,0.0,0.0,0.0,0.07648929328
2024-12-08T09:00,3600,0.0,0.15052531905000002,0.0,0.0,0.0,0.15052531905000002
2024-12-08T10:00,3600,0.0,0.34337757347,0.0,0.0,0.0,0.34337757347
2024-12-08T11:00,3600,0.0,0.47133253317999996,0.0,0.0,0.0,0.47133253317999996
2024-12-08T12:00,3600,0.0,0.63894806087,0.0,0.0,0.0,0.63894806087
2024-12-08T13:00,3600,0.0,0.61602028356,0.0,0.0,0.0,0.61602028356
2024-12-08T14:00,3600,0.0,0.54131054733,0.0,0.0,0.0,0.54131054733
2024-12-08T15:00,3600,0.0,0.43443102679999995,0.0,0.0,0.0,0.43443102679999995
2024-12-08T16:00,3600,0.0,0.2812116821,0.0,0.0,0.0,0.2812116821
2024-12-08T17:00,3600,0.0,0.11996268525,0.0,0.0,0.0,0.11996268525
2024-12-08T18:00,3600,0.0,0.006615616049999999,0.0,0.0,0.0,0.006615616049999999
2024-12-08T19:00,3600,0.0,0.0,0.0,0.0,0.0,0.0
2024-12-08T20:00,3600,0.0,0.0,0.0,0.0,0.0,0.0
2024-12-08T21:00,3600,0.0,0.0,0.0,0.0,0.0,0.0
2024-12-08T22:00,3600,0.0,0.0,0.0,0.0,0.0,0.0
2024-12-08T23:00,3600,0.0,0.0,0.0,0.0,0.0,0.0
2024-12-09T00:00,3600,0.0,0.0,0.0,0.0,0.0,0.0
2024-12-09T01:00,3600,0.0,0.0,0.0,0.0,0.0,0.0
2024-12-09T02:00,3600,0.0,0.0,0.0,0.0,0.0,0.0
2024-12-09T03:00,3600,0.0,0.0,0.0,0.0,0.0,0.0
2024-12-09T04:00,3600,0.0,0.0,0.0,0.0,0.0,0.0
2024-12-09T05:00,3600,0.0,0.0,0.0,0.0,0.0,0.0
2024-12-09T06:00,3600,0.0,0.0,0.0,0.0,0.0,0.0
2024-12-09T07:00,3600,0.0,0.0,0.0,0.0,0.0,0.0
2024-12-09T08:00,3600,0.0,0.08565064073999999,0.0,0.0,0.0,0.08565064073999999
2024-12-09T09:00,3600,0.0,0.29500096009,0.0,0.0,0.0,0.29500096009
2024-12-09T10:00,3600,0.0,0.4218380402,0.0,0.0,0.0,0.4218380402
2024-12-09T11:00,3600,0.0,0.4277994241,0.0,0.0,0.0,0.4277994241
2024-12-09T12:00,3600,0.0,0.51978551498,0.0,0.0,0.0,0.51978551498
2024-12-09T13:00,3600,0.0,0.5453147142300001,0.0,0.0,0.0,0.5453147142300001
2024-12-09T14:00,3600,0.0,0.48614871675000004,0.0,0.0,0.0,0.48614871675000004
2024-12-09T15:00,3600,0.0,0.40381639664999996,0.0,0.0,0.0,0.40381639664999996
2024-12-09T16:00,3600,0.0,0.26555451011000003,0.0,0.0,0.0,0.26555451011000003
2024-12-09T17:00,3600,0.0,0.11915653922,0.0,0.0,0.0,0.11915653922
2024-12-09T18:00,3600,0.0,0.00658796968,0.0,0.0,0.0,0.00658796968
2024-12-09T19:00,3600,0.0,0.0,0.0,0.0,0.0,0.0
2024-12-09T20:00,3600,0.0,0.0,0.0,0.0,0.0,0.0
2024-12-09T21:00,3600,0.0,0.0,0.0,0.0,0.0,0.0
2024-12-09T22:00,3600,0.0,0.0,0.0,0.0,0.0,0.0
2024-12-09T23:00,3600,0.0,0.0,0.0,0.0,0.0,0.0
2024-12-10T00:00,3600,0.0,0.0,0.0,0.0,0.0,0.0
2024-12-10T01:00,3600,0.0,0.0,0.0,0.0,0.0,0.0
2024-12-10T02:00,3600,0.0,0.0,0.0,0.0,0.0,0.0
2024-12-10T03:00,3600,0.0,0.0,0.0,0.0,0.0,0.0
2024-12-10T04:00,3600,0.0,0.0,0.0,0.0,0.0,0.0
2024-12-10T05:00,3600,0.0,0.0,0.0,0.0,0.0,0.0
2024-12-10T06:00,3600,0.0,0.0,0.0,0.0,0.0,0.0
2024-12-10T07:00,3600,0.0,0.0,0.0,0.0,0.0,0.0
2024-12-10T08:00,3600,0.0,0.09939831966,0.0,0.0,0.0,0.09939831966
2024-12-10T09:00,3600,0.0,0.28758760038000003,0.0,0.0,0.0,0.28758760038000003
2024-12-10T10:00,3600,0.0,0.38627291682,0.0,0.0,0.0,0.38627291682
2024-12-10T11:00,3600,0.0,0.49906976608000003,0.0,0.0,0.0,0.49906976608000003
2024-12-10T12:00,3600,0.0,0.43969966569,0.0,0.0,0.0,0.43969966569
2024-12-10T13:00,3600,0.0,0.51248611827,0.0,0.0,0.0,0.51248611827
2024-12-10T14:00,3600,0.0,0.52766221565,0.0,0.0,0.0,0.52766221565
2024-12-10T15:00,3600,0.0,0.36565433066,0.0,0.0,0.0,0.36565433066
2024-12-10T16:00,3600,0.0,0.27147651816,0.0,0.0,0.0,0.27147651816
2024-12-10T17:00,3600,0.0,0.11043155408,0.0,0.0,0.0,0.11043155408
2024-12-10T18:00,3600,0.0,0.005684471850000001,0.0,0.0,0.0,0.005684471850000001
2024-12-10T19:00,3600,0.0,0.0,0.0,0.0,0.0,0.0
2024-12-10T20:00,3600,0.0,0.0,0.0,0.0,0.0,0.0
2024-12-10T21:00,3600,0.0,0.0,0.0,0.0,0.0,0.0
2024-12-10T22:00,3600,0.0,0.0,0.0,0.0,0.0,0.0
2024-12-10T23:00,3600,0.0,0.0,0.0,0.0,0.0,0.0
2024-12-11T00:00,3600,0.0,0.0,0.0,0.0,0.0,0.0
2024-12-11T01:00,3600,0.0,0.0,0.0,0.0,0.0,0.0
2024-12-11T02:00,3600,0.0,0.0,0.0,0.0,0.0,0.0
2024-12-11T03:00,3600,0.0,0.0,0.0,0.0,0.0,0.0
2024-12-11T04:00,3600,0.0,0.0,0.0,0.0,0.0,0.0
2024-12-11T05:00,3600,0.0,0.0,0.0,0.0,0.0,0.0
2024-12-11T06:00,3600,0.0,0.0,0.0,0.0,0.0,0.0
2024-12-11T07:00,3600,0.0,0.0,0.0,0.0,0.0,0.0
2024-12-11T08:00,3600,0.0,0.013976831850000001,0.0,0.0,0.0,0.013976831850000001
2024-12-11T09:00,3600,0.0,0.07401050641000001,0.0,0.0,0.0,0.07401050641000001
2024-12-11T10:00,3600,0.0,0.11857728776,0.0,0.0,0.0,0.11857728776
2024-12-11T11:00,3600,0.0,0.15486378237,0.0,0.0,0.0,0.15486378237
2024-12-11T12:00,3600,0.0,0.24570585951,0.0,0.0,0.0,0.24570585951
2024-12-11T13:00,3600,0.0,0.37604864997,0.0,0.0,0.0,0.37604864997
2024-12-11T14:00,3600,0.0,0.40961208376,0.0,0.0,0.0,0.40961208376
2024-12-11T15:00,3600,0.0,0.3099967589,0.0,0.0,0.0,0.3099967589
2024-12-11T16:00,3600,0.0,0.23239280001,0.0,0.0,0.0,0.23239280001
2024-12-11T17:00,3600,0.0,0.11358535988,0.0,0.0,0.0,0.11358535988
2024-12-11T18:00,3600,0.0,0.0074449836799999995,0.0,0.0,0.0,0.0074449836799999995
2024-12-11T19:00,3600,0.0,0.0,0.0,0.0,0.0,0.0
2024-12-11T20:00,3600,0.0,0.0,0.0,0.0,0.0,0.0
2024-12-11T21:00,3600,0.0,0.0,0.0,0.0,0.0,0.0
2024-12-11T22:00,3600,0.0,0.0,0.0,0.0,0.0,0.0
2024-12-11T23:00,3600,0.0,0.0,0.0,0.0,0.0,0.0
2024-12-12T00:00,3600,0.0,0.0,0.0,0.0,0.0,0.0
2024-12-12T01:00,3600,0.0,0.0,0.0,0.0,0.0,0.0
2024-12-12T02:00,3600,0.0,0.0,0.0,0.0,0.0,0.0
2024-12-12T03:00,3600,0.0,0.0,0.0,0.0,0.0,0.0
2024-12-12T04:00,3600,0.0,0.0,0.0,0.0,0.0,0.0
2024-12-12T05:00,3600,0.0,0.0,0.0,0.0,0.0,0.0
2024-12-12T06:00,3600,0.0,0.0,0.0,0.0,0.0,0.0
2024-12-12T07:00,3600,0.0,0.0,0.0,0.0,0.0,0.0
2024-12-12T08:00,3600,0.0,0.07441593763,0.0,0.0,0.0,0.07441593763
2024-12-12T09:00,3600,0.0,0.19507741239,0.0,0.0,0.0,0.19507741239
2024-12-12T10:00,3600,0.0,0.28487115037,0.0,0.0,0.0,0.28487115037
2024-12-12T11:00,3600,0.0,0.41307616771,0.0,0.0,0.0,0.41307616771
2024-12-12T12:00,3600,0.0,0.44648037304000004,0.0,0.0,0.0,0.44648037304000004
2024-12-12T13:00,3600,0.0,0.41618831053,0.0,0.0,0.0,0.41618831053
2024-12-12T14:00,3600,0.0,0.47619379757,0.0,0.0,0.0,0.47619379757
2024-12-12T15:00,3600,0.0,0.37559771692,0.0,0.0,0.0,0.37559771692
2024-12-12T16:00,3600,0.0,0.25785954865000005,0.0,0.0,0.0,0.25785954865000005
2024-12-12T17:00,3600,0.0,0.09624860090000001,0.0,0.0,0.0,0.09624860090000001
2024-12-12T18:00,3600,0.0,0.007463247070000001,0.0,0.0,0.0,0.007463247070000001
2024-12-12T19:00,3600,0.0,0.0,0.0,0.0,0.0,0.0
2024-12-12T20:00,3600,0.0,0.0,0.0,0.0,0.0,0.0
2024-12-12T21:00,3600,0.0,0.0,0.0,0.0,0.0,0.0
2024-12-12T22:00,3600,0.0,0.0,0.0,0.0,0.0,0.0
2024-12-12T23:00,3600,0.0,0.0,0.0,0.0,0.0,0.0
2024-12-13T00:00,3600,0.0,0.0,0.0,0.0,0.0,0.0
2024-12-13T01:00,3600,0.0,0.0,0.0,0.0,0.0,0.0
2024-12-13T02:00,3600,0.0,0.0,0.0,0.0,0.0,0.0
2024-12-13T03:00,3600,0.0,0.0,0.0,0.0,0.0,0.0
2024-12-13T04:00,3600,0.0,0.0,0.0,0.0,0.0,0.0
2024-12-13T05:00,3600,0.0,0.0,0.0,0.0,0.0,0.0
2024-12-13T06:00,3600,0.0,0.0,0.0,0.0,0.0,0.0
2024-12-13T07:00,3600,0.0,0.0,0.0,0.0,0.0,0.0
2024-12-13T08:00,3600,0.0,0.05340651577,0.0,0.0,0.0,0.05340651577
2024-12-13T09:00,3600,0.0,0.24926322007,0.0,0.0,0.0,0.24926322007
2024-12-13T10:00,3600,0.0,0.35686540489999996,0.0,0.0,0.0,0.35686540489999996
2024-12-13T11:00,3600,0.0,0.5849199851600001,0.0,0.0,0.0,0.5849199851600001
2024-12-13T12:00,3600,0.0,0.58161899463,0.0,0.0,0.0,0.58161899463
2024-12-13T13:00,3600,0.0,0.5523219084700001,0.0,0.0,0.0,0.5523219084700001
2024-12-13T14:00,3600,0.0,0.53138006944,0.0,0.0,0.0,0.53138006944
2024-12-13T15:00,3600,0.0,0.31613022027000004,0.0,0.0,0.0,0.31613022027000004
2024-12-13T16:00,3600,0.0,0.22802065300000002,0.0,0.0,0.0,0.22802065300000002
2024-12-13T17:00,3600,0.0,0.08592928911,0.0,0.0,0.0,0.08592928911
2024-12-13T18:00,3600,0.0,0.00501305609,0.0,0.0,0.0,0.00501305609
2024-12-13T19:00,3600,0.0,0.0,0.0,0.0,0.0,0.0
2024-12-13T20:00,3600,0.0,0.0,0.0,0.0,0.0,0.0
2024-12-13T21:00,3600,0.0,0.0,0.0,0.0,0.0,0.0
2024-12-13T22:00,3600,0.0,0.0,0.0,0.0,0.0,0.0
2024-12-13T23:00,3600,0.0,0.0,0.0,0.0,0.0,0.0
2024-12-14T00:00,3600,0.0,0.0,0.0,0.0,0.0,0.0
2024-12-14T01:00,3600,0.0,0.0,0.0,0.0,0.0,0.0
2024-12-14T02:00,3600,0.0,0.0,0.0,0.0,0.0,0.0
2024-12-14T03:00,3600,0.0,0.0,0.0,0.0,0.0,0.0
2024-12-14T04:00,3600,0.0,0.0,0.0,0.0,0.0,0.0
2024-12-14T05:00,3600,0.0,0.0,0.0,0.0,0.0,0.0
2024-12-14T06:00,3600,0.0,0.0,0.0,0.0,0.0,0.0
2024-12-14T07:00,3600,0.0,0.0,0.0,0.0,0.0,0.0
2024-12-14T08:00,3600,0.0,0.05319884411999999,0.0,0.0,0.0,0.05319884411999999
2024-12-14T09:00,3600,0.0,0.22531110483,0.0,0.0,0.0,0.22531110483
2024-12-14T10:00,3600,0.0,0.35068387379000004,0.0,0.0,0.0,0.35068387379000004
2024-12-14T11:00,3600,0.0,0.5596064473400001,0.0,0.0,0.0,0.5596064473400001
2024-12-14T12:00,3600,0.0,0.56278702461,0.0,0.0,0.0,0.56278702461
2024-12-14T13:00,3600,0.0,0.44200103912999994,0.0,0.0,0.0,0.44200103912999994
2024-12-14T14:00,3600,0.0,0.43170441721999997,0.0,0.0,0.0,0.43170441721999997
2024-12-14T15:00,3600,0.0,0.40788983306000004,0.0,0.0,0.0,0.40788983306000004
2024-12-14T16:00,3600,0.0,0.25991925105,0.0,0.0,0.0,0.25991925105
2024-12-14T17:00,3600,0.0,0.11732422698000002,0.0,0.0,0.0,0.11732422698000002
2024-12-14T18:00,3600,0.0,0.0066868648,0.0,0.0,0.0,0.0066868648
2024-12-14T19:00,3600,0.0,0.0,0.0,0.0,0.0,0.0
2024-12-14T20:00,3600,0.0,0.0,0.0,0.0,0.0,0.0
2024-12-14T21:00,3600,0.0,0.0,0.0,0.0,0.0,0.0
2024-12-14T22:00,3600,0.0,0.0,0.0,0.0,0.0,0.0
2024-12-14T23:00,3600,0.0,0.0,0.0,0.0,0.0,0.0
2024-12-15T00:00,3600,0.0,0.0,0.0,0.0,0.0,0.0
2024-12-15T01:00,3600,0.0,0.0,0.0,0.0,0.0,0.0
2024-12-15T02:00,3600,0.0,0.0,0.0,0.0,0.0,0.0
2024-12-15T03:00,3600,0.0,0.0,0.0,0.0,0.0,0.0
2024-12-15T04:00,3600,0.0,0.0,0.0,0.0,0.0,0.0
2024-12-15T05:00,3600,0.0,0.0,0.0,0.0,0.0,0.0
2024-12-15T06:00,3600,0.0,0.0,0.0,0.0,0.0,0.0
2024-12-15T07:00,3600,0.0,0.0,0.0,0.0,0.0,0.0
2024-12-15T08:00,3600,0.0,0.00507785597,0.0,0.0,0.0,0.00507785597
2024-12-15T09:00,3600,0.0,0.03402139756,0.0,0.0,0.0,0.03402139756
2024-12-15T10:00,3600,0.0,0.14984966431000002,0.0,0.0,0.0,0.14984966431000002
2024-12-15T11:00,3600,0.0,0.31442033644000006,0.0,0.0,0.0,0.31442033644000006
2024-12-15T12:00,3600,0.0,0.2644385528,0.0,0.0,0.0,0.2644385528
2024-12-15T13:00,3600,0.0,0.25557849796,0.0,0.0,0.0,0.25557849796
2024-12-15T14:00,3600,0.0,0.20771147074000001,0.0,0.0,0.0,0.20771147074000001
2024-12-15T15:00,3600,0.0,0.14739876729999998,0.0,0.0,0.0,0.14739876729999998
2024-12-15T16:00,3600,0.0,0.1066748504,0.0,0.0,0.0,0.1066748504
2024-12-15T17:00,3600,0.0,0.07691979359,0.0,0.0,0.0,0.07691979359
2024-12-15T18:00,3600,0.0,0.004185252049999999,0.0,0.0,0.0,0.004185252049999999
2024-12-15T19:00,3600,0.0,0.0,0.0,0.0,0.0,0.0
2024-12-15T20:00,3600,0.0,0.0,0.0,0.0,0.0,0.0
2024-12-15T21:00,3600,0.0,0.0,0.0,0.0,0.0,0.0
2024-12-15T22:00,3600,0.0,0.0,0.0,0.0,0.0,0.0
2024-12-15T23:00,3600,0.0,0.0,0.0,0.0,0.0,0.0
2024-12-16T00:00,3600,0.0,0.0,0.0,0.0,0.0,0.0
2024-12-16T01:00,3600,0.0,0.0,0.0,0.0,0.0,0.0
2024-12-16T02:00,3600,0.0,0.0,0.0,0.0,0.0,0.0
2024-12-16T03:00,3600,0.0,0.0,0.0,0.0,0.0,0.0
2024-12-16T04:00,3600,0.0,0.0,0.0,0.0,0.0,0.0
2024-12-16T05:00,3600,0.0,0.0,0.0,0.0,0.0,0.0
2024-12-16T06:00,3600,0.0,0.0,0.0,0.0,0.0,0.0
2024-12-16T07:00,3600,0.0,0.0,0.0,0.0,0.0,0.0
2024-12-16T08:00,3600,0.0,0.02016425001,0.0,0.0,0.0,0.02016425001
2024-12-16T09:00,3600,0.0,0.19238080019,0.0,0.0,0.0,0.19238080019
2024-12-16T10:00,3600,0.0,0.34629090059999995,0.0,0.0,0.0,0.34629090059999995
2024-12-16T11:00,3600,0.0,0.46252633513999997,0.0,0.0,0.0,0.46252633513999997
2024-12-16T12:00,3600,0.0,0.53986673676,0.0,0.0,0.0,0.53986673676
2024-12-16T13:00,3600,0.0,0.5716322410599999,0.0,0.0,0.0,0.5716322410599999
2024-12-16T14:00,3600,0.0,0.57565947442,0.0,0.0,0.0,0.57565947442
2024-12-16T15:00,3600,0.0,0.40302538284,0.0,0.0,0.0,0.40302538284
2024-12-16T16:00,3600,0.0,0.27772529048,0.0,0.0,0.0,0.27772529048
2024-12-16T17:00,3600,0.0,0.12934986544,0.0,0.0,0.0,0.12934986544
2024-12-16T18:00,3600,0.0,0.007535723550000001,0.0,0.0,0.0,0.007535723550000001
2024-12-16T19:00,3600,0.0,0.0,0.0,0.0,0.0,0.0
2024-12-16T20:00,3600,0.0,0.0,0.0,0.0,0.0,0.0
2024-12-16T21:00,3600,0.0,0.0,0.0,0.0,0.0,0.0
2024-12-16T22:00,3600,0.0,0.0,0.0,0.0,0.0,0.0
2024-12-16T23:00,3600,0.0,0.0,0.0,0.0,0.0,0.0
2024-12-17T00:00,3600,0.0,0.0,0.0,0.0,0.0,0.0
2024-12-17T01:00,3600,0.0,0.0,0.0,0.0,0.0,0.0
2024-12-17T02:00,3600,0.0,0.0,0.0,0.0,0.0,0.0
2024-12-17T03:00,3600,0.0,0.0,0.0,0.0,0.0,0.0
2024-12-17T04:00,3600,0.0,0.0,0.0,0.0,0.0,0.0
2024-12-17T05:00,3600,0.0,0.0,0.0,0.0,0.0,0.0
2024-12-17T06:00,3600,0.0,0.0,0.0,0.0,0.0,0.0
2024-12-17T07:00,3600,0.0,0.0,0.0,0.0,0.0,0.0
2024-12-17T08:00,3600,0.0,0.1143438809,0.0,0.0,0.0,0.1143438809
2024-12-17T09:00,3600,0.0,0.3633632129,0.0,0.0,0.0,0.3633632129
2024-12-17T10:00,3600,0.0,0.5294788922499999,0.0,0.0,0.0,0.5294788922499999
2024-12-17T11:00,3600,0.0,0.63674048977,0.0,0.0,0.0,0.63674048977
2024-12-17T12:00,3600,0.0,0.68003090741,0.0,0.0,0.0,0.68003090741
2024-12-17T13:00,3600,0.0,0.65696975439,0.0,0.0,0.0,0.65696975439
2024-12-17T14:00,3600,0.0,0.58731006905,0.0,0.0,0.0,0.58731006905
2024-12-17T15:00,3600,0.0,0.46670028207,0.0,0.0,0.0,0.46670028207
2024-12-17T16:00,3600,0.0,0.30758689649,0.0,0.0,0.0,0.30758689649
2024-12-17T17:00,3600,0.0,0.13426020015,0.0,0.0,0.0,0.13426020015
2024-12-17T18:00,3600,0.0,0.008335334960000001,0.0,0.0,0.0,0.008335334960000001
2024-12-17T19:00,3600,0.0,0.0,0.0,0.0,0.0,0.0
2024-12-17T20:00,3600,0.0,0.0,0.0,0.0,0.0,0.0
2024-12-17T21:00,3600,0.0,0.0,0.0,0.0,0.0,0.0
2024-12-17T22:00,3600,0.0,0.0,0.0,0.0,0.0,0.0
2024-12-17T23:00,3600,0.0,0.0,0.0,0.0,0.0,0.0
2024-12-18T00:00,3600,0.0,0.0,0.0,0.0,0.0,0.0
2024-12-18T01:00,3600,0.0,0.0,0.0,0.0,0.0,0.0
2024-12-18T02:00,3600,0.0,0.0,0.0,0.0,0.0,0.0
2024-12-18T03:00,3600,0.0,0.0,0.0,0.0,0.0,0.0
2024-12-18T04:00,3600,0.0,0.0,0.0,0.0,0.0,0.0
2024-12-18T05:00,3600,0.0,0.0,0.0,0.0,0.0,0.0
2024-12-18T06:00,3600,0.0,0.0,0.0,0.0,0.0,0.0
2024-12-18T07:00,3600,0.0,0.0,0.0,0.0,0.0,0.0
2024-12-18T08:00,3600,0.0,0.0811167486,0.0,0.0,0.0,0.0811167486
2024-12-18T09:00,3600,0.0,0.30693744459999994,0.0,0.0,0.0,0.30693744459999994
2024-12-18T10:00,3600,0.0,0.5112676202399999,0.0,0.0,0.0,0.5112676202399999
2024-12-18T11:00,3600,0.0,0.60670697722,0.0,0.0,0.0,0.60670697722
2024-12-18T12:00,3600,0.0,0.66461577279,0.0,0.0,0.0,0.66461577279
2024-12-18T13:00,3600,0.0,0.65790087661,0.0,0.0,0.0,0.65790087661
2024-12-18T14:00,3600,0.0,0.58973915451,0.0,0.0,0.0,0.58973915451
2024-12-18T15:00,3600,0.0,0.40567305447,0.0,0.0,0.0,0.40567305447
2024-12-18T16:00,3600,0.0,0.29212746061000006,0.0,0.0,0.0,0.29212746061000006
2024-12-18T17:00,3600,0.0,0.12937709841,0.0,0.0,0.0,0.12937709841
2024-12-18T18:00,3600,0.0,0.00908515139,0.0,0.0,0.0,0.00908515139
2024-12-18T19:00,3600,0.0,0.0,0.0,0.0,0.0,0.0
2024-12-18T20:00,3600,0.0,0.0,0.0,0.0,0.0,0.0
2024-12-18T21:00,3600,0.0,0.0,0.0,0.0,0.0,0.0
2024-12-18T22:00,3600,0.0,0.0,0.0,0.0,0.0,0.0
2024-12-18T23:00,3600,0.0,0.0,0.0,0.0,0.0,0.0
2024-12-19T00:00,3600,0.0,0.0,0.0,0.0,0.0,0.0
2024-12-19T01:00,3600,0.0,0.0,0.0,0.0,0.0,0.0
2024-12-19T02:00,3600,0.0,0.0,0.0,0.0,0.0,0.0
2024-12-19T03:00,3600,0.0,0.0,0.0,0.0,0.0,0.0
2024-12-19T04:00,3600,0.0,0.0,0.0,0.0,0.0,0.0
2024-12-19T05:00,3600,0.0,0.0,0.0,0.0,0.0,0.0
2024-12-19T06:00,3600,0.0,0.0,0.0,0.0,0.0,0.0
2024-12-19T07:00,3600,0.0,0.0,0.0,0.0,0.0,0.0
2024-12-19T08:00,3600,0.0,0.10679020084,0.0,0.0,0.0,0.10679020084
2024-12-19T09:00,3600,0.0,0.35268506119000004,0.0,0.0,0.0,0.35268506119000004
2024-12-19T10:00,3600,0.0,0.50936781691,0.0,0.0,0.0,0.50936781691
2024-12-19T11:00,3600,0.0,0.61932654734,0.0,0.0,0.0,0.61932654734
2024-12-19T12:00,3600,0.0,0.69239644347,0.0,0.0,0.0,0.69239644347
2024-12-19T13:00,3600,0.0,0.67181878868,0.0,0.0,0.0,0.67181878868
2024-12-19T14:00,3600,0.0,0.60240485501,0.0,0.0,0.0,0.60240485501
2024-12-19T15:00,3600,0.0,0.48094384054,0.0,0.0,0.0,0.48094384054
2024-12-19T16:00,3600,0.0,0.32036334742000006,0.0,0.0,0.0,0.32036334742000006
2024-12-19T17:00,3600,0.0,0.14199173095,0.0,0.0,0.0,0.14199173095
2024-12-19T18:00,3600,0.0,0.00929739855,0.0,0.0,0.0,0.00929739855
2024-12-19T19:00,3600,0.0,0.0,0.0,0.0,0.0,0.0
2024-12-19T20:00,3600,0.0,0.0,0.0,0.0,0.0,0.0
2024-12-19T21:00,3600,0.0,0.0,0.0,0.0,0.0,0.0
2024-12-19T22:00,3600,0.0,0.0,0.0,0.0,0.0,0.0
2024-12-19T23:00,3600,0.0,0.0,0.0,0.0,0.0,0.0
2024-12-20T00:00,3600,0.0,0.0,0.0,0.0,0.0,0.0
2024-12-20T01:00,3600,0.0,0.0,0.0,0.0,0.0,0.0
2024-12-20T02:00,3600,0.0,0.0,0.0,0.0,0.0,0.0
2024-12-20T03:00,3600,0.0,0.0,0.0,0.0,0.0,0.0
2024-12-20T04:00,3600,0.0,0.0,0.0,0.0,0.0,0.0
2024-12-20T05:00,3600,0.0,0.0,0.0,0.0,0.0,0.0
2024-12-20T06:00,3600,0.0,0.0,0.0,0.0,0.0,0.0
2024-12-20T07:00,3600,0.0,0.0,0.0,0.0,0.0,0.0
2024-12-20T08:00,3600,0.0,0.10787433934,0.0,0.0,0.0,0.10787433934
2024-12-20T09:00,3600,0.0,0.36692886759,0.0,0.0,0.0,0.36692886759
2024-12-20T10:00,3600,0.0,0.54171550474,0.0,0.0,0.0,0.54171550474
2024-12-20T11:00,3600,0.0,0.6533623484100001,0.0,0.0,0.0,0.6533623484100001
2024-12-20T12:00,3600,0.0,0.6947424,0.0,0.0,0.0,0.6947424
2024-12-20T13:00,3600,0.0,0.67410597593,0.0,0.0,0.0,0.67410597593
2024-12-20T14:00,3600,0.0,0.6027284110900001,0.0,0.0,0.0,0.6027284110900001
2024-12-20T15:00,3600,0.0,0.48127858328,0.0,0.0,0.0,0.48127858328
2024-12-20T16:00,3600,0.0,0.32146128676,0.0,0.0,0.0,0.32146128676
2024-12-20T17:00,3600,0.0,0.14293961986,0.0,0.0,0.0,0.14293961986
2024-12-20T18:00,3600,0.0,0.009358842320000001,0.0,0.0,0.0,0.009358842320000001
2024-12-20T19:00,3600,0.0,0.0,0.0,0.0,0.0,0.0
2024-12-20T20:00,3600,0.0,0.0,0.0,0.0,0.0,0.0
2024-12-20T21:00,3600,0.0,0.0,0.0,0.0,0.0,0.0
2024-12-20T22:00,3600,0.0,0.0,0.0,0.0,0.0,0.0
2024-12-20T23:00,3600,0.0,0.0,0.0,0.0,0.0,0.0
2024-12-21T00:00,3600,0.0,0.0,0.0,0.0,0.0,0.0
2024-12-21T01:00,3600,0.0,0.0,0.0,0.0,0.0,0.0
2024-12-21T02:00,3600,0.0,0.0,0.0,0.0,0.0,0.0
2024-12-21T03:00,3600,0.0,0.0,0.0,0.0,0.0,0.0
2024-12-21T04:00,3600,0.0,0.0,0.0,0.0,0.0,0.0
2024-12-21T05:00,3600,0.0,0.0,0.0,0.0,0.0,0.0
2024-12-21T06:00,3600,0.0,0.0,0.0,0.0,0.0,0.0
2024-12-21T07:00,3600,0.0,0.0,0.0,0.0,0.0,0.0
2024-12-21T08:00,3600,0.0,0.10317922931,0.0,0.0,0.0,0.10317922931
2024-12-21T09:00,3600,0.0,0.34297537562,0.0,0.0,0.0,0.34297537562
2024-12-21T10:00,3600,0.0,0.5239710655200001,0.0,0.0,0.0,0.5239710655200001
2024-12-21T11:00,3600,0.0,0.6340541854299999,0.0,0.0,0.0,0.6340541854299999
2024-12-21T12:00,3600,0.0,0.6809484568799999,0.0,0.0,0.0,0.6809484568799999
2024-12-21T13:00,3600,0.0,0.66143089726,0.0,0.0,0.0,0.66143089726
2024-12-21T14:00,3600,0.0,0.5983166583199999,0.0,0.0,0.0,0.5983166583199999
2024-12-21T15:00,3600,0.0,0.47747158981000004,0.0,0.0,0.0,0.47747158981000004
2024-12-21T16:00,3600,0.0,0.3181916928,0.0,0.0,0.0,0.3181916928
2024-12-21T17:00,3600,0.0,0.14212405439,0.0,0.0,0.0,0.14212405439
2024-12-21T18:00,3600,0.0,0.009159514899999999,0.0,0.0,0.0,0.009159514899999999
2024-12-21T19:00,3600,0.0,0.0,0.0,0.0,0.0,0.0
2024-12-21T20:00,3600,0.0,0.0,0.0,0.0,0.0,0.0
2024-12-21T21:00,3600,0.0,0.0,0.0,0.0,0.0,0.0
2024-12-21T22:00,3600,0.0,0.0,0.0,0.0,0.0,0.0
2024-12-21T23:00,3600,0.0,0.0,0.0,0.0,0.0,0.0
2024-12-22T00:00,3600,0.0,0.0,0.0,0.0,0.0,0.0
2024-12-22T01:00,3600,0.0,0.0,0.0,0.0,0.0,0.0
2024-12-22T02:00,3600,0.0,0.0,0.0,0.0,0.0,0.0
2024-12-22T03:00,3600,0.0,0.0,0.0,0.0,0.0,0.0
2024-12-22T04:00,3600,0.0,0.0,0.0,0.0,0.0,0.0
2024-12-22T05:00,3600,0.0,0.0,0.0,0.0,0.0,0.0
2024-12-22T06:00,3600,0.0,0.0,0.0,0.0,0.0,0.0
2024-12-22T07:00,3600,0.0,0.0,0.0,0.0,0.0,0.0
2024-12-22T08:00,3600,0.0,0.09610455489,0.0,0.0,0.0,0.09610455489
2024-12-22T09:00,3600,0.0,0.34595374947999996,0.0,0.0,0.0,0.34595374947999996
2024-12-22T10:00,3600,0.0,0.51473812332,0.0,0.0,0.0,0.51473812332
2024-12-22T11:00,3600,0.0,0.6362957794,0.0,0.0,0.0,0.6362957794
2024-12-22T12:00,3600,0.0,0.6777773911,0.0,0.0,0.0,0.6777773911
2024-12-22T13:00,3600,0.0,0.65259654782,0.0,0.0,0.0,0.65259654782
2024-12-22T14:00,3600,0.0,0.5854173730300001,0.0,0.0,0.0,0.5854173730300001
2024-12-22T15:00,3600,0.0,0.46588533814,0.0,0.0,0.0,0.46588533814
2024-12-22T16:00,3600,0.0,0.31237360256,0.0,0.0,0.0,0.31237360256
2024-12-22T17:00,3600,0.0,0.14253208531,0.0,0.0,0.0,0.14253208531
2024-12-22T18:00,3600,0.0,0.0117605583,0.0,0.0,0.0,0.0117605583
2024-12-22T19:00,3600,0.0,0.0,0.0,0.0,0.0,0.0
2024-12-22T20:00,3600,0.0,0.0,0.0,0.0,0.0,0.0
2024-12-22T21:00,3600,0.0,0.0,0.0,0.0,0.0,0.0
2024-12-22T22:00,3600,0.0,0.0,0.0,0.0,0.0,0.0
2024-12-22T23:00,3600,0.0,0.0,0.0,0.0,0.0,0.0
2024-12-23T00:00,3600,0.0,0.0,0.0,0.0,0.0,0.0
2024-12-23T01:00,3600,0.0,0.0,0.0,0.0,0.0,0.0
2024-12-23T02:00,3600,0.0,0.0,0.0,0.0,0.0,0.0
2024-12-23T03:00,3600,0.0,0.0,0.0,0.0,0.0,0.0
2024-12-23T04:00,3600,0.0,0.0,0.0,0.0,0.0,0.0
2024-12-23T05:00,3600,0.0,0.0,0.0,0.0,0.0,0.0
2024-12-23T06:00,3600,0.0,0.0,0.0,0.0,0.0,0.0
2024-12-23T07:00,3600,0.0,0.0,0.0,0.0,0.0,0.0
2024-12-23T08:00,3600,0.0,0.07082149431000001,0.0,0.0,0.0,0.07082149431000001
2024-12-23T09:00,3600,0.0,0.26771007255,0.0,0.0,0.0,0.26771007255
2024-12-23T10:00,3600,0.0,0.36893607137,0.0,0.0,0.0,0.36893607137
2024-12-23T11:00,3600,0.0,0.47236602542999995,0.0,0.0,0.0,0.47236602542999995
2024-12-23T12:00,3600,0.0,0.48330780053,0.0,0.0,0.0,0.48330780053
2024-12-23T13:00,3600,0.0,0.47572457259999995,0.0,0.0,0.0,0.47572457259999995
2024-12-23T14:00,3600,0.0,0.34815457317,0.0,0.0,0.0,0.34815457317
2024-12-23T15:00,3600,0.0,0.20091893749,0.0,0.0,0.0,0.20091893749
2024-12-23T16:00,3600,0.0,0.11783389843,0.0,0.0,0.0,0.11783389843
2024-12-23T17:00,3600,0.0,0.05928696978,0.0,0.0,0.0,0.05928696978
2024-12-23T18:00,3600,0.0,0.006595503650000001,0.0,0.0,0.0,0.006595503650000001
2024-12-23T19:00,3600,0.0,0.0,0.0,0.0,0.0,0.0
2024-12-23T20:00,3600,0.0,0.0,0.0,0.0,0.0,0.0
2024-12-23T21:00,3600,0.0,0.0,0.0,0.0,0.0,0.0
2024-12-23T22:00,3600,0.0,0.0,0.0,0.0,0.0,0.0
2024-12-23T23:00,3600,0.0,0.0,0.0,0.0,0.0,0.0
2024-12-24T00:00,3600,0.0,0.0,0.0,0.0,0.0,0.0
2024-12-24T01:00,3600,0.0,0.0,0.0,0.0,0.0,0.0
2024-12-24T02:00,3600,0.0,0.0,0.0,0.0,0.0,0.0
2024-12-24T03:00,3600,0.0,0.0,0.0,0.0,0.0,0.0
2024-12-24T04:00,3600,0.0,0.0,0.0,0.0,0.0,0.0
2024-12-24T05:00,3600,0.0,0.0,0.0,0.0,0.0,0.0
2024-12-24T06:00,3600,0.0,0.0,0.0,0.0,0.0,0.0
2024-12-24T07:00,3600,0.0,0.0,0.0,0.0,0.0,0.0
2024-12-24T08:00,3600,0.0,0.06973359397000001,0.0,0.0,0.0,0.06973359397000001
2024-12-24T09:00,3600,0.0,0.26585776444,0.0,0.0,0.0,0.26585776444
2024-12-24T10:00,3600,0.0,0.40285882945,0.0,0.0,0.0,0.40285882945
2024-12-24T11:00,3600,0.0,0.5502954466100001,0.0,0.0,0.0,0.5502954466100001
2024-12-24T12:00,3600,0.0,0.52625462423,0.0,0.0,0.0,0.52625462423
2024-12-24T13:00,3600,0.0,0.60316626821,0.0,0.0,0.0,0.60316626821
2024-12-24T14:00,3600,0.0,0.5451644836,0.0,0.0,0.0,0.5451644836
2024-12-24T15:00,3600,0.0,0.46719177001,0.0,0.0,0.0,0.46719177001
2024-12-24T16:00,3600,0.0,0.31858294284,0.0,0.0,0.0,0.31858294284
2024-12-24T17:00,3600,0.0,0.14121579875,0.0,0.0,0.0,0.14121579875
2024-12-24T18:00,3600,0.0,0.01085188716,0.0,0.0,0.0,0.01085188716
2024-12-24T19:00,3600,0.0,0.0,0.0,0.0,0.0,0.0
2024-12-24T20:00,3600,0.0,0.0,0.0,0.0,0.0,0.0
2024-12-24T21:00,3600,0.0,0.0,0.0,0.0,0.0,0.0
2024-12-24T22:00,3600,0.0,0.0,0.0,0.0,0.0,0.0
2024-12-24T23:00,3600,0.0,0.0,0.0,0.0,0.0,0.0
2024-12-25T00:00,3600,0.0,0.0,0.0,0.0,0.0,0.0
2024-12-25T01:00,3600,0.0,0.0,0.0,0.0,0.0,0.0
2024-12-25T02:00,3600,0.0,0.0,0.0,0.0,0.0,0.0
2024-12-25T03:00,3600,0.0,0.0,0.0,0.0,0.0,0.0
2024-12-25T04:00,3600,0.0,0.0,0.0,0.0,0.0,0.0
2024-12-25T05:00,3600,0.0,0.0,0.0,0.0,0.0,0.0
2024-12-25T06:00,3600,0.0,0.0,0.0,0.0,0.0,0.0
2024-12-25T07:00,3600,0.0,0.0,0.0,0.0,0.0,0.0
2024-12-25T08:00,3600,0.0,0.009774609580000001,0.0,0.0,0.0,0.009774609580000001
2024-12-25T09:00,3600,0.0,0.052351292540000004,0.0,0.0,0.0,0.052351292540000004
2024-12-25T10:00,3600,0.0,0.14413709739000002,0.0,0.0,0.0,0.14413709739000002
2024-12-25T11:00,3600,0.0,0.26313527693,0.0,0.0,0.0,0.26313527693
2024-12-25T12:00,3600,0.0,0.36203213155999997,0.0,0.0,0.0,0.36203213155999997
2024-12-25T13:00,3600,0.0,0.52189229952,0.0,0.0,0.0,0.52189229952
2024-12-25T14:00,3600,0.0,0.52248794737,0.0,0.0,0.0,0.52248794737
2024-12-25T15:00,3600,0.0,0.08499331552,0.0,0.0,0.0,0.08499331552
2024-12-25T16:00,3600,0.0,0.08008082086,0.0,0.0,0.0,0.08008082086
2024-12-25T17:00,3600,0.0,0.03471122006,0.0,0.0,0.0,0.03471122006
2024-12-25T18:00,3600,0.0,0.0007464951899999999,0.0,0.0,0.0,0.0007464951899999999
2024-12-25T19:00,3600,0.0,0.0,0.0,0.0,0.0,0.0
2024-12-25T20:00,3600,0.0,0.0,0.0,0.0,0.0,0.0
2024-12-25T21:00,3600,0.0,0.0,0.0,0.0,0.0,0.0
2024-12-25T22:00,3600,0.0,0.0,0.0,0.0,0.0,0.0
2024-12-25T23:00,3600,0.0,0.0,0.0,0.0,0.0,0.0
2024-12-26T00:00,3600,0.0,0.0,0.0,0.0,0.0,0.0
2024-12-26T01:00,3600,0.0,0.0,0.0,0.0,0.0,0.0
2024-12-26T02:00,3600,0.0,0.0,0.0,0.0,0.0,0.0
2024-12-26T03:00,3600,0.0,0.0,0.0,0.0,0.0,0.0
2024-12-26T04:00,3600,0.0,0.0,0.0,0.0,0.0,0.0
2024-12-26T05:00,3600,0.0,0.0,0.0,0.0,0.0,0.0
2024-12-26T06:00,3600,0.0,0.0,0.0,0.0,0.0,0.0
2024-12-26T07:00,3600,0.0,0.0,0.0,0.0,0.0,0.0
2024-12-26T08:00,3600,0.0,0.03204802296,0.0,0.0,0.0,0.03204802296
2024-12-26T09:00,3600,0.0,0.10160619712999999,0.0,0.0,0.0,0.10160619712999999
2024-12-26T10:00,3600,0.0,0.18531237028999997,0.0,0.0,0.0,0.18531237028999997
2024-12-26T11:00,3600,0.0,0.26433438962,0.0,0.0,0.0,0.26433438962
2024-12-26T12:00,3600,0.0,0.3566512188,0.0,0.0,0.0,0.3566512188
2024-12-26T13:00,3600,0.0,0.35030709948,0.0,0.0,0.0,0.35030709948
2024-12-26T14:00,3600,0.0,0.38144497311000003,0.0,0.0,0.0,0.38144497311000003
2024-12-26T15:00,3600,0.0,0.17766417114000002,0.0,0.0,0.0,0.17766417114000002
2024-12-26T16:00,3600,0.0,0.14364550912000001,0.0,0.0,0.0,0.14364550912000001
2024-12-26T17:00,3600,0.0,0.05652811853,0.0,0.0,0.0,0.05652811853
2024-12-26T18:00,3600,0.0,0.005672167420000001,0.0,0.0,0.0,0.005672167420000001
2024-12-26T19:00,3600,0.0,0.0,0.0,0.0,0.0,0.0
2024-12-26T20:00,3600,0.0,0.0,0.0,0.0,0.0,0.0
2024-12-26T21:00,3600,0.0,0.0,0.0,0.0,0.0,0.0
2024-12-26T22:00,3600,0.0,0.0,0.0,0.0,0.0,0.0
2024-12-26T23:00,3600,0.0,0.0,0.0,0.0,0.0,0.0
2024-12-27T00:00,3600,0.0,0.0,0.0,0.0,0.0,0.0
2024-12-27T01:00,3600,0.0,0.0,0.0,0.0,0.0,0.0
2024-12-27T02:00,3600,0.0,0.0,0.0,0.0,0.0,0.0
2024-12-27T03:00,3600,0.0,0.0,0.0,0.0,0.0,0.0
2024-12-27T04:00,3600,0.0,0.0,0.0,0.0,0.0,0.0
2024-12-27T05:00,3600,0.0,0.0,0.0,0.0,0.0,0.0
2024-12-27T06:00,3600,0.0,0.0,0.0,0.0,0.0,0.0
2024-12-27T07:00,3600,0.0,0.0,0.0,0.0,0.0,0.0
2024-12-27T08:00,3600,0.0,0.0713883436,0.0,0.0,0.0,0.0713883436
2024-12-27T09:00,3600,0.0,0.29097773771999996,0.0,0.0,0.0,0.29097773771999996
2024-12-27T10:00,3600,0.0,0.41963866057,0.0,0.0,0.0,0.41963866057
2024-12-27T11:00,3600,0.0,0.5510565562399999,0.0,0.0,0.0,0.5510565562399999
2024-12-27T12:00,3600,0.0,0.62934108924,0.0,0.0,0.0,0.62934108924
2024-12-27T13:00,3600,0.0,0.5319794609599999,0.0,0.0,0.0,0.5319794609599999
2024-12-27T14:00,3600,0.0,0.5003615393499999,0.0,0.0,0.0,0.5003615393499999
2024-12-27T15:00,3600,0.0,0.31872204591,0.0,0.0,0.0,0.31872204591
2024-12-27T16:00,3600,0.0,0.16608383147000003,0.0,0.0,0.0,0.16608383147000003
2024-12-27T17:00,3600,0.0,0.06086778355,0.0,0.0,0.0,0.06086778355
2024-12-27T18:00,3600,0.0,0.00322446814,0.0,0.0,0.0,0.00322446814
2024-12-27T19:00,3600,0.0,0.0,0.0,0.0,0.0,0.0
2024-12-27T20:00,3600,0.0,0.0,0.0,0.0,0.0,0.0
2024-12-27T21:00,3600,0.0,0.0,0.0,0.0,0.0,0.0
2024-12-27T22:00,3600,0.0,0.0,0.0,0.0,0.0,0.0
2024-12-27T23:00,3600,0.0,0.0,0.0,0.0,0.0,0.0
2024-12-28T00:00,3600,0.0,0.0,0.0,0.0,0.0,0.0
2024-12-28T01:00,3600,0.0,0.0,0.0,0.0,0.0,0.0
2024-12-28T02:00,3600,0.0,0.0,0.0,0.0,0.0,0.0
2024-12-28T03:00,3600,0.0,0.0,0.0,0.0,0.0,0.0
2024-12-28T04:00,3600,0.0,0.0,0.0,0.0,0.0,0.0
2024-12-28T05:00,3600,0.0,0.0,0.0,0.0,0.0,0.0
2024-12-28T06:00,3600,0.0,0.0,0.0,0.0,0.0,0.0
2024-12-28T07:00,3600,0.0,0.0,0.0,0.0,0.0,0.0
2024-12-28T08:00,3600,0.0,0.03392545852,0.0,0.0,0.0,0.03392545852
2024-12-28T09:00,3600,0.0,0.26539475146,0.0,0.0,0.0,0.26539475146
2024-12-28T10:00,3600,0.0,0.51351378389,0.0,0.0,0.0,0.51351378389
2024-12-28T11:00,3600,0.0,0.6387152953999999,0.0,0.0,0.0,0.6387152953999999
2024-12-28T12:00,3600,0.0,0.69238347669,0.0,0.0,0.0,0.69238347669
2024-12-28T13:00,3600,0.0,0.6788823060099999,0.0,0.0,0.0,0.6788823060099999
2024-12-28T14:00,3600,0.0,0.6111223701099999,0.0,0.0,0.0,0.6111223701099999
2024-12-28T15:00,3600,0.0,0.48728950857,0.0,0.0,0.0,0.48728950857
2024-12-28T16:00,3600,0.0,0.33353097391,0.0,0.0,0.0,0.33353097391
2024-12-28T17:00,3600,0.0,0.15491379817,0.0,0.0,0.0,0.15491379817
2024-12-28T18:00,3600,0.0,0.01259084126,0.0,0.0,0.0,0.01259084126
2024-12-28T19:00,3600,0.0,0.0,0.0,0.0,0.0,0.0
2024-12-28T20:00,3600,0.0,0.0,0.0,0.0,0.0,0.0
2024-12-28T21:00,3600,0.0,0.0,0.0,0.0,0.0,0.0
2024-12-28T22:00,3600,0.0,0.0,0.0,0.0,0.0,0.0
2024-12-28T23:00,3600,0.0,0.0,0.0,0.0,0.0,0.0
2024-12-29T00:00,3600,0.0,0.0,0.0,0.0,0.0,0.0
2024-12-29T01:00,3600,0.0,0.0,0.0,0.0,0.0,0.0
2024-12-29T02:00,3600,0.0,0.0,0.0,0.0,0.0,0.0
2024-12-29T03:00,3600,0.0,0.0,0.0,0.0,0.0,0.0
2024-12-29T04:00,3600,0.0,0.0,0.0,0.0,0.0,0.0
2024-12-29T05:00,3600,0.0,0.0,0.0,0.0,0.0,0.0
2024-12-29T06:00,3600,0.0,0.0,0.0,0.0,0.0,0.0
2024-12-29T07:00,3600,0.0,0.0,0.0,0.0,0.0,0.0
2024-12-29T08:00,3600,0.0,0.09232586873,0.0,0.0,0.0,0.09232586873
2024-12-29T09:00,3600,0.0,0.3562009145,0.0,0.0,0.0,0.3562009145
2024-12-29T10:00,3600,0.0,0.53246997221,0.0,0.0,0.0,0.53246997221
2024-12-29T11:00,3600,0.0,0.6479957637300001,0.0,0.0,0.0,0.6479957637300001
2024-12-29T12:00,3600,0.0,0.6947424,0.0,0.0,0.0,0.6947424
2024-12-29T13:00,3600,0.0,0.6750562485299999,0.0,0.0,0.0,0.6750562485299999
2024-12-29T14:00,3600,0.0,0.60566557096,0.0,0.0,0.0,0.60566557096
2024-12-29T15:00,3600,0.0,0.48209988657999997,0.0,0.0,0.0,0.48209988657999997
2024-12-29T16:00,3600,0.0,0.32695545406000004,0.0,0.0,0.0,0.32695545406000004
2024-12-29T17:00,3600,0.0,0.15269796149,0.0,0.0,0.0,0.15269796149
2024-12-29T18:00,3600,0.0,0.01261465576,0.0,0.0,0.0,0.01261465576
2024-12-29T19:00,3600,0.0,0.0,0.0,0.0,0.0,0.0
2024-12-29T20:00,3600,0.0,0.0,0.0,0.0,0.0,0.0
2024-12-29T21:00,3600,0.0,0.0,0.0,0.0,0.0,0.0
2024-12-29T22:00,3600,0.0,0.0,0.0,0.0,0.0,0.0
2024-12-29T23:00,3600,0.0,0.0,0.0,0.0,0.0,0.0
2024-12-30T00:00,3600,0.0,0.0,0.0,0.0,0.0,0.0
2024-12-30T01:00,3600,0.0,0.0,0.0,0.0,0.0,0.0
2024-12-30T02:00,3600,0.0,0.0,0.0,0.0,0.0,0.0
2024-12-30T03:00,3600,0.0,0.0,0.0,0.0,0.0,0.0
2024-12-30T04:00,3600,0.0,0.0,0.0,0.0,0.0,0.0
2024-12-30T05:00,3600,0.0,0.0,0.0,0.0,0.0,0.0
2024-12-30T06:00,3600,0.0,0.0,0.0,0.0,0.0,0.0
2024-12-30T07:00,3600,0.0,0.0,0.0,0.0,0.0,0.0
2024-12-30T08:00,3600,0.0,0.08092630398,0.0,0.0,0.0,0.08092630398
2024-12-30T09:00,3600,0.0,0.33200522333,0.0,0.0,0.0,0.33200522333
2024-12-30T10:00,3600,0.0,0.5070875808299999,0.0,0.0,0.0,0.5070875808299999
2024-12-30T11:00,3600,0.0,0.61827503281,0.0,0.0,0.0,0.61827503281
2024-12-30T12:00,3600,0.0,0.6715089947599999,0.0,0.0,0.0,0.6715089947599999
2024-12-30T13:00,3600,0.0,0.6558508126299999,0.0,0.0,0.0,0.6558508126299999
2024-12-30T14:00,3600,0.0,0.59401373449,0.0,0.0,0.0,0.59401373449
2024-12-30T15:00,3600,0.0,0.48245858829,0.0,0.0,0.0,0.48245858829
2024-12-30T16:00,3600,0.0,0.32681770408,0.0,0.0,0.0,0.32681770408
2024-12-30T17:00,3600,0.0,0.1531554236,0.0,0.0,0.0,0.1531554236
2024-12-30T18:00,3600,0.0,0.01249937888,0.0,0.0,0.0,0.01249937888
2024-12-30T19:00,3600,0.0,0.0,0.0,0.0,0.0,0.0
2024-12-30T20:00,3600,0.0,0.0,0.0,0.0,0.0,0.0
2024-12-30T21:00,3600,0.0,0.0,0.0,0.0,0.0,0.0
2024-12-30T22:00,3600,0.0,0.0,0.0,0.0,0.0,0.0
2024-12-30T23:00,3600,0.0,0.0,0.0,0.0,0.0,0.0
2024-12-31T00:00,3600,0.0,0.0,0.0,0.0,0.0,0.0
2024-12-31T01:00,3600,0.0,0.0,0.0,0.0,0.0,0.0
2024-12-31T02:00,3600,0.0,0.0,0.0,0.0,0.0,0.0
2024-12-31T03:00,3600,0.0,0.0,0.0,0.0,0.0,0.0
2024-12-31T04:00,3600,0.0,0.0,0.0,0.0,0.0,0.0
2024-12-31T05:00,3600,0.0,0.0,0.0,0.0,0.0,0.0
2024-12-31T06:00,3600,0.0,0.0,0.0,0.0,0.0,0.0
2024-12-31T07:00,3600,0.0,0.0,0.0,0.0,0.0,0.0
2024-12-31T08:00,3600,0.0,0.08290074127,0.0,0.0,0.0,0.08290074127
2024-12-31T09:00,3600,0.0,0.33734902612,0.0,0.0,0.0,0.33734902612
2024-12-31T10:00,3600,0.0,0.51493878573,0.0,0.0,0.0,0.51493878573
2024-12-31T11:00,3600,0.0,0.62932027253,0.0,0.0,0.0,0.62932027253
2024-12-31T12:00,3600,0.0,0.67308889699,0.0,0.0,0.0,0.67308889699
2024-12-31T13:00,3600,0.0,0.6614245976400001,0.0,0.0,0.0,0.6614245976400001
2024-12-31T14:00,3600,0.0,0.5995495347099999,0.0,0.0,0.0,0.5995495347099999
2024-12-31T15:00,3600,0.0,0.45713253724999997,0.0,0.0,0.0,0.45713253724999997
2024-12-31T16:00,3600,0.0,0.31349558373,0.0,0.0,0.0,0.31349558373
2024-12-31T17:00,3600,0.0,0.14610946433000002,0.0,0.0,0.0,0.14610946433000002
2024-12-31T18:00,3600,0.0,0.013303782440000002,0.0,0.0,0.0,0.013303782440000002
2024-12-31T19:00,3600,0.0,0.0,0.0,0.0,0.0,0.0
2024-12-31T20:00,3600,0.0,0.0,0.0,0.0,0.0,0.0
2024-12-31T21:00,3600,0.0,0.0,0.0,0.0,0.0,0.0
2024-12-31T22:00,3600,0.0,0.0,0.0,0.0,0.0,0.0
2024-12-31T23:00,3600,0.0,0.0,0.0,0.0,0.0,0.0
