Datetime,CHWC_VLV,CHWC_VLV_DM,MA_TEMP,OA_CFM,OA_DMPR,OA_DMPR_DM,OA_TEMP,RA_CFM,RA_DMPR,RA_DMPR_DM,RA_TEMP,RF_CS,RF_SPD,RF_SPD_DM,RF_WAT,SA_CFM,SA_SP,SA_SPSPT,SA_TEMP,SA_TEMPSPT,SF_CS,SF_SPD,SF_SPD_DM,SF_WAT,SYS_CTL,ZONE_TEMP_1,ZONE_TEMP_2,ZONE_TEMP_3,ZONE_TEMP_4,ZONE_TEMP_5
2018-04-10 00:00:00,-3.0450769000000002e-27,0.0,55.680645,357730.44,0.0,0.0,35.977985,1.1619784e-06,1.0,1.0,70.589554,0.0,0.0,0.0,-1.12214225e-23,-5.609099e-07,401.865,1.60746,55.680645,55.184006,0.0,0.9,0.0,-1.998948e-26,0.0,74.95671,71.97826,68.163635,68.339966,69.509186
2018-04-10 00:01:00,4.4829567000000004e-27,0.0,55.680645,357730.44,0.0,0.0,35.960022,0.0,1.0,1.0,70.58577,0.0,0.0,0.0,-4.253045e-25,-1.0102444e-06,401.865,1.60746,55.680645,55.184006,0.0,0.9,0.0,-1.541649e-24,0.0,74.95709,71.97183,68.15958,68.33656,69.50381
2018-04-10 00:02:00,6.0269963e-27,0.0,55.680645,357730.44,0.0,0.0,35.945026,-1.1619784e-06,1.0,1.0,70.583824,0.0,0.0,0.0,-1.876476e-24,-1.0373456e-06,401.865,1.60746,55.680645,55.184006,0.0,0.9,0.0,-4.6608275e-26,0.0,74.96401,71.96596,68.156334,68.3336,69.49919
2018-04-10 00:03:00,2.4555509e-27,0.0,55.680645,357730.44,0.0,0.0,35.93003,0.0,1.0,1.0,70.58144,0.0,0.0,0.0,-2.5690085e-27,4.8059513e-07,401.865,1.60746,55.680645,55.184006,0.0,0.9,0.0,-2.8221604000000003e-26,0.0,74.968796,71.960075,68.15309,68.33069,69.49458
2018-04-10 00:04:00,-1.1342004000000001e-28,0.0,55.680645,357730.44,0.0,0.0,35.91503,1.1619784e-06,1.0,1.0,70.57921,0.0,0.0,0.0,-1.4025748e-23,4.480456e-06,401.865,1.60746,55.680645,55.184006,0.0,0.9,0.0,-3.0329781e-25,0.0,74.97423,71.95419,68.14986,68.32772,69.49002
2018-04-10 00:05:00,1.5824774000000002e-27,0.0,55.680645,357730.44,0.0,0.0,35.884987,-1.1619784e-06,1.0,1.0,70.5769,0.0,0.0,0.0,-3.2433381000000003e-24,2.5598247e-06,401.865,1.60746,55.680645,55.184006,0.0,0.9,0.0,-1.8007645e-26,0.0,74.97934,71.94832,68.14661,68.324814,69.485405
2018-04-10 00:06:00,2.6511244000000002e-27,0.0,55.680645,357730.44,0.0,0.0,35.884987,-1.1619784e-06,1.0,1.0,70.57461,0.0,0.0,0.0,-2.7392014e-25,-6.9250285e-07,401.865,1.60746,55.680645,55.184006,0.0,0.9,0.0,-3.4008444000000004e-26,0.0,74.9845,71.942444,68.14337,68.3219,69.48085
2018-04-10 00:07:00,1.6651290000000003e-27,0.0,55.680645,357730.44,0.0,0.0,35.869987,-1.1619784e-06,1.0,1.0,70.572296,0.0,0.0,0.0,-2.4722824e-25,2.54661e-07,401.865,1.60746,55.680645,55.184006,0.0,0.9,0.0,-8.601237e-27,0.0,74.989555,71.93657,68.14013,68.318985,69.47623
2018-04-10 00:08:00,-7.536235000000001e-27,0.0,55.680645,357730.44,0.0,0.0,35.854992,-1.1619784e-06,1.0,1.0,70.56996,0.0,0.0,0.0,-1.7861345e-24,4.748623e-06,401.865,1.60746,55.680645,55.184006,0.0,0.9,0.0,-7.340721e-29,0.0,74.9945,71.93074,68.13689,68.316025,69.47167
2018-04-10 00:09:00,-6.3299328e-27,0.0,55.680645,357730.44,0.0,0.0,35.839996,1.1619784e-06,1.0,1.0,70.56764,0.0,0.0,0.0,-8.341498e-24,9.153302e-07,401.865,1.60746,55.680645,55.184006,0.0,0.9,0.0,-2.5545367e-25,0.0,74.99944,71.924866,68.13365,68.31311,69.46712
2018-04-10 00:10:00,-1.3223888000000002e-27,0.0,55.680645,357730.44,0.0,0.0,35.825,0.0,1.0,1.0,70.565285,0.0,0.0,0.0,-2.0694742e-23,2.911989e-07,401.865,1.60746,55.680645,55.184006,0.0,0.9,0.0,-5.656254e-25,0.0,75.00427,71.91899,68.13046,68.310196,69.462494
2018-04-10 00:11:00,-1.1913997000000001e-27,0.0,55.680645,357730.44,0.0,0.0,35.810005,0.0,1.0,1.0,70.56293,0.0,0.0,0.0,-6.0651306e-24,1.729931e-06,401.865,1.60746,55.680645,55.184006,0.0,0.9,0.0,-2.4556693e-25,0.0,75.009056,71.91316,68.12722,68.307236,69.45794
2018-04-10 00:12:00,3.3617635000000004e-27,0.0,55.680645,357730.44,0.0,0.0,35.795006,-1.1619784e-06,1.0,1.0,70.56055,0.0,0.0,0.0,-5.920806e-24,2.6669597e-06,401.865,1.60746,55.680645,55.184006,0.0,0.9,0.0,-6.582966999999999e-26,0.0,75.01378,71.90729,68.12398,68.30432,69.453384
2018-04-10 00:13:00,-2.3629692e-28,0.0,55.680645,357730.44,0.0,0.0,35.765015,-1.1619784e-06,1.0,1.0,70.558174,0.0,0.0,0.0,-4.4161257e-25,-1.6724682e-08,401.865,1.60746,55.680645,55.184006,0.0,0.9,0.0,-3.014354e-25,0.0,75.018394,71.90146,68.12079,68.30141,69.44882
2018-04-10 00:14:00,-1.3388375e-27,0.0,55.680645,357730.44,0.0,0.0,35.765015,-1.1619784e-06,1.0,1.0,70.55576,0.0,0.0,0.0,-3.3707036e-24,2.9408666e-06,401.865,1.60746,55.680645,55.184006,0.0,0.9,0.0,-2.6364144e-26,0.0,75.02295,71.895584,68.11755,68.29845,69.44426
2018-04-10 00:15:00,-8.072396700000001e-28,0.0,55.680645,357730.44,0.0,0.0,35.75002,0.0,1.0,1.0,70.55335,0.0,0.0,0.0,-5.0652207e-24,8.0546585e-07,401.865,1.60746,55.680645,55.184006,0.0,0.9,0.0,-1.1148961e-25,0.0,75.02746,71.88976,68.11431,68.29553,69.4397
2018-04-10 00:16:00,4.482378e-27,0.0,55.680645,357730.44,0.0,0.0,35.735023,1.1619784e-06,1.0,1.0,70.55095,0.0,0.0,0.0,-4.596396000000001e-25,-7.793091e-06,401.865,1.60746,55.680645,55.184006,0.0,0.9,0.0,-1.2450317400000001e-26,0.0,75.031906,71.88394,68.11113,68.29262,69.43514
2018-04-10 00:17:00,-4.8290503e-28,0.0,55.680645,357730.44,0.0,0.0,35.720024,-1.1619784e-06,1.0,1.0,70.5485,0.0,0.0,0.0,-1.0551747999999999e-25,1.6230846e-06,401.865,1.60746,55.680645,55.184006,0.0,0.9,0.0,-1.8732591999999998e-25,0.0,75.0363,71.87807,68.10788,68.28966,69.43059
2018-04-10 00:18:00,4.6252224e-28,0.0,55.680645,357730.44,0.0,0.0,35.70503,0.0,1.0,1.0,70.54606,0.0,0.0,0.0,-5.1349706e-24,5.672824e-06,401.865,1.60746,55.680645,55.184006,0.0,0.9,0.0,-1.0159761e-24,0.0,75.04064,71.87224,68.104645,68.28674,69.426025
2018-04-10 00:19:00,-9.899488e-28,0.0,55.680645,357730.44,0.0,0.0,35.690033,0.0,1.0,1.0,70.5436,0.0,0.0,0.0,-1.3946021e-23,1.22570755e-05,401.865,1.60746,55.680645,55.184006,0.0,0.9,0.0,-1.1274791e-24,0.0,75.044876,71.86642,68.101456,68.28383,69.42146
2018-04-10 00:20:00,-8.967058000000001e-27,0.0,55.680645,357730.44,0.0,0.0,35.659985,-1.1619784e-06,1.0,1.0,70.54112,0.0,0.0,0.0,-1.4594776000000002e-26,-4.977915e-06,401.865,1.60746,55.680645,55.184006,0.0,0.9,0.0,-8.516973e-25,0.0,75.0491,71.860535,68.09822,68.28087,69.4169
2018-04-10 00:21:00,-1.0842338000000001e-26,0.0,55.680645,357730.44,0.0,0.0,35.64499,0.0,1.0,1.0,70.53866,0.0,0.0,0.0,-9.192904e-24,-4.842715e-06,401.865,1.60746,55.680645,55.184006,0.0,0.9,0.0,-4.4552246e-25,0.0,75.05322,71.85472,68.09503,68.277954,69.412346
2018-04-10 00:22:00,-1.1805409999999999e-26,0.0,55.680645,357730.44,0.0,0.0,35.64499,0.0,1.0,1.0,70.53617,0.0,0.0,0.0,-1.6960470000000002e-23,6.071528e-06,401.865,1.60746,55.680645,55.184006,0.0,0.9,0.0,-9.672225000000001e-25,0.0,75.05734,71.84889,68.09179,68.27504,69.40779
2018-04-10 00:23:00,4.0228553e-28,0.0,55.680645,357730.44,0.0,0.0,35.629993,1.1619784e-06,1.0,1.0,70.533676,0.0,0.0,0.0,-2.2930826e-24,-2.359377e-06,401.865,1.60746,55.680645,55.184006,0.0,0.9,0.0,-2.3322293e-25,0.0,75.061356,71.84307,68.08861,68.27208,69.40328
2018-04-10 00:24:00,-4.656414e-28,0.0,55.680645,357730.44,0.0,0.0,35.614998,1.1619784e-06,1.0,1.0,70.531166,0.0,0.0,0.0,-4.7631554999999995e-25,2.90998e-06,401.865,1.60746,55.680645,55.184006,0.0,0.9,0.0,-6.316784499999999e-25,0.0,75.06531,71.83725,68.08536,68.269165,69.39873
2018-04-10 00:25:00,1.3272425000000002e-27,0.0,55.680645,357730.44,0.0,0.0,35.6,0.0,1.0,1.0,70.52865,0.0,0.0,0.0,-3.0460438e-24,4.4670664e-06,401.865,1.60746,55.680645,55.184006,0.0,0.9,0.0,-7.164755e-25,0.0,75.06926,71.83142,68.08218,68.26625,69.394165
2018-04-10 00:26:00,2.7777634000000002e-27,0.0,55.680645,357730.44,0.0,0.0,35.585003,1.1619784e-06,1.0,1.0,70.52612,0.0,0.0,0.0,-1.8420385e-23,1.6231539e-06,401.865,1.60746,55.680645,55.184006,0.0,0.9,0.0,-8.423160999999999e-26,0.0,75.073105,71.82561,68.07893,68.26329,69.38966
2018-04-10 00:27:00,4.9999720000000005e-27,0.0,55.680645,357730.44,0.0,0.0,35.570007,0.0,1.0,1.0,70.523575,0.0,0.0,0.0,-6.356001699999999e-25,-1.3567424e-06,401.865,1.60746,55.680645,55.184006,0.0,0.9,0.0,-1.2636513e-25,0.0,75.0769,71.81978,68.075745,68.260376,69.3851
2018-04-10 00:28:00,6.1299499999999996e-27,0.0,55.680645,357730.44,0.0,0.0,35.540016,0.0,1.0,1.0,70.52102,0.0,0.0,0.0,-1.9940135e-23,8.928523e-06,401.865,1.60746,55.680645,55.184006,0.0,0.9,0.0,-5.651968e-25,0.0,75.08069,71.81396,68.07251,68.25741,69.38054
2018-04-10 00:29:00,1.3617209e-27,0.0,55.680645,357730.44,0.0,0.0,35.525017,0.0,1.0,1.0,70.51847,0.0,0.0,0.0,-3.5452528000000003e-26,-3.5067708e-07,401.865,1.60746,55.680645,55.184006,0.0,0.9,0.0,-1.6880533000000002e-26,0.0,75.084366,71.808136,68.06932,68.2545,69.37604
2018-04-10 00:30:00,4.160468e-28,0.0,55.680645,357730.44,0.0,0.0,35.525017,0.0,1.0,1.0,70.51589,0.0,0.0,0.0,-5.1833782e-24,2.596964e-06,401.865,1.60746,55.680645,55.184006,0.0,0.9,0.0,-1.1959489e-25,0.0,75.088,71.80231,68.066086,68.25159,69.371475
2018-04-10 00:31:00,1.8537566e-28,0.0,55.680645,357730.44,0.0,0.0,35.51002,-1.1619784e-06,1.0,1.0,70.51332,0.0,0.0,0.0,-2.3644102e-23,-6.3509206e-06,401.865,1.60746,55.680645,55.184006,0.0,0.9,0.0,-1.0137142e-24,0.0,75.09161,71.79649,68.0629,68.24862,69.366974
2018-04-10 00:32:00,-3.8458926000000004e-27,0.0,55.680645,357730.44,0.0,0.0,35.495026,1.1619784e-06,1.0,1.0,70.51074,0.0,0.0,0.0,-1.9424814e-24,-4.484129e-06,401.865,1.60746,55.680645,55.184006,0.0,0.9,0.0,-1.4763989e-24,0.0,75.095184,71.790726,68.059654,68.24571,69.36241
2018-04-10 00:33:00,6.09401e-27,0.0,55.680645,357730.44,0.0,0.0,35.48003,0.0,1.0,1.0,70.50814,0.0,0.0,0.0,-3.1658264e-24,-5.9879176e-06,401.865,1.60746,55.680645,55.184006,0.0,0.9,0.0,-5.926426e-25,0.0,75.09871,71.7849,68.05647,68.24274,69.35791
2018-04-10 00:34:00,-2.4952707000000002e-27,0.0,55.680645,357730.44,0.0,0.0,35.465034,-1.1619784e-06,1.0,1.0,70.50553,0.0,0.0,0.0,-6.5045477e-26,1.508168e-06,401.865,1.60746,55.680645,55.184006,0.0,0.9,0.0,-6.058004000000001e-25,0.0,75.102165,71.779076,68.05322,68.23983,69.35335
2018-04-10 00:35:00,-8.549453e-28,0.0,55.680645,357730.44,0.0,0.0,35.450035,-1.1619784e-06,1.0,1.0,70.50292,0.0,0.0,0.0,-1.1318986e-23,-2.6619173e-06,401.865,1.60746,55.680645,55.184006,0.0,0.9,0.0,-3.6225707000000004e-26,0.0,75.105576,71.77331,68.05004,68.23686,69.34885
2018-04-10 00:36:00,8.983231000000001e-27,0.0,55.680645,357730.44,0.0,0.0,35.434986,-1.1619784e-06,1.0,1.0,70.500305,0.0,0.0,0.0,-1.7271013e-24,-3.2196772e-06,401.865,1.60746,55.680645,55.184006,0.0,0.9,0.0,-3.4403436999999996e-25,0.0,75.10892,71.76749,68.04686,68.23395,69.344284
2018-04-10 00:37:00,2.4411226e-27,0.0,55.680645,357730.44,0.0,0.0,35.40499,0.0,1.0,1.0,70.49765,0.0,0.0,0.0,-1.9356032e-23,-6.3218286e-06,401.865,1.60746,55.680645,55.184006,0.0,0.9,0.0,-2.8128256e-25,0.0,75.11221,71.76166,68.04361,68.23099,69.33978
2018-04-10 00:38:00,-6.0370574000000004e-27,0.0,55.680645,357730.44,0.0,0.0,35.40499,1.1619784e-06,1.0,1.0,70.49502,0.0,0.0,0.0,-1.9980482e-24,1.0859895e-06,401.865,1.60746,55.680645,55.184006,0.0,0.9,0.0,-1.385646e-24,0.0,75.11551,71.75589,68.04043,68.22802,69.33522
2018-04-10 00:39:00,2.9361736e-27,0.0,55.680645,357730.44,0.0,0.0,35.389996,1.1619784e-06,1.0,1.0,70.49237,0.0,0.0,0.0,-1.0182551e-24,-6.0097327e-06,401.865,1.60746,55.680645,55.184006,0.0,0.9,0.0,-1.3985333e-24,0.0,75.11876,71.75008,68.037186,68.22511,69.33072
2018-04-10 00:40:00,4.892972e-27,0.0,55.680645,357730.44,0.0,0.0,35.375,1.1619784e-06,1.0,1.0,70.48972,0.0,0.0,0.0,-1.15922e-24,-1.3402392e-06,401.865,1.60746,55.680645,55.184006,0.0,0.9,0.0,-5.1857823e-25,0.0,75.12194,71.74431,68.034,68.22214,69.32622
2018-04-10 00:41:00,2.825103e-28,0.0,55.680645,357730.44,0.0,0.0,35.360004,0.0,1.0,1.0,70.48705,0.0,0.0,0.0,-7.820617e-24,-3.8285984e-06,401.865,1.60746,55.680645,55.184006,0.0,0.9,0.0,-2.502491e-25,0.0,75.12508,71.73848,68.030815,68.21923,69.321655
2018-04-10 00:42:00,-4.341576e-27,0.0,55.680645,357730.44,0.0,0.0,35.34501,-1.1619784e-06,1.0,1.0,70.484375,0.0,0.0,0.0,-6.1047567e-26,-5.9212334e-06,401.865,1.60746,55.680645,55.184006,0.0,0.9,0.0,-7.066613e-25,0.0,75.128204,71.73271,68.02757,68.21626,69.317154
2018-04-10 00:43:00,8.63355e-28,0.0,55.680645,357730.44,0.0,0.0,35.33001,1.1619784e-06,1.0,1.0,70.481705,0.0,0.0,0.0,-2.0669098e-24,-5.9904014e-06,401.865,1.60746,55.680645,55.184006,0.0,0.9,0.0,-8.465003e-25,0.0,75.13128,71.72689,68.02438,68.2133,69.312645
2018-04-10 00:44:00,-5.9879743e-27,0.0,55.680645,357730.44,0.0,0.0,35.30002,-1.1619784e-06,1.0,1.0,70.47902,0.0,0.0,0.0,-2.5913657e-25,6.814165e-07,401.865,1.60746,55.680645,55.184006,0.0,0.9,0.0,-9.201476e-25,0.0,75.1343,71.72112,68.02115,68.21039,69.308136
2018-04-10 00:45:00,-5.0335465e-28,0.0,55.680645,357730.44,0.0,0.0,35.285023,0.0,1.0,1.0,70.47633,0.0,0.0,0.0,-1.2033942e-23,3.008555e-06,401.865,1.60746,55.680645,55.184006,0.0,0.9,0.0,-9.876883e-25,0.0,75.13732,71.7153,68.01796,68.20742,69.303635
2018-04-10 00:46:00,4.0205455000000004e-27,0.0,55.680645,357730.44,0.0,0.0,35.285023,-1.1619784e-06,1.0,1.0,70.47361,0.0,0.0,0.0,-1.459342e-23,-4.112762e-06,401.865,1.60746,55.680645,55.184006,0.0,0.9,0.0,-4.3317057e-25,0.0,75.14023,71.70953,68.01477,68.20445,69.29907
2018-04-10 00:47:00,1.6006150000000001e-27,0.0,55.680645,357730.44,0.0,0.0,35.270027,-1.1619784e-06,1.0,1.0,70.47091,0.0,0.0,0.0,-3.6697442e-24,-9.875652e-07,401.865,1.60746,55.680645,55.184006,0.0,0.9,0.0,-1.3297873e-25,0.0,75.14314,71.703766,68.011536,68.20154,69.29457
2018-04-10 00:48:00,-2.245485e-26,0.0,55.680645,357730.44,0.0,0.0,35.255028,-1.1619784e-06,1.0,1.0,70.46819,0.0,0.0,0.0,-9.4213934e-24,-3.3069594e-07,401.865,1.60746,55.680645,55.184006,0.0,0.9,0.0,-7.255912400000001e-26,0.0,75.14606,71.69794,68.00835,68.19858,69.29007
2018-04-10 00:49:00,-5.3775866e-27,0.0,55.680645,357730.44,0.0,0.0,35.240032,1.1619784e-06,1.0,1.0,70.46548,0.0,0.0,0.0,-5.4109847e-24,-3.0462766e-07,401.865,1.60746,55.680645,55.184006,0.0,0.9,0.0,-6.98658e-27,0.0,75.14891,71.69217,68.00516,68.19561,69.28557
2018-04-10 00:50:00,-4.2878334000000005e-27,0.0,55.680645,357730.44,0.0,0.0,35.225037,-1.1619784e-06,1.0,1.0,70.46276,0.0,0.0,0.0,-4.5551013e-25,-8.16682e-07,401.865,1.60746,55.680645,55.184006,0.0,0.9,0.0,-2.1969354999999997e-25,0.0,75.15172,71.6864,68.00192,68.1927,69.28106
2018-04-10 00:51:00,7.469751e-28,0.0,55.680645,357730.44,0.0,0.0,35.209984,1.1619784e-06,1.0,1.0,70.46002,0.0,0.0,0.0,-7.84902e-25,2.1707444e-06,401.865,1.60746,55.680645,55.184006,0.0,0.9,0.0,-1.0763005e-26,0.0,75.154465,71.68063,67.99873,68.18973,69.27655
2018-04-10 00:52:00,-6.2453430000000005e-27,0.0,55.680645,357730.44,0.0,0.0,35.19499,-1.1619784e-06,1.0,1.0,70.457275,0.0,0.0,0.0,-4.3586907e-25,1.6662083e-06,401.865,1.60746,55.680645,55.184006,0.0,0.9,0.0,-1.5499267e-25,0.0,75.15721,71.67482,67.995544,68.18677,69.27205
2018-04-10 00:53:00,9.5945616e-27,0.0,55.680645,357730.44,0.0,0.0,35.164997,0.0,1.0,1.0,70.45452,0.0,0.0,0.0,-1.9345749e-23,1.0512936e-06,401.865,1.60746,55.680645,55.184006,0.0,0.9,0.0,-1.3461362999999999e-25,0.0,75.1599,71.66905,67.99231,68.1838,69.26755
2018-04-10 00:54:00,-4.5041695e-28,0.0,55.680645,357730.44,0.0,0.0,35.164997,1.1619784e-06,1.0,1.0,70.45178,0.0,0.0,0.0,-4.3754016e-24,2.8679786e-08,401.865,1.60746,55.680645,55.184006,0.0,0.9,0.0,-1.5609022999999999e-25,0.0,75.16259,71.663284,67.98912,68.18089,69.26305
2018-04-10 00:55:00,9.757824e-28,0.0,55.680645,357730.44,0.0,0.0,35.15,-1.1619784e-06,1.0,1.0,70.44902,0.0,0.0,0.0,-1.9707837e-23,5.4509695e-07,401.865,1.60746,55.680645,55.184006,0.0,0.9,0.0,-5.9675313e-27,0.0,75.16522,71.65752,67.985886,68.17792,69.25854
2018-04-10 00:56:00,9.388354000000001e-27,0.0,55.680645,357730.44,0.0,0.0,35.135002,1.1619784e-06,1.0,1.0,70.44626,0.0,0.0,0.0,-3.657422e-24,-1.1002023e-06,401.865,1.60746,55.680645,55.184006,0.0,0.9,0.0,-1.2076845e-28,0.0,75.16786,71.65175,67.9827,68.17496,69.25403
2018-04-10 00:57:00,4.096597e-28,0.0,55.680645,357730.44,0.0,0.0,35.120007,-1.1619784e-06,1.0,1.0,70.44348,0.0,0.0,0.0,-1.7669299e-28,4.357694e-06,401.865,1.60746,55.680645,55.184006,0.0,0.9,0.0,-1.8516696999999998e-25,0.0,75.170395,71.64598,67.97951,68.17199,69.24953
2018-04-10 00:58:00,-1.6890862e-27,0.0,55.680645,357730.44,0.0,0.0,35.10501,1.1619784e-06,1.0,1.0,70.440704,0.0,0.0,0.0,-6.3577215e-24,7.4207685e-07,401.865,1.60746,55.680645,55.184006,0.0,0.9,0.0,-3.2802504000000003e-26,0.0,75.17297,71.64021,67.97627,68.16902,69.245026
2018-04-10 00:59:00,-5.698679e-27,0.0,55.680645,357730.44,0.0,0.0,35.090015,1.1619784e-06,1.0,1.0,70.43793,0.0,0.0,0.0,-1.3626726e-23,1.3159353e-06,401.865,1.60746,55.680645,55.184006,0.0,0.9,0.0,-3.6462704e-26,0.0,75.1755,71.634445,67.97308,68.16606,69.240524
2018-04-10 01:00:00,4.6194770000000004e-27,0.0,55.680645,357730.44,0.0,0.0,35.07502,1.1619784e-06,1.0,1.0,70.435135,0.0,0.0,0.0,-2.017624e-26,1.3894796e-06,401.865,1.60746,55.680645,55.184006,0.0,0.9,0.0,-8.8565784e-26,0.0,75.17797,71.62868,67.969894,68.163086,69.236015
2018-04-10 01:01:00,-1.5536443e-27,0.0,55.680645,357730.44,0.0,0.0,35.07502,0.0,1.0,1.0,70.432335,0.0,0.0,0.0,-2.9649895e-26,-1.2318756e-05,401.865,1.60746,55.680645,55.184006,0.0,0.9,0.0,-4.47245e-25,0.0,75.18044,71.62291,67.96666,68.16018,69.23151
2018-04-10 01:02:00,1.3424112e-26,0.0,55.680645,357730.44,0.0,0.0,35.07502,1.1619784e-06,1.0,1.0,70.42954,0.0,0.0,0.0,-3.4650226e-24,-7.757062e-06,401.865,1.60746,55.680645,55.184006,0.0,0.9,0.0,-1.6609303e-24,0.0,75.18286,71.61714,67.96347,68.15721,69.227005
2018-04-10 01:03:00,-6.357785600000001e-27,0.0,55.680645,357730.44,0.0,0.0,35.090015,-1.1619784e-06,1.0,1.0,70.42676,0.0,0.0,0.0,-6.794836e-24,4.6489757e-07,401.865,1.60746,55.680645,55.184006,0.0,0.9,0.0,-8.934393e-26,0.0,75.18527,71.61142,67.96028,68.15425,69.22256
2018-04-10 01:04:00,1.5259703e-27,0.0,55.680645,357730.44,0.0,0.0,35.10501,1.1619784e-06,1.0,1.0,70.42394,0.0,0.0,0.0,-8.9654066e-24,4.18342e-07,401.865,1.60746,55.680645,55.184006,0.0,0.9,0.0,-1.0249243000000001e-26,0.0,75.18764,71.60565,67.95709,68.151276,69.21805
2018-04-10 01:05:00,1.1017389e-27,0.0,55.680645,357730.44,0.0,0.0,35.120007,1.1619784e-06,1.0,1.0,70.421165,0.0,0.0,0.0,-2.4623281e-24,-1.0557283e-06,401.865,1.60746,55.680645,55.184006,0.0,0.9,0.0,-2.3464438000000002e-26,0.0,75.19,71.599945,67.95391,68.14837,69.21361
2018-04-10 01:06:00,-4.4686905000000005e-28,0.0,55.680645,357730.44,0.0,0.0,35.135002,-1.1619784e-06,1.0,1.0,70.41836,0.0,0.0,0.0,-1.0278862999999999e-23,5.6395777e-07,401.865,1.60746,55.680645,55.184006,0.0,0.9,0.0,-2.12497e-27,0.0,75.19231,71.59418,67.950775,68.1454,69.20915
2018-04-10 01:07:00,-1.3439069e-27,0.0,55.680645,357730.44,0.0,0.0,35.15,-1.1619784e-06,1.0,1.0,70.41557,0.0,0.0,0.0,-1.7066060000000003e-23,-1.4626632e-06,401.865,1.60746,55.680645,55.184006,0.0,0.9,0.0,-3.3369284999999997e-25,0.0,75.19461,71.58846,67.94759,68.14249,69.204704
2018-04-10 01:08:00,-7.082362e-27,0.0,55.680645,357730.44,0.0,0.0,35.164997,1.1619784e-06,1.0,1.0,70.412796,0.0,0.0,0.0,-3.7538065e-24,2.3494476e-07,401.865,1.60746,55.680645,55.184006,0.0,0.9,0.0,-1.0031295e-25,0.0,75.19687,71.58275,67.94446,68.13958,69.20031
2018-04-10 01:09:00,3.4476742e-27,0.0,55.680645,357730.44,0.0,0.0,35.19499,1.1619784e-06,1.0,1.0,70.41,0.0,0.0,0.0,-2.471255e-24,1.3803885e-06,401.865,1.60746,55.680645,55.184006,0.0,0.9,0.0,-1.1591689e-24,0.0,75.19912,71.57709,67.94133,68.13661,69.19586
2018-04-10 01:10:00,-2.4849646000000002e-27,0.0,55.680645,357730.44,0.0,0.0,35.19499,-2.3239568e-06,1.0,1.0,70.40721,0.0,0.0,0.0,-6.2086915000000006e-24,-6.7090414e-06,401.865,1.60746,55.680645,55.184006,0.0,0.9,0.0,-1.9641574e-25,0.0,75.20132,71.57138,67.9382,68.1337,69.19147
2018-04-10 01:11:00,-9.659864e-27,0.0,55.680645,357730.44,0.0,0.0,35.209984,-2.3239568e-06,1.0,1.0,70.40443,0.0,0.0,0.0,-8.6437596e-24,-3.6113086e-06,401.865,1.60746,55.680645,55.184006,0.0,0.9,0.0,-6.0421716e-25,0.0,75.203514,71.56567,67.935074,68.13079,69.18707
2018-04-10 01:12:00,-1.0053596e-27,0.0,55.680645,357730.44,0.0,0.0,35.225037,1.1619784e-06,1.0,1.0,70.40166,0.0,0.0,0.0,-1.7890608e-24,2.811181e-06,401.865,1.60746,55.680645,55.184006,0.0,0.9,0.0,-2.788884e-25,0.0,75.20571,71.56001,67.93199,68.127884,69.18268
2018-04-10 01:13:00,-3.1233043000000003e-27,0.0,55.680645,357730.44,0.0,0.0,35.240032,-1.1619784e-06,1.0,1.0,70.39888,0.0,0.0,0.0,-4.6785108000000004e-24,-6.7999194e-06,401.865,1.60746,55.680645,55.184006,0.0,0.9,0.0,-1.1672753000000001e-24,0.0,75.207855,71.55435,67.92886,68.12502,69.17828
2018-04-10 01:14:00,1.2843377e-26,0.0,55.680645,357730.44,0.0,0.0,35.255028,-1.1619784e-06,1.0,1.0,70.3961,0.0,0.0,0.0,-8.210885000000001e-25,-2.4160457e-07,401.865,1.60746,55.680645,55.184006,0.0,0.9,0.0,-1.0874086e-25,0.0,75.20999,71.54869,67.92578,68.122116,69.17394
2018-04-10 01:15:00,3.242195e-27,0.0,55.680645,357730.44,0.0,0.0,35.270027,0.0,1.0,1.0,70.393326,0.0,0.0,0.0,-1.4909874e-28,-1.4579199e-06,401.865,1.60746,55.680645,55.184006,0.0,0.9,0.0,-8.291668999999999e-26,0.0,75.21208,71.54303,67.922714,68.1192,69.1696
2018-04-10 01:16:00,5.5451730000000006e-27,0.0,55.680645,357730.44,0.0,0.0,35.285023,0.0,1.0,1.0,70.39055,0.0,0.0,0.0,-5.840231e-25,4.003125e-07,401.865,1.60746,55.680645,55.184006,0.0,0.9,0.0,-2.471703e-27,0.0,75.21417,71.53738,67.91963,68.11635,69.16521
2018-04-10 01:17:00,-6.6043157e-28,0.0,55.680645,357730.44,0.0,0.0,35.315014,-1.1619784e-06,1.0,1.0,70.38776,0.0,0.0,0.0,-1.7065440000000003e-23,-3.0337188e-07,401.865,1.60746,55.680645,55.184006,0.0,0.9,0.0,-9.604902999999999e-26,0.0,75.2162,71.53172,67.91656,68.113434,69.16087
2018-04-10 01:18:00,-5.3207798e-27,0.0,55.680645,357730.44,0.0,0.0,35.315014,0.0,1.0,1.0,70.38502,0.0,0.0,0.0,-1.7649435e-24,-3.7289524e-07,401.865,1.60746,55.680645,55.184006,0.0,0.9,0.0,-9.341837e-27,0.0,75.21823,71.526115,67.913536,68.11058,69.156586
2018-04-10 01:19:00,-5.1054928e-27,0.0,55.680645,357730.44,0.0,0.0,35.33001,0.0,1.0,1.0,70.38225,0.0,0.0,0.0,-2.2881922e-24,-2.0845625e-06,401.865,1.60746,55.680645,55.184006,0.0,0.9,0.0,-1.9874025e-26,0.0,75.22027,71.52051,67.91046,68.10772,69.152245
2018-04-10 01:20:00,1.2516453000000001e-27,0.0,55.680645,357730.44,0.0,0.0,35.34501,0.0,1.0,1.0,70.379456,0.0,0.0,0.0,-1.7728842e-24,-7.6029784e-07,401.865,1.60746,55.680645,55.184006,0.0,0.9,0.0,-4.3664218e-27,0.0,75.222244,71.514854,67.90744,68.10486,69.1479
2018-04-10 01:21:00,3.0941288e-27,0.0,55.680645,357730.44,0.0,0.0,35.360004,1.1619784e-06,1.0,1.0,70.3767,0.0,0.0,0.0,-1.6959932e-23,-3.3625572e-06,401.865,1.60746,55.680645,55.184006,0.0,0.9,0.0,-7.2727e-26,0.0,75.22423,71.50925,67.90442,68.102005,69.143616
2018-04-10 01:22:00,-1.2828283000000001e-26,0.0,55.680645,357730.44,0.0,0.0,35.375,0.0,1.0,1.0,70.37395,0.0,0.0,0.0,-3.2197342e-24,-8.016825e-06,401.865,1.60746,55.680645,55.184006,0.0,0.9,0.0,-1.3688962e-24,0.0,75.2262,71.50365,67.9014,68.09915,69.139336
2018-04-10 01:23:00,-8.674909e-27,0.0,55.680645,357730.44,0.0,0.0,35.389996,1.1619784e-06,1.0,1.0,70.37119,0.0,0.0,0.0,-1.8265692e-25,-1.7341183e-06,401.865,1.60746,55.680645,55.184006,0.0,0.9,0.0,-6.3672230000000005e-25,0.0,75.22812,71.4981,67.89838,68.0963,69.135056
2018-04-10 01:24:00,-7.379086000000001e-28,0.0,55.680645,357730.44,0.0,0.0,35.40499,1.1619784e-06,1.0,1.0,70.36843,0.0,0.0,0.0,-3.5057216000000003e-26,-2.7800033e-06,401.865,1.60746,55.680645,55.184006,0.0,0.9,0.0,-3.1911544e-25,0.0,75.23004,71.49249,67.89541,68.09344,69.13077
2018-04-10 01:25:00,1.5586351e-28,0.0,55.680645,357730.44,0.0,0.0,35.434986,-1.1619784e-06,1.0,1.0,70.36568,0.0,0.0,0.0,-1.7606596e-24,2.3685959e-07,401.865,1.60746,55.680645,55.184006,0.0,0.9,0.0,-2.3044241999999998e-25,0.0,75.231964,71.48689,67.89239,68.090576,69.12654
2018-04-10 01:26:00,2.2526888e-27,0.0,55.680645,357730.44,0.0,0.0,35.434986,1.1619784e-06,1.0,1.0,70.36294,0.0,0.0,0.0,-1.6574501e-23,-8.1800783e-07,401.865,1.60746,55.680645,55.184006,0.0,0.9,0.0,-9.166906e-25,0.0,75.23384,71.481346,67.88942,68.08778,69.12231
2018-04-10 01:27:00,2.4195795e-28,0.0,55.680645,357730.44,0.0,0.0,35.450035,0.0,1.0,1.0,70.36018,0.0,0.0,0.0,-3.141513e-24,7.758651e-06,401.865,1.60746,55.680645,55.184006,0.0,0.9,0.0,-1.3945735e-24,0.0,75.2357,71.4758,67.88646,68.08492,69.11803
2018-04-10 01:28:00,5.492654e-28,0.0,55.680645,357730.44,0.0,0.0,35.465034,1.1619784e-06,1.0,1.0,70.357445,0.0,0.0,0.0,-4.2956987000000004e-24,6.9492137e-07,401.865,1.60746,55.680645,55.184006,0.0,0.9,0.0,-3.1874366000000004e-26,0.0,75.23757,71.470245,67.883484,68.08212,69.11379
2018-04-10 01:29:00,-7.229759999999999e-27,0.0,55.680645,357730.44,0.0,0.0,35.48003,1.1619784e-06,1.0,1.0,70.35471,0.0,0.0,0.0,-1.397938e-23,-2.8020784e-06,401.865,1.60746,55.680645,55.184006,0.0,0.9,0.0,-1.0237437e-25,0.0,75.23938,71.46471,67.88052,68.079315,69.10962
2018-04-10 01:30:00,-9.470599000000001e-27,0.0,55.680645,357730.44,0.0,0.0,35.495026,-1.1619784e-06,1.0,1.0,70.35195,0.0,0.0,0.0,-7.372547e-24,8.458116e-07,401.865,1.60746,55.680645,55.184006,0.0,0.9,0.0,-6.5622025e-25,0.0,75.241196,71.45915,67.877556,68.07646,69.10539
2018-04-10 01:31:00,5.727385e-27,0.0,55.680645,357730.44,0.0,0.0,35.51002,-1.1619784e-06,1.0,1.0,70.34923,0.0,0.0,0.0,-9.141494e-25,3.1388356e-06,401.865,1.60746,55.680645,55.184006,0.0,0.9,0.0,-3.7468806999999997e-25,0.0,75.24301,71.45366,67.87465,68.07366,69.10116
2018-04-10 01:32:00,-1.4696595000000002e-27,0.0,55.680645,357730.44,0.0,0.0,35.525017,1.1619784e-06,1.0,1.0,70.34649,0.0,0.0,0.0,-2.6191522e-23,6.944587e-07,401.865,1.60746,55.680645,55.184006,0.0,0.9,0.0,-6.237162e-25,0.0,75.24477,71.44811,67.871735,68.07086,69.096985
2018-04-10 01:33:00,-4.0449644000000004e-27,0.0,55.680645,357730.44,0.0,0.0,35.55501,0.0,1.0,1.0,70.34376,0.0,0.0,0.0,-3.535554e-24,-8.182173e-06,401.865,1.60746,55.680645,55.184006,0.0,0.9,0.0,-7.5744762999999995e-25,0.0,75.24652,71.44262,67.86877,68.068054,69.092804
2018-04-10 01:34:00,2.0699436000000002e-26,0.0,55.680645,357730.44,0.0,0.0,35.55501,-1.1619784e-06,1.0,1.0,70.34104,0.0,0.0,0.0,-3.0009247e-23,-3.0775948e-06,401.865,1.60746,55.680645,55.184006,0.0,0.9,0.0,-4.4700520000000005e-25,0.0,75.24828,71.437126,67.86586,68.06531,69.08864
2018-04-10 01:35:00,1.0852077e-26,0.0,55.680645,357730.44,0.0,0.0,35.570007,1.1619784e-06,1.0,1.0,70.33832,0.0,0.0,0.0,-6.7934005e-27,7.75124e-07,401.865,1.60746,55.680645,55.184006,0.0,0.9,0.0,-3.7490820000000004e-25,0.0,75.249985,71.43163,67.863,68.062515,69.08446
2018-04-10 01:36:00,-1.1135704000000001e-27,0.0,55.680645,357730.44,0.0,0.0,35.585003,0.0,1.0,1.0,70.33561,0.0,0.0,0.0,-1.0027742000000001e-24,1.4965019e-06,401.865,1.60746,55.680645,55.184006,0.0,0.9,0.0,-8.54807e-29,0.0,75.25174,71.42614,67.86009,68.05971,69.08034
2018-04-10 01:37:00,1.3678173000000001e-27,0.0,55.680645,357730.44,0.0,0.0,35.6,1.1619784e-06,1.0,1.0,70.332886,0.0,0.0,0.0,-4.5875054000000005e-24,3.1229142e-06,401.865,1.60746,55.680645,55.184006,0.0,0.9,0.0,-1.5581041000000002e-26,0.0,75.25345,71.42065,67.85718,68.05696,69.076164
2018-04-10 01:38:00,2.1812418e-27,0.0,55.680645,357730.44,0.0,0.0,35.614998,0.0,1.0,1.0,70.33017,0.0,0.0,0.0,-1.3978313e-25,-2.7518236e-06,401.865,1.60746,55.680645,55.184006,0.0,0.9,0.0,-8.417161e-26,0.0,75.2551,71.41521,67.854324,68.05416,69.072044
2018-04-10 01:39:00,9.11788e-28,0.0,55.680645,357730.44,0.0,0.0,35.629993,-1.1619784e-06,1.0,1.0,70.32747,0.0,0.0,0.0,-1.1149218e-24,1.835399e-08,401.865,1.60746,55.680645,55.184006,0.0,0.9,0.0,-4.6026163e-26,0.0,75.2568,71.40971,67.85146,68.051414,69.067924
2018-04-10 01:40:00,1.8790836e-27,0.0,55.680645,357730.44,0.0,0.0,35.659985,0.0,1.0,1.0,70.32476,0.0,0.0,0.0,-1.0148947e-24,2.0669684e-07,401.865,1.60746,55.680645,55.184006,0.0,0.9,0.0,-1.7537634e-26,0.0,75.258446,71.40428,67.8486,68.04867,69.063805
2018-04-10 01:41:00,-2.4054726e-27,0.0,55.680645,357730.44,0.0,0.0,35.659985,0.0,1.0,1.0,70.32207,0.0,0.0,0.0,-3.6370755e-24,3.9646334e-06,401.865,1.60746,55.680645,55.184006,0.0,0.9,0.0,-8.906573999999999e-26,0.0,75.26009,71.398834,67.84575,68.04592,69.05974
2018-04-10 01:42:00,2.0200577e-27,0.0,55.680645,357730.44,0.0,0.0,35.675037,1.1619784e-06,1.0,1.0,70.31936,0.0,0.0,0.0,-2.0842845e-24,2.520626e-06,401.865,1.60746,55.680645,55.184006,0.0,0.9,0.0,-3.624178e-25,0.0,75.26169,71.3934,67.842896,68.043175,69.05562
2018-04-10 01:43:00,1.953043e-28,0.0,55.680645,357730.44,0.0,0.0,35.690033,-1.1619784e-06,1.0,1.0,70.31667,0.0,0.0,0.0,-2.098026e-24,-2.5550132e-06,401.865,1.60746,55.680645,55.184006,0.0,0.9,0.0,-2.3804525999999998e-25,0.0,75.263336,71.38796,67.84009,68.04043,69.05156
2018-04-10 01:44:00,-2.0918940000000002e-27,0.0,55.680645,357730.44,0.0,0.0,35.70503,1.1619784e-06,1.0,1.0,70.31397,0.0,0.0,0.0,-3.0224005e-25,-6.4705505e-06,401.865,1.60746,55.680645,55.184006,0.0,0.9,0.0,-1.4644504e-24,0.0,75.26492,71.38252,67.837234,68.03768,69.047485
2018-04-10 01:45:00,3.9715676e-27,0.0,55.680645,357730.44,0.0,0.0,35.720024,1.1619784e-06,1.0,1.0,70.311295,0.0,0.0,0.0,-1.7875728e-26,-3.4500306e-06,401.865,1.60746,55.680645,55.184006,0.0,0.9,0.0,-5.9768623e-25,0.0,75.266525,71.37714,67.834435,68.034935,69.04343
2018-04-10 01:46:00,2.602961e-27,0.0,55.680645,357730.44,0.0,0.0,35.735023,-1.1619784e-06,1.0,1.0,70.30861,0.0,0.0,0.0,-6.9114535e-25,-2.5921252e-06,401.865,1.60746,55.680645,55.184006,0.0,0.9,0.0,-7.0789533e-25,0.0,75.26806,71.371704,67.831635,68.03224,69.03936
2018-04-10 01:47:00,-1.2857855000000001e-26,0.0,55.680645,357730.44,0.0,0.0,35.75002,1.1619784e-06,1.0,1.0,70.30592,0.0,0.0,0.0,-3.0524763e-25,-5.22938e-06,401.865,1.60746,55.680645,55.184006,0.0,0.9,0.0,-7.6230094e-25,0.0,75.26965,71.36632,67.82883,68.029495,69.03529
2018-04-10 01:48:00,4.8507315000000004e-27,0.0,55.680645,357730.44,0.0,0.0,35.78001,-1.1619784e-06,1.0,1.0,70.30325,0.0,0.0,0.0,-2.0003444e-24,3.0074468e-06,401.865,1.60746,55.680645,55.184006,0.0,0.9,0.0,-8.761163e-25,0.0,75.271194,71.36093,67.826035,68.02681,69.03128
2018-04-10 01:49:00,-3.283473e-28,0.0,55.680645,357730.44,0.0,0.0,35.78001,0.0,1.0,1.0,70.30058,0.0,0.0,0.0,-5.565259e-24,4.2634433e-06,401.865,1.60746,55.680645,55.184006,0.0,0.9,0.0,-3.2852098e-25,0.0,75.27273,71.35555,67.82329,68.02406,69.027275
2018-04-10 01:50:00,4.1644156e-27,0.0,55.680645,357730.44,0.0,0.0,35.795006,-1.1619784e-06,1.0,1.0,70.2979,0.0,0.0,0.0,-8.394383e-25,-5.6020044e-06,401.865,1.60746,55.680645,55.184006,0.0,0.9,0.0,-2.1354179e-25,0.0,75.27426,71.350174,67.82048,68.02136,69.02321
2018-04-10 01:51:00,4.4524584e-27,0.0,55.680645,357730.44,0.0,0.0,35.810005,-1.1619784e-06,1.0,1.0,70.29524,0.0,0.0,0.0,-3.0604284999999996e-23,-3.0915817e-06,401.865,1.60746,55.680645,55.184006,0.0,0.9,0.0,-1.3429309e-24,0.0,75.27575,71.34479,67.81773,68.01868,69.01926
2018-04-10 01:52:00,-1.4160015e-27,0.0,55.680645,357730.44,0.0,0.0,35.825,1.1619784e-06,1.0,1.0,70.29259,0.0,0.0,0.0,-3.9432258e-25,4.0537443e-06,401.865,1.60746,55.680645,55.184006,0.0,0.9,0.0,-1.3550241e-24,0.0,75.27728,71.33946,67.81499,68.01598,69.01524
2018-04-10 01:53:00,3.1345995e-27,0.0,55.680645,357730.44,0.0,0.0,35.839996,1.1619784e-06,1.0,1.0,70.289925,0.0,0.0,0.0,-1.887066e-24,-3.731304e-06,401.865,1.60746,55.680645,55.184006,0.0,0.9,0.0,-1.4769314000000001e-24,0.0,75.27877,71.334076,67.81224,68.01329,69.01123
2018-04-10 01:54:00,-4.9588498e-27,0.0,55.680645,357730.44,0.0,0.0,35.854992,1.1619784e-06,1.0,1.0,70.28728,0.0,0.0,0.0,-2.6911510000000004e-23,-3.4106913e-06,401.865,1.60746,55.680645,55.184006,0.0,0.9,0.0,-2.4377895e-25,0.0,75.28026,71.32875,67.809494,68.010605,69.00728
2018-04-10 01:55:00,9.4352155e-27,0.0,55.680645,357730.44,0.0,0.0,35.884987,0.0,1.0,1.0,70.28464,0.0,0.0,0.0,-4.236427e-25,-1.524592e-06,401.865,1.60746,55.680645,55.184006,0.0,0.9,0.0,-7.2102725e-26,0.0,75.28174,71.32342,67.80681,68.007904,69.00333
2018-04-10 01:56:00,1.3696772e-27,0.0,55.680645,357730.44,0.0,0.0,35.900036,-1.1619784e-06,1.0,1.0,70.28197,0.0,0.0,0.0,-3.3900685e-23,4.1778126e-06,401.865,1.60746,55.680645,55.184006,0.0,0.9,0.0,-4.4272673999999995e-25,0.0,75.283165,71.318085,67.80406,68.00522,68.99931
2018-04-10 01:57:00,1.2871113000000001e-26,0.0,55.680645,357730.44,0.0,0.0,35.900036,-1.1619784e-06,1.0,1.0,70.27936,0.0,0.0,0.0,-9.575532000000001e-25,1.8585794e-06,401.865,1.60746,55.680645,55.184006,0.0,0.9,0.0,-3.0130717e-25,0.0,75.28465,71.31276,67.80136,68.00258,68.995415
2018-04-10 01:58:00,-4.378738e-27,0.0,55.680645,357730.44,0.0,0.0,35.91503,-1.1619784e-06,1.0,1.0,70.27672,0.0,0.0,0.0,-3.0230112e-23,-4.153522e-06,401.865,1.60746,55.680645,55.184006,0.0,0.9,0.0,-9.139398e-25,0.0,75.28607,71.30749,67.798676,67.99989,68.991455
2018-04-10 01:59:00,-1.528809e-26,0.0,55.680645,357730.44,0.0,0.0,35.93003,0.0,1.0,1.0,70.274086,0.0,0.0,0.0,-2.5468697e-25,7.9682735e-07,401.865,1.60746,55.680645,55.184006,0.0,0.9,0.0,-3.2510206e-26,0.0,75.287506,71.302155,67.79598,67.99725,68.9875
2018-04-10 02:00:00,-1.8341611e-27,0.0,55.680645,357730.44,0.0,0.0,35.945026,-1.1619784e-06,1.0,1.0,70.271454,0.0,0.0,0.0,-8.647144000000001e-25,4.9905434e-06,401.865,1.60746,55.680645,55.184006,0.0,0.9,0.0,-2.9815167999999997e-25,0.0,75.28888,71.29689,67.79329,67.99461,68.983604
2018-04-10 02:01:00,2.8643798000000002e-27,0.0,55.680645,357730.44,0.0,0.0,35.960022,-1.1619784e-06,1.0,1.0,70.26883,0.0,0.0,0.0,-6.6769927e-25,3.1469585e-06,401.865,1.60746,55.680645,55.184006,0.0,0.9,0.0,-1.0089954999999999e-25,0.0,75.290306,71.29156,67.7906,67.991974,68.979706
2018-04-10 02:02:00,-1.1244343e-27,0.0,55.680645,357730.44,0.0,0.0,35.945026,1.1619784e-06,1.0,1.0,70.26622,0.0,0.0,0.0,-2.86555e-23,3.8904267e-07,401.865,1.60746,55.680645,55.184006,0.0,0.9,0.0,-2.8006136e-24,0.0,75.29173,71.286285,67.787964,67.98929,68.9758
2018-04-10 02:03:00,3.0155583000000003e-27,0.0,55.680645,357730.44,0.0,0.0,35.93003,0.0,1.0,1.0,70.26359,0.0,0.0,0.0,-2.0250463e-23,1.395163e-06,401.865,1.60746,55.680645,55.184006,0.0,0.9,0.0,-1.5529687999999999e-25,0.0,75.293106,71.281006,67.78527,67.98665,68.97191
2018-04-10 02:04:00,-4.4075115e-27,0.0,55.680645,357730.44,0.0,0.0,35.900036,0.0,1.0,1.0,70.26096,0.0,0.0,0.0,-2.1553113e-26,-9.1322494e-07,401.865,1.60746,55.680645,55.184006,0.0,0.9,0.0,-9.304295e-27,0.0,75.29448,71.27574,67.78258,67.98401,68.968
2018-04-10 02:05:00,4.7972e-27,0.0,55.680645,357730.44,0.0,0.0,35.884987,-1.1619784e-06,1.0,1.0,70.25835,0.0,0.0,0.0,-6.0624103e-24,-2.9641114e-06,401.865,1.60746,55.680645,55.184006,0.0,0.9,0.0,-3.5080928e-25,0.0,75.29585,71.27046,67.77994,67.98138,68.9641
2018-04-10 02:06:00,3.0058722000000003e-27,0.0,55.680645,357730.44,0.0,0.0,35.884987,-1.1619784e-06,1.0,1.0,70.255714,0.0,0.0,0.0,-1.8616661e-23,1.6304788e-06,401.865,1.60746,55.680645,55.184006,0.0,0.9,0.0,-1.7423401e-26,0.0,75.29717,71.26519,67.77725,67.978745,68.960205
2018-04-10 02:07:00,8.177302000000001e-27,0.0,55.680645,357730.44,0.0,0.0,35.869987,0.0,1.0,1.0,70.2531,0.0,0.0,0.0,-3.1408344e-25,1.8031499e-06,401.865,1.60746,55.680645,55.184006,0.0,0.9,0.0,-5.4955043e-25,0.0,75.298546,71.25992,67.77461,67.976105,68.9563
2018-04-10 02:08:00,-1.6257065e-27,0.0,55.680645,357730.44,0.0,0.0,35.854992,1.1619784e-06,1.0,1.0,70.25047,0.0,0.0,0.0,-3.667001e-26,-4.8510715e-06,401.865,1.60746,55.680645,55.184006,0.0,0.9,0.0,-1.9416213e-25,0.0,75.299866,71.2547,67.77193,67.973465,68.95241
2018-04-10 02:09:00,-4.9225090000000006e-27,0.0,55.680645,357730.44,0.0,0.0,35.839996,-2.3239568e-06,1.0,1.0,70.24785,0.0,0.0,0.0,-9.107538e-24,8.171236e-06,401.865,1.60746,55.680645,55.184006,0.0,0.9,0.0,-7.201894e-25,0.0,75.30124,71.24942,67.76929,67.970825,68.9485
2018-04-10 02:10:00,-4.8137926000000005e-27,0.0,55.680645,357730.44,0.0,0.0,35.825,-1.1619784e-06,1.0,1.0,70.245224,0.0,0.0,0.0,-1.5789972000000001e-24,-2.0278494e-06,401.865,1.60746,55.680645,55.184006,0.0,0.9,0.0,-8.582327999999999e-26,0.0,75.30255,71.244156,67.766594,67.96819,68.94466
2018-04-10 02:11:00,-1.6989273e-28,0.0,55.680645,357730.44,0.0,0.0,35.810005,-1.1619784e-06,1.0,1.0,70.24262,0.0,0.0,0.0,-7.705088499999999e-25,-1.3761536e-06,401.865,1.60746,55.680645,55.184006,0.0,0.9,0.0,-1.4069576e-25,0.0,75.30388,71.23894,67.76396,67.96556,68.94076
2018-04-10 02:12:00,2.9917e-27,0.0,55.680645,357730.44,0.0,0.0,35.795006,0.0,1.0,1.0,70.23999,0.0,0.0,0.0,-2.7199636e-25,1.7456402e-07,401.865,1.60746,55.680645,55.184006,0.0,0.9,0.0,-4.0201184000000004e-26,0.0,75.30519,71.23366,67.76126,67.96292,68.93691
2018-04-10 02:13:00,-4.29513e-27,0.0,55.680645,357730.44,0.0,0.0,35.765015,0.0,1.0,1.0,70.23736,0.0,0.0,0.0,-8.264964000000001e-25,-2.1392254e-06,401.865,1.60746,55.680645,55.184006,0.0,0.9,0.0,-7.325666e-27,0.0,75.30646,71.22844,67.75863,67.96028,68.933014
2018-04-10 02:14:00,-3.8659677000000005e-27,0.0,55.680645,357730.44,0.0,0.0,35.765015,0.0,1.0,1.0,70.23475,0.0,0.0,0.0,-6.1916100000000006e-24,-1.5622027e-06,401.865,1.60746,55.680645,55.184006,0.0,0.9,0.0,-1.0363109e-25,0.0,75.30777,71.22317,67.756,67.95764,68.92917
2018-04-10 02:15:00,3.462718e-27,0.0,55.680645,357730.44,0.0,0.0,35.75002,0.0,1.0,1.0,70.23211,0.0,0.0,0.0,-6.518855999999999e-26,3.7667276e-06,401.865,1.60746,55.680645,55.184006,0.0,0.9,0.0,-2.2092318e-25,0.0,75.30904,71.21795,67.753296,67.95501,68.92526
2018-04-10 02:16:00,1.6180932000000002e-27,0.0,55.680645,357730.44,0.0,0.0,35.735023,-1.1619784e-06,1.0,1.0,70.2295,0.0,0.0,0.0,-3.5930207e-23,-4.686451e-06,401.865,1.60746,55.680645,55.184006,0.0,0.9,0.0,-4.1791775e-25,0.0,75.3103,71.21273,67.75066,67.95238,68.92142
2018-04-10 02:17:00,3.0676328000000002e-27,0.0,55.680645,357730.44,0.0,0.0,35.720024,1.1619784e-06,1.0,1.0,70.22688,0.0,0.0,0.0,-5.2049427e-25,2.3206153e-06,401.865,1.60746,55.680645,55.184006,0.0,0.9,0.0,-8.5556225e-25,0.0,75.31157,71.20751,67.74803,67.94974,68.91757
2018-04-10 02:18:00,-3.338734e-27,0.0,55.680645,357730.44,0.0,0.0,35.70503,-1.1619784e-06,1.0,1.0,70.22426,0.0,0.0,0.0,-3.2238020000000004e-23,-5.0087197e-06,401.865,1.60746,55.680645,55.184006,0.0,0.9,0.0,-1.2978138e-24,0.0,75.31283,71.20229,67.74533,67.9471,68.91373
2018-04-10 02:19:00,-2.850132e-26,0.0,55.680645,357730.44,0.0,0.0,35.690033,1.1619784e-06,1.0,1.0,70.22166,0.0,0.0,0.0,-3.001214e-23,-3.144867e-06,401.865,1.60746,55.680645,55.184006,0.0,0.9,0.0,-8.945117e-25,0.0,75.31409,71.197075,67.7427,67.94452,68.90988
2018-04-10 02:20:00,-3.685155e-27,0.0,55.680645,357730.44,0.0,0.0,35.659985,-1.1619784e-06,1.0,1.0,70.21904,0.0,0.0,0.0,-1.1244931e-24,4.295095e-06,401.865,1.60746,55.680645,55.184006,0.0,0.9,0.0,-2.7861874e-25,0.0,75.31535,71.19186,67.74007,67.94188,68.90604
2018-04-10 02:21:00,3.7165502e-27,0.0,55.680645,357730.44,0.0,0.0,35.64499,0.0,1.0,1.0,70.216415,0.0,0.0,0.0,-3.184586e-25,4.1749477e-06,401.865,1.60746,55.680645,55.184006,0.0,0.9,0.0,-6.842049000000001e-25,0.0,75.31656,71.18664,67.73743,67.93924,68.90219
2018-04-10 02:22:00,-4.3795412000000006e-27,0.0,55.680645,357730.44,0.0,0.0,35.64499,1.1619784e-06,1.0,1.0,70.21379,0.0,0.0,0.0,-4.7408370000000005e-27,2.6102678e-06,401.865,1.60746,55.680645,55.184006,0.0,0.9,0.0,-1.414345e-24,0.0,75.31777,71.18142,67.73479,67.93661,68.898346
2018-04-10 02:23:00,1.0090359000000001e-27,0.0,55.680645,357730.44,0.0,0.0,35.629993,0.0,1.0,1.0,70.211174,0.0,0.0,0.0,-1.8418817e-24,4.403643e-06,401.865,1.60746,55.680645,55.184006,0.0,0.9,0.0,-2.0027472e-25,0.0,75.31903,71.1762,67.7321,67.93402,68.8945
2018-04-10 02:24:00,3.2848610000000005e-27,0.0,55.680645,357730.44,0.0,0.0,35.614998,0.0,1.0,1.0,70.20854,0.0,0.0,0.0,-7.181848e-25,-1.9574693e-06,401.865,1.60746,55.680645,55.184006,0.0,0.9,0.0,-6.806252399999999e-25,0.0,75.320244,71.17098,67.72946,67.93139,68.890656
2018-04-10 02:25:00,1.0837483e-26,0.0,55.680645,357730.44,0.0,0.0,35.6,0.0,1.0,1.0,70.20593,0.0,0.0,0.0,-6.726161e-26,3.2321726e-08,401.865,1.60746,55.680645,55.184006,0.0,0.9,0.0,-8.604569300000001e-26,0.0,75.32146,71.16582,67.72682,67.92876,68.88681
2018-04-10 02:26:00,1.1623918e-27,0.0,55.680645,357730.44,0.0,0.0,35.585003,1.1619784e-06,1.0,1.0,70.203316,0.0,0.0,0.0,-9.69974e-28,-3.832381e-06,401.865,1.60746,55.680645,55.184006,0.0,0.9,0.0,-1.2569909e-24,0.0,75.32266,71.1606,67.72418,67.92612,68.883026
2018-04-10 02:27:00,-4.9404136e-27,0.0,55.680645,357730.44,0.0,0.0,35.570007,1.1619784e-06,1.0,1.0,70.2007,0.0,0.0,0.0,-1.3874045e-24,-1.8871083e-06,401.865,1.60746,55.680645,55.184006,0.0,0.9,0.0,-4.1965062999999995e-25,0.0,75.323814,71.15544,67.72155,67.92354,68.87918
2018-04-10 02:28:00,-1.8707975e-27,0.0,55.680645,357730.44,0.0,0.0,35.55501,1.1619784e-06,1.0,1.0,70.198074,0.0,0.0,0.0,-2.5970318999999998e-23,3.8100889e-06,401.865,1.60746,55.680645,55.184006,0.0,0.9,0.0,-5.705322e-25,0.0,75.32503,71.15022,67.71892,67.9209,68.875336
2018-04-10 02:29:00,4.1167003e-27,0.0,55.680645,357730.44,0.0,0.0,35.525017,1.1619784e-06,1.0,1.0,70.195465,0.0,0.0,0.0,-5.4835356e-23,-3.642023e-06,401.865,1.60746,55.680645,55.184006,0.0,0.9,0.0,-8.0935665e-25,0.0,75.32617,71.14505,67.71628,67.91826,68.871544
2018-04-10 02:30:00,-8.394541e-27,0.0,55.680645,357730.44,0.0,0.0,35.525017,0.0,1.0,1.0,70.19286,0.0,0.0,0.0,-1.7657446e-24,-3.2668934e-06,401.865,1.60746,55.680645,55.184006,0.0,0.9,0.0,-1.9501486e-25,0.0,75.327385,71.13989,67.71364,67.91568,68.8677
2018-04-10 02:31:00,9.183602e-27,0.0,55.680645,357730.44,0.0,0.0,35.51002,1.1619784e-06,1.0,1.0,70.19023,0.0,0.0,0.0,-2.7387520000000004e-23,-4.059319e-06,401.865,1.60746,55.680645,55.184006,0.0,0.9,0.0,-2.3083059e-25,0.0,75.32854,71.134674,67.711,67.91304,68.86391
2018-04-10 02:32:00,-6.626101e-27,0.0,55.680645,357730.44,0.0,0.0,35.495026,0.0,1.0,1.0,70.18764,0.0,0.0,0.0,-3.220983e-24,3.9290676e-06,401.865,1.60746,55.680645,55.184006,0.0,0.9,0.0,-1.0777926499999999e-24,0.0,75.3297,71.12951,67.70837,67.91046,68.86012
2018-04-10 02:33:00,-2.1547011e-27,0.0,55.680645,357730.44,0.0,0.0,35.48003,1.1619784e-06,1.0,1.0,70.185,0.0,0.0,0.0,-1.7519987e-25,-3.0294348e-06,401.865,1.60746,55.680645,55.184006,0.0,0.9,0.0,-2.4968297999999997e-25,0.0,75.33084,71.124344,67.705734,67.90782,68.85628
2018-04-10 02:34:00,-3.2336446e-28,0.0,55.680645,357730.44,0.0,0.0,35.465034,1.1619784e-06,1.0,1.0,70.182396,0.0,0.0,0.0,-2.6579378e-23,-4.253422e-07,401.865,1.60746,55.680645,55.184006,0.0,0.9,0.0,-9.177368000000001e-27,0.0,75.332,71.11919,67.703094,67.90524,68.85248
2018-04-10 02:35:00,5.299467e-27,0.0,55.680645,357730.44,0.0,0.0,35.450035,0.0,1.0,1.0,70.17979,0.0,0.0,0.0,-6.8992414e-25,1.7868479e-06,401.865,1.60746,55.680645,55.184006,0.0,0.9,0.0,-4.442734e-25,0.0,75.33315,71.11401,67.700455,67.9026,68.848694
2018-04-10 02:36:00,8.358503e-27,0.0,55.680645,357730.44,0.0,0.0,35.434986,1.1619784e-06,1.0,1.0,70.17717,0.0,0.0,0.0,-2.2932040999999998e-23,-9.651476e-07,401.865,1.60746,55.680645,55.184006,0.0,0.9,0.0,-6.2089575e-25,0.0,75.33425,71.10886,67.697815,67.900024,68.8449
2018-04-10 02:37:00,5.238753e-27,0.0,55.680645,357730.44,0.0,0.0,35.40499,0.0,1.0,1.0,70.17456,0.0,0.0,0.0,-3.0486963999999997e-25,-5.6952526e-06,401.865,1.60746,55.680645,55.184006,0.0,0.9,0.0,-2.4292200000000003e-24,0.0,75.3354,71.10369,67.69518,67.897385,68.84111
2018-04-10 02:38:00,4.318677e-27,0.0,55.680645,357730.44,0.0,0.0,35.40499,0.0,1.0,1.0,70.17195,0.0,0.0,0.0,-1.917528e-24,1.14676745e-07,401.865,1.60746,55.680645,55.184006,0.0,0.9,0.0,-8.734832e-26,0.0,75.3365,71.098526,67.69255,67.894806,68.837326
2018-04-10 02:39:00,-3.984493e-27,0.0,55.680645,357730.44,0.0,0.0,35.389996,0.0,1.0,1.0,70.169334,0.0,0.0,0.0,-2.5151175e-24,1.3558474e-06,401.865,1.60746,55.680645,55.184006,0.0,0.9,0.0,-1.3712418e-25,0.0,75.33766,71.093414,67.68991,67.892166,68.83353
2018-04-10 02:40:00,-1.6317235e-27,0.0,55.680645,357730.44,0.0,0.0,35.375,0.0,1.0,1.0,70.16673,0.0,0.0,0.0,-4.0787138e-26,1.4979479e-06,401.865,1.60746,55.680645,55.184006,0.0,0.9,0.0,-1.5325714000000002e-26,0.0,75.33876,71.08826,67.68733,67.88959,68.82974
2018-04-10 02:41:00,-1.9062758000000002e-27,0.0,55.680645,357730.44,0.0,0.0,35.360004,0.0,1.0,1.0,70.16411,0.0,0.0,0.0,-5.0897153e-25,-2.2025968e-06,401.865,1.60746,55.680645,55.184006,0.0,0.9,0.0,-3.2096433e-25,0.0,75.33986,71.08309,67.68469,67.88695,68.82595
2018-04-10 02:42:00,-6.0843630000000006e-27,0.0,55.680645,357730.44,0.0,0.0,35.34501,0.0,1.0,1.0,70.1615,0.0,0.0,0.0,-2.329605e-24,7.437478e-07,401.865,1.60746,55.680645,55.184006,0.0,0.9,0.0,-3.125776e-26,0.0,75.34096,71.07799,67.68205,67.88437,68.82216
2018-04-10 02:43:00,1.8356175000000003e-27,0.0,55.680645,357730.44,0.0,0.0,35.33001,1.1619784e-06,1.0,1.0,70.15889,0.0,0.0,0.0,-1.2436164e-24,2.5515708e-06,401.865,1.60746,55.680645,55.184006,0.0,0.9,0.0,-4.195855499999999e-25,0.0,75.34206,71.072815,67.67941,67.88179,68.818375
2018-04-10 02:44:00,1.2170114e-28,0.0,55.680645,357730.44,0.0,0.0,35.315014,-2.3239568e-06,1.0,1.0,70.15629,0.0,0.0,0.0,-6.4540584e-24,-2.8797765e-06,401.865,1.60746,55.680645,55.184006,0.0,0.9,0.0,-1.0591397e-25,0.0,75.343155,71.06771,67.67678,67.87915,68.81464
2018-04-10 02:45:00,-6.581986e-27,0.0,55.680645,357730.44,0.0,0.0,35.285023,0.0,1.0,1.0,70.1537,0.0,0.0,0.0,-1.888333e-24,2.4433775e-06,401.865,1.60746,55.680645,55.184006,0.0,0.9,0.0,-4.9415973000000004e-26,0.0,75.34425,71.06261,67.674194,67.87657,68.810844
2018-04-10 02:46:00,2.5906672e-27,0.0,55.680645,357730.44,0.0,0.0,35.285023,-1.1619784e-06,1.0,1.0,70.15106,0.0,0.0,0.0,-5.1266432999999995e-25,3.0244123e-06,401.865,1.60746,55.680645,55.184006,0.0,0.9,0.0,-6.5039964e-25,0.0,75.34529,71.057434,67.67156,67.873985,68.80705
2018-04-10 02:47:00,-1.2659867e-27,0.0,55.680645,357730.44,0.0,0.0,35.270027,0.0,1.0,1.0,70.14846,0.0,0.0,0.0,-7.177518e-28,2.7879391e-06,401.865,1.60746,55.680645,55.184006,0.0,0.9,0.0,-3.14963e-26,0.0,75.34639,71.05233,67.66893,67.87135,68.803314
2018-04-10 02:48:00,-1.174915e-27,0.0,55.680645,357730.44,0.0,0.0,35.255028,-1.1619784e-06,1.0,1.0,70.14586,0.0,0.0,0.0,-2.2557394e-23,-3.297818e-06,401.865,1.60746,55.680645,55.184006,0.0,0.9,0.0,-1.1997546e-24,0.0,75.347435,71.047226,67.66634,67.86877,68.79953
2018-04-10 02:49:00,2.5815019e-27,0.0,55.680645,357730.44,0.0,0.0,35.240032,-1.1619784e-06,1.0,1.0,70.143265,0.0,0.0,0.0,-2.7722470000000003e-23,3.051399e-06,401.865,1.60746,55.680645,55.184006,0.0,0.9,0.0,-2.36106e-25,0.0,75.34853,71.042114,67.66371,67.86618,68.79579
2018-04-10 02:50:00,-2.5796825000000003e-28,0.0,55.680645,357730.44,0.0,0.0,35.225037,0.0,1.0,1.0,70.14065,0.0,0.0,0.0,-9.243045600000001e-26,3.3421309e-06,401.865,1.60746,55.680645,55.184006,0.0,0.9,0.0,-6.1813656e-25,0.0,75.34958,71.037,67.66107,67.86355,68.79205
2018-04-10 02:51:00,-2.8561750000000002e-27,0.0,55.680645,357730.44,0.0,0.0,35.209984,0.0,1.0,1.0,70.13805,0.0,0.0,0.0,-6.957794e-25,2.7560752e-06,401.865,1.60746,55.680645,55.184006,0.0,0.9,0.0,-1.9036314e-26,0.0,75.35062,71.03189,67.65849,67.86096,68.78827
2018-04-10 02:52:00,-1.5445388e-29,0.0,55.680645,357730.44,0.0,0.0,35.19499,0.0,1.0,1.0,70.13545,0.0,0.0,0.0,-5.322329e-25,-1.6653006e-06,401.865,1.60746,55.680645,55.184006,0.0,0.9,0.0,-4.0662695000000003e-26,0.0,75.35167,71.02679,67.65585,67.85838,68.78453
2018-04-10 02:53:00,8.7662815e-27,0.0,55.680645,357730.44,0.0,0.0,35.164997,0.0,1.0,1.0,70.13284,0.0,0.0,0.0,-2.870878e-23,-4.651755e-06,401.865,1.60746,55.680645,55.184006,0.0,0.9,0.0,-3.483533e-25,0.0,75.35271,71.02168,67.65321,67.855804,68.78079
2018-04-10 02:54:00,-6.640163000000001e-27,0.0,55.680645,357730.44,0.0,0.0,35.164997,1.1619784e-06,1.0,1.0,70.13026,0.0,0.0,0.0,-2.5515255e-23,-4.5751535e-06,401.865,1.60746,55.680645,55.184006,0.0,0.9,0.0,-6.7993875e-26,0.0,75.35375,71.01657,67.650635,67.853226,68.77706
2018-04-10 02:55:00,1.4671246e-26,0.0,55.680645,357730.44,0.0,0.0,35.15,0.0,1.0,1.0,70.12765,0.0,0.0,0.0,-1.7323003e-24,2.440224e-06,401.865,1.60746,55.680645,55.184006,0.0,0.9,0.0,-6.1821414e-26,0.0,75.3548,71.01146,67.647995,67.85064,68.77333
2018-04-10 02:56:00,3.0166453000000002e-27,0.0,55.680645,357730.44,0.0,0.0,35.135002,0.0,1.0,1.0,70.125046,0.0,0.0,0.0,-3.7439302e-25,-1.0440165e-06,401.865,1.60746,55.680645,55.184006,0.0,0.9,0.0,-7.555606000000001e-25,0.0,75.355835,71.00641,67.64542,67.84801,68.76959
2018-04-10 02:57:00,-3.7213277000000004e-27,0.0,55.680645,357730.44,0.0,0.0,35.120007,1.1619784e-06,1.0,1.0,70.12244,0.0,0.0,0.0,-4.97337e-26,-3.4203563e-06,401.865,1.60746,55.680645,55.184006,0.0,0.9,0.0,-8.844175000000001e-25,0.0,75.35683,71.0013,67.64278,67.84542,68.765854
2018-04-10 02:58:00,8.349629e-27,0.0,55.680645,357730.44,0.0,0.0,35.10501,-1.1619784e-06,1.0,1.0,70.11984,0.0,0.0,0.0,-6.711251e-26,1.179635e-06,401.865,1.60746,55.680645,55.184006,0.0,0.9,0.0,-2.1898816e-25,0.0,75.35787,70.996185,67.6402,67.842834,68.762115
2018-04-10 02:59:00,-1.4472009e-26,0.0,55.680645,357730.44,0.0,0.0,35.090015,2.3239568e-06,1.0,1.0,70.11724,0.0,0.0,0.0,-9.368017e-25,-5.2598e-06,401.865,1.60746,55.680645,55.184006,0.0,0.9,0.0,-6.5064847e-26,0.0,75.35886,70.991135,67.63756,67.840256,68.758385
2018-04-10 03:00:00,-4.7462394e-27,0.0,55.680645,357730.44,0.0,0.0,35.06002,1.1619784e-06,1.0,1.0,70.11466,0.0,0.0,0.0,-6.493424000000001e-25,-3.2271348e-06,401.865,1.60746,55.680645,55.184006,0.0,0.9,0.0,-1.1743566e-24,0.0,75.35991,70.986084,67.63498,67.83768,68.754654
2018-04-10 03:01:00,1.5088368e-27,0.0,55.680645,357730.44,0.0,0.0,35.06002,0.0,1.0,1.0,70.112045,0.0,0.0,0.0,-6.581968e-25,5.5274745e-07,401.865,1.60746,55.680645,55.184006,0.0,0.9,0.0,-3.3800117e-26,0.0,75.36089,70.98097,67.63234,67.8351,68.750916
2018-04-10 03:02:00,6.828106e-27,0.0,55.680645,357730.44,0.0,0.0,35.06002,1.1619784e-06,1.0,1.0,70.10946,0.0,0.0,0.0,-1.7046896e-24,1.820922e-06,401.865,1.60746,55.680645,55.184006,0.0,0.9,0.0,-1.2951615e-24,0.0,75.36188,70.97592,67.62976,67.83251,68.74724
2018-04-10 03:03:00,-7.5418006e-28,0.0,55.680645,357730.44,0.0,0.0,35.06002,0.0,1.0,1.0,70.10688,0.0,0.0,0.0,-1.472871e-23,-3.4058223e-06,401.865,1.60746,55.680645,55.184006,0.0,0.9,0.0,-2.2501668e-25,0.0,75.36293,70.97087,67.62718,67.829926,68.7435
2018-04-10 03:04:00,-1.3548277e-27,0.0,55.680645,357730.44,0.0,0.0,35.06002,1.1619784e-06,1.0,1.0,70.10429,0.0,0.0,0.0,-1.3093468e-24,1.8300948e-06,401.865,1.60746,55.680645,55.184006,0.0,0.9,0.0,-2.372138e-25,0.0,75.363914,70.96581,67.624596,67.82735,68.73976
2018-04-10 03:05:00,-6.003815e-28,0.0,55.680645,357730.44,0.0,0.0,35.06002,0.0,1.0,1.0,70.101685,0.0,0.0,0.0,-7.5202276e-24,5.5871424e-06,401.865,1.60746,55.680645,55.184006,0.0,0.9,0.0,-2.4728935999999996e-25,0.0,75.3649,70.96071,67.62196,67.82477,68.736084
2018-04-10 03:06:00,-1.5612563e-27,0.0,55.680645,357730.44,0.0,0.0,35.06002,0.0,1.0,1.0,70.09912,0.0,0.0,0.0,-3.170753e-24,-1.3552599e-06,401.865,1.60746,55.680645,55.184006,0.0,0.9,0.0,-6.409799599999999e-25,0.0,75.36589,70.9557,67.61938,67.82219,68.73241
2018-04-10 03:07:00,1.3414453e-27,0.0,55.680645,357730.44,0.0,0.0,35.06002,0.0,1.0,1.0,70.09651,0.0,0.0,0.0,-1.2402482e-23,-3.9768893e-06,401.865,1.60746,55.680645,55.184006,0.0,0.9,0.0,-1.307849e-24,0.0,75.36682,70.95065,67.61679,67.81966,68.72867
2018-04-10 03:08:00,2.4799749999999998e-26,0.0,55.680645,357730.44,0.0,0.0,35.06002,1.1619784e-06,1.0,1.0,70.09393,0.0,0.0,0.0,-2.5752527999999998e-23,-3.0089016e-06,401.865,1.60746,55.680645,55.184006,0.0,0.9,0.0,-8.719468000000001e-25,0.0,75.36781,70.9456,67.61421,67.81708,68.72499
2018-04-10 03:09:00,-1.4659977e-26,0.0,55.680645,357730.44,0.0,0.0,35.06002,0.0,1.0,1.0,70.091354,0.0,0.0,0.0,-1.1155177e-23,1.2499396e-05,401.865,1.60746,55.680645,55.184006,0.0,0.9,0.0,-1.1559394000000001e-24,0.0,75.368805,70.940544,67.61163,67.8145,68.721306
2018-04-10 03:10:00,8.469707000000001e-27,0.0,55.680645,357730.44,0.0,0.0,35.06002,0.0,1.0,1.0,70.088776,0.0,0.0,0.0,-3.8825363e-24,-3.701537e-06,401.865,1.60746,55.680645,55.184006,0.0,0.9,0.0,-2.4120630000000003e-25,0.0,75.3698,70.935486,67.609055,67.81191,68.71762
2018-04-10 03:11:00,9.039375000000001e-27,0.0,55.680645,357730.44,0.0,0.0,35.06002,0.0,1.0,1.0,70.086205,0.0,0.0,0.0,-1.1701297e-23,1.713913e-06,401.865,1.60746,55.680645,55.184006,0.0,0.9,0.0,-1.3563252e-24,0.0,75.37073,70.9305,67.60647,67.80939,68.71394
2018-04-10 03:12:00,3.8037875e-27,0.0,55.680645,357730.44,0.0,0.0,35.06002,1.1619784e-06,1.0,1.0,70.08362,0.0,0.0,0.0,-1.0335239e-24,-1.8588005e-06,401.865,1.60746,55.680645,55.184006,0.0,0.9,0.0,-1.8566245999999998e-25,0.0,75.37172,70.92544,67.60388,67.80681,68.710266
2018-04-10 03:13:00,-1.2977152000000002e-26,0.0,55.680645,357730.44,0.0,0.0,35.06002,1.1619784e-06,1.0,1.0,70.081055,0.0,0.0,0.0,-1.8215404e-24,-3.058221e-06,401.865,1.60746,55.680645,55.184006,0.0,0.9,0.0,-3.1429760000000003e-25,0.0,75.37265,70.92044,67.601364,67.80422,68.70659
2018-04-10 03:14:00,-7.835414000000001e-28,0.0,55.680645,357730.44,0.0,0.0,35.06002,1.1619784e-06,1.0,1.0,70.078476,0.0,0.0,0.0,-2.3526190000000002e-23,-5.351876e-06,401.865,1.60746,55.680645,55.184006,0.0,0.9,0.0,-2.0572143e-24,0.0,75.37358,70.91539,67.59878,67.8017,68.7029
2018-04-10 03:15:00,-4.784679e-27,0.0,55.680645,357730.44,0.0,0.0,35.06002,1.1619784e-06,1.0,1.0,70.0759,0.0,0.0,0.0,-8.0282246e-25,2.4195945e-06,401.865,1.60746,55.680645,55.184006,0.0,0.9,0.0,-1.1249424e-24,0.0,75.37457,70.910385,67.59619,67.79912,68.69922
2018-04-10 03:16:00,-6.2150620000000006e-27,0.0,55.680645,357730.44,0.0,0.0,35.06002,0.0,1.0,1.0,70.07335,0.0,0.0,0.0,-2.8542695e-24,-1.2517352e-06,401.865,1.60746,55.680645,55.184006,0.0,0.9,0.0,-9.191658999999999e-26,0.0,75.3755,70.90539,67.59367,67.796585,68.6956
2018-04-10 03:17:00,3.3871400000000002e-28,0.0,55.680645,357730.44,0.0,0.0,35.06002,0.0,1.0,1.0,70.070755,0.0,0.0,0.0,-8.021753999999999e-24,-4.5848124e-06,401.865,1.60746,55.680645,55.184006,0.0,0.9,0.0,-8.476331000000001e-25,0.0,75.376434,70.90033,67.59109,67.79401,68.69192
2018-04-10 03:18:00,1.8560703e-26,0.0,55.680645,357730.44,0.0,0.0,35.06002,-1.1619784e-06,1.0,1.0,70.06821,0.0,0.0,0.0,-1.1028571e-25,3.9063398e-06,401.865,1.60746,55.680645,55.184006,0.0,0.9,0.0,-4.7806572999999995e-25,0.0,75.37737,70.89534,67.58856,67.79147,68.68829
2018-04-10 03:19:00,3.0406713000000002e-27,0.0,55.680645,357730.44,0.0,0.0,35.06002,0.0,1.0,1.0,70.065636,0.0,0.0,0.0,-3.6927005e-24,-1.4797612e-06,401.865,1.60746,55.680645,55.184006,0.0,0.9,0.0,-8.358806999999999e-26,0.0,75.37831,70.890335,67.58603,67.788895,68.684616
2018-04-10 03:20:00,-3.5872086e-27,0.0,55.680645,357730.44,0.0,0.0,35.06002,0.0,1.0,1.0,70.06307,0.0,0.0,0.0,-7.2749443e-25,-2.1855815e-06,401.865,1.60746,55.680645,55.184006,0.0,0.9,0.0,-4.609749e-26,0.0,75.37924,70.88534,67.58345,67.78637,68.680984
2018-04-10 03:21:00,-3.3241936e-27,0.0,55.680645,357730.44,0.0,0.0,35.06002,0.0,1.0,1.0,70.06053,0.0,0.0,0.0,-2.1774494000000002e-24,-2.7432827e-06,401.865,1.60746,55.680645,55.184006,0.0,0.9,0.0,-3.830528e-26,0.0,75.38017,70.88034,67.580925,67.783844,68.67736
2018-04-10 03:22:00,-5.2115953000000006e-27,0.0,55.680645,357730.44,0.0,0.0,35.06002,0.0,1.0,1.0,70.05797,0.0,0.0,0.0,-9.711761000000001e-25,3.987014e-06,401.865,1.60746,55.680645,55.184006,0.0,0.9,0.0,-1.4587525e-25,0.0,75.3811,70.8754,67.5784,67.781265,68.673676
2018-04-10 03:23:00,2.5817340000000002e-27,0.0,55.680645,357730.44,0.0,0.0,35.06002,-1.1619784e-06,1.0,1.0,70.05542,0.0,0.0,0.0,-5.4465195e-27,-3.4999448e-06,401.865,1.60746,55.680645,55.184006,0.0,0.9,0.0,-1.3071249e-24,0.0,75.38204,70.87039,67.57587,67.77873,68.67006
2018-04-10 03:24:00,-7.71257e-27,0.0,55.680645,357730.44,0.0,0.0,35.06002,1.1619784e-06,1.0,1.0,70.05284,0.0,0.0,0.0,-3.0083473e-23,3.291177e-06,401.865,1.60746,55.680645,55.184006,0.0,0.9,0.0,-2.8965087e-25,0.0,75.38292,70.8654,67.57329,67.77621,68.66643
2018-04-10 03:25:00,4.0011050000000005e-27,0.0,55.680645,357730.44,0.0,0.0,35.06002,1.1619784e-06,1.0,1.0,70.05031,0.0,0.0,0.0,-2.6272481999999996e-25,-2.9702237e-06,401.865,1.60746,55.680645,55.184006,0.0,0.9,0.0,-5.156308e-25,0.0,75.38385,70.86046,67.57076,67.77368,68.6628
2018-04-10 03:26:00,-1.587365e-27,0.0,55.680645,357730.44,0.0,0.0,35.06002,-1.1619784e-06,1.0,1.0,70.04776,0.0,0.0,0.0,-9.2796574e-26,5.423603e-06,401.865,1.60746,55.680645,55.184006,0.0,0.9,0.0,-2.6351186e-25,0.0,75.38479,70.85545,67.56824,67.77115,68.65918
2018-04-10 03:27:00,-7.4209417e-28,0.0,55.680645,357730.44,0.0,0.0,35.06002,1.1619784e-06,1.0,1.0,70.0452,0.0,0.0,0.0,-2.5651806000000002e-26,4.1063254e-06,401.865,1.60746,55.680645,55.184006,0.0,0.9,0.0,-3.8164713e-25,0.0,75.385666,70.85051,67.565704,67.76857,68.65555
2018-04-10 03:28:00,-1.766481e-27,0.0,55.680645,357730.44,0.0,0.0,35.06002,1.1619784e-06,1.0,1.0,70.04268,0.0,0.0,0.0,-2.1517166e-23,8.765718e-07,401.865,1.60746,55.680645,55.184006,0.0,0.9,0.0,-1.2656497e-24,0.0,75.3866,70.84551,67.56323,67.766045,68.65198
2018-04-10 03:29:00,-7.450988000000001e-27,0.0,55.680645,357730.44,0.0,0.0,35.06002,-1.1619784e-06,1.0,1.0,70.04014,0.0,0.0,0.0,-1.5743145000000001e-24,2.8018528e-06,401.865,1.60746,55.680645,55.184006,0.0,0.9,0.0,-6.895035000000001e-25,0.0,75.38748,70.84057,67.560715,67.76352,68.64836
2018-04-10 03:30:00,3.71662e-27,0.0,55.680645,357730.44,0.0,0.0,35.06002,0.0,1.0,1.0,70.03758,0.0,0.0,0.0,-1.7015509e-24,7.19641e-07,401.865,1.60746,55.680645,55.184006,0.0,0.9,0.0,-9.964514e-26,0.0,75.38841,70.835625,67.55818,67.76099,68.64473
2018-04-10 03:31:00,-2.8055784e-27,0.0,55.680645,357730.44,0.0,0.0,35.06002,2.3239568e-06,1.0,1.0,70.03505,0.0,0.0,0.0,-2.9109980000000005e-23,3.2928457e-07,401.865,1.60746,55.680645,55.184006,0.0,0.9,0.0,-3.8194334e-26,0.0,75.3893,70.83063,67.55566,67.75847,68.64116
2018-04-10 03:32:00,-3.1740077e-28,0.0,55.680645,357730.44,0.0,0.0,35.06002,0.0,1.0,1.0,70.0325,0.0,0.0,0.0,-8.665915e-28,4.1937162e-07,401.865,1.60746,55.680645,55.184006,0.0,0.9,0.0,-6.5404763e-25,0.0,75.39017,70.82568,67.553185,67.755936,68.637535
2018-04-10 03:33:00,-6.014872000000001e-28,0.0,55.680645,357730.44,0.0,0.0,35.06002,0.0,1.0,1.0,70.02997,0.0,0.0,0.0,-4.842723e-25,1.2411404e-06,401.865,1.60746,55.680645,55.184006,0.0,0.9,0.0,-3.5022383000000003e-26,0.0,75.39105,70.82074,67.55066,67.75341,68.633965
2018-04-10 03:34:00,-6.0455915000000005e-27,0.0,55.680645,357730.44,0.0,0.0,35.06002,0.0,1.0,1.0,70.02743,0.0,0.0,0.0,-2.335021e-27,-1.0250256e-07,401.865,1.60746,55.680645,55.184006,0.0,0.9,0.0,-7.0415215e-28,0.0,75.39193,70.815796,67.54819,67.750885,68.63034
2018-04-10 03:35:00,-2.1908331e-27,0.0,55.680645,357730.44,0.0,0.0,35.06002,0.0,1.0,1.0,70.02492,0.0,0.0,0.0,-5.9885587e-25,-1.1583809e-07,401.865,1.60746,55.680645,55.184006,0.0,0.9,0.0,-1.669293e-26,0.0,75.39287,70.81085,67.545654,67.74841,68.62677
2018-04-10 03:36:00,-6.0928744e-28,0.0,55.680645,357730.44,0.0,0.0,35.06002,0.0,1.0,1.0,70.02239,0.0,0.0,0.0,-5.774798e-25,6.9425244e-07,401.865,1.60746,55.680645,55.184006,0.0,0.9,0.0,-2.1182668e-25,0.0,75.39374,70.80596,67.54318,67.74588,68.6232
2018-04-10 03:37:00,-1.8334316e-27,0.0,55.680645,357730.44,0.0,0.0,35.06002,0.0,1.0,1.0,70.01986,0.0,0.0,0.0,-5.195293e-25,3.0745928e-06,401.865,1.60746,55.680645,55.184006,0.0,0.9,0.0,-6.198242500000001e-28,0.0,75.39462,70.80102,67.540665,67.74336,68.61963
2018-04-10 03:38:00,-5.2591654e-27,0.0,55.680645,357730.44,0.0,0.0,35.06002,-1.1619784e-06,1.0,1.0,70.01732,0.0,0.0,0.0,-1.250635e-25,-5.4872735e-06,401.865,1.60746,55.680645,55.184006,0.0,0.9,0.0,-2.6192560000000003e-25,0.0,75.3955,70.796074,67.53819,67.74083,68.616
2018-04-10 03:39:00,6.4515826000000006e-27,0.0,55.680645,357730.44,0.0,0.0,35.06002,-1.1619784e-06,1.0,1.0,70.014786,0.0,0.0,0.0,-2.925281e-23,3.5982655e-06,401.865,1.60746,55.680645,55.184006,0.0,0.9,0.0,-5.653883e-25,0.0,75.396324,70.79113,67.53572,67.738304,68.61243
2018-04-10 03:40:00,-2.6883318000000002e-27,0.0,55.680645,357730.44,0.0,0.0,35.06002,-1.1619784e-06,1.0,1.0,70.01228,0.0,0.0,0.0,-1.3939102000000002e-27,2.473028e-06,401.865,1.60746,55.680645,55.184006,0.0,0.9,0.0,-1.3617534e-25,0.0,75.3972,70.78624,67.53325,67.73583,68.60892
2018-04-10 03:41:00,1.3751773e-27,0.0,55.680645,357730.44,0.0,0.0,35.06002,0.0,1.0,1.0,70.00975,0.0,0.0,0.0,-9.745053e-24,-1.2140383e-06,401.865,1.60746,55.680645,55.184006,0.0,0.9,0.0,-5.787887e-26,0.0,75.39809,70.781296,67.530716,67.73331,68.60535
2018-04-10 03:42:00,-1.9592813e-27,0.0,55.680645,357730.44,0.0,0.0,35.06002,0.0,1.0,1.0,70.00725,0.0,0.0,0.0,-7.2840773e-25,1.1463443e-06,401.865,1.60746,55.680645,55.184006,0.0,0.9,0.0,-3.2408263e-27,0.0,75.39896,70.77641,67.528244,67.730835,68.601776
2018-04-10 03:43:00,-3.317455e-27,0.0,55.680645,357730.44,0.0,0.0,35.06002,-1.1619784e-06,1.0,1.0,70.004715,0.0,0.0,0.0,-2.2138559e-24,-1.8455654e-06,401.865,1.60746,55.680645,55.184006,0.0,0.9,0.0,-3.8696194e-25,0.0,75.39978,70.771515,67.52577,67.7283,68.598206
2018-04-10 03:44:00,2.7812385e-27,0.0,55.680645,357730.44,0.0,0.0,35.06002,0.0,1.0,1.0,70.002205,0.0,0.0,0.0,-2.500518e-24,3.1488769e-06,401.865,1.60746,55.680645,55.184006,0.0,0.9,0.0,-2.0982307e-25,0.0,75.400665,70.76657,67.5233,67.725784,68.59469
2018-04-10 03:45:00,3.1324066000000003e-28,0.0,55.680645,357730.44,0.0,0.0,35.06002,1.1619784e-06,1.0,1.0,69.9997,0.0,0.0,0.0,-2.6089303000000002e-24,-4.0413206e-06,401.865,1.60746,55.680645,55.184006,0.0,0.9,0.0,-3.8270754e-25,0.0,75.40154,70.76169,67.52083,67.72331,68.59112
2018-04-10 03:46:00,-6.0243405e-27,0.0,55.680645,357730.44,0.0,0.0,35.06002,0.0,1.0,1.0,69.997185,0.0,0.0,0.0,-2.5908095e-24,2.3717703e-06,401.865,1.60746,55.680645,55.184006,0.0,0.9,0.0,-4.9462437e-25,0.0,75.40237,70.7568,67.51842,67.72078,68.58755
2018-04-10 03:47:00,-3.0930575e-27,0.0,55.680645,357730.44,0.0,0.0,35.06002,-2.3239568e-06,1.0,1.0,69.99469,0.0,0.0,0.0,-5.016995e-24,4.3443633e-06,401.865,1.60746,55.680645,55.184006,0.0,0.9,0.0,-5.6226347e-25,0.0,75.403244,70.75191,67.515945,67.71831,68.58403
2018-04-10 03:48:00,3.6529908e-28,0.0,55.680645,357730.44,0.0,0.0,35.06002,0.0,1.0,1.0,69.99219,0.0,0.0,0.0,-1.550601e-23,6.0490224e-06,401.865,1.60746,55.680645,55.184006,0.0,0.9,0.0,-1.2706497e-24,0.0,75.40407,70.747025,67.51347,67.715836,68.58052
2018-04-10 03:49:00,4.0495397e-28,0.0,55.680645,357730.44,0.0,0.0,35.06002,0.0,1.0,1.0,69.98967,0.0,0.0,0.0,-1.1769281e-23,-5.8923683e-06,401.865,1.60746,55.680645,55.184006,0.0,0.9,0.0,-1.6046787e-26,0.0,75.40495,70.74213,67.511,67.71331,68.57695
2018-04-10 03:50:00,1.9819664e-27,0.0,55.680645,357730.44,0.0,0.0,35.06002,0.0,1.0,1.0,69.98717,0.0,0.0,0.0,-3.900082e-24,-8.9571864e-07,401.865,1.60746,55.680645,55.184006,0.0,0.9,0.0,-4.316554e-26,0.0,75.40578,70.73724,67.508575,67.71084,68.573425
2018-04-10 03:51:00,-6.861309e-27,0.0,55.680645,357730.44,0.0,0.0,35.06002,-2.3239568e-06,1.0,1.0,69.984665,0.0,0.0,0.0,-7.1337204e-24,-2.9807538e-06,401.865,1.60746,55.680645,55.184006,0.0,0.9,0.0,-4.7343120000000005e-25,0.0,75.4066,70.73241,67.5061,67.70831,68.569916
2018-04-10 03:52:00,1.2654276e-28,0.0,55.680645,357730.44,0.0,0.0,35.06002,1.1619784e-06,1.0,1.0,69.98219,0.0,0.0,0.0,-8.745479e-24,-8.620797e-06,401.865,1.60746,55.680645,55.184006,0.0,0.9,0.0,-9.294244e-25,0.0,75.40747,70.72752,67.50369,67.70584,68.5664
2018-04-10 03:53:00,-6.823293000000001e-27,0.0,55.680645,357730.44,0.0,0.0,35.06002,1.1619784e-06,1.0,1.0,69.979675,0.0,0.0,0.0,-3.5178735e-24,7.5600155e-07,401.865,1.60746,55.680645,55.184006,0.0,0.9,0.0,-6.345876e-27,0.0,75.408295,70.722626,67.50122,67.70337,68.56288
2018-04-10 03:54:00,-2.080073e-27,0.0,55.680645,357730.44,0.0,0.0,35.06002,0.0,1.0,1.0,69.977196,0.0,0.0,0.0,-2.1163180000000002e-23,5.2599894e-06,401.865,1.60746,55.680645,55.184006,0.0,0.9,0.0,-2.8846166e-25,0.0,75.40912,70.7178,67.4988,67.7009,68.55937
2018-04-10 03:55:00,2.3957667000000002e-27,0.0,55.680645,357730.44,0.0,0.0,35.06002,0.0,1.0,1.0,69.974686,0.0,0.0,0.0,-5.461145e-24,-1.5428184e-06,401.865,1.60746,55.680645,55.184006,0.0,0.9,0.0,-3.1621247999999997e-25,0.0,75.40994,70.712906,67.49633,67.698425,68.55585
2018-04-10 03:56:00,2.9727478000000003e-27,0.0,55.680645,357730.44,0.0,0.0,35.06002,0.0,1.0,1.0,69.9722,0.0,0.0,0.0,-1.3744579e-23,3.1941195e-06,401.865,1.60746,55.680645,55.184006,0.0,0.9,0.0,-1.2551145e-24,0.0,75.41077,70.70807,67.49391,67.69589,68.55234
2018-04-10 03:57:00,4.2204605e-27,0.0,55.680645,357730.44,0.0,0.0,35.06002,-1.1619784e-06,1.0,1.0,69.9697,0.0,0.0,0.0,-1.8295619e-23,-8.9477817e-07,401.865,1.60746,55.680645,55.184006,0.0,0.9,0.0,-1.497082e-25,0.0,75.41159,70.703186,67.4915,67.69342,68.54882
2018-04-10 03:58:00,1.3963396e-26,0.0,55.680645,357730.44,0.0,0.0,35.06002,1.1619784e-06,1.0,1.0,69.967224,0.0,0.0,0.0,-1.0848220000000001e-23,5.8502155e-07,401.865,1.60746,55.680645,55.184006,0.0,0.9,0.0,-4.8565226e-26,0.0,75.412415,70.69835,67.48903,67.69095,68.545364
2018-04-10 03:59:00,-4.293428e-27,0.0,55.680645,357730.44,0.0,0.0,35.06002,1.1619784e-06,1.0,1.0,69.96474,0.0,0.0,0.0,-4.4127396e-24,7.1615216e-07,401.865,1.60746,55.680645,55.184006,0.0,0.9,0.0,-4.6057616000000004e-26,0.0,75.41324,70.69351,67.4866,67.68848,68.54184
2018-04-10 04:00:00,6.472715e-27,0.0,55.680645,357730.44,0.0,0.0,35.06002,1.1619784e-06,1.0,1.0,69.962265,0.0,0.0,0.0,-2.0994122999999997e-25,-3.3389674e-06,401.865,1.60746,55.680645,55.184006,0.0,0.9,0.0,-6.8935493e-25,0.0,75.41406,70.68868,67.48419,67.686005,68.53838
2018-04-10 04:01:00,1.934307e-27,0.0,55.680645,357730.44,0.0,0.0,35.06002,1.1619784e-06,1.0,1.0,69.95978,0.0,0.0,0.0,-1.5752903e-24,-4.1479652e-06,401.865,1.60746,55.680645,55.184006,0.0,0.9,0.0,-1.0229243e-24,0.0,75.41489,70.68385,67.48177,67.68353,68.53487
2018-04-10 04:02:00,-9.713762e-28,0.0,55.680645,357730.44,0.0,0.0,35.06002,-2.3239568e-06,1.0,1.0,69.957726,0.0,0.0,0.0,-2.3556264e-24,-2.1290875e-06,401.865,1.60746,55.680645,55.184006,0.0,0.9,0.0,-6.2726265e-25,0.0,75.41725,70.67912,67.47952,67.681175,68.53157
2018-04-10 04:03:00,-2.2422887e-28,0.0,55.680645,357730.44,0.0,0.0,35.06002,0.0,1.0,1.0,69.95561,0.0,0.0,0.0,-1.1093231e-23,5.9227673e-06,401.865,1.60746,55.680645,55.184006,0.0,0.9,0.0,-7.060817e-25,0.0,75.41928,70.6744,67.477325,67.67882,68.528275
2018-04-10 04:04:00,-4.7140044000000004e-27,0.0,55.680645,357730.44,0.0,0.0,35.06002,0.0,1.0,1.0,69.953575,0.0,0.0,0.0,-7.70097e-24,3.1209868e-06,401.865,1.60746,55.680645,55.184006,0.0,0.9,0.0,-3.9996886999999997e-25,0.0,75.42148,70.66973,67.47513,67.676506,68.52504
2018-04-10 04:05:00,1.2388393e-26,0.0,55.680645,357730.44,0.0,0.0,35.06002,0.0,1.0,1.0,69.95152,0.0,0.0,0.0,-3.0100769e-24,-3.709649e-06,401.865,1.60746,55.680645,55.184006,0.0,0.9,0.0,-5.6080916e-25,0.0,75.423676,70.66501,67.472984,67.674194,68.52174
2018-04-10 04:06:00,4.5826024e-27,0.0,55.680645,357730.44,0.0,0.0,35.06002,0.0,1.0,1.0,69.94947,0.0,0.0,0.0,-2.7335101e-24,1.759487e-06,401.865,1.60746,55.680645,55.184006,0.0,0.9,0.0,-2.7754586999999997e-25,0.0,75.42587,70.66034,67.47079,67.67184,68.51849
2018-04-10 04:07:00,-2.6058077e-27,0.0,55.680645,357730.44,0.0,0.0,35.06002,0.0,1.0,1.0,69.94745,0.0,0.0,0.0,-3.7851956e-24,6.2190534e-06,401.865,1.60746,55.680645,55.184006,0.0,0.9,0.0,-5.946241699999999e-25,0.0,75.42813,70.65567,67.46864,67.669525,68.51526
2018-04-10 04:08:00,-4.301409e-27,0.0,55.680645,357730.44,0.0,0.0,35.06002,0.0,1.0,1.0,69.945404,0.0,0.0,0.0,-5.6962857e-24,-1.2788557e-06,401.865,1.60746,55.680645,55.184006,0.0,0.9,0.0,-2.4316568e-25,0.0,75.43033,70.651,67.466446,67.66722,68.51202
2018-04-10 04:09:00,-2.435848e-27,0.0,55.680645,357730.44,0.0,0.0,35.06002,0.0,1.0,1.0,69.9434,0.0,0.0,0.0,-7.081147e-24,2.0698508e-06,401.865,1.60746,55.680645,55.184006,0.0,0.9,0.0,-6.509358699999999e-25,0.0,75.43258,70.64633,67.46431,67.66492,68.508835
2018-04-10 04:10:00,3.5581394e-27,0.0,55.680645,357730.44,0.0,0.0,35.06002,0.0,1.0,1.0,69.94137,0.0,0.0,0.0,-9.737166500000001e-24,-6.239045e-06,401.865,1.60746,55.680645,55.184006,0.0,0.9,0.0,-5.574433e-25,0.0,75.43478,70.641716,67.46216,67.66261,68.505585
2018-04-10 04:11:00,4.3072037e-27,0.0,55.680645,357730.44,0.0,0.0,35.06002,0.0,1.0,1.0,69.93936,0.0,0.0,0.0,-1.4199373e-23,-1.8099412e-06,401.865,1.60746,55.680645,55.184006,0.0,0.9,0.0,-2.8843705999999998e-25,0.0,75.43703,70.63705,67.46002,67.6603,68.5024
2018-04-10 04:12:00,-8.646261400000001e-27,0.0,55.680645,357730.44,0.0,0.0,35.06002,1.1619784e-06,1.0,1.0,69.93734,0.0,0.0,0.0,-5.8101744999999995e-25,-3.0565793e-06,401.865,1.60746,55.680645,55.184006,0.0,0.9,0.0,-6.172963299999999e-25,0.0,75.439224,70.63243,67.45793,67.65799,68.49916
2018-04-10 04:13:00,-1.6685236000000002e-26,0.0,55.680645,357730.44,0.0,0.0,35.06002,0.0,1.0,1.0,69.93534,0.0,0.0,0.0,-8.232412999999999e-24,-8.379345e-06,401.865,1.60746,55.680645,55.184006,0.0,0.9,0.0,-7.8293675999999995e-25,0.0,75.44148,70.62776,67.455795,67.655685,68.49597
2018-04-10 04:14:00,-4.2729820000000006e-27,0.0,55.680645,357730.44,0.0,0.0,35.06002,0.0,1.0,1.0,69.93334,0.0,0.0,0.0,-4.1941498e-24,8.902759e-06,401.865,1.60746,55.680645,55.184006,0.0,0.9,0.0,-2.7091552e-25,0.0,75.44368,70.62315,67.45364,67.653435,68.49279
2018-04-10 04:15:00,-6.2914470000000005e-27,0.0,55.680645,357730.44,0.0,0.0,35.06002,1.1619784e-06,1.0,1.0,69.93135,0.0,0.0,0.0,-2.4837066e-25,2.2177517e-06,401.865,1.60746,55.680645,55.184006,0.0,0.9,0.0,-4.4127715e-25,0.0,75.44592,70.61853,67.45156,67.65112,68.48961
2018-04-10 04:16:00,3.3818750000000004e-28,0.0,55.680645,357730.44,0.0,0.0,35.06002,0.0,1.0,1.0,69.92937,0.0,0.0,0.0,-5.1874334000000005e-24,-2.5857012e-06,401.865,1.60746,55.680645,55.184006,0.0,0.9,0.0,-2.013833e-26,0.0,75.44812,70.61392,67.44948,67.64888,68.48642
2018-04-10 04:17:00,5.144211e-27,0.0,55.680645,357730.44,0.0,0.0,35.06002,0.0,1.0,1.0,69.92738,0.0,0.0,0.0,-3.850748e-24,-4.9764003e-06,401.865,1.60746,55.680645,55.184006,0.0,0.9,0.0,-2.2303888e-25,0.0,75.45032,70.60931,67.44739,67.64657,68.48329
2018-04-10 04:18:00,2.3224094000000002e-26,0.0,55.680645,357730.44,0.0,0.0,35.06002,0.0,1.0,1.0,69.925385,0.0,0.0,0.0,-7.284763e-24,3.5825742e-06,401.865,1.60746,55.680645,55.184006,0.0,0.9,0.0,-4.0134207999999996e-25,0.0,75.452515,70.60469,67.4453,67.64432,68.4801
2018-04-10 04:19:00,1.4086415e-26,0.0,55.680645,357730.44,0.0,0.0,35.06002,0.0,1.0,1.0,69.9234,0.0,0.0,0.0,-2.8175538e-24,-1.6353225e-06,401.865,1.60746,55.680645,55.184006,0.0,0.9,0.0,-1.0618577e-24,0.0,75.454666,70.60008,67.44321,67.64206,68.476974
2018-04-10 04:20:00,-7.977607e-27,0.0,55.680645,357730.44,0.0,0.0,35.06002,0.0,1.0,1.0,69.9214,0.0,0.0,0.0,-1.1523235e-25,2.1238388e-07,401.865,1.60746,55.680645,55.184006,0.0,0.9,0.0,-1.1421671999999999e-25,0.0,75.45686,70.59552,67.441124,67.639755,68.473785
2018-04-10 04:21:00,-1.8406713e-28,0.0,55.680645,357730.44,0.0,0.0,35.06002,0.0,1.0,1.0,69.91942,0.0,0.0,0.0,-2.6501471e-25,1.7760418e-07,401.865,1.60746,55.680645,55.184006,0.0,0.9,0.0,-1.5736410000000002e-25,0.0,75.459,70.590904,67.43904,67.637505,68.47066
2018-04-10 04:22:00,-1.9628084e-27,0.0,55.680645,357730.44,0.0,0.0,35.06002,-1.1619784e-06,1.0,1.0,69.917435,0.0,0.0,0.0,-4.2085182000000005e-27,4.077326e-06,401.865,1.60746,55.680645,55.184006,0.0,0.9,0.0,-5.281690499999999e-25,0.0,75.46114,70.58629,67.43695,67.635254,68.46752
2018-04-10 04:23:00,4.5892584e-27,0.0,55.680645,357730.44,0.0,0.0,35.06002,0.0,1.0,1.0,69.91546,0.0,0.0,0.0,-9.034446999999999e-26,2.312355e-06,401.865,1.60746,55.680645,55.184006,0.0,0.9,0.0,-7.654799000000001e-27,0.0,75.46329,70.581726,67.43492,67.632996,68.464386
2018-04-10 04:24:00,-6.5090847e-28,0.0,55.680645,357730.44,0.0,0.0,35.06002,-1.1619784e-06,1.0,1.0,69.91349,0.0,0.0,0.0,-4.410127e-25,3.1103707e-07,401.865,1.60746,55.680645,55.184006,0.0,0.9,0.0,-8.079891999999999e-26,0.0,75.46542,70.57717,67.43283,67.63075,68.46126
2018-04-10 04:25:00,5.7737603e-28,0.0,55.680645,357730.44,0.0,0.0,35.06002,0.0,1.0,1.0,69.91152,0.0,0.0,0.0,-6.08035e-25,-1.3451795e-06,401.865,1.60746,55.680645,55.184006,0.0,0.9,0.0,-7.0043644e-26,0.0,75.467575,70.572556,67.4308,67.628494,68.45818
2018-04-10 04:26:00,8.872844e-28,0.0,55.680645,357730.44,0.0,0.0,35.06002,0.0,1.0,1.0,69.909546,0.0,0.0,0.0,-5.703642e-25,-9.353711e-07,401.865,1.60746,55.680645,55.184006,0.0,0.9,0.0,-8.4045925e-26,0.0,75.46966,70.56799,67.428764,67.62624,68.45505
2018-04-10 04:27:00,4.154457e-27,0.0,55.680645,357730.44,0.0,0.0,35.06002,0.0,1.0,1.0,69.90758,0.0,0.0,0.0,-2.2110672e-23,4.135668e-07,401.865,1.60746,55.680645,55.184006,0.0,0.9,0.0,-1.5096074999999998e-25,0.0,75.47174,70.56344,67.42673,67.62399,68.45198
2018-04-10 04:28:00,-5.3453138000000004e-27,0.0,55.680645,357730.44,0.0,0.0,35.06002,-1.1619784e-06,1.0,1.0,69.9056,0.0,0.0,0.0,-2.3232155e-24,-1.3190258e-06,401.865,1.60746,55.680645,55.184006,0.0,0.9,0.0,-1.1268113e-24,0.0,75.47383,70.55888,67.424644,67.621796,68.448845
2018-04-10 04:29:00,4.1679427e-27,0.0,55.680645,357730.44,0.0,0.0,35.06002,-1.1619784e-06,1.0,1.0,69.90363,0.0,0.0,0.0,-1.7077960000000002e-23,3.519462e-06,401.865,1.60746,55.680645,55.184006,0.0,0.9,0.0,-3.9174373999999996e-25,0.0,75.47592,70.55432,67.42261,67.61954,68.44577
2018-04-10 04:30:00,4.357344e-27,0.0,55.680645,357730.44,0.0,0.0,35.06002,-1.1619784e-06,1.0,1.0,69.90168,0.0,0.0,0.0,-2.5048896000000003e-26,2.291143e-06,401.865,1.60746,55.680645,55.184006,0.0,0.9,0.0,-8.193106e-25,0.0,75.47801,70.54976,67.42064,67.617294,68.44269
2018-04-10 04:31:00,-1.0541613e-27,0.0,55.680645,357730.44,0.0,0.0,35.06002,-1.1619784e-06,1.0,1.0,69.899734,0.0,0.0,0.0,-6.4566283e-25,-2.7219737e-06,401.865,1.60746,55.680645,55.184006,0.0,0.9,0.0,-1.2623577000000001e-24,0.0,75.48004,70.54526,67.4186,67.6151,68.43962
2018-04-10 04:32:00,2.6508494e-27,0.0,55.680645,357730.44,0.0,0.0,35.06002,-1.1619784e-06,1.0,1.0,69.89774,0.0,0.0,0.0,-6.004453e-24,3.7716552e-06,401.865,1.60746,55.680645,55.184006,0.0,0.9,0.0,-1.0938392e-24,0.0,75.48207,70.540695,67.416565,67.61284,68.43654
2018-04-10 04:33:00,3.0461132e-27,0.0,55.680645,357730.44,0.0,0.0,35.06002,1.1619784e-06,1.0,1.0,69.89579,0.0,0.0,0.0,-1.7988357e-23,-3.1131708e-06,401.865,1.60746,55.680645,55.184006,0.0,0.9,0.0,-2.0451790000000001e-25,0.0,75.4841,70.536194,67.414536,67.61064,68.433464
2018-04-10 04:34:00,6.4924735000000005e-28,0.0,55.680645,357730.44,0.0,0.0,35.06002,0.0,1.0,1.0,69.89382,0.0,0.0,0.0,-3.257333e-24,-3.197722e-06,401.865,1.60746,55.680645,55.184006,0.0,0.9,0.0,-1.1759662000000001e-24,0.0,75.48614,70.53163,67.41256,67.60839,68.43039
2018-04-10 04:35:00,2.9572036000000003e-27,0.0,55.680645,357730.44,0.0,0.0,35.06002,0.0,1.0,1.0,69.89185,0.0,0.0,0.0,-6.720987e-24,5.201608e-06,401.865,1.60746,55.680645,55.184006,0.0,0.9,0.0,-5.643107599999999e-25,0.0,75.48811,70.52713,67.41052,67.60619,68.42731
2018-04-10 04:36:00,-2.4992517000000003e-27,0.0,55.680645,357730.44,0.0,0.0,35.06002,0.0,1.0,1.0,69.88991,0.0,0.0,0.0,-6.5024269999999996e-24,-7.848195e-06,401.865,1.60746,55.680645,55.184006,0.0,0.9,0.0,-1.4035421000000002e-26,0.0,75.49014,70.52257,67.408554,67.604,68.424286
2018-04-10 04:37:00,4.4180382e-27,0.0,55.680645,357730.44,0.0,0.0,35.06002,0.0,1.0,1.0,69.88794,0.0,0.0,0.0,-6.5854412000000006e-24,-5.434947e-06,401.865,1.60746,55.680645,55.184006,0.0,0.9,0.0,-2.5234535999999997e-25,0.0,75.49213,70.51807,67.40652,67.601746,68.42122
2018-04-10 04:38:00,-2.8514450000000003e-27,0.0,55.680645,357730.44,0.0,0.0,35.06002,-2.3239568e-06,1.0,1.0,69.88599,0.0,0.0,0.0,-2.7084307e-24,-1.8466534e-06,401.865,1.60746,55.680645,55.184006,0.0,0.9,0.0,-1.1696868e-24,0.0,75.4941,70.513565,67.40454,67.59955,68.4182
2018-04-10 04:39:00,1.3002675000000001e-27,0.0,55.680645,357730.44,0.0,0.0,35.06002,0.0,1.0,1.0,69.88402,0.0,0.0,0.0,-1.1273055e-23,-9.4558686e-07,401.865,1.60746,55.680645,55.184006,0.0,0.9,0.0,-2.0392796e-25,0.0,75.496025,70.509056,67.40256,67.59735,68.415115
2018-04-10 04:40:00,-3.1992588000000003e-28,0.0,55.680645,357730.44,0.0,0.0,35.06002,1.1619784e-06,1.0,1.0,69.88208,0.0,0.0,0.0,-2.6711237e-25,-2.1570752e-06,401.865,1.60746,55.680645,55.184006,0.0,0.9,0.0,-5.55373e-25,0.0,75.498,70.50455,67.40059,67.59515,68.412094
2018-04-10 04:41:00,1.080884e-27,0.0,55.680645,357730.44,0.0,0.0,35.06002,-1.1619784e-06,1.0,1.0,69.88011,0.0,0.0,0.0,-1.0431528e-26,3.5195403e-06,401.865,1.60746,55.680645,55.184006,0.0,0.9,0.0,-1.2680819e-24,0.0,75.49992,70.500046,67.398605,67.59296,68.40907
2018-04-10 04:42:00,-5.4804598000000006e-27,0.0,55.680645,357730.44,0.0,0.0,35.06002,-1.1619784e-06,1.0,1.0,69.87816,0.0,0.0,0.0,-5.2047958e-24,4.404281e-06,401.865,1.60746,55.680645,55.184006,0.0,0.9,0.0,-1.0789714e-24,0.0,75.50185,70.495544,67.39663,67.59076,68.40605
2018-04-10 04:43:00,-6.4208082e-28,0.0,55.680645,357730.44,0.0,0.0,35.06002,0.0,1.0,1.0,69.876205,0.0,0.0,0.0,-2.8993403000000002e-24,-1.9702366e-06,401.865,1.60746,55.680645,55.184006,0.0,0.9,0.0,-8.862001e-26,0.0,75.50377,70.49104,67.39465,67.58856,68.40303
2018-04-10 04:44:00,-6.1177854e-27,0.0,55.680645,357730.44,0.0,0.0,35.06002,0.0,1.0,1.0,69.87427,0.0,0.0,0.0,-7.934061e-26,8.4188025e-07,401.865,1.60746,55.680645,55.184006,0.0,0.9,0.0,-3.114095e-25,0.0,75.50569,70.48659,67.39267,67.586365,68.40001
2018-04-10 04:45:00,5.436110200000001e-27,0.0,55.680645,357730.44,0.0,0.0,35.06002,0.0,1.0,1.0,69.8723,0.0,0.0,0.0,-2.4151759e-23,-8.837079e-07,401.865,1.60746,55.680645,55.184006,0.0,0.9,0.0,-1.3602246e-25,0.0,75.50756,70.482086,67.3907,67.58417,68.39699
2018-04-10 04:46:00,-1.4530491e-26,0.0,55.680645,357730.44,0.0,0.0,35.06002,0.0,1.0,1.0,69.87038,0.0,0.0,0.0,-2.176848e-26,-3.4018092e-07,401.865,1.60746,55.680645,55.184006,0.0,0.9,0.0,-9.4114935e-27,0.0,75.50943,70.47763,67.38878,67.58197,68.39403
2018-04-10 04:47:00,-1.5298561e-28,0.0,55.680645,357730.44,0.0,0.0,35.06002,-1.1619784e-06,1.0,1.0,69.86841,0.0,0.0,0.0,-2.4011731999999998e-23,-4.554782e-06,401.865,1.60746,55.680645,55.184006,0.0,0.9,0.0,-1.687968e-24,0.0,75.51129,70.47313,67.386795,67.57983,68.39101
2018-04-10 04:48:00,9.598572e-27,0.0,55.680645,357730.44,0.0,0.0,35.06002,-1.1619784e-06,1.0,1.0,69.86647,0.0,0.0,0.0,-1.5809112e-25,-1.31926e-06,401.865,1.60746,55.680645,55.184006,0.0,0.9,0.0,-1.2195571e-25,0.0,75.51317,70.46868,67.38487,67.57763,68.38803
2018-04-10 04:49:00,3.1112682e-27,0.0,55.680645,357730.44,0.0,0.0,35.06002,0.0,1.0,1.0,69.86451,0.0,0.0,0.0,-2.5523585e-24,1.1696126e-06,401.865,1.60746,55.680645,55.184006,0.0,0.9,0.0,-1.0596333e-25,0.0,75.51503,70.46417,67.3829,67.57543,68.38501
2018-04-10 04:50:00,2.6315918e-27,0.0,55.680645,357730.44,0.0,0.0,35.06002,-1.1619784e-06,1.0,1.0,69.862564,0.0,0.0,0.0,-2.1350678e-25,-2.1743642e-06,401.865,1.60746,55.680645,55.184006,0.0,0.9,0.0,-7.484043000000001e-25,0.0,75.516846,70.45973,67.380974,67.573235,68.38205
2018-04-10 04:51:00,3.1602298e-28,0.0,55.680645,357730.44,0.0,0.0,35.06002,1.1619784e-06,1.0,1.0,69.86062,0.0,0.0,0.0,-5.698115999999999e-26,3.8077837e-06,401.865,1.60746,55.680645,55.184006,0.0,0.9,0.0,-4.748042e-25,0.0,75.51866,70.45528,67.379,67.57109,68.37908
2018-04-10 04:52:00,-1.24315496e-26,0.0,55.680645,357730.44,0.0,0.0,35.06002,0.0,1.0,1.0,69.85868,0.0,0.0,0.0,-1.6928539000000002e-24,2.950929e-07,401.865,1.60746,55.680645,55.184006,0.0,0.9,0.0,-4.3374728e-26,0.0,75.52047,70.45083,67.377075,67.56889,68.376114
2018-04-10 04:53:00,-5.5684775e-27,0.0,55.680645,357730.44,0.0,0.0,35.06002,0.0,1.0,1.0,69.85675,0.0,0.0,0.0,-2.8350182e-25,2.9936186e-06,401.865,1.60746,55.680645,55.184006,0.0,0.9,0.0,-4.7712924999999995e-29,0.0,75.52228,70.44638,67.37515,67.56676,68.37315
2018-04-10 04:54:00,-1.3431967000000001e-27,0.0,55.680645,357730.44,0.0,0.0,35.06002,0.0,1.0,1.0,69.8548,0.0,0.0,0.0,-4.226643e-25,-4.3559027e-07,401.865,1.60746,55.680645,55.184006,0.0,0.9,0.0,-2.3214687e-26,0.0,75.52409,70.441925,67.37323,67.56456,68.37018
2018-04-10 04:55:00,7.4530586000000005e-28,0.0,55.680645,357730.44,0.0,0.0,35.06002,-1.1619784e-06,1.0,1.0,69.85285,0.0,0.0,0.0,-1.5519825e-24,6.669842e-07,401.865,1.60746,55.680645,55.184006,0.0,0.9,0.0,-4.3839258e-27,0.0,75.52585,70.437485,67.37131,67.56241,68.36722
2018-04-10 04:56:00,9.8663334e-27,0.0,55.680645,357730.44,0.0,0.0,35.06002,1.1619784e-06,1.0,1.0,69.85094,0.0,0.0,0.0,-4.0541676999999996e-25,2.2338288e-06,401.865,1.60746,55.680645,55.184006,0.0,0.9,0.0,-9.671031e-25,0.0,75.527664,70.43309,67.369385,67.56027,68.36425
2018-04-10 04:57:00,1.7591492000000002e-27,0.0,55.680645,357730.44,0.0,0.0,35.06002,-1.1619784e-06,1.0,1.0,69.848976,0.0,0.0,0.0,-3.744641e-23,-3.456968e-06,401.865,1.60746,55.680645,55.184006,0.0,0.9,0.0,-3.3302054e-25,0.0,75.52942,70.428635,67.36746,67.558075,68.36128
2018-04-10 04:58:00,3.289579e-27,0.0,55.680645,357730.44,0.0,0.0,35.06002,-1.1619784e-06,1.0,1.0,69.84704,0.0,0.0,0.0,-4.5985467e-24,1.0472395e-06,401.865,1.60746,55.680645,55.184006,0.0,0.9,0.0,-5.005909e-26,0.0,75.53118,70.42419,67.36554,67.55593,68.35837
2018-04-10 04:59:00,4.433553e-27,0.0,55.680645,357730.44,0.0,0.0,35.06002,-1.1619784e-06,1.0,1.0,69.84509,0.0,0.0,0.0,-7.250113e-25,-2.3436744e-06,401.865,1.60746,55.680645,55.184006,0.0,0.9,0.0,-8.1338694e-25,0.0,75.53288,70.41979,67.36362,67.55379,68.35541
2018-04-10 05:00:00,1.637942e-27,0.0,55.680645,357730.44,0.0,0.0,35.06002,1.1619784e-06,1.0,1.0,69.843155,0.0,0.0,0.0,-2.016287e-25,4.0028526e-06,401.865,1.60746,55.680645,55.184006,0.0,0.9,0.0,-5.6500455999999995e-25,0.0,75.53464,70.415344,67.361694,67.55159,68.35249
2018-04-10 05:01:00,8.58855e-08,0.0005957844,55.680645,357730.44,0.0,1.0,35.07502,-1.1619784e-06,1.0,1.0,70.62128,0.0,0.0,0.0,-4.4184184e-23,3.8583992e-05,401.865,1.60746,56.63926,55.184006,0.00029476924,0.9,0.0,-3.0713557e-25,0.0,75.5364,70.41089,67.35977,67.54945,68.34953
2018-04-10 05:02:00,0.0408508,0.07485359,55.89482,357730.44,1.0,1.0,35.07502,25929.53,0.099789694,0.0,70.72087,0.031049017,0.031049017,1.0,0.028154902,26048.072,401.8668,1.60746,56.54719,55.184006,0.039536756,0.9,1.0,0.09039871,1.0,81.42919,71.17818,65.15086,68.986465,69.31847
2018-04-10 05:03:00,0.030862277,0.0,52.3692,357730.44,0.836967,0.836967,35.090015,64582.918,0.046184067,0.163033,70.74071,0.065925226,0.065925226,1.0,0.15558201,64837.695,401.87195,1.60746,55.391045,55.184006,0.078148745,0.9,1.0,0.60975236,1.0,77.03296,71.11468,65.35855,65.473694,67.14125
2018-04-10 05:04:00,0.0014847686,0.0,47.890625,357730.44,0.5570871,0.5570871,35.10501,86277.81,0.32883102,0.4429129,70.835846,0.099463955,0.099463955,1.0,0.4936459,86677.51,401.88257,1.60746,54.23512,55.184006,0.11521354,0.9,1.0,1.9213313,1.0,79.15727,71.08298,65.39563,65.67326,67.25606
2018-04-10 05:05:00,4.7732796e-05,0.0,51.58555,357730.44,0.73013717,0.73013717,35.120007,116782.07,0.36679342,0.26986283,71.03322,0.13216345,0.13216345,1.0,1.0493569,117308.87,401.8955,1.60746,53.840767,55.184006,0.15140627,0.9,1.0,4.56396,1.0,77.304375,71.039474,65.4309,65.7088,67.27957
2018-04-10 05:06:00,1.3291332e-06,0.0,50.68,357730.44,0.66066927,0.66066927,35.135002,148124.89,0.27933756,0.33933076,71.30792,0.16388132,0.16388132,1.0,1.9571587,148725.05,401.91132,1.60746,54.27758,55.184006,0.18652642,0.9,1.0,8.489881,1.0,77.82254,70.98449,65.46567,65.74324,67.30281
2018-04-10 05:07:00,3.4359847e-08,0.0,51.592194,357730.44,0.6858221,0.6858221,35.15,174648.48,0.3521288,0.31417784,71.63005,0.19444472,0.19444472,1.0,3.3327498,175314.4,401.93054,1.60746,54.32702,55.184006,0.22035058,0.9,1.0,14.2968855,1.0,76.76808,70.91912,65.49896,65.78219,67.32884
2018-04-10 05:08:00,8.492026e-10,0.0,51.452774,357730.44,0.6601045,0.6601045,35.179993,203127.08,0.30737975,0.3398955,71.948425,0.2241332,0.2241332,1.0,4.9672666,203868.67,401.95172,1.60746,54.652325,55.184006,0.25319266,0.9,1.0,21.660826,1.0,76.671616,70.84167,65.52939,65.821625,67.356094
2018-04-10 05:09:00,2.0335353e-11,0.0,52.358437,357730.44,0.690768,0.690768,35.179993,228959.7,0.33539927,0.30923197,72.24429,0.25274733,0.25274733,1.0,7.1335073,229763.6,401.9754,1.60746,54.688305,55.184006,0.28484514,0.9,1.0,31.0863,1.0,75.90274,70.75197,65.55702,65.860466,67.38394
2018-04-10 05:10:00,4.759948e-13,0.0,51.99946,357730.44,0.65455115,0.65455115,35.19499,254917.31,0.3266374,0.34544888,72.48836,0.2804394,0.2804394,1.0,9.642846,255779.94,402.00082,1.60746,54.914406,55.184006,0.31546843,0.9,1.0,42.282707,1.0,75.531296,70.64874,65.58098,65.897766,67.41124
2018-04-10 05:11:00,1.0956164e-14,0.0,52.71,357730.44,0.678875,0.678875,35.209984,279816.78,0.32535312,0.32112497,72.67441,0.3071359,0.3071359,1.0,12.57831,280718.66,402.0279,1.60746,55.032562,55.184006,0.3450055,0.9,1.0,55.39462,1.0,74.86519,70.53229,65.600586,65.9332,67.43733
2018-04-10 05:12:00,2.4896336000000004e-16,0.0,52.799973,357730.44,0.66947156,0.66947156,35.225037,303479.84,0.33545306,0.33052844,72.78949,0.33289307,0.33289307,1.0,15.985499,304425.5,402.05652,1.60746,55.109024,55.184006,0.37348405,0.9,1.0,70.47587,1.0,74.36102,70.40265,65.61536,65.966095,67.46123
2018-04-10 05:13:00,5.5940004e-18,0.0,52.8554,357730.44,0.6599923,0.6599923,35.240032,326334.2,0.3310698,0.3400077,72.833435,0.35769352,0.35769352,1.0,19.786129,327306.56,402.08643,1.60746,55.25284,55.184006,0.4009023,0.9,1.0,87.35173,1.0,73.72508,70.25994,65.62459,65.99576,67.48177
2018-04-10 05:14:00,1.2349803e-19,0.0,53.19438,357730.44,0.66703933,0.66703933,35.255028,347879.22,0.333307,0.33296064,72.8024,0.38152736,0.38152736,1.0,24.056658,348869.25,402.1176,1.60746,55.336884,55.184006,0.42724982,0.9,1.0,106.09535,1.0,73.16989,70.104706,65.627945,66.02136,67.49803
2018-04-10 05:15:00,2.5147424000000002e-21,0.0,53.331825,357730.44,0.66362745,0.66362745,35.285023,368276.56,0.33849612,0.33637258,72.70193,0.40441838,0.40441838,1.0,28.772095,369273.3,402.1498,1.60746,55.390114,55.184006,0.4525506,0.9,1.0,126.58463,1.0,72.57509,69.93848,65.62486,66.041855,67.509125
2018-04-10 05:16:00,-6.060092e-22,0.0,53.388954,357730.44,0.65672725,0.65672725,35.30002,387725.3,0.33986306,0.34327275,72.53725,0.4263946,0.4263946,1.0,33.881226,388738.66,402.18274,1.60746,55.462017,55.184006,0.4768612,0.9,1.0,148.64128,1.0,72.03121,69.76281,65.61536,66.056625,67.51434
2018-04-10 05:17:00,1.5023242000000001e-21,0.0,53.53117,357730.44,0.6552657,0.6552657,35.30002,406418.22,0.34168527,0.3447343,72.318504,0.4475664,0.4475664,1.0,39.35593,407439.25,402.2161,1.60746,55.523705,55.184006,0.5002428,0.9,1.0,172.21262,1.0,71.49475,69.57082,65.600914,66.06646,67.51468
2018-04-10 05:18:00,-1.1122686e-21,0.0,53.665367,357730.44,0.65388954,0.65388954,35.315014,423973.78,0.34535462,0.34611046,72.05653,0.46781513,0.46781513,1.0,45.22156,424983.75,402.2501,1.60746,55.561607,55.184006,0.5226192,0.9,1.0,197.16281,1.0,70.99992,69.36478,65.58125,66.07124,67.50979
2018-04-10 05:19:00,6.7124860000000005e-22,0.0,53.744522,357730.44,0.6499933,0.6499933,35.33001,440538.4,0.3488877,0.3500067,71.762985,0.48721126,0.48721126,1.0,51.450832,441537.75,402.28452,1.60746,55.592422,55.184006,0.5440506,0.9,1.0,223.36952,1.0,70.52933,69.14922,65.55664,66.07074,67.499626
2018-04-10 05:20:00,-1.5919652e-21,0.0,53.81132,357730.44,0.64592177,0.64592177,35.34501,456142.0,0.35187784,0.3540782,71.44768,0.50576454,0.50576454,1.0,58.013435,457121.44,402.31918,1.60746,55.623024,55.184006,0.5645449,0.9,1.0,250.67746,1.0,70.09828,68.925766,65.527466,66.06536,67.48447
2018-04-10 05:21:00,-9.160877e-22,0.0,53.885864,357730.44,0.64270824,0.64270824,35.360004,471532.44,0.35501164,0.35729173,71.12072,0.52360994,0.52360994,1.0,64.70704,472527.53,402.3528,1.60746,55.648346,55.184006,0.5844478,0.9,1.0,278.58142,1.0,69.69832,68.697685,65.49385,66.05481,67.46408
2018-04-10 05:22:00,-8.362222500000001e-22,0.0,53.960075,357730.44,0.63984007,0.63984007,35.375,489225.16,0.35846817,0.3601599,70.79492,0.54145616,0.54145616,1.0,70.83037,490300.0,402.38443,1.60746,55.666637,55.184006,0.6040588,0.9,1.0,306.77417,1.0,69.304565,68.48004,65.46089,66.043335,67.44289
2018-04-10 05:23:00,9.89685e-22,0.0,54.019238,357730.44,0.6364874,0.6364874,35.389996,504964.25,0.36185294,0.36351255,70.46962,0.55823505,0.55823505,1.0,77.35284,505989.47,402.41705,1.60746,55.681194,55.184006,0.62260467,0.9,1.0,335.7465,1.0,68.93444,68.27043,65.42738,66.03103,67.420746
2018-04-10 05:24:00,9.58008e-22,0.0,54.071365,357730.44,0.6330684,0.6330684,35.41999,519878.16,0.36509487,0.36693162,70.148705,0.57433414,0.57433414,1.0,84.07292,520877.3,402.4495,1.60746,55.693886,55.184006,0.6403958,0.9,1.0,365.34625,1.0,68.59249,68.06839,65.392944,66.017136,67.39696
2018-04-10 05:25:00,3.5520364000000003e-22,0.0,54.121796,357730.44,0.6298534,0.6298534,35.41999,534044.75,0.36826876,0.37014654,69.83626,0.5897619,0.5897619,1.0,90.93372,535016.6,402.48166,1.60746,55.704926,55.184006,0.6574427,0.9,1.0,395.41156,1.0,68.284164,67.874535,65.35762,66.00164,67.37152
2018-04-10 05:26:00,1.320636e-21,0.0,54.170464,357730.44,0.6268115,0.6268115,35.434986,547482.44,0.37140134,0.37318847,69.536545,0.6045337,0.6045337,1.0,97.913216,548423.94,402.51355,1.60746,55.714096,55.184006,0.67376316,0.9,1.0,425.82724,1.0,68.01175,67.68898,65.32143,65.98456,67.34439
2018-04-10 05:27:00,1.3443675000000002e-22,0.0,54.216278,357730.44,0.623872,0.623872,35.450035,560201.6,0.37444687,0.376128,69.25343,0.61866444,0.61866444,1.0,104.99384,561109.44,402.5451,1.60746,55.72212,55.184006,0.68937397,0.9,1.0,456.48648,1.0,67.77379,67.51166,65.28423,65.969666,67.31566
2018-04-10 05:28:00,-2.2252504e-22,0.0,54.25984,357730.44,0.62103117,0.621042,35.465034,572254.1,0.37736532,0.37896883,68.98882,0.6322213,0.6322213,1.0,112.1905,573082.7,402.57645,1.60746,55.7297,55.184006,0.7042955,0.9,1.0,487.4128,1.0,67.569115,67.34241,65.246056,65.95385,67.28523
2018-04-10 05:29:00,-6.7794637e-23,0.0,54.301586,357730.44,0.6183695,0.6183695,35.48003,583518.75,0.38009793,0.38163048,68.74762,0.64507556,0.64507556,1.0,119.41326,584352.7,402.60712,1.60746,55.73739,55.184006,0.7185468,0.9,1.0,518.1794,1.0,67.39476,67.18091,65.206894,65.93682,67.2531
2018-04-10 05:30:00,-6.438750400000001e-22,0.0,54.342728,357730.44,0.61588454,0.61588454,35.495026,594113.8,0.38267025,0.38411543,68.528275,0.65737295,0.65737295,1.0,126.724754,594901.5,402.63757,1.60746,55.745464,55.184006,0.7321239,0.9,1.0,549.01715,1.0,67.24765,67.02678,65.16668,65.91853,67.219315
2018-04-10 05:31:00,7.961492000000001e-22,0.0,54.38327,357730.44,0.61359274,0.61359274,35.525017,603990.7,0.38505703,0.3864073,68.331955,0.6690771,0.6690771,1.0,134.09401,604730.4,402.66763,1.60746,55.75409,55.184006,0.745045,0.9,1.0,579.72516,1.0,67.12472,66.87923,65.12598,65.89876,67.18361
2018-04-10 05:32:00,6.361561e-22,0.0,54.423317,357730.44,0.61149687,0.61149687,35.525017,613157.44,0.38725755,0.3885031,68.15848,0.680199,0.680199,1.0,141.50766,613847.7,402.6973,1.60746,55.763374,55.184006,0.75732005,0.9,1.0,610.21045,1.0,67.022766,66.737724,65.08516,65.877884,67.14609
2018-04-10 05:33:00,-2.33118e-21,0.0,54.4627,357730.44,0.60958517,0.60958517,35.540016,621623.4,0.38927162,0.39041483,68.00687,0.69074816,0.69074816,1.0,148.95018,622262.56,402.7266,1.60746,55.773205,55.184006,0.76896065,0.9,1.0,640.37634,1.0,66.938225,66.60177,65.04473,65.8558,67.10659
2018-04-10 05:34:00,-5.400941e-21,0.0,54.501373,357730.44,0.60785156,0.60785156,35.55501,629400.06,0.39109498,0.39214844,67.87575,0.7007379,0.7007379,1.0,156.40973,629987.4,402.75543,1.60746,55.783806,55.184006,0.7799815,0.9,1.0,670.14026,1.0,66.86791,66.47142,65.005066,65.8324,67.06506
2018-04-10 05:35:00,1.3823145000000001e-21,0.0,54.539383,357730.44,0.606294,0.606294,35.570007,636504.4,0.3927373,0.39370602,67.76335,0.7101818,0.7101818,1.0,163.87146,637039.56,402.78384,1.60746,55.79496,55.184006,0.7903978,0.9,1.0,699.4191,1.0,66.80908,66.346886,64.96651,65.80757,67.02156
2018-04-10 05:36:00,-4.181636e-21,0.0,54.57663,357730.44,0.6049024,0.6049024,35.585003,642957.8,0.39421192,0.3950976,67.66788,0.7190944,0.7190944,1.0,171.31866,643441.06,402.8118,1.60746,55.806602,55.184006,0.800226,0.9,1.0,728.1323,1.0,66.76146,66.22818,64.929375,65.78142,66.97601
2018-04-10 05:37:00,2.209656e-21,0.0,54.61305,357730.44,0.6036698,0.6036698,35.6,648785.2,0.39553097,0.3963302,67.58774,0.7274913,0.7274913,1.0,178.73357,649217.2,402.8393,1.60746,55.818634,55.184006,0.8094835,0.9,1.0,756.2041,1.0,66.724266,66.11535,64.89389,65.7539,66.92856
2018-04-10 05:38:00,3.8498967000000003e-22,0.0,54.64837,357730.44,0.6025767,0.6025767,35.629993,654012.8,0.3966989,0.39742333,67.52144,0.73538935,0.73538935,1.0,186.0988,654395.06,402.86627,1.60746,55.830883,55.184006,0.8181892,0.9,1.0,783.56635,1.0,66.6968,66.00839,64.860214,65.725006,66.87929
2018-04-10 05:39:00,1.0913176000000001e-22,0.0,54.682648,357730.44,0.60161746,0.60161746,35.64499,658672.4,0.3977295,0.3983825,67.46765,0.74280626,0.74280626,1.0,193.3942,659006.8,402.8927,1.60746,55.843353,55.184006,0.82636297,0.9,1.0,810.1546,1.0,66.67856,65.90738,64.82863,65.69501,66.82831
2018-04-10 05:40:00,-4.8439990000000006e-23,0.0,54.71577,357730.44,0.60078233,0.60078233,35.64499,662795.7,0.3986249,0.39921767,67.42525,0.7497611,0.7497611,1.0,200.60172,663084.8,402.9186,1.60746,55.855934,55.184006,0.83402604,0.9,1.0,835.9158,1.0,66.668785,65.81218,64.7993,65.664085,66.77579
2018-04-10 05:41:00,1.0858993000000001e-21,0.0,54.74785,357730.44,0.6000681,0.6000681,35.659985,666419.94,0.3994022,0.3999319,67.39306,0.7562735,0.7562735,1.0,207.69955,666666.4,402.94388,1.60746,55.86851,55.184006,0.8412004,0.9,1.0,860.79956,1.0,66.66681,65.72275,64.77227,65.632385,66.721954
2018-04-10 05:42:00,-6.114484400000001e-22,0.0,54.778667,357730.44,0.59945977,0.59945977,35.675037,669580.7,0.40006605,0.40054023,67.36999,0.7623639,0.7623639,1.0,214.6689,669787.6,402.96854,1.60746,55.88109,55.184006,0.84790885,0.9,1.0,884.7686,1.0,66.67181,65.63909,64.74771,65.600204,66.66702
2018-04-10 05:43:00,3.6674711000000004e-22,0.0,54.808273,357730.44,0.59895086,0.59895086,35.690033,672315.75,0.40062523,0.40104917,67.3551,0.76805335,0.76805335,1.0,221.49066,672486.3,402.99252,1.60746,55.893505,55.184006,0.85417444,0.9,1.0,907.793,1.0,66.68318,65.560974,64.72563,65.56773,66.61127
2018-04-10 05:44:00,-1.7466353e-21,0.0,54.83673,357730.44,0.5985429,0.5985429,35.70503,674577.75,0.40108424,0.4014571,67.34741,0.77326137,0.77326137,1.0,228.05286,674689.25,403.01642,1.60746,55.905865,55.184006,0.8598799,0.9,1.0,929.52344,1.0,66.70021,65.48825,64.70592,65.534996,66.55469
2018-04-10 05:45:00,-1.0771656e-21,0.0,54.86387,357730.44,0.5982138,0.5982138,35.720024,676322.6,0.40145382,0.40178624,67.34587,0.7779416,0.7779416,1.0,234.29187,676369.0,403.04022,1.60746,55.918007,55.184006,0.8650091,0.9,1.0,949.68085,1.0,66.72246,65.42062,64.68834,65.50209,66.49751
2018-04-10 05:46:00,2.1356584000000002e-21,0.0,54.889687,357730.44,0.59795856,0.59795856,35.75002,677590.7,0.4017445,0.4020414,67.34961,0.78212297,0.78212297,1.0,240.19618,677573.06,403.06387,1.60746,55.929817,55.184006,0.8695834,0.9,1.0,968.264,1.0,66.74921,65.357956,64.672844,65.46935,66.44005
2018-04-10 05:47:00,-3.190435e-22,0.0,54.914238,357730.44,0.59777343,0.59777343,35.765015,678392.8,0.40196493,0.40222654,67.35785,0.78580004,0.78580004,1.0,245.72246,678309.75,403.0874,1.60746,55.941353,55.184006,0.87359667,0.9,1.0,985.16156,1.0,66.77986,65.29989,64.65933,65.4371,66.38259
2018-04-10 05:48:00,-2.777461e-21,0.0,54.93753,357730.44,0.59764975,0.59764975,35.765015,678739.1,0.40212288,0.40235025,67.369934,0.788969,0.788969,1.0,250.83264,678588.9,403.1109,1.60746,55.9525,55.184006,0.87704504,0.9,1.0,1000.27637,1.0,66.81369,65.24633,64.647736,65.40558,66.32546
2018-04-10 05:49:00,3.3451982000000003e-21,0.0,54.95945,357730.44,0.5975761,0.5975761,35.78001,678639.25,0.4022238,0.40242392,67.38504,0.79162824,0.79162824,1.0,255.49333,678420.75,403.13428,1.60746,55.96327,55.184006,0.8799269,0.9,1.0,1013.5272,1.0,66.85022,65.19701,64.63791,65.37492,66.26888
2018-04-10 05:50:00,3.603274e-22,0.0,54.98005,357730.44,0.597548,0.597548,35.795006,678104.94,0.40227482,0.402452,67.40267,0.79377884,0.79377884,1.0,259.67618,677817.7,403.15765,1.60746,55.973595,55.184006,0.88224417,0.9,1.0,1024.8519,1.0,66.88884,65.15157,64.62972,65.34543,66.21307
2018-04-10 05:51:00,3.2424323000000003e-21,0.0,54.999382,357730.44,0.5975601,0.5975601,35.810005,677150.2,0.40228266,0.40243986,67.42229,0.79542613,0.79542613,1.0,263.3598,676794.94,403.18088,1.60746,55.983536,55.184006,0.88400316,0.9,1.0,1034.214,1.0,66.92932,65.10994,64.62302,65.31719,66.15825
2018-04-10 05:52:00,8.970572e-22,0.0,55.017456,357730.44,0.59760386,0.59760386,35.825,675792.6,0.40225193,0.40239614,67.44332,0.79658055,0.79658055,1.0,266.53165,675371.4,403.204,1.60746,55.99299,55.184006,0.8852166,0.9,1.0,1041.6074,1.0,66.97096,65.07176,64.6178,65.290436,66.10464
2018-04-10 05:53:00,5.533961e-22,0.0,55.034317,357730.44,0.5976802,0.5976802,35.839996,674055.25,0.40219015,0.40231982,67.465454,0.7972591,0.7972591,1.0,269.18796,673571.4,403.22693,1.60746,56.001995,55.184006,0.8859042,0.9,1.0,1047.0597,1.0,67.01343,65.03688,64.61391,65.265396,66.0524
2018-04-10 05:54:00,1.8437155e-21,0.0,55.05003,357730.44,0.59778154,0.59778154,35.854992,671966.0,0.40210202,0.40221843,67.48825,0.7974853,0.7974853,1.0,271.3354,671424.44,403.2496,1.60746,56.010567,55.184006,0.886093,0.9,1.0,1050.6354,1.0,67.05611,65.00502,64.61127,65.24205,66.001755
2018-04-10 05:55:00,1.1962851e-22,0.0,55.06453,357730.44,0.5979028,0.5979028,35.884987,669558.25,0.4019915,0.40209725,67.51144,0.7972895,0.7972895,1.0,272.99066,668965.56,403.27185,1.60746,56.01864,55.184006,0.8858178,0.9,1.0,1052.4344,1.0,67.09874,64.97601,64.60979,65.22051,65.952866
2018-04-10 05:56:00,-4.2036526e-23,0.0,55.077988,357730.44,0.59804016,0.59804016,35.884987,666870.4,0.40186232,0.40195984,67.53478,0.7967081,0.7967081,1.0,274.17947,666234.75,403.29364,1.60746,56.026222,55.184006,0.88511986,0.9,1.0,1052.5883,1.0,67.14087,64.949585,64.609344,65.20096,65.90584
2018-04-10 05:57:00,-1.3554795e-22,0.0,55.090347,357730.44,0.59819096,0.59819096,35.900036,663945.2,0.40171805,0.40180904,67.558014,0.7957825,0.7957825,1.0,274.93512,663275.44,403.3148,1.60746,56.033417,55.184006,0.8840455,0.9,1.0,1051.2544,1.0,67.18245,64.92569,64.61,65.18338,65.860794
2018-04-10 05:58:00,-6.9565935e-22,0.0,55.101776,357730.44,0.5983528,0.5983528,35.91503,660828.0,0.40156147,0.40164724,67.581085,0.79455715,0.79455715,1.0,275.2966,660133.8,403.33514,1.60746,56.040115,55.184006,0.8826447,0.9,1.0,1048.6089,1.0,67.223045,64.90405,64.61165,65.16789,65.81795
2018-04-10 05:59:00,-2.6653113e-22,0.0,55.112267,357730.44,0.59852606,0.59852606,35.93003,657565.5,0.40139621,0.40147394,67.603775,0.79307836,0.79307836,1.0,275.30658,656856.7,403.3546,1.60746,56.04638,55.184006,0.8809689,0.9,1.0,1044.837,1.0,67.26248,64.88455,64.61429,65.15465,65.777245
2018-04-10 06:00:00,-5.6643146e-22,0.0,55.12188,357730.44,0.59870374,0.59870374,35.945026,654203.4,0.4012225,0.4012963,67.62602,0.7913922,0.7913922,1.0,275.00995,653489.44,403.3731,1.60746,56.052315,55.184006,0.8790692,0.9,1.0,1040.1274,1.0,67.3005,64.86703,64.61791,65.14366,65.73879
2018-04-10 06:01:00,-9.28343e-22,0.0,55.130615,357730.44,0.59888625,0.59888625,35.960022,650785.56,0.40104207,0.40111375,67.64778,0.78954315,0.78954315,1.0,274.4514,650075.56,403.3905,1.60746,56.057808,55.184006,0.8769947,0.9,1.0,1034.6628,1.0,67.336914,64.851425,64.62242,65.13493,65.70265
2018-04-10 06:02:00,3.834766e-21,0.0,55.137978,357730.44,0.59908295,0.59908295,36.128002,647283.4,0.40044618,0.40091705,67.67046,0.78757447,0.78757447,1.0,273.73245,646590.8,403.40674,1.60746,56.064835,55.184006,0.87478757,0.9,1.0,1028.6874,1.0,67.395805,64.83956,64.630875,65.130424,65.67172
2018-04-10 06:03:00,-1.3105557e-22,0.0,55.148964,357730.44,0.5995615,0.5995615,36.211994,643800.7,0.39978194,0.40043852,67.694855,0.78552854,0.78552854,1.0,272.86115,643132.06,403.42175,1.60746,56.07335,55.184006,0.8725042,0.9,1.0,1022.306,1.0,67.437164,64.82951,64.64038,65.12839,65.643265
2018-04-10 06:04:00,-1.5886009000000001e-21,0.0,55.161705,357730.44,0.6002066,0.6002066,36.211994,640386.56,0.39914104,0.39979336,67.71974,0.7834364,0.7834364,1.0,271.85498,639744.4,403.43546,1.60746,56.081482,55.184006,0.87017596,0.9,1.0,1015.6378,1.0,67.48529,64.821045,64.65082,65.12862,65.617065
2018-04-10 06:05:00,3.5345492000000003e-22,0.0,55.1739,357730.44,0.6008887,0.6008887,36.295982,637064.6,0.39850664,0.3991113,67.745056,0.78132784,0.78132784,1.0,270.74857,636451.6,403.44797,1.60746,56.08895,55.184006,0.8678334,0.9,1.0,1008.8109,1.0,67.52446,64.81407,64.66213,65.13109,65.59317
2018-04-10 06:06:00,1.7503824e-21,0.0,55.18483,357730.44,0.60155976,0.60155976,36.380028,633853.0,0.39786175,0.39844024,67.77022,0.77922815,0.77922815,1.0,269.5732,633272.1,403.4592,1.60746,56.09587,55.184006,0.8655035,0.9,1.0,1001.93365,1.0,67.56505,64.80847,64.67433,65.13576,65.57141
2018-04-10 06:07:00,1.2204835000000001e-21,0.0,55.194664,357730.44,0.6022287,0.6022287,36.46402,630766.6,0.39720008,0.39777133,67.795105,0.77715796,0.77715796,1.0,268.3541,630220.4,403.46924,1.60746,56.10252,55.184006,0.8632088,0.9,1.0,995.0926,1.0,67.60037,64.804184,64.68729,65.142456,65.5518
2018-04-10 06:08:00,-4.731812400000001e-22,0.0,55.203674,357730.44,0.60290366,0.60290366,36.54801,627818.4,0.39652556,0.39709634,67.81944,0.7751334,0.7751334,1.0,267.11084,627308.1,403.47812,1.60746,56.10878,55.184006,0.8609668,0.9,1.0,988.35516,1.0,67.63492,64.801056,64.70108,65.151245,65.53417
2018-04-10 06:09:00,1.6545233000000001e-21,0.0,55.21202,357730.44,0.603589,0.603589,36.632,625016.94,0.39584228,0.396411,67.84322,0.7731672,0.7731672,1.0,265.85938,624543.3,403.4859,1.60746,56.11477,55.184006,0.8587913,0.9,1.0,981.77466,1.0,67.66607,64.79913,64.715576,65.161896,65.5184
2018-04-10 06:10:00,-3.5466047e-23,0.0,55.21971,357730.44,0.6042832,0.6042832,36.715992,622368.1,0.39515382,0.3957168,67.86618,0.771269,0.771269,1.0,264.613,621930.8,403.49265,1.60746,56.120483,55.184006,0.8566927,0.9,1.0,975.3922,1.0,67.69568,64.7982,64.7308,65.17437,65.50451
2018-04-10 06:11:00,-6.897402000000001e-23,0.0,55.226746,357730.44,0.6049807,0.6049807,36.884026,619874.2,0.39446008,0.3950193,67.88843,0.7694462,0.7694462,1.0,263.38297,619472.56,403.4984,1.60746,56.125866,55.184006,0.8546786,0.9,1.0,969.2396,1.0,67.7227,64.79831,64.74667,65.18854,65.49226
2018-04-10 06:12:00,-1.3879855e-22,0.0,55.233116,357730.44,0.6056812,0.6056812,36.884026,617535.2,0.39376196,0.39431882,67.90985,0.7677038,0.7677038,1.0,262.17807,617168.25,403.50333,1.60746,56.130974,55.184006,0.8527544,0.9,1.0,963.33936,1.0,67.74803,64.7993,64.76309,65.20431,65.48166
2018-04-10 06:13:00,-4.1955627e-23,0.0,55.238995,357730.44,0.60638475,0.60638475,36.968018,615349.56,0.3930605,0.39361525,67.93045,0.76604503,0.76604503,1.0,261.0054,615015.9,403.50735,1.60746,56.135864,55.184006,0.8509236,0.9,1.0,957.70667,1.0,67.77121,64.80116,64.780075,65.22161,65.47249
2018-04-10 06:14:00,1.8646378000000001e-22,0.0,55.244324,357730.44,0.60709035,0.60709035,37.05201,613313.94,0.39235616,0.39290962,67.95018,0.7644717,0.7644717,1.0,259.87033,613012.06,403.51068,1.60746,56.14048,55.184006,0.84918785,0.9,1.0,952.3511,1.0,67.79269,64.8038,64.79759,65.24034,65.46474
2018-04-10 06:15:00,9.655512e-26,0.0,55.249214,357730.44,0.6077981,0.6077981,37.135998,611424.1,0.39164954,0.39220193,67.96907,0.76298445,0.76298445,1.0,258.77698,611152.25,403.51334,1.60746,56.144875,55.184006,0.84754765,0.9,1.0,947.2769,1.0,67.81241,64.807205,64.81555,65.26045,65.45831
2018-04-10 06:16:00,3.4193096e-22,0.0,55.25361,357730.44,0.60850734,0.60850734,37.21999,609674.8,0.39094085,0.39149266,67.9872,0.76158273,0.76158273,1.0,257.72827,609431.2,403.51535,1.60746,56.149048,55.184006,0.84600246,0.9,1.0,942.48505,1.0,67.83064,64.81127,64.834015,65.28176,65.453094
2018-04-10 06:17:00,1.1699769e-22,0.0,55.257614,357730.44,0.609216,0.609216,37.304035,608059.94,0.39022896,0.39078405,68.0045,0.7602655,0.7602655,1.0,256.72647,607842.9,403.5168,1.60746,56.153114,55.184006,0.8445509,0.9,1.0,937.97345,1.0,67.84734,64.816055,64.8528,65.30423,65.44908
2018-04-10 06:18:00,2.1634183e-22,0.0,55.261353,357730.44,0.6099316,0.6099316,37.388023,606573.94,0.38951936,0.3900684,68.02104,0.7590308,0.7590308,1.0,255.77211,606381.44,403.5178,1.60746,56.15696,55.184006,0.84319085,0.9,1.0,933.73596,1.0,67.86267,64.82138,64.87197,65.32779,65.44606
2018-04-10 06:19:00,1.1172815e-21,0.0,55.2647,357730.44,0.6106442,0.6106442,37.472015,605209.75,0.38880712,0.38935575,68.03686,0.7578766,0.7578766,1.0,254.86646,605040.0,403.5183,1.60746,56.160583,55.184006,0.8419197,0.9,1.0,929.7674,1.0,67.87673,64.82732,64.891525,65.35235,65.444084
2018-04-10 06:20:00,-6.027863600000001e-22,0.0,55.267723,357730.44,0.6113576,0.6113576,37.639996,603960.7,0.38809353,0.38864237,68.05202,0.7568002,0.7568002,1.0,254.00946,603812.1,403.51852,1.60746,56.1641,55.184006,0.8407347,0.9,1.0,926.0595,1.0,67.88959,64.83379,64.91136,65.37784,65.442986
2018-04-10 06:21:00,-1.0163046000000001e-22,0.0,55.27047,357730.44,0.6120723,0.6120723,37.639996,602820.3,0.38737887,0.3879277,68.06647,0.75579876,0.75579876,1.0,253.2008,602691.2,403.5183,1.60746,56.167503,55.184006,0.8396326,0.9,1.0,922.6031,1.0,67.90134,64.84082,64.93146,65.40426,65.442825
2018-04-10 06:22:00,3.2437257e-23,0.0,55.272995,357730.44,0.6127881,0.6127881,37.723988,601781.9,0.38666323,0.3872119,68.08037,0.7548692,0.7548692,1.0,252.43977,601670.5,403.51788,1.60746,56.170746,55.184006,0.83860993,0.9,1.0,919.3886,1.0,67.91211,64.8483,64.95184,65.43145,65.44342
2018-04-10 06:23:00,2.9356949e-21,0.0,55.275307,357730.44,0.613505,0.613505,37.808033,600838.9,0.38594663,0.386495,68.09366,0.75400853,0.75400853,1.0,251.72542,600743.8,403.51715,1.60746,56.17393,55.184006,0.8376633,0.9,1.0,916.4058,1.0,67.921936,64.85626,64.972496,65.45941,65.44479
2018-04-10 06:24:00,2.6210566000000002e-22,0.0,55.27739,357730.44,0.6142228,0.6142228,37.89202,599985.0,0.38522878,0.38577715,68.10646,0.7532134,0.7532134,1.0,251.05664,599904.9,403.51624,1.60746,56.176952,55.184006,0.836789,0.9,1.0,913.64435,1.0,67.93089,64.86467,64.99337,65.488144,65.446945
2018-04-10 06:25:00,-2.265889e-22,0.0,55.279312,357730.44,0.61494195,0.61494195,37.976013,599214.2,0.38450965,0.38505808,68.11882,0.7524807,0.7524807,1.0,250.43205,599147.56,403.51517,1.60746,56.179863,55.184006,0.83598363,0.9,1.0,911.0937,1.0,67.93908,64.873505,65.014465,65.51758,65.44974
2018-04-10 06:26:00,-2.4676522e-21,0.0,55.281075,357730.44,0.6156622,0.6156622,38.060005,598520.5,0.38378897,0.38433778,68.13068,0.7518071,0.7518071,1.0,249.85028,598466.25,403.51392,1.60746,56.18272,55.184006,0.8352435,0.9,1.0,908.7432,1.0,67.94655,64.8828,65.03572,65.54779,65.45315
2018-04-10 06:27:00,-2.6244218000000004e-22,0.0,55.282722,357730.44,0.61638653,0.61638653,38.143993,597898.4,0.38306636,0.3836135,68.142166,0.75118953,0.75118953,1.0,249.3098,597855.2,403.51257,1.60746,56.185524,55.184006,0.8345652,0.9,1.0,906.5826,1.0,67.95336,64.892456,65.057205,65.57867,65.45715
2018-04-10 06:28:00,7.634412600000001e-22,0.0,55.284256,357730.44,0.61711186,0.61711186,38.31203,597342.56,0.382343,0.38288814,68.15326,0.7506248,0.7506248,1.0,248.80879,597309.4,403.51114,1.60746,56.188213,55.184006,0.83394516,0.9,1.0,904.60126,1.0,67.959625,64.90246,65.07884,65.6102,65.46178
2018-04-10 06:29:00,4.250286e-22,0.0,55.28563,357730.44,0.61783785,0.61783785,38.31203,596847.8,0.38161752,0.38216215,68.16408,0.7501098,0.7501098,1.0,248.34578,596823.6,403.5096,1.60746,56.19085,55.184006,0.83338,0.9,1.0,902.78937,1.0,67.96529,64.912895,65.10071,65.642334,65.466934
2018-04-10 06:30:00,1.6765094000000001e-21,0.0,55.286896,357730.44,0.61856574,0.61856574,38.39602,596409.44,0.3808897,0.38143426,68.17462,0.7496417,0.7496417,1.0,247.91905,596393.3,403.50803,1.60746,56.193375,55.184006,0.83286643,0.9,1.0,901.13715,1.0,67.97055,64.92372,65.122734,65.67507,65.472595
2018-04-10 06:31:00,-1.2696163e-22,0.0,55.2881,357730.44,0.61929595,0.61929595,38.48001,596022.75,0.3801595,0.38070408,68.18495,0.7492176,0.7492176,1.0,247.52696,596013.9,403.5064,1.60746,56.195904,55.184006,0.8324014,0.9,1.0,899.6351,1.0,67.975334,64.93487,65.14493,65.70836,65.478745
2018-04-10 06:32:00,7.094778e-23,0.0,55.2892,357730.44,0.62002724,0.62002724,38.564003,595683.6,0.37942663,0.3799728,68.19506,0.7488347,0.7488347,1.0,247.16777,595681.2,403.5048,1.60746,56.198376,55.184006,0.8319817,0.9,1.0,898.274,1.0,67.97973,64.94635,65.16728,65.74209,65.48544
2018-04-10 06:33:00,-1.0100407e-21,0.0,55.2903,357730.44,0.6207628,0.6207628,38.64799,595388.1,0.37869167,0.3792372,68.205,0.74849033,0.74849033,1.0,246.83977,595391.4,403.50314,1.60746,56.20079,55.184006,0.8316045,0.9,1.0,897.0449,1.0,67.983795,64.95821,65.189804,65.77626,65.49254
2018-04-10 06:34:00,-7.191182000000001e-23,0.0,55.291344,357730.44,0.6215029,0.6215029,38.732037,595132.4,0.37795335,0.37849715,68.21478,0.74818194,0.74818194,1.0,246.54141,595140.6,403.50153,1.60746,56.20321,55.184006,0.8312669,0.9,1.0,895.9396,1.0,67.98758,64.97035,65.212494,65.81087,65.500114
2018-04-10 06:35:00,-5.209834e-22,0.0,55.292336,357730.44,0.6222452,0.6222452,38.81603,594913.0,0.3772127,0.37775478,68.22445,0.7479071,0.7479071,1.0,246.27097,594925.7,403.4999,1.60746,56.205517,55.184006,0.83096623,0.9,1.0,894.94965,1.0,67.99104,64.98282,65.23529,65.845795,65.50808
2018-04-10 06:36:00,1.1038757000000001e-22,0.0,55.293213,357730.44,0.6229898,0.6229898,38.98401,594726.6,0.37646875,0.3770102,68.23401,0.74766344,0.74766344,1.0,246.02692,594743.1,403.49832,1.60746,56.20788,55.184006,0.83069986,0.9,1.0,894.06757,1.0,67.99434,64.99562,65.258255,65.881065,65.51648
2018-04-10 06:37:00,-5.8967815e-22,0.0,55.294144,357730.44,0.6237376,0.6237376,38.98401,594570.25,0.37572128,0.37626243,68.243515,0.7474488,0.7474488,1.0,245.80774,594590.06,403.49677,1.60746,56.21013,55.184006,0.83046544,0.9,1.0,893.28577,1.0,67.99742,65.0087,65.28137,65.91666,65.52527
2018-04-10 06:38:00,-3.064894e-21,0.0,55.294968,357730.44,0.624487,0.624487,39.068,594441.1,0.3749708,0.37551302,68.25301,0.747261,0.747261,1.0,245.61186,594463.75,403.4952,1.60746,56.212383,55.184006,0.8302605,0.9,1.0,892.5973,1.0,68.000275,65.022095,65.30461,65.95259,65.5345
2018-04-10 06:39:00,-1.1201749999999999e-21,0.0,55.29579,357730.44,0.62524104,0.62524104,39.15199,594336.44,0.37421572,0.37475896,68.26247,0.747098,0.747098,1.0,245.43797,594361.56,403.49374,1.60746,56.21469,55.184006,0.83008295,0.9,1.0,891.9954,1.0,68.00302,65.03583,65.32796,65.988785,65.54406
2018-04-10 06:40:00,-1.1280723000000001e-21,0.0,55.296616,357730.44,0.6260004,0.6260004,39.236034,594253.94,0.37345737,0.37399957,68.27185,0.746958,0.746958,1.0,245.28456,594281.06,403.4923,1.60746,56.21689,55.184006,0.8299306,0.9,1.0,891.47375,1.0,68.00566,65.0499,65.35147,66.02526,65.554
2018-04-10 06:41:00,4.6719276e-22,0.0,55.29744,357730.44,0.6267637,0.6267637,39.320026,594191.3,0.37269524,0.37323627,68.2813,0.74683917,0.74683917,1.0,245.15028,594220.2,403.4909,1.60746,56.21914,55.184006,0.82980156,0.9,1.0,891.02606,1.0,68.00818,65.06423,65.37509,66.06201,65.56433
2018-04-10 06:42:00,1.8617295000000002e-22,0.0,55.298264,357730.44,0.62753093,0.62753093,39.404015,594146.6,0.37192982,0.3724691,68.2908,0.7467397,0.7467397,1.0,245.03378,594176.8,403.48956,1.60746,56.221336,55.184006,0.8296938,0.9,1.0,890.6467,1.0,68.01065,65.07884,65.39888,66.09898,65.57498
2018-04-10 06:43:00,-2.0734255e-21,0.0,55.299034,357730.44,0.6283015,0.6283015,39.488007,594117.7,0.37115914,0.3716985,68.30031,0.7466581,0.7466581,1.0,244.93399,594149.0,403.48828,1.60746,56.223534,55.184006,0.8296057,0.9,1.0,890.3305,1.0,68.013016,65.09378,65.422775,66.13622,65.58603
2018-04-10 06:44:00,3.7483922e-23,0.0,55.29986,357730.44,0.62907696,0.62907696,39.655987,594103.0,0.37038517,0.370923,68.30987,0.7465928,0.7465928,1.0,244.84952,594135.1,403.48703,1.60746,56.22573,55.184006,0.8295354,0.9,1.0,890.0719,1.0,68.01532,65.109055,65.44678,66.17363,65.5974
2018-04-10 06:45:00,4.007671e-21,0.0,55.30063,357730.44,0.62985635,0.62985635,39.655987,594100.8,0.36960578,0.37014365,68.319534,0.7465424,0.7465424,1.0,244.7794,594133.5,403.48587,1.60746,56.22793,55.184006,0.8294816,0.9,1.0,889.8665,1.0,68.01763,65.1246,65.47095,66.21126,65.6091
2018-04-10 06:46:00,1.2139755e-21,0.0,55.301453,357730.44,0.6306416,0.6306416,39.740032,594109.75,0.3688228,0.36935842,68.329254,0.74650556,0.74650556,1.0,244.72237,594142.8,403.48474,1.60746,56.230072,55.184006,0.8294426,0.9,1.0,889.7094,1.0,68.01994,65.14047,65.495224,66.24911,65.621124
2018-04-10 06:47:00,2.1162067000000002e-21,0.0,55.302223,357730.44,0.6314304,0.6314304,39.824024,594128.3,0.36803514,0.3685696,68.339035,0.746481,0.746481,1.0,244.67747,594161.56,403.48367,1.60746,56.23227,55.184006,0.8294171,0.9,1.0,889.5965,1.0,68.02225,65.15663,65.51967,66.287125,65.633484
2018-04-10 06:48:00,-2.717001e-24,0.0,55.30299,357730.44,0.6322232,0.6322232,39.908012,594155.4,0.3672428,0.3677768,68.34892,0.7464676,0.7464676,1.0,244.6437,594188.7,403.48264,1.60746,56.234413,55.184006,0.8294038,0.9,1.0,889.5237,1.0,68.0245,65.17305,65.54422,66.3253,65.64618
2018-04-10 06:49:00,2.6332821999999998e-23,0.0,55.303814,357730.44,0.63302106,0.63302106,39.992004,594189.8,0.3664454,0.36697897,68.35892,0.7464642,0.7464642,1.0,244.62015,594222.94,403.4817,1.60746,56.23661,55.184006,0.8294015,0.9,1.0,889.4872,1.0,68.02681,65.189804,65.56889,66.36359,65.659195
2018-04-10 06:50:00,-5.6886906e-23,0.0,55.30458,357730.44,0.63382417,0.63382417,40.075996,594230.56,0.36564326,0.3661758,68.36903,0.7464698,0.7464698,1.0,244.60588,594263.4,403.48077,1.60746,56.238808,55.184006,0.829409,0.9,1.0,889.4834,1.0,68.02911,65.20683,65.59372,66.40209,65.67255
2018-04-10 06:51:00,-2.8943830000000005e-23,0.0,55.305405,357730.44,0.6346323,0.6346323,40.24403,594276.6,0.3648363,0.3653677,68.37924,0.7464834,0.7464834,1.0,244.60002,594309.1,403.47992,1.60746,56.240948,55.184006,0.82942533,0.9,1.0,889.5091,1.0,68.03148,65.2242,65.61865,66.440704,65.68617
2018-04-10 06:52:00,7.978188000000001e-23,0.0,55.30623,357730.44,0.6354453,0.6354453,40.328022,594327.3,0.36402437,0.36455467,68.38957,0.7465041,0.7465041,1.0,244.6018,594359.25,403.4791,1.60746,56.243145,55.184006,0.8294494,0.9,1.0,889.56104,1.0,68.03389,65.24188,65.64371,66.47949,65.700066
2018-04-10 06:53:00,2.5207173000000004e-22,0.0,55.307053,357730.44,0.63626385,0.63626385,40.328022,594381.7,0.36320716,0.36373618,68.40001,0.7465312,0.7465312,1.0,244.61046,594413.1,403.47836,1.60746,56.245342,55.184006,0.8294804,0.9,1.0,889.6364,1.0,68.03631,65.25979,65.668915,66.51839,65.71435
2018-04-10 06:54:00,1.4509448000000001e-21,0.0,55.307877,357730.44,0.6370874,0.6370874,40.41201,594439.3,0.36238515,0.3629126,68.410614,0.74656373,0.74656373,1.0,244.62523,594470.0,403.47766,1.60746,56.24754,55.184006,0.8295175,0.9,1.0,889.73236,1.0,68.03878,65.278076,65.6943,66.55739,65.72885
2018-04-10 06:55:00,-3.4350593e-21,0.0,55.3087,357730.44,0.6379158,0.6379158,40.496002,594499.3,0.36155787,0.3620842,68.421326,0.74660116,0.74660116,1.0,244.64545,594529.25,403.477,1.60746,56.249737,55.184006,0.82955974,0.9,1.0,889.84644,1.0,68.041306,65.29659,65.71973,66.59655,65.74368
2018-04-10 06:56:00,-2.4765925e-21,0.0,55.30958,357730.44,0.6387494,0.6387494,40.579994,594561.3,0.3607253,0.36125058,68.432144,0.74664265,0.74664265,1.0,244.6705,594590.44,403.4764,1.60746,56.251934,55.184006,0.82960653,0.9,1.0,889.97626,1.0,68.043884,65.31543,65.745384,66.63577,65.75879
2018-04-10 06:57:00,2.1681381e-21,0.0,55.310406,357730.44,0.63958836,0.63958836,40.66404,594624.7,0.35988748,0.3604116,68.44313,0.7466877,0.7466877,1.0,244.69975,594653.0,403.4758,1.60746,56.25413,55.184006,0.82965714,0.9,1.0,890.11957,1.0,68.046524,65.33455,65.77109,66.6751,65.77417
2018-04-10 06:58:00,4.719664000000001e-22,0.0,55.311287,357730.44,0.6404327,0.6404327,40.748028,594689.1,0.35904428,0.35956728,68.45422,0.7467357,0.7467357,1.0,244.73262,594716.5,403.4753,1.60746,56.256386,55.184006,0.82971096,0.9,1.0,890.27435,1.0,68.04922,65.354,65.79697,66.71454,65.789825
2018-04-10 06:59:00,-3.37443e-21,0.0,55.312164,357730.44,0.6412825,0.6412825,40.83202,594754.2,0.35819572,0.35871753,68.46544,0.7467861,0.7467861,1.0,244.7686,594780.56,403.4748,1.60746,56.258583,55.184006,0.8297674,0.9,1.0,890.4387,1.0,68.05196,65.37372,65.823,66.75409,65.80581
2018-04-10 07:00:00,-1.3498691e-21,0.0,55.31304,357730.44,0.64213765,0.64213765,41.0,594819.5,0.3573417,0.35786232,68.47681,0.74683845,0.74683845,1.0,244.80719,594844.94,403.47437,1.60746,56.260834,55.184006,0.829826,0.9,1.0,890.6109,1.0,68.05476,65.39371,65.84915,66.7937,65.822014
2018-04-10 07:01:00,-3.6841033e-21,0.0,55.31392,357730.44,0.64299834,0.64299834,41.0,594884.8,0.35648224,0.35700163,68.48828,0.74689233,0.74689233,1.0,244.84789,594909.25,403.47397,1.60746,56.263084,55.184006,0.82988614,0.9,1.0,890.7893,1.0,68.05768,65.41403,65.87546,66.83336,65.83849
2018-04-10 07:02:00,4.1401597e-21,0.0,55.3159,357730.44,0.6439264,0.6439264,41.083992,594949.25,0.35560283,0.3560736,68.50817,0.74694735,0.74694735,1.0,244.89073,594972.8,403.47357,1.60746,56.265503,55.184006,0.82994753,0.9,1.0,890.9728,1.0,68.23274,65.4487,65.92314,66.88741,65.87683
2018-04-10 07:03:00,2.0409226e-21,0.0,55.32002,357730.44,0.64499354,0.64499354,41.168037,595008.75,0.35458195,0.35500643,68.543655,0.7470036,0.7470036,1.0,244.93825,595032.0,403.47324,1.60746,56.26902,55.184006,0.8300103,0.9,1.0,891.1643,1.0,68.28444,65.48369,65.97038,66.941635,65.914795
2018-04-10 07:04:00,2.5164469e-23,0.0,55.324577,357730.44,0.6461081,0.6461081,41.252026,595067.44,0.3535035,0.3538919,68.585785,0.7470601,0.7470601,1.0,244.98651,595089.6,403.47293,1.60746,56.27292,55.184006,0.8300733,0.9,1.0,891.3577,1.0,68.40204,65.51879,66.017624,66.99579,65.952866
2018-04-10 07:05:00,1.783815e-22,0.0,55.329796,357730.44,0.6472851,0.6472851,41.336018,595124.75,0.35234824,0.3527149,68.63506,0.747117,0.747117,1.0,245.03601,595146.06,403.47263,1.60746,56.27726,55.184006,0.8301366,0.9,1.0,891.5535,1.0,68.46335,65.554,66.064865,67.04996,65.99093
2018-04-10 07:06:00,-1.6802569999999999e-21,0.0,55.334793,357730.44,0.64848197,0.64848197,41.420006,595182.5,0.35116023,0.351518,68.68692,0.7471737,0.7471737,1.0,245.08505,595202.7,403.47235,1.60746,56.281708,55.184006,0.8301998,0.9,1.0,891.7488,1.0,68.54976,65.58938,66.112,67.10412,66.02899
2018-04-10 07:07:00,2.553721e-21,0.0,55.339905,357730.44,0.6497104,0.6497104,41.503998,595240.6,0.34993896,0.35028958,68.741196,0.7472301,0.7472301,1.0,245.13344,595259.56,403.47214,1.60746,56.286324,55.184006,0.8302626,0.9,1.0,891.9427,1.0,68.60892,65.62481,66.15902,67.15817,66.06712
2018-04-10 07:08:00,-9.179952e-24,0.0,55.344627,357730.44,0.6509475,0.6509475,41.672035,595299.6,0.3487059,0.34905252,68.795685,0.7472859,0.7472859,1.0,245.18033,595317.25,403.47192,1.60746,56.290825,55.184006,0.8303246,0.9,1.0,892.1335,1.0,68.676315,65.6604,66.20593,67.21211,66.10519
2018-04-10 07:09:00,7.950037000000001e-22,0.0,55.349022,357730.44,0.6521913,0.6521913,41.672035,595359.3,0.3474606,0.34780872,68.850235,0.74734074,0.74734074,1.0,245.22548,595375.56,403.47177,1.60746,56.295273,55.184006,0.83038557,0.9,1.0,892.3201,1.0,68.7296,65.69606,66.25279,67.26601,66.1432
2018-04-10 07:10:00,-2.1412685000000003e-21,0.0,55.352978,357730.44,0.6534357,0.6534357,41.756023,595419.7,0.3462132,0.3465643,68.90373,0.7473944,0.7473944,1.0,245.26846,595434.5,403.4716,1.60746,56.29956,55.184006,0.8304452,0.9,1.0,892.50146,1.0,68.78432,65.73181,66.299484,67.319725,66.18121
2018-04-10 07:11:00,-1.5915873e-21,0.0,55.356606,357730.44,0.6546795,0.6546795,41.840015,595480.56,0.3449654,0.34532052,68.956024,0.74744654,0.74744654,1.0,245.30902,595493.9,403.47144,1.60746,56.30368,55.184006,0.83050305,0.9,1.0,892.6765,1.0,68.83101,65.76763,66.346115,67.37334,66.21912
2018-04-10 07:12:00,-1.1302655000000001e-21,0.0,55.35968,357730.44,0.65591574,0.65591574,41.924004,595541.75,0.34372213,0.34408426,69.00679,0.74749696,0.74749696,1.0,245.3469,595553.56,403.4713,1.60746,56.307632,55.184006,0.83055896,0.9,1.0,892.84436,1.0,68.87654,65.80356,66.39253,67.42684,66.25702
2018-04-10 07:13:00,2.2321408000000002e-21,0.0,55.362427,357730.44,0.65714854,0.65714854,42.007996,595602.9,0.34248087,0.34285146,69.055954,0.74754536,0.74754536,1.0,245.38188,595613.25,403.47122,1.60746,56.311424,55.184006,0.83061266,0.9,1.0,893.0041,1.0,68.91708,65.83954,66.438896,67.48024,66.294815
2018-04-10 07:14:00,1.0769929e-22,0.0,55.364845,357730.44,0.6583769,0.6583769,42.091988,595663.94,0.3412472,0.3416231,69.1033,0.7475916,0.7475916,1.0,245.41377,595672.75,403.47116,1.60746,56.315105,55.184006,0.8306639,0.9,1.0,893.1551,1.0,68.9557,65.87557,66.48509,67.53341,66.3326
2018-04-10 07:15:00,1.7657953e-21,0.0,55.36682,357730.44,0.65959555,0.65959555,42.26002,595724.6,0.34001982,0.34040445,69.14895,0.7476355,0.7476355,1.0,245.44244,595732.0,403.4711,1.60746,56.318565,55.184006,0.8307125,0.9,1.0,893.29663,1.0,68.9908,65.91167,66.53113,67.58647,66.37023
2018-04-10 07:16:00,3.4683614e-23,0.0,55.368576,357730.44,0.66081,0.66081,42.344013,595784.8,0.3387987,0.33919,69.19284,0.74767685,0.74767685,1.0,245.46771,595790.6,403.47104,1.60746,56.32186,55.184006,0.8307582,0.9,1.0,893.42804,1.0,69.023865,65.94781,66.57705,67.63931,66.40786
2018-04-10 07:17:00,2.6364993000000003e-21,0.0,55.370007,357730.44,0.66201776,0.66201776,42.344013,595844.25,0.33758324,0.33798224,69.23508,0.7477155,0.7477155,1.0,245.48944,595848.7,403.471,1.60746,56.325104,55.184006,0.8308009,0.9,1.0,893.5489,1.0,69.05435,65.98395,66.6228,67.692,66.44537
2018-04-10 07:18:00,-3.2399108000000003e-22,0.0,55.371216,357730.44,0.6632193,0.6632193,42.428,595902.9,0.33637613,0.3367807,69.27568,0.74775124,0.74775124,1.0,245.50754,595905.8,403.471,1.60746,56.328125,55.184006,0.8308404,0.9,1.0,893.6587,1.0,69.08298,66.0202,66.668396,67.74451,66.48273
2018-04-10 07:19:00,-1.3583068000000002e-22,0.0,55.372204,357730.44,0.66441584,0.66441584,42.511993,595960.6,0.3351729,0.3355842,69.31479,0.747784,0.747784,1.0,245.52185,595962.06,403.471,1.60746,56.331093,55.184006,0.8308766,0.9,1.0,893.7569,1.0,69.10962,66.05646,66.71388,67.79675,66.52008
2018-04-10 07:20:00,-6.3846494e-22,0.0,55.373028,357730.44,0.6656091,0.6656091,42.595985,596017.25,0.33397663,0.33439085,69.35242,0.74781376,0.74781376,1.0,245.53233,596017.4,403.471,1.60746,56.334,55.184006,0.8309094,0.9,1.0,893.8433,1.0,69.13461,66.09271,66.75915,67.84883,66.557274
2018-04-10 07:21:00,1.7891878e-21,0.0,55.373688,357730.44,0.6667956,0.6667956,42.68003,596072.8,0.33278546,0.3332044,69.38867,0.74784034,0.74784034,1.0,245.53886,596071.44,403.47104,1.60746,56.336746,55.184006,0.8309386,0.9,1.0,893.9175,1.0,69.15796,66.12903,66.804245,67.90068,66.59435
2018-04-10 07:22:00,-1.4669504e-21,0.0,55.374184,357730.44,0.66797584,0.66797584,42.76402,596127.2,0.3315988,0.33202416,69.42366,0.7478637,0.7478637,1.0,245.54138,596124.44,403.47107,1.60746,56.33944,55.184006,0.83096427,0.9,1.0,893.9791,1.0,69.17987,66.16534,66.84918,67.95226,66.63132
2018-04-10 07:23:00,6.447821400000001e-22,0.0,55.374565,357730.44,0.66915435,0.66915435,42.932,596180.44,0.33041435,0.33084562,69.457504,0.74788374,0.74788374,1.0,245.53972,596176.4,403.47113,1.60746,56.342133,55.184006,0.8309862,0.9,1.0,894.0279,1.0,69.20047,66.201645,66.89395,68.003624,66.66818
2018-04-10 07:24:00,-1.5743953000000001e-21,0.0,55.37484,357730.44,0.67033005,0.67033005,43.01599,596232.4,0.32923606,0.32966995,69.49019,0.7479004,0.7479004,1.0,245.53397,596227.0,403.47116,1.60746,56.344658,55.184006,0.83100444,0.9,1.0,894.0639,1.0,69.219864,66.23801,66.93855,68.05471,66.70488
2018-04-10 07:25:00,-8.469968e-22,0.0,55.375008,357730.44,0.67150134,0.67150134,43.01599,596283.2,0.3280592,0.32849863,69.52182,0.74791366,0.74791366,1.0,245.52394,596276.44,403.47125,1.60746,56.34724,55.184006,0.83101887,0.9,1.0,894.0866,1.0,69.23816,66.27432,66.98294,68.10552,66.741455
2018-04-10 07:26:00,-1.5424921e-21,0.0,55.375168,357730.44,0.6726719,0.6726719,43.100037,596332.8,0.32688445,0.32732812,69.552536,0.7479235,0.7479235,1.0,245.50955,596324.7,403.4713,1.60746,56.349712,55.184006,0.8310295,0.9,1.0,894.096,1.0,69.25546,66.31063,67.02716,68.15611,66.77794
2018-04-10 07:27:00,8.772986000000001e-22,0.0,55.375282,357730.44,0.6738415,0.6738415,43.18403,596381.25,0.32571188,0.32615852,69.582306,0.7479298,0.7479298,1.0,245.49084,596371.8,403.47137,1.60746,56.352184,55.184006,0.8310362,0.9,1.0,894.09186,1.0,69.271774,66.34694,67.07121,68.206375,66.81424
2018-04-10 07:28:00,1.0467013e-21,0.0,55.37539,357730.44,0.6750099,0.6750099,43.268017,596428.5,0.32454076,0.3249901,69.61131,0.7479327,0.7479327,1.0,245.4677,596417.8,403.47147,1.60746,56.3546,55.184006,0.831039,0.9,1.0,894.07416,1.0,69.28726,66.383194,67.11505,68.256424,66.85045
2018-04-10 07:29:00,-8.125967600000001e-22,0.0,55.375443,357730.44,0.6761776,0.6761776,43.35201,596474.6,0.3233706,0.32382238,69.639435,0.74793196,0.74793196,1.0,245.44011,596462.6,403.4716,1.60746,56.357018,55.184006,0.83103794,0.9,1.0,894.0427,1.0,69.30188,66.41945,67.15866,68.30614,66.886475
2018-04-10 07:30:00,-7.900538600000001e-22,0.0,55.3755,357730.44,0.6773452,0.6773452,43.435997,596519.7,0.32220095,0.32265475,69.6669,0.7479278,0.7479278,1.0,245.40799,596506.44,403.4717,1.60746,56.359436,55.184006,0.8310329,0.9,1.0,893.9975,1.0,69.31583,66.4557,67.20217,68.355576,66.92235
2018-04-10 07:31:00,-1.0539775000000001e-22,0.0,55.375557,357730.44,0.67851305,0.67851305,43.51999,596563.75,0.32103136,0.32148695,69.69365,0.74792,0.74792,1.0,245.37135,596549.2,403.4718,1.60746,56.361797,55.184006,0.83102393,0.9,1.0,893.9384,1.0,69.32907,66.491905,67.24541,68.40468,66.958115
2018-04-10 07:32:00,4.2112475e-23,0.0,55.375557,357730.44,0.6796812,0.6796812,43.688026,596606.7,0.3198619,0.32031885,69.71974,0.74790865,0.74790865,1.0,245.33015,596590.94,403.47192,1.60746,56.36416,55.184006,0.831011,0.9,1.0,893.8654,1.0,69.341705,66.52811,67.28847,68.4534,66.993706
2018-04-10 07:33:00,5.3972566e-22,0.0,55.37561,357730.44,0.6808501,0.6808501,43.688026,596648.8,0.31869105,0.3191499,69.745285,0.7478938,0.7478938,1.0,245.28429,596631.75,403.47202,1.60746,56.366524,55.184006,0.8309941,0.9,1.0,893.77844,1.0,69.35373,66.56419,67.331314,68.50174,67.02914
2018-04-10 07:34:00,4.05495e-23,0.0,55.375717,357730.44,0.6820211,0.6820211,43.772015,596689.94,0.3175193,0.31797895,69.770226,0.74787533,0.74787533,1.0,245.2338,596671.75,403.47214,1.60746,56.36888,55.184006,0.83097327,0.9,1.0,893.6774,1.0,69.36522,66.60028,67.37395,68.5497,67.06441
2018-04-10 07:35:00,1.1154845e-22,0.0,55.375774,357730.44,0.6831933,0.6831933,43.856007,596730.4,0.31634575,0.3168067,69.79467,0.74785334,0.74785334,1.0,245.17856,596710.9,403.47226,1.60746,56.371246,55.184006,0.8309485,0.9,1.0,893.5623,1.0,69.376205,66.63632,67.41635,68.59721,67.0995
2018-04-10 07:36:00,2.118291e-21,0.0,55.375885,357730.44,0.6843677,0.6843677,43.939995,596769.94,0.3151712,0.31563228,69.81862,0.74782777,0.74782777,1.0,245.11868,596749.2,403.47238,1.60746,56.37355,55.184006,0.83091974,0.9,1.0,893.4331,1.0,69.38669,66.6723,67.45854,68.64429,67.134445
2018-04-10 07:37:00,6.0550704e-23,0.0,55.37605,357730.44,0.68554425,0.68554425,44.023987,596808.75,0.3139948,0.31445572,69.842026,0.7477986,0.7477986,1.0,245.05408,596786.8,403.4725,1.60746,56.375916,55.184006,0.8308871,0.9,1.0,893.2899,1.0,69.39674,66.70822,67.5005,68.69093,67.16921
2018-04-10 07:38:00,2.5670102e-22,0.0,55.37616,357730.44,0.68672115,0.68672115,44.108032,596847.0,0.31281507,0.31327885,69.865036,0.74776596,0.74776596,1.0,244.98465,596823.8,403.47263,1.60746,56.378277,55.184006,0.8308504,0.9,1.0,893.1325,1.0,69.40646,66.744095,67.54225,68.73718,67.20382
2018-04-10 07:39:00,-4.580694400000001e-22,0.0,55.37638,357730.44,0.6879027,0.6879027,44.192024,596884.5,0.3116337,0.3120973,69.88762,0.7477297,0.7477297,1.0,244.91049,596860.1,403.4728,1.60746,56.380585,55.184006,0.83080983,0.9,1.0,892.961,1.0,69.415695,66.77986,67.583786,68.78299,67.238205
2018-04-10 07:40:00,6.692691400000001e-22,0.0,55.37654,357730.44,0.6890857,0.6890857,44.360004,596921.4,0.31045017,0.31091425,69.90975,0.74769,0.74769,1.0,244.8316,596895.9,403.47293,1.60746,56.382946,55.184006,0.83076537,0.9,1.0,892.7754,1.0,69.42465,66.81561,67.62503,68.82831,67.272484
2018-04-10 07:41:00,-1.3824561e-21,0.0,55.376816,357730.44,0.69027287,0.69027287,44.360004,596957.94,0.3092619,0.30972716,69.931564,0.7476467,0.7476467,1.0,244.74771,596931.2,403.47308,1.60746,56.385307,55.184006,0.83071685,0.9,1.0,892.57544,1.0,69.43317,66.85127,67.66612,68.873245,67.30654
2018-04-10 07:42:00,-4.264731500000001e-22,0.0,55.37709,357730.44,0.69146484,0.69146484,44.443993,596993.94,0.30807126,0.3085352,69.95293,0.74759984,0.74759984,1.0,244.65903,596966.0,403.4732,1.60746,56.387672,55.184006,0.83066446,0.9,1.0,892.3613,1.0,69.44146,66.88681,67.70694,68.91769,67.340485
2018-04-10 07:43:00,4.0141802000000003e-22,0.0,55.377422,357730.44,0.6926603,0.6926603,44.527985,597029.6,0.30687574,0.3073397,69.97397,0.74754936,0.74754936,1.0,244.56532,597000.44,403.47336,1.60746,56.390087,55.184006,0.83060807,0.9,1.0,892.1329,1.0,69.44937,66.922295,67.74748,68.961685,67.37422
2018-04-10 07:44:00,4.7356247e-22,0.0,55.377754,357730.44,0.6938591,0.6938591,44.61203,597064.94,0.30567718,0.3061409,69.994675,0.7474954,0.7474954,1.0,244.4668,597034.56,403.47348,1.60746,56.39245,55.184006,0.8305478,0.9,1.0,891.89026,1.0,69.45706,66.957726,67.78786,69.0053,67.407776
2018-04-10 07:45:00,-1.4041271e-21,0.0,55.378136,357730.44,0.69506073,0.69506073,44.696022,597099.75,0.30447575,0.30493924,70.01506,0.747438,0.747438,1.0,244.36346,597068.25,403.47363,1.60746,56.394814,55.184006,0.8304837,0.9,1.0,891.6335,1.0,69.46448,66.99304,67.82796,69.04842,67.44118
2018-04-10 07:46:00,3.9852034000000005e-22,0.0,55.37858,357730.44,0.6962696,0.6962696,44.78001,597134.7,0.30326697,0.30373043,70.03511,0.7473769,0.7473769,1.0,244.25478,597101.9,403.4738,1.60746,56.39723,55.184006,0.8304154,0.9,1.0,891.36194,1.0,69.47162,67.02826,67.86783,69.09105,67.47441
2018-04-10 07:47:00,2.4990245000000003e-22,0.0,55.37907,357730.44,0.69748205,0.69748205,44.94799,597169.06,0.30205655,0.30251792,70.054825,0.74731237,0.74731237,1.0,244.14145,597135.1,403.47394,1.60746,56.399643,55.184006,0.83034337,0.9,1.0,891.0765,1.0,69.478485,67.063416,67.90744,69.13329,67.50743
2018-04-10 07:48:00,-9.933204e-22,0.0,55.37951,357730.44,0.6986975,0.6986975,45.032036,597203.44,0.30083933,0.30130252,70.07427,0.7472442,0.7472442,1.0,244.02286,597168.3,403.4741,1.60746,56.40206,55.184006,0.8302673,0.9,1.0,890.7763,1.0,69.48518,67.098465,67.94677,69.17504,67.54033
2018-04-10 07:49:00,1.9273509000000002e-22,0.0,55.38011,357730.44,0.699923,0.699923,45.032036,597237.75,0.29961723,0.30007702,70.093445,0.7471725,0.7471725,1.0,243.89912,597201.4,403.47424,1.60746,56.404533,55.184006,0.83018726,0.9,1.0,890.4616,1.0,69.49161,67.13339,67.985886,69.216354,67.57301
2018-04-10 07:50:00,4.1282257000000004e-22,0.0,55.38072,357730.44,0.7011531,0.7011531,45.116028,597271.8,0.29839152,0.29884693,70.11229,0.74709725,0.74709725,1.0,243.77051,597234.2,403.47437,1.60746,56.407005,55.184006,0.83010334,0.9,1.0,890.1327,1.0,69.49788,67.16823,68.02477,69.257164,67.60553
2018-04-10 07:51:00,8.769195e-22,0.0,55.381325,357730.44,0.7023849,0.7023849,45.20002,597305.9,0.29715925,0.29761508,70.130905,0.7470184,0.7470184,1.0,243.63669,597267.06,403.47452,1.60746,56.409424,55.184006,0.83001536,0.9,1.0,889.78906,1.0,69.50392,67.20294,68.063385,69.29754,67.63789
2018-04-10 07:52:00,-2.3641734e-23,0.0,55.38198,357730.44,0.703624,0.703624,45.284008,597339.9,0.29592156,0.29637596,70.149254,0.74693596,0.74693596,1.0,243.49768,597299.9,403.47467,1.60746,56.411896,55.184006,0.82992345,0.9,1.0,889.4308,1.0,69.509735,67.23755,68.10173,69.33748,67.670074
2018-04-10 07:53:00,-2.6513257e-22,0.0,55.38264,357730.44,0.7048691,0.7048691,45.368,597374.0,0.29467776,0.29513088,70.16733,0.74684995,0.74684995,1.0,243.35344,597332.7,403.47485,1.60746,56.41442,55.184006,0.82982755,0.9,1.0,889.05774,1.0,69.515396,67.27205,68.1398,69.37697,67.7021
2018-04-10 07:54:00,-2.735402e-23,0.0,55.383408,357730.44,0.7061206,0.7061206,45.45199,597408.1,0.29342797,0.2938794,70.18512,0.7467603,0.7467603,1.0,243.20395,597365.6,403.475,1.60746,56.416893,55.184006,0.8297276,0.9,1.0,888.66986,1.0,69.52089,67.30643,68.17764,69.41597,67.73396
2018-04-10 07:55:00,4.612768e-22,0.0,55.38418,357730.44,0.7073785,0.7073785,45.620026,597442.3,0.29217193,0.2926215,70.2027,0.746667,0.746667,1.0,243.04916,597398.56,403.47516,1.60746,56.41942,55.184006,0.8296236,0.9,1.0,888.26715,1.0,69.526215,67.34071,68.215225,69.45442,67.76561
2018-04-10 07:56:00,-3.5616136000000002e-22,0.0,55.38495,357730.44,0.70864296,0.70864296,45.704018,597476.6,0.2909094,0.29135704,70.22,0.7465701,0.7465701,1.0,242.88904,597431.56,403.4753,1.60746,56.421947,55.184006,0.8295155,0.9,1.0,887.8495,1.0,69.53139,67.37482,68.25252,69.49227,67.797134
2018-04-10 07:57:00,-8.0953916e-22,0.0,55.385826,357730.44,0.70991415,0.70991415,45.704018,597511.06,0.28964022,0.29008582,70.23709,0.7464695,0.7464695,1.0,242.72354,597464.75,403.47546,1.60746,56.42453,55.184006,0.8294034,0.9,1.0,887.41675,1.0,69.53633,67.40883,68.28954,69.52951,67.828445
2018-04-10 07:58:00,-1.6324175000000002e-22,0.0,55.386703,357730.44,0.71119237,0.71119237,45.788006,597545.7,0.2883642,0.28880766,70.2539,0.7463652,0.7463652,1.0,242.55264,597498.06,403.47562,1.60746,56.427055,55.184006,0.8292872,0.9,1.0,886.9688,1.0,69.54116,67.44272,68.32635,69.5661,67.85965
2018-04-10 07:59:00,-9.782035e-23,0.0,55.387585,357730.44,0.7124776,0.7124776,45.871998,597580.44,0.28708118,0.28752235,70.27049,0.7462572,0.7462572,1.0,242.37625,597531.56,403.47577,1.60746,56.429638,55.184006,0.82916677,0.9,1.0,886.5056,1.0,69.54583,67.47644,68.36282,69.602135,67.890625
2018-04-10 08:00:00,3.778681e-22,0.0,55.388573,357730.44,0.7137703,0.7137703,45.955986,597615.44,0.28579092,0.28622973,70.286804,0.7461454,0.7461454,1.0,242.19434,597565.25,403.47595,1.60746,56.43222,55.184006,0.8290422,0.9,1.0,886.027,1.0,69.550385,67.51001,68.39902,69.637566,67.9215
2018-04-10 08:01:00,6.167335000000001e-22,0.0,55.389565,357730.44,0.71507037,0.71507037,46.04003,597650.6,0.28449324,0.2849296,70.30295,0.7460299,0.7460299,1.0,242.00687,597599.1,403.4761,1.60746,56.434856,55.184006,0.82891345,0.9,1.0,885.53284,1.0,69.55478,67.54346,68.435,69.67245,67.95215
2018-04-10 08:02:00,-5.738076e-22,0.0,55.38967,357730.44,0.7163037,0.7163037,46.106007,597651.9,0.28343,0.28369632,70.31888,0.7459142,0.7459142,1.0,241.83891,597603.44,403.47626,1.60746,56.435898,55.184006,0.8287827,0.9,1.0,885.05914,1.0,69.55913,67.576805,68.4707,69.706665,67.9827
2018-04-10 08:03:00,2.1454886e-22,0.0,55.38742,357730.44,0.7173961,0.7173961,46.172035,597659.4,0.2823229,0.2826039,70.33465,0.7457948,0.7457948,1.0,241.66217,597611.56,403.47638,1.60746,56.436836,55.184006,0.82864994,0.9,1.0,884.5656,1.0,69.56329,67.609924,68.50609,69.74029,68.013016
2018-04-10 08:04:00,3.3305144e-22,0.0,55.385605,357730.44,0.71850336,0.71850336,46.304035,597670.9,0.2811953,0.28149664,70.35019,0.7456718,0.7456718,1.0,241.4779,597621.94,403.47653,1.60746,56.438095,55.184006,0.8285133,0.9,1.0,884.05676,1.0,69.56737,67.64288,68.54113,69.7733,68.043175
2018-04-10 08:05:00,-1.4316519999999999e-21,0.0,55.38423,357730.44,0.7196285,0.7196285,46.304035,597682.0,0.28007334,0.2803715,70.36546,0.74554676,0.74554676,1.0,241.29083,597632.25,403.47668,1.60746,56.439415,55.184006,0.8283741,0.9,1.0,883.5397,1.0,69.57126,67.67563,68.5759,69.80566,68.07311
2018-04-10 08:06:00,-1.1695733e-21,0.0,55.382973,357730.44,0.72075236,0.72075236,46.370007,597693.25,0.27895156,0.27924764,70.38057,0.74541944,0.74541944,1.0,241.10052,597642.94,403.4768,1.60746,56.440735,55.184006,0.8282324,0.9,1.0,883.0133,1.0,69.57506,67.708206,68.610344,69.8374,68.10289
2018-04-10 08:07:00,-3.228094e-22,0.0,55.381874,357730.44,0.72187656,0.72187656,46.436035,597705.3,0.27782688,0.27812344,70.39546,0.7452898,0.7452898,1.0,240.90643,597654.25,403.47693,1.60746,56.44211,55.184006,0.82808816,0.9,1.0,882.4769,1.0,69.578674,67.740555,68.644455,69.86855,68.13249
2018-04-10 08:08:00,7.642441500000001e-22,0.0,55.380882,357730.44,0.7230036,0.7230036,46.502007,597718.0,0.27669984,0.27699634,70.410126,0.74515784,0.74515784,1.0,240.70866,597666.2,403.47708,1.60746,56.443535,55.184006,0.82794136,0.9,1.0,881.9308,1.0,69.582245,67.77275,68.67824,69.89909,68.16188
2018-04-10 08:09:00,2.5105495000000004e-22,0.0,55.38006,357730.44,0.72413355,0.72413355,46.568035,597731.25,0.27557045,0.27586645,70.424515,0.7450236,0.7450236,1.0,240.50731,597678.7,403.47723,1.60746,56.44502,55.184006,0.8277919,0.9,1.0,881.37506,1.0,69.585655,67.80472,68.71175,69.92903,68.19116
2018-04-10 08:10:00,1.9092294e-21,0.0,55.379402,357730.44,0.7252663,0.7252663,46.63401,597745.06,0.27443832,0.27473375,70.43874,0.74488705,0.74488705,1.0,240.3023,597691.9,403.47736,1.60746,56.446556,55.184006,0.82764,0.9,1.0,880.80963,1.0,69.58895,67.83652,68.74493,69.95837,68.220215
2018-04-10 08:11:00,1.2590192000000002e-22,0.0,55.378796,357730.44,0.72640216,0.72640216,46.76601,597759.5,0.27330315,0.27359784,70.45275,0.7447482,0.7447482,1.0,240.09367,597705.56,403.47745,1.60746,56.44815,55.184006,0.8274855,0.9,1.0,880.2345,1.0,69.59209,67.86806,68.77777,69.98715,68.249054
2018-04-10 08:12:00,1.9575138000000003e-21,0.0,55.378304,357730.44,0.7275415,0.7275415,46.83204,597774.56,0.27216467,0.2724585,70.466484,0.74460703,0.74460703,1.0,239.88138,597719.8,403.47757,1.60746,56.449745,55.184006,0.82732844,0.9,1.0,879.6496,1.0,69.595215,67.899414,68.81035,70.015335,68.27779
2018-04-10 08:13:00,5.89719e-23,0.0,55.37797,357730.44,0.72868454,0.72868454,46.83204,597790.25,0.27102265,0.27131543,70.48006,0.74446356,0.74446356,1.0,239.66542,597734.75,403.4777,1.60746,56.451393,55.184006,0.82716876,0.9,1.0,879.055,1.0,69.598175,67.930565,68.842545,70.043015,68.30635
2018-04-10 08:14:00,8.58411e-22,0.0,55.377697,357730.44,0.72983164,0.72983164,46.89801,597806.56,0.26987678,0.2701684,70.49335,0.7443177,0.7443177,1.0,239.44576,597750.25,403.4778,1.60746,56.453094,55.184006,0.8270065,0.9,1.0,878.4505,1.0,69.60109,67.96155,68.87445,70.0701,68.33475
2018-04-10 08:15:00,7.614685e-22,0.0,55.377533,357730.44,0.7309829,0.7309829,46.96404,597823.5,0.26872686,0.26901713,70.50647,0.7441695,0.7441695,1.0,239.22238,597766.4,403.47794,1.60746,56.454796,55.184006,0.8268416,0.9,1.0,877.8361,1.0,69.6039,67.99242,68.906265,70.096954,68.36331
2018-04-10 08:16:00,-9.546834e-22,0.0,55.37748,357730.44,0.7321387,0.7321387,47.03001,597841.0,0.26757255,0.26786128,70.51944,0.7440189,0.7440189,1.0,238.99525,597783.06,403.47803,1.60746,56.456554,55.184006,0.82667404,0.9,1.0,877.2117,1.0,69.60664,68.023125,68.93774,70.12338,68.39177
2018-04-10 08:17:00,-3.1318237000000003e-22,0.0,55.37748,357730.44,0.7332994,0.7332994,47.095985,597859.1,0.26641354,0.26670063,70.53218,0.7438659,0.7438659,1.0,238.76436,597800.44,403.47818,1.60746,56.458313,55.184006,0.8265038,0.9,1.0,876.57715,1.0,69.609276,68.05356,68.96893,70.14931,68.42006
2018-04-10 08:18:00,2.4038743e-21,0.0,55.377586,357730.44,0.7344651,0.7344651,47.16201,597877.94,0.2652496,0.2655349,70.54471,0.74371046,0.74371046,1.0,238.5296,597818.4,403.4783,1.60746,56.460125,55.184006,0.82633084,0.9,1.0,875.93243,1.0,69.6118,68.083824,68.99981,70.17468,68.44818
2018-04-10 08:19:00,2.3825564e-21,0.0,55.377754,357730.44,0.7356361,0.7356361,47.227985,597897.3,0.26408055,0.2643639,70.55712,0.74355257,0.74355257,1.0,238.29102,597836.9,403.4784,1.60746,56.46199,55.184006,0.8261551,0.9,1.0,875.27734,1.0,69.614334,68.11388,69.03035,70.19952,68.4762
2018-04-10 08:20:00,2.363853e-21,0.0,55.37803,357730.44,0.73681253,0.73681253,47.359985,597917.25,0.2629061,0.26318744,70.56932,0.74339217,0.74339217,1.0,238.04851,597856.0,403.47852,1.60746,56.46386,55.184006,0.82597667,0.9,1.0,874.6119,1.0,69.616745,68.1437,69.06056,70.22385,68.504105
2018-04-10 08:21:00,8.536201399999999e-23,0.0,55.378357,357730.44,0.73799473,0.73799473,47.359985,597937.8,0.2617261,0.26200527,70.58129,0.7432292,0.7432292,1.0,237.80206,597875.7,403.47864,1.60746,56.465782,55.184006,0.82579535,0.9,1.0,873.9358,1.0,69.61911,68.17325,69.09045,70.247696,68.531845
2018-04-10 08:22:00,5.2651046e-22,0.0,55.37874,357730.44,0.7391828,0.7391828,47.426014,597959.0,0.2605403,0.2608172,70.5931,0.7430637,0.7430637,1.0,237.55164,597895.9,403.47873,1.60746,56.467705,55.184006,0.8256112,0.9,1.0,873.24896,1.0,69.621414,68.202805,69.120056,70.27104,68.55942
2018-04-10 08:23:00,-8.818082e-22,0.0,55.37918,357730.44,0.740377,0.740377,47.491985,597980.7,0.2593485,0.259623,70.60475,0.7428956,0.7428956,1.0,237.2972,597916.7,403.47885,1.60746,56.469627,55.184006,0.8254241,0.9,1.0,872.55133,1.0,69.62361,68.23214,69.14928,70.293884,68.586945
2018-04-10 08:24:00,1.0379167e-21,0.0,55.37973,357730.44,0.74157757,0.74157757,47.558014,598002.9,0.25815046,0.25842243,70.61623,0.7427248,0.7427248,1.0,237.03867,597938.0,403.47897,1.60746,56.47166,55.184006,0.82523406,0.9,1.0,871.8427,1.0,69.62581,68.26125,69.17822,70.316246,68.6143
2018-04-10 08:25:00,1.0192732e-21,0.0,55.380333,357730.44,0.7427847,0.7427847,47.623985,598025.7,0.25694597,0.25721532,70.62755,0.7425513,0.7425513,1.0,236.77602,597959.8,403.47906,1.60746,56.47364,55.184006,0.825041,0.9,1.0,871.123,1.0,69.6279,68.29009,69.20685,70.338165,68.64154
2018-04-10 08:26:00,1.8466787e-21,0.0,55.380936,357730.44,0.7439986,0.7439986,47.690014,598049.0,0.25573483,0.2560014,70.63864,0.74237514,0.74237514,1.0,236.50919,597982.2,403.47922,1.60746,56.47567,55.184006,0.8248449,0.9,1.0,870.39185,1.0,69.62999,68.31871,69.23514,70.35953,68.668625
2018-04-10 08:27:00,-5.3164696e-22,0.0,55.381653,357730.44,0.7452194,0.7452194,47.75599,598072.8,0.25451684,0.25478056,70.64957,0.74219614,0.74219614,1.0,236.23811,598005.0,403.47934,1.60746,56.477703,55.184006,0.82464576,0.9,1.0,869.6493,1.0,69.63196,68.34711,69.26315,70.380516,68.69565
2018-04-10 08:28:00,4.7862284e-22,0.0,55.382423,357730.44,0.7464477,0.7464477,47.88799,598097.25,0.25329125,0.2535523,70.66034,0.7420143,0.7420143,1.0,235.96263,598028.4,403.47946,1.60746,56.47979,55.184006,0.8244434,0.9,1.0,868.8949,1.0,69.63394,68.37529,69.29079,70.400955,68.72252
2018-04-10 08:29:00,-1.79207e-21,0.0,55.383247,357730.44,0.7476834,0.7476834,47.88799,598122.0,0.25205907,0.25231656,70.670944,0.74182963,0.74182963,1.0,235.683,598052.1,403.47955,1.60746,56.48188,55.184006,0.8242379,0.9,1.0,868.129,1.0,69.6358,68.40325,69.31814,70.421005,68.74932
2018-04-10 08:30:00,-1.3160469000000001e-21,0.0,55.38407,357730.44,0.74892634,0.74892634,47.954018,598147.25,0.2508193,0.25107366,70.68132,0.74164206,0.74164206,1.0,235.39893,598076.3,403.47968,1.60746,56.48402,55.184006,0.82402915,0.9,1.0,867.3511,1.0,69.63762,68.43094,69.34517,70.44055,68.77596
2018-04-10 08:31:00,-2.450002e-22,0.0,55.385002,357730.44,0.75017715,0.75017715,48.01999,598172.94,0.24957179,0.24982287,70.69154,0.7414515,0.7414515,1.0,235.11041,598101.06,403.4798,1.60746,56.48616,55.184006,0.8238171,0.9,1.0,866.561,1.0,69.639435,68.45834,69.37186,70.45962,68.80255
2018-04-10 08:32:00,-1.7613571e-21,0.0,55.385994,357730.44,0.75143594,0.75143594,48.086014,598199.1,0.24831639,0.24856405,70.701645,0.74125797,0.74125797,1.0,234.81741,598126.2,403.47992,1.60746,56.488304,55.184006,0.82360166,0.9,1.0,865.7586,1.0,69.641136,68.485535,69.398224,70.478294,68.829025
2018-04-10 08:33:00,-1.6807484000000001e-21,0.0,55.38698,357730.44,0.75270295,0.75270295,48.15199,598225.75,0.2470529,0.24729702,70.71153,0.74106133,0.74106133,1.0,234.51984,598151.75,403.48004,1.60746,56.4905,55.184006,0.8233829,0.9,1.0,864.9437,1.0,69.64284,68.51251,69.42427,70.49642,68.85534
2018-04-10 08:34:00,-8.2009076e-22,0.0,55.388023,357730.44,0.75397843,0.75397843,48.218018,598252.75,0.24578108,0.24602157,70.72125,0.74086165,0.74086165,1.0,234.21765,598177.7,403.48016,1.60746,56.4927,55.184006,0.82316065,0.9,1.0,864.11615,1.0,69.64443,68.53921,69.449974,70.514114,68.88159
2018-04-10 08:35:00,1.7974057e-21,0.0,55.389122,357730.44,0.7552625,0.7552625,48.28399,598280.25,0.24450074,0.24473749,70.73076,0.7406588,0.7406588,1.0,233.91078,598204.0,403.48032,1.60746,56.494896,55.184006,0.82293487,0.9,1.0,863.27576,1.0,69.64603,68.56563,69.47536,70.53136,68.907745
2018-04-10 08:36:00,1.7585535e-21,0.0,55.390274,357730.44,0.75655544,0.75655544,48.415993,598308.06,0.24321169,0.24344458,70.74016,0.74045277,0.74045277,1.0,233.59915,598230.75,403.48044,1.60746,56.497147,55.184006,0.82270557,0.9,1.0,862.4223,1.0,69.64751,68.59183,69.5004,70.54811,68.93378
2018-04-10 08:37:00,1.92043e-21,0.0,55.391487,357730.44,0.7578574,0.7578574,48.415993,598336.25,0.24191369,0.24214259,70.74933,0.74024343,0.74024343,1.0,233.28275,598257.9,403.48056,1.60746,56.4994,55.184006,0.82247263,0.9,1.0,861.55566,1.0,69.64899,68.61776,69.525116,70.56438,68.959656
2018-04-10 08:38:00,-2.0369333e-21,0.0,55.392693,357730.44,0.7591687,0.7591687,48.482018,598364.9,0.24060652,0.24083133,70.75839,0.7400308,0.7400308,1.0,232.96147,598285.4,403.48068,1.60746,56.501656,55.184006,0.822236,0.9,1.0,860.67554,1.0,69.65042,68.64346,69.54956,70.580246,68.98547
2018-04-10 08:39:00,3.671868e-21,0.0,55.394012,357730.44,0.76048946,0.76048946,48.54799,598393.9,0.23928997,0.23951055,70.767235,0.7398149,0.7398149,1.0,232.63525,598313.2,403.4808,1.60746,56.50396,55.184006,0.8219957,0.9,1.0,859.78186,1.0,69.651794,68.6689,69.57362,70.59563,69.01123
2018-04-10 08:40:00,-5.398799400000001e-22,0.0,55.395332,357730.44,0.76181996,0.76181996,48.61402,598423.25,0.23796381,0.23818006,70.77591,0.7395955,0.7395955,1.0,232.30408,598341.4,403.48096,1.60746,56.506325,55.184006,0.82175153,0.9,1.0,858.8744,1.0,69.65311,68.69406,69.59741,70.61063,69.036835
2018-04-10 08:41:00,4.411905e-21,0.0,55.396706,357730.44,0.7631604,0.7631604,48.679993,598452.94,0.23662783,0.2368396,70.784424,0.7393727,0.7393727,1.0,231.96782,598369.94,403.48108,1.60746,56.50863,55.184006,0.8215035,0.9,1.0,857.953,1.0,69.65437,68.71895,69.620865,70.62512,69.06238
2018-04-10 08:42:00,3.0950855000000002e-21,0.0,55.39808,357730.44,0.76451105,0.76451105,48.746017,598483.0,0.23528177,0.23548897,70.792725,0.73914635,0.73914635,1.0,231.62646,598398.8,403.4812,1.60746,56.510994,55.184006,0.82125163,0.9,1.0,857.01733,1.0,69.65558,68.74361,69.643936,70.63919,69.087814
2018-04-10 08:43:00,2.1003006000000002e-22,0.0,55.39956,357730.44,0.7658721,0.7658721,48.811993,598513.4,0.23392542,0.2341279,70.8009,0.73891646,0.73891646,1.0,231.27992,598428.0,403.48135,1.60746,56.51335,55.184006,0.82099575,0.9,1.0,856.0674,1.0,69.65674,68.768,69.66673,70.65282,69.11313
2018-04-10 08:44:00,-2.516978e-21,0.0,55.401043,357730.44,0.76724386,0.76724386,48.943993,598544.1,0.23255852,0.23275614,70.80887,0.738683,0.738683,1.0,230.92812,598457.5,403.48154,1.60746,56.51577,55.184006,0.8207359,0.9,1.0,855.1027,1.0,69.65789,68.792114,69.689255,70.666,69.13835
2018-04-10 08:45:00,-2.4962663e-21,0.0,55.40258,357730.44,0.7686265,0.7686265,48.943993,598575.2,0.23118082,0.23137347,70.81667,0.7384458,0.7384458,1.0,230.57101,598487.4,403.48166,1.60746,56.51819,55.184006,0.82047194,0.9,1.0,854.1234,1.0,69.658936,68.81595,69.711395,70.678795,69.163506
2018-04-10 08:46:00,1.3192577000000001e-21,0.0,55.404175,357730.44,0.77002037,0.77002037,49.01002,598606.56,0.22979207,0.22997962,70.82436,0.7382049,0.7382049,1.0,230.20853,598517.5,403.4818,1.60746,56.520607,55.184006,0.82020384,0.9,1.0,853.1291,1.0,69.65997,68.83952,69.7332,70.691154,69.18855
2018-04-10 08:47:00,2.531243e-21,0.0,55.406754,357730.44,0.7714783,0.7714783,49.075996,598217.5,0.22838904,0.22852172,70.83194,0.7373703,0.7373703,1.0,229.26088,597769.06,403.48743,1.60746,56.52363,55.184006,0.81855255,0.9,1.0,850.38324,1.0,69.661026,68.862755,69.75441,70.70247,69.212555
2018-04-10 08:48:00,5.756816600000001e-22,0.0,55.407417,357730.44,0.7728493,0.7728493,49.14202,594742.44,0.22687615,0.22715065,70.835236,0.73391134,0.73391134,1.0,226.41287,594103.7,403.49887,1.60746,56.52681,55.184006,0.8151653,0.9,1.0,839.04047,1.0,69.66025,68.882034,69.76968,70.71527,69.227005
2018-04-10 08:49:00,1.1099428e-22,0.0,55.40934,357730.44,0.7742904,0.7742904,49.207993,592588.25,0.22554493,0.2257096,70.836945,0.7318908,0.7318908,1.0,224.84967,592116.44,403.50482,1.60746,56.5289,55.184006,0.8129437,0.9,1.0,832.38464,1.0,69.661026,68.90219,69.78665,70.73927,69.24475
2018-04-10 08:50:00,3.9192985000000003e-22,0.0,55.410164,357730.44,0.7756762,0.7756762,49.274025,590706.0,0.224146,0.2243238,70.8381,0.7299903,0.7299903,1.0,223.29785,590284.5,403.50977,1.60746,56.53115,55.184006,0.8108488,0.9,1.0,826.12775,1.0,69.66058,68.922356,69.80368,70.76883,69.26293
2018-04-10 08:51:00,-1.9154944e-21,0.0,55.411423,357730.44,0.7770931,0.7770931,49.339996,588985.2,0.22273548,0.22290687,70.838974,0.7282013,0.7282013,1.0,221.81348,588601.06,403.51373,1.60746,56.53357,55.184006,0.8088764,0.9,1.0,820.23834,1.0,69.66048,68.942406,69.82065,70.80272,69.281334
2018-04-10 08:52:00,1.6173062e-22,0.0,55.412796,357730.44,0.77852273,0.77852273,49.471996,587406.25,0.22131592,0.22147726,70.8398,0.7265151,0.7265151,1.0,220.39563,587055.06,403.5169,1.60746,56.53593,55.184006,0.8070168,0.9,1.0,814.68506,1.0,69.65965,68.962234,69.83752,70.84013,69.300064
2018-04-10 08:53:00,7.218548000000001e-22,0.0,55.414284,357730.44,0.7799651,0.7799651,49.471996,585958.56,0.21988131,0.22003491,70.84073,0.7249225,0.7249225,1.0,219.03702,585636.06,403.51938,1.60746,56.538403,55.184006,0.80526,0.9,1.0,809.4345,1.0,69.65877,68.9819,69.85427,70.88034,69.31918
2018-04-10 08:54:00,2.8339682000000003e-21,0.0,55.415874,357730.44,0.7814216,0.7814216,49.538025,584631.25,0.21843377,0.2185784,70.84178,0.7234162,0.7234162,1.0,217.73354,584334.44,403.52127,1.60746,56.540817,55.184006,0.8035982,0.9,1.0,804.46246,1.0,69.657455,69.0013,69.87091,70.92285,69.33862
2018-04-10 08:55:00,2.09878e-22,0.0,55.41758,357730.44,0.78289455,0.78289455,49.603996,583416.75,0.21696903,0.21710545,70.84299,0.7219898,0.7219898,1.0,216.48003,583142.4,403.52264,1.60746,56.543404,55.184006,0.8020244,0.9,1.0,799.7459,1.0,69.65597,69.02052,69.88745,70.96713,69.3584
2018-04-10 08:56:00,-6.5291486e-23,0.0,55.419334,357730.44,0.7843828,0.7843828,49.670025,582306.06,0.2154905,0.21561718,70.84436,0.7206383,0.7206383,1.0,215.27429,582051.94,403.52356,1.60746,56.54593,55.184006,0.800533,0.9,1.0,795.2678,1.0,69.65416,69.039474,69.90387,71.01283,69.37851
2018-04-10 08:57:00,-2.3263202e-24,0.0,55.421257,357730.44,0.7858863,0.7858863,49.736,581292.8,0.21399564,0.21411371,70.84584,0.7193566,0.7193566,1.0,214.1127,581056.75,403.5241,1.60746,56.548508,55.184006,0.7991186,0.9,1.0,791.01117,1.0,69.65212,69.05826,69.920135,71.05963,69.39894
2018-04-10 08:58:00,-6.737006000000001e-22,0.0,55.423233,357730.44,0.7874062,0.7874062,49.802025,580370.4,0.21248442,0.21259376,70.84755,0.7181404,0.7181404,1.0,212.99257,580150.4,403.52432,1.60746,56.5512,55.184006,0.79777634,0.9,1.0,786.961,1.0,69.64987,69.07677,69.93623,71.10721,69.41971
2018-04-10 08:59:00,3.9045404000000005e-22,0.0,55.425323,357730.44,0.78894264,0.78894264,49.93403,579532.6,0.21095705,0.21105734,70.849304,0.71698576,0.71698576,1.0,211.9116,579326.94,403.52426,1.60746,56.55384,55.184006,0.79650193,0.9,1.0,783.1041,1.0,69.64745,69.09506,69.95221,71.15533,69.44069
2018-04-10 09:00:00,-4.6009946e-23,0.0,55.42752,357730.44,0.79049575,0.79049575,50.0,578773.75,0.20941292,0.20950422,70.851166,0.71588874,0.71588874,1.0,210.8674,578580.9,403.52396,1.60746,56.556587,55.184006,0.795291,0.9,1.0,779.4277,1.0,69.64487,69.11308,69.96803,71.20378,69.461945
2018-04-10 09:01:00,-1.0573717000000001e-21,0.0,55.42977,357730.44,0.79206604,0.79206604,50.0,578088.44,0.20785177,0.20793399,70.85309,0.7148459,0.7148459,1.0,209.85779,577906.94,403.52344,1.60746,56.559334,55.184006,0.7941398,0.9,1.0,775.9199,1.0,69.64212,69.13082,69.983635,71.25244,69.48343
2018-04-10 09:02:00,8.26906e-21,0.0,55.428947,357730.44,0.7934462,0.7934462,50.051033,577397.6,0.20658636,0.20655383,70.855286,0.71386623,0.71386623,1.0,208.93893,577237.94,403.5227,1.60746,56.55977,55.184006,0.7930563,0.9,1.0,772.6583,1.0,69.63949,69.14851,69.999176,71.30117,69.50518
2018-04-10 09:03:00,-9.661463e-22,0.0,55.427135,357730.44,0.79476583,0.79476583,50.102005,576796.1,0.2052324,0.20523418,70.8576,0.7129319,0.7129319,1.0,208.03296,576646.3,403.52188,1.60746,56.560814,55.184006,0.792026,0.9,1.0,769.524,1.0,69.63658,69.165924,70.01456,71.34984,69.5271
2018-04-10 09:04:00,3.1721296000000005e-22,0.0,55.426094,357730.44,0.79612327,0.79612327,50.152985,576254.06,0.20388366,0.20387676,70.859955,0.71204567,0.71204567,1.0,207.16026,576112.7,403.52094,1.60746,56.561913,55.184006,0.7910478,0.9,1.0,766.54156,1.0,69.63367,69.18306,70.029724,71.398285,69.54924
2018-04-10 09:05:00,1.5368187e-21,0.0,55.425213,357730.44,0.79748166,0.79748166,50.204018,575768.0,0.2025296,0.20251836,70.86238,0.7112047,0.7112047,1.0,206.31862,575634.8,403.51987,1.60746,56.56301,55.184006,0.7901196,0.9,1.0,763.6994,1.0,69.630646,69.19992,70.04472,71.44641,69.57149
2018-04-10 09:06:00,-3.2020666e-21,0.0,55.424553,357730.44,0.79884744,0.79884744,50.25499,575335.0,0.20116705,0.20115253,70.86485,0.7104057,0.7104057,1.0,205.50514,575208.8,403.5187,1.60746,56.56422,55.184006,0.78923774,0.9,1.0,760.9871,1.0,69.627625,69.21657,70.05944,71.49414,69.59384
2018-04-10 09:07:00,-3.2721985e-21,0.0,55.424057,357730.44,0.8002215,0.8002215,50.306023,574950.5,0.19979717,0.19977851,70.86737,0.70964617,0.70964617,1.0,204.7186,574830.56,403.51752,1.60746,56.565483,55.184006,0.7883992,0.9,1.0,758.39667,1.0,69.624435,69.23294,70.074,71.541336,69.6163
2018-04-10 09:08:00,1.9061131e-21,0.0,55.423782,357730.44,0.8016036,0.8016036,50.40803,574610.9,0.1984192,0.19839638,70.8699,0.70892346,0.70892346,1.0,203.95734,574496.44,403.51627,1.60746,56.566803,55.184006,0.78760123,0.9,1.0,755.91974,1.0,69.62131,69.249084,70.08833,71.58797,69.638824
2018-04-10 09:09:00,-5.104652e-22,0.0,55.423622,357730.44,0.80299443,0.80299443,50.40803,574312.56,0.19703273,0.19700557,70.87243,0.70823497,0.70823497,1.0,203.21979,574202.8,403.51498,1.60746,56.568176,55.184006,0.78684103,0.9,1.0,753.5486,1.0,69.618065,69.26491,70.1024,71.633896,69.66141
2018-04-10 09:10:00,-4.1733665e-21,0.0,55.423676,357730.44,0.8043943,0.8043943,50.459007,574052.2,0.1956374,0.1956057,70.874954,0.7075784,0.7075784,1.0,202.50447,573946.6,403.51373,1.60746,56.569656,55.184006,0.78611594,0.9,1.0,751.2757,1.0,69.61482,69.28046,70.11624,71.67915,69.68398
2018-04-10 09:11:00,4.499455e-21,0.0,55.423897,357730.44,0.80580366,0.80580366,50.509987,573826.6,0.19423276,0.19419634,70.877426,0.7069515,0.7069515,1.0,201.80997,573724.56,403.51245,1.60746,56.571144,55.184006,0.7854234,0.9,1.0,749.0941,1.0,69.61159,69.29578,70.12981,71.72371,69.706665
2018-04-10 09:12:00,2.8264295e-21,0.0,55.424225,357730.44,0.80722284,0.80722284,50.561016,573632.9,0.19281843,0.19277713,70.87996,0.706352,0.706352,1.0,201.13483,573533.8,403.51117,1.60746,56.572735,55.184006,0.7847611,0.9,1.0,746.9969,1.0,69.60829,69.31084,70.14316,71.76738,69.7293
2018-04-10 09:13:00,-2.4794258000000003e-21,0.0,55.424774,357730.44,0.8086524,0.8086524,50.61199,573468.25,0.191394,0.19134761,70.88237,0.7057778,0.7057778,1.0,200.47774,573371.7,403.50992,1.60746,56.574326,55.184006,0.7841266,0.9,1.0,744.9778,1.0,69.60504,69.32561,70.15628,71.81027,69.75194
2018-04-10 09:14:00,-5.6166816e-22,0.0,55.425377,357730.44,0.81009257,0.81009257,50.663025,573330.06,0.18995906,0.18990742,70.88484,0.7052271,0.7052271,1.0,199.83743,573235.56,403.50864,1.60746,56.57603,55.184006,0.78351784,0.9,1.0,743.0306,1.0,69.60181,69.34006,70.16914,71.85225,69.77457
2018-04-10 09:15:00,2.4181218000000002e-21,0.0,55.426147,357730.44,0.8115439,0.8115439,50.714,573215.94,0.18851322,0.18845612,70.88721,0.70469785,0.70469785,1.0,199.21265,573123.06,403.50745,1.60746,56.57779,55.184006,0.78293276,0.9,1.0,741.1496,1.0,69.598564,69.35434,70.18172,71.89333,69.797195
2018-04-10 09:16:00,4.2284285e-21,0.0,55.427025,357730.44,0.81300664,0.81300664,50.81601,573123.56,0.18705608,0.18699333,70.88957,0.7041883,0.7041883,1.0,198.6022,573032.06,403.50626,1.60746,56.579544,55.184006,0.78236926,0.9,1.0,739.32935,1.0,69.59538,69.368286,70.19408,71.93349,69.81978
2018-04-10 09:17:00,-3.1036277000000003e-21,0.0,55.428017,357730.44,0.8144813,0.8144813,50.81601,573051.0,0.18558723,0.18551867,70.89188,0.7036968,0.7036968,1.0,198.00493,572960.44,403.50513,1.60746,56.58136,55.184006,0.7818256,0.9,1.0,737.5646,1.0,69.59219,69.38197,70.20616,71.97271,69.84235
2018-04-10 09:18:00,-8.676514000000001e-22,0.0,55.42917,357730.44,0.81596833,0.81596833,50.866985,572996.1,0.18410629,0.1840317,70.89418,0.70322174,0.70322174,1.0,197.41977,572906.25,403.50403,1.60746,56.583282,55.184006,0.7813,0.9,1.0,735.8505,1.0,69.589066,69.39543,70.21797,72.01089,69.86487
2018-04-10 09:19:00,-4.2099117999999997e-23,0.0,55.43032,357730.44,0.8174642,0.8174642,50.918015,572958.0,0.1826098,0.18253583,70.89638,0.70276135,0.70276135,1.0,196.84496,572868.25,403.50296,1.60746,56.585205,55.184006,0.7807907,0.9,1.0,734.18115,1.0,69.58593,69.408615,70.22957,72.04813,69.88728
2018-04-10 09:20:00,-2.1327358e-22,0.0,55.431694,357730.44,0.818978,0.818978,50.968994,572933.4,0.18110378,0.18102197,70.898575,0.7023147,0.7023147,1.0,196.28093,572843.7,403.50195,1.60746,56.58718,55.184006,0.7802962,0.9,1.0,732.5548,1.0,69.58291,69.42157,70.240875,72.084335,69.9097
2018-04-10 09:21:00,5.507025e-22,0.0,55.43312,357730.44,0.8205041,0.8205041,51.020027,572921.44,0.17958419,0.17949589,70.90072,0.7018802,0.7018802,1.0,195.72604,572831.75,403.50098,1.60746,56.589157,55.184006,0.7798151,0.9,1.0,730.96576,1.0,69.57989,69.434265,70.251976,72.11954,69.93205
2018-04-10 09:22:00,-3.994967e-22,0.0,55.43466,357730.44,0.8220443,0.8220443,51.071,572920.9,0.1780508,0.1779557,70.9028,0.70145655,0.70145655,1.0,195.17932,572830.94,403.50006,1.60746,56.591194,55.184006,0.77934587,0.9,1.0,729.4104,1.0,69.57692,69.44668,70.2628,72.15371,69.95436
2018-04-10 09:23:00,7.0185543e-22,0.0,55.43631,357730.44,0.8235988,0.8235988,51.17301,572930.3,0.17650335,0.17640121,70.90484,0.70104265,0.70104265,1.0,194.63997,572839.94,403.49918,1.60746,56.593277,55.184006,0.7788873,0.9,1.0,727.885,1.0,69.574005,69.45888,70.273346,72.18683,69.97661
2018-04-10 09:24:00,2.3721886e-22,0.0,55.43801,357730.44,0.825168,0.825168,51.223984,572948.56,0.17494136,0.174832,70.906876,0.7006373,0.7006373,1.0,194.10712,572857.6,403.49835,1.60746,56.59542,55.184006,0.778438,0.9,1.0,726.38617,1.0,69.57121,69.47085,70.283676,72.21896,69.99874
2018-04-10 09:25:00,1.5551368000000001e-21,0.0,55.439827,357730.44,0.82675236,0.82675236,51.223984,572974.44,0.17336445,0.17324765,70.9088,0.7002394,0.7002394,1.0,193.58003,572882.8,403.49756,1.60746,56.59762,55.184006,0.77799696,0.9,1.0,724.9106,1.0,69.568405,69.482544,70.29378,72.25,70.02083
2018-04-10 09:26:00,6.7670413e-23,0.0,55.44175,357730.44,0.82835126,0.82835126,51.275017,573007.25,0.17177144,0.17164873,70.91066,0.69984806,0.69984806,1.0,193.05779,572914.75,403.49686,1.60746,56.599815,55.184006,0.77756304,0.9,1.0,723.455,1.0,69.56572,69.49408,70.30361,72.28,70.04285
2018-04-10 09:27:00,7.3182295e-22,0.0,55.44378,357730.44,0.82996744,0.82996744,51.325996,573045.6,0.1701635,0.17003258,70.912476,0.69946235,0.69946235,1.0,192.54004,572952.2,403.49615,1.60746,56.602066,55.184006,0.7771352,0.9,1.0,722.0172,1.0,69.56302,69.50534,70.31317,72.309006,70.06477
2018-04-10 09:28:00,1.086101e-21,0.0,55.44587,357730.44,0.8315997,0.8315997,51.377026,573089.0,0.16853929,0.16840032,70.91429,0.6990814,0.6990814,1.0,192.02594,572994.5,403.49548,1.60746,56.60432,55.184006,0.7767126,0.9,1.0,720.59424,1.0,69.56044,69.51633,70.32256,72.33691,70.08663
2018-04-10 09:29:00,3.120289e-22,0.0,55.448067,357730.44,0.83324885,0.83324885,51.428,573136.44,0.16689844,0.16675116,70.915985,0.6987045,0.6987045,1.0,191.51488,573040.9,403.4949,1.60746,56.60668,55.184006,0.77629423,0.9,1.0,719.18353,1.0,69.557915,69.52715,70.33168,72.36377,70.108444
2018-04-10 09:30:00,1.0358487000000001e-21,0.0,55.450317,357730.44,0.8349153,0.8349153,51.479034,573187.44,0.16524054,0.16508472,70.91763,0.6983307,0.6983307,1.0,191.00626,573090.6,403.49435,1.60746,56.609047,55.184006,0.7758793,0.9,1.0,717.7829,1.0,69.55544,69.53775,70.340576,72.38964,70.13014
2018-04-10 09:31:00,1.1343931e-21,0.0,55.45268,357730.44,0.83659947,0.83659947,51.580986,573241.25,0.16356514,0.16340055,70.919235,0.6979595,0.6979595,1.0,190.49954,573143.25,403.49387,1.60746,56.611404,55.184006,0.77546716,0.9,1.0,716.39014,1.0,69.553024,69.54814,70.34926,72.41441,70.15178
2018-04-10 09:32:00,1.0416758000000001e-21,0.0,55.45515,357730.44,0.83830184,0.83830184,51.63202,573297.4,0.16187178,0.16169819,70.920715,0.6975901,0.6975901,1.0,189.9942,573198.06,403.4934,1.60746,56.613876,55.184006,0.77505696,0.9,1.0,715.0033,1.0,69.55066,69.558304,70.35772,72.43814,70.17331
2018-04-10 09:33:00,1.3143413e-22,0.0,55.45768,357730.44,0.84002286,0.84002286,51.63202,573355.3,0.16015999,0.15997717,70.922195,0.697222,0.697222,1.0,189.48973,573254.7,403.49295,1.60746,56.61635,55.184006,0.7746481,0.9,1.0,713.6204,1.0,69.548355,69.56824,70.365906,72.46083,70.19479
2018-04-10 09:34:00,-1.9390854000000002e-22,0.0,55.46031,357730.44,0.84176296,0.84176296,51.682995,573414.6,0.15842932,0.15823703,70.92357,0.6968546,0.6968546,1.0,188.98569,573312.6,403.49255,1.60746,56.618877,55.184006,0.77423996,0.9,1.0,712.2398,1.0,69.546104,69.577965,70.373924,72.482475,70.21611
2018-04-10 09:35:00,8.786463e-22,0.0,55.463005,357730.44,0.8435227,0.8435227,51.734024,573474.9,0.15667929,0.15647726,70.92489,0.6964874,0.6964874,1.0,188.48161,573371.44,403.4922,1.60746,56.621407,55.184006,0.77383196,0.9,1.0,710.85986,1.0,69.54396,69.58746,70.38167,72.503075,70.237366
2018-04-10 09:36:00,-6.812497e-22,0.0,55.465805,357730.44,0.8453026,0.8453026,51.785004,573535.6,0.1549094,0.1546974,70.92615,0.69611996,0.69611996,1.0,187.97702,573430.8,403.49188,1.60746,56.623985,55.184006,0.7734236,0.9,1.0,709.4791,1.0,69.541824,69.5968,70.38925,72.52263,70.258514
2018-04-10 09:37:00,5.320481e-22,0.0,55.468666,357730.44,0.84710306,0.84710306,51.836037,573596.56,0.15311916,0.15289693,70.92731,0.6957517,0.6957517,1.0,187.47107,573490.3,403.4916,1.60746,56.626625,55.184006,0.7730143,0.9,1.0,708.09595,1.0,69.539734,69.60593,70.39656,72.54114,70.27956
2018-04-10 09:38:00,1.9204633000000002e-22,0.0,55.47163,357730.44,0.8489247,0.8489247,51.88701,573657.44,0.15130804,0.15107532,70.928345,0.69538236,0.69538236,1.0,186.9634,573549.75,403.49136,1.60746,56.629314,55.184006,0.7726037,0.9,1.0,706.7093,1.0,69.537704,69.61488,70.4037,72.558716,70.300476
2018-04-10 09:39:00,7.354567e-22,0.0,55.47471,357730.44,0.85076797,0.85076797,51.93799,573717.9,0.14947556,0.14923206,70.9294,0.6950114,0.6950114,1.0,186.45366,573608.75,403.49112,1.60746,56.632004,55.184006,0.7721913,0.9,1.0,705.3178,1.0,69.53578,69.62361,70.41057,72.575195,70.32135
2018-04-10 09:40:00,-5.838577000000001e-22,0.0,55.477837,357730.44,0.8526335,0.8526335,52.039993,573777.75,0.14762115,0.14736651,70.93027,0.6946386,0.6946386,1.0,185.94159,573667.25,403.4909,1.60746,56.63475,55.184006,0.77177674,0.9,1.0,703.9205,1.0,69.53386,69.632126,70.41732,72.590744,70.342064
2018-04-10 09:41:00,-4.0348801000000002e-22,0.0,55.48108,357730.44,0.85452175,0.85452175,52.039993,573837.0,0.14574423,0.14547828,70.93109,0.6942636,0.6942636,1.0,185.42685,573725.06,403.49075,1.60746,56.637497,55.184006,0.7713597,0.9,1.0,702.51636,1.0,69.53194,69.64026,70.4238,72.6053,70.36272
2018-04-10 09:42:00,-1.3178942000000001e-21,0.0,55.484375,357730.44,0.8564333,0.8564333,52.091026,573895.3,0.14384429,0.14356671,70.93187,0.6938861,0.6938861,1.0,184.90923,573781.94,403.49063,1.60746,56.640358,55.184006,0.7709399,0.9,1.0,701.1045,1.0,69.53012,69.64816,70.430115,72.618866,70.38321
2018-04-10 09:43:00,4.6743096000000005e-22,0.0,55.487778,357730.44,0.85836875,0.85836875,52.142006,573952.6,0.14192072,0.14163122,70.932465,0.69350594,0.69350594,1.0,184.38846,573837.8,403.4905,1.60746,56.64321,55.184006,0.77051705,0.9,1.0,699.684,1.0,69.528366,69.65597,70.43622,72.6315,70.40364
2018-04-10 09:44:00,2.423918e-22,0.0,55.491295,357730.44,0.8603288,0.8603288,52.193035,574008.9,0.13997293,0.13967119,70.933014,0.6931228,0.6931228,1.0,183.86432,573892.6,403.49042,1.60746,56.646126,55.184006,0.7700909,0.9,1.0,698.2543,1.0,69.5266,69.66354,70.442154,72.64315,70.423965
2018-04-10 09:45:00,-3.7582737000000003e-22,0.0,55.49492,357730.44,0.86231405,0.86231405,52.24401,574063.9,0.13800026,0.13768597,70.93346,0.69273645,0.69273645,1.0,183.33662,573946.2,403.49036,1.60746,56.64909,55.184006,0.7696611,0.9,1.0,696.8145,1.0,69.5249,69.67096,70.44786,72.653915,70.44418
2018-04-10 09:46:00,-3.6162477e-22,0.0,55.498604,357730.44,0.8643251,0.8643251,52.29499,574117.7,0.13600212,0.13567492,70.93379,0.69234675,0.69234675,1.0,182.80515,573998.56,403.4903,1.60746,56.652054,55.184006,0.7692276,0.9,1.0,695.36414,1.0,69.52319,69.678215,70.453415,72.66375,70.46429
2018-04-10 09:47:00,-7.427578e-22,0.0,55.50245,357730.44,0.86636263,0.86636263,52.34602,574170.1,0.1339778,0.13363735,70.93407,0.69195354,0.69195354,1.0,182.26974,574049.6,403.4903,1.60746,56.655075,55.184006,0.7687902,0.9,1.0,693.9026,1.0,69.521545,69.6853,70.45874,72.6727,70.48428
2018-04-10 09:48:00,-1.094676e-21,0.0,55.506348,357730.44,0.8684274,0.8684274,52.44803,574221.25,0.13192663,0.13157259,70.93417,0.6915566,0.6915566,1.0,181.73024,574099.3,403.49026,1.60746,56.658154,55.184006,0.7683486,0.9,1.0,692.4293,1.0,69.51996,69.69222,70.46396,72.68083,70.50423
2018-04-10 09:49:00,1.1278342e-21,0.0,55.510357,357730.44,0.8705201,0.8705201,52.44803,574271.0,0.12984788,0.12947989,70.93423,0.6911558,0.6911558,1.0,181.1865,574147.7,403.4903,1.60746,56.661285,55.184006,0.7679027,0.9,1.0,690.9439,1.0,69.518364,69.698975,70.4689,72.688034,70.524
2018-04-10 09:50:00,5.5147787e-24,0.0,55.514477,357730.44,0.8726415,0.8726415,52.499004,574319.3,0.12774086,0.1273585,70.93417,0.690751,0.690751,1.0,180.63837,574194.6,403.4903,1.60746,56.66447,55.184006,0.7674523,0.9,1.0,689.4459,1.0,69.51683,69.70557,70.47374,72.6944,70.54366
2018-04-10 09:51:00,9.839739000000001e-23,0.0,55.518707,357730.44,0.87479234,0.87479234,52.550034,574366.1,0.12560476,0.12520768,70.934006,0.6903422,0.6903422,1.0,180.08574,574240.2,403.49036,1.60746,56.66771,55.184006,0.76699746,0.9,1.0,687.935,1.0,69.51529,69.712,70.47841,72.69989,70.56328
2018-04-10 09:52:00,-1.4708993e-21,0.0,55.52305,357730.44,0.8769734,0.8769734,52.601013,574411.6,0.12343886,0.12302663,70.93373,0.6899291,0.6899291,1.0,179.52852,574284.3,403.4904,1.60746,56.67095,55.184006,0.76653785,0.9,1.0,686.41064,1.0,69.51375,69.718315,70.48291,72.70451,70.58272
2018-04-10 09:53:00,-9.769088e-24,0.0,55.52755,357730.44,0.87918544,0.87918544,52.65199,574455.75,0.12124232,0.12081454,70.9334,0.68951184,0.68951184,1.0,178.9666,574327.06,403.49045,1.60746,56.674248,55.184006,0.7660735,0.9,1.0,684.87286,1.0,69.51227,69.72441,70.4872,72.708244,70.60205
2018-04-10 09:54:00,-5.9401736e-22,0.0,55.532112,357730.44,0.88142943,0.88142943,52.70302,574498.4,0.119014315,0.11857055,70.93291,0.6890902,0.6890902,1.0,178.3999,574368.44,403.49054,1.60746,56.677654,55.184006,0.7656043,0.9,1.0,683.32117,1.0,69.51083,69.7304,70.49136,72.71115,70.62134
2018-04-10 09:55:00,-4.7651677e-22,0.0,55.53689,357730.44,0.88370997,0.88370997,52.80503,574538.9,0.1167572,0.116290055,70.932304,0.68866426,0.68866426,1.0,177.82904,574407.8,403.49063,1.60746,56.68106,55.184006,0.7651302,0.9,1.0,681.7567,1.0,69.50935,69.73622,70.49532,72.71324,70.64046
2018-04-10 09:56:00,-5.0741563000000005e-22,0.0,55.541725,357730.44,0.8860197,0.8860197,52.856003,574578.8,0.11446307,0.113980316,70.93164,0.6882337,0.6882337,1.0,177.25247,574446.56,403.49072,1.60746,56.68452,55.184006,0.7646511,0.9,1.0,680.1766,1.0,69.50793,69.741936,70.49917,72.71451,70.659515
2018-04-10 09:57:00,1.5499415e-22,0.0,55.546944,357730.44,0.88836455,0.88836455,52.856003,574619.4,0.1121456,0.11163548,70.93082,0.68780124,0.68780124,1.0,176.67317,574484.8,403.49084,1.60746,56.68815,55.184006,0.7641699,0.9,1.0,678.5916,1.0,69.50655,69.74743,70.50285,72.71495,70.678246
2018-04-10 09:58:00,-6.0795686e-23,0.0,55.55183,357730.44,0.89074564,0.89074564,52.907036,574654.5,0.10977248,0.10925437,70.92995,0.6873588,0.6873588,1.0,176.0845,574519.6,403.49094,1.60746,56.69166,55.184006,0.76367766,0.9,1.0,676.9733,1.0,69.50513,69.75287,70.506424,72.71456,70.6972
2018-04-10 09:59:00,-2.0644515000000001e-22,0.0,55.558586,357730.44,0.893251,0.893251,52.958015,571620.5,0.107316345,0.106749006,70.92752,0.68426263,0.68426263,1.0,173.96048,570881.6,403.50366,1.60746,56.69655,55.184006,0.7599018,0.9,1.0,668.71893,1.0,69.50298,69.75594,70.506035,72.70676,70.71489
2018-04-10 10:00:00,7.023617e-23,0.0,55.562485,357730.44,0.89562815,0.89562815,53.008987,568999.44,0.104908854,0.10437187,70.92319,0.68199795,0.68199795,1.0,172.6732,568544.7,403.5099,1.60746,56.699738,55.184006,0.7574959,0.9,1.0,662.43976,1.0,69.501114,69.75847,70.50537,72.698135,70.74428
2018-04-10 10:01:00,4.4607904e-23,0.0,55.567978,357730.44,0.8981169,0.8981169,53.06002,567024.0,0.10245781,0.10188311,70.919174,0.68005425,0.68005425,1.0,171.40466,566628.6,403.5145,1.60746,56.703583,55.184006,0.75535846,0.9,1.0,657.0216,1.0,69.49957,69.76166,70.505646,72.69017,70.78058
2018-04-10 10:02:00,9.697823e-23,0.0,55.57188,357730.44,0.9005418,0.9005418,53.155987,565263.7,0.100051224,0.09945825,70.91539,0.67825866,0.67825866,1.0,170.2,564911.9,403.51804,1.60746,56.706657,55.184006,0.75338197,0.9,1.0,652.0018,1.0,69.49782,69.76495,70.50609,72.68176,70.82173
2018-04-10 10:03:00,-6.178633e-24,0.0,55.576275,357730.44,0.9030141,0.9030141,53.203995,563701.44,0.09759821,0.09698589,70.911705,0.67658466,0.67658466,1.0,169.03586,563381.94,403.52075,1.60746,56.710007,55.184006,0.75153804,0.9,1.0,647.2932,1.0,69.49612,69.76825,70.5067,72.673035,70.866776
2018-04-10 10:04:00,3.0978063e-23,0.0,55.580833,357730.44,0.9055221,0.9055221,53.203995,562305.0,0.09511026,0.09447788,70.908134,0.67501664,0.67501664,1.0,167.91174,562013.0,403.52274,1.60746,56.71336,55.184006,0.7498098,0.9,1.0,642.8565,1.0,69.494194,69.7716,70.50741,72.66391,70.915
2018-04-10 10:05:00,-7.099153e-24,0.0,55.585613,357730.44,0.90806854,0.90806854,53.252007,561054.6,0.09258441,0.09193146,70.90468,0.67354125,0.67354125,1.0,166.8222,560785.94,403.5242,1.60746,56.71682,55.184006,0.7481827,0.9,1.0,638.65607,1.0,69.49227,69.77495,70.50823,72.654465,70.96581
2018-04-10 10:06:00,4.116802e-23,0.0,55.590614,357730.44,0.910654,0.910654,53.30002,559933.44,0.09001981,0.08934602,70.901215,0.6721479,0.6721479,1.0,165.76376,559684.6,403.52515,1.60746,56.720337,55.184006,0.74664557,0.9,1.0,634.6647,1.0,69.49019,69.778244,70.50911,72.64464,71.01866
2018-04-10 10:07:00,7.930325000000001e-23,0.0,55.595833,357730.44,0.91328007,0.91328007,53.34803,558927.5,0.08741507,0.08671992,70.89786,0.6708281,0.6708281,1.0,164.73334,558695.7,403.5257,1.60746,56.72396,55.184006,0.7451889,0.9,1.0,630.85986,1.0,69.48799,69.78154,70.51004,72.634415,71.07315
2018-04-10 10:08:00,-5.759321399999999e-23,0.0,55.60127,357730.44,0.91594774,0.91594774,53.39598,558024.94,0.084769405,0.084052265,70.894516,0.6695746,0.6695746,1.0,163.72876,557807.8,403.5259,1.60746,56.727642,55.184006,0.743805,0.9,1.0,627.22345,1.0,69.48568,69.78478,70.51109,72.62387,71.12891
2018-04-10 10:09:00,-1.6983913000000003e-22,0.0,55.606926,357730.44,0.9186584,0.9186584,53.443993,557215.6,0.082081154,0.081341594,70.89116,0.66838133,0.66838133,1.0,162.7479,557011.2,403.52585,1.60746,56.73143,55.184006,0.74248725,0.9,1.0,623.73975,1.0,69.48332,69.787964,70.51208,72.61294,71.18565
2018-04-10 10:10:00,-8.70899e-23,0.0,55.612804,357730.44,0.92141324,0.92141324,53.492004,556490.44,0.079349376,0.07858674,70.88781,0.6672431,0.6672431,1.0,161.78918,556297.06,403.52557,1.60746,56.735275,55.184006,0.74122995,0.9,1.0,620.3954,1.0,69.48085,69.7911,70.513176,72.60162,71.2431
2018-04-10 10:11:00,-1.1952264e-22,0.0,55.618904,357730.44,0.92421377,0.92421377,53.588024,555841.6,0.07657265,0.07578626,70.88446,0.6661552,0.6661552,1.0,160.85106,555657.75,403.52512,1.60746,56.739235,55.184006,0.740028,0.9,1.0,617.1788,1.0,69.478264,69.794174,70.51422,72.58998,71.30112
2018-04-10 10:12:00,-1.09350605e-23,0.0,55.62522,357730.44,0.92706126,0.92706126,53.588024,555262.2,0.073749535,0.07293875,70.88106,0.6651137,0.6651137,1.0,159.93224,555086.56,403.5245,1.60746,56.743298,55.184006,0.73887694,0.9,1.0,614.0796,1.0,69.47563,69.79714,70.51526,72.57794,71.35945
2018-04-10 10:13:00,6.359877000000001e-23,0.0,55.631756,357730.44,0.92995703,0.92995703,53.636032,554745.56,0.07087884,0.07004296,70.87765,0.6641147,0.6641147,1.0,159.03159,554577.1,403.52377,1.60746,56.747417,55.184006,0.7377727,0.9,1.0,611.0885,1.0,69.47293,69.80005,70.51625,72.56554,71.41795
2018-04-10 10:14:00,-2.0006718e-23,0.0,55.63846,357730.44,0.9329168,0.9329029,53.68399,554280.7,0.067942046,0.06708319,70.87419,0.6631478,0.6631478,1.0,158.14255,554123.9,403.52295,1.60746,56.751595,55.184006,0.7367116,0.9,1.0,608.1763,1.0,69.470184,69.80286,70.517296,72.55279,71.476456
2018-04-10 10:15:00,-1.4213306000000002e-22,0.0,55.6456,357730.44,0.9359003,0.9359003,53.732002,553878.4,0.064988,0.064099744,70.87073,0.66223145,0.66223145,1.0,157.28035,553721.6,403.52203,1.60746,56.75593,55.184006,0.73569036,0.9,1.0,605.398,1.0,69.46739,69.8056,70.518234,72.539604,71.534904
2018-04-10 10:16:00,-1.9658272e-23,0.0,55.652847,357730.44,0.9389507,0.9389507,53.78001,553517.8,0.061964855,0.061049264,70.86721,0.66134137,0.66134137,1.0,156.4279,553365.75,403.5211,1.60746,56.760326,55.184006,0.7347058,0.9,1.0,602.6841,1.0,69.46453,69.80818,70.519165,72.52609,71.593185
2018-04-10 10:17:00,7.1913683e-23,0.0,55.660378,357730.44,0.94205606,0.94205606,53.87603,553199.9,0.058887664,0.057943914,70.86364,0.66048205,0.66048205,1.0,155.5897,553051.8,403.52008,1.60746,56.76483,55.184006,0.7337552,0.9,1.0,600.04895,1.0,69.461624,69.810715,70.51999,72.51219,71.65114
2018-04-10 10:18:00,7.463339e-23,0.0,55.66812,357730.44,0.94521785,0.94521785,53.92399,552920.56,0.0557548,0.05478216,70.860016,0.65965116,0.65965116,1.0,154.76505,552775.94,403.51907,1.60746,56.769447,55.184006,0.73283577,0.9,1.0,597.48676,1.0,69.45876,69.81319,70.52081,72.49791,71.70876
2018-04-10 10:19:00,-6.674386e-23,0.0,55.67614,357730.44,0.9484381,0.9484381,53.92399,552676.06,0.052564643,0.051561914,70.856384,0.6588465,0.6588465,1.0,153.95316,552534.4,403.51804,1.60746,56.77417,55.184006,0.73194516,0.9,1.0,594.9921,1.0,69.45586,69.81549,70.52153,72.483246,71.765945
2018-04-10 10:20:00,-2.65969e-23,0.0,55.684433,357730.44,0.9517185,0.9517185,53.971996,552463.0,0.04931506,0.048281495,70.85271,0.6580659,0.6580659,1.0,153.15329,552323.9,403.517,1.60746,56.779003,55.184006,0.7310811,0.9,1.0,592.55994,1.0,69.45294,69.81769,70.52219,72.46819,71.82263
2018-04-10 10:21:00,-1.8277346e-23,0.0,55.693005,357730.44,0.95506096,0.95506096,54.020004,552278.25,0.046004396,0.04493902,70.84897,0.6573077,0.6573077,1.0,152.36491,552141.25,403.51596,1.60746,56.783947,55.184006,0.73024154,0.9,1.0,590.1857,1.0,69.45003,69.819824,70.52279,72.45276,71.87883
2018-04-10 10:22:00,-1.068877e-22,0.0,55.70185,357730.44,0.9584675,0.9584675,54.068016,552118.8,0.042630695,0.04153249,70.84524,0.6565699,0.6565699,1.0,151.58742,551983.7,403.51495,1.60746,56.788948,55.184006,0.7294245,0.9,1.0,587.8651,1.0,69.447174,69.82186,70.523285,72.437,71.93442
2018-04-10 10:23:00,-1.2417957000000002e-22,0.0,55.71102,357730.44,0.9619402,0.9619402,54.116028,551982.1,0.03919186,0.038059797,70.841446,0.65585095,0.65585095,1.0,150.82022,551848.5,403.51395,1.60746,56.79411,55.184006,0.72862816,0.9,1.0,585.5941,1.0,69.44432,69.823784,70.52373,72.4209,71.98935
2018-04-10 10:24:00,-1.1727827e-23,0.0,55.720413,357730.44,0.9654811,0.9654811,54.16404,551865.6,0.035685807,0.034518875,70.83766,0.6551494,0.6551494,1.0,150.06285,551733.4,403.51297,1.60746,56.79944,55.184006,0.72785085,0.9,1.0,583.3692,1.0,69.44146,69.82559,70.52411,72.40442,72.043686
2018-04-10 10:25:00,9.397637000000001e-23,0.0,55.730194,357730.44,0.96909237,0.96909237,54.21199,551767.06,0.032110542,0.030907605,70.83382,0.6544637,0.6544637,1.0,149.31491,551635.9,403.51202,1.60746,56.80482,55.184006,0.72709113,0.9,1.0,581.187,1.0,69.43866,69.827354,70.52438,72.3876,72.09729
2018-04-10 10:26:00,1.0923151e-22,0.0,55.740246,357730.44,0.97277635,0.97277635,54.308014,551684.3,0.028463736,0.027223619,70.82997,0.65379274,0.65379274,1.0,148.57593,551554.1,403.5111,1.60746,56.81037,55.184006,0.7263475,0.9,1.0,579.04456,1.0,69.43597,69.82895,70.5246,72.37047,72.15019
2018-04-10 10:27:00,7.069456e-23,0.0,55.750626,357730.44,0.97653514,0.97653514,54.308014,551615.56,0.024743129,0.023464864,70.826126,0.65313524,0.65313524,1.0,147.84558,551486.1,403.5102,1.60746,56.816025,55.184006,0.72561866,0.9,1.0,576.9389,1.0,69.43327,69.830536,70.52471,72.353,72.202324
2018-04-10 10:28:00,4.8232155e-23,0.0,55.761337,357730.44,0.9803714,0.9803714,54.356026,551558.94,0.020946471,0.019628558,70.82228,0.65249014,0.65249014,1.0,147.12355,551430.2,403.50934,1.60746,56.82185,55.184006,0.72490346,0.9,1.0,574.86774,1.0,69.43063,69.83197,70.524826,72.335205,72.2538
2018-04-10 10:29:00,1.2155628e-23,0.0,55.772438,357730.44,0.98428756,0.98428756,54.404034,551512.9,0.01707125,0.015712433,70.818375,0.6518564,0.6518564,1.0,146.40953,551384.7,403.5085,1.60746,56.82778,55.184006,0.7242008,0.9,1.0,572.8287,1.0,69.428116,69.8334,70.524826,72.31713,72.30444
2018-04-10 10:30:00,-1.778344e-23,0.0,55.77601,357730.44,0.9878428,0.9878428,54.45199,551349.25,0.01316299,0.012157209,70.8147,0.65125626,0.65125626,1.0,145.80939,551263.5,403.5076,1.60746,56.83322,55.184006,0.7235476,0.9,1.0,570.94684,1.0,69.42575,69.83482,70.524826,72.29884,72.35443
2018-04-10 10:31:00,1.4308810000000001e-23,0.0,55.73217,357730.44,0.988639,0.988639,54.5,550764.56,0.011173248,0.01136098,70.81261,0.6507914,0.6507914,1.0,145.61336,550757.2,403.5062,1.60746,56.822617,55.184006,0.72303635,0.9,1.0,569.8063,1.0,69.42476,69.83724,70.52576,72.281265,72.40463
2018-04-10 10:32:00,0.02214468,0.0,55.694653,357730.44,0.9896042,0.9896042,54.54801,550198.3,0.009774828,0.010395813,70.811615,0.65038997,0.65038997,1.0,145.4756,550210.25,403.50467,1.60746,56.705063,55.184006,0.7225921,0.9,1.0,568.91125,1.0,69.42372,69.84004,70.52707,72.2639,72.45441
2018-04-10 10:33:00,0.030545792,0.057551593,55.658012,357730.44,0.9904259,0.9904259,54.59602,549680.3,0.008705951,0.009574138,70.81123,0.6500403,0.6500403,1.0,145.3692,549700.9,403.50308,1.60746,56.44458,55.184006,0.7222042,0.9,1.0,568.1583,1.0,69.42146,69.84279,70.5284,72.24649,72.50357
2018-04-10 10:34:00,0.084108226,0.11028745,55.620552,357730.44,0.991012,0.991012,54.691986,549222.06,0.0078060315,0.008988005,70.811066,0.64973724,0.64973724,1.0,145.28098,549242.1,403.5015,1.60746,56.236828,55.184006,0.72186434,0.9,1.0,567.52185,1.0,69.414764,69.84466,70.52933,72.22869,72.5518
2018-04-10 10:35:00,0.13122377,0.15176222,55.582043,357730.44,0.991361,0.991361,54.739998,548826.8,0.007019828,0.008638992,70.81041,0.64947724,0.64947724,1.0,145.2048,548837.6,403.49985,1.60746,56.031876,55.184006,0.72156686,0.9,1.0,566.98883,1.0,69.40361,69.84505,70.52938,72.21029,72.598816
2018-04-10 10:36:00,0.16755983,0.18276316,55.541725,357730.44,0.9914393,0.9914393,54.739998,548499.7,0.006325611,0.00856074,70.80859,0.64925677,0.64925677,1.0,145.1329,548489.5,403.4983,1.60746,55.838135,55.184006,0.7213048,0.9,1.0,566.5481,1.0,69.38696,69.84356,70.52828,72.1909,72.64436
2018-04-10 10:37:00,0.19432265,0.20512159,55.49833,357730.44,0.99118,0.99118,54.788006,548256.25,0.005726646,0.008820015,70.805084,0.64907074,0.64907074,1.0,145.04935,548203.25,403.49677,1.60746,55.6696,55.184006,0.72106797,0.9,1.0,566.1829,1.0,69.36505,69.839935,70.52586,72.17041,72.68831
2018-04-10 10:38:00,0.21353951,0.2209366,55.44982,357730.44,0.9904834,0.9904834,54.836014,548109.8,0.0052223625,0.009516584,70.79937,0.64891535,0.64891535,1.0,144.94034,547985.75,403.49533,1.60746,55.533592,55.184006,0.72084695,0.9,1.0,565.8811,1.0,69.33803,69.83411,70.521965,72.14865,72.730545
2018-04-10 10:39:00,0.20507029,0.0,55.399338,357730.44,0.98954034,0.98954034,54.884026,547929.44,0.0046188,0.010459676,70.79118,0.64880455,0.64880455,1.0,144.90459,547770.0,403.49387,1.60746,55.435925,55.184006,0.7206784,0.9,1.0,565.7204,1.0,69.30688,69.826035,70.51659,72.12564,72.77103
2018-04-10 10:40:00,0.03308246,0.0,55.36567,357730.44,0.9894335,0.9894335,54.979992,547375.94,0.0034580973,0.010566445,70.78042,0.64878404,0.64878404,1.0,145.20923,547395.0,403.49194,1.60746,55.72371,55.184006,0.72066045,0.9,1.0,565.9185,1.0,69.273254,69.81604,70.509766,72.10125,72.80965
2018-04-10 10:41:00,0.022810757,0.041512504,55.36902,357730.44,0.9912687,0.9912687,54.979992,546765.44,0.0024019184,0.00873133,70.76701,0.648777,0.648777,1.0,145.57446,547033.9,403.48987,1.60746,55.881752,55.184006,0.72071993,0.9,1.0,566.1063,1.0,69.24194,69.80483,70.5018,72.07565,72.84656
2018-04-10 10:42:00,0.061691064,0.08407691,55.392693,357730.44,0.9941066,0.9941066,55.028,546398.3,0.0018528219,0.005893426,70.75169,0.6487272,0.6487272,1.0,145.75111,546799.94,403.488,1.60746,55.932068,55.184006,0.72076744,0.9,1.0,566.04144,1.0,69.21393,69.79341,70.493515,72.04945,72.88222
2018-04-10 10:43:00,0.101824366,0.12208617,55.409668,357730.44,0.9964606,0.9964606,55.07601,546296.9,0.0016061487,0.0035393562,70.73549,0.6486642,0.6486642,1.0,145.7502,546702.7,403.48645,1.60746,55.897842,55.184006,0.7207628,0.9,1.0,565.85754,1.0,69.1896,69.782364,70.48532,72.02325,72.917206
2018-04-10 10:44:00,0.1370081,0.15399337,55.41384,357730.44,0.99800515,0.99800515,55.172035,546314.7,0.0014256714,0.0019948746,70.71917,0.6486195,0.6486195,1.0,145.69315,546674.7,403.48514,1.60746,55.813416,55.184006,0.7207391,0.9,1.0,565.71106,1.0,69.16768,69.77182,70.47747,71.99727,72.95175
2018-04-10 10:45:00,0.16592108,0.17939761,55.409447,357730.44,0.99899185,0.99899185,55.172035,546373.44,0.0012366046,0.0010081395,70.703125,0.64859945,0.64859945,1.0,145.63583,546677.4,403.48395,1.60746,55.706406,55.184006,0.7207213,0.9,1.0,565.6405,1.0,69.14714,69.76149,70.46978,71.97139,72.98565
2018-04-10 10:46:00,0.18854228,0.19880626,55.400604,357730.44,0.9996505,0.9996505,55.219986,546455.6,0.001031262,0.00034953325,70.68742,0.6486006,0.6486006,1.0,145.58669,546699.7,403.48282,1.60746,55.59764,55.184006,0.72071624,0.9,1.0,565.6346,1.0,69.126755,69.75105,70.46209,71.94557,73.01888
2018-04-10 10:47:00,0.20564453,0.21320005,55.39077,357730.44,1.0,1.0,55.267998,546584.94,0.00084099395,0.0,70.671875,0.64861274,0.64861274,1.0,145.52109,546752.5,403.48178,1.60746,55.499588,55.184006,0.72071916,0.9,1.0,565.6482,1.0,69.10599,69.740234,70.45407,71.91954,73.05124
2018-04-10 10:48:00,0.21836925,0.22364657,55.377148,357730.44,1.0,1.0,55.31601,546802.0,0.00071898877,0.0,70.65643,0.6486194,0.6486194,1.0,145.39621,546840.2,403.4809,1.60746,55.416424,55.184006,0.7207197,0.9,1.0,565.6207,1.0,69.08435,69.72887,70.44566,71.89317,73.0826
2018-04-10 10:49:00,0.22815144,0.23228411,55.368084,357730.44,1.0,1.0,55.36402,546889.75,4.722767e-05,0.0,70.64073,0.6486717,0.6486717,1.0,145.40149,546911.7,403.47998,1.60746,55.363907,55.184006,0.7207491,0.9,1.0,565.75665,1.0,69.06177,69.71672,70.43671,71.86636,73.11287
2018-04-10 10:50:00,0.2358504,0.23953827,55.41148,357730.44,1.0,1.0,55.41203,547053.56,1.6247509e-06,0.0,70.62425,0.6486943,0.6486943,1.0,145.33524,547073.0,403.47916,1.60746,55.332214,55.184006,0.72077477,0.9,1.0,565.7101,1.0,69.03821,69.70354,70.42688,71.83879,73.141655
2018-04-10 10:51:00,0.24283248,0.24618235,55.459328,357730.44,1.0,1.0,55.459984,547198.75,4.729815e-08,0.0,70.60733,0.64871776,0.64871776,1.0,145.28041,547216.94,403.47842,1.60746,55.313316,55.184006,0.72080094,0.9,1.0,565.6796,1.0,69.01459,69.68975,70.41661,71.810776,73.16945
2018-04-10 10:52:00,0.24916816,0.25221196,55.507336,357730.44,1.0,1.0,55.556007,547333.5,1.2650958e-09,0.0,70.59003,0.6487416,0.6487416,1.0,145.23167,547350.25,403.47775,1.60746,55.29953,55.184006,0.7208274,0.9,1.0,565.6579,1.0,68.99107,69.67552,70.405945,71.782425,73.1962
2018-04-10 10:53:00,0.25495353,0.25775173,55.55529,357730.44,1.0,1.0,55.556007,547458.6,3.21794e-11,0.0,70.57239,0.64876556,0.64876556,1.0,145.1885,547474.0,403.47717,1.60746,55.288982,55.184006,0.72085404,0.9,1.0,565.6437,1.0,68.96817,69.660965,70.39496,71.75381,73.22197
2018-04-10 10:54:00,0.2602981,0.26289964,55.603302,357730.44,1.0,1.0,55.604015,547574.6,7.9133195e-13,0.0,70.554596,0.64878947,0.64878947,1.0,145.15034,547588.8,403.4766,1.60746,55.280743,55.184006,0.72088057,0.9,1.0,565.63586,1.0,68.94603,69.64624,70.38376,71.72497,73.2469
2018-04-10 10:55:00,0.2652891,0.26773223,55.651314,357730.44,1.0,1.0,55.652023,547682.2,1.9001875e-14,0.0,70.5368,0.6488132,0.6488132,1.0,145.11674,547695.2,403.4761,1.60746,55.27415,55.184006,0.7209069,0.9,1.0,565.6336,1.0,68.92499,69.63147,70.37244,71.696014,73.270966
2018-04-10 10:56:00,0.2699946,0.27230915,55.69932,357730.44,1.0,1.0,55.700035,547781.9,4.483793e-16,0.0,70.51906,0.6488366,0.6488366,1.0,145.08722,547793.8,403.47565,1.60746,55.268875,55.184006,0.72093284,0.9,1.0,565.6361,1.0,68.905106,69.61669,70.36107,71.667015,73.29425
2018-04-10 10:57:00,0.27446765,0.27667657,55.74733,357730.44,1.0,1.0,55.747993,547874.06,1.0462172e-17,0.0,70.50159,0.6488596,0.6488596,1.0,145.06139,547885.0,403.47525,1.60746,55.264595,55.184006,0.72095835,0.9,1.0,565.64264,1.0,68.88643,69.60208,70.34964,71.638016,73.31689
2018-04-10 10:58:00,0.2787487,0.28087053,55.79534,357730.44,1.0,1.0,55.796,547959.44,2.356606e-19,0.0,70.4845,0.6488821,0.6488821,1.0,145.03883,547969.4,403.4749,1.60746,55.261078,55.184006,0.72098327,0.9,1.0,565.65265,1.0,68.86907,69.58758,70.33827,71.60901,73.338806
2018-04-10 10:59:00,0.28287017,0.28491768,55.843353,357730.44,1.0,1.0,55.84401,548038.3,3.550445e-21,0.0,70.46786,0.648904,0.648904,1.0,145.01926,548047.44,403.47455,1.60746,55.25811,55.184006,0.7210075,0.9,1.0,565.66547,1.0,68.85303,69.57335,70.32701,71.58011,73.36012
2018-04-10 11:00:00,0.28685644,0.28884095,55.891365,357730.44,1.0,1.0,55.940033,548111.2,-1.9522783000000002e-21,0.0,70.45177,0.64892524,0.64892524,1.0,145.00235,548119.56,403.47427,1.60746,55.25564,55.184006,0.72103107,0.9,1.0,565.6806,1.0,68.83831,69.5594,70.31581,71.55133,73.38077
2018-04-10 11:01:00,0.29072636,0.29265624,55.939373,357730.44,1.0,1.0,55.940033,548178.44,-1.8035926e-21,0.0,70.436325,0.64894587,0.64894587,1.0,144.98781,548186.06,403.47403,1.60746,55.253494,55.184006,0.72105384,0.9,1.0,565.69763,1.0,68.8248,69.54578,70.30476,71.522705,73.40093
2018-04-10 11:02:00,0.29431129,0.29598892,55.972607,357730.44,1.0,1.0,55.972992,548240.5,2.6224586e-21,0.0,70.4193,0.6489657,0.6489657,1.0,144.9754,548247.5,403.4738,1.60746,55.247017,55.184006,0.72107583,0.9,1.0,565.7162,1.0,68.76427,69.52858,70.2879,71.49041,73.41478
2018-04-10 11:03:00,0.29749888,0.29903513,56.005623,357730.44,1.0,1.0,56.006004,548297.7,-6.51234e-21,0.0,70.3988,0.64898485,0.64898485,1.0,144.96486,548304.06,403.47357,1.60746,55.241524,55.184006,0.721097,0.9,1.0,565.73596,1.0,68.74223,69.51199,70.2717,71.458435,73.42851
2018-04-10 11:04:00,0.3004454,0.30187878,56.038635,357730.44,1.0,1.0,56.039017,548350.44,-9.698292000000001e-22,0.0,70.37738,0.6490032,0.6490032,1.0,144.95602,548356.2,403.4734,1.60746,55.237236,55.184006,0.72111726,0.9,1.0,565.75653,1.0,68.70137,69.49579,70.25571,71.42674,73.4418
2018-04-10 11:05:00,0.30321467,0.3045721,56.071594,357730.44,1.0,1.0,56.072033,548398.94,-1.79566e-21,0.0,70.35481,0.6490208,0.6490208,1.0,144.94867,548404.2,403.47324,1.60746,55.233994,55.184006,0.7211367,0.9,1.0,565.77765,1.0,68.67824,69.48007,70.240005,71.39526,73.45465
2018-04-10 11:06:00,0.3058491,0.3071487,56.104607,357730.44,1.0,1.0,56.104992,548443.56,-4.751937e-22,0.0,70.3324,0.64903766,0.64903766,1.0,144.94261,548448.25,403.47308,1.60746,55.23147,55.184006,0.7211553,0.9,1.0,565.7992,1.0,68.648636,69.46475,70.22451,71.36407,73.467125
2018-04-10 11:07:00,0.30837953,0.3096333,56.13762,357730.44,1.0,1.0,56.17102,548484.5,-1.2076383e-21,0.0,70.31004,0.6490537,0.6490537,1.0,144.93774,548488.8,403.47296,1.60746,55.229546,55.184006,0.721173,0.9,1.0,565.8209,1.0,68.62781,69.44992,70.20935,71.333084,73.47926
2018-04-10 11:08:00,0.31082684,0.31204438,56.170635,357730.44,1.0,1.0,56.204033,548522.1,3.051481e-21,0.0,70.28845,0.64906895,0.64906895,1.0,144.93388,548526.06,403.47284,1.60746,55.22801,55.184006,0.72118986,0.9,1.0,565.8425,1.0,68.605515,69.43558,70.19452,71.30243,73.49097
2018-04-10 11:09:00,0.3132078,0.31439528,56.203594,357730.44,1.0,1.0,56.204033,548556.7,5.059596e-21,0.0,70.26758,0.64908344,0.64908344,1.0,144.93092,548560.2,403.47275,1.60746,55.2268,55.184006,0.7212059,0.9,1.0,565.8641,1.0,68.58794,69.42174,70.1799,71.272,73.502335
2018-04-10 11:10:00,0.31553409,0.31669664,56.23661,357730.44,1.0,1.0,56.23699,548588.4,-5.857623e-21,0.0,70.247696,0.64909726,0.64909726,1.0,144.92876,548591.5,403.4727,1.60746,55.225754,55.184006,0.7212211,0.9,1.0,565.8853,1.0,68.57068,69.40834,70.16562,71.2419,73.51338
2018-04-10 11:11:00,0.31781435,0.3189561,56.269623,357730.44,1.0,1.0,56.270004,548617.3,-5.7325927e-21,0.0,70.22885,0.64911026,0.64911026,1.0,144.92726,548620.1,403.47256,1.60746,55.22493,55.184006,0.72123545,0.9,1.0,565.9061,1.0,68.55635,69.39543,70.15167,71.21213,73.52403
2018-04-10 11:12:00,0.32005587,0.32117704,56.30258,357730.44,1.0,1.0,56.30302,548643.8,-1.2368051e-21,0.0,70.211105,0.6491226,0.6491226,1.0,144.92635,548646.4,403.4725,1.60746,55.224163,55.184006,0.72124904,0.9,1.0,565.9266,1.0,68.543,69.38301,70.13799,71.18263,73.53442
2018-04-10 11:13:00,0.32226294,0.32336718,56.335594,357730.44,1.0,1.0,56.336037,548668.06,-1.1934019000000001e-21,0.0,70.19441,0.6491343,0.6491343,1.0,144.92596,548670.3,403.47244,1.60746,55.223557,55.184006,0.7212619,0.9,1.0,565.9464,1.0,68.53157,69.37103,70.12465,71.15346,73.54442
2018-04-10 11:14:00,0.3244391,0.32553083,56.368607,357730.44,1.0,1.0,56.368996,548690.2,-1.1709458e-21,0.0,70.17886,0.64914525,0.64914525,1.0,144.926,548692.2,403.4724,1.60746,55.223007,55.184006,0.721274,0.9,1.0,565.9657,1.0,68.52124,69.35956,70.11157,71.124565,73.55419
2018-04-10 11:15:00,0.32658774,0.3276665,56.401623,357730.44,1.0,1.0,56.402008,548710.3,-6.2160115e-21,0.0,70.16436,0.6491556,0.6491556,1.0,144.92639,548712.2,403.47238,1.60746,55.222515,55.184006,0.72128546,0.9,1.0,565.9843,1.0,68.512405,69.34857,70.09883,71.09595,73.563644
2018-04-10 11:16:00,0.3287109,0.32977492,56.43458,357730.44,1.0,1.0,56.468033,548728.7,-2.4724356e-21,0.0,70.15085,0.64916533,0.64916533,1.0,144.92714,548730.4,403.47232,1.60746,55.222023,55.184006,0.7212962,0.9,1.0,566.00226,1.0,68.504486,69.33807,70.08636,71.06771,73.572754
2018-04-10 11:17:00,0.33080974,0.33186325,56.467598,357730.44,1.0,1.0,56.468033,548745.44,-3.0822062e-21,0.0,70.13838,0.64917445,0.64917445,1.0,144.9281,548746.94,403.47232,1.60746,55.221634,55.184006,0.72130626,0.9,1.0,566.01953,1.0,68.497734,69.328026,70.07422,71.03975,73.58166
2018-04-10 11:18:00,0.33288547,0.3339274,56.50061,357730.44,1.0,1.0,56.50099,548760.6,1.1733662e-21,0.0,70.126785,0.64918303,0.64918303,1.0,144.9293,548761.94,403.4723,1.60746,55.2212,55.184006,0.7213157,0.9,1.0,566.0361,1.0,68.49185,69.31841,70.06235,71.01207,73.590225
2018-04-10 11:19:00,0.33494014,0.3359716,56.533623,357730.44,1.0,1.0,56.534008,548774.44,1.396613e-22,0.0,70.116135,0.6491911,0.6491911,1.0,144.93068,548775.6,403.47226,1.60746,55.22081,55.184006,0.72132456,0.9,1.0,566.0519,1.0,68.48686,69.309296,70.050766,70.98471,73.598526
2018-04-10 11:20:00,0.336974,0.33799484,56.566635,357730.44,1.0,1.0,56.567024,548787.0,2.81805e-22,0.0,70.10625,0.6491986,0.6491986,1.0,144.93219,548788.0,403.47226,1.60746,55.22043,55.184006,0.7213328,0.9,1.0,566.067,1.0,68.482574,69.30056,70.039505,70.95769,73.6066
2018-04-10 11:21:00,0.33898765,0.33999854,56.599594,357730.44,1.0,1.0,56.600037,548798.3,6.5698865e-21,0.0,70.09718,0.6492056,0.6492056,1.0,144.9338,548799.2,403.47223,1.60746,55.2201,55.184006,0.72134054,0.9,1.0,566.0815,1.0,68.47906,69.29232,70.02852,70.93088,73.614395
2018-04-10 11:22:00,0.34098175,0.34198278,56.63261,357730.44,1.0,1.0,56.632996,548808.6,-3.6962178e-21,0.0,70.08883,0.6492122,0.6492122,1.0,144.9355,548809.4,403.47223,1.60746,55.21971,55.184006,0.7213478,0.9,1.0,566.09515,1.0,68.4762,69.284515,70.01781,70.90445,73.62198
2018-04-10 11:23:00,0.34295738,0.34394783,56.665627,357730.44,1.0,1.0,56.666008,548817.8,-5.6212274e-22,0.0,70.08114,0.6492183,0.6492183,1.0,144.93727,548818.56,403.47223,1.60746,55.219383,55.184006,0.72135454,0.9,1.0,566.10815,1.0,68.47389,69.2771,70.00737,70.87825,73.62929
2018-04-10 11:24:00,0.34491432,0.3458952,56.698586,357730.44,1.0,1.0,56.732037,548826.25,1.18753555e-20,0.0,70.07411,0.649224,0.649224,1.0,144.93906,548826.8,403.47223,1.60746,55.219055,55.184006,0.7213608,0.9,1.0,566.1205,1.0,68.47214,69.27013,69.99721,70.852325,73.636314
2018-04-10 11:25:00,0.34685242,0.34782487,56.731598,357730.44,1.0,1.0,56.732037,548833.75,2.7656353000000003e-22,0.0,70.06768,0.6492293,0.6492293,1.0,144.94087,548834.25,403.47223,1.60746,55.218727,55.184006,0.72136664,0.9,1.0,566.1321,1.0,68.47082,69.263596,69.987366,70.82672,73.64313
2018-04-10 11:26:00,0.34877405,0.3497373,56.76461,357730.44,1.0,1.0,56.764996,548840.5,4.8881204000000005e-21,0.0,70.06175,0.64923424,0.64923424,1.0,144.94269,548840.94,403.47223,1.60746,55.218395,55.184006,0.72137207,0.9,1.0,566.14307,1.0,68.46994,69.257385,69.97775,70.801346,73.64977
2018-04-10 11:27:00,0.35067824,0.35163313,56.79757,357730.44,1.0,1.0,56.79801,548846.56,5.7359386000000006e-21,0.0,70.056366,0.6492388,0.6492388,1.0,144.94449,548846.94,403.47223,1.60746,55.218063,55.184006,0.7213771,0.9,1.0,566.15344,1.0,68.4695,69.25162,69.968414,70.776245,73.65609
2018-04-10 11:28:00,0.35256556,0.35351208,56.83058,357730.44,1.0,1.0,56.831024,548852.06,9.6163236e-21,0.0,70.05142,0.64924306,0.64924306,1.0,144.94629,548852.4,403.47223,1.60746,55.21779,55.184006,0.7213818,0.9,1.0,566.1632,1.0,68.469444,69.24623,69.959305,70.75142,73.66225
2018-04-10 11:29:00,0.35443625,0.3553748,56.863598,357730.44,1.0,1.0,56.864037,548856.94,-1.0398399e-20,0.0,70.04697,0.649247,0.649247,1.0,144.94804,548857.2,403.47223,1.60746,55.217514,55.184006,0.72138613,0.9,1.0,566.1724,1.0,68.46972,69.241234,69.950516,70.72686,73.668175
2018-04-10 11:30:00,0.35629153,0.35721916,56.896614,357730.44,1.0,1.0,56.896996,548861.25,-2.0089743e-21,0.0,70.04285,0.6492506,0.6492506,1.0,144.94975,548861.44,403.47223,1.60746,55.217186,55.184006,0.7213901,0.9,1.0,566.181,1.0,68.47027,69.236565,69.94194,70.70253,73.67389
2018-04-10 11:31:00,0.35813043,0.35905024,56.929626,357730.44,1.0,1.0,56.963024,548865.06,1.0042488000000001e-21,0.0,70.03917,0.649254,0.649254,1.0,144.95143,548865.3,403.47226,1.60746,55.21691,55.184006,0.7213938,0.9,1.0,566.1891,1.0,68.471146,69.232285,69.93359,70.678406,73.67938
2018-04-10 11:32:00,0.35995337,0.36086747,56.962585,357730.44,1.0,1.0,56.995983,548868.5,-2.6001587e-22,0.0,70.03582,0.6492571,0.6492571,1.0,144.95305,548868.7,403.47226,1.60746,55.216637,55.184006,0.7213972,0.9,1.0,566.19666,1.0,68.472244,69.22838,69.92546,70.65457,73.68477
2018-04-10 11:33:00,0.36176243,0.36266884,56.995598,357730.44,1.0,1.0,56.995983,548871.56,1.0181407500000001e-20,0.0,70.03285,0.64926,0.64926,1.0,144.95464,548871.75,403.47226,1.60746,55.216362,55.184006,0.7214004,0.9,1.0,566.20374,1.0,68.47362,69.224754,69.9176,70.63089,73.68999
2018-04-10 11:34:00,0.3635565,0.36445525,57.02861,357730.44,1.0,1.0,57.029,548874.25,1.3178032e-20,0.0,70.030106,0.64926267,0.64926267,1.0,144.95615,548874.4,403.47226,1.60746,55.216087,55.184006,0.7214033,0.9,1.0,566.2103,1.0,68.47516,69.22146,69.90991,70.60744,73.69509
2018-04-10 11:35:00,0.36533582,0.36622718,57.06157,357730.44,1.0,1.0,57.06201,548876.6,-4.3356074e-21,0.0,70.027695,0.6492651,0.6492651,1.0,144.9576,548876.7,403.47226,1.60746,55.215813,55.184006,0.721406,0.9,1.0,566.21655,1.0,68.476974,69.21849,69.9025,70.5842,73.700035
2018-04-10 11:36:00,0.36710086,0.367985,57.094585,357730.44,1.0,1.0,57.095024,548878.7,-3.398801e-21,0.0,70.02554,0.6492674,0.6492674,1.0,144.959,548878.75,403.4723,1.60746,55.21559,55.184006,0.7214085,0.9,1.0,566.2223,1.0,68.47894,69.21585,69.89525,70.56119,73.704926
2018-04-10 11:37:00,0.36885196,0.36972898,57.1276,357730.44,1.0,1.0,57.127983,548880.5,-1.1831549e-20,0.0,70.02368,0.6492694,0.6492694,1.0,144.96036,548880.56,403.4723,1.60746,55.215317,55.184006,0.72141075,0.9,1.0,566.22766,1.0,68.481094,69.21349,69.88817,70.53833,73.70965
2018-04-10 11:38:00,0.37058935,0.3714594,57.160614,357730.44,1.0,1.0,57.160995,548882.1,-6.941673e-21,0.0,70.02197,0.6492713,0.6492713,1.0,144.96161,548882.1,403.4723,1.60746,55.2151,55.184006,0.72141284,0.9,1.0,566.2326,1.0,68.48334,69.21141,69.8813,70.51565,73.714264
2018-04-10 11:39:00,0.3723133,0.3731765,57.193573,357730.44,1.0,1.0,57.227028,548883.5,2.8110538000000002e-21,0.0,70.02055,0.64927304,0.64927304,1.0,144.96283,548883.5,403.4723,1.60746,55.214825,55.184006,0.72141474,0.9,1.0,566.23724,1.0,68.48581,69.20965,69.87465,70.49318,73.71871
2018-04-10 11:40:00,0.37402403,0.37488046,57.226585,357730.44,1.0,1.0,57.259987,548884.6,-1.0522303e-20,0.0,70.01929,0.64927465,0.64927465,1.0,144.96399,548884.6,403.47232,1.60746,55.214607,55.184006,0.7214165,0.9,1.0,566.2415,1.0,68.488396,69.20816,69.868164,70.47088,73.72311
2018-04-10 11:41:00,0.37572184,0.37657166,57.259598,357730.44,1.0,1.0,57.259987,548885.6,4.0906517e-21,0.0,70.01824,0.6492761,0.6492761,1.0,144.9651,548885.6,403.47232,1.60746,55.214386,55.184006,0.7214181,0.9,1.0,566.24554,1.0,68.49114,69.2069,69.86191,70.448746,73.72739
2018-04-10 11:42:00,0.3774062,0.3782507,57.292557,357730.44,1.0,1.0,57.293,548886.56,-5.7014183000000006e-21,0.0,70.017365,0.6492774,0.6492774,1.0,144.96613,548886.5,403.47232,1.60746,55.214165,55.184006,0.7214195,0.9,1.0,566.2492,1.0,68.49394,69.20596,69.855804,70.42677,73.73151
2018-04-10 11:43:00,0.3790787,0.37991676,57.325573,357730.44,1.0,1.0,57.32601,548887.25,1.6169279e-20,0.0,70.01671,0.64927864,0.64927864,1.0,144.96713,548887.2,403.47232,1.60746,55.213943,55.184006,0.7214209,0.9,1.0,566.25256,1.0,68.49691,69.20525,69.84988,70.40496,73.73558
2018-04-10 11:44:00,0.3807398,0.38157055,57.35859,357730.44,1.0,1.0,57.359024,548887.9,7.5059815e-21,0.0,70.01616,0.6492797,0.6492797,1.0,144.96805,548887.8,403.47232,1.60746,55.21367,55.184006,0.7214221,0.9,1.0,566.2558,1.0,68.49993,69.20482,69.84411,70.383316,73.73953
2018-04-10 11:45:00,0.38238838,0.38321263,57.3916,357730.44,1.0,1.0,57.391983,548888.4,5.016992300000001e-22,0.0,70.01577,0.6492807,0.6492807,1.0,144.96893,548888.3,403.47235,1.60746,55.21345,55.184006,0.7214232,0.9,1.0,566.25867,1.0,68.50307,69.20459,69.8385,70.36184,73.74338
2018-04-10 11:46:00,0.3840245,0.38484305,57.424614,357730.44,1.0,1.0,57.425,548888.75,5.734050400000001e-22,0.0,70.01555,0.6492817,0.6492817,1.0,144.96976,548888.7,403.47235,1.60746,55.213287,55.184006,0.72142416,0.9,1.0,566.26135,1.0,68.5063,69.20465,69.83312,70.34053,73.747116
2018-04-10 11:47:00,0.38564938,0.38646218,57.457573,357730.44,1.0,1.0,57.458015,548889.06,1.5126932e-21,0.0,70.01544,0.6492825,0.6492825,1.0,144.97054,548889.0,403.47235,1.60746,55.213066,55.184006,0.7214251,0.9,1.0,566.26385,1.0,68.50966,69.204865,69.82785,70.31938,73.75073
2018-04-10 11:48:00,0.38726297,0.38807005,57.490585,357730.44,1.0,1.0,57.523987,548889.3,2.2679872e-22,0.0,70.015495,0.64928323,0.64928323,1.0,144.97125,548889.25,403.47235,1.60746,55.212845,55.184006,0.72142595,0.9,1.0,566.2661,1.0,68.51306,69.20537,69.82274,70.29834,73.75426
2018-04-10 11:49:00,0.38886628,0.3896655,57.5236,357730.44,1.0,1.0,57.523987,548889.44,-6.349293e-22,0.0,70.015656,0.64928395,0.64928395,1.0,144.97194,548889.44,403.47235,1.60746,55.212627,55.184006,0.72142667,0.9,1.0,566.2681,1.0,68.516525,69.20608,69.817856,70.27752,73.75771
2018-04-10 11:50:00,0.39045766,0.39125147,57.556618,357730.44,1.0,1.0,57.557,548889.6,7.755246e-22,0.0,70.01593,0.64928454,0.64928454,1.0,144.97258,548889.56,403.47238,1.60746,55.21241,55.184006,0.7214274,0.9,1.0,566.2701,1.0,68.520035,69.207016,69.81307,70.25687,73.76106
2018-04-10 11:51:00,0.39203778,0.39282814,57.589577,357730.44,1.0,1.0,57.59001,548889.7,2.688223e-21,0.0,70.01632,0.6492851,0.6492851,1.0,144.97318,548889.6,403.47238,1.60746,55.212242,55.184006,0.721428,0.9,1.0,566.27185,1.0,68.52367,69.208115,69.8084,70.23632,73.764305
2018-04-10 11:52:00,0.39360812,0.394393,57.62259,357730.44,1.0,1.0,57.623028,548889.75,4.66283e-22,0.0,70.016815,0.6492856,0.6492856,1.0,144.97374,548889.7,403.47238,1.60746,55.21208,55.184006,0.7214285,0.9,1.0,566.27344,1.0,68.52734,69.20943,69.803955,70.215996,73.76744
2018-04-10 11:53:00,0.39516866,0.39594635,57.6556,357730.44,1.0,1.0,57.655987,548889.75,5.2775599999999995e-21,0.0,70.017365,0.64928603,0.64928603,1.0,144.97427,548889.7,403.47238,1.60746,55.21186,55.184006,0.721429,0.9,1.0,566.27496,1.0,68.53108,69.21097,69.799614,70.19589,73.77051
2018-04-10 11:54:00,0.39671782,0.39749214,57.68856,357730.44,1.0,1.0,57.689003,548889.7,5.8885140000000005e-22,0.0,70.01808,0.64928645,0.64928645,1.0,144.97476,548889.6,403.47238,1.60746,55.211693,55.184006,0.72142947,0.9,1.0,566.2763,1.0,68.53487,69.21267,69.79544,70.17595,73.77348
2018-04-10 11:55:00,0.39825794,0.39902782,57.721573,357730.44,1.0,1.0,57.755028,548889.6,-1.4750638e-21,0.0,70.018845,0.6492868,0.6492868,1.0,144.9752,548889.56,403.47238,1.60746,55.21153,55.184006,0.7214299,0.9,1.0,566.2775,1.0,68.53866,69.21459,69.791374,70.15617,73.77639
2018-04-10 11:56:00,0.3997883,0.40055305,57.75459,357730.44,1.0,1.0,57.787987,548889.56,-2.2005965e-21,0.0,70.01973,0.64928716,0.64928716,1.0,144.97563,548889.5,403.47238,1.60746,55.211365,55.184006,0.72143024,0.9,1.0,566.2786,1.0,68.54256,69.216736,69.787476,70.13667,73.77919
2018-04-10 11:57:00,0.4013088,0.40206867,57.787605,357730.44,1.0,1.0,57.787987,548889.44,-1.0506337e-20,0.0,70.02071,0.64928746,0.64928746,1.0,144.97603,548889.44,403.4724,1.60746,55.211197,55.184006,0.72143054,0.9,1.0,566.27966,1.0,68.54646,69.2191,69.78368,70.11739,73.78188
2018-04-10 11:58:00,0.40281984,0.40357488,57.820564,357730.44,1.0,1.0,57.821,548889.4,1.5954203e-21,0.0,70.02176,0.6492877,0.6492877,1.0,144.97638,548889.3,403.4724,1.60746,55.21098,55.184006,0.72143084,0.9,1.0,566.2806,1.0,68.55047,69.22173,69.78,70.09833,73.78447
2018-04-10 11:59:00,0.40432155,0.40507188,57.853577,357730.44,1.0,1.0,57.854015,548889.2,1.0296145e-20,0.0,70.02291,0.64928794,0.64928794,1.0,144.97672,548889.2,403.4724,1.60746,55.210815,55.184006,0.7214311,0.9,1.0,566.2814,1.0,68.554474,69.22453,69.77649,70.079544,73.78705
2018-04-10 12:00:00,0.40581408,0.40655977,57.88659,357730.44,1.0,1.0,57.88703,548889.06,5.48301e-22,0.0,70.02417,0.6492881,0.6492881,1.0,144.97702,548889.0,403.4724,1.60746,55.210648,55.184006,0.7214313,0.9,1.0,566.28217,1.0,68.55855,69.227615,69.77313,70.06093,73.78946
2018-04-10 12:01:00,0.4072981,0.40803862,57.919548,357730.44,1.0,1.0,57.91999,548888.94,-2.4955074e-21,0.0,70.0255,0.6492883,0.6492883,1.0,144.97733,548888.94,403.4724,1.60746,55.210487,55.184006,0.7214315,0.9,1.0,566.2829,1.0,68.56267,69.23091,69.76984,70.04253,73.791824
2018-04-10 12:02:00,0.40897804,0.40992752,57.970306,357730.44,1.0,1.0,57.97102,548888.8,-2.0891826e-21,0.0,70.02911,0.6492885,0.6492885,1.0,144.97758,548888.75,403.4724,1.60746,55.215263,55.184006,0.7214317,0.9,1.0,566.2835,1.0,68.615234,69.23837,69.77275,70.02829,73.79985
2018-04-10 12:03:00,0.41093642,0.41195,58.021225,357730.44,1.0,1.0,58.021996,548888.6,-9.920368e-21,0.0,70.03708,0.6492886,0.6492886,1.0,144.97783,548888.56,403.4724,1.60746,55.218395,55.184006,0.7214318,0.9,1.0,566.2841,1.0,68.63045,69.24585,69.77533,70.01412,73.80737
2018-04-10 12:04:00,0.41299152,0.41403732,58.072258,357730.44,1.0,1.0,58.124004,548888.44,-2.9584234e-21,0.0,70.04681,0.6492887,0.6492887,1.0,144.97806,548888.44,403.4724,1.60746,55.22026,55.184006,0.721432,0.9,1.0,566.2846,1.0,68.66555,69.25348,69.77797,70.000114,73.81473
2018-04-10 12:05:00,0.41509852,0.41616273,58.123238,357730.44,1.0,1.0,58.124004,548888.4,-1.1700486e-21,0.0,70.05846,0.64928883,0.64928883,1.0,144.97826,548888.3,403.4724,1.60746,55.22136,55.184006,0.7214321,0.9,1.0,566.28503,1.0,68.68395,69.261284,69.78066,69.98633,73.82193
2018-04-10 12:06:00,0.41723344,0.41830593,58.174267,357730.44,1.0,1.0,58.175034,548888.2,-1.1243046e-20,0.0,70.070755,0.64928895,0.64928895,1.0,144.97845,548888.1,403.4724,1.60746,55.22191,55.184006,0.72143215,0.9,1.0,566.28546,1.0,68.70982,69.26925,69.783356,69.97276,73.828964
2018-04-10 12:07:00,0.41937965,0.42045414,58.225243,357730.44,1.0,1.0,58.226013,548888.0,4.652504e-21,0.0,70.08377,0.649289,0.649289,1.0,144.97864,548888.0,403.4724,1.60746,55.222183,55.184006,0.72143227,0.9,1.0,566.28577,1.0,68.727844,69.27733,69.7861,69.95935,73.83588
2018-04-10 12:08:00,0.4215266,0.42259857,58.276276,357730.44,1.0,1.0,58.27699,548887.94,5.713846e-21,0.0,70.09685,0.6492891,0.6492891,1.0,144.97879,548887.9,403.4724,1.60746,55.22224,55.184006,0.7214323,0.9,1.0,566.28613,1.0,68.74817,69.28557,69.7889,69.94612,73.842636
2018-04-10 12:09:00,0.4236679,0.42473543,58.32725,357730.44,1.0,1.0,58.32802,548887.75,-2.5558043e-21,0.0,70.109924,0.64928913,0.64928913,1.0,144.97894,548887.7,403.4724,1.60746,55.222183,55.184006,0.7214324,0.9,1.0,566.2864,1.0,68.76454,69.293915,69.7917,69.9331,73.84923
2018-04-10 12:10:00,0.42579922,0.4268603,58.37828,357730.44,1.0,1.0,58.378998,548887.56,-4.8872052e-21,0.0,70.12273,0.6492892,0.6492892,1.0,144.97906,548887.56,403.4724,1.60746,55.222023,55.184006,0.72143245,0.9,1.0,566.28674,1.0,68.781296,69.30237,69.79451,69.92024,73.85565
2018-04-10 12:11:00,0.4279177,0.42897177,58.42926,357730.44,1.0,1.0,58.43003,548887.5,4.0506207e-21,0.0,70.13519,0.64928925,0.64928925,1.0,144.97919,548887.44,403.47244,1.60746,55.2218,55.184006,0.7214325,0.9,1.0,566.2869,1.0,68.79585,69.31094,69.79736,69.907555,73.86197
2018-04-10 12:12:00,0.43002182,0.43106833,58.480293,357730.44,1.0,1.0,58.532036,548887.3,1.8272903e-20,0.0,70.14728,0.64928925,0.64928925,1.0,144.97932,548887.3,403.47244,1.60746,55.221527,55.184006,0.7214325,0.9,1.0,566.2872,1.0,68.81002,69.319565,69.80022,69.895035,73.868126
2018-04-10 12:13:00,0.4321108,0.43314937,58.531265,357730.44,1.0,1.0,58.532036,548887.2,-1.7682519999999998e-20,0.0,70.15881,0.6492893,0.6492893,1.0,144.97942,548887.2,403.47244,1.60746,55.221252,55.184006,0.72143257,0.9,1.0,566.2873,1.0,68.822876,69.3283,69.80307,69.88272,73.874115
2018-04-10 12:14:00,0.43418366,0.4352139,58.582245,357730.44,1.0,1.0,58.583015,548887.06,4.712911e-21,0.0,70.16991,0.6492893,0.6492893,1.0,144.9795,548887.0,403.47244,1.60746,55.220978,55.184006,0.72143257,0.9,1.0,566.2875,1.0,68.83513,69.337036,69.805984,69.87053,73.87994
2018-04-10 12:15:00,0.43624076,0.43726292,58.633278,357730.44,1.0,1.0,58.633987,548887.0,2.7817391000000002e-21,0.0,70.18051,0.6492893,0.6492893,1.0,144.9796,548886.94,403.47244,1.60746,55.220703,55.184006,0.72143257,0.9,1.0,566.2876,1.0,68.846436,69.34593,69.80907,69.858665,73.88521
2018-04-10 12:16:00,0.43828213,0.43929607,58.68425,357730.44,1.0,1.0,58.68502,548886.9,-1.3360299000000001e-21,0.0,70.19061,0.6492893,0.6492893,1.0,144.97968,548886.8,403.47244,1.60746,55.22043,55.184006,0.7214326,0.9,1.0,566.2877,1.0,68.85726,69.35489,69.812195,69.847015,73.89021
2018-04-10 12:17:00,0.44030762,0.44131342,58.735283,357730.44,1.0,1.0,58.736,548886.75,-1.197822e-21,0.0,70.20029,0.64928937,0.64928937,1.0,144.97974,548886.7,403.47244,1.60746,55.220154,55.184006,0.7214326,0.9,1.0,566.28784,1.0,68.86731,69.36389,69.815384,69.83548,73.895096
2018-04-10 12:18:00,0.44231743,0.44331512,58.786263,357730.44,1.0,1.0,58.78703,548886.6,-3.476991e-22,0.0,70.20946,0.64928937,0.64928937,1.0,144.9798,548886.6,403.47244,1.60746,55.219826,55.184006,0.7214326,0.9,1.0,566.2879,1.0,68.87692,69.372955,69.81851,69.82417,73.899826
2018-04-10 12:19:00,0.44431165,0.44530144,58.837234,357730.44,1.0,1.0,58.838005,548886.56,-2.6758542e-21,0.0,70.21819,0.64928937,0.64928937,1.0,144.97987,548886.56,403.47244,1.60746,55.21955,55.184006,0.7214326,0.9,1.0,566.288,1.0,68.88599,69.38197,69.8217,69.81296,73.904434
2018-04-10 12:20:00,0.44629133,0.4472731,58.888268,357730.44,1.0,1.0,58.940014,548886.44,5.567224e-21,0.0,70.22655,0.64928937,0.64928937,1.0,144.97992,548886.44,403.47244,1.60746,55.219276,55.184006,0.7214326,0.9,1.0,566.2881,1.0,68.894615,69.39104,69.82483,69.801926,73.90889
2018-04-10 12:21:00,0.4484055,0.44978854,58.938858,357730.44,1.0,1.0,58.940014,551217.6,2.4537517000000004e-22,0.0,70.23534,0.65106434,0.65106434,1.0,145.70348,551646.6,403.46375,1.60746,55.22691,55.184006,0.7236888,0.9,1.0,569.96136,1.0,68.90346,69.401634,69.830536,69.7911,73.91745
2018-04-10 12:22:00,0.45127675,0.4527271,58.99,357730.44,1.0,1.0,58.99099,553700.0,7.435292500000001e-22,0.0,70.24511,0.65268916,0.65268916,1.0,146.14807,553973.6,403.45798,1.60746,55.232735,55.184006,0.7254194,0.9,1.0,573.5038,1.0,68.911804,69.41278,69.83685,69.7705,73.92674
2018-04-10 12:23:00,0.45413643,0.4555642,59.04103,357730.44,1.0,1.0,59.042023,555763.9,8.66433e-21,0.0,70.25395,0.6541341,0.6541341,1.0,146.6258,556011.8,403.45325,1.60746,55.233994,55.184006,0.727019,0.9,1.0,576.6789,1.0,68.91972,69.42361,69.84268,69.74281,73.9353
2018-04-10 12:24:00,0.45698047,0.45840502,59.092117,357730.44,1.0,1.0,59.093,557717.5,2.1466326e-22,0.0,70.26186,0.6555386,0.6555386,1.0,147.119,557947.3,403.44913,1.60746,55.234436,55.184006,0.7285731,0.9,1.0,579.807,1.0,68.92752,69.43432,69.84845,69.70941,73.94382
2018-04-10 12:25:00,0.4598098,0.46121687,59.14315,357730.44,1.0,1.0,59.144028,559556.75,9.104538e-22,0.0,70.269005,0.6568915,0.6568915,1.0,147.61758,559767.44,403.44565,1.60746,55.23427,55.184006,0.730068,0.9,1.0,582.8615,1.0,68.93499,69.44498,69.85416,69.671074,73.95217
2018-04-10 12:26:00,0.46259916,0.46397877,59.194183,357730.44,1.0,1.0,59.195007,561271.25,-2.0915753e-20,0.0,70.27548,0.65818256,0.65818256,1.0,148.11655,561462.3,403.44275,1.60746,55.233612,55.184006,0.7314931,0.9,1.0,585.8168,1.0,68.94235,69.45558,69.85971,69.62839,73.9603
2018-04-10 12:27:00,0.4653324,0.46667922,59.24516,357730.44,1.0,1.0,59.245983,562855.6,1.0940245e-20,0.0,70.28125,0.6594049,0.6594049,1.0,148.61183,563027.1,403.44043,1.60746,55.23262,55.184006,0.7328411,0.9,1.0,588.65375,1.0,68.94949,69.46602,69.8651,69.582085,73.968155
2018-04-10 12:28:00,0.4680002,0.46931076,59.29619,357730.44,1.0,1.0,59.347992,564308.5,1.1602226999999999e-20,0.0,70.28642,0.6605545,0.6605545,1.0,149.1001,564461.0,403.4386,1.60746,55.23147,55.184006,0.734108,0.9,1.0,591.3598,1.0,68.95647,69.47629,69.87036,69.53259,73.97563
2018-04-10 12:29:00,0.4705973,0.47186995,59.34722,357730.44,1.0,1.0,59.347992,565631.7,7.074008e-21,0.0,70.29103,0.6616298,0.6616298,1.0,149.57866,565766.0,403.43732,1.60746,55.230263,55.184006,0.735292,0.9,1.0,593.9266,1.0,68.96333,69.48645,69.87542,69.48062,73.98277
2018-04-10 12:30:00,0.47312146,0.47435585,59.398254,357730.44,1.0,1.0,59.399025,566829.4,-1.864991e-20,0.0,70.295044,0.6626307,0.6626307,1.0,150.04536,566946.5,403.43643,1.60746,55.228943,55.184006,0.7363936,0.9,1.0,596.3503,1.0,68.97009,69.496445,69.88025,69.42663,73.98947
2018-04-10 12:31:00,0.47557265,0.47676942,59.449287,357730.44,1.0,1.0,59.449997,567907.3,3.4843025e-20,0.0,70.29855,0.66355854,0.66355854,1.0,150.49854,568008.56,403.43597,1.60746,55.227623,55.184006,0.7374143,0.9,1.0,598.62976,1.0,68.97679,69.50628,69.88498,69.37109,73.99579
2018-04-10 12:32:00,0.47795242,0.4791127,59.500317,357730.44,1.0,1.0,59.50103,568872.44,1.1577715e-20,0.0,70.30169,0.6644158,0.6644158,1.0,150.9369,568959.1,403.43585,1.60746,55.22636,55.184006,0.7383569,0.9,1.0,600.76654,1.0,68.983444,69.51601,69.88948,69.31441,74.00161
2018-04-10 12:33:00,0.48026335,0.48138875,59.551292,357730.44,1.0,1.0,59.55201,569732.25,-1.0014804000000001e-21,0.0,70.30438,0.66520536,0.66520536,1.0,151.35951,569805.7,403.436,1.60746,55.225098,55.184006,0.73922485,0.9,1.0,602.76385,1.0,68.989975,69.52556,69.893875,69.257,74.00694
2018-04-10 12:34:00,0.4825087,0.48360097,59.602325,357730.44,1.0,1.0,59.60298,570494.5,2.4622936e-20,0.0,70.30675,0.66593075,0.66593075,1.0,151.7657,570556.0,403.43643,1.60746,55.223946,55.184006,0.74002194,0.9,1.0,604.62604,1.0,68.99657,69.535065,69.898056,69.19905,74.011826
2018-04-10 12:35:00,0.48469198,0.48575324,59.65336,357730.44,1.0,1.0,59.704994,571167.1,2.4526499e-21,0.0,70.30883,0.66659564,0.66659564,1.0,152.15503,571217.9,403.43707,1.60746,55.22279,55.184006,0.74075234,0.9,1.0,606.3586,1.0,69.00305,69.5444,69.902176,69.14098,74.01622
2018-04-10 12:36:00,0.486817,0.48784947,59.70433,357730.44,1.0,1.0,59.704994,571757.75,-1.5417146e-20,0.0,70.31064,0.66720384,0.66720384,1.0,152.52725,571798.94,403.4379,1.60746,55.22175,55.184006,0.74142027,0.9,1.0,607.9673,1.0,69.00958,69.553635,69.90613,69.08298,74.02023
2018-04-10 12:37:00,0.4888878,0.4898933,59.755363,357730.44,1.0,1.0,59.756023,572273.8,-8.379595e-21,0.0,70.31229,0.66775906,0.66775906,1.0,152.88232,572306.5,403.43884,1.60746,55.220757,55.184006,0.74202996,0.9,1.0,609.4584,1.0,69.01613,69.562744,69.90997,69.02524,74.02374
2018-04-10 12:38:00,0.49090835,0.4918891,59.806343,357730.44,1.0,1.0,59.807,572722.3,-9.1927425e-21,0.0,70.313774,0.6682651,0.6682651,1.0,153.22028,572747.6,403.43994,1.60746,55.21988,55.184006,0.7425855,0.9,1.0,610.8383,1.0,69.02266,69.57181,69.91376,68.96795,74.02688
2018-04-10 12:39:00,0.4928818,0.49383938,59.857315,357730.44,1.0,1.0,59.858032,573109.8,-1.1946998e-20,0.0,70.315094,0.66872555,0.66872555,1.0,153.54128,573128.7,403.4411,1.60746,55.219,55.184006,0.74309087,0.9,1.0,612.11346,1.0,69.0292,69.580826,69.91744,68.911255,74.02957
2018-04-10 12:40:00,0.49481183,0.49574813,59.908348,357730.44,1.0,1.0,59.909008,573442.56,3.789453e-21,0.0,70.31636,0.66914386,0.66914386,1.0,153.84558,573455.9,403.44232,1.60746,55.21823,55.184006,0.7435499,0.9,1.0,613.2901,1.0,69.035736,69.58972,69.92107,68.855286,74.03194
2018-04-10 12:41:00,0.49670193,0.49761853,59.95938,357730.44,1.0,1.0,59.959984,573726.3,1.0946284e-20,0.0,70.317505,0.66952336,0.66952336,1.0,154.13356,573734.75,403.4436,1.60746,55.217514,55.184006,0.7439662,0.9,1.0,614.3744,1.0,69.04227,69.59862,69.92464,68.80008,74.033905
2018-04-10 12:42:00,0.4985548,0.4994531,60.010414,357730.44,1.0,1.0,60.011017,573966.25,5.6144896e-21,0.0,70.3186,0.66986704,0.66986704,1.0,154.40558,573970.56,403.4449,1.60746,55.216858,55.184006,0.7443432,0.9,1.0,615.3724,1.0,69.04886,69.60741,69.928154,68.745804,74.03551
2018-04-10 12:43:00,0.53289205,0.6265612,69.21981,357730.44,0.1,0.1,60.11302,604649.75,0.8101855,0.9,70.301575,0.65488935,0.65488935,1.0,115.315,594448.3,403.51376,1.60746,56.994446,55.184006,0.7276852,0.9,1.0,543.6767,1.0,69.0476,69.60675,69.92673,68.69351,74.037865
2018-04-10 12:44:00,0.65978503,0.66502714,70.09273,357730.44,0.1,0.1,60.164,604336.5,0.8967104,0.9,70.20485,0.6584709,0.6584709,1.0,120.17984,601562.9,403.4938,1.60746,56.06687,55.184006,0.7319172,0.9,1.0,546.97974,1.0,69.00464,69.56494,69.87877,68.58727,73.9848
2018-04-10 12:45:00,0.66232824,0.66719043,70.0306,357730.44,0.1,0.1,60.164,600710.0,0.8999033,0.9,70.1626,0.65902346,0.65902346,1.0,123.30103,599868.44,403.49088,1.60746,55.577705,55.184006,0.7321709,0.9,1.0,551.03455,1.0,69.03529,69.56384,69.873276,68.52504,73.97348
2018-04-10 12:46:00,0.67173254,0.6740778,69.99725,357730.44,0.1,0.1,60.215034,597228.25,0.8999975,0.9,70.14014,0.65812063,0.65812063,1.0,124.563545,596864.0,403.4933,1.60746,55.392197,55.184006,0.7310823,0.9,1.0,551.3041,1.0,69.01936,69.56819,69.87283,68.47109,73.96755
2018-04-10 12:47:00,0.67435086,0.6748829,69.97842,357730.44,0.1,0.1,60.266006,594091.4,0.8999999,0.9,70.124756,0.65693426,0.65693426,1.0,125.246,593860.94,403.4964,1.60746,55.27009,55.184006,0.72975594,0.9,1.0,550.4993,1.0,69.02991,69.573135,69.87334,68.41896,73.962494
2018-04-10 12:48:00,0.6749981,0.67491746,69.96633,357730.44,0.1,0.1,60.316986,591316.75,0.9,0.9,70.11398,0.6557617,0.6557617,1.0,125.69831,591138.56,403.49908,1.60746,55.214607,55.184006,0.72846204,0.9,1.0,549.3932,1.0,69.0186,69.57753,69.87355,68.367386,73.95723
2018-04-10 12:49:00,0.67447495,0.6739663,69.957214,357730.44,0.1,0.1,60.36802,588874.7,0.9,0.9,70.105034,0.6546656,0.6546656,1.0,126.01733,588727.5,403.50116,1.60746,55.183952,55.184006,0.72725624,0.9,1.0,548.1899,1.0,69.01788,69.58121,69.87338,68.31613,73.95157
2018-04-10 12:50:00,0.67334443,0.67265475,69.9498,357730.44,0.1,0.1,60.41899,586729.4,0.9,0.9,70.0974,0.653655,0.653655,1.0,126.23909,586605.7,403.50266,1.60746,55.168793,55.184006,0.7261455,0.9,1.0,546.956,1.0,69.0081,69.5844,69.872894,68.26532,73.94563
2018-04-10 12:51:00,0.67191935,0.6711265,69.9431,357730.44,0.1,0.1,60.470024,584846.56,0.9,0.9,70.09009,0.65272695,0.65272695,1.0,126.38349,584742.75,403.5037,1.60746,55.160828,55.184006,0.7251257,0.9,1.0,545.7212,1.0,69.003265,69.58725,69.87224,68.215164,73.93948
2018-04-10 12:52:00,0.67033887,0.6694998,69.93678,357730.44,0.1,0.1,60.572033,583196.2,0.9,0.9,70.08306,0.6518759,0.6518759,1.0,126.46474,583109.44,403.50427,1.60746,55.15693,55.184006,0.7241907,0.9,1.0,544.5031,1.0,68.99519,69.59005,69.87152,68.16583,73.933334
2018-04-10 12:53:00,0.6686904,0.66783255,69.93051,357730.44,0.1,0.1,60.572033,581751.3,0.9,0.9,70.076035,0.65109634,0.65109634,1.0,126.49444,581679.3,403.50455,1.60746,55.15506,55.184006,0.72333425,0.9,1.0,543.3136,1.0,68.98992,69.5928,69.870804,68.11755,73.92718
2018-04-10 12:54:00,0.66701835,0.6661591,69.924255,357730.44,0.1,0.1,60.62301,580488.06,0.9,0.9,70.069,0.6503826,0.6503826,1.0,126.48219,580428.8,403.5045,1.60746,55.15429,55.184006,0.7225502,0.9,1.0,542.1609,1.0,68.98393,69.5957,69.87015,68.070366,73.921135
2018-04-10 12:55:00,0.6653523,0.66450244,69.918045,357730.44,0.1,0.1,60.67399,579385.25,0.9,0.9,70.061966,0.64972955,0.64972955,1.0,126.43615,579337.0,403.50415,1.60746,55.154236,55.184006,0.7218329,0.9,1.0,541.05084,1.0,68.97976,69.598785,69.86965,68.02434,73.91521
2018-04-10 12:56:00,0.6637101,0.6628774,69.911896,357730.44,0.1,0.1,60.725018,578424.1,0.9,0.9,70.055046,0.6491324,0.6491324,1.0,126.36311,578385.44,403.50366,1.60746,55.154617,55.184006,0.7211769,0.9,1.0,539.98706,1.0,68.97586,69.60208,69.86932,67.97957,73.90944
2018-04-10 12:57:00,0.6621052,0.6612948,69.90585,357730.44,0.1,0.1,60.775993,577588.0,0.9,0.9,70.04818,0.64858645,0.64858645,1.0,126.26886,577557.56,403.50296,1.60746,55.155224,55.184006,0.7205774,0.9,1.0,538.9721,1.0,68.97322,69.605705,69.869156,67.936005,73.90372
2018-04-10 12:58:00,0.6605466,0.6597622,69.89998,357730.44,0.1,0.1,60.827026,576862.4,0.9,0.9,70.04159,0.64808774,0.64808774,1.0,126.15817,576839.0,403.50217,1.60746,55.156048,55.184006,0.7200297,0.9,1.0,538.00684,1.0,68.97113,69.60955,69.869156,67.89371,73.89729
2018-04-10 12:59:00,0.6590406,0.6582849,69.89432,357730.44,0.1,0.1,60.878002,576234.0,0.9,0.9,70.03522,0.64763236,0.64763236,1.0,126.03511,576216.7,403.50125,1.60746,55.156982,55.184006,0.7195296,0.9,1.0,537.09174,1.0,68.969986,69.61372,69.86932,67.85268,73.888885
2018-04-10 13:00:00,0.65759176,0.65686625,69.88893,357730.44,0.1,0.1,60.98001,575691.5,0.9,0.9,70.02911,0.64721674,0.64721674,1.0,125.90306,575679.3,403.50024,1.60746,55.15797,55.184006,0.71907324,0.9,1.0,536.22626,1.0,68.969376,69.61818,69.86965,67.81279,73.877304
2018-04-10 13:01:00,0.65620226,0.65550804,69.88388,357730.44,0.1,0.1,60.98001,575224.4,0.9,0.9,70.0233,0.64683753,0.64683753,1.0,125.76487,575216.6,403.4992,1.60746,55.15901,55.184006,0.71865684,0.9,1.0,535.4098,1.0,68.96948,69.622894,69.87015,67.77417,73.86131
2018-04-10 13:02:00,0.65486896,0.65420085,69.878494,357730.44,0.1,0.1,60.998028,574823.7,0.9,0.9,70.01769,0.6464917,0.6464917,1.0,125.62289,574819.6,403.4981,1.60746,55.160004,55.184006,0.71827716,0.9,1.0,534.6408,1.0,68.97009,69.62784,69.870804,67.73666,73.83956
2018-04-10 13:03:00,0.6535918,0.65295464,69.87334,357730.44,0.1,0.1,61.01599,574481.44,0.9,0.9,70.012314,0.6461766,0.6461766,1.0,125.47905,574480.44,403.49698,1.60746,55.16105,55.184006,0.71793115,0.9,1.0,533.91815,1.0,68.97113,69.63312,69.87152,67.70029,73.81259
2018-04-10 13:04:00,0.65237343,0.6517654,69.86844,357730.44,0.1,0.1,61.034008,574190.4,0.9,0.9,70.00714,0.64588946,0.64588946,1.0,125.33499,574191.94,403.49585,1.60746,55.16209,55.184006,0.71761596,0.9,1.0,533.2399,1.0,68.97262,69.63855,69.872345,67.66502,73.7854
2018-04-10 13:05:00,0.65121126,0.6506316,69.86366,357730.44,0.1,0.1,61.052025,573944.0,0.9,0.9,70.00215,0.64562804,0.64562804,1.0,125.19202,573947.8,403.49472,1.60746,55.16308,55.184006,0.717329,0.9,1.0,532.6043,1.0,68.97443,69.64427,69.873276,67.6308,73.75909
2018-04-10 13:06:00,0.6501036,0.64955145,69.8591,357730.44,0.1,0.1,61.06999,573736.94,0.9,0.9,69.997314,0.6453901,0.6453901,1.0,125.051186,573742.44,403.49362,1.60746,55.16407,55.184006,0.71706784,0.9,1.0,532.0096,1.0,68.97646,69.6502,69.87421,67.597565,73.73349
2018-04-10 13:07:00,0.6490488,0.64852315,69.85477,357730.44,0.1,0.1,61.106026,573564.1,0.9,0.9,69.99275,0.64517367,0.64517367,1.0,124.91336,573571.0,403.4925,1.60746,55.165,55.184006,0.7168303,0.9,1.0,531.45374,1.0,68.978775,69.656296,69.87526,67.565384,73.70855
2018-04-10 13:08:00,0.64804476,0.64754474,69.85065,357730.44,0.1,0.1,61.123985,573421.06,0.9,0.9,69.98842,0.6449769,0.6449769,1.0,124.779205,573429.1,403.49142,1.60746,55.165936,55.184006,0.71661437,0.9,1.0,530.93475,1.0,68.98129,69.662674,69.8763,67.53412,73.684265
2018-04-10 13:09:00,0.6470894,0.6466138,69.8468,357730.44,0.1,0.1,61.123985,573304.0,0.9,0.9,69.984344,0.6447981,0.6447981,1.0,124.649254,573313.0,403.49036,1.60746,55.166817,55.184006,0.71641815,0.9,1.0,530.4509,1.0,68.98393,69.669205,69.877396,67.5038,73.6606
2018-04-10 13:10:00,0.64618045,0.64572793,69.84323,357730.44,0.1,0.1,61.142006,573209.44,0.9,0.9,69.98056,0.64463574,0.64463574,1.0,124.523895,573219.06,403.48935,1.60746,55.16764,55.184006,0.7162399,0.9,1.0,530.0001,1.0,68.98674,69.6759,69.878555,67.47436,73.63747
2018-04-10 13:11:00,0.64531565,0.64488494,69.839874,357730.44,0.1,0.1,61.16002,573134.44,0.9,0.9,69.97699,0.64448833,0.64448833,1.0,124.4034,573144.5,403.48834,1.60746,55.168465,55.184006,0.7160782,0.9,1.0,529.5807,1.0,68.98959,69.682884,69.8797,67.44579,73.61489
2018-04-10 13:12:00,0.64449245,0.64408237,69.83681,357730.44,0.1,0.1,61.177986,573076.2,0.9,0.9,69.973694,0.6443547,0.6443547,1.0,124.28796,573086.56,403.4874,1.60746,55.169174,55.184006,0.71593153,0.9,1.0,529.19073,1.0,68.992615,69.690025,69.88091,67.418106,73.592804
2018-04-10 13:13:00,0.6437085,0.6433179,69.83395,357730.44,0.1,0.1,61.196,573032.3,0.9,0.9,69.97067,0.64423347,0.64423347,1.0,124.1777,573042.94,403.48648,1.60746,55.16989,55.184006,0.71579856,0.9,1.0,528.82855,1.0,68.995636,69.69739,69.882065,67.39125,73.57122
2018-04-10 13:14:00,0.64296156,0.64258915,69.83136,357730.44,0.1,0.1,61.21402,573000.9,0.9,0.9,69.96782,0.64412373,0.64412373,1.0,124.07265,573011.56,403.4856,1.60746,55.170547,55.184006,0.71567816,0.9,1.0,528.4924,1.0,68.99871,69.70491,69.88327,67.365204,73.550125
2018-04-10 13:15:00,0.64224935,0.64189404,69.829,357730.44,0.1,0.1,61.25,572980.0,0.9,0.9,69.96523,0.6440243,0.6440243,1.0,123.97281,572990.7,403.48477,1.60746,55.17121,55.184006,0.71556914,0.9,1.0,528.1807,1.0,69.00189,69.71266,69.88448,67.339935,73.52942
2018-04-10 13:16:00,0.6415697,0.6412305,69.826805,357730.44,0.1,0.1,61.268017,572968.1,0.9,0.9,69.962875,0.64393437,0.64393437,1.0,123.87814,572978.6,403.48398,1.60746,55.17176,55.184006,0.7154705,0.9,1.0,527.89197,1.0,69.00503,69.720566,69.8857,67.315445,73.509094
2018-04-10 13:17:00,0.6409207,0.6405966,69.82488,357730.44,0.1,0.1,61.268017,572963.7,0.9,0.9,69.960724,0.6438531,0.6438531,1.0,123.78856,572974.06,403.48322,1.60746,55.17231,55.184006,0.7153813,0.9,1.0,527.6247,1.0,69.00827,69.7287,69.88684,67.29171,73.48921
2018-04-10 13:18:00,0.6403004,0.6399905,69.82312,357730.44,0.1,0.1,61.286034,572965.6,0.9,0.9,69.958755,0.6437797,0.6437797,1.0,123.70395,572975.8,403.4825,1.60746,55.17286,55.184006,0.7153008,0.9,1.0,527.3775,1.0,69.011505,69.737045,69.888054,67.26869,73.46965
2018-04-10 13:19:00,0.639707,0.6394105,69.82159,357730.44,0.1,0.1,61.303997,572972.8,0.9,0.9,69.95699,0.64371336,0.64371336,1.0,123.62417,572982.7,403.48184,1.60746,55.17335,55.184006,0.71522814,0.9,1.0,527.1491,1.0,69.014755,69.74562,69.889206,67.246445,73.450424
2018-04-10 13:20:00,0.63913906,0.63885504,69.82021,357730.44,0.1,0.1,61.322014,572984.3,0.9,0.9,69.9554,0.6436536,0.6436536,1.0,123.54909,572993.9,403.48117,1.60746,55.17379,55.184006,0.7151626,0.9,1.0,526.9381,1.0,69.01799,69.75435,69.89041,67.22485,73.43158
2018-04-10 13:21:00,0.6385948,0.6383226,69.81906,357730.44,0.1,0.1,61.340034,572999.3,0.9,0.9,69.954025,0.6435997,0.6435997,1.0,123.47851,573008.56,403.4806,1.60746,55.174232,55.184006,0.7151035,0.9,1.0,526.7434,1.0,69.021286,69.763306,69.89157,67.20393,73.412964
2018-04-10 13:22:00,0.63807297,0.6378118,69.81807,357730.44,0.1,0.1,61.357994,573017.06,0.9,0.9,69.95282,0.6435512,0.6435512,1.0,123.41227,573026.0,403.48,1.60746,55.174614,55.184006,0.71505034,0.9,1.0,526.5639,1.0,69.02458,69.77248,69.89272,67.183716,73.39473
2018-04-10 13:23:00,0.6375722,0.6373215,69.817245,357730.44,0.1,0.1,61.376015,573037.06,0.9,0.9,69.951775,0.64350754,0.64350754,1.0,123.350204,573045.6,403.4795,1.60746,55.175,55.184006,0.7150025,0.9,1.0,526.39844,1.0,69.02788,69.781876,69.893875,67.164154,73.37671
2018-04-10 13:24:00,0.63709134,0.6368504,69.81659,357730.44,0.1,0.1,61.411995,573058.7,0.9,0.9,69.9509,0.64346826,0.64346826,1.0,123.2921,573066.9,403.47897,1.60746,55.17533,55.184006,0.71495944,0.9,1.0,526.2462,1.0,69.031235,69.79143,69.89497,67.1452,73.35896
2018-04-10 13:25:00,0.6366292,0.6363976,69.81609,357730.44,0.1,0.1,61.411995,573081.5,0.9,0.9,69.95018,0.64343303,0.64343303,1.0,123.237785,573089.4,403.4785,1.60746,55.175713,55.184006,0.7149209,0.9,1.0,526.1061,1.0,69.03458,69.80126,69.89613,67.126915,73.341446
2018-04-10 13:26:00,0.6361848,0.635962,69.815765,357730.44,0.1,0.1,61.430008,573105.25,0.9,0.9,69.94963,0.64340144,0.64340144,1.0,123.187065,573112.7,403.47803,1.60746,55.175987,55.184006,0.71488625,0.9,1.0,525.97723,1.0,69.03793,69.811264,69.89723,67.10928,73.32419
2018-04-10 13:27:00,0.63575715,0.6355427,69.8156,357730.44,0.1,0.1,61.44803,573129.4,0.9,0.9,69.94925,0.64337313,0.64337313,1.0,123.13977,573136.44,403.47763,1.60746,55.176315,55.184006,0.7148552,0.9,1.0,525.8588,1.0,69.041336,69.82147,69.89833,67.09219,73.30716
2018-04-10 13:28:00,0.63534546,0.6351388,69.815544,357730.44,0.1,0.1,61.46599,573153.8,0.9,0.9,69.948975,0.6433478,0.6433478,1.0,123.0957,573160.56,403.47726,1.60746,55.17659,55.184006,0.7148275,0.9,1.0,525.7501,1.0,69.04474,69.83197,69.89943,67.075714,73.29036
2018-04-10 13:29:00,0.6349488,0.6347497,69.81566,357730.44,0.1,0.1,61.48401,573178.25,0.9,0.9,69.94891,0.6433251,0.6433251,1.0,123.05469,573184.6,403.47687,1.60746,55.176865,55.184006,0.7148026,0.9,1.0,525.65045,1.0,69.04815,69.84262,69.90053,67.059845,73.27371
2018-04-10 13:30:00,0.6345665,0.6343745,69.81593,357730.44,0.1,0.1,61.502026,573202.4,0.9,0.9,69.94891,0.6433049,0.6433049,1.0,123.01655,573208.44,403.47656,1.60746,55.17714,55.184006,0.7147805,0.9,1.0,525.559,1.0,69.05156,69.8535,69.901566,67.04457,73.257286
2018-04-10 13:31:00,0.6342049,0.634048,69.816315,357730.44,0.1,0.1,61.538006,573226.25,0.9,0.9,69.94914,0.6432868,0.6432868,1.0,122.981125,573231.9,403.47626,1.60746,55.17791,55.184006,0.7147607,0.9,1.0,525.4753,1.0,69.055016,69.86459,69.902664,67.02985,73.24103
2018-04-10 13:32:00,0.63394696,0.6338369,69.816864,357730.44,0.1,0.1,61.556023,573249.56,0.9,0.9,69.94946,0.6432708,0.6432708,1.0,122.94825,573254.94,403.47595,1.60746,55.179337,55.184006,0.71474314,0.9,1.0,525.3986,1.0,69.05847,69.875916,69.90371,67.01568,73.22493
2018-04-10 13:33:00,0.6337284,0.63361573,69.81758,357730.44,0.1,0.1,61.556023,573272.4,0.9,0.9,69.949905,0.6432565,0.6432565,1.0,122.917755,573277.4,403.47568,1.60746,55.17978,55.184006,0.7147275,0.9,1.0,525.3285,1.0,69.062,69.88739,69.904755,67.00206,73.20895
2018-04-10 13:34:00,0.6335168,0.6334141,69.818405,357730.44,0.1,0.1,61.573986,573294.44,0.9,0.9,69.950516,0.6432438,0.6432438,1.0,122.88952,573299.2,403.4754,1.60746,55.18016,55.184006,0.71471363,0.9,1.0,525.26434,1.0,69.06557,69.89909,69.90585,66.98898,73.19307
2018-04-10 13:35:00,0.6333203,0.63322204,69.819336,357730.44,0.1,0.1,61.592003,573315.8,0.9,0.9,69.95128,0.6432326,0.6432326,1.0,122.86337,573320.25,403.4752,1.60746,55.180435,55.184006,0.71470135,0.9,1.0,525.2057,1.0,69.06914,69.91101,69.90689,66.976456,73.17736
2018-04-10 13:36:00,0.633132,0.63303787,69.820435,357730.44,0.1,0.1,61.610023,573336.4,0.9,0.9,69.95216,0.64322263,0.64322263,1.0,122.8392,573340.5,403.47498,1.60746,55.180603,55.184006,0.71469045,0.9,1.0,525.1523,1.0,69.072754,69.923096,69.90799,66.96443,73.161705
2018-04-10 13:37:00,0.6329515,0.632861,69.82164,357730.44,0.1,0.1,61.627983,573356.06,0.9,0.9,69.95315,0.64321387,0.64321387,1.0,122.81686,573359.94,403.47476,1.60746,55.180767,55.184006,0.71468085,0.9,1.0,525.10345,1.0,69.076385,69.93541,69.90904,66.95294,73.14621
2018-04-10 13:38:00,0.6327776,0.63269013,69.82296,357730.44,0.1,0.1,61.646004,573374.94,0.9,0.9,69.95425,0.6432061,0.6432061,1.0,122.79623,573378.56,403.47458,1.60746,55.180878,55.184006,0.71467245,0.9,1.0,525.05896,1.0,69.08001,69.947815,69.91014,66.941956,73.13078
2018-04-10 13:39:00,0.63260937,0.63252467,69.82439,357730.44,0.1,0.1,61.664017,573393.0,0.9,0.9,69.955505,0.6431993,0.6431993,1.0,122.77719,573396.4,403.4744,1.60746,55.180984,55.184006,0.714665,0.9,1.0,525.0184,1.0,69.083694,69.9604,69.91118,66.93147,73.11545
2018-04-10 13:40:00,0.63244635,0.63236415,69.82598,357730.44,0.1,0.1,61.699997,573410.2,0.9,0.9,69.95688,0.64319336,0.64319336,1.0,122.759636,573413.4,403.47424,1.60746,55.1811,55.184006,0.7146585,0.9,1.0,524.9815,1.0,69.08737,69.97308,69.91228,66.92147,73.10018
2018-04-10 13:41:00,0.632288,0.6322081,69.82763,357730.44,0.1,0.1,61.699997,573426.5,0.9,0.9,69.95837,0.6431881,0.6431881,1.0,122.74348,573429.5,403.4741,1.60746,55.181152,55.184006,0.7146528,0.9,1.0,524.94794,1.0,69.09105,69.98599,69.913376,66.91197,73.08502
2018-04-10 13:42:00,0.6321339,0.63205606,69.82944,357730.44,0.1,0.1,61.718018,573442.0,0.9,0.9,69.95996,0.6431836,0.6431836,1.0,122.728584,573444.75,403.47397,1.60746,55.18126,55.184006,0.7146478,0.9,1.0,524.9175,1.0,69.09473,69.999016,69.914474,66.902954,73.069916
2018-04-10 13:43:00,0.63198376,0.6319079,69.83136,357730.44,0.1,0.1,61.736034,573456.7,0.9,0.9,69.96161,0.64317966,0.64317966,1.0,122.7149,573459.2,403.47385,1.60746,55.181316,55.184006,0.7146435,0.9,1.0,524.8898,1.0,69.098465,70.0122,69.91552,66.894394,73.05492
2018-04-10 13:44:00,0.63183725,0.63176316,69.83334,357730.44,0.1,0.1,61.753998,573470.56,0.9,0.9,69.963425,0.6431762,0.6431762,1.0,122.70231,573472.94,403.4737,1.60746,55.181374,55.184006,0.7146398,0.9,1.0,524.8646,1.0,69.1022,70.02554,69.91662,66.886314,73.03992
2018-04-10 13:45:00,0.63169426,0.63162184,69.835434,357730.44,0.1,0.1,61.772015,573483.56,0.9,0.9,69.96529,0.6431733,0.6431733,1.0,122.69075,573485.8,403.4736,1.60746,55.181427,55.184006,0.71463656,0.9,1.0,524.84186,1.0,69.10594,70.03906,69.91772,66.878624,73.02504
2018-04-10 13:46:00,0.6315545,0.6314837,69.83763,357730.44,0.1,0.1,61.79003,573495.94,0.9,0.9,69.96727,0.6431707,0.6431707,1.0,122.68013,573498.0,403.4735,1.60746,55.18148,55.184006,0.7146338,0.9,1.0,524.8212,1.0,69.10967,70.052734,69.918816,66.87143,73.01021
2018-04-10 13:47:00,0.6314178,0.6313486,69.839935,357730.44,0.1,0.1,61.807995,573507.5,0.9,0.9,69.96935,0.64316857,0.64316857,1.0,122.670395,573509.44,403.47342,1.60746,55.181534,55.184006,0.71463144,0.9,1.0,524.80255,1.0,69.113464,70.06658,69.919914,66.86467,72.99542
2018-04-10 13:48:00,0.6312842,0.6312165,69.8423,357730.44,0.1,0.1,61.844032,573518.44,0.9,0.9,69.97155,0.6431667,0.6431667,1.0,122.66147,573520.2,403.47333,1.60746,55.18159,55.184006,0.7146295,0.9,1.0,524.7856,1.0,69.1172,70.08059,69.92101,66.85835,72.98065
2018-04-10 13:49:00,0.6311535,0.6310873,69.84477,357730.44,0.1,0.1,61.844032,573528.6,0.9,0.9,69.9738,0.6431652,0.6431652,1.0,122.6533,573530.3,403.47324,1.60746,55.18165,55.184006,0.71462774,0.9,1.0,524.7703,1.0,69.12099,70.09487,69.92195,66.85226,72.9662
2018-04-10 13:50:00,0.6310257,0.6309609,69.84729,357730.44,0.1,0.1,61.86199,573538.25,0.9,0.9,69.976166,0.64316386,0.64316386,1.0,122.64581,573539.75,403.47318,1.60746,55.1817,55.184006,0.7146264,0.9,1.0,524.75653,1.0,69.124725,70.109375,69.922775,66.8466,72.95181
2018-04-10 13:51:00,0.6309006,0.63083726,69.84993,357730.44,0.1,0.1,61.880013,573547.2,0.9,0.9,69.97858,0.6431628,0.6431628,1.0,122.63896,573548.56,403.4731,1.60746,55.181755,55.184006,0.71462524,0.9,1.0,524.7441,1.0,69.12851,70.12404,69.923645,66.84127,72.93747
2018-04-10 13:52:00,0.63077825,0.63071626,69.85268,357730.44,0.1,0.1,61.898026,573555.56,0.9,0.9,69.98111,0.64316195,0.64316195,1.0,122.6327,573556.9,403.47305,1.60746,55.18181,55.184006,0.7146243,0.9,1.0,524.7329,1.0,69.13231,70.13887,69.92447,66.83638,72.92319
2018-04-10 13:53:00,0.63065857,0.63059795,69.855484,357730.44,0.1,0.1,61.915993,573563.4,0.9,0.9,69.98369,0.64316124,0.64316124,1.0,122.62699,573564.6,403.47302,1.60746,55.181866,55.184006,0.7146235,0.9,1.0,524.7228,1.0,69.13609,70.15381,69.92529,66.83193,72.908966
2018-04-10 13:54:00,0.6305415,0.6304822,69.85834,357730.44,0.1,0.1,61.934006,573570.7,0.9,0.9,69.98638,0.6431607,0.6431607,1.0,122.62177,573571.8,403.47296,1.60746,55.181923,55.184006,0.7146229,0.9,1.0,524.7137,1.0,69.13994,70.168915,69.92618,66.82781,72.89474
2018-04-10 13:55:00,0.630427,0.630369,69.8613,357730.44,0.1,0.1,61.952026,573577.56,0.9,0.9,69.98913,0.6431603,0.6431603,1.0,122.61701,573578.56,403.4729,1.60746,55.181976,55.184006,0.7146225,0.9,1.0,524.7055,1.0,69.14373,70.18419,69.927,66.82408,72.88051
2018-04-10 13:56:00,0.630315,0.6302583,69.86432,357730.44,0.1,0.1,61.988007,573583.9,0.9,0.9,69.99193,0.64316,0.64316,1.0,122.61267,573584.8,403.47287,1.60746,55.181976,55.184006,0.71462214,0.9,1.0,524.69824,1.0,69.14752,70.19952,69.927826,66.820786,72.866394
2018-04-10 13:57:00,0.6302055,0.6301501,69.867455,357730.44,0.1,0.1,61.988007,573589.75,0.9,0.9,69.99484,0.64315975,0.64315975,1.0,122.60872,573590.6,403.47284,1.60746,55.18203,55.184006,0.7146219,0.9,1.0,524.69165,1.0,69.15137,70.21501,69.9287,66.81781,72.85228
2018-04-10 13:58:00,0.63009846,0.6300443,69.87059,357730.44,0.1,0.1,62.006023,573595.3,0.9,0.9,69.9978,0.6431596,0.6431596,1.0,122.605125,573596.06,403.4728,1.60746,55.182083,55.184006,0.7146218,0.9,1.0,524.68585,1.0,69.15515,70.230606,69.92953,66.81518,72.83816
2018-04-10 13:59:00,0.6299938,0.62994087,69.873825,357730.44,0.1,0.1,62.023987,573600.4,0.9,0.9,70.000824,0.64315957,0.64315957,1.0,122.60185,573601.06,403.47278,1.60746,55.18214,55.184006,0.7146217,0.9,1.0,524.6806,1.0,69.159,70.24626,69.930405,66.81298,72.824036
2018-04-10 14:00:00,0.6298916,0.62983984,69.87712,357730.44,0.1,0.1,62.042004,573605.06,0.9,0.9,70.00396,0.64315957,0.64315957,1.0,122.598885,573605.75,403.47275,1.60746,55.182198,55.184006,0.7146217,0.9,1.0,524.6759,1.0,69.162796,70.262085,69.93129,66.81111,72.80998
2018-04-10 14:01:00,0.6297916,0.6297411,69.88052,357730.44,0.1,0.1,62.06002,573609.5,0.9,0.9,70.00714,0.6431596,0.6431596,1.0,122.596176,573610.1,403.47272,1.60746,55.182198,55.184006,0.7146218,0.9,1.0,524.6717,1.0,69.16664,70.277954,69.93211,66.80957,72.795975
2018-04-10 14:02:00,0.62969357,0.6296437,69.88388,357730.44,0.1,0.1,62.07502,573613.5,0.9,0.9,70.01033,0.6431597,0.6431597,1.0,122.59373,573614.06,403.4727,1.60746,55.18225,55.184006,0.7146219,0.9,1.0,524.66797,1.0,69.17049,70.293945,69.93298,66.80853,72.78197
2018-04-10 14:03:00,0.62959737,0.6295487,69.887344,357730.44,0.1,0.1,62.09001,573617.3,0.9,0.9,70.013626,0.6431598,0.6431598,1.0,122.59151,573617.8,403.4727,1.60746,55.182304,55.184006,0.714622,0.9,1.0,524.66473,1.0,69.17427,70.30998,69.93387,66.807816,72.768005
2018-04-10 14:04:00,0.6295034,0.6294559,69.890854,357730.44,0.1,0.1,62.120007,573620.75,0.9,0.9,70.01698,0.64316,0.64316,1.0,122.58949,573621.25,403.47263,1.60746,55.182304,55.184006,0.7146222,0.9,1.0,524.6618,1.0,69.178116,70.32608,69.934746,66.807434,72.75406
2018-04-10 14:05:00,0.6294117,0.62936527,69.894424,357730.44,0.1,0.1,62.120007,573624.0,0.9,0.9,70.020386,0.64316016,0.64316016,1.0,122.58767,573624.44,403.4726,1.60746,55.182358,55.184006,0.71462244,0.9,1.0,524.6592,1.0,69.18191,70.342285,69.935684,66.807434,72.740105
2018-04-10 14:06:00,0.6293221,0.62927675,69.897995,357730.44,0.1,0.1,62.135002,573626.94,0.9,0.9,70.02385,0.64316034,0.64316034,1.0,122.58602,573627.3,403.4726,1.60746,55.182415,55.184006,0.7146226,0.9,1.0,524.65686,1.0,69.18575,70.35849,69.936554,66.80771,72.72615
2018-04-10 14:07:00,0.6292346,0.6291904,69.90167,357730.44,0.1,0.1,62.15,573629.7,0.9,0.9,70.02736,0.6431606,0.6431606,1.0,122.58453,573630.06,403.47256,1.60746,55.182415,55.184006,0.71462286,0.9,1.0,524.65485,1.0,69.189545,70.37475,69.93749,66.80831,72.712204
2018-04-10 14:08:00,0.62914926,0.6291061,69.90541,357730.44,0.1,0.1,62.164993,573632.25,0.9,0.9,70.03093,0.64316076,0.64316076,1.0,122.58319,573632.56,403.47256,1.60746,55.182472,55.184006,0.7146231,0.9,1.0,524.6531,1.0,69.19339,70.39107,69.93843,66.809296,72.69824
2018-04-10 14:09:00,0.62906593,0.6290238,69.90915,357730.44,0.1,0.1,62.179993,573634.56,0.9,0.9,70.03456,0.643161,0.643161,1.0,122.58198,573634.9,403.47253,1.60746,55.182526,55.184006,0.7146234,0.9,1.0,524.65155,1.0,69.197174,70.40743,69.93936,66.81056,72.684296
2018-04-10 14:10:00,0.6289846,0.62894344,69.912994,357730.44,0.1,0.1,62.19499,573636.75,0.9,0.9,70.03818,0.64316124,0.64316124,1.0,122.58088,573637.0,403.47253,1.60746,55.182526,55.184006,0.71462363,0.9,1.0,524.65015,1.0,69.20097,70.4238,69.94029,66.8121,72.67034
2018-04-10 14:11:00,0.6289052,0.62886506,69.91684,357730.44,0.1,0.1,62.209984,573638.75,0.9,0.9,70.041916,0.6431615,0.6431615,1.0,122.579895,573638.94,403.47253,1.60746,55.18258,55.184006,0.71462387,0.9,1.0,524.649,1.0,69.20482,70.44017,69.941284,66.814026,72.656334
2018-04-10 14:12:00,0.6288277,0.62878853,69.92074,357730.44,0.1,0.1,62.240032,573640.5,0.9,0.9,70.045654,0.6431617,0.6431617,1.0,122.57901,573640.75,403.4725,1.60746,55.182632,55.184006,0.7146241,0.9,1.0,524.6479,1.0,69.2086,70.45654,69.942215,66.81622,72.64233
2018-04-10 14:13:00,0.62875205,0.62871385,69.9247,357730.44,0.1,0.1,62.240032,573642.2,0.9,0.9,70.04944,0.6431619,0.6431619,1.0,122.57822,573642.44,403.4725,1.60746,55.182632,55.184006,0.7146244,0.9,1.0,524.64703,1.0,69.212395,70.472916,69.94321,66.818695,72.62832
2018-04-10 14:14:00,0.62867826,0.6286409,69.92865,357730.44,0.1,0.1,62.255028,573643.75,0.9,0.9,70.05324,0.64316213,0.64316213,1.0,122.57751,573643.94,403.4725,1.60746,55.18269,55.184006,0.71462464,0.9,1.0,524.64624,1.0,69.21619,70.48928,69.9442,66.821495,72.61431
2018-04-10 14:15:00,0.6286062,0.6285697,69.93266,357730.44,0.1,0.1,62.270027,573645.1,0.9,0.9,70.05708,0.64316237,0.64316237,1.0,122.576866,573645.3,403.4725,1.60746,55.18269,55.184006,0.7146249,0.9,1.0,524.64557,1.0,69.219925,70.5056,69.94518,66.82457,72.60025
2018-04-10 14:16:00,0.62853587,0.6285003,69.93672,357730.44,0.1,0.1,62.28502,573646.44,0.9,0.9,70.060974,0.64316255,0.64316255,1.0,122.576294,573646.56,403.4725,1.60746,55.182747,55.184006,0.7146251,0.9,1.0,524.645,1.0,69.22371,70.52191,69.94617,66.82793,72.58618
2018-04-10 14:17:00,0.6284672,0.62843245,69.94079,357730.44,0.1,0.1,62.30002,573647.6,0.9,0.9,70.06488,0.6431628,0.6431628,1.0,122.57579,573647.8,403.47247,1.60746,55.1828,55.184006,0.71462536,0.9,1.0,524.64453,1.0,69.2275,70.53817,69.94716,66.831604,72.57207
2018-04-10 14:18:00,0.62840015,0.6283663,69.94491,357730.44,0.1,0.1,62.315014,573648.75,0.9,0.9,70.06883,0.64316297,0.64316297,1.0,122.575325,573648.8,403.47247,1.60746,55.1828,55.184006,0.71462554,0.9,1.0,524.6441,1.0,69.23123,70.554375,69.948204,66.835556,72.55795
2018-04-10 14:19:00,0.6283347,0.6283016,69.94903,357730.44,0.1,0.1,62.33001,573649.75,0.9,0.9,70.072784,0.6431632,0.6431632,1.0,122.57492,573649.8,403.47247,1.60746,55.182854,55.184006,0.7146258,0.9,1.0,524.6438,1.0,69.23497,70.570526,69.94919,66.83974,72.54378
2018-04-10 14:20:00,0.6282708,0.6282385,69.9532,357730.44,0.1,0.1,62.36,573650.6,0.9,0.9,70.0768,0.6431634,0.6431634,1.0,122.57456,573650.75,403.47247,1.60746,55.182854,55.184006,0.71462595,0.9,1.0,524.64343,1.0,69.23871,70.586624,69.95024,66.84424,72.5296
2018-04-10 14:21:00,0.6282084,0.62817687,69.95738,357730.44,0.1,0.1,62.36,573651.44,0.9,0.9,70.08081,0.64316356,0.64316356,1.0,122.574234,573651.56,403.47247,1.60746,55.182907,55.184006,0.7146262,0.9,1.0,524.64325,1.0,69.24245,70.60266,69.95128,66.849014,72.51538
2018-04-10 14:22:00,0.6281475,0.62811667,69.96155,357730.44,0.1,0.1,62.375,573652.2,0.9,0.9,70.08487,0.64316374,0.64316374,1.0,122.57395,573652.3,403.47247,1.60746,55.182907,55.184006,0.7146264,0.9,1.0,524.64307,1.0,69.24618,70.61859,69.952324,66.85402,72.50115
2018-04-10 14:23:00,0.62808794,0.62805784,69.96578,357730.44,0.1,0.1,62.389996,573652.94,0.9,0.9,70.08888,0.64316386,0.64316386,1.0,122.57369,573653.0,403.47247,1.60746,55.182964,55.184006,0.71462655,0.9,1.0,524.64294,1.0,69.24991,70.63446,69.95337,66.85928,72.48687
2018-04-10 14:24:00,0.6280298,0.6280004,69.97002,357730.44,0.1,0.1,62.40499,573653.56,0.9,0.9,70.093,0.64316404,0.64316404,1.0,122.57347,573653.6,403.47247,1.60746,55.182964,55.184006,0.7146267,0.9,1.0,524.6428,1.0,69.25359,70.65023,69.95447,66.86484,72.47259
2018-04-10 14:25:00,0.627973,0.6279443,69.97424,357730.44,0.1,0.1,62.41999,573654.1,0.9,0.9,70.09707,0.64316416,0.64316416,1.0,122.57327,573654.2,403.47244,1.60746,55.182964,55.184006,0.7146269,0.9,1.0,524.6427,1.0,69.25728,70.665886,69.955505,66.87066,72.45825
2018-04-10 14:26:00,0.62791747,0.6278894,69.97853,357730.44,0.1,0.1,62.434982,573654.6,0.9,0.9,70.10119,0.64316434,0.64316434,1.0,122.5731,573654.7,403.47244,1.60746,55.18302,55.184006,0.714627,0.9,1.0,524.6427,1.0,69.26101,70.68143,69.95656,66.8767,72.44386
2018-04-10 14:27:00,0.6278632,0.6278358,69.98281,357730.44,0.1,0.1,62.465034,573655.1,0.9,0.9,70.10531,0.64316446,0.64316446,1.0,122.57295,573655.2,403.47244,1.60746,55.18302,55.184006,0.7146272,0.9,1.0,524.64264,1.0,69.26463,70.69687,69.95766,66.882965,72.42947
2018-04-10 14:28:00,0.6273064,0.62592465,69.9894,357730.44,0.1,0.1,62.465034,569338.9,0.9,0.9,70.10965,0.64125985,0.64125985,1.0,123.115845,569034.9,403.48166,1.60746,55.15693,55.184006,0.7122381,0.9,1.0,522.89233,1.0,69.26744,70.71752,69.956604,66.8878,72.413315
2018-04-10 14:29:00,0.624787,0.62401235,69.9927,357730.44,0.1,0.1,62.480026,566020.5,0.9,0.9,70.1124,0.63993216,0.63993216,1.0,123.6802,565783.7,403.48596,1.60746,55.15495,55.184006,0.7108824,0.9,1.0,521.62805,1.0,69.26886,70.75625,69.954636,66.89159,72.395905
2018-04-10 14:30:00,0.6234527,0.6227721,69.99512,357730.44,0.1,0.1,62.495026,563505.4,0.9,0.9,70.1152,0.6388992,0.6388992,1.0,124.073524,563321.56,403.48898,1.60746,55.158737,55.184006,0.7097464,0.9,1.0,520.56305,1.0,69.271225,70.80492,69.9532,66.89609,72.37893
2018-04-10 14:31:00,0.62210625,0.6214465,69.99814,357730.44,0.1,0.1,62.51002,561300.44,0.9,0.9,70.11849,0.63794273,0.63794273,1.0,124.354614,561148.8,403.49146,1.60746,55.159893,55.184006,0.70869446,0.9,1.0,519.458,1.0,69.27342,70.86105,69.9521,66.901146,72.362175
2018-04-10 14:32:00,0.6209011,0.62033516,70.00176,357730.44,0.1,0.1,62.525017,559353.06,0.9,0.9,70.12239,0.6370601,0.6370601,1.0,124.55574,559225.3,403.49335,1.60746,55.162582,55.184006,0.7077239,0.9,1.0,518.35034,1.0,69.27634,70.923294,69.95128,66.90664,72.34558
2018-04-10 14:33:00,0.61983645,0.6193238,70.005936,357730.44,0.1,0.1,62.540016,557625.9,0.9,0.9,70.12685,0.63624525,0.63624525,1.0,124.69448,557517.56,403.49478,1.60746,55.164726,55.184006,0.7068277,0.9,1.0,517.2564,1.0,69.279465,70.99031,69.95073,66.91268,72.3291
2018-04-10 14:34:00,0.6188824,0.61842906,70.01071,357730.44,0.1,0.1,62.555008,556089.3,0.9,0.9,70.131836,0.63549167,0.63549167,1.0,124.78304,555997.25,403.49585,1.60746,55.16687,55.184006,0.70599866,0.9,1.0,516.1853,1.0,69.28314,71.06112,69.950455,66.91916,72.31274
2018-04-10 14:35:00,0.61803746,0.6176349,70.016045,357730.44,0.1,0.1,62.585003,554719.3,0.9,0.9,70.13739,0.6347938,0.6347938,1.0,124.8308,554640.94,403.49652,1.60746,55.16874,55.184006,0.7052309,0.9,1.0,515.14294,1.0,69.2871,71.13489,69.9504,66.92609,72.29653
2018-04-10 14:36:00,0.61728764,0.6169312,70.02193,357730.44,0.1,0.1,62.585003,553496.06,0.9,0.9,70.143486,0.63414705,0.63414705,1.0,124.84534,553429.44,403.49698,1.60746,55.170494,55.184006,0.7045192,0.9,1.0,514.13367,1.0,69.2915,71.21097,69.95062,66.933556,72.28049
2018-04-10 14:37:00,0.6166245,0.6163097,70.02829,357730.44,0.1,0.1,62.6,552402.9,0.9,0.9,70.150024,0.6335473,0.6335473,1.0,124.8328,552346.44,403.49716,1.60746,55.172035,55.184006,0.70385927,0.9,1.0,513.1605,1.0,69.29611,71.28881,69.951065,66.94141,72.26462
2018-04-10 14:38:00,0.6160392,0.6157618,70.03511,357730.44,0.1,0.1,62.614998,551425.56,0.9,0.9,70.15706,0.63299114,0.63299114,1.0,124.798325,551377.94,403.49716,1.60746,55.173462,55.184006,0.7032472,0.9,1.0,512.22546,1.0,69.300995,71.36786,69.95172,66.94971,72.248856
2018-04-10 14:39:00,0.61552405,0.6152804,70.04236,357730.44,0.1,0.1,62.62999,550551.9,0.9,0.9,70.16441,0.63247526,0.63247526,1.0,124.74616,550511.8,403.49698,1.60746,55.174725,55.184006,0.7026796,0.9,1.0,511.33,1.0,69.306,71.44772,69.952484,66.95839,72.2332
2018-04-10 14:40:00,0.615072,0.6148587,70.04999,357730.44,0.1,0.1,62.64499,549770.94,0.9,0.9,70.172165,0.631997,0.631997,1.0,124.67987,549737.56,403.49667,1.60746,55.175823,55.184006,0.7021533,0.9,1.0,510.47467,1.0,69.31116,71.52815,69.953476,66.96745,72.21765
2018-04-10 14:41:00,0.6146768,0.6144907,70.05791,357730.44,0.1,0.1,62.659985,549073.4,0.9,0.9,70.18013,0.63155365,0.63155365,1.0,124.60245,549045.8,403.49622,1.60746,55.176865,55.184006,0.7016655,0.9,1.0,509.65973,1.0,69.31633,71.60867,69.954575,66.9769,72.20221
2018-04-10 14:42:00,0.61433244,0.61417085,70.066086,357730.44,0.1,0.1,62.690033,548450.8,0.9,0.9,70.18837,0.63114285,0.63114285,1.0,124.516426,548428.2,403.4957,1.60746,55.177803,55.184006,0.70121354,0.9,1.0,508.88495,1.0,69.32149,71.68915,69.95578,66.98668,72.18683
2018-04-10 14:43:00,0.6140339,0.61389416,70.07449,357730.44,0.1,0.1,62.70503,547895.6,0.9,0.9,70.19677,0.6307624,0.6307624,1.0,124.423935,547877.44,403.49506,1.60746,55.178627,55.184006,0.70079505,0.9,1.0,508.1498,1.0,69.32665,71.76935,69.95711,66.99673,72.17156
2018-04-10 14:44:00,0.61377627,0.6136561,70.08301,357730.44,0.1,0.1,62.70503,547401.25,0.9,0.9,70.20534,0.63041025,0.63041025,1.0,124.32677,547386.9,403.4944,1.60746,55.179337,55.184006,0.7004076,0.9,1.0,507.45352,1.0,69.33176,71.849,69.95853,67.00711,72.15634
2018-04-10 14:45:00,0.61355513,0.6134525,70.09169,357730.44,0.1,0.1,62.720024,546961.5,0.9,0.9,70.21396,0.6300845,0.6300845,1.0,124.226425,546950.44,403.49368,1.60746,55.18,55.184006,0.7000493,0.9,1.0,506.7951,1.0,69.336815,71.928055,69.960014,67.017715,72.14119
2018-04-10 14:46:00,0.6133666,0.6132795,70.10048,357730.44,0.1,0.1,62.735023,546571.06,0.9,0.9,70.2227,0.6297833,0.6297833,1.0,124.12421,546562.8,403.49292,1.60746,55.180603,55.184006,0.699718,0.9,1.0,506.17346,1.0,69.341705,72.00622,69.9615,67.02859,72.12602
2018-04-10 14:47:00,0.6132071,0.6131337,70.10927,357730.44,0.1,0.1,62.750015,546224.94,0.9,0.9,70.23143,0.629505,0.629505,1.0,124.02118,546219.1,403.49213,1.60746,55.1811,55.184006,0.6994119,0.9,1.0,505.58737,1.0,69.34654,72.08351,69.96309,67.03969,72.11098
2018-04-10 14:48:00,0.6130732,0.61301214,70.1181,357730.44,0.1,0.1,62.765015,545918.7,0.9,0.9,70.240166,0.62924796,0.62924796,1.0,123.91823,545915.0,403.49136,1.60746,55.18159,55.184006,0.6991293,0.9,1.0,505.0355,1.0,69.35121,72.1597,69.96463,67.050995,72.09587
2018-04-10 14:49:00,0.6129621,0.61291176,70.12689,357730.44,0.1,0.1,62.78001,545648.25,0.9,0.9,70.2489,0.6290108,0.6290108,1.0,123.81609,545646.44,403.49054,1.60746,55.181976,55.184006,0.69886845,0.9,1.0,504.51648,1.0,69.35577,72.23479,69.96622,67.062485,72.08087
2018-04-10 14:50:00,0.61287105,0.6128302,70.13568,357730.44,0.1,0.1,62.795006,545410.1,0.9,0.9,70.25752,0.62879205,0.62879205,1.0,123.7154,545409.8,403.48975,1.60746,55.182358,55.184006,0.69862795,0.9,1.0,504.02896,1.0,69.36016,72.30862,69.967865,67.07418,72.06582
2018-04-10 14:51:00,0.6127976,0.61276513,70.144424,357730.44,0.1,0.1,62.824997,545200.9,0.9,0.9,70.26614,0.6285904,0.6285904,1.0,123.61665,545201.94,403.48892,1.60746,55.18269,55.184006,0.6984063,0.9,1.0,503.5715,1.0,69.36444,72.38113,69.96947,67.086105,72.050766
2018-04-10 14:52:00,0.6127396,0.6127144,70.1531,357730.44,0.1,0.1,62.839996,545017.6,0.9,0.9,70.27466,0.62840474,0.62840474,1.0,123.520256,545019.75,403.48816,1.60746,55.182964,55.184006,0.6982021,0.9,1.0,503.1427,1.0,69.36856,72.45232,69.971054,67.09813,72.03572
2018-04-10 14:53:00,0.61269516,0.61267626,70.16167,357730.44,0.1,0.1,62.839996,544857.6,0.9,0.9,70.283066,0.6282338,0.6282338,1.0,123.42653,544860.6,403.48737,1.60746,55.18318,55.184006,0.6980142,0.9,1.0,502.74118,1.0,69.372574,72.52208,69.97265,67.11032,72.02072
2018-04-10 14:54:00,0.6126624,0.6126491,70.17013,357730.44,0.1,0.1,62.854992,544718.3,0.9,0.9,70.29141,0.62807655,0.62807655,1.0,123.335724,544722.2,403.4866,1.60746,55.183403,55.184006,0.69784135,0.9,1.0,502.3655,1.0,69.37642,72.590416,69.97418,67.12268,72.00567
2018-04-10 14:55:00,0.61263984,0.61263126,70.17848,357730.44,0.1,0.1,62.869987,544597.7,0.9,0.9,70.29961,0.627932,0.627932,1.0,123.24804,544602.1,403.4859,1.60746,55.183624,55.184006,0.6976825,0.9,1.0,502.01443,1.0,69.38016,72.65727,69.97572,67.135155,71.990616
2018-04-10 14:56:00,0.612626,0.61262155,70.18672,357730.44,0.1,0.1,62.884987,544493.56,0.9,0.9,70.30762,0.6277992,0.6277992,1.0,123.1636,544498.5,403.48517,1.60746,55.18373,55.184006,0.6975366,0.9,1.0,501.68655,1.0,69.38373,72.72264,69.9772,67.14779,71.97557
2018-04-10 14:57:00,0.61261976,0.6126188,70.19479,357730.44,0.1,0.1,62.900036,544404.25,0.9,0.9,70.31558,0.6276773,0.6276773,1.0,123.082504,544409.56,403.48447,1.60746,55.1839,55.184006,0.69740266,0.9,1.0,501.3806,1.0,69.38724,72.78641,69.97869,67.16054,71.960464
2018-04-10 14:58:00,0.61261994,0.6126219,70.20276,357730.44,0.1,0.1,62.91503,544328.0,0.9,0.9,70.32339,0.6275655,0.6275655,1.0,123.004814,544333.7,403.4838,1.60746,55.184006,55.184006,0.6972798,0.9,1.0,501.09543,1.0,69.390594,72.84865,69.98012,67.173386,71.94536
2018-04-10 14:59:00,0.6126255,0.61262995,70.21062,357730.44,0.1,0.1,62.93003,544263.5,0.9,0.9,70.331024,0.62746304,0.62746304,1.0,122.930534,544269.25,403.48312,1.60746,55.18412,55.184006,0.69716716,0.9,1.0,500.82977,1.0,69.39383,72.90935,69.98155,67.1864,71.93025
2018-04-10 15:00:00,0.61263555,0.6126421,70.21831,357730.44,0.1,0.1,62.960022,544209.2,0.9,0.9,70.33855,0.6273691,0.6273691,1.0,122.85968,544215.2,403.48254,1.60746,55.184174,55.184006,0.69706404,0.9,1.0,500.5825,1.0,69.39702,72.96846,69.982864,67.19948,71.915085
2018-04-10 15:01:00,0.61264944,0.61265767,70.22588,357730.44,0.1,0.1,62.960022,544164.06,0.9,0.9,70.34591,0.62728316,0.62728316,1.0,122.792206,544170.1,403.48193,1.60746,55.18428,55.184006,0.69696957,0.9,1.0,500.35248,1.0,69.4001,73.02597,69.984184,67.21272,71.899925
2018-04-10 15:02:00,0.6126668,0.6126769,70.23335,357730.44,0.1,0.1,62.97798,544126.94,0.9,0.9,70.353165,0.62720454,0.62720454,1.0,122.72807,544133.06,403.48132,1.60746,55.184338,55.184006,0.6968832,0.9,1.0,500.13873,1.0,69.40312,73.081894,69.985504,67.22601,71.884705
2018-04-10 15:03:00,0.6126871,0.61269826,70.240715,357730.44,0.1,0.1,62.996002,544096.9,0.9,0.9,70.360245,0.6271326,0.6271326,1.0,122.66721,544103.0,403.4808,1.60746,55.184395,55.184006,0.6968042,0.9,1.0,499.94025,1.0,69.40603,73.136215,69.98671,67.23941,71.86955
2018-04-10 15:04:00,0.6127093,0.61272126,70.24791,357730.44,0.1,0.1,63.01402,544073.0,0.9,0.9,70.36722,0.62706697,0.62706697,1.0,122.60955,544079.06,403.48026,1.60746,55.184395,55.184006,0.6967321,0.9,1.0,499.756,1.0,69.40889,73.18901,69.987915,67.25298,71.85433
2018-04-10 15:05:00,0.612733,0.61274564,70.254944,357730.44,0.1,0.1,63.032036,544054.6,0.9,0.9,70.37404,0.627007,0.627007,1.0,122.555,544060.56,403.4798,1.60746,55.18445,55.184006,0.6966663,0.9,1.0,499.5852,1.0,69.41168,73.240204,69.98913,67.2666,71.83911
2018-04-10 15:06:00,0.6127578,0.6127709,70.26186,357730.44,0.1,0.1,63.05,544040.9,0.9,0.9,70.38068,0.62695235,0.62695235,1.0,122.503456,544046.7,403.47934,1.60746,55.18445,55.184006,0.6966063,0.9,1.0,499.4269,1.0,69.41443,73.289856,69.99028,67.280334,71.8239
2018-04-10 15:07:00,0.6127834,0.6127967,70.26868,357730.44,0.1,0.1,63.068016,544031.2,0.9,0.9,70.38727,0.62690246,0.62690246,1.0,122.45483,544036.9,403.47888,1.60746,55.18445,55.184006,0.69655156,0.9,1.0,499.2803,1.0,69.41713,73.33792,69.99138,67.29413,71.808685
2018-04-10 15:08:00,0.61280936,0.6128229,70.275375,357730.44,0.1,0.1,63.103996,544025.1,0.9,0.9,70.39365,0.6268571,0.6268571,1.0,122.409004,544030.56,403.47845,1.60746,55.1845,55.184006,0.69650173,0.9,1.0,499.14465,1.0,69.41976,73.38445,69.992424,67.30803,71.79347
2018-04-10 15:09:00,0.6128356,0.6128491,70.28191,357730.44,0.1,0.1,63.103996,544022.0,0.9,0.9,70.39996,0.6268158,0.6268158,1.0,122.365875,544027.3,403.47806,1.60746,55.1845,55.184006,0.6964564,0.9,1.0,499.01923,1.0,69.42239,73.4295,69.99347,67.32204,71.7782
2018-04-10 15:10:00,0.6128617,0.6128751,70.288345,357730.44,0.1,0.1,63.122017,544021.44,0.9,0.9,70.40611,0.62677824,0.62677824,1.0,122.32532,544026.6,403.4777,1.60746,55.1845,55.184006,0.6964152,0.9,1.0,498.90326,1.0,69.42498,73.47301,69.99446,67.33615,71.762985
2018-04-10 15:11:00,0.61288756,0.61290085,70.2946,357730.44,0.1,0.1,63.14003,544023.2,0.9,0.9,70.412155,0.62674415,0.62674415,1.0,122.28724,544028.06,403.47733,1.60746,55.1845,55.184006,0.69637775,0.9,1.0,498.79617,1.0,69.427505,73.51503,69.99539,67.35033,71.747765
2018-04-10 15:12:00,0.6129131,0.61292607,70.30081,357730.44,0.1,0.1,63.157997,544026.6,0.9,0.9,70.41809,0.62671316,0.62671316,1.0,122.25152,544031.44,403.477,1.60746,55.18445,55.184006,0.6963438,0.9,1.0,498.69736,1.0,69.43004,73.555565,69.99632,67.36461,71.732544
2018-04-10 15:13:00,0.612938,0.6129506,70.306854,357730.44,0.1,0.1,63.17601,544031.75,0.9,0.9,70.42391,0.6266851,0.6266851,1.0,122.21804,544036.3,403.47668,1.60746,55.18445,55.184006,0.6963129,0.9,1.0,498.6062,1.0,69.432556,73.59462,69.99725,67.37894,71.71733
2018-04-10 15:14:00,0.61296225,0.6129745,70.31279,357730.44,0.1,0.1,63.19403,544038.06,0.9,0.9,70.42963,0.6266596,0.6266596,1.0,122.1867,544042.44,403.47638,1.60746,55.18445,55.184006,0.696285,0.9,1.0,498.52222,1.0,69.43503,73.63231,69.99814,67.39339,71.70212
2018-04-10 15:15:00,0.6129857,0.61299753,70.318665,357730.44,0.1,0.1,63.23001,544045.4,0.9,0.9,70.43517,0.62663656,0.62663656,1.0,122.15738,544049.56,403.4761,1.60746,55.18445,55.184006,0.69625974,0.9,1.0,498.44482,1.0,69.4375,73.668564,69.99896,67.40794,71.68695
2018-04-10 15:16:00,0.6130083,0.6130197,70.32437,357730.44,0.1,0.1,63.248028,544053.56,0.9,0.9,70.44067,0.6266157,0.6266157,1.0,122.12998,544057.56,403.47583,1.60746,55.184395,55.184006,0.69623685,0.9,1.0,498.37363,1.0,69.43997,73.703384,69.999725,67.42256,71.6718
2018-04-10 15:17:00,0.61303,0.6130409,70.32998,357730.44,0.1,0.1,63.248028,544062.4,0.9,0.9,70.446045,0.62659687,0.62659687,1.0,122.10441,544066.2,403.4756,1.60746,55.184395,55.184006,0.6962162,0.9,1.0,498.3081,1.0,69.4424,73.73689,70.00055,67.437225,71.65663
2018-04-10 15:18:00,0.61305076,0.61306113,70.335526,357730.44,0.1,0.1,63.26599,544071.6,0.9,0.9,70.451324,0.6265799,0.6265799,1.0,122.08055,544075.25,403.47537,1.60746,55.184395,55.184006,0.69619757,0.9,1.0,498.2479,1.0,69.44487,73.76903,70.00127,67.451996,71.641525
2018-04-10 15:19:00,0.61307055,0.6130803,70.340965,357730.44,0.1,0.1,63.284008,544081.25,0.9,0.9,70.45648,0.62656456,0.62656456,1.0,122.05831,544084.7,403.47516,1.60746,55.184338,55.184006,0.69618076,0.9,1.0,498.19257,1.0,69.44728,73.79985,70.00198,67.46683,71.62642
2018-04-10 15:20:00,0.61308914,0.61309844,70.3463,357730.44,0.1,0.1,63.302025,544091.1,0.9,0.9,70.46159,0.62655073,0.62655073,1.0,122.0376,544094.3,403.47498,1.60746,55.184338,55.184006,0.6961656,0.9,1.0,498.14178,1.0,69.4497,73.8294,70.0027,67.48177,71.61131
2018-04-10 15:21:00,0.6131066,0.61311543,70.35152,357730.44,0.1,0.1,63.31999,544101.06,0.9,0.9,70.46654,0.6265383,0.6265383,1.0,122.01833,544104.06,403.47476,1.60746,55.184338,55.184006,0.696152,0.9,1.0,498.09518,1.0,69.45217,73.857635,70.00336,67.496765,71.59627
2018-04-10 15:22:00,0.6131232,0.6131314,70.356674,357730.44,0.1,0.1,63.338005,544111.0,0.9,0.9,70.47143,0.62652713,0.62652713,1.0,122.00041,544113.9,403.47458,1.60746,55.18428,55.184006,0.69613975,0.9,1.0,498.05246,1.0,69.45459,73.884605,70.00401,67.511826,71.58127
2018-04-10 15:23:00,0.61313856,0.6131462,70.361725,357730.44,0.1,0.1,63.373985,544120.9,0.9,0.9,70.47626,0.6265171,0.6265171,1.0,121.98377,544123.6,403.47443,1.60746,55.18428,55.184006,0.6961288,0.9,1.0,498.0133,1.0,69.457,73.91042,70.00462,67.52693,71.56633
2018-04-10 15:24:00,0.61315286,0.61315995,70.36667,357730.44,0.1,0.1,63.392006,544130.75,0.9,0.9,70.48093,0.6265081,0.6265081,1.0,121.96831,544133.25,403.47427,1.60746,55.18428,55.184006,0.6961189,0.9,1.0,497.97745,1.0,69.45943,73.93498,70.00522,67.542145,71.551384
2018-04-10 15:25:00,0.6131661,0.61317253,70.37157,357730.44,0.1,0.1,63.392006,544140.3,0.9,0.9,70.48555,0.62650007,0.62650007,1.0,121.95397,544142.75,403.47415,1.60746,55.184227,55.184006,0.69611007,0.9,1.0,497.94467,1.0,69.46184,73.958374,70.00577,67.55742,71.5365
2018-04-10 15:26:00,0.61317813,0.6131841,70.37634,357730.44,0.1,0.1,63.41002,544149.8,0.9,0.9,70.490105,0.62649286,0.62649286,1.0,121.94069,544152.06,403.47403,1.60746,55.184227,55.184006,0.6961022,0.9,1.0,497.9147,1.0,69.46426,73.98062,70.00632,67.5728,71.52167
2018-04-10 15:27:00,0.61318916,0.6131945,70.381065,357730.44,0.1,0.1,63.427986,544158.94,0.9,0.9,70.49455,0.6264864,0.6264864,1.0,121.928375,544161.1,403.4739,1.60746,55.184227,55.184006,0.69609517,0.9,1.0,497.8873,1.0,69.466675,74.00177,70.00687,67.58818,71.50689
2018-04-10 15:28:00,0.6131991,0.61320394,70.38568,357730.44,0.1,0.1,63.446,544167.94,0.9,0.9,70.49895,0.6264807,0.6264807,1.0,121.916985,544169.94,403.4738,1.60746,55.184174,55.184006,0.6960889,0.9,1.0,497.8623,1.0,69.469086,74.021774,70.00737,67.60367,71.49211
2018-04-10 15:29:00,0.613208,0.6132123,70.39024,357730.44,0.1,0.1,63.46402,544176.56,0.9,0.9,70.503235,0.62647563,0.62647563,1.0,121.90643,544178.44,403.47366,1.60746,55.184174,55.184006,0.69608337,0.9,1.0,497.83948,1.0,69.47151,74.040726,70.00786,67.61922,71.47745
2018-04-10 15:30:00,0.61321586,0.6132196,70.394745,357730.44,0.1,0.1,63.482037,544184.9,0.9,0.9,70.50746,0.6264711,0.6264711,1.0,121.89669,544186.6,403.47357,1.60746,55.184174,55.184006,0.6960784,0.9,1.0,497.8187,1.0,69.47392,74.058624,70.008354,67.63481,71.46283
2018-04-10 15:31:00,0.61322266,0.61322594,70.39914,357730.44,0.1,0.1,63.5,544192.9,0.9,0.9,70.51158,0.6264671,0.6264671,1.0,121.887695,544194.5,403.47348,1.60746,55.18412,55.184006,0.696074,0.9,1.0,497.79974,1.0,69.47634,74.07549,70.00879,67.65047,71.44827
2018-04-10 15:32:00,0.6132285,0.61323124,70.40347,357730.44,0.1,0.1,63.536034,544200.56,0.9,0.9,70.51565,0.62646353,0.62646353,1.0,121.87939,544202.1,403.4734,1.60746,55.18412,55.184006,0.69607013,0.9,1.0,497.7825,1.0,69.47876,74.09131,70.00923,67.66618,71.433716
2018-04-10 15:33:00,0.6132334,0.6132356,70.40771,357730.44,0.1,0.1,63.536034,544207.94,0.9,0.9,70.51965,0.62646043,0.62646043,1.0,121.87172,544209.4,403.47333,1.60746,55.18412,55.184006,0.69606674,0.9,1.0,497.76678,1.0,69.48117,74.106094,70.00961,67.681946,71.41927
2018-04-10 15:34:00,0.61323726,0.613239,70.41188,357730.44,0.1,0.1,63.553997,544214.94,0.9,0.9,70.52356,0.6264577,0.6264577,1.0,121.864655,544216.25,403.47327,1.60746,55.184063,55.184006,0.6960637,0.9,1.0,497.75253,1.0,69.4836,74.11987,70.01,67.69777,71.40483
2018-04-10 15:35:00,0.6132402,0.61324143,70.416,357730.44,0.1,0.1,63.572014,544221.6,0.9,0.9,70.52746,0.62645525,0.62645525,1.0,121.85815,544222.94,403.47318,1.60746,55.184063,55.184006,0.6960611,0.9,1.0,497.73956,1.0,69.48601,74.132675,70.01033,67.713585,71.39049
2018-04-10 15:36:00,0.61324215,0.6132429,70.42007,357730.44,0.1,0.1,63.590034,544228.0,0.9,0.9,70.53119,0.62645316,0.62645316,1.0,121.85216,544229.1,403.4731,1.60746,55.184063,55.184006,0.69605875,0.9,1.0,497.7278,1.0,69.48843,74.14455,70.010666,67.729515,71.376205
2018-04-10 15:37:00,0.61324316,0.61324346,70.42403,357730.44,0.1,0.1,63.607994,544234.06,0.9,0.9,70.53493,0.6264513,0.6264513,1.0,121.84664,544235.1,403.47308,1.60746,55.184006,55.184006,0.6960567,0.9,1.0,497.71716,1.0,69.490845,74.15547,70.01094,67.745445,71.361984
2018-04-10 15:38:00,0.6132433,0.6132431,70.42792,357730.44,0.1,0.1,63.626015,544239.75,0.9,0.9,70.53856,0.6264497,0.6264497,1.0,121.84157,544240.75,403.47302,1.60746,55.184006,55.184006,0.696055,0.9,1.0,497.7075,1.0,69.493256,74.16547,70.011215,67.76143,71.34775
2018-04-10 15:39:00,0.6132425,0.61324185,70.43176,357730.44,0.1,0.1,63.661995,544245.25,0.9,0.9,70.54213,0.6264483,0.6264483,1.0,121.836914,544246.1,403.47296,1.60746,55.184006,55.184006,0.6960535,0.9,1.0,497.69876,1.0,69.49568,74.17459,70.01149,67.777466,71.33363
2018-04-10 15:40:00,0.61324084,0.61323977,70.4355,357730.44,0.1,0.1,63.680008,544250.3,0.9,0.9,70.54564,0.6264471,0.6264471,1.0,121.832634,544251.2,403.47293,1.60746,55.184006,55.184006,0.6960522,0.9,1.0,497.69086,1.0,69.49809,74.18283,70.0117,67.79351,71.319626
2018-04-10 15:41:00,0.6132383,0.6132368,70.43918,357730.44,0.1,0.1,63.680008,544255.2,0.9,0.9,70.54904,0.62644607,0.62644607,1.0,121.82871,544255.94,403.4729,1.60746,55.183952,55.184006,0.69605106,0.9,1.0,497.68375,1.0,69.50051,74.190186,70.011925,67.8096,71.30562
2018-04-10 15:42:00,0.6132349,0.6132329,70.44286,357730.44,0.1,0.1,63.69803,544259.7,0.9,0.9,70.55245,0.6264452,0.6264452,1.0,121.82511,544260.5,403.47287,1.60746,55.183952,55.184006,0.6960501,0.9,1.0,497.67728,1.0,69.50287,74.19678,70.012085,67.8257,71.29172
2018-04-10 15:43:00,0.61323065,0.61322826,70.446434,357730.44,0.1,0.1,63.71599,544264.0,0.9,0.9,70.55575,0.62644446,0.62644446,1.0,121.821815,544264.7,403.4728,1.60746,55.183952,55.184006,0.6960493,0.9,1.0,497.67148,1.0,69.505295,74.2025,70.01225,67.84185,71.27788
2018-04-10 15:44:00,0.6132256,0.61322284,70.44989,357730.44,0.1,0.1,63.73401,544268.06,0.9,0.9,70.55899,0.6264438,0.6264438,1.0,121.818794,544268.75,403.47278,1.60746,55.1839,55.184006,0.6960486,0.9,1.0,497.66623,1.0,69.507706,74.20749,70.01236,67.858055,71.26409
2018-04-10 15:45:00,0.6132198,0.6132166,70.453354,357730.44,0.1,0.1,63.752026,544271.9,0.9,0.9,70.56218,0.6264433,0.6264433,1.0,121.81603,544272.44,403.47278,1.60746,55.1839,55.184006,0.6960481,0.9,1.0,497.66156,1.0,69.51007,74.21167,70.012474,67.87426,71.25036
2018-04-10 15:46:00,0.6132132,0.6132096,70.45676,357730.44,0.1,0.1,63.76999,544275.44,0.9,0.9,70.56525,0.6264429,0.6264429,1.0,121.81351,544275.94,403.47275,1.60746,55.1839,55.184006,0.6960476,0.9,1.0,497.65735,1.0,69.512436,74.21513,70.01259,67.890465,71.23674
2018-04-10 15:47:00,0.6132058,0.61320186,70.46005,357730.44,0.1,0.1,63.788006,544278.75,0.9,0.9,70.56833,0.62644255,0.62644255,1.0,121.811195,544279.25,403.47272,1.60746,55.1839,55.184006,0.69604725,0.9,1.0,497.65353,1.0,69.51485,74.21788,70.012634,67.90672,71.22317
2018-04-10 15:48:00,0.61319774,0.6131934,70.4633,357730.44,0.1,0.1,63.823986,544281.9,0.9,0.9,70.57135,0.62644225,0.62644225,1.0,121.80909,544282.3,403.4727,1.60746,55.183846,55.184006,0.69604695,0.9,1.0,497.65015,1.0,69.51721,74.21991,70.012695,67.92299,71.20971
2018-04-10 15:49:00,0.6131889,0.6131843,70.46654,357730.44,0.1,0.1,63.823986,544284.8,0.9,0.9,70.574265,0.6264421,0.6264421,1.0,121.80716,544285.2,403.4727,1.60746,55.183846,55.184006,0.6960467,0.9,1.0,497.6471,1.0,69.51958,74.22122,70.012695,67.9393,71.196304
2018-04-10 15:50:00,0.61317945,0.61317444,70.469666,357730.44,0.1,0.1,63.842003,544287.5,0.9,0.9,70.57712,0.6264419,0.6264419,1.0,121.80541,544287.9,403.47263,1.60746,55.183846,55.184006,0.69604653,0.9,1.0,497.64438,1.0,69.521935,74.221886,70.012695,67.95561,71.18295
2018-04-10 15:51:00,0.6131693,0.61316395,70.47275,357730.44,0.1,0.1,63.860023,544290.06,0.9,0.9,70.57997,0.6264418,0.6264418,1.0,121.80381,544290.44,403.4726,1.60746,55.183846,55.184006,0.6960464,0.9,1.0,497.64197,1.0,69.52425,74.221886,70.012634,67.971924,71.16966
2018-04-10 15:52:00,0.6131585,0.6131528,70.47577,357730.44,0.1,0.1,63.877983,544292.44,0.9,0.9,70.58272,0.6264417,0.6264417,1.0,121.80236,544292.75,403.4726,1.60746,55.183846,55.184006,0.69604635,0.9,1.0,497.63977,1.0,69.5266,74.22128,70.012634,67.98824,71.15648
2018-04-10 15:53:00,0.6131471,0.61314106,70.47879,357730.44,0.1,0.1,63.896004,544294.6,0.9,0.9,70.58541,0.62644166,0.62644166,1.0,121.80103,544295.0,403.47256,1.60746,55.18379,55.184006,0.6960463,0.9,1.0,497.63788,1.0,69.528915,74.22002,70.01253,68.00461,71.1434
2018-04-10 15:54:00,0.61313504,0.6131287,70.481705,357730.44,0.1,0.1,63.914017,544296.7,0.9,0.9,70.588104,0.62644166,0.62644166,1.0,121.79983,544297.0,403.47256,1.60746,55.18379,55.184006,0.6960463,0.9,1.0,497.63614,1.0,69.53122,74.21799,70.012474,68.02093,71.13033
2018-04-10 15:55:00,0.6131224,0.6131158,70.48456,357730.44,0.1,0.1,63.932037,544298.6,0.9,0.9,70.59068,0.62644166,0.62644166,1.0,121.79873,544298.9,403.47256,1.60746,55.18379,55.184006,0.6960463,0.9,1.0,497.63464,1.0,69.53352,74.21518,70.01236,68.03729,71.11737
2018-04-10 15:56:00,0.6131092,0.6131022,70.48736,357730.44,0.1,0.1,63.968018,544300.4,0.9,0.9,70.593216,0.6264417,0.6264417,1.0,121.79774,544300.7,403.47253,1.60746,55.18379,55.184006,0.69604635,0.9,1.0,497.6333,1.0,69.53583,74.21167,70.0122,68.053665,71.104515
2018-04-10 15:57:00,0.6130953,0.613088,70.490105,357730.44,0.1,0.1,63.968018,544302.06,0.9,0.9,70.59569,0.6264418,0.6264418,1.0,121.796844,544302.25,403.47253,1.60746,55.18379,55.184006,0.6960464,0.9,1.0,497.6321,1.0,69.53814,74.20738,70.01204,68.07004,71.09172
2018-04-10 15:58:00,0.61308074,0.6130731,70.49285,357730.44,0.1,0.1,63.986034,544303.6,0.9,0.9,70.5981,0.62644184,0.62644184,1.0,121.79602,544303.8,403.47253,1.60746,55.18373,55.184006,0.69604653,0.9,1.0,497.63107,1.0,69.54039,74.2025,70.01187,68.08641,71.07897
2018-04-10 15:59:00,0.61306554,0.6130576,70.49548,357730.44,0.1,0.1,64.004,544305.06,0.9,0.9,70.60052,0.62644196,0.62644196,1.0,121.79529,544305.2,403.4725,1.60746,55.18373,55.184006,0.6960466,0.9,1.0,497.6302,1.0,69.542694,74.19689,70.0117,68.10272,71.06634
2018-04-10 16:00:00,0.6130497,0.6130414,70.49807,357730.44,0.1,0.1,64.02202,544306.4,0.9,0.9,70.60283,0.626442,0.626442,1.0,121.79462,544306.5,403.4725,1.60746,55.18373,55.184006,0.6960467,0.9,1.0,497.6294,1.0,69.54495,74.19069,70.01149,68.119095,71.05376
2018-04-10 16:01:00,0.61303324,0.6130246,70.500595,357730.44,0.1,0.1,64.04003,544307.56,0.9,0.9,70.60507,0.62644213,0.62644213,1.0,121.794014,544307.75,403.4725,1.60746,55.18373,55.184006,0.6960468,0.9,1.0,497.6287,1.0,69.5472,74.18387,70.01126,68.13541,71.04123
2018-04-10 16:02:00,0.6130074,0.61298674,70.50159,357730.44,0.1,0.1,64.00702,544308.7,0.9,0.9,70.60503,0.62644225,0.62644225,1.0,121.793465,544308.9,403.4725,1.60746,55.183456,55.184006,0.69604695,0.9,1.0,497.62808,1.0,69.50128,74.17267,70.005005,68.14766,71.02272
2018-04-10 16:03:00,0.6129447,0.61288804,70.49862,357730.44,0.1,0.1,63.974007,544309.75,0.9,0.9,70.60057,0.6264423,0.6264423,1.0,121.792984,544309.9,403.4725,1.60746,55.18258,55.184006,0.69604707,0.9,1.0,497.62756,1.0,69.48964,74.16075,69.998856,68.15985,71.00432
2018-04-10 16:04:00,0.6128134,0.61273235,70.49285,357730.44,0.1,0.1,63.90803,544310.75,0.9,0.9,70.59415,0.62644243,0.62644243,1.0,121.792534,544310.8,403.47247,1.60746,55.1817,55.184006,0.6960472,0.9,1.0,497.6271,1.0,69.45986,74.14789,69.99254,68.171936,70.98564
2018-04-10 16:05:00,0.6126427,0.6125417,70.48483,357730.44,0.1,0.1,63.90803,544311.6,0.9,0.9,70.58557,0.62644255,0.62644255,1.0,121.79214,544311.75,403.47247,1.60746,55.18093,55.184006,0.6960473,0.9,1.0,497.6267,1.0,69.445526,74.13443,69.98611,68.18396,70.967026
2018-04-10 16:06:00,0.6124338,0.61231834,70.475494,357730.44,0.1,0.1,63.875015,544312.44,0.9,0.9,70.576126,0.6264427,0.6264427,1.0,121.79178,544312.56,403.47247,1.60746,55.18033,55.184006,0.6960474,0.9,1.0,497.6264,1.0,69.424484,74.12042,69.97974,68.196,70.948456
2018-04-10 16:07:00,0.612203,0.6120785,70.465225,357730.44,0.1,0.1,63.842003,544313.2,0.9,0.9,70.56586,0.6264428,0.6264428,1.0,121.79146,544313.25,403.47247,1.60746,55.179886,55.184006,0.69604754,0.9,1.0,497.62613,1.0,69.41092,74.10598,69.97331,68.20802,70.92995
2018-04-10 16:08:00,0.6119559,0.61182594,70.45451,357730.44,0.1,0.1,63.80899,544313.94,0.9,0.9,70.55542,0.6264429,0.6264429,1.0,121.79117,544314.0,403.47247,1.60746,55.17961,55.184006,0.69604766,0.9,1.0,497.62585,1.0,69.39526,74.091095,69.966934,68.220055,70.911545
2018-04-10 16:09:00,0.61170155,0.6115694,70.443634,357730.44,0.1,0.1,63.77603,544314.56,0.9,0.9,70.544876,0.62644297,0.62644297,1.0,121.79091,544314.6,403.47247,1.60746,55.17945,55.184006,0.6960478,0.9,1.0,497.62567,1.0,69.38345,74.07577,69.96051,68.232025,70.89319
2018-04-10 16:10:00,0.61144406,0.6113119,70.43286,357730.44,0.1,0.1,63.74302,544315.1,0.9,0.9,70.534546,0.6264431,0.6264431,1.0,121.79069,544315.2,403.47247,1.60746,55.179394,55.184006,0.6960479,0.9,1.0,497.62552,1.0,69.37142,74.06006,69.95419,68.244064,70.874954
2018-04-10 16:11:00,0.61118835,0.6110581,70.42232,357730.44,0.1,0.1,63.710003,544315.7,0.9,0.9,70.52455,0.6264432,0.6264432,1.0,121.790474,544315.75,403.47247,1.60746,55.17945,55.184006,0.696048,0.9,1.0,497.6254,1.0,69.36165,74.04391,69.947815,68.25609,70.85677
2018-04-10 16:12:00,0.61093694,0.6108097,70.412155,357730.44,0.1,0.1,63.644028,544316.2,0.9,0.9,70.51494,0.6264433,0.6264433,1.0,121.7903,544316.25,403.47247,1.60746,55.179504,55.184006,0.69604814,0.9,1.0,497.6253,1.0,69.35231,74.02743,69.9415,68.26812,70.8387
2018-04-10 16:13:00,0.61069214,0.6105688,70.402374,357730.44,0.1,0.1,63.644028,544316.6,0.9,0.9,70.50576,0.6264434,0.6264434,1.0,121.79013,544316.7,403.47244,1.60746,55.17961,55.184006,0.69604826,0.9,1.0,497.6252,1.0,69.34445,74.01056,69.93518,68.28015,70.82074
2018-04-10 16:14:00,0.6104553,0.61033636,70.393036,357730.44,0.1,0.1,63.611015,544317.06,0.9,0.9,70.497086,0.6264435,0.6264435,1.0,121.789986,544317.1,403.47244,1.60746,55.17978,55.184006,0.6960483,0.9,1.0,497.62515,1.0,69.33714,73.99337,69.928925,68.292175,70.802826
2018-04-10 16:15:00,0.6102275,0.61011314,70.3842,357730.44,0.1,0.1,63.578003,544317.5,0.9,0.9,70.48889,0.62644356,0.62644356,1.0,121.789856,544317.5,403.47244,1.60746,55.179886,55.184006,0.69604844,0.9,1.0,497.62512,1.0,69.33089,73.975845,69.92266,68.30426,70.785034
2018-04-10 16:16:00,0.61000884,0.60989946,70.3759,357730.44,0.1,0.1,63.54499,544317.9,0.9,0.9,70.48126,0.6264437,0.6264437,1.0,121.78974,544317.9,403.47244,1.60746,55.180054,55.184006,0.69604856,0.9,1.0,497.6251,1.0,69.32528,73.95805,69.91646,68.3163,70.76729
2018-04-10 16:17:00,0.60979986,0.60969543,70.3681,357730.44,0.1,0.1,63.51203,544318.1,0.9,0.9,70.47406,0.62644374,0.62644374,1.0,121.78964,544318.2,403.47244,1.60746,55.180275,55.184006,0.6960486,0.9,1.0,497.6251,1.0,69.32045,73.939926,69.9103,68.328384,70.74971
2018-04-10 16:18:00,0.6096005,0.60950094,70.36074,357730.44,0.1,0.1,63.479015,544318.44,0.9,0.9,70.46742,0.6264438,0.6264438,1.0,121.78955,544318.44,403.47244,1.60746,55.180435,55.184006,0.69604874,0.9,1.0,497.6251,1.0,69.316216,73.921524,69.904144,68.34047,70.73219
2018-04-10 16:19:00,0.6094105,0.6093157,70.353874,357730.44,0.1,0.1,63.446,544318.75,0.9,0.9,70.46121,0.6264439,0.6264439,1.0,121.789474,544318.75,403.47244,1.60746,55.180603,55.184006,0.6960488,0.9,1.0,497.6251,1.0,69.31253,73.90289,69.897995,68.35249,70.71472
2018-04-10 16:20:00,0.6092296,0.60913944,70.34744,357730.44,0.1,0.1,63.380028,544318.94,0.9,0.9,70.455444,0.626444,0.626444,1.0,121.789406,544319.0,403.47244,1.60746,55.180767,55.184006,0.69604886,0.9,1.0,497.62512,1.0,69.30935,73.884,69.89195,68.36458,70.69742
2018-04-10 16:21:00,0.60905737,0.6089717,70.34146,357730.44,0.1,0.1,63.380028,544319.25,0.9,0.9,70.45006,0.62644404,0.62644404,1.0,121.78935,544319.25,403.47244,1.60746,55.18093,55.184006,0.6960489,0.9,1.0,497.62512,1.0,69.30672,73.86483,69.88591,68.376724,70.68017
2018-04-10 16:22:00,0.60889375,0.6088121,70.33586,357730.44,0.1,0.1,63.347015,544319.4,0.9,0.9,70.445114,0.6264441,0.6264441,1.0,121.78929,544319.44,403.47244,1.60746,55.18104,55.184006,0.69604903,0.9,1.0,497.62515,1.0,69.30446,73.84544,69.87993,68.38881,70.66298
2018-04-10 16:23:00,0.6087378,0.6086601,70.33064,357730.44,0.1,0.1,63.314003,544319.6,0.9,0.9,70.440506,0.62644416,0.62644416,1.0,121.789246,544319.6,403.47244,1.60746,55.181206,55.184006,0.6960491,0.9,1.0,497.62518,1.0,69.30264,73.82588,69.87393,68.400894,70.64589
2018-04-10 16:24:00,0.6085894,0.6085154,70.325806,357730.44,0.1,0.1,63.280987,544319.8,0.9,0.9,70.43627,0.6264442,0.6264442,1.0,121.78921,544319.8,403.47244,1.60746,55.181316,55.184006,0.69604915,0.9,1.0,497.6252,1.0,69.30116,73.80605,69.868004,68.413025,70.62892
2018-04-10 16:25:00,0.60844797,0.6083774,70.32124,357730.44,0.1,0.1,63.248028,544319.94,0.9,0.9,70.43237,0.6264443,0.6264443,1.0,121.78918,544319.94,403.47244,1.60746,55.18148,55.184006,0.6960492,0.9,1.0,497.62524,1.0,69.300064,73.78606,69.86212,68.42511,70.61205
2018-04-10 16:26:00,0.6083131,0.6082457,70.316956,357730.44,0.1,0.1,63.21501,544320.06,0.9,0.9,70.428696,0.62644434,0.62644434,1.0,121.78915,544320.1,403.47244,1.60746,55.18159,55.184006,0.6960493,0.9,1.0,497.6253,1.0,69.29919,73.7659,69.85631,68.437256,70.595245
2018-04-10 16:27:00,0.6081842,0.60811985,70.313,357730.44,0.1,0.1,63.182,544320.25,0.9,0.9,70.42534,0.6264444,0.6264444,1.0,121.78912,544320.25,403.47244,1.60746,55.1817,55.184006,0.69604933,0.9,1.0,497.62534,1.0,69.29864,73.745514,69.85048,68.44934,70.57849
2018-04-10 16:28:00,0.6080611,0.60799944,70.309326,357730.44,0.1,0.1,63.116028,544320.4,0.9,0.9,70.42221,0.6264444,0.6264444,1.0,121.78911,544320.4,403.47244,1.60746,55.18181,55.184006,0.6960494,0.9,1.0,497.62537,1.0,69.29836,73.724976,69.84471,68.46148,70.561844
2018-04-10 16:29:00,0.6079432,0.60788417,70.30586,357730.44,0.1,0.1,63.116028,544320.44,0.9,0.9,70.41936,0.62644446,0.62644446,1.0,121.789085,544320.44,403.47244,1.60746,55.181866,55.184006,0.6960494,0.9,1.0,497.62543,1.0,69.29831,73.70427,69.839005,68.47362,70.54526
2018-04-10 16:30:00,0.60783017,0.6077736,70.30257,357730.44,0.1,0.1,63.083015,544320.56,0.9,0.9,70.41672,0.6264445,0.6264445,1.0,121.78908,544320.56,403.47244,1.60746,55.181976,55.184006,0.69604945,0.9,1.0,497.62546,1.0,69.29848,73.683395,69.83328,68.48576,70.52878
2018-04-10 16:31:00,0.60772175,0.6076673,70.299545,357730.44,0.1,0.1,63.05,544320.6,0.9,0.9,70.414246,0.6264445,0.6264445,1.0,121.78906,544320.6,403.47244,1.60746,55.18203,55.184006,0.6960495,0.9,1.0,497.62552,1.0,69.2988,73.66241,69.82763,68.49785,70.512405
2018-04-10 16:32:00,0.6076175,0.60756516,70.29669,357730.44,0.1,0.1,63.016983,544320.75,0.9,0.9,70.41194,0.6264446,0.6264446,1.0,121.789055,544320.75,403.47244,1.60746,55.18214,55.184006,0.6960495,0.9,1.0,497.62555,1.0,69.2993,73.64114,69.82202,68.50998,70.49603
2018-04-10 16:33:00,0.6075171,0.6074667,70.294,357730.44,0.1,0.1,62.984024,544320.8,0.9,0.9,70.40985,0.6264446,0.6264446,1.0,121.78905,544320.8,403.47244,1.60746,55.182198,55.184006,0.6960496,0.9,1.0,497.62558,1.0,69.30001,73.61956,69.81642,68.522064,70.47972
2018-04-10 16:34:00,0.6074205,0.6073716,70.29147,357730.44,0.1,0.1,62.95101,544320.8,0.9,0.9,70.40787,0.62644464,0.62644464,1.0,121.78904,544320.8,403.47244,1.60746,55.18225,55.184006,0.69604963,0.9,1.0,497.6256,1.0,69.300835,73.59775,69.810875,68.53415,70.46352
2018-04-10 16:35:00,0.60732687,0.60727966,70.289055,357730.44,0.1,0.1,62.884987,544320.9,0.9,0.9,70.406006,0.62644464,0.62644464,1.0,121.78904,544320.9,403.47244,1.60746,55.182304,55.184006,0.69604963,0.9,1.0,497.62567,1.0,69.30182,73.57567,69.80533,68.54619,70.44731
2018-04-10 16:36:00,0.6072364,0.6071906,70.286804,357730.44,0.1,0.1,62.884987,544320.94,0.9,0.9,70.4043,0.6264447,0.6264447,1.0,121.78904,544320.94,403.47244,1.60746,55.182358,55.184006,0.6960497,0.9,1.0,497.6257,1.0,69.30298,73.553314,69.799835,68.55821,70.43121
2018-04-10 16:37:00,0.6071486,0.6071041,70.28466,357730.44,0.1,0.1,62.852028,544321.0,0.9,0.9,70.40271,0.6264447,0.6264447,1.0,121.78903,544321.0,403.47244,1.60746,55.182415,55.184006,0.6960497,0.9,1.0,497.62573,1.0,69.304184,73.53073,69.79434,68.570244,70.41512
2018-04-10 16:38:00,0.6070633,0.60702,70.28258,357730.44,0.1,0.1,62.81901,544321.06,0.9,0.9,70.40117,0.62644476,0.62644476,1.0,121.78903,544321.06,403.47244,1.60746,55.182472,55.184006,0.6960497,0.9,1.0,497.62576,1.0,69.305504,73.50789,69.7889,68.582214,70.39908
2018-04-10 16:39:00,0.6069802,0.60693806,70.280594,357730.44,0.1,0.1,62.785995,544321.1,0.9,0.9,70.399796,0.62644476,0.62644476,1.0,121.78903,544321.1,403.47244,1.60746,55.182526,55.184006,0.69604975,0.9,1.0,497.6258,1.0,69.30693,73.48476,69.78346,68.59414,70.3831
2018-04-10 16:40:00,0.60689926,0.6068581,70.27873,357730.44,0.1,0.1,62.752983,544321.1,0.9,0.9,70.39842,0.62644476,0.62644476,1.0,121.78904,544321.1,403.47244,1.60746,55.182526,55.184006,0.69604975,0.9,1.0,497.62582,1.0,69.30847,73.46141,69.778076,68.606064,70.36717
2018-04-10 16:41:00,0.6068201,0.60677993,70.27697,357730.44,0.1,0.1,62.720024,544321.2,0.9,0.9,70.397156,0.6264448,0.6264448,1.0,121.78904,544321.2,403.47244,1.60746,55.18258,55.184006,0.6960498,0.9,1.0,497.62585,1.0,69.31006,73.43785,69.7727,68.61798,70.35124
2018-04-10 16:42:00,0.60674274,0.60670334,70.27521,357730.44,0.1,0.1,62.68701,544321.2,0.9,0.9,70.39595,0.6264448,0.6264448,1.0,121.78904,544321.25,403.47244,1.60746,55.182632,55.184006,0.6960498,0.9,1.0,497.6259,1.0,69.31177,73.414,69.767365,68.62979,70.33536
2018-04-10 16:43:00,0.606667,0.6066283,70.27351,357730.44,0.1,0.1,62.620983,544321.25,0.9,0.9,70.3948,0.6264448,0.6264448,1.0,121.78904,544321.25,403.47244,1.60746,55.182632,55.184006,0.6960498,0.9,1.0,497.62592,1.0,69.31352,73.389946,69.76204,68.6416,70.31954
2018-04-10 16:44:00,0.6065926,0.6065546,70.27191,357730.44,0.1,0.1,62.620983,544321.25,0.9,0.9,70.39375,0.6264449,0.6264449,1.0,121.78905,544321.25,403.47244,1.60746,55.18269,55.184006,0.6960498,0.9,1.0,497.62595,1.0,69.31534,73.36566,69.75677,68.65341,70.30373
2018-04-10 16:45:00,0.6065195,0.60648215,70.270325,357730.44,0.1,0.1,62.588024,544321.3,0.9,0.9,70.392654,0.6264449,0.6264449,1.0,121.78905,544321.3,403.47244,1.60746,55.18269,55.184006,0.69604987,0.9,1.0,497.626,1.0,69.3172,73.34111,69.751495,68.66516,70.28796
2018-04-10 16:46:00,0.6064476,0.6064108,70.26878,357730.44,0.1,0.1,62.555008,544321.3,0.9,0.9,70.39166,0.6264449,0.6264449,1.0,121.78905,544321.3,403.47244,1.60746,55.18269,55.184006,0.69604987,0.9,1.0,497.62604,1.0,69.31912,73.31639,69.746216,68.676865,70.27225
2018-04-10 16:47:00,0.6063767,0.6063405,70.2673,357730.44,0.1,0.1,62.521996,544321.3,0.9,0.9,70.39068,0.6264449,0.6264449,1.0,121.789055,544321.3,403.47244,1.60746,55.182747,55.184006,0.69604987,0.9,1.0,497.62604,1.0,69.321106,73.2914,69.741,68.68851,70.25653
2018-04-10 16:48:00,0.60630685,0.6062711,70.26582,357730.44,0.1,0.1,62.489037,544321.3,0.9,0.9,70.38974,0.6264449,0.6264449,1.0,121.789055,544321.3,403.47244,1.60746,55.182747,55.184006,0.69604987,0.9,1.0,497.62607,1.0,69.32308,73.266235,69.73578,68.7001,70.240875
2018-04-10 16:49:00,0.6062379,0.60620254,70.26439,357730.44,0.1,0.1,62.456024,544321.3,0.9,0.9,70.38881,0.62644494,0.62644494,1.0,121.78906,544321.3,403.47244,1.60746,55.182747,55.184006,0.6960499,0.9,1.0,497.6261,1.0,69.325165,73.24086,69.73062,68.71169,70.22522
2018-04-10 16:50:00,0.6061697,0.6061347,70.26296,357730.44,0.1,0.1,62.389996,544321.3,0.9,0.9,70.38793,0.62644494,0.62644494,1.0,121.78906,544321.3,403.47244,1.60746,55.1828,55.184006,0.6960499,0.9,1.0,497.6261,1.0,69.327255,73.21526,69.72546,68.72323,70.209564
2018-04-10 16:51:00,0.6061022,0.6060676,70.26159,357730.44,0.1,0.1,62.357037,544321.3,0.9,0.9,70.387054,0.62644494,0.62644494,1.0,121.78907,544321.3,403.47244,1.60746,55.1828,55.184006,0.6960499,0.9,1.0,497.62613,1.0,69.329346,73.1895,69.72035,68.73471,70.19397
2018-04-10 16:52:00,0.60603535,0.6060011,70.260216,357730.44,0.1,0.1,62.357037,544321.3,0.9,0.9,70.38617,0.62644494,0.62644494,1.0,121.78907,544321.3,403.47244,1.60746,55.1828,55.184006,0.6960499,0.9,1.0,497.62616,1.0,69.33154,73.16347,69.71524,68.74614,70.17837
2018-04-10 16:53:00,0.60596913,0.6059351,70.25884,357730.44,0.1,0.1,62.32402,544321.4,0.9,0.9,70.3853,0.62644494,0.62644494,1.0,121.78908,544321.4,403.47244,1.60746,55.1828,55.184006,0.6960499,0.9,1.0,497.62616,1.0,69.33368,73.137314,69.71013,68.75751,70.16283
2018-04-10 16:54:00,0.6059034,0.60586965,70.25747,357730.44,0.1,0.1,62.291008,544321.4,0.9,0.9,70.384476,0.62644494,0.62644494,1.0,121.78908,544321.4,403.47244,1.60746,55.1828,55.184006,0.6960499,0.9,1.0,497.6262,1.0,69.33588,73.11089,69.70508,68.76882,70.14728
2018-04-10 16:55:00,0.6058381,0.60580456,70.256096,357730.44,0.1,0.1,62.257996,544321.4,0.9,0.9,70.38359,0.62644494,0.62644494,1.0,121.78908,544321.4,403.47244,1.60746,55.182854,55.184006,0.6960499,0.9,1.0,497.6262,1.0,69.338135,73.084366,69.70007,68.780136,70.13173
2018-04-10 16:56:00,0.60577327,0.60573995,70.254776,357730.44,0.1,0.1,62.225037,544321.4,0.9,0.9,70.38277,0.62644494,0.62644494,1.0,121.789085,544321.4,403.47244,1.60746,55.182854,55.184006,0.6960499,0.9,1.0,497.6262,1.0,69.34033,73.05761,69.69502,68.79134,70.11624
2018-04-10 16:57:00,0.6057088,0.60567564,70.2534,357730.44,0.1,0.1,62.192024,544321.4,0.9,0.9,70.38194,0.62644494,0.62644494,1.0,121.789085,544321.4,403.47244,1.60746,55.182854,55.184006,0.69605,0.9,1.0,497.62622,1.0,69.34258,73.03064,69.690025,68.80249,70.10075
2018-04-10 16:58:00,0.60564464,0.6056116,70.25209,357730.44,0.1,0.1,62.159008,544321.4,0.9,0.9,70.38112,0.626445,0.626445,1.0,121.78909,544321.4,403.47244,1.60746,55.182854,55.184006,0.69605,0.9,1.0,497.62622,1.0,69.344894,73.003555,69.68508,68.813644,70.08526
2018-04-10 16:59:00,0.60558075,0.6055479,70.25072,357730.44,0.1,0.1,62.093033,544321.4,0.9,0.9,70.38024,0.626445,0.626445,1.0,121.78909,544321.4,403.47244,1.60746,55.182854,55.184006,0.69605,0.9,1.0,497.62625,1.0,69.34714,72.97626,69.68014,68.82469,70.06976
2018-04-10 17:00:00,0.60551715,0.60548437,70.24939,357730.44,0.1,0.1,62.06002,544321.4,0.9,0.9,70.37942,0.626445,0.626445,1.0,121.78909,544321.4,403.47244,1.60746,55.182854,55.184006,0.69605,0.9,1.0,497.62625,1.0,69.34945,72.94879,69.67519,68.83568,70.05434
2018-04-10 17:01:00,0.6054537,0.60542107,70.24802,357730.44,0.1,0.1,62.06002,544321.4,0.9,0.9,70.37859,0.626445,0.626445,1.0,121.7891,544321.4,403.47244,1.60746,55.182854,55.184006,0.69605,0.9,1.0,497.62625,1.0,69.35176,72.92116,69.6703,68.8466,70.038895
2018-04-10 17:02:00,0.6053891,0.6053517,70.24582,357730.44,0.1,0.1,62.027008,544321.4,0.9,0.9,70.374695,0.626445,0.626445,1.0,121.7891,544321.4,403.47244,1.60746,55.1828,55.184006,0.69605,0.9,1.0,497.62625,1.0,69.2887,72.88803,69.65729,68.8522,70.01517
2018-04-10 17:03:00,0.60528374,0.60519534,70.23824,357730.44,0.1,0.1,61.993996,544321.4,0.9,0.9,70.364914,0.626445,0.626445,1.0,121.7891,544321.4,403.47244,1.60746,55.18165,55.184006,0.69605,0.9,1.0,497.62628,1.0,69.27298,72.85475,69.64455,68.8577,69.991714
2018-04-10 17:04:00,0.6050837,0.6049634,70.227036,357730.44,0.1,0.1,61.961037,544321.4,0.9,0.9,70.352615,0.626445,0.626445,1.0,121.7891,544321.4,403.47244,1.60746,55.180492,55.184006,0.69605,0.9,1.0,497.62628,1.0,69.232056,72.82129,69.63191,68.86325,69.968254
2018-04-10 17:05:00,0.60483223,0.60468507,70.21286,357730.44,0.1,0.1,61.92802,544321.4,0.9,0.9,70.33751,0.626445,0.626445,1.0,121.78911,544321.4,403.47244,1.60746,55.179504,55.184006,0.69605,0.9,1.0,497.62628,1.0,69.21267,72.787735,69.619385,68.8688,69.94491
2018-04-10 17:06:00,0.60452956,0.60436344,70.197044,357730.44,0.1,0.1,61.895004,544321.4,0.9,0.9,70.32135,0.626445,0.626445,1.0,121.78911,544321.4,403.47244,1.60746,55.17868,55.184006,0.69605,0.9,1.0,497.62628,1.0,69.18383,72.75406,69.606964,68.874344,69.92168
2018-04-10 17:07:00,0.6041987,0.6040211,70.18007,357730.44,0.1,0.1,61.86199,544321.4,0.9,0.9,70.304276,0.626445,0.626445,1.0,121.78911,544321.4,403.47244,1.60746,55.17813,55.184006,0.69605,0.9,1.0,497.6263,1.0,69.16531,72.720276,69.594666,68.87984,69.89849
2018-04-10 17:08:00,0.60384697,0.6036624,70.16266,357730.44,0.1,0.1,61.79602,544321.4,0.9,0.9,70.28702,0.626445,0.626445,1.0,121.78911,544321.4,403.47244,1.60746,55.177746,55.184006,0.69605,0.9,1.0,497.6263,1.0,69.143845,72.686386,69.58252,68.88539,69.87537
2018-04-10 17:09:00,0.60348654,0.6032999,70.14508,357730.44,0.1,0.1,61.79602,544321.4,0.9,0.9,70.269714,0.626445,0.626445,1.0,121.789116,544321.4,403.47244,1.60746,55.17758,55.184006,0.69605,0.9,1.0,497.6263,1.0,69.12775,72.652374,69.570496,68.89093,69.8524
2018-04-10 17:10:00,0.60312337,0.6029372,70.127716,357730.44,0.1,0.1,61.76301,544321.4,0.9,0.9,70.2528,0.626445,0.626445,1.0,121.789116,544321.4,403.47244,1.60746,55.17753,55.184006,0.69605,0.9,1.0,497.6263,1.0,69.11127,72.61827,69.55858,68.89642,69.8295
2018-04-10 17:11:00,0.6027637,0.6025808,70.1108,357730.44,0.1,0.1,61.729992,544321.4,0.9,0.9,70.236374,0.626445,0.626445,1.0,121.789116,544321.4,403.47244,1.60746,55.17758,55.184006,0.69605,0.9,1.0,497.6263,1.0,69.09786,72.5841,69.546814,68.90198,69.806755
2018-04-10 17:12:00,0.6025924,0.60312605,70.0924,357730.44,0.1,0.1,61.697033,546574.5,0.9,0.9,70.21962,0.6280093,0.6280093,1.0,122.17173,546829.7,403.46448,1.60746,55.19093,55.184006,0.6981068,0.9,1.0,500.3859,1.0,69.084076,72.54982,69.5361,68.91027,69.783905
2018-04-10 17:13:00,0.60388964,0.60436743,70.0757,357730.44,0.1,0.1,61.664017,549100.25,0.9,0.9,70.20441,0.6296346,0.6296346,1.0,122.47436,549336.9,403.45883,1.60746,55.198895,55.184006,0.6997851,0.9,1.0,503.36234,1.0,69.07303,72.51642,69.526764,68.92059,69.752594
2018-04-10 17:14:00,0.6046188,0.6049632,70.06087,357730.44,0.1,0.1,61.631004,551128.3,0.9,0.9,70.19002,0.6309534,0.6309534,1.0,122.722435,551333.8,403.45456,1.60746,55.196587,55.184006,0.7012454,0.9,1.0,505.8005,1.0,69.06238,72.482864,69.51732,68.93048,69.71463
2018-04-10 17:15:00,0.60534537,0.6057299,70.046585,357730.44,0.1,0.1,61.565033,553034.56,0.9,0.9,70.17617,0.6322394,0.6322394,1.0,123.005226,553221.2,403.4508,1.60746,55.197304,55.184006,0.7026683,0.9,1.0,508.23212,1.0,69.053314,72.44908,69.50793,68.94043,69.67146
2018-04-10 17:16:00,0.6060548,0.60639274,70.03291,357730.44,0.1,0.1,61.53202,554810.75,0.9,0.9,70.16293,0.633475,0.633475,1.0,123.30871,554980.56,403.44766,1.60746,55.196365,55.184006,0.70403296,0.9,1.0,510.61853,1.0,69.04501,72.415184,69.498535,68.95032,69.62367
2018-04-10 17:17:00,0.60669565,0.6070079,70.01967,357730.44,0.1,0.1,61.53202,556448.4,0.9,0.9,70.15019,0.6346487,0.6346487,1.0,123.62587,556601.44,403.44507,1.60746,55.195488,55.184006,0.70532763,0.9,1.0,512.9331,1.0,69.03787,72.38118,69.4892,68.9601,69.57192
2018-04-10 17:18:00,0.60727865,0.6075563,70.00693,357730.44,0.1,0.1,61.499004,557944.06,0.9,0.9,70.13783,0.63575417,0.63575417,1.0,123.95235,558080.5,403.443,1.60746,55.19439,55.184006,0.7065459,0.9,1.0,515.1595,1.0,69.03145,72.347015,69.47991,68.96965,69.51699
2018-04-10 17:19:00,0.6077942,0.6080376,69.99457,357730.44,0.1,0.1,61.46599,559298.8,0.9,0.9,70.12591,0.63678837,0.63678837,1.0,124.284584,559419.0,403.44147,1.60746,55.193237,55.184006,0.70768476,0.9,1.0,517.28687,1.0,69.025955,72.31268,69.47057,68.978935,69.45947
2018-04-10 17:20:00,0.60824317,0.6084525,69.98254,357730.44,0.1,0.1,61.43303,560516.7,0.9,0.9,70.11432,0.6377504,0.6377504,1.0,124.619484,560621.3,403.44037,1.60746,55.192085,55.184006,0.70874333,0.9,1.0,519.3085,1.0,69.02118,72.278244,69.461235,68.987946,69.39999
2018-04-10 17:21:00,0.6086267,0.608803,69.97089,357730.44,0.1,0.1,61.400017,561604.06,0.9,0.9,70.10306,0.638641,0.638641,1.0,124.9543,561694.1,403.43967,1.60746,55.19093,55.184006,0.7097229,0.9,1.0,521.2208,1.0,69.01723,72.243744,69.45195,68.99663,69.33917
2018-04-10 17:22:00,0.60894734,0.60909253,69.95952,357730.44,0.1,0.1,61.367004,562568.56,0.9,0.9,70.09207,0.6394621,0.6394621,1.0,125.28667,562645.25,403.43936,1.60746,55.189774,55.184006,0.7106255,0.9,1.0,523.0225,1.0,69.01393,72.209076,69.44267,69.00503,69.2776
2018-04-10 17:23:00,0.6092091,0.6093255,69.94848,357730.44,0.1,0.1,61.333992,563418.94,0.9,0.9,70.08147,0.6402166,0.6402166,1.0,125.61455,563483.25,403.43933,1.60746,55.188732,55.184006,0.7114546,0.9,1.0,524.7144,1.0,69.01129,72.17431,69.433495,69.01311,69.21585
2018-04-10 17:24:00,0.6094165,0.6095064,69.93771,357730.44,0.1,0.1,61.268017,564164.25,0.9,0.9,70.07114,0.64090776,0.64090776,1.0,125.936195,564217.44,403.43958,1.60746,55.187744,55.184006,0.7122138,0.9,1.0,526.2986,1.0,69.00931,72.13954,69.42427,69.020905,69.15439
2018-04-10 17:25:00,0.60957426,0.6096404,69.92728,357730.44,0.1,0.1,61.268017,564813.56,0.9,0.9,70.0612,0.6415394,0.6415394,1.0,126.25018,564856.8,403.44006,1.60746,55.186867,55.184006,0.7129073,0.9,1.0,527.7782,1.0,69.00789,72.10477,69.41521,69.02837,69.09374
2018-04-10 17:26:00,0.60968757,0.60973245,69.91717,357730.44,0.1,0.1,61.235,565376.06,0.9,0.9,70.05153,0.64211524,0.64211524,1.0,126.55533,565410.44,403.4407,1.60746,55.186096,55.184006,0.71353954,0.9,1.0,529.15717,1.0,69.007,72.07005,69.40614,69.03563,69.034195
2018-04-10 17:27:00,0.6097613,0.6097874,69.907394,357730.44,0.1,0.1,61.20199,565860.2,0.9,0.9,70.04225,0.6426393,0.6426393,1.0,126.85068,565886.75,403.44156,1.60746,55.18538,55.184006,0.71411467,0.9,1.0,530.4398,1.0,69.006676,72.03528,69.39719,69.0426,68.97603
2018-04-10 17:28:00,0.60980034,0.6098101,69.897995,357730.44,0.1,0.1,61.16903,566274.1,0.9,0.9,70.03335,0.64311534,0.64311534,1.0,127.135506,566293.94,403.4425,1.60746,55.184723,55.184006,0.7146371,0.9,1.0,531.6309,1.0,69.006836,72.0005,69.388336,69.04936,68.91939
2018-04-10 17:29:00,0.6098092,0.6098049,69.88893,357730.44,0.1,0.1,61.136017,566625.56,0.9,0.9,70.02478,0.6435472,0.6435472,1.0,127.40928,566639.44,403.44354,1.60746,55.184174,55.184006,0.7151109,0.9,1.0,532.7352,1.0,69.00745,71.96579,69.37961,69.05589,68.86452
2018-04-10 17:30:00,0.60979205,0.609776,69.88025,357730.44,0.1,0.1,61.103004,566921.44,0.9,0.9,70.01665,0.6439383,0.6439383,1.0,127.671616,566930.25,403.44464,1.60746,55.18373,55.184006,0.71553993,0.9,1.0,533.75757,1.0,69.008484,71.931076,69.37099,69.06227,68.81145
2018-04-10 17:31:00,0.60975325,0.609727,69.8719,357730.44,0.1,0.1,61.06999,567168.25,0.9,0.9,70.0089,0.6442922,0.6442922,1.0,127.92229,567172.75,403.4458,1.60746,55.18335,55.184006,0.715928,0.9,1.0,534.703,1.0,69.00986,71.896355,69.36252,69.068474,68.76031
2018-04-10 17:32:00,0.6096959,0.6096612,69.864,357730.44,0.1,0.1,61.004013,567371.94,0.9,0.9,70.00154,0.64461195,0.64461195,1.0,128.1612,567372.8,403.447,1.60746,55.18302,55.184006,0.7162787,0.9,1.0,535.57623,1.0,69.01162,71.861694,69.35417,69.07452,68.71109
2018-04-10 17:33:00,0.6096234,0.60958177,69.85647,357730.44,0.1,0.1,61.004013,567537.75,0.9,0.9,69.99457,0.64490056,0.64490056,1.0,128.38834,567535.6,403.4482,1.60746,55.182747,55.184006,0.7165951,0.9,1.0,536.38184,1.0,69.01366,71.82703,69.34599,69.080505,68.66374
2018-04-10 17:34:00,0.6095384,0.6094912,69.84927,357730.44,0.1,0.1,60.971,567670.6,0.9,0.9,69.98803,0.6451608,0.6451608,1.0,128.60382,567666.0,403.44943,1.60746,55.182472,55.184006,0.71688044,0.9,1.0,537.1243,1.0,69.016014,71.79237,69.33797,69.08638,68.618256
2018-04-10 17:35:00,0.60944337,0.60939187,69.842514,357730.44,0.1,0.1,60.93799,567774.8,0.9,0.9,69.98183,0.64539516,0.64539516,1.0,128.80782,567768.1,403.45062,1.60746,55.182304,55.184006,0.71713734,0.9,1.0,537.808,1.0,69.0186,71.75777,69.33006,69.09215,68.574585
2018-04-10 17:36:00,0.6093406,0.6092856,69.83609,357730.44,0.1,0.1,60.90503,567854.2,0.9,0.9,69.975945,0.6456061,0.6456061,1.0,129.00056,567845.8,403.4518,1.60746,55.182198,55.184006,0.71736854,0.9,1.0,538.4369,1.0,69.021454,71.7231,69.32231,69.09786,68.53267
2018-04-10 17:37:00,0.6092318,0.60917425,69.82999,357730.44,0.1,0.1,60.872017,567912.2,0.9,0.9,69.970505,0.6457957,0.6457957,1.0,129.18233,567902.56,403.45297,1.60746,55.182083,55.184006,0.7175763,0.9,1.0,539.01495,1.0,69.024475,71.68855,69.31473,69.103516,68.4924
2018-04-10 17:38:00,0.6091186,0.60905915,69.82422,357730.44,0.1,0.1,60.839,567951.94,0.9,0.9,69.96535,0.645966,0.645966,1.0,129.35347,567941.3,403.45416,1.60746,55.181976,55.184006,0.7177629,0.9,1.0,539.5459,1.0,69.027664,71.65399,69.30731,69.10912,68.453735
2018-04-10 17:39:00,0.60900223,0.60894156,69.81879,357730.44,0.1,0.1,60.805984,567976.06,0.9,0.9,69.96045,0.64611876,0.64611876,1.0,129.51434,567964.7,403.45526,1.60746,55.181923,55.184006,0.7179303,0.9,1.0,540.033,1.0,69.03107,71.619446,69.300064,69.11473,68.41655
2018-04-10 17:40:00,0.6088838,0.6088224,69.81362,357730.44,0.1,0.1,60.740013,567987.06,0.9,0.9,69.955894,0.64625573,0.64625573,1.0,129.66533,567975.2,403.45633,1.60746,55.181866,55.184006,0.71808034,0.9,1.0,540.47974,1.0,69.03453,71.58489,69.292984,69.12027,68.38068
2018-04-10 17:41:00,0.6087642,0.60870254,69.80879,357730.44,0.1,0.1,60.740013,567987.0,0.9,0.9,69.951614,0.64637834,0.64637834,1.0,129.80682,567974.75,403.4573,1.60746,55.181866,55.184006,0.71821463,0.9,1.0,540.889,1.0,69.03815,71.5504,69.286,69.125824,68.34596
2018-04-10 17:42:00,0.6086443,0.6085826,69.80417,357730.44,0.1,0.1,60.707,567977.6,0.9,0.9,69.9476,0.646488,0.646488,1.0,129.93925,567965.3,403.4583,1.60746,55.181866,55.184006,0.71833473,0.9,1.0,541.2637,1.0,69.04183,71.51595,69.27925,69.13137,68.31229
2018-04-10 17:43:00,0.60852456,0.6084631,69.799774,357730.44,0.1,0.1,60.67399,567960.75,0.9,0.9,69.943756,0.646586,0.646586,1.0,130.06303,567948.4,403.45923,1.60746,55.181866,55.184006,0.7184421,0.9,1.0,541.6064,1.0,69.04562,71.48151,69.2726,69.13692,68.279495
2018-04-10 17:44:00,0.6084054,0.6083444,69.79561,357730.44,0.1,0.1,60.64103,567937.6,0.9,0.9,69.940186,0.6466735,0.6466735,1.0,130.17857,567925.44,403.46014,1.60746,55.181866,55.184006,0.71853787,0.9,1.0,541.91986,1.0,69.04947,71.44707,69.266174,69.14247,68.247406
2018-04-10 17:45:00,0.6082872,0.60822666,69.79165,357730.44,0.1,0.1,60.608013,567909.6,0.9,0.9,69.93672,0.6467515,0.6467515,1.0,130.28632,567897.56,403.461,1.60746,55.181866,55.184006,0.7186233,0.9,1.0,542.2061,1.0,69.053314,71.41268,69.25986,69.14801,68.21588
2018-04-10 17:46:00,0.60817003,0.6081101,69.7878,357730.44,0.1,0.1,60.574997,567877.7,0.9,0.9,69.93349,0.64682096,0.64682096,1.0,130.38666,567865.9,403.4618,1.60746,55.181923,55.184006,0.7186993,0.9,1.0,542.4675,1.0,69.05727,71.378296,69.25365,69.153564,68.18495
2018-04-10 17:47:00,0.6080541,0.6079948,69.78412,357730.44,0.1,0.1,60.541985,567842.8,0.9,0.9,69.9303,0.6468828,0.6468828,1.0,130.48001,567831.3,403.46252,1.60746,55.181923,55.184006,0.71876687,0.9,1.0,542.706,1.0,69.06117,71.34396,69.247665,69.15911,68.15457
2018-04-10 17:48:00,0.6079394,0.60788083,69.78055,357730.44,0.1,0.1,60.476013,567805.7,0.9,0.9,69.92728,0.64693767,0.64693767,1.0,130.56676,567794.56,403.46326,1.60746,55.181923,55.184006,0.71882695,0.9,1.0,542.92334,1.0,69.065125,71.30963,69.24178,69.16472,68.1248
2018-04-10 17:49:00,0.607826,0.6077683,69.777145,357730.44,0.1,0.1,60.476013,567767.2,0.9,0.9,69.92436,0.6469863,0.6469863,1.0,130.6473,567756.4,403.4639,1.60746,55.181976,55.184006,0.7188802,0.9,1.0,543.1214,1.0,69.06908,71.27535,69.236015,69.17026,68.09558
2018-04-10 17:50:00,0.6077142,0.6076571,69.773796,357730.44,0.1,0.1,60.443,567727.7,0.9,0.9,69.92156,0.64702946,0.64702946,1.0,130.72198,567717.4,403.46457,1.60746,55.181976,55.184006,0.7189273,0.9,1.0,543.30176,1.0,69.07298,71.24107,69.23041,69.175865,68.06685
2018-04-10 17:51:00,0.6076036,0.6075473,69.7705,357730.44,0.1,0.1,60.409985,567687.75,0.9,0.9,69.91876,0.64706755,0.64706755,1.0,130.79121,567677.9,403.46515,1.60746,55.18203,55.184006,0.71896905,0.9,1.0,543.4658,1.0,69.076935,71.2068,69.224915,69.18147,68.03873
2018-04-10 17:52:00,0.60749453,0.6074389,69.76732,357730.44,0.1,0.1,60.377026,567647.8,0.9,0.9,69.91607,0.6471012,0.6471012,1.0,130.85529,567638.4,403.4657,1.60746,55.18203,55.184006,0.7190059,0.9,1.0,543.615,1.0,69.08083,71.17258,69.21959,69.18707,68.011154
2018-04-10 17:53:00,0.60738695,0.607332,69.76413,357730.44,0.1,0.1,60.34401,567608.1,0.9,0.9,69.91344,0.6471309,0.6471309,1.0,130.91455,567599.2,403.46625,1.60746,55.182083,55.184006,0.7190383,0.9,1.0,543.75055,1.0,69.08473,71.13835,69.21437,69.19267,67.98401
2018-04-10 17:54:00,0.60728073,0.60722655,69.76105,357730.44,0.1,0.1,60.310997,567569.06,0.9,0.9,69.91085,0.647157,0.647157,1.0,130.96931,567560.56,403.4667,1.60746,55.182083,55.184006,0.7190668,0.9,1.0,543.8736,1.0,69.08858,71.10419,69.20926,69.19827,67.95748
2018-04-10 17:55:00,0.60717595,0.60712254,69.758026,357730.44,0.1,0.1,60.245026,567530.8,0.9,0.9,69.908325,0.6471799,0.6471799,1.0,131.0199,567522.8,403.46713,1.60746,55.18214,55.184006,0.71909183,0.9,1.0,543.9852,1.0,69.09237,71.07002,69.204315,69.20393,67.93139
2018-04-10 17:56:00,0.60707265,0.60701996,69.755005,357730.44,0.1,0.1,60.245026,567493.56,0.9,0.9,69.90585,0.6472,0.6472,1.0,131.06654,567486.0,403.4676,1.60746,55.18214,55.184006,0.71911377,0.9,1.0,544.0864,1.0,69.09616,71.035736,69.19943,69.20953,67.90579
2018-04-10 17:57:00,0.6069707,0.6069187,69.752045,357730.44,0.1,0.1,60.212013,567457.44,0.9,0.9,69.90338,0.6472176,0.6472176,1.0,131.10956,567450.25,403.46796,1.60746,55.182198,55.184006,0.71913296,0.9,1.0,544.1781,1.0,69.0999,71.00136,69.194595,69.21514,67.88074
2018-04-10 17:58:00,0.6068701,0.60681874,69.74908,357730.44,0.1,0.1,60.178997,567422.56,0.9,0.9,69.90091,0.64723283,0.64723283,1.0,131.14919,567415.9,403.46835,1.60746,55.182198,55.184006,0.71914965,0.9,1.0,544.26117,1.0,69.10358,70.9668,69.189926,69.22075,67.85608
2018-04-10 17:59:00,0.60677075,0.6067201,69.74617,357730.44,0.1,0.1,60.14598,567389.06,0.9,0.9,69.89849,0.6472461,0.6472461,1.0,131.18564,567382.75,403.46866,1.60746,55.182198,55.184006,0.71916413,0.9,1.0,544.33624,1.0,69.107254,70.93219,69.18532,69.2264,67.83191
2018-04-10 18:00:00,0.60667264,0.6066225,69.743256,357730.44,0.1,0.1,60.11302,567356.94,0.9,0.9,69.89607,0.6472576,0.6472576,1.0,131.21916,567350.94,403.46896,1.60746,55.18225,55.184006,0.71917665,0.9,1.0,544.4041,1.0,69.110886,70.89737,69.180756,69.23195,67.80818
2018-04-10 18:01:00,0.6065757,0.60652614,69.74034,357730.44,0.1,0.1,60.08001,567326.2,0.9,0.9,69.89366,0.6472676,0.6472676,1.0,131.24997,567320.6,403.46927,1.60746,55.18225,55.184006,0.7191875,0.9,1.0,544.4654,1.0,69.114456,70.86249,69.1763,69.23755,67.78494
2018-04-10 18:02:00,0.06053186,0.0,69.73694,357730.44,0.1,0.1,60.011017,567296.94,0.9,0.9,69.89135,0.6472761,0.6472761,1.0,131.27827,567291.7,403.46954,1.60746,61.97735,55.184006,0.7191968,0.9,1.0,544.5207,1.0,69.1278,70.82799,69.172134,69.24327,67.762146
2018-04-10 18:03:00,0.002217032,0.0,69.71947,357730.44,0.16052179,0.16052179,59.873028,566097.25,0.8749524,0.8394782,69.895355,0.64772,0.64772,1.0,132.59644,566299.75,403.46713,1.60746,64.38088,55.184006,0.71987677,0.9,1.0,546.72974,1.0,69.23129,70.803925,69.17619,69.25579,67.74649
2018-04-10 18:04:00,6.509729e-05,0.0,69.63235,357730.44,0.2362157,0.2362157,59.80403,562079.44,0.80229515,0.7637843,69.92563,0.6494515,0.6494515,1.0,137.21211,562896.2,403.45984,1.60746,66.00537,55.184006,0.72191864,0.9,1.0,555.3694,1.0,69.41509,70.803604,69.203384,69.293304,67.75539
2018-04-10 18:05:00,1.7021812e-06,0.0,69.4887,357730.44,0.30813056,0.30813056,59.80403,556027.9,0.72859305,0.69186944,69.99313,0.65199643,0.65199643,1.0,143.98492,557480.44,403.44968,1.60746,67.06084,55.184006,0.72487324,0.9,1.0,568.21185,1.0,69.67316,70.828094,69.25568,69.360825,67.793076
2018-04-10 18:06:00,4.28652e-08,0.0,69.269196,357730.44,0.37483183,0.37483183,59.734985,548012.25,0.6591109,0.62516814,70.104095,0.65541625,0.65541625,1.0,152.70407,550141.44,403.4369,1.60746,67.70056,55.184006,0.72878355,0.9,1.0,585.0056,1.0,69.986984,70.87622,69.33187,69.45755,67.85838
2018-04-10 18:07:00,1.0281442e-09,0.0,68.94905,357730.44,0.4344479,0.4344479,59.665993,538931.75,0.5958142,0.56555206,70.25862,0.65938145,0.65938145,1.0,162.02261,541597.2,403.42325,1.60746,68.02098,55.184006,0.7332266,0.9,1.0,603.7396,1.0,70.34146,70.944664,69.428825,69.58011,67.94787
2018-04-10 18:08:00,2.3972963e-11,0.0,68.525475,357730.44,0.4862422,0.4862422,59.596996,530471.8,0.5400709,0.5137578,70.44957,0.6633903,0.6633903,1.0,170.6024,533283.94,403.4117,1.60746,68.08954,55.184006,0.7374836,0.9,1.0,621.69336,1.0,70.71686,71.02722,69.54028,69.722,68.05521
2018-04-10 18:09:00,5.5518296e-13,0.0,68.02785,357730.44,0.5313633,0.5313633,59.528,505183.22,0.49142903,0.4686367,70.6488,0.6576263,0.6576263,1.0,174.52058,506195.16,403.44446,1.60746,67.96973,55.184006,0.7303397,0.9,1.0,615.6904,1.0,71.096,71.10281,69.64795,69.86663,68.16435
2018-04-10 18:10:00,1.26596486e-14,0.0,67.457054,357730.44,0.5694063,0.5694063,59.459007,491288.56,0.45022222,0.43059373,70.85842,0.6559514,0.6559514,1.0,177.48836,492137.16,403.45358,1.60746,67.6993,55.184006,0.7286422,0.9,1.0,615.0632,1.0,71.484146,71.18065,69.75781,70.01451,68.27669
2018-04-10 18:11:00,2.7752836000000004e-16,0.0,66.87033,357730.44,0.6033373,0.6033373,59.390015,481773.8,0.4141937,0.3966627,71.07556,0.6546031,0.6546031,1.0,178.92894,482269.84,403.4611,1.60746,67.33456,55.184006,0.72714925,0.9,1.0,613.54144,1.0,71.854004,71.259094,69.86938,70.16623,68.39276
2018-04-10 18:12:00,6.207888e-18,0.0,66.278885,357730.44,0.6337222,0.6337222,59.252026,475070.44,0.38211894,0.3662778,71.29474,0.6532635,0.6532635,1.0,179.3736,475217.34,403.46786,1.60746,66.90318,55.184006,0.72565675,0.9,1.0,611.1089,1.0,72.211,71.33605,69.980064,70.31833,68.50927
2018-04-10 18:13:00,1.3707219e-19,0.0,65.69759,357730.44,0.6614028,0.6614028,59.252026,470415.3,0.35313943,0.33859715,71.51282,0.6518719,0.6518719,1.0,179.14302,470275.3,403.47427,1.60746,66.42995,55.184006,0.7240971,0.9,1.0,607.9882,1.0,72.543396,71.41054,70.088776,70.46907,68.62468
2018-04-10 18:14:00,3.510663e-21,0.0,65.13493,357730.44,0.6869306,0.6869306,59.18303,467212.62,0.32658586,0.31306937,71.72744,0.65037256,0.65037256,1.0,178.41359,466847.6,403.48056,1.60746,65.93402,55.184006,0.72241116,0.9,1.0,604.2399,1.0,72.854034,71.481895,70.194626,70.617,68.73773
2018-04-10 18:15:00,2.2950826e-22,0.0,64.59891,357730.44,0.7108756,0.7108756,59.114037,463770.3,0.30194786,0.28912443,71.93651,0.6472887,0.6472887,1.0,176.16266,462617.34,403.4958,1.60746,65.432,55.184006,0.7182943,0.9,1.0,596.0617,1.0,73.13858,71.54913,70.29587,70.758446,68.84485
2018-04-10 18:16:00,-3.5496492000000005e-22,0.0,64.0859,357730.44,0.73319507,0.73319507,59.04499,458723.28,0.2787393,0.26680493,72.13481,0.6426309,0.6426309,1.0,172.76112,457544.62,403.51187,1.60746,64.9375,55.184006,0.7134876,0.9,1.0,583.57025,1.0,73.39632,71.60895,70.388596,70.88951,68.94158
2018-04-10 18:17:00,-1.0011514e-21,0.0,63.60305,357730.44,0.7544093,0.7544093,58.975994,455201.7,0.25706282,0.24559066,72.324936,0.63883674,0.63883674,1.0,169.89172,454078.2,403.52426,1.60746,64.449875,55.184006,0.7092705,0.9,1.0,573.4237,1.0,73.63043,71.66559,70.47896,71.01937,69.03711
2018-04-10 18:18:00,-6.226035e-23,0.0,63.148987,357730.44,0.7746228,0.7746228,58.906998,452116.12,0.23636194,0.22537717,72.50577,0.6350254,0.6350254,1.0,166.9418,450993.78,403.53552,1.60746,63.97966,55.184006,0.70503414,0.9,1.0,563.28625,1.0,73.83874,71.71771,70.5647,71.144615,69.12758
2018-04-10 18:19:00,6.395143000000001e-22,0.0,62.72409,357730.44,0.7940104,0.7940104,58.838005,449255.78,0.21657988,0.20598963,72.67644,0.63121724,0.63121724,1.0,163.98178,448152.47,403.5457,1.60746,63.529003,55.184006,0.7008039,0.9,1.0,553.2397,1.0,74.02342,71.76495,70.64529,71.26486,69.212234
2018-04-10 18:20:00,9.065724e-22,0.0,62.327866,357730.44,0.8127101,0.8127101,58.70002,446036.3,0.1975687,0.18728988,72.83651,0.62700963,0.62700963,1.0,160.76292,444648.12,403.55838,1.60746,63.10092,55.184006,0.6956985,0.9,1.0,542.3416,1.0,74.18453,71.806656,70.71988,71.37945,69.29024
2018-04-10 18:21:00,1.782038e-21,0.0,61.958397,357730.44,0.83077013,0.83077013,58.70002,440266.53,0.17913586,0.16922984,72.98422,0.6213291,0.6213291,1.0,156.77696,438907.7,403.57324,1.60746,62.70036,55.184006,0.68966067,0.9,1.0,527.97705,1.0,74.322685,71.8401,70.78646,71.48453,69.357635
2018-04-10 18:22:00,5.856920400000001e-22,0.0,61.613594,357730.44,0.84821576,0.84821576,58.631023,435733.34,0.16144186,0.15178424,73.12325,0.61656785,0.61656785,1.0,153.4254,434556.94,403.58374,1.60746,62.32029,55.184006,0.6844049,0.9,1.0,516.0704,1.0,74.440735,71.869934,70.852104,71.58659,69.4207
2018-04-10 18:23:00,-2.6945396000000004e-22,0.0,61.293503,357730.44,0.8651846,0.8651846,58.562027,431510.28,0.14422259,0.13481538,73.25234,0.6120088,0.6120088,1.0,150.23465,430443.0,403.5924,1.60746,61.964,55.184006,0.67936784,0.9,1.0,504.82925,1.0,74.53752,71.89311,70.9144,71.68399,69.477554
2018-04-10 18:24:00,-9.2755837e-23,0.0,60.99572,357730.44,0.88168067,0.88168067,58.493034,427491.0,0.12749383,0.118319325,73.37105,0.6076532,0.6076532,1.0,147.22261,426528.12,403.5994,1.60746,61.629906,55.184006,0.6745579,0.9,1.0,494.23923,1.0,74.61597,71.91135,70.97366,71.776825,69.52825
2018-04-10 18:25:00,-5.641012e-21,0.0,60.718918,357730.44,0.897743,0.897743,58.42399,423668.12,0.11121283,0.102257036,73.47926,0.60350597,0.60350597,1.0,144.38943,422804.47,403.6048,1.60746,61.31729,55.184006,0.66998035,0.9,1.0,484.29224,1.0,74.67617,71.92503,71.03008,71.865265,69.57302
2018-04-10 18:26:00,-1.6059013e-21,0.0,60.461346,357730.44,0.91339344,0.91339344,58.354992,420039.12,0.09535431,0.08660654,73.57704,0.59957,0.59957,1.0,141.73262,419268.8,403.6088,1.60746,61.024944,55.184006,0.66563743,0.9,1.0,474.97516,1.0,74.720276,71.93426,71.083755,71.94936,69.61197
2018-04-10 18:27:00,2.36642e-22,0.0,60.22157,357730.44,0.9286496,0.9286496,58.217003,416603.7,0.07989691,0.071350396,73.66455,0.5958452,0.5958452,1.0,139.24696,415920.22,403.61154,1.60746,60.75177,55.184006,0.66152924,0.9,1.0,466.26782,1.0,74.749115,71.939316,71.13484,72.02929,69.645256
2018-04-10 18:28:00,-8.329217500000001e-22,0.0,59.998108,357730.44,0.94352454,0.94352454,58.14801,413361.8,0.064827345,0.056475475,73.7419,0.5923295,0.5923295,1.0,136.92586,412758.5,403.6131,1.60746,60.496502,55.184006,0.6576528,0.9,1.0,458.1465,1.0,74.76445,71.94035,71.18334,72.105255,69.67327
2018-04-10 18:29:00,-1.3751131000000001e-21,0.0,59.789474,357730.44,0.9580264,0.9580264,58.14801,410313.25,0.05013383,0.0419736,73.80951,0.5890184,0.5890184,1.0,134.76137,409783.12,403.61368,1.60746,60.257824,55.184006,0.65400296,0.9,1.0,450.58353,1.0,74.7672,71.93755,71.229485,72.17733,69.69623
2018-04-10 18:30:00,1.5175093000000002e-22,0.0,59.594414,357730.44,0.97216076,0.97216076,58.079018,407456.2,0.03581038,0.02783926,73.86769,0.5859061,0.5859061,1.0,132.74512,406992.5,403.61334,1.60746,60.034527,55.184006,0.650573,0.9,1.0,443.54947,1.0,74.758896,71.93112,71.273315,72.24567,69.714355
2018-04-10 18:31:00,-9.781274399999999e-23,0.0,59.41166,357730.44,0.9859304,0.9859304,58.01002,404787.78,0.021852266,0.014069631,73.916855,0.5829854,0.5829854,1.0,130.86832,404383.97,403.61224,1.60746,59.8254,55.184006,0.6473549,0.9,1.0,437.01373,1.0,74.74044,71.921295,71.31485,72.310425,69.72798
2018-04-10 18:32:00,0.04857745,0.13504691,59.172264,357730.44,0.99552155,0.99552155,57.941025,401611.75,0.008662784,0.004478447,73.95849,0.5804366,0.5804366,1.0,129.3815,401537.75,403.6092,1.60746,59.417152,55.184006,0.64466244,0.9,1.0,431.4118,1.0,74.71402,71.90904,71.35495,72.372284,69.73787
2018-04-10 18:33:00,0.04737219,0.04982905,58.861954,357730.44,0.99912107,0.99912107,57.872032,398675.8,0.0072829686,0.0008789566,73.99452,0.57827824,0.57827824,1.0,128.15504,398624.66,403.60522,1.60746,58.09077,55.184006,0.64229596,0.9,1.0,426.76733,1.0,74.67935,71.89537,71.394775,72.43265,69.74562
2018-04-10 18:34:00,0.108838655,0.15938741,58.533737,357730.44,0.99994206,0.99994206,57.73399,396204.6,0.0060667065,5.7928068e-05,74.023254,0.5763082,0.5763082,1.0,127.005,396024.8,403.60095,1.60746,57.46142,55.184006,0.6401124,0.9,1.0,422.55237,1.0,74.62964,71.87756,71.43191,72.4895,69.748856
2018-04-10 18:35:00,0.1995197,0.23498358,58.158447,357730.44,0.99649763,0.99649763,57.664993,393967.5,0.004236621,0.0035023557,74.04451,0.574593,0.574593,1.0,126.015785,393676.8,403.59637,1.60746,56.837067,55.184006,0.63812953,0.9,1.0,418.91974,1.0,74.56752,71.85504,71.46591,72.54196,69.74638
2018-04-10 18:36:00,0.25648487,0.27473605,57.870056,357730.44,0.99645156,0.99645156,57.664993,391202.84,0.000939744,0.0035484633,74.058075,0.57320917,0.57320917,1.0,125.358406,391276.78,403.5903,1.60746,56.21167,55.184006,0.63663924,0.9,1.0,416.0437,1.0,74.491,71.82736,71.49623,72.5892,69.73721
2018-04-10 18:37:00,0.2814571,0.288433,57.78826,357730.44,1.0,1.0,57.596,389433.9,0.00089521793,0.0,74.06137,0.57164615,0.57164615,1.0,124.43023,389554.66,403.58545,1.60746,55.710526,55.184006,0.63496995,0.9,1.0,412.71057,1.0,74.39943,71.792755,71.52145,72.63002,69.72024
2018-04-10 18:38:00,0.2901059,0.29102564,57.546455,357730.44,1.0,1.0,57.527008,388037.7,4.0464645e-05,0.0,74.05649,0.5702265,0.5702265,1.0,123.55823,388022.88,403.58072,1.60746,55.39901,55.184006,0.6333896,0.9,1.0,409.70193,1.0,74.2961,71.75326,71.54342,72.66606,69.69717
2018-04-10 18:39:00,0.2908632,0.2905715,57.463562,357730.44,1.0,1.0,57.458015,386715.47,1.2722707e-06,0.0,74.04237,0.5689086,0.5689086,1.0,122.7579,386710.47,403.57596,1.60746,55.256737,55.184006,0.6319404,0.9,1.0,406.90875,1.0,74.18014,71.70816,71.56116,72.69627,69.66707
2018-04-10 18:40:00,0.28992113,0.2890254,57.3938,357730.44,1.0,1.0,57.38902,385540.84,3.5041452e-08,0.0,74.019516,0.5676922,0.5676922,1.0,122.016174,385544.4,403.57123,1.60746,55.191696,55.184006,0.6306028,0.9,1.0,404.3376,1.0,74.05742,71.658615,71.5755,72.72159,69.63103
2018-04-10 18:41:00,0.2878931,0.28653684,57.324806,357730.44,1.0,1.0,57.320023,384502.12,9.034056e-10,0.0,73.98831,0.5665697,0.5665697,1.0,121.32847,384512.75,403.56656,1.60746,55.15742,55.184006,0.6293684,0.9,1.0,401.9701,1.0,73.9285,71.60506,71.586815,72.742355,69.589935
2018-04-10 18:42:00,0.2850953,0.28344524,57.25581,357730.44,1.0,1.0,57.25103,383585.75,2.2091022e-11,0.0,73.949265,0.5655342,0.5655342,1.0,120.691055,383602.25,403.56192,1.60746,55.138195,55.184006,0.6282298,0.9,1.0,399.79028,1.0,73.79699,71.54787,71.59555,72.75911,69.54462
2018-04-10 18:43:00,0.28180972,0.27997446,57.186813,357730.44,1.0,1.0,57.112988,382779.44,5.2395474e-13,0.0,73.90312,0.5645794,0.5645794,1.0,120.10045,382800.75,403.55743,1.60746,55.12699,55.184006,0.62718,0.9,1.0,397.78363,1.0,73.663895,71.48744,71.601974,72.772354,69.495895
2018-04-10 18:44:00,0.27821964,0.2762698,57.117874,357730.44,1.0,1.0,57.112988,382072.12,1.2175628e-14,0.0,73.85066,0.5636995,0.5636995,1.0,119.553444,382097.44,403.55304,1.60746,55.120285,55.184006,0.62621254,0.9,1.0,395.93686,1.0,73.53145,71.423996,71.606476,72.782455,69.444534
2018-04-10 18:45:00,0.2744414,0.2724206,57.04888,357730.44,1.0,1.0,57.04399,381453.78,2.7843013000000005e-16,0.0,73.79271,0.562889,0.562889,1.0,119.047005,381482.3,403.54877,1.60746,55.11628,55.184006,0.6253215,0.9,1.0,394.23773,1.0,73.40044,71.35791,71.60928,72.78987,69.39108
2018-04-10 18:46:00,0.27054605,0.26848048,56.97989,357730.44,1.0,1.0,56.975,380915.4,6.280320399999999e-18,0.0,73.72997,0.56214285,0.56214285,1.0,118.57833,380946.47,403.54468,1.60746,55.11375,55.184006,0.62450135,0.9,1.0,392.67502,1.0,73.27212,71.28931,71.61071,72.794815,69.33615
2018-04-10 18:47:00,0.2665758,0.26448065,56.910896,357730.44,1.0,1.0,56.906006,380448.78,1.3871869999999999e-19,0.0,73.66339,0.5614565,0.5614565,1.0,118.14482,380481.8,403.54068,1.60746,55.112213,55.184006,0.62374693,0.9,1.0,391.23837,1.0,73.147095,71.21838,71.610825,72.79762,69.28018
2018-04-10 18:48:00,0.2625548,0.26043847,56.8419,357730.44,1.0,1.0,56.837013,380046.5,4.640491e-21,0.0,73.59363,0.5608256,0.5608256,1.0,117.744,380080.94,403.5368,1.60746,55.111168,55.184006,0.62305343,0.9,1.0,389.91824,1.0,73.02608,71.14544,71.609886,72.79849,69.223495
2018-04-10 18:49:00,0.25849602,0.2563624,56.772903,357730.44,1.0,1.0,56.768017,379701.78,-5.4609006e-21,0.0,73.521454,0.560246,0.560246,1.0,117.37362,379737.25,403.53314,1.60746,55.110397,55.184006,0.6224165,0.9,1.0,388.70587,1.0,72.90935,71.07057,71.60802,72.79762,69.16641
2018-04-10 18:50:00,0.25440535,0.25225607,56.70391,357730.44,1.0,1.0,56.630028,379408.62,1.2652879999999999e-21,0.0,73.44751,0.55971396,0.55971396,1.0,117.03154,379444.75,403.5296,1.60746,55.10974,55.184006,0.62183195,0.9,1.0,387.59308,1.0,72.79723,70.99394,71.60533,72.7952,69.10928
2018-04-10 18:51:00,0.25028467,0.24811977,56.63492,357730.44,1.0,1.0,56.561035,379161.44,-1.3855149e-21,0.0,73.37237,0.5592261,0.5592261,1.0,116.715775,379197.84,403.5262,1.60746,55.10919,55.184006,0.62129587,0.9,1.0,386.57236,1.0,72.68979,70.91571,71.60187,72.79135,69.052216
2018-04-10 18:52:00,0.24613324,0.24395189,56.565926,357730.44,1.0,1.0,56.561035,378955.22,6.8982314000000005e-22,0.0,73.29651,0.55877906,0.55877906,1.0,116.42448,378991.75,403.52298,1.60746,55.10859,55.184006,0.6208047,0.9,1.0,385.63672,1.0,72.58707,70.83601,71.59775,72.78613,68.99547
2018-04-10 18:53:00,0.24194892,0.23974976,56.49693,357730.44,1.0,1.0,56.491985,378785.53,1.3340713000000002e-22,0.0,73.22037,0.55836976,0.55836976,1.0,116.155914,378821.8,403.51987,1.60746,55.107983,55.184006,0.6203552,0.9,1.0,384.7797,1.0,72.48912,70.755035,71.59308,72.77977,68.93911
2018-04-10 18:54:00,0.23772874,0.23551005,56.427933,357730.44,1.0,1.0,56.42299,378648.2,2.3663497e-21,0.0,73.144455,0.55799544,0.55799544,1.0,115.90847,378684.12,403.51694,1.60746,55.107376,55.184006,0.61994404,0.9,1.0,383.99536,1.0,72.39596,70.67291,71.58786,72.77224,68.883354
2018-04-10 18:55:00,0.23346929,0.23122916,56.35894,357730.44,1.0,1.0,56.353996,378539.53,-1.8214514000000002e-22,0.0,73.06903,0.5576535,0.5576535,1.0,115.68065,378574.9,403.51416,1.60746,55.106667,55.184006,0.61956847,0.9,1.0,383.27805,1.0,72.30736,70.58986,71.582146,72.76367,68.82826
2018-04-10 18:56:00,0.2291669,0.22690338,56.289948,357730.44,1.0,1.0,56.285004,378456.2,-1.297642e-21,0.0,72.99444,0.55734134,0.55734134,1.0,115.47103,378490.88,403.51147,1.60746,55.105843,55.184006,0.61922574,0.9,1.0,382.62268,1.0,72.22336,70.50615,71.57594,72.75411,68.77388
2018-04-10 18:57:00,0.22481787,0.22252898,56.220955,357730.44,1.0,1.0,56.21601,378395.16,-2.9440459e-21,0.0,72.92088,0.5570568,0.5570568,1.0,115.278305,378429.03,403.50897,1.60746,55.10502,55.184006,0.61891335,0.9,1.0,382.0244,1.0,72.1436,70.421875,71.5694,72.74362,68.72026
2018-04-10 18:58:00,0.22041842,0.21810238,56.15196,357730.44,1.0,1.0,56.147015,378353.7,-1.9940225e-21,0.0,72.84854,0.5567976,0.5567976,1.0,115.10125,378386.66,403.5066,1.60746,55.104137,55.184006,0.61862886,0.9,1.0,381.47885,1.0,72.06796,70.337395,71.562485,72.7323,68.66747
2018-04-10 18:59:00,0.2159649,0.21362004,56.08291,357730.44,1.0,1.0,56.009026,378329.3,-1.2956539e-24,0.0,72.77762,0.55656195,0.55656195,1.0,114.93871,378361.3,403.50433,1.60746,55.10315,55.184006,0.6183702,0.9,1.0,380.98187,1.0,71.99633,70.2528,71.555176,72.72011,68.615616
2018-04-10 19:00:00,0.21145466,0.20907731,56.01397,357730.44,1.0,1.0,56.009026,378319.78,-4.758615e-21,0.0,72.708244,0.55634785,0.55634785,1.0,114.789635,378350.78,403.5022,1.60746,55.102104,55.184006,0.6181353,0.9,1.0,380.5296,1.0,71.92854,70.16848,71.54754,72.7072,68.56459
2018-04-10 19:01:00,0.20688222,0.20447364,55.944923,357730.44,1.0,1.0,55.940033,378323.12,-3.7558366e-21,0.0,72.64052,0.55615366,0.55615366,1.0,114.65302,378353.06,403.50018,1.60746,55.101006,55.184006,0.6179222,0.9,1.0,380.11853,1.0,71.864334,70.08455,71.53957,72.69347,68.51454
2018-04-10 19:02:00,0.2026229,0.20080155,55.926407,357730.44,1.0,1.0,55.925034,378337.6,-4.556063e-22,0.0,72.57327,0.55597776,0.55597776,1.0,114.52795,378366.44,403.49826,1.60746,55.112762,55.184006,0.61772925,0.9,1.0,379.74536,1.0,71.75375,69.99721,71.525345,72.6754,68.458786
2018-04-10 19:03:00,0.19943781,0.19804797,55.911247,357730.44,1.0,1.0,55.909985,378361.5,2.8036036e-20,0.0,72.50488,0.5558186,0.5558186,1.0,114.41352,378389.22,403.49646,1.60746,55.12699,55.184006,0.6175547,0.9,1.0,379.40698,1.0,71.68053,69.91069,71.51106,72.65672,68.40419
2018-04-10 19:04:00,0.1969636,0.19584936,55.896194,357730.44,1.0,1.0,55.89499,378393.44,7.0241947e-22,0.0,72.43661,0.5556749,0.5556749,1.0,114.30896,378420.03,403.4948,1.60746,55.13836,55.184006,0.6173972,0.9,1.0,379.10065,1.0,71.591095,69.82527,71.49657,72.637436,68.35068
2018-04-10 19:05:00,0.19502045,0.19437031,55.88076,357730.44,1.0,1.0,55.87999,380786.53,3.5230755e-22,0.0,72.36904,0.55663097,0.55663097,1.0,114.68671,381161.25,403.48764,1.60746,55.151817,55.184006,0.61868954,0.9,1.0,380.85913,1.0,71.521835,69.73979,71.483765,72.6192,68.299866
2018-04-10 19:06:00,0.194212,0.19403546,55.865875,357730.44,1.0,1.0,55.864998,383787.97,-2.2483078e-20,0.0,72.30026,0.5577721,0.5577721,1.0,115.10406,384027.88,403.48163,1.60746,55.16857,55.184006,0.61988676,0.9,1.0,383.00446,1.0,71.44839,69.64383,71.47173,72.60173,68.251366
2018-04-10 19:07:00,0.19401158,0.19399807,55.850876,357730.44,1.0,1.0,55.835003,386186.72,-1.8825478999999998e-20,0.0,72.229675,0.5587399,0.5587399,1.0,115.47055,386402.03,403.47665,1.60746,55.178078,55.184006,0.62095916,0.9,1.0,384.83228,1.0,71.38494,69.54094,71.458984,72.58333,68.203415
2018-04-10 19:08:00,0.19408752,0.19418076,55.835884,357730.44,1.0,1.0,55.835003,388445.94,2.0000807000000002e-22,0.0,72.15854,0.55969256,0.55969256,1.0,115.83916,388645.72,403.47223,1.60746,55.183952,55.184006,0.62201506,0.9,1.0,386.64328,1.0,71.32177,69.43317,71.44614,72.56448,68.156555
2018-04-10 19:09:00,0.19432983,0.19447352,55.820885,357730.44,1.0,1.0,55.820007,390568.75,-2.9069046e-20,0.0,72.087296,0.56062216,0.56062216,1.0,116.20512,390752.34,403.46832,1.60746,55.18725,55.184006,0.62304395,0.9,1.0,388.42148,1.0,71.264755,69.32171,71.43317,72.54526,68.11074
2018-04-10 19:10:00,0.19464222,0.19479987,55.80589,357730.44,1.0,1.0,55.805008,392545.4,9.858097e-21,0.0,72.01638,0.5615195,0.5615195,1.0,116.56442,392712.5,403.4649,1.60746,55.188843,55.184006,0.62403584,0.9,1.0,390.14792,1.0,71.209435,69.20761,71.41994,72.52554,68.06592
2018-04-10 19:11:00,0.19496086,0.19510657,55.790894,357730.44,1.0,1.0,55.790016,394371.44,-1.4171312e-20,0.0,71.94595,0.562378,0.562378,1.0,116.91412,394522.25,403.462,1.60746,55.189117,55.184006,0.6249837,0.9,1.0,391.80875,1.0,71.158295,69.09204,71.406525,72.505325,68.02197
2018-04-10 19:12:00,0.19524236,0.19535923,55.775894,357730.44,1.0,1.0,55.775017,396047.2,9.807136500000001e-21,0.0,71.87636,0.56319326,0.56319326,1.0,117.25215,396182.16,403.45953,1.60746,55.18862,55.184006,0.6258832,0.9,1.0,393.39438,1.0,71.10924,68.975914,71.39285,72.48462,67.97896
2018-04-10 19:13:00,0.19545916,0.19553725,55.760902,357730.44,1.0,1.0,55.76002,397576.12,-1.213965e-22,0.0,71.80786,0.56396276,0.56396276,1.0,117.57709,397696.06,403.45755,1.60746,55.187576,55.184006,0.62673163,0.9,1.0,394.899,1.0,71.06326,68.86006,71.37901,72.46341,67.93677
2018-04-10 19:14:00,0.19559488,0.19562778,55.745903,357730.44,1.0,1.0,55.745026,398964.72,-9.209798e-22,0.0,71.74062,0.5646857,0.5646857,1.0,117.8881,399070.56,403.4559,1.60746,55.18615,55.184006,0.62752825,0.9,1.0,396.31973,1.0,71.01937,68.745255,71.36489,72.441666,67.89541
2018-04-10 19:15:00,0.19564019,0.1956252,55.730907,357730.44,1.0,1.0,55.715034,400220.72,3.1862662e-22,0.0,71.67476,0.5653622,0.5653622,1.0,118.18473,400313.53,403.45465,1.60746,55.184612,55.184006,0.6282733,0.9,1.0,397.65588,1.0,70.977844,68.63216,71.350494,72.41942,67.85481
2018-04-10 19:16:00,0.1955916,0.19552816,55.71591,357730.44,1.0,1.0,55.715034,401352.97,-5.797042000000001e-23,0.0,71.610435,0.5659932,0.5659932,1.0,118.46683,401433.84,403.45367,1.60746,55.182964,55.184006,0.628968,0.9,1.0,398.9084,1.0,70.93823,68.521194,71.33594,72.39667,67.81499
2018-04-10 19:17:00,0.19544916,0.1953381,55.700912,357730.44,1.0,1.0,55.700035,402370.66,-5.4424546e-22,0.0,71.54776,0.5665802,0.5665802,1.0,118.73445,402440.66,403.45297,1.60746,55.18126,55.184006,0.6296141,0.9,1.0,400.07935,1.0,70.900665,68.41264,71.32117,72.373436,67.77593
2018-04-10 19:18:00,0.1952153,0.19505842,55.68592,357730.44,1.0,1.0,55.684982,403283.06,-5.6409593e-22,0.0,71.48684,0.56712514,0.56712514,1.0,118.987816,403343.3,403.45255,1.60746,55.17967,55.184006,0.6302138,0.9,1.0,401.17163,1.0,70.86479,68.30685,71.30617,72.3497,67.737595
2018-04-10 19:19:00,0.194894,0.19469365,55.67092,357730.44,1.0,1.0,55.66999,404099.3,1.430436e-21,0.0,71.42763,0.5676302,0.5676302,1.0,119.22727,404150.78,403.45233,1.60746,55.178078,55.184006,0.6307694,0.9,1.0,402.18872,1.0,70.83057,68.203964,71.29101,72.32559,67.70001
2018-04-10 19:20:00,0.19449016,0.19424891,55.655983,357730.44,1.0,1.0,55.65499,404828.06,-7.2669084e-22,0.0,71.37027,0.56809753,0.56809753,1.0,119.45321,404871.75,403.4523,1.60746,55.17659,55.184006,0.63128346,0.9,1.0,403.1343,1.0,70.79794,68.104034,71.27563,72.30098,67.66321
2018-04-10 19:21:00,0.19400908,0.19372974,55.640984,357730.44,1.0,1.0,55.639996,405477.53,1.5010169e-21,0.0,71.31468,0.56852955,0.56852955,1.0,119.666084,405514.28,403.4524,1.60746,55.175217,55.184006,0.6317586,0.9,1.0,404.01227,1.0,70.7668,68.007034,71.26013,72.275986,67.62712
2018-04-10 19:22:00,0.19345629,0.19314173,55.625988,357730.44,1.0,1.0,55.625,406055.38,-1.3953947e-21,0.0,71.260956,0.56892836,0.56892836,1.0,119.866394,406086.03,403.4526,1.60746,55.173958,55.184006,0.63219714,0.9,1.0,404.82654,1.0,70.73702,67.91287,71.24448,72.25061,67.59175
2018-04-10 19:23:00,0.19283724,0.19249023,55.610992,357730.44,1.0,1.0,55.59501,406568.62,-3.3422675e-21,0.0,71.209,0.5692963,0.5692963,1.0,120.05466,406593.88,403.45294,1.60746,55.172745,55.184006,0.63260174,0.9,1.0,405.581,1.0,70.70862,67.821365,71.22866,72.2249,67.55708
2018-04-10 19:24:00,0.19215715,0.1917805,55.595993,357730.44,1.0,1.0,55.59501,407023.78,7.933774300000001e-22,0.0,71.15878,0.56963545,0.56963545,1.0,120.23138,407044.3,403.4534,1.60746,55.171646,55.184006,0.63297457,0.9,1.0,406.27936,1.0,70.68149,67.732315,71.21273,72.19881,67.52313
2018-04-10 19:25:00,0.19142127,0.19101727,55.581,357730.44,1.0,1.0,55.58001,407426.7,5.184202500000001e-22,0.0,71.11034,0.5699478,0.5699478,1.0,120.397095,407443.12,403.4539,1.60746,55.170605,55.184006,0.63331795,0.9,1.0,406.9253,1.0,70.6555,67.64531,71.19675,72.17244,67.48996
2018-04-10 19:26:00,0.19063433,0.19020547,55.566,357730.44,1.0,1.0,55.565014,407782.75,-1.5559525000000001e-21,0.0,71.06348,0.57023525,0.57023525,1.0,120.5523,407795.6,403.45447,1.60746,55.169724,55.184006,0.633634,0.9,1.0,407.52225,1.0,70.630615,67.560104,71.18065,72.1458,67.45744
2018-04-10 19:27:00,0.18980047,0.18934914,55.551006,357730.44,1.0,1.0,55.55002,408096.8,-1.3876099e-21,0.0,71.01822,0.57049966,0.57049966,1.0,120.69755,408106.53,403.45505,1.60746,55.168846,55.184006,0.6339246,0.9,1.0,408.0735,1.0,70.606834,67.47667,71.164444,72.11888,67.42569
2018-04-10 19:28:00,0.18892415,0.1884519,55.53601,357730.44,1.0,1.0,55.53502,408373.25,1.1719361e-21,0.0,70.97444,0.5707427,0.5707427,1.0,120.833305,408380.3,403.4557,1.60746,55.168076,55.184006,0.63419175,0.9,1.0,408.58215,1.0,70.58409,67.395035,71.148186,72.09175,67.39459
2018-04-10 19:29:00,0.18800889,0.18751745,55.52101,357730.44,1.0,1.0,55.520027,408616.06,-2.6819264000000003e-22,0.0,70.932144,0.570966,0.570966,1.0,120.96008,408620.8,403.45636,1.60746,55.16742,55.184006,0.6344371,0.9,1.0,409.05118,1.0,70.56229,67.31528,71.13187,72.06433,67.36422
2018-04-10 19:30:00,0.1870579,0.18654948,55.50602,357730.44,1.0,1.0,55.505028,408828.8,3.3686854000000003e-21,0.0,70.89122,0.5711709,0.5711709,1.0,121.07836,408831.53,403.457,1.60746,55.16676,55.184006,0.6346623,0.9,1.0,409.48337,1.0,70.54141,67.23733,71.115555,72.03682,67.33456
2018-04-10 19:31:00,0.18607445,0.18555051,55.49102,357730.44,1.0,1.0,55.475037,409014.66,-4.3160547e-22,0.0,70.851555,0.5713589,0.5713589,1.0,121.1886,409015.75,403.4577,1.60746,55.166153,55.184006,0.63486886,0.9,1.0,409.88123,1.0,70.52136,67.16125,71.09914,72.00908,67.30556
2018-04-10 19:32:00,0.18506138,0.18452299,55.476025,357730.44,1.0,1.0,55.475037,409176.56,-2.3582113e-21,0.0,70.81322,0.57153124,0.57153124,1.0,121.29124,409176.2,403.45837,1.60746,55.16566,55.184006,0.63505816,0.9,1.0,410.24734,1.0,70.50219,67.086975,71.08276,71.98117,67.27721
2018-04-10 19:33:00,0.18402119,0.18346946,55.46103,357730.44,1.0,1.0,55.459984,409317.1,1.2934827000000001e-21,0.0,70.776024,0.57168907,0.57168907,1.0,121.38673,409315.5,403.45905,1.60746,55.16517,55.184006,0.6352316,0.9,1.0,410.58386,1.0,70.48379,67.01458,71.06634,71.95321,67.24957
2018-04-10 19:34:00,0.18295595,0.18239261,55.445976,357730.44,1.0,1.0,55.44499,409438.56,-8.737349e-22,0.0,70.73999,0.57183355,0.57183355,1.0,121.47547,409436.0,403.45975,1.60746,55.164726,55.184006,0.6353903,0.9,1.0,410.893,1.0,70.466156,66.94399,71.04991,71.92508,67.22261
2018-04-10 19:35:00,0.18186796,0.1812935,55.43098,357730.44,1.0,1.0,55.429993,409543.1,-5.0808305e-21,0.0,70.70505,0.57196575,0.57196575,1.0,121.55788,409539.72,403.46036,1.60746,55.164288,55.184006,0.6355355,0.9,1.0,411.17676,1.0,70.44918,66.87517,71.03354,71.89685,67.19624
2018-04-10 19:36:00,0.18075885,0.1801727,55.415985,357730.44,1.0,1.0,55.414993,409632.6,6.163474e-22,0.0,70.67122,0.5720865,0.5720865,1.0,121.63432,409628.56,403.46103,1.60746,55.163902,55.184006,0.6356681,0.9,1.0,411.43704,1.0,70.43292,66.80815,71.01712,71.86856,67.170586
2018-04-10 19:37:00,0.17962962,0.17903435,55.400986,357730.44,1.0,1.0,55.4,409708.78,-6.80681e-23,0.0,70.63837,0.57219684,0.57219684,1.0,121.705185,409704.16,403.46164,1.60746,55.16352,55.184006,0.6357893,0.9,1.0,411.67554,1.0,70.41727,66.74289,71.00075,71.840164,67.14548
2018-04-10 19:38:00,0.1784829,0.17787904,55.385994,357730.44,1.0,1.0,55.370007,409773.03,1.7814937e-20,0.0,70.606445,0.57229745,0.57229745,1.0,121.770805,409768.03,403.46225,1.60746,55.163246,55.184006,0.6358997,0.9,1.0,411.89386,1.0,70.402214,66.67934,70.984375,71.81176,67.12103
2018-04-10 19:39:00,0.17731985,0.17670798,55.370995,357730.44,1.0,1.0,55.35501,409826.84,4.4993896000000005e-21,0.0,70.57552,0.5723892,0.5723892,1.0,121.8315,409821.5,403.46286,1.60746,55.162914,55.184006,0.6360004,0.9,1.0,412.09354,1.0,70.38777,66.61748,70.96806,71.78331,67.09725
2018-04-10 19:40:00,0.17614055,0.17552261,55.356,357730.44,1.0,1.0,55.35501,409871.38,4.483536e-22,0.0,70.545425,0.5724727,0.5724727,1.0,121.88759,409865.8,403.4634,1.60746,55.16264,55.184006,0.63609207,0.9,1.0,412.27606,1.0,70.37387,66.557274,70.951805,71.75485,67.07402
2018-04-10 19:41:00,0.17494833,0.17432337,55.341003,357730.44,1.0,1.0,55.34001,409907.72,-3.390932e-21,0.0,70.5162,0.5725486,0.5725486,1.0,121.93939,409902.0,403.46396,1.60746,55.162422,55.184006,0.63617545,0.9,1.0,412.44263,1.0,70.36041,66.49872,70.93555,71.72634,67.051384
2018-04-10 19:42:00,0.17374294,0.1731113,55.326004,357730.44,1.0,1.0,55.32502,409936.9,-1.4427956e-21,0.0,70.48779,0.57261765,0.57261765,1.0,121.98717,409931.1,403.46448,1.60746,55.162148,55.184006,0.6362512,0.9,1.0,412.59448,1.0,70.3475,66.441696,70.91934,71.69789,67.0293
2018-04-10 19:43:00,0.17252518,0.17188732,55.311012,357730.44,1.0,1.0,55.31002,409959.75,-3.8827619999999996e-21,0.0,70.46022,0.5726803,0.5726803,1.0,122.031204,409953.94,403.46494,1.60746,55.161926,55.184006,0.63631994,0.9,1.0,412.73285,1.0,70.33504,66.38632,70.90319,71.66937,67.00787
2018-04-10 19:44:00,0.17129588,0.17065212,55.296013,357730.44,1.0,1.0,55.295025,409977.12,4.6477772e-21,0.0,70.433365,0.5727371,0.5727371,1.0,122.07175,409971.28,403.46545,1.60746,55.16176,55.184006,0.6363823,0.9,1.0,412.85876,1.0,70.323,66.33244,70.8871,71.640976,66.98695
2018-04-10 19:45:00,0.17005567,0.16940641,55.281017,357730.44,1.0,1.0,55.28003,409989.66,4.327348e-21,0.0,70.40721,0.57278854,0.57278854,1.0,122.10904,409983.88,403.46588,1.60746,55.16154,55.184006,0.63643867,0.9,1.0,412.9732,1.0,70.311356,66.28003,70.871056,71.61252,66.96657
2018-04-10 19:46:00,0.1688052,0.16815072,55.26602,357730.44,1.0,1.0,55.26503,409998.03,-7.704709e-22,0.0,70.381775,0.572835,0.572835,1.0,122.1433,409992.3,403.46634,1.60746,55.161377,55.184006,0.6364896,0.9,1.0,413.0771,1.0,70.300156,66.22911,70.85507,71.58418,66.94674
2018-04-10 19:47:00,0.16754487,0.16688573,55.251022,357730.44,1.0,1.0,55.234985,410002.78,1.13443e-21,0.0,70.357056,0.572877,0.572877,1.0,122.17477,409997.2,403.46674,1.60746,55.161156,55.184006,0.6365357,0.9,1.0,413.17126,1.0,70.289276,66.17962,70.83914,71.55583,66.92746
2018-04-10 19:48:00,0.16627543,0.1656116,55.23603,357730.44,1.0,1.0,55.234985,410004.4,-7.247438000000001e-23,0.0,70.33295,0.5729149,0.5729149,1.0,122.203606,409998.9,403.4671,1.60746,55.16099,55.184006,0.6365772,0.9,1.0,413.25656,1.0,70.27873,66.13155,70.82332,71.5276,66.908676
2018-04-10 19:49:00,0.16499718,0.16432881,55.22103,357730.44,1.0,1.0,55.219986,410003.38,-3.9074176e-22,0.0,70.309494,0.57294893,0.57294893,1.0,122.230034,409998.03,403.4675,1.60746,55.160828,55.184006,0.63661456,0.9,1.0,413.33365,1.0,70.26851,66.08486,70.807556,71.49942,66.890434
2018-04-10 19:50:00,0.1637105,0.16303775,55.206036,357730.44,1.0,1.0,55.204994,410000.06,-1.8249852e-21,0.0,70.28658,0.57297957,0.57297957,1.0,122.25422,409994.88,403.46783,1.60746,55.160717,55.184006,0.6366481,0.9,1.0,413.40323,1.0,70.25862,66.03949,70.79184,71.4713,66.872635
2018-04-10 19:51:00,0.1624155,0.1617465,55.19346,357730.44,0.9996844,0.9996844,55.189995,409986.25,0.0002531355,0.00031561428,70.264336,0.5730106,0.5730106,1.0,122.28067,409983.12,403.4681,1.60746,55.16066,55.184006,0.6366819,0.9,1.0,413.4749,1.0,70.24907,65.99544,70.776245,71.44328,66.85539
2018-04-10 19:52:00,0.1612033,0.16066733,55.193733,357730.44,0.9997333,0.9997333,55.175,409988.47,0.00048740965,0.00026666297,70.242584,0.5730311,0.5730311,1.0,122.29611,409983.4,403.46848,1.60746,55.163406,55.184006,0.63670623,0.9,1.0,413.5211,1.0,70.23967,65.95264,70.76064,71.41531,66.83858
2018-04-10 19:53:00,0.16021584,0.15973203,55.192245,357730.44,0.9996623,0.9996623,55.160004,410000.4,0.00068828696,0.00033772344,70.22133,0.57304376,0.57304376,1.0,122.30366,409990.62,403.46878,1.60746,55.16577,55.184006,0.63672173,0.9,1.0,413.54855,1.0,70.230606,65.91106,70.7451,71.38741,66.822266
2018-04-10 19:54:00,0.1593683,0.15893397,55.19005,357730.44,0.9995415,0.9995415,55.145004,410013.5,0.0008399625,0.0004584693,70.200615,0.57305276,0.57305276,1.0,122.308044,409998.1,403.4691,1.60746,55.16797,55.184006,0.6367315,0.9,1.0,413.56784,1.0,70.22176,65.87074,70.72966,71.35962,66.806335
2018-04-10 19:55:00,0.15863091,0.15823995,55.188347,357730.44,0.99943745,0.99943745,55.115013,410024.06,0.0009687574,0.0005625326,70.18034,0.5730585,0.5730585,1.0,122.31043,410004.22,403.4694,1.60746,55.16989,55.184006,0.63673764,0.9,1.0,413.58005,1.0,70.213196,65.83163,70.71428,71.33193,66.790955
2018-04-10 19:56:00,0.15798165,0.157622,55.187416,357730.44,0.99936813,0.99936813,55.115013,410034.53,0.0010943108,0.00063186407,70.16057,0.57306015,0.57306015,1.0,122.30972,410010.0,403.46967,1.60746,55.17137,55.184006,0.6367397,0.9,1.0,413.58304,1.0,70.204895,65.79367,70.69896,71.30435,66.775955
2018-04-10 19:57:00,0.15740249,0.15705988,55.187027,357730.44,0.99931884,0.99931884,55.100018,410048.78,0.0012272914,0.0006811717,70.141235,0.57305723,0.57305723,1.0,122.30469,410016.9,403.46994,1.60746,55.172417,55.184006,0.63673645,0.9,1.0,413.5755,1.0,70.19677,65.75692,70.68374,71.27684,66.7614
2018-04-10 19:58:00,0.15687963,0.15653688,55.186646,357730.44,0.99925995,0.99925995,55.085022,410072.38,0.0013778491,0.00074004213,70.12239,0.573049,0.573049,1.0,122.2937,410027.4,403.4702,1.60746,55.173077,55.184006,0.636726,0.9,1.0,413.5557,1.0,70.18892,65.72127,70.66863,71.249535,66.74734
2018-04-10 19:59:00,0.15640303,0.15604044,55.18516,357730.44,0.99913627,0.99913627,55.070023,410111.2,0.0015537058,0.0008637232,70.10399,0.5730353,0.5730353,1.0,122.27533,410044.06,403.47055,1.60746,55.17324,55.184006,0.6367062,0.9,1.0,413.52313,1.0,70.18123,65.68677,70.65358,71.22229,66.73366
2018-04-10 20:00:00,0.155967,0.15556225,55.180656,357730.44,0.9988338,0.9988338,55.05503,410171.47,0.001758691,0.0011662004,70.08603,0.5730168,0.5730168,1.0,122.248764,410069.47,403.47086,1.60746,55.17302,55.184006,0.6366741,0.9,1.0,413.47964,1.0,70.17375,65.65332,70.63864,71.19527,66.720474
2018-04-10 20:01:00,0.15557188,0.15511449,55.168243,357730.44,0.99808455,0.99808455,55.04003,410247.6,0.00195598,0.0019154685,70.068504,0.57300013,0.57300013,1.0,122.21968,410099.94,403.4712,1.60746,55.172585,55.184006,0.6366307,0.9,1.0,413.44092,1.0,70.16644,65.62102,70.62381,71.16835,66.70773
2018-04-10 20:02:00,0.15523535,0.15483643,55.14083,357730.44,0.9965055,0.9965055,55.003998,410231.5,0.0018678847,0.0034944883,70.05159,0.57302004,0.57302004,1.0,122.23591,410088.94,403.47144,1.60746,55.174232,55.184006,0.6366128,0.9,1.0,413.49185,1.0,70.15947,65.589874,70.60919,71.141754,66.69548
2018-04-10 20:03:00,0.15488803,0.15482296,55.123306,357730.44,0.99550265,0.99550265,54.986034,409970.84,0.0013138708,0.0044973497,70.03522,0.5730839,0.5730839,1.0,122.3354,409965.72,403.47125,1.60746,55.180107,55.184006,0.63669115,0.9,1.0,413.65155,1.0,70.15271,65.55983,70.59475,71.11523,66.68362
2018-04-10 20:04:00,0.15445176,0.154875,55.160004,357730.44,0.99750555,0.99750555,54.986034,409675.34,0.0009196948,0.0024944334,70.018906,0.5731088,0.5731088,1.0,122.41562,409832.6,403.47098,1.60746,55.18769,55.184006,0.6367885,0.9,1.0,413.7158,1.0,70.14574,65.53055,70.58008,71.088585,66.67186
2018-04-10 20:05:00,0.15399823,0.15446849,55.23751,357730.44,1.0,1.0,54.968018,409701.66,0.0015421606,0.0,70.002365,0.57303274,0.57303274,1.0,122.35605,409886.84,403.47116,1.60746,55.187576,55.184006,0.63676196,0.9,1.0,413.5296,1.0,70.13866,65.50176,70.56514,71.06183,66.66022
2018-04-10 20:06:00,0.15382586,0.15350448,55.271072,357730.44,1.0,1.0,54.949997,410010.38,0.002607923,0.0,69.98622,0.5729,0.5729,1.0,122.195175,410043.4,403.47174,1.60746,55.175217,55.184006,0.63663477,0.9,1.0,413.20844,1.0,70.1319,65.47402,70.550415,71.035355,66.649124
2018-04-10 20:07:00,0.15381217,0.15284221,55.21614,357730.44,1.0,1.0,54.932037,410395.2,0.0035194065,0.0,69.97089,0.57280076,0.57280076,1.0,122.03994,410165.4,403.47244,1.60746,55.166153,55.184006,0.6364671,0.9,1.0,412.9761,1.0,70.12558,65.447655,70.536194,71.00948,66.6389
2018-04-10 20:08:00,0.15363745,0.15286809,55.12413,357730.44,0.9950369,0.9950369,54.914017,410416.72,0.00307103,0.0049630734,69.956665,0.5728524,0.5728524,1.0,122.06854,410138.84,403.47278,1.60746,55.170055,55.184006,0.63640726,0.9,1.0,413.10983,1.0,70.11975,65.422714,70.522514,70.98416,66.62929
2018-04-10 20:09:00,0.15318531,0.1531826,55.09282,357730.44,0.9932754,0.9932754,54.896004,409931.1,0.0017875027,0.006724587,69.942825,0.5729935,0.5729935,1.0,122.27032,409924.4,403.47226,1.60746,55.1817,55.184006,0.63654387,0.9,1.0,413.4581,1.0,70.11382,65.398605,70.50878,70.958725,66.61984
2018-04-10 20:10:00,0.15255105,0.15323022,55.163246,357730.44,0.9971437,0.9971437,54.860023,409473.22,0.001298193,0.0028563049,69.92854,0.5730141,0.5730141,1.0,122.38185,409720.8,403.47162,1.60746,55.19104,55.184006,0.6367067,0.9,1.0,413.51404,1.0,70.10739,65.37471,70.49455,70.93285,66.61012
2018-04-10 20:11:00,0.15198363,0.1524892,55.26278,357730.44,1.0,1.0,54.842003,409641.4,0.0022914899,0.0,69.91382,0.57288533,0.57288533,1.0,122.25488,409850.6,403.47195,1.60746,55.186867,55.184006,0.636618,0.9,1.0,413.19885,1.0,70.10086,65.35125,70.479996,70.90692,66.60051
2018-04-10 20:12:00,0.15181917,0.15122728,55.285355,357730.44,1.0,1.0,54.842003,410050.25,0.0037579031,0.0,69.89964,0.5727227,0.5727227,1.0,122.05074,410043.1,403.4726,1.60746,55.170055,55.184006,0.6364505,0.9,1.0,412.8075,1.0,70.09476,65.32878,70.46588,70.88144,66.591606
2018-04-10 20:13:00,0.1518096,0.15057904,55.19928,357730.44,0.9986586,0.9986586,54.823986,410467.5,0.004680453,0.0013413912,69.88646,0.5726346,0.5726346,1.0,121.89545,410167.53,403.4734,1.60746,55.161705,55.184006,0.6362571,0.9,1.0,412.60425,1.0,70.0891,65.3078,70.45236,70.85677,66.58359
2018-04-10 20:14:00,0.15155116,0.15078594,55.09337,357730.44,0.99268895,0.99268895,54.806023,410362.66,0.0036971043,0.0073110242,69.87432,0.5727239,0.5727239,1.0,121.97757,410077.25,403.47345,1.60746,55.169838,55.184006,0.63623595,0.9,1.0,412.83133,1.0,70.08394,65.28808,70.43935,70.83249,66.57611
2018-04-10 20:15:00,0.15097138,0.15122555,55.081833,357730.44,0.99203897,0.99203897,54.788006,409735.03,0.0020550024,0.007961009,69.86235,0.57288474,0.57288474,1.0,122.22369,409809.88,403.4727,1.60746,55.185272,55.184006,0.636423,0.9,1.0,413.22705,1.0,70.07851,65.26897,70.42611,70.808,66.568535
2018-04-10 20:16:00,0.1502316,0.15111163,55.185436,357730.44,0.99772894,0.99772894,54.76999,409333.22,0.0018645494,0.0022710608,69.8496,0.57285726,0.57285726,1.0,122.28948,409634.94,403.47205,1.60746,55.193344,55.184006,0.63656986,0.9,1.0,413.16632,1.0,70.07235,65.24979,70.41222,70.78294,66.56062
2018-04-10 20:17:00,0.14968237,0.15003546,55.287224,357730.44,1.0,1.0,54.752026,409641.28,0.0032972184,0.0,69.83653,0.57269764,0.57269764,1.0,122.1107,409842.7,403.47253,1.60746,55.18373,55.184006,0.636423,0.9,1.0,412.77487,1.0,70.06631,65.231064,70.39821,70.75806,66.55299
2018-04-10 20:18:00,0.14960016,0.14867945,55.283707,357730.44,1.0,1.0,54.73401,410134.3,0.005095927,0.0,69.82411,0.5725169,0.5725169,1.0,121.87518,410044.4,403.4733,1.60746,55.16478,55.184006,0.63622487,0.9,1.0,412.34317,1.0,70.0607,65.213425,70.38469,70.73373,66.54607
2018-04-10 20:19:00,0.14958929,0.14822169,55.168407,357730.44,0.9962254,0.9962254,54.69803,410502.7,0.005691196,0.0037745666,69.81291,0.57246715,0.57246715,1.0,121.75675,410144.72,403.474,1.60746,55.15973,55.184006,0.6360375,0.9,1.0,412.2339,1.0,70.05571,65.19722,70.37195,70.71022,66.54002
2018-04-10 20:20:00,0.13923441,0.0,55.06486,357730.44,0.990412,0.990412,54.69803,410240.25,0.0041398006,0.009588027,69.80252,0.57259667,0.57259667,1.0,121.901306,409991.16,403.47382,1.60746,55.17286,55.184006,0.6360715,0.9,1.0,412.55814,1.0,70.05093,65.182175,70.35953,70.687035,66.534424
2018-04-10 20:21:00,0.016667,0.015325389,55.082,357730.44,0.99136186,0.99136186,54.680008,409534.6,0.0023735792,0.008638148,69.79204,0.5727499,0.5727499,1.0,122.15888,409696.38,403.47284,1.60746,55.376816,55.184006,0.63629484,0.9,1.0,412.9351,1.0,70.04593,65.16745,70.34673,70.66347,66.52855
2018-04-10 20:22:00,0.010283649,0.023894457,55.208508,357730.44,0.998297,0.998297,54.661995,409266.5,0.002585118,0.0017030407,69.78066,0.5726777,0.5726777,1.0,122.16504,409590.38,403.47235,1.60746,55.595444,55.184006,0.63638973,0.9,1.0,412.76376,1.0,70.04131,65.15283,70.33333,70.639465,66.52239
2018-04-10 20:23:00,0.008278075,0.015807182,55.30387,357730.44,1.0,1.0,54.644028,409659.2,0.0044483924,0.0,69.76924,0.57249343,0.57249343,1.0,121.950356,409834.12,403.47293,1.60746,55.653343,55.184006,0.636218,0.9,1.0,412.3139,1.0,70.03873,65.13954,70.320206,70.61601,66.51701
2018-04-10 20:24:00,0.008676907,0.008541522,55.27009,357730.44,1.0,1.0,54.626015,410220.72,0.0064640786,0.0,69.758965,0.57232183,0.57232183,1.0,121.70617,410053.97,403.47382,1.60746,55.670208,55.184006,0.6359839,0.9,1.0,411.90494,1.0,70.03841,65.1285,70.30806,70.593704,66.513214
2018-04-10 20:25:00,0.012218113,0.002733002,55.138252,357730.44,0.99378777,0.99378777,54.607994,410472.8,0.0065813246,0.006212257,69.75029,0.5723067,0.5723067,1.0,121.63689,410095.03,403.47427,1.60746,55.696083,55.184006,0.6358413,0.9,1.0,411.88132,1.0,70.04016,65.119934,70.297134,70.57266,66.51102
2018-04-10 20:26:00,0.016458625,0.0,55.043163,357730.44,0.98846924,0.98846924,54.572014,410112.34,0.0045807925,0.011530778,69.74281,0.5724626,0.5724626,1.0,121.821556,409911.12,403.47394,1.60746,55.734093,55.184006,0.6359082,0.9,1.0,412.26794,1.0,70.04318,65.113235,70.28674,70.5524,66.50987
2018-04-10 20:27:00,0.015422113,0.03068973,55.087494,357730.44,0.99093235,0.99093235,54.553997,409374.06,0.0028026255,0.009067678,69.73573,0.5725982,0.5725982,1.0,122.07382,409605.38,403.47287,1.60746,55.770676,55.184006,0.63615364,0.9,1.0,412.60165,1.0,70.046585,65.10751,70.27626,70.532074,66.50899
2018-04-10 20:28:00,0.010233442,0.023987927,55.228172,357730.44,0.9986269,0.9986269,54.553997,409236.3,0.0034346636,0.001373128,69.7282,0.5724926,0.5724926,1.0,122.02901,409570.75,403.47253,1.60746,55.78353,55.184006,0.63619816,0.9,1.0,412.34723,1.0,70.04988,65.10219,70.26538,70.51175,66.50833
2018-04-10 20:29:00,0.007249733,0.015460134,55.30892,357730.44,1.0,1.0,54.536034,409729.12,0.0057145413,0.0,69.72134,0.57228804,0.57228804,1.0,121.77845,409840.2,403.47327,1.60746,55.76222,55.184006,0.6359924,0.9,1.0,411.8498,1.0,70.05406,65.098015,70.25488,70.49219,66.50866
2018-04-10 20:30:00,0.0077500665,0.007113749,55.249046,357730.44,0.99930274,0.99930274,54.518017,410253.22,0.007789886,0.00069724646,69.716064,0.5721501,0.5721501,1.0,121.56542,410046.5,403.47406,1.60746,55.73816,55.184006,0.63576674,0.9,1.0,411.5227,1.0,70.05889,65.09554,70.24533,70.47368,66.510254
2018-04-10 20:31:00,0.011145725,0.0010735809,55.111664,357730.44,0.99151474,0.99151474,54.5,410404.25,0.0074094227,0.008485254,69.712326,0.57215637,0.57215637,1.0,121.53326,410032.94,403.47437,1.60746,55.7481,55.184006,0.63566625,0.9,1.0,411.55197,1.0,70.06427,65.094666,70.236595,70.45605,66.51278
2018-04-10 20:32:00,0.015360286,0.0,55.029156,357730.44,0.9869113,0.9869113,54.482037,409996.28,0.005061278,0.013088727,69.70969,0.5723249,0.5723249,1.0,121.73718,409846.38,403.47397,1.60746,55.78386,55.184006,0.63574904,0.9,1.0,411.9666,1.0,70.06972,65.09488,70.228134,70.43874,66.5158
2018-04-10 20:33:00,0.014473816,0.031088036,55.098206,357730.44,0.9907424,0.9907424,54.46402,409263.28,0.0033747128,0.009257606,69.707,0.57243735,0.57243735,1.0,121.972435,409543.53,403.47284,1.60746,55.819565,55.184006,0.6360022,0.9,1.0,412.2437,1.0,70.07443,65.095215,70.21924,70.42105,66.51855
2018-04-10 20:34:00,0.009050082,0.023459133,55.245586,357730.44,0.99878037,0.99878037,54.446,409249.1,0.00446109,0.0012196454,69.70364,0.5722968,0.5722968,1.0,121.87672,409566.16,403.4727,1.60746,55.82303,55.184006,0.6360067,0.9,1.0,411.9045,1.0,70.07839,65.09549,70.20979,70.4032,66.52113
2018-04-10 20:35:00,0.006259908,0.014094707,55.301674,357730.44,1.0,1.0,54.41002,409829.66,0.0071633575,0.0,69.70085,0.57209724,0.57209724,1.0,121.61069,409864.84,403.47354,1.60746,55.791718,55.184006,0.63576084,0.9,1.0,411.4193,1.0,70.08263,65.09659,70.200775,70.38601,66.524475
2018-04-10 20:36:00,0.0071175606,0.005449283,55.218063,357730.44,0.99672675,0.99672675,54.41002,410231.94,0.009003895,0.0032732296,69.69936,0.57200253,0.57200253,1.0,121.45391,410011.56,403.47415,1.60746,55.767162,55.184006,0.63558203,0.9,1.0,411.19797,1.0,70.08707,65.099,70.1926,70.36969,66.52871
2018-04-10 20:37:00,0.010778021,0.0,55.08332,357730.44,0.9891149,0.9891149,54.392006,410293.47,0.008005009,0.010885144,69.69887,0.5720288,0.5720288,1.0,121.45572,409957.38,403.4743,1.60746,55.782707,55.184006,0.6355158,0.9,1.0,411.2754,1.0,70.09152,65.10252,70.184906,70.35393,66.53354
2018-04-10 20:38:00,0.015101586,0.0,55.02954,357730.44,0.98612463,0.98612463,54.373985,409820.2,0.0053938893,0.013875351,69.69893,0.5722011,0.5722011,1.0,121.67682,409760.4,403.4738,1.60746,55.823742,55.184006,0.63562596,0.9,1.0,411.69656,1.0,70.095695,65.10664,70.17727,70.33827,66.53844
2018-04-10 20:39:00,0.012888466,0.030256689,55.133087,357730.44,0.99184144,0.99184144,54.356026,409204.1,0.004249109,0.008158558,69.698425,0.5722548,0.5722548,1.0,121.84594,409514.7,403.47278,1.60746,55.85566,55.184006,0.63584864,0.9,1.0,411.8302,1.0,70.09877,65.11049,70.16903,70.32207,66.54283
2018-04-10 20:40:00,0.007542758,0.02112733,55.262833,357730.44,0.9988471,0.9988471,54.338005,409447.53,0.006121484,0.0011528482,69.69711,0.57207227,0.57207227,1.0,121.66552,409647.44,403.47302,1.60746,55.843243,55.184006,0.635752,0.9,1.0,411.38885,1.0,70.10124,65.11427,70.1604,70.30581,66.547165
2018-04-10 20:41:00,0.005578636,0.010981919,55.264755,357730.44,0.99866277,0.99866277,54.31999,409960.9,0.008923864,0.0013372508,69.69656,0.57193017,0.57193017,1.0,121.453255,409905.06,403.47382,1.60746,55.80468,55.184006,0.6355247,0.9,1.0,411.04446,1.0,70.10405,65.119,70.152435,70.29031,66.55228
2018-04-10 20:42:00,0.007818642,0.0024446636,55.157585,357730.44,0.9924998,0.9924998,54.302025,410148.56,0.009539575,0.0075001726,69.69689,0.5718895,0.5718895,1.0,121.3809,409930.56,403.4741,1.60746,55.790123,55.184006,0.63543063,0.9,1.0,410.9575,1.0,70.1068,65.12471,70.14502,70.27544,66.55798
2018-04-10 20:43:00,0.0134199085,0.0,55.06486,357730.44,0.9872868,0.9872868,54.26599,409994.72,0.007467982,0.012713198,69.69777,0.5719712,0.5719712,1.0,121.46899,409825.06,403.47397,1.60746,55.818523,55.184006,0.63543373,0.9,1.0,411.16382,1.0,70.10943,65.131134,70.13788,70.26088,66.56398
2018-04-10 20:44:00,0.015479539,0.0,55.111828,357730.44,0.9898613,0.99,54.26599,409511.06,0.0058504753,0.010138689,69.69832,0.5720554,0.5720554,1.0,121.631,409637.88,403.47327,1.60746,55.85022,55.184006,0.6355864,0.9,1.0,411.3703,1.0,70.11124,65.13751,70.13042,70.24599,66.56952
2018-04-10 20:45:00,0.008641631,0.022727551,55.211803,357730.44,0.99524325,0.99524325,54.248028,409543.75,0.0069463337,0.0047567473,69.698105,0.5719536,0.5719536,1.0,121.5518,409677.25,403.47324,1.60746,55.837036,55.184006,0.63555884,0.9,1.0,411.12567,1.0,70.112335,65.14377,70.12239,70.230774,66.57497
2018-04-10 20:46:00,0.0059962333,0.011828784,55.218834,357730.44,0.995387,0.995387,54.23001,409842.75,0.0089380415,0.004613001,69.69821,0.5718518,0.5718518,1.0,121.41417,409822.22,403.47366,1.60746,55.79457,55.184006,0.63541836,0.9,1.0,410.8814,1.0,70.113495,65.150635,70.11481,70.216156,66.58084
2018-04-10 20:47:00,0.00888159,0.0030883483,55.152752,357730.44,0.9915331,0.9915331,54.21199,409934.47,0.009223328,0.008466888,69.69887,0.57182634,0.57182634,1.0,121.37398,409831.56,403.47385,1.60746,55.775894,55.184006,0.6353553,0.9,1.0,410.82776,1.0,70.114426,65.158165,70.107666,70.20199,66.58705
2018-04-10 20:48:00,0.017708493,0.0,55.118145,357730.44,0.98951554,0.98951554,54.19403,409801.44,0.008078435,0.010484445,69.69964,0.5718598,0.5718598,1.0,121.42419,409759.38,403.47366,1.60746,55.79007,55.184006,0.635367,0.9,1.0,410.91495,1.0,70.115036,65.166016,70.10048,70.18793,66.59337
2018-04-10 20:49:00,0.01396899,0.028312268,55.15506,357730.44,0.9914391,0.9914391,54.17601,409660.0,0.007808894,0.008560912,69.70007,0.57185465,0.57185465,1.0,121.4497,409709.16,403.47342,1.60746,55.78018,55.184006,0.6353938,0.9,1.0,410.90588,1.0,70.11487,65.173874,70.09311,70.173645,66.59941
2018-04-10 20:50:00,0.0084985215,0.016475022,55.18258,357730.44,0.9927737,0.9927737,54.14003,409730.62,0.008761327,0.0072263125,69.7003,0.57179767,0.57179767,1.0,121.393036,409748.16,403.4735,1.60746,55.741013,55.184006,0.6353439,0.9,1.0,410.77106,1.0,70.11421,65.18184,70.08565,70.15947,66.6055
2018-04-10 20:51:00,0.008838032,0.008112218,55.16462,357730.44,0.991584,0.991584,54.14003,409795.34,0.00936828,0.008415997,69.70068,0.57176304,0.57176304,1.0,121.352936,409768.9,403.4736,1.60746,55.713715,55.184006,0.63529325,0.9,1.0,410.6922,1.0,70.11316,65.19014,70.07834,70.14552,66.61171
2018-04-10 20:52:00,0.024553921,0.038436614,55.14605,357730.44,0.9903956,0.9903956,54.122017,409767.28,0.009181119,0.009604422,69.701065,0.57175505,0.57175505,1.0,121.35158,409747.06,403.47357,1.60746,55.713936,55.184006,0.6352754,0.9,1.0,410.678,1.0,70.111626,65.19859,70.07109,70.131676,66.61797
2018-04-10 20:53:00,0.05033273,0.06239683,55.153633,357730.44,0.9906529,0.9906529,54.103996,409724.47,0.009169118,0.009347053,69.70123,0.57174116,0.57174116,1.0,121.349525,409728.84,403.4735,1.60746,55.647797,55.184006,0.6352653,0.9,1.0,410.64844,1.0,70.10948,65.20711,70.06372,70.11778,66.62407
2018-04-10 20:54:00,0.018390533,0.012228333,55.160774,357730.44,0.99086183,0.99086183,54.086037,409732.1,0.00960555,0.0091381585,69.70123,0.5717137,0.5717137,1.0,121.32714,409732.44,403.4735,1.60746,55.59962,55.184006,0.6352384,0.9,1.0,410.58588,1.0,70.10657,65.21562,70.05626,70.10388,66.63006
2018-04-10 20:55:00,0.0049918042,0.006562095,55.155113,357730.44,0.99035424,0.99035424,54.068016,409739.38,0.009926825,0.009645761,69.701065,0.5716917,0.5716917,1.0,121.30858,409731.44,403.4735,1.60746,55.647903,55.184006,0.6352116,0.9,1.0,410.53687,1.0,70.10289,65.22408,70.04873,70.08998,66.63594
2018-04-10 20:56:00,0.0032867019,0.0,55.15132,357730.44,0.9899568,0.9899568,54.05,409727.53,0.010066518,0.010043191,69.70074,0.5716751,0.5716751,1.0,121.29801,409722.5,403.47348,1.60746,55.80188,55.184006,0.63519216,0.9,1.0,410.5009,1.0,70.09899,65.2326,70.04115,70.076035,66.64165
2018-04-10 20:57:00,0.00015193976,0.0,55.15242,357730.44,0.98982024,0.98982024,54.032036,409718.7,0.010310592,0.010179776,69.700134,0.5716569,0.5716569,1.0,121.28571,409716.4,403.47345,1.60746,56.04605,55.184006,0.6351728,0.9,1.0,410.46057,1.0,70.09581,65.24144,70.03357,70.06213,66.64731
2018-04-10 20:58:00,4.8286697e-06,0.0,55.15138,357730.44,0.98955464,0.98955464,53.996002,409714.88,0.010616286,0.010445361,69.699524,0.5716386,0.5716386,1.0,121.272316,409711.72,403.47345,1.60746,56.223206,55.184006,0.6351525,0.9,1.0,410.42004,1.0,70.09444,65.251274,70.02621,70.04851,66.65335
2018-04-10 20:59:00,1.3370614e-07,0.0,55.14918,357730.44,0.9892202,0.9892202,53.996002,409708.16,0.010883249,0.010779803,69.699036,0.57162225,0.57162225,1.0,121.26095,409705.25,403.47342,1.60746,56.332626,55.184006,0.6351341,0.9,1.0,410.38416,1.0,70.09526,65.26259,70.01929,70.03543,66.66011
2018-04-10 21:00:00,3.445235e-09,0.0,55.147865,357730.44,0.98892814,0.98892814,53.97798,409700.44,0.011166546,0.011071848,69.69893,0.5716069,0.5716069,1.0,121.250565,409698.34,403.4734,1.60746,56.399864,55.184006,0.63511705,0.9,1.0,410.3505,1.0,70.09817,65.2755,70.01291,70.02313,66.66796
2018-04-10 21:01:00,8.487798e-11,0.0,55.14627,357730.44,0.9886113,0.9886113,53.960022,409692.66,0.011479234,0.0113886995,69.69931,0.57159257,0.57159257,1.0,121.24101,409691.03,403.47336,1.60746,56.4409,55.184006,0.6351012,0.9,1.0,410.3193,1.0,70.10306,65.290115,70.007095,70.01165,66.67691
2018-04-10 21:02:00,2.0303672e-12,0.0,55.242897,357730.44,0.0,0.0,53.945023,0.00028584668,0.90135175,1.0,68.40364,1.6514759e-06,1.6514759e-06,0.0,2.8266992999999996e-18,-3.784018e-05,401.865,1.60746,55.242897,55.184006,0.0,0.9,0.0,-1.4200369999999998e-19,0.0,69.7683,66.435326,69.32654,69.06781,67.42025
2018-04-10 21:03:00,4.752365e-14,0.0,55.242897,357730.44,0.0,0.0,53.93003,2.3239568e-06,0.9963866,1.0,68.46742,-3.2399565e-12,-3.2399565e-12,0.0,-4.9459932e-23,-3.3164226e-06,401.865,1.60746,55.242897,55.184006,0.0,0.9,0.0,-1.8855134e-24,0.0,70.02945,66.427414,69.36483,69.10138,67.41405
2018-04-10 21:04:00,1.0818082e-15,0.0,55.242897,357730.44,0.0,0.0,53.91503,1.1619784e-06,0.99989444,1.0,68.49242,1.4614777e-16,1.4614777e-16,0.0,-8.148468e-25,-7.2268267e-07,401.865,1.60746,55.242897,55.184006,0.0,0.9,0.0,-4.893949e-25,0.0,70.09036,66.448074,69.375595,69.11127,67.43678
2018-04-10 21:05:00,2.3580990000000003e-17,0.0,55.242897,357730.44,0.0,0.0,53.884987,1.1619784e-06,0.99999726,1.0,68.52836,4.1451731999999998e-19,4.1451731999999998e-19,0.0,-2.3609044999999998e-23,9.291957e-06,401.865,1.60746,55.242897,55.184006,0.0,0.9,0.0,-4.1960744000000004e-26,0.0,70.208305,66.46823,69.38625,69.1205,67.45848
2018-04-10 21:06:00,5.475717e-19,0.0,55.242897,357730.44,0.0,0.0,53.884987,-1.1619784e-06,0.99999994,1.0,68.559525,-2.5846449e-23,-2.5846449e-23,0.0,-1.931527e-25,3.778753e-06,401.865,1.60746,55.242897,55.184006,0.0,0.9,0.0,-7.931693000000001e-25,0.0,70.30306,66.48822,69.39674,69.12961,67.479965
2018-04-10 21:07:00,1.3201238e-20,0.0,55.242897,357730.44,0.0,0.0,53.869987,1.1619784e-06,1.0,1.0,68.59114,1.690553e-26,1.690553e-26,0.0,-6.7551535e-23,-2.5692964e-06,401.865,1.60746,55.242897,55.184006,0.0,0.9,0.0,-3.3951165000000004e-24,0.0,70.40062,66.50811,69.40713,69.138626,67.50122
2018-04-10 21:08:00,3.2766152000000004e-22,0.0,55.242897,357730.44,0.0,0.0,53.854992,1.1619784e-06,1.0,1.0,68.62157,6.686638e-30,6.686638e-30,0.0,-5.0749587e-23,-4.004649e-06,401.865,1.60746,55.242897,55.184006,0.0,0.9,0.0,-3.0715464999999997e-25,0.0,70.49301,66.52777,69.41734,69.14746,67.52226
2018-04-10 21:09:00,2.4648568e-24,0.0,55.242897,357730.44,0.0,0.0,53.839996,0.0,1.0,1.0,68.65143,6.559949e-33,6.559949e-33,0.0,-1.9544483e-23,-6.960468e-06,401.865,1.60746,55.242897,55.184006,0.0,0.9,0.0,-3.0762802e-24,0.0,70.58299,66.54733,69.4274,69.15625,67.54314
2018-04-10 21:10:00,1.3936628e-24,0.0,55.242897,357730.44,0.0,0.0,53.824997,1.1619784e-06,1.0,1.0,68.68053,4.833108e-38,4.833108e-38,0.0,-2.850707e-23,3.6304673e-06,401.865,1.60746,55.242897,55.184006,0.0,0.9,0.0,-3.7126908e-25,0.0,70.66989,66.56677,69.43729,69.16488,67.56378
2018-04-10 21:11:00,4.5199389999999997e-26,0.0,55.242897,357730.44,0.0,0.0,53.810005,3.4859352e-06,1.0,1.0,68.70901,2.1900000000000003e-43,2.1900000000000003e-43,0.0,-4.3330493e-24,2.1558458e-06,401.865,1.60746,55.242897,55.184006,0.0,0.9,0.0,-7.972758e-25,0.0,70.754105,66.58611,69.44707,69.17345,67.584335
2018-04-10 21:12:00,6.761262e-26,0.0,55.242897,357730.44,0.0,0.0,53.795006,-1.1619784e-06,1.0,1.0,68.73684,0.0,0.0,0.0,-1.2344864e-24,-1.8953704e-06,401.865,1.60746,55.242897,55.184006,0.0,0.9,0.0,-8.0591956e-27,0.0,70.83568,66.605286,69.45668,69.18191,67.60466
2018-04-10 21:13:00,-3.9207585e-25,0.0,55.242897,357730.44,0.0,0.0,53.765015,1.1619784e-06,1.0,1.0,68.76406,0.0,0.0,0.0,-1.3583910000000002e-23,1.910708e-06,401.865,1.60746,55.242897,55.184006,0.0,0.9,0.0,-8.754909e-25,0.0,70.91478,66.624405,69.46618,69.1902,67.624756
2018-04-10 21:14:00,8.7189647e-26,0.0,55.242897,357730.44,0.0,0.0,53.750015,2.3239568e-06,1.0,1.0,68.790695,0.0,0.0,0.0,-1.06048386e-23,6.9236735e-06,401.865,1.60746,55.242897,55.184006,0.0,0.9,0.0,-2.4583438000000003e-24,0.0,70.99141,66.643295,69.47557,69.19844,67.64476
2018-04-10 21:15:00,1.5073351e-25,0.0,55.242897,357730.44,0.0,0.0,53.750015,1.1619784e-06,1.0,1.0,68.81679,0.0,0.0,0.0,-2.6905994e-25,7.240807e-06,401.865,1.60746,55.242897,55.184006,0.0,0.9,0.0,-1.0991351e-24,0.0,71.06584,66.66214,69.4848,69.20657,67.66458
2018-04-10 21:16:00,-7.525402e-26,0.0,55.242897,357730.44,0.0,0.0,53.735023,1.1619784e-06,1.0,1.0,68.84238,0.0,0.0,0.0,-4.974465e-25,1.9338966e-06,401.865,1.60746,55.242897,55.184006,0.0,0.9,0.0,-1.5643432000000001e-24,0.0,71.13818,66.68087,69.49397,69.214645,67.6842
2018-04-10 21:17:00,-1.511269e-25,0.0,55.242897,357730.44,0.0,0.0,53.720024,1.1619784e-06,1.0,1.0,68.86744,0.0,0.0,0.0,-2.5726615e-25,1.2099216e-05,401.865,1.60746,55.242897,55.184006,0.0,0.9,0.0,-2.7691142e-24,0.0,71.20845,66.69943,69.50298,69.22261,67.7037
2018-04-10 21:18:00,1.1600576e-25,0.0,55.242897,357730.44,0.0,0.0,53.70503,1.1619784e-06,1.0,1.0,68.89199,0.0,0.0,0.0,-6.1423104000000006e-24,1.2942724e-06,401.865,1.60746,55.242897,55.184006,0.0,0.9,0.0,-3.2284385999999997e-25,0.0,71.276726,66.717896,69.51189,69.23047,67.72298
2018-04-10 21:19:00,4.201308e-25,0.0,55.242897,357730.44,0.0,0.0,53.690033,1.1619784e-06,1.0,1.0,68.916084,0.0,0.0,0.0,-4.6675030000000005e-23,5.2363184e-06,401.865,1.60746,55.242897,55.184006,0.0,0.9,0.0,-5.2391827e-27,0.0,71.34308,66.73624,69.520676,69.238266,67.74215
2018-04-10 21:20:00,1.129258e-27,0.0,55.242897,357730.44,0.0,0.0,53.675034,-2.3239568e-06,1.0,1.0,68.939735,0.0,0.0,0.0,-3.3551475e-25,-5.038706e-06,401.865,1.60746,55.242897,55.184006,0.0,0.9,0.0,-7.309102600000001e-26,0.0,71.407684,66.754425,69.5294,69.24602,67.761154
2018-04-10 21:21:00,2.2924819e-26,0.0,55.242897,357730.44,0.0,0.0,53.659985,0.0,1.0,1.0,68.96291,0.0,0.0,0.0,-2.8210347e-26,-2.4658882e-06,401.865,1.60746,55.242897,55.184006,0.0,0.9,0.0,-1.4990549000000001e-24,0.0,71.47052,66.77255,69.53798,69.25359,67.77994
2018-04-10 21:22:00,-4.0412743e-27,0.0,55.242897,357730.44,0.0,0.0,53.62999,-2.3239568e-06,1.0,1.0,68.98571,0.0,0.0,0.0,-3.0010235e-23,7.1743507e-06,401.865,1.60746,55.242897,55.184006,0.0,0.9,0.0,-8.838902e-25,0.0,71.53177,66.79051,69.54649,69.26117,67.798615
2018-04-10 21:23:00,5.0087626e-26,0.0,55.242897,357730.44,0.0,0.0,53.62999,1.1619784e-06,1.0,1.0,69.0081,0.0,0.0,0.0,-2.5823347e-25,1.8681432e-06,401.865,1.60746,55.242897,55.184006,0.0,0.9,0.0,-4.8807958e-26,0.0,71.59143,66.808365,69.55489,69.26865,67.817184
2018-04-10 21:24:00,1.1274424e-26,0.0,55.242897,357730.44,0.0,0.0,53.614998,-1.1619784e-06,1.0,1.0,69.03009,0.0,0.0,0.0,-4.513408e-24,7.138384e-06,401.865,1.60746,55.242897,55.184006,0.0,0.9,0.0,-2.03206e-24,0.0,71.64955,66.82611,69.56319,69.27606,67.83553
2018-04-10 21:25:00,4.0897617999999997e-25,0.0,55.242897,357730.44,0.0,0.0,53.6,0.0,1.0,1.0,69.05172,0.0,0.0,0.0,-1.3941201e-23,4.063726e-06,401.865,1.60746,55.242897,55.184006,0.0,0.9,0.0,-3.2913207e-25,0.0,71.70624,66.84374,69.57143,69.28342,67.853775
2018-04-10 21:26:00,-1.2535851999999998e-25,0.0,55.242897,357730.44,0.0,0.0,53.585003,-1.1619784e-06,1.0,1.0,69.072975,0.0,0.0,0.0,-3.0883319000000003e-24,-4.6286722e-08,401.865,1.60746,55.242897,55.184006,0.0,0.9,0.0,-3.6206956e-24,0.0,71.7615,66.86127,69.57956,69.29067,67.87184
2018-04-10 21:27:00,-1.4349581000000001e-24,0.0,55.242897,357730.44,0.0,0.0,53.570007,-3.4859352e-06,1.0,1.0,69.093864,0.0,0.0,0.0,-7.175189e-25,2.6715516e-06,401.865,1.60746,55.242897,55.184006,0.0,0.9,0.0,-1.027608e-24,0.0,71.815384,66.87868,69.58758,69.29787,67.8898
2018-04-10 21:28:00,2.3265956e-25,0.0,55.242897,357730.44,0.0,0.0,53.555008,0.0,1.0,1.0,69.11442,0.0,0.0,0.0,-2.5656998e-25,-7.626544e-06,401.865,1.60746,55.242897,55.184006,0.0,0.9,0.0,-8.687401000000001e-25,0.0,71.86801,66.89598,69.59554,69.30501,67.90755
2018-04-10 21:29:00,-9.78218e-24,0.0,55.242897,357730.44,0.0,0.0,53.525017,1.1619784e-06,1.0,1.0,69.13468,0.0,0.0,0.0,-1.9664631e-25,-2.6545224e-06,401.865,1.60746,55.242897,55.184006,0.0,0.9,0.0,-6.649236500000001e-26,0.0,71.919426,66.91318,69.603455,69.312096,67.92523
2018-04-10 21:30:00,-6.782124999999999e-24,0.0,55.242897,357730.44,0.0,0.0,53.51002,1.1619784e-06,1.0,1.0,69.1546,0.0,0.0,0.0,-6.5950685e-25,-2.6902958e-06,401.865,1.60746,55.242897,55.184006,0.0,0.9,0.0,-1.5867238000000002e-26,0.0,71.969635,66.93026,69.61125,69.31912,67.942764
2018-04-10 21:31:00,-5.4539327000000004e-24,0.0,55.242897,357730.44,0.0,0.0,53.51002,0.0,1.0,1.0,69.17423,0.0,0.0,0.0,-6.891635299999999e-25,-4.1253847e-06,401.865,1.60746,55.242897,55.184006,0.0,0.9,0.0,-1.4808721e-24,0.0,72.01869,66.947235,69.619,69.3261,67.96011
2018-04-10 21:32:00,-6.638835e-26,0.0,55.242897,357730.44,0.0,0.0,53.495026,0.0,1.0,1.0,69.19354,0.0,0.0,0.0,-2.6974730000000005e-23,1.1559379e-06,401.865,1.60746,55.242897,55.184006,0.0,0.9,0.0,-4.3096445e-24,0.0,72.06659,66.96416,69.62663,69.33297,67.97737
2018-04-10 21:33:00,4.824479e-25,0.0,55.242897,357730.44,0.0,0.0,53.480026,1.1619784e-06,1.0,1.0,69.21257,0.0,0.0,0.0,-1.1055236e-25,-3.866014e-06,401.865,1.60746,55.242897,55.184006,0.0,0.9,0.0,-1.4868951e-25,0.0,72.11345,66.98091,69.63422,69.339836,67.994446
2018-04-10 21:34:00,-1.3735954e-25,0.0,55.242897,357730.44,0.0,0.0,53.465034,-2.3239568e-06,1.0,1.0,69.23131,0.0,0.0,0.0,-4.6960373e-24,5.25962e-06,401.865,1.60746,55.242897,55.184006,0.0,0.9,0.0,-2.7555482999999997e-25,0.0,72.15932,66.99755,69.641685,69.34659,68.01143
2018-04-10 21:35:00,9.151498000000001e-27,0.0,55.242897,357730.44,0.0,0.0,53.450035,3.4859352e-06,1.0,1.0,69.249825,0.0,0.0,0.0,-5.7262384e-23,-1.9146169e-06,401.865,1.60746,55.242897,55.184006,0.0,0.9,0.0,-6.9742585e-24,0.0,72.20419,67.014145,69.649155,69.35335,68.02829
2018-04-10 21:36:00,7.142751999999999e-26,0.0,55.242897,357730.44,0.0,0.0,53.434982,1.1619784e-06,1.0,1.0,69.26804,0.0,0.0,0.0,-1.5226712e-24,-2.9938765e-06,401.865,1.60746,55.242897,55.184006,0.0,0.9,0.0,-5.158574e-25,0.0,72.24808,67.03056,69.65652,69.36,68.045044
2018-04-10 21:37:00,-3.2175544e-26,0.0,55.242897,357730.44,0.0,0.0,53.41999,0.0,1.0,1.0,69.28601,0.0,0.0,0.0,-1.6175000999999998e-23,4.530239e-06,401.865,1.60746,55.242897,55.184006,0.0,0.9,0.0,-1.7696837e-26,0.0,72.29104,67.046936,69.66377,69.36664,68.06163
2018-04-10 21:38:00,-8.327064e-27,0.0,55.242897,357730.44,0.0,0.0,53.389996,0.0,1.0,1.0,69.30371,0.0,0.0,0.0,-3.4065952e-24,5.0633857e-06,401.865,1.60746,55.242897,55.184006,0.0,0.9,0.0,-3.2463957999999996e-25,0.0,72.333115,67.063194,69.67102,69.373184,68.07806
2018-04-10 21:39:00,-2.9283304e-24,0.0,55.242897,357730.44,0.0,0.0,53.389996,1.1619784e-06,1.0,1.0,69.32119,0.0,0.0,0.0,-1.0731934e-24,3.5978212e-07,401.865,1.60746,55.242897,55.184006,0.0,0.9,0.0,-1.3556853e-27,0.0,72.37431,67.079346,69.67816,69.379715,68.09442
2018-04-10 21:40:00,-2.5285005999999997e-25,0.0,55.242897,357730.44,0.0,0.0,53.375,-2.3239568e-06,1.0,1.0,69.338425,0.0,0.0,0.0,-8.6714494e-23,-6.6930977e-07,401.865,1.60746,55.242897,55.184006,0.0,0.9,0.0,-8.860021e-25,0.0,72.41469,67.09538,69.68524,69.3862,68.11063
2018-04-10 21:41:00,-5.675115e-24,0.0,55.242897,357730.44,0.0,0.0,53.36,0.0,1.0,1.0,69.35545,0.0,0.0,0.0,-3.5536363e-23,-2.7515118e-06,401.865,1.60746,55.242897,55.184006,0.0,0.9,0.0,-8.0751076e-25,0.0,72.4543,67.111374,69.692276,69.39257,68.126785
2018-04-10 21:42:00,8.852754e-25,0.0,55.242897,357730.44,0.0,0.0,53.34501,0.0,1.0,1.0,69.37225,0.0,0.0,0.0,-3.9055958e-23,-1.4175664e-06,401.865,1.60746,55.242897,55.184006,0.0,0.9,0.0,-6.8475207e-25,0.0,72.49307,67.12724,69.69925,69.39894,68.14276
2018-04-10 21:43:00,6.479205e-25,0.0,55.242897,357730.44,0.0,0.0,53.33001,2.3239568e-06,1.0,1.0,69.38882,0.0,0.0,0.0,-3.8989595e-23,1.2068346e-06,401.865,1.60746,55.242897,55.184006,0.0,0.9,0.0,-3.3238277e-25,0.0,72.53109,67.143005,69.70618,69.40526,68.158585
2018-04-10 21:44:00,-5.6690014000000005e-24,0.0,55.242897,357730.44,0.0,0.0,53.315014,0.0,1.0,1.0,69.4052,0.0,0.0,0.0,-9.9329845e-27,-4.0248856e-06,401.865,1.60746,55.242897,55.184006,0.0,0.9,0.0,-9.768216e-25,0.0,72.56839,67.15866,69.71304,69.41152,68.17435
2018-04-10 21:45:00,6.587886e-24,0.0,55.242897,357730.44,0.0,0.0,53.30002,0.0,1.0,1.0,69.421364,0.0,0.0,0.0,-9.997057e-25,7.4941636e-07,401.865,1.60746,55.242897,55.184006,0.0,0.9,0.0,-8.2918575e-26,0.0,72.60497,67.17427,69.7198,69.417786,68.19
2018-04-10 21:46:00,3.8534203999999997e-25,0.0,55.242897,357730.44,0.0,0.0,53.270027,2.3239568e-06,1.0,1.0,69.43732,0.0,0.0,0.0,-9.224378e-24,-5.158062e-06,401.865,1.60746,55.242897,55.184006,0.0,0.9,0.0,-7.235781e-25,0.0,72.64084,67.18976,69.726555,69.423935,68.2055
2018-04-10 21:47:00,-9.017311e-25,0.0,55.242897,357730.44,0.0,0.0,53.270027,-3.4859352e-06,1.0,1.0,69.4531,0.0,0.0,0.0,-5.0855725000000005e-24,8.06421e-06,401.865,1.60746,55.242897,55.184006,0.0,0.9,0.0,-5.716639299999999e-25,0.0,72.67611,67.20514,69.7332,69.430084,68.22093
2018-04-10 21:48:00,2.0202619e-23,0.0,55.242897,357730.44,0.0,0.0,53.255028,-2.3239568e-06,1.0,1.0,69.46867,0.0,0.0,0.0,-1.8862629e-24,-1.14794175e-05,401.865,1.60746,55.242897,55.184006,0.0,0.9,0.0,-1.2581156000000001e-24,0.0,72.71066,67.22046,69.73985,69.43619,68.236206
2018-04-10 21:49:00,-9.8604334e-26,0.0,55.242897,357730.44,0.0,0.0,53.240032,0.0,1.0,1.0,69.48407,0.0,0.0,0.0,-4.9635637000000004e-27,-2.6031912e-06,401.865,1.60746,55.242897,55.184006,0.0,0.9,0.0,-2.8119098000000004e-26,0.0,72.74466,67.23568,69.74638,69.44223,68.25142
2018-04-10 21:50:00,2.5556904e-24,0.0,55.242897,357730.44,0.0,0.0,53.225037,0.0,1.0,1.0,69.49929,0.0,0.0,0.0,-2.7403565e-24,7.754219e-06,401.865,1.60746,55.242897,55.184006,0.0,0.9,0.0,-7.5881827e-25,0.0,72.777954,67.250786,69.75292,69.44827,68.266525
2018-04-10 21:51:00,-2.1402672e-25,0.0,55.242897,357730.44,0.0,0.0,53.209984,-1.1619784e-06,1.0,1.0,69.51433,0.0,0.0,0.0,-2.4867536e-24,4.1357243e-06,401.865,1.60746,55.242897,55.184006,0.0,0.9,0.0,-1.0190804e-23,0.0,72.810745,67.26584,69.75935,69.45421,68.28146
2018-04-10 21:52:00,4.7858133e-26,0.0,55.242897,357730.44,0.0,0.0,53.19499,-2.3239568e-06,1.0,1.0,69.52919,0.0,0.0,0.0,-7.72525e-24,-1.4670034e-05,401.865,1.60746,55.242897,55.184006,0.0,0.9,0.0,-3.8579885e-24,0.0,72.84288,67.28078,69.76578,69.46014,68.29636
2018-04-10 21:53:00,1.0566025e-25,0.0,55.242897,357730.44,0.0,0.0,53.179993,0.0,1.0,1.0,69.54388,0.0,0.0,0.0,-1.2038011e-23,-3.8536637e-06,401.865,1.60746,55.242897,55.184006,0.0,0.9,0.0,-3.7216122e-24,0.0,72.87453,67.29561,69.772095,69.46602,68.31113
2018-04-10 21:54:00,4.726212e-25,0.0,55.242897,357730.44,0.0,0.0,53.15,0.0,1.0,1.0,69.55841,0.0,0.0,0.0,-9.662563e-24,3.1488082e-06,401.865,1.60746,55.242897,55.184006,0.0,0.9,0.0,-2.0793183e-25,0.0,72.90561,67.31039,69.77841,69.47189,68.325745
2018-04-10 21:55:00,-4.7324653e-26,0.0,55.242897,357730.44,0.0,0.0,53.15,0.0,1.0,1.0,69.57278,0.0,0.0,0.0,-1.4849089e-23,-7.973125e-06,401.865,1.60746,55.242897,55.184006,0.0,0.9,0.0,-8.2354286e-24,0.0,72.93616,67.3251,69.78467,69.47766,68.3403
2018-04-10 21:56:00,3.7080719999999996e-26,0.0,55.242897,357730.44,0.0,0.0,53.135002,0.0,1.0,1.0,69.587006,0.0,0.0,0.0,-9.058628e-24,-4.013671e-06,401.865,1.60746,55.242897,55.184006,0.0,0.9,0.0,-1.4751769e-24,0.0,72.9662,67.33972,69.79088,69.48343,68.3548
2018-04-10 21:57:00,-5.051888399999999e-25,0.0,55.242897,357730.44,0.0,0.0,53.120007,1.1619784e-06,1.0,1.0,69.60104,0.0,0.0,0.0,-6.963263399999999e-25,-3.7878988e-06,401.865,1.60746,55.242897,55.184006,0.0,0.9,0.0,-4.0538493999999996e-25,0.0,72.9957,67.35422,69.79703,69.489136,68.36914
2018-04-10 21:58:00,-6.727119000000001e-27,0.0,55.242897,357730.44,0.0,0.0,53.10501,-2.3239568e-06,1.0,1.0,69.61495,0.0,0.0,0.0,-1.0013978e-24,-5.385217e-06,401.865,1.60746,55.242897,55.184006,0.0,0.9,0.0,-2.8399685e-24,0.0,73.024765,67.36867,69.80313,69.49486,68.38336
2018-04-10 21:59:00,-4.2273090000000005e-25,0.0,55.242897,357730.44,0.0,0.0,53.09001,1.1619784e-06,1.0,1.0,69.62872,0.0,0.0,0.0,-2.5775660000000003e-25,5.5887344e-06,401.865,1.60746,55.242897,55.184006,0.0,0.9,0.0,-3.4473024e-24,0.0,73.053375,67.38301,69.80917,69.50051,68.39754
2018-04-10 22:00:00,-9.282335999999999e-26,0.0,55.242897,357730.44,0.0,0.0,53.07502,2.3239568e-06,1.0,1.0,69.64235,0.0,0.0,0.0,-1.0822562e-23,-2.5357472e-06,401.865,1.60746,55.242897,55.184006,0.0,0.9,0.0,-3.8184471999999997e-25,0.0,73.081505,67.39729,69.815216,69.50612,68.411606
2018-04-10 22:01:00,-1.3598562e-25,0.0,55.242897,357730.44,0.0,0.0,53.06002,0.0,1.0,1.0,69.65584,0.0,0.0,0.0,-1.2967169e-23,4.9154655e-06,401.865,1.60746,55.242897,55.184006,0.0,0.9,0.0,-6.7447e-25,0.0,73.109245,67.41146,69.8212,69.51172,68.42555
2018-04-10 22:02:00,-2.8436334e-26,0.0,55.242897,357730.44,0.0,0.0,53.023987,1.1619784e-06,1.0,1.0,69.66872,0.0,0.0,0.0,-4.4829034e-23,-3.9043484e-06,401.865,1.60746,55.242897,55.184006,0.0,0.9,0.0,-3.1802932e-25,0.0,73.13501,67.425354,69.82686,69.517105,68.43923
2018-04-10 22:03:00,-1.5118686e-25,0.0,55.242897,357730.44,0.0,0.0,53.023987,0.0,1.0,1.0,69.681496,0.0,0.0,0.0,-6.2290145e-24,-1.4920502e-07,401.865,1.60746,55.242897,55.184006,0.0,0.9,0.0,-6.551975999999999e-26,0.0,73.16066,67.43915,69.83252,69.52243,68.45269
2018-04-10 22:04:00,1.8090316e-25,0.0,55.242897,357730.44,0.0,0.0,53.006023,1.1619784e-06,1.0,1.0,69.69411,0.0,0.0,0.0,-5.7461204e-24,2.605777e-06,401.865,1.60746,55.242897,55.184006,0.0,0.9,0.0,-4.671421e-24,0.0,73.18582,67.45282,69.838066,69.527756,68.466095
2018-04-10 22:05:00,-1.1364077e-26,0.0,55.242897,357730.44,0.0,0.0,52.988007,3.4859352e-06,1.0,1.0,69.70659,0.0,0.0,0.0,-2.4365120000000002e-23,2.001918e-07,401.865,1.60746,55.242897,55.184006,0.0,0.9,0.0,-1.3254558000000001e-24,0.0,73.210594,67.466446,69.84356,69.532974,68.47933
2018-04-10 22:06:00,-1.9475586000000002e-26,0.0,55.242897,357730.44,0.0,0.0,52.969986,1.1619784e-06,1.0,1.0,69.71892,0.0,0.0,0.0,-1.2873852e-23,-1.228414e-06,401.865,1.60746,55.242897,55.184006,0.0,0.9,0.0,-3.9987833e-25,0.0,73.234985,67.479965,69.849,69.53814,68.492516
2018-04-10 22:07:00,-6.210229e-26,0.0,55.242897,357730.44,0.0,0.0,52.952026,1.1619784e-06,1.0,1.0,69.73112,0.0,0.0,0.0,-1.8032631e-23,1.752639e-06,401.865,1.60746,55.242897,55.184006,0.0,0.9,0.0,-1.7546708e-24,0.0,73.25899,67.49336,69.854385,69.543304,68.50554
2018-04-10 22:08:00,-5.880469e-27,0.0,55.242897,357730.44,0.0,0.0,52.934006,-2.3239568e-06,1.0,1.0,69.74321,0.0,0.0,0.0,-5.5610926e-23,-6.498174e-06,401.865,1.60746,55.242897,55.184006,0.0,0.9,0.0,-3.1805959999999998e-24,0.0,73.282715,67.506714,69.85971,69.548416,68.51849
2018-04-10 22:09:00,1.0721713000000001e-24,0.0,55.242897,357730.44,0.0,0.0,52.898026,1.1619784e-06,1.0,1.0,69.75515,0.0,0.0,0.0,-6.636246e-24,-1.2269533e-06,401.865,1.60746,55.242897,55.184006,0.0,0.9,0.0,-1.0041217e-25,0.0,73.30606,67.51995,69.86493,69.55347,68.53136
2018-04-10 22:10:00,9.608369399999999e-29,0.0,55.242897,357730.44,0.0,0.0,52.898026,1.1619784e-06,1.0,1.0,69.76696,0.0,0.0,0.0,-1.7461481999999998e-25,-3.9850056e-06,401.865,1.60746,55.242897,55.184006,0.0,0.9,0.0,-2.3033891e-27,0.0,73.32909,67.53308,69.87015,69.558464,68.54404
2018-04-10 22:11:00,-5.838675e-25,0.0,55.242897,357730.44,0.0,0.0,52.880013,-1.1619784e-06,1.0,1.0,69.77867,0.0,0.0,0.0,-4.3353500000000005e-24,5.01009e-06,401.865,1.60746,55.242897,55.184006,0.0,0.9,0.0,-1.6560047e-25,0.0,73.35177,67.54616,69.875305,69.56346,68.55667
2018-04-10 22:12:00,3.2856625999999996e-25,0.0,55.242897,357730.44,0.0,0.0,52.86199,1.1619784e-06,1.0,1.0,69.790245,0.0,0.0,0.0,-1.2648987e-24,8.560903e-06,401.865,1.60746,55.242897,55.184006,0.0,0.9,0.0,-5.817648999999999e-26,0.0,73.374176,67.55911,69.88042,69.56835,68.5692
2018-04-10 22:13:00,4.7819953000000003e-26,0.0,55.242897,357730.44,0.0,0.0,52.844032,-2.3239568e-06,1.0,1.0,69.80171,0.0,0.0,0.0,-5.476376e-24,7.6045553e-06,401.865,1.60746,55.242897,55.184006,0.0,0.9,0.0,-3.884021e-24,0.0,73.39626,67.57202,69.88542,69.57324,68.58162
2018-04-10 22:14:00,4.2097524e-27,0.0,55.242897,357730.44,0.0,0.0,52.82601,-1.1619784e-06,1.0,1.0,69.81309,0.0,0.0,0.0,-6.1277145e-24,1.83371e-06,401.865,1.60746,55.242897,55.184006,0.0,0.9,0.0,-4.3359542000000005e-26,0.0,73.418076,67.584885,69.89041,69.57808,68.59398
2018-04-10 22:15:00,5.200188300000001e-26,0.0,55.242897,357730.44,0.0,0.0,52.807995,2.3239568e-06,1.0,1.0,69.82433,0.0,0.0,0.0,-1.0737391e-23,9.678533e-06,401.865,1.60746,55.242897,55.184006,0.0,0.9,0.0,-8.708326e-24,0.0,73.43966,67.597565,69.895355,69.58291,68.60617
2018-04-10 22:16:00,-1.1898595000000001e-26,0.0,55.242897,357730.44,0.0,0.0,52.79003,0.0,1.0,1.0,69.835464,0.0,0.0,0.0,-1.2384235e-23,-3.3421522e-06,401.865,1.60746,55.242897,55.184006,0.0,0.9,0.0,-1.12715e-24,0.0,73.46092,67.6102,69.90025,69.58763,68.61831
2018-04-10 22:17:00,-6.2679144000000004e-27,0.0,55.242897,357730.44,0.0,0.0,52.753998,-2.3239568e-06,1.0,1.0,69.84651,0.0,0.0,0.0,-4.5588433e-23,-1.2052272e-06,401.865,1.60746,55.242897,55.184006,0.0,0.9,0.0,-9.255018e-25,0.0,73.48201,67.62279,69.90508,69.59236,68.63034
2018-04-10 22:18:00,-2.2856605e-26,0.0,55.242897,357730.44,0.0,0.0,52.736034,-2.3239568e-06,1.0,1.0,69.857445,0.0,0.0,0.0,-8.193626000000001e-25,2.0179964e-06,401.865,1.60746,55.242897,55.184006,0.0,0.9,0.0,-3.5808082e-26,0.0,73.50278,67.635254,69.90987,69.59708,68.64226
2018-04-10 22:19:00,2.9545513e-26,0.0,55.242897,357730.44,0.0,0.0,52.736034,-2.3239568e-06,1.0,1.0,69.86827,0.0,0.0,0.0,-5.0321497e-23,-4.7112513e-07,401.865,1.60746,55.242897,55.184006,0.0,0.9,0.0,-6.2442817000000005e-27,0.0,73.52338,67.64767,69.91458,69.6017,68.65407
2018-04-10 22:20:00,1.3030226e-24,0.0,55.242897,357730.44,0.0,0.0,52.718018,2.3239568e-06,1.0,1.0,69.87903,0.0,0.0,0.0,-9.467448e-25,3.9661577e-06,401.865,1.60746,55.242897,55.184006,0.0,0.9,0.0,-1.5570434999999998e-25,0.0,73.5437,67.65997,69.91931,69.60631,68.665825
2018-04-10 22:21:00,-3.1616928000000002e-24,0.0,55.242897,357730.44,0.0,0.0,52.699997,0.0,1.0,1.0,69.88967,0.0,0.0,0.0,-6.55819e-25,3.5097912e-06,401.865,1.60746,55.242897,55.184006,0.0,0.9,0.0,-5.370973e-26,0.0,73.56386,67.672226,69.92392,69.61087,68.677475
2018-04-10 22:22:00,-2.8152649e-25,0.0,55.242897,357730.44,0.0,0.0,52.682037,1.1619784e-06,1.0,1.0,69.90022,0.0,0.0,0.0,-3.6197152e-27,-3.4742616e-06,401.865,1.60746,55.242897,55.184006,0.0,0.9,0.0,-4.9295647e-25,0.0,73.5838,67.68442,69.92848,69.61537,68.68901
2018-04-10 22:23:00,-3.6011905e-25,0.0,55.242897,357730.44,0.0,0.0,52.664017,1.1619784e-06,1.0,1.0,69.91069,0.0,0.0,0.0,-1.1180191e-23,-1.0608142e-05,401.865,1.60746,55.242897,55.184006,0.0,0.9,0.0,-9.090641e-26,0.0,73.60358,67.6965,69.933044,69.61987,68.700485
2018-04-10 22:24:00,8.094576999999999e-26,0.0,55.242897,357730.44,0.0,0.0,52.646004,0.0,1.0,1.0,69.92108,0.0,0.0,0.0,-1.78336e-24,-3.5255707e-07,401.865,1.60746,55.242897,55.184006,0.0,0.9,0.0,-4.5283895e-25,0.0,73.623184,67.70848,69.937546,69.62433,68.71185
2018-04-10 22:25:00,-6.6917795e-26,0.0,55.242897,357730.44,0.0,0.0,52.627983,3.4859352e-06,1.0,1.0,69.93138,0.0,0.0,0.0,-2.1760846e-27,1.1803293e-06,401.865,1.60746,55.242897,55.184006,0.0,0.9,0.0,-5.423599699999999e-25,0.0,73.64263,67.7204,69.942,69.62872,68.723114
2018-04-10 22:26:00,1.4695252999999998e-25,0.0,55.242897,357730.44,0.0,0.0,52.592003,1.1619784e-06,1.0,1.0,69.941605,0.0,0.0,0.0,-1.547268e-25,-3.6046315e-06,401.865,1.60746,55.242897,55.184006,0.0,0.9,0.0,-6.668213e-26,0.0,73.66197,67.73226,69.946396,69.63312,68.73427
2018-04-10 22:27:00,4.9542349999999997e-26,0.0,55.242897,357730.44,0.0,0.0,52.592003,3.4859352e-06,1.0,1.0,69.95174,0.0,0.0,0.0,-1.1779401e-22,7.472995e-06,401.865,1.60746,55.242897,55.184006,0.0,0.9,0.0,-1.4830444000000001e-24,0.0,73.68114,67.74407,69.95073,69.637405,68.74536
2018-04-10 22:28:00,-4.3838806000000004e-26,0.0,55.242897,357730.44,0.0,0.0,52.573986,0.0,1.0,1.0,69.96181,0.0,0.0,0.0,-3.1873874e-23,1.7898491e-06,401.865,1.60746,55.242897,55.184006,0.0,0.9,0.0,-4.8453837e-24,0.0,73.70009,67.75577,69.95502,69.64174,68.75641
2018-04-10 22:29:00,-6.779124e-27,0.0,55.242897,357730.44,0.0,0.0,52.556023,0.0,1.0,1.0,69.97176,0.0,0.0,0.0,-4.162845e-24,3.615205e-07,401.865,1.60746,55.242897,55.184006,0.0,0.9,0.0,-3.5692418000000004e-24,0.0,73.71887,67.767365,69.959305,69.645966,68.767334
2018-04-10 22:30:00,-2.6287868e-26,0.0,55.242897,357730.44,0.0,0.0,52.538006,0.0,1.0,1.0,69.98164,0.0,0.0,0.0,-2.6163443e-23,-5.189918e-06,401.865,1.60746,55.242897,55.184006,0.0,0.9,0.0,-2.9460324e-24,0.0,73.73744,67.7789,69.96353,69.6502,68.77816
2018-04-10 22:31:00,1.2492163e-24,0.0,55.242897,357730.44,0.0,0.0,52.51999,0.0,1.0,1.0,69.99144,0.0,0.0,0.0,-2.045563e-24,-2.713138e-07,401.865,1.60746,55.242897,55.184006,0.0,0.9,0.0,-4.7397973e-25,0.0,73.755844,67.790375,69.967705,69.654434,68.78887
2018-04-10 22:32:00,-6.485957700000001e-26,0.0,55.242897,357730.44,0.0,0.0,52.502026,0.0,1.0,1.0,70.00115,0.0,0.0,0.0,-7.94309e-25,3.8729e-06,401.865,1.60746,55.242897,55.184006,0.0,0.9,0.0,-1.9787185e-24,0.0,73.77403,67.8018,69.971825,69.658554,68.79953
2018-04-10 22:33:00,-9.839774999999999e-26,0.0,55.242897,357730.44,0.0,0.0,52.48401,0.0,1.0,1.0,70.010765,0.0,0.0,0.0,-1.5819539e-23,-7.624345e-07,401.865,1.60746,55.242897,55.184006,0.0,0.9,0.0,-2.6133504000000002e-24,0.0,73.792046,67.813126,69.97589,69.662674,68.810135
2018-04-10 22:34:00,6.950176e-26,0.0,55.242897,357730.44,0.0,0.0,52.44803,0.0,1.0,1.0,70.02032,0.0,0.0,0.0,-1.2105507000000001e-27,-1.2834813e-06,401.865,1.60746,55.242897,55.184006,0.0,0.9,0.0,-1.2846661e-25,0.0,73.809845,67.82439,69.97995,69.666794,68.82062
2018-04-10 22:35:00,1.0801056e-25,0.0,55.242897,357730.44,0.0,0.0,52.44803,0.0,1.0,1.0,70.02977,0.0,0.0,0.0,-6.83321e-25,5.1011166e-06,401.865,1.60746,55.242897,55.184006,0.0,0.9,0.0,-1.3773781e-25,0.0,73.82748,67.83559,69.98396,69.67085,68.83101
2018-04-10 22:36:00,-3.2810867e-25,0.0,55.242897,357730.44,0.0,0.0,52.430008,0.0,1.0,1.0,70.03914,0.0,0.0,0.0,-4.6799043e-24,-5.398557e-06,401.865,1.60746,55.242897,55.184006,0.0,0.9,0.0,-2.8157904e-25,0.0,73.844894,67.84668,69.987915,69.674866,68.84133
2018-04-10 22:37:00,-1.0235772e-25,0.0,55.242897,357730.44,0.0,0.0,52.411995,0.0,1.0,1.0,70.04842,0.0,0.0,0.0,-8.975512e-28,4.5543943e-06,401.865,1.60746,55.242897,55.184006,0.0,0.9,0.0,-3.0579073e-24,0.0,73.86214,67.85773,69.99182,69.67882,68.85161
2018-04-10 22:38:00,-3.0368026e-25,0.0,55.242897,357730.44,0.0,0.0,52.394028,-1.1619784e-06,1.0,1.0,70.05762,0.0,0.0,0.0,-7.205597e-24,4.3336304e-06,401.865,1.60746,55.242897,55.184006,0.0,0.9,0.0,-1.8712573e-26,0.0,73.879166,67.86871,69.99567,69.68277,68.86177
2018-04-10 22:39:00,2.450553e-25,0.0,55.242897,357730.44,0.0,0.0,52.376015,-1.1619784e-06,1.0,1.0,70.06673,0.0,0.0,0.0,-2.7998636000000002e-24,-2.35245e-06,401.865,1.60746,55.242897,55.184006,0.0,0.9,0.0,-1.8431462000000002e-26,0.0,73.89603,67.87959,69.99951,69.686676,68.87182
2018-04-10 22:40:00,-1.1699055999999999e-25,0.0,55.242897,357730.44,0.0,0.0,52.357994,2.3239568e-06,1.0,1.0,70.07577,0.0,0.0,0.0,-4.3788605e-23,1.8551992e-06,401.865,1.60746,55.242897,55.184006,0.0,0.9,0.0,-1.4299228999999998e-25,0.0,73.912735,67.89041,70.003296,69.690575,68.88182
2018-04-10 22:41:00,2.2835118e-26,0.0,55.242897,357730.44,0.0,0.0,52.322014,0.0,1.0,1.0,70.08472,0.0,0.0,0.0,-6.9241075e-24,3.6304866e-06,401.865,1.60746,55.242897,55.184006,0.0,0.9,0.0,-1.4714006e-24,0.0,73.929214,67.90118,70.007034,69.69442,68.891754
2018-04-10 22:42:00,-1.1191084e-25,0.0,55.242897,357730.44,0.0,0.0,52.303997,-1.1619784e-06,1.0,1.0,70.09361,0.0,0.0,0.0,-1.8285748e-23,-3.6405654e-06,401.865,1.60746,55.242897,55.184006,0.0,0.9,0.0,-1.3226061e-24,0.0,73.945526,67.91189,70.01077,69.698265,68.901596
2018-04-10 22:43:00,-1.7335546999999998e-25,0.0,55.242897,357730.44,0.0,0.0,52.303997,0.0,1.0,1.0,70.10241,0.0,0.0,0.0,-6.355612e-24,7.898178e-07,401.865,1.60746,55.242897,55.184006,0.0,0.9,0.0,-1.4846055e-25,0.0,73.961624,67.92255,70.01445,69.70206,68.91137
2018-04-10 22:44:00,-1.5304668e-25,0.0,55.242897,357730.44,0.0,0.0,52.286034,0.0,1.0,1.0,70.1111,0.0,0.0,0.0,-1.0546532e-25,4.8798815e-06,401.865,1.60746,55.242897,55.184006,0.0,0.9,0.0,-1.896902e-24,0.0,73.97749,67.93309,70.01808,69.705795,68.921036
2018-04-10 22:45:00,2.133725e-25,0.0,55.242897,357730.44,0.0,0.0,52.268017,3.4859352e-06,1.0,1.0,70.11973,0.0,0.0,0.0,-1.6623642e-23,-5.0610874e-06,401.865,1.60746,55.242897,55.184006,0.0,0.9,0.0,-1.5624082000000001e-27,0.0,73.99321,67.94359,70.02165,69.709526,68.93065
2018-04-10 22:46:00,1.7942137999999999e-25,0.0,55.242897,357730.44,0.0,0.0,52.25,0.0,1.0,1.0,70.12825,0.0,0.0,0.0,-2.5782097e-27,-1.4781524e-06,401.865,1.60746,55.242897,55.184006,0.0,0.9,0.0,-5.2650046e-25,0.0,74.0087,67.953964,70.02516,69.71321,68.94021
2018-04-10 22:47:00,5.903642999999999e-26,0.0,55.242897,357730.44,0.0,0.0,52.232037,-1.1619784e-06,1.0,1.0,70.13672,0.0,0.0,0.0,-2.6049702e-24,7.4371756e-06,401.865,1.60746,55.242897,55.184006,0.0,0.9,0.0,-4.788304299999999e-25,0.0,74.02402,67.96435,70.02868,69.71689,68.94966
2018-04-10 22:48:00,4.2417233e-26,0.0,55.242897,357730.44,0.0,0.0,52.21402,0.0,1.0,1.0,70.145096,0.0,0.0,0.0,-1.9292899000000002e-24,2.3548554e-07,401.865,1.60746,55.242897,55.184006,0.0,0.9,0.0,-7.538973999999999e-26,0.0,74.039185,67.974625,70.032135,69.72051,68.959045
2018-04-10 22:49:00,-3.2561706e-25,0.0,55.242897,357730.44,0.0,0.0,52.177986,-3.4859352e-06,1.0,1.0,70.153404,0.0,0.0,0.0,-2.3605965e-23,7.4695104e-06,401.865,1.60746,55.242897,55.184006,0.0,0.9,0.0,-3.739156e-24,0.0,74.05412,67.98489,70.0356,69.72408,68.96834
2018-04-10 22:50:00,-1.376855e-25,0.0,55.242897,357730.44,0.0,0.0,52.16002,0.0,1.0,1.0,70.16163,0.0,0.0,0.0,-8.695110000000001e-24,-4.997869e-06,401.865,1.60746,55.242897,55.184006,0.0,0.9,0.0,-1.2881047e-24,0.0,74.06885,67.995056,70.039,69.72765,68.97756
2018-04-10 22:51:00,2.2401383999999997e-25,0.0,55.242897,357730.44,0.0,0.0,52.16002,0.0,1.0,1.0,70.16976,0.0,0.0,0.0,-1.8458449e-23,6.0181783e-06,401.865,1.60746,55.242897,55.184006,0.0,0.9,0.0,-2.8951032999999997e-25,0.0,74.083405,68.00511,70.04236,69.731224,68.98674
2018-04-10 22:52:00,-1.6862493e-25,0.0,55.242897,357730.44,0.0,0.0,52.142006,2.3239568e-06,1.0,1.0,70.17783,0.0,0.0,0.0,-5.0671037e-24,2.7368205e-06,401.865,1.60746,55.242897,55.184006,0.0,0.9,0.0,-4.5719277e-25,0.0,74.09779,68.01516,70.045654,69.73474,68.995804
2018-04-10 22:53:00,9.457485500000001e-27,0.0,55.242897,357730.44,0.0,0.0,52.123985,0.0,1.0,1.0,70.185814,0.0,0.0,0.0,-1.4192562e-23,8.666488e-06,401.865,1.60746,55.242897,55.184006,0.0,0.9,0.0,-1.4835443999999998e-25,0.0,74.11197,68.02516,70.04895,69.738205,69.00481
2018-04-10 22:54:00,-1.5547456e-25,0.0,55.242897,357730.44,0.0,0.0,52.106026,1.1619784e-06,1.0,1.0,70.193726,0.0,0.0,0.0,-1.8877692e-23,-1.8309098e-06,401.865,1.60746,55.242897,55.184006,0.0,0.9,0.0,-1.5384727e-24,0.0,74.12598,68.03505,70.052185,69.74166,69.01376
2018-04-10 22:55:00,5.005892e-26,0.0,55.242897,357730.44,0.0,0.0,52.088005,-1.1619784e-06,1.0,1.0,70.20155,0.0,0.0,0.0,-4.751195e-24,-1.7989491e-06,401.865,1.60746,55.242897,55.184006,0.0,0.9,0.0,-2.2485599999999998e-25,0.0,74.13976,68.044876,70.055374,69.74507,69.02266
2018-04-10 22:56:00,9.694361e-26,0.0,55.242897,357730.44,0.0,0.0,52.06999,0.0,1.0,1.0,70.20931,0.0,0.0,0.0,-1.5194313e-25,-3.526468e-06,401.865,1.60746,55.242897,55.184006,0.0,0.9,0.0,-9.687464600000001e-26,0.0,74.15344,68.05466,70.05856,69.748474,69.03145
2018-04-10 22:57:00,-1.23733534e-26,0.0,55.242897,357730.44,0.0,0.0,52.052025,0.0,1.0,1.0,70.216995,0.0,0.0,0.0,-3.043093e-23,-2.4121455e-06,401.865,1.60746,55.242897,55.184006,0.0,0.9,0.0,-1.9434465e-26,0.0,74.1669,68.06438,70.06169,69.75182,69.040184
2018-04-10 22:58:00,8.978363e-26,0.0,55.242897,357730.44,0.0,0.0,52.01599,0.0,1.0,1.0,70.22459,0.0,0.0,0.0,-8.273272e-24,-1.4766244e-06,401.865,1.60746,55.242897,55.184006,0.0,0.9,0.0,-7.2584147e-25,0.0,74.18019,68.07405,70.06477,69.75512,69.04881
2018-04-10 22:59:00,-1.7549061e-26,0.0,55.242897,357730.44,0.0,0.0,52.01599,0.0,1.0,1.0,70.23211,0.0,0.0,0.0,-3.3840146e-25,1.4520111e-07,401.865,1.60746,55.242897,55.184006,0.0,0.9,0.0,-9.071437600000001e-26,0.0,74.19327,68.0836,70.06784,69.758415,69.057434
2018-04-10 23:00:00,1.2241504e-25,0.0,55.242897,357730.44,0.0,0.0,51.998028,1.1619784e-06,1.0,1.0,70.23958,0.0,0.0,0.0,-9.198006e-25,1.7582145e-06,401.865,1.60746,55.242897,55.184006,0.0,0.9,0.0,-5.789644e-26,0.0,74.20623,68.09316,70.07086,69.76171,69.06595
2018-04-10 23:01:00,-1.5444299e-25,0.0,55.242897,357730.44,0.0,0.0,51.98001,0.0,1.0,1.0,70.24696,0.0,0.0,0.0,-6.954047000000001e-25,-2.4316986e-07,401.865,1.60746,55.242897,55.184006,0.0,0.9,0.0,-2.62989e-26,0.0,74.21898,68.102615,70.07388,69.76495,69.0744
2018-04-10 23:02:00,-2.1943485000000002e-24,0.0,55.242897,357730.44,0.0,0.0,51.998028,1.1619784e-06,1.0,1.0,70.253784,0.0,0.0,0.0,-1.0421774000000001e-24,1.0194594e-06,401.865,1.60746,55.242897,55.184006,0.0,0.9,0.0,-3.6456467e-25,0.0,74.22985,68.11189,70.07663,69.76803,69.082535
2018-04-10 23:03:00,-1.740821e-25,0.0,55.242897,357730.44,0.0,0.0,52.01599,0.0,1.0,1.0,70.26064,0.0,0.0,0.0,-2.5908057e-23,5.6658905e-06,401.865,1.60746,55.242897,55.184006,0.0,0.9,0.0,-1.5311125e-25,0.0,74.24111,68.121124,70.07933,69.77105,69.09061
2018-04-10 23:04:00,-6.384420400000001e-27,0.0,55.242897,357730.44,0.0,0.0,52.034008,-1.1619784e-06,1.0,1.0,70.267426,0.0,0.0,0.0,-1.2683681e-23,-2.53464e-06,401.865,1.60746,55.242897,55.184006,0.0,0.9,0.0,-8.415484e-27,0.0,74.252045,68.13024,70.082016,69.774124,69.09869
2018-04-10 23:05:00,2.990251e-26,0.0,55.242897,357730.44,0.0,0.0,52.06999,0.0,1.0,1.0,70.27416,0.0,0.0,0.0,-2.163298e-26,-1.9036834e-06,401.865,1.60746,55.242897,55.184006,0.0,0.9,0.0,-3.080853e-26,0.0,74.262924,68.13936,70.08471,69.777145,69.10665
2018-04-10 23:06:00,9.269025999999999e-26,0.0,55.242897,357730.44,0.0,0.0,52.088005,0.0,1.0,1.0,70.28083,0.0,0.0,0.0,-9.982792e-24,-3.7776717e-06,401.865,1.60746,55.242897,55.184006,0.0,0.9,0.0,-1.2609758e-25,0.0,74.273636,68.14842,70.08734,69.78011,69.11462
2018-04-10 23:07:00,-4.4559894e-27,0.0,55.242897,357730.44,0.0,0.0,52.088005,3.4859352e-06,1.0,1.0,70.28745,0.0,0.0,0.0,-7.993712400000001e-27,-3.4488357e-06,401.865,1.60746,55.242897,55.184006,0.0,0.9,0.0,-1.2076477e-24,0.0,74.28423,68.15743,70.08998,69.78308,69.12253
2018-04-10 23:08:00,-1.5455717e-26,0.0,55.242897,357730.44,0.0,0.0,52.106026,-1.1619784e-06,1.0,1.0,70.29402,0.0,0.0,0.0,-8.144614e-26,6.7415867e-06,401.865,1.60746,55.242897,55.184006,0.0,0.9,0.0,-2.1026273e-24,0.0,74.29467,68.16638,70.09262,69.78604,69.13039
2018-04-10 23:09:00,-2.0225467e-27,0.0,55.242897,357730.44,0.0,0.0,52.123985,-1.1619784e-06,1.0,1.0,70.30055,0.0,0.0,0.0,-2.0112947999999998e-25,3.0906335e-06,401.865,1.60746,55.242897,55.184006,0.0,0.9,0.0,-6.7987755e-25,0.0,74.30499,68.17534,70.0952,69.78902,69.13818
2018-04-10 23:10:00,-3.9946412000000003e-26,0.0,55.242897,357730.44,0.0,0.0,52.142006,-1.1619784e-06,1.0,1.0,70.30699,0.0,0.0,0.0,-5.2903607e-26,3.3856647e-06,401.865,1.60746,55.242897,55.184006,0.0,0.9,0.0,-7.0722020000000005e-25,0.0,74.315155,68.18419,70.09778,69.79192,69.14593
2018-04-10 23:11:00,-2.8704584e-26,0.0,55.242897,357730.44,0.0,0.0,52.16002,0.0,1.0,1.0,70.31341,0.0,0.0,0.0,-5.2506085000000005e-27,-2.4354576e-06,401.865,1.60746,55.242897,55.184006,0.0,0.9,0.0,-1.9235397e-25,0.0,74.32521,68.19302,70.100365,69.79483,69.15362
2018-04-10 23:12:00,-6.051028e-26,0.0,55.242897,357730.44,0.0,0.0,52.177986,1.1619784e-06,1.0,1.0,70.31976,0.0,0.0,0.0,-1.3160728e-26,-6.0644325e-08,401.865,1.60746,55.242897,55.184006,0.0,0.9,0.0,-9.743728e-28,0.0,74.3351,68.20181,70.10289,69.797745,69.161255
2018-04-10 23:13:00,1.5660493e-27,0.0,55.242897,357730.44,0.0,0.0,52.196,0.0,1.0,1.0,70.326065,0.0,0.0,0.0,-8.328378999999999e-26,7.82797e-07,401.865,1.60746,55.242897,55.184006,0.0,0.9,0.0,-7.282713300000001e-26,0.0,74.34493,68.210556,70.10542,69.8006,69.16884
2018-04-10 23:14:00,-8.217403e-26,0.0,55.242897,357730.44,0.0,0.0,52.232037,0.0,1.0,1.0,70.33233,0.0,0.0,0.0,-2.1671032e-25,2.4931785e-06,401.865,1.60746,55.242897,55.184006,0.0,0.9,0.0,-1.7449415e-26,0.0,74.3546,68.21923,70.10794,69.80346,69.176414
2018-04-10 23:15:00,-3.493142e-26,0.0,55.242897,357730.44,0.0,0.0,52.232037,0.0,1.0,1.0,70.33854,0.0,0.0,0.0,-1.2302958000000001e-24,3.895806e-06,401.865,1.60746,55.242897,55.184006,0.0,0.9,0.0,-7.269998599999999e-25,0.0,74.364105,68.22786,70.11047,69.80632,69.183945
2018-04-10 23:16:00,-1.4899705e-25,0.0,55.242897,357730.44,0.0,0.0,52.25,0.0,1.0,1.0,70.3447,0.0,0.0,0.0,-1.6367036000000001e-24,2.2340053e-06,401.865,1.60746,55.242897,55.184006,0.0,0.9,0.0,-1.9577727e-26,0.0,74.37355,68.23642,70.112946,69.80917,69.19141
2018-04-10 23:17:00,7.554867e-26,0.0,55.242897,357730.44,0.0,0.0,52.268017,0.0,1.0,1.0,70.350815,0.0,0.0,0.0,-1.2756794e-24,4.900816e-06,401.865,1.60746,55.242897,55.184006,0.0,0.9,0.0,-1.632998e-24,0.0,74.382835,68.244995,70.11542,69.81197,69.19882
2018-04-10 23:18:00,-4.66118e-26,0.0,55.242897,357730.44,0.0,0.0,52.286034,0.0,1.0,1.0,70.35687,0.0,0.0,0.0,-3.4194442e-24,-6.101149e-06,401.865,1.60746,55.242897,55.184006,0.0,0.9,0.0,-4.2066466e-25,0.0,74.39206,68.25351,70.11783,69.81477,69.20619
2018-04-10 23:19:00,-1.1017880999999999e-25,0.0,55.242897,357730.44,0.0,0.0,52.303997,0.0,1.0,1.0,70.36288,0.0,0.0,0.0,-2.0765264000000002e-24,9.370632e-07,401.865,1.60746,55.242897,55.184006,0.0,0.9,0.0,-4.3050374000000005e-27,0.0,74.40112,68.26196,70.1203,69.81752,69.21349
2018-04-10 23:20:00,-8.481248999999999e-26,0.0,55.242897,357730.44,0.0,0.0,52.322014,3.4859352e-06,1.0,1.0,70.36886,0.0,0.0,0.0,-5.980705000000001e-23,4.428676e-06,401.865,1.60746,55.242897,55.184006,0.0,0.9,0.0,-1.015621e-24,0.0,74.41008,68.27037,70.12273,69.82033,69.220795
2018-04-10 23:21:00,-3.0569056000000004e-26,0.0,55.242897,357730.44,0.0,0.0,52.340034,-1.1619784e-06,1.0,1.0,70.37479,0.0,0.0,0.0,-4.4780955e-23,5.973217e-06,401.865,1.60746,55.242897,55.184006,0.0,0.9,0.0,-1.1379101000000001e-24,0.0,74.41893,68.27878,70.125084,69.823074,69.22805
2018-04-10 23:22:00,-3.4100435000000003e-26,0.0,55.242897,357730.44,0.0,0.0,52.357994,-1.1619784e-06,1.0,1.0,70.38066,0.0,0.0,0.0,-4.0843078e-23,-6.222982e-06,401.865,1.60746,55.242897,55.184006,0.0,0.9,0.0,-9.572188e-25,0.0,74.42766,68.287125,70.1275,69.82582,69.235245
2018-04-10 23:23:00,-8.001112e-26,0.0,55.242897,357730.44,0.0,0.0,52.394028,1.1619784e-06,1.0,1.0,70.38649,0.0,0.0,0.0,-1.9249473e-26,3.2911726e-06,401.865,1.60746,55.242897,55.184006,0.0,0.9,0.0,-6.81025e-25,0.0,74.43628,68.295425,70.12987,69.82851,69.242386
2018-04-10 23:24:00,1.2353162000000001e-26,0.0,55.242897,357730.44,0.0,0.0,52.411995,1.1619784e-06,1.0,1.0,70.39229,0.0,0.0,0.0,-2.1829878e-23,6.2105296e-06,401.865,1.60746,55.242897,55.184006,0.0,0.9,0.0,-2.099562e-25,0.0,74.444855,68.303665,70.132225,69.83125,69.24947
2018-04-10 23:25:00,5.220057e-26,0.0,55.242897,357730.44,0.0,0.0,52.411995,-1.1619784e-06,1.0,1.0,70.39804,0.0,0.0,0.0,-8.361751e-25,-2.8526779e-06,401.865,1.60746,55.242897,55.184006,0.0,0.9,0.0,-7.592177299999999e-25,0.0,74.45326,68.311844,70.13458,69.83395,69.25656
2018-04-10 23:26:00,-1.2552145e-26,0.0,55.242897,357730.44,0.0,0.0,52.430008,1.1619784e-06,1.0,1.0,70.40375,0.0,0.0,0.0,-7.755410999999999e-26,-5.33969e-06,401.865,1.60746,55.242897,55.184006,0.0,0.9,0.0,-4.172774e-24,0.0,74.46155,68.32003,70.136894,69.83664,69.263596
2018-04-10 23:27:00,3.2235258000000003e-27,0.0,55.242897,357730.44,0.0,0.0,52.44803,-2.3239568e-06,1.0,1.0,70.4094,0.0,0.0,0.0,-3.8794232e-23,-8.26469e-06,401.865,1.60746,55.242897,55.184006,0.0,0.9,0.0,-5.69794e-25,0.0,74.46979,68.328156,70.139206,69.83928,69.27057
2018-04-10 23:28:00,3.163044e-26,0.0,55.242897,357730.44,0.0,0.0,52.46599,0.0,1.0,1.0,70.41502,0.0,0.0,0.0,-1.7835238e-24,-5.1324864e-06,401.865,1.60746,55.242897,55.184006,0.0,0.9,0.0,-6.0649456e-25,0.0,74.47792,68.336235,70.14151,69.841965,69.27749
2018-04-10 23:29:00,-9.555785e-28,0.0,55.242897,357730.44,0.0,0.0,52.48401,0.0,1.0,1.0,70.420616,0.0,0.0,0.0,-1.0606557000000001e-24,-1.3919956e-06,401.865,1.60746,55.242897,55.184006,0.0,0.9,0.0,-3.245029e-30,0.0,74.48595,68.344315,70.143814,69.844604,69.28441
2018-04-10 23:30:00,4.0083212e-26,0.0,55.242897,357730.44,0.0,0.0,52.502026,0.0,1.0,1.0,70.42613,0.0,0.0,0.0,-1.5359216e-25,4.0048312e-07,401.865,1.60746,55.242897,55.184006,0.0,0.9,0.0,-3.0880524e-27,0.0,74.49385,68.35228,70.14607,69.84718,69.291275
2018-04-10 23:31:00,-1.6627592e-26,0.0,55.242897,357730.44,0.0,0.0,52.51999,-1.1619784e-06,1.0,1.0,70.431625,0.0,0.0,0.0,-1.6362532000000001e-24,2.9979237e-06,401.865,1.60746,55.242897,55.184006,0.0,0.9,0.0,-1.0643355e-24,0.0,74.50165,68.360245,70.148315,69.84982,69.29809
2018-04-10 23:32:00,-8.350830999999999e-26,0.0,55.242897,357730.44,0.0,0.0,52.556023,1.1619784e-06,1.0,1.0,70.437096,0.0,0.0,0.0,-8.858943e-25,1.6407067e-06,401.865,1.60746,55.242897,55.184006,0.0,0.9,0.0,-1.3599697e-24,0.0,74.5094,68.36821,70.15057,69.8524,69.3049
2018-04-10 23:33:00,-5.835833e-28,0.0,55.242897,357730.44,0.0,0.0,52.556023,1.1619784e-06,1.0,1.0,70.442505,0.0,0.0,0.0,-3.3272607e-23,-5.3910335e-06,401.865,1.60746,55.242897,55.184006,0.0,0.9,0.0,-8.489253e-25,0.0,74.51703,68.37606,70.152824,69.85498,69.3116
2018-04-10 23:34:00,1.1844902e-25,0.0,55.242897,357730.44,0.0,0.0,52.573986,-2.3239568e-06,1.0,1.0,70.44788,0.0,0.0,0.0,-9.897077000000001e-25,-4.456596e-07,401.865,1.60746,55.242897,55.184006,0.0,0.9,0.0,-9.9986973e-26,0.0,74.52461,68.38391,70.15502,69.85757,69.3183
2018-04-10 23:35:00,4.4005385e-26,0.0,55.242897,357730.44,0.0,0.0,52.592003,0.0,1.0,1.0,70.45323,0.0,0.0,0.0,-2.4969513e-23,4.6867217e-06,401.865,1.60746,55.242897,55.184006,0.0,0.9,0.0,-2.0923524e-24,0.0,74.53209,68.391716,70.15722,69.86015,69.325005
2018-04-10 23:36:00,-3.3536794e-26,0.0,55.242897,357730.44,0.0,0.0,52.610023,-1.1619784e-06,1.0,1.0,70.458534,0.0,0.0,0.0,-1.1566826e-23,6.838579e-06,401.865,1.60746,55.242897,55.184006,0.0,0.9,0.0,-6.5806376e-26,0.0,74.539444,68.39952,70.15942,69.86267,69.3316
2018-04-10 23:37:00,-4.5146494e-26,0.0,55.242897,357730.44,0.0,0.0,52.627983,-1.1619784e-06,1.0,1.0,70.46379,0.0,0.0,0.0,-4.3418924000000004e-24,5.811724e-06,401.865,1.60746,55.242897,55.184006,0.0,0.9,0.0,-2.438403e-24,0.0,74.54669,68.40721,70.16161,69.86526,69.33819
2018-04-10 23:38:00,5.0575537e-26,0.0,55.242897,357730.44,0.0,0.0,52.646004,-1.1619784e-06,1.0,1.0,70.46903,0.0,0.0,0.0,-3.8458985000000004e-24,-1.8262022e-06,401.865,1.60746,55.242897,55.184006,0.0,0.9,0.0,-9.549849e-25,0.0,74.55395,68.41495,70.16376,69.86778,69.34473
2018-04-10 23:39:00,2.687302e-26,0.0,55.242897,357730.44,0.0,0.0,52.682037,0.0,1.0,1.0,70.474205,0.0,0.0,0.0,-3.3899297e-23,-1.179683e-06,401.865,1.60746,55.242897,55.184006,0.0,0.9,0.0,-1.7216499e-24,0.0,74.561035,68.42259,70.16589,69.870255,69.35126
2018-04-10 23:40:00,4.6101259999999996e-26,0.0,55.242897,357730.44,0.0,0.0,52.699997,0.0,1.0,1.0,70.47937,0.0,0.0,0.0,-6.207761399999999e-25,-3.7409743e-06,401.865,1.60746,55.242897,55.184006,0.0,0.9,0.0,-1.558827e-26,0.0,74.56807,68.43022,70.168045,69.87279,69.35774
2018-04-10 23:41:00,-1.2878185e-25,0.0,55.242897,357730.44,0.0,0.0,52.699997,0.0,1.0,1.0,70.48449,0.0,0.0,0.0,-7.6131314e-26,-1.1129371e-06,401.865,1.60746,55.242897,55.184006,0.0,0.9,0.0,-1.3650275e-25,0.0,74.57504,68.437805,70.17018,69.87526,69.36417
2018-04-10 23:42:00,-3.9938974e-26,0.0,55.242897,357730.44,0.0,0.0,52.718018,0.0,1.0,1.0,70.48956,0.0,0.0,0.0,-1.6091505000000001e-24,4.9018886e-06,401.865,1.60746,55.242897,55.184006,0.0,0.9,0.0,-2.3017243e-24,0.0,74.58191,68.44533,70.172325,69.87773,69.370544
2018-04-10 23:43:00,5.294667e-26,0.0,55.242897,357730.44,0.0,0.0,52.736034,-1.1619784e-06,1.0,1.0,70.49462,0.0,0.0,0.0,-1.1519172000000001e-26,1.2338476e-06,401.865,1.60746,55.242897,55.184006,0.0,0.9,0.0,-3.0164591e-25,0.0,74.588715,68.45285,70.17441,69.8802,69.376915
2018-04-10 23:44:00,3.8965997e-26,0.0,55.242897,357730.44,0.0,0.0,52.753998,1.1619784e-06,1.0,1.0,70.49966,0.0,0.0,0.0,-3.0305899e-25,-3.5890628e-06,401.865,1.60746,55.242897,55.184006,0.0,0.9,0.0,-9.075883000000001e-25,0.0,74.595474,68.46033,70.1765,69.882675,69.383286
2018-04-10 23:45:00,-4.343896e-26,0.0,55.242897,357730.44,0.0,0.0,52.772015,0.0,1.0,1.0,70.50462,0.0,0.0,0.0,-1.0443136e-24,2.184166e-06,401.865,1.60746,55.242897,55.184006,0.0,0.9,0.0,-1.6519786e-25,0.0,74.60213,68.46774,70.17859,69.885086,69.38955
2018-04-10 23:46:00,6.667234e-25,0.0,55.242897,357730.44,0.0,0.0,52.79003,0.0,1.0,1.0,70.50957,0.0,0.0,0.0,-1.994732e-26,-1.7550416e-06,401.865,1.60746,55.242897,55.184006,0.0,0.9,0.0,-8.965513e-25,0.0,74.60866,68.47516,70.18068,69.887505,69.39581
2018-04-10 23:47:00,-4.2060535e-25,0.0,55.242897,357730.44,0.0,0.0,52.807995,0.0,1.0,1.0,70.51448,0.0,0.0,0.0,-1.1073915999999999e-25,4.8524844e-06,401.865,1.60746,55.242897,55.184006,0.0,0.9,0.0,-1.2327692000000001e-24,0.0,74.6152,68.48251,70.18271,69.88992,69.40202
2018-04-10 23:48:00,-1.9127414999999999e-25,0.0,55.242897,357730.44,0.0,0.0,52.844032,-1.1619784e-06,1.0,1.0,70.51938,0.0,0.0,0.0,-1.5296565e-23,7.879409e-06,401.865,1.60746,55.242897,55.184006,0.0,0.9,0.0,-3.567508e-27,0.0,74.62163,68.48988,70.1848,69.892334,69.408226
2018-04-10 23:49:00,-6.0909627e-25,0.0,55.242897,357730.44,0.0,0.0,52.844032,1.1619784e-06,1.0,1.0,70.52423,0.0,0.0,0.0,-2.783233e-23,1.4358669e-06,401.865,1.60746,55.242897,55.184006,0.0,0.9,0.0,-1.4616926e-24,0.0,74.62799,68.497185,70.18683,69.89476,69.41438
2018-04-10 23:50:00,-4.0081255e-26,0.0,55.242897,357730.44,0.0,0.0,52.86199,1.1619784e-06,1.0,1.0,70.52904,0.0,0.0,0.0,-4.7050177e-24,4.7655485e-07,401.865,1.60746,55.242897,55.184006,0.0,0.9,0.0,-5.935568e-25,0.0,74.63426,68.50444,70.18886,69.89712,69.42053
2018-04-10 23:51:00,-5.8056135e-25,0.0,55.242897,357730.44,0.0,0.0,52.880013,0.0,1.0,1.0,70.53381,0.0,0.0,0.0,-1.4687633e-24,7.230273e-07,401.865,1.60746,55.242897,55.184006,0.0,0.9,0.0,-1.1739556999999999e-25,0.0,74.64052,68.51163,70.19089,69.899475,69.426575
2018-04-10 23:52:00,-3.455877e-25,0.0,55.242897,357730.44,0.0,0.0,52.898026,0.0,1.0,1.0,70.53856,0.0,0.0,0.0,-1.2768058e-24,-1.6515636e-06,401.865,1.60746,55.242897,55.184006,0.0,0.9,0.0,-2.327625e-25,0.0,74.64667,68.51883,70.19287,69.90184,69.43262
2018-04-10 23:53:00,-5.671764e-25,0.0,55.242897,357730.44,0.0,0.0,52.915993,0.0,1.0,1.0,70.543304,0.0,0.0,0.0,-4.8437598e-24,-1.5163595e-06,401.865,1.60746,55.242897,55.184006,0.0,0.9,0.0,-1.4387878e-26,0.0,74.65277,68.526024,70.19485,69.904205,69.43866
2018-04-10 23:54:00,-3.2378392e-25,0.0,55.242897,357730.44,0.0,0.0,52.934006,0.0,1.0,1.0,70.54799,0.0,0.0,0.0,-6.276991e-24,-5.1248253e-06,401.865,1.60746,55.242897,55.184006,0.0,0.9,0.0,-2.2688885e-25,0.0,74.65875,68.53311,70.196884,69.90657,69.44464
2018-04-10 23:55:00,-3.9082696e-25,0.0,55.242897,357730.44,0.0,0.0,52.952026,-1.1619784e-06,1.0,1.0,70.55266,0.0,0.0,0.0,-1.1395368e-24,-4.9049772e-06,401.865,1.60746,55.242897,55.184006,0.0,0.9,0.0,-8.353853e-25,0.0,74.66475,68.54025,70.19885,69.908875,69.45058
2018-04-10 23:56:00,-2.6197066999999998e-25,0.0,55.242897,357730.44,0.0,0.0,52.988007,-1.1619784e-06,1.0,1.0,70.557274,0.0,0.0,0.0,-2.5880414e-25,3.3083704e-06,401.865,1.60746,55.242897,55.184006,0.0,0.9,0.0,-9.350987e-25,0.0,74.67062,68.54729,70.200775,69.91118,69.45651
2018-04-10 23:57:00,2.2248762e-25,0.0,55.242897,357730.44,0.0,0.0,52.988007,0.0,1.0,1.0,70.56189,0.0,0.0,0.0,-1.7296195e-23,6.0204234e-06,401.865,1.60746,55.242897,55.184006,0.0,0.9,0.0,-8.582368e-25,0.0,74.6765,68.55431,70.20276,69.91348,69.46239
2018-04-10 23:58:00,-6.811526999999999e-26,0.0,55.242897,357730.44,0.0,0.0,53.006023,-1.1619784e-06,1.0,1.0,70.56646,0.0,0.0,0.0,-1.0752972e-25,-3.0585643e-06,401.865,1.60746,55.242897,55.184006,0.0,0.9,0.0,-1.0984278000000001e-24,0.0,74.68227,68.561295,70.20468,69.915794,69.46826
2018-04-10 23:59:00,-3.9634105e-25,0.0,55.242897,357730.44,0.0,0.0,53.023987,-1.1619784e-06,1.0,1.0,70.57103,0.0,0.0,0.0,-5.3633903999999995e-25,-2.1265805e-06,401.865,1.60746,55.242897,55.184006,0.0,0.9,0.0,-6.005478e-25,0.0,74.68798,68.56827,70.20666,69.918106,69.47409
