timestamp,interval_seconds,load_kwh,pv_generation_kwh,self_use_kwh,grid_import_kwh,grid_export_kwh,curtailment_kwh,pv_dc_power_w,pv_ac_power_w,poa_w_m2
2024-01-01T00:00,3600,0.0,0.0,0.0,0.0,0.0,0.0,0.0,0.0,0.0
2024-01-01T01:00,3600,0.0,0.0,0.0,0.0,0.0,0.0,0.0,0.0,0.0
2024-01-01T02:00,3600,0.0,0.0,0.0,0.0,0.0,0.0,0.0,0.0,0.0
2024-01-01T03:00,3600,0.0,0.0,0.0,0.0,0.0,0.0,0.0,0.0,0.0
2024-01-01T04:00,3600,0.0,0.0,0.0,0.0,0.0,0.0,0.0,0.0,0.0
2024-01-01T05:00,3600,0.0,0.0,0.0,0.0,0.0,0.0,0.0,0.0,0.0
2024-01-01T06:00,3600,0.0,0.0,0.0,0.0,0.0,0.0,0.0,0.0,0.0
2024-01-01T07:00,3600,0.0,0.0,0.0,0.0,0.0,0.0,0.0,0.0,38.68704621
2024-01-01T08:00,3600,0.0,0.0,0.0,0.0,0.0,0.0,0.0,0.0,165.27642041
2024-01-01T09:00,3600,0.0,0.0,0.0,0.0,0.0,0.0,0.0,0.0,386.75733247
2024-01-01T10:00,3600,0.0,0.0,0.0,0.0,0.0,0.0,0.0,0.0,517.14128714
2024-01-01T11:00,3600,0.0,0.0,0.0,0.0,0.0,0.0,0.0,0.0,565.49410412
2024-01-01T12:00,3600,0.0,0.0,0.0,0.0,0.0,0.0,0.0,0.0,691.5425951
2024-01-01T13:00,3600,0.0,0.0,0.0,0.0,0.0,0.0,0.0,0.0,704.01906365
2024-01-01T14:00,3600,0.0,0.0,0.0,0.0,0.0,0.0,0.0,0.0,586.06442511
2024-01-01T15:00,3600,0.0,0.0,0.0,0.0,0.0,0.0,0.0,0.0,425.02811989
2024-01-01T16:00,3600,0.0,0.0,0.0,0.0,0.0,0.0,0.0,0.0,153.45670805
2024-01-01T17:00,3600,0.0,0.0,0.0,0.0,0.0,0.0,0.0,0.0,36.17541181
2024-01-01T18:00,3600,0.28368049708842014,0.0,0.0,0.28368049708842014,0.0,0.0,0.0,0.0,0.0
2024-01-01T19:00,3600,0.05907673076830029,0.0,0.0,0.05907673076830029,0.0,0.0,0.0,0.0,0.0
2024-01-01T20:00,3600,0.04013004347427737,0.0,0.0,0.04013004347427737,0.0,0.0,0.0,0.0,0.0
2024-01-01T21:00,3600,0.04978964603891576,0.0,0.0,0.04978964603891576,0.0,0.0,0.0,0.0,0.0
2024-01-01T22:00,3600,0.024846619170786063,0.0,0.0,0.024846619170786063,0.0,0.0,0.0,0.0,0.0
2024-01-01T23:00,3600,0.014213866983597074,0.0,0.0,0.014213866983597074,0.0,0.0,0.0,0.0,0.0
2024-01-02T00:00,3600,0.0,0.0,0.0,0.0,0.0,0.0,0.0,0.0,0.0
2024-01-02T01:00,3600,0.0,0.0,0.0,0.0,0.0,0.0,0.0,0.0,0.0
2024-01-02T02:00,3600,0.0,0.0,0.0,0.0,0.0,0.0,0.0,0.0,0.0
2024-01-02T03:00,3600,0.0,0.0,0.0,0.0,0.0,0.0,0.0,0.0,0.0
2024-01-02T04:00,3600,0.0,0.0,0.0,0.0,0.0,0.0,0.0,0.0,0.0
2024-01-02T05:00,3600,0.0,0.0,0.0,0.0,0.0,0.0,0.0,0.0,0.0
2024-01-02T06:00,3600,0.0,0.0,0.0,0.0,0.0,0.0,0.0,0.0,0.0
2024-01-02T07:00,3600,0.0,0.0,0.0,0.0,0.0,0.0,0.0,0.0,25.87987272
2024-01-02T08:00,3600,0.0,0.0,0.0,0.0,0.0,0.0,0.0,0.0,160.75154091
2024-01-02T09:00,3600,0.0,0.0,0.0,0.0,0.0,0.0,0.0,0.0,325.53046797
2024-01-02T10:00,3600,0.0,0.0,0.0,0.0,0.0,0.0,0.0,0.0,444.11772551
2024-01-02T11:00,3600,0.0,0.0,0.0,0.0,0.0,0.0,0.0,0.0,729.30596011
2024-01-02T12:00,3600,0.0,0.0,0.0,0.0,0.0,0.0,0.0,0.0,758.86055009
2024-01-02T13:00,3600,0.0,0.0,0.0,0.0,0.0,0.0,0.0,0.0,611.04031666
2024-01-02T14:00,3600,0.0,0.0,0.0,0.0,0.0,0.0,0.0,0.0,332.66198268
2024-01-02T15:00,3600,0.0,0.0,0.0,0.0,0.0,0.0,0.0,0.0,180.05185616
2024-01-02T16:00,3600,0.0,0.0,0.0,0.0,0.0,0.0,0.0,0.0,112.4888751
2024-01-02T17:00,3600,0.0,0.0,0.0,0.0,0.0,0.0,0.0,0.0,23.39082758
2024-01-02T18:00,3600,0.0,0.0,0.0,0.0,0.0,0.0,0.0,0.0,0.0
2024-01-02T19:00,3600,0.0,0.0,0.0,0.0,0.0,0.0,0.0,0.0,0.0
2024-01-02T20:00,3600,0.0,0.0,0.0,0.0,0.0,0.0,0.0,0.0,0.0
2024-01-02T21:00,3600,0.0,0.0,0.0,0.0,0.0,0.0,0.0,0.0,0.0
2024-01-02T22:00,3600,0.0,0.0,0.0,0.0,0.0,0.0,0.0,0.0,0.0
2024-01-02T23:00,3600,0.0,0.0,0.0,0.0,0.0,0.0,0.0,0.0,0.0
2024-01-03T00:00,3600,0.0,0.0,0.0,0.0,0.0,0.0,0.0,0.0,0.0
2024-01-03T01:00,3600,0.0,0.0,0.0,0.0,0.0,0.0,0.0,0.0,0.0
2024-01-03T02:00,3600,0.0,0.0,0.0,0.0,0.0,0.0,0.0,0.0,0.0
2024-01-03T03:00,3600,0.0,0.0,0.0,0.0,0.0,0.0,0.0,0.0,0.0
2024-01-03T04:00,3600,0.0,0.0,0.0,0.0,0.0,0.0,0.0,0.0,0.0
2024-01-03T05:00,3600,0.0,0.0,0.0,0.0,0.0,0.0,0.0,0.0,0.0
2024-01-03T06:00,3600,0.0,0.0,0.0,0.0,0.0,0.0,0.0,0.0,0.0
2024-01-03T07:00,3600,0.0,0.0,0.0,0.0,0.0,0.0,0.0,0.0,21.70038509
2024-01-03T08:00,3600,0.0,0.0,0.0,0.0,0.0,0.0,0.0,0.0,151.90249827
2024-01-03T09:00,3600,0.0,0.0,0.0,0.0,0.0,0.0,0.0,0.0,306.57532619
2024-01-03T10:00,3600,0.0,0.0,0.0,0.0,0.0,0.0,0.0,0.0,490.45653975
2024-01-03T11:00,3600,0.0,0.0,0.0,0.0,0.0,0.0,0.0,0.0,674.4022196
2024-01-03T12:00,3600,0.0,0.0,0.0,0.0,0.0,0.0,0.0,0.0,811.76675636
2024-01-03T13:00,3600,0.0,0.0,0.0,0.0,0.0,0.0,0.0,0.0,799.77704836
2024-01-03T14:00,3600,0.0,0.0,0.0,0.0,0.0,0.0,0.0,0.0,717.09182036
2024-01-03T15:00,3600,0.0,0.0,0.0,0.0,0.0,0.0,0.0,0.0,538.75348975
2024-01-03T16:00,3600,0.0,0.0,0.0,0.0,0.0,0.0,0.0,0.0,308.63394445
2024-01-03T17:00,3600,0.0,0.0,0.0,0.0,0.0,0.0,0.0,0.0,66.70901275
2024-01-03T18:00,3600,0.0,0.0,0.0,0.0,0.0,0.0,0.0,0.0,0.0
2024-01-03T19:00,3600,0.0,0.0,0.0,0.0,0.0,0.0,0.0,0.0,0.0
2024-01-03T20:00,3600,0.0,0.0,0.0,0.0,0.0,0.0,0.0,0.0,0.0
2024-01-03T21:00,3600,0.0,0.0,0.0,0.0,0.0,0.0,0.0,0.0,0.0
2024-01-03T22:00,3600,0.0,0.0,0.0,0.0,0.0,0.0,0.0,0.0,0.0
2024-01-03T23:00,3600,0.0,0.0,0.0,0.0,0.0,0.0,0.0,0.0,0.0
2024-01-04T00:00,3600,0.0,0.0,0.0,0.0,0.0,0.0,0.0,0.0,0.0
2024-01-04T01:00,3600,0.0,0.0,0.0,0.0,0.0,0.0,0.0,0.0,0.0
2024-01-04T02:00,3600,0.0,0.0,0.0,0.0,0.0,0.0,0.0,0.0,0.0
2024-01-04T03:00,3600,0.0,0.0,0.0,0.0,0.0,0.0,0.0,0.0,0.0
2024-01-04T04:00,3600,0.0,0.0,0.0,0.0,0.0,0.0,0.0,0.0,0.0
2024-01-04T05:00,3600,0.0,0.0,0.0,0.0,0.0,0.0,0.0,0.0,0.0
2024-01-04T06:00,3600,0.0,0.0,0.0,0.0,0.0,0.0,0.0,0.0,0.0
2024-01-04T07:00,3600,0.0,0.0,0.0,0.0,0.0,0.0,0.0,0.0,54.58035279
2024-01-04T08:00,3600,0.0,0.0,0.0,0.0,0.0,0.0,0.0,0.0,277.40004874
2024-01-04T09:00,3600,0.0,0.0,0.0,0.0,0.0,0.0,0.0,0.0,429.99883881
2024-01-04T10:00,3600,0.0,0.0,0.0,0.0,0.0,0.0,0.0,0.0,579.76382433
2024-01-04T11:00,3600,0.0,0.0,0.0,0.0,0.0,0.0,0.0,0.0,707.75358588
2024-01-04T12:00,3600,0.0,0.0,0.0,0.0,0.0,0.0,0.0,0.0,770.1375006
2024-01-04T13:00,3600,0.0,0.0,0.0,0.0,0.0,0.0,0.0,0.0,769.45811555
2024-01-04T14:00,3600,0.0,0.0,0.0,0.0,0.0,0.0,0.0,0.0,572.33854247
2024-01-04T15:00,3600,0.0,0.0,0.0,0.0,0.0,0.0,0.0,0.0,467.59771552
2024-01-04T16:00,3600,0.0,0.0,0.0,0.0,0.0,0.0,0.0,0.0,278.10833379
2024-01-04T17:00,3600,0.0,0.0,0.0,0.0,0.0,0.0,0.0,0.0,56.50096808
2024-01-04T18:00,3600,0.0,0.0,0.0,0.0,0.0,0.0,0.0,0.0,0.0
2024-01-04T19:00,3600,0.0,0.0,0.0,0.0,0.0,0.0,0.0,0.0,0.0
2024-01-04T20:00,3600,0.0,0.0,0.0,0.0,0.0,0.0,0.0,0.0,0.0
2024-01-04T21:00,3600,0.0,0.0,0.0,0.0,0.0,0.0,0.0,0.0,0.0
2024-01-04T22:00,3600,0.0,0.0,0.0,0.0,0.0,0.0,0.0,0.0,0.0
2024-01-04T23:00,3600,0.0,0.0,0.0,0.0,0.0,0.0,0.0,0.0,0.0
2024-01-05T00:00,3600,0.0,0.0,0.0,0.0,0.0,0.0,0.0,0.0,0.0
2024-01-05T01:00,3600,0.0,0.0,0.0,0.0,0.0,0.0,0.0,0.0,0.0
2024-01-05T02:00,3600,0.0,0.0,0.0,0.0,0.0,0.0,0.0,0.0,0.0
2024-01-05T03:00,3600,0.0,0.0,0.0,0.0,0.0,0.0,0.0,0.0,0.0
2024-01-05T04:00,3600,0.0,0.0,0.0,0.0,0.0,0.0,0.0,0.0,0.0
2024-01-05T05:00,3600,0.0,0.0,0.0,0.0,0.0,0.0,0.0,0.0,0.0
2024-01-05T06:00,3600,0.0,0.0,0.0,0.0,0.0,0.0,0.0,0.0,0.0
2024-01-05T07:00,3600,0.0,0.0,0.0,0.0,0.0,0.0,0.0,0.0,31.11103412
2024-01-05T08:00,3600,0.0,0.0,0.0,0.0,0.0,0.0,0.0,0.0,177.60409879
2024-01-05T09:00,3600,0.0,0.0,0.0,0.0,0.0,0.0,0.0,0.0,407.62913942
2024-01-05T10:00,3600,0.0,0.0,0.0,0.0,0.0,0.0,0.0,0.0,535.87354088
2024-01-05T11:00,3600,0.0,0.0,0.0,0.0,0.0,0.0,0.0,0.0,619.58828474
2024-01-05T12:00,3600,0.0,0.0,0.0,0.0,0.0,0.0,0.0,0.0,641.34975809
2024-01-05T13:00,3600,0.0,0.0,0.0,0.0,0.0,0.0,0.0,0.0,741.55745535
2024-01-05T14:00,3600,0.0,0.0,0.0,0.0,0.0,0.0,0.0,0.0,646.52263798
2024-01-05T15:00,3600,0.0,0.0,0.0,0.0,0.0,0.0,0.0,0.0,403.99013029
2024-01-05T16:00,3600,0.0,0.0,0.0,0.0,0.0,0.0,0.0,0.0,252.72556004
2024-01-05T17:00,3600,0.0,0.0,0.0,0.0,0.0,0.0,0.0,0.0,54.17410582
2024-01-05T18:00,3600,0.0,0.0,0.0,0.0,0.0,0.0,0.0,0.0,0.0
2024-01-05T19:00,3600,0.0,0.0,0.0,0.0,0.0,0.0,0.0,0.0,0.0
2024-01-05T20:00,3600,0.0,0.0,0.0,0.0,0.0,0.0,0.0,0.0,0.0
2024-01-05T21:00,3600,0.0,0.0,0.0,0.0,0.0,0.0,0.0,0.0,0.0
2024-01-05T22:00,3600,0.0,0.0,0.0,0.0,0.0,0.0,0.0,0.0,0.0
2024-01-05T23:00,3600,0.0,0.0,0.0,0.0,0.0,0.0,0.0,0.0,0.0
2024-01-06T00:00,3600,0.0,0.0,0.0,0.0,0.0,0.0,0.0,0.0,0.0
2024-01-06T01:00,3600,0.0,0.0,0.0,0.0,0.0,0.0,0.0,0.0,0.0
2024-01-06T02:00,3600,0.0,0.0,0.0,0.0,0.0,0.0,0.0,0.0,0.0
2024-01-06T03:00,3600,0.0,0.0,0.0,0.0,0.0,0.0,0.0,0.0,0.0
2024-01-06T04:00,3600,0.0,0.0,0.0,0.0,0.0,0.0,0.0,0.0,0.0
2024-01-06T05:00,3600,0.0,0.0,0.0,0.0,0.0,0.0,0.0,0.0,0.0
2024-01-06T06:00,3600,0.0,0.0,0.0,0.0,0.0,0.0,0.0,0.0,0.0
2024-01-06T07:00,3600,0.0,0.0,0.0,0.0,0.0,0.0,0.0,0.0,48.99131456
2024-01-06T08:00,3600,0.0,0.0,0.0,0.0,0.0,0.0,0.0,0.0,223.63462104
2024-01-06T09:00,3600,0.0,0.0,0.0,0.0,0.0,0.0,0.0,0.0,468.23691186
2024-01-06T10:00,3600,0.0,0.0,0.0,0.0,0.0,0.0,0.0,0.0,640.82306214
2024-01-06T11:00,3600,0.0,0.0,0.0,0.0,0.0,0.0,0.0,0.0,767.21393485
2024-01-06T12:00,3600,0.0,0.0,0.0,0.0,0.0,0.0,0.0,0.0,819.60381477
2024-01-06T13:00,3600,0.0,0.0,0.0,0.0,0.0,0.0,0.0,0.0,728.06131702
2024-01-06T14:00,3600,0.0,0.0,0.0,0.0,0.0,0.0,0.0,0.0,297.77705287
2024-01-06T15:00,3600,0.0,0.0,0.0,0.0,0.0,0.0,0.0,0.0,277.94300899
2024-01-06T16:00,3600,0.0,0.0,0.0,0.0,0.0,0.0,0.0,0.0,157.92705673
2024-01-06T17:00,3600,0.0,0.0,0.0,0.0,0.0,0.0,0.0,0.0,35.14860471
2024-01-06T18:00,3600,0.0,0.0,0.0,0.0,0.0,0.0,0.0,0.0,0.0
2024-01-06T19:00,3600,0.0,0.0,0.0,0.0,0.0,0.0,0.0,0.0,0.0
2024-01-06T20:00,3600,0.0,0.0,0.0,0.0,0.0,0.0,0.0,0.0,0.0
2024-01-06T21:00,3600,0.0,0.0,0.0,0.0,0.0,0.0,0.0,0.0,0.0
2024-01-06T22:00,3600,0.0,0.0,0.0,0.0,0.0,0.0,0.0,0.0,0.0
2024-01-06T23:00,3600,0.0,0.0,0.0,0.0,0.0,0.0,0.0,0.0,0.0
2024-01-07T00:00,3600,0.0,0.0,0.0,0.0,0.0,0.0,0.0,0.0,0.0
2024-01-07T01:00,3600,0.0,0.0,0.0,0.0,0.0,0.0,0.0,0.0,0.0
2024-01-07T02:00,3600,0.0,0.0,0.0,0.0,0.0,0.0,0.0,0.0,0.0
2024-01-07T03:00,3600,0.0,0.0,0.0,0.0,0.0,0.0,0.0,0.0,0.0
2024-01-07T04:00,3600,0.0,0.0,0.0,0.0,0.0,0.0,0.0,0.0,0.0
2024-01-07T05:00,3600,0.0,0.0,0.0,0.0,0.0,0.0,0.0,0.0,0.0
2024-01-07T06:00,3600,0.0,0.0,0.0,0.0,0.0,0.0,0.0,0.0,0.0
2024-01-07T07:00,3600,0.0,0.0,0.0,0.0,0.0,0.0,0.0,0.0,42.8008257
2024-01-07T08:00,3600,0.0,0.0,0.0,0.0,0.0,0.0,0.0,0.0,255.95427906
2024-01-07T09:00,3600,0.0,0.0,0.0,0.0,0.0,0.0,0.0,0.0,491.86215887
2024-01-07T10:00,3600,0.0,0.0,0.0,0.0,0.0,0.0,0.0,0.0,639.62672447
2024-01-07T11:00,3600,0.0,0.0,0.0,0.0,0.0,0.0,0.0,0.0,779.41811025
2024-01-07T12:00,3600,0.0,0.0,0.0,0.0,0.0,0.0,0.0,0.0,828.6280959
2024-01-07T13:00,3600,0.0,0.0,0.0,0.0,0.0,0.0,0.0,0.0,768.06977111
2024-01-07T14:00,3600,0.0,0.0,0.0,0.0,0.0,0.0,0.0,0.0,635.10779116
2024-01-07T15:00,3600,0.0,0.0,0.0,0.0,0.0,0.0,0.0,0.0,176.33385621
2024-01-07T16:00,3600,0.0,0.0,0.0,0.0,0.0,0.0,0.0,0.0,95.52158599
2024-01-07T17:00,3600,0.0,0.0,0.0,0.0,0.0,0.0,0.0,0.0,35.0772421
2024-01-07T18:00,3600,0.0,0.0,0.0,0.0,0.0,0.0,0.0,0.0,0.0
2024-01-07T19:00,3600,0.0,0.0,0.0,0.0,0.0,0.0,0.0,0.0,0.0
2024-01-07T20:00,3600,0.0,0.0,0.0,0.0,0.0,0.0,0.0,0.0,0.0
2024-01-07T21:00,3600,0.0,0.0,0.0,0.0,0.0,0.0,0.0,0.0,0.0
2024-01-07T22:00,3600,0.0,0.0,0.0,0.0,0.0,0.0,0.0,0.0,0.0
2024-01-07T23:00,3600,0.0,0.0,0.0,0.0,0.0,0.0,0.0,0.0,0.0
2024-01-08T00:00,3600,0.0,0.0,0.0,0.0,0.0,0.0,0.0,0.0,0.0
2024-01-08T01:00,3600,0.0,0.0,0.0,0.0,0.0,0.0,0.0,0.0,0.0
2024-01-08T02:00,3600,0.0,0.0,0.0,0.0,0.0,0.0,0.0,0.0,0.0
2024-01-08T03:00,3600,0.0,0.0,0.0,0.0,0.0,0.0,0.0,0.0,0.0
2024-01-08T04:00,3600,0.0,0.0,0.0,0.0,0.0,0.0,0.0,0.0,0.0
2024-01-08T05:00,3600,0.0,0.0,0.0,0.0,0.0,0.0,0.0,0.0,0.0
2024-01-08T06:00,3600,0.0,0.0,0.0,0.0,0.0,0.0,0.0,0.0,0.0
2024-01-08T07:00,3600,0.0,0.0,0.0,0.0,0.0,0.0,0.0,0.0,48.95594454
2024-01-08T08:00,3600,0.0,0.0,0.0,0.0,0.0,0.0,0.0,0.0,274.05691779
2024-01-08T09:00,3600,0.0,0.0,0.0,0.0,0.0,0.0,0.0,0.0,501.17782819
2024-01-08T10:00,3600,0.0,0.0,0.0,0.0,0.0,0.0,0.0,0.0,537.75620964
2024-01-08T11:00,3600,0.0,0.0,0.0,0.0,0.0,0.0,0.0,0.0,769.36609842
2024-01-08T12:00,3600,0.0,0.0,0.0,0.0,0.0,0.0,0.0,0.0,717.13747523
2024-01-08T13:00,3600,0.0,0.0,0.0,0.0,0.0,0.0,0.0,0.0,667.71694443
2024-01-08T14:00,3600,0.0,0.0,0.0,0.0,0.0,0.0,0.0,0.0,381.67894079
2024-01-08T15:00,3600,0.0,0.0,0.0,0.0,0.0,0.0,0.0,0.0,237.14470292
2024-01-08T16:00,3600,0.0,0.0,0.0,0.0,0.0,0.0,0.0,0.0,96.78430966
2024-01-08T17:00,3600,0.0,0.0,0.0,0.0,0.0,0.0,0.0,0.0,33.80164875
2024-01-08T18:00,3600,0.0,0.0,0.0,0.0,0.0,0.0,0.0,0.0,0.0
2024-01-08T19:00,3600,0.0,0.0,0.0,0.0,0.0,0.0,0.0,0.0,0.0
2024-01-08T20:00,3600,0.0,0.0,0.0,0.0,0.0,0.0,0.0,0.0,0.0
2024-01-08T21:00,3600,0.0,0.0,0.0,0.0,0.0,0.0,0.0,0.0,0.0
2024-01-08T22:00,3600,0.0,0.0,0.0,0.0,0.0,0.0,0.0,0.0,0.0
2024-01-08T23:00,3600,0.0,0.0,0.0,0.0,0.0,0.0,0.0,0.0,0.0
2024-01-09T00:00,3600,0.0,0.0,0.0,0.0,0.0,0.0,0.0,0.0,0.0
2024-01-09T01:00,3600,0.0,0.0,0.0,0.0,0.0,0.0,0.0,0.0,0.0
2024-01-09T02:00,3600,0.0,0.0,0.0,0.0,0.0,0.0,0.0,0.0,0.0
2024-01-09T03:00,3600,0.0,0.0,0.0,0.0,0.0,0.0,0.0,0.0,0.0
2024-01-09T04:00,3600,0.0,0.0,0.0,0.0,0.0,0.0,0.0,0.0,0.0
2024-01-09T05:00,3600,0.0,0.0,0.0,0.0,0.0,0.0,0.0,0.0,0.0
2024-01-09T06:00,3600,0.0,0.0,0.0,0.0,0.0,0.0,0.0,0.0,0.0
2024-01-09T07:00,3600,0.0,0.0,0.0,0.0,0.0,0.0,0.0,0.0,29.60142461
2024-01-09T08:00,3600,0.0,0.0,0.0,0.0,0.0,0.0,0.0,0.0,159.2632282
2024-01-09T09:00,3600,0.0,0.0,0.0,0.0,0.0,0.0,0.0,0.0,267.88330725
2024-01-09T10:00,3600,0.0,0.0,0.0,0.0,0.0,0.0,0.0,0.0,375.79161464
2024-01-09T11:00,3600,0.0,0.0,0.0,0.0,0.0,0.0,0.0,0.0,393.13780038
2024-01-09T12:00,3600,0.0,0.0,0.0,0.0,0.0,0.0,0.0,0.0,276.34554066
2024-01-09T13:00,3600,0.0,0.0,0.0,0.0,0.0,0.0,0.0,0.0,278.97946264
2024-01-09T14:00,3600,0.0,0.0,0.0,0.0,0.0,0.0,0.0,0.0,537.81712367
2024-01-09T15:00,3600,0.0,0.0,0.0,0.0,0.0,0.0,0.0,0.0,356.41717124
2024-01-09T16:00,3600,0.0,0.0,0.0,0.0,0.0,0.0,0.0,0.0,174.3560804
2024-01-09T17:00,3600,0.0,0.0,0.0,0.0,0.0,0.0,0.0,0.0,49.78433877
2024-01-09T18:00,3600,0.0,0.0,0.0,0.0,0.0,0.0,0.0,0.0,0.0
2024-01-09T19:00,3600,0.0,0.0,0.0,0.0,0.0,0.0,0.0,0.0,0.0
2024-01-09T20:00,3600,0.0,0.0,0.0,0.0,0.0,0.0,0.0,0.0,0.0
2024-01-09T21:00,3600,0.0,0.0,0.0,0.0,0.0,0.0,0.0,0.0,0.0
2024-01-09T22:00,3600,0.0,0.0,0.0,0.0,0.0,0.0,0.0,0.0,0.0
2024-01-09T23:00,3600,0.0,0.0,0.0,0.0,0.0,0.0,0.0,0.0,0.0
2024-01-10T00:00,3600,0.0,0.0,0.0,0.0,0.0,0.0,0.0,0.0,0.0
2024-01-10T01:00,3600,0.0,0.0,0.0,0.0,0.0,0.0,0.0,0.0,0.0
2024-01-10T02:00,3600,0.0,0.0,0.0,0.0,0.0,0.0,0.0,0.0,0.0
2024-01-10T03:00,3600,0.0,0.0,0.0,0.0,0.0,0.0,0.0,0.0,0.0
2024-01-10T04:00,3600,0.0,0.0,0.0,0.0,0.0,0.0,0.0,0.0,0.0
2024-01-10T05:00,3600,0.0,0.0,0.0,0.0,0.0,0.0,0.0,0.0,0.0
2024-01-10T06:00,3600,0.0,0.0,0.0,0.0,0.0,0.0,0.0,0.0,0.0
2024-01-10T07:00,3600,0.0,0.0,0.0,0.0,0.0,0.0,0.0,0.0,43.15884953
2024-01-10T08:00,3600,0.0,0.0,0.0,0.0,0.0,0.0,0.0,0.0,225.46163219
2024-01-10T09:00,3600,0.0,0.0,0.0,0.0,0.0,0.0,0.0,0.0,454.96033997
2024-01-10T10:00,3600,0.0,0.0,0.0,0.0,0.0,0.0,0.0,0.0,660.12123572
2024-01-10T11:00,3600,0.0,0.0,0.0,0.0,0.0,0.0,0.0,0.0,805.03760835
2024-01-10T12:00,3600,0.0,0.0,0.0,0.0,0.0,0.0,0.0,0.0,824.84025655
2024-01-10T13:00,3600,0.0,0.0,0.0,0.0,0.0,0.0,0.0,0.0,804.18671417
2024-01-10T14:00,3600,0.0,0.0,0.0,0.0,0.0,0.0,0.0,0.0,698.60666963
2024-01-10T15:00,3600,0.0,0.0,0.0,0.0,0.0,0.0,0.0,0.0,485.63496729
2024-01-10T16:00,3600,0.0,0.0,0.0,0.0,0.0,0.0,0.0,0.0,289.4247496
2024-01-10T17:00,3600,0.0,0.0,0.0,0.0,0.0,0.0,0.0,0.0,74.79411986
2024-01-10T18:00,3600,0.0,0.0,0.0,0.0,0.0,0.0,0.0,0.0,0.0
2024-01-10T19:00,3600,0.0,0.0,0.0,0.0,0.0,0.0,0.0,0.0,0.0
2024-01-10T20:00,3600,0.0,0.0,0.0,0.0,0.0,0.0,0.0,0.0,0.0
2024-01-10T21:00,3600,0.0,0.0,0.0,0.0,0.0,0.0,0.0,0.0,0.0
2024-01-10T22:00,3600,0.0,0.0,0.0,0.0,0.0,0.0,0.0,0.0,0.0
2024-01-10T23:00,3600,0.0,0.0,0.0,0.0,0.0,0.0,0.0,0.0,0.0
2024-01-11T00:00,3600,0.0,0.0,0.0,0.0,0.0,0.0,0.0,0.0,0.0
2024-01-11T01:00,3600,0.0,0.0,0.0,0.0,0.0,0.0,0.0,0.0,0.0
2024-01-11T02:00,3600,0.0,0.0,0.0,0.0,0.0,0.0,0.0,0.0,0.0
2024-01-11T03:00,3600,0.0,0.0,0.0,0.0,0.0,0.0,0.0,0.0,0.0
2024-01-11T04:00,3600,0.0,0.0,0.0,0.0,0.0,0.0,0.0,0.0,0.0
2024-01-11T05:00,3600,0.0,0.0,0.0,0.0,0.0,0.0,0.0,0.0,0.0
2024-01-11T06:00,3600,0.0,0.0,0.0,0.0,0.0,0.0,0.0,0.0,0.0
2024-01-11T07:00,3600,0.0,0.0,0.0,0.0,0.0,0.0,0.0,0.0,34.87373786
2024-01-11T08:00,3600,0.0,0.0,0.0,0.0,0.0,0.0,0.0,0.0,198.77801328
2024-01-11T09:00,3600,0.0,0.0,0.0,0.0,0.0,0.0,0.0,0.0,267.45566
2024-01-11T10:00,3600,0.0,0.0,0.0,0.0,0.0,0.0,0.0,0.0,287.88325883
2024-01-11T11:00,3600,0.0,0.0,0.0,0.0,0.0,0.0,0.0,0.0,403.99938516
2024-01-11T12:00,3600,0.0,0.0,0.0,0.0,0.0,0.0,0.0,0.0,406.64193323
2024-01-11T13:00,3600,0.0,0.0,0.0,0.0,0.0,0.0,0.0,0.0,627.03624747
2024-01-11T14:00,3600,0.0,0.0,0.0,0.0,0.0,0.0,0.0,0.0,442.05481511
2024-01-11T15:00,3600,0.0,0.0,0.0,0.0,0.0,0.0,0.0,0.0,454.87446156
2024-01-11T16:00,3600,0.0,0.0,0.0,0.0,0.0,0.0,0.0,0.0,273.59163069
2024-01-11T17:00,3600,0.0,0.0,0.0,0.0,0.0,0.0,0.0,0.0,66.22383847
2024-01-11T18:00,3600,0.0,0.0,0.0,0.0,0.0,0.0,0.0,0.0,0.0
2024-01-11T19:00,3600,0.0,0.0,0.0,0.0,0.0,0.0,0.0,0.0,0.0
2024-01-11T20:00,3600,0.0,0.0,0.0,0.0,0.0,0.0,0.0,0.0,0.0
2024-01-11T21:00,3600,0.0,0.0,0.0,0.0,0.0,0.0,0.0,0.0,0.0
2024-01-11T22:00,3600,0.0,0.0,0.0,0.0,0.0,0.0,0.0,0.0,0.0
2024-01-11T23:00,3600,0.0,0.0,0.0,0.0,0.0,0.0,0.0,0.0,0.0
2024-01-12T00:00,3600,0.0,0.0,0.0,0.0,0.0,0.0,0.0,0.0,0.0
2024-01-12T01:00,3600,0.0,0.0,0.0,0.0,0.0,0.0,0.0,0.0,0.0
2024-01-12T02:00,3600,0.0,0.0,0.0,0.0,0.0,0.0,0.0,0.0,0.0
2024-01-12T03:00,3600,0.0,0.0,0.0,0.0,0.0,0.0,0.0,0.0,0.0
2024-01-12T04:00,3600,0.0,0.0,0.0,0.0,0.0,0.0,0.0,0.0,0.0
2024-01-12T05:00,3600,0.0,0.0,0.0,0.0,0.0,0.0,0.0,0.0,0.0
2024-01-12T06:00,3600,0.0,0.0,0.0,0.0,0.0,0.0,0.0,0.0,0.0
2024-01-12T07:00,3600,0.0,0.0,0.0,0.0,0.0,0.0,0.0,0.0,22.39277138
2024-01-12T08:00,3600,0.0,0.0,0.0,0.0,0.0,0.0,0.0,0.0,117.83845416
2024-01-12T09:00,3600,0.0,0.0,0.0,0.0,0.0,0.0,0.0,0.0,355.60220143
2024-01-12T10:00,3600,0.0,0.0,0.0,0.0,0.0,0.0,0.0,0.0,452.68244367
2024-01-12T11:00,3600,0.0,0.0,0.0,0.0,0.0,0.0,0.0,0.0,565.61467005
2024-01-12T12:00,3600,0.0,0.0,0.0,0.0,0.0,0.0,0.0,0.0,614.64156546
2024-01-12T13:00,3600,0.0,0.0,0.0,0.0,0.0,0.0,0.0,0.0,641.72733105
2024-01-12T14:00,3600,0.0,0.0,0.0,0.0,0.0,0.0,0.0,0.0,262.84240555
2024-01-12T15:00,3600,0.0,0.0,0.0,0.0,0.0,0.0,0.0,0.0,135.2711726
2024-01-12T16:00,3600,0.0,0.0,0.0,0.0,0.0,0.0,0.0,0.0,85.85736251
2024-01-12T17:00,3600,0.0,0.0,0.0,0.0,0.0,0.0,0.0,0.0,26.32625819
2024-01-12T18:00,3600,0.0,0.0,0.0,0.0,0.0,0.0,0.0,0.0,0.0
2024-01-12T19:00,3600,0.0,0.0,0.0,0.0,0.0,0.0,0.0,0.0,0.0
2024-01-12T20:00,3600,0.0,0.0,0.0,0.0,0.0,0.0,0.0,0.0,0.0
2024-01-12T21:00,3600,0.0,0.0,0.0,0.0,0.0,0.0,0.0,0.0,0.0
2024-01-12T22:00,3600,0.0,0.0,0.0,0.0,0.0,0.0,0.0,0.0,0.0
2024-01-12T23:00,3600,0.0,0.0,0.0,0.0,0.0,0.0,0.0,0.0,0.0
2024-01-13T00:00,3600,0.0,0.0,0.0,0.0,0.0,0.0,0.0,0.0,0.0
2024-01-13T01:00,3600,0.0,0.0,0.0,0.0,0.0,0.0,0.0,0.0,0.0
2024-01-13T02:00,3600,0.0,0.0,0.0,0.0,0.0,0.0,0.0,0.0,0.0
2024-01-13T03:00,3600,0.0,0.0,0.0,0.0,0.0,0.0,0.0,0.0,0.0
2024-01-13T04:00,3600,0.0,0.0,0.0,0.0,0.0,0.0,0.0,0.0,0.0
2024-01-13T05:00,3600,0.0,0.0,0.0,0.0,0.0,0.0,0.0,0.0,0.0
2024-01-13T06:00,3600,0.0,0.0,0.0,0.0,0.0,0.0,0.0,0.0,0.0
2024-01-13T07:00,3600,0.0,0.0,0.0,0.0,0.0,0.0,0.0,0.0,5.80921165
2024-01-13T08:00,3600,0.0,0.0,0.0,0.0,0.0,0.0,0.0,0.0,31.95066407
2024-01-13T09:00,3600,0.0,0.0,0.0,0.0,0.0,0.0,0.0,0.0,55.18751066
2024-01-13T10:00,3600,0.0,0.0,0.0,0.0,0.0,0.0,0.0,0.0,63.59306627
2024-01-13T11:00,3600,0.0,0.0,0.0,0.0,0.0,0.0,0.0,0.0,105.53401161
2024-01-13T12:00,3600,0.0,0.0,0.0,0.0,0.0,0.0,0.0,0.0,131.67546403
2024-01-13T13:00,3600,0.0,0.0,0.0,0.0,0.0,0.0,0.0,0.0,212.93608703
2024-01-13T14:00,3600,0.0,0.0,0.0,0.0,0.0,0.0,0.0,0.0,284.35363637
2024-01-13T15:00,3600,0.0,0.0,0.0,0.0,0.0,0.0,0.0,0.0,236.64326675
2024-01-13T16:00,3600,0.0,0.0,0.0,0.0,0.0,0.0,0.0,0.0,142.76904846
2024-01-13T17:00,3600,0.0,0.0,0.0,0.0,0.0,0.0,0.0,0.0,45.97359337
2024-01-13T18:00,3600,0.0,0.0,0.0,0.0,0.0,0.0,0.0,0.0,0.0
2024-01-13T19:00,3600,0.0,0.0,0.0,0.0,0.0,0.0,0.0,0.0,0.0
2024-01-13T20:00,3600,0.0,0.0,0.0,0.0,0.0,0.0,0.0,0.0,0.0
2024-01-13T21:00,3600,0.0,0.0,0.0,0.0,0.0,0.0,0.0,0.0,0.0
2024-01-13T22:00,3600,0.0,0.0,0.0,0.0,0.0,0.0,0.0,0.0,0.0
2024-01-13T23:00,3600,0.0,0.0,0.0,0.0,0.0,0.0,0.0,0.0,0.0
2024-01-14T00:00,3600,0.0,0.0,0.0,0.0,0.0,0.0,0.0,0.0,0.0
2024-01-14T01:00,3600,0.0,0.0,0.0,0.0,0.0,0.0,0.0,0.0,0.0
2024-01-14T02:00,3600,0.0,0.0,0.0,0.0,0.0,0.0,0.0,0.0,0.0
2024-01-14T03:00,3600,0.0,0.0,0.0,0.0,0.0,0.0,0.0,0.0,0.0
2024-01-14T04:00,3600,0.0,0.0,0.0,0.0,0.0,0.0,0.0,0.0,0.0
2024-01-14T05:00,3600,0.0,0.0,0.0,0.0,0.0,0.0,0.0,0.0,0.0
2024-01-14T06:00,3600,0.0,0.0,0.0,0.0,0.0,0.0,0.0,0.0,0.0
2024-01-14T07:00,3600,0.0,0.0,0.0,0.0,0.0,0.0,0.0,0.0,29.15831806
2024-01-14T08:00,3600,0.0,0.0,0.0,0.0,0.0,0.0,0.0,0.0,197.16781703
2024-01-14T09:00,3600,0.0,0.0,0.0,0.0,0.0,0.0,0.0,0.0,452.11515188
2024-01-14T10:00,3600,0.0,0.0,0.0,0.0,0.0,0.0,0.0,0.0,659.46986662
2024-01-14T11:00,3600,0.0,0.0,0.0,0.0,0.0,0.0,0.0,0.0,829.76826873
2024-01-14T12:00,3600,0.0,0.0,0.0,0.0,0.0,0.0,0.0,0.0,853.87219292
2024-01-14T13:00,3600,0.0,0.0,0.0,0.0,0.0,0.0,0.0,0.0,765.55955209
2024-01-14T14:00,3600,0.0,0.0,0.0,0.0,0.0,0.0,0.0,0.0,715.67363299
2024-01-14T15:00,3600,0.0,0.0,0.0,0.0,0.0,0.0,0.0,0.0,561.76230433
2024-01-14T16:00,3600,0.0,0.0,0.0,0.0,0.0,0.0,0.0,0.0,341.75347298
2024-01-14T17:00,3600,0.0,0.0,0.0,0.0,0.0,0.0,0.0,0.0,93.7292379
2024-01-14T18:00,3600,0.0,0.0,0.0,0.0,0.0,0.0,0.0,0.0,0.0
2024-01-14T19:00,3600,0.0,0.0,0.0,0.0,0.0,0.0,0.0,0.0,0.0
2024-01-14T20:00,3600,0.0,0.0,0.0,0.0,0.0,0.0,0.0,0.0,0.0
2024-01-14T21:00,3600,0.0,0.0,0.0,0.0,0.0,0.0,0.0,0.0,0.0
2024-01-14T22:00,3600,0.0,0.0,0.0,0.0,0.0,0.0,0.0,0.0,0.0
2024-01-14T23:00,3600,0.0,0.0,0.0,0.0,0.0,0.0,0.0,0.0,0.0
2024-01-15T00:00,3600,0.0,0.0,0.0,0.0,0.0,0.0,0.0,0.0,0.0
2024-01-15T01:00,3600,0.0,0.0,0.0,0.0,0.0,0.0,0.0,0.0,0.0
2024-01-15T02:00,3600,0.0,0.0,0.0,0.0,0.0,0.0,0.0,0.0,0.0
2024-01-15T03:00,3600,0.0,0.0,0.0,0.0,0.0,0.0,0.0,0.0,0.0
2024-01-15T04:00,3600,0.0,0.0,0.0,0.0,0.0,0.0,0.0,0.0,0.0
2024-01-15T05:00,3600,0.0,0.0,0.0,0.0,0.0,0.0,0.0,0.0,0.0
2024-01-15T06:00,3600,0.0,0.0,0.0,0.0,0.0,0.0,0.0,0.0,0.0
2024-01-15T07:00,3600,0.0,0.0,0.0,0.0,0.0,0.0,0.0,0.0,47.46444146
2024-01-15T08:00,3600,0.0,0.0,0.0,0.0,0.0,0.0,0.0,0.0,253.77597005
2024-01-15T09:00,3600,0.0,0.0,0.0,0.0,0.0,0.0,0.0,0.0,499.04761064
2024-01-15T10:00,3600,0.0,0.0,0.0,0.0,0.0,0.0,0.0,0.0,702.42631889
2024-01-15T11:00,3600,0.0,0.0,0.0,0.0,0.0,0.0,0.0,0.0,852.68960701
2024-01-15T12:00,3600,0.0,0.0,0.0,0.0,0.0,0.0,0.0,0.0,903.01945459
2024-01-15T13:00,3600,0.0,0.0,0.0,0.0,0.0,0.0,0.0,0.0,867.00421457
2024-01-15T14:00,3600,0.0,0.0,0.0,0.0,0.0,0.0,0.0,0.0,713.7595813
2024-01-15T15:00,3600,0.0,0.0,0.0,0.0,0.0,0.0,0.0,0.0,536.77492016
2024-01-15T16:00,3600,0.0,0.0,0.0,0.0,0.0,0.0,0.0,0.0,334.86875987
2024-01-15T17:00,3600,0.0,0.0,0.0,0.0,0.0,0.0,0.0,0.0,92.445232
2024-01-15T18:00,3600,0.0,0.0,0.0,0.0,0.0,0.0,0.0,0.0,0.0
2024-01-15T19:00,3600,0.0,0.0,0.0,0.0,0.0,0.0,0.0,0.0,0.0
2024-01-15T20:00,3600,0.0,0.0,0.0,0.0,0.0,0.0,0.0,0.0,0.0
2024-01-15T21:00,3600,0.0,0.0,0.0,0.0,0.0,0.0,0.0,0.0,0.0
2024-01-15T22:00,3600,0.0,0.0,0.0,0.0,0.0,0.0,0.0,0.0,0.0
2024-01-15T23:00,3600,0.0,0.0,0.0,0.0,0.0,0.0,0.0,0.0,0.0
2024-01-16T00:00,3600,0.0,0.0,0.0,0.0,0.0,0.0,0.0,0.0,0.0
2024-01-16T01:00,3600,0.0,0.0,0.0,0.0,0.0,0.0,0.0,0.0,0.0
2024-01-16T02:00,3600,0.0,0.0,0.0,0.0,0.0,0.0,0.0,0.0,0.0
2024-01-16T03:00,3600,0.0,0.0,0.0,0.0,0.0,0.0,0.0,0.0,0.0
2024-01-16T04:00,3600,0.0,0.0,0.0,0.0,0.0,0.0,0.0,0.0,0.0
2024-01-16T05:00,3600,0.0,0.0,0.0,0.0,0.0,0.0,0.0,0.0,0.0
2024-01-16T06:00,3600,0.0,0.0,0.0,0.0,0.0,0.0,0.0,0.0,0.0
2024-01-16T07:00,3600,0.0,0.0,0.0,0.0,0.0,0.0,0.0,0.0,49.33801651
2024-01-16T08:00,3600,0.0,0.0,0.0,0.0,0.0,0.0,0.0,0.0,266.24416271
2024-01-16T09:00,3600,0.0,0.0,0.0,0.0,0.0,0.0,0.0,0.0,495.15049346
2024-01-16T10:00,3600,0.0,0.0,0.0,0.0,0.0,0.0,0.0,0.0,699.50808674
2024-01-16T11:00,3600,0.0,0.0,0.0,0.0,0.0,0.0,0.0,0.0,852.2703581
2024-01-16T12:00,3600,0.0,0.0,0.0,0.0,0.0,0.0,0.0,0.0,903.97235265
2024-01-16T13:00,3600,0.0,0.0,0.0,0.0,0.0,0.0,0.0,0.0,879.56002715
2024-01-16T14:00,3600,0.0,0.0,0.0,0.0,0.0,0.0,0.0,0.0,747.09673134
2024-01-16T15:00,3600,0.0,0.0,0.0,0.0,0.0,0.0,0.0,0.0,587.6056525
2024-01-16T16:00,3600,0.0,0.0,0.0,0.0,0.0,0.0,0.0,0.0,344.69135137
2024-01-16T17:00,3600,0.0,0.0,0.0,0.0,0.0,0.0,0.0,0.0,101.28308652
2024-01-16T18:00,3600,0.0,0.0,0.0,0.0,0.0,0.0,0.0,0.0,0.0
2024-01-16T19:00,3600,0.0,0.0,0.0,0.0,0.0,0.0,0.0,0.0,0.0
2024-01-16T20:00,3600,0.0,0.0,0.0,0.0,0.0,0.0,0.0,0.0,0.0
2024-01-16T21:00,3600,0.0,0.0,0.0,0.0,0.0,0.0,0.0,0.0,0.0
2024-01-16T22:00,3600,0.0,0.0,0.0,0.0,0.0,0.0,0.0,0.0,0.0
2024-01-16T23:00,3600,0.0,0.0,0.0,0.0,0.0,0.0,0.0,0.0,0.0
2024-01-17T00:00,3600,0.0,0.0,0.0,0.0,0.0,0.0,0.0,0.0,0.0
2024-01-17T01:00,3600,0.0,0.0,0.0,0.0,0.0,0.0,0.0,0.0,0.0
2024-01-17T02:00,3600,0.0,0.0,0.0,0.0,0.0,0.0,0.0,0.0,0.0
2024-01-17T03:00,3600,0.0,0.0,0.0,0.0,0.0,0.0,0.0,0.0,0.0
2024-01-17T04:00,3600,0.0,0.0,0.0,0.0,0.0,0.0,0.0,0.0,0.0
2024-01-17T05:00,3600,0.0,0.0,0.0,0.0,0.0,0.0,0.0,0.0,0.0
2024-01-17T06:00,3600,0.0,0.0,0.0,0.0,0.0,0.0,0.0,0.0,0.0
2024-01-17T07:00,3600,0.0,0.0,0.0,0.0,0.0,0.0,0.0,0.0,49.09707659
2024-01-17T08:00,3600,0.0,0.0,0.0,0.0,0.0,0.0,0.0,0.0,264.07773008
2024-01-17T09:00,3600,0.0,0.0,0.0,0.0,0.0,0.0,0.0,0.0,498.02129237
2024-01-17T10:00,3600,0.0,0.0,0.0,0.0,0.0,0.0,0.0,0.0,692.38670703
2024-01-17T11:00,3600,0.0,0.0,0.0,0.0,0.0,0.0,0.0,0.0,822.42082314
2024-01-17T12:00,3600,0.0,0.0,0.0,0.0,0.0,0.0,0.0,0.0,864.84325614
2024-01-17T13:00,3600,0.0,0.0,0.0,0.0,0.0,0.0,0.0,0.0,802.70151818
2024-01-17T14:00,3600,0.0,0.0,0.0,0.0,0.0,0.0,0.0,0.0,158.2610574
2024-01-17T15:00,3600,0.0,0.0,0.0,0.0,0.0,0.0,0.0,0.0,99.22185842
2024-01-17T16:00,3600,0.0,0.0,0.0,0.0,0.0,0.0,0.0,0.0,26.14145242
2024-01-17T17:00,3600,0.0,0.0,0.0,0.0,0.0,0.0,0.0,0.0,9.68201941
2024-01-17T18:00,3600,0.0,0.0,0.0,0.0,0.0,0.0,0.0,0.0,0.0
2024-01-17T19:00,3600,0.0,0.0,0.0,0.0,0.0,0.0,0.0,0.0,0.0
2024-01-17T20:00,3600,0.0,0.0,0.0,0.0,0.0,0.0,0.0,0.0,0.0
2024-01-17T21:00,3600,0.0,0.0,0.0,0.0,0.0,0.0,0.0,0.0,0.0
2024-01-17T22:00,3600,0.0,0.0,0.0,0.0,0.0,0.0,0.0,0.0,0.0
2024-01-17T23:00,3600,0.0,0.0,0.0,0.0,0.0,0.0,0.0,0.0,0.0
2024-01-18T00:00,3600,0.0,0.0,0.0,0.0,0.0,0.0,0.0,0.0,0.0
2024-01-18T01:00,3600,0.0,0.0,0.0,0.0,0.0,0.0,0.0,0.0,0.0
2024-01-18T02:00,3600,0.0,0.0,0.0,0.0,0.0,0.0,0.0,0.0,0.0
2024-01-18T03:00,3600,0.0,0.0,0.0,0.0,0.0,0.0,0.0,0.0,0.0
2024-01-18T04:00,3600,0.0,0.0,0.0,0.0,0.0,0.0,0.0,0.0,0.0
2024-01-18T05:00,3600,0.0,0.0,0.0,0.0,0.0,0.0,0.0,0.0,0.0
2024-01-18T06:00,3600,0.0,0.0,0.0,0.0,0.0,0.0,0.0,0.0,0.0
2024-01-18T07:00,3600,0.0,0.0,0.0,0.0,0.0,0.0,0.0,0.0,36.77171769
2024-01-18T08:00,3600,0.0,0.0,0.0,0.0,0.0,0.0,0.0,0.0,217.27529702
2024-01-18T09:00,3600,0.0,0.0,0.0,0.0,0.0,0.0,0.0,0.0,381.36651958
2024-01-18T10:00,3600,0.0,0.0,0.0,0.0,0.0,0.0,0.0,0.0,564.55484165
2024-01-18T11:00,3600,0.0,0.0,0.0,0.0,0.0,0.0,0.0,0.0,566.28332271
2024-01-18T12:00,3600,0.0,0.0,0.0,0.0,0.0,0.0,0.0,0.0,443.43071734
2024-01-18T13:00,3600,0.0,0.0,0.0,0.0,0.0,0.0,0.0,0.0,484.81084513
2024-01-18T14:00,3600,0.0,0.0,0.0,0.0,0.0,0.0,0.0,0.0,426.2099094
2024-01-18T15:00,3600,0.0,0.0,0.0,0.0,0.0,0.0,0.0,0.0,333.36783349
2024-01-18T16:00,3600,0.0,0.0,0.0,0.0,0.0,0.0,0.0,0.0,181.76461654
2024-01-18T17:00,3600,0.0,0.0,0.0,0.0,0.0,0.0,0.0,0.0,78.99346171
2024-01-18T18:00,3600,0.0,0.0,0.0,0.0,0.0,0.0,0.0,0.0,0.0
2024-01-18T19:00,3600,0.0,0.0,0.0,0.0,0.0,0.0,0.0,0.0,0.0
2024-01-18T20:00,3600,0.0,0.0,0.0,0.0,0.0,0.0,0.0,0.0,0.0
2024-01-18T21:00,3600,0.0,0.0,0.0,0.0,0.0,0.0,0.0,0.0,0.0
2024-01-18T22:00,3600,0.0,0.0,0.0,0.0,0.0,0.0,0.0,0.0,0.0
2024-01-18T23:00,3600,0.0,0.0,0.0,0.0,0.0,0.0,0.0,0.0,0.0
2024-01-19T00:00,3600,0.0,0.0,0.0,0.0,0.0,0.0,0.0,0.0,0.0
2024-01-19T01:00,3600,0.0,0.0,0.0,0.0,0.0,0.0,0.0,0.0,0.0
2024-01-19T02:00,3600,0.0,0.0,0.0,0.0,0.0,0.0,0.0,0.0,0.0
2024-01-19T03:00,3600,0.0,0.0,0.0,0.0,0.0,0.0,0.0,0.0,0.0
2024-01-19T04:00,3600,0.0,0.0,0.0,0.0,0.0,0.0,0.0,0.0,0.0
2024-01-19T05:00,3600,0.0,0.0,0.0,0.0,0.0,0.0,0.0,0.0,0.0
2024-01-19T06:00,3600,0.0,0.0,0.0,0.0,0.0,0.0,0.0,0.0,0.0
2024-01-19T07:00,3600,0.0,0.0,0.0,0.0,0.0,0.0,0.0,0.0,41.61843934
2024-01-19T08:00,3600,0.0,0.0,0.0,0.0,0.0,0.0,0.0,0.0,224.26540743
2024-01-19T09:00,3600,0.0,0.0,0.0,0.0,0.0,0.0,0.0,0.0,437.27728755
2024-01-19T10:00,3600,0.0,0.0,0.0,0.0,0.0,0.0,0.0,0.0,663.48430197
2024-01-19T11:00,3600,0.0,0.0,0.0,0.0,0.0,0.0,0.0,0.0,831.13630455
2024-01-19T12:00,3600,0.0,0.0,0.0,0.0,0.0,0.0,0.0,0.0,811.91541735
2024-01-19T13:00,3600,0.0,0.0,0.0,0.0,0.0,0.0,0.0,0.0,819.10412762
2024-01-19T14:00,3600,0.0,0.0,0.0,0.0,0.0,0.0,0.0,0.0,670.44677405
2024-01-19T15:00,3600,0.0,0.0,0.0,0.0,0.0,0.0,0.0,0.0,362.37348639
2024-01-19T16:00,3600,0.0,0.0,0.0,0.0,0.0,0.0,0.0,0.0,204.03967951
2024-01-19T17:00,3600,0.0,0.0,0.0,0.0,0.0,0.0,0.0,0.0,68.16690256
2024-01-19T18:00,3600,0.0,0.0,0.0,0.0,0.0,0.0,0.0,0.0,0.0
2024-01-19T19:00,3600,0.0,0.0,0.0,0.0,0.0,0.0,0.0,0.0,0.0
2024-01-19T20:00,3600,0.0,0.0,0.0,0.0,0.0,0.0,0.0,0.0,0.0
2024-01-19T21:00,3600,0.0,0.0,0.0,0.0,0.0,0.0,0.0,0.0,0.0
2024-01-19T22:00,3600,0.0,0.0,0.0,0.0,0.0,0.0,0.0,0.0,0.0
2024-01-19T23:00,3600,0.0,0.0,0.0,0.0,0.0,0.0,0.0,0.0,0.0
2024-01-20T00:00,3600,0.0,0.0,0.0,0.0,0.0,0.0,0.0,0.0,0.0
2024-01-20T01:00,3600,0.0,0.0,0.0,0.0,0.0,0.0,0.0,0.0,0.0
2024-01-20T02:00,3600,0.0,0.0,0.0,0.0,0.0,0.0,0.0,0.0,0.0
2024-01-20T03:00,3600,0.0,0.0,0.0,0.0,0.0,0.0,0.0,0.0,0.0
2024-01-20T04:00,3600,0.0,0.0,0.0,0.0,0.0,0.0,0.0,0.0,0.0
2024-01-20T05:00,3600,0.0,0.0,0.0,0.0,0.0,0.0,0.0,0.0,0.0
2024-01-20T06:00,3600,0.0,0.0,0.0,0.0,0.0,0.0,0.0,0.0,0.0
2024-01-20T07:00,3600,0.0,0.0,0.0,0.0,0.0,0.0,0.0,0.0,15.68749391
2024-01-20T08:00,3600,0.0,0.0,0.0,0.0,0.0,0.0,0.0,0.0,83.92075947
2024-01-20T09:00,3600,0.0,0.0,0.0,0.0,0.0,0.0,0.0,0.0,169.09824638
2024-01-20T10:00,3600,0.0,0.0,0.0,0.0,0.0,0.0,0.0,0.0,289.07230194
2024-01-20T11:00,3600,0.0,0.0,0.0,0.0,0.0,0.0,0.0,0.0,381.50358521
2024-01-20T12:00,3600,0.0,0.0,0.0,0.0,0.0,0.0,0.0,0.0,420.59576672
2024-01-20T13:00,3600,0.0,0.0,0.0,0.0,0.0,0.0,0.0,0.0,426.98582811
2024-01-20T14:00,3600,0.0,0.0,0.0,0.0,0.0,0.0,0.0,0.0,200.44065073
2024-01-20T15:00,3600,0.0,0.0,0.0,0.0,0.0,0.0,0.0,0.0,185.68012872
2024-01-20T16:00,3600,0.0,0.0,0.0,0.0,0.0,0.0,0.0,0.0,148.91023876
2024-01-20T17:00,3600,0.0,0.0,0.0,0.0,0.0,0.0,0.0,0.0,62.97713085
2024-01-20T18:00,3600,0.0,0.0,0.0,0.0,0.0,0.0,0.0,0.0,0.0
2024-01-20T19:00,3600,0.0,0.0,0.0,0.0,0.0,0.0,0.0,0.0,0.0
2024-01-20T20:00,3600,0.0,0.0,0.0,0.0,0.0,0.0,0.0,0.0,0.0
2024-01-20T21:00,3600,0.0,0.0,0.0,0.0,0.0,0.0,0.0,0.0,0.0
2024-01-20T22:00,3600,0.0,0.0,0.0,0.0,0.0,0.0,0.0,0.0,0.0
2024-01-20T23:00,3600,0.0,0.0,0.0,0.0,0.0,0.0,0.0,0.0,0.0
2024-01-21T00:00,3600,0.0,0.0,0.0,0.0,0.0,0.0,0.0,0.0,0.0
2024-01-21T01:00,3600,0.0,0.0,0.0,0.0,0.0,0.0,0.0,0.0,0.0
2024-01-21T02:00,3600,0.0,0.0,0.0,0.0,0.0,0.0,0.0,0.0,0.0
2024-01-21T03:00,3600,0.0,0.0,0.0,0.0,0.0,0.0,0.0,0.0,0.0
2024-01-21T04:00,3600,0.0,0.0,0.0,0.0,0.0,0.0,0.0,0.0,0.0
2024-01-21T05:00,3600,0.0,0.0,0.0,0.0,0.0,0.0,0.0,0.0,0.0
2024-01-21T06:00,3600,0.0,0.0,0.0,0.0,0.0,0.0,0.0,0.0,0.0
2024-01-21T07:00,3600,0.0,0.0,0.0,0.0,0.0,0.0,0.0,0.0,44.17200199
2024-01-21T08:00,3600,0.0,0.0,0.0,0.0,0.0,0.0,0.0,0.0,200.40566203
2024-01-21T09:00,3600,0.0,0.0,0.0,0.0,0.0,0.0,0.0,0.0,452.93863018
2024-01-21T10:00,3600,0.0,0.0,0.0,0.0,0.0,0.0,0.0,0.0,642.29825246
2024-01-21T11:00,3600,0.0,0.0,0.0,0.0,0.0,0.0,0.0,0.0,799.42538677
2024-01-21T12:00,3600,0.0,0.0,0.0,0.0,0.0,0.0,0.0,0.0,775.80015606
2024-01-21T13:00,3600,0.0,0.0,0.0,0.0,0.0,0.0,0.0,0.0,738.75444937
2024-01-21T14:00,3600,0.0,0.0,0.0,0.0,0.0,0.0,0.0,0.0,677.30614107
2024-01-21T15:00,3600,0.0,0.0,0.0,0.0,0.0,0.0,0.0,0.0,396.70046898
2024-01-21T16:00,3600,0.0,0.0,0.0,0.0,0.0,0.0,0.0,0.0,308.89663546
2024-01-21T17:00,3600,0.0,0.0,0.0,0.0,0.0,0.0,0.0,0.0,78.84821387
2024-01-21T18:00,3600,0.0,0.0,0.0,0.0,0.0,0.0,0.0,0.0,0.0
2024-01-21T19:00,3600,0.0,0.0,0.0,0.0,0.0,0.0,0.0,0.0,0.0
2024-01-21T20:00,3600,0.0,0.0,0.0,0.0,0.0,0.0,0.0,0.0,0.0
2024-01-21T21:00,3600,0.0,0.0,0.0,0.0,0.0,0.0,0.0,0.0,0.0
2024-01-21T22:00,3600,0.0,0.0,0.0,0.0,0.0,0.0,0.0,0.0,0.0
2024-01-21T23:00,3600,0.0,0.0,0.0,0.0,0.0,0.0,0.0,0.0,0.0
2024-01-22T00:00,3600,0.0,0.0,0.0,0.0,0.0,0.0,0.0,0.0,0.0
2024-01-22T01:00,3600,0.0,0.0,0.0,0.0,0.0,0.0,0.0,0.0,0.0
2024-01-22T02:00,3600,0.0,0.0,0.0,0.0,0.0,0.0,0.0,0.0,0.0
2024-01-22T03:00,3600,0.0,0.0,0.0,0.0,0.0,0.0,0.0,0.0,0.0
2024-01-22T04:00,3600,0.0,0.0,0.0,0.0,0.0,0.0,0.0,0.0,0.0
2024-01-22T05:00,3600,0.0,0.0,0.0,0.0,0.0,0.0,0.0,0.0,0.0
2024-01-22T06:00,3600,0.0,0.0,0.0,0.0,0.0,0.0,0.0,0.0,0.0
2024-01-22T07:00,3600,0.0,0.0,0.0,0.0,0.0,0.0,0.0,0.0,6.81283683
2024-01-22T08:00,3600,0.0,0.0,0.0,0.0,0.0,0.0,0.0,0.0,49.13016996
2024-01-22T09:00,3600,0.0,0.0,0.0,0.0,0.0,0.0,0.0,0.0,66.80593396
2024-01-22T10:00,3600,0.0,0.0,0.0,0.0,0.0,0.0,0.0,0.0,73.58334754
2024-01-22T11:00,3600,0.0,0.0,0.0,0.0,0.0,0.0,0.0,0.0,127.85735009
2024-01-22T12:00,3600,0.0,0.0,0.0,0.0,0.0,0.0,0.0,0.0,122.96171702
2024-01-22T13:00,3600,0.0,0.0,0.0,0.0,0.0,0.0,0.0,0.0,121.99344461
2024-01-22T14:00,3600,0.0,0.0,0.0,0.0,0.0,0.0,0.0,0.0,93.91558831
2024-01-22T15:00,3600,0.0,0.0,0.0,0.0,0.0,0.0,0.0,0.0,51.73006034
2024-01-22T16:00,3600,0.0,0.0,0.0,0.0,0.0,0.0,0.0,0.0,52.48529471
2024-01-22T17:00,3600,0.0,0.0,0.0,0.0,0.0,0.0,0.0,0.0,11.6184233
2024-01-22T18:00,3600,0.0,0.0,0.0,0.0,0.0,0.0,0.0,0.0,0.0
2024-01-22T19:00,3600,0.0,0.0,0.0,0.0,0.0,0.0,0.0,0.0,0.0
2024-01-22T20:00,3600,0.0,0.0,0.0,0.0,0.0,0.0,0.0,0.0,0.0
2024-01-22T21:00,3600,0.0,0.0,0.0,0.0,0.0,0.0,0.0,0.0,0.0
2024-01-22T22:00,3600,0.0,0.0,0.0,0.0,0.0,0.0,0.0,0.0,0.0
2024-01-22T23:00,3600,0.0,0.0,0.0,0.0,0.0,0.0,0.0,0.0,0.0
2024-01-23T00:00,3600,0.0,0.0,0.0,0.0,0.0,0.0,0.0,0.0,0.0
2024-01-23T01:00,3600,0.0,0.0,0.0,0.0,0.0,0.0,0.0,0.0,0.0
2024-01-23T02:00,3600,0.0,0.0,0.0,0.0,0.0,0.0,0.0,0.0,0.0
2024-01-23T03:00,3600,0.0,0.0,0.0,0.0,0.0,0.0,0.0,0.0,0.0
2024-01-23T04:00,3600,0.0,0.0,0.0,0.0,0.0,0.0,0.0,0.0,0.0
2024-01-23T05:00,3600,0.0,0.0,0.0,0.0,0.0,0.0,0.0,0.0,0.0
2024-01-23T06:00,3600,0.0,0.0,0.0,0.0,0.0,0.0,0.0,0.0,0.0
2024-01-23T07:00,3600,0.0,0.0,0.0,0.0,0.0,0.0,0.0,0.0,8.72120065
2024-01-23T08:00,3600,0.0,0.0,0.0,0.0,0.0,0.0,0.0,0.0,119.60040971
2024-01-23T09:00,3600,0.0,0.0,0.0,0.0,0.0,0.0,0.0,0.0,196.05152512
2024-01-23T10:00,3600,0.0,0.0,0.0,0.0,0.0,0.0,0.0,0.0,289.45804679
2024-01-23T11:00,3600,0.0,0.0,0.0,0.0,0.0,0.0,0.0,0.0,382.8009025
2024-01-23T12:00,3600,0.0,0.0,0.0,0.0,0.0,0.0,0.0,0.0,512.84952419
2024-01-23T13:00,3600,0.0,0.0,0.0,0.0,0.0,0.0,0.0,0.0,419.497825
2024-01-23T14:00,3600,0.0,0.0,0.0,0.0,0.0,0.0,0.0,0.0,206.86838716
2024-01-23T15:00,3600,0.0,0.0,0.0,0.0,0.0,0.0,0.0,0.0,181.3957792
2024-01-23T16:00,3600,0.0,0.0,0.0,0.0,0.0,0.0,0.0,0.0,146.64933686
2024-01-23T17:00,3600,0.0,0.0,0.0,0.0,0.0,0.0,0.0,0.0,43.50379546
2024-01-23T18:00,3600,0.0,0.0,0.0,0.0,0.0,0.0,0.0,0.0,0.0
2024-01-23T19:00,3600,0.0,0.0,0.0,0.0,0.0,0.0,0.0,0.0,0.0
2024-01-23T20:00,3600,0.0,0.0,0.0,0.0,0.0,0.0,0.0,0.0,0.0
2024-01-23T21:00,3600,0.0,0.0,0.0,0.0,0.0,0.0,0.0,0.0,0.0
2024-01-23T22:00,3600,0.0,0.0,0.0,0.0,0.0,0.0,0.0,0.0,0.0
2024-01-23T23:00,3600,0.0,0.0,0.0,0.0,0.0,0.0,0.0,0.0,0.0
2024-01-24T00:00,3600,0.0,0.0,0.0,0.0,0.0,0.0,0.0,0.0,0.0
2024-01-24T01:00,3600,0.0,0.0,0.0,0.0,0.0,0.0,0.0,0.0,0.0
2024-01-24T02:00,3600,0.0,0.0,0.0,0.0,0.0,0.0,0.0,0.0,0.0
2024-01-24T03:00,3600,0.0,0.0,0.0,0.0,0.0,0.0,0.0,0.0,0.0
2024-01-24T04:00,3600,0.0,0.0,0.0,0.0,0.0,0.0,0.0,0.0,0.0
2024-01-24T05:00,3600,0.0,0.0,0.0,0.0,0.0,0.0,0.0,0.0,0.0
2024-01-24T06:00,3600,0.0,0.0,0.0,0.0,0.0,0.0,0.0,0.0,0.0
2024-01-24T07:00,3600,0.0,0.0,0.0,0.0,0.0,0.0,0.0,0.0,6.77814918
2024-01-24T08:00,3600,0.0,0.0,0.0,0.0,0.0,0.0,0.0,0.0,19.36403883
2024-01-24T09:00,3600,0.0,0.0,0.0,0.0,0.0,0.0,0.0,0.0,39.6962796
2024-01-24T10:00,3600,0.0,0.0,0.0,0.0,0.0,0.0,0.0,0.0,77.45615531
2024-01-24T11:00,3600,0.0,0.0,0.0,0.0,0.0,0.0,0.0,0.0,99.72479996
2024-01-24T12:00,3600,0.0,0.0,0.0,0.0,0.0,0.0,0.0,0.0,102.01896352
2024-01-24T13:00,3600,0.0,0.0,0.0,0.0,0.0,0.0,0.0,0.0,139.13532866
2024-01-24T14:00,3600,0.0,0.0,0.0,0.0,0.0,0.0,0.0,0.0,192.43462954
2024-01-24T15:00,3600,0.0,0.0,0.0,0.0,0.0,0.0,0.0,0.0,97.24250225
2024-01-24T16:00,3600,0.0,0.0,0.0,0.0,0.0,0.0,0.0,0.0,86.16997278
2024-01-24T17:00,3600,0.0,0.0,0.0,0.0,0.0,0.0,0.0,0.0,40.20394401
2024-01-24T18:00,3600,0.0,0.0,0.0,0.0,0.0,0.0,0.0,0.0,0.0
2024-01-24T19:00,3600,0.0,0.0,0.0,0.0,0.0,0.0,0.0,0.0,0.0
2024-01-24T20:00,3600,0.0,0.0,0.0,0.0,0.0,0.0,0.0,0.0,0.0
2024-01-24T21:00,3600,0.0,0.0,0.0,0.0,0.0,0.0,0.0,0.0,0.0
2024-01-24T22:00,3600,0.0,0.0,0.0,0.0,0.0,0.0,0.0,0.0,0.0
2024-01-24T23:00,3600,0.0,0.0,0.0,0.0,0.0,0.0,0.0,0.0,0.0
2024-01-25T00:00,3600,0.0,0.0,0.0,0.0,0.0,0.0,0.0,0.0,0.0
2024-01-25T01:00,3600,0.0,0.0,0.0,0.0,0.0,0.0,0.0,0.0,0.0
2024-01-25T02:00,3600,0.0,0.0,0.0,0.0,0.0,0.0,0.0,0.0,0.0
2024-01-25T03:00,3600,0.0,0.0,0.0,0.0,0.0,0.0,0.0,0.0,0.0
2024-01-25T04:00,3600,0.0,0.0,0.0,0.0,0.0,0.0,0.0,0.0,0.0
2024-01-25T05:00,3600,0.0,0.0,0.0,0.0,0.0,0.0,0.0,0.0,0.0
2024-01-25T06:00,3600,0.0,0.0,0.0,0.0,0.0,0.0,0.0,0.0,0.0
2024-01-25T07:00,3600,0.0,0.0,0.0,0.0,0.0,0.0,0.0,0.0,9.65593123
2024-01-25T08:00,3600,0.0,0.0,0.0,0.0,0.0,0.0,0.0,0.0,43.53064832
2024-01-25T09:00,3600,0.0,0.0,0.0,0.0,0.0,0.0,0.0,0.0,90.95847061
2024-01-25T10:00,3600,0.0,0.0,0.0,0.0,0.0,0.0,0.0,0.0,134.79641834
2024-01-25T11:00,3600,0.0,0.0,0.0,0.0,0.0,0.0,0.0,0.0,190.75624108
2024-01-25T12:00,3600,0.0,0.0,0.0,0.0,0.0,0.0,0.0,0.0,249.64303104
2024-01-25T13:00,3600,0.0,0.0,0.0,0.0,0.0,0.0,0.0,0.0,360.79258636
2024-01-25T14:00,3600,0.0,0.0,0.0,0.0,0.0,0.0,0.0,0.0,617.75428247
2024-01-25T15:00,3600,0.0,0.0,0.0,0.0,0.0,0.0,0.0,0.0,467.91289824
2024-01-25T16:00,3600,0.0,0.0,0.0,0.0,0.0,0.0,0.0,0.0,317.00332654
2024-01-25T17:00,3600,0.0,0.0,0.0,0.0,0.0,0.0,0.0,0.0,99.37834729
2024-01-25T18:00,3600,0.0,0.0,0.0,0.0,0.0,0.0,0.0,0.0,0.0
2024-01-25T19:00,3600,0.0,0.0,0.0,0.0,0.0,0.0,0.0,0.0,0.0
2024-01-25T20:00,3600,0.0,0.0,0.0,0.0,0.0,0.0,0.0,0.0,0.0
2024-01-25T21:00,3600,0.0,0.0,0.0,0.0,0.0,0.0,0.0,0.0,0.0
2024-01-25T22:00,3600,0.0,0.0,0.0,0.0,0.0,0.0,0.0,0.0,0.0
2024-01-25T23:00,3600,0.0,0.0,0.0,0.0,0.0,0.0,0.0,0.0,0.0
2024-01-26T00:00,3600,0.0,0.0,0.0,0.0,0.0,0.0,0.0,0.0,0.0
2024-01-26T01:00,3600,0.0,0.0,0.0,0.0,0.0,0.0,0.0,0.0,0.0
2024-01-26T02:00,3600,0.0,0.0,0.0,0.0,0.0,0.0,0.0,0.0,0.0
2024-01-26T03:00,3600,0.0,0.0,0.0,0.0,0.0,0.0,0.0,0.0,0.0
2024-01-26T04:00,3600,0.0,0.0,0.0,0.0,0.0,0.0,0.0,0.0,0.0
2024-01-26T05:00,3600,0.0,0.0,0.0,0.0,0.0,0.0,0.0,0.0,0.0
2024-01-26T06:00,3600,0.0,0.0,0.0,0.0,0.0,0.0,0.0,0.0,0.0
2024-01-26T07:00,3600,0.0,0.0,0.0,0.0,0.0,0.0,0.0,0.0,9.68201941
2024-01-26T08:00,3600,0.0,0.0,0.0,0.0,0.0,0.0,0.0,0.0,60.91061022
2024-01-26T09:00,3600,0.0,0.0,0.0,0.0,0.0,0.0,0.0,0.0,160.15389987
2024-01-26T10:00,3600,0.0,0.0,0.0,0.0,0.0,0.0,0.0,0.0,244.67701437
2024-01-26T11:00,3600,0.0,0.0,0.0,0.0,0.0,0.0,0.0,0.0,252.51335031
2024-01-26T12:00,3600,0.0,0.0,0.0,0.0,0.0,0.0,0.0,0.0,245.1161922
2024-01-26T13:00,3600,0.0,0.0,0.0,0.0,0.0,0.0,0.0,0.0,197.84520095
2024-01-26T14:00,3600,0.0,0.0,0.0,0.0,0.0,0.0,0.0,0.0,127.59277441
2024-01-26T15:00,3600,0.0,0.0,0.0,0.0,0.0,0.0,0.0,0.0,129.05115857
2024-01-26T16:00,3600,0.0,0.0,0.0,0.0,0.0,0.0,0.0,0.0,72.38320675
2024-01-26T17:00,3600,0.0,0.0,0.0,0.0,0.0,0.0,0.0,0.0,28.15210981
2024-01-26T18:00,3600,0.0,0.0,0.0,0.0,0.0,0.0,0.0,0.0,0.0
2024-01-26T19:00,3600,0.0,0.0,0.0,0.0,0.0,0.0,0.0,0.0,0.0
2024-01-26T20:00,3600,0.0,0.0,0.0,0.0,0.0,0.0,0.0,0.0,0.0
2024-01-26T21:00,3600,0.0,0.0,0.0,0.0,0.0,0.0,0.0,0.0,0.0
2024-01-26T22:00,3600,0.0,0.0,0.0,0.0,0.0,0.0,0.0,0.0,0.0
2024-01-26T23:00,3600,0.0,0.0,0.0,0.0,0.0,0.0,0.0,0.0,0.0
2024-01-27T00:00,3600,0.0,0.0,0.0,0.0,0.0,0.0,0.0,0.0,0.0
2024-01-27T01:00,3600,0.0,0.0,0.0,0.0,0.0,0.0,0.0,0.0,0.0
2024-01-27T02:00,3600,0.0,0.0,0.0,0.0,0.0,0.0,0.0,0.0,0.0
2024-01-27T03:00,3600,0.0,0.0,0.0,0.0,0.0,0.0,0.0,0.0,0.0
2024-01-27T04:00,3600,0.0,0.0,0.0,0.0,0.0,0.0,0.0,0.0,0.0
2024-01-27T05:00,3600,0.0,0.0,0.0,0.0,0.0,0.0,0.0,0.0,0.0
2024-01-27T06:00,3600,0.0,0.0,0.0,0.0,0.0,0.0,0.0,0.0,0.0
2024-01-27T07:00,3600,0.0,0.0,0.0,0.0,0.0,0.0,0.0,0.0,5.80921165
2024-01-27T08:00,3600,0.0,0.0,0.0,0.0,0.0,0.0,0.0,0.0,28.0778563
2024-01-27T09:00,3600,0.0,0.0,0.0,0.0,0.0,0.0,0.0,0.0,53.25110678
2024-01-27T10:00,3600,0.0,0.0,0.0,0.0,0.0,0.0,0.0,0.0,70.67874172
2024-01-27T11:00,3600,0.0,0.0,0.0,0.0,0.0,0.0,0.0,0.0,89.39041694
2024-01-27T12:00,3600,0.0,0.0,0.0,0.0,0.0,0.0,0.0,0.0,110.96869812
2024-01-27T13:00,3600,0.0,0.0,0.0,0.0,0.0,0.0,0.0,0.0,92.88306133
2024-01-27T14:00,3600,0.0,0.0,0.0,0.0,0.0,0.0,0.0,0.0,42.60088542
2024-01-27T15:00,3600,0.0,0.0,0.0,0.0,0.0,0.0,0.0,0.0,26.14145242
2024-01-27T16:00,3600,0.0,0.0,0.0,0.0,0.0,0.0,0.0,0.0,15.49123106
2024-01-27T17:00,3600,0.0,0.0,0.0,0.0,0.0,0.0,0.0,0.0,4.84100971
2024-01-27T18:00,3600,0.0,0.0,0.0,0.0,0.0,0.0,0.0,0.0,0.0
2024-01-27T19:00,3600,0.0,0.0,0.0,0.0,0.0,0.0,0.0,0.0,0.0
2024-01-27T20:00,3600,0.0,0.0,0.0,0.0,0.0,0.0,0.0,0.0,0.0
2024-01-27T21:00,3600,0.0,0.0,0.0,0.0,0.0,0.0,0.0,0.0,0.0
2024-01-27T22:00,3600,0.0,0.0,0.0,0.0,0.0,0.0,0.0,0.0,0.0
2024-01-27T23:00,3600,0.0,0.0,0.0,0.0,0.0,0.0,0.0,0.0,0.0
2024-01-28T00:00,3600,0.0,0.0,0.0,0.0,0.0,0.0,0.0,0.0,0.0
2024-01-28T01:00,3600,0.0,0.0,0.0,0.0,0.0,0.0,0.0,0.0,0.0
2024-01-28T02:00,3600,0.0,0.0,0.0,0.0,0.0,0.0,0.0,0.0,0.0
2024-01-28T03:00,3600,0.0,0.0,0.0,0.0,0.0,0.0,0.0,0.0,0.0
2024-01-28T04:00,3600,0.0,0.0,0.0,0.0,0.0,0.0,0.0,0.0,0.0
2024-01-28T05:00,3600,0.0,0.0,0.0,0.0,0.0,0.0,0.0,0.0,0.0
2024-01-28T06:00,3600,0.0,0.0,0.0,0.0,0.0,0.0,0.0,0.0,0.0
2024-01-28T07:00,3600,0.0,0.0,0.0,0.0,0.0,0.0,0.0,0.0,2.90460582
2024-01-28T08:00,3600,0.0,0.0,0.0,0.0,0.0,0.0,0.0,0.0,20.94805225
2024-01-28T09:00,3600,0.0,0.0,0.0,0.0,0.0,0.0,0.0,0.0,41.63268348
2024-01-28T10:00,3600,0.0,0.0,0.0,0.0,0.0,0.0,0.0,0.0,97.06608183
2024-01-28T11:00,3600,0.0,0.0,0.0,0.0,0.0,0.0,0.0,0.0,123.61166502
2024-01-28T12:00,3600,0.0,0.0,0.0,0.0,0.0,0.0,0.0,0.0,137.33508128
2024-01-28T13:00,3600,0.0,0.0,0.0,0.0,0.0,0.0,0.0,0.0,189.13437298
2024-01-28T14:00,3600,0.0,0.0,0.0,0.0,0.0,0.0,0.0,0.0,220.97997666
2024-01-28T15:00,3600,0.0,0.0,0.0,0.0,0.0,0.0,0.0,0.0,202.10386167
2024-01-28T16:00,3600,0.0,0.0,0.0,0.0,0.0,0.0,0.0,0.0,136.43595766
2024-01-28T17:00,3600,0.0,0.0,0.0,0.0,0.0,0.0,0.0,0.0,48.58312564
2024-01-28T18:00,3600,0.0,0.0,0.0,0.0,0.0,0.0,0.0,0.0,0.0
2024-01-28T19:00,3600,0.0,0.0,0.0,0.0,0.0,0.0,0.0,0.0,0.0
2024-01-28T20:00,3600,0.0,0.0,0.0,0.0,0.0,0.0,0.0,0.0,0.0
2024-01-28T21:00,3600,0.0,0.0,0.0,0.0,0.0,0.0,0.0,0.0,0.0
2024-01-28T22:00,3600,0.0,0.0,0.0,0.0,0.0,0.0,0.0,0.0,0.0
2024-01-28T23:00,3600,0.0,0.0,0.0,0.0,0.0,0.0,0.0,0.0,0.0
2024-01-29T00:00,3600,0.0,0.0,0.0,0.0,0.0,0.0,0.0,0.0,0.0
2024-01-29T01:00,3600,0.0,0.0,0.0,0.0,0.0,0.0,0.0,0.0,0.0
2024-01-29T02:00,3600,0.0,0.0,0.0,0.0,0.0,0.0,0.0,0.0,0.0
2024-01-29T03:00,3600,0.0,0.0,0.0,0.0,0.0,0.0,0.0,0.0,0.0
2024-01-29T04:00,3600,0.0,0.0,0.0,0.0,0.0,0.0,0.0,0.0,0.0
2024-01-29T05:00,3600,0.0,0.0,0.0,0.0,0.0,0.0,0.0,0.0,0.0
2024-01-29T06:00,3600,0.0,0.0,0.0,0.0,0.0,0.0,0.0,0.0,0.0
2024-01-29T07:00,3600,0.0,0.0,0.0,0.0,0.0,0.0,0.0,0.0,18.30947127
2024-01-29T08:00,3600,0.0,0.0,0.0,0.0,0.0,0.0,0.0,0.0,101.6532758
2024-01-29T09:00,3600,0.0,0.0,0.0,0.0,0.0,0.0,0.0,0.0,147.18437775
2024-01-29T10:00,3600,0.0,0.0,0.0,0.0,0.0,0.0,0.0,0.0,232.7921065
2024-01-29T11:00,3600,0.0,0.0,0.0,0.0,0.0,0.0,0.0,0.0,232.26662608
2024-01-29T12:00,3600,0.0,0.0,0.0,0.0,0.0,0.0,0.0,0.0,196.37880845
2024-01-29T13:00,3600,0.0,0.0,0.0,0.0,0.0,0.0,0.0,0.0,140.3892815
2024-01-29T14:00,3600,0.0,0.0,0.0,0.0,0.0,0.0,0.0,0.0,209.660975
2024-01-29T15:00,3600,0.0,0.0,0.0,0.0,0.0,0.0,0.0,0.0,135.5044202
2024-01-29T16:00,3600,0.0,0.0,0.0,0.0,0.0,0.0,0.0,0.0,57.7070824
2024-01-29T17:00,3600,0.0,0.0,0.0,0.0,0.0,0.0,0.0,0.0,20.33224077
2024-01-29T18:00,3600,0.0,0.0,0.0,0.0,0.0,0.0,0.0,0.0,0.0
2024-01-29T19:00,3600,0.0,0.0,0.0,0.0,0.0,0.0,0.0,0.0,0.0
2024-01-29T20:00,3600,0.0,0.0,0.0,0.0,0.0,0.0,0.0,0.0,0.0
2024-01-29T21:00,3600,0.0,0.0,0.0,0.0,0.0,0.0,0.0,0.0,0.0
2024-01-29T22:00,3600,0.0,0.0,0.0,0.0,0.0,0.0,0.0,0.0,0.0
2024-01-29T23:00,3600,0.0,0.0,0.0,0.0,0.0,0.0,0.0,0.0,0.0
2024-01-30T00:00,3600,0.0,0.0,0.0,0.0,0.0,0.0,0.0,0.0,0.0
2024-01-30T01:00,3600,0.0,0.0,0.0,0.0,0.0,0.0,0.0,0.0,0.0
2024-01-30T02:00,3600,0.0,0.0,0.0,0.0,0.0,0.0,0.0,0.0,0.0
2024-01-30T03:00,3600,0.0,0.0,0.0,0.0,0.0,0.0,0.0,0.0,0.0
2024-01-30T04:00,3600,0.0,0.0,0.0,0.0,0.0,0.0,0.0,0.0,0.0
2024-01-30T05:00,3600,0.0,0.0,0.0,0.0,0.0,0.0,0.0,0.0,0.0
2024-01-30T06:00,3600,0.0,0.0,0.0,0.0,0.0,0.0,0.0,0.0,0.0
2024-01-30T07:00,3600,0.0,0.0,0.0,0.0,0.0,0.0,0.0,0.0,7.63530789
2024-01-30T08:00,3600,0.0,0.0,0.0,0.0,0.0,0.0,0.0,0.0,51.97387933
2024-01-30T09:00,3600,0.0,0.0,0.0,0.0,0.0,0.0,0.0,0.0,77.83810264
2024-01-30T10:00,3600,0.0,0.0,0.0,0.0,0.0,0.0,0.0,0.0,160.5367105
2024-01-30T11:00,3600,0.0,0.0,0.0,0.0,0.0,0.0,0.0,0.0,292.46618457
2024-01-30T12:00,3600,0.0,0.0,0.0,0.0,0.0,0.0,0.0,0.0,303.87162913
2024-01-30T13:00,3600,0.0,0.0,0.0,0.0,0.0,0.0,0.0,0.0,416.77348111
2024-01-30T14:00,3600,0.0,0.0,0.0,0.0,0.0,0.0,0.0,0.0,322.13802135
2024-01-30T15:00,3600,0.0,0.0,0.0,0.0,0.0,0.0,0.0,0.0,188.16933732
2024-01-30T16:00,3600,0.0,0.0,0.0,0.0,0.0,0.0,0.0,0.0,117.51356272
2024-01-30T17:00,3600,0.0,0.0,0.0,0.0,0.0,0.0,0.0,0.0,39.63747255
2024-01-30T18:00,3600,0.0,0.0,0.0,0.0,0.0,0.0,0.0,0.0,0.0
2024-01-30T19:00,3600,0.0,0.0,0.0,0.0,0.0,0.0,0.0,0.0,0.0
2024-01-30T20:00,3600,0.0,0.0,0.0,0.0,0.0,0.0,0.0,0.0,0.0
2024-01-30T21:00,3600,0.0,0.0,0.0,0.0,0.0,0.0,0.0,0.0,0.0
2024-01-30T22:00,3600,0.0,0.0,0.0,0.0,0.0,0.0,0.0,0.0,0.0
2024-01-30T23:00,3600,0.0,0.0,0.0,0.0,0.0,0.0,0.0,0.0,0.0
2024-01-31T00:00,3600,0.0,0.0,0.0,0.0,0.0,0.0,0.0,0.0,0.0
2024-01-31T01:00,3600,0.0,0.0,0.0,0.0,0.0,0.0,0.0,0.0,0.0
2024-01-31T02:00,3600,0.0,0.0,0.0,0.0,0.0,0.0,0.0,0.0,0.0
2024-01-31T03:00,3600,0.0,0.0,0.0,0.0,0.0,0.0,0.0,0.0,0.0
2024-01-31T04:00,3600,0.0,0.0,0.0,0.0,0.0,0.0,0.0,0.0,0.0
2024-01-31T05:00,3600,0.0,0.0,0.0,0.0,0.0,0.0,0.0,0.0,0.0
2024-01-31T06:00,3600,0.0,0.0,0.0,0.0,0.0,0.0,0.0,0.0,0.0
2024-01-31T07:00,3600,0.0,0.0,0.0,0.0,0.0,0.0,0.0,0.0,10.65022136
2024-01-31T08:00,3600,0.0,0.0,0.0,0.0,0.0,0.0,0.0,0.0,67.81990995
2024-01-31T09:00,3600,0.0,0.0,0.0,0.0,0.0,0.0,0.0,0.0,123.61414039
2024-01-31T10:00,3600,0.0,0.0,0.0,0.0,0.0,0.0,0.0,0.0,203.98471604
2024-01-31T11:00,3600,0.0,0.0,0.0,0.0,0.0,0.0,0.0,0.0,161.15902692
2024-01-31T12:00,3600,0.0,0.0,0.0,0.0,0.0,0.0,0.0,0.0,166.71929061
2024-01-31T13:00,3600,0.0,0.0,0.0,0.0,0.0,0.0,0.0,0.0,189.3847806
2024-01-31T14:00,3600,0.0,0.0,0.0,0.0,0.0,0.0,0.0,0.0,155.95088284
2024-01-31T15:00,3600,0.0,0.0,0.0,0.0,0.0,0.0,0.0,0.0,105.62797398
2024-01-31T16:00,3600,0.0,0.0,0.0,0.0,0.0,0.0,0.0,0.0,61.13065444
2024-01-31T17:00,3600,0.0,0.0,0.0,0.0,0.0,0.0,0.0,0.0,20.33224077
2024-01-31T18:00,3600,0.0,0.0,0.0,0.0,0.0,0.0,0.0,0.0,0.0
2024-01-31T19:00,3600,0.0,0.0,0.0,0.0,0.0,0.0,0.0,0.0,0.0
2024-01-31T20:00,3600,0.0,0.0,0.0,0.0,0.0,0.0,0.0,0.0,0.0
2024-01-31T21:00,3600,0.0,0.0,0.0,0.0,0.0,0.0,0.0,0.0,0.0
2024-01-31T22:00,3600,0.0,0.0,0.0,0.0,0.0,0.0,0.0,0.0,0.0
2024-01-31T23:00,3600,0.0,0.0,0.0,0.0,0.0,0.0,0.0,0.0,0.0
2024-02-01T00:00,3600,0.0,0.0,0.0,0.0,0.0,0.0,0.0,0.0,0.0
2024-02-01T01:00,3600,0.0,0.0,0.0,0.0,0.0,0.0,0.0,0.0,0.0
2024-02-01T02:00,3600,0.0,0.0,0.0,0.0,0.0,0.0,0.0,0.0,0.0
2024-02-01T03:00,3600,0.0,0.0,0.0,0.0,0.0,0.0,0.0,0.0,0.0
2024-02-01T04:00,3600,0.0,0.0,0.0,0.0,0.0,0.0,0.0,0.0,0.0
2024-02-01T05:00,3600,0.0,0.0,0.0,0.0,0.0,0.0,0.0,0.0,0.0
2024-02-01T06:00,3600,0.0,0.0,0.0,0.0,0.0,0.0,0.0,0.0,0.0
2024-02-01T07:00,3600,0.0,0.0,0.0,0.0,0.0,0.0,0.0,0.0,9.68201941
2024-02-01T08:00,3600,0.0,0.0,0.0,0.0,0.0,0.0,0.0,0.0,43.56908736
2024-02-01T09:00,3600,0.0,0.0,0.0,0.0,0.0,0.0,0.0,0.0,111.22545927
2024-02-01T10:00,3600,0.0,0.0,0.0,0.0,0.0,0.0,0.0,0.0,163.58911052
2024-02-01T11:00,3600,0.0,0.0,0.0,0.0,0.0,0.0,0.0,0.0,343.839829
2024-02-01T12:00,3600,0.0,0.0,0.0,0.0,0.0,0.0,0.0,0.0,368.873554
2024-02-01T13:00,3600,0.0,0.0,0.0,0.0,0.0,0.0,0.0,0.0,511.32022226
2024-02-01T14:00,3600,0.0,0.0,0.0,0.0,0.0,0.0,0.0,0.0,409.16314304
2024-02-01T15:00,3600,0.0,0.0,0.0,0.0,0.0,0.0,0.0,0.0,338.26555243
2024-02-01T16:00,3600,0.0,0.0,0.0,0.0,0.0,0.0,0.0,0.0,182.13385347
2024-02-01T17:00,3600,0.0,0.0,0.0,0.0,0.0,0.0,0.0,0.0,78.66454012
2024-02-01T18:00,3600,0.0,0.0,0.0,0.0,0.0,0.0,0.0,0.0,0.96820194
2024-02-01T19:00,3600,0.0,0.0,0.0,0.0,0.0,0.0,0.0,0.0,0.0
2024-02-01T20:00,3600,0.0,0.0,0.0,0.0,0.0,0.0,0.0,0.0,0.0
2024-02-01T21:00,3600,0.0,0.0,0.0,0.0,0.0,0.0,0.0,0.0,0.0
2024-02-01T22:00,3600,0.0,0.0,0.0,0.0,0.0,0.0,0.0,0.0,0.0
2024-02-01T23:00,3600,0.0,0.0,0.0,0.0,0.0,0.0,0.0,0.0,0.0
2024-02-02T00:00,3600,0.0,0.0,0.0,0.0,0.0,0.0,0.0,0.0,0.0
2024-02-02T01:00,3600,0.0,0.0,0.0,0.0,0.0,0.0,0.0,0.0,0.0
2024-02-02T02:00,3600,0.0,0.0,0.0,0.0,0.0,0.0,0.0,0.0,0.0
2024-02-02T03:00,3600,0.0,0.0,0.0,0.0,0.0,0.0,0.0,0.0,0.0
2024-02-02T04:00,3600,0.0,0.0,0.0,0.0,0.0,0.0,0.0,0.0,0.0
2024-02-02T05:00,3600,0.0,0.0,0.0,0.0,0.0,0.0,0.0,0.0,0.0
2024-02-02T06:00,3600,0.0,0.0,0.0,0.0,0.0,0.0,0.0,0.0,0.0
2024-02-02T07:00,3600,0.0,0.0,0.0,0.0,0.0,0.0,0.0,0.0,15.33268568
2024-02-02T08:00,3600,0.0,0.0,0.0,0.0,0.0,0.0,0.0,0.0,83.36298618
2024-02-02T09:00,3600,0.0,0.0,0.0,0.0,0.0,0.0,0.0,0.0,212.26576673
2024-02-02T10:00,3600,0.0,0.0,0.0,0.0,0.0,0.0,0.0,0.0,324.32591168
2024-02-02T11:00,3600,0.0,0.0,0.0,0.0,0.0,0.0,0.0,0.0,564.55181941
2024-02-02T12:00,3600,0.0,0.0,0.0,0.0,0.0,0.0,0.0,0.0,579.88259483
2024-02-02T13:00,3600,0.0,0.0,0.0,0.0,0.0,0.0,0.0,0.0,580.00692413
2024-02-02T14:00,3600,0.0,0.0,0.0,0.0,0.0,0.0,0.0,0.0,472.7583503
2024-02-02T15:00,3600,0.0,0.0,0.0,0.0,0.0,0.0,0.0,0.0,394.50433157
2024-02-02T16:00,3600,0.0,0.0,0.0,0.0,0.0,0.0,0.0,0.0,268.79333378
2024-02-02T17:00,3600,0.0,0.0,0.0,0.0,0.0,0.0,0.0,0.0,117.01672844
2024-02-02T18:00,3600,0.0,0.0,0.0,0.0,0.0,0.0,0.0,0.0,0.96820194
2024-02-02T19:00,3600,0.0,0.0,0.0,0.0,0.0,0.0,0.0,0.0,0.0
2024-02-02T20:00,3600,0.0,0.0,0.0,0.0,0.0,0.0,0.0,0.0,0.0
2024-02-02T21:00,3600,0.0,0.0,0.0,0.0,0.0,0.0,0.0,0.0,0.0
2024-02-02T22:00,3600,0.0,0.0,0.0,0.0,0.0,0.0,0.0,0.0,0.0
2024-02-02T23:00,3600,0.0,0.0,0.0,0.0,0.0,0.0,0.0,0.0,0.0
2024-02-03T00:00,3600,0.0,0.0,0.0,0.0,0.0,0.0,0.0,0.0,0.0
2024-02-03T01:00,3600,0.0,0.0,0.0,0.0,0.0,0.0,0.0,0.0,0.0
2024-02-03T02:00,3600,0.0,0.0,0.0,0.0,0.0,0.0,0.0,0.0,0.0
2024-02-03T03:00,3600,0.0,0.0,0.0,0.0,0.0,0.0,0.0,0.0,0.0
2024-02-03T04:00,3600,0.0,0.0,0.0,0.0,0.0,0.0,0.0,0.0,0.0
2024-02-03T05:00,3600,0.0,0.0,0.0,0.0,0.0,0.0,0.0,0.0,0.0
2024-02-03T06:00,3600,0.0,0.0,0.0,0.0,0.0,0.0,0.0,0.0,0.0
2024-02-03T07:00,3600,0.0,0.0,0.0,0.0,0.0,0.0,0.0,0.0,12.40622363
2024-02-03T08:00,3600,0.0,0.0,0.0,0.0,0.0,0.0,0.0,0.0,82.32830664
2024-02-03T09:00,3600,0.0,0.0,0.0,0.0,0.0,0.0,0.0,0.0,192.31819749
2024-02-03T10:00,3600,0.0,0.0,0.0,0.0,0.0,0.0,0.0,0.0,361.73570762
2024-02-03T11:00,3600,0.0,0.0,0.0,0.0,0.0,0.0,0.0,0.0,493.3059309
2024-02-03T12:00,3600,0.0,0.0,0.0,0.0,0.0,0.0,0.0,0.0,365.97297307
2024-02-03T13:00,3600,0.0,0.0,0.0,0.0,0.0,0.0,0.0,0.0,263.98789668
2024-02-03T14:00,3600,0.0,0.0,0.0,0.0,0.0,0.0,0.0,0.0,473.69370744
2024-02-03T15:00,3600,0.0,0.0,0.0,0.0,0.0,0.0,0.0,0.0,285.85662576
2024-02-03T16:00,3600,0.0,0.0,0.0,0.0,0.0,0.0,0.0,0.0,163.51287689
2024-02-03T17:00,3600,0.0,0.0,0.0,0.0,0.0,0.0,0.0,0.0,49.79270555
2024-02-03T18:00,3600,0.0,0.0,0.0,0.0,0.0,0.0,0.0,0.0,0.96820194
2024-02-03T19:00,3600,0.0,0.0,0.0,0.0,0.0,0.0,0.0,0.0,0.0
2024-02-03T20:00,3600,0.0,0.0,0.0,0.0,0.0,0.0,0.0,0.0,0.0
2024-02-03T21:00,3600,0.0,0.0,0.0,0.0,0.0,0.0,0.0,0.0,0.0
2024-02-03T22:00,3600,0.0,0.0,0.0,0.0,0.0,0.0,0.0,0.0,0.0
2024-02-03T23:00,3600,0.0,0.0,0.0,0.0,0.0,0.0,0.0,0.0,0.0
2024-02-04T00:00,3600,0.0,0.0,0.0,0.0,0.0,0.0,0.0,0.0,0.0
2024-02-04T01:00,3600,0.0,0.0,0.0,0.0,0.0,0.0,0.0,0.0,0.0
2024-02-04T02:00,3600,0.0,0.0,0.0,0.0,0.0,0.0,0.0,0.0,0.0
2024-02-04T03:00,3600,0.0,0.0,0.0,0.0,0.0,0.0,0.0,0.0,0.0
2024-02-04T04:00,3600,0.0,0.0,0.0,0.0,0.0,0.0,0.0,0.0,0.0
2024-02-04T05:00,3600,0.0,0.0,0.0,0.0,0.0,0.0,0.0,0.0,0.0
2024-02-04T06:00,3600,0.0,0.0,0.0,0.0,0.0,0.0,0.0,0.0,0.0
2024-02-04T07:00,3600,0.0,0.0,0.0,0.0,0.0,0.0,0.0,0.0,14.92654329
2024-02-04T08:00,3600,0.0,0.0,0.0,0.0,0.0,0.0,0.0,0.0,56.32328104
2024-02-04T09:00,3600,0.0,0.0,0.0,0.0,0.0,0.0,0.0,0.0,92.50943179
2024-02-04T10:00,3600,0.0,0.0,0.0,0.0,0.0,0.0,0.0,0.0,133.65039624
2024-02-04T11:00,3600,0.0,0.0,0.0,0.0,0.0,0.0,0.0,0.0,197.43628468
2024-02-04T12:00,3600,0.0,0.0,0.0,0.0,0.0,0.0,0.0,0.0,248.82281312
2024-02-04T13:00,3600,0.0,0.0,0.0,0.0,0.0,0.0,0.0,0.0,289.80559419
2024-02-04T14:00,3600,0.0,0.0,0.0,0.0,0.0,0.0,0.0,0.0,228.17663337
2024-02-04T15:00,3600,0.0,0.0,0.0,0.0,0.0,0.0,0.0,0.0,194.68527276
2024-02-04T16:00,3600,0.0,0.0,0.0,0.0,0.0,0.0,0.0,0.0,178.22548871
2024-02-04T17:00,3600,0.0,0.0,0.0,0.0,0.0,0.0,0.0,0.0,69.28582708
2024-02-04T18:00,3600,0.0,0.0,0.0,0.0,0.0,0.0,0.0,0.0,0.96820194
2024-02-04T19:00,3600,0.0,0.0,0.0,0.0,0.0,0.0,0.0,0.0,0.0
2024-02-04T20:00,3600,0.0,0.0,0.0,0.0,0.0,0.0,0.0,0.0,0.0
2024-02-04T21:00,3600,0.0,0.0,0.0,0.0,0.0,0.0,0.0,0.0,0.0
2024-02-04T22:00,3600,0.0,0.0,0.0,0.0,0.0,0.0,0.0,0.0,0.0
2024-02-04T23:00,3600,0.0,0.0,0.0,0.0,0.0,0.0,0.0,0.0,0.0
2024-02-05T00:00,3600,0.0,0.0,0.0,0.0,0.0,0.0,0.0,0.0,0.0
2024-02-05T01:00,3600,0.0,0.0,0.0,0.0,0.0,0.0,0.0,0.0,0.0
2024-02-05T02:00,3600,0.0,0.0,0.0,0.0,0.0,0.0,0.0,0.0,0.0
2024-02-05T03:00,3600,0.0,0.0,0.0,0.0,0.0,0.0,0.0,0.0,0.0
2024-02-05T04:00,3600,0.0,0.0,0.0,0.0,0.0,0.0,0.0,0.0,0.0
2024-02-05T05:00,3600,0.0,0.0,0.0,0.0,0.0,0.0,0.0,0.0,0.0
2024-02-05T06:00,3600,0.0,0.0,0.0,0.0,0.0,0.0,0.0,0.0,0.0
2024-02-05T07:00,3600,0.0,0.0,0.0,0.0,0.0,0.0,0.0,0.0,6.77741359
2024-02-05T08:00,3600,0.0,0.0,0.0,0.0,0.0,0.0,0.0,0.0,38.29236524
2024-02-05T09:00,3600,0.0,0.0,0.0,0.0,0.0,0.0,0.0,0.0,96.3966483
2024-02-05T10:00,3600,0.0,0.0,0.0,0.0,0.0,0.0,0.0,0.0,124.20494665
2024-02-05T11:00,3600,0.0,0.0,0.0,0.0,0.0,0.0,0.0,0.0,160.51809798
2024-02-05T12:00,3600,0.0,0.0,0.0,0.0,0.0,0.0,0.0,0.0,208.64282353
2024-02-05T13:00,3600,0.0,0.0,0.0,0.0,0.0,0.0,0.0,0.0,200.73477828
2024-02-05T14:00,3600,0.0,0.0,0.0,0.0,0.0,0.0,0.0,0.0,141.34655635
2024-02-05T15:00,3600,0.0,0.0,0.0,0.0,0.0,0.0,0.0,0.0,123.51601184
2024-02-05T16:00,3600,0.0,0.0,0.0,0.0,0.0,0.0,0.0,0.0,50.21917124
2024-02-05T17:00,3600,0.0,0.0,0.0,0.0,0.0,0.0,0.0,0.0,22.17613185
2024-02-05T18:00,3600,0.0,0.0,0.0,0.0,0.0,0.0,0.0,0.0,0.96820194
2024-02-05T19:00,3600,0.0,0.0,0.0,0.0,0.0,0.0,0.0,0.0,0.0
2024-02-05T20:00,3600,0.0,0.0,0.0,0.0,0.0,0.0,0.0,0.0,0.0
2024-02-05T21:00,3600,0.0,0.0,0.0,0.0,0.0,0.0,0.0,0.0,0.0
2024-02-05T22:00,3600,0.0,0.0,0.0,0.0,0.0,0.0,0.0,0.0,0.0
2024-02-05T23:00,3600,0.0,0.0,0.0,0.0,0.0,0.0,0.0,0.0,0.0
2024-02-06T00:00,3600,0.0,0.0,0.0,0.0,0.0,0.0,0.0,0.0,0.0
2024-02-06T01:00,3600,0.0,0.0,0.0,0.0,0.0,0.0,0.0,0.0,0.0
2024-02-06T02:00,3600,0.0,0.0,0.0,0.0,0.0,0.0,0.0,0.0,0.0
2024-02-06T03:00,3600,0.0,0.0,0.0,0.0,0.0,0.0,0.0,0.0,0.0
2024-02-06T04:00,3600,0.0,0.0,0.0,0.0,0.0,0.0,0.0,0.0,0.0
2024-02-06T05:00,3600,0.0,0.0,0.0,0.0,0.0,0.0,0.0,0.0,0.0
2024-02-06T06:00,3600,0.0,0.0,0.0,0.0,0.0,0.0,0.0,0.0,0.0
2024-02-06T07:00,3600,0.0,0.0,0.0,0.0,0.0,0.0,0.0,0.0,8.71381747
2024-02-06T08:00,3600,0.0,0.0,0.0,0.0,0.0,0.0,0.0,0.0,52.81666406
2024-02-06T09:00,3600,0.0,0.0,0.0,0.0,0.0,0.0,0.0,0.0,140.11374259
2024-02-06T10:00,3600,0.0,0.0,0.0,0.0,0.0,0.0,0.0,0.0,264.16888247
2024-02-06T11:00,3600,0.0,0.0,0.0,0.0,0.0,0.0,0.0,0.0,317.78119994
2024-02-06T12:00,3600,0.0,0.0,0.0,0.0,0.0,0.0,0.0,0.0,480.66069797
2024-02-06T13:00,3600,0.0,0.0,0.0,0.0,0.0,0.0,0.0,0.0,549.28927928
2024-02-06T14:00,3600,0.0,0.0,0.0,0.0,0.0,0.0,0.0,0.0,391.07267515
2024-02-06T15:00,3600,0.0,0.0,0.0,0.0,0.0,0.0,0.0,0.0,305.55066727
2024-02-06T16:00,3600,0.0,0.0,0.0,0.0,0.0,0.0,0.0,0.0,174.96540677
2024-02-06T17:00,3600,0.0,0.0,0.0,0.0,0.0,0.0,0.0,0.0,40.40628217
2024-02-06T18:00,3600,0.0,0.0,0.0,0.0,0.0,0.0,0.0,0.0,0.96820194
2024-02-06T19:00,3600,0.0,0.0,0.0,0.0,0.0,0.0,0.0,0.0,0.0
2024-02-06T20:00,3600,0.0,0.0,0.0,0.0,0.0,0.0,0.0,0.0,0.0
2024-02-06T21:00,3600,0.0,0.0,0.0,0.0,0.0,0.0,0.0,0.0,0.0
2024-02-06T22:00,3600,0.0,0.0,0.0,0.0,0.0,0.0,0.0,0.0,0.0
2024-02-06T23:00,3600,0.0,0.0,0.0,0.0,0.0,0.0,0.0,0.0,0.0
2024-02-07T00:00,3600,0.0,0.0,0.0,0.0,0.0,0.0,0.0,0.0,0.0
2024-02-07T01:00,3600,0.0,0.0,0.0,0.0,0.0,0.0,0.0,0.0,0.0
2024-02-07T02:00,3600,0.0,0.0,0.0,0.0,0.0,0.0,0.0,0.0,0.0
2024-02-07T03:00,3600,0.0,0.0,0.0,0.0,0.0,0.0,0.0,0.0,0.0
2024-02-07T04:00,3600,0.0,0.0,0.0,0.0,0.0,0.0,0.0,0.0,0.0
2024-02-07T05:00,3600,0.0,0.0,0.0,0.0,0.0,0.0,0.0,0.0,0.0
2024-02-07T06:00,3600,0.0,0.0,0.0,0.0,0.0,0.0,0.0,0.0,0.0
2024-02-07T07:00,3600,0.0,0.0,0.0,0.0,0.0,0.0,0.0,0.0,5.80921165
2024-02-07T08:00,3600,0.0,0.0,0.0,0.0,0.0,0.0,0.0,0.0,29.04605824
2024-02-07T09:00,3600,0.0,0.0,0.0,0.0,0.0,0.0,0.0,0.0,68.83739967
2024-02-07T10:00,3600,0.0,0.0,0.0,0.0,0.0,0.0,0.0,0.0,93.47866922
2024-02-07T11:00,3600,0.0,0.0,0.0,0.0,0.0,0.0,0.0,0.0,121.44683212
2024-02-07T12:00,3600,0.0,0.0,0.0,0.0,0.0,0.0,0.0,0.0,91.87988696
2024-02-07T13:00,3600,0.0,0.0,0.0,0.0,0.0,0.0,0.0,0.0,98.75659802
2024-02-07T14:00,3600,0.0,0.0,0.0,0.0,0.0,0.0,0.0,0.0,74.87500974
2024-02-07T15:00,3600,0.0,0.0,0.0,0.0,0.0,0.0,0.0,0.0,43.63874413
2024-02-07T16:00,3600,0.0,0.0,0.0,0.0,0.0,0.0,0.0,0.0,38.72807766
2024-02-07T17:00,3600,0.0,0.0,0.0,0.0,0.0,0.0,0.0,0.0,16.31787178
2024-02-07T18:00,3600,0.0,0.0,0.0,0.0,0.0,0.0,0.0,0.0,0.0
2024-02-07T19:00,3600,0.0,0.0,0.0,0.0,0.0,0.0,0.0,0.0,0.0
2024-02-07T20:00,3600,0.0,0.0,0.0,0.0,0.0,0.0,0.0,0.0,0.0
2024-02-07T21:00,3600,0.0,0.0,0.0,0.0,0.0,0.0,0.0,0.0,0.0
2024-02-07T22:00,3600,0.0,0.0,0.0,0.0,0.0,0.0,0.0,0.0,0.0
2024-02-07T23:00,3600,0.0,0.0,0.0,0.0,0.0,0.0,0.0,0.0,0.0
2024-02-08T00:00,3600,0.0,0.0,0.0,0.0,0.0,0.0,0.0,0.0,0.0
2024-02-08T01:00,3600,0.0,0.0,0.0,0.0,0.0,0.0,0.0,0.0,0.0
2024-02-08T02:00,3600,0.0,0.0,0.0,0.0,0.0,0.0,0.0,0.0,0.0
2024-02-08T03:00,3600,0.0,0.0,0.0,0.0,0.0,0.0,0.0,0.0,0.0
2024-02-08T04:00,3600,0.0,0.0,0.0,0.0,0.0,0.0,0.0,0.0,0.0
2024-02-08T05:00,3600,0.0,0.0,0.0,0.0,0.0,0.0,0.0,0.0,0.0
2024-02-08T06:00,3600,0.0,0.0,0.0,0.0,0.0,0.0,0.0,0.0,0.0
2024-02-08T07:00,3600,0.0,0.0,0.0,0.0,0.0,0.0,0.0,0.0,5.80921165
2024-02-08T08:00,3600,0.0,0.0,0.0,0.0,0.0,0.0,0.0,0.0,51.48910853
2024-02-08T09:00,3600,0.0,0.0,0.0,0.0,0.0,0.0,0.0,0.0,39.6962796
2024-02-08T10:00,3600,0.0,0.0,0.0,0.0,0.0,0.0,0.0,0.0,117.6736619
2024-02-08T11:00,3600,0.0,0.0,0.0,0.0,0.0,0.0,0.0,0.0,113.01670158
2024-02-08T12:00,3600,0.0,0.0,0.0,0.0,0.0,0.0,0.0,0.0,67.09745488
2024-02-08T13:00,3600,0.0,0.0,0.0,0.0,0.0,0.0,0.0,0.0,79.39255919
2024-02-08T14:00,3600,0.0,0.0,0.0,0.0,0.0,0.0,0.0,0.0,51.64027761
2024-02-08T15:00,3600,0.0,0.0,0.0,0.0,0.0,0.0,0.0,0.0,45.1861728
2024-02-08T16:00,3600,0.0,0.0,0.0,0.0,0.0,0.0,0.0,0.0,30.98246212
2024-02-08T17:00,3600,0.0,0.0,0.0,0.0,0.0,0.0,0.0,0.0,7.74561553
2024-02-08T18:00,3600,0.0,0.0,0.0,0.0,0.0,0.0,0.0,0.0,0.0
2024-02-08T19:00,3600,0.0,0.0,0.0,0.0,0.0,0.0,0.0,0.0,0.0
2024-02-08T20:00,3600,0.0,0.0,0.0,0.0,0.0,0.0,0.0,0.0,0.0
2024-02-08T21:00,3600,0.0,0.0,0.0,0.0,0.0,0.0,0.0,0.0,0.0
2024-02-08T22:00,3600,0.0,0.0,0.0,0.0,0.0,0.0,0.0,0.0,0.0
2024-02-08T23:00,3600,0.0,0.0,0.0,0.0,0.0,0.0,0.0,0.0,0.0
2024-02-09T00:00,3600,0.0,0.0,0.0,0.0,0.0,0.0,0.0,0.0,0.0
2024-02-09T01:00,3600,0.0,0.0,0.0,0.0,0.0,0.0,0.0,0.0,0.0
2024-02-09T02:00,3600,0.0,0.0,0.0,0.0,0.0,0.0,0.0,0.0,0.0
2024-02-09T03:00,3600,0.0,0.0,0.0,0.0,0.0,0.0,0.0,0.0,0.0
2024-02-09T04:00,3600,0.0,0.0,0.0,0.0,0.0,0.0,0.0,0.0,0.0
2024-02-09T05:00,3600,0.0,0.0,0.0,0.0,0.0,0.0,0.0,0.0,0.0
2024-02-09T06:00,3600,0.0,0.0,0.0,0.0,0.0,0.0,0.0,0.0,0.0
2024-02-09T07:00,3600,0.0,0.0,0.0,0.0,0.0,0.0,0.0,0.0,16.62338683
2024-02-09T08:00,3600,0.0,0.0,0.0,0.0,0.0,0.0,0.0,0.0,77.55649019
2024-02-09T09:00,3600,0.0,0.0,0.0,0.0,0.0,0.0,0.0,0.0,179.51268283
2024-02-09T10:00,3600,0.0,0.0,0.0,0.0,0.0,0.0,0.0,0.0,523.01080862
2024-02-09T11:00,3600,0.0,0.0,0.0,0.0,0.0,0.0,0.0,0.0,735.92868602
2024-02-09T12:00,3600,0.0,0.0,0.0,0.0,0.0,0.0,0.0,0.0,817.71777997
2024-02-09T13:00,3600,0.0,0.0,0.0,0.0,0.0,0.0,0.0,0.0,718.5775854
2024-02-09T14:00,3600,0.0,0.0,0.0,0.0,0.0,0.0,0.0,0.0,65.83773201
2024-02-09T15:00,3600,0.0,0.0,0.0,0.0,0.0,0.0,0.0,0.0,38.72807766
2024-02-09T16:00,3600,0.0,0.0,0.0,0.0,0.0,0.0,0.0,0.0,22.26864465
2024-02-09T17:00,3600,0.0,0.0,0.0,0.0,0.0,0.0,0.0,0.0,40.25583708
2024-02-09T18:00,3600,0.0,0.0,0.0,0.0,0.0,0.0,0.0,0.0,1.93640388
2024-02-09T19:00,3600,0.0,0.0,0.0,0.0,0.0,0.0,0.0,0.0,0.0
2024-02-09T20:00,3600,0.0,0.0,0.0,0.0,0.0,0.0,0.0,0.0,0.0
2024-02-09T21:00,3600,0.0,0.0,0.0,0.0,0.0,0.0,0.0,0.0,0.0
2024-02-09T22:00,3600,0.0,0.0,0.0,0.0,0.0,0.0,0.0,0.0,0.0
2024-02-09T23:00,3600,0.0,0.0,0.0,0.0,0.0,0.0,0.0,0.0,0.0
2024-02-10T00:00,3600,0.0,0.0,0.0,0.0,0.0,0.0,0.0,0.0,0.0
2024-02-10T01:00,3600,0.0,0.0,0.0,0.0,0.0,0.0,0.0,0.0,0.0
2024-02-10T02:00,3600,0.0,0.0,0.0,0.0,0.0,0.0,0.0,0.0,0.0
2024-02-10T03:00,3600,0.0,0.0,0.0,0.0,0.0,0.0,0.0,0.0,0.0
2024-02-10T04:00,3600,0.0,0.0,0.0,0.0,0.0,0.0,0.0,0.0,0.0
2024-02-10T05:00,3600,0.0,0.0,0.0,0.0,0.0,0.0,0.0,0.0,0.0
2024-02-10T06:00,3600,0.0,0.0,0.0,0.0,0.0,0.0,0.0,0.0,0.0
2024-02-10T07:00,3600,0.0,0.0,0.0,0.0,0.0,0.0,0.0,0.0,32.44586508
2024-02-10T08:00,3600,0.0,0.0,0.0,0.0,0.0,0.0,0.0,0.0,247.06593648
2024-02-10T09:00,3600,0.0,0.0,0.0,0.0,0.0,0.0,0.0,0.0,474.91701399
2024-02-10T10:00,3600,0.0,0.0,0.0,0.0,0.0,0.0,0.0,0.0,702.28835838
2024-02-10T11:00,3600,0.0,0.0,0.0,0.0,0.0,0.0,0.0,0.0,862.83209631
2024-02-10T12:00,3600,0.0,0.0,0.0,0.0,0.0,0.0,0.0,0.0,950.66106101
2024-02-10T13:00,3600,0.0,0.0,0.0,0.0,0.0,0.0,0.0,0.0,932.1592996
2024-02-10T14:00,3600,0.0,0.0,0.0,0.0,0.0,0.0,0.0,0.0,824.5857549
2024-02-10T15:00,3600,0.0,0.0,0.0,0.0,0.0,0.0,0.0,0.0,645.39962983
2024-02-10T16:00,3600,0.0,0.0,0.0,0.0,0.0,0.0,0.0,0.0,412.29577075
2024-02-10T17:00,3600,0.0,0.0,0.0,0.0,0.0,0.0,0.0,0.0,161.78338553
2024-02-10T18:00,3600,0.0,0.0,0.0,0.0,0.0,0.0,0.0,0.0,2.90460582
2024-02-10T19:00,3600,0.0,0.0,0.0,0.0,0.0,0.0,0.0,0.0,0.0
2024-02-10T20:00,3600,0.0,0.0,0.0,0.0,0.0,0.0,0.0,0.0,0.0
2024-02-10T21:00,3600,0.0,0.0,0.0,0.0,0.0,0.0,0.0,0.0,0.0
2024-02-10T22:00,3600,0.0,0.0,0.0,0.0,0.0,0.0,0.0,0.0,0.0
2024-02-10T23:00,3600,0.0,0.0,0.0,0.0,0.0,0.0,0.0,0.0,0.0
2024-02-11T00:00,3600,0.0,0.0,0.0,0.0,0.0,0.0,0.0,0.0,0.0
2024-02-11T01:00,3600,0.0,0.0,0.0,0.0,0.0,0.0,0.0,0.0,0.0
2024-02-11T02:00,3600,0.0,0.0,0.0,0.0,0.0,0.0,0.0,0.0,0.0
2024-02-11T03:00,3600,0.0,0.0,0.0,0.0,0.0,0.0,0.0,0.0,0.0
2024-02-11T04:00,3600,0.0,0.0,0.0,0.0,0.0,0.0,0.0,0.0,0.0
2024-02-11T05:00,3600,0.0,0.0,0.0,0.0,0.0,0.0,0.0,0.0,0.0
2024-02-11T06:00,3600,0.0,0.0,0.0,0.0,0.0,0.0,0.0,0.0,0.0
2024-02-11T07:00,3600,0.0,0.0,0.0,0.0,0.0,0.0,0.0,0.0,76.14417057
2024-02-11T08:00,3600,0.0,0.0,0.0,0.0,0.0,0.0,0.0,0.0,335.46398772
2024-02-11T09:00,3600,0.0,0.0,0.0,0.0,0.0,0.0,0.0,0.0,592.77865908
2024-02-11T10:00,3600,0.0,0.0,0.0,0.0,0.0,0.0,0.0,0.0,802.49322719
2024-02-11T11:00,3600,0.0,0.0,0.0,0.0,0.0,0.0,0.0,0.0,940.69496722
2024-02-11T12:00,3600,0.0,0.0,0.0,0.0,0.0,0.0,0.0,0.0,999.20869079
2024-02-11T13:00,3600,0.0,0.0,0.0,0.0,0.0,0.0,0.0,0.0,969.81584617
2024-02-11T14:00,3600,0.0,0.0,0.0,0.0,0.0,0.0,0.0,0.0,853.80984679
2024-02-11T15:00,3600,0.0,0.0,0.0,0.0,0.0,0.0,0.0,0.0,669.22309642
2024-02-11T16:00,3600,0.0,0.0,0.0,0.0,0.0,0.0,0.0,0.0,428.21562901
2024-02-11T17:00,3600,0.0,0.0,0.0,0.0,0.0,0.0,0.0,0.0,170.68801659
2024-02-11T18:00,3600,0.0,0.0,0.0,0.0,0.0,0.0,0.0,0.0,3.75871549
2024-02-11T19:00,3600,0.0,0.0,0.0,0.0,0.0,0.0,0.0,0.0,0.0
2024-02-11T20:00,3600,0.0,0.0,0.0,0.0,0.0,0.0,0.0,0.0,0.0
2024-02-11T21:00,3600,0.0,0.0,0.0,0.0,0.0,0.0,0.0,0.0,0.0
2024-02-11T22:00,3600,0.0,0.0,0.0,0.0,0.0,0.0,0.0,0.0,0.0
2024-02-11T23:00,3600,0.0,0.0,0.0,0.0,0.0,0.0,0.0,0.0,0.0
2024-02-12T00:00,3600,0.0,0.0,0.0,0.0,0.0,0.0,0.0,0.0,0.0
2024-02-12T01:00,3600,0.0,0.0,0.0,0.0,0.0,0.0,0.0,0.0,0.0
2024-02-12T02:00,3600,0.0,0.0,0.0,0.0,0.0,0.0,0.0,0.0,0.0
2024-02-12T03:00,3600,0.0,0.0,0.0,0.0,0.0,0.0,0.0,0.0,0.0
2024-02-12T04:00,3600,0.0,0.0,0.0,0.0,0.0,0.0,0.0,0.0,0.0
2024-02-12T05:00,3600,0.0,0.0,0.0,0.0,0.0,0.0,0.0,0.0,0.0
2024-02-12T06:00,3600,0.0,0.0,0.0,0.0,0.0,0.0,0.0,0.0,0.0
2024-02-12T07:00,3600,0.0,0.0,0.0,0.0,0.0,0.0,0.0,0.0,73.09550315
2024-02-12T08:00,3600,0.0,0.0,0.0,0.0,0.0,0.0,0.0,0.0,323.51647217
2024-02-12T09:00,3600,0.0,0.0,0.0,0.0,0.0,0.0,0.0,0.0,573.58490439
2024-02-12T10:00,3600,0.0,0.0,0.0,0.0,0.0,0.0,0.0,0.0,780.2175415
2024-02-12T11:00,3600,0.0,0.0,0.0,0.0,0.0,0.0,0.0,0.0,922.18418288
2024-02-12T12:00,3600,0.0,0.0,0.0,0.0,0.0,0.0,0.0,0.0,979.22209969
2024-02-12T13:00,3600,0.0,0.0,0.0,0.0,0.0,0.0,0.0,0.0,952.54353089
2024-02-12T14:00,3600,0.0,0.0,0.0,0.0,0.0,0.0,0.0,0.0,842.65285797
2024-02-12T15:00,3600,0.0,0.0,0.0,0.0,0.0,0.0,0.0,0.0,657.98739534
2024-02-12T16:00,3600,0.0,0.0,0.0,0.0,0.0,0.0,0.0,0.0,423.04701541
2024-02-12T17:00,3600,0.0,0.0,0.0,0.0,0.0,0.0,0.0,0.0,168.15903604
2024-02-12T18:00,3600,0.0,0.0,0.0,0.0,0.0,0.0,0.0,0.0,3.74192747
2024-02-12T19:00,3600,0.0,0.0,0.0,0.0,0.0,0.0,0.0,0.0,0.0
2024-02-12T20:00,3600,0.0,0.0,0.0,0.0,0.0,0.0,0.0,0.0,0.0
2024-02-12T21:00,3600,0.0,0.0,0.0,0.0,0.0,0.0,0.0,0.0,0.0
2024-02-12T22:00,3600,0.0,0.0,0.0,0.0,0.0,0.0,0.0,0.0,0.0
2024-02-12T23:00,3600,0.0,0.0,0.0,0.0,0.0,0.0,0.0,0.0,0.0
2024-02-13T00:00,3600,0.0,0.0,0.0,0.0,0.0,0.0,0.0,0.0,0.0
2024-02-13T01:00,3600,0.0,0.0,0.0,0.0,0.0,0.0,0.0,0.0,0.0
2024-02-13T02:00,3600,0.0,0.0,0.0,0.0,0.0,0.0,0.0,0.0,0.0
2024-02-13T03:00,3600,0.0,0.0,0.0,0.0,0.0,0.0,0.0,0.0,0.0
2024-02-13T04:00,3600,0.0,0.0,0.0,0.0,0.0,0.0,0.0,0.0,0.0
2024-02-13T05:00,3600,0.0,0.0,0.0,0.0,0.0,0.0,0.0,0.0,0.0
2024-02-13T06:00,3600,0.0,0.0,0.0,0.0,0.0,0.0,0.0,0.0,0.0
2024-02-13T07:00,3600,0.0,0.0,0.0,0.0,0.0,0.0,0.0,0.0,65.60026272
2024-02-13T08:00,3600,0.0,0.0,0.0,0.0,0.0,0.0,0.0,0.0,271.282141
2024-02-13T09:00,3600,0.0,0.0,0.0,0.0,0.0,0.0,0.0,0.0,508.41337027
2024-02-13T10:00,3600,0.0,0.0,0.0,0.0,0.0,0.0,0.0,0.0,715.52380363
2024-02-13T11:00,3600,0.0,0.0,0.0,0.0,0.0,0.0,0.0,0.0,862.58676286
2024-02-13T12:00,3600,0.0,0.0,0.0,0.0,0.0,0.0,0.0,0.0,883.47410252
2024-02-13T13:00,3600,0.0,0.0,0.0,0.0,0.0,0.0,0.0,0.0,589.17331141
2024-02-13T14:00,3600,0.0,0.0,0.0,0.0,0.0,0.0,0.0,0.0,561.26436876
2024-02-13T15:00,3600,0.0,0.0,0.0,0.0,0.0,0.0,0.0,0.0,347.27879814
2024-02-13T16:00,3600,0.0,0.0,0.0,0.0,0.0,0.0,0.0,0.0,307.51170593
2024-02-13T17:00,3600,0.0,0.0,0.0,0.0,0.0,0.0,0.0,0.0,103.56796225
2024-02-13T18:00,3600,0.0,0.0,0.0,0.0,0.0,0.0,0.0,0.0,2.90460582
2024-02-13T19:00,3600,0.0,0.0,0.0,0.0,0.0,0.0,0.0,0.0,0.0
2024-02-13T20:00,3600,0.0,0.0,0.0,0.0,0.0,0.0,0.0,0.0,0.0
2024-02-13T21:00,3600,0.0,0.0,0.0,0.0,0.0,0.0,0.0,0.0,0.0
2024-02-13T22:00,3600,0.0,0.0,0.0,0.0,0.0,0.0,0.0,0.0,0.0
2024-02-13T23:00,3600,0.0,0.0,0.0,0.0,0.0,0.0,0.0,0.0,0.0
2024-02-14T00:00,3600,0.0,0.0,0.0,0.0,0.0,0.0,0.0,0.0,0.0
2024-02-14T01:00,3600,0.0,0.0,0.0,0.0,0.0,0.0,0.0,0.0,0.0
2024-02-14T02:00,3600,0.0,0.0,0.0,0.0,0.0,0.0,0.0,0.0,0.0
2024-02-14T03:00,3600,0.0,0.0,0.0,0.0,0.0,0.0,0.0,0.0,0.0
2024-02-14T04:00,3600,0.0,0.0,0.0,0.0,0.0,0.0,0.0,0.0,0.0
2024-02-14T05:00,3600,0.0,0.0,0.0,0.0,0.0,0.0,0.0,0.0,0.0
2024-02-14T06:00,3600,0.0,0.0,0.0,0.0,0.0,0.0,0.0,0.0,0.0
2024-02-14T07:00,3600,0.0,0.0,0.0,0.0,0.0,0.0,0.0,0.0,52.87724714
2024-02-14T08:00,3600,0.0,0.0,0.0,0.0,0.0,0.0,0.0,0.0,244.99282466
2024-02-14T09:00,3600,0.0,0.0,0.0,0.0,0.0,0.0,0.0,0.0,467.23908555
2024-02-14T10:00,3600,0.0,0.0,0.0,0.0,0.0,0.0,0.0,0.0,677.66838464
2024-02-14T11:00,3600,0.0,0.0,0.0,0.0,0.0,0.0,0.0,0.0,771.70836127
2024-02-14T12:00,3600,0.0,0.0,0.0,0.0,0.0,0.0,0.0,0.0,518.29553975
2024-02-14T13:00,3600,0.0,0.0,0.0,0.0,0.0,0.0,0.0,0.0,467.34792371
2024-02-14T14:00,3600,0.0,0.0,0.0,0.0,0.0,0.0,0.0,0.0,320.80035689
2024-02-14T15:00,3600,0.0,0.0,0.0,0.0,0.0,0.0,0.0,0.0,246.14263843
2024-02-14T16:00,3600,0.0,0.0,0.0,0.0,0.0,0.0,0.0,0.0,142.67259783
2024-02-14T17:00,3600,0.0,0.0,0.0,0.0,0.0,0.0,0.0,0.0,89.09499422
2024-02-14T18:00,3600,0.0,0.0,0.0,0.0,0.0,0.0,0.0,0.0,2.90460582
2024-02-14T19:00,3600,0.0,0.0,0.0,0.0,0.0,0.0,0.0,0.0,0.0
2024-02-14T20:00,3600,0.0,0.0,0.0,0.0,0.0,0.0,0.0,0.0,0.0
2024-02-14T21:00,3600,0.0,0.0,0.0,0.0,0.0,0.0,0.0,0.0,0.0
2024-02-14T22:00,3600,0.0,0.0,0.0,0.0,0.0,0.0,0.0,0.0,0.0
2024-02-14T23:00,3600,0.0,0.0,0.0,0.0,0.0,0.0,0.0,0.0,0.0
2024-02-15T00:00,3600,0.0,0.0,0.0,0.0,0.0,0.0,0.0,0.0,0.0
2024-02-15T01:00,3600,0.0,0.0,0.0,0.0,0.0,0.0,0.0,0.0,0.0
2024-02-15T02:00,3600,0.0,0.0,0.0,0.0,0.0,0.0,0.0,0.0,0.0
2024-02-15T03:00,3600,0.0,0.0,0.0,0.0,0.0,0.0,0.0,0.0,0.0
2024-02-15T04:00,3600,0.0,0.0,0.0,0.0,0.0,0.0,0.0,0.0,0.0
2024-02-15T05:00,3600,0.0,0.0,0.0,0.0,0.0,0.0,0.0,0.0,0.0
2024-02-15T06:00,3600,0.0,0.0,0.0,0.0,0.0,0.0,0.0,0.0,0.0
2024-02-15T07:00,3600,0.0,0.0,0.0,0.0,0.0,0.0,0.0,0.0,52.29263883
2024-02-15T08:00,3600,0.0,0.0,0.0,0.0,0.0,0.0,0.0,0.0,214.34654364
2024-02-15T09:00,3600,0.0,0.0,0.0,0.0,0.0,0.0,0.0,0.0,398.60073744
2024-02-15T10:00,3600,0.0,0.0,0.0,0.0,0.0,0.0,0.0,0.0,591.92656399
2024-02-15T11:00,3600,0.0,0.0,0.0,0.0,0.0,0.0,0.0,0.0,644.479439
2024-02-15T12:00,3600,0.0,0.0,0.0,0.0,0.0,0.0,0.0,0.0,692.72491426
2024-02-15T13:00,3600,0.0,0.0,0.0,0.0,0.0,0.0,0.0,0.0,769.89763475
2024-02-15T14:00,3600,0.0,0.0,0.0,0.0,0.0,0.0,0.0,0.0,583.03530335
2024-02-15T15:00,3600,0.0,0.0,0.0,0.0,0.0,0.0,0.0,0.0,348.87274747
2024-02-15T16:00,3600,0.0,0.0,0.0,0.0,0.0,0.0,0.0,0.0,205.7275711
2024-02-15T17:00,3600,0.0,0.0,0.0,0.0,0.0,0.0,0.0,0.0,81.24367988
2024-02-15T18:00,3600,0.0,0.0,0.0,0.0,0.0,0.0,0.0,0.0,2.90460582
2024-02-15T19:00,3600,0.0,0.0,0.0,0.0,0.0,0.0,0.0,0.0,0.0
2024-02-15T20:00,3600,0.0,0.0,0.0,0.0,0.0,0.0,0.0,0.0,0.0
2024-02-15T21:00,3600,0.0,0.0,0.0,0.0,0.0,0.0,0.0,0.0,0.0
2024-02-15T22:00,3600,0.0,0.0,0.0,0.0,0.0,0.0,0.0,0.0,0.0
2024-02-15T23:00,3600,0.0,0.0,0.0,0.0,0.0,0.0,0.0,0.0,0.0
2024-02-16T00:00,3600,0.0,0.0,0.0,0.0,0.0,0.0,0.0,0.0,0.0
2024-02-16T01:00,3600,0.0,0.0,0.0,0.0,0.0,0.0,0.0,0.0,0.0
2024-02-16T02:00,3600,0.0,0.0,0.0,0.0,0.0,0.0,0.0,0.0,0.0
2024-02-16T03:00,3600,0.0,0.0,0.0,0.0,0.0,0.0,0.0,0.0,0.0
2024-02-16T04:00,3600,0.0,0.0,0.0,0.0,0.0,0.0,0.0,0.0,0.0
2024-02-16T05:00,3600,0.0,0.0,0.0,0.0,0.0,0.0,0.0,0.0,0.0
2024-02-16T06:00,3600,0.0,0.0,0.0,0.0,0.0,0.0,0.0,0.0,0.0
2024-02-16T07:00,3600,0.0,0.0,0.0,0.0,0.0,0.0,0.0,0.0,50.73101405
2024-02-16T08:00,3600,0.0,0.0,0.0,0.0,0.0,0.0,0.0,0.0,157.63956255
2024-02-16T09:00,3600,0.0,0.0,0.0,0.0,0.0,0.0,0.0,0.0,298.72139893
2024-02-16T10:00,3600,0.0,0.0,0.0,0.0,0.0,0.0,0.0,0.0,498.92764869
2024-02-16T11:00,3600,0.0,0.0,0.0,0.0,0.0,0.0,0.0,0.0,776.77970643
2024-02-16T12:00,3600,0.0,0.0,0.0,0.0,0.0,0.0,0.0,0.0,882.28531643
2024-02-16T13:00,3600,0.0,0.0,0.0,0.0,0.0,0.0,0.0,0.0,840.74657615
2024-02-16T14:00,3600,0.0,0.0,0.0,0.0,0.0,0.0,0.0,0.0,728.27435536
2024-02-16T15:00,3600,0.0,0.0,0.0,0.0,0.0,0.0,0.0,0.0,535.4367635
2024-02-16T16:00,3600,0.0,0.0,0.0,0.0,0.0,0.0,0.0,0.0,336.86132916
2024-02-16T17:00,3600,0.0,0.0,0.0,0.0,0.0,0.0,0.0,0.0,116.18851572
2024-02-16T18:00,3600,0.0,0.0,0.0,0.0,0.0,0.0,0.0,0.0,3.87280777
2024-02-16T19:00,3600,0.0,0.0,0.0,0.0,0.0,0.0,0.0,0.0,0.0
2024-02-16T20:00,3600,0.0,0.0,0.0,0.0,0.0,0.0,0.0,0.0,0.0
2024-02-16T21:00,3600,0.0,0.0,0.0,0.0,0.0,0.0,0.0,0.0,0.0
2024-02-16T22:00,3600,0.0,0.0,0.0,0.0,0.0,0.0,0.0,0.0,0.0
2024-02-16T23:00,3600,0.0,0.0,0.0,0.0,0.0,0.0,0.0,0.0,0.0
2024-02-17T00:00,3600,0.0,0.0,0.0,0.0,0.0,0.0,0.0,0.0,0.0
2024-02-17T01:00,3600,0.0,0.0,0.0,0.0,0.0,0.0,0.0,0.0,0.0
2024-02-17T02:00,3600,0.0,0.0,0.0,0.0,0.0,0.0,0.0,0.0,0.0
2024-02-17T03:00,3600,0.0,0.0,0.0,0.0,0.0,0.0,0.0,0.0,0.0
2024-02-17T04:00,3600,0.0,0.0,0.0,0.0,0.0,0.0,0.0,0.0,0.0
2024-02-17T05:00,3600,0.0,0.0,0.0,0.0,0.0,0.0,0.0,0.0,0.0
2024-02-17T06:00,3600,0.0,0.0,0.0,0.0,0.0,0.0,0.0,0.0,0.0
2024-02-17T07:00,3600,0.0,0.0,0.0,0.0,0.0,0.0,0.0,0.0,22.63696387
2024-02-17T08:00,3600,0.0,0.0,0.0,0.0,0.0,0.0,0.0,0.0,93.40816146
2024-02-17T09:00,3600,0.0,0.0,0.0,0.0,0.0,0.0,0.0,0.0,175.40264707
2024-02-17T10:00,3600,0.0,0.0,0.0,0.0,0.0,0.0,0.0,0.0,385.21061678
2024-02-17T11:00,3600,0.0,0.0,0.0,0.0,0.0,0.0,0.0,0.0,494.56348496
2024-02-17T12:00,3600,0.0,0.0,0.0,0.0,0.0,0.0,0.0,0.0,354.09793947
2024-02-17T13:00,3600,0.0,0.0,0.0,0.0,0.0,0.0,0.0,0.0,264.14392805
2024-02-17T14:00,3600,0.0,0.0,0.0,0.0,0.0,0.0,0.0,0.0,259.79448354
2024-02-17T15:00,3600,0.0,0.0,0.0,0.0,0.0,0.0,0.0,0.0,240.95499202
2024-02-17T16:00,3600,0.0,0.0,0.0,0.0,0.0,0.0,0.0,0.0,147.51217985
2024-02-17T17:00,3600,0.0,0.0,0.0,0.0,0.0,0.0,0.0,0.0,71.8252555
2024-02-17T18:00,3600,0.0,0.0,0.0,0.0,0.0,0.0,0.0,0.0,1.93640388
2024-02-17T19:00,3600,0.0,0.0,0.0,0.0,0.0,0.0,0.0,0.0,0.0
2024-02-17T20:00,3600,0.0,0.0,0.0,0.0,0.0,0.0,0.0,0.0,0.0
2024-02-17T21:00,3600,0.0,0.0,0.0,0.0,0.0,0.0,0.0,0.0,0.0
2024-02-17T22:00,3600,0.0,0.0,0.0,0.0,0.0,0.0,0.0,0.0,0.0
2024-02-17T23:00,3600,0.0,0.0,0.0,0.0,0.0,0.0,0.0,0.0,0.0
2024-02-18T00:00,3600,0.0,0.0,0.0,0.0,0.0,0.0,0.0,0.0,0.0
2024-02-18T01:00,3600,0.0,0.0,0.0,0.0,0.0,0.0,0.0,0.0,0.0
2024-02-18T02:00,3600,0.0,0.0,0.0,0.0,0.0,0.0,0.0,0.0,0.0
2024-02-18T03:00,3600,0.0,0.0,0.0,0.0,0.0,0.0,0.0,0.0,0.0
2024-02-18T04:00,3600,0.0,0.0,0.0,0.0,0.0,0.0,0.0,0.0,0.0
2024-02-18T05:00,3600,0.0,0.0,0.0,0.0,0.0,0.0,0.0,0.0,0.0
2024-02-18T06:00,3600,0.0,0.0,0.0,0.0,0.0,0.0,0.0,0.0,0.0
2024-02-18T07:00,3600,0.0,0.0,0.0,0.0,0.0,0.0,0.0,0.0,23.95850768
2024-02-18T08:00,3600,0.0,0.0,0.0,0.0,0.0,0.0,0.0,0.0,72.31040439
2024-02-18T09:00,3600,0.0,0.0,0.0,0.0,0.0,0.0,0.0,0.0,117.72927165
2024-02-18T10:00,3600,0.0,0.0,0.0,0.0,0.0,0.0,0.0,0.0,354.45066072
2024-02-18T11:00,3600,0.0,0.0,0.0,0.0,0.0,0.0,0.0,0.0,577.02408735
2024-02-18T12:00,3600,0.0,0.0,0.0,0.0,0.0,0.0,0.0,0.0,537.66080408
2024-02-18T13:00,3600,0.0,0.0,0.0,0.0,0.0,0.0,0.0,0.0,521.2948592
2024-02-18T14:00,3600,0.0,0.0,0.0,0.0,0.0,0.0,0.0,0.0,503.10842675
2024-02-18T15:00,3600,0.0,0.0,0.0,0.0,0.0,0.0,0.0,0.0,418.29799119
2024-02-18T16:00,3600,0.0,0.0,0.0,0.0,0.0,0.0,0.0,0.0,294.2778756
2024-02-18T17:00,3600,0.0,0.0,0.0,0.0,0.0,0.0,0.0,0.0,142.7309261
2024-02-18T18:00,3600,0.0,0.0,0.0,0.0,0.0,0.0,0.0,0.0,4.60378412
2024-02-18T19:00,3600,0.0,0.0,0.0,0.0,0.0,0.0,0.0,0.0,0.0
2024-02-18T20:00,3600,0.0,0.0,0.0,0.0,0.0,0.0,0.0,0.0,0.0
2024-02-18T21:00,3600,0.0,0.0,0.0,0.0,0.0,0.0,0.0,0.0,0.0
2024-02-18T22:00,3600,0.0,0.0,0.0,0.0,0.0,0.0,0.0,0.0,0.0
2024-02-18T23:00,3600,0.0,0.0,0.0,0.0,0.0,0.0,0.0,0.0,0.0
2024-02-19T00:00,3600,0.0,0.0,0.0,0.0,0.0,0.0,0.0,0.0,0.0
2024-02-19T01:00,3600,0.0,0.0,0.0,0.0,0.0,0.0,0.0,0.0,0.0
2024-02-19T02:00,3600,0.0,0.0,0.0,0.0,0.0,0.0,0.0,0.0,0.0
2024-02-19T03:00,3600,0.0,0.0,0.0,0.0,0.0,0.0,0.0,0.0,0.0
2024-02-19T04:00,3600,0.0,0.0,0.0,0.0,0.0,0.0,0.0,0.0,0.0
2024-02-19T05:00,3600,0.0,0.0,0.0,0.0,0.0,0.0,0.0,0.0,0.0
2024-02-19T06:00,3600,0.0,0.0,0.0,0.0,0.0,0.0,0.0,0.0,0.0
2024-02-19T07:00,3600,0.0,0.0,0.0,0.0,0.0,0.0,0.0,0.0,30.70830956
2024-02-19T08:00,3600,0.0,0.0,0.0,0.0,0.0,0.0,0.0,0.0,138.43729162
2024-02-19T09:00,3600,0.0,0.0,0.0,0.0,0.0,0.0,0.0,0.0,235.70076307
2024-02-19T10:00,3600,0.0,0.0,0.0,0.0,0.0,0.0,0.0,0.0,323.88980184
2024-02-19T11:00,3600,0.0,0.0,0.0,0.0,0.0,0.0,0.0,0.0,354.46415328
2024-02-19T12:00,3600,0.0,0.0,0.0,0.0,0.0,0.0,0.0,0.0,395.4959322
2024-02-19T13:00,3600,0.0,0.0,0.0,0.0,0.0,0.0,0.0,0.0,316.92581602
2024-02-19T14:00,3600,0.0,0.0,0.0,0.0,0.0,0.0,0.0,0.0,352.50977315
2024-02-19T15:00,3600,0.0,0.0,0.0,0.0,0.0,0.0,0.0,0.0,234.20588599
2024-02-19T16:00,3600,0.0,0.0,0.0,0.0,0.0,0.0,0.0,0.0,167.15944354
2024-02-19T17:00,3600,0.0,0.0,0.0,0.0,0.0,0.0,0.0,0.0,78.7793003
2024-02-19T18:00,3600,0.0,0.0,0.0,0.0,0.0,0.0,0.0,0.0,4.58569208
2024-02-19T19:00,3600,0.0,0.0,0.0,0.0,0.0,0.0,0.0,0.0,0.0
2024-02-19T20:00,3600,0.0,0.0,0.0,0.0,0.0,0.0,0.0,0.0,0.0
2024-02-19T21:00,3600,0.0,0.0,0.0,0.0,0.0,0.0,0.0,0.0,0.0
2024-02-19T22:00,3600,0.0,0.0,0.0,0.0,0.0,0.0,0.0,0.0,0.0
2024-02-19T23:00,3600,0.0,0.0,0.0,0.0,0.0,0.0,0.0,0.0,0.0
2024-02-20T00:00,3600,0.0,0.0,0.0,0.0,0.0,0.0,0.0,0.0,0.0
2024-02-20T01:00,3600,0.0,0.0,0.0,0.0,0.0,0.0,0.0,0.0,0.0
2024-02-20T02:00,3600,0.0,0.0,0.0,0.0,0.0,0.0,0.0,0.0,0.0
2024-02-20T03:00,3600,0.0,0.0,0.0,0.0,0.0,0.0,0.0,0.0,0.0
2024-02-20T04:00,3600,0.0,0.0,0.0,0.0,0.0,0.0,0.0,0.0,0.0
2024-02-20T05:00,3600,0.0,0.0,0.0,0.0,0.0,0.0,0.0,0.0,0.0
2024-02-20T06:00,3600,0.0,0.0,0.0,0.0,0.0,0.0,0.0,0.0,0.0
2024-02-20T07:00,3600,0.0,0.0,0.0,0.0,0.0,0.0,0.0,0.0,16.9976096
2024-02-20T08:00,3600,0.0,0.0,0.0,0.0,0.0,0.0,0.0,0.0,93.83506306
2024-02-20T09:00,3600,0.0,0.0,0.0,0.0,0.0,0.0,0.0,0.0,371.14146956
2024-02-20T10:00,3600,0.0,0.0,0.0,0.0,0.0,0.0,0.0,0.0,538.97581655
2024-02-20T11:00,3600,0.0,0.0,0.0,0.0,0.0,0.0,0.0,0.0,577.43180583
2024-02-20T12:00,3600,0.0,0.0,0.0,0.0,0.0,0.0,0.0,0.0,454.69300357
2024-02-20T13:00,3600,0.0,0.0,0.0,0.0,0.0,0.0,0.0,0.0,577.36871627
2024-02-20T14:00,3600,0.0,0.0,0.0,0.0,0.0,0.0,0.0,0.0,450.46171507
2024-02-20T15:00,3600,0.0,0.0,0.0,0.0,0.0,0.0,0.0,0.0,410.67209942
2024-02-20T16:00,3600,0.0,0.0,0.0,0.0,0.0,0.0,0.0,0.0,245.92678096
2024-02-20T17:00,3600,0.0,0.0,0.0,0.0,0.0,0.0,0.0,0.0,108.35466627
2024-02-20T18:00,3600,0.0,0.0,0.0,0.0,0.0,0.0,0.0,0.0,4.57150686
2024-02-20T19:00,3600,0.0,0.0,0.0,0.0,0.0,0.0,0.0,0.0,0.0
2024-02-20T20:00,3600,0.0,0.0,0.0,0.0,0.0,0.0,0.0,0.0,0.0
2024-02-20T21:00,3600,0.0,0.0,0.0,0.0,0.0,0.0,0.0,0.0,0.0
2024-02-20T22:00,3600,0.0,0.0,0.0,0.0,0.0,0.0,0.0,0.0,0.0
2024-02-20T23:00,3600,0.0,0.0,0.0,0.0,0.0,0.0,0.0,0.0,0.0
2024-02-21T00:00,3600,0.0,0.0,0.0,0.0,0.0,0.0,0.0,0.0,0.0
2024-02-21T01:00,3600,0.0,0.0,0.0,0.0,0.0,0.0,0.0,0.0,0.0
2024-02-21T02:00,3600,0.0,0.0,0.0,0.0,0.0,0.0,0.0,0.0,0.0
2024-02-21T03:00,3600,0.0,0.0,0.0,0.0,0.0,0.0,0.0,0.0,0.0
2024-02-21T04:00,3600,0.0,0.0,0.0,0.0,0.0,0.0,0.0,0.0,0.0
2024-02-21T05:00,3600,0.0,0.0,0.0,0.0,0.0,0.0,0.0,0.0,0.0
2024-02-21T06:00,3600,0.0,0.0,0.0,0.0,0.0,0.0,0.0,0.0,0.0
2024-02-21T07:00,3600,0.0,0.0,0.0,0.0,0.0,0.0,0.0,0.0,34.23552509
2024-02-21T08:00,3600,0.0,0.0,0.0,0.0,0.0,0.0,0.0,0.0,149.61455513
2024-02-21T09:00,3600,0.0,0.0,0.0,0.0,0.0,0.0,0.0,0.0,406.55013224
2024-02-21T10:00,3600,0.0,0.0,0.0,0.0,0.0,0.0,0.0,0.0,535.83899648
2024-02-21T11:00,3600,0.0,0.0,0.0,0.0,0.0,0.0,0.0,0.0,620.80145939
2024-02-21T12:00,3600,0.0,0.0,0.0,0.0,0.0,0.0,0.0,0.0,619.05595572
2024-02-21T13:00,3600,0.0,0.0,0.0,0.0,0.0,0.0,0.0,0.0,584.77193703
2024-02-21T14:00,3600,0.0,0.0,0.0,0.0,0.0,0.0,0.0,0.0,432.35355858
2024-02-21T15:00,3600,0.0,0.0,0.0,0.0,0.0,0.0,0.0,0.0,539.01306714
2024-02-21T16:00,3600,0.0,0.0,0.0,0.0,0.0,0.0,0.0,0.0,339.20090631
2024-02-21T17:00,3600,0.0,0.0,0.0,0.0,0.0,0.0,0.0,0.0,146.31621973
2024-02-21T18:00,3600,0.0,0.0,0.0,0.0,0.0,0.0,0.0,0.0,6.48862555
2024-02-21T19:00,3600,0.0,0.0,0.0,0.0,0.0,0.0,0.0,0.0,0.0
2024-02-21T20:00,3600,0.0,0.0,0.0,0.0,0.0,0.0,0.0,0.0,0.0
2024-02-21T21:00,3600,0.0,0.0,0.0,0.0,0.0,0.0,0.0,0.0,0.0
2024-02-21T22:00,3600,0.0,0.0,0.0,0.0,0.0,0.0,0.0,0.0,0.0
2024-02-21T23:00,3600,0.0,0.0,0.0,0.0,0.0,0.0,0.0,0.0,0.0
2024-02-22T00:00,3600,0.0,0.0,0.0,0.0,0.0,0.0,0.0,0.0,0.0
2024-02-22T01:00,3600,0.0,0.0,0.0,0.0,0.0,0.0,0.0,0.0,0.0
2024-02-22T02:00,3600,0.0,0.0,0.0,0.0,0.0,0.0,0.0,0.0,0.0
2024-02-22T03:00,3600,0.0,0.0,0.0,0.0,0.0,0.0,0.0,0.0,0.0
2024-02-22T04:00,3600,0.0,0.0,0.0,0.0,0.0,0.0,0.0,0.0,0.0
2024-02-22T05:00,3600,0.0,0.0,0.0,0.0,0.0,0.0,0.0,0.0,0.0
2024-02-22T06:00,3600,0.0,0.0,0.0,0.0,0.0,0.0,0.0,0.0,0.0
2024-02-22T07:00,3600,0.0,0.0,0.0,0.0,0.0,0.0,0.0,0.0,9.68201941
2024-02-22T08:00,3600,0.0,0.0,0.0,0.0,0.0,0.0,0.0,0.0,41.63268348
2024-02-22T09:00,3600,0.0,0.0,0.0,0.0,0.0,0.0,0.0,0.0,65.83773201
2024-02-22T10:00,3600,0.0,0.0,0.0,0.0,0.0,0.0,0.0,0.0,267.56309964
2024-02-22T11:00,3600,0.0,0.0,0.0,0.0,0.0,0.0,0.0,0.0,318.24540516
2024-02-22T12:00,3600,0.0,0.0,0.0,0.0,0.0,0.0,0.0,0.0,292.76764935
2024-02-22T13:00,3600,0.0,0.0,0.0,0.0,0.0,0.0,0.0,0.0,301.25829071
2024-02-22T14:00,3600,0.0,0.0,0.0,0.0,0.0,0.0,0.0,0.0,250.49360358
2024-02-22T15:00,3600,0.0,0.0,0.0,0.0,0.0,0.0,0.0,0.0,239.53683661
2024-02-22T16:00,3600,0.0,0.0,0.0,0.0,0.0,0.0,0.0,0.0,247.0885518
2024-02-22T17:00,3600,0.0,0.0,0.0,0.0,0.0,0.0,0.0,0.0,77.98383645
2024-02-22T18:00,3600,0.0,0.0,0.0,0.0,0.0,0.0,0.0,0.0,4.84100971
2024-02-22T19:00,3600,0.0,0.0,0.0,0.0,0.0,0.0,0.0,0.0,0.0
2024-02-22T20:00,3600,0.0,0.0,0.0,0.0,0.0,0.0,0.0,0.0,0.0
2024-02-22T21:00,3600,0.0,0.0,0.0,0.0,0.0,0.0,0.0,0.0,0.0
2024-02-22T22:00,3600,0.0,0.0,0.0,0.0,0.0,0.0,0.0,0.0,0.0
2024-02-22T23:00,3600,0.0,0.0,0.0,0.0,0.0,0.0,0.0,0.0,0.0
2024-02-23T00:00,3600,0.0,0.0,0.0,0.0,0.0,0.0,0.0,0.0,0.0
2024-02-23T01:00,3600,0.0,0.0,0.0,0.0,0.0,0.0,0.0,0.0,0.0
2024-02-23T02:00,3600,0.0,0.0,0.0,0.0,0.0,0.0,0.0,0.0,0.0
2024-02-23T03:00,3600,0.0,0.0,0.0,0.0,0.0,0.0,0.0,0.0,0.0
2024-02-23T04:00,3600,0.0,0.0,0.0,0.0,0.0,0.0,0.0,0.0,0.0
2024-02-23T05:00,3600,0.0,0.0,0.0,0.0,0.0,0.0,0.0,0.0,0.0
2024-02-23T06:00,3600,0.0,0.0,0.0,0.0,0.0,0.0,0.0,0.0,0.0
2024-02-23T07:00,3600,0.0,0.0,0.0,0.0,0.0,0.0,0.0,0.0,9.68201941
2024-02-23T08:00,3600,0.0,0.0,0.0,0.0,0.0,0.0,0.0,0.0,44.5372893
2024-02-23T09:00,3600,0.0,0.0,0.0,0.0,0.0,0.0,0.0,0.0,139.57547381
2024-02-23T10:00,3600,0.0,0.0,0.0,0.0,0.0,0.0,0.0,0.0,207.5669999
2024-02-23T11:00,3600,0.0,0.0,0.0,0.0,0.0,0.0,0.0,0.0,267.72458063
2024-02-23T12:00,3600,0.0,0.0,0.0,0.0,0.0,0.0,0.0,0.0,339.04591769
2024-02-23T13:00,3600,0.0,0.0,0.0,0.0,0.0,0.0,0.0,0.0,251.3281612
2024-02-23T14:00,3600,0.0,0.0,0.0,0.0,0.0,0.0,0.0,0.0,233.0170563
2024-02-23T15:00,3600,0.0,0.0,0.0,0.0,0.0,0.0,0.0,0.0,177.35968055
2024-02-23T16:00,3600,0.0,0.0,0.0,0.0,0.0,0.0,0.0,0.0,112.36609763
2024-02-23T17:00,3600,0.0,0.0,0.0,0.0,0.0,0.0,0.0,0.0,61.54267527
2024-02-23T18:00,3600,0.0,0.0,0.0,0.0,0.0,0.0,0.0,0.0,3.54842137
2024-02-23T19:00,3600,0.0,0.0,0.0,0.0,0.0,0.0,0.0,0.0,0.0
2024-02-23T20:00,3600,0.0,0.0,0.0,0.0,0.0,0.0,0.0,0.0,0.0
2024-02-23T21:00,3600,0.0,0.0,0.0,0.0,0.0,0.0,0.0,0.0,0.0
2024-02-23T22:00,3600,0.0,0.0,0.0,0.0,0.0,0.0,0.0,0.0,0.0
2024-02-23T23:00,3600,0.0,0.0,0.0,0.0,0.0,0.0,0.0,0.0,0.0
2024-02-24T00:00,3600,0.0,0.0,0.0,0.0,0.0,0.0,0.0,0.0,0.0
2024-02-24T01:00,3600,0.0,0.0,0.0,0.0,0.0,0.0,0.0,0.0,0.0
2024-02-24T02:00,3600,0.0,0.0,0.0,0.0,0.0,0.0,0.0,0.0,0.0
2024-02-24T03:00,3600,0.0,0.0,0.0,0.0,0.0,0.0,0.0,0.0,0.0
2024-02-24T04:00,3600,0.0,0.0,0.0,0.0,0.0,0.0,0.0,0.0,0.0
2024-02-24T05:00,3600,0.0,0.0,0.0,0.0,0.0,0.0,0.0,0.0,0.0
2024-02-24T06:00,3600,0.0,0.0,0.0,0.0,0.0,0.0,0.0,0.0,0.0
2024-02-24T07:00,3600,0.0,0.0,0.0,0.0,0.0,0.0,0.0,0.0,19.39008637
2024-02-24T08:00,3600,0.0,0.0,0.0,0.0,0.0,0.0,0.0,0.0,51.36291006
2024-02-24T09:00,3600,0.0,0.0,0.0,0.0,0.0,0.0,0.0,0.0,91.2462667
2024-02-24T10:00,3600,0.0,0.0,0.0,0.0,0.0,0.0,0.0,0.0,155.31981252
2024-02-24T11:00,3600,0.0,0.0,0.0,0.0,0.0,0.0,0.0,0.0,159.07787576
2024-02-24T12:00,3600,0.0,0.0,0.0,0.0,0.0,0.0,0.0,0.0,124.89805044
2024-02-24T13:00,3600,0.0,0.0,0.0,0.0,0.0,0.0,0.0,0.0,156.17434211
2024-02-24T14:00,3600,0.0,0.0,0.0,0.0,0.0,0.0,0.0,0.0,107.91054779
2024-02-24T15:00,3600,0.0,0.0,0.0,0.0,0.0,0.0,0.0,0.0,122.26900473
2024-02-24T16:00,3600,0.0,0.0,0.0,0.0,0.0,0.0,0.0,0.0,58.09211648
2024-02-24T17:00,3600,0.0,0.0,0.0,0.0,0.0,0.0,0.0,0.0,20.33224077
2024-02-24T18:00,3600,0.0,0.0,0.0,0.0,0.0,0.0,0.0,0.0,0.96820194
2024-02-24T19:00,3600,0.0,0.0,0.0,0.0,0.0,0.0,0.0,0.0,0.0
2024-02-24T20:00,3600,0.0,0.0,0.0,0.0,0.0,0.0,0.0,0.0,0.0
2024-02-24T21:00,3600,0.0,0.0,0.0,0.0,0.0,0.0,0.0,0.0,0.0
2024-02-24T22:00,3600,0.0,0.0,0.0,0.0,0.0,0.0,0.0,0.0,0.0
2024-02-24T23:00,3600,0.0,0.0,0.0,0.0,0.0,0.0,0.0,0.0,0.0
2024-02-25T00:00,3600,0.0,0.0,0.0,0.0,0.0,0.0,0.0,0.0,0.0
2024-02-25T01:00,3600,0.0,0.0,0.0,0.0,0.0,0.0,0.0,0.0,0.0
2024-02-25T02:00,3600,0.0,0.0,0.0,0.0,0.0,0.0,0.0,0.0,0.0
2024-02-25T03:00,3600,0.0,0.0,0.0,0.0,0.0,0.0,0.0,0.0,0.0
2024-02-25T04:00,3600,0.0,0.0,0.0,0.0,0.0,0.0,0.0,0.0,0.0
2024-02-25T05:00,3600,0.0,0.0,0.0,0.0,0.0,0.0,0.0,0.0,0.0
2024-02-25T06:00,3600,0.0,0.0,0.0,0.0,0.0,0.0,0.0,0.0,0.0
2024-02-25T07:00,3600,0.0,0.0,0.0,0.0,0.0,0.0,0.0,0.0,8.71381747
2024-02-25T08:00,3600,0.0,0.0,0.0,0.0,0.0,0.0,0.0,0.0,31.95066407
2024-02-25T09:00,3600,0.0,0.0,0.0,0.0,0.0,0.0,0.0,0.0,126.92642881
2024-02-25T10:00,3600,0.0,0.0,0.0,0.0,0.0,0.0,0.0,0.0,126.55954364
2024-02-25T11:00,3600,0.0,0.0,0.0,0.0,0.0,0.0,0.0,0.0,154.63631968
2024-02-25T12:00,3600,0.0,0.0,0.0,0.0,0.0,0.0,0.0,0.0,156.8487145
2024-02-25T13:00,3600,0.0,0.0,0.0,0.0,0.0,0.0,0.0,0.0,143.29388732
2024-02-25T14:00,3600,0.0,0.0,0.0,0.0,0.0,0.0,0.0,0.0,124.1102613
2024-02-25T15:00,3600,0.0,0.0,0.0,0.0,0.0,0.0,0.0,0.0,86.64963355
2024-02-25T16:00,3600,0.0,0.0,0.0,0.0,0.0,0.0,0.0,0.0,69.71053978
2024-02-25T17:00,3600,0.0,0.0,0.0,0.0,0.0,0.0,0.0,0.0,36.17283406
2024-02-25T18:00,3600,0.0,0.0,0.0,0.0,0.0,0.0,0.0,0.0,1.93640388
2024-02-25T19:00,3600,0.0,0.0,0.0,0.0,0.0,0.0,0.0,0.0,0.0
2024-02-25T20:00,3600,0.0,0.0,0.0,0.0,0.0,0.0,0.0,0.0,0.0
2024-02-25T21:00,3600,0.0,0.0,0.0,0.0,0.0,0.0,0.0,0.0,0.0
2024-02-25T22:00,3600,0.0,0.0,0.0,0.0,0.0,0.0,0.0,0.0,0.0
2024-02-25T23:00,3600,0.0,0.0,0.0,0.0,0.0,0.0,0.0,0.0,0.0
2024-02-26T00:00,3600,0.0,0.0,0.0,0.0,0.0,0.0,0.0,0.0,0.0
2024-02-26T01:00,3600,0.0,0.0,0.0,0.0,0.0,0.0,0.0,0.0,0.0
2024-02-26T02:00,3600,0.0,0.0,0.0,0.0,0.0,0.0,0.0,0.0,0.0
2024-02-26T03:00,3600,0.0,0.0,0.0,0.0,0.0,0.0,0.0,0.0,0.0
2024-02-26T04:00,3600,0.0,0.0,0.0,0.0,0.0,0.0,0.0,0.0,0.0
2024-02-26T05:00,3600,0.0,0.0,0.0,0.0,0.0,0.0,0.0,0.0,0.0
2024-02-26T06:00,3600,0.0,0.0,0.0,0.0,0.0,0.0,0.0,0.0,0.0
2024-02-26T07:00,3600,0.0,0.0,0.0,0.0,0.0,0.0,0.0,0.0,18.36119572
2024-02-26T08:00,3600,0.0,0.0,0.0,0.0,0.0,0.0,0.0,0.0,67.40845883
2024-02-26T09:00,3600,0.0,0.0,0.0,0.0,0.0,0.0,0.0,0.0,140.73362961
2024-02-26T10:00,3600,0.0,0.0,0.0,0.0,0.0,0.0,0.0,0.0,193.39513877
2024-02-26T11:00,3600,0.0,0.0,0.0,0.0,0.0,0.0,0.0,0.0,260.80239089
2024-02-26T12:00,3600,0.0,0.0,0.0,0.0,0.0,0.0,0.0,0.0,285.16909001
2024-02-26T13:00,3600,0.0,0.0,0.0,0.0,0.0,0.0,0.0,0.0,389.04219922
2024-02-26T14:00,3600,0.0,0.0,0.0,0.0,0.0,0.0,0.0,0.0,348.62672931
2024-02-26T15:00,3600,0.0,0.0,0.0,0.0,0.0,0.0,0.0,0.0,221.48294734
2024-02-26T16:00,3600,0.0,0.0,0.0,0.0,0.0,0.0,0.0,0.0,176.78529287
2024-02-26T17:00,3600,0.0,0.0,0.0,0.0,0.0,0.0,0.0,0.0,92.89922003
2024-02-26T18:00,3600,0.0,0.0,0.0,0.0,0.0,0.0,0.0,0.0,4.46647899
2024-02-26T19:00,3600,0.0,0.0,0.0,0.0,0.0,0.0,0.0,0.0,0.0
2024-02-26T20:00,3600,0.0,0.0,0.0,0.0,0.0,0.0,0.0,0.0,0.0
2024-02-26T21:00,3600,0.0,0.0,0.0,0.0,0.0,0.0,0.0,0.0,0.0
2024-02-26T22:00,3600,0.0,0.0,0.0,0.0,0.0,0.0,0.0,0.0,0.0
2024-02-26T23:00,3600,0.0,0.0,0.0,0.0,0.0,0.0,0.0,0.0,0.0
2024-02-27T00:00,3600,0.0,0.0,0.0,0.0,0.0,0.0,0.0,0.0,0.0
2024-02-27T01:00,3600,0.0,0.0,0.0,0.0,0.0,0.0,0.0,0.0,0.0
2024-02-27T02:00,3600,0.0,0.0,0.0,0.0,0.0,0.0,0.0,0.0,0.0
2024-02-27T03:00,3600,0.0,0.0,0.0,0.0,0.0,0.0,0.0,0.0,0.0
2024-02-27T04:00,3600,0.0,0.0,0.0,0.0,0.0,0.0,0.0,0.0,0.0
2024-02-27T05:00,3600,0.0,0.0,0.0,0.0,0.0,0.0,0.0,0.0,0.0
2024-02-27T06:00,3600,0.0,0.0,0.0,0.0,0.0,0.0,0.0,0.0,0.0
2024-02-27T07:00,3600,0.0,0.0,0.0,0.0,0.0,0.0,0.0,0.0,14.97470901
2024-02-27T08:00,3600,0.0,0.0,0.0,0.0,0.0,0.0,0.0,0.0,50.66433107
2024-02-27T09:00,3600,0.0,0.0,0.0,0.0,0.0,0.0,0.0,0.0,104.80697628
2024-02-27T10:00,3600,0.0,0.0,0.0,0.0,0.0,0.0,0.0,0.0,173.72195859
2024-02-27T11:00,3600,0.0,0.0,0.0,0.0,0.0,0.0,0.0,0.0,282.44110367
2024-02-27T12:00,3600,0.0,0.0,0.0,0.0,0.0,0.0,0.0,0.0,538.16806622
2024-02-27T13:00,3600,0.0,0.0,0.0,0.0,0.0,0.0,0.0,0.0,503.37057907
2024-02-27T14:00,3600,0.0,0.0,0.0,0.0,0.0,0.0,0.0,0.0,129.73906015
2024-02-27T15:00,3600,0.0,0.0,0.0,0.0,0.0,0.0,0.0,0.0,166.67089608
2024-02-27T16:00,3600,0.0,0.0,0.0,0.0,0.0,0.0,0.0,0.0,99.78501416
2024-02-27T17:00,3600,0.0,0.0,0.0,0.0,0.0,0.0,0.0,0.0,47.45851023
2024-02-27T18:00,3600,0.0,0.0,0.0,0.0,0.0,0.0,0.0,0.0,2.51261683
2024-02-27T19:00,3600,0.0,0.0,0.0,0.0,0.0,0.0,0.0,0.0,0.0
2024-02-27T20:00,3600,0.0,0.0,0.0,0.0,0.0,0.0,0.0,0.0,0.0
2024-02-27T21:00,3600,0.0,0.0,0.0,0.0,0.0,0.0,0.0,0.0,0.0
2024-02-27T22:00,3600,0.0,0.0,0.0,0.0,0.0,0.0,0.0,0.0,0.0
2024-02-27T23:00,3600,0.0,0.0,0.0,0.0,0.0,0.0,0.0,0.0,0.0
2024-02-28T00:00,3600,0.0,0.0,0.0,0.0,0.0,0.0,0.0,0.0,0.0
2024-02-28T01:00,3600,0.0,0.0,0.0,0.0,0.0,0.0,0.0,0.0,0.0
2024-02-28T02:00,3600,0.0,0.0,0.0,0.0,0.0,0.0,0.0,0.0,0.0
2024-02-28T03:00,3600,0.0,0.0,0.0,0.0,0.0,0.0,0.0,0.0,0.0
2024-02-28T04:00,3600,0.0,0.0,0.0,0.0,0.0,0.0,0.0,0.0,0.0
2024-02-28T05:00,3600,0.0,0.0,0.0,0.0,0.0,0.0,0.0,0.0,0.0
2024-02-28T06:00,3600,0.0,0.0,0.0,0.0,0.0,0.0,0.0,0.0,0.0
2024-02-28T07:00,3600,0.0,0.0,0.0,0.0,0.0,0.0,0.0,0.0,10.65022136
2024-02-28T08:00,3600,0.0,0.0,0.0,0.0,0.0,0.0,0.0,0.0,70.48030603
2024-02-28T09:00,3600,0.0,0.0,0.0,0.0,0.0,0.0,0.0,0.0,122.24570582
2024-02-28T10:00,3600,0.0,0.0,0.0,0.0,0.0,0.0,0.0,0.0,140.85633967
2024-02-28T11:00,3600,0.0,0.0,0.0,0.0,0.0,0.0,0.0,0.0,365.64811045
2024-02-28T12:00,3600,0.0,0.0,0.0,0.0,0.0,0.0,0.0,0.0,483.26288043
2024-02-28T13:00,3600,0.0,0.0,0.0,0.0,0.0,0.0,0.0,0.0,594.90099654
2024-02-28T14:00,3600,0.0,0.0,0.0,0.0,0.0,0.0,0.0,0.0,286.11649528
2024-02-28T15:00,3600,0.0,0.0,0.0,0.0,0.0,0.0,0.0,0.0,199.66696603
2024-02-28T16:00,3600,0.0,0.0,0.0,0.0,0.0,0.0,0.0,0.0,132.14916826
2024-02-28T17:00,3600,0.0,0.0,0.0,0.0,0.0,0.0,0.0,0.0,53.36704636
2024-02-28T18:00,3600,0.0,0.0,0.0,0.0,0.0,0.0,0.0,0.0,2.90460582
2024-02-28T19:00,3600,0.0,0.0,0.0,0.0,0.0,0.0,0.0,0.0,0.0
2024-02-28T20:00,3600,0.0,0.0,0.0,0.0,0.0,0.0,0.0,0.0,0.0
2024-02-28T21:00,3600,0.0,0.0,0.0,0.0,0.0,0.0,0.0,0.0,0.0
2024-02-28T22:00,3600,0.0,0.0,0.0,0.0,0.0,0.0,0.0,0.0,0.0
2024-02-28T23:00,3600,0.0,0.0,0.0,0.0,0.0,0.0,0.0,0.0,0.0
2024-02-29T00:00,3600,0.0,0.0,0.0,0.0,0.0,0.0,0.0,0.0,0.0
2024-02-29T01:00,3600,0.0,0.0,0.0,0.0,0.0,0.0,0.0,0.0,0.0
2024-02-29T02:00,3600,0.0,0.0,0.0,0.0,0.0,0.0,0.0,0.0,0.0
2024-02-29T03:00,3600,0.0,0.0,0.0,0.0,0.0,0.0,0.0,0.0,0.0
2024-02-29T04:00,3600,0.0,0.0,0.0,0.0,0.0,0.0,0.0,0.0,0.0
2024-02-29T05:00,3600,0.0,0.0,0.0,0.0,0.0,0.0,0.0,0.0,0.0
2024-02-29T06:00,3600,0.0,0.0,0.0,0.0,0.0,0.0,0.0,0.0,0.0
2024-02-29T07:00,3600,0.0,0.0,0.0,0.0,0.0,0.0,0.0,0.0,12.58662524
2024-02-29T08:00,3600,0.0,0.0,0.0,0.0,0.0,0.0,0.0,0.0,66.91000809
2024-02-29T09:00,3600,0.0,0.0,0.0,0.0,0.0,0.0,0.0,0.0,120.17053323
2024-02-29T10:00,3600,0.0,0.0,0.0,0.0,0.0,0.0,0.0,0.0,171.36915626
2024-02-29T11:00,3600,0.0,0.0,0.0,0.0,0.0,0.0,0.0,0.0,142.94130286
2024-02-29T12:00,3600,0.0,0.0,0.0,0.0,0.0,0.0,0.0,0.0,127.48385719
2024-02-29T13:00,3600,0.0,0.0,0.0,0.0,0.0,0.0,0.0,0.0,154.82393515
2024-02-29T14:00,3600,0.0,0.0,0.0,0.0,0.0,0.0,0.0,0.0,52.28290483
2024-02-29T15:00,3600,0.0,0.0,0.0,0.0,0.0,0.0,0.0,0.0,75.51975143
2024-02-29T16:00,3600,0.0,0.0,0.0,0.0,0.0,0.0,0.0,0.0,61.06065362
2024-02-29T17:00,3600,0.0,0.0,0.0,0.0,0.0,0.0,0.0,0.0,19.36403883
2024-02-29T18:00,3600,0.0,0.0,0.0,0.0,0.0,0.0,0.0,0.0,0.96820194
2024-02-29T19:00,3600,0.0,0.0,0.0,0.0,0.0,0.0,0.0,0.0,0.0
2024-02-29T20:00,3600,0.0,0.0,0.0,0.0,0.0,0.0,0.0,0.0,0.0
2024-02-29T21:00,3600,0.0,0.0,0.0,0.0,0.0,0.0,0.0,0.0,0.0
2024-02-29T22:00,3600,0.0,0.0,0.0,0.0,0.0,0.0,0.0,0.0,0.0
2024-02-29T23:00,3600,0.0,0.0,0.0,0.0,0.0,0.0,0.0,0.0,0.0
2024-03-01T00:00,3600,0.0,0.0,0.0,0.0,0.0,0.0,0.0,0.0,0.0
2024-03-01T01:00,3600,0.0,0.0,0.0,0.0,0.0,0.0,0.0,0.0,0.0
2024-03-01T02:00,3600,0.0,0.0,0.0,0.0,0.0,0.0,0.0,0.0,0.0
2024-03-01T03:00,3600,0.0,0.0,0.0,0.0,0.0,0.0,0.0,0.0,0.0
2024-03-01T04:00,3600,0.0,0.0,0.0,0.0,0.0,0.0,0.0,0.0,0.0
2024-03-01T05:00,3600,0.0,0.0,0.0,0.0,0.0,0.0,0.0,0.0,0.0
2024-03-01T06:00,3600,0.0,0.0,0.0,0.0,0.0,0.0,0.0,0.0,0.0
2024-03-01T07:00,3600,0.0,0.0,0.0,0.0,0.0,0.0,0.0,0.0,11.93456256
2024-03-01T08:00,3600,0.0,0.0,0.0,0.0,0.0,0.0,0.0,0.0,51.78879085
2024-03-01T09:00,3600,0.0,0.0,0.0,0.0,0.0,0.0,0.0,0.0,117.84758874
2024-03-01T10:00,3600,0.0,0.0,0.0,0.0,0.0,0.0,0.0,0.0,145.4230261
2024-03-01T11:00,3600,0.0,0.0,0.0,0.0,0.0,0.0,0.0,0.0,211.6171561
2024-03-01T12:00,3600,0.0,0.0,0.0,0.0,0.0,0.0,0.0,0.0,292.88589732
2024-03-01T13:00,3600,0.0,0.0,0.0,0.0,0.0,0.0,0.0,0.0,243.34529956
2024-03-01T14:00,3600,0.0,0.0,0.0,0.0,0.0,0.0,0.0,0.0,109.40681938
2024-03-01T15:00,3600,0.0,0.0,0.0,0.0,0.0,0.0,0.0,0.0,108.01105447
2024-03-01T16:00,3600,0.0,0.0,0.0,0.0,0.0,0.0,0.0,0.0,44.0841566
2024-03-01T17:00,3600,0.0,0.0,0.0,0.0,0.0,0.0,0.0,0.0,14.52302912
2024-03-01T18:00,3600,0.0,0.0,0.0,0.0,0.0,0.0,0.0,0.0,0.96820194
2024-03-01T19:00,3600,0.0,0.0,0.0,0.0,0.0,0.0,0.0,0.0,0.0
2024-03-01T20:00,3600,0.0,0.0,0.0,0.0,0.0,0.0,0.0,0.0,0.0
2024-03-01T21:00,3600,0.0,0.0,0.0,0.0,0.0,0.0,0.0,0.0,0.0
2024-03-01T22:00,3600,0.0,0.0,0.0,0.0,0.0,0.0,0.0,0.0,0.0
2024-03-01T23:00,3600,0.0,0.0,0.0,0.0,0.0,0.0,0.0,0.0,0.0
2024-03-02T00:00,3600,0.0,0.0,0.0,0.0,0.0,0.0,0.0,0.0,0.0
2024-03-02T01:00,3600,0.0,0.0,0.0,0.0,0.0,0.0,0.0,0.0,0.0
2024-03-02T02:00,3600,0.0,0.0,0.0,0.0,0.0,0.0,0.0,0.0,0.0
2024-03-02T03:00,3600,0.0,0.0,0.0,0.0,0.0,0.0,0.0,0.0,0.0
2024-03-02T04:00,3600,0.0,0.0,0.0,0.0,0.0,0.0,0.0,0.0,0.0
2024-03-02T05:00,3600,0.0,0.0,0.0,0.0,0.0,0.0,0.0,0.0,0.0
2024-03-02T06:00,3600,0.0,0.0,0.0,0.0,0.0,0.0,0.0,0.0,0.0
2024-03-02T07:00,3600,0.0,0.0,0.0,0.0,0.0,0.0,0.0,0.0,10.09510151
2024-03-02T08:00,3600,0.0,0.0,0.0,0.0,0.0,0.0,0.0,0.0,46.02890649
2024-03-02T09:00,3600,0.0,0.0,0.0,0.0,0.0,0.0,0.0,0.0,172.48084549
2024-03-02T10:00,3600,0.0,0.0,0.0,0.0,0.0,0.0,0.0,0.0,411.50577358
2024-03-02T11:00,3600,0.0,0.0,0.0,0.0,0.0,0.0,0.0,0.0,736.80327924
2024-03-02T12:00,3600,0.0,0.0,0.0,0.0,0.0,0.0,0.0,0.0,878.47411479
2024-03-02T13:00,3600,0.0,0.0,0.0,0.0,0.0,0.0,0.0,0.0,842.94264117
2024-03-02T14:00,3600,0.0,0.0,0.0,0.0,0.0,0.0,0.0,0.0,390.63853
2024-03-02T15:00,3600,0.0,0.0,0.0,0.0,0.0,0.0,0.0,0.0,290.65189408
2024-03-02T16:00,3600,0.0,0.0,0.0,0.0,0.0,0.0,0.0,0.0,216.19978499
2024-03-02T17:00,3600,0.0,0.0,0.0,0.0,0.0,0.0,0.0,0.0,86.16917883
2024-03-02T18:00,3600,0.0,0.0,0.0,0.0,0.0,0.0,0.0,0.0,6.31303758
2024-03-02T19:00,3600,0.0,0.0,0.0,0.0,0.0,0.0,0.0,0.0,0.0
2024-03-02T20:00,3600,0.0,0.0,0.0,0.0,0.0,0.0,0.0,0.0,0.0
2024-03-02T21:00,3600,0.0,0.0,0.0,0.0,0.0,0.0,0.0,0.0,0.0
2024-03-02T22:00,3600,0.0,0.0,0.0,0.0,0.0,0.0,0.0,0.0,0.0
2024-03-02T23:00,3600,0.0,0.0,0.0,0.0,0.0,0.0,0.0,0.0,0.0
2024-03-03T00:00,3600,0.0,0.0,0.0,0.0,0.0,0.0,0.0,0.0,0.0
2024-03-03T01:00,3600,0.0,0.0,0.0,0.0,0.0,0.0,0.0,0.0,0.0
2024-03-03T02:00,3600,0.0,0.0,0.0,0.0,0.0,0.0,0.0,0.0,0.0
2024-03-03T03:00,3600,0.0,0.0,0.0,0.0,0.0,0.0,0.0,0.0,0.0
2024-03-03T04:00,3600,0.0,0.0,0.0,0.0,0.0,0.0,0.0,0.0,0.0
2024-03-03T05:00,3600,0.0,0.0,0.0,0.0,0.0,0.0,0.0,0.0,0.0
2024-03-03T06:00,3600,0.0,0.0,0.0,0.0,0.0,0.0,0.0,0.0,0.0
2024-03-03T07:00,3600,0.0,0.0,0.0,0.0,0.0,0.0,0.0,0.0,14.52302912
2024-03-03T08:00,3600,0.0,0.0,0.0,0.0,0.0,0.0,0.0,0.0,52.08624487
2024-03-03T09:00,3600,0.0,0.0,0.0,0.0,0.0,0.0,0.0,0.0,113.71821341
2024-03-03T10:00,3600,0.0,0.0,0.0,0.0,0.0,0.0,0.0,0.0,129.97939425
2024-03-03T11:00,3600,0.0,0.0,0.0,0.0,0.0,0.0,0.0,0.0,224.60172679
2024-03-03T12:00,3600,0.0,0.0,0.0,0.0,0.0,0.0,0.0,0.0,193.57743605
2024-03-03T13:00,3600,0.0,0.0,0.0,0.0,0.0,0.0,0.0,0.0,195.09841007
2024-03-03T14:00,3600,0.0,0.0,0.0,0.0,0.0,0.0,0.0,0.0,263.31666058
2024-03-03T15:00,3600,0.0,0.0,0.0,0.0,0.0,0.0,0.0,0.0,132.62695596
2024-03-03T16:00,3600,0.0,0.0,0.0,0.0,0.0,0.0,0.0,0.0,93.20719424
2024-03-03T17:00,3600,0.0,0.0,0.0,0.0,0.0,0.0,0.0,0.0,22.62803741
2024-03-03T18:00,3600,0.0,0.0,0.0,0.0,0.0,0.0,0.0,0.0,1.93640388
2024-03-03T19:00,3600,0.0,0.0,0.0,0.0,0.0,0.0,0.0,0.0,0.0
2024-03-03T20:00,3600,0.0,0.0,0.0,0.0,0.0,0.0,0.0,0.0,0.0
2024-03-03T21:00,3600,0.0,0.0,0.0,0.0,0.0,0.0,0.0,0.0,0.0
2024-03-03T22:00,3600,0.0,0.0,0.0,0.0,0.0,0.0,0.0,0.0,0.0
2024-03-03T23:00,3600,0.0,0.0,0.0,0.0,0.0,0.0,0.0,0.0,0.0
2024-03-04T00:00,3600,0.0,0.0,0.0,0.0,0.0,0.0,0.0,0.0,0.0
2024-03-04T01:00,3600,0.0,0.0,0.0,0.0,0.0,0.0,0.0,0.0,0.0
2024-03-04T02:00,3600,0.0,0.0,0.0,0.0,0.0,0.0,0.0,0.0,0.0
2024-03-04T03:00,3600,0.0,0.0,0.0,0.0,0.0,0.0,0.0,0.0,0.0
2024-03-04T04:00,3600,0.0,0.0,0.0,0.0,0.0,0.0,0.0,0.0,0.0
2024-03-04T05:00,3600,0.0,0.0,0.0,0.0,0.0,0.0,0.0,0.0,0.0
2024-03-04T06:00,3600,0.0,0.0,0.0,0.0,0.0,0.0,0.0,0.0,0.0
2024-03-04T07:00,3600,0.0,0.0,0.0,0.0,0.0,0.0,0.0,0.0,9.68201941
2024-03-04T08:00,3600,0.0,0.0,0.0,0.0,0.0,0.0,0.0,0.0,53.06400355
2024-03-04T09:00,3600,0.0,0.0,0.0,0.0,0.0,0.0,0.0,0.0,94.60678004
2024-03-04T10:00,3600,0.0,0.0,0.0,0.0,0.0,0.0,0.0,0.0,274.77122886
2024-03-04T11:00,3600,0.0,0.0,0.0,0.0,0.0,0.0,0.0,0.0,240.07972456
2024-03-04T12:00,3600,0.0,0.0,0.0,0.0,0.0,0.0,0.0,0.0,388.58757158
2024-03-04T13:00,3600,0.0,0.0,0.0,0.0,0.0,0.0,0.0,0.0,318.71518986
2024-03-04T14:00,3600,0.0,0.0,0.0,0.0,0.0,0.0,0.0,0.0,278.53139467
2024-03-04T15:00,3600,0.0,0.0,0.0,0.0,0.0,0.0,0.0,0.0,156.48699438
2024-03-04T16:00,3600,0.0,0.0,0.0,0.0,0.0,0.0,0.0,0.0,107.31312913
2024-03-04T17:00,3600,0.0,0.0,0.0,0.0,0.0,0.0,0.0,0.0,68.32791395
2024-03-04T18:00,3600,0.0,0.0,0.0,0.0,0.0,0.0,0.0,0.0,6.27956533
2024-03-04T19:00,3600,0.0,0.0,0.0,0.0,0.0,0.0,0.0,0.0,0.0
2024-03-04T20:00,3600,0.0,0.0,0.0,0.0,0.0,0.0,0.0,0.0,0.0
2024-03-04T21:00,3600,0.0,0.0,0.0,0.0,0.0,0.0,0.0,0.0,0.0
2024-03-04T22:00,3600,0.0,0.0,0.0,0.0,0.0,0.0,0.0,0.0,0.0
2024-03-04T23:00,3600,0.0,0.0,0.0,0.0,0.0,0.0,0.0,0.0,0.0
2024-03-05T00:00,3600,0.0,0.0,0.0,0.0,0.0,0.0,0.0,0.0,0.0
2024-03-05T01:00,3600,0.0,0.0,0.0,0.0,0.0,0.0,0.0,0.0,0.0
2024-03-05T02:00,3600,0.0,0.0,0.0,0.0,0.0,0.0,0.0,0.0,0.0
2024-03-05T03:00,3600,0.0,0.0,0.0,0.0,0.0,0.0,0.0,0.0,0.0
2024-03-05T04:00,3600,0.0,0.0,0.0,0.0,0.0,0.0,0.0,0.0,0.0
2024-03-05T05:00,3600,0.0,0.0,0.0,0.0,0.0,0.0,0.0,0.0,0.0
2024-03-05T06:00,3600,0.0,0.0,0.0,0.0,0.0,0.0,0.0,0.0,0.0
2024-03-05T07:00,3600,0.0,0.0,0.0,0.0,0.0,0.0,0.0,0.0,18.39583689
2024-03-05T08:00,3600,0.0,0.0,0.0,0.0,0.0,0.0,0.0,0.0,99.99880047
2024-03-05T09:00,3600,0.0,0.0,0.0,0.0,0.0,0.0,0.0,0.0,181.10265205
2024-03-05T10:00,3600,0.0,0.0,0.0,0.0,0.0,0.0,0.0,0.0,375.16273366
2024-03-05T11:00,3600,0.0,0.0,0.0,0.0,0.0,0.0,0.0,0.0,550.63866298
2024-03-05T12:00,3600,0.0,0.0,0.0,0.0,0.0,0.0,0.0,0.0,484.06218674
2024-03-05T13:00,3600,0.0,0.0,0.0,0.0,0.0,0.0,0.0,0.0,476.66703394
2024-03-05T14:00,3600,0.0,0.0,0.0,0.0,0.0,0.0,0.0,0.0,339.92710608
2024-03-05T15:00,3600,0.0,0.0,0.0,0.0,0.0,0.0,0.0,0.0,277.99840749
2024-03-05T16:00,3600,0.0,0.0,0.0,0.0,0.0,0.0,0.0,0.0,238.47052534
2024-03-05T17:00,3600,0.0,0.0,0.0,0.0,0.0,0.0,0.0,0.0,114.13138653
2024-03-05T18:00,3600,0.0,0.0,0.0,0.0,0.0,0.0,0.0,0.0,8.65237579
2024-03-05T19:00,3600,0.0,0.0,0.0,0.0,0.0,0.0,0.0,0.0,0.0
2024-03-05T20:00,3600,0.0,0.0,0.0,0.0,0.0,0.0,0.0,0.0,0.0
2024-03-05T21:00,3600,0.0,0.0,0.0,0.0,0.0,0.0,0.0,0.0,0.0
2024-03-05T22:00,3600,0.0,0.0,0.0,0.0,0.0,0.0,0.0,0.0,0.0
2024-03-05T23:00,3600,0.0,0.0,0.0,0.0,0.0,0.0,0.0,0.0,0.0
2024-03-06T00:00,3600,0.0,0.0,0.0,0.0,0.0,0.0,0.0,0.0,0.0
2024-03-06T01:00,3600,0.0,0.0,0.0,0.0,0.0,0.0,0.0,0.0,0.0
2024-03-06T02:00,3600,0.0,0.0,0.0,0.0,0.0,0.0,0.0,0.0,0.0
2024-03-06T03:00,3600,0.0,0.0,0.0,0.0,0.0,0.0,0.0,0.0,0.0
2024-03-06T04:00,3600,0.0,0.0,0.0,0.0,0.0,0.0,0.0,0.0,0.0
2024-03-06T05:00,3600,0.0,0.0,0.0,0.0,0.0,0.0,0.0,0.0,0.0
2024-03-06T06:00,3600,0.0,0.0,0.0,0.0,0.0,0.0,0.0,0.0,0.96820194
2024-03-06T07:00,3600,0.0,0.0,0.0,0.0,0.0,0.0,0.0,0.0,21.30044271
2024-03-06T08:00,3600,0.0,0.0,0.0,0.0,0.0,0.0,0.0,0.0,66.29367337
2024-03-06T09:00,3600,0.0,0.0,0.0,0.0,0.0,0.0,0.0,0.0,144.32086012
2024-03-06T10:00,3600,0.0,0.0,0.0,0.0,0.0,0.0,0.0,0.0,206.79695861
2024-03-06T11:00,3600,0.0,0.0,0.0,0.0,0.0,0.0,0.0,0.0,290.99385727
2024-03-06T12:00,3600,0.0,0.0,0.0,0.0,0.0,0.0,0.0,0.0,265.74511415
2024-03-06T13:00,3600,0.0,0.0,0.0,0.0,0.0,0.0,0.0,0.0,233.96580672
2024-03-06T14:00,3600,0.0,0.0,0.0,0.0,0.0,0.0,0.0,0.0,108.38163594
2024-03-06T15:00,3600,0.0,0.0,0.0,0.0,0.0,0.0,0.0,0.0,135.60528298
2024-03-06T16:00,3600,0.0,0.0,0.0,0.0,0.0,0.0,0.0,0.0,67.60014682
2024-03-06T17:00,3600,0.0,0.0,0.0,0.0,0.0,0.0,0.0,0.0,24.14126626
2024-03-06T18:00,3600,0.0,0.0,0.0,0.0,0.0,0.0,0.0,0.0,2.90460582
2024-03-06T19:00,3600,0.0,0.0,0.0,0.0,0.0,0.0,0.0,0.0,0.0
2024-03-06T20:00,3600,0.0,0.0,0.0,0.0,0.0,0.0,0.0,0.0,0.0
2024-03-06T21:00,3600,0.0,0.0,0.0,0.0,0.0,0.0,0.0,0.0,0.0
2024-03-06T22:00,3600,0.0,0.0,0.0,0.0,0.0,0.0,0.0,0.0,0.0
2024-03-06T23:00,3600,0.0,0.0,0.0,0.0,0.0,0.0,0.0,0.0,0.0
2024-03-07T00:00,3600,0.0,0.0,0.0,0.0,0.0,0.0,0.0,0.0,0.0
2024-03-07T01:00,3600,0.0,0.0,0.0,0.0,0.0,0.0,0.0,0.0,0.0
2024-03-07T02:00,3600,0.0,0.0,0.0,0.0,0.0,0.0,0.0,0.0,0.0
2024-03-07T03:00,3600,0.0,0.0,0.0,0.0,0.0,0.0,0.0,0.0,0.0
2024-03-07T04:00,3600,0.0,0.0,0.0,0.0,0.0,0.0,0.0,0.0,0.0
2024-03-07T05:00,3600,0.0,0.0,0.0,0.0,0.0,0.0,0.0,0.0,0.0
2024-03-07T06:00,3600,0.0,0.0,0.0,0.0,0.0,0.0,0.0,0.0,0.0
2024-03-07T07:00,3600,0.0,0.0,0.0,0.0,0.0,0.0,0.0,0.0,13.55482718
2024-03-07T08:00,3600,0.0,0.0,0.0,0.0,0.0,0.0,0.0,0.0,58.55433518
2024-03-07T09:00,3600,0.0,0.0,0.0,0.0,0.0,0.0,0.0,0.0,100.57342978
2024-03-07T10:00,3600,0.0,0.0,0.0,0.0,0.0,0.0,0.0,0.0,126.80638594
2024-03-07T11:00,3600,0.0,0.0,0.0,0.0,0.0,0.0,0.0,0.0,172.73517694
2024-03-07T12:00,3600,0.0,0.0,0.0,0.0,0.0,0.0,0.0,0.0,189.1063808
2024-03-07T13:00,3600,0.0,0.0,0.0,0.0,0.0,0.0,0.0,0.0,238.70697718
2024-03-07T14:00,3600,0.0,0.0,0.0,0.0,0.0,0.0,0.0,0.0,288.28883939
2024-03-07T15:00,3600,0.0,0.0,0.0,0.0,0.0,0.0,0.0,0.0,207.05901167
2024-03-07T16:00,3600,0.0,0.0,0.0,0.0,0.0,0.0,0.0,0.0,165.10668464
2024-03-07T17:00,3600,0.0,0.0,0.0,0.0,0.0,0.0,0.0,0.0,63.90994293
2024-03-07T18:00,3600,0.0,0.0,0.0,0.0,0.0,0.0,0.0,0.0,5.80921165
2024-03-07T19:00,3600,0.0,0.0,0.0,0.0,0.0,0.0,0.0,0.0,0.0
2024-03-07T20:00,3600,0.0,0.0,0.0,0.0,0.0,0.0,0.0,0.0,0.0
2024-03-07T21:00,3600,0.0,0.0,0.0,0.0,0.0,0.0,0.0,0.0,0.0
2024-03-07T22:00,3600,0.0,0.0,0.0,0.0,0.0,0.0,0.0,0.0,0.0
2024-03-07T23:00,3600,0.0,0.0,0.0,0.0,0.0,0.0,0.0,0.0,0.0
2024-03-08T00:00,3600,0.0,0.0,0.0,0.0,0.0,0.0,0.0,0.0,0.0
2024-03-08T01:00,3600,0.0,0.0,0.0,0.0,0.0,0.0,0.0,0.0,0.0
2024-03-08T02:00,3600,0.0,0.0,0.0,0.0,0.0,0.0,0.0,0.0,0.0
2024-03-08T03:00,3600,0.0,0.0,0.0,0.0,0.0,0.0,0.0,0.0,0.0
2024-03-08T04:00,3600,0.0,0.0,0.0,0.0,0.0,0.0,0.0,0.0,0.0
2024-03-08T05:00,3600,0.0,0.0,0.0,0.0,0.0,0.0,0.0,0.0,0.0
2024-03-08T06:00,3600,0.0,0.0,0.0,0.0,0.0,0.0,0.0,0.0,0.96820194
2024-03-08T07:00,3600,0.0,0.0,0.0,0.0,0.0,0.0,0.0,0.0,40.70476955
2024-03-08T08:00,3600,0.0,0.0,0.0,0.0,0.0,0.0,0.0,0.0,123.42289246
2024-03-08T09:00,3600,0.0,0.0,0.0,0.0,0.0,0.0,0.0,0.0,326.20442868
2024-03-08T10:00,3600,0.0,0.0,0.0,0.0,0.0,0.0,0.0,0.0,411.59862456
2024-03-08T11:00,3600,0.0,0.0,0.0,0.0,0.0,0.0,0.0,0.0,612.20971606
2024-03-08T12:00,3600,0.0,0.0,0.0,0.0,0.0,0.0,0.0,0.0,757.85417496
2024-03-08T13:00,3600,0.0,0.0,0.0,0.0,0.0,0.0,0.0,0.0,685.56872132
2024-03-08T14:00,3600,0.0,0.0,0.0,0.0,0.0,0.0,0.0,0.0,708.70381144
2024-03-08T15:00,3600,0.0,0.0,0.0,0.0,0.0,0.0,0.0,0.0,563.75821046
2024-03-08T16:00,3600,0.0,0.0,0.0,0.0,0.0,0.0,0.0,0.0,353.58132293
2024-03-08T17:00,3600,0.0,0.0,0.0,0.0,0.0,0.0,0.0,0.0,158.0747876
2024-03-08T18:00,3600,0.0,0.0,0.0,0.0,0.0,0.0,0.0,0.0,8.39150903
2024-03-08T19:00,3600,0.0,0.0,0.0,0.0,0.0,0.0,0.0,0.0,0.0
2024-03-08T20:00,3600,0.0,0.0,0.0,0.0,0.0,0.0,0.0,0.0,0.0
2024-03-08T21:00,3600,0.0,0.0,0.0,0.0,0.0,0.0,0.0,0.0,0.0
2024-03-08T22:00,3600,0.0,0.0,0.0,0.0,0.0,0.0,0.0,0.0,0.0
2024-03-08T23:00,3600,0.0,0.0,0.0,0.0,0.0,0.0,0.0,0.0,0.0
2024-03-09T00:00,3600,0.0,0.0,0.0,0.0,0.0,0.0,0.0,0.0,0.0
2024-03-09T01:00,3600,0.0,0.0,0.0,0.0,0.0,0.0,0.0,0.0,0.0
2024-03-09T02:00,3600,0.0,0.0,0.0,0.0,0.0,0.0,0.0,0.0,0.0
2024-03-09T03:00,3600,0.0,0.0,0.0,0.0,0.0,0.0,0.0,0.0,0.0
2024-03-09T04:00,3600,0.0,0.0,0.0,0.0,0.0,0.0,0.0,0.0,0.0
2024-03-09T05:00,3600,0.0,0.0,0.0,0.0,0.0,0.0,0.0,0.0,0.0
2024-03-09T06:00,3600,0.0,0.0,0.0,0.0,0.0,0.0,0.0,0.0,0.0
2024-03-09T07:00,3600,0.0,0.0,0.0,0.0,0.0,0.0,0.0,0.0,16.76486156
2024-03-09T08:00,3600,0.0,0.0,0.0,0.0,0.0,0.0,0.0,0.0,36.79167377
2024-03-09T09:00,3600,0.0,0.0,0.0,0.0,0.0,0.0,0.0,0.0,74.94746684
2024-03-09T10:00,3600,0.0,0.0,0.0,0.0,0.0,0.0,0.0,0.0,144.33264711
2024-03-09T11:00,3600,0.0,0.0,0.0,0.0,0.0,0.0,0.0,0.0,160.15293991
2024-03-09T12:00,3600,0.0,0.0,0.0,0.0,0.0,0.0,0.0,0.0,127.38620539
2024-03-09T13:00,3600,0.0,0.0,0.0,0.0,0.0,0.0,0.0,0.0,83.46999932
2024-03-09T14:00,3600,0.0,0.0,0.0,0.0,0.0,0.0,0.0,0.0,99.72479996
2024-03-09T15:00,3600,0.0,0.0,0.0,0.0,0.0,0.0,0.0,0.0,109.74079773
2024-03-09T16:00,3600,0.0,0.0,0.0,0.0,0.0,0.0,0.0,0.0,39.6962796
2024-03-09T17:00,3600,0.0,0.0,0.0,0.0,0.0,0.0,0.0,0.0,17.67997225
2024-03-09T18:00,3600,0.0,0.0,0.0,0.0,0.0,0.0,0.0,0.0,0.96820194
2024-03-09T19:00,3600,0.0,0.0,0.0,0.0,0.0,0.0,0.0,0.0,0.0
2024-03-09T20:00,3600,0.0,0.0,0.0,0.0,0.0,0.0,0.0,0.0,0.0
2024-03-09T21:00,3600,0.0,0.0,0.0,0.0,0.0,0.0,0.0,0.0,0.0
2024-03-09T22:00,3600,0.0,0.0,0.0,0.0,0.0,0.0,0.0,0.0,0.0
2024-03-09T23:00,3600,0.0,0.0,0.0,0.0,0.0,0.0,0.0,0.0,0.0
2024-03-10T00:00,3600,0.0,0.0,0.0,0.0,0.0,0.0,0.0,0.0,0.0
2024-03-10T01:00,3600,0.0,0.0,0.0,0.0,0.0,0.0,0.0,0.0,0.0
2024-03-10T02:00,3600,0.0,0.0,0.0,0.0,0.0,0.0,0.0,0.0,0.0
2024-03-10T03:00,3600,0.0,0.0,0.0,0.0,0.0,0.0,0.0,0.0,0.0
2024-03-10T04:00,3600,0.0,0.0,0.0,0.0,0.0,0.0,0.0,0.0,0.0
2024-03-10T05:00,3600,0.0,0.0,0.0,0.0,0.0,0.0,0.0,0.0,0.0
2024-03-10T06:00,3600,0.0,0.0,0.0,0.0,0.0,0.0,0.0,0.0,0.0
2024-03-10T07:00,3600,0.0,0.0,0.0,0.0,0.0,0.0,0.0,0.0,18.31892652
2024-03-10T08:00,3600,0.0,0.0,0.0,0.0,0.0,0.0,0.0,0.0,32.91886601
2024-03-10T09:00,3600,0.0,0.0,0.0,0.0,0.0,0.0,0.0,0.0,66.56931514
2024-03-10T10:00,3600,0.0,0.0,0.0,0.0,0.0,0.0,0.0,0.0,108.22175422
2024-03-10T11:00,3600,0.0,0.0,0.0,0.0,0.0,0.0,0.0,0.0,74.87580711
2024-03-10T12:00,3600,0.0,0.0,0.0,0.0,0.0,0.0,0.0,0.0,133.01401263
2024-03-10T13:00,3600,0.0,0.0,0.0,0.0,0.0,0.0,0.0,0.0,123.44948598
2024-03-10T14:00,3600,0.0,0.0,0.0,0.0,0.0,0.0,0.0,0.0,55.36983775
2024-03-10T15:00,3600,0.0,0.0,0.0,0.0,0.0,0.0,0.0,0.0,29.04605824
2024-03-10T16:00,3600,0.0,0.0,0.0,0.0,0.0,0.0,0.0,0.0,33.88706795
2024-03-10T17:00,3600,0.0,0.0,0.0,0.0,0.0,0.0,0.0,0.0,8.71381747
2024-03-10T18:00,3600,0.0,0.0,0.0,0.0,0.0,0.0,0.0,0.0,1.93640388
2024-03-10T19:00,3600,0.0,0.0,0.0,0.0,0.0,0.0,0.0,0.0,0.0
2024-03-10T20:00,3600,0.0,0.0,0.0,0.0,0.0,0.0,0.0,0.0,0.0
2024-03-10T21:00,3600,0.0,0.0,0.0,0.0,0.0,0.0,0.0,0.0,0.0
2024-03-10T22:00,3600,0.0,0.0,0.0,0.0,0.0,0.0,0.0,0.0,0.0
2024-03-10T23:00,3600,0.0,0.0,0.0,0.0,0.0,0.0,0.0,0.0,0.0
2024-03-11T00:00,3600,0.0,0.0,0.0,0.0,0.0,0.0,0.0,0.0,0.0
2024-03-11T01:00,3600,0.0,0.0,0.0,0.0,0.0,0.0,0.0,0.0,0.0
2024-03-11T02:00,3600,0.0,0.0,0.0,0.0,0.0,0.0,0.0,0.0,0.0
2024-03-11T03:00,3600,0.0,0.0,0.0,0.0,0.0,0.0,0.0,0.0,0.0
2024-03-11T04:00,3600,0.0,0.0,0.0,0.0,0.0,0.0,0.0,0.0,0.0
2024-03-11T05:00,3600,0.0,0.0,0.0,0.0,0.0,0.0,0.0,0.0,0.0
2024-03-11T06:00,3600,0.0,0.0,0.0,0.0,0.0,0.0,0.0,0.0,0.0
2024-03-11T07:00,3600,0.0,0.0,0.0,0.0,0.0,0.0,0.0,0.0,10.92366821
2024-03-11T08:00,3600,0.0,0.0,0.0,0.0,0.0,0.0,0.0,0.0,38.72807766
2024-03-11T09:00,3600,0.0,0.0,0.0,0.0,0.0,0.0,0.0,0.0,54.75674326
2024-03-11T10:00,3600,0.0,0.0,0.0,0.0,0.0,0.0,0.0,0.0,106.50221355
2024-03-11T11:00,3600,0.0,0.0,0.0,0.0,0.0,0.0,0.0,0.0,104.84299365
2024-03-11T12:00,3600,0.0,0.0,0.0,0.0,0.0,0.0,0.0,0.0,119.60410166
2024-03-11T13:00,3600,0.0,0.0,0.0,0.0,0.0,0.0,0.0,0.0,263.34076762
2024-03-11T14:00,3600,0.0,0.0,0.0,0.0,0.0,0.0,0.0,0.0,310.64811251
2024-03-11T15:00,3600,0.0,0.0,0.0,0.0,0.0,0.0,0.0,0.0,484.43769594
2024-03-11T16:00,3600,0.0,0.0,0.0,0.0,0.0,0.0,0.0,0.0,226.38301913
2024-03-11T17:00,3600,0.0,0.0,0.0,0.0,0.0,0.0,0.0,0.0,109.32596159
2024-03-11T18:00,3600,0.0,0.0,0.0,0.0,0.0,0.0,0.0,0.0,10.12908543
2024-03-11T19:00,3600,0.0,0.0,0.0,0.0,0.0,0.0,0.0,0.0,0.0
2024-03-11T20:00,3600,0.0,0.0,0.0,0.0,0.0,0.0,0.0,0.0,0.0
2024-03-11T21:00,3600,0.0,0.0,0.0,0.0,0.0,0.0,0.0,0.0,0.0
2024-03-11T22:00,3600,0.0,0.0,0.0,0.0,0.0,0.0,0.0,0.0,0.0
2024-03-11T23:00,3600,0.0,0.0,0.0,0.0,0.0,0.0,0.0,0.0,0.0
2024-03-12T00:00,3600,0.0,0.0,0.0,0.0,0.0,0.0,0.0,0.0,0.0
2024-03-12T01:00,3600,0.0,0.0,0.0,0.0,0.0,0.0,0.0,0.0,0.0
2024-03-12T02:00,3600,0.0,0.0,0.0,0.0,0.0,0.0,0.0,0.0,0.0
2024-03-12T03:00,3600,0.0,0.0,0.0,0.0,0.0,0.0,0.0,0.0,0.0
2024-03-12T04:00,3600,0.0,0.0,0.0,0.0,0.0,0.0,0.0,0.0,0.0
2024-03-12T05:00,3600,0.0,0.0,0.0,0.0,0.0,0.0,0.0,0.0,0.0
2024-03-12T06:00,3600,0.0,0.0,0.0,0.0,0.0,0.0,0.0,0.0,2.91255534
2024-03-12T07:00,3600,0.0,0.0,0.0,0.0,0.0,0.0,0.0,0.0,127.85590267
2024-03-12T08:00,3600,0.0,0.0,0.0,0.0,0.0,0.0,0.0,0.0,385.11972728
2024-03-12T09:00,3600,0.0,0.0,0.0,0.0,0.0,0.0,0.0,0.0,655.96794519
2024-03-12T10:00,3600,0.0,0.0,0.0,0.0,0.0,0.0,0.0,0.0,861.57943064
2024-03-12T11:00,3600,0.0,0.0,0.0,0.0,0.0,0.0,0.0,0.0,993.99895227
2024-03-12T12:00,3600,0.0,0.0,0.0,0.0,0.0,0.0,0.0,0.0,1042.13417803
2024-03-12T13:00,3600,0.0,0.0,0.0,0.0,0.0,0.0,0.0,0.0,1003.48800414
2024-03-12T14:00,3600,0.0,0.0,0.0,0.0,0.0,0.0,0.0,0.0,884.10234485
2024-03-12T15:00,3600,0.0,0.0,0.0,0.0,0.0,0.0,0.0,0.0,694.38210519
2024-03-12T16:00,3600,0.0,0.0,0.0,0.0,0.0,0.0,0.0,0.0,453.1259074
2024-03-12T17:00,3600,0.0,0.0,0.0,0.0,0.0,0.0,0.0,0.0,197.1180048
2024-03-12T18:00,3600,0.0,0.0,0.0,0.0,0.0,0.0,0.0,0.0,11.70520464
2024-03-12T19:00,3600,0.0,0.0,0.0,0.0,0.0,0.0,0.0,0.0,0.0
2024-03-12T20:00,3600,0.0,0.0,0.0,0.0,0.0,0.0,0.0,0.0,0.0
2024-03-12T21:00,3600,0.0,0.0,0.0,0.0,0.0,0.0,0.0,0.0,0.0
2024-03-12T22:00,3600,0.0,0.0,0.0,0.0,0.0,0.0,0.0,0.0,0.0
2024-03-12T23:00,3600,0.0,0.0,0.0,0.0,0.0,0.0,0.0,0.0,0.0
2024-03-13T00:00,3600,0.0,0.0,0.0,0.0,0.0,0.0,0.0,0.0,0.0
2024-03-13T01:00,3600,0.0,0.0,0.0,0.0,0.0,0.0,0.0,0.0,0.0
2024-03-13T02:00,3600,0.0,0.0,0.0,0.0,0.0,0.0,0.0,0.0,0.0
2024-03-13T03:00,3600,0.0,0.0,0.0,0.0,0.0,0.0,0.0,0.0,0.0
2024-03-13T04:00,3600,0.0,0.0,0.0,0.0,0.0,0.0,0.0,0.0,0.0
2024-03-13T05:00,3600,0.0,0.0,0.0,0.0,0.0,0.0,0.0,0.0,0.0
2024-03-13T06:00,3600,0.0,0.0,0.0,0.0,0.0,0.0,0.0,0.0,1.9443534
2024-03-13T07:00,3600,0.0,0.0,0.0,0.0,0.0,0.0,0.0,0.0,89.46268796
2024-03-13T08:00,3600,0.0,0.0,0.0,0.0,0.0,0.0,0.0,0.0,221.26009885
2024-03-13T09:00,3600,0.0,0.0,0.0,0.0,0.0,0.0,0.0,0.0,326.12114588
2024-03-13T10:00,3600,0.0,0.0,0.0,0.0,0.0,0.0,0.0,0.0,440.29226391
2024-03-13T11:00,3600,0.0,0.0,0.0,0.0,0.0,0.0,0.0,0.0,633.80809075
2024-03-13T12:00,3600,0.0,0.0,0.0,0.0,0.0,0.0,0.0,0.0,569.40927234
2024-03-13T13:00,3600,0.0,0.0,0.0,0.0,0.0,0.0,0.0,0.0,408.52034156
2024-03-13T14:00,3600,0.0,0.0,0.0,0.0,0.0,0.0,0.0,0.0,307.53898245
2024-03-13T15:00,3600,0.0,0.0,0.0,0.0,0.0,0.0,0.0,0.0,180.57088592
2024-03-13T16:00,3600,0.0,0.0,0.0,0.0,0.0,0.0,0.0,0.0,55.89674538
2024-03-13T17:00,3600,0.0,0.0,0.0,0.0,0.0,0.0,0.0,0.0,16.459433
2024-03-13T18:00,3600,0.0,0.0,0.0,0.0,0.0,0.0,0.0,0.0,2.90460582
2024-03-13T19:00,3600,0.0,0.0,0.0,0.0,0.0,0.0,0.0,0.0,0.0
2024-03-13T20:00,3600,0.0,0.0,0.0,0.0,0.0,0.0,0.0,0.0,0.0
2024-03-13T21:00,3600,0.0,0.0,0.0,0.0,0.0,0.0,0.0,0.0,0.0
2024-03-13T22:00,3600,0.0,0.0,0.0,0.0,0.0,0.0,0.0,0.0,0.0
2024-03-13T23:00,3600,0.0,0.0,0.0,0.0,0.0,0.0,0.0,0.0,0.0
2024-03-14T00:00,3600,0.0,0.0,0.0,0.0,0.0,0.0,0.0,0.0,0.0
2024-03-14T01:00,3600,0.0,0.0,0.0,0.0,0.0,0.0,0.0,0.0,0.0
2024-03-14T02:00,3600,0.0,0.0,0.0,0.0,0.0,0.0,0.0,0.0,0.0
2024-03-14T03:00,3600,0.0,0.0,0.0,0.0,0.0,0.0,0.0,0.0,0.0
2024-03-14T04:00,3600,0.0,0.0,0.0,0.0,0.0,0.0,0.0,0.0,0.0
2024-03-14T05:00,3600,0.0,0.0,0.0,0.0,0.0,0.0,0.0,0.0,0.0
2024-03-14T06:00,3600,0.0,0.0,0.0,0.0,0.0,0.0,0.0,0.0,0.96820194
2024-03-14T07:00,3600,0.0,0.0,0.0,0.0,0.0,0.0,0.0,0.0,23.16499566
2024-03-14T08:00,3600,0.0,0.0,0.0,0.0,0.0,0.0,0.0,0.0,60.1034389
2024-03-14T09:00,3600,0.0,0.0,0.0,0.0,0.0,0.0,0.0,0.0,101.94233017
2024-03-14T10:00,3600,0.0,0.0,0.0,0.0,0.0,0.0,0.0,0.0,141.1138739
2024-03-14T11:00,3600,0.0,0.0,0.0,0.0,0.0,0.0,0.0,0.0,212.22498977
2024-03-14T12:00,3600,0.0,0.0,0.0,0.0,0.0,0.0,0.0,0.0,156.77005365
2024-03-14T13:00,3600,0.0,0.0,0.0,0.0,0.0,0.0,0.0,0.0,218.09135921
2024-03-14T14:00,3600,0.0,0.0,0.0,0.0,0.0,0.0,0.0,0.0,143.48855784
2024-03-14T15:00,3600,0.0,0.0,0.0,0.0,0.0,0.0,0.0,0.0,89.85480905
2024-03-14T16:00,3600,0.0,0.0,0.0,0.0,0.0,0.0,0.0,0.0,54.41425883
2024-03-14T17:00,3600,0.0,0.0,0.0,0.0,0.0,0.0,0.0,0.0,26.57031089
2024-03-14T18:00,3600,0.0,0.0,0.0,0.0,0.0,0.0,0.0,0.0,2.24043094
2024-03-14T19:00,3600,0.0,0.0,0.0,0.0,0.0,0.0,0.0,0.0,0.0
2024-03-14T20:00,3600,0.0,0.0,0.0,0.0,0.0,0.0,0.0,0.0,0.0
2024-03-14T21:00,3600,0.0,0.0,0.0,0.0,0.0,0.0,0.0,0.0,0.0
2024-03-14T22:00,3600,0.0,0.0,0.0,0.0,0.0,0.0,0.0,0.0,0.0
2024-03-14T23:00,3600,0.0,0.0,0.0,0.0,0.0,0.0,0.0,0.0,0.0
2024-03-15T00:00,3600,0.0,0.0,0.0,0.0,0.0,0.0,0.0,0.0,0.0
2024-03-15T01:00,3600,0.0,0.0,0.0,0.0,0.0,0.0,0.0,0.0,0.0
2024-03-15T02:00,3600,0.0,0.0,0.0,0.0,0.0,0.0,0.0,0.0,0.0
2024-03-15T03:00,3600,0.0,0.0,0.0,0.0,0.0,0.0,0.0,0.0,0.0
2024-03-15T04:00,3600,0.0,0.0,0.0,0.0,0.0,0.0,0.0,0.0,0.0
2024-03-15T05:00,3600,0.0,0.0,0.0,0.0,0.0,0.0,0.0,0.0,0.0
2024-03-15T06:00,3600,0.0,0.0,0.0,0.0,0.0,0.0,0.0,0.0,1.93640388
2024-03-15T07:00,3600,0.0,0.0,0.0,0.0,0.0,0.0,0.0,0.0,29.4605036
2024-03-15T08:00,3600,0.0,0.0,0.0,0.0,0.0,0.0,0.0,0.0,113.22602312
2024-03-15T09:00,3600,0.0,0.0,0.0,0.0,0.0,0.0,0.0,0.0,200.36642793
2024-03-15T10:00,3600,0.0,0.0,0.0,0.0,0.0,0.0,0.0,0.0,326.28876427
2024-03-15T11:00,3600,0.0,0.0,0.0,0.0,0.0,0.0,0.0,0.0,392.66028238
2024-03-15T12:00,3600,0.0,0.0,0.0,0.0,0.0,0.0,0.0,0.0,297.78708505
2024-03-15T13:00,3600,0.0,0.0,0.0,0.0,0.0,0.0,0.0,0.0,214.43522095
2024-03-15T14:00,3600,0.0,0.0,0.0,0.0,0.0,0.0,0.0,0.0,216.77659256
2024-03-15T15:00,3600,0.0,0.0,0.0,0.0,0.0,0.0,0.0,0.0,63.90132813
2024-03-15T16:00,3600,0.0,0.0,0.0,0.0,0.0,0.0,0.0,0.0,33.88706795
2024-03-15T17:00,3600,0.0,0.0,0.0,0.0,0.0,0.0,0.0,0.0,12.58662524
2024-03-15T18:00,3600,0.0,0.0,0.0,0.0,0.0,0.0,0.0,0.0,0.96820194
2024-03-15T19:00,3600,0.0,0.0,0.0,0.0,0.0,0.0,0.0,0.0,0.0
2024-03-15T20:00,3600,0.0,0.0,0.0,0.0,0.0,0.0,0.0,0.0,0.0
2024-03-15T21:00,3600,0.0,0.0,0.0,0.0,0.0,0.0,0.0,0.0,0.0
2024-03-15T22:00,3600,0.0,0.0,0.0,0.0,0.0,0.0,0.0,0.0,0.0
2024-03-15T23:00,3600,0.0,0.0,0.0,0.0,0.0,0.0,0.0,0.0,0.0
2024-03-16T00:00,3600,0.0,0.0,0.0,0.0,0.0,0.0,0.0,0.0,0.0
2024-03-16T01:00,3600,0.0,0.0,0.0,0.0,0.0,0.0,0.0,0.0,0.0
2024-03-16T02:00,3600,0.0,0.0,0.0,0.0,0.0,0.0,0.0,0.0,0.0
2024-03-16T03:00,3600,0.0,0.0,0.0,0.0,0.0,0.0,0.0,0.0,0.0
2024-03-16T04:00,3600,0.0,0.0,0.0,0.0,0.0,0.0,0.0,0.0,0.0
2024-03-16T05:00,3600,0.0,0.0,0.0,0.0,0.0,0.0,0.0,0.0,0.0
2024-03-16T06:00,3600,0.0,0.0,0.0,0.0,0.0,0.0,0.0,0.0,0.96820194
2024-03-16T07:00,3600,0.0,0.0,0.0,0.0,0.0,0.0,0.0,0.0,23.61711633
2024-03-16T08:00,3600,0.0,0.0,0.0,0.0,0.0,0.0,0.0,0.0,95.00406452
2024-03-16T09:00,3600,0.0,0.0,0.0,0.0,0.0,0.0,0.0,0.0,206.8278345
2024-03-16T10:00,3600,0.0,0.0,0.0,0.0,0.0,0.0,0.0,0.0,196.75055293
2024-03-16T11:00,3600,0.0,0.0,0.0,0.0,0.0,0.0,0.0,0.0,306.10644936
2024-03-16T12:00,3600,0.0,0.0,0.0,0.0,0.0,0.0,0.0,0.0,464.34548284
2024-03-16T13:00,3600,0.0,0.0,0.0,0.0,0.0,0.0,0.0,0.0,364.81090879
2024-03-16T14:00,3600,0.0,0.0,0.0,0.0,0.0,0.0,0.0,0.0,414.54967303
2024-03-16T15:00,3600,0.0,0.0,0.0,0.0,0.0,0.0,0.0,0.0,258.70824328
2024-03-16T16:00,3600,0.0,0.0,0.0,0.0,0.0,0.0,0.0,0.0,198.67090352
2024-03-16T17:00,3600,0.0,0.0,0.0,0.0,0.0,0.0,0.0,0.0,72.07625277
2024-03-16T18:00,3600,0.0,0.0,0.0,0.0,0.0,0.0,0.0,0.0,7.32201334
2024-03-16T19:00,3600,0.0,0.0,0.0,0.0,0.0,0.0,0.0,0.0,0.0
2024-03-16T20:00,3600,0.0,0.0,0.0,0.0,0.0,0.0,0.0,0.0,0.0
2024-03-16T21:00,3600,0.0,0.0,0.0,0.0,0.0,0.0,0.0,0.0,0.0
2024-03-16T22:00,3600,0.0,0.0,0.0,0.0,0.0,0.0,0.0,0.0,0.0
2024-03-16T23:00,3600,0.0,0.0,0.0,0.0,0.0,0.0,0.0,0.0,0.0
2024-03-17T00:00,3600,0.0,0.0,0.0,0.0,0.0,0.0,0.0,0.0,0.0
2024-03-17T01:00,3600,0.0,0.0,0.0,0.0,0.0,0.0,0.0,0.0,0.0
2024-03-17T02:00,3600,0.0,0.0,0.0,0.0,0.0,0.0,0.0,0.0,0.0
2024-03-17T03:00,3600,0.0,0.0,0.0,0.0,0.0,0.0,0.0,0.0,0.0
2024-03-17T04:00,3600,0.0,0.0,0.0,0.0,0.0,0.0,0.0,0.0,0.0
2024-03-17T05:00,3600,0.0,0.0,0.0,0.0,0.0,0.0,0.0,0.0,0.0
2024-03-17T06:00,3600,0.0,0.0,0.0,0.0,0.0,0.0,0.0,0.0,1.93640388
2024-03-17T07:00,3600,0.0,0.0,0.0,0.0,0.0,0.0,0.0,0.0,41.55216074
2024-03-17T08:00,3600,0.0,0.0,0.0,0.0,0.0,0.0,0.0,0.0,114.10159362
2024-03-17T09:00,3600,0.0,0.0,0.0,0.0,0.0,0.0,0.0,0.0,312.16581436
2024-03-17T10:00,3600,0.0,0.0,0.0,0.0,0.0,0.0,0.0,0.0,378.2677563
2024-03-17T11:00,3600,0.0,0.0,0.0,0.0,0.0,0.0,0.0,0.0,428.80377439
2024-03-17T12:00,3600,0.0,0.0,0.0,0.0,0.0,0.0,0.0,0.0,491.43583498
2024-03-17T13:00,3600,0.0,0.0,0.0,0.0,0.0,0.0,0.0,0.0,337.98480963
2024-03-17T14:00,3600,0.0,0.0,0.0,0.0,0.0,0.0,0.0,0.0,145.23029121
2024-03-17T15:00,3600,0.0,0.0,0.0,0.0,0.0,0.0,0.0,0.0,102.39815127
2024-03-17T16:00,3600,0.0,0.0,0.0,0.0,0.0,0.0,0.0,0.0,46.78671229
2024-03-17T17:00,3600,0.0,0.0,0.0,0.0,0.0,0.0,0.0,0.0,44.25365038
2024-03-17T18:00,3600,0.0,0.0,0.0,0.0,0.0,0.0,0.0,0.0,7.29041476
2024-03-17T19:00,3600,0.0,0.0,0.0,0.0,0.0,0.0,0.0,0.0,0.0
2024-03-17T20:00,3600,0.0,0.0,0.0,0.0,0.0,0.0,0.0,0.0,0.0
2024-03-17T21:00,3600,0.0,0.0,0.0,0.0,0.0,0.0,0.0,0.0,0.0
2024-03-17T22:00,3600,0.0,0.0,0.0,0.0,0.0,0.0,0.0,0.0,0.0
2024-03-17T23:00,3600,0.0,0.0,0.0,0.0,0.0,0.0,0.0,0.0,0.0
2024-03-18T00:00,3600,0.0,0.0,0.0,0.0,0.0,0.0,0.0,0.0,0.0
2024-03-18T01:00,3600,0.0,0.0,0.0,0.0,0.0,0.0,0.0,0.0,0.0
2024-03-18T02:00,3600,0.0,0.0,0.0,0.0,0.0,0.0,0.0,0.0,0.0
2024-03-18T03:00,3600,0.0,0.0,0.0,0.0,0.0,0.0,0.0,0.0,0.0
2024-03-18T04:00,3600,0.0,0.0,0.0,0.0,0.0,0.0,0.0,0.0,0.0
2024-03-18T05:00,3600,0.0,0.0,0.0,0.0,0.0,0.0,0.0,0.0,0.0
2024-03-18T06:00,3600,0.0,0.0,0.0,0.0,0.0,0.0,0.0,0.0,3.87280777
2024-03-18T07:00,3600,0.0,0.0,0.0,0.0,0.0,0.0,0.0,0.0,66.63773141
2024-03-18T08:00,3600,0.0,0.0,0.0,0.0,0.0,0.0,0.0,0.0,185.55932544
2024-03-18T09:00,3600,0.0,0.0,0.0,0.0,0.0,0.0,0.0,0.0,321.88884619
2024-03-18T10:00,3600,0.0,0.0,0.0,0.0,0.0,0.0,0.0,0.0,391.80421812
2024-03-18T11:00,3600,0.0,0.0,0.0,0.0,0.0,0.0,0.0,0.0,495.61545134
2024-03-18T12:00,3600,0.0,0.0,0.0,0.0,0.0,0.0,0.0,0.0,514.01334388
2024-03-18T13:00,3600,0.0,0.0,0.0,0.0,0.0,0.0,0.0,0.0,521.30383176
2024-03-18T14:00,3600,0.0,0.0,0.0,0.0,0.0,0.0,0.0,0.0,185.16745374
2024-03-18T15:00,3600,0.0,0.0,0.0,0.0,0.0,0.0,0.0,0.0,246.59899723
2024-03-18T16:00,3600,0.0,0.0,0.0,0.0,0.0,0.0,0.0,0.0,206.97574354
2024-03-18T17:00,3600,0.0,0.0,0.0,0.0,0.0,0.0,0.0,0.0,73.19170368
2024-03-18T18:00,3600,0.0,0.0,0.0,0.0,0.0,0.0,0.0,0.0,8.22716612
2024-03-18T19:00,3600,0.0,0.0,0.0,0.0,0.0,0.0,0.0,0.0,0.0
2024-03-18T20:00,3600,0.0,0.0,0.0,0.0,0.0,0.0,0.0,0.0,0.0
2024-03-18T21:00,3600,0.0,0.0,0.0,0.0,0.0,0.0,0.0,0.0,0.0
2024-03-18T22:00,3600,0.0,0.0,0.0,0.0,0.0,0.0,0.0,0.0,0.0
2024-03-18T23:00,3600,0.0,0.0,0.0,0.0,0.0,0.0,0.0,0.0,0.0
2024-03-19T00:00,3600,0.0,0.0,0.0,0.0,0.0,0.0,0.0,0.0,0.0
2024-03-19T01:00,3600,0.0,0.0,0.0,0.0,0.0,0.0,0.0,0.0,0.0
2024-03-19T02:00,3600,0.0,0.0,0.0,0.0,0.0,0.0,0.0,0.0,0.0
2024-03-19T03:00,3600,0.0,0.0,0.0,0.0,0.0,0.0,0.0,0.0,0.0
2024-03-19T04:00,3600,0.0,0.0,0.0,0.0,0.0,0.0,0.0,0.0,0.0
2024-03-19T05:00,3600,0.0,0.0,0.0,0.0,0.0,0.0,0.0,0.0,0.0
2024-03-19T06:00,3600,0.0,0.0,0.0,0.0,0.0,0.0,0.0,0.0,1.93640388
2024-03-19T07:00,3600,0.0,0.0,0.0,0.0,0.0,0.0,0.0,0.0,14.52302912
2024-03-19T08:00,3600,0.0,0.0,0.0,0.0,0.0,0.0,0.0,0.0,30.98246212
2024-03-19T09:00,3600,0.0,0.0,0.0,0.0,0.0,0.0,0.0,0.0,70.67874172
2024-03-19T10:00,3600,0.0,0.0,0.0,0.0,0.0,0.0,0.0,0.0,79.39255919
2024-03-19T11:00,3600,0.0,0.0,0.0,0.0,0.0,0.0,0.0,0.0,141.22520726
2024-03-19T12:00,3600,0.0,0.0,0.0,0.0,0.0,0.0,0.0,0.0,310.90678739
2024-03-19T13:00,3600,0.0,0.0,0.0,0.0,0.0,0.0,0.0,0.0,326.56203701
2024-03-19T14:00,3600,0.0,0.0,0.0,0.0,0.0,0.0,0.0,0.0,692.9646574
2024-03-19T15:00,3600,0.0,0.0,0.0,0.0,0.0,0.0,0.0,0.0,601.04112451
2024-03-19T16:00,3600,0.0,0.0,0.0,0.0,0.0,0.0,0.0,0.0,400.20111032
2024-03-19T17:00,3600,0.0,0.0,0.0,0.0,0.0,0.0,0.0,0.0,178.40364103
2024-03-19T18:00,3600,0.0,0.0,0.0,0.0,0.0,0.0,0.0,0.0,12.97332978
2024-03-19T19:00,3600,0.0,0.0,0.0,0.0,0.0,0.0,0.0,0.0,0.0
2024-03-19T20:00,3600,0.0,0.0,0.0,0.0,0.0,0.0,0.0,0.0,0.0
2024-03-19T21:00,3600,0.0,0.0,0.0,0.0,0.0,0.0,0.0,0.0,0.0
2024-03-19T22:00,3600,0.0,0.0,0.0,0.0,0.0,0.0,0.0,0.0,0.0
2024-03-19T23:00,3600,0.0,0.0,0.0,0.0,0.0,0.0,0.0,0.0,0.0
2024-03-20T00:00,3600,0.0,0.0,0.0,0.0,0.0,0.0,0.0,0.0,0.0
2024-03-20T01:00,3600,0.0,0.0,0.0,0.0,0.0,0.0,0.0,0.0,0.0
2024-03-20T02:00,3600,0.0,0.0,0.0,0.0,0.0,0.0,0.0,0.0,0.0
2024-03-20T03:00,3600,0.0,0.0,0.0,0.0,0.0,0.0,0.0,0.0,0.0
2024-03-20T04:00,3600,0.0,0.0,0.0,0.0,0.0,0.0,0.0,0.0,0.0
2024-03-20T05:00,3600,0.0,0.0,0.0,0.0,0.0,0.0,0.0,0.0,0.0
2024-03-20T06:00,3600,0.0,0.0,0.0,0.0,0.0,0.0,0.0,0.0,6.79331262
2024-03-20T07:00,3600,0.0,0.0,0.0,0.0,0.0,0.0,0.0,0.0,144.36239603
2024-03-20T08:00,3600,0.0,0.0,0.0,0.0,0.0,0.0,0.0,0.0,357.15402691
2024-03-20T09:00,3600,0.0,0.0,0.0,0.0,0.0,0.0,0.0,0.0,609.00661653
2024-03-20T10:00,3600,0.0,0.0,0.0,0.0,0.0,0.0,0.0,0.0,806.22932583
2024-03-20T11:00,3600,0.0,0.0,0.0,0.0,0.0,0.0,0.0,0.0,924.87053208
2024-03-20T12:00,3600,0.0,0.0,0.0,0.0,0.0,0.0,0.0,0.0,968.26961719
2024-03-20T13:00,3600,0.0,0.0,0.0,0.0,0.0,0.0,0.0,0.0,949.5986143
2024-03-20T14:00,3600,0.0,0.0,0.0,0.0,0.0,0.0,0.0,0.0,827.77469731
2024-03-20T15:00,3600,0.0,0.0,0.0,0.0,0.0,0.0,0.0,0.0,605.55173403
2024-03-20T16:00,3600,0.0,0.0,0.0,0.0,0.0,0.0,0.0,0.0,355.50013352
2024-03-20T17:00,3600,0.0,0.0,0.0,0.0,0.0,0.0,0.0,0.0,155.20800506
2024-03-20T18:00,3600,0.0,0.0,0.0,0.0,0.0,0.0,0.0,0.0,14.18563222
2024-03-20T19:00,3600,0.0,0.0,0.0,0.0,0.0,0.0,0.0,0.0,0.0
2024-03-20T20:00,3600,0.0,0.0,0.0,0.0,0.0,0.0,0.0,0.0,0.0
2024-03-20T21:00,3600,0.0,0.0,0.0,0.0,0.0,0.0,0.0,0.0,0.0
2024-03-20T22:00,3600,0.0,0.0,0.0,0.0,0.0,0.0,0.0,0.0,0.0
2024-03-20T23:00,3600,0.0,0.0,0.0,0.0,0.0,0.0,0.0,0.0,0.0
2024-03-21T00:00,3600,0.0,0.0,0.0,0.0,0.0,0.0,0.0,0.0,0.0
2024-03-21T01:00,3600,0.0,0.0,0.0,0.0,0.0,0.0,0.0,0.0,0.0
2024-03-21T02:00,3600,0.0,0.0,0.0,0.0,0.0,0.0,0.0,0.0,0.0
2024-03-21T03:00,3600,0.0,0.0,0.0,0.0,0.0,0.0,0.0,0.0,0.0
2024-03-21T04:00,3600,0.0,0.0,0.0,0.0,0.0,0.0,0.0,0.0,0.0
2024-03-21T05:00,3600,0.0,0.0,0.0,0.0,0.0,0.0,0.0,0.0,0.0
2024-03-21T06:00,3600,0.0,0.0,0.0,0.0,0.0,0.0,0.0,0.0,5.82511068
2024-03-21T07:00,3600,0.0,0.0,0.0,0.0,0.0,0.0,0.0,0.0,116.49254317
2024-03-21T08:00,3600,0.0,0.0,0.0,0.0,0.0,0.0,0.0,0.0,325.64465984
2024-03-21T09:00,3600,0.0,0.0,0.0,0.0,0.0,0.0,0.0,0.0,496.14315528
2024-03-21T10:00,3600,0.0,0.0,0.0,0.0,0.0,0.0,0.0,0.0,654.13918164
2024-03-21T11:00,3600,0.0,0.0,0.0,0.0,0.0,0.0,0.0,0.0,717.69738581
2024-03-21T12:00,3600,0.0,0.0,0.0,0.0,0.0,0.0,0.0,0.0,804.69282367
2024-03-21T13:00,3600,0.0,0.0,0.0,0.0,0.0,0.0,0.0,0.0,859.17244528
2024-03-21T14:00,3600,0.0,0.0,0.0,0.0,0.0,0.0,0.0,0.0,752.65056756
2024-03-21T15:00,3600,0.0,0.0,0.0,0.0,0.0,0.0,0.0,0.0,460.89875639
2024-03-21T16:00,3600,0.0,0.0,0.0,0.0,0.0,0.0,0.0,0.0,305.33554937
2024-03-21T17:00,3600,0.0,0.0,0.0,0.0,0.0,0.0,0.0,0.0,131.41375537
2024-03-21T18:00,3600,0.0,0.0,0.0,0.0,0.0,0.0,0.0,0.0,11.62687493
2024-03-21T19:00,3600,0.0,0.0,0.0,0.0,0.0,0.0,0.0,0.0,0.0
2024-03-21T20:00,3600,0.0,0.0,0.0,0.0,0.0,0.0,0.0,0.0,0.0
2024-03-21T21:00,3600,0.0,0.0,0.0,0.0,0.0,0.0,0.0,0.0,0.0
2024-03-21T22:00,3600,0.0,0.0,0.0,0.0,0.0,0.0,0.0,0.0,0.0
2024-03-21T23:00,3600,0.0,0.0,0.0,0.0,0.0,0.0,0.0,0.0,0.0
2024-03-22T00:00,3600,0.0,0.0,0.0,0.0,0.0,0.0,0.0,0.0,0.0
2024-03-22T01:00,3600,0.0,0.0,0.0,0.0,0.0,0.0,0.0,0.0,0.0
2024-03-22T02:00,3600,0.0,0.0,0.0,0.0,0.0,0.0,0.0,0.0,0.0
2024-03-22T03:00,3600,0.0,0.0,0.0,0.0,0.0,0.0,0.0,0.0,0.0
2024-03-22T04:00,3600,0.0,0.0,0.0,0.0,0.0,0.0,0.0,0.0,0.0
2024-03-22T05:00,3600,0.0,0.0,0.0,0.0,0.0,0.0,0.0,0.0,0.0
2024-03-22T06:00,3600,0.0,0.0,0.0,0.0,0.0,0.0,0.0,0.0,4.84895922
2024-03-22T07:00,3600,0.0,0.0,0.0,0.0,0.0,0.0,0.0,0.0,86.03883588
2024-03-22T08:00,3600,0.0,0.0,0.0,0.0,0.0,0.0,0.0,0.0,226.90467996
2024-03-22T09:00,3600,0.0,0.0,0.0,0.0,0.0,0.0,0.0,0.0,390.11369591
2024-03-22T10:00,3600,0.0,0.0,0.0,0.0,0.0,0.0,0.0,0.0,474.50183421
2024-03-22T11:00,3600,0.0,0.0,0.0,0.0,0.0,0.0,0.0,0.0,384.41610222
2024-03-22T12:00,3600,0.0,0.0,0.0,0.0,0.0,0.0,0.0,0.0,369.39880722
2024-03-22T13:00,3600,0.0,0.0,0.0,0.0,0.0,0.0,0.0,0.0,415.80950795
2024-03-22T14:00,3600,0.0,0.0,0.0,0.0,0.0,0.0,0.0,0.0,327.30082263
2024-03-22T15:00,3600,0.0,0.0,0.0,0.0,0.0,0.0,0.0,0.0,145.85363483
2024-03-22T16:00,3600,0.0,0.0,0.0,0.0,0.0,0.0,0.0,0.0,194.51712163
2024-03-22T17:00,3600,0.0,0.0,0.0,0.0,0.0,0.0,0.0,0.0,107.71571396
2024-03-22T18:00,3600,0.0,0.0,0.0,0.0,0.0,0.0,0.0,0.0,12.94641042
2024-03-22T19:00,3600,0.0,0.0,0.0,0.0,0.0,0.0,0.0,0.0,0.0
2024-03-22T20:00,3600,0.0,0.0,0.0,0.0,0.0,0.0,0.0,0.0,0.0
2024-03-22T21:00,3600,0.0,0.0,0.0,0.0,0.0,0.0,0.0,0.0,0.0
2024-03-22T22:00,3600,0.0,0.0,0.0,0.0,0.0,0.0,0.0,0.0,0.0
2024-03-22T23:00,3600,0.0,0.0,0.0,0.0,0.0,0.0,0.0,0.0,0.0
2024-03-23T00:00,3600,0.0,0.0,0.0,0.0,0.0,0.0,0.0,0.0,0.0
2024-03-23T01:00,3600,0.0,0.0,0.0,0.0,0.0,0.0,0.0,0.0,0.0
2024-03-23T02:00,3600,0.0,0.0,0.0,0.0,0.0,0.0,0.0,0.0,0.0
2024-03-23T03:00,3600,0.0,0.0,0.0,0.0,0.0,0.0,0.0,0.0,0.0
2024-03-23T04:00,3600,0.0,0.0,0.0,0.0,0.0,0.0,0.0,0.0,0.0
2024-03-23T05:00,3600,0.0,0.0,0.0,0.0,0.0,0.0,0.0,0.0,0.0
2024-03-23T06:00,3600,0.0,0.0,0.0,0.0,0.0,0.0,0.0,0.0,5.80921165
2024-03-23T07:00,3600,0.0,0.0,0.0,0.0,0.0,0.0,0.0,0.0,56.60366267
2024-03-23T08:00,3600,0.0,0.0,0.0,0.0,0.0,0.0,0.0,0.0,189.84486224
2024-03-23T09:00,3600,0.0,0.0,0.0,0.0,0.0,0.0,0.0,0.0,266.72096229
2024-03-23T10:00,3600,0.0,0.0,0.0,0.0,0.0,0.0,0.0,0.0,390.74906047
2024-03-23T11:00,3600,0.0,0.0,0.0,0.0,0.0,0.0,0.0,0.0,416.21620084
2024-03-23T12:00,3600,0.0,0.0,0.0,0.0,0.0,0.0,0.0,0.0,441.09345758
2024-03-23T13:00,3600,0.0,0.0,0.0,0.0,0.0,0.0,0.0,0.0,404.72481047
2024-03-23T14:00,3600,0.0,0.0,0.0,0.0,0.0,0.0,0.0,0.0,324.55922724
2024-03-23T15:00,3600,0.0,0.0,0.0,0.0,0.0,0.0,0.0,0.0,236.11845466
2024-03-23T16:00,3600,0.0,0.0,0.0,0.0,0.0,0.0,0.0,0.0,236.50164391
2024-03-23T17:00,3600,0.0,0.0,0.0,0.0,0.0,0.0,0.0,0.0,100.91060616
2024-03-23T18:00,3600,0.0,0.0,0.0,0.0,0.0,0.0,0.0,0.0,10.01315499
2024-03-23T19:00,3600,0.0,0.0,0.0,0.0,0.0,0.0,0.0,0.0,0.0
2024-03-23T20:00,3600,0.0,0.0,0.0,0.0,0.0,0.0,0.0,0.0,0.0
2024-03-23T21:00,3600,0.0,0.0,0.0,0.0,0.0,0.0,0.0,0.0,0.0
2024-03-23T22:00,3600,0.0,0.0,0.0,0.0,0.0,0.0,0.0,0.0,0.0
2024-03-23T23:00,3600,0.0,0.0,0.0,0.0,0.0,0.0,0.0,0.0,0.0
2024-03-24T00:00,3600,0.0,0.0,0.0,0.0,0.0,0.0,0.0,0.0,0.0
2024-03-24T01:00,3600,0.0,0.0,0.0,0.0,0.0,0.0,0.0,0.0,0.0
2024-03-24T02:00,3600,0.0,0.0,0.0,0.0,0.0,0.0,0.0,0.0,0.0
2024-03-24T03:00,3600,0.0,0.0,0.0,0.0,0.0,0.0,0.0,0.0,0.0
2024-03-24T04:00,3600,0.0,0.0,0.0,0.0,0.0,0.0,0.0,0.0,0.0
2024-03-24T05:00,3600,0.0,0.0,0.0,0.0,0.0,0.0,0.0,0.0,0.0
2024-03-24T06:00,3600,0.0,0.0,0.0,0.0,0.0,0.0,0.0,0.0,2.90460582
2024-03-24T07:00,3600,0.0,0.0,0.0,0.0,0.0,0.0,0.0,0.0,43.73131436
2024-03-24T08:00,3600,0.0,0.0,0.0,0.0,0.0,0.0,0.0,0.0,189.10897473
2024-03-24T09:00,3600,0.0,0.0,0.0,0.0,0.0,0.0,0.0,0.0,470.45036198
2024-03-24T10:00,3600,0.0,0.0,0.0,0.0,0.0,0.0,0.0,0.0,562.18456516
2024-03-24T11:00,3600,0.0,0.0,0.0,0.0,0.0,0.0,0.0,0.0,695.92234616
2024-03-24T12:00,3600,0.0,0.0,0.0,0.0,0.0,0.0,0.0,0.0,660.07663697
2024-03-24T13:00,3600,0.0,0.0,0.0,0.0,0.0,0.0,0.0,0.0,683.94297077
2024-03-24T14:00,3600,0.0,0.0,0.0,0.0,0.0,0.0,0.0,0.0,568.51248054
2024-03-24T15:00,3600,0.0,0.0,0.0,0.0,0.0,0.0,0.0,0.0,378.92087044
2024-03-24T16:00,3600,0.0,0.0,0.0,0.0,0.0,0.0,0.0,0.0,239.0235479
2024-03-24T17:00,3600,0.0,0.0,0.0,0.0,0.0,0.0,0.0,0.0,131.90499738
2024-03-24T18:00,3600,0.0,0.0,0.0,0.0,0.0,0.0,0.0,0.0,12.52223861
2024-03-24T19:00,3600,0.0,0.0,0.0,0.0,0.0,0.0,0.0,0.0,0.0
2024-03-24T20:00,3600,0.0,0.0,0.0,0.0,0.0,0.0,0.0,0.0,0.0
2024-03-24T21:00,3600,0.0,0.0,0.0,0.0,0.0,0.0,0.0,0.0,0.0
2024-03-24T22:00,3600,0.0,0.0,0.0,0.0,0.0,0.0,0.0,0.0,0.0
2024-03-24T23:00,3600,0.0,0.0,0.0,0.0,0.0,0.0,0.0,0.0,0.0
2024-03-25T00:00,3600,0.0,0.0,0.0,0.0,0.0,0.0,0.0,0.0,0.0
2024-03-25T01:00,3600,0.0,0.0,0.0,0.0,0.0,0.0,0.0,0.0,0.0
2024-03-25T02:00,3600,0.0,0.0,0.0,0.0,0.0,0.0,0.0,0.0,0.0
2024-03-25T03:00,3600,0.0,0.0,0.0,0.0,0.0,0.0,0.0,0.0,0.0
2024-03-25T04:00,3600,0.0,0.0,0.0,0.0,0.0,0.0,0.0,0.0,0.0
2024-03-25T05:00,3600,0.0,0.0,0.0,0.0,0.0,0.0,0.0,0.0,0.0
2024-03-25T06:00,3600,0.0,0.0,0.0,0.0,0.0,0.0,0.0,0.0,3.88075728
2024-03-25T07:00,3600,0.0,0.0,0.0,0.0,0.0,0.0,0.0,0.0,52.22942549
2024-03-25T08:00,3600,0.0,0.0,0.0,0.0,0.0,0.0,0.0,0.0,183.76356426
2024-03-25T09:00,3600,0.0,0.0,0.0,0.0,0.0,0.0,0.0,0.0,296.12428568
2024-03-25T10:00,3600,0.0,0.0,0.0,0.0,0.0,0.0,0.0,0.0,466.58172531
2024-03-25T11:00,3600,0.0,0.0,0.0,0.0,0.0,0.0,0.0,0.0,468.76982992
2024-03-25T12:00,3600,0.0,0.0,0.0,0.0,0.0,0.0,0.0,0.0,525.449203
2024-03-25T13:00,3600,0.0,0.0,0.0,0.0,0.0,0.0,0.0,0.0,587.95758242
2024-03-25T14:00,3600,0.0,0.0,0.0,0.0,0.0,0.0,0.0,0.0,567.4576351
2024-03-25T15:00,3600,0.0,0.0,0.0,0.0,0.0,0.0,0.0,0.0,459.05474408
2024-03-25T16:00,3600,0.0,0.0,0.0,0.0,0.0,0.0,0.0,0.0,275.33466912
2024-03-25T17:00,3600,0.0,0.0,0.0,0.0,0.0,0.0,0.0,0.0,129.31183012
2024-03-25T18:00,3600,1.0150017538474705,0.0,0.0,1.0150017538474705,0.0,0.0,0.0,0.0,10.36292298
2024-03-25T19:00,3600,1.0085583779429157,0.0,0.0,1.0085583779429157,0.0,0.0,0.0,0.0,0.0
2024-03-25T20:00,3600,0.8435845761721065,0.0,0.0,0.8435845761721065,0.0,0.0,0.0,0.0,0.0
2024-03-25T21:00,3600,0.39475715827606805,0.0,0.0,0.39475715827606805,0.0,0.0,0.0,0.0,0.0
2024-03-25T22:00,3600,0.36805593168052714,0.0,0.0,0.36805593168052714,0.0,0.0,0.0,0.0,0.0
2024-03-25T23:00,3600,0.3502985790859299,0.0,0.0,0.3502985790859299,0.0,0.0,0.0,0.0,0.0
2024-03-26T00:00,3600,0.0,0.0,0.0,0.0,0.0,0.0,0.0,0.0,0.0
2024-03-26T01:00,3600,0.0,0.0,0.0,0.0,0.0,0.0,0.0,0.0,0.0
2024-03-26T02:00,3600,0.0,0.0,0.0,0.0,0.0,0.0,0.0,0.0,0.0
2024-03-26T03:00,3600,0.0,0.0,0.0,0.0,0.0,0.0,0.0,0.0,0.0
2024-03-26T04:00,3600,0.0,0.0,0.0,0.0,0.0,0.0,0.0,0.0,0.0
2024-03-26T05:00,3600,0.0,0.0,0.0,0.0,0.0,0.0,0.0,0.0,0.0
2024-03-26T06:00,3600,0.0,0.0,0.0,0.0,0.0,0.0,0.0,0.0,2.90460582
2024-03-26T07:00,3600,0.0,0.0,0.0,0.0,0.0,0.0,0.0,0.0,35.87811554
2024-03-26T08:00,3600,0.0,0.0,0.0,0.0,0.0,0.0,0.0,0.0,85.50413855
2024-03-26T09:00,3600,0.0,0.0,0.0,0.0,0.0,0.0,0.0,0.0,162.95506832
2024-03-26T10:00,3600,0.0,0.0,0.0,0.0,0.0,0.0,0.0,0.0,306.16750443
2024-03-26T11:00,3600,0.0,0.0,0.0,0.0,0.0,0.0,0.0,0.0,324.8339429
2024-03-26T12:00,3600,0.0,0.0,0.0,0.0,0.0,0.0,0.0,0.0,438.05697664
2024-03-26T13:00,3600,0.0,0.0,0.0,0.0,0.0,0.0,0.0,0.0,647.38543811
2024-03-26T14:00,3600,0.0,0.0,0.0,0.0,0.0,0.0,0.0,0.0,775.35453197
2024-03-26T15:00,3600,0.0,0.0,0.0,0.0,0.0,0.0,0.0,0.0,617.13360863
2024-03-26T16:00,3600,0.0,0.0,0.0,0.0,0.0,0.0,0.0,0.0,392.92968822
2024-03-26T17:00,3600,0.0,0.0,0.0,0.0,0.0,0.0,0.0,0.0,166.32573391
2024-03-26T18:00,3600,0.9440781969148042,0.0,0.0,0.9440781969148042,0.0,0.0,0.0,0.0,13.31882282
2024-03-26T19:00,3600,0.9365320298682595,0.0,0.0,0.9365320298682595,0.0,0.0,0.0,0.0,0.0
2024-03-26T20:00,3600,0.4891198610202434,0.0,0.0,0.4891198610202434,0.0,0.0,0.0,0.0,0.0
2024-03-26T21:00,3600,0.2623291212643684,0.0,0.0,0.2623291212643684,0.0,0.0,0.0,0.0,0.0
2024-03-26T22:00,3600,0.23108510273930452,0.0,0.0,0.23108510273930452,0.0,0.0,0.0,0.0,0.0
2024-03-26T23:00,3600,0.22712047825126824,0.0,0.0,0.22712047825126824,0.0,0.0,0.0,0.0,0.0
2024-03-27T00:00,3600,0.0,0.0,0.0,0.0,0.0,0.0,0.0,0.0,0.0
2024-03-27T01:00,3600,0.0,0.0,0.0,0.0,0.0,0.0,0.0,0.0,0.0
2024-03-27T02:00,3600,0.0,0.0,0.0,0.0,0.0,0.0,0.0,0.0,0.0
2024-03-27T03:00,3600,0.0,0.0,0.0,0.0,0.0,0.0,0.0,0.0,0.0
2024-03-27T04:00,3600,0.0,0.0,0.0,0.0,0.0,0.0,0.0,0.0,0.0
2024-03-27T05:00,3600,0.0,0.0,0.0,0.0,0.0,0.0,0.0,0.0,0.0
2024-03-27T06:00,3600,0.0,0.0,0.0,0.0,0.0,0.0,0.0,0.0,8.72176699
2024-03-27T07:00,3600,0.0,0.0,0.0,0.0,0.0,0.0,0.0,0.0,117.40555573
2024-03-27T08:00,3600,0.0,0.0,0.0,0.0,0.0,0.0,0.0,0.0,260.22153243
2024-03-27T09:00,3600,0.0,0.0,0.0,0.0,0.0,0.0,0.0,0.0,406.84826388
2024-03-27T10:00,3600,0.0,0.0,0.0,0.0,0.0,0.0,0.0,0.0,384.7304829
2024-03-27T11:00,3600,0.0,0.0,0.0,0.0,0.0,0.0,0.0,0.0,370.26588958
2024-03-27T12:00,3600,0.0,0.0,0.0,0.0,0.0,0.0,0.0,0.0,398.38438874
2024-03-27T13:00,3600,0.0,0.0,0.0,0.0,0.0,0.0,0.0,0.0,310.61747461
2024-03-27T14:00,3600,0.0,0.0,0.0,0.0,0.0,0.0,0.0,0.0,285.42460227
2024-03-27T15:00,3600,0.0,0.0,0.0,0.0,0.0,0.0,0.0,0.0,308.83640766
2024-03-27T16:00,3600,0.0,0.0,0.0,0.0,0.0,0.0,0.0,0.0,201.17684613
2024-03-27T17:00,3600,0.0,0.0,0.0,0.0,0.0,0.0,0.0,0.0,85.96926111
2024-03-27T18:00,3600,0.9590402131316903,0.0,0.0,0.9590402131316903,0.0,0.0,0.0,0.0,13.66309821
2024-03-27T19:00,3600,0.6462500531647178,0.0,0.0,0.6462500531647178,0.0,0.0,0.0,0.0,0.0
2024-03-27T20:00,3600,0.280578987398236,0.0,0.0,0.280578987398236,0.0,0.0,0.0,0.0,0.0
2024-03-27T21:00,3600,0.2580934644284916,0.0,0.0,0.2580934644284916,0.0,0.0,0.0,0.0,0.0
2024-03-27T22:00,3600,0.23871796941468615,0.0,0.0,0.23871796941468615,0.0,0.0,0.0,0.0,0.0
2024-03-27T23:00,3600,0.22995186070038715,0.0,0.0,0.22995186070038715,0.0,0.0,0.0,0.0,0.0
2024-03-28T00:00,3600,0.0,0.0,0.0,0.0,0.0,0.0,0.0,0.0,0.0
2024-03-28T01:00,3600,0.0,0.0,0.0,0.0,0.0,0.0,0.0,0.0,0.0
2024-03-28T02:00,3600,0.0,0.0,0.0,0.0,0.0,0.0,0.0,0.0,0.0
2024-03-28T03:00,3600,0.0,0.0,0.0,0.0,0.0,0.0,0.0,0.0,0.0
2024-03-28T04:00,3600,0.0,0.0,0.0,0.0,0.0,0.0,0.0,0.0,0.0
2024-03-28T05:00,3600,0.0,0.0,0.0,0.0,0.0,0.0,0.0,0.0,0.0
2024-03-28T06:00,3600,0.0,0.0,0.0,0.0,0.0,0.0,0.0,0.0,5.81716116
2024-03-28T07:00,3600,0.0,0.0,0.0,0.0,0.0,0.0,0.0,0.0,37.83932378
2024-03-28T08:00,3600,0.0,0.0,0.0,0.0,0.0,0.0,0.0,0.0,57.1963478
2024-03-28T09:00,3600,0.0,0.0,0.0,0.0,0.0,0.0,0.0,0.0,148.40340511
2024-03-28T10:00,3600,0.0,0.0,0.0,0.0,0.0,0.0,0.0,0.0,459.10955504
2024-03-28T11:00,3600,0.0,0.0,0.0,0.0,0.0,0.0,0.0,0.0,634.96664335
2024-03-28T12:00,3600,0.0,0.0,0.0,0.0,0.0,0.0,0.0,0.0,625.35019564
2024-03-28T13:00,3600,0.0,0.0,0.0,0.0,0.0,0.0,0.0,0.0,565.37586867
2024-03-28T14:00,3600,0.0,0.0,0.0,0.0,0.0,0.0,0.0,0.0,551.18204067
2024-03-28T15:00,3600,0.0,0.0,0.0,0.0,0.0,0.0,0.0,0.0,384.00245079
2024-03-28T16:00,3600,0.0,0.0,0.0,0.0,0.0,0.0,0.0,0.0,221.39701527
2024-03-28T17:00,3600,0.0,0.0,0.0,0.0,0.0,0.0,0.0,0.0,85.65394242
2024-03-28T18:00,3600,0.9913648191562017,0.0,0.0,0.9913648191562017,0.0,0.0,0.0,0.0,13.83754073
2024-03-28T19:00,3600,0.9964243237150594,0.0,0.0,0.9964243237150594,0.0,0.0,0.0,0.0,0.0
2024-03-28T20:00,3600,0.434149512241556,0.0,0.0,0.434149512241556,0.0,0.0,0.0,0.0,0.0
2024-03-28T21:00,3600,0.34197661540598756,0.0,0.0,0.34197661540598756,0.0,0.0,0.0,0.0,0.0
2024-03-28T22:00,3600,0.30902428442837954,0.0,0.0,0.30902428442837954,0.0,0.0,0.0,0.0,0.0
2024-03-28T23:00,3600,0.2798994105204076,0.0,0.0,0.2798994105204076,0.0,0.0,0.0,0.0,0.0
2024-03-29T00:00,3600,0.0,0.0,0.0,0.0,0.0,0.0,0.0,0.0,0.0
2024-03-29T01:00,3600,0.0,0.0,0.0,0.0,0.0,0.0,0.0,0.0,0.0
2024-03-29T02:00,3600,0.0,0.0,0.0,0.0,0.0,0.0,0.0,0.0,0.0
2024-03-29T03:00,3600,0.0,0.0,0.0,0.0,0.0,0.0,0.0,0.0,0.0
2024-03-29T04:00,3600,0.0,0.0,0.0,0.0,0.0,0.0,0.0,0.0,0.0
2024-03-29T05:00,3600,0.0,0.0,0.0,0.0,0.0,0.0,0.0,0.0,0.0
2024-03-29T06:00,3600,0.0,0.0,0.0,0.0,0.0,0.0,0.0,0.0,8.71381747
2024-03-29T07:00,3600,0.0,0.0,0.0,0.0,0.0,0.0,0.0,0.0,96.2050517
2024-03-29T08:00,3600,0.0,0.0,0.0,0.0,0.0,0.0,0.0,0.0,268.78866504
2024-03-29T09:00,3600,0.0,0.0,0.0,0.0,0.0,0.0,0.0,0.0,469.11612824
2024-03-29T10:00,3600,0.0,0.0,0.0,0.0,0.0,0.0,0.0,0.0,579.0434969
2024-03-29T11:00,3600,0.0,0.0,0.0,0.0,0.0,0.0,0.0,0.0,733.44001399
2024-03-29T12:00,3600,0.0,0.0,0.0,0.0,0.0,0.0,0.0,0.0,828.7477307
2024-03-29T13:00,3600,0.0,0.0,0.0,0.0,0.0,0.0,0.0,0.0,666.76823758
2024-03-29T14:00,3600,0.0,0.0,0.0,0.0,0.0,0.0,0.0,0.0,699.01518679
2024-03-29T15:00,3600,0.0,0.0,0.0,0.0,0.0,0.0,0.0,0.0,454.6884797
2024-03-29T16:00,3600,0.0,0.0,0.0,0.0,0.0,0.0,0.0,0.0,216.73721083
2024-03-29T17:00,3600,0.0,0.0,0.0,0.0,0.0,0.0,0.0,0.0,66.91878557
2024-03-29T18:00,3600,0.9844892017186901,0.0,0.0,0.9844892017186901,0.0,0.0,0.0,0.0,11.69893067
2024-03-29T19:00,3600,0.9719936707450089,0.0,0.0,0.9719936707450089,0.0,0.0,0.0,0.0,0.0
2024-03-29T20:00,3600,0.9936096429546915,0.0,0.0,0.9936096429546915,0.0,0.0,0.0,0.0,0.0
2024-03-29T21:00,3600,0.49407612841620985,0.0,0.0,0.49407612841620985,0.0,0.0,0.0,0.0,0.0
2024-03-29T22:00,3600,0.3016019416475214,0.0,0.0,0.3016019416475214,0.0,0.0,0.0,0.0,0.0
2024-03-29T23:00,3600,0.29743350973218846,0.0,0.0,0.29743350973218846,0.0,0.0,0.0,0.0,0.0
2024-03-30T00:00,3600,0.0,0.0,0.0,0.0,0.0,0.0,0.0,0.0,0.0
2024-03-30T01:00,3600,0.0,0.0,0.0,0.0,0.0,0.0,0.0,0.0,0.0
2024-03-30T02:00,3600,0.0,0.0,0.0,0.0,0.0,0.0,0.0,0.0,0.0
2024-03-30T03:00,3600,0.0,0.0,0.0,0.0,0.0,0.0,0.0,0.0,0.0
2024-03-30T04:00,3600,0.0,0.0,0.0,0.0,0.0,0.0,0.0,0.0,0.0
2024-03-30T05:00,3600,0.0,0.0,0.0,0.0,0.0,0.0,0.0,0.0,0.0
2024-03-30T06:00,3600,0.0,0.0,0.0,0.0,0.0,0.0,0.0,0.0,9.68996893
2024-03-30T07:00,3600,0.0,0.0,0.0,0.0,0.0,0.0,0.0,0.0,85.53399423
2024-03-30T08:00,3600,0.0,0.0,0.0,0.0,0.0,0.0,0.0,0.0,180.5607186
2024-03-30T09:00,3600,0.0,0.0,0.0,0.0,0.0,0.0,0.0,0.0,404.30496883
2024-03-30T10:00,3600,0.0,0.0,0.0,0.0,0.0,0.0,0.0,0.0,550.57417515
2024-03-30T11:00,3600,0.0,0.0,0.0,0.0,0.0,0.0,0.0,0.0,612.9126629
2024-03-30T12:00,3600,0.0,0.0,0.0,0.0,0.0,0.0,0.0,0.0,653.75044468
2024-03-30T13:00,3600,0.0,0.0,0.0,0.0,0.0,0.0,0.0,0.0,633.75505626
2024-03-30T14:00,3600,0.0,0.0,0.0,0.0,0.0,0.0,0.0,0.0,324.36757452
2024-03-30T15:00,3600,0.0,0.0,0.0,0.0,0.0,0.0,0.0,0.0,140.35715777
2024-03-30T16:00,3600,0.0,0.0,0.0,0.0,0.0,0.0,0.0,0.0,108.92511993
2024-03-30T17:00,3600,0.0,0.0,0.0,0.0,0.0,0.0,0.0,0.0,50.36307731
2024-03-30T18:00,3600,0.0,0.0,0.0,0.0,0.0,0.0,0.0,0.0,15.62602066
2024-03-30T19:00,3600,0.0,0.0,0.0,0.0,0.0,0.0,0.0,0.0,0.0
2024-03-30T20:00,3600,0.0,0.0,0.0,0.0,0.0,0.0,0.0,0.0,0.0
2024-03-30T21:00,3600,0.0,0.0,0.0,0.0,0.0,0.0,0.0,0.0,0.0
2024-03-30T22:00,3600,0.0,0.0,0.0,0.0,0.0,0.0,0.0,0.0,0.0
2024-03-30T23:00,3600,0.0,0.0,0.0,0.0,0.0,0.0,0.0,0.0,0.0
2024-03-31T00:00,3600,0.0,0.0,0.0,0.0,0.0,0.0,0.0,0.0,0.0
2024-03-31T01:00,3600,0.0,0.0,0.0,0.0,0.0,0.0,0.0,0.0,0.0
2024-03-31T02:00,3600,0.0,0.0,0.0,0.0,0.0,0.0,0.0,0.0,0.0
2024-03-31T03:00,3600,0.0,0.0,0.0,0.0,0.0,0.0,0.0,0.0,0.0
2024-03-31T04:00,3600,0.0,0.0,0.0,0.0,0.0,0.0,0.0,0.0,0.0
2024-03-31T05:00,3600,0.0,0.0,0.0,0.0,0.0,0.0,0.0,0.0,0.0
2024-03-31T06:00,3600,0.0,0.0,0.0,0.0,0.0,0.0,0.0,0.0,4.84100971
2024-03-31T07:00,3600,0.0,0.0,0.0,0.0,0.0,0.0,0.0,0.0,32.91886601
2024-03-31T08:00,3600,0.0,0.0,0.0,0.0,0.0,0.0,0.0,0.0,120.42875547
2024-03-31T09:00,3600,0.0,0.0,0.0,0.0,0.0,0.0,0.0,0.0,297.5372562
2024-03-31T10:00,3600,0.0,0.0,0.0,0.0,0.0,0.0,0.0,0.0,295.25860498
2024-03-31T11:00,3600,0.0,0.0,0.0,0.0,0.0,0.0,0.0,0.0,430.71817531
2024-03-31T12:00,3600,0.0,0.0,0.0,0.0,0.0,0.0,0.0,0.0,645.69113366
2024-03-31T13:00,3600,0.0,0.0,0.0,0.0,0.0,0.0,0.0,0.0,658.98859481
2024-03-31T14:00,3600,0.0,0.0,0.0,0.0,0.0,0.0,0.0,0.0,536.32973441
2024-03-31T15:00,3600,0.0,0.0,0.0,0.0,0.0,0.0,0.0,0.0,295.98687803
2024-03-31T16:00,3600,0.0,0.0,0.0,0.0,0.0,0.0,0.0,0.0,192.58433872
2024-03-31T17:00,3600,0.0,0.0,0.0,0.0,0.0,0.0,0.0,0.0,70.94983813
2024-03-31T18:00,3600,0.0,0.0,0.0,0.0,0.0,0.0,0.0,0.0,7.85459449
2024-03-31T19:00,3600,0.0,0.0,0.0,0.0,0.0,0.0,0.0,0.0,0.0
2024-03-31T20:00,3600,0.0,0.0,0.0,0.0,0.0,0.0,0.0,0.0,0.0
2024-03-31T21:00,3600,0.0,0.0,0.0,0.0,0.0,0.0,0.0,0.0,0.0
2024-03-31T22:00,3600,0.0,0.0,0.0,0.0,0.0,0.0,0.0,0.0,0.0
2024-03-31T23:00,3600,0.0,0.0,0.0,0.0,0.0,0.0,0.0,0.0,0.0
2024-04-01T00:00,3600,0.0,0.0,0.0,0.0,0.0,0.0,0.0,0.0,0.0
2024-04-01T01:00,3600,0.0,0.0,0.0,0.0,0.0,0.0,0.0,0.0,0.0
2024-04-01T02:00,3600,0.0,0.0,0.0,0.0,0.0,0.0,0.0,0.0,0.0
2024-04-01T03:00,3600,0.0,0.0,0.0,0.0,0.0,0.0,0.0,0.0,0.0
2024-04-01T04:00,3600,0.0,0.0,0.0,0.0,0.0,0.0,0.0,0.0,0.0
2024-04-01T05:00,3600,0.0,0.0,0.0,0.0,0.0,0.0,0.0,0.0,0.0
2024-04-01T06:00,3600,0.0,0.0,0.0,0.0,0.0,0.0,0.0,0.0,3.87280777
2024-04-01T07:00,3600,0.0,0.0,0.0,0.0,0.0,0.0,0.0,0.0,33.88451091
2024-04-01T08:00,3600,0.0,0.0,0.0,0.0,0.0,0.0,0.0,0.0,80.77432012
2024-04-01T09:00,3600,0.0,0.0,0.0,0.0,0.0,0.0,0.0,0.0,230.14631881
2024-04-01T10:00,3600,0.0,0.0,0.0,0.0,0.0,0.0,0.0,0.0,251.09560609
2024-04-01T11:00,3600,0.0,0.0,0.0,0.0,0.0,0.0,0.0,0.0,351.91155477
2024-04-01T12:00,3600,0.0,0.0,0.0,0.0,0.0,0.0,0.0,0.0,364.7046278
2024-04-01T13:00,3600,0.0,0.0,0.0,0.0,0.0,0.0,0.0,0.0,389.37151789
2024-04-01T14:00,3600,0.0,0.0,0.0,0.0,0.0,0.0,0.0,0.0,612.95514691
2024-04-01T15:00,3600,0.0,0.0,0.0,0.0,0.0,0.0,0.0,0.0,396.37306177
2024-04-01T16:00,3600,0.0,0.0,0.0,0.0,0.0,0.0,0.0,0.0,271.76654152
2024-04-01T17:00,3600,0.0,0.0,0.0,0.0,0.0,0.0,0.0,0.0,138.44626268
2024-04-01T18:00,3600,1.0443419439473602,0.0,0.0,1.0443419439473602,0.0,0.0,0.0,0.0,11.78530766
2024-04-01T19:00,3600,1.0489229833252005,0.0,0.0,1.0489229833252005,0.0,0.0,0.0,0.0,0.0
2024-04-01T20:00,3600,1.059515838369546,0.0,0.0,1.059515838369546,0.0,0.0,0.0,0.0,0.0
2024-04-01T21:00,3600,1.080107730397478,0.0,0.0,1.080107730397478,0.0,0.0,0.0,0.0,0.0
2024-04-01T22:00,3600,1.0814519544306433,0.0,0.0,1.0814519544306433,0.0,0.0,0.0,0.0,0.0
2024-04-01T23:00,3600,1.0777478003759025,0.0,0.0,1.0777478003759025,0.0,0.0,0.0,0.0,0.0
2024-04-02T00:00,3600,0.0,0.0,0.0,0.0,0.0,0.0,0.0,0.0,0.0
2024-04-02T01:00,3600,0.0,0.0,0.0,0.0,0.0,0.0,0.0,0.0,0.0
2024-04-02T02:00,3600,0.0,0.0,0.0,0.0,0.0,0.0,0.0,0.0,0.0
2024-04-02T03:00,3600,0.0,0.0,0.0,0.0,0.0,0.0,0.0,0.0,0.0
2024-04-02T04:00,3600,0.0,0.0,0.0,0.0,0.0,0.0,0.0,0.0,0.0
2024-04-02T05:00,3600,0.0,0.0,0.0,0.0,0.0,0.0,0.0,0.0,0.0
2024-04-02T06:00,3600,0.0,0.0,0.0,0.0,0.0,0.0,0.0,0.0,9.68996893
2024-04-02T07:00,3600,0.0,0.0,0.0,0.0,0.0,0.0,0.0,0.0,95.66740104
2024-04-02T08:00,3600,0.0,0.0,0.0,0.0,0.0,0.0,0.0,0.0,240.3107856
2024-04-02T09:00,3600,0.0,0.0,0.0,0.0,0.0,0.0,0.0,0.0,413.29217947
2024-04-02T10:00,3600,0.0,0.0,0.0,0.0,0.0,0.0,0.0,0.0,535.48250217
2024-04-02T11:00,3600,0.0,0.0,0.0,0.0,0.0,0.0,0.0,0.0,586.03738575
2024-04-02T12:00,3600,0.0,0.0,0.0,0.0,0.0,0.0,0.0,0.0,641.79923953
2024-04-02T13:00,3600,0.0,0.0,0.0,0.0,0.0,0.0,0.0,0.0,612.35931779
2024-04-02T14:00,3600,0.0,0.0,0.0,0.0,0.0,0.0,0.0,0.0,495.2339154
2024-04-02T15:00,3600,0.0,0.0,0.0,0.0,0.0,0.0,0.0,0.0,394.78643657
2024-04-02T16:00,3600,0.0,0.0,0.0,0.0,0.0,0.0,0.0,0.0,260.03911602
2024-04-02T17:00,3600,0.0,0.0,0.0,0.0,0.0,0.0,0.0,0.0,109.87821813
2024-04-02T18:00,3600,1.0074817770725264,0.0,0.0,1.0074817770725264,0.0,0.0,0.0,0.0,12.70363622
2024-04-02T19:00,3600,1.0141225759920758,0.0,0.0,1.0141225759920758,0.0,0.0,0.0,0.0,0.0
2024-04-02T20:00,3600,1.025009299962498,0.0,0.0,1.025009299962498,0.0,0.0,0.0,0.0,0.0
2024-04-02T21:00,3600,1.0383511994345904,0.0,0.0,1.0383511994345904,0.0,0.0,0.0,0.0,0.0
2024-04-02T22:00,3600,1.0446591798135239,0.0,0.0,1.0446591798135239,0.0,0.0,0.0,0.0,0.0
2024-04-02T23:00,3600,0.9340817770776236,0.0,0.0,0.9340817770776236,0.0,0.0,0.0,0.0,0.0
2024-04-03T00:00,3600,0.0,0.0,0.0,0.0,0.0,0.0,0.0,0.0,0.0
2024-04-03T01:00,3600,0.0,0.0,0.0,0.0,0.0,0.0,0.0,0.0,0.0
2024-04-03T02:00,3600,0.0,0.0,0.0,0.0,0.0,0.0,0.0,0.0,0.0
2024-04-03T03:00,3600,0.0,0.0,0.0,0.0,0.0,0.0,0.0,0.0,0.0
2024-04-03T04:00,3600,0.0,0.0,0.0,0.0,0.0,0.0,0.0,0.0,0.0
2024-04-03T05:00,3600,0.0,0.0,0.0,0.0,0.0,0.0,0.0,0.0,0.0
2024-04-03T06:00,3600,0.0,0.0,0.0,0.0,0.0,0.0,0.0,0.0,9.69791844
2024-04-03T07:00,3600,0.0,0.0,0.0,0.0,0.0,0.0,0.0,0.0,60.87827343
2024-04-03T08:00,3600,0.0,0.0,0.0,0.0,0.0,0.0,0.0,0.0,147.19274584
2024-04-03T09:00,3600,0.0,0.0,0.0,0.0,0.0,0.0,0.0,0.0,270.97075228
2024-04-03T10:00,3600,0.0,0.0,0.0,0.0,0.0,0.0,0.0,0.0,488.55356067
2024-04-03T11:00,3600,0.0,0.0,0.0,0.0,0.0,0.0,0.0,0.0,339.91617438
2024-04-03T12:00,3600,0.0,0.0,0.0,0.0,0.0,0.0,0.0,0.0,611.16466477
2024-04-03T13:00,3600,0.0,0.0,0.0,0.0,0.0,0.0,0.0,0.0,663.04777565
2024-04-03T14:00,3600,0.0,0.0,0.0,0.0,0.0,0.0,0.0,0.0,471.71177606
2024-04-03T15:00,3600,0.0,0.0,0.0,0.0,0.0,0.0,0.0,0.0,369.32848219
2024-04-03T16:00,3600,0.0,0.0,0.0,0.0,0.0,0.0,0.0,0.0,284.8569274
2024-04-03T17:00,3600,0.0,0.0,0.0,0.0,0.0,0.0,0.0,0.0,120.04740475
2024-04-03T18:00,3600,1.063581447296693,0.0,0.0,1.063581447296693,0.0,0.0,0.0,0.0,12.65510724
2024-04-03T19:00,3600,1.0688552158181501,0.0,0.0,1.0688552158181501,0.0,0.0,0.0,0.0,0.0
2024-04-03T20:00,3600,1.0778733968635015,0.0,0.0,1.0778733968635015,0.0,0.0,0.0,0.0,0.0
2024-04-03T21:00,3600,0.7853802569990131,0.0,0.0,0.7853802569990131,0.0,0.0,0.0,0.0,0.0
2024-04-03T22:00,3600,0.46779088340035707,0.0,0.0,0.46779088340035707,0.0,0.0,0.0,0.0,0.0
2024-04-03T23:00,3600,0.45129826449878385,0.0,0.0,0.45129826449878385,0.0,0.0,0.0,0.0,0.0
2024-04-04T00:00,3600,0.0,0.0,0.0,0.0,0.0,0.0,0.0,0.0,0.0
2024-04-04T01:00,3600,0.0,0.0,0.0,0.0,0.0,0.0,0.0,0.0,0.0
2024-04-04T02:00,3600,0.0,0.0,0.0,0.0,0.0,0.0,0.0,0.0,0.0
2024-04-04T03:00,3600,0.0,0.0,0.0,0.0,0.0,0.0,0.0,0.0,0.0
2024-04-04T04:00,3600,0.0,0.0,0.0,0.0,0.0,0.0,0.0,0.0,0.0
2024-04-04T05:00,3600,0.0,0.0,0.0,0.0,0.0,0.0,0.0,0.0,0.0
2024-04-04T06:00,3600,0.0,0.0,0.0,0.0,0.0,0.0,0.0,0.0,6.8023511
2024-04-04T07:00,3600,0.0,0.0,0.0,0.0,0.0,0.0,0.0,0.0,50.94705239
2024-04-04T08:00,3600,0.0,0.0,0.0,0.0,0.0,0.0,0.0,0.0,120.16283366
2024-04-04T09:00,3600,0.0,0.0,0.0,0.0,0.0,0.0,0.0,0.0,336.59357336
2024-04-04T10:00,3600,0.0,0.0,0.0,0.0,0.0,0.0,0.0,0.0,510.67480427
2024-04-04T11:00,3600,0.0,0.0,0.0,0.0,0.0,0.0,0.0,0.0,495.00144141
2024-04-04T12:00,3600,0.0,0.0,0.0,0.0,0.0,0.0,0.0,0.0,547.86957368
2024-04-04T13:00,3600,0.0,0.0,0.0,0.0,0.0,0.0,0.0,0.0,689.00364525
2024-04-04T14:00,3600,0.0,0.0,0.0,0.0,0.0,0.0,0.0,0.0,275.62413311
2024-04-04T15:00,3600,0.0,0.0,0.0,0.0,0.0,0.0,0.0,0.0,201.48239832
2024-04-04T16:00,3600,0.0,0.0,0.0,0.0,0.0,0.0,0.0,0.0,141.34260901
2024-04-04T17:00,3600,0.0,0.0,0.0,0.0,0.0,0.0,0.0,0.0,62.27367516
2024-04-04T18:00,3600,1.0502385503847147,0.0,0.0,1.0502385503847147,0.0,0.0,0.0,0.0,5.81716116
2024-04-04T19:00,3600,1.046244066340437,0.0,0.0,1.046244066340437,0.0,0.0,0.0,0.0,0.0
2024-04-04T20:00,3600,1.052923865985288,0.0,0.0,1.052923865985288,0.0,0.0,0.0,0.0,0.0
2024-04-04T21:00,3600,0.45610614469277927,0.0,0.0,0.45610614469277927,0.0,0.0,0.0,0.0,0.0
2024-04-04T22:00,3600,0.390771537072723,0.0,0.0,0.390771537072723,0.0,0.0,0.0,0.0,0.0
2024-04-04T23:00,3600,0.3849611593628661,0.0,0.0,0.3849611593628661,0.0,0.0,0.0,0.0,0.0
2024-04-05T00:00,3600,0.0,0.0,0.0,0.0,0.0,0.0,0.0,0.0,0.0
2024-04-05T01:00,3600,0.0,0.0,0.0,0.0,0.0,0.0,0.0,0.0,0.0
2024-04-05T02:00,3600,0.0,0.0,0.0,0.0,0.0,0.0,0.0,0.0,0.0
2024-04-05T03:00,3600,0.0,0.0,0.0,0.0,0.0,0.0,0.0,0.0,0.0
2024-04-05T04:00,3600,0.0,0.0,0.0,0.0,0.0,0.0,0.0,0.0,0.0
2024-04-05T05:00,3600,0.0,0.0,0.0,0.0,0.0,0.0,0.0,0.0,0.0
2024-04-05T06:00,3600,0.0,0.0,0.0,0.0,0.0,0.0,0.0,0.0,1.93640388
2024-04-05T07:00,3600,0.0,0.0,0.0,0.0,0.0,0.0,0.0,0.0,20.33224077
2024-04-05T08:00,3600,0.0,0.0,0.0,0.0,0.0,0.0,0.0,0.0,36.90343829
2024-04-05T09:00,3600,0.0,0.0,0.0,0.0,0.0,0.0,0.0,0.0,62.20974667
2024-04-05T10:00,3600,0.0,0.0,0.0,0.0,0.0,0.0,0.0,0.0,102.03282689
2024-04-05T11:00,3600,0.0,0.0,0.0,0.0,0.0,0.0,0.0,0.0,271.40463612
2024-04-05T12:00,3600,0.0,0.0,0.0,0.0,0.0,0.0,0.0,0.0,289.66586384
2024-04-05T13:00,3600,0.0,0.0,0.0,0.0,0.0,0.0,0.0,0.0,301.24134886
2024-04-05T14:00,3600,0.0,0.0,0.0,0.0,0.0,0.0,0.0,0.0,213.22063316
2024-04-05T15:00,3600,0.0,0.0,0.0,0.0,0.0,0.0,0.0,0.0,128.47246703
2024-04-05T16:00,3600,0.0,0.0,0.0,0.0,0.0,0.0,0.0,0.0,99.21164663
2024-04-05T17:00,3600,0.0,0.0,0.0,0.0,0.0,0.0,0.0,0.0,54.44404927
2024-04-05T18:00,3600,0.0,0.0,0.0,0.0,0.0,0.0,0.0,0.0,5.81716116
2024-04-05T19:00,3600,0.0,0.0,0.0,0.0,0.0,0.0,0.0,0.0,0.0
2024-04-05T20:00,3600,0.3623185985689776,0.0,0.0,0.3623185985689776,0.0,0.0,0.0,0.0,0.0
2024-04-05T21:00,3600,0.28660658180346743,0.0,0.0,0.28660658180346743,0.0,0.0,0.0,0.0,0.0
2024-04-05T22:00,3600,0.2982882883814747,0.0,0.0,0.2982882883814747,0.0,0.0,0.0,0.0,0.0
2024-04-05T23:00,3600,0.3103471482000669,0.0,0.0,0.3103471482000669,0.0,0.0,0.0,0.0,0.0
2024-04-06T00:00,3600,0.0,0.0,0.0,0.0,0.0,0.0,0.0,0.0,0.0
2024-04-06T01:00,3600,0.0,0.0,0.0,0.0,0.0,0.0,0.0,0.0,0.0
2024-04-06T02:00,3600,0.0,0.0,0.0,0.0,0.0,0.0,0.0,0.0,0.0
2024-04-06T03:00,3600,0.0,0.0,0.0,0.0,0.0,0.0,0.0,0.0,0.0
2024-04-06T04:00,3600,0.0,0.0,0.0,0.0,0.0,0.0,0.0,0.0,0.0
2024-04-06T05:00,3600,0.0,0.0,0.0,0.0,0.0,0.0,0.0,0.0,0.0
2024-04-06T06:00,3600,0.0,0.0,0.0,0.0,0.0,0.0,0.0,0.0,7.78148307
2024-04-06T07:00,3600,0.0,0.0,0.0,0.0,0.0,0.0,0.0,0.0,38.48059803
2024-04-06T08:00,3600,0.0,0.0,0.0,0.0,0.0,0.0,0.0,0.0,79.43126323
2024-04-06T09:00,3600,0.0,0.0,0.0,0.0,0.0,0.0,0.0,0.0,147.78419223
2024-04-06T10:00,3600,0.0,0.0,0.0,0.0,0.0,0.0,0.0,0.0,187.90355109
2024-04-06T11:00,3600,0.0,0.0,0.0,0.0,0.0,0.0,0.0,0.0,272.93301823
2024-04-06T12:00,3600,0.0,0.0,0.0,0.0,0.0,0.0,0.0,0.0,474.2200155
2024-04-06T13:00,3600,0.0,0.0,0.0,0.0,0.0,0.0,0.0,0.0,352.81746081
2024-04-06T14:00,3600,0.0,0.0,0.0,0.0,0.0,0.0,0.0,0.0,133.1391316
2024-04-06T15:00,3600,0.0,0.0,0.0,0.0,0.0,0.0,0.0,0.0,180.42078459
2024-04-06T16:00,3600,0.0,0.0,0.0,0.0,0.0,0.0,0.0,0.0,56.21290877
2024-04-06T17:00,3600,0.0,0.0,0.0,0.0,0.0,0.0,0.0,0.0,24.20504853
2024-04-06T18:00,3600,0.0,0.0,0.0,0.0,0.0,0.0,0.0,0.0,2.90460582
2024-04-06T19:00,3600,0.0,0.0,0.0,0.0,0.0,0.0,0.0,0.0,0.0
2024-04-06T20:00,3600,0.0,0.0,0.0,0.0,0.0,0.0,0.0,0.0,0.0
2024-04-06T21:00,3600,0.0,0.0,0.0,0.0,0.0,0.0,0.0,0.0,0.0
2024-04-06T22:00,3600,0.0,0.0,0.0,0.0,0.0,0.0,0.0,0.0,0.0
2024-04-06T23:00,3600,0.0,0.0,0.0,0.0,0.0,0.0,0.0,0.0,0.0
2024-04-07T00:00,3600,0.0,0.0,0.0,0.0,0.0,0.0,0.0,0.0,0.0
2024-04-07T01:00,3600,0.0,0.0,0.0,0.0,0.0,0.0,0.0,0.0,0.0
2024-04-07T02:00,3600,0.0,0.0,0.0,0.0,0.0,0.0,0.0,0.0,0.0
2024-04-07T03:00,3600,0.0,0.0,0.0,0.0,0.0,0.0,0.0,0.0,0.0
2024-04-07T04:00,3600,0.0,0.0,0.0,0.0,0.0,0.0,0.0,0.0,0.0
2024-04-07T05:00,3600,0.0,0.0,0.0,0.0,0.0,0.0,0.0,0.0,0.0
2024-04-07T06:00,3600,0.0,0.0,0.0,0.0,0.0,0.0,0.0,0.0,2.90460582
2024-04-07T07:00,3600,0.0,0.0,0.0,0.0,0.0,0.0,0.0,0.0,42.46161545
2024-04-07T08:00,3600,0.0,0.0,0.0,0.0,0.0,0.0,0.0,0.0,104.86658863
2024-04-07T09:00,3600,0.0,0.0,0.0,0.0,0.0,0.0,0.0,0.0,151.68881243
2024-04-07T10:00,3600,0.0,0.0,0.0,0.0,0.0,0.0,0.0,0.0,276.19100361
2024-04-07T11:00,3600,0.0,0.0,0.0,0.0,0.0,0.0,0.0,0.0,414.02212584
2024-04-07T12:00,3600,0.0,0.0,0.0,0.0,0.0,0.0,0.0,0.0,395.28159588
2024-04-07T13:00,3600,0.0,0.0,0.0,0.0,0.0,0.0,0.0,0.0,350.17863491
2024-04-07T14:00,3600,0.0,0.0,0.0,0.0,0.0,0.0,0.0,0.0,67.7741359
2024-04-07T15:00,3600,0.0,0.0,0.0,0.0,0.0,0.0,0.0,0.0,143.68357337
2024-04-07T16:00,3600,0.0,0.0,0.0,0.0,0.0,0.0,0.0,0.0,92.57209132
2024-04-07T17:00,3600,0.0,0.0,0.0,0.0,0.0,0.0,0.0,0.0,49.95428836
2024-04-07T18:00,3600,0.0,0.0,0.0,0.0,0.0,0.0,0.0,0.0,5.81716116
2024-04-07T19:00,3600,0.0,0.0,0.0,0.0,0.0,0.0,0.0,0.0,0.0
2024-04-07T20:00,3600,0.0,0.0,0.0,0.0,0.0,0.0,0.0,0.0,0.0
2024-04-07T21:00,3600,0.0,0.0,0.0,0.0,0.0,0.0,0.0,0.0,0.0
2024-04-07T22:00,3600,0.0,0.0,0.0,0.0,0.0,0.0,0.0,0.0,0.0
2024-04-07T23:00,3600,0.0,0.0,0.0,0.0,0.0,0.0,0.0,0.0,0.0
2024-04-08T00:00,3600,0.0,0.0,0.0,0.0,0.0,0.0,0.0,0.0,0.0
2024-04-08T01:00,3600,0.0,0.0,0.0,0.0,0.0,0.0,0.0,0.0,0.0
2024-04-08T02:00,3600,0.0,0.0,0.0,0.0,0.0,0.0,0.0,0.0,0.0
2024-04-08T03:00,3600,0.0,0.0,0.0,0.0,0.0,0.0,0.0,0.0,0.0
2024-04-08T04:00,3600,0.0,0.0,0.0,0.0,0.0,0.0,0.0,0.0,0.0
2024-04-08T05:00,3600,0.0,0.0,0.0,0.0,0.0,0.0,0.0,0.0,0.0
2024-04-08T06:00,3600,0.0,0.0,0.0,0.0,0.0,0.0,0.0,0.0,6.77741359
2024-04-08T07:00,3600,0.0,0.0,0.0,0.0,0.0,0.0,0.0,0.0,56.899379
2024-04-08T08:00,3600,0.0,0.0,0.0,0.0,0.0,0.0,0.0,0.0,119.86227157
2024-04-08T09:00,3600,0.0,0.0,0.0,0.0,0.0,0.0,0.0,0.0,180.82166224
2024-04-08T10:00,3600,0.0,0.0,0.0,0.0,0.0,0.0,0.0,0.0,100.6930019
2024-04-08T11:00,3600,0.0,0.0,0.0,0.0,0.0,0.0,0.0,0.0,139.61223177
2024-04-08T12:00,3600,0.0,0.0,0.0,0.0,0.0,0.0,0.0,0.0,103.59760773
2024-04-08T13:00,3600,0.0,0.0,0.0,0.0,0.0,0.0,0.0,0.0,128.86337523
2024-04-08T14:00,3600,0.0,0.0,0.0,0.0,0.0,0.0,0.0,0.0,116.18423297
2024-04-08T15:00,3600,0.0,0.0,0.0,0.0,0.0,0.0,0.0,0.0,97.89178393
2024-04-08T16:00,3600,0.0,0.0,0.0,0.0,0.0,0.0,0.0,0.0,55.18751066
2024-04-08T17:00,3600,0.0,0.0,0.0,0.0,0.0,0.0,0.0,0.0,28.0242683
2024-04-08T18:00,3600,0.0,0.0,0.0,0.0,0.0,0.0,0.0,0.0,3.87280777
2024-04-08T19:00,3600,0.0,0.0,0.0,0.0,0.0,0.0,0.0,0.0,0.0
2024-04-08T20:00,3600,0.0,0.0,0.0,0.0,0.0,0.0,0.0,0.0,0.0
2024-04-08T21:00,3600,0.0,0.0,0.0,0.0,0.0,0.0,0.0,0.0,0.0
2024-04-08T22:00,3600,0.0,0.0,0.0,0.0,0.0,0.0,0.0,0.0,0.0
2024-04-08T23:00,3600,0.0,0.0,0.0,0.0,0.0,0.0,0.0,0.0,0.0
2024-04-09T00:00,3600,0.0,0.0,0.0,0.0,0.0,0.0,0.0,0.0,0.0
2024-04-09T01:00,3600,0.0,0.0,0.0,0.0,0.0,0.0,0.0,0.0,0.0
2024-04-09T02:00,3600,0.0,0.0,0.0,0.0,0.0,0.0,0.0,0.0,0.0
2024-04-09T03:00,3600,0.0,0.0,0.0,0.0,0.0,0.0,0.0,0.0,0.0
2024-04-09T04:00,3600,0.0,0.0,0.0,0.0,0.0,0.0,0.0,0.0,0.0
2024-04-09T05:00,3600,0.0,0.0,0.0,0.0,0.0,0.0,0.0,0.0,0.0
2024-04-09T06:00,3600,0.0,0.0,0.0,0.0,0.0,0.0,0.0,0.0,7.88016779
2024-04-09T07:00,3600,0.0,0.0,0.0,0.0,0.0,0.0,0.0,0.0,64.16937213
2024-04-09T08:00,3600,0.0,0.0,0.0,0.0,0.0,0.0,0.0,0.0,194.94872744
2024-04-09T09:00,3600,0.0,0.0,0.0,0.0,0.0,0.0,0.0,0.0,307.69279738
2024-04-09T10:00,3600,0.0,0.0,0.0,0.0,0.0,0.0,0.0,0.0,350.67218829
2024-04-09T11:00,3600,0.0,0.0,0.0,0.0,0.0,0.0,0.0,0.0,558.42787588
2024-04-09T12:00,3600,0.0,0.0,0.0,0.0,0.0,0.0,0.0,0.0,553.72582205
2024-04-09T13:00,3600,0.0,0.0,0.0,0.0,0.0,0.0,0.0,0.0,555.10023923
2024-04-09T14:00,3600,0.0,0.0,0.0,0.0,0.0,0.0,0.0,0.0,299.60578691
2024-04-09T15:00,3600,0.0,0.0,0.0,0.0,0.0,0.0,0.0,0.0,164.12263453
2024-04-09T16:00,3600,0.0,0.0,0.0,0.0,0.0,0.0,0.0,0.0,104.64629988
2024-04-09T17:00,3600,0.0,0.0,0.0,0.0,0.0,0.0,0.0,0.0,50.34650095
2024-04-09T18:00,3600,0.0,0.0,0.0,0.0,0.0,0.0,0.0,0.0,6.77741359
2024-04-09T19:00,3600,0.0,0.0,0.0,0.0,0.0,0.0,0.0,0.0,0.0
2024-04-09T20:00,3600,0.0,0.0,0.0,0.0,0.0,0.0,0.0,0.0,0.0
2024-04-09T21:00,3600,0.0,0.0,0.0,0.0,0.0,0.0,0.0,0.0,0.0
2024-04-09T22:00,3600,0.0,0.0,0.0,0.0,0.0,0.0,0.0,0.0,0.0
2024-04-09T23:00,3600,0.0,0.0,0.0,0.0,0.0,0.0,0.0,0.0,0.0
2024-04-10T00:00,3600,0.0,0.0,0.0,0.0,0.0,0.0,0.0,0.0,0.0
2024-04-10T01:00,3600,0.0,0.0,0.0,0.0,0.0,0.0,0.0,0.0,0.0
2024-04-10T02:00,3600,0.0,0.0,0.0,0.0,0.0,0.0,0.0,0.0,0.0
2024-04-10T03:00,3600,0.0,0.0,0.0,0.0,0.0,0.0,0.0,0.0,0.0
2024-04-10T04:00,3600,0.0,0.0,0.0,0.0,0.0,0.0,0.0,0.0,0.0
2024-04-10T05:00,3600,0.0,0.0,0.0,0.0,0.0,0.0,0.0,0.0,0.0
2024-04-10T06:00,3600,0.0,0.0,0.0,0.0,0.0,0.0,0.0,0.0,7.74561553
2024-04-10T07:00,3600,0.0,0.0,0.0,0.0,0.0,0.0,0.0,0.0,40.38629442
2024-04-10T08:00,3600,0.0,0.0,0.0,0.0,0.0,0.0,0.0,0.0,119.57947851
2024-04-10T09:00,3600,0.0,0.0,0.0,0.0,0.0,0.0,0.0,0.0,164.51156713
2024-04-10T10:00,3600,0.0,0.0,0.0,0.0,0.0,0.0,0.0,0.0,209.33521437
2024-04-10T11:00,3600,0.0,0.0,0.0,0.0,0.0,0.0,0.0,0.0,351.68354115
2024-04-10T12:00,3600,0.0,0.0,0.0,0.0,0.0,0.0,0.0,0.0,532.02705076
2024-04-10T13:00,3600,0.0,0.0,0.0,0.0,0.0,0.0,0.0,0.0,623.93221512
2024-04-10T14:00,3600,0.0,0.0,0.0,0.0,0.0,0.0,0.0,0.0,420.92020181
2024-04-10T15:00,3600,0.0,0.0,0.0,0.0,0.0,0.0,0.0,0.0,265.90265031
2024-04-10T16:00,3600,0.0,0.0,0.0,0.0,0.0,0.0,0.0,0.0,184.65972239
2024-04-10T17:00,3600,0.0,0.0,0.0,0.0,0.0,0.0,0.0,0.0,103.37098969
2024-04-10T18:00,3600,0.38976373503210826,0.0,0.0,0.38976373503210826,0.0,0.0,0.0,0.0,10.66612038
2024-04-10T19:00,3600,0.29961059782045524,0.0,0.0,0.29961059782045524,0.0,0.0,0.0,0.0,0.0
2024-04-10T20:00,3600,0.2726259645831167,0.0,0.0,0.2726259645831167,0.0,0.0,0.0,0.0,0.0
2024-04-10T21:00,3600,0.2342030497152893,0.0,0.0,0.2342030497152893,0.0,0.0,0.0,0.0,0.0
2024-04-10T22:00,3600,0.20833523819398184,0.0,0.0,0.20833523819398184,0.0,0.0,0.0,0.0,0.0
2024-04-10T23:00,3600,0.18838771295771561,0.0,0.0,0.18838771295771561,0.0,0.0,0.0,0.0,0.0
2024-04-11T00:00,3600,0.0,0.0,0.0,0.0,0.0,0.0,0.0,0.0,0.0
2024-04-11T01:00,3600,0.0,0.0,0.0,0.0,0.0,0.0,0.0,0.0,0.0
2024-04-11T02:00,3600,0.0,0.0,0.0,0.0,0.0,0.0,0.0,0.0,0.0
2024-04-11T03:00,3600,0.0,0.0,0.0,0.0,0.0,0.0,0.0,0.0,0.0
2024-04-11T04:00,3600,0.0,0.0,0.0,0.0,0.0,0.0,0.0,0.0,0.0
2024-04-11T05:00,3600,0.0,0.0,0.0,0.0,0.0,0.0,0.0,0.0,0.0
2024-04-11T06:00,3600,0.0,0.0,0.0,0.0,0.0,0.0,0.0,0.0,10.90729945
2024-04-11T07:00,3600,0.0,0.0,0.0,0.0,0.0,0.0,0.0,0.0,61.43927898
2024-04-11T08:00,3600,0.0,0.0,0.0,0.0,0.0,0.0,0.0,0.0,144.42691764
2024-04-11T09:00,3600,0.0,0.0,0.0,0.0,0.0,0.0,0.0,0.0,255.99981601
2024-04-11T10:00,3600,0.0,0.0,0.0,0.0,0.0,0.0,0.0,0.0,479.62917882
2024-04-11T11:00,3600,0.0,0.0,0.0,0.0,0.0,0.0,0.0,0.0,690.98797719
2024-04-11T12:00,3600,0.0,0.0,0.0,0.0,0.0,0.0,0.0,0.0,690.17938654
2024-04-11T13:00,3600,0.0,0.0,0.0,0.0,0.0,0.0,0.0,0.0,448.37264912
2024-04-11T14:00,3600,0.0,0.0,0.0,0.0,0.0,0.0,0.0,0.0,341.33371728
2024-04-11T15:00,3600,0.0,0.0,0.0,0.0,0.0,0.0,0.0,0.0,325.81461713
2024-04-11T16:00,3600,0.0,0.0,0.0,0.0,0.0,0.0,0.0,0.0,168.67556277
2024-04-11T17:00,3600,0.0,0.0,0.0,0.0,0.0,0.0,0.0,0.0,116.47309888
2024-04-11T18:00,3600,1.0349417814973305,0.0,0.0,1.0349417814973305,0.0,0.0,0.0,0.0,14.57072621
2024-04-11T19:00,3600,1.027959002579497,0.0,0.0,1.027959002579497,0.0,0.0,0.0,0.0,0.0
2024-04-11T20:00,3600,0.43401571873444456,0.0,0.0,0.43401571873444456,0.0,0.0,0.0,0.0,0.0
2024-04-11T21:00,3600,0.37534230696321147,0.0,0.0,0.37534230696321147,0.0,0.0,0.0,0.0,0.0
2024-04-11T22:00,3600,0.33447168905699565,0.0,0.0,0.33447168905699565,0.0,0.0,0.0,0.0,0.0
2024-04-11T23:00,3600,0.32527885200749923,0.0,0.0,0.32527885200749923,0.0,0.0,0.0,0.0,0.0
2024-04-12T00:00,3600,0.0,0.0,0.0,0.0,0.0,0.0,0.0,0.0,0.0
2024-04-12T01:00,3600,0.0,0.0,0.0,0.0,0.0,0.0,0.0,0.0,0.0
2024-04-12T02:00,3600,0.0,0.0,0.0,0.0,0.0,0.0,0.0,0.0,0.0
2024-04-12T03:00,3600,0.0,0.0,0.0,0.0,0.0,0.0,0.0,0.0,0.0
2024-04-12T04:00,3600,0.0,0.0,0.0,0.0,0.0,0.0,0.0,0.0,0.0
2024-04-12T05:00,3600,0.0,0.0,0.0,0.0,0.0,0.0,0.0,0.0,0.0
2024-04-12T06:00,3600,0.0,0.0,0.0,0.0,0.0,0.0,0.0,0.0,17.99351087
2024-04-12T07:00,3600,0.0,0.0,0.0,0.0,0.0,0.0,0.0,0.0,125.55683079
2024-04-12T08:00,3600,0.0,0.0,0.0,0.0,0.0,0.0,0.0,0.0,251.43201605
2024-04-12T09:00,3600,0.0,0.0,0.0,0.0,0.0,0.0,0.0,0.0,457.2182904
2024-04-12T10:00,3600,0.0,0.0,0.0,0.0,0.0,0.0,0.0,0.0,558.46090768
2024-04-12T11:00,3600,0.0,0.0,0.0,0.0,0.0,0.0,0.0,0.0,540.70419249
2024-04-12T12:00,3600,0.0,0.0,0.0,0.0,0.0,0.0,0.0,0.0,728.79242616
2024-04-12T13:00,3600,0.0,0.0,0.0,0.0,0.0,0.0,0.0,0.0,570.43661869
2024-04-12T14:00,3600,0.0,0.0,0.0,0.0,0.0,0.0,0.0,0.0,602.80239482
2024-04-12T15:00,3600,0.0,0.0,0.0,0.0,0.0,0.0,0.0,0.0,504.34046875
2024-04-12T16:00,3600,0.0,0.0,0.0,0.0,0.0,0.0,0.0,0.0,262.43721009
2024-04-12T17:00,3600,0.0,0.0,0.0,0.0,0.0,0.0,0.0,0.0,142.54520469
2024-04-12T18:00,3600,1.0585976873289245,0.0,0.0,1.0585976873289245,0.0,0.0,0.0,0.0,13.61047378
2024-04-12T19:00,3600,1.0495662974664357,0.0,0.0,1.0495662974664357,0.0,0.0,0.0,0.0,0.0
2024-04-12T20:00,3600,1.0536428100055435,0.0,0.0,1.0536428100055435,0.0,0.0,0.0,0.0,0.0
2024-04-12T21:00,3600,0.6700073978122644,0.0,0.0,0.6700073978122644,0.0,0.0,0.0,0.0,0.0
2024-04-12T22:00,3600,0.42127408806920813,0.0,0.0,0.42127408806920813,0.0,0.0,0.0,0.0,0.0
2024-04-12T23:00,3600,0.3941419806036804,0.0,0.0,0.3941419806036804,0.0,0.0,0.0,0.0,0.0
2024-04-13T00:00,3600,0.0,0.0,0.0,0.0,0.0,0.0,0.0,0.0,0.0
2024-04-13T01:00,3600,0.0,0.0,0.0,0.0,0.0,0.0,0.0,0.0,0.0
2024-04-13T02:00,3600,0.0,0.0,0.0,0.0,0.0,0.0,0.0,0.0,0.0
2024-04-13T03:00,3600,0.0,0.0,0.0,0.0,0.0,0.0,0.0,0.0,0.0
2024-04-13T04:00,3600,0.0,0.0,0.0,0.0,0.0,0.0,0.0,0.0,0.0
2024-04-13T05:00,3600,0.0,0.0,0.0,0.0,0.0,0.0,0.0,0.0,0.0
2024-04-13T06:00,3600,0.0,0.0,0.0,0.0,0.0,0.0,0.0,0.0,24.15791365
2024-04-13T07:00,3600,0.0,0.0,0.0,0.0,0.0,0.0,0.0,0.0,143.79608581
2024-04-13T08:00,3600,0.0,0.0,0.0,0.0,0.0,0.0,0.0,0.0,299.36224831
2024-04-13T09:00,3600,0.0,0.0,0.0,0.0,0.0,0.0,0.0,0.0,500.76491317
2024-04-13T10:00,3600,0.0,0.0,0.0,0.0,0.0,0.0,0.0,0.0,573.69218853
2024-04-13T11:00,3600,0.0,0.0,0.0,0.0,0.0,0.0,0.0,0.0,505.04223367
2024-04-13T12:00,3600,0.0,0.0,0.0,0.0,0.0,0.0,0.0,0.0,440.06847435
2024-04-13T13:00,3600,0.0,0.0,0.0,0.0,0.0,0.0,0.0,0.0,457.90819654
2024-04-13T14:00,3600,0.0,0.0,0.0,0.0,0.0,0.0,0.0,0.0,460.47351689
2024-04-13T15:00,3600,0.0,0.0,0.0,0.0,0.0,0.0,0.0,0.0,384.0778987
2024-04-13T16:00,3600,0.0,0.0,0.0,0.0,0.0,0.0,0.0,0.0,267.77448351
2024-04-13T17:00,3600,0.0,0.0,0.0,0.0,0.0,0.0,0.0,0.0,121.10086993
2024-04-13T18:00,3600,0.0,0.0,0.0,0.0,0.0,0.0,0.0,0.0,19.39583689
2024-04-13T19:00,3600,0.0,0.0,0.0,0.0,0.0,0.0,0.0,0.0,0.0
2024-04-13T20:00,3600,0.0,0.0,0.0,0.0,0.0,0.0,0.0,0.0,0.0
2024-04-13T21:00,3600,0.0,0.0,0.0,0.0,0.0,0.0,0.0,0.0,0.0
2024-04-13T22:00,3600,0.0,0.0,0.0,0.0,0.0,0.0,0.0,0.0,0.0
2024-04-13T23:00,3600,0.0,0.0,0.0,0.0,0.0,0.0,0.0,0.0,0.0
2024-04-14T00:00,3600,0.0,0.0,0.0,0.0,0.0,0.0,0.0,0.0,0.0
2024-04-14T01:00,3600,0.0,0.0,0.0,0.0,0.0,0.0,0.0,0.0,0.0
2024-04-14T02:00,3600,0.0,0.0,0.0,0.0,0.0,0.0,0.0,0.0,0.0
2024-04-14T03:00,3600,0.0,0.0,0.0,0.0,0.0,0.0,0.0,0.0,0.0
2024-04-14T04:00,3600,0.0,0.0,0.0,0.0,0.0,0.0,0.0,0.0,0.0
2024-04-14T05:00,3600,0.0,0.0,0.0,0.0,0.0,0.0,0.0,0.0,0.0
2024-04-14T06:00,3600,0.0,0.0,0.0,0.0,0.0,0.0,0.0,0.0,15.71071276
2024-04-14T07:00,3600,0.0,0.0,0.0,0.0,0.0,0.0,0.0,0.0,110.4723144
2024-04-14T08:00,3600,0.0,0.0,0.0,0.0,0.0,0.0,0.0,0.0,281.31593449
2024-04-14T09:00,3600,0.0,0.0,0.0,0.0,0.0,0.0,0.0,0.0,439.78666039
2024-04-14T10:00,3600,0.0,0.0,0.0,0.0,0.0,0.0,0.0,0.0,575.3765316
2024-04-14T11:00,3600,0.0,0.0,0.0,0.0,0.0,0.0,0.0,0.0,569.85321786
2024-04-14T12:00,3600,0.0,0.0,0.0,0.0,0.0,0.0,0.0,0.0,454.1073388
2024-04-14T13:00,3600,0.0,0.0,0.0,0.0,0.0,0.0,0.0,0.0,543.0685042
2024-04-14T14:00,3600,0.0,0.0,0.0,0.0,0.0,0.0,0.0,0.0,461.13439281
2024-04-14T15:00,3600,0.0,0.0,0.0,0.0,0.0,0.0,0.0,0.0,321.92123533
2024-04-14T16:00,3600,0.0,0.0,0.0,0.0,0.0,0.0,0.0,0.0,208.37467402
2024-04-14T17:00,3600,0.0,0.0,0.0,0.0,0.0,0.0,0.0,0.0,122.96450442
2024-04-14T18:00,3600,0.0,0.0,0.0,0.0,0.0,0.0,0.0,0.0,16.51507961
2024-04-14T19:00,3600,0.0,0.0,0.0,0.0,0.0,0.0,0.0,0.0,0.0
2024-04-14T20:00,3600,0.0,0.0,0.0,0.0,0.0,0.0,0.0,0.0,0.0
2024-04-14T21:00,3600,0.0,0.0,0.0,0.0,0.0,0.0,0.0,0.0,0.0
2024-04-14T22:00,3600,0.0,0.0,0.0,0.0,0.0,0.0,0.0,0.0,0.0
2024-04-14T23:00,3600,0.0,0.0,0.0,0.0,0.0,0.0,0.0,0.0,0.0
2024-04-15T00:00,3600,0.0,0.0,0.0,0.0,0.0,0.0,0.0,0.0,0.0
2024-04-15T01:00,3600,0.0,0.0,0.0,0.0,0.0,0.0,0.0,0.0,0.0
2024-04-15T02:00,3600,0.0,0.0,0.0,0.0,0.0,0.0,0.0,0.0,0.0
2024-04-15T03:00,3600,0.0,0.0,0.0,0.0,0.0,0.0,0.0,0.0,0.0
2024-04-15T04:00,3600,0.0,0.0,0.0,0.0,0.0,0.0,0.0,0.0,0.0
2024-04-15T05:00,3600,0.0,0.0,0.0,0.0,0.0,0.0,0.0,0.0,0.0
2024-04-15T06:00,3600,0.0,0.0,0.0,0.0,0.0,0.0,0.0,0.0,12.58662524
2024-04-15T07:00,3600,0.0,0.0,0.0,0.0,0.0,0.0,0.0,0.0,70.57603994
2024-04-15T08:00,3600,0.0,0.0,0.0,0.0,0.0,0.0,0.0,0.0,238.5928598
2024-04-15T09:00,3600,0.0,0.0,0.0,0.0,0.0,0.0,0.0,0.0,394.36712053
2024-04-15T10:00,3600,0.0,0.0,0.0,0.0,0.0,0.0,0.0,0.0,468.06671391
2024-04-15T11:00,3600,0.0,0.0,0.0,0.0,0.0,0.0,0.0,0.0,486.62372415
2024-04-15T12:00,3600,0.0,0.0,0.0,0.0,0.0,0.0,0.0,0.0,585.08402595
2024-04-15T13:00,3600,0.0,0.0,0.0,0.0,0.0,0.0,0.0,0.0,577.7995582
2024-04-15T14:00,3600,0.0,0.0,0.0,0.0,0.0,0.0,0.0,0.0,371.93721697
2024-04-15T15:00,3600,0.0,0.0,0.0,0.0,0.0,0.0,0.0,0.0,437.17999235
2024-04-15T16:00,3600,0.0,0.0,0.0,0.0,0.0,0.0,0.0,0.0,320.01387391
2024-04-15T17:00,3600,0.0,0.0,0.0,0.0,0.0,0.0,0.0,0.0,156.59682781
2024-04-15T18:00,3600,1.0623396464169916,0.0,0.0,1.0623396464169916,0.0,0.0,0.0,0.0,18.459433
2024-04-15T19:00,3600,1.060222882357449,0.0,0.0,1.060222882357449,0.0,0.0,0.0,0.0,0.0
2024-04-15T20:00,3600,1.0570279760892543,0.0,0.0,1.0570279760892543,0.0,0.0,0.0,0.0,0.0
2024-04-15T21:00,3600,1.0587167634109587,0.0,0.0,1.0587167634109587,0.0,0.0,0.0,0.0,0.0
2024-04-15T22:00,3600,1.0625442362923168,0.0,0.0,1.0625442362923168,0.0,0.0,0.0,0.0,0.0
2024-04-15T23:00,3600,1.0651169348354759,0.0,0.0,1.0651169348354759,0.0,0.0,0.0,0.0,0.0
2024-04-16T00:00,3600,0.0,0.0,0.0,0.0,0.0,0.0,0.0,0.0,0.0
2024-04-16T01:00,3600,0.0,0.0,0.0,0.0,0.0,0.0,0.0,0.0,0.0
2024-04-16T02:00,3600,0.0,0.0,0.0,0.0,0.0,0.0,0.0,0.0,0.0
2024-04-16T03:00,3600,0.0,0.0,0.0,0.0,0.0,0.0,0.0,0.0,0.0
2024-04-16T04:00,3600,0.0,0.0,0.0,0.0,0.0,0.0,0.0,0.0,0.0
2024-04-16T05:00,3600,0.0,0.0,0.0,0.0,0.0,0.0,0.0,0.0,0.0
2024-04-16T06:00,3600,0.0,0.0,0.0,0.0,0.0,0.0,0.0,0.0,16.83253114
2024-04-16T07:00,3600,0.0,0.0,0.0,0.0,0.0,0.0,0.0,0.0,77.01147355
2024-04-16T08:00,3600,0.0,0.0,0.0,0.0,0.0,0.0,0.0,0.0,253.43863913
2024-04-16T09:00,3600,0.0,0.0,0.0,0.0,0.0,0.0,0.0,0.0,386.85412327
2024-04-16T10:00,3600,0.0,0.0,0.0,0.0,0.0,0.0,0.0,0.0,496.62859478
2024-04-16T11:00,3600,0.0,0.0,0.0,0.0,0.0,0.0,0.0,0.0,568.63212737
2024-04-16T12:00,3600,0.0,0.0,0.0,0.0,0.0,0.0,0.0,0.0,655.19756254
2024-04-16T13:00,3600,0.0,0.0,0.0,0.0,0.0,0.0,0.0,0.0,544.24540143
2024-04-16T14:00,3600,0.0,0.0,0.0,0.0,0.0,0.0,0.0,0.0,607.78028391
2024-04-16T15:00,3600,0.0,0.0,0.0,0.0,0.0,0.0,0.0,0.0,561.67370024
2024-04-16T16:00,3600,0.0,0.0,0.0,0.0,0.0,0.0,0.0,0.0,411.2877532
2024-04-16T17:00,3600,0.0,0.0,0.0,0.0,0.0,0.0,0.0,0.0,183.14960105
2024-04-16T18:00,3600,1.0430744327481054,0.0,0.0,1.0430744327481054,0.0,0.0,0.0,0.0,18.49918058
2024-04-16T19:00,3600,1.0421139836070958,0.0,0.0,1.0421139836070958,0.0,0.0,0.0,0.0,0.0
2024-04-16T20:00,3600,1.0602773532044658,0.0,0.0,1.0602773532044658,0.0,0.0,0.0,0.0,0.0
2024-04-16T21:00,3600,1.078883531088379,0.0,0.0,1.078883531088379,0.0,0.0,0.0,0.0,0.0
2024-04-16T22:00,3600,1.0870588235294116,0.0,0.0,1.0870588235294116,0.0,0.0,0.0,0.0,0.0
2024-04-16T23:00,3600,1.086041066812252,0.0,0.0,1.086041066812252,0.0,0.0,0.0,0.0,0.0
2024-04-17T00:00,3600,0.0,0.0,0.0,0.0,0.0,0.0,0.0,0.0,0.0
2024-04-17T01:00,3600,0.0,0.0,0.0,0.0,0.0,0.0,0.0,0.0,0.0
2024-04-17T02:00,3600,0.0,0.0,0.0,0.0,0.0,0.0,0.0,0.0,0.0
2024-04-17T03:00,3600,0.0,0.0,0.0,0.0,0.0,0.0,0.0,0.0,0.0
2024-04-17T04:00,3600,0.0,0.0,0.0,0.0,0.0,0.0,0.0,0.0,0.0
2024-04-17T05:00,3600,0.0,0.0,0.0,0.0,0.0,0.0,0.0,0.0,0.0
2024-04-17T06:00,3600,0.0,0.0,0.0,0.0,0.0,0.0,0.0,0.0,20.01816746
2024-04-17T07:00,3600,0.0,0.0,0.0,0.0,0.0,0.0,0.0,0.0,97.66013822
2024-04-17T08:00,3600,0.0,0.0,0.0,0.0,0.0,0.0,0.0,0.0,323.36301526
2024-04-17T09:00,3600,0.0,0.0,0.0,0.0,0.0,0.0,0.0,0.0,500.72252192
2024-04-17T10:00,3600,0.0,0.0,0.0,0.0,0.0,0.0,0.0,0.0,652.9372886
2024-04-17T11:00,3600,0.0,0.0,0.0,0.0,0.0,0.0,0.0,0.0,780.64093259
2024-04-17T12:00,3600,0.0,0.0,0.0,0.0,0.0,0.0,0.0,0.0,714.36560313
2024-04-17T13:00,3600,0.0,0.0,0.0,0.0,0.0,0.0,0.0,0.0,706.27615292
2024-04-17T14:00,3600,0.0,0.0,0.0,0.0,0.0,0.0,0.0,0.0,439.2203543
2024-04-17T15:00,3600,0.0,0.0,0.0,0.0,0.0,0.0,0.0,0.0,430.66144122
2024-04-17T16:00,3600,0.0,0.0,0.0,0.0,0.0,0.0,0.0,0.0,290.78895219
2024-04-17T17:00,3600,0.0,0.0,0.0,0.0,0.0,0.0,0.0,0.0,113.49328469
2024-04-17T18:00,3600,1.0657339743211376,0.0,0.0,1.0657339743211376,0.0,0.0,0.0,0.0,16.49123106
2024-04-17T19:00,3600,1.0700607291132247,0.0,0.0,1.0700607291132247,0.0,0.0,0.0,0.0,0.0
2024-04-17T20:00,3600,1.0556390222283543,0.0,0.0,1.0556390222283543,0.0,0.0,0.0,0.0,0.0
2024-04-17T21:00,3600,1.0638839026138749,0.0,0.0,1.0638839026138749,0.0,0.0,0.0,0.0,0.0
2024-04-17T22:00,3600,1.0719232721326384,0.0,0.0,1.0719232721326384,0.0,0.0,0.0,0.0,0.0
2024-04-17T23:00,3600,1.0676627562896777,0.0,0.0,1.0676627562896777,0.0,0.0,0.0,0.0,0.0
2024-04-18T00:00,3600,0.0,0.0,0.0,0.0,0.0,0.0,0.0,0.0,0.0
2024-04-18T01:00,3600,0.0,0.0,0.0,0.0,0.0,0.0,0.0,0.0,0.0
2024-04-18T02:00,3600,0.0,0.0,0.0,0.0,0.0,0.0,0.0,0.0,0.0
2024-04-18T03:00,3600,0.0,0.0,0.0,0.0,0.0,0.0,0.0,0.0,0.0
2024-04-18T04:00,3600,0.0,0.0,0.0,0.0,0.0,0.0,0.0,0.0,0.0
2024-04-18T05:00,3600,0.0,0.0,0.0,0.0,0.0,0.0,0.0,0.0,0.0
2024-04-18T06:00,3600,0.0,0.0,0.0,0.0,0.0,0.0,0.0,0.0,14.79660126
2024-04-18T07:00,3600,0.0,0.0,0.0,0.0,0.0,0.0,0.0,0.0,94.15442724
2024-04-18T08:00,3600,0.0,0.0,0.0,0.0,0.0,0.0,0.0,0.0,168.76966801
2024-04-18T09:00,3600,0.0,0.0,0.0,0.0,0.0,0.0,0.0,0.0,221.49958657
2024-04-18T10:00,3600,0.0,0.0,0.0,0.0,0.0,0.0,0.0,0.0,319.63507212
2024-04-18T11:00,3600,0.0,0.0,0.0,0.0,0.0,0.0,0.0,0.0,417.46829291
2024-04-18T12:00,3600,0.0,0.0,0.0,0.0,0.0,0.0,0.0,0.0,464.08776976
2024-04-18T13:00,3600,0.0,0.0,0.0,0.0,0.0,0.0,0.0,0.0,504.14179344
2024-04-18T14:00,3600,0.0,0.0,0.0,0.0,0.0,0.0,0.0,0.0,271.29933026
2024-04-18T15:00,3600,0.0,0.0,0.0,0.0,0.0,0.0,0.0,0.0,317.35366283
2024-04-18T16:00,3600,0.0,0.0,0.0,0.0,0.0,0.0,0.0,0.0,280.51889059
2024-04-18T17:00,3600,0.0,0.0,0.0,0.0,0.0,0.0,0.0,0.0,99.34237039
2024-04-18T18:00,3600,1.019406986120143,0.0,0.0,1.019406986120143,0.0,0.0,0.0,0.0,18.41173592
2024-04-18T19:00,3600,1.0268162629081456,0.0,0.0,1.0268162629081456,0.0,0.0,0.0,0.0,0.0
2024-04-18T20:00,3600,0.7557860084798025,0.0,0.0,0.7557860084798025,0.0,0.0,0.0,0.0,0.0
2024-04-18T21:00,3600,0.3821398931888362,0.0,0.0,0.3821398931888362,0.0,0.0,0.0,0.0,0.0
2024-04-18T22:00,3600,0.3895745058689222,0.0,0.0,0.3895745058689222,0.0,0.0,0.0,0.0,0.0
2024-04-18T23:00,3600,0.3964211782337471,0.0,0.0,0.3964211782337471,0.0,0.0,0.0,0.0,0.0
2024-04-19T00:00,3600,0.0,0.0,0.0,0.0,0.0,0.0,0.0,0.0,0.0
2024-04-19T01:00,3600,0.0,0.0,0.0,0.0,0.0,0.0,0.0,0.0,0.0
2024-04-19T02:00,3600,0.0,0.0,0.0,0.0,0.0,0.0,0.0,0.0,0.0
2024-04-19T03:00,3600,0.0,0.0,0.0,0.0,0.0,0.0,0.0,0.0,0.0
2024-04-19T04:00,3600,0.0,0.0,0.0,0.0,0.0,0.0,0.0,0.0,0.0
2024-04-19T05:00,3600,0.0,0.0,0.0,0.0,0.0,0.0,0.0,0.0,0.0
2024-04-19T06:00,3600,0.0,0.0,0.0,0.0,0.0,0.0,0.0,0.0,12.33337768
2024-04-19T07:00,3600,0.0,0.0,0.0,0.0,0.0,0.0,0.0,0.0,72.0172969
2024-04-19T08:00,3600,0.0,0.0,0.0,0.0,0.0,0.0,0.0,0.0,151.67118429
2024-04-19T09:00,3600,0.0,0.0,0.0,0.0,0.0,0.0,0.0,0.0,292.72565699
2024-04-19T10:00,3600,0.0,0.0,0.0,0.0,0.0,0.0,0.0,0.0,275.12187756
2024-04-19T11:00,3600,0.0,0.0,0.0,0.0,0.0,0.0,0.0,0.0,415.3139612
2024-04-19T12:00,3600,0.0,0.0,0.0,0.0,0.0,0.0,0.0,0.0,563.52126181
2024-04-19T13:00,3600,0.0,0.0,0.0,0.0,0.0,0.0,0.0,0.0,542.30468579
2024-04-19T14:00,3600,0.0,0.0,0.0,0.0,0.0,0.0,0.0,0.0,322.82359624
2024-04-19T15:00,3600,0.0,0.0,0.0,0.0,0.0,0.0,0.0,0.0,262.65671857
2024-04-19T16:00,3600,0.0,0.0,0.0,0.0,0.0,0.0,0.0,0.0,167.94353885
2024-04-19T17:00,3600,0.0,0.0,0.0,0.0,0.0,0.0,0.0,0.0,65.42614653
2024-04-19T18:00,3600,1.041869212312693,0.0,0.0,1.041869212312693,0.0,0.0,0.0,0.0,8.71381747
2024-04-19T19:00,3600,1.0533994628014718,0.0,0.0,1.0533994628014718,0.0,0.0,0.0,0.0,0.0
2024-04-19T20:00,3600,0.6871069219780465,0.0,0.0,0.6871069219780465,0.0,0.0,0.0,0.0,0.0
2024-04-19T21:00,3600,0.43785661322658626,0.0,0.0,0.43785661322658626,0.0,0.0,0.0,0.0,0.0
2024-04-19T22:00,3600,0.44001283404183755,0.0,0.0,0.44001283404183755,0.0,0.0,0.0,0.0,0.0
2024-04-19T23:00,3600,0.4347203473644394,0.0,0.0,0.4347203473644394,0.0,0.0,0.0,0.0,0.0
2024-04-20T00:00,3600,0.0,0.0,0.0,0.0,0.0,0.0,0.0,0.0,0.0
2024-04-20T01:00,3600,0.0,0.0,0.0,0.0,0.0,0.0,0.0,0.0,0.0
2024-04-20T02:00,3600,0.0,0.0,0.0,0.0,0.0,0.0,0.0,0.0,0.0
2024-04-20T03:00,3600,0.0,0.0,0.0,0.0,0.0,0.0,0.0,0.0,0.0
2024-04-20T04:00,3600,0.0,0.0,0.0,0.0,0.0,0.0,0.0,0.0,0.0
2024-04-20T05:00,3600,0.0,0.0,0.0,0.0,0.0,0.0,0.0,0.0,0.0
2024-04-20T06:00,3600,0.0,0.0,0.0,0.0,0.0,0.0,0.0,0.0,13.17935118
2024-04-20T07:00,3600,0.0,0.0,0.0,0.0,0.0,0.0,0.0,0.0,70.63233636
2024-04-20T08:00,3600,0.0,0.0,0.0,0.0,0.0,0.0,0.0,0.0,154.98803203
2024-04-20T09:00,3600,0.0,0.0,0.0,0.0,0.0,0.0,0.0,0.0,198.87576939
2024-04-20T10:00,3600,0.0,0.0,0.0,0.0,0.0,0.0,0.0,0.0,322.41968671
2024-04-20T11:00,3600,0.0,0.0,0.0,0.0,0.0,0.0,0.0,0.0,526.74167375
2024-04-20T12:00,3600,0.0,0.0,0.0,0.0,0.0,0.0,0.0,0.0,467.89634366
2024-04-20T13:00,3600,0.0,0.0,0.0,0.0,0.0,0.0,0.0,0.0,373.32858355
2024-04-20T14:00,3600,0.0,0.0,0.0,0.0,0.0,0.0,0.0,0.0,113.27962714
2024-04-20T15:00,3600,0.0,0.0,0.0,0.0,0.0,0.0,0.0,0.0,72.6151456
2024-04-20T16:00,3600,0.0,0.0,0.0,0.0,0.0,0.0,0.0,0.0,56.1557126
2024-04-20T17:00,3600,0.0,0.0,0.0,0.0,0.0,0.0,0.0,0.0,15.49123106
2024-04-20T18:00,3600,0.0,0.0,0.0,0.0,0.0,0.0,0.0,0.0,2.90460582
2024-04-20T19:00,3600,0.0,0.0,0.0,0.0,0.0,0.0,0.0,0.0,0.0
2024-04-20T20:00,3600,0.0,0.0,0.0,0.0,0.0,0.0,0.0,0.0,0.0
2024-04-20T21:00,3600,0.0,0.0,0.0,0.0,0.0,0.0,0.0,0.0,0.0
2024-04-20T22:00,3600,0.0,0.0,0.0,0.0,0.0,0.0,0.0,0.0,0.0
2024-04-20T23:00,3600,0.0,0.0,0.0,0.0,0.0,0.0,0.0,0.0,0.0
2024-04-21T00:00,3600,0.0,0.0,0.0,0.0,0.0,0.0,0.0,0.0,0.0
2024-04-21T01:00,3600,0.0,0.0,0.0,0.0,0.0,0.0,0.0,0.0,0.0
2024-04-21T02:00,3600,0.0,0.0,0.0,0.0,0.0,0.0,0.0,0.0,0.0
2024-04-21T03:00,3600,0.0,0.0,0.0,0.0,0.0,0.0,0.0,0.0,0.0
2024-04-21T04:00,3600,0.0,0.0,0.0,0.0,0.0,0.0,0.0,0.0,0.0
2024-04-21T05:00,3600,0.0,0.0,0.0,0.0,0.0,0.0,0.0,0.0,0.0
2024-04-21T06:00,3600,0.0,0.0,0.0,0.0,0.0,0.0,0.0,0.0,9.68201941
2024-04-21T07:00,3600,0.0,0.0,0.0,0.0,0.0,0.0,0.0,0.0,31.95066407
2024-04-21T08:00,3600,0.0,0.0,0.0,0.0,0.0,0.0,0.0,0.0,78.42435725
2024-04-21T09:00,3600,0.0,0.0,0.0,0.0,0.0,0.0,0.0,0.0,99.72479996
2024-04-21T10:00,3600,0.0,0.0,0.0,0.0,0.0,0.0,0.0,0.0,102.62940579
2024-04-21T11:00,3600,0.0,0.0,0.0,0.0,0.0,0.0,0.0,0.0,91.01098249
2024-04-21T12:00,3600,0.0,0.0,0.0,0.0,0.0,0.0,0.0,0.0,231.44975478
2024-04-21T13:00,3600,0.0,0.0,0.0,0.0,0.0,0.0,0.0,0.0,317.11401253
2024-04-21T14:00,3600,0.0,0.0,0.0,0.0,0.0,0.0,0.0,0.0,117.45102056
2024-04-21T15:00,3600,0.0,0.0,0.0,0.0,0.0,0.0,0.0,0.0,313.47033104
2024-04-21T16:00,3600,0.0,0.0,0.0,0.0,0.0,0.0,0.0,0.0,171.44115081
2024-04-21T17:00,3600,0.0,0.0,0.0,0.0,0.0,0.0,0.0,0.0,55.81556725
2024-04-21T18:00,3600,0.0,0.0,0.0,0.0,0.0,0.0,0.0,0.0,8.71381747
2024-04-21T19:00,3600,0.0,0.0,0.0,0.0,0.0,0.0,0.0,0.0,0.0
2024-04-21T20:00,3600,0.0,0.0,0.0,0.0,0.0,0.0,0.0,0.0,0.0
2024-04-21T21:00,3600,0.0,0.0,0.0,0.0,0.0,0.0,0.0,0.0,0.0
2024-04-21T22:00,3600,0.0,0.0,0.0,0.0,0.0,0.0,0.0,0.0,0.0
2024-04-21T23:00,3600,0.0,0.0,0.0,0.0,0.0,0.0,0.0,0.0,0.0
2024-04-22T00:00,3600,0.0,0.0,0.0,0.0,0.0,0.0,0.0,0.0,0.0
2024-04-22T01:00,3600,0.0,0.0,0.0,0.0,0.0,0.0,0.0,0.0,0.0
2024-04-22T02:00,3600,0.0,0.0,0.0,0.0,0.0,0.0,0.0,0.0,0.0
2024-04-22T03:00,3600,0.0,0.0,0.0,0.0,0.0,0.0,0.0,0.0,0.0
2024-04-22T04:00,3600,0.0,0.0,0.0,0.0,0.0,0.0,0.0,0.0,0.0
2024-04-22T05:00,3600,0.0,0.0,0.0,0.0,0.0,0.0,0.0,0.0,0.0
2024-04-22T06:00,3600,0.0,0.0,0.0,0.0,0.0,0.0,0.0,0.0,19.34755303
2024-04-22T07:00,3600,0.0,0.0,0.0,0.0,0.0,0.0,0.0,0.0,107.73492665
2024-04-22T08:00,3600,0.0,0.0,0.0,0.0,0.0,0.0,0.0,0.0,267.39535634
2024-04-22T09:00,3600,0.0,0.0,0.0,0.0,0.0,0.0,0.0,0.0,306.77522046
2024-04-22T10:00,3600,0.0,0.0,0.0,0.0,0.0,0.0,0.0,0.0,386.57774563
2024-04-22T11:00,3600,0.0,0.0,0.0,0.0,0.0,0.0,0.0,0.0,328.08283605
2024-04-22T12:00,3600,0.0,0.0,0.0,0.0,0.0,0.0,0.0,0.0,381.83909217
2024-04-22T13:00,3600,0.0,0.0,0.0,0.0,0.0,0.0,0.0,0.0,304.8142786
2024-04-22T14:00,3600,0.0,0.0,0.0,0.0,0.0,0.0,0.0,0.0,281.38049833
2024-04-22T15:00,3600,0.0,0.0,0.0,0.0,0.0,0.0,0.0,0.0,264.44114237
2024-04-22T16:00,3600,0.0,0.0,0.0,0.0,0.0,0.0,0.0,0.0,198.62803514
2024-04-22T17:00,3600,0.0,0.0,0.0,0.0,0.0,0.0,0.0,0.0,97.62160983
2024-04-22T18:00,3600,1.061114166330602,0.0,0.0,1.061114166330602,0.0,0.0,0.0,0.0,15.53892815
2024-04-22T19:00,3600,0.9040488213073905,0.0,0.0,0.9040488213073905,0.0,0.0,0.0,0.0,0.0
2024-04-22T20:00,3600,0.374319326513732,0.0,0.0,0.374319326513732,0.0,0.0,0.0,0.0,0.0
2024-04-22T21:00,3600,0.3680449368625015,0.0,0.0,0.3680449368625015,0.0,0.0,0.0,0.0,0.0
2024-04-22T22:00,3600,0.3623490829630842,0.0,0.0,0.3623490829630842,0.0,0.0,0.0,0.0,0.0
2024-04-22T23:00,3600,0.36871457922291645,0.0,0.0,0.36871457922291645,0.0,0.0,0.0,0.0,0.0
2024-04-23T00:00,3600,0.0,0.0,0.0,0.0,0.0,0.0,0.0,0.0,0.0
2024-04-23T01:00,3600,0.0,0.0,0.0,0.0,0.0,0.0,0.0,0.0,0.0
2024-04-23T02:00,3600,0.0,0.0,0.0,0.0,0.0,0.0,0.0,0.0,0.0
2024-04-23T03:00,3600,0.0,0.0,0.0,0.0,0.0,0.0,0.0,0.0,0.0
2024-04-23T04:00,3600,0.0,0.0,0.0,0.0,0.0,0.0,0.0,0.0,0.0
2024-04-23T05:00,3600,0.0,0.0,0.0,0.0,0.0,0.0,0.0,0.0,0.0
2024-04-23T06:00,3600,0.0,0.0,0.0,0.0,0.0,0.0,0.0,0.0,17.43750934
2024-04-23T07:00,3600,0.0,0.0,0.0,0.0,0.0,0.0,0.0,0.0,82.19424341
2024-04-23T08:00,3600,0.0,0.0,0.0,0.0,0.0,0.0,0.0,0.0,107.32325982
2024-04-23T09:00,3600,0.0,0.0,0.0,0.0,0.0,0.0,0.0,0.0,150.12680479
2024-04-23T10:00,3600,0.0,0.0,0.0,0.0,0.0,0.0,0.0,0.0,198.84420008
2024-04-23T11:00,3600,0.0,0.0,0.0,0.0,0.0,0.0,0.0,0.0,160.45133485
2024-04-23T12:00,3600,0.0,0.0,0.0,0.0,0.0,0.0,0.0,0.0,185.67073761
2024-04-23T13:00,3600,0.0,0.0,0.0,0.0,0.0,0.0,0.0,0.0,276.49483631
2024-04-23T14:00,3600,0.0,0.0,0.0,0.0,0.0,0.0,0.0,0.0,217.77886575
2024-04-23T15:00,3600,0.0,0.0,0.0,0.0,0.0,0.0,0.0,0.0,344.34367484
2024-04-23T16:00,3600,0.0,0.0,0.0,0.0,0.0,0.0,0.0,0.0,242.19777252
2024-04-23T17:00,3600,0.0,0.0,0.0,0.0,0.0,0.0,0.0,0.0,95.75509639
2024-04-23T18:00,3600,1.043961512211564,0.0,0.0,1.043961512211564,0.0,0.0,0.0,0.0,5.80921165
2024-04-23T19:00,3600,0.4301329480637149,0.0,0.0,0.4301329480637149,0.0,0.0,0.0,0.0,0.0
2024-04-23T20:00,3600,0.4371276973168365,0.0,0.0,0.4371276973168365,0.0,0.0,0.0,0.0,0.0
2024-04-23T21:00,3600,0.44564337941176463,0.0,0.0,0.44564337941176463,0.0,0.0,0.0,0.0,0.0
2024-04-23T22:00,3600,0.43523536097700877,0.0,0.0,0.43523536097700877,0.0,0.0,0.0,0.0,0.0
2024-04-23T23:00,3600,0.4302691114029531,0.0,0.0,0.4302691114029531,0.0,0.0,0.0,0.0,0.0
2024-04-24T00:00,3600,0.0,0.0,0.0,0.0,0.0,0.0,0.0,0.0,0.0
2024-04-24T01:00,3600,0.0,0.0,0.0,0.0,0.0,0.0,0.0,0.0,0.0
2024-04-24T02:00,3600,0.0,0.0,0.0,0.0,0.0,0.0,0.0,0.0,0.0
2024-04-24T03:00,3600,0.0,0.0,0.0,0.0,0.0,0.0,0.0,0.0,0.0
2024-04-24T04:00,3600,0.0,0.0,0.0,0.0,0.0,0.0,0.0,0.0,0.0
2024-04-24T05:00,3600,0.0,0.0,0.0,0.0,0.0,0.0,0.0,0.0,0.0
2024-04-24T06:00,3600,0.0,0.0,0.0,0.0,0.0,0.0,0.0,0.0,19.53176863
2024-04-24T07:00,3600,0.0,0.0,0.0,0.0,0.0,0.0,0.0,0.0,97.20538564
2024-04-24T08:00,3600,0.0,0.0,0.0,0.0,0.0,0.0,0.0,0.0,220.32557984
2024-04-24T09:00,3600,0.0,0.0,0.0,0.0,0.0,0.0,0.0,0.0,307.92615772
2024-04-24T10:00,3600,0.0,0.0,0.0,0.0,0.0,0.0,0.0,0.0,466.69571703
2024-04-24T11:00,3600,0.0,0.0,0.0,0.0,0.0,0.0,0.0,0.0,605.38833607
2024-04-24T12:00,3600,0.0,0.0,0.0,0.0,0.0,0.0,0.0,0.0,490.14704476
2024-04-24T13:00,3600,0.0,0.0,0.0,0.0,0.0,0.0,0.0,0.0,340.2328038
2024-04-24T14:00,3600,0.0,0.0,0.0,0.0,0.0,0.0,0.0,0.0,433.06084976
2024-04-24T15:00,3600,0.0,0.0,0.0,0.0,0.0,0.0,0.0,0.0,313.26311655
2024-04-24T16:00,3600,0.0,0.0,0.0,0.0,0.0,0.0,0.0,0.0,185.77746407
2024-04-24T17:00,3600,0.0,0.0,0.0,0.0,0.0,0.0,0.0,0.0,73.87254929
2024-04-24T18:00,3600,1.0767357737159677,0.0,0.0,1.0767357737159677,0.0,0.0,0.0,0.0,10.65817087
2024-04-24T19:00,3600,1.076632874155252,0.0,0.0,1.076632874155252,0.0,0.0,0.0,0.0,0.0
2024-04-24T20:00,3600,0.8749321841137918,0.0,0.0,0.8749321841137918,0.0,0.0,0.0,0.0,0.0
2024-04-24T21:00,3600,0.4301090949510678,0.0,0.0,0.4301090949510678,0.0,0.0,0.0,0.0,0.0
2024-04-24T22:00,3600,0.4249080617647059,0.0,0.0,0.4249080617647059,0.0,0.0,0.0,0.0,0.0
2024-04-24T23:00,3600,0.41918085538431576,0.0,0.0,0.41918085538431576,0.0,0.0,0.0,0.0,0.0
2024-04-25T00:00,3600,0.0,0.0,0.0,0.0,0.0,0.0,0.0,0.0,0.0
2024-04-25T01:00,3600,0.0,0.0,0.0,0.0,0.0,0.0,0.0,0.0,0.0
2024-04-25T02:00,3600,0.0,0.0,0.0,0.0,0.0,0.0,0.0,0.0,0.0
2024-04-25T03:00,3600,0.0,0.0,0.0,0.0,0.0,0.0,0.0,0.0,0.0
2024-04-25T04:00,3600,0.0,0.0,0.0,0.0,0.0,0.0,0.0,0.0,0.0
2024-04-25T05:00,3600,0.0,0.0,0.0,0.0,0.0,0.0,0.0,0.0,0.0
2024-04-25T06:00,3600,0.0,0.0,0.0,0.0,0.0,0.0,0.0,0.0,6.77741359
2024-04-25T07:00,3600,0.0,0.0,0.0,0.0,0.0,0.0,0.0,0.0,43.0949392
2024-04-25T08:00,3600,0.0,0.0,0.0,0.0,0.0,0.0,0.0,0.0,61.81669849
2024-04-25T09:00,3600,0.0,0.0,0.0,0.0,0.0,0.0,0.0,0.0,63.86257791
2024-04-25T10:00,3600,0.0,0.0,0.0,0.0,0.0,0.0,0.0,0.0,173.37623132
2024-04-25T11:00,3600,0.0,0.0,0.0,0.0,0.0,0.0,0.0,0.0,119.08883879
2024-04-25T12:00,3600,0.0,0.0,0.0,0.0,0.0,0.0,0.0,0.0,332.88274054
2024-04-25T13:00,3600,0.0,0.0,0.0,0.0,0.0,0.0,0.0,0.0,485.68113994
2024-04-25T14:00,3600,0.0,0.0,0.0,0.0,0.0,0.0,0.0,0.0,402.68743755
2024-04-25T15:00,3600,0.0,0.0,0.0,0.0,0.0,0.0,0.0,0.0,314.30437466
2024-04-25T16:00,3600,0.0,0.0,0.0,0.0,0.0,0.0,0.0,0.0,122.69169698
2024-04-25T17:00,3600,0.0,0.0,0.0,0.0,0.0,0.0,0.0,0.0,58.84552325
2024-04-25T18:00,3600,1.0870588235294116,0.0,0.0,1.0870588235294116,0.0,0.0,0.0,0.0,12.61047378
2024-04-25T19:00,3600,0.77975333151222,0.0,0.0,0.77975333151222,0.0,0.0,0.0,0.0,0.0
2024-04-25T20:00,3600,0.44564337941176463,0.0,0.0,0.44564337941176463,0.0,0.0,0.0,0.0,0.0
2024-04-25T21:00,3600,0.42552720545762357,0.0,0.0,0.42552720545762357,0.0,0.0,0.0,0.0,0.0
2024-04-25T22:00,3600,0.4207417569471678,0.0,0.0,0.4207417569471678,0.0,0.0,0.0,0.0,0.0
2024-04-25T23:00,3600,0.40809147984085625,0.0,0.0,0.40809147984085625,0.0,0.0,0.0,0.0,0.0
2024-04-26T00:00,3600,0.0,0.0,0.0,0.0,0.0,0.0,0.0,0.0,0.0
2024-04-26T01:00,3600,0.0,0.0,0.0,0.0,0.0,0.0,0.0,0.0,0.0
2024-04-26T02:00,3600,0.0,0.0,0.0,0.0,0.0,0.0,0.0,0.0,0.0
2024-04-26T03:00,3600,0.0,0.0,0.0,0.0,0.0,0.0,0.0,0.0,0.0
2024-04-26T04:00,3600,0.0,0.0,0.0,0.0,0.0,0.0,0.0,0.0,0.0
2024-04-26T05:00,3600,0.0,0.0,0.0,0.0,0.0,0.0,0.0,0.0,0.0
2024-04-26T06:00,3600,0.0,0.0,0.0,0.0,0.0,0.0,0.0,0.0,7.74561553
2024-04-26T07:00,3600,0.0,0.0,0.0,0.0,0.0,0.0,0.0,0.0,40.33210524
2024-04-26T08:00,3600,0.0,0.0,0.0,0.0,0.0,0.0,0.0,0.0,100.19797588
2024-04-26T09:00,3600,0.0,0.0,0.0,0.0,0.0,0.0,0.0,0.0,184.80447848
2024-04-26T10:00,3600,0.0,0.0,0.0,0.0,0.0,0.0,0.0,0.0,210.63063735
2024-04-26T11:00,3600,0.0,0.0,0.0,0.0,0.0,0.0,0.0,0.0,261.77027213
2024-04-26T12:00,3600,0.0,0.0,0.0,0.0,0.0,0.0,0.0,0.0,257.88273935
2024-04-26T13:00,3600,0.0,0.0,0.0,0.0,0.0,0.0,0.0,0.0,274.85778688
2024-04-26T14:00,3600,0.0,0.0,0.0,0.0,0.0,0.0,0.0,0.0,531.25308902
2024-04-26T15:00,3600,0.0,0.0,0.0,0.0,0.0,0.0,0.0,0.0,470.62776518
2024-04-26T16:00,3600,0.0,0.0,0.0,0.0,0.0,0.0,0.0,0.0,351.10547431
2024-04-26T17:00,3600,0.0,0.0,0.0,0.0,0.0,0.0,0.0,0.0,133.86988669
2024-04-26T18:00,3600,1.0870588235294116,0.0,0.0,1.0870588235294116,0.0,0.0,0.0,0.0,14.57072621
2024-04-26T19:00,3600,1.0870588235294116,0.0,0.0,1.0870588235294116,0.0,0.0,0.0,0.0,0.0
2024-04-26T20:00,3600,0.5034458549670894,0.0,0.0,0.5034458549670894,0.0,0.0,0.0,0.0,0.0
2024-04-26T21:00,3600,0.45082720882352945,0.0,0.0,0.45082720882352945,0.0,0.0,0.0,0.0,0.0
2024-04-26T22:00,3600,0.4274999764705883,0.0,0.0,0.4274999764705883,0.0,0.0,0.0,0.0,0.0
2024-04-26T23:00,3600,0.4249080617647059,0.0,0.0,0.4249080617647059,0.0,0.0,0.0,0.0,0.0
2024-04-27T00:00,3600,0.0,0.0,0.0,0.0,0.0,0.0,0.0,0.0,0.0
2024-04-27T01:00,3600,0.0,0.0,0.0,0.0,0.0,0.0,0.0,0.0,0.0
2024-04-27T02:00,3600,0.0,0.0,0.0,0.0,0.0,0.0,0.0,0.0,0.0
2024-04-27T03:00,3600,0.0,0.0,0.0,0.0,0.0,0.0,0.0,0.0,0.0
2024-04-27T04:00,3600,0.0,0.0,0.0,0.0,0.0,0.0,0.0,0.0,0.0
2024-04-27T05:00,3600,0.0,0.0,0.0,0.0,0.0,0.0,0.0,0.0,0.0
2024-04-27T06:00,3600,0.0,0.0,0.0,0.0,0.0,0.0,0.0,0.0,18.49702376
2024-04-27T07:00,3600,0.0,0.0,0.0,0.0,0.0,0.0,0.0,0.0,92.876076
2024-04-27T08:00,3600,0.0,0.0,0.0,0.0,0.0,0.0,0.0,0.0,169.7308166
2024-04-27T09:00,3600,0.0,0.0,0.0,0.0,0.0,0.0,0.0,0.0,269.57279005
2024-04-27T10:00,3600,0.0,0.0,0.0,0.0,0.0,0.0,0.0,0.0,339.00214459
2024-04-27T11:00,3600,0.0,0.0,0.0,0.0,0.0,0.0,0.0,0.0,413.19481562
2024-04-27T12:00,3600,0.0,0.0,0.0,0.0,0.0,0.0,0.0,0.0,444.53553156
2024-04-27T13:00,3600,0.0,0.0,0.0,0.0,0.0,0.0,0.0,0.0,447.84191512
2024-04-27T14:00,3600,0.0,0.0,0.0,0.0,0.0,0.0,0.0,0.0,365.79852141
2024-04-27T15:00,3600,0.0,0.0,0.0,0.0,0.0,0.0,0.0,0.0,287.24813283
2024-04-27T16:00,3600,0.0,0.0,0.0,0.0,0.0,0.0,0.0,0.0,144.91913951
2024-04-27T17:00,3600,0.0,0.0,0.0,0.0,0.0,0.0,0.0,0.0,97.71201511
2024-04-27T18:00,3600,0.0,0.0,0.0,0.0,0.0,0.0,0.0,0.0,15.52302912
2024-04-27T19:00,3600,0.0,0.0,0.0,0.0,0.0,0.0,0.0,0.0,0.0
2024-04-27T20:00,3600,0.0,0.0,0.0,0.0,0.0,0.0,0.0,0.0,0.0
2024-04-27T21:00,3600,0.0,0.0,0.0,0.0,0.0,0.0,0.0,0.0,0.0
2024-04-27T22:00,3600,0.0,0.0,0.0,0.0,0.0,0.0,0.0,0.0,0.0
2024-04-27T23:00,3600,0.0,0.0,0.0,0.0,0.0,0.0,0.0,0.0,0.0
2024-04-28T00:00,3600,0.0,0.0,0.0,0.0,0.0,0.0,0.0,0.0,0.0
2024-04-28T01:00,3600,0.0,0.0,0.0,0.0,0.0,0.0,0.0,0.0,0.0
2024-04-28T02:00,3600,0.0,0.0,0.0,0.0,0.0,0.0,0.0,0.0,0.0
2024-04-28T03:00,3600,0.0,0.0,0.0,0.0,0.0,0.0,0.0,0.0,0.0
2024-04-28T04:00,3600,0.0,0.0,0.0,0.0,0.0,0.0,0.0,0.0,0.0
2024-04-28T05:00,3600,0.0,0.0,0.0,0.0,0.0,0.0,0.0,0.0,0.0
2024-04-28T06:00,3600,0.0,0.0,0.0,0.0,0.0,0.0,0.0,0.0,4.84100971
2024-04-28T07:00,3600,0.0,0.0,0.0,0.0,0.0,0.0,0.0,0.0,28.0778563
2024-04-28T08:00,3600,0.0,0.0,0.0,0.0,0.0,0.0,0.0,0.0,134.14882827
2024-04-28T09:00,3600,0.0,0.0,0.0,0.0,0.0,0.0,0.0,0.0,368.68793723
2024-04-28T10:00,3600,0.0,0.0,0.0,0.0,0.0,0.0,0.0,0.0,350.98841076
2024-04-28T11:00,3600,0.0,0.0,0.0,0.0,0.0,0.0,0.0,0.0,463.38749925
2024-04-28T12:00,3600,0.0,0.0,0.0,0.0,0.0,0.0,0.0,0.0,362.39463427
2024-04-28T13:00,3600,0.0,0.0,0.0,0.0,0.0,0.0,0.0,0.0,430.62064441
2024-04-28T14:00,3600,0.0,0.0,0.0,0.0,0.0,0.0,0.0,0.0,243.56116251
2024-04-28T15:00,3600,0.0,0.0,0.0,0.0,0.0,0.0,0.0,0.0,103.50472658
2024-04-28T16:00,3600,0.0,0.0,0.0,0.0,0.0,0.0,0.0,0.0,61.62687511
2024-04-28T17:00,3600,0.0,0.0,0.0,0.0,0.0,0.0,0.0,0.0,23.34022802
2024-04-28T18:00,3600,0.0,0.0,0.0,0.0,0.0,0.0,0.0,0.0,5.82511068
2024-04-28T19:00,3600,0.0,0.0,0.0,0.0,0.0,0.0,0.0,0.0,0.0
2024-04-28T20:00,3600,0.0,0.0,0.0,0.0,0.0,0.0,0.0,0.0,0.0
2024-04-28T21:00,3600,0.0,0.0,0.0,0.0,0.0,0.0,0.0,0.0,0.0
2024-04-28T22:00,3600,0.0,0.0,0.0,0.0,0.0,0.0,0.0,0.0,0.0
2024-04-28T23:00,3600,0.0,0.0,0.0,0.0,0.0,0.0,0.0,0.0,0.0
2024-04-29T00:00,3600,0.0,0.0,0.0,0.0,0.0,0.0,0.0,0.0,0.0
2024-04-29T01:00,3600,0.0,0.0,0.0,0.0,0.0,0.0,0.0,0.0,0.0
2024-04-29T02:00,3600,0.0,0.0,0.0,0.0,0.0,0.0,0.0,0.0,0.0
2024-04-29T03:00,3600,0.0,0.0,0.0,0.0,0.0,0.0,0.0,0.0,0.0
2024-04-29T04:00,3600,0.0,0.0,0.0,0.0,0.0,0.0,0.0,0.0,0.0
2024-04-29T05:00,3600,0.0,0.0,0.0,0.0,0.0,0.0,0.0,0.0,0.0
2024-04-29T06:00,3600,0.0,0.0,0.0,0.0,0.0,0.0,0.0,0.0,20.28351777
2024-04-29T07:00,3600,0.0,0.0,0.0,0.0,0.0,0.0,0.0,0.0,57.66620927
2024-04-29T08:00,3600,0.0,0.0,0.0,0.0,0.0,0.0,0.0,0.0,156.88772084
2024-04-29T09:00,3600,0.0,0.0,0.0,0.0,0.0,0.0,0.0,0.0,332.23330006
2024-04-29T10:00,3600,0.0,0.0,0.0,0.0,0.0,0.0,0.0,0.0,522.61079959
2024-04-29T11:00,3600,0.0,0.0,0.0,0.0,0.0,0.0,0.0,0.0,727.97371822
2024-04-29T12:00,3600,0.0,0.0,0.0,0.0,0.0,0.0,0.0,0.0,751.25695224
2024-04-29T13:00,3600,0.0,0.0,0.0,0.0,0.0,0.0,0.0,0.0,670.16809808
2024-04-29T14:00,3600,0.0,0.0,0.0,0.0,0.0,0.0,0.0,0.0,609.14102209
2024-04-29T15:00,3600,0.0,0.0,0.0,0.0,0.0,0.0,0.0,0.0,271.31569607
2024-04-29T16:00,3600,0.0,0.0,0.0,0.0,0.0,0.0,0.0,0.0,240.92972127
2024-04-29T17:00,3600,0.0,0.0,0.0,0.0,0.0,0.0,0.0,0.0,101.31574216
2024-04-29T18:00,3600,1.0870588235294116,0.0,0.0,1.0870588235294116,0.0,0.0,0.0,0.0,15.54687766
2024-04-29T19:00,3600,1.0870588235294116,0.0,0.0,1.0870588235294116,0.0,0.0,0.0,0.0,0.0
2024-04-29T20:00,3600,1.0870588235294116,0.0,0.0,1.0870588235294116,0.0,0.0,0.0,0.0,0.0
2024-04-29T21:00,3600,1.0870588235294116,0.0,0.0,1.0870588235294116,0.0,0.0,0.0,0.0,0.0
2024-04-29T22:00,3600,1.0870588235294116,0.0,0.0,1.0870588235294116,0.0,0.0,0.0,0.0,0.0
2024-04-29T23:00,3600,1.0870588235294116,0.0,0.0,1.0870588235294116,0.0,0.0,0.0,0.0,0.0
2024-04-30T00:00,3600,0.0,0.0,0.0,0.0,0.0,0.0,0.0,0.0,0.0
2024-04-30T01:00,3600,0.0,0.0,0.0,0.0,0.0,0.0,0.0,0.0,0.0
2024-04-30T02:00,3600,0.0,0.0,0.0,0.0,0.0,0.0,0.0,0.0,0.0
2024-04-30T03:00,3600,0.0,0.0,0.0,0.0,0.0,0.0,0.0,0.0,0.0
2024-04-30T04:00,3600,0.0,0.0,0.0,0.0,0.0,0.0,0.0,0.0,0.0
2024-04-30T05:00,3600,0.0,0.0,0.0,0.0,0.0,0.0,0.0,0.0,0.0
2024-04-30T06:00,3600,0.0,0.0,0.0,0.0,0.0,0.0,0.0,0.0,16.60866441
2024-04-30T07:00,3600,0.0,0.0,0.0,0.0,0.0,0.0,0.0,0.0,90.57595209
2024-04-30T08:00,3600,0.0,0.0,0.0,0.0,0.0,0.0,0.0,0.0,216.05208507
2024-04-30T09:00,3600,0.0,0.0,0.0,0.0,0.0,0.0,0.0,0.0,524.94877282
2024-04-30T10:00,3600,0.0,0.0,0.0,0.0,0.0,0.0,0.0,0.0,491.74539395
2024-04-30T11:00,3600,0.0,0.0,0.0,0.0,0.0,0.0,0.0,0.0,508.85961804
2024-04-30T12:00,3600,0.0,0.0,0.0,0.0,0.0,0.0,0.0,0.0,553.900636
2024-04-30T13:00,3600,0.0,0.0,0.0,0.0,0.0,0.0,0.0,0.0,494.31267268
2024-04-30T14:00,3600,0.0,0.0,0.0,0.0,0.0,0.0,0.0,0.0,156.86547189
2024-04-30T15:00,3600,0.0,0.0,0.0,0.0,0.0,0.0,0.0,0.0,86.16997278
2024-04-30T16:00,3600,0.0,0.0,0.0,0.0,0.0,0.0,0.0,0.0,93.42854416
2024-04-30T17:00,3600,0.0,0.0,0.0,0.0,0.0,0.0,0.0,0.0,60.55336045
2024-04-30T18:00,3600,1.0196710157226039,0.0,0.0,1.0196710157226039,0.0,0.0,0.0,0.0,12.61047378
2024-04-30T19:00,3600,1.0585923352712268,0.0,0.0,1.0585923352712268,0.0,0.0,0.0,0.0,0.0
2024-04-30T20:00,3600,1.0729515450461589,0.0,0.0,1.0729515450461589,0.0,0.0,0.0,0.0,0.0
2024-04-30T21:00,3600,1.0833876201757184,0.0,0.0,1.0833876201757184,0.0,0.0,0.0,0.0,0.0
2024-04-30T22:00,3600,0.731482478620343,0.0,0.0,0.731482478620343,0.0,0.0,0.0,0.0,0.0
2024-04-30T23:00,3600,0.3510913883864187,0.0,0.0,0.3510913883864187,0.0,0.0,0.0,0.0,0.0
2024-05-01T00:00,3600,0.0,0.0,0.0,0.0,0.0,0.0,0.0,0.0,0.0
2024-05-01T01:00,3600,0.0,0.0,0.0,0.0,0.0,0.0,0.0,0.0,0.0
2024-05-01T02:00,3600,0.0,0.0,0.0,0.0,0.0,0.0,0.0,0.0,0.0
2024-05-01T03:00,3600,0.0,0.0,0.0,0.0,0.0,0.0,0.0,0.0,0.0
2024-05-01T04:00,3600,0.0,0.0,0.0,0.0,0.0,0.0,0.0,0.0,0.0
2024-05-01T05:00,3600,0.0,0.0,0.0,0.0,0.0,0.0,0.0,0.0,0.0
2024-05-01T06:00,3600,0.0,0.0,0.0,0.0,0.0,0.0,0.0,0.0,9.68201941
2024-05-01T07:00,3600,0.0,0.0,0.0,0.0,0.0,0.0,0.0,0.0,23.23684659
2024-05-01T08:00,3600,0.0,0.0,0.0,0.0,0.0,0.0,0.0,0.0,53.25110678
2024-05-01T09:00,3600,0.0,0.0,0.0,0.0,0.0,0.0,0.0,0.0,67.7741359
2024-05-01T10:00,3600,0.0,0.0,0.0,0.0,0.0,0.0,0.0,0.0,95.85811008
2024-05-01T11:00,3600,0.0,0.0,0.0,0.0,0.0,0.0,0.0,0.0,121.08797522
2024-05-01T12:00,3600,0.0,0.0,0.0,0.0,0.0,0.0,0.0,0.0,131.67546403
2024-05-01T13:00,3600,0.0,0.0,0.0,0.0,0.0,0.0,0.0,0.0,67.7741359
2024-05-01T14:00,3600,0.0,0.0,0.0,0.0,0.0,0.0,0.0,0.0,582.97906028
2024-05-01T15:00,3600,0.0,0.0,0.0,0.0,0.0,0.0,0.0,0.0,238.23542407
2024-05-01T16:00,3600,0.0,0.0,0.0,0.0,0.0,0.0,0.0,0.0,139.19375137
2024-05-01T17:00,3600,0.0,0.0,0.0,0.0,0.0,0.0,0.0,0.0,45.26992702
2024-05-01T18:00,3600,0.0,0.0,0.0,0.0,0.0,0.0,0.0,0.0,8.71381747
2024-05-01T19:00,3600,0.0,0.0,0.0,0.0,0.0,0.0,0.0,0.0,0.0
2024-05-01T20:00,3600,0.0,0.0,0.0,0.0,0.0,0.0,0.0,0.0,0.0
2024-05-01T21:00,3600,0.0,0.0,0.0,0.0,0.0,0.0,0.0,0.0,0.0
2024-05-01T22:00,3600,0.0,0.0,0.0,0.0,0.0,0.0,0.0,0.0,0.0
2024-05-01T23:00,3600,0.2022369035242393,0.0,0.0,0.2022369035242393,0.0,0.0,0.0,0.0,0.0
2024-05-02T00:00,3600,0.0,0.0,0.0,0.0,0.0,0.0,0.0,0.0,0.0
2024-05-02T01:00,3600,0.0,0.0,0.0,0.0,0.0,0.0,0.0,0.0,0.0
2024-05-02T02:00,3600,0.0,0.0,0.0,0.0,0.0,0.0,0.0,0.0,0.0
2024-05-02T03:00,3600,0.0,0.0,0.0,0.0,0.0,0.0,0.0,0.0,0.0
2024-05-02T04:00,3600,0.0,0.0,0.0,0.0,0.0,0.0,0.0,0.0,0.0
2024-05-02T05:00,3600,0.0,0.0,0.0,0.0,0.0,0.0,0.0,0.0,0.0
2024-05-02T06:00,3600,0.0,0.0,0.0,0.0,0.0,0.0,0.0,0.0,15.49123106
2024-05-02T07:00,3600,0.0,0.0,0.0,0.0,0.0,0.0,0.0,0.0,74.40530995
2024-05-02T08:00,3600,0.0,0.0,0.0,0.0,0.0,0.0,0.0,0.0,141.19106151
2024-05-02T09:00,3600,0.0,0.0,0.0,0.0,0.0,0.0,0.0,0.0,102.47031551
2024-05-02T10:00,3600,0.0,0.0,0.0,0.0,0.0,0.0,0.0,0.0,170.52807173
2024-05-02T11:00,3600,0.0,0.0,0.0,0.0,0.0,0.0,0.0,0.0,163.78072121
2024-05-02T12:00,3600,0.0,0.0,0.0,0.0,0.0,0.0,0.0,0.0,236.04547737
2024-05-02T13:00,3600,0.0,0.0,0.0,0.0,0.0,0.0,0.0,0.0,366.09431513
2024-05-02T14:00,3600,0.0,0.0,0.0,0.0,0.0,0.0,0.0,0.0,171.34092754
2024-05-02T15:00,3600,0.0,0.0,0.0,0.0,0.0,0.0,0.0,0.0,117.84605758
2024-05-02T16:00,3600,0.0,0.0,0.0,0.0,0.0,0.0,0.0,0.0,61.7093053
2024-05-02T17:00,3600,0.0,0.0,0.0,0.0,0.0,0.0,0.0,0.0,33.64910322
2024-05-02T18:00,3600,0.0,0.0,0.0,0.0,0.0,0.0,0.0,0.0,8.73766602
2024-05-02T19:00,3600,0.0,0.0,0.0,0.0,0.0,0.0,0.0,0.0,0.0
2024-05-02T20:00,3600,0.0,0.0,0.0,0.0,0.0,0.0,0.0,0.0,0.0
2024-05-02T21:00,3600,0.0,0.0,0.0,0.0,0.0,0.0,0.0,0.0,0.0
2024-05-02T22:00,3600,0.0,0.0,0.0,0.0,0.0,0.0,0.0,0.0,0.0
2024-05-02T23:00,3600,0.0,0.0,0.0,0.0,0.0,0.0,0.0,0.0,0.0
2024-05-03T00:00,3600,0.0,0.0,0.0,0.0,0.0,0.0,0.0,0.0,0.0
2024-05-03T01:00,3600,0.0,0.0,0.0,0.0,0.0,0.0,0.0,0.0,0.0
2024-05-03T02:00,3600,0.0,0.0,0.0,0.0,0.0,0.0,0.0,0.0,0.0
2024-05-03T03:00,3600,0.0,0.0,0.0,0.0,0.0,0.0,0.0,0.0,0.0
2024-05-03T04:00,3600,0.0,0.0,0.0,0.0,0.0,0.0,0.0,0.0,0.0
2024-05-03T05:00,3600,0.0,0.0,0.0,0.0,0.0,0.0,0.0,0.0,0.0
2024-05-03T06:00,3600,0.0,0.0,0.0,0.0,0.0,0.0,0.0,0.0,13.161294
2024-05-03T07:00,3600,0.0,0.0,0.0,0.0,0.0,0.0,0.0,0.0,86.19425291
2024-05-03T08:00,3600,0.0,0.0,0.0,0.0,0.0,0.0,0.0,0.0,152.32758385
2024-05-03T09:00,3600,0.0,0.0,0.0,0.0,0.0,0.0,0.0,0.0,313.55355053
2024-05-03T10:00,3600,0.0,0.0,0.0,0.0,0.0,0.0,0.0,0.0,309.80712642
2024-05-03T11:00,3600,0.0,0.0,0.0,0.0,0.0,0.0,0.0,0.0,419.73341279
2024-05-03T12:00,3600,0.0,0.0,0.0,0.0,0.0,0.0,0.0,0.0,340.67778262
2024-05-03T13:00,3600,0.0,0.0,0.0,0.0,0.0,0.0,0.0,0.0,200.62466658
2024-05-03T14:00,3600,0.0,0.0,0.0,0.0,0.0,0.0,0.0,0.0,139.35027521
2024-05-03T15:00,3600,0.0,0.0,0.0,0.0,0.0,0.0,0.0,0.0,29.04605824
2024-05-03T16:00,3600,0.0,0.0,0.0,0.0,0.0,0.0,0.0,0.0,32.91886601
2024-05-03T17:00,3600,0.0,0.0,0.0,0.0,0.0,0.0,0.0,0.0,20.33224077
2024-05-03T18:00,3600,0.48880068490143297,0.0,0.0,0.48880068490143297,0.0,0.0,0.0,0.0,2.90460582
2024-05-03T19:00,3600,0.31221250205003526,0.0,0.0,0.31221250205003526,0.0,0.0,0.0,0.0,0.0
2024-05-03T20:00,3600,0.30578136041869985,0.0,0.0,0.30578136041869985,0.0,0.0,0.0,0.0,0.0
2024-05-03T21:00,3600,0.293603511664825,0.0,0.0,0.293603511664825,0.0,0.0,0.0,0.0,0.0
2024-05-03T22:00,3600,0.2877379516092801,0.0,0.0,0.2877379516092801,0.0,0.0,0.0,0.0,0.0
2024-05-03T23:00,3600,0.2877379516092801,0.0,0.0,0.2877379516092801,0.0,0.0,0.0,0.0,0.0
2024-05-04T00:00,3600,0.0,0.0,0.0,0.0,0.0,0.0,0.0,0.0,0.0
2024-05-04T01:00,3600,0.0,0.0,0.0,0.0,0.0,0.0,0.0,0.0,0.0
2024-05-04T02:00,3600,0.0,0.0,0.0,0.0,0.0,0.0,0.0,0.0,0.0
2024-05-04T03:00,3600,0.0,0.0,0.0,0.0,0.0,0.0,0.0,0.0,0.0
2024-05-04T04:00,3600,0.0,0.0,0.0,0.0,0.0,0.0,0.0,0.0,0.0
2024-05-04T05:00,3600,0.0,0.0,0.0,0.0,0.0,0.0,0.0,0.0,0.0
2024-05-04T06:00,3600,0.0,0.0,0.0,0.0,0.0,0.0,0.0,0.0,18.78237439
2024-05-04T07:00,3600,0.0,0.0,0.0,0.0,0.0,0.0,0.0,0.0,81.47855653
2024-05-04T08:00,3600,0.0,0.0,0.0,0.0,0.0,0.0,0.0,0.0,97.6323001
2024-05-04T09:00,3600,0.0,0.0,0.0,0.0,0.0,0.0,0.0,0.0,109.40681938
2024-05-04T10:00,3600,0.0,0.0,0.0,0.0,0.0,0.0,0.0,0.0,188.73801594
2024-05-04T11:00,3600,0.0,0.0,0.0,0.0,0.0,0.0,0.0,0.0,303.8179583
2024-05-04T12:00,3600,0.0,0.0,0.0,0.0,0.0,0.0,0.0,0.0,214.72912852
2024-05-04T13:00,3600,0.0,0.0,0.0,0.0,0.0,0.0,0.0,0.0,307.65031914
2024-05-04T14:00,3600,0.0,0.0,0.0,0.0,0.0,0.0,0.0,0.0,76.51138865
2024-05-04T15:00,3600,0.0,0.0,0.0,0.0,0.0,0.0,0.0,0.0,42.60088542
2024-05-04T16:00,3600,0.0,0.0,0.0,0.0,0.0,0.0,0.0,0.0,22.26864465
2024-05-04T17:00,3600,0.0,0.0,0.0,0.0,0.0,0.0,0.0,0.0,18.39583689
2024-05-04T18:00,3600,0.0,0.0,0.0,0.0,0.0,0.0,0.0,0.0,5.80921165
2024-05-04T19:00,3600,0.0,0.0,0.0,0.0,0.0,0.0,0.0,0.0,0.0
2024-05-04T20:00,3600,0.0,0.0,0.0,0.0,0.0,0.0,0.0,0.0,0.0
2024-05-04T21:00,3600,0.0,0.0,0.0,0.0,0.0,0.0,0.0,0.0,0.0
2024-05-04T22:00,3600,0.0,0.0,0.0,0.0,0.0,0.0,0.0,0.0,0.0
2024-05-04T23:00,3600,0.0,0.0,0.0,0.0,0.0,0.0,0.0,0.0,0.0
2024-05-05T00:00,3600,0.0,0.0,0.0,0.0,0.0,0.0,0.0,0.0,0.0
2024-05-05T01:00,3600,0.0,0.0,0.0,0.0,0.0,0.0,0.0,0.0,0.0
2024-05-05T02:00,3600,0.0,0.0,0.0,0.0,0.0,0.0,0.0,0.0,0.0
2024-05-05T03:00,3600,0.0,0.0,0.0,0.0,0.0,0.0,0.0,0.0,0.0
2024-05-05T04:00,3600,0.0,0.0,0.0,0.0,0.0,0.0,0.0,0.0,0.0
2024-05-05T05:00,3600,0.0,0.0,0.0,0.0,0.0,0.0,0.0,0.0,0.0
2024-05-05T06:00,3600,0.0,0.0,0.0,0.0,0.0,0.0,0.0,0.0,15.10705104
2024-05-05T07:00,3600,0.0,0.0,0.0,0.0,0.0,0.0,0.0,0.0,36.79167377
2024-05-05T08:00,3600,0.0,0.0,0.0,0.0,0.0,0.0,0.0,0.0,98.28405257
2024-05-05T09:00,3600,0.0,0.0,0.0,0.0,0.0,0.0,0.0,0.0,141.004914
2024-05-05T10:00,3600,0.0,0.0,0.0,0.0,0.0,0.0,0.0,0.0,217.7240558
2024-05-05T11:00,3600,0.0,0.0,0.0,0.0,0.0,0.0,0.0,0.0,322.90034926
2024-05-05T12:00,3600,0.0,0.0,0.0,0.0,0.0,0.0,0.0,0.0,477.88928698
2024-05-05T13:00,3600,0.0,0.0,0.0,0.0,0.0,0.0,0.0,0.0,508.14186932
2024-05-05T14:00,3600,0.0,0.0,0.0,0.0,0.0,0.0,0.0,0.0,384.54726446
2024-05-05T15:00,3600,0.0,0.0,0.0,0.0,0.0,0.0,0.0,0.0,449.75275045
2024-05-05T16:00,3600,0.0,0.0,0.0,0.0,0.0,0.0,0.0,0.0,262.55480417
2024-05-05T17:00,3600,0.0,0.0,0.0,0.0,0.0,0.0,0.0,0.0,135.0528889
2024-05-05T18:00,3600,0.0,0.0,0.0,0.0,0.0,0.0,0.0,0.0,18.50713009
2024-05-05T19:00,3600,0.0,0.0,0.0,0.0,0.0,0.0,0.0,0.0,0.0
2024-05-05T20:00,3600,0.0,0.0,0.0,0.0,0.0,0.0,0.0,0.0,0.0
2024-05-05T21:00,3600,0.0,0.0,0.0,0.0,0.0,0.0,0.0,0.0,0.0
2024-05-05T22:00,3600,0.0,0.0,0.0,0.0,0.0,0.0,0.0,0.0,0.0
2024-05-05T23:00,3600,0.0,0.0,0.0,0.0,0.0,0.0,0.0,0.0,0.0
2024-05-06T00:00,3600,0.0,0.0,0.0,0.0,0.0,0.0,0.0,0.0,0.0
2024-05-06T01:00,3600,0.0,0.0,0.0,0.0,0.0,0.0,0.0,0.0,0.0
2024-05-06T02:00,3600,0.0,0.0,0.0,0.0,0.0,0.0,0.0,0.0,0.0
2024-05-06T03:00,3600,0.0,0.0,0.0,0.0,0.0,0.0,0.0,0.0,0.0
2024-05-06T04:00,3600,0.0,0.0,0.0,0.0,0.0,0.0,0.0,0.0,0.0
2024-05-06T05:00,3600,0.0,0.0,0.0,0.0,0.0,0.0,0.0,0.0,0.0
2024-05-06T06:00,3600,0.0,0.0,0.0,0.0,0.0,0.0,0.0,0.0,36.03920504
2024-05-06T07:00,3600,0.0,0.0,0.0,0.0,0.0,0.0,0.0,0.0,118.81713964
2024-05-06T08:00,3600,0.0,0.0,0.0,0.0,0.0,0.0,0.0,0.0,252.22375975
2024-05-06T09:00,3600,0.0,0.0,0.0,0.0,0.0,0.0,0.0,0.0,379.0212697
2024-05-06T10:00,3600,0.0,0.0,0.0,0.0,0.0,0.0,0.0,0.0,475.63278864
2024-05-06T11:00,3600,0.0,0.0,0.0,0.0,0.0,0.0,0.0,0.0,622.19315855
2024-05-06T12:00,3600,0.0,0.0,0.0,0.0,0.0,0.0,0.0,0.0,726.66026986
2024-05-06T13:00,3600,0.0,0.0,0.0,0.0,0.0,0.0,0.0,0.0,653.76720287
2024-05-06T14:00,3600,0.0,0.0,0.0,0.0,0.0,0.0,0.0,0.0,625.61887172
2024-05-06T15:00,3600,0.0,0.0,0.0,0.0,0.0,0.0,0.0,0.0,491.35505563
2024-05-06T16:00,3600,0.0,0.0,0.0,0.0,0.0,0.0,0.0,0.0,202.34772564
2024-05-06T17:00,3600,0.0,0.0,0.0,0.0,0.0,0.0,0.0,0.0,71.33887808
2024-05-06T18:00,3600,1.0870588235294116,0.0,0.0,1.0870588235294116,0.0,0.0,0.0,0.0,14.53097864
2024-05-06T19:00,3600,1.0870588235294116,0.0,0.0,1.0870588235294116,0.0,0.0,0.0,0.0,0.0
2024-05-06T20:00,3600,1.0870588235294116,0.0,0.0,1.0870588235294116,0.0,0.0,0.0,0.0,0.0
2024-05-06T21:00,3600,1.0870588235294116,0.0,0.0,1.0870588235294116,0.0,0.0,0.0,0.0,0.0
2024-05-06T22:00,3600,1.0812817451125534,0.0,0.0,1.0812817451125534,0.0,0.0,0.0,0.0,0.0
2024-05-06T23:00,3600,0.5422563011284198,0.0,0.0,0.5422563011284198,0.0,0.0,0.0,0.0,0.0
2024-05-07T00:00,3600,0.0,0.0,0.0,0.0,0.0,0.0,0.0,0.0,0.0
2024-05-07T01:00,3600,0.0,0.0,0.0,0.0,0.0,0.0,0.0,0.0,0.0
2024-05-07T02:00,3600,0.0,0.0,0.0,0.0,0.0,0.0,0.0,0.0,0.0
2024-05-07T03:00,3600,0.0,0.0,0.0,0.0,0.0,0.0,0.0,0.0,0.0
2024-05-07T04:00,3600,0.0,0.0,0.0,0.0,0.0,0.0,0.0,0.0,0.0
2024-05-07T05:00,3600,0.0,0.0,0.0,0.0,0.0,0.0,0.0,0.0,0.0
2024-05-07T06:00,3600,0.0,0.0,0.0,0.0,0.0,0.0,0.0,0.0,29.45738198
2024-05-07T07:00,3600,0.0,0.0,0.0,0.0,0.0,0.0,0.0,0.0,151.14828195
2024-05-07T08:00,3600,0.0,0.0,0.0,0.0,0.0,0.0,0.0,0.0,322.86466382
2024-05-07T09:00,3600,0.0,0.0,0.0,0.0,0.0,0.0,0.0,0.0,451.29331721
2024-05-07T10:00,3600,0.0,0.0,0.0,0.0,0.0,0.0,0.0,0.0,584.64816335
2024-05-07T11:00,3600,0.0,0.0,0.0,0.0,0.0,0.0,0.0,0.0,539.96547763
2024-05-07T12:00,3600,0.0,0.0,0.0,0.0,0.0,0.0,0.0,0.0,634.2935796
2024-05-07T13:00,3600,0.0,0.0,0.0,0.0,0.0,0.0,0.0,0.0,495.02937748
2024-05-07T14:00,3600,0.0,0.0,0.0,0.0,0.0,0.0,0.0,0.0,561.28191776
2024-05-07T15:00,3600,0.0,0.0,0.0,0.0,0.0,0.0,0.0,0.0,473.11182042
2024-05-07T16:00,3600,0.0,0.0,0.0,0.0,0.0,0.0,0.0,0.0,302.23605663
2024-05-07T17:00,3600,0.0,0.0,0.0,0.0,0.0,0.0,0.0,0.0,117.85561563
2024-05-07T18:00,3600,1.0870588235294116,0.0,0.0,1.0870588235294116,0.0,0.0,0.0,0.0,19.41173592
2024-05-07T19:00,3600,1.0758495985996865,0.0,0.0,1.0758495985996865,0.0,0.0,0.0,0.0,0.0
2024-05-07T20:00,3600,1.083704438845721,0.0,0.0,1.083704438845721,0.0,0.0,0.0,0.0,0.0
2024-05-07T21:00,3600,1.083363420555916,0.0,0.0,1.083363420555916,0.0,0.0,0.0,0.0,0.0
2024-05-07T22:00,3600,0.4399077600580055,0.0,0.0,0.4399077600580055,0.0,0.0,0.0,0.0,0.0
2024-05-07T23:00,3600,0.4077833015340187,0.0,0.0,0.4077833015340187,0.0,0.0,0.0,0.0,0.0
2024-05-08T00:00,3600,0.0,0.0,0.0,0.0,0.0,0.0,0.0,0.0,0.0
2024-05-08T01:00,3600,0.0,0.0,0.0,0.0,0.0,0.0,0.0,0.0,0.0
2024-05-08T02:00,3600,0.0,0.0,0.0,0.0,0.0,0.0,0.0,0.0,0.0
2024-05-08T03:00,3600,0.0,0.0,0.0,0.0,0.0,0.0,0.0,0.0,0.0
2024-05-08T04:00,3600,0.0,0.0,0.0,0.0,0.0,0.0,0.0,0.0,0.0
2024-05-08T05:00,3600,0.0,0.0,0.0,0.0,0.0,0.0,0.0,0.0,0.0
2024-05-08T06:00,3600,0.0,0.0,0.0,0.0,0.0,0.0,0.0,0.0,11.04347054
2024-05-08T07:00,3600,0.0,0.0,0.0,0.0,0.0,0.0,0.0,0.0,31.95066407
2024-05-08T08:00,3600,0.0,0.0,0.0,0.0,0.0,0.0,0.0,0.0,82.45869112
2024-05-08T09:00,3600,0.0,0.0,0.0,0.0,0.0,0.0,0.0,0.0,166.54910333
2024-05-08T10:00,3600,0.0,0.0,0.0,0.0,0.0,0.0,0.0,0.0,254.66382536
2024-05-08T11:00,3600,0.0,0.0,0.0,0.0,0.0,0.0,0.0,0.0,417.45626586
2024-05-08T12:00,3600,0.0,0.0,0.0,0.0,0.0,0.0,0.0,0.0,521.13371078
2024-05-08T13:00,3600,0.0,0.0,0.0,0.0,0.0,0.0,0.0,0.0,477.08906798
2024-05-08T14:00,3600,0.0,0.0,0.0,0.0,0.0,0.0,0.0,0.0,513.87356617
2024-05-08T15:00,3600,0.0,0.0,0.0,0.0,0.0,0.0,0.0,0.0,316.02023663
2024-05-08T16:00,3600,0.0,0.0,0.0,0.0,0.0,0.0,0.0,0.0,120.18361654
2024-05-08T17:00,3600,0.0,0.0,0.0,0.0,0.0,0.0,0.0,0.0,50.79298866
2024-05-08T18:00,3600,1.0693058298448406,0.0,0.0,1.0693058298448406,0.0,0.0,0.0,0.0,16.459433
2024-05-08T19:00,3600,1.06920048294929,0.0,0.0,1.06920048294929,0.0,0.0,0.0,0.0,0.0
2024-05-08T20:00,3600,0.576487718049713,0.0,0.0,0.576487718049713,0.0,0.0,0.0,0.0,0.0
2024-05-08T21:00,3600,0.43221308961289523,0.0,0.0,0.43221308961289523,0.0,0.0,0.0,0.0,0.0
2024-05-08T22:00,3600,0.419691972964789,0.0,0.0,0.419691972964789,0.0,0.0,0.0,0.0,0.0
2024-05-08T23:00,3600,0.4155334864529171,0.0,0.0,0.4155334864529171,0.0,0.0,0.0,0.0,0.0
2024-05-09T00:00,3600,0.0,0.0,0.0,0.0,0.0,0.0,0.0,0.0,0.0
2024-05-09T01:00,3600,0.0,0.0,0.0,0.0,0.0,0.0,0.0,0.0,0.0
2024-05-09T02:00,3600,0.0,0.0,0.0,0.0,0.0,0.0,0.0,0.0,0.0
2024-05-09T03:00,3600,0.0,0.0,0.0,0.0,0.0,0.0,0.0,0.0,0.0
2024-05-09T04:00,3600,0.0,0.0,0.0,0.0,0.0,0.0,0.0,0.0,0.0
2024-05-09T05:00,3600,0.0,0.0,0.0,0.0,0.0,0.0,0.0,0.0,0.0
2024-05-09T06:00,3600,0.0,0.0,0.0,0.0,0.0,0.0,0.0,0.0,15.68760784
2024-05-09T07:00,3600,0.0,0.0,0.0,0.0,0.0,0.0,0.0,0.0,38.2896867
2024-05-09T08:00,3600,0.0,0.0,0.0,0.0,0.0,0.0,0.0,0.0,76.32353102
2024-05-09T09:00,3600,0.0,0.0,0.0,0.0,0.0,0.0,0.0,0.0,105.37586231
2024-05-09T10:00,3600,0.0,0.0,0.0,0.0,0.0,0.0,0.0,0.0,214.83855726
2024-05-09T11:00,3600,0.0,0.0,0.0,0.0,0.0,0.0,0.0,0.0,149.10309897
2024-05-09T12:00,3600,0.0,0.0,0.0,0.0,0.0,0.0,0.0,0.0,168.45607282
2024-05-09T13:00,3600,0.0,0.0,0.0,0.0,0.0,0.0,0.0,0.0,141.35748344
2024-05-09T14:00,3600,0.0,0.0,0.0,0.0,0.0,0.0,0.0,0.0,262.9497106
2024-05-09T15:00,3600,0.0,0.0,0.0,0.0,0.0,0.0,0.0,0.0,138.24366091
2024-05-09T16:00,3600,0.0,0.0,0.0,0.0,0.0,0.0,0.0,0.0,124.42001955
2024-05-09T17:00,3600,0.0,0.0,0.0,0.0,0.0,0.0,0.0,0.0,30.98246212
2024-05-09T18:00,3600,0.918139634916489,0.0,0.0,0.918139634916489,0.0,0.0,0.0,0.0,7.74561553
2024-05-09T19:00,3600,0.32695441343401643,0.0,0.0,0.32695441343401643,0.0,0.0,0.0,0.0,0.0
2024-05-09T20:00,3600,0.33824411981690183,0.0,0.0,0.33824411981690183,0.0,0.0,0.0,0.0,0.0
2024-05-09T21:00,3600,0.32877630484384796,0.0,0.0,0.32877630484384796,0.0,0.0,0.0,0.0,0.0
2024-05-09T22:00,3600,0.3161005511320763,0.0,0.0,0.3161005511320763,0.0,0.0,0.0,0.0,0.0
2024-05-09T23:00,3600,0.3000367071956776,0.0,0.0,0.3000367071956776,0.0,0.0,0.0,0.0,0.0
2024-05-10T00:00,3600,0.0,0.0,0.0,0.0,0.0,0.0,0.0,0.0,0.0
2024-05-10T01:00,3600,0.0,0.0,0.0,0.0,0.0,0.0,0.0,0.0,0.0
2024-05-10T02:00,3600,0.0,0.0,0.0,0.0,0.0,0.0,0.0,0.0,0.0
2024-05-10T03:00,3600,0.0,0.0,0.0,0.0,0.0,0.0,0.0,0.0,0.0
2024-05-10T04:00,3600,0.0,0.0,0.0,0.0,0.0,0.0,0.0,0.0,0.0
2024-05-10T05:00,3600,0.0,0.0,0.0,0.0,0.0,0.0,0.0,0.0,0.96820194
2024-05-10T06:00,3600,0.0,0.0,0.0,0.0,0.0,0.0,0.0,0.0,39.72122398
2024-05-10T07:00,3600,0.0,0.0,0.0,0.0,0.0,0.0,0.0,0.0,138.13999098
2024-05-10T08:00,3600,0.0,0.0,0.0,0.0,0.0,0.0,0.0,0.0,258.39081534
2024-05-10T09:00,3600,0.0,0.0,0.0,0.0,0.0,0.0,0.0,0.0,354.22211557
2024-05-10T10:00,3600,0.0,0.0,0.0,0.0,0.0,0.0,0.0,0.0,478.81575575
2024-05-10T11:00,3600,0.0,0.0,0.0,0.0,0.0,0.0,0.0,0.0,444.91960966
2024-05-10T12:00,3600,0.0,0.0,0.0,0.0,0.0,0.0,0.0,0.0,497.70950708
2024-05-10T13:00,3600,0.0,0.0,0.0,0.0,0.0,0.0,0.0,0.0,400.11951332
2024-05-10T14:00,3600,0.0,0.0,0.0,0.0,0.0,0.0,0.0,0.0,88.12050142
2024-05-10T15:00,3600,0.0,0.0,0.0,0.0,0.0,0.0,0.0,0.0,294.03179548
2024-05-10T16:00,3600,0.0,0.0,0.0,0.0,0.0,0.0,0.0,0.0,242.566624
2024-05-10T17:00,3600,0.0,0.0,0.0,0.0,0.0,0.0,0.0,0.0,128.19906577
2024-05-10T18:00,3600,1.0349417814973305,0.0,0.0,1.0349417814973305,0.0,0.0,0.0,0.0,23.27659417
2024-05-10T19:00,3600,1.0363137517122476,0.0,0.0,1.0363137517122476,0.0,0.0,0.0,0.0,0.0
2024-05-10T20:00,3600,0.64542829214392,0.0,0.0,0.64542829214392,0.0,0.0,0.0,0.0,0.0
2024-05-10T21:00,3600,0.3861903888543028,0.0,0.0,0.3861903888543028,0.0,0.0,0.0,0.0,0.0
2024-05-10T22:00,3600,0.3701056278056586,0.0,0.0,0.3701056278056586,0.0,0.0,0.0,0.0,0.0
2024-05-10T23:00,3600,0.35912127522378035,0.0,0.0,0.35912127522378035,0.0,0.0,0.0,0.0,0.0
2024-05-11T00:00,3600,0.0,0.0,0.0,0.0,0.0,0.0,0.0,0.0,0.0
2024-05-11T01:00,3600,0.0,0.0,0.0,0.0,0.0,0.0,0.0,0.0,0.0
2024-05-11T02:00,3600,0.0,0.0,0.0,0.0,0.0,0.0,0.0,0.0,0.0
2024-05-11T03:00,3600,0.0,0.0,0.0,0.0,0.0,0.0,0.0,0.0,0.0
2024-05-11T04:00,3600,0.0,0.0,0.0,0.0,0.0,0.0,0.0,0.0,0.0
2024-05-11T05:00,3600,0.0,0.0,0.0,0.0,0.0,0.0,0.0,0.0,0.96820194
2024-05-11T06:00,3600,0.0,0.0,0.0,0.0,0.0,0.0,0.0,0.0,46.711268
2024-05-11T07:00,3600,0.0,0.0,0.0,0.0,0.0,0.0,0.0,0.0,191.17389431
2024-05-11T08:00,3600,0.0,0.0,0.0,0.0,0.0,0.0,0.0,0.0,347.31941724
2024-05-11T09:00,3600,0.0,0.0,0.0,0.0,0.0,0.0,0.0,0.0,457.00496559
2024-05-11T10:00,3600,0.0,0.0,0.0,0.0,0.0,0.0,0.0,0.0,551.00542427
2024-05-11T11:00,3600,0.0,0.0,0.0,0.0,0.0,0.0,0.0,0.0,696.6349562
2024-05-11T12:00,3600,0.0,0.0,0.0,0.0,0.0,0.0,0.0,0.0,666.44077631
2024-05-11T13:00,3600,0.0,0.0,0.0,0.0,0.0,0.0,0.0,0.0,711.13125347
2024-05-11T14:00,3600,0.0,0.0,0.0,0.0,0.0,0.0,0.0,0.0,470.54750003
2024-05-11T15:00,3600,0.0,0.0,0.0,0.0,0.0,0.0,0.0,0.0,371.87470878
2024-05-11T16:00,3600,0.0,0.0,0.0,0.0,0.0,0.0,0.0,0.0,315.02150651
2024-05-11T17:00,3600,0.0,0.0,0.0,0.0,0.0,0.0,0.0,0.0,119.41549342
2024-05-11T18:00,3600,0.0,0.0,0.0,0.0,0.0,0.0,0.0,0.0,17.47533203
2024-05-11T19:00,3600,0.0,0.0,0.0,0.0,0.0,0.0,0.0,0.0,0.0
2024-05-11T20:00,3600,0.0,0.0,0.0,0.0,0.0,0.0,0.0,0.0,0.0
2024-05-11T21:00,3600,0.0,0.0,0.0,0.0,0.0,0.0,0.0,0.0,0.0
2024-05-11T22:00,3600,0.0,0.0,0.0,0.0,0.0,0.0,0.0,0.0,0.0
2024-05-11T23:00,3600,0.0,0.0,0.0,0.0,0.0,0.0,0.0,0.0,0.0
2024-05-12T00:00,3600,0.0,0.0,0.0,0.0,0.0,0.0,0.0,0.0,0.0
2024-05-12T01:00,3600,0.0,0.0,0.0,0.0,0.0,0.0,0.0,0.0,0.0
2024-05-12T02:00,3600,0.0,0.0,0.0,0.0,0.0,0.0,0.0,0.0,0.0
2024-05-12T03:00,3600,0.0,0.0,0.0,0.0,0.0,0.0,0.0,0.0,0.0
2024-05-12T04:00,3600,0.0,0.0,0.0,0.0,0.0,0.0,0.0,0.0,0.0
2024-05-12T05:00,3600,0.0,0.0,0.0,0.0,0.0,0.0,0.0,0.0,0.0
2024-05-12T06:00,3600,0.0,0.0,0.0,0.0,0.0,0.0,0.0,0.0,25.1882169
2024-05-12T07:00,3600,0.0,0.0,0.0,0.0,0.0,0.0,0.0,0.0,103.1281515
2024-05-12T08:00,3600,0.0,0.0,0.0,0.0,0.0,0.0,0.0,0.0,220.22292165
2024-05-12T09:00,3600,0.0,0.0,0.0,0.0,0.0,0.0,0.0,0.0,442.03373618
2024-05-12T10:00,3600,0.0,0.0,0.0,0.0,0.0,0.0,0.0,0.0,560.10185187
2024-05-12T11:00,3600,0.0,0.0,0.0,0.0,0.0,0.0,0.0,0.0,651.97469312
2024-05-12T12:00,3600,0.0,0.0,0.0,0.0,0.0,0.0,0.0,0.0,599.94625285
2024-05-12T13:00,3600,0.0,0.0,0.0,0.0,0.0,0.0,0.0,0.0,525.94985841
2024-05-12T14:00,3600,0.0,0.0,0.0,0.0,0.0,0.0,0.0,0.0,382.0777571
2024-05-12T15:00,3600,0.0,0.0,0.0,0.0,0.0,0.0,0.0,0.0,457.77305493
2024-05-12T16:00,3600,0.0,0.0,0.0,0.0,0.0,0.0,0.0,0.0,220.96937519
2024-05-12T17:00,3600,0.0,0.0,0.0,0.0,0.0,0.0,0.0,0.0,116.99716293
2024-05-12T18:00,3600,0.0,0.0,0.0,0.0,0.0,0.0,0.0,0.0,19.41968543
2024-05-12T19:00,3600,0.0,0.0,0.0,0.0,0.0,0.0,0.0,0.0,0.0
2024-05-12T20:00,3600,0.0,0.0,0.0,0.0,0.0,0.0,0.0,0.0,0.0
2024-05-12T21:00,3600,0.0,0.0,0.0,0.0,0.0,0.0,0.0,0.0,0.0
2024-05-12T22:00,3600,0.0,0.0,0.0,0.0,0.0,0.0,0.0,0.0,0.0
2024-05-12T23:00,3600,0.0,0.0,0.0,0.0,0.0,0.0,0.0,0.0,0.0
2024-05-13T00:00,3600,0.0,0.0,0.0,0.0,0.0,0.0,0.0,0.0,0.0
2024-05-13T01:00,3600,0.0,0.0,0.0,0.0,0.0,0.0,0.0,0.0,0.0
2024-05-13T02:00,3600,0.0,0.0,0.0,0.0,0.0,0.0,0.0,0.0,0.0
2024-05-13T03:00,3600,0.0,0.0,0.0,0.0,0.0,0.0,0.0,0.0,0.0
2024-05-13T04:00,3600,0.0,0.0,0.0,0.0,0.0,0.0,0.0,0.0,0.0
2024-05-13T05:00,3600,0.0,0.0,0.0,0.0,0.0,0.0,0.0,0.0,0.96820194
2024-05-13T06:00,3600,0.0,0.0,0.0,0.0,0.0,0.0,0.0,0.0,25.7570186
2024-05-13T07:00,3600,0.0,0.0,0.0,0.0,0.0,0.0,0.0,0.0,61.04864563
2024-05-13T08:00,3600,0.0,0.0,0.0,0.0,0.0,0.0,0.0,0.0,120.93102624
2024-05-13T09:00,3600,0.0,0.0,0.0,0.0,0.0,0.0,0.0,0.0,227.43427561
2024-05-13T10:00,3600,0.0,0.0,0.0,0.0,0.0,0.0,0.0,0.0,349.59477153
2024-05-13T11:00,3600,0.0,0.0,0.0,0.0,0.0,0.0,0.0,0.0,566.55302667
2024-05-13T12:00,3600,0.0,0.0,0.0,0.0,0.0,0.0,0.0,0.0,588.11622349
2024-05-13T13:00,3600,0.0,0.0,0.0,0.0,0.0,0.0,0.0,0.0,670.93852207
2024-05-13T14:00,3600,0.0,0.0,0.0,0.0,0.0,0.0,0.0,0.0,559.29982269
2024-05-13T15:00,3600,0.0,0.0,0.0,0.0,0.0,0.0,0.0,0.0,550.45577609
2024-05-13T16:00,3600,0.0,0.0,0.0,0.0,0.0,0.0,0.0,0.0,364.56076023
2024-05-13T17:00,3600,0.0,0.0,0.0,0.0,0.0,0.0,0.0,0.0,184.53130517
2024-05-13T18:00,3600,0.9407414805181776,0.0,0.0,0.9407414805181776,0.0,0.0,0.0,0.0,27.27659417
2024-05-13T19:00,3600,0.9493394003419997,0.0,0.0,0.9493394003419997,0.0,0.0,0.0,0.0,0.0
2024-05-13T20:00,3600,0.9487984833756125,0.0,0.0,0.9487984833756125,0.0,0.0,0.0,0.0,0.0
2024-05-13T21:00,3600,0.9528343706363326,0.0,0.0,0.9528343706363326,0.0,0.0,0.0,0.0,0.0
2024-05-13T22:00,3600,0.9730958404390584,0.0,0.0,0.9730958404390584,0.0,0.0,0.0,0.0,0.0
2024-05-13T23:00,3600,0.980178485202803,0.0,0.0,0.980178485202803,0.0,0.0,0.0,0.0,0.0
2024-05-14T00:00,3600,0.0,0.0,0.0,0.0,0.0,0.0,0.0,0.0,0.0
2024-05-14T01:00,3600,0.0,0.0,0.0,0.0,0.0,0.0,0.0,0.0,0.0
2024-05-14T02:00,3600,0.0,0.0,0.0,0.0,0.0,0.0,0.0,0.0,0.0
2024-05-14T03:00,3600,0.0,0.0,0.0,0.0,0.0,0.0,0.0,0.0,0.0
2024-05-14T04:00,3600,0.0,0.0,0.0,0.0,0.0,0.0,0.0,0.0,0.0
2024-05-14T05:00,3600,0.0,0.0,0.0,0.0,0.0,0.0,0.0,0.0,0.96820194
2024-05-14T06:00,3600,0.0,0.0,0.0,0.0,0.0,0.0,0.0,0.0,33.30740782
2024-05-14T07:00,3600,0.0,0.0,0.0,0.0,0.0,0.0,0.0,0.0,141.37102282
2024-05-14T08:00,3600,0.0,0.0,0.0,0.0,0.0,0.0,0.0,0.0,312.7742867
2024-05-14T09:00,3600,0.0,0.0,0.0,0.0,0.0,0.0,0.0,0.0,496.021441
2024-05-14T10:00,3600,0.0,0.0,0.0,0.0,0.0,0.0,0.0,0.0,675.42041057
2024-05-14T11:00,3600,0.0,0.0,0.0,0.0,0.0,0.0,0.0,0.0,706.92150835
2024-05-14T12:00,3600,0.0,0.0,0.0,0.0,0.0,0.0,0.0,0.0,817.74583189
2024-05-14T13:00,3600,0.0,0.0,0.0,0.0,0.0,0.0,0.0,0.0,800.38069776
2024-05-14T14:00,3600,0.0,0.0,0.0,0.0,0.0,0.0,0.0,0.0,741.31638582
2024-05-14T15:00,3600,0.0,0.0,0.0,0.0,0.0,0.0,0.0,0.0,542.60446829
2024-05-14T16:00,3600,0.0,0.0,0.0,0.0,0.0,0.0,0.0,0.0,380.78005959
2024-05-14T17:00,3600,0.0,0.0,0.0,0.0,0.0,0.0,0.0,0.0,178.00697008
2024-05-14T18:00,3600,0.8953769299000586,0.0,0.0,0.8953769299000586,0.0,0.0,0.0,0.0,25.37993786
2024-05-14T19:00,3600,0.9257606230521223,0.0,0.0,0.9257606230521223,0.0,0.0,0.0,0.0,0.0
2024-05-14T20:00,3600,0.9259434865159308,0.0,0.0,0.9259434865159308,0.0,0.0,0.0,0.0,0.0
2024-05-14T21:00,3600,0.9199579449923696,0.0,0.0,0.9199579449923696,0.0,0.0,0.0,0.0,0.0
2024-05-14T22:00,3600,0.9191327066211191,0.0,0.0,0.9191327066211191,0.0,0.0,0.0,0.0,0.0
2024-05-14T23:00,3600,0.9197629164640568,0.0,0.0,0.9197629164640568,0.0,0.0,0.0,0.0,0.0
2024-05-15T00:00,3600,0.0,0.0,0.0,0.0,0.0,0.0,0.0,0.0,0.0
2024-05-15T01:00,3600,0.0,0.0,0.0,0.0,0.0,0.0,0.0,0.0,0.0
2024-05-15T02:00,3600,0.0,0.0,0.0,0.0,0.0,0.0,0.0,0.0,0.0
2024-05-15T03:00,3600,0.0,0.0,0.0,0.0,0.0,0.0,0.0,0.0,0.0
2024-05-15T04:00,3600,0.0,0.0,0.0,0.0,0.0,0.0,0.0,0.0,0.0
2024-05-15T05:00,3600,0.0,0.0,0.0,0.0,0.0,0.0,0.0,0.0,0.96820194
2024-05-15T06:00,3600,0.0,0.0,0.0,0.0,0.0,0.0,0.0,0.0,47.78065474
2024-05-15T07:00,3600,0.0,0.0,0.0,0.0,0.0,0.0,0.0,0.0,228.35889201
2024-05-15T08:00,3600,0.0,0.0,0.0,0.0,0.0,0.0,0.0,0.0,435.2958037
2024-05-15T09:00,3600,0.0,0.0,0.0,0.0,0.0,0.0,0.0,0.0,625.80794356
2024-05-15T10:00,3600,0.0,0.0,0.0,0.0,0.0,0.0,0.0,0.0,785.01018101
2024-05-15T11:00,3600,0.0,0.0,0.0,0.0,0.0,0.0,0.0,0.0,842.73069581
2024-05-15T12:00,3600,0.0,0.0,0.0,0.0,0.0,0.0,0.0,0.0,881.19787225
2024-05-15T13:00,3600,0.0,0.0,0.0,0.0,0.0,0.0,0.0,0.0,719.26964892
2024-05-15T14:00,3600,0.0,0.0,0.0,0.0,0.0,0.0,0.0,0.0,605.83109067
2024-05-15T15:00,3600,0.0,0.0,0.0,0.0,0.0,0.0,0.0,0.0,418.18871152
2024-05-15T16:00,3600,0.0,0.0,0.0,0.0,0.0,0.0,0.0,0.0,275.71765009
2024-05-15T17:00,3600,0.0,0.0,0.0,0.0,0.0,0.0,0.0,0.0,154.97675123
2024-05-15T18:00,3600,0.9051239963666681,0.0,0.0,0.9051239963666681,0.0,0.0,0.0,0.0,31.05400776
2024-05-15T19:00,3600,0.9467725847282815,0.0,0.0,0.9467725847282815,0.0,0.0,0.0,0.0,0.0
2024-05-15T20:00,3600,0.9500670704889403,0.0,0.0,0.9500670704889403,0.0,0.0,0.0,0.0,0.0
2024-05-15T21:00,3600,0.9624295070287835,0.0,0.0,0.9624295070287835,0.0,0.0,0.0,0.0,0.0
2024-05-15T22:00,3600,0.9629913571705241,0.0,0.0,0.9629913571705241,0.0,0.0,0.0,0.0,0.0
2024-05-15T23:00,3600,0.9658738885515148,0.0,0.0,0.9658738885515148,0.0,0.0,0.0,0.0,0.0
2024-05-16T00:00,3600,0.0,0.0,0.0,0.0,0.0,0.0,0.0,0.0,0.0
2024-05-16T01:00,3600,0.0,0.0,0.0,0.0,0.0,0.0,0.0,0.0,0.0
2024-05-16T02:00,3600,0.0,0.0,0.0,0.0,0.0,0.0,0.0,0.0,0.0
2024-05-16T03:00,3600,0.0,0.0,0.0,0.0,0.0,0.0,0.0,0.0,0.0
2024-05-16T04:00,3600,0.0,0.0,0.0,0.0,0.0,0.0,0.0,0.0,0.0
2024-05-16T05:00,3600,0.0,0.0,0.0,0.0,0.0,0.0,0.0,0.0,0.96820194
2024-05-16T06:00,3600,0.0,0.0,0.0,0.0,0.0,0.0,0.0,0.0,37.92792603
2024-05-16T07:00,3600,0.0,0.0,0.0,0.0,0.0,0.0,0.0,0.0,174.71139548
2024-05-16T08:00,3600,0.0,0.0,0.0,0.0,0.0,0.0,0.0,0.0,413.2811167
2024-05-16T09:00,3600,0.0,0.0,0.0,0.0,0.0,0.0,0.0,0.0,534.12307105
2024-05-16T10:00,3600,0.0,0.0,0.0,0.0,0.0,0.0,0.0,0.0,609.51818238
2024-05-16T11:00,3600,0.0,0.0,0.0,0.0,0.0,0.0,0.0,0.0,605.20885238
2024-05-16T12:00,3600,0.0,0.0,0.0,0.0,0.0,0.0,0.0,0.0,580.38907998
2024-05-16T13:00,3600,0.0,0.0,0.0,0.0,0.0,0.0,0.0,0.0,669.09638019
2024-05-16T14:00,3600,0.0,0.0,0.0,0.0,0.0,0.0,0.0,0.0,583.8139769
2024-05-16T15:00,3600,0.0,0.0,0.0,0.0,0.0,0.0,0.0,0.0,530.5042538
2024-05-16T16:00,3600,0.0,0.0,0.0,0.0,0.0,0.0,0.0,0.0,370.45104801
2024-05-16T17:00,3600,0.0,0.0,0.0,0.0,0.0,0.0,0.0,0.0,176.13029111
2024-05-16T18:00,3600,0.8936118008151457,0.0,0.0,0.8936118008151457,0.0,0.0,0.0,0.0,25.4037864
2024-05-16T19:00,3600,0.8810329385867793,0.0,0.0,0.8810329385867793,0.0,0.0,0.0,0.0,0.0
2024-05-16T20:00,3600,0.8850937686566568,0.0,0.0,0.8850937686566568,0.0,0.0,0.0,0.0,0.0
2024-05-16T21:00,3600,0.896498139127597,0.0,0.0,0.896498139127597,0.0,0.0,0.0,0.0,0.0
2024-05-16T22:00,3600,0.8438220198502608,0.0,0.0,0.8438220198502608,0.0,0.0,0.0,0.0,0.0
2024-05-16T23:00,3600,0.22950297020169574,0.0,0.0,0.22950297020169574,0.0,0.0,0.0,0.0,0.0
2024-05-17T00:00,3600,0.0,0.0,0.0,0.0,0.0,0.0,0.0,0.0,0.0
2024-05-17T01:00,3600,0.0,0.0,0.0,0.0,0.0,0.0,0.0,0.0,0.0
2024-05-17T02:00,3600,0.0,0.0,0.0,0.0,0.0,0.0,0.0,0.0,0.0
2024-05-17T03:00,3600,0.0,0.0,0.0,0.0,0.0,0.0,0.0,0.0,0.0
2024-05-17T04:00,3600,0.0,0.0,0.0,0.0,0.0,0.0,0.0,0.0,0.0
2024-05-17T05:00,3600,0.0,0.0,0.0,0.0,0.0,0.0,0.0,0.0,0.96820194
2024-05-17T06:00,3600,0.0,0.0,0.0,0.0,0.0,0.0,0.0,0.0,41.49951493
2024-05-17T07:00,3600,0.0,0.0,0.0,0.0,0.0,0.0,0.0,0.0,187.98716901
2024-05-17T08:00,3600,0.0,0.0,0.0,0.0,0.0,0.0,0.0,0.0,374.40154253
2024-05-17T09:00,3600,0.0,0.0,0.0,0.0,0.0,0.0,0.0,0.0,439.77800189
2024-05-17T10:00,3600,0.0,0.0,0.0,0.0,0.0,0.0,0.0,0.0,517.788038
2024-05-17T11:00,3600,0.0,0.0,0.0,0.0,0.0,0.0,0.0,0.0,534.04962274
2024-05-17T12:00,3600,0.0,0.0,0.0,0.0,0.0,0.0,0.0,0.0,499.45118526
2024-05-17T13:00,3600,0.0,0.0,0.0,0.0,0.0,0.0,0.0,0.0,543.98470236
2024-05-17T14:00,3600,0.0,0.0,0.0,0.0,0.0,0.0,0.0,0.0,215.48314711
2024-05-17T15:00,3600,0.0,0.0,0.0,0.0,0.0,0.0,0.0,0.0,326.75630665
2024-05-17T16:00,3600,0.0,0.0,0.0,0.0,0.0,0.0,0.0,0.0,85.7597067
2024-05-17T17:00,3600,0.0,0.0,0.0,0.0,0.0,0.0,0.0,0.0,45.20275071
2024-05-17T18:00,3600,0.9714592933043291,0.0,0.0,0.9714592933043291,0.0,0.0,0.0,0.0,19.38788737
2024-05-17T19:00,3600,0.9862124338501931,0.0,0.0,0.9862124338501931,0.0,0.0,0.0,0.0,0.0
2024-05-17T20:00,3600,0.6409571484742449,0.0,0.0,0.6409571484742449,0.0,0.0,0.0,0.0,0.0
2024-05-17T21:00,3600,0.3371397975024717,0.0,0.0,0.3371397975024717,0.0,0.0,0.0,0.0,0.0
2024-05-17T22:00,3600,0.3227256523879034,0.0,0.0,0.3227256523879034,0.0,0.0,0.0,0.0,0.0
2024-05-17T23:00,3600,0.31335518485176556,0.0,0.0,0.31335518485176556,0.0,0.0,0.0,0.0,0.0
2024-05-18T00:00,3600,0.0,0.0,0.0,0.0,0.0,0.0,0.0,0.0,0.0
2024-05-18T01:00,3600,0.0,0.0,0.0,0.0,0.0,0.0,0.0,0.0,0.0
2024-05-18T02:00,3600,0.0,0.0,0.0,0.0,0.0,0.0,0.0,0.0,0.0
2024-05-18T03:00,3600,0.0,0.0,0.0,0.0,0.0,0.0,0.0,0.0,0.0
2024-05-18T04:00,3600,0.0,0.0,0.0,0.0,0.0,0.0,0.0,0.0,0.0
2024-05-18T05:00,3600,0.0,0.0,0.0,0.0,0.0,0.0,0.0,0.0,0.96820194
2024-05-18T06:00,3600,0.0,0.0,0.0,0.0,0.0,0.0,0.0,0.0,16.646251
2024-05-18T07:00,3600,0.0,0.0,0.0,0.0,0.0,0.0,0.0,0.0,38.72807766
2024-05-18T08:00,3600,0.0,0.0,0.0,0.0,0.0,0.0,0.0,0.0,46.47369319
2024-05-18T09:00,3600,0.0,0.0,0.0,0.0,0.0,0.0,0.0,0.0,120.82083437
2024-05-18T10:00,3600,0.0,0.0,0.0,0.0,0.0,0.0,0.0,0.0,153.43053254
2024-05-18T11:00,3600,0.0,0.0,0.0,0.0,0.0,0.0,0.0,0.0,130.70726209
2024-05-18T12:00,3600,0.0,0.0,0.0,0.0,0.0,0.0,0.0,0.0,208.06587634
2024-05-18T13:00,3600,0.0,0.0,0.0,0.0,0.0,0.0,0.0,0.0,253.91218551
2024-05-18T14:00,3600,0.0,0.0,0.0,0.0,0.0,0.0,0.0,0.0,259.7365165
2024-05-18T15:00,3600,0.0,0.0,0.0,0.0,0.0,0.0,0.0,0.0,167.39271144
2024-05-18T16:00,3600,0.0,0.0,0.0,0.0,0.0,0.0,0.0,0.0,90.8584449
2024-05-18T17:00,3600,0.0,0.0,0.0,0.0,0.0,0.0,0.0,0.0,39.39317727
2024-05-18T18:00,3600,0.0,0.0,0.0,0.0,0.0,0.0,0.0,0.0,14.53097864
2024-05-18T19:00,3600,0.0,0.0,0.0,0.0,0.0,0.0,0.0,0.0,0.0
2024-05-18T20:00,3600,0.0,0.0,0.0,0.0,0.0,0.0,0.0,0.0,0.0
2024-05-18T21:00,3600,0.0,0.0,0.0,0.0,0.0,0.0,0.0,0.0,0.0
2024-05-18T22:00,3600,0.0,0.0,0.0,0.0,0.0,0.0,0.0,0.0,0.0
2024-05-18T23:00,3600,0.0,0.0,0.0,0.0,0.0,0.0,0.0,0.0,0.0
2024-05-19T00:00,3600,0.0,0.0,0.0,0.0,0.0,0.0,0.0,0.0,0.0
2024-05-19T01:00,3600,0.0,0.0,0.0,0.0,0.0,0.0,0.0,0.0,0.0
2024-05-19T02:00,3600,0.0,0.0,0.0,0.0,0.0,0.0,0.0,0.0,0.0
2024-05-19T03:00,3600,0.0,0.0,0.0,0.0,0.0,0.0,0.0,0.0,0.0
2024-05-19T04:00,3600,0.0,0.0,0.0,0.0,0.0,0.0,0.0,0.0,0.0
2024-05-19T05:00,3600,0.0,0.0,0.0,0.0,0.0,0.0,0.0,0.0,0.96820194
2024-05-19T06:00,3600,0.0,0.0,0.0,0.0,0.0,0.0,0.0,0.0,32.51007627
2024-05-19T07:00,3600,0.0,0.0,0.0,0.0,0.0,0.0,0.0,0.0,79.13599998
2024-05-19T08:00,3600,0.0,0.0,0.0,0.0,0.0,0.0,0.0,0.0,154.85735846
2024-05-19T09:00,3600,0.0,0.0,0.0,0.0,0.0,0.0,0.0,0.0,113.41213062
2024-05-19T10:00,3600,0.0,0.0,0.0,0.0,0.0,0.0,0.0,0.0,217.43177191
2024-05-19T11:00,3600,0.0,0.0,0.0,0.0,0.0,0.0,0.0,0.0,235.027072
2024-05-19T12:00,3600,0.0,0.0,0.0,0.0,0.0,0.0,0.0,0.0,258.13703503
2024-05-19T13:00,3600,0.0,0.0,0.0,0.0,0.0,0.0,0.0,0.0,146.11573761
2024-05-19T14:00,3600,0.0,0.0,0.0,0.0,0.0,0.0,0.0,0.0,150.96403758
2024-05-19T15:00,3600,0.0,0.0,0.0,0.0,0.0,0.0,0.0,0.0,90.9568791
2024-05-19T16:00,3600,0.0,0.0,0.0,0.0,0.0,0.0,0.0,0.0,62.77985215
2024-05-19T17:00,3600,0.0,0.0,0.0,0.0,0.0,0.0,0.0,0.0,33.88706795
2024-05-19T18:00,3600,0.0,0.0,0.0,0.0,0.0,0.0,0.0,0.0,9.68201941
2024-05-19T19:00,3600,0.0,0.0,0.0,0.0,0.0,0.0,0.0,0.0,0.0
2024-05-19T20:00,3600,0.0,0.0,0.0,0.0,0.0,0.0,0.0,0.0,0.0
2024-05-19T21:00,3600,0.0,0.0,0.0,0.0,0.0,0.0,0.0,0.0,0.0
2024-05-19T22:00,3600,0.0,0.0,0.0,0.0,0.0,0.0,0.0,0.0,0.0
2024-05-19T23:00,3600,0.0,0.0,0.0,0.0,0.0,0.0,0.0,0.0,0.0
2024-05-20T00:00,3600,0.0,0.0,0.0,0.0,0.0,0.0,0.0,0.0,0.0
2024-05-20T01:00,3600,0.0,0.0,0.0,0.0,0.0,0.0,0.0,0.0,0.0
2024-05-20T02:00,3600,0.0,0.0,0.0,0.0,0.0,0.0,0.0,0.0,0.0
2024-05-20T03:00,3600,0.0,0.0,0.0,0.0,0.0,0.0,0.0,0.0,0.0
2024-05-20T04:00,3600,0.0,0.0,0.0,0.0,0.0,0.0,0.0,0.0,0.0
2024-05-20T05:00,3600,0.0,0.0,0.0,0.0,0.0,0.0,0.0,0.0,0.0
2024-05-20T06:00,3600,0.0,0.0,0.0,0.0,0.0,0.0,0.0,0.0,8.89783722
2024-05-20T07:00,3600,0.0,0.0,0.0,0.0,0.0,0.0,0.0,0.0,45.50549124
2024-05-20T08:00,3600,0.0,0.0,0.0,0.0,0.0,0.0,0.0,0.0,59.9079308
2024-05-20T09:00,3600,0.0,0.0,0.0,0.0,0.0,0.0,0.0,0.0,118.73221614
2024-05-20T10:00,3600,0.0,0.0,0.0,0.0,0.0,0.0,0.0,0.0,150.00529779
2024-05-20T11:00,3600,0.0,0.0,0.0,0.0,0.0,0.0,0.0,0.0,156.76021715
2024-05-20T12:00,3600,0.0,0.0,0.0,0.0,0.0,0.0,0.0,0.0,109.38691585
2024-05-20T13:00,3600,0.0,0.0,0.0,0.0,0.0,0.0,0.0,0.0,154.85747895
2024-05-20T14:00,3600,0.0,0.0,0.0,0.0,0.0,0.0,0.0,0.0,45.42917832
2024-05-20T15:00,3600,0.0,0.0,0.0,0.0,0.0,0.0,0.0,0.0,59.06031842
2024-05-20T16:00,3600,0.0,0.0,0.0,0.0,0.0,0.0,0.0,0.0,30.98246212
2024-05-20T17:00,3600,0.0,0.0,0.0,0.0,0.0,0.0,0.0,0.0,17.42763494
2024-05-20T18:00,3600,0.0,0.0,0.0,0.0,0.0,0.0,0.0,0.0,5.80921165
2024-05-20T19:00,3600,0.0,0.0,0.0,0.0,0.0,0.0,0.0,0.0,0.0
2024-05-20T20:00,3600,0.0,0.0,0.0,0.0,0.0,0.0,0.0,0.0,0.0
2024-05-20T21:00,3600,0.0,0.0,0.0,0.0,0.0,0.0,0.0,0.0,0.0
2024-05-20T22:00,3600,0.0,0.0,0.0,0.0,0.0,0.0,0.0,0.0,0.0
2024-05-20T23:00,3600,0.0,0.0,0.0,0.0,0.0,0.0,0.0,0.0,0.0
2024-05-21T00:00,3600,0.0,0.0,0.0,0.0,0.0,0.0,0.0,0.0,0.0
2024-05-21T01:00,3600,0.0,0.0,0.0,0.0,0.0,0.0,0.0,0.0,0.0
2024-05-21T02:00,3600,0.0,0.0,0.0,0.0,0.0,0.0,0.0,0.0,0.0
2024-05-21T03:00,3600,0.0,0.0,0.0,0.0,0.0,0.0,0.0,0.0,0.0
2024-05-21T04:00,3600,0.0,0.0,0.0,0.0,0.0,0.0,0.0,0.0,0.0
2024-05-21T05:00,3600,0.0,0.0,0.0,0.0,0.0,0.0,0.0,0.0,0.0
2024-05-21T06:00,3600,0.0,0.0,0.0,0.0,0.0,0.0,0.0,0.0,9.68201941
2024-05-21T07:00,3600,0.0,0.0,0.0,0.0,0.0,0.0,0.0,0.0,20.33224077
2024-05-21T08:00,3600,0.0,0.0,0.0,0.0,0.0,0.0,0.0,0.0,60.87469186
2024-05-21T09:00,3600,0.0,0.0,0.0,0.0,0.0,0.0,0.0,0.0,84.16135936
2024-05-21T10:00,3600,0.0,0.0,0.0,0.0,0.0,0.0,0.0,0.0,95.8519922
2024-05-21T11:00,3600,0.0,0.0,0.0,0.0,0.0,0.0,0.0,0.0,195.48214756
2024-05-21T12:00,3600,0.0,0.0,0.0,0.0,0.0,0.0,0.0,0.0,321.33291158
2024-05-21T13:00,3600,0.0,0.0,0.0,0.0,0.0,0.0,0.0,0.0,227.02087056
2024-05-21T14:00,3600,0.0,0.0,0.0,0.0,0.0,0.0,0.0,0.0,162.57851798
2024-05-21T15:00,3600,0.0,0.0,0.0,0.0,0.0,0.0,0.0,0.0,155.35989862
2024-05-21T16:00,3600,0.0,0.0,0.0,0.0,0.0,0.0,0.0,0.0,155.82946029
2024-05-21T17:00,3600,0.0,0.0,0.0,0.0,0.0,0.0,0.0,0.0,48.14247144
2024-05-21T18:00,3600,0.4118777635229131,0.0,0.0,0.4118777635229131,0.0,0.0,0.0,0.0,25.21299805
2024-05-21T19:00,3600,0.38676760999535975,0.0,0.0,0.38676760999535975,0.0,0.0,0.0,0.0,0.0
2024-05-21T20:00,3600,0.3869105830396983,0.0,0.0,0.3869105830396983,0.0,0.0,0.0,0.0,0.0
2024-05-21T21:00,3600,0.38022453620434976,0.0,0.0,0.38022453620434976,0.0,0.0,0.0,0.0,0.0
2024-05-21T22:00,3600,0.3681700175866922,0.0,0.0,0.3681700175866922,0.0,0.0,0.0,0.0,0.0
2024-05-21T23:00,3600,0.3621144375522524,0.0,0.0,0.3621144375522524,0.0,0.0,0.0,0.0,0.0
2024-05-22T00:00,3600,0.0,0.0,0.0,0.0,0.0,0.0,0.0,0.0,0.0
2024-05-22T01:00,3600,0.0,0.0,0.0,0.0,0.0,0.0,0.0,0.0,0.0
2024-05-22T02:00,3600,0.0,0.0,0.0,0.0,0.0,0.0,0.0,0.0,0.0
2024-05-22T03:00,3600,0.0,0.0,0.0,0.0,0.0,0.0,0.0,0.0,0.0
2024-05-22T04:00,3600,0.0,0.0,0.0,0.0,0.0,0.0,0.0,0.0,0.0
2024-05-22T05:00,3600,0.0,0.0,0.0,0.0,0.0,0.0,0.0,0.0,0.96820194
2024-05-22T06:00,3600,0.0,0.0,0.0,0.0,0.0,0.0,0.0,0.0,21.83324264
2024-05-22T07:00,3600,0.0,0.0,0.0,0.0,0.0,0.0,0.0,0.0,108.85562114
2024-05-22T08:00,3600,0.0,0.0,0.0,0.0,0.0,0.0,0.0,0.0,240.19175884
2024-05-22T09:00,3600,0.0,0.0,0.0,0.0,0.0,0.0,0.0,0.0,455.88613466
2024-05-22T10:00,3600,0.0,0.0,0.0,0.0,0.0,0.0,0.0,0.0,457.85477396
2024-05-22T11:00,3600,0.0,0.0,0.0,0.0,0.0,0.0,0.0,0.0,525.09857985
2024-05-22T12:00,3600,0.0,0.0,0.0,0.0,0.0,0.0,0.0,0.0,502.53073729
2024-05-22T13:00,3600,0.0,0.0,0.0,0.0,0.0,0.0,0.0,0.0,439.09643758
2024-05-22T14:00,3600,0.0,0.0,0.0,0.0,0.0,0.0,0.0,0.0,262.20901407
2024-05-22T15:00,3600,0.0,0.0,0.0,0.0,0.0,0.0,0.0,0.0,327.87297291
2024-05-22T16:00,3600,0.0,0.0,0.0,0.0,0.0,0.0,0.0,0.0,224.31911054
2024-05-22T17:00,3600,0.0,0.0,0.0,0.0,0.0,0.0,0.0,0.0,115.53396445
2024-05-22T18:00,3600,1.0870588235294116,0.0,0.0,1.0870588235294116,0.0,0.0,0.0,0.0,25.22094756
2024-05-22T19:00,3600,1.0870588235294116,0.0,0.0,1.0870588235294116,0.0,0.0,0.0,0.0,0.0
2024-05-22T20:00,3600,1.0870588235294116,0.0,0.0,1.0870588235294116,0.0,0.0,0.0,0.0,0.0
2024-05-22T21:00,3600,0.6628368026102593,0.0,0.0,0.6628368026102593,0.0,0.0,0.0,0.0,0.0
2024-05-22T22:00,3600,0.44305146470588236,0.0,0.0,0.44305146470588236,0.0,0.0,0.0,0.0,0.0
2024-05-22T23:00,3600,0.4274999764705883,0.0,0.0,0.4274999764705883,0.0,0.0,0.0,0.0,0.0
2024-05-23T00:00,3600,0.0,0.0,0.0,0.0,0.0,0.0,0.0,0.0,0.0
2024-05-23T01:00,3600,0.0,0.0,0.0,0.0,0.0,0.0,0.0,0.0,0.0
2024-05-23T02:00,3600,0.0,0.0,0.0,0.0,0.0,0.0,0.0,0.0,0.0
2024-05-23T03:00,3600,0.0,0.0,0.0,0.0,0.0,0.0,0.0,0.0,0.0
2024-05-23T04:00,3600,0.0,0.0,0.0,0.0,0.0,0.0,0.0,0.0,0.0
2024-05-23T05:00,3600,0.0,0.0,0.0,0.0,0.0,0.0,0.0,0.0,0.96820194
2024-05-23T06:00,3600,0.0,0.0,0.0,0.0,0.0,0.0,0.0,0.0,33.61803997
2024-05-23T07:00,3600,0.0,0.0,0.0,0.0,0.0,0.0,0.0,0.0,91.75763546
2024-05-23T08:00,3600,0.0,0.0,0.0,0.0,0.0,0.0,0.0,0.0,85.79496843
2024-05-23T09:00,3600,0.0,0.0,0.0,0.0,0.0,0.0,0.0,0.0,104.25902774
2024-05-23T10:00,3600,0.0,0.0,0.0,0.0,0.0,0.0,0.0,0.0,250.16346813
2024-05-23T11:00,3600,0.0,0.0,0.0,0.0,0.0,0.0,0.0,0.0,200.33233372
2024-05-23T12:00,3600,0.0,0.0,0.0,0.0,0.0,0.0,0.0,0.0,275.61713889
2024-05-23T13:00,3600,0.0,0.0,0.0,0.0,0.0,0.0,0.0,0.0,538.4582812
2024-05-23T14:00,3600,0.0,0.0,0.0,0.0,0.0,0.0,0.0,0.0,372.06349529
2024-05-23T15:00,3600,0.0,0.0,0.0,0.0,0.0,0.0,0.0,0.0,331.43014314
2024-05-23T16:00,3600,0.0,0.0,0.0,0.0,0.0,0.0,0.0,0.0,145.28593724
2024-05-23T17:00,3600,0.0,0.0,0.0,0.0,0.0,0.0,0.0,0.0,35.87522844
2024-05-23T18:00,3600,1.0815054160234463,0.0,0.0,1.0815054160234463,0.0,0.0,0.0,0.0,11.65022136
2024-05-23T19:00,3600,0.9646315164226674,0.0,0.0,0.9646315164226674,0.0,0.0,0.0,0.0,0.0
2024-05-23T20:00,3600,0.4300918911764706,0.0,0.0,0.4300918911764706,0.0,0.0,0.0,0.0,0.0
2024-05-23T21:00,3600,0.4300918911764706,0.0,0.0,0.4300918911764706,0.0,0.0,0.0,0.0,0.0
2024-05-23T22:00,3600,0.4122384569051295,0.0,0.0,0.4122384569051295,0.0,0.0,0.0,0.0,0.0
2024-05-23T23:00,3600,0.40572037353206647,0.0,0.0,0.40572037353206647,0.0,0.0,0.0,0.0,0.0
2024-05-24T00:00,3600,0.0,0.0,0.0,0.0,0.0,0.0,0.0,0.0,0.0
2024-05-24T01:00,3600,0.0,0.0,0.0,0.0,0.0,0.0,0.0,0.0,0.0
2024-05-24T02:00,3600,0.0,0.0,0.0,0.0,0.0,0.0,0.0,0.0,0.0
2024-05-24T03:00,3600,0.0,0.0,0.0,0.0,0.0,0.0,0.0,0.0,0.0
2024-05-24T04:00,3600,0.0,0.0,0.0,0.0,0.0,0.0,0.0,0.0,0.0
2024-05-24T05:00,3600,0.0,0.0,0.0,0.0,0.0,0.0,0.0,0.0,0.96820194
2024-05-24T06:00,3600,0.0,0.0,0.0,0.0,0.0,0.0,0.0,0.0,32.63519208
2024-05-24T07:00,3600,0.0,0.0,0.0,0.0,0.0,0.0,0.0,0.0,124.49419
2024-05-24T08:00,3600,0.0,0.0,0.0,0.0,0.0,0.0,0.0,0.0,215.93092307
2024-05-24T09:00,3600,0.0,0.0,0.0,0.0,0.0,0.0,0.0,0.0,299.24214789
2024-05-24T10:00,3600,0.0,0.0,0.0,0.0,0.0,0.0,0.0,0.0,476.31685246
2024-05-24T11:00,3600,0.0,0.0,0.0,0.0,0.0,0.0,0.0,0.0,528.23984233
2024-05-24T12:00,3600,0.0,0.0,0.0,0.0,0.0,0.0,0.0,0.0,305.23664051
2024-05-24T13:00,3600,0.0,0.0,0.0,0.0,0.0,0.0,0.0,0.0,413.31987208
2024-05-24T14:00,3600,0.0,0.0,0.0,0.0,0.0,0.0,0.0,0.0,240.21010432
2024-05-24T15:00,3600,0.0,0.0,0.0,0.0,0.0,0.0,0.0,0.0,166.18326139
2024-05-24T16:00,3600,0.0,0.0,0.0,0.0,0.0,0.0,0.0,0.0,169.46837766
2024-05-24T17:00,3600,0.0,0.0,0.0,0.0,0.0,0.0,0.0,0.0,52.04374151
2024-05-24T18:00,3600,1.0827871665112452,0.0,0.0,1.0827871665112452,0.0,0.0,0.0,0.0,7.74561553
2024-05-24T19:00,3600,1.0660300021007556,0.0,0.0,1.0660300021007556,0.0,0.0,0.0,0.0,0.0
2024-05-24T20:00,3600,0.6386321050143954,0.0,0.0,0.6386321050143954,0.0,0.0,0.0,0.0,0.0
2024-05-24T21:00,3600,0.41604182169993115,0.0,0.0,0.41604182169993115,0.0,0.0,0.0,0.0,0.0
2024-05-24T22:00,3600,0.3977776468836377,0.0,0.0,0.3977776468836377,0.0,0.0,0.0,0.0,0.0
2024-05-24T23:00,3600,0.39227109421407086,0.0,0.0,0.39227109421407086,0.0,0.0,0.0,0.0,0.0
2024-05-25T00:00,3600,0.0,0.0,0.0,0.0,0.0,0.0,0.0,0.0,0.0
2024-05-25T01:00,3600,0.0,0.0,0.0,0.0,0.0,0.0,0.0,0.0,0.0
2024-05-25T02:00,3600,0.0,0.0,0.0,0.0,0.0,0.0,0.0,0.0,0.0
2024-05-25T03:00,3600,0.0,0.0,0.0,0.0,0.0,0.0,0.0,0.0,0.0
2024-05-25T04:00,3600,0.0,0.0,0.0,0.0,0.0,0.0,0.0,0.0,0.0
2024-05-25T05:00,3600,0.0,0.0,0.0,0.0,0.0,0.0,0.0,0.0,0.0
2024-05-25T06:00,3600,0.0,0.0,0.0,0.0,0.0,0.0,0.0,0.0,15.49123106
2024-05-25T07:00,3600,0.0,0.0,0.0,0.0,0.0,0.0,0.0,0.0,75.05991531
2024-05-25T08:00,3600,0.0,0.0,0.0,0.0,0.0,0.0,0.0,0.0,154.03098277
2024-05-25T09:00,3600,0.0,0.0,0.0,0.0,0.0,0.0,0.0,0.0,302.96246477
2024-05-25T10:00,3600,0.0,0.0,0.0,0.0,0.0,0.0,0.0,0.0,487.62625307
2024-05-25T11:00,3600,0.0,0.0,0.0,0.0,0.0,0.0,0.0,0.0,588.96946263
2024-05-25T12:00,3600,0.0,0.0,0.0,0.0,0.0,0.0,0.0,0.0,702.21872804
2024-05-25T13:00,3600,0.0,0.0,0.0,0.0,0.0,0.0,0.0,0.0,562.24415104
2024-05-25T14:00,3600,0.0,0.0,0.0,0.0,0.0,0.0,0.0,0.0,530.90743813
2024-05-25T15:00,3600,0.0,0.0,0.0,0.0,0.0,0.0,0.0,0.0,256.73781322
2024-05-25T16:00,3600,0.0,0.0,0.0,0.0,0.0,0.0,0.0,0.0,187.51617417
2024-05-25T17:00,3600,0.0,0.0,0.0,0.0,0.0,0.0,0.0,0.0,96.56015035
2024-05-25T18:00,3600,0.0,0.0,0.0,0.0,0.0,0.0,0.0,0.0,30.06195727
2024-05-25T19:00,3600,0.0,0.0,0.0,0.0,0.0,0.0,0.0,0.0,0.0
2024-05-25T20:00,3600,0.0,0.0,0.0,0.0,0.0,0.0,0.0,0.0,0.0
2024-05-25T21:00,3600,0.0,0.0,0.0,0.0,0.0,0.0,0.0,0.0,0.0
2024-05-25T22:00,3600,0.0,0.0,0.0,0.0,0.0,0.0,0.0,0.0,0.0
2024-05-25T23:00,3600,0.0,0.0,0.0,0.0,0.0,0.0,0.0,0.0,0.0
2024-05-26T00:00,3600,0.0,0.0,0.0,0.0,0.0,0.0,0.0,0.0,0.0
2024-05-26T01:00,3600,0.0,0.0,0.0,0.0,0.0,0.0,0.0,0.0,0.0
2024-05-26T02:00,3600,0.0,0.0,0.0,0.0,0.0,0.0,0.0,0.0,0.0
2024-05-26T03:00,3600,0.0,0.0,0.0,0.0,0.0,0.0,0.0,0.0,0.0
2024-05-26T04:00,3600,0.0,0.0,0.0,0.0,0.0,0.0,0.0,0.0,0.0
2024-05-26T05:00,3600,0.0,0.0,0.0,0.0,0.0,0.0,0.0,0.0,0.96820194
2024-05-26T06:00,3600,0.0,0.0,0.0,0.0,0.0,0.0,0.0,0.0,30.83800265
2024-05-26T07:00,3600,0.0,0.0,0.0,0.0,0.0,0.0,0.0,0.0,127.59838457
2024-05-26T08:00,3600,0.0,0.0,0.0,0.0,0.0,0.0,0.0,0.0,158.57806612
2024-05-26T09:00,3600,0.0,0.0,0.0,0.0,0.0,0.0,0.0,0.0,265.28252467
2024-05-26T10:00,3600,0.0,0.0,0.0,0.0,0.0,0.0,0.0,0.0,239.07160955
2024-05-26T11:00,3600,0.0,0.0,0.0,0.0,0.0,0.0,0.0,0.0,239.27524128
2024-05-26T12:00,3600,0.0,0.0,0.0,0.0,0.0,0.0,0.0,0.0,206.46047513
2024-05-26T13:00,3600,0.0,0.0,0.0,0.0,0.0,0.0,0.0,0.0,226.03618773
2024-05-26T14:00,3600,0.0,0.0,0.0,0.0,0.0,0.0,0.0,0.0,97.7043465
2024-05-26T15:00,3600,0.0,0.0,0.0,0.0,0.0,0.0,0.0,0.0,86.16997278
2024-05-26T16:00,3600,0.0,0.0,0.0,0.0,0.0,0.0,0.0,0.0,56.96756526
2024-05-26T17:00,3600,0.0,0.0,0.0,0.0,0.0,0.0,0.0,0.0,44.85798605
2024-05-26T18:00,3600,0.0,0.0,0.0,0.0,0.0,0.0,0.0,0.0,14.53097864
2024-05-26T19:00,3600,0.0,0.0,0.0,0.0,0.0,0.0,0.0,0.0,0.0
2024-05-26T20:00,3600,0.0,0.0,0.0,0.0,0.0,0.0,0.0,0.0,0.0
2024-05-26T21:00,3600,0.0,0.0,0.0,0.0,0.0,0.0,0.0,0.0,0.0
2024-05-26T22:00,3600,0.0,0.0,0.0,0.0,0.0,0.0,0.0,0.0,0.0
2024-05-26T23:00,3600,0.0,0.0,0.0,0.0,0.0,0.0,0.0,0.0,0.0
2024-05-27T00:00,3600,0.0,0.0,0.0,0.0,0.0,0.0,0.0,0.0,0.0
2024-05-27T01:00,3600,0.0,0.0,0.0,0.0,0.0,0.0,0.0,0.0,0.0
2024-05-27T02:00,3600,0.0,0.0,0.0,0.0,0.0,0.0,0.0,0.0,0.0
2024-05-27T03:00,3600,0.0,0.0,0.0,0.0,0.0,0.0,0.0,0.0,0.0
2024-05-27T04:00,3600,0.0,0.0,0.0,0.0,0.0,0.0,0.0,0.0,0.0
2024-05-27T05:00,3600,0.0,0.0,0.0,0.0,0.0,0.0,0.0,0.0,0.96820194
2024-05-27T06:00,3600,0.0,0.0,0.0,0.0,0.0,0.0,0.0,0.0,16.94401468
2024-05-27T07:00,3600,0.0,0.0,0.0,0.0,0.0,0.0,0.0,0.0,61.58314895
2024-05-27T08:00,3600,0.0,0.0,0.0,0.0,0.0,0.0,0.0,0.0,167.32097114
2024-05-27T09:00,3600,0.0,0.0,0.0,0.0,0.0,0.0,0.0,0.0,285.91019492
2024-05-27T10:00,3600,0.0,0.0,0.0,0.0,0.0,0.0,0.0,0.0,323.03951326
2024-05-27T11:00,3600,0.0,0.0,0.0,0.0,0.0,0.0,0.0,0.0,287.74515138
2024-05-27T12:00,3600,0.0,0.0,0.0,0.0,0.0,0.0,0.0,0.0,426.70283171
2024-05-27T13:00,3600,0.0,0.0,0.0,0.0,0.0,0.0,0.0,0.0,484.07478812
2024-05-27T14:00,3600,0.0,0.0,0.0,0.0,0.0,0.0,0.0,0.0,353.16084333
2024-05-27T15:00,3600,0.0,0.0,0.0,0.0,0.0,0.0,0.0,0.0,313.19209866
2024-05-27T16:00,3600,0.0,0.0,0.0,0.0,0.0,0.0,0.0,0.0,220.29594282
2024-05-27T17:00,3600,0.0,0.0,0.0,0.0,0.0,0.0,0.0,0.0,106.19453085
2024-05-27T18:00,3600,1.0870588235294116,0.0,0.0,1.0870588235294116,0.0,0.0,0.0,0.0,26.18914951
2024-05-27T19:00,3600,1.0870588235294116,0.0,0.0,1.0870588235294116,0.0,0.0,0.0,0.0,0.0
2024-05-27T20:00,3600,1.0870588235294116,0.0,0.0,1.0870588235294116,0.0,0.0,0.0,0.0,0.0
2024-05-27T21:00,3600,1.0870588235294116,0.0,0.0,1.0870588235294116,0.0,0.0,0.0,0.0,0.0
2024-05-27T22:00,3600,1.0870588235294116,0.0,0.0,1.0870588235294116,0.0,0.0,0.0,0.0,0.0
2024-05-27T23:00,3600,1.0870588235294116,0.0,0.0,1.0870588235294116,0.0,0.0,0.0,0.0,0.0
2024-05-28T00:00,3600,0.0,0.0,0.0,0.0,0.0,0.0,0.0,0.0,0.0
2024-05-28T01:00,3600,0.0,0.0,0.0,0.0,0.0,0.0,0.0,0.0,0.0
2024-05-28T02:00,3600,0.0,0.0,0.0,0.0,0.0,0.0,0.0,0.0,0.0
2024-05-28T03:00,3600,0.0,0.0,0.0,0.0,0.0,0.0,0.0,0.0,0.0
2024-05-28T04:00,3600,0.0,0.0,0.0,0.0,0.0,0.0,0.0,0.0,0.0
2024-05-28T05:00,3600,0.0,0.0,0.0,0.0,0.0,0.0,0.0,0.0,0.96820194
2024-05-28T06:00,3600,0.0,0.0,0.0,0.0,0.0,0.0,0.0,0.0,32.10747135
2024-05-28T07:00,3600,0.0,0.0,0.0,0.0,0.0,0.0,0.0,0.0,111.53452479
2024-05-28T08:00,3600,0.0,0.0,0.0,0.0,0.0,0.0,0.0,0.0,204.54738315
2024-05-28T09:00,3600,0.0,0.0,0.0,0.0,0.0,0.0,0.0,0.0,303.36215222
2024-05-28T10:00,3600,0.0,0.0,0.0,0.0,0.0,0.0,0.0,0.0,429.4041502
2024-05-28T11:00,3600,0.0,0.0,0.0,0.0,0.0,0.0,0.0,0.0,464.14941948
2024-05-28T12:00,3600,0.0,0.0,0.0,0.0,0.0,0.0,0.0,0.0,465.66566631
2024-05-28T13:00,3600,0.0,0.0,0.0,0.0,0.0,0.0,0.0,0.0,522.28744555
2024-05-28T14:00,3600,0.0,0.0,0.0,0.0,0.0,0.0,0.0,0.0,384.79017876
2024-05-28T15:00,3600,0.0,0.0,0.0,0.0,0.0,0.0,0.0,0.0,316.77844355
2024-05-28T16:00,3600,0.0,0.0,0.0,0.0,0.0,0.0,0.0,0.0,176.57417004
2024-05-28T17:00,3600,0.0,0.0,0.0,0.0,0.0,0.0,0.0,0.0,116.13973289
2024-05-28T18:00,3600,1.0870588235294116,0.0,0.0,1.0870588235294116,0.0,0.0,0.0,0.0,22.33224077
2024-05-28T19:00,3600,1.0870588235294116,0.0,0.0,1.0870588235294116,0.0,0.0,0.0,0.0,0.0
2024-05-28T20:00,3600,1.0870588235294116,0.0,0.0,1.0870588235294116,0.0,0.0,0.0,0.0,0.0
2024-05-28T21:00,3600,1.0870588235294116,0.0,0.0,1.0870588235294116,0.0,0.0,0.0,0.0,0.0
2024-05-28T22:00,3600,1.0870588235294116,0.0,0.0,1.0870588235294116,0.0,0.0,0.0,0.0,0.0
2024-05-28T23:00,3600,1.0870588235294116,0.0,0.0,1.0870588235294116,0.0,0.0,0.0,0.0,0.0
2024-05-29T00:00,3600,0.0,0.0,0.0,0.0,0.0,0.0,0.0,0.0,0.0
2024-05-29T01:00,3600,0.0,0.0,0.0,0.0,0.0,0.0,0.0,0.0,0.0
2024-05-29T02:00,3600,0.0,0.0,0.0,0.0,0.0,0.0,0.0,0.0,0.0
2024-05-29T03:00,3600,0.0,0.0,0.0,0.0,0.0,0.0,0.0,0.0,0.0
2024-05-29T04:00,3600,0.0,0.0,0.0,0.0,0.0,0.0,0.0,0.0,0.0
2024-05-29T05:00,3600,0.0,0.0,0.0,0.0,0.0,0.0,0.0,0.0,0.96820194
2024-05-29T06:00,3600,0.0,0.0,0.0,0.0,0.0,0.0,0.0,0.0,25.7434052
2024-05-29T07:00,3600,0.0,0.0,0.0,0.0,0.0,0.0,0.0,0.0,90.47389656
2024-05-29T08:00,3600,0.0,0.0,0.0,0.0,0.0,0.0,0.0,0.0,138.23743804
2024-05-29T09:00,3600,0.0,0.0,0.0,0.0,0.0,0.0,0.0,0.0,232.24666469
2024-05-29T10:00,3600,0.0,0.0,0.0,0.0,0.0,0.0,0.0,0.0,289.25394702
2024-05-29T11:00,3600,0.0,0.0,0.0,0.0,0.0,0.0,0.0,0.0,325.34964834
2024-05-29T12:00,3600,0.0,0.0,0.0,0.0,0.0,0.0,0.0,0.0,383.55978533
2024-05-29T13:00,3600,0.0,0.0,0.0,0.0,0.0,0.0,0.0,0.0,386.96588893
2024-05-29T14:00,3600,0.0,0.0,0.0,0.0,0.0,0.0,0.0,0.0,596.44775562
2024-05-29T15:00,3600,0.0,0.0,0.0,0.0,0.0,0.0,0.0,0.0,453.49793326
2024-05-29T16:00,3600,0.0,0.0,0.0,0.0,0.0,0.0,0.0,0.0,318.93419063
2024-05-29T17:00,3600,0.0,0.0,0.0,0.0,0.0,0.0,0.0,0.0,161.77049633
2024-05-29T18:00,3600,0.9920522862515258,0.0,0.0,0.9920522862515258,0.0,0.0,0.0,0.0,30.20504853
2024-05-29T19:00,3600,1.0129449478423245,0.0,0.0,1.0129449478423245,0.0,0.0,0.0,0.0,0.0
2024-05-29T20:00,3600,1.0159462736501865,0.0,0.0,1.0159462736501865,0.0,0.0,0.0,0.0,0.0
2024-05-29T21:00,3600,0.6039014160029782,0.0,0.0,0.6039014160029782,0.0,0.0,0.0,0.0,0.0
2024-05-29T22:00,3600,0.38481779847020225,0.0,0.0,0.38481779847020225,0.0,0.0,0.0,0.0,0.0
2024-05-29T23:00,3600,0.3738979408325872,0.0,0.0,0.3738979408325872,0.0,0.0,0.0,0.0,0.0
2024-05-30T00:00,3600,0.0,0.0,0.0,0.0,0.0,0.0,0.0,0.0,0.0
2024-05-30T01:00,3600,0.0,0.0,0.0,0.0,0.0,0.0,0.0,0.0,0.0
2024-05-30T02:00,3600,0.0,0.0,0.0,0.0,0.0,0.0,0.0,0.0,0.0
2024-05-30T03:00,3600,0.0,0.0,0.0,0.0,0.0,0.0,0.0,0.0,0.0
2024-05-30T04:00,3600,0.0,0.0,0.0,0.0,0.0,0.0,0.0,0.0,0.0
2024-05-30T05:00,3600,0.0,0.0,0.0,0.0,0.0,0.0,0.0,0.0,0.96820194
2024-05-30T06:00,3600,0.0,0.0,0.0,0.0,0.0,0.0,0.0,0.0,36.35491294
2024-05-30T07:00,3600,0.0,0.0,0.0,0.0,0.0,0.0,0.0,0.0,126.08001541
2024-05-30T08:00,3600,0.0,0.0,0.0,0.0,0.0,0.0,0.0,0.0,264.53871274
2024-05-30T09:00,3600,0.0,0.0,0.0,0.0,0.0,0.0,0.0,0.0,484.77492898
2024-05-30T10:00,3600,0.0,0.0,0.0,0.0,0.0,0.0,0.0,0.0,631.49563835
2024-05-30T11:00,3600,0.0,0.0,0.0,0.0,0.0,0.0,0.0,0.0,609.90701279
2024-05-30T12:00,3600,0.0,0.0,0.0,0.0,0.0,0.0,0.0,0.0,366.57510952
2024-05-30T13:00,3600,0.0,0.0,0.0,0.0,0.0,0.0,0.0,0.0,424.97204946
2024-05-30T14:00,3600,0.0,0.0,0.0,0.0,0.0,0.0,0.0,0.0,303.44391184
2024-05-30T15:00,3600,0.0,0.0,0.0,0.0,0.0,0.0,0.0,0.0,147.24373792
2024-05-30T16:00,3600,0.0,0.0,0.0,0.0,0.0,0.0,0.0,0.0,97.84735798
2024-05-30T17:00,3600,0.0,0.0,0.0,0.0,0.0,0.0,0.0,0.0,41.61734306
2024-05-30T18:00,3600,1.0704686039837432,0.0,0.0,1.0704686039837432,0.0,0.0,0.0,0.0,20.39583689
2024-05-30T19:00,3600,1.073782654921347,0.0,0.0,1.073782654921347,0.0,0.0,0.0,0.0,0.0
2024-05-30T20:00,3600,1.0770487064104188,0.0,0.0,1.0770487064104188,0.0,0.0,0.0,0.0,0.0
2024-05-30T21:00,3600,0.6767824571715065,0.0,0.0,0.6767824571715065,0.0,0.0,0.0,0.0,0.0
2024-05-30T22:00,3600,0.4534191235294117,0.0,0.0,0.4534191235294117,0.0,0.0,0.0,0.0,0.0
2024-05-30T23:00,3600,0.44305146470588236,0.0,0.0,0.44305146470588236,0.0,0.0,0.0,0.0,0.0
2024-05-31T00:00,3600,0.0,0.0,0.0,0.0,0.0,0.0,0.0,0.0,0.0
2024-05-31T01:00,3600,0.0,0.0,0.0,0.0,0.0,0.0,0.0,0.0,0.0
2024-05-31T02:00,3600,0.0,0.0,0.0,0.0,0.0,0.0,0.0,0.0,0.0
2024-05-31T03:00,3600,0.0,0.0,0.0,0.0,0.0,0.0,0.0,0.0,0.0
2024-05-31T04:00,3600,0.0,0.0,0.0,0.0,0.0,0.0,0.0,0.0,0.0
2024-05-31T05:00,3600,0.0,0.0,0.0,0.0,0.0,0.0,0.0,0.0,0.96820194
2024-05-31T06:00,3600,0.0,0.0,0.0,0.0,0.0,0.0,0.0,0.0,29.15565461
2024-05-31T07:00,3600,0.0,0.0,0.0,0.0,0.0,0.0,0.0,0.0,130.75364794
2024-05-31T08:00,3600,0.0,0.0,0.0,0.0,0.0,0.0,0.0,0.0,221.72109838
2024-05-31T09:00,3600,0.0,0.0,0.0,0.0,0.0,0.0,0.0,0.0,356.72405588
2024-05-31T10:00,3600,0.0,0.0,0.0,0.0,0.0,0.0,0.0,0.0,475.6521566
2024-05-31T11:00,3600,0.0,0.0,0.0,0.0,0.0,0.0,0.0,0.0,637.95575285
2024-05-31T12:00,3600,0.0,0.0,0.0,0.0,0.0,0.0,0.0,0.0,320.89961971
2024-05-31T13:00,3600,0.0,0.0,0.0,0.0,0.0,0.0,0.0,0.0,288.15987731
2024-05-31T14:00,3600,0.0,0.0,0.0,0.0,0.0,0.0,0.0,0.0,223.72694728
2024-05-31T15:00,3600,0.0,0.0,0.0,0.0,0.0,0.0,0.0,0.0,224.63940763
2024-05-31T16:00,3600,0.0,0.0,0.0,0.0,0.0,0.0,0.0,0.0,55.18751066
2024-05-31T17:00,3600,0.0,0.0,0.0,0.0,0.0,0.0,0.0,0.0,53.55837597
2024-05-31T18:00,3600,1.0870588235294116,0.0,0.0,1.0870588235294116,0.0,0.0,0.0,0.0,15.52302912
2024-05-31T19:00,3600,1.0870588235294116,0.0,0.0,1.0870588235294116,0.0,0.0,0.0,0.0,0.0
2024-05-31T20:00,3600,1.0870588235294116,0.0,0.0,1.0870588235294116,0.0,0.0,0.0,0.0,0.0
2024-05-31T21:00,3600,0.5924353491436077,0.0,0.0,0.5924353491436077,0.0,0.0,0.0,0.0,0.0
2024-05-31T22:00,3600,0.4767463558823529,0.0,0.0,0.4767463558823529,0.0,0.0,0.0,0.0,0.0
2024-05-31T23:00,3600,0.4715625264705883,0.0,0.0,0.4715625264705883,0.0,0.0,0.0,0.0,0.0
2024-06-01T00:00,3600,0.0,0.0,0.0,0.0,0.0,0.0,0.0,0.0,0.0
2024-06-01T01:00,3600,0.0,0.0,0.0,0.0,0.0,0.0,0.0,0.0,0.0
2024-06-01T02:00,3600,0.0,0.0,0.0,0.0,0.0,0.0,0.0,0.0,0.0
2024-06-01T03:00,3600,0.0,0.0,0.0,0.0,0.0,0.0,0.0,0.0,0.0
2024-06-01T04:00,3600,0.0,0.0,0.0,0.0,0.0,0.0,0.0,0.0,0.0
2024-06-01T05:00,3600,0.0,0.0,0.0,0.0,0.0,0.0,0.0,0.0,0.0
2024-06-01T06:00,3600,0.0,0.0,0.0,0.0,0.0,0.0,0.0,0.0,7.74561553
2024-06-01T07:00,3600,0.0,0.0,0.0,0.0,0.0,0.0,0.0,0.0,11.6184233
2024-06-01T08:00,3600,0.0,0.0,0.0,0.0,0.0,0.0,0.0,0.0,30.01426018
2024-06-01T09:00,3600,0.0,0.0,0.0,0.0,0.0,0.0,0.0,0.0,85.79943085
2024-06-01T10:00,3600,0.0,0.0,0.0,0.0,0.0,0.0,0.0,0.0,98.27288721
2024-06-01T11:00,3600,0.0,0.0,0.0,0.0,0.0,0.0,0.0,0.0,225.3517632
2024-06-01T12:00,3600,0.0,0.0,0.0,0.0,0.0,0.0,0.0,0.0,133.2551008
2024-06-01T13:00,3600,0.0,0.0,0.0,0.0,0.0,0.0,0.0,0.0,95.56415429
2024-06-01T14:00,3600,0.0,0.0,0.0,0.0,0.0,0.0,0.0,0.0,109.21511179
2024-06-01T15:00,3600,0.0,0.0,0.0,0.0,0.0,0.0,0.0,0.0,44.5372893
2024-06-01T16:00,3600,0.0,0.0,0.0,0.0,0.0,0.0,0.0,0.0,37.31073345
2024-06-01T17:00,3600,0.0,0.0,0.0,0.0,0.0,0.0,0.0,0.0,17.42763494
2024-06-01T18:00,3600,0.0,0.0,0.0,0.0,0.0,0.0,0.0,0.0,2.92050485
2024-06-01T19:00,3600,0.0,0.0,0.0,0.0,0.0,0.0,0.0,0.0,0.0
2024-06-01T20:00,3600,0.0,0.0,0.0,0.0,0.0,0.0,0.0,0.0,0.0
2024-06-01T21:00,3600,0.0,0.0,0.0,0.0,0.0,0.0,0.0,0.0,0.0
2024-06-01T22:00,3600,0.0,0.0,0.0,0.0,0.0,0.0,0.0,0.0,0.0
2024-06-01T23:00,3600,0.0,0.0,0.0,0.0,0.0,0.0,0.0,0.0,0.0
2024-06-02T00:00,3600,0.0,0.0,0.0,0.0,0.0,0.0,0.0,0.0,0.0
2024-06-02T01:00,3600,0.0,0.0,0.0,0.0,0.0,0.0,0.0,0.0,0.0
2024-06-02T02:00,3600,0.0,0.0,0.0,0.0,0.0,0.0,0.0,0.0,0.0
2024-06-02T03:00,3600,0.0,0.0,0.0,0.0,0.0,0.0,0.0,0.0,0.0
2024-06-02T04:00,3600,0.0,0.0,0.0,0.0,0.0,0.0,0.0,0.0,0.0
2024-06-02T05:00,3600,0.0,0.0,0.0,0.0,0.0,0.0,0.0,0.0,1.93640388
2024-06-02T06:00,3600,0.0,0.0,0.0,0.0,0.0,0.0,0.0,0.0,48.12464178
2024-06-02T07:00,3600,0.0,0.0,0.0,0.0,0.0,0.0,0.0,0.0,194.00404065
2024-06-02T08:00,3600,0.0,0.0,0.0,0.0,0.0,0.0,0.0,0.0,403.49434807
2024-06-02T09:00,3600,0.0,0.0,0.0,0.0,0.0,0.0,0.0,0.0,590.97042357
2024-06-02T10:00,3600,0.0,0.0,0.0,0.0,0.0,0.0,0.0,0.0,736.63445383
2024-06-02T11:00,3600,0.0,0.0,0.0,0.0,0.0,0.0,0.0,0.0,803.75817186
2024-06-02T12:00,3600,0.0,0.0,0.0,0.0,0.0,0.0,0.0,0.0,618.02076413
2024-06-02T13:00,3600,0.0,0.0,0.0,0.0,0.0,0.0,0.0,0.0,499.98558796
2024-06-02T14:00,3600,0.0,0.0,0.0,0.0,0.0,0.0,0.0,0.0,439.76421007
2024-06-02T15:00,3600,0.0,0.0,0.0,0.0,0.0,0.0,0.0,0.0,397.45413055
2024-06-02T16:00,3600,0.0,0.0,0.0,0.0,0.0,0.0,0.0,0.0,251.68100594
2024-06-02T17:00,3600,0.0,0.0,0.0,0.0,0.0,0.0,0.0,0.0,130.6556345
2024-06-02T18:00,3600,0.0,0.0,0.0,0.0,0.0,0.0,0.0,0.0,28.23684659
2024-06-02T19:00,3600,0.0,0.0,0.0,0.0,0.0,0.0,0.0,0.0,0.0
2024-06-02T20:00,3600,0.0,0.0,0.0,0.0,0.0,0.0,0.0,0.0,0.0
2024-06-02T21:00,3600,0.0,0.0,0.0,0.0,0.0,0.0,0.0,0.0,0.0
2024-06-02T22:00,3600,0.0,0.0,0.0,0.0,0.0,0.0,0.0,0.0,0.0
2024-06-02T23:00,3600,0.0,0.0,0.0,0.0,0.0,0.0,0.0,0.0,0.0
2024-06-03T00:00,3600,0.0,0.0,0.0,0.0,0.0,0.0,0.0,0.0,0.0
2024-06-03T01:00,3600,0.0,0.0,0.0,0.0,0.0,0.0,0.0,0.0,0.0
2024-06-03T02:00,3600,0.0,0.0,0.0,0.0,0.0,0.0,0.0,0.0,0.0
2024-06-03T03:00,3600,0.0,0.0,0.0,0.0,0.0,0.0,0.0,0.0,0.0
2024-06-03T04:00,3600,0.0,0.0,0.0,0.0,0.0,0.0,0.0,0.0,0.0
2024-06-03T05:00,3600,0.0,0.0,0.0,0.0,0.0,0.0,0.0,0.0,0.96820194
2024-06-03T06:00,3600,0.0,0.0,0.0,0.0,0.0,0.0,0.0,0.0,34.25812285
2024-06-03T07:00,3600,0.0,0.0,0.0,0.0,0.0,0.0,0.0,0.0,130.39239857
2024-06-03T08:00,3600,0.0,0.0,0.0,0.0,0.0,0.0,0.0,0.0,267.36991455
2024-06-03T09:00,3600,0.0,0.0,0.0,0.0,0.0,0.0,0.0,0.0,204.3225068
2024-06-03T10:00,3600,0.0,0.0,0.0,0.0,0.0,0.0,0.0,0.0,312.86626823
2024-06-03T11:00,3600,0.0,0.0,0.0,0.0,0.0,0.0,0.0,0.0,349.65595904
2024-06-03T12:00,3600,0.0,0.0,0.0,0.0,0.0,0.0,0.0,0.0,245.31028458
2024-06-03T13:00,3600,0.0,0.0,0.0,0.0,0.0,0.0,0.0,0.0,286.07030181
2024-06-03T14:00,3600,0.0,0.0,0.0,0.0,0.0,0.0,0.0,0.0,138.45287762
2024-06-03T15:00,3600,0.0,0.0,0.0,0.0,0.0,0.0,0.0,0.0,66.80593396
2024-06-03T16:00,3600,0.0,0.0,0.0,0.0,0.0,0.0,0.0,0.0,163.1320138
2024-06-03T17:00,3600,0.0,0.0,0.0,0.0,0.0,0.0,0.0,0.0,63.10883526
2024-06-03T18:00,3600,1.0754575746612502,0.0,0.0,1.0754575746612502,0.0,0.0,0.0,0.0,13.55482718
2024-06-03T19:00,3600,1.0870588235294116,0.0,0.0,1.0870588235294116,0.0,0.0,0.0,0.0,0.0
2024-06-03T20:00,3600,1.0845374456170764,0.0,0.0,1.0845374456170764,0.0,0.0,0.0,0.0,0.0
2024-06-03T21:00,3600,1.0848980525923957,0.0,0.0,1.0848980525923957,0.0,0.0,0.0,0.0,0.0
2024-06-03T22:00,3600,1.0727164145230133,0.0,0.0,1.0727164145230133,0.0,0.0,0.0,0.0,0.0
2024-06-03T23:00,3600,1.0682173784058646,0.0,0.0,1.0682173784058646,0.0,0.0,0.0,0.0,0.0
2024-06-04T00:00,3600,0.0,0.0,0.0,0.0,0.0,0.0,0.0,0.0,0.0
2024-06-04T01:00,3600,0.0,0.0,0.0,0.0,0.0,0.0,0.0,0.0,0.0
2024-06-04T02:00,3600,0.0,0.0,0.0,0.0,0.0,0.0,0.0,0.0,0.0
2024-06-04T03:00,3600,0.0,0.0,0.0,0.0,0.0,0.0,0.0,0.0,0.0
2024-06-04T04:00,3600,0.0,0.0,0.0,0.0,0.0,0.0,0.0,0.0,0.0
2024-06-04T05:00,3600,0.0,0.0,0.0,0.0,0.0,0.0,0.0,0.0,0.96820194
2024-06-04T06:00,3600,0.0,0.0,0.0,0.0,0.0,0.0,0.0,0.0,15.49123106
2024-06-04T07:00,3600,0.0,0.0,0.0,0.0,0.0,0.0,0.0,0.0,60.89816501
2024-06-04T08:00,3600,0.0,0.0,0.0,0.0,0.0,0.0,0.0,0.0,78.13537748
2024-06-04T09:00,3600,0.0,0.0,0.0,0.0,0.0,0.0,0.0,0.0,252.15148399
2024-06-04T10:00,3600,0.0,0.0,0.0,0.0,0.0,0.0,0.0,0.0,324.19610792
2024-06-04T11:00,3600,0.0,0.0,0.0,0.0,0.0,0.0,0.0,0.0,386.52767554
2024-06-04T12:00,3600,0.0,0.0,0.0,0.0,0.0,0.0,0.0,0.0,203.68049418
2024-06-04T13:00,3600,0.0,0.0,0.0,0.0,0.0,0.0,0.0,0.0,248.58647293
2024-06-04T14:00,3600,0.0,0.0,0.0,0.0,0.0,0.0,0.0,0.0,89.07457861
2024-06-04T15:00,3600,0.0,0.0,0.0,0.0,0.0,0.0,0.0,0.0,90.00888337
2024-06-04T16:00,3600,0.0,0.0,0.0,0.0,0.0,0.0,0.0,0.0,46.16384632
2024-06-04T17:00,3600,0.0,0.0,0.0,0.0,0.0,0.0,0.0,0.0,32.91886601
2024-06-04T18:00,3600,1.0280351004282153,0.0,0.0,1.0280351004282153,0.0,0.0,0.0,0.0,8.71381747
2024-06-04T19:00,3600,1.027266011176959,0.0,0.0,1.027266011176959,0.0,0.0,0.0,0.0,0.0
2024-06-04T20:00,3600,0.4063286868806497,0.0,0.0,0.4063286868806497,0.0,0.0,0.0,0.0,0.0
2024-06-04T21:00,3600,0.31747484648662544,0.0,0.0,0.31747484648662544,0.0,0.0,0.0,0.0,0.0
2024-06-04T22:00,3600,0.3056168592109997,0.0,0.0,0.3056168592109997,0.0,0.0,0.0,0.0,0.0
2024-06-04T23:00,3600,0.2935020383126274,0.0,0.0,0.2935020383126274,0.0,0.0,0.0,0.0,0.0
2024-06-05T00:00,3600,0.0,0.0,0.0,0.0,0.0,0.0,0.0,0.0,0.0
2024-06-05T01:00,3600,0.0,0.0,0.0,0.0,0.0,0.0,0.0,0.0,0.0
2024-06-05T02:00,3600,0.0,0.0,0.0,0.0,0.0,0.0,0.0,0.0,0.0
2024-06-05T03:00,3600,0.0,0.0,0.0,0.0,0.0,0.0,0.0,0.0,0.0
2024-06-05T04:00,3600,0.0,0.0,0.0,0.0,0.0,0.0,0.0,0.0,0.0
2024-06-05T05:00,3600,0.0,0.0,0.0,0.0,0.0,0.0,0.0,0.0,0.96820194
2024-06-05T06:00,3600,0.0,0.0,0.0,0.0,0.0,0.0,0.0,0.0,27.64747606
2024-06-05T07:00,3600,0.0,0.0,0.0,0.0,0.0,0.0,0.0,0.0,99.91689521
2024-06-05T08:00,3600,0.0,0.0,0.0,0.0,0.0,0.0,0.0,0.0,188.11052769
2024-06-05T09:00,3600,0.0,0.0,0.0,0.0,0.0,0.0,0.0,0.0,401.78098586
2024-06-05T10:00,3600,0.0,0.0,0.0,0.0,0.0,0.0,0.0,0.0,397.83169033
2024-06-05T11:00,3600,0.0,0.0,0.0,0.0,0.0,0.0,0.0,0.0,363.68353832
2024-06-05T12:00,3600,0.0,0.0,0.0,0.0,0.0,0.0,0.0,0.0,210.81935826
2024-06-05T13:00,3600,0.0,0.0,0.0,0.0,0.0,0.0,0.0,0.0,130.32908087
2024-06-05T14:00,3600,0.0,0.0,0.0,0.0,0.0,0.0,0.0,0.0,112.02494459
2024-06-05T15:00,3600,0.0,0.0,0.0,0.0,0.0,0.0,0.0,0.0,92.32154772
2024-06-05T16:00,3600,0.0,0.0,0.0,0.0,0.0,0.0,0.0,0.0,29.04605824
2024-06-05T17:00,3600,0.0,0.0,0.0,0.0,0.0,0.0,0.0,0.0,23.23684659
2024-06-05T18:00,3600,0.9623420622889591,0.0,0.0,0.9623420622889591,0.0,0.0,0.0,0.0,2.90460582
2024-06-05T19:00,3600,0.38650021872304763,0.0,0.0,0.38650021872304763,0.0,0.0,0.0,0.0,0.0
2024-06-05T20:00,3600,0.3863164681419503,0.0,0.0,0.3863164681419503,0.0,0.0,0.0,0.0,0.0
2024-06-05T21:00,3600,0.3794927455034286,0.0,0.0,0.3794927455034286,0.0,0.0,0.0,0.0,0.0
2024-06-05T22:00,3600,0.3793713039436617,0.0,0.0,0.3793713039436617,0.0,0.0,0.0,0.0,0.0
2024-06-05T23:00,3600,0.3729036189308533,0.0,0.0,0.3729036189308533,0.0,0.0,0.0,0.0,0.0
2024-06-06T00:00,3600,0.0,0.0,0.0,0.0,0.0,0.0,0.0,0.0,0.0
2024-06-06T01:00,3600,0.0,0.0,0.0,0.0,0.0,0.0,0.0,0.0,0.0
2024-06-06T02:00,3600,0.0,0.0,0.0,0.0,0.0,0.0,0.0,0.0,0.0
2024-06-06T03:00,3600,0.0,0.0,0.0,0.0,0.0,0.0,0.0,0.0,0.0
2024-06-06T04:00,3600,0.0,0.0,0.0,0.0,0.0,0.0,0.0,0.0,0.0
2024-06-06T05:00,3600,0.0,0.0,0.0,0.0,0.0,0.0,0.0,0.0,0.96820194
2024-06-06T06:00,3600,0.0,0.0,0.0,0.0,0.0,0.0,0.0,0.0,12.58662524
2024-06-06T07:00,3600,0.0,0.0,0.0,0.0,0.0,0.0,0.0,0.0,31.95066407
2024-06-06T08:00,3600,0.0,0.0,0.0,0.0,0.0,0.0,0.0,0.0,66.80593396
2024-06-06T09:00,3600,0.0,0.0,0.0,0.0,0.0,0.0,0.0,0.0,118.12063685
2024-06-06T10:00,3600,0.0,0.0,0.0,0.0,0.0,0.0,0.0,0.0,254.55342991
2024-06-06T11:00,3600,0.0,0.0,0.0,0.0,0.0,0.0,0.0,0.0,279.10322372
2024-06-06T12:00,3600,0.0,0.0,0.0,0.0,0.0,0.0,0.0,0.0,315.19594852
2024-06-06T13:00,3600,0.0,0.0,0.0,0.0,0.0,0.0,0.0,0.0,281.45701505
2024-06-06T14:00,3600,0.0,0.0,0.0,0.0,0.0,0.0,0.0,0.0,268.7954601
2024-06-06T15:00,3600,0.0,0.0,0.0,0.0,0.0,0.0,0.0,0.0,179.45682455
2024-06-06T16:00,3600,0.0,0.0,0.0,0.0,0.0,0.0,0.0,0.0,118.43105497
2024-06-06T17:00,3600,0.0,0.0,0.0,0.0,0.0,0.0,0.0,0.0,58.9872493
2024-06-06T18:00,3600,1.0831994511598282,0.0,0.0,1.0831994511598282,0.0,0.0,0.0,0.0,15.53097864
2024-06-06T19:00,3600,0.727487927202171,0.0,0.0,0.727487927202171,0.0,0.0,0.0,0.0,0.0
2024-06-06T20:00,3600,0.45601103823529415,0.0,0.0,0.45601103823529415,0.0,0.0,0.0,0.0,0.0
2024-06-06T21:00,3600,0.4506671017977973,0.0,0.0,0.4506671017977973,0.0,0.0,0.0,0.0,0.0
2024-06-06T22:00,3600,0.44614233958414945,0.0,0.0,0.44614233958414945,0.0,0.0,0.0,0.0,0.0
2024-06-06T23:00,3600,0.44305146470588236,0.0,0.0,0.44305146470588236,0.0,0.0,0.0,0.0,0.0
2024-06-07T00:00,3600,0.0,0.0,0.0,0.0,0.0,0.0,0.0,0.0,0.0
2024-06-07T01:00,3600,0.0,0.0,0.0,0.0,0.0,0.0,0.0,0.0,0.0
2024-06-07T02:00,3600,0.0,0.0,0.0,0.0,0.0,0.0,0.0,0.0,0.0
2024-06-07T03:00,3600,0.0,0.0,0.0,0.0,0.0,0.0,0.0,0.0,0.0
2024-06-07T04:00,3600,0.0,0.0,0.0,0.0,0.0,0.0,0.0,0.0,0.0
2024-06-07T05:00,3600,0.0,0.0,0.0,0.0,0.0,0.0,0.0,0.0,0.96820194
2024-06-07T06:00,3600,0.0,0.0,0.0,0.0,0.0,0.0,0.0,0.0,16.459433
2024-06-07T07:00,3600,0.0,0.0,0.0,0.0,0.0,0.0,0.0,0.0,89.54100818
2024-06-07T08:00,3600,0.0,0.0,0.0,0.0,0.0,0.0,0.0,0.0,164.87168577
2024-06-07T09:00,3600,0.0,0.0,0.0,0.0,0.0,0.0,0.0,0.0,221.53228219
2024-06-07T10:00,3600,0.0,0.0,0.0,0.0,0.0,0.0,0.0,0.0,305.02145249
2024-06-07T11:00,3600,0.0,0.0,0.0,0.0,0.0,0.0,0.0,0.0,265.6703756
2024-06-07T12:00,3600,0.0,0.0,0.0,0.0,0.0,0.0,0.0,0.0,242.31892938
2024-06-07T13:00,3600,0.0,0.0,0.0,0.0,0.0,0.0,0.0,0.0,334.39003275
2024-06-07T14:00,3600,0.0,0.0,0.0,0.0,0.0,0.0,0.0,0.0,95.56345672
2024-06-07T15:00,3600,0.0,0.0,0.0,0.0,0.0,0.0,0.0,0.0,134.04806623
2024-06-07T16:00,3600,0.0,0.0,0.0,0.0,0.0,0.0,0.0,0.0,91.97918443
2024-06-07T17:00,3600,0.0,0.0,0.0,0.0,0.0,0.0,0.0,0.0,58.95289259
2024-06-07T18:00,3600,1.0705801121635163,0.0,0.0,1.0705801121635163,0.0,0.0,0.0,0.0,18.49123106
2024-06-07T19:00,3600,0.6499770907287616,0.0,0.0,0.6499770907287616,0.0,0.0,0.0,0.0,0.0
2024-06-07T20:00,3600,0.4170896818375296,0.0,0.0,0.4170896818375296,0.0,0.0,0.0,0.0,0.0
2024-06-07T21:00,3600,0.4165325908771282,0.0,0.0,0.4165325908771282,0.0,0.0,0.0,0.0,0.0
2024-06-07T22:00,3600,0.4162235391344358,0.0,0.0,0.4162235391344358,0.0,0.0,0.0,0.0,0.0
2024-06-07T23:00,3600,0.41834366807049106,0.0,0.0,0.41834366807049106,0.0,0.0,0.0,0.0,0.0
2024-06-08T00:00,3600,0.0,0.0,0.0,0.0,0.0,0.0,0.0,0.0,0.0
2024-06-08T01:00,3600,0.0,0.0,0.0,0.0,0.0,0.0,0.0,0.0,0.0
2024-06-08T02:00,3600,0.0,0.0,0.0,0.0,0.0,0.0,0.0,0.0,0.0
2024-06-08T03:00,3600,0.0,0.0,0.0,0.0,0.0,0.0,0.0,0.0,0.0
2024-06-08T04:00,3600,0.0,0.0,0.0,0.0,0.0,0.0,0.0,0.0,0.0
2024-06-08T05:00,3600,0.0,0.0,0.0,0.0,0.0,0.0,0.0,0.0,0.96820194
2024-06-08T06:00,3600,0.0,0.0,0.0,0.0,0.0,0.0,0.0,0.0,35.68030799
2024-06-08T07:00,3600,0.0,0.0,0.0,0.0,0.0,0.0,0.0,0.0,103.87881494
2024-06-08T08:00,3600,0.0,0.0,0.0,0.0,0.0,0.0,0.0,0.0,198.63003106
2024-06-08T09:00,3600,0.0,0.0,0.0,0.0,0.0,0.0,0.0,0.0,159.17831345
2024-06-08T10:00,3600,0.0,0.0,0.0,0.0,0.0,0.0,0.0,0.0,168.32239584
2024-06-08T11:00,3600,0.0,0.0,0.0,0.0,0.0,0.0,0.0,0.0,211.67421757
2024-06-08T12:00,3600,0.0,0.0,0.0,0.0,0.0,0.0,0.0,0.0,418.04280929
2024-06-08T13:00,3600,0.0,0.0,0.0,0.0,0.0,0.0,0.0,0.0,367.71530894
2024-06-08T14:00,3600,0.0,0.0,0.0,0.0,0.0,0.0,0.0,0.0,372.51971424
2024-06-08T15:00,3600,0.0,0.0,0.0,0.0,0.0,0.0,0.0,0.0,151.07204388
2024-06-08T16:00,3600,0.0,0.0,0.0,0.0,0.0,0.0,0.0,0.0,153.68900499
2024-06-08T17:00,3600,0.0,0.0,0.0,0.0,0.0,0.0,0.0,0.0,102.34514129
2024-06-08T18:00,3600,0.0,0.0,0.0,0.0,0.0,0.0,0.0,0.0,9.69791844
2024-06-08T19:00,3600,0.0,0.0,0.0,0.0,0.0,0.0,0.0,0.0,0.0
2024-06-08T20:00,3600,0.0,0.0,0.0,0.0,0.0,0.0,0.0,0.0,0.0
2024-06-08T21:00,3600,0.0,0.0,0.0,0.0,0.0,0.0,0.0,0.0,0.0
2024-06-08T22:00,3600,0.0,0.0,0.0,0.0,0.0,0.0,0.0,0.0,0.0
2024-06-08T23:00,3600,0.0,0.0,0.0,0.0,0.0,0.0,0.0,0.0,0.0
2024-06-09T00:00,3600,0.0,0.0,0.0,0.0,0.0,0.0,0.0,0.0,0.0
2024-06-09T01:00,3600,0.0,0.0,0.0,0.0,0.0,0.0,0.0,0.0,0.0
2024-06-09T02:00,3600,0.0,0.0,0.0,0.0,0.0,0.0,0.0,0.0,0.0
2024-06-09T03:00,3600,0.0,0.0,0.0,0.0,0.0,0.0,0.0,0.0,0.0
2024-06-09T04:00,3600,0.0,0.0,0.0,0.0,0.0,0.0,0.0,0.0,0.0
2024-06-09T05:00,3600,0.0,0.0,0.0,0.0,0.0,0.0,0.0,0.0,0.0
2024-06-09T06:00,3600,0.0,0.0,0.0,0.0,0.0,0.0,0.0,0.0,16.459433
2024-06-09T07:00,3600,0.0,0.0,0.0,0.0,0.0,0.0,0.0,0.0,44.68149041
2024-06-09T08:00,3600,0.0,0.0,0.0,0.0,0.0,0.0,0.0,0.0,88.31053192
2024-06-09T09:00,3600,0.0,0.0,0.0,0.0,0.0,0.0,0.0,0.0,178.86793113
2024-06-09T10:00,3600,0.0,0.0,0.0,0.0,0.0,0.0,0.0,0.0,279.45816798
2024-06-09T11:00,3600,0.0,0.0,0.0,0.0,0.0,0.0,0.0,0.0,281.40700429
2024-06-09T12:00,3600,0.0,0.0,0.0,0.0,0.0,0.0,0.0,0.0,418.36656514
2024-06-09T13:00,3600,0.0,0.0,0.0,0.0,0.0,0.0,0.0,0.0,472.23917423
2024-06-09T14:00,3600,0.0,0.0,0.0,0.0,0.0,0.0,0.0,0.0,308.97463892
2024-06-09T15:00,3600,0.0,0.0,0.0,0.0,0.0,0.0,0.0,0.0,172.2495768
2024-06-09T16:00,3600,0.0,0.0,0.0,0.0,0.0,0.0,0.0,0.0,120.97478927
2024-06-09T17:00,3600,0.0,0.0,0.0,0.0,0.0,0.0,0.0,0.0,64.81439182
2024-06-09T18:00,3600,0.0,0.0,0.0,0.0,0.0,0.0,0.0,0.0,20.33224077
2024-06-09T19:00,3600,0.0,0.0,0.0,0.0,0.0,0.0,0.0,0.0,0.0
2024-06-09T20:00,3600,0.0,0.0,0.0,0.0,0.0,0.0,0.0,0.0,0.0
2024-06-09T21:00,3600,0.0,0.0,0.0,0.0,0.0,0.0,0.0,0.0,0.0
2024-06-09T22:00,3600,0.0,0.0,0.0,0.0,0.0,0.0,0.0,0.0,0.0
2024-06-09T23:00,3600,0.0,0.0,0.0,0.0,0.0,0.0,0.0,0.0,0.0
2024-06-10T00:00,3600,0.0,0.0,0.0,0.0,0.0,0.0,0.0,0.0,0.0
2024-06-10T01:00,3600,0.0,0.0,0.0,0.0,0.0,0.0,0.0,0.0,0.0
2024-06-10T02:00,3600,0.0,0.0,0.0,0.0,0.0,0.0,0.0,0.0,0.0
2024-06-10T03:00,3600,0.0,0.0,0.0,0.0,0.0,0.0,0.0,0.0,0.0
2024-06-10T04:00,3600,0.0,0.0,0.0,0.0,0.0,0.0,0.0,0.0,0.0
2024-06-10T05:00,3600,0.0,0.0,0.0,0.0,0.0,0.0,0.0,0.0,0.96820194
2024-06-10T06:00,3600,0.0,0.0,0.0,0.0,0.0,0.0,0.0,0.0,28.18110979
2024-06-10T07:00,3600,0.0,0.0,0.0,0.0,0.0,0.0,0.0,0.0,104.52463823
2024-06-10T08:00,3600,0.0,0.0,0.0,0.0,0.0,0.0,0.0,0.0,193.80057528
2024-06-10T09:00,3600,0.0,0.0,0.0,0.0,0.0,0.0,0.0,0.0,373.60874766
2024-06-10T10:00,3600,0.0,0.0,0.0,0.0,0.0,0.0,0.0,0.0,482.97341686
2024-06-10T11:00,3600,0.0,0.0,0.0,0.0,0.0,0.0,0.0,0.0,597.53282104
2024-06-10T12:00,3600,0.0,0.0,0.0,0.0,0.0,0.0,0.0,0.0,637.61137811
2024-06-10T13:00,3600,0.0,0.0,0.0,0.0,0.0,0.0,0.0,0.0,576.00028773
2024-06-10T14:00,3600,0.0,0.0,0.0,0.0,0.0,0.0,0.0,0.0,501.35453746
2024-06-10T15:00,3600,0.0,0.0,0.0,0.0,0.0,0.0,0.0,0.0,230.80976626
2024-06-10T16:00,3600,0.0,0.0,0.0,0.0,0.0,0.0,0.0,0.0,146.93513687
2024-06-10T17:00,3600,0.0,0.0,0.0,0.0,0.0,0.0,0.0,0.0,88.99721602
2024-06-10T18:00,3600,1.0870588235294116,0.0,0.0,1.0870588235294116,0.0,0.0,0.0,0.0,29.10170484
2024-06-10T19:00,3600,1.0870588235294116,0.0,0.0,1.0870588235294116,0.0,0.0,0.0,0.0,0.0
2024-06-10T20:00,3600,1.0870588235294116,0.0,0.0,1.0870588235294116,0.0,0.0,0.0,0.0,0.0
2024-06-10T21:00,3600,1.0870588235294116,0.0,0.0,1.0870588235294116,0.0,0.0,0.0,0.0,0.0
2024-06-10T22:00,3600,1.0870588235294116,0.0,0.0,1.0870588235294116,0.0,0.0,0.0,0.0,0.0
2024-06-10T23:00,3600,1.0870588235294116,0.0,0.0,1.0870588235294116,0.0,0.0,0.0,0.0,0.0
2024-06-11T00:00,3600,0.0,0.0,0.0,0.0,0.0,0.0,0.0,0.0,0.0
2024-06-11T01:00,3600,0.0,0.0,0.0,0.0,0.0,0.0,0.0,0.0,0.0
2024-06-11T02:00,3600,0.0,0.0,0.0,0.0,0.0,0.0,0.0,0.0,0.0
2024-06-11T03:00,3600,0.0,0.0,0.0,0.0,0.0,0.0,0.0,0.0,0.0
2024-06-11T04:00,3600,0.0,0.0,0.0,0.0,0.0,0.0,0.0,0.0,0.0
2024-06-11T05:00,3600,0.0,0.0,0.0,0.0,0.0,0.0,0.0,0.0,1.93640388
2024-06-11T06:00,3600,0.0,0.0,0.0,0.0,0.0,0.0,0.0,0.0,42.51624164
2024-06-11T07:00,3600,0.0,0.0,0.0,0.0,0.0,0.0,0.0,0.0,140.11522655
2024-06-11T08:00,3600,0.0,0.0,0.0,0.0,0.0,0.0,0.0,0.0,207.88934553
2024-06-11T09:00,3600,0.0,0.0,0.0,0.0,0.0,0.0,0.0,0.0,379.87764628
2024-06-11T10:00,3600,0.0,0.0,0.0,0.0,0.0,0.0,0.0,0.0,333.22062738
2024-06-11T11:00,3600,0.0,0.0,0.0,0.0,0.0,0.0,0.0,0.0,246.72681159
2024-06-11T12:00,3600,0.0,0.0,0.0,0.0,0.0,0.0,0.0,0.0,350.73076527
2024-06-11T13:00,3600,0.0,0.0,0.0,0.0,0.0,0.0,0.0,0.0,233.84889124
2024-06-11T14:00,3600,0.0,0.0,0.0,0.0,0.0,0.0,0.0,0.0,295.23026894
2024-06-11T15:00,3600,0.0,0.0,0.0,0.0,0.0,0.0,0.0,0.0,164.2654067
2024-06-11T16:00,3600,0.0,0.0,0.0,0.0,0.0,0.0,0.0,0.0,85.03012653
2024-06-11T17:00,3600,0.0,0.0,0.0,0.0,0.0,0.0,0.0,0.0,54.46079446
2024-06-11T18:00,3600,1.0870588235294116,0.0,0.0,1.0870588235294116,0.0,0.0,0.0,0.0,15.50713009
2024-06-11T19:00,3600,1.0870588235294116,0.0,0.0,1.0870588235294116,0.0,0.0,0.0,0.0,0.0
2024-06-11T20:00,3600,1.0870588235294116,0.0,0.0,1.0870588235294116,0.0,0.0,0.0,0.0,0.0
2024-06-11T21:00,3600,1.0870588235294116,0.0,0.0,1.0870588235294116,0.0,0.0,0.0,0.0,0.0
2024-06-11T22:00,3600,1.0870588235294116,0.0,0.0,1.0870588235294116,0.0,0.0,0.0,0.0,0.0
2024-06-11T23:00,3600,0.9022059741520895,0.0,0.0,0.9022059741520895,0.0,0.0,0.0,0.0,0.0
2024-06-12T00:00,3600,0.0,0.0,0.0,0.0,0.0,0.0,0.0,0.0,0.0
2024-06-12T01:00,3600,0.0,0.0,0.0,0.0,0.0,0.0,0.0,0.0,0.0
2024-06-12T02:00,3600,0.0,0.0,0.0,0.0,0.0,0.0,0.0,0.0,0.0
2024-06-12T03:00,3600,0.0,0.0,0.0,0.0,0.0,0.0,0.0,0.0,0.0
2024-06-12T04:00,3600,0.0,0.0,0.0,0.0,0.0,0.0,0.0,0.0,0.0
2024-06-12T05:00,3600,0.0,0.0,0.0,0.0,0.0,0.0,0.0,0.0,1.93640388
2024-06-12T06:00,3600,0.0,0.0,0.0,0.0,0.0,0.0,0.0,0.0,44.72401079
2024-06-12T07:00,3600,0.0,0.0,0.0,0.0,0.0,0.0,0.0,0.0,118.24575546
2024-06-12T08:00,3600,0.0,0.0,0.0,0.0,0.0,0.0,0.0,0.0,228.1205486
2024-06-12T09:00,3600,0.0,0.0,0.0,0.0,0.0,0.0,0.0,0.0,363.83744227
2024-06-12T10:00,3600,0.0,0.0,0.0,0.0,0.0,0.0,0.0,0.0,542.85800362
2024-06-12T11:00,3600,0.0,0.0,0.0,0.0,0.0,0.0,0.0,0.0,591.51522948
2024-06-12T12:00,3600,0.0,0.0,0.0,0.0,0.0,0.0,0.0,0.0,657.76490972
2024-06-12T13:00,3600,0.0,0.0,0.0,0.0,0.0,0.0,0.0,0.0,549.18084123
2024-06-12T14:00,3600,0.0,0.0,0.0,0.0,0.0,0.0,0.0,0.0,376.07218287
2024-06-12T15:00,3600,0.0,0.0,0.0,0.0,0.0,0.0,0.0,0.0,381.9000616
2024-06-12T16:00,3600,0.0,0.0,0.0,0.0,0.0,0.0,0.0,0.0,285.54463955
2024-06-12T17:00,3600,0.0,0.0,0.0,0.0,0.0,0.0,0.0,0.0,92.38263979
2024-06-12T18:00,3600,1.0870588235294116,0.0,0.0,1.0870588235294116,0.0,0.0,0.0,0.0,12.58662524
2024-06-12T19:00,3600,1.0870588235294116,0.0,0.0,1.0870588235294116,0.0,0.0,0.0,0.0,0.0
2024-06-12T20:00,3600,1.0870588235294116,0.0,0.0,1.0870588235294116,0.0,0.0,0.0,0.0,0.0
2024-06-12T21:00,3600,1.0870588235294116,0.0,0.0,1.0870588235294116,0.0,0.0,0.0,0.0,0.0
2024-06-12T22:00,3600,1.0870588235294116,0.0,0.0,1.0870588235294116,0.0,0.0,0.0,0.0,0.0
2024-06-12T23:00,3600,0.6977596437306306,0.0,0.0,0.6977596437306306,0.0,0.0,0.0,0.0,0.0
2024-06-13T00:00,3600,0.0,0.0,0.0,0.0,0.0,0.0,0.0,0.0,0.0
2024-06-13T01:00,3600,0.0,0.0,0.0,0.0,0.0,0.0,0.0,0.0,0.0
2024-06-13T02:00,3600,0.0,0.0,0.0,0.0,0.0,0.0,0.0,0.0,0.0
2024-06-13T03:00,3600,0.0,0.0,0.0,0.0,0.0,0.0,0.0,0.0,0.0
2024-06-13T04:00,3600,0.0,0.0,0.0,0.0,0.0,0.0,0.0,0.0,0.0
2024-06-13T05:00,3600,0.0,0.0,0.0,0.0,0.0,0.0,0.0,0.0,0.96820194
2024-06-13T06:00,3600,0.0,0.0,0.0,0.0,0.0,0.0,0.0,0.0,38.90472377
2024-06-13T07:00,3600,0.0,0.0,0.0,0.0,0.0,0.0,0.0,0.0,98.03156016
2024-06-13T08:00,3600,0.0,0.0,0.0,0.0,0.0,0.0,0.0,0.0,135.87970391
2024-06-13T09:00,3600,0.0,0.0,0.0,0.0,0.0,0.0,0.0,0.0,200.63656346
2024-06-13T10:00,3600,0.0,0.0,0.0,0.0,0.0,0.0,0.0,0.0,158.78511839
2024-06-13T11:00,3600,0.0,0.0,0.0,0.0,0.0,0.0,0.0,0.0,206.96547646
2024-06-13T12:00,3600,0.0,0.0,0.0,0.0,0.0,0.0,0.0,0.0,239.33227797
2024-06-13T13:00,3600,0.0,0.0,0.0,0.0,0.0,0.0,0.0,0.0,266.23043475
2024-06-13T14:00,3600,0.0,0.0,0.0,0.0,0.0,0.0,0.0,0.0,232.38129078
2024-06-13T15:00,3600,0.0,0.0,0.0,0.0,0.0,0.0,0.0,0.0,259.57417614
2024-06-13T16:00,3600,0.0,0.0,0.0,0.0,0.0,0.0,0.0,0.0,141.00604089
2024-06-13T17:00,3600,0.0,0.0,0.0,0.0,0.0,0.0,0.0,0.0,49.03509188
2024-06-13T18:00,3600,1.0870588235294116,0.0,0.0,1.0870588235294116,0.0,0.0,0.0,0.0,10.65022136
2024-06-13T19:00,3600,1.0870588235294116,0.0,0.0,1.0870588235294116,0.0,0.0,0.0,0.0,0.0
2024-06-13T20:00,3600,1.0870588235294116,0.0,0.0,1.0870588235294116,0.0,0.0,0.0,0.0,0.0
2024-06-13T21:00,3600,0.8386765497781168,0.0,0.0,0.8386765497781168,0.0,0.0,0.0,0.0,0.0
2024-06-13T22:00,3600,0.5234008205882353,0.0,0.0,0.5234008205882353,0.0,0.0,0.0,0.0,0.0
2024-06-13T23:00,3600,0.5182169911764707,0.0,0.0,0.5182169911764707,0.0,0.0,0.0,0.0,0.0
2024-06-14T00:00,3600,0.0,0.0,0.0,0.0,0.0,0.0,0.0,0.0,0.0
2024-06-14T01:00,3600,0.0,0.0,0.0,0.0,0.0,0.0,0.0,0.0,0.0
2024-06-14T02:00,3600,0.0,0.0,0.0,0.0,0.0,0.0,0.0,0.0,0.0
2024-06-14T03:00,3600,0.0,0.0,0.0,0.0,0.0,0.0,0.0,0.0,0.0
2024-06-14T04:00,3600,0.0,0.0,0.0,0.0,0.0,0.0,0.0,0.0,0.0
2024-06-14T05:00,3600,0.0,0.0,0.0,0.0,0.0,0.0,0.0,0.0,0.96820194
2024-06-14T06:00,3600,0.0,0.0,0.0,0.0,0.0,0.0,0.0,0.0,12.58662524
2024-06-14T07:00,3600,0.0,0.0,0.0,0.0,0.0,0.0,0.0,0.0,56.1557126
2024-06-14T08:00,3600,0.0,0.0,0.0,0.0,0.0,0.0,0.0,0.0,122.47946353
2024-06-14T09:00,3600,0.0,0.0,0.0,0.0,0.0,0.0,0.0,0.0,182.9482379
2024-06-14T10:00,3600,0.0,0.0,0.0,0.0,0.0,0.0,0.0,0.0,346.25347226
2024-06-14T11:00,3600,0.0,0.0,0.0,0.0,0.0,0.0,0.0,0.0,439.76882459
2024-06-14T12:00,3600,0.0,0.0,0.0,0.0,0.0,0.0,0.0,0.0,504.17689058
2024-06-14T13:00,3600,0.0,0.0,0.0,0.0,0.0,0.0,0.0,0.0,471.8385436
2024-06-14T14:00,3600,0.0,0.0,0.0,0.0,0.0,0.0,0.0,0.0,259.79696952
2024-06-14T15:00,3600,0.0,0.0,0.0,0.0,0.0,0.0,0.0,0.0,175.06200879
2024-06-14T16:00,3600,0.0,0.0,0.0,0.0,0.0,0.0,0.0,0.0,141.44296451
2024-06-14T17:00,3600,0.0,0.0,0.0,0.0,0.0,0.0,0.0,0.0,74.16838354
2024-06-14T18:00,3600,1.0870588235294116,0.0,0.0,1.0870588235294116,0.0,0.0,0.0,0.0,30.0222097
2024-06-14T19:00,3600,1.0870588235294116,0.0,0.0,1.0870588235294116,0.0,0.0,0.0,0.0,0.0
2024-06-14T20:00,3600,1.0870588235294116,0.0,0.0,1.0870588235294116,0.0,0.0,0.0,0.0,0.0
2024-06-14T21:00,3600,0.9178306268343508,0.0,0.0,0.9178306268343508,0.0,0.0,0.0,0.0,0.0
2024-06-14T22:00,3600,0.4871140147058823,0.0,0.0,0.4871140147058823,0.0,0.0,0.0,0.0,0.0
2024-06-14T23:00,3600,0.48452209999999996,0.0,0.0,0.48452209999999996,0.0,0.0,0.0,0.0,0.0
2024-06-15T00:00,3600,0.0,0.0,0.0,0.0,0.0,0.0,0.0,0.0,0.0
2024-06-15T01:00,3600,0.0,0.0,0.0,0.0,0.0,0.0,0.0,0.0,0.0
2024-06-15T02:00,3600,0.0,0.0,0.0,0.0,0.0,0.0,0.0,0.0,0.0
2024-06-15T03:00,3600,0.0,0.0,0.0,0.0,0.0,0.0,0.0,0.0,0.0
2024-06-15T04:00,3600,0.0,0.0,0.0,0.0,0.0,0.0,0.0,0.0,0.0
2024-06-15T05:00,3600,0.0,0.0,0.0,0.0,0.0,0.0,0.0,0.0,0.0
2024-06-15T06:00,3600,0.0,0.0,0.0,0.0,0.0,0.0,0.0,0.0,17.42763494
2024-06-15T07:00,3600,0.0,0.0,0.0,0.0,0.0,0.0,0.0,0.0,61.99443461
2024-06-15T08:00,3600,0.0,0.0,0.0,0.0,0.0,0.0,0.0,0.0,122.35445336
2024-06-15T09:00,3600,0.0,0.0,0.0,0.0,0.0,0.0,0.0,0.0,201.84205062
2024-06-15T10:00,3600,0.0,0.0,0.0,0.0,0.0,0.0,0.0,0.0,229.03266564
2024-06-15T11:00,3600,0.0,0.0,0.0,0.0,0.0,0.0,0.0,0.0,286.65106201
2024-06-15T12:00,3600,0.0,0.0,0.0,0.0,0.0,0.0,0.0,0.0,427.40432149
2024-06-15T13:00,3600,0.0,0.0,0.0,0.0,0.0,0.0,0.0,0.0,303.0500657
2024-06-15T14:00,3600,0.0,0.0,0.0,0.0,0.0,0.0,0.0,0.0,118.99981143
2024-06-15T15:00,3600,0.0,0.0,0.0,0.0,0.0,0.0,0.0,0.0,30.01426018
2024-06-15T16:00,3600,0.0,0.0,0.0,0.0,0.0,0.0,0.0,0.0,43.56908736
2024-06-15T17:00,3600,0.0,0.0,0.0,0.0,0.0,0.0,0.0,0.0,38.3889435
2024-06-15T18:00,3600,0.0,0.0,0.0,0.0,0.0,0.0,0.0,0.0,22.26864465
2024-06-15T19:00,3600,0.0,0.0,0.0,0.0,0.0,0.0,0.0,0.0,0.0
2024-06-15T20:00,3600,0.0,0.0,0.0,0.0,0.0,0.0,0.0,0.0,0.0
2024-06-15T21:00,3600,0.0,0.0,0.0,0.0,0.0,0.0,0.0,0.0,0.0
2024-06-15T22:00,3600,0.0,0.0,0.0,0.0,0.0,0.0,0.0,0.0,0.0
2024-06-15T23:00,3600,0.0,0.0,0.0,0.0,0.0,0.0,0.0,0.0,0.0
2024-06-16T00:00,3600,0.0,0.0,0.0,0.0,0.0,0.0,0.0,0.0,0.0
2024-06-16T01:00,3600,0.0,0.0,0.0,0.0,0.0,0.0,0.0,0.0,0.0
2024-06-16T02:00,3600,0.0,0.0,0.0,0.0,0.0,0.0,0.0,0.0,0.0
2024-06-16T03:00,3600,0.0,0.0,0.0,0.0,0.0,0.0,0.0,0.0,0.0
2024-06-16T04:00,3600,0.0,0.0,0.0,0.0,0.0,0.0,0.0,0.0,0.0
2024-06-16T05:00,3600,0.0,0.0,0.0,0.0,0.0,0.0,0.0,0.0,0.0
2024-06-16T06:00,3600,0.0,0.0,0.0,0.0,0.0,0.0,0.0,0.0,6.77741359
2024-06-16T07:00,3600,0.0,0.0,0.0,0.0,0.0,0.0,0.0,0.0,8.71381747
2024-06-16T08:00,3600,0.0,0.0,0.0,0.0,0.0,0.0,0.0,0.0,23.23684659
2024-06-16T09:00,3600,0.0,0.0,0.0,0.0,0.0,0.0,0.0,0.0,38.72807766
2024-06-16T10:00,3600,0.0,0.0,0.0,0.0,0.0,0.0,0.0,0.0,92.94738637
2024-06-16T11:00,3600,0.0,0.0,0.0,0.0,0.0,0.0,0.0,0.0,121.92392863
2024-06-16T12:00,3600,0.0,0.0,0.0,0.0,0.0,0.0,0.0,0.0,188.55599959
2024-06-16T13:00,3600,0.0,0.0,0.0,0.0,0.0,0.0,0.0,0.0,267.30067617
2024-06-16T14:00,3600,0.0,0.0,0.0,0.0,0.0,0.0,0.0,0.0,127.70433751
2024-06-16T15:00,3600,0.0,0.0,0.0,0.0,0.0,0.0,0.0,0.0,97.78839608
2024-06-16T16:00,3600,0.0,0.0,0.0,0.0,0.0,0.0,0.0,0.0,89.86185073
2024-06-16T17:00,3600,0.0,0.0,0.0,0.0,0.0,0.0,0.0,0.0,57.73526998
2024-06-16T18:00,3600,0.0,0.0,0.0,0.0,0.0,0.0,0.0,0.0,29.05400776
2024-06-16T19:00,3600,0.0,0.0,0.0,0.0,0.0,0.0,0.0,0.0,0.96820194
2024-06-16T20:00,3600,0.0,0.0,0.0,0.0,0.0,0.0,0.0,0.0,0.0
2024-06-16T21:00,3600,0.0,0.0,0.0,0.0,0.0,0.0,0.0,0.0,0.0
2024-06-16T22:00,3600,0.0,0.0,0.0,0.0,0.0,0.0,0.0,0.0,0.0
2024-06-16T23:00,3600,0.0,0.0,0.0,0.0,0.0,0.0,0.0,0.0,0.0
2024-06-17T00:00,3600,0.0,0.0,0.0,0.0,0.0,0.0,0.0,0.0,0.0
2024-06-17T01:00,3600,0.0,0.0,0.0,0.0,0.0,0.0,0.0,0.0,0.0
2024-06-17T02:00,3600,0.0,0.0,0.0,0.0,0.0,0.0,0.0,0.0,0.0
2024-06-17T03:00,3600,0.0,0.0,0.0,0.0,0.0,0.0,0.0,0.0,0.0
2024-06-17T04:00,3600,0.0,0.0,0.0,0.0,0.0,0.0,0.0,0.0,0.0
2024-06-17T05:00,3600,0.0,0.0,0.0,0.0,0.0,0.0,0.0,0.0,0.96820194
2024-06-17T06:00,3600,0.0,0.0,0.0,0.0,0.0,0.0,0.0,0.0,33.67425187
2024-06-17T07:00,3600,0.0,0.0,0.0,0.0,0.0,0.0,0.0,0.0,115.71309095
2024-06-17T08:00,3600,0.0,0.0,0.0,0.0,0.0,0.0,0.0,0.0,244.11481743
2024-06-17T09:00,3600,0.0,0.0,0.0,0.0,0.0,0.0,0.0,0.0,446.92419392
2024-06-17T10:00,3600,0.0,0.0,0.0,0.0,0.0,0.0,0.0,0.0,568.11648291
2024-06-17T11:00,3600,0.0,0.0,0.0,0.0,0.0,0.0,0.0,0.0,587.70207796
2024-06-17T12:00,3600,0.0,0.0,0.0,0.0,0.0,0.0,0.0,0.0,577.73621042
2024-06-17T13:00,3600,0.0,0.0,0.0,0.0,0.0,0.0,0.0,0.0,374.22366852
2024-06-17T14:00,3600,0.0,0.0,0.0,0.0,0.0,0.0,0.0,0.0,418.8330914
2024-06-17T15:00,3600,0.0,0.0,0.0,0.0,0.0,0.0,0.0,0.0,336.43405589
2024-06-17T16:00,3600,0.0,0.0,0.0,0.0,0.0,0.0,0.0,0.0,231.15322232
2024-06-17T17:00,3600,0.0,0.0,0.0,0.0,0.0,0.0,0.0,0.0,106.38932164
2024-06-17T18:00,3600,1.0870588235294116,0.0,0.0,1.0870588235294116,0.0,0.0,0.0,0.0,27.12555339
2024-06-17T19:00,3600,1.0870588235294116,0.0,0.0,1.0870588235294116,0.0,0.0,0.0,0.0,0.96820194
2024-06-17T20:00,3600,1.0870588235294116,0.0,0.0,1.0870588235294116,0.0,0.0,0.0,0.0,0.0
2024-06-17T21:00,3600,1.0870588235294116,0.0,0.0,1.0870588235294116,0.0,0.0,0.0,0.0,0.0
2024-06-17T22:00,3600,1.0870588235294116,0.0,0.0,1.0870588235294116,0.0,0.0,0.0,0.0,0.0
2024-06-17T23:00,3600,1.0870588235294116,0.0,0.0,1.0870588235294116,0.0,0.0,0.0,0.0,0.0
2024-06-18T00:00,3600,0.0,0.0,0.0,0.0,0.0,0.0,0.0,0.0,0.0
2024-06-18T01:00,3600,0.0,0.0,0.0,0.0,0.0,0.0,0.0,0.0,0.0
2024-06-18T02:00,3600,0.0,0.0,0.0,0.0,0.0,0.0,0.0,0.0,0.0
2024-06-18T03:00,3600,0.0,0.0,0.0,0.0,0.0,0.0,0.0,0.0,0.0
2024-06-18T04:00,3600,0.0,0.0,0.0,0.0,0.0,0.0,0.0,0.0,0.0
2024-06-18T05:00,3600,0.0,0.0,0.0,0.0,0.0,0.0,0.0,0.0,0.96820194
2024-06-18T06:00,3600,0.0,0.0,0.0,0.0,0.0,0.0,0.0,0.0,41.9509729
2024-06-18T07:00,3600,0.0,0.0,0.0,0.0,0.0,0.0,0.0,0.0,142.29069281
2024-06-18T08:00,3600,0.0,0.0,0.0,0.0,0.0,0.0,0.0,0.0,232.38868518
2024-06-18T09:00,3600,0.0,0.0,0.0,0.0,0.0,0.0,0.0,0.0,378.18476922
2024-06-18T10:00,3600,0.0,0.0,0.0,0.0,0.0,0.0,0.0,0.0,472.30717281
2024-06-18T11:00,3600,0.0,0.0,0.0,0.0,0.0,0.0,0.0,0.0,532.83403744
2024-06-18T12:00,3600,0.0,0.0,0.0,0.0,0.0,0.0,0.0,0.0,587.79518491
2024-06-18T13:00,3600,0.0,0.0,0.0,0.0,0.0,0.0,0.0,0.0,462.96922882
2024-06-18T14:00,3600,0.0,0.0,0.0,0.0,0.0,0.0,0.0,0.0,379.41255472
2024-06-18T15:00,3600,0.0,0.0,0.0,0.0,0.0,0.0,0.0,0.0,254.91133783
2024-06-18T16:00,3600,0.0,0.0,0.0,0.0,0.0,0.0,0.0,0.0,146.11032143
2024-06-18T17:00,3600,0.0,0.0,0.0,0.0,0.0,0.0,0.0,0.0,124.7880869
2024-06-18T18:00,3600,1.0870588235294116,0.0,0.0,1.0870588235294116,0.0,0.0,0.0,0.0,34.88706795
2024-06-18T19:00,3600,1.0870588235294116,0.0,0.0,1.0870588235294116,0.0,0.0,0.0,0.0,0.96820194
2024-06-18T20:00,3600,1.0870588235294116,0.0,0.0,1.0870588235294116,0.0,0.0,0.0,0.0,0.0
2024-06-18T21:00,3600,1.0870588235294116,0.0,0.0,1.0870588235294116,0.0,0.0,0.0,0.0,0.0
2024-06-18T22:00,3600,1.0870588235294116,0.0,0.0,1.0870588235294116,0.0,0.0,0.0,0.0,0.0
2024-06-18T23:00,3600,1.0870588235294116,0.0,0.0,1.0870588235294116,0.0,0.0,0.0,0.0,0.0
2024-06-19T00:00,3600,0.0,0.0,0.0,0.0,0.0,0.0,0.0,0.0,0.0
2024-06-19T01:00,3600,0.0,0.0,0.0,0.0,0.0,0.0,0.0,0.0,0.0
2024-06-19T02:00,3600,0.0,0.0,0.0,0.0,0.0,0.0,0.0,0.0,0.0
2024-06-19T03:00,3600,0.0,0.0,0.0,0.0,0.0,0.0,0.0,0.0,0.0
2024-06-19T04:00,3600,0.0,0.0,0.0,0.0,0.0,0.0,0.0,0.0,0.0
2024-06-19T05:00,3600,0.0,0.0,0.0,0.0,0.0,0.0,0.0,0.0,0.96820194
2024-06-19T06:00,3600,0.0,0.0,0.0,0.0,0.0,0.0,0.0,0.0,46.26679178
2024-06-19T07:00,3600,0.0,0.0,0.0,0.0,0.0,0.0,0.0,0.0,174.21869498
2024-06-19T08:00,3600,0.0,0.0,0.0,0.0,0.0,0.0,0.0,0.0,267.59115582
2024-06-19T09:00,3600,0.0,0.0,0.0,0.0,0.0,0.0,0.0,0.0,467.03515313
2024-06-19T10:00,3600,0.0,0.0,0.0,0.0,0.0,0.0,0.0,0.0,595.02409478
2024-06-19T11:00,3600,0.0,0.0,0.0,0.0,0.0,0.0,0.0,0.0,691.40437648
2024-06-19T12:00,3600,0.0,0.0,0.0,0.0,0.0,0.0,0.0,0.0,564.27781184
2024-06-19T13:00,3600,0.0,0.0,0.0,0.0,0.0,0.0,0.0,0.0,647.53582231
2024-06-19T14:00,3600,0.0,0.0,0.0,0.0,0.0,0.0,0.0,0.0,503.5486424
2024-06-19T15:00,3600,0.0,0.0,0.0,0.0,0.0,0.0,0.0,0.0,338.50410737
2024-06-19T16:00,3600,0.0,0.0,0.0,0.0,0.0,0.0,0.0,0.0,253.3200335
2024-06-19T17:00,3600,0.0,0.0,0.0,0.0,0.0,0.0,0.0,0.0,125.37246548
2024-06-19T18:00,3600,1.0870588235294116,0.0,0.0,1.0870588235294116,0.0,0.0,0.0,0.0,36.83937086
2024-06-19T19:00,3600,1.0870588235294116,0.0,0.0,1.0870588235294116,0.0,0.0,0.0,0.0,0.96820194
2024-06-19T20:00,3600,1.0870588235294116,0.0,0.0,1.0870588235294116,0.0,0.0,0.0,0.0,0.0
2024-06-19T21:00,3600,1.0870588235294116,0.0,0.0,1.0870588235294116,0.0,0.0,0.0,0.0,0.0
2024-06-19T22:00,3600,1.0870588235294116,0.0,0.0,1.0870588235294116,0.0,0.0,0.0,0.0,0.0
2024-06-19T23:00,3600,1.0870588235294116,0.0,0.0,1.0870588235294116,0.0,0.0,0.0,0.0,0.0
2024-06-20T00:00,3600,0.0,0.0,0.0,0.0,0.0,0.0,0.0,0.0,0.0
2024-06-20T01:00,3600,0.0,0.0,0.0,0.0,0.0,0.0,0.0,0.0,0.0
2024-06-20T02:00,3600,0.0,0.0,0.0,0.0,0.0,0.0,0.0,0.0,0.0
2024-06-20T03:00,3600,0.0,0.0,0.0,0.0,0.0,0.0,0.0,0.0,0.0
2024-06-20T04:00,3600,0.0,0.0,0.0,0.0,0.0,0.0,0.0,0.0,0.0
2024-06-20T05:00,3600,0.0,0.0,0.0,0.0,0.0,0.0,0.0,0.0,1.93640388
2024-06-20T06:00,3600,0.0,0.0,0.0,0.0,0.0,0.0,0.0,0.0,36.51763206
2024-06-20T07:00,3600,0.0,0.0,0.0,0.0,0.0,0.0,0.0,0.0,155.07297288
2024-06-20T08:00,3600,0.0,0.0,0.0,0.0,0.0,0.0,0.0,0.0,293.82803853
2024-06-20T09:00,3600,0.0,0.0,0.0,0.0,0.0,0.0,0.0,0.0,451.61751586
2024-06-20T10:00,3600,0.0,0.0,0.0,0.0,0.0,0.0,0.0,0.0,543.32605134
2024-06-20T11:00,3600,0.0,0.0,0.0,0.0,0.0,0.0,0.0,0.0,714.27243603
2024-06-20T12:00,3600,0.0,0.0,0.0,0.0,0.0,0.0,0.0,0.0,569.21108922
2024-06-20T13:00,3600,0.0,0.0,0.0,0.0,0.0,0.0,0.0,0.0,580.92790869
2024-06-20T14:00,3600,0.0,0.0,0.0,0.0,0.0,0.0,0.0,0.0,550.04794884
2024-06-20T15:00,3600,0.0,0.0,0.0,0.0,0.0,0.0,0.0,0.0,469.4056992
2024-06-20T16:00,3600,0.0,0.0,0.0,0.0,0.0,0.0,0.0,0.0,337.2776409
2024-06-20T17:00,3600,0.0,0.0,0.0,0.0,0.0,0.0,0.0,0.0,189.75344573
2024-06-20T18:00,3600,1.0762917647058825,0.0,0.0,1.0762917647058825,0.0,0.0,0.0,0.0,41.89501746
2024-06-20T19:00,3600,1.0812611764705882,0.0,0.0,1.0812611764705882,0.0,0.0,0.0,0.0,0.96820194
2024-06-20T20:00,3600,1.086230588235294,0.0,0.0,1.086230588235294,0.0,0.0,0.0,0.0,0.0
2024-06-20T21:00,3600,1.0870588235294116,0.0,0.0,1.0870588235294116,0.0,0.0,0.0,0.0,0.0
2024-06-20T22:00,3600,1.0870588235294116,0.0,0.0,1.0870588235294116,0.0,0.0,0.0,0.0,0.0
2024-06-20T23:00,3600,1.0870588235294116,0.0,0.0,1.0870588235294116,0.0,0.0,0.0,0.0,0.0
2024-06-21T00:00,3600,0.0,0.0,0.0,0.0,0.0,0.0,0.0,0.0,0.0
2024-06-21T01:00,3600,0.0,0.0,0.0,0.0,0.0,0.0,0.0,0.0,0.0
2024-06-21T02:00,3600,0.0,0.0,0.0,0.0,0.0,0.0,0.0,0.0,0.0
2024-06-21T03:00,3600,0.0,0.0,0.0,0.0,0.0,0.0,0.0,0.0,0.0
2024-06-21T04:00,3600,0.0,0.0,0.0,0.0,0.0,0.0,0.0,0.0,0.0
2024-06-21T05:00,3600,0.0,0.0,0.0,0.0,0.0,0.0,0.0,0.0,1.93640388
2024-06-21T06:00,3600,0.0,0.0,0.0,0.0,0.0,0.0,0.0,0.0,50.63214008
2024-06-21T07:00,3600,0.0,0.0,0.0,0.0,0.0,0.0,0.0,0.0,199.10832239
2024-06-21T08:00,3600,0.0,0.0,0.0,0.0,0.0,0.0,0.0,0.0,322.70425179
2024-06-21T09:00,3600,0.0,0.0,0.0,0.0,0.0,0.0,0.0,0.0,478.79406694
2024-06-21T10:00,3600,0.0,0.0,0.0,0.0,0.0,0.0,0.0,0.0,525.89033624
2024-06-21T11:00,3600,0.0,0.0,0.0,0.0,0.0,0.0,0.0,0.0,755.13745816
2024-06-21T12:00,3600,0.0,0.0,0.0,0.0,0.0,0.0,0.0,0.0,753.12646161
2024-06-21T13:00,3600,0.0,0.0,0.0,0.0,0.0,0.0,0.0,0.0,737.37980237
2024-06-21T14:00,3600,0.0,0.0,0.0,0.0,0.0,0.0,0.0,0.0,693.06679307
2024-06-21T15:00,3600,0.0,0.0,0.0,0.0,0.0,0.0,0.0,0.0,545.07451842
2024-06-21T16:00,3600,0.0,0.0,0.0,0.0,0.0,0.0,0.0,0.0,340.68181756
2024-06-21T17:00,3600,0.0,0.0,0.0,0.0,0.0,0.0,0.0,0.0,179.24678747
2024-06-21T18:00,3600,1.0738070588235296,0.0,0.0,1.0738070588235296,0.0,0.0,0.0,0.0,43.83937086
2024-06-21T19:00,3600,1.0787764705882352,0.0,0.0,1.0787764705882352,0.0,0.0,0.0,0.0,0.96820194
2024-06-21T20:00,3600,1.0825035294117646,0.0,0.0,1.0825035294117646,0.0,0.0,0.0,0.0,0.0
2024-06-21T21:00,3600,1.086230588235294,0.0,0.0,1.086230588235294,0.0,0.0,0.0,0.0,0.0
2024-06-21T22:00,3600,1.0870588235294116,0.0,0.0,1.0870588235294116,0.0,0.0,0.0,0.0,0.0
2024-06-21T23:00,3600,1.0870588235294116,0.0,0.0,1.0870588235294116,0.0,0.0,0.0,0.0,0.0
2024-06-22T00:00,3600,0.0,0.0,0.0,0.0,0.0,0.0,0.0,0.0,0.0
2024-06-22T01:00,3600,0.0,0.0,0.0,0.0,0.0,0.0,0.0,0.0,0.0
2024-06-22T02:00,3600,0.0,0.0,0.0,0.0,0.0,0.0,0.0,0.0,0.0
2024-06-22T03:00,3600,0.0,0.0,0.0,0.0,0.0,0.0,0.0,0.0,0.0
2024-06-22T04:00,3600,0.0,0.0,0.0,0.0,0.0,0.0,0.0,0.0,0.0
2024-06-22T05:00,3600,0.0,0.0,0.0,0.0,0.0,0.0,0.0,0.0,1.93640388
2024-06-22T06:00,3600,0.0,0.0,0.0,0.0,0.0,0.0,0.0,0.0,42.79467386
2024-06-22T07:00,3600,0.0,0.0,0.0,0.0,0.0,0.0,0.0,0.0,172.89519996
2024-06-22T08:00,3600,0.0,0.0,0.0,0.0,0.0,0.0,0.0,0.0,347.63520898
2024-06-22T09:00,3600,0.0,0.0,0.0,0.0,0.0,0.0,0.0,0.0,552.91003694
2024-06-22T10:00,3600,0.0,0.0,0.0,0.0,0.0,0.0,0.0,0.0,597.97762922
2024-06-22T11:00,3600,0.0,0.0,0.0,0.0,0.0,0.0,0.0,0.0,582.43717933
2024-06-22T12:00,3600,0.0,0.0,0.0,0.0,0.0,0.0,0.0,0.0,609.84040152
2024-06-22T13:00,3600,0.0,0.0,0.0,0.0,0.0,0.0,0.0,0.0,664.0348536
2024-06-22T14:00,3600,0.0,0.0,0.0,0.0,0.0,0.0,0.0,0.0,488.45684883
2024-06-22T15:00,3600,0.0,0.0,0.0,0.0,0.0,0.0,0.0,0.0,416.42631482
2024-06-22T16:00,3600,0.0,0.0,0.0,0.0,0.0,0.0,0.0,0.0,228.53042259
2024-06-22T17:00,3600,0.0,0.0,0.0,0.0,0.0,0.0,0.0,0.0,171.46478426
2024-06-22T18:00,3600,0.0,0.0,0.0,0.0,0.0,0.0,0.0,0.0,48.56908736
2024-06-22T19:00,3600,0.0,0.0,0.0,0.0,0.0,0.0,0.0,0.0,0.96820194
2024-06-22T20:00,3600,0.0,0.0,0.0,0.0,0.0,0.0,0.0,0.0,0.0
2024-06-22T21:00,3600,0.0,0.0,0.0,0.0,0.0,0.0,0.0,0.0,0.0
2024-06-22T22:00,3600,0.0,0.0,0.0,0.0,0.0,0.0,0.0,0.0,0.0
2024-06-22T23:00,3600,0.0,0.0,0.0,0.0,0.0,0.0,0.0,0.0,0.0
2024-06-23T00:00,3600,0.0,0.0,0.0,0.0,0.0,0.0,0.0,0.0,0.0
2024-06-23T01:00,3600,0.0,0.0,0.0,0.0,0.0,0.0,0.0,0.0,0.0
2024-06-23T02:00,3600,0.0,0.0,0.0,0.0,0.0,0.0,0.0,0.0,0.0
2024-06-23T03:00,3600,0.0,0.0,0.0,0.0,0.0,0.0,0.0,0.0,0.0
2024-06-23T04:00,3600,0.0,0.0,0.0,0.0,0.0,0.0,0.0,0.0,0.0
2024-06-23T05:00,3600,0.0,0.0,0.0,0.0,0.0,0.0,0.0,0.0,0.96820194
2024-06-23T06:00,3600,0.0,0.0,0.0,0.0,0.0,0.0,0.0,0.0,39.59801742
2024-06-23T07:00,3600,0.0,0.0,0.0,0.0,0.0,0.0,0.0,0.0,174.7208302
2024-06-23T08:00,3600,0.0,0.0,0.0,0.0,0.0,0.0,0.0,0.0,337.57205884
2024-06-23T09:00,3600,0.0,0.0,0.0,0.0,0.0,0.0,0.0,0.0,505.14493991
2024-06-23T10:00,3600,0.0,0.0,0.0,0.0,0.0,0.0,0.0,0.0,595.64170219
2024-06-23T11:00,3600,0.0,0.0,0.0,0.0,0.0,0.0,0.0,0.0,780.77532836
2024-06-23T12:00,3600,0.0,0.0,0.0,0.0,0.0,0.0,0.0,0.0,641.26749827
2024-06-23T13:00,3600,0.0,0.0,0.0,0.0,0.0,0.0,0.0,0.0,522.64321709
2024-06-23T14:00,3600,0.0,0.0,0.0,0.0,0.0,0.0,0.0,0.0,387.75786928
2024-06-23T15:00,3600,0.0,0.0,0.0,0.0,0.0,0.0,0.0,0.0,376.32184736
2024-06-23T16:00,3600,0.0,0.0,0.0,0.0,0.0,0.0,0.0,0.0,344.52926298
2024-06-23T17:00,3600,0.0,0.0,0.0,0.0,0.0,0.0,0.0,0.0,159.2976556
2024-06-23T18:00,3600,0.0,0.0,0.0,0.0,0.0,0.0,0.0,0.0,49.54523882
2024-06-23T19:00,3600,0.0,0.0,0.0,0.0,0.0,0.0,0.0,0.0,0.96820194
2024-06-23T20:00,3600,0.0,0.0,0.0,0.0,0.0,0.0,0.0,0.0,0.0
2024-06-23T21:00,3600,0.0,0.0,0.0,0.0,0.0,0.0,0.0,0.0,0.0
2024-06-23T22:00,3600,0.0,0.0,0.0,0.0,0.0,0.0,0.0,0.0,0.0
2024-06-23T23:00,3600,0.0,0.0,0.0,0.0,0.0,0.0,0.0,0.0,0.0
2024-06-24T00:00,3600,0.0,0.0,0.0,0.0,0.0,0.0,0.0,0.0,0.0
2024-06-24T01:00,3600,0.0,0.0,0.0,0.0,0.0,0.0,0.0,0.0,0.0
2024-06-24T02:00,3600,0.0,0.0,0.0,0.0,0.0,0.0,0.0,0.0,0.0
2024-06-24T03:00,3600,0.0,0.0,0.0,0.0,0.0,0.0,0.0,0.0,0.0
2024-06-24T04:00,3600,0.0,0.0,0.0,0.0,0.0,0.0,0.0,0.0,0.0
2024-06-24T05:00,3600,0.0,0.0,0.0,0.0,0.0,0.0,0.0,0.0,0.96820194
2024-06-24T06:00,3600,0.0,0.0,0.0,0.0,0.0,0.0,0.0,0.0,39.18461276
2024-06-24T07:00,3600,0.0,0.0,0.0,0.0,0.0,0.0,0.0,0.0,96.94096109
2024-06-24T08:00,3600,0.0,0.0,0.0,0.0,0.0,0.0,0.0,0.0,157.47181496
2024-06-24T09:00,3600,0.0,0.0,0.0,0.0,0.0,0.0,0.0,0.0,283.82350062
2024-06-24T10:00,3600,0.0,0.0,0.0,0.0,0.0,0.0,0.0,0.0,446.0398561
2024-06-24T11:00,3600,0.0,0.0,0.0,0.0,0.0,0.0,0.0,0.0,603.36781795
2024-06-24T12:00,3600,0.0,0.0,0.0,0.0,0.0,0.0,0.0,0.0,800.14833689
2024-06-24T13:00,3600,0.0,0.0,0.0,0.0,0.0,0.0,0.0,0.0,394.11650868
2024-06-24T14:00,3600,0.0,0.0,0.0,0.0,0.0,0.0,0.0,0.0,450.16902847
2024-06-24T15:00,3600,0.0,0.0,0.0,0.0,0.0,0.0,0.0,0.0,341.82114221
2024-06-24T16:00,3600,0.0,0.0,0.0,0.0,0.0,0.0,0.0,0.0,173.94806877
2024-06-24T17:00,3600,0.0,0.0,0.0,0.0,0.0,0.0,0.0,0.0,81.00597018
2024-06-24T18:00,3600,1.0870588235294116,0.0,0.0,1.0870588235294116,0.0,0.0,0.0,0.0,22.28454368
2024-06-24T19:00,3600,1.0870588235294116,0.0,0.0,1.0870588235294116,0.0,0.0,0.0,0.0,0.96820194
2024-06-24T20:00,3600,1.0870588235294116,0.0,0.0,1.0870588235294116,0.0,0.0,0.0,0.0,0.0
2024-06-24T21:00,3600,1.0870588235294116,0.0,0.0,1.0870588235294116,0.0,0.0,0.0,0.0,0.0
2024-06-24T22:00,3600,1.0870588235294116,0.0,0.0,1.0870588235294116,0.0,0.0,0.0,0.0,0.0
2024-06-24T23:00,3600,1.0870588235294116,0.0,0.0,1.0870588235294116,0.0,0.0,0.0,0.0,0.0
2024-06-25T00:00,3600,0.0,0.0,0.0,0.0,0.0,0.0,0.0,0.0,0.0
2024-06-25T01:00,3600,0.0,0.0,0.0,0.0,0.0,0.0,0.0,0.0,0.0
2024-06-25T02:00,3600,0.0,0.0,0.0,0.0,0.0,0.0,0.0,0.0,0.0
2024-06-25T03:00,3600,0.0,0.0,0.0,0.0,0.0,0.0,0.0,0.0,0.0
2024-06-25T04:00,3600,0.0,0.0,0.0,0.0,0.0,0.0,0.0,0.0,0.0
2024-06-25T05:00,3600,0.0,0.0,0.0,0.0,0.0,0.0,0.0,0.0,0.0
2024-06-25T06:00,3600,0.0,0.0,0.0,0.0,0.0,0.0,0.0,0.0,22.26864465
2024-06-25T07:00,3600,0.0,0.0,0.0,0.0,0.0,0.0,0.0,0.0,59.07221692
2024-06-25T08:00,3600,0.0,0.0,0.0,0.0,0.0,0.0,0.0,0.0,146.33653311
2024-06-25T09:00,3600,0.0,0.0,0.0,0.0,0.0,0.0,0.0,0.0,194.56111364
2024-06-25T10:00,3600,0.0,0.0,0.0,0.0,0.0,0.0,0.0,0.0,352.14891784
2024-06-25T11:00,3600,0.0,0.0,0.0,0.0,0.0,0.0,0.0,0.0,525.70819691
2024-06-25T12:00,3600,0.0,0.0,0.0,0.0,0.0,0.0,0.0,0.0,580.80123372
2024-06-25T13:00,3600,0.0,0.0,0.0,0.0,0.0,0.0,0.0,0.0,416.30887351
2024-06-25T14:00,3600,0.0,0.0,0.0,0.0,0.0,0.0,0.0,0.0,478.61350497
2024-06-25T15:00,3600,0.0,0.0,0.0,0.0,0.0,0.0,0.0,0.0,428.73495277
2024-06-25T16:00,3600,0.0,0.0,0.0,0.0,0.0,0.0,0.0,0.0,322.13095696
2024-06-25T17:00,3600,0.0,0.0,0.0,0.0,0.0,0.0,0.0,0.0,163.3995366
2024-06-25T18:00,3600,1.0870588235294116,0.0,0.0,1.0870588235294116,0.0,0.0,0.0,0.0,38.84235086
2024-06-25T19:00,3600,1.0870588235294116,0.0,0.0,1.0870588235294116,0.0,0.0,0.0,0.0,0.96820194
2024-06-25T20:00,3600,1.0870588235294116,0.0,0.0,1.0870588235294116,0.0,0.0,0.0,0.0,0.0
2024-06-25T21:00,3600,1.0870588235294116,0.0,0.0,1.0870588235294116,0.0,0.0,0.0,0.0,0.0
2024-06-25T22:00,3600,1.0870588235294116,0.0,0.0,1.0870588235294116,0.0,0.0,0.0,0.0,0.0
2024-06-25T23:00,3600,1.0870588235294116,0.0,0.0,1.0870588235294116,0.0,0.0,0.0,0.0,0.0
2024-06-26T00:00,3600,0.0,0.0,0.0,0.0,0.0,0.0,0.0,0.0,0.0
2024-06-26T01:00,3600,0.0,0.0,0.0,0.0,0.0,0.0,0.0,0.0,0.0
2024-06-26T02:00,3600,0.0,0.0,0.0,0.0,0.0,0.0,0.0,0.0,0.0
2024-06-26T03:00,3600,0.0,0.0,0.0,0.0,0.0,0.0,0.0,0.0,0.0
2024-06-26T04:00,3600,0.0,0.0,0.0,0.0,0.0,0.0,0.0,0.0,0.0
2024-06-26T05:00,3600,0.0,0.0,0.0,0.0,0.0,0.0,0.0,0.0,0.96820194
2024-06-26T06:00,3600,0.0,0.0,0.0,0.0,0.0,0.0,0.0,0.0,33.05156455
2024-06-26T07:00,3600,0.0,0.0,0.0,0.0,0.0,0.0,0.0,0.0,114.28286126
2024-06-26T08:00,3600,0.0,0.0,0.0,0.0,0.0,0.0,0.0,0.0,238.63907724
2024-06-26T09:00,3600,0.0,0.0,0.0,0.0,0.0,0.0,0.0,0.0,355.43770407
2024-06-26T10:00,3600,0.0,0.0,0.0,0.0,0.0,0.0,0.0,0.0,470.06672605
2024-06-26T11:00,3600,0.0,0.0,0.0,0.0,0.0,0.0,0.0,0.0,461.11508855
2024-06-26T12:00,3600,0.0,0.0,0.0,0.0,0.0,0.0,0.0,0.0,537.8462965
2024-06-26T13:00,3600,0.0,0.0,0.0,0.0,0.0,0.0,0.0,0.0,336.63381496
2024-06-26T14:00,3600,0.0,0.0,0.0,0.0,0.0,0.0,0.0,0.0,507.22031138
2024-06-26T15:00,3600,0.0,0.0,0.0,0.0,0.0,0.0,0.0,0.0,382.46591795
2024-06-26T16:00,3600,0.0,0.0,0.0,0.0,0.0,0.0,0.0,0.0,266.38981041
2024-06-26T17:00,3600,0.0,0.0,0.0,0.0,0.0,0.0,0.0,0.0,153.51012573
2024-06-26T18:00,3600,1.0870588235294116,0.0,0.0,1.0870588235294116,0.0,0.0,0.0,0.0,36.32816482
2024-06-26T19:00,3600,1.0870588235294116,0.0,0.0,1.0870588235294116,0.0,0.0,0.0,0.0,0.96820194
2024-06-26T20:00,3600,1.0870588235294116,0.0,0.0,1.0870588235294116,0.0,0.0,0.0,0.0,0.0
2024-06-26T21:00,3600,1.0870588235294116,0.0,0.0,1.0870588235294116,0.0,0.0,0.0,0.0,0.0
2024-06-26T22:00,3600,1.0870588235294116,0.0,0.0,1.0870588235294116,0.0,0.0,0.0,0.0,0.0
2024-06-26T23:00,3600,1.0870588235294116,0.0,0.0,1.0870588235294116,0.0,0.0,0.0,0.0,0.0
2024-06-27T00:00,3600,0.0,0.0,0.0,0.0,0.0,0.0,0.0,0.0,0.0
2024-06-27T01:00,3600,0.0,0.0,0.0,0.0,0.0,0.0,0.0,0.0,0.0
2024-06-27T02:00,3600,0.0,0.0,0.0,0.0,0.0,0.0,0.0,0.0,0.0
2024-06-27T03:00,3600,0.0,0.0,0.0,0.0,0.0,0.0,0.0,0.0,0.0
2024-06-27T04:00,3600,0.0,0.0,0.0,0.0,0.0,0.0,0.0,0.0,0.0
2024-06-27T05:00,3600,0.0,0.0,0.0,0.0,0.0,0.0,0.0,0.0,0.96820194
2024-06-27T06:00,3600,0.0,0.0,0.0,0.0,0.0,0.0,0.0,0.0,35.3609063
2024-06-27T07:00,3600,0.0,0.0,0.0,0.0,0.0,0.0,0.0,0.0,131.79374261
2024-06-27T08:00,3600,0.0,0.0,0.0,0.0,0.0,0.0,0.0,0.0,260.91072311
2024-06-27T09:00,3600,0.0,0.0,0.0,0.0,0.0,0.0,0.0,0.0,421.59394789
2024-06-27T10:00,3600,0.0,0.0,0.0,0.0,0.0,0.0,0.0,0.0,639.63402359
2024-06-27T11:00,3600,0.0,0.0,0.0,0.0,0.0,0.0,0.0,0.0,728.48576156
2024-06-27T12:00,3600,0.0,0.0,0.0,0.0,0.0,0.0,0.0,0.0,754.44259837
2024-06-27T13:00,3600,0.0,0.0,0.0,0.0,0.0,0.0,0.0,0.0,777.9005065
2024-06-27T14:00,3600,0.0,0.0,0.0,0.0,0.0,0.0,0.0,0.0,624.07811997
2024-06-27T15:00,3600,0.0,0.0,0.0,0.0,0.0,0.0,0.0,0.0,521.20071423
2024-06-27T16:00,3600,0.0,0.0,0.0,0.0,0.0,0.0,0.0,0.0,303.33606295
2024-06-27T17:00,3600,0.0,0.0,0.0,0.0,0.0,0.0,0.0,0.0,131.96308309
2024-06-27T18:00,3600,1.0870588235294116,0.0,0.0,1.0870588235294116,0.0,0.0,0.0,0.0,38.41135603
2024-06-27T19:00,3600,1.0870588235294116,0.0,0.0,1.0870588235294116,0.0,0.0,0.0,0.0,0.96820194
2024-06-27T20:00,3600,1.0870588235294116,0.0,0.0,1.0870588235294116,0.0,0.0,0.0,0.0,0.0
2024-06-27T21:00,3600,1.0870588235294116,0.0,0.0,1.0870588235294116,0.0,0.0,0.0,0.0,0.0
2024-06-27T22:00,3600,1.0870588235294116,0.0,0.0,1.0870588235294116,0.0,0.0,0.0,0.0,0.0
2024-06-27T23:00,3600,1.0870588235294116,0.0,0.0,1.0870588235294116,0.0,0.0,0.0,0.0,0.0
2024-06-28T00:00,3600,0.0,0.0,0.0,0.0,0.0,0.0,0.0,0.0,0.0
2024-06-28T01:00,3600,0.0,0.0,0.0,0.0,0.0,0.0,0.0,0.0,0.0
2024-06-28T02:00,3600,0.0,0.0,0.0,0.0,0.0,0.0,0.0,0.0,0.0
2024-06-28T03:00,3600,0.0,0.0,0.0,0.0,0.0,0.0,0.0,0.0,0.0
2024-06-28T04:00,3600,0.0,0.0,0.0,0.0,0.0,0.0,0.0,0.0,0.0
2024-06-28T05:00,3600,0.0,0.0,0.0,0.0,0.0,0.0,0.0,0.0,0.96820194
2024-06-28T06:00,3600,0.0,0.0,0.0,0.0,0.0,0.0,0.0,0.0,36.95390101
2024-06-28T07:00,3600,0.0,0.0,0.0,0.0,0.0,0.0,0.0,0.0,118.52948888
2024-06-28T08:00,3600,0.0,0.0,0.0,0.0,0.0,0.0,0.0,0.0,302.55005813
2024-06-28T09:00,3600,0.0,0.0,0.0,0.0,0.0,0.0,0.0,0.0,411.44310122
2024-06-28T10:00,3600,0.0,0.0,0.0,0.0,0.0,0.0,0.0,0.0,667.43241291
2024-06-28T11:00,3600,0.0,0.0,0.0,0.0,0.0,0.0,0.0,0.0,495.28384828
2024-06-28T12:00,3600,0.0,0.0,0.0,0.0,0.0,0.0,0.0,0.0,781.8241649
2024-06-28T13:00,3600,0.0,0.0,0.0,0.0,0.0,0.0,0.0,0.0,705.91917339
2024-06-28T14:00,3600,0.0,0.0,0.0,0.0,0.0,0.0,0.0,0.0,603.89340486
2024-06-28T15:00,3600,0.0,0.0,0.0,0.0,0.0,0.0,0.0,0.0,454.36458489
2024-06-28T16:00,3600,0.0,0.0,0.0,0.0,0.0,0.0,0.0,0.0,347.63058843
2024-06-28T17:00,3600,0.0,0.0,0.0,0.0,0.0,0.0,0.0,0.0,188.30275597
2024-06-28T18:00,3600,1.0688376470588234,0.0,0.0,1.0688376470588234,0.0,0.0,0.0,0.0,41.74372678
2024-06-28T19:00,3600,1.0762917647058825,0.0,0.0,1.0762917647058825,0.0,0.0,0.0,0.0,0.96820194
2024-06-28T20:00,3600,1.0812611764705882,0.0,0.0,1.0812611764705882,0.0,0.0,0.0,0.0,0.0
2024-06-28T21:00,3600,1.086230588235294,0.0,0.0,1.086230588235294,0.0,0.0,0.0,0.0,0.0
2024-06-28T22:00,3600,1.0870588235294116,0.0,0.0,1.0870588235294116,0.0,0.0,0.0,0.0,0.0
2024-06-28T23:00,3600,1.0870588235294116,0.0,0.0,1.0870588235294116,0.0,0.0,0.0,0.0,0.0
2024-06-29T00:00,3600,0.0,0.0,0.0,0.0,0.0,0.0,0.0,0.0,0.0
2024-06-29T01:00,3600,0.0,0.0,0.0,0.0,0.0,0.0,0.0,0.0,0.0
2024-06-29T02:00,3600,0.0,0.0,0.0,0.0,0.0,0.0,0.0,0.0,0.0
2024-06-29T03:00,3600,0.0,0.0,0.0,0.0,0.0,0.0,0.0,0.0,0.0
2024-06-29T04:00,3600,0.0,0.0,0.0,0.0,0.0,0.0,0.0,0.0,0.0
2024-06-29T05:00,3600,0.0,0.0,0.0,0.0,0.0,0.0,0.0,0.0,0.96820194
2024-06-29T06:00,3600,0.0,0.0,0.0,0.0,0.0,0.0,0.0,0.0,38.00631067
2024-06-29T07:00,3600,0.0,0.0,0.0,0.0,0.0,0.0,0.0,0.0,190.98846273
2024-06-29T08:00,3600,0.0,0.0,0.0,0.0,0.0,0.0,0.0,0.0,350.66898183
2024-06-29T09:00,3600,0.0,0.0,0.0,0.0,0.0,0.0,0.0,0.0,522.85686285
2024-06-29T10:00,3600,0.0,0.0,0.0,0.0,0.0,0.0,0.0,0.0,644.78557493
2024-06-29T11:00,3600,0.0,0.0,0.0,0.0,0.0,0.0,0.0,0.0,675.34219806
2024-06-29T12:00,3600,0.0,0.0,0.0,0.0,0.0,0.0,0.0,0.0,612.78299293
2024-06-29T13:00,3600,0.0,0.0,0.0,0.0,0.0,0.0,0.0,0.0,704.18852537
2024-06-29T14:00,3600,0.0,0.0,0.0,0.0,0.0,0.0,0.0,0.0,663.79083196
2024-06-29T15:00,3600,0.0,0.0,0.0,0.0,0.0,0.0,0.0,0.0,487.93656685
2024-06-29T16:00,3600,0.0,0.0,0.0,0.0,0.0,0.0,0.0,0.0,294.64567015
2024-06-29T17:00,3600,0.0,0.0,0.0,0.0,0.0,0.0,0.0,0.0,179.37127995
2024-06-29T18:00,3600,0.0,0.0,0.0,0.0,0.0,0.0,0.0,0.0,43.87177545
2024-06-29T19:00,3600,0.0,0.0,0.0,0.0,0.0,0.0,0.0,0.0,1.93640388
2024-06-29T20:00,3600,0.0,0.0,0.0,0.0,0.0,0.0,0.0,0.0,0.0
2024-06-29T21:00,3600,0.0,0.0,0.0,0.0,0.0,0.0,0.0,0.0,0.0
2024-06-29T22:00,3600,0.0,0.0,0.0,0.0,0.0,0.0,0.0,0.0,0.0
2024-06-29T23:00,3600,0.0,0.0,0.0,0.0,0.0,0.0,0.0,0.0,0.0
2024-06-30T00:00,3600,0.0,0.0,0.0,0.0,0.0,0.0,0.0,0.0,0.0
2024-06-30T01:00,3600,0.0,0.0,0.0,0.0,0.0,0.0,0.0,0.0,0.0
2024-06-30T02:00,3600,0.0,0.0,0.0,0.0,0.0,0.0,0.0,0.0,0.0
2024-06-30T03:00,3600,0.0,0.0,0.0,0.0,0.0,0.0,0.0,0.0,0.0
2024-06-30T04:00,3600,0.0,0.0,0.0,0.0,0.0,0.0,0.0,0.0,0.0
2024-06-30T05:00,3600,0.0,0.0,0.0,0.0,0.0,0.0,0.0,0.0,0.96820194
2024-06-30T06:00,3600,0.0,0.0,0.0,0.0,0.0,0.0,0.0,0.0,40.76782523
2024-06-30T07:00,3600,0.0,0.0,0.0,0.0,0.0,0.0,0.0,0.0,139.50612581
2024-06-30T08:00,3600,0.0,0.0,0.0,0.0,0.0,0.0,0.0,0.0,316.04225106
2024-06-30T09:00,3600,0.0,0.0,0.0,0.0,0.0,0.0,0.0,0.0,480.13535653
2024-06-30T10:00,3600,0.0,0.0,0.0,0.0,0.0,0.0,0.0,0.0,539.20305923
2024-06-30T11:00,3600,0.0,0.0,0.0,0.0,0.0,0.0,0.0,0.0,705.59576081
2024-06-30T12:00,3600,0.0,0.0,0.0,0.0,0.0,0.0,0.0,0.0,570.05154825
2024-06-30T13:00,3600,0.0,0.0,0.0,0.0,0.0,0.0,0.0,0.0,624.81610463
2024-06-30T14:00,3600,0.0,0.0,0.0,0.0,0.0,0.0,0.0,0.0,358.62332014
2024-06-30T15:00,3600,0.0,0.0,0.0,0.0,0.0,0.0,0.0,0.0,243.96189583
2024-06-30T16:00,3600,0.0,0.0,0.0,0.0,0.0,0.0,0.0,0.0,134.73860469
2024-06-30T17:00,3600,0.0,0.0,0.0,0.0,0.0,0.0,0.0,0.0,98.78550593
2024-06-30T18:00,3600,0.0,0.0,0.0,0.0,0.0,0.0,0.0,0.0,32.95706586
2024-06-30T19:00,3600,0.0,0.0,0.0,0.0,0.0,0.0,0.0,0.0,0.96820194
2024-06-30T20:00,3600,0.0,0.0,0.0,0.0,0.0,0.0,0.0,0.0,0.0
2024-06-30T21:00,3600,0.0,0.0,0.0,0.0,0.0,0.0,0.0,0.0,0.0
2024-06-30T22:00,3600,0.0,0.0,0.0,0.0,0.0,0.0,0.0,0.0,0.0
2024-06-30T23:00,3600,0.0,0.0,0.0,0.0,0.0,0.0,0.0,0.0,0.0
2024-07-01T00:00,3600,0.0,0.0,0.0,0.0,0.0,0.0,0.0,0.0,0.0
2024-07-01T01:00,3600,0.0,0.0,0.0,0.0,0.0,0.0,0.0,0.0,0.0
2024-07-01T02:00,3600,0.0,0.0,0.0,0.0,0.0,0.0,0.0,0.0,0.0
2024-07-01T03:00,3600,0.0,0.0,0.0,0.0,0.0,0.0,0.0,0.0,0.0
2024-07-01T04:00,3600,0.0,0.0,0.0,0.0,0.0,0.0,0.0,0.0,0.0
2024-07-01T05:00,3600,0.0,0.0,0.0,0.0,0.0,0.0,0.0,0.0,0.96820194
2024-07-01T06:00,3600,0.0,0.0,0.0,0.0,0.0,0.0,0.0,0.0,37.88706795
2024-07-01T07:00,3600,0.0,0.0,0.0,0.0,0.0,0.0,0.0,0.0,172.48289222
2024-07-01T08:00,3600,0.0,0.0,0.0,0.0,0.0,0.0,0.0,0.0,365.393064
2024-07-01T09:00,3600,0.0,0.0,0.0,0.0,0.0,0.0,0.0,0.0,493.43444934
2024-07-01T10:00,3600,0.0,0.0,0.0,0.0,0.0,0.0,0.0,0.0,581.42265511
2024-07-01T11:00,3600,0.0,0.0,0.0,0.0,0.0,0.0,0.0,0.0,603.489964
2024-07-01T12:00,3600,0.0,0.0,0.0,0.0,0.0,0.0,0.0,0.0,629.55061191
2024-07-01T13:00,3600,0.0,0.0,0.0,0.0,0.0,0.0,0.0,0.0,625.2500588
2024-07-01T14:00,3600,0.0,0.0,0.0,0.0,0.0,0.0,0.0,0.0,533.58090623
2024-07-01T15:00,3600,0.0,0.0,0.0,0.0,0.0,0.0,0.0,0.0,315.89100824
2024-07-01T16:00,3600,0.0,0.0,0.0,0.0,0.0,0.0,0.0,0.0,244.22804204
2024-07-01T17:00,3600,0.0,0.0,0.0,0.0,0.0,0.0,0.0,0.0,134.71777262
2024-07-01T18:00,3600,1.0800188235294121,0.0,0.0,1.0800188235294121,0.0,0.0,0.0,0.0,36.19496682
2024-07-01T19:00,3600,1.0800188235294121,0.0,0.0,1.0800188235294121,0.0,0.0,0.0,0.0,0.96820194
2024-07-01T20:00,3600,1.0800188235294121,0.0,0.0,1.0800188235294121,0.0,0.0,0.0,0.0,0.0
2024-07-01T21:00,3600,1.0825035294117646,0.0,0.0,1.0825035294117646,0.0,0.0,0.0,0.0,0.0
2024-07-01T22:00,3600,1.0870588235294116,0.0,0.0,1.0870588235294116,0.0,0.0,0.0,0.0,0.0
2024-07-01T23:00,3600,1.0870588235294116,0.0,0.0,1.0870588235294116,0.0,0.0,0.0,0.0,0.0
2024-07-02T00:00,3600,0.0,0.0,0.0,0.0,0.0,0.0,0.0,0.0,0.0
2024-07-02T01:00,3600,0.0,0.0,0.0,0.0,0.0,0.0,0.0,0.0,0.0
2024-07-02T02:00,3600,0.0,0.0,0.0,0.0,0.0,0.0,0.0,0.0,0.0
2024-07-02T03:00,3600,0.0,0.0,0.0,0.0,0.0,0.0,0.0,0.0,0.0
2024-07-02T04:00,3600,0.0,0.0,0.0,0.0,0.0,0.0,0.0,0.0,0.0
2024-07-02T05:00,3600,0.0,0.0,0.0,0.0,0.0,0.0,0.0,0.0,0.96820194
2024-07-02T06:00,3600,0.0,0.0,0.0,0.0,0.0,0.0,0.0,0.0,33.95066407
2024-07-02T07:00,3600,0.0,0.0,0.0,0.0,0.0,0.0,0.0,0.0,98.48034863
2024-07-02T08:00,3600,0.0,0.0,0.0,0.0,0.0,0.0,0.0,0.0,221.36381327
2024-07-02T09:00,3600,0.0,0.0,0.0,0.0,0.0,0.0,0.0,0.0,368.41334236
2024-07-02T10:00,3600,0.0,0.0,0.0,0.0,0.0,0.0,0.0,0.0,486.59290231
2024-07-02T11:00,3600,0.0,0.0,0.0,0.0,0.0,0.0,0.0,0.0,348.6882766
2024-07-02T12:00,3600,0.0,0.0,0.0,0.0,0.0,0.0,0.0,0.0,521.36777889
2024-07-02T13:00,3600,0.0,0.0,0.0,0.0,0.0,0.0,0.0,0.0,588.34004182
2024-07-02T14:00,3600,0.0,0.0,0.0,0.0,0.0,0.0,0.0,0.0,355.06602492
2024-07-02T15:00,3600,0.0,0.0,0.0,0.0,0.0,0.0,0.0,0.0,376.16216343
2024-07-02T16:00,3600,0.0,0.0,0.0,0.0,0.0,0.0,0.0,0.0,301.51793714
2024-07-02T17:00,3600,0.0,0.0,0.0,0.0,0.0,0.0,0.0,0.0,139.53611392
2024-07-02T18:00,3600,1.0870588235294116,0.0,0.0,1.0870588235294116,0.0,0.0,0.0,0.0,35.28646818
2024-07-02T19:00,3600,1.0870588235294116,0.0,0.0,1.0870588235294116,0.0,0.0,0.0,0.0,0.96820194
2024-07-02T20:00,3600,1.0870588235294116,0.0,0.0,1.0870588235294116,0.0,0.0,0.0,0.0,0.0
2024-07-02T21:00,3600,1.0870588235294116,0.0,0.0,1.0870588235294116,0.0,0.0,0.0,0.0,0.0
2024-07-02T22:00,3600,1.0870588235294116,0.0,0.0,1.0870588235294116,0.0,0.0,0.0,0.0,0.0
2024-07-02T23:00,3600,1.0870588235294116,0.0,0.0,1.0870588235294116,0.0,0.0,0.0,0.0,0.0
2024-07-03T00:00,3600,0.0,0.0,0.0,0.0,0.0,0.0,0.0,0.0,0.0
2024-07-03T01:00,3600,0.0,0.0,0.0,0.0,0.0,0.0,0.0,0.0,0.0
2024-07-03T02:00,3600,0.0,0.0,0.0,0.0,0.0,0.0,0.0,0.0,0.0
2024-07-03T03:00,3600,0.0,0.0,0.0,0.0,0.0,0.0,0.0,0.0,0.0
2024-07-03T04:00,3600,0.0,0.0,0.0,0.0,0.0,0.0,0.0,0.0,0.0
2024-07-03T05:00,3600,0.0,0.0,0.0,0.0,0.0,0.0,0.0,0.0,0.96820194
2024-07-03T06:00,3600,0.0,0.0,0.0,0.0,0.0,0.0,0.0,0.0,46.55318833
2024-07-03T07:00,3600,0.0,0.0,0.0,0.0,0.0,0.0,0.0,0.0,140.79644959
2024-07-03T08:00,3600,0.0,0.0,0.0,0.0,0.0,0.0,0.0,0.0,316.4715417
2024-07-03T09:00,3600,0.0,0.0,0.0,0.0,0.0,0.0,0.0,0.0,451.65145284
2024-07-03T10:00,3600,0.0,0.0,0.0,0.0,0.0,0.0,0.0,0.0,562.81730416
2024-07-03T11:00,3600,0.0,0.0,0.0,0.0,0.0,0.0,0.0,0.0,682.5041884
2024-07-03T12:00,3600,0.0,0.0,0.0,0.0,0.0,0.0,0.0,0.0,778.88862312
2024-07-03T13:00,3600,0.0,0.0,0.0,0.0,0.0,0.0,0.0,0.0,596.97199973
2024-07-03T14:00,3600,0.0,0.0,0.0,0.0,0.0,0.0,0.0,0.0,560.03058338
2024-07-03T15:00,3600,0.0,0.0,0.0,0.0,0.0,0.0,0.0,0.0,511.63452136
2024-07-03T16:00,3600,0.0,0.0,0.0,0.0,0.0,0.0,0.0,0.0,306.43693787
2024-07-03T17:00,3600,0.0,0.0,0.0,0.0,0.0,0.0,0.0,0.0,159.60750186
2024-07-03T18:00,3600,1.0870588235294116,0.0,0.0,1.0870588235294116,0.0,0.0,0.0,0.0,33.63262943
2024-07-03T19:00,3600,1.0870588235294116,0.0,0.0,1.0870588235294116,0.0,0.0,0.0,0.0,0.96820194
2024-07-03T20:00,3600,1.0870588235294116,0.0,0.0,1.0870588235294116,0.0,0.0,0.0,0.0,0.0
2024-07-03T21:00,3600,1.0870588235294116,0.0,0.0,1.0870588235294116,0.0,0.0,0.0,0.0,0.0
2024-07-03T22:00,3600,1.0870588235294116,0.0,0.0,1.0870588235294116,0.0,0.0,0.0,0.0,0.0
2024-07-03T23:00,3600,1.0870588235294116,0.0,0.0,1.0870588235294116,0.0,0.0,0.0,0.0,0.0
2024-07-04T00:00,3600,0.0,0.0,0.0,0.0,0.0,0.0,0.0,0.0,0.0
2024-07-04T01:00,3600,0.0,0.0,0.0,0.0,0.0,0.0,0.0,0.0,0.0
2024-07-04T02:00,3600,0.0,0.0,0.0,0.0,0.0,0.0,0.0,0.0,0.0
2024-07-04T03:00,3600,0.0,0.0,0.0,0.0,0.0,0.0,0.0,0.0,0.0
2024-07-04T04:00,3600,0.0,0.0,0.0,0.0,0.0,0.0,0.0,0.0,0.0
2024-07-04T05:00,3600,0.0,0.0,0.0,0.0,0.0,0.0,0.0,0.0,0.96820194
2024-07-04T06:00,3600,0.0,0.0,0.0,0.0,0.0,0.0,0.0,0.0,30.19709902
2024-07-04T07:00,3600,0.0,0.0,0.0,0.0,0.0,0.0,0.0,0.0,101.40757843
2024-07-04T08:00,3600,0.0,0.0,0.0,0.0,0.0,0.0,0.0,0.0,258.97464828
2024-07-04T09:00,3600,0.0,0.0,0.0,0.0,0.0,0.0,0.0,0.0,368.88220653
2024-07-04T10:00,3600,0.0,0.0,0.0,0.0,0.0,0.0,0.0,0.0,483.62537421
2024-07-04T11:00,3600,0.0,0.0,0.0,0.0,0.0,0.0,0.0,0.0,674.46370952
2024-07-04T12:00,3600,0.0,0.0,0.0,0.0,0.0,0.0,0.0,0.0,793.13491053
2024-07-04T13:00,3600,0.0,0.0,0.0,0.0,0.0,0.0,0.0,0.0,622.78329302
2024-07-04T14:00,3600,0.0,0.0,0.0,0.0,0.0,0.0,0.0,0.0,347.64300033
2024-07-04T15:00,3600,0.0,0.0,0.0,0.0,0.0,0.0,0.0,0.0,411.01626775
2024-07-04T16:00,3600,0.0,0.0,0.0,0.0,0.0,0.0,0.0,0.0,273.85543201
2024-07-04T17:00,3600,0.0,0.0,0.0,0.0,0.0,0.0,0.0,0.0,169.87072611
2024-07-04T18:00,3600,1.0870588235294116,0.0,0.0,1.0870588235294116,0.0,0.0,0.0,0.0,46.76083549
2024-07-04T19:00,3600,1.0870588235294116,0.0,0.0,1.0870588235294116,0.0,0.0,0.0,0.0,0.96820194
2024-07-04T20:00,3600,1.0870588235294116,0.0,0.0,1.0870588235294116,0.0,0.0,0.0,0.0,0.0
2024-07-04T21:00,3600,1.0870588235294116,0.0,0.0,1.0870588235294116,0.0,0.0,0.0,0.0,0.0
2024-07-04T22:00,3600,1.0870588235294116,0.0,0.0,1.0870588235294116,0.0,0.0,0.0,0.0,0.0
2024-07-04T23:00,3600,1.0870588235294116,0.0,0.0,1.0870588235294116,0.0,0.0,0.0,0.0,0.0
2024-07-05T00:00,3600,0.0,0.0,0.0,0.0,0.0,0.0,0.0,0.0,0.0
2024-07-05T01:00,3600,0.0,0.0,0.0,0.0,0.0,0.0,0.0,0.0,0.0
2024-07-05T02:00,3600,0.0,0.0,0.0,0.0,0.0,0.0,0.0,0.0,0.0
2024-07-05T03:00,3600,0.0,0.0,0.0,0.0,0.0,0.0,0.0,0.0,0.0
2024-07-05T04:00,3600,0.0,0.0,0.0,0.0,0.0,0.0,0.0,0.0,0.0
2024-07-05T05:00,3600,0.0,0.0,0.0,0.0,0.0,0.0,0.0,0.0,0.96820194
2024-07-05T06:00,3600,0.0,0.0,0.0,0.0,0.0,0.0,0.0,0.0,30.22094756
2024-07-05T07:00,3600,0.0,0.0,0.0,0.0,0.0,0.0,0.0,0.0,157.8492752
2024-07-05T08:00,3600,0.0,0.0,0.0,0.0,0.0,0.0,0.0,0.0,363.71812841
2024-07-05T09:00,3600,0.0,0.0,0.0,0.0,0.0,0.0,0.0,0.0,507.75807505
2024-07-05T10:00,3600,0.0,0.0,0.0,0.0,0.0,0.0,0.0,0.0,593.80472321
2024-07-05T11:00,3600,0.0,0.0,0.0,0.0,0.0,0.0,0.0,0.0,733.52907382
2024-07-05T12:00,3600,0.0,0.0,0.0,0.0,0.0,0.0,0.0,0.0,756.85042668
2024-07-05T13:00,3600,0.0,0.0,0.0,0.0,0.0,0.0,0.0,0.0,770.61369011
2024-07-05T14:00,3600,0.0,0.0,0.0,0.0,0.0,0.0,0.0,0.0,619.40867577
2024-07-05T15:00,3600,0.0,0.0,0.0,0.0,0.0,0.0,0.0,0.0,434.90861204
2024-07-05T16:00,3600,0.0,0.0,0.0,0.0,0.0,0.0,0.0,0.0,358.18683635
2024-07-05T17:00,3600,0.0,0.0,0.0,0.0,0.0,0.0,0.0,0.0,188.78821512
2024-07-05T18:00,3600,1.07008,0.0,0.0,1.07008,0.0,0.0,0.0,0.0,37.12788678
2024-07-05T19:00,3600,1.0762917647058825,0.0,0.0,1.0762917647058825,0.0,0.0,0.0,0.0,1.93640388
2024-07-05T20:00,3600,1.0812611764705882,0.0,0.0,1.0812611764705882,0.0,0.0,0.0,0.0,0.0
2024-07-05T21:00,3600,1.0837458823529413,0.0,0.0,1.0837458823529413,0.0,0.0,0.0,0.0,0.0
2024-07-05T22:00,3600,1.0870588235294116,0.0,0.0,1.0870588235294116,0.0,0.0,0.0,0.0,0.0
2024-07-05T23:00,3600,1.0870588235294116,0.0,0.0,1.0870588235294116,0.0,0.0,0.0,0.0,0.0
2024-07-06T00:00,3600,0.0,0.0,0.0,0.0,0.0,0.0,0.0,0.0,0.0
2024-07-06T01:00,3600,0.0,0.0,0.0,0.0,0.0,0.0,0.0,0.0,0.0
2024-07-06T02:00,3600,0.0,0.0,0.0,0.0,0.0,0.0,0.0,0.0,0.0
2024-07-06T03:00,3600,0.0,0.0,0.0,0.0,0.0,0.0,0.0,0.0,0.0
2024-07-06T04:00,3600,0.0,0.0,0.0,0.0,0.0,0.0,0.0,0.0,0.0
2024-07-06T05:00,3600,0.0,0.0,0.0,0.0,0.0,0.0,0.0,0.0,0.96820194
2024-07-06T06:00,3600,0.0,0.0,0.0,0.0,0.0,0.0,0.0,0.0,29.26069514
2024-07-06T07:00,3600,0.0,0.0,0.0,0.0,0.0,0.0,0.0,0.0,144.95656322
2024-07-06T08:00,3600,0.0,0.0,0.0,0.0,0.0,0.0,0.0,0.0,359.45695154
2024-07-06T09:00,3600,0.0,0.0,0.0,0.0,0.0,0.0,0.0,0.0,544.40786705
2024-07-06T10:00,3600,0.0,0.0,0.0,0.0,0.0,0.0,0.0,0.0,650.29638377
2024-07-06T11:00,3600,0.0,0.0,0.0,0.0,0.0,0.0,0.0,0.0,742.36665032
2024-07-06T12:00,3600,0.0,0.0,0.0,0.0,0.0,0.0,0.0,0.0,780.40621634
2024-07-06T13:00,3600,0.0,0.0,0.0,0.0,0.0,0.0,0.0,0.0,756.67281331
2024-07-06T14:00,3600,0.0,0.0,0.0,0.0,0.0,0.0,0.0,0.0,645.34389586
2024-07-06T15:00,3600,0.0,0.0,0.0,0.0,0.0,0.0,0.0,0.0,482.49378176
2024-07-06T16:00,3600,0.0,0.0,0.0,0.0,0.0,0.0,0.0,0.0,344.06180583
2024-07-06T17:00,3600,0.0,0.0,0.0,0.0,0.0,0.0,0.0,0.0,187.47920939
2024-07-06T18:00,3600,0.0,0.0,0.0,0.0,0.0,0.0,0.0,0.0,40.82965376
2024-07-06T19:00,3600,0.0,0.0,0.0,0.0,0.0,0.0,0.0,0.0,1.93640388
2024-07-06T20:00,3600,0.0,0.0,0.0,0.0,0.0,0.0,0.0,0.0,0.0
2024-07-06T21:00,3600,0.0,0.0,0.0,0.0,0.0,0.0,0.0,0.0,0.0
2024-07-06T22:00,3600,0.0,0.0,0.0,0.0,0.0,0.0,0.0,0.0,0.0
2024-07-06T23:00,3600,0.0,0.0,0.0,0.0,0.0,0.0,0.0,0.0,0.0
2024-07-07T00:00,3600,0.0,0.0,0.0,0.0,0.0,0.0,0.0,0.0,0.0
2024-07-07T01:00,3600,0.0,0.0,0.0,0.0,0.0,0.0,0.0,0.0,0.0
2024-07-07T02:00,3600,0.0,0.0,0.0,0.0,0.0,0.0,0.0,0.0,0.0
2024-07-07T03:00,3600,0.0,0.0,0.0,0.0,0.0,0.0,0.0,0.0,0.0
2024-07-07T04:00,3600,0.0,0.0,0.0,0.0,0.0,0.0,0.0,0.0,0.0
2024-07-07T05:00,3600,0.0,0.0,0.0,0.0,0.0,0.0,0.0,0.0,0.96820194
2024-07-07T06:00,3600,0.0,0.0,0.0,0.0,0.0,0.0,0.0,0.0,34.10965436
2024-07-07T07:00,3600,0.0,0.0,0.0,0.0,0.0,0.0,0.0,0.0,183.29751536
2024-07-07T08:00,3600,0.0,0.0,0.0,0.0,0.0,0.0,0.0,0.0,342.01371636
2024-07-07T09:00,3600,0.0,0.0,0.0,0.0,0.0,0.0,0.0,0.0,534.88189706
2024-07-07T10:00,3600,0.0,0.0,0.0,0.0,0.0,0.0,0.0,0.0,632.04547174
2024-07-07T11:00,3600,0.0,0.0,0.0,0.0,0.0,0.0,0.0,0.0,631.74569167
2024-07-07T12:00,3600,0.0,0.0,0.0,0.0,0.0,0.0,0.0,0.0,659.8330139
2024-07-07T13:00,3600,0.0,0.0,0.0,0.0,0.0,0.0,0.0,0.0,722.09794113
2024-07-07T14:00,3600,0.0,0.0,0.0,0.0,0.0,0.0,0.0,0.0,666.91193759
2024-07-07T15:00,3600,0.0,0.0,0.0,0.0,0.0,0.0,0.0,0.0,501.20615465
2024-07-07T16:00,3600,0.0,0.0,0.0,0.0,0.0,0.0,0.0,0.0,309.35500146
2024-07-07T17:00,3600,0.0,0.0,0.0,0.0,0.0,0.0,0.0,0.0,138.43212166
2024-07-07T18:00,3600,0.0,0.0,0.0,0.0,0.0,0.0,0.0,0.0,40.89200623
2024-07-07T19:00,3600,0.0,0.0,0.0,0.0,0.0,0.0,0.0,0.0,0.96820194
2024-07-07T20:00,3600,0.0,0.0,0.0,0.0,0.0,0.0,0.0,0.0,0.0
2024-07-07T21:00,3600,0.0,0.0,0.0,0.0,0.0,0.0,0.0,0.0,0.0
2024-07-07T22:00,3600,0.0,0.0,0.0,0.0,0.0,0.0,0.0,0.0,0.0
2024-07-07T23:00,3600,0.0,0.0,0.0,0.0,0.0,0.0,0.0,0.0,0.0
2024-07-08T00:00,3600,0.0,0.0,0.0,0.0,0.0,0.0,0.0,0.0,0.0
2024-07-08T01:00,3600,0.0,0.0,0.0,0.0,0.0,0.0,0.0,0.0,0.0
2024-07-08T02:00,3600,0.0,0.0,0.0,0.0,0.0,0.0,0.0,0.0,0.0
2024-07-08T03:00,3600,0.0,0.0,0.0,0.0,0.0,0.0,0.0,0.0,0.0
2024-07-08T04:00,3600,0.0,0.0,0.0,0.0,0.0,0.0,0.0,0.0,0.0
2024-07-08T05:00,3600,0.0,0.0,0.0,0.0,0.0,0.0,0.0,0.0,0.96820194
2024-07-08T06:00,3600,0.0,0.0,0.0,0.0,0.0,0.0,0.0,0.0,30.19709902
2024-07-08T07:00,3600,0.0,0.0,0.0,0.0,0.0,0.0,0.0,0.0,150.79177363
2024-07-08T08:00,3600,0.0,0.0,0.0,0.0,0.0,0.0,0.0,0.0,354.04149599
2024-07-08T09:00,3600,0.0,0.0,0.0,0.0,0.0,0.0,0.0,0.0,445.1230864
2024-07-08T10:00,3600,0.0,0.0,0.0,0.0,0.0,0.0,0.0,0.0,642.06228195
2024-07-08T11:00,3600,0.0,0.0,0.0,0.0,0.0,0.0,0.0,0.0,768.06573174
2024-07-08T12:00,3600,0.0,0.0,0.0,0.0,0.0,0.0,0.0,0.0,600.08049125
2024-07-08T13:00,3600,0.0,0.0,0.0,0.0,0.0,0.0,0.0,0.0,558.28062351
2024-07-08T14:00,3600,0.0,0.0,0.0,0.0,0.0,0.0,0.0,0.0,534.46820286
2024-07-08T15:00,3600,0.0,0.0,0.0,0.0,0.0,0.0,0.0,0.0,497.04857207
2024-07-08T16:00,3600,0.0,0.0,0.0,0.0,0.0,0.0,0.0,0.0,254.31475478
2024-07-08T17:00,3600,0.0,0.0,0.0,0.0,0.0,0.0,0.0,0.0,137.31215849
2024-07-08T18:00,3600,1.086230588235294,0.0,0.0,1.086230588235294,0.0,0.0,0.0,0.0,40.94243334
2024-07-08T19:00,3600,1.0849882352941176,0.0,0.0,1.0849882352941176,0.0,0.0,0.0,0.0,0.96820194
2024-07-08T20:00,3600,1.086230588235294,0.0,0.0,1.086230588235294,0.0,0.0,0.0,0.0,0.0
2024-07-08T21:00,3600,1.0870588235294116,0.0,0.0,1.0870588235294116,0.0,0.0,0.0,0.0,0.0
2024-07-08T22:00,3600,1.0870588235294116,0.0,0.0,1.0870588235294116,0.0,0.0,0.0,0.0,0.0
2024-07-08T23:00,3600,1.0870588235294116,0.0,0.0,1.0870588235294116,0.0,0.0,0.0,0.0,0.0
2024-07-09T00:00,3600,0.0,0.0,0.0,0.0,0.0,0.0,0.0,0.0,0.0
2024-07-09T01:00,3600,0.0,0.0,0.0,0.0,0.0,0.0,0.0,0.0,0.0
2024-07-09T02:00,3600,0.0,0.0,0.0,0.0,0.0,0.0,0.0,0.0,0.0
2024-07-09T03:00,3600,0.0,0.0,0.0,0.0,0.0,0.0,0.0,0.0,0.0
2024-07-09T04:00,3600,0.0,0.0,0.0,0.0,0.0,0.0,0.0,0.0,0.0
2024-07-09T05:00,3600,0.0,0.0,0.0,0.0,0.0,0.0,0.0,0.0,0.96820194
2024-07-09T06:00,3600,0.0,0.0,0.0,0.0,0.0,0.0,0.0,0.0,32.14145242
2024-07-09T07:00,3600,0.0,0.0,0.0,0.0,0.0,0.0,0.0,0.0,182.88636469
2024-07-09T08:00,3600,0.0,0.0,0.0,0.0,0.0,0.0,0.0,0.0,373.40076754
2024-07-09T09:00,3600,0.0,0.0,0.0,0.0,0.0,0.0,0.0,0.0,531.65436766
2024-07-09T10:00,3600,0.0,0.0,0.0,0.0,0.0,0.0,0.0,0.0,679.32729173
2024-07-09T11:00,3600,0.0,0.0,0.0,0.0,0.0,0.0,0.0,0.0,742.27802762
2024-07-09T12:00,3600,0.0,0.0,0.0,0.0,0.0,0.0,0.0,0.0,740.93086703
2024-07-09T13:00,3600,0.0,0.0,0.0,0.0,0.0,0.0,0.0,0.0,623.57679242
2024-07-09T14:00,3600,0.0,0.0,0.0,0.0,0.0,0.0,0.0,0.0,570.50910888
2024-07-09T15:00,3600,0.0,0.0,0.0,0.0,0.0,0.0,0.0,0.0,550.99319874
2024-07-09T16:00,3600,0.0,0.0,0.0,0.0,0.0,0.0,0.0,0.0,309.64818446
2024-07-09T17:00,3600,0.0,0.0,0.0,0.0,0.0,0.0,0.0,0.0,158.78582245
2024-07-09T18:00,3600,1.0870588235294116,0.0,0.0,1.0870588235294116,0.0,0.0,0.0,0.0,42.41546695
2024-07-09T19:00,3600,1.0870588235294116,0.0,0.0,1.0870588235294116,0.0,0.0,0.0,0.0,1.93640388
2024-07-09T20:00,3600,1.0870588235294116,0.0,0.0,1.0870588235294116,0.0,0.0,0.0,0.0,0.0
2024-07-09T21:00,3600,1.0870588235294116,0.0,0.0,1.0870588235294116,0.0,0.0,0.0,0.0,0.0
2024-07-09T22:00,3600,1.0870588235294116,0.0,0.0,1.0870588235294116,0.0,0.0,0.0,0.0,0.0
2024-07-09T23:00,3600,1.0870588235294116,0.0,0.0,1.0870588235294116,0.0,0.0,0.0,0.0,0.0
2024-07-10T00:00,3600,0.0,0.0,0.0,0.0,0.0,0.0,0.0,0.0,0.0
2024-07-10T01:00,3600,0.0,0.0,0.0,0.0,0.0,0.0,0.0,0.0,0.0
2024-07-10T02:00,3600,0.0,0.0,0.0,0.0,0.0,0.0,0.0,0.0,0.0
2024-07-10T03:00,3600,0.0,0.0,0.0,0.0,0.0,0.0,0.0,0.0,0.0
2024-07-10T04:00,3600,0.0,0.0,0.0,0.0,0.0,0.0,0.0,0.0,0.0
2024-07-10T05:00,3600,0.0,0.0,0.0,0.0,0.0,0.0,0.0,0.0,0.0
2024-07-10T06:00,3600,0.0,0.0,0.0,0.0,0.0,0.0,0.0,0.0,32.18914951
2024-07-10T07:00,3600,0.0,0.0,0.0,0.0,0.0,0.0,0.0,0.0,172.60019832
2024-07-10T08:00,3600,0.0,0.0,0.0,0.0,0.0,0.0,0.0,0.0,375.22070975
2024-07-10T09:00,3600,0.0,0.0,0.0,0.0,0.0,0.0,0.0,0.0,436.08628222
2024-07-10T10:00,3600,0.0,0.0,0.0,0.0,0.0,0.0,0.0,0.0,675.24679431
2024-07-10T11:00,3600,0.0,0.0,0.0,0.0,0.0,0.0,0.0,0.0,818.71374814
2024-07-10T12:00,3600,0.0,0.0,0.0,0.0,0.0,0.0,0.0,0.0,817.33530195
2024-07-10T13:00,3600,0.0,0.0,0.0,0.0,0.0,0.0,0.0,0.0,719.38447541
2024-07-10T14:00,3600,0.0,0.0,0.0,0.0,0.0,0.0,0.0,0.0,668.05228187
2024-07-10T15:00,3600,0.0,0.0,0.0,0.0,0.0,0.0,0.0,0.0,446.43061039
2024-07-10T16:00,3600,0.0,0.0,0.0,0.0,0.0,0.0,0.0,0.0,315.9707338
2024-07-10T17:00,3600,0.0,0.0,0.0,0.0,0.0,0.0,0.0,0.0,153.82374508
2024-07-10T18:00,3600,1.0800188235294121,0.0,0.0,1.0800188235294121,0.0,0.0,0.0,0.0,38.91740242
2024-07-10T19:00,3600,1.0775341176470588,0.0,0.0,1.0775341176470588,0.0,0.0,0.0,0.0,0.96820194
2024-07-10T20:00,3600,1.0812611764705882,0.0,0.0,1.0812611764705882,0.0,0.0,0.0,0.0,0.0
2024-07-10T21:00,3600,1.0825035294117646,0.0,0.0,1.0825035294117646,0.0,0.0,0.0,0.0,0.0
2024-07-10T22:00,3600,1.0870588235294116,0.0,0.0,1.0870588235294116,0.0,0.0,0.0,0.0,0.0
2024-07-10T23:00,3600,1.0870588235294116,0.0,0.0,1.0870588235294116,0.0,0.0,0.0,0.0,0.0
2024-07-11T00:00,3600,0.0,0.0,0.0,0.0,0.0,0.0,0.0,0.0,0.0
2024-07-11T01:00,3600,0.0,0.0,0.0,0.0,0.0,0.0,0.0,0.0,0.0
2024-07-11T02:00,3600,0.0,0.0,0.0,0.0,0.0,0.0,0.0,0.0,0.0
2024-07-11T03:00,3600,0.0,0.0,0.0,0.0,0.0,0.0,0.0,0.0,0.0
2024-07-11T04:00,3600,0.0,0.0,0.0,0.0,0.0,0.0,0.0,0.0,0.0
2024-07-11T05:00,3600,0.0,0.0,0.0,0.0,0.0,0.0,0.0,0.0,0.96820194
2024-07-11T06:00,3600,0.0,0.0,0.0,0.0,0.0,0.0,0.0,0.0,37.98246212
2024-07-11T07:00,3600,0.0,0.0,0.0,0.0,0.0,0.0,0.0,0.0,179.53594737
2024-07-11T08:00,3600,0.0,0.0,0.0,0.0,0.0,0.0,0.0,0.0,320.84472297
2024-07-11T09:00,3600,0.0,0.0,0.0,0.0,0.0,0.0,0.0,0.0,493.62362386
2024-07-11T10:00,3600,0.0,0.0,0.0,0.0,0.0,0.0,0.0,0.0,706.74802189
2024-07-11T11:00,3600,0.0,0.0,0.0,0.0,0.0,0.0,0.0,0.0,677.84477834
2024-07-11T12:00,3600,0.0,0.0,0.0,0.0,0.0,0.0,0.0,0.0,627.66738893
2024-07-11T13:00,3600,0.0,0.0,0.0,0.0,0.0,0.0,0.0,0.0,573.28637964
2024-07-11T14:00,3600,0.0,0.0,0.0,0.0,0.0,0.0,0.0,0.0,378.35449037
2024-07-11T15:00,3600,0.0,0.0,0.0,0.0,0.0,0.0,0.0,0.0,409.818894
2024-07-11T16:00,3600,0.0,0.0,0.0,0.0,0.0,0.0,0.0,0.0,348.58236651
2024-07-11T17:00,3600,0.0,0.0,0.0,0.0,0.0,0.0,0.0,0.0,160.72669132
2024-07-11T18:00,3600,1.0849882352941176,0.0,0.0,1.0849882352941176,0.0,0.0,0.0,0.0,45.32139899
2024-07-11T19:00,3600,1.0870588235294116,0.0,0.0,1.0870588235294116,0.0,0.0,0.0,0.0,0.96820194
2024-07-11T20:00,3600,1.0870588235294116,0.0,0.0,1.0870588235294116,0.0,0.0,0.0,0.0,0.0
2024-07-11T21:00,3600,1.0870588235294116,0.0,0.0,1.0870588235294116,0.0,0.0,0.0,0.0,0.0
2024-07-11T22:00,3600,1.0870588235294116,0.0,0.0,1.0870588235294116,0.0,0.0,0.0,0.0,0.0
2024-07-11T23:00,3600,1.0870588235294116,0.0,0.0,1.0870588235294116,0.0,0.0,0.0,0.0,0.0
2024-07-12T00:00,3600,0.0,0.0,0.0,0.0,0.0,0.0,0.0,0.0,0.0
2024-07-12T01:00,3600,0.0,0.0,0.0,0.0,0.0,0.0,0.0,0.0,0.0
2024-07-12T02:00,3600,0.0,0.0,0.0,0.0,0.0,0.0,0.0,0.0,0.0
2024-07-12T03:00,3600,0.0,0.0,0.0,0.0,0.0,0.0,0.0,0.0,0.0
2024-07-12T04:00,3600,0.0,0.0,0.0,0.0,0.0,0.0,0.0,0.0,0.0
2024-07-12T05:00,3600,0.0,0.0,0.0,0.0,0.0,0.0,0.0,0.0,0.0
2024-07-12T06:00,3600,0.0,0.0,0.0,0.0,0.0,0.0,0.0,0.0,31.14145242
2024-07-12T07:00,3600,0.0,0.0,0.0,0.0,0.0,0.0,0.0,0.0,158.02868894
2024-07-12T08:00,3600,0.0,0.0,0.0,0.0,0.0,0.0,0.0,0.0,309.84638876
2024-07-12T09:00,3600,0.0,0.0,0.0,0.0,0.0,0.0,0.0,0.0,498.11159911
2024-07-12T10:00,3600,0.0,0.0,0.0,0.0,0.0,0.0,0.0,0.0,553.91340305
2024-07-12T11:00,3600,0.0,0.0,0.0,0.0,0.0,0.0,0.0,0.0,761.74074126
2024-07-12T12:00,3600,0.0,0.0,0.0,0.0,0.0,0.0,0.0,0.0,806.19022454
2024-07-12T13:00,3600,0.0,0.0,0.0,0.0,0.0,0.0,0.0,0.0,642.41998474
2024-07-12T14:00,3600,0.0,0.0,0.0,0.0,0.0,0.0,0.0,0.0,277.56672427
2024-07-12T15:00,3600,0.0,0.0,0.0,0.0,0.0,0.0,0.0,0.0,255.65848982
2024-07-12T16:00,3600,0.0,0.0,0.0,0.0,0.0,0.0,0.0,0.0,207.12404499
2024-07-12T17:00,3600,0.0,0.0,0.0,0.0,0.0,0.0,0.0,0.0,153.07397117
2024-07-12T18:00,3600,1.0870588235294116,0.0,0.0,1.0870588235294116,0.0,0.0,0.0,0.0,49.03468822
2024-07-12T19:00,3600,1.0870588235294116,0.0,0.0,1.0870588235294116,0.0,0.0,0.0,0.0,0.96820194
2024-07-12T20:00,3600,1.0870588235294116,0.0,0.0,1.0870588235294116,0.0,0.0,0.0,0.0,0.0
2024-07-12T21:00,3600,1.0870588235294116,0.0,0.0,1.0870588235294116,0.0,0.0,0.0,0.0,0.0
2024-07-12T22:00,3600,1.0870588235294116,0.0,0.0,1.0870588235294116,0.0,0.0,0.0,0.0,0.0
2024-07-12T23:00,3600,1.0870588235294116,0.0,0.0,1.0870588235294116,0.0,0.0,0.0,0.0,0.0
2024-07-13T00:00,3600,0.0,0.0,0.0,0.0,0.0,0.0,0.0,0.0,0.0
2024-07-13T01:00,3600,0.0,0.0,0.0,0.0,0.0,0.0,0.0,0.0,0.0
2024-07-13T02:00,3600,0.0,0.0,0.0,0.0,0.0,0.0,0.0,0.0,0.0
2024-07-13T03:00,3600,0.0,0.0,0.0,0.0,0.0,0.0,0.0,0.0,0.0
2024-07-13T04:00,3600,0.0,0.0,0.0,0.0,0.0,0.0,0.0,0.0,0.0
2024-07-13T05:00,3600,0.0,0.0,0.0,0.0,0.0,0.0,0.0,0.0,0.0
2024-07-13T06:00,3600,0.0,0.0,0.0,0.0,0.0,0.0,0.0,0.0,30.17325048
2024-07-13T07:00,3600,0.0,0.0,0.0,0.0,0.0,0.0,0.0,0.0,136.56699928
2024-07-13T08:00,3600,0.0,0.0,0.0,0.0,0.0,0.0,0.0,0.0,321.46319832
2024-07-13T09:00,3600,0.0,0.0,0.0,0.0,0.0,0.0,0.0,0.0,465.29482793
2024-07-13T10:00,3600,0.0,0.0,0.0,0.0,0.0,0.0,0.0,0.0,580.9432547
2024-07-13T11:00,3600,0.0,0.0,0.0,0.0,0.0,0.0,0.0,0.0,565.34040911
2024-07-13T12:00,3600,0.0,0.0,0.0,0.0,0.0,0.0,0.0,0.0,547.97474622
2024-07-13T13:00,3600,0.0,0.0,0.0,0.0,0.0,0.0,0.0,0.0,577.02365917
2024-07-13T14:00,3600,0.0,0.0,0.0,0.0,0.0,0.0,0.0,0.0,615.60219085
2024-07-13T15:00,3600,0.0,0.0,0.0,0.0,0.0,0.0,0.0,0.0,389.29279551
2024-07-13T16:00,3600,0.0,0.0,0.0,0.0,0.0,0.0,0.0,0.0,305.79979948
2024-07-13T17:00,3600,0.0,0.0,0.0,0.0,0.0,0.0,0.0,0.0,166.63001866
2024-07-13T18:00,3600,0.0,0.0,0.0,0.0,0.0,0.0,0.0,0.0,44.33604771
2024-07-13T19:00,3600,0.0,0.0,0.0,0.0,0.0,0.0,0.0,0.0,0.96820194
2024-07-13T20:00,3600,0.0,0.0,0.0,0.0,0.0,0.0,0.0,0.0,0.0
2024-07-13T21:00,3600,0.0,0.0,0.0,0.0,0.0,0.0,0.0,0.0,0.0
2024-07-13T22:00,3600,0.0,0.0,0.0,0.0,0.0,0.0,0.0,0.0,0.0
2024-07-13T23:00,3600,0.0,0.0,0.0,0.0,0.0,0.0,0.0,0.0,0.0
2024-07-14T00:00,3600,0.0,0.0,0.0,0.0,0.0,0.0,0.0,0.0,0.0
2024-07-14T01:00,3600,0.0,0.0,0.0,0.0,0.0,0.0,0.0,0.0,0.0
2024-07-14T02:00,3600,0.0,0.0,0.0,0.0,0.0,0.0,0.0,0.0,0.0
2024-07-14T03:00,3600,0.0,0.0,0.0,0.0,0.0,0.0,0.0,0.0,0.0
2024-07-14T04:00,3600,0.0,0.0,0.0,0.0,0.0,0.0,0.0,0.0,0.0
2024-07-14T05:00,3600,0.0,0.0,0.0,0.0,0.0,0.0,0.0,0.0,0.0
2024-07-14T06:00,3600,0.0,0.0,0.0,0.0,0.0,0.0,0.0,0.0,35.98246212
2024-07-14T07:00,3600,0.0,0.0,0.0,0.0,0.0,0.0,0.0,0.0,181.77494218
2024-07-14T08:00,3600,0.0,0.0,0.0,0.0,0.0,0.0,0.0,0.0,342.47352074
2024-07-14T09:00,3600,0.0,0.0,0.0,0.0,0.0,0.0,0.0,0.0,510.16854971
2024-07-14T10:00,3600,0.0,0.0,0.0,0.0,0.0,0.0,0.0,0.0,537.18739202
2024-07-14T11:00,3600,0.0,0.0,0.0,0.0,0.0,0.0,0.0,0.0,778.08937885
2024-07-14T12:00,3600,0.0,0.0,0.0,0.0,0.0,0.0,0.0,0.0,709.69338773
2024-07-14T13:00,3600,0.0,0.0,0.0,0.0,0.0,0.0,0.0,0.0,755.13398628
2024-07-14T14:00,3600,0.0,0.0,0.0,0.0,0.0,0.0,0.0,0.0,731.4186771
2024-07-14T15:00,3600,0.0,0.0,0.0,0.0,0.0,0.0,0.0,0.0,528.60667378
2024-07-14T16:00,3600,0.0,0.0,0.0,0.0,0.0,0.0,0.0,0.0,326.72735818
2024-07-14T17:00,3600,0.0,0.0,0.0,0.0,0.0,0.0,0.0,0.0,179.53100173
2024-07-14T18:00,3600,0.0,0.0,0.0,0.0,0.0,0.0,0.0,0.0,43.8925504
2024-07-14T19:00,3600,0.0,0.0,0.0,0.0,0.0,0.0,0.0,0.0,0.96820194
2024-07-14T20:00,3600,0.0,0.0,0.0,0.0,0.0,0.0,0.0,0.0,0.0
2024-07-14T21:00,3600,0.0,0.0,0.0,0.0,0.0,0.0,0.0,0.0,0.0
2024-07-14T22:00,3600,0.0,0.0,0.0,0.0,0.0,0.0,0.0,0.0,0.0
2024-07-14T23:00,3600,0.0,0.0,0.0,0.0,0.0,0.0,0.0,0.0,0.0
2024-07-15T00:00,3600,0.0,0.0,0.0,0.0,0.0,0.0,0.0,0.0,0.0
2024-07-15T01:00,3600,0.0,0.0,0.0,0.0,0.0,0.0,0.0,0.0,0.0
2024-07-15T02:00,3600,0.0,0.0,0.0,0.0,0.0,0.0,0.0,0.0,0.0
2024-07-15T03:00,3600,0.0,0.0,0.0,0.0,0.0,0.0,0.0,0.0,0.0
2024-07-15T04:00,3600,0.0,0.0,0.0,0.0,0.0,0.0,0.0,0.0,0.0
2024-07-15T05:00,3600,0.0,0.0,0.0,0.0,0.0,0.0,0.0,0.0,0.0
2024-07-15T06:00,3600,0.0,0.0,0.0,0.0,0.0,0.0,0.0,0.0,29.19709902
2024-07-15T07:00,3600,0.0,0.0,0.0,0.0,0.0,0.0,0.0,0.0,170.81404638
2024-07-15T08:00,3600,0.0,0.0,0.0,0.0,0.0,0.0,0.0,0.0,312.03228893
2024-07-15T09:00,3600,0.0,0.0,0.0,0.0,0.0,0.0,0.0,0.0,482.17596126
2024-07-15T10:00,3600,0.0,0.0,0.0,0.0,0.0,0.0,0.0,0.0,664.49422712
2024-07-15T11:00,3600,0.0,0.0,0.0,0.0,0.0,0.0,0.0,0.0,736.34478805
2024-07-15T12:00,3600,0.0,0.0,0.0,0.0,0.0,0.0,0.0,0.0,767.05643712
2024-07-15T13:00,3600,0.0,0.0,0.0,0.0,0.0,0.0,0.0,0.0,785.84939915
2024-07-15T14:00,3600,0.0,0.0,0.0,0.0,0.0,0.0,0.0,0.0,664.00860274
2024-07-15T15:00,3600,0.0,0.0,0.0,0.0,0.0,0.0,0.0,0.0,555.15361307
2024-07-15T16:00,3600,0.0,0.0,0.0,0.0,0.0,0.0,0.0,0.0,331.83348201
2024-07-15T17:00,3600,0.0,0.0,0.0,0.0,0.0,0.0,0.0,0.0,157.98760608
2024-07-15T18:00,3600,1.0870588235294116,0.0,0.0,1.0870588235294116,0.0,0.0,0.0,0.0,46.79430332
2024-07-15T19:00,3600,1.0870588235294116,0.0,0.0,1.0870588235294116,0.0,0.0,0.0,0.0,0.96820194
2024-07-15T20:00,3600,1.0870588235294116,0.0,0.0,1.0870588235294116,0.0,0.0,0.0,0.0,0.0
2024-07-15T21:00,3600,1.0870588235294116,0.0,0.0,1.0870588235294116,0.0,0.0,0.0,0.0,0.0
2024-07-15T22:00,3600,1.0870588235294116,0.0,0.0,1.0870588235294116,0.0,0.0,0.0,0.0,0.0
2024-07-15T23:00,3600,1.0870588235294116,0.0,0.0,1.0870588235294116,0.0,0.0,0.0,0.0,0.0
2024-07-16T00:00,3600,0.0,0.0,0.0,0.0,0.0,0.0,0.0,0.0,0.0
2024-07-16T01:00,3600,0.0,0.0,0.0,0.0,0.0,0.0,0.0,0.0,0.0
2024-07-16T02:00,3600,0.0,0.0,0.0,0.0,0.0,0.0,0.0,0.0,0.0
2024-07-16T03:00,3600,0.0,0.0,0.0,0.0,0.0,0.0,0.0,0.0,0.0
2024-07-16T04:00,3600,0.0,0.0,0.0,0.0,0.0,0.0,0.0,0.0,0.0
2024-07-16T05:00,3600,0.0,0.0,0.0,0.0,0.0,0.0,0.0,0.0,0.0
2024-07-16T06:00,3600,0.0,0.0,0.0,0.0,0.0,0.0,0.0,0.0,34.99836115
2024-07-16T07:00,3600,0.0,0.0,0.0,0.0,0.0,0.0,0.0,0.0,156.22734889
2024-07-16T08:00,3600,0.0,0.0,0.0,0.0,0.0,0.0,0.0,0.0,329.28791349
2024-07-16T09:00,3600,0.0,0.0,0.0,0.0,0.0,0.0,0.0,0.0,459.61298305
2024-07-16T10:00,3600,0.0,0.0,0.0,0.0,0.0,0.0,0.0,0.0,600.65210392
2024-07-16T11:00,3600,0.0,0.0,0.0,0.0,0.0,0.0,0.0,0.0,650.74856631
2024-07-16T12:00,3600,0.0,0.0,0.0,0.0,0.0,0.0,0.0,0.0,773.4517673
2024-07-16T13:00,3600,0.0,0.0,0.0,0.0,0.0,0.0,0.0,0.0,562.00591052
2024-07-16T14:00,3600,0.0,0.0,0.0,0.0,0.0,0.0,0.0,0.0,414.65163809
2024-07-16T15:00,3600,0.0,0.0,0.0,0.0,0.0,0.0,0.0,0.0,339.32235622
2024-07-16T16:00,3600,0.0,0.0,0.0,0.0,0.0,0.0,0.0,0.0,289.23404729
2024-07-16T17:00,3600,0.0,0.0,0.0,0.0,0.0,0.0,0.0,0.0,122.30794036
2024-07-16T18:00,3600,1.0870588235294116,0.0,0.0,1.0870588235294116,0.0,0.0,0.0,0.0,42.1039555
2024-07-16T19:00,3600,1.0870588235294116,0.0,0.0,1.0870588235294116,0.0,0.0,0.0,0.0,0.96820194
2024-07-16T20:00,3600,1.0870588235294116,0.0,0.0,1.0870588235294116,0.0,0.0,0.0,0.0,0.0
2024-07-16T21:00,3600,1.0870588235294116,0.0,0.0,1.0870588235294116,0.0,0.0,0.0,0.0,0.0
2024-07-16T22:00,3600,1.0870588235294116,0.0,0.0,1.0870588235294116,0.0,0.0,0.0,0.0,0.0
2024-07-16T23:00,3600,1.0870588235294116,0.0,0.0,1.0870588235294116,0.0,0.0,0.0,0.0,0.0
2024-07-17T00:00,3600,0.0,0.0,0.0,0.0,0.0,0.0,0.0,0.0,0.0
2024-07-17T01:00,3600,0.0,0.0,0.0,0.0,0.0,0.0,0.0,0.0,0.0
2024-07-17T02:00,3600,0.0,0.0,0.0,0.0,0.0,0.0,0.0,0.0,0.0
2024-07-17T03:00,3600,0.0,0.0,0.0,0.0,0.0,0.0,0.0,0.0,0.0
2024-07-17T04:00,3600,0.0,0.0,0.0,0.0,0.0,0.0,0.0,0.0,0.0
2024-07-17T05:00,3600,0.0,0.0,0.0,0.0,0.0,0.0,0.0,0.0,0.0
2024-07-17T06:00,3600,0.0,0.0,0.0,0.0,0.0,0.0,0.0,0.0,33.09375533
2024-07-17T07:00,3600,0.0,0.0,0.0,0.0,0.0,0.0,0.0,0.0,136.07628626
2024-07-17T08:00,3600,0.0,0.0,0.0,0.0,0.0,0.0,0.0,0.0,265.18672665
2024-07-17T09:00,3600,0.0,0.0,0.0,0.0,0.0,0.0,0.0,0.0,479.99842599
2024-07-17T10:00,3600,0.0,0.0,0.0,0.0,0.0,0.0,0.0,0.0,516.84439103
2024-07-17T11:00,3600,0.0,0.0,0.0,0.0,0.0,0.0,0.0,0.0,554.30282968
2024-07-17T12:00,3600,0.0,0.0,0.0,0.0,0.0,0.0,0.0,0.0,466.08120574
2024-07-17T13:00,3600,0.0,0.0,0.0,0.0,0.0,0.0,0.0,0.0,654.57523274
2024-07-17T14:00,3600,0.0,0.0,0.0,0.0,0.0,0.0,0.0,0.0,580.51066327
2024-07-17T15:00,3600,0.0,0.0,0.0,0.0,0.0,0.0,0.0,0.0,393.67145788
2024-07-17T16:00,3600,0.0,0.0,0.0,0.0,0.0,0.0,0.0,0.0,295.60582546
2024-07-17T17:00,3600,0.0,0.0,0.0,0.0,0.0,0.0,0.0,0.0,125.80790822
2024-07-17T18:00,3600,1.0870588235294116,0.0,0.0,1.0870588235294116,0.0,0.0,0.0,0.0,33.44661062
2024-07-17T19:00,3600,1.0870588235294116,0.0,0.0,1.0870588235294116,0.0,0.0,0.0,0.0,0.96820194
2024-07-17T20:00,3600,1.0870588235294116,0.0,0.0,1.0870588235294116,0.0,0.0,0.0,0.0,0.0
2024-07-17T21:00,3600,1.0870588235294116,0.0,0.0,1.0870588235294116,0.0,0.0,0.0,0.0,0.0
2024-07-17T22:00,3600,1.0870588235294116,0.0,0.0,1.0870588235294116,0.0,0.0,0.0,0.0,0.0
2024-07-17T23:00,3600,1.0870588235294116,0.0,0.0,1.0870588235294116,0.0,0.0,0.0,0.0,0.0
2024-07-18T00:00,3600,0.0,0.0,0.0,0.0,0.0,0.0,0.0,0.0,0.0
2024-07-18T01:00,3600,0.0,0.0,0.0,0.0,0.0,0.0,0.0,0.0,0.0
2024-07-18T02:00,3600,0.0,0.0,0.0,0.0,0.0,0.0,0.0,0.0,0.0
2024-07-18T03:00,3600,0.0,0.0,0.0,0.0,0.0,0.0,0.0,0.0,0.0
2024-07-18T04:00,3600,0.0,0.0,0.0,0.0,0.0,0.0,0.0,0.0,0.0
2024-07-18T05:00,3600,0.0,0.0,0.0,0.0,0.0,0.0,0.0,0.0,0.0
2024-07-18T06:00,3600,0.0,0.0,0.0,0.0,0.0,0.0,0.0,0.0,26.32429125
2024-07-18T07:00,3600,0.0,0.0,0.0,0.0,0.0,0.0,0.0,0.0,146.09085931
2024-07-18T08:00,3600,0.0,0.0,0.0,0.0,0.0,0.0,0.0,0.0,319.7809987
2024-07-18T09:00,3600,0.0,0.0,0.0,0.0,0.0,0.0,0.0,0.0,484.97898439
2024-07-18T10:00,3600,0.0,0.0,0.0,0.0,0.0,0.0,0.0,0.0,523.47963275
2024-07-18T11:00,3600,0.0,0.0,0.0,0.0,0.0,0.0,0.0,0.0,596.71470562
2024-07-18T12:00,3600,0.0,0.0,0.0,0.0,0.0,0.0,0.0,0.0,519.94786463
2024-07-18T13:00,3600,0.0,0.0,0.0,0.0,0.0,0.0,0.0,0.0,520.5193877
2024-07-18T14:00,3600,0.0,0.0,0.0,0.0,0.0,0.0,0.0,0.0,201.68553461
2024-07-18T15:00,3600,0.0,0.0,0.0,0.0,0.0,0.0,0.0,0.0,247.70921421
2024-07-18T16:00,3600,0.0,0.0,0.0,0.0,0.0,0.0,0.0,0.0,156.0901264
2024-07-18T17:00,3600,0.0,0.0,0.0,0.0,0.0,0.0,0.0,0.0,118.70423066
2024-07-18T18:00,3600,1.0870588235294116,0.0,0.0,1.0870588235294116,0.0,0.0,0.0,0.0,32.68368391
2024-07-18T19:00,3600,1.0870588235294116,0.0,0.0,1.0870588235294116,0.0,0.0,0.0,0.0,0.96820194
2024-07-18T20:00,3600,1.0870588235294116,0.0,0.0,1.0870588235294116,0.0,0.0,0.0,0.0,0.0
2024-07-18T21:00,3600,1.0870588235294116,0.0,0.0,1.0870588235294116,0.0,0.0,0.0,0.0,0.0
2024-07-18T22:00,3600,1.0870588235294116,0.0,0.0,1.0870588235294116,0.0,0.0,0.0,0.0,0.0
2024-07-18T23:00,3600,1.0870588235294116,0.0,0.0,1.0870588235294116,0.0,0.0,0.0,0.0,0.0
2024-07-19T00:00,3600,0.0,0.0,0.0,0.0,0.0,0.0,0.0,0.0,0.0
2024-07-19T01:00,3600,0.0,0.0,0.0,0.0,0.0,0.0,0.0,0.0,0.0
2024-07-19T02:00,3600,0.0,0.0,0.0,0.0,0.0,0.0,0.0,0.0,0.0
2024-07-19T03:00,3600,0.0,0.0,0.0,0.0,0.0,0.0,0.0,0.0,0.0
2024-07-19T04:00,3600,0.0,0.0,0.0,0.0,0.0,0.0,0.0,0.0,0.0
2024-07-19T05:00,3600,0.0,0.0,0.0,0.0,0.0,0.0,0.0,0.0,0.0
2024-07-19T06:00,3600,0.0,0.0,0.0,0.0,0.0,0.0,0.0,0.0,28.26069514
2024-07-19T07:00,3600,0.0,0.0,0.0,0.0,0.0,0.0,0.0,0.0,153.07247975
2024-07-19T08:00,3600,0.0,0.0,0.0,0.0,0.0,0.0,0.0,0.0,297.74254648
2024-07-19T09:00,3600,0.0,0.0,0.0,0.0,0.0,0.0,0.0,0.0,471.70893323
2024-07-19T10:00,3600,0.0,0.0,0.0,0.0,0.0,0.0,0.0,0.0,651.92156484
2024-07-19T11:00,3600,0.0,0.0,0.0,0.0,0.0,0.0,0.0,0.0,765.39472003
2024-07-19T12:00,3600,0.0,0.0,0.0,0.0,0.0,0.0,0.0,0.0,755.25011496
2024-07-19T13:00,3600,0.0,0.0,0.0,0.0,0.0,0.0,0.0,0.0,433.96858188
2024-07-19T14:00,3600,0.0,0.0,0.0,0.0,0.0,0.0,0.0,0.0,222.13351153
2024-07-19T15:00,3600,0.0,0.0,0.0,0.0,0.0,0.0,0.0,0.0,164.48720491
2024-07-19T16:00,3600,0.0,0.0,0.0,0.0,0.0,0.0,0.0,0.0,89.07457861
2024-07-19T17:00,3600,0.0,0.0,0.0,0.0,0.0,0.0,0.0,0.0,41.63268348
2024-07-19T18:00,3600,1.0870588235294116,0.0,0.0,1.0870588235294116,0.0,0.0,0.0,0.0,20.33224077
2024-07-19T19:00,3600,1.0870588235294116,0.0,0.0,1.0870588235294116,0.0,0.0,0.0,0.0,0.96820194
2024-07-19T20:00,3600,1.0870588235294116,0.0,0.0,1.0870588235294116,0.0,0.0,0.0,0.0,0.0
2024-07-19T21:00,3600,1.0870588235294116,0.0,0.0,1.0870588235294116,0.0,0.0,0.0,0.0,0.0
2024-07-19T22:00,3600,1.0870588235294116,0.0,0.0,1.0870588235294116,0.0,0.0,0.0,0.0,0.0
2024-07-19T23:00,3600,1.0870588235294116,0.0,0.0,1.0870588235294116,0.0,0.0,0.0,0.0,0.0
2024-07-20T00:00,3600,0.0,0.0,0.0,0.0,0.0,0.0,0.0,0.0,0.0
2024-07-20T01:00,3600,0.0,0.0,0.0,0.0,0.0,0.0,0.0,0.0,0.0
2024-07-20T02:00,3600,0.0,0.0,0.0,0.0,0.0,0.0,0.0,0.0,0.0
2024-07-20T03:00,3600,0.0,0.0,0.0,0.0,0.0,0.0,0.0,0.0,0.0
2024-07-20T04:00,3600,0.0,0.0,0.0,0.0,0.0,0.0,0.0,0.0,0.0
2024-07-20T05:00,3600,0.0,0.0,0.0,0.0,0.0,0.0,0.0,0.0,0.0
2024-07-20T06:00,3600,0.0,0.0,0.0,0.0,0.0,0.0,0.0,0.0,31.16530096
2024-07-20T07:00,3600,0.0,0.0,0.0,0.0,0.0,0.0,0.0,0.0,165.47823933
2024-07-20T08:00,3600,0.0,0.0,0.0,0.0,0.0,0.0,0.0,0.0,361.19730705
2024-07-20T09:00,3600,0.0,0.0,0.0,0.0,0.0,0.0,0.0,0.0,546.51492471
2024-07-20T10:00,3600,0.0,0.0,0.0,0.0,0.0,0.0,0.0,0.0,702.53740609
2024-07-20T11:00,3600,0.0,0.0,0.0,0.0,0.0,0.0,0.0,0.0,770.21888937
2024-07-20T12:00,3600,0.0,0.0,0.0,0.0,0.0,0.0,0.0,0.0,787.55062039
2024-07-20T13:00,3600,0.0,0.0,0.0,0.0,0.0,0.0,0.0,0.0,591.98145095
2024-07-20T14:00,3600,0.0,0.0,0.0,0.0,0.0,0.0,0.0,0.0,461.27229217
2024-07-20T15:00,3600,0.0,0.0,0.0,0.0,0.0,0.0,0.0,0.0,380.43293544
2024-07-20T16:00,3600,0.0,0.0,0.0,0.0,0.0,0.0,0.0,0.0,309.53157085
2024-07-20T17:00,3600,0.0,0.0,0.0,0.0,0.0,0.0,0.0,0.0,153.88952996
2024-07-20T18:00,3600,0.0,0.0,0.0,0.0,0.0,0.0,0.0,0.0,46.17078301
2024-07-20T19:00,3600,0.0,0.0,0.0,0.0,0.0,0.0,0.0,0.0,0.96820194
2024-07-20T20:00,3600,0.0,0.0,0.0,0.0,0.0,0.0,0.0,0.0,0.0
2024-07-20T21:00,3600,0.0,0.0,0.0,0.0,0.0,0.0,0.0,0.0,0.0
2024-07-20T22:00,3600,0.0,0.0,0.0,0.0,0.0,0.0,0.0,0.0,0.0
2024-07-20T23:00,3600,0.0,0.0,0.0,0.0,0.0,0.0,0.0,0.0,0.0
2024-07-21T00:00,3600,0.0,0.0,0.0,0.0,0.0,0.0,0.0,0.0,0.0
2024-07-21T01:00,3600,0.0,0.0,0.0,0.0,0.0,0.0,0.0,0.0,0.0
2024-07-21T02:00,3600,0.0,0.0,0.0,0.0,0.0,0.0,0.0,0.0,0.0
2024-07-21T03:00,3600,0.0,0.0,0.0,0.0,0.0,0.0,0.0,0.0,0.0
2024-07-21T04:00,3600,0.0,0.0,0.0,0.0,0.0,0.0,0.0,0.0,0.0
2024-07-21T05:00,3600,0.0,0.0,0.0,0.0,0.0,0.0,0.0,0.0,0.0
2024-07-21T06:00,3600,0.0,0.0,0.0,0.0,0.0,0.0,0.0,0.0,26.26069514
2024-07-21T07:00,3600,0.0,0.0,0.0,0.0,0.0,0.0,0.0,0.0,157.42293424
2024-07-21T08:00,3600,0.0,0.0,0.0,0.0,0.0,0.0,0.0,0.0,254.75870903
2024-07-21T09:00,3600,0.0,0.0,0.0,0.0,0.0,0.0,0.0,0.0,329.53838108
2024-07-21T10:00,3600,0.0,0.0,0.0,0.0,0.0,0.0,0.0,0.0,539.15390962
2024-07-21T11:00,3600,0.0,0.0,0.0,0.0,0.0,0.0,0.0,0.0,568.62077723
2024-07-21T12:00,3600,0.0,0.0,0.0,0.0,0.0,0.0,0.0,0.0,614.42733915
2024-07-21T13:00,3600,0.0,0.0,0.0,0.0,0.0,0.0,0.0,0.0,614.39935464
2024-07-21T14:00,3600,0.0,0.0,0.0,0.0,0.0,0.0,0.0,0.0,625.47909548
2024-07-21T15:00,3600,0.0,0.0,0.0,0.0,0.0,0.0,0.0,0.0,430.48023939
2024-07-21T16:00,3600,0.0,0.0,0.0,0.0,0.0,0.0,0.0,0.0,141.55028294
2024-07-21T17:00,3600,0.0,0.0,0.0,0.0,0.0,0.0,0.0,0.0,94.68161662
2024-07-21T18:00,3600,0.0,0.0,0.0,0.0,0.0,0.0,0.0,0.0,35.93321945
2024-07-21T19:00,3600,0.0,0.0,0.0,0.0,0.0,0.0,0.0,0.0,0.96820194
2024-07-21T20:00,3600,0.0,0.0,0.0,0.0,0.0,0.0,0.0,0.0,0.0
2024-07-21T21:00,3600,0.0,0.0,0.0,0.0,0.0,0.0,0.0,0.0,0.0
2024-07-21T22:00,3600,0.0,0.0,0.0,0.0,0.0,0.0,0.0,0.0,0.0
2024-07-21T23:00,3600,0.0,0.0,0.0,0.0,0.0,0.0,0.0,0.0,0.0
2024-07-22T00:00,3600,0.0,0.0,0.0,0.0,0.0,0.0,0.0,0.0,0.0
2024-07-22T01:00,3600,0.0,0.0,0.0,0.0,0.0,0.0,0.0,0.0,0.0
2024-07-22T02:00,3600,0.0,0.0,0.0,0.0,0.0,0.0,0.0,0.0,0.0
2024-07-22T03:00,3600,0.0,0.0,0.0,0.0,0.0,0.0,0.0,0.0,0.0
2024-07-22T04:00,3600,0.0,0.0,0.0,0.0,0.0,0.0,0.0,0.0,0.0
2024-07-22T05:00,3600,0.0,0.0,0.0,0.0,0.0,0.0,0.0,0.0,0.0
2024-07-22T06:00,3600,0.0,0.0,0.0,0.0,0.0,0.0,0.0,0.0,25.28454368
2024-07-22T07:00,3600,0.0,0.0,0.0,0.0,0.0,0.0,0.0,0.0,99.59430265
2024-07-22T08:00,3600,0.0,0.0,0.0,0.0,0.0,0.0,0.0,0.0,236.75654062
2024-07-22T09:00,3600,0.0,0.0,0.0,0.0,0.0,0.0,0.0,0.0,444.0042289
2024-07-22T10:00,3600,0.0,0.0,0.0,0.0,0.0,0.0,0.0,0.0,615.28310825
2024-07-22T11:00,3600,0.0,0.0,0.0,0.0,0.0,0.0,0.0,0.0,581.50240569
2024-07-22T12:00,3600,0.0,0.0,0.0,0.0,0.0,0.0,0.0,0.0,713.11496937
2024-07-22T13:00,3600,0.0,0.0,0.0,0.0,0.0,0.0,0.0,0.0,709.89271323
2024-07-22T14:00,3600,0.0,0.0,0.0,0.0,0.0,0.0,0.0,0.0,621.68041983
2024-07-22T15:00,3600,0.0,0.0,0.0,0.0,0.0,0.0,0.0,0.0,539.22106357
2024-07-22T16:00,3600,0.0,0.0,0.0,0.0,0.0,0.0,0.0,0.0,282.53705077
2024-07-22T17:00,3600,0.0,0.0,0.0,0.0,0.0,0.0,0.0,0.0,142.78199189
2024-07-22T18:00,3600,1.0870588235294116,0.0,0.0,1.0870588235294116,0.0,0.0,0.0,0.0,40.61806398
2024-07-22T19:00,3600,1.0870588235294116,0.0,0.0,1.0870588235294116,0.0,0.0,0.0,0.0,0.96820194
2024-07-22T20:00,3600,1.0870588235294116,0.0,0.0,1.0870588235294116,0.0,0.0,0.0,0.0,0.0
2024-07-22T21:00,3600,1.0870588235294116,0.0,0.0,1.0870588235294116,0.0,0.0,0.0,0.0,0.0
2024-07-22T22:00,3600,1.0870588235294116,0.0,0.0,1.0870588235294116,0.0,0.0,0.0,0.0,0.0
2024-07-22T23:00,3600,1.0870588235294116,0.0,0.0,1.0870588235294116,0.0,0.0,0.0,0.0,0.0
2024-07-23T00:00,3600,0.0,0.0,0.0,0.0,0.0,0.0,0.0,0.0,0.0
2024-07-23T01:00,3600,0.0,0.0,0.0,0.0,0.0,0.0,0.0,0.0,0.0
2024-07-23T02:00,3600,0.0,0.0,0.0,0.0,0.0,0.0,0.0,0.0,0.0
2024-07-23T03:00,3600,0.0,0.0,0.0,0.0,0.0,0.0,0.0,0.0,0.0
2024-07-23T04:00,3600,0.0,0.0,0.0,0.0,0.0,0.0,0.0,0.0,0.0
2024-07-23T05:00,3600,0.0,0.0,0.0,0.0,0.0,0.0,0.0,0.0,0.0
2024-07-23T06:00,3600,0.0,0.0,0.0,0.0,0.0,0.0,0.0,0.0,28.20504853
2024-07-23T07:00,3600,0.0,0.0,0.0,0.0,0.0,0.0,0.0,0.0,156.1168056
2024-07-23T08:00,3600,0.0,0.0,0.0,0.0,0.0,0.0,0.0,0.0,310.60516349
2024-07-23T09:00,3600,0.0,0.0,0.0,0.0,0.0,0.0,0.0,0.0,478.61162017
2024-07-23T10:00,3600,0.0,0.0,0.0,0.0,0.0,0.0,0.0,0.0,675.06882793
2024-07-23T11:00,3600,0.0,0.0,0.0,0.0,0.0,0.0,0.0,0.0,772.85636941
2024-07-23T12:00,3600,0.0,0.0,0.0,0.0,0.0,0.0,0.0,0.0,706.90086326
2024-07-23T13:00,3600,0.0,0.0,0.0,0.0,0.0,0.0,0.0,0.0,674.81960823
2024-07-23T14:00,3600,0.0,0.0,0.0,0.0,0.0,0.0,0.0,0.0,650.59108739
2024-07-23T15:00,3600,0.0,0.0,0.0,0.0,0.0,0.0,0.0,0.0,492.54101859
2024-07-23T16:00,3600,0.0,0.0,0.0,0.0,0.0,0.0,0.0,0.0,351.65116411
2024-07-23T17:00,3600,0.0,0.0,0.0,0.0,0.0,0.0,0.0,0.0,196.74561029
2024-07-23T18:00,3600,1.0713223529411764,0.0,0.0,1.0713223529411764,0.0,0.0,0.0,0.0,43.91953892
2024-07-23T19:00,3600,1.0775341176470588,0.0,0.0,1.0775341176470588,0.0,0.0,0.0,0.0,0.96820194
2024-07-23T20:00,3600,1.0787764705882352,0.0,0.0,1.0787764705882352,0.0,0.0,0.0,0.0,0.0
2024-07-23T21:00,3600,1.0800188235294121,0.0,0.0,1.0800188235294121,0.0,0.0,0.0,0.0,0.0
2024-07-23T22:00,3600,1.0870588235294116,0.0,0.0,1.0870588235294116,0.0,0.0,0.0,0.0,0.0
2024-07-23T23:00,3600,1.0870588235294116,0.0,0.0,1.0870588235294116,0.0,0.0,0.0,0.0,0.0
2024-07-24T00:00,3600,0.0,0.0,0.0,0.0,0.0,0.0,0.0,0.0,0.0
2024-07-24T01:00,3600,0.0,0.0,0.0,0.0,0.0,0.0,0.0,0.0,0.0
2024-07-24T02:00,3600,0.0,0.0,0.0,0.0,0.0,0.0,0.0,0.0,0.0
2024-07-24T03:00,3600,0.0,0.0,0.0,0.0,0.0,0.0,0.0,0.0,0.0
2024-07-24T04:00,3600,0.0,0.0,0.0,0.0,0.0,0.0,0.0,0.0,0.0
2024-07-24T05:00,3600,0.0,0.0,0.0,0.0,0.0,0.0,0.0,0.0,0.0
2024-07-24T06:00,3600,0.0,0.0,0.0,0.0,0.0,0.0,0.0,0.0,38.81552232
2024-07-24T07:00,3600,0.0,0.0,0.0,0.0,0.0,0.0,0.0,0.0,150.17249349
2024-07-24T08:00,3600,0.0,0.0,0.0,0.0,0.0,0.0,0.0,0.0,343.67866536
2024-07-24T09:00,3600,0.0,0.0,0.0,0.0,0.0,0.0,0.0,0.0,572.24435698
2024-07-24T10:00,3600,0.0,0.0,0.0,0.0,0.0,0.0,0.0,0.0,742.39013548
2024-07-24T11:00,3600,0.0,0.0,0.0,0.0,0.0,0.0,0.0,0.0,797.11879562
2024-07-24T12:00,3600,0.0,0.0,0.0,0.0,0.0,0.0,0.0,0.0,761.47474355
2024-07-24T13:00,3600,0.0,0.0,0.0,0.0,0.0,0.0,0.0,0.0,807.50169362
2024-07-24T14:00,3600,0.0,0.0,0.0,0.0,0.0,0.0,0.0,0.0,574.23835839
2024-07-24T15:00,3600,0.0,0.0,0.0,0.0,0.0,0.0,0.0,0.0,476.81599371
2024-07-24T16:00,3600,0.0,0.0,0.0,0.0,0.0,0.0,0.0,0.0,349.54249783
2024-07-24T17:00,3600,0.0,0.0,0.0,0.0,0.0,0.0,0.0,0.0,174.08871627
2024-07-24T18:00,3600,1.0688376470588234,0.0,0.0,1.0688376470588234,0.0,0.0,0.0,0.0,34.55093963
2024-07-24T19:00,3600,1.072564705882353,0.0,0.0,1.072564705882353,0.0,0.0,0.0,0.0,0.96820194
2024-07-24T20:00,3600,1.0738070588235296,0.0,0.0,1.0738070588235296,0.0,0.0,0.0,0.0,0.0
2024-07-24T21:00,3600,1.0738070588235296,0.0,0.0,1.0738070588235296,0.0,0.0,0.0,0.0,0.0
2024-07-24T22:00,3600,1.0870588235294116,0.0,0.0,1.0870588235294116,0.0,0.0,0.0,0.0,0.0
2024-07-24T23:00,3600,1.0870588235294116,0.0,0.0,1.0870588235294116,0.0,0.0,0.0,0.0,0.0
2024-07-25T00:00,3600,0.0,0.0,0.0,0.0,0.0,0.0,0.0,0.0,0.0
2024-07-25T01:00,3600,0.0,0.0,0.0,0.0,0.0,0.0,0.0,0.0,0.0
2024-07-25T02:00,3600,0.0,0.0,0.0,0.0,0.0,0.0,0.0,0.0,0.0
2024-07-25T03:00,3600,0.0,0.0,0.0,0.0,0.0,0.0,0.0,0.0,0.0
2024-07-25T04:00,3600,0.0,0.0,0.0,0.0,0.0,0.0,0.0,0.0,0.0
2024-07-25T05:00,3600,0.0,0.0,0.0,0.0,0.0,0.0,0.0,0.0,0.0
2024-07-25T06:00,3600,0.0,0.0,0.0,0.0,0.0,0.0,0.0,0.0,32.09375533
2024-07-25T07:00,3600,0.0,0.0,0.0,0.0,0.0,0.0,0.0,0.0,166.83530614
2024-07-25T08:00,3600,0.0,0.0,0.0,0.0,0.0,0.0,0.0,0.0,370.01914143
2024-07-25T09:00,3600,0.0,0.0,0.0,0.0,0.0,0.0,0.0,0.0,556.08061146
2024-07-25T10:00,3600,0.0,0.0,0.0,0.0,0.0,0.0,0.0,0.0,738.27514552
2024-07-25T11:00,3600,0.0,0.0,0.0,0.0,0.0,0.0,0.0,0.0,866.38855644
2024-07-25T12:00,3600,0.0,0.0,0.0,0.0,0.0,0.0,0.0,0.0,880.65127453
2024-07-25T13:00,3600,0.0,0.0,0.0,0.0,0.0,0.0,0.0,0.0,826.56072307
2024-07-25T14:00,3600,0.0,0.0,0.0,0.0,0.0,0.0,0.0,0.0,759.36464614
2024-07-25T15:00,3600,0.0,0.0,0.0,0.0,0.0,0.0,0.0,0.0,591.85892426
2024-07-25T16:00,3600,0.0,0.0,0.0,0.0,0.0,0.0,0.0,0.0,402.54254213
2024-07-25T17:00,3600,0.0,0.0,0.0,0.0,0.0,0.0,0.0,0.0,197.65626811
2024-07-25T18:00,3600,1.0464752941176472,0.0,0.0,1.0464752941176472,0.0,0.0,0.0,0.0,46.12472022
2024-07-25T19:00,3600,1.0477176470588236,0.0,0.0,1.0477176470588236,0.0,0.0,0.0,0.0,0.96820194
2024-07-25T20:00,3600,1.0477176470588236,0.0,0.0,1.0477176470588236,0.0,0.0,0.0,0.0,0.0
2024-07-25T21:00,3600,1.04896,0.0,0.0,1.04896,0.0,0.0,0.0,0.0,0.0
2024-07-25T22:00,3600,1.0601411764705884,0.0,0.0,1.0601411764705884,0.0,0.0,0.0,0.0,0.0
2024-07-25T23:00,3600,1.0688376470588234,0.0,0.0,1.0688376470588234,0.0,0.0,0.0,0.0,0.0
2024-07-26T00:00,3600,0.0,0.0,0.0,0.0,0.0,0.0,0.0,0.0,0.0
2024-07-26T01:00,3600,0.0,0.0,0.0,0.0,0.0,0.0,0.0,0.0,0.0
2024-07-26T02:00,3600,0.0,0.0,0.0,0.0,0.0,0.0,0.0,0.0,0.0
2024-07-26T03:00,3600,0.0,0.0,0.0,0.0,0.0,0.0,0.0,0.0,0.0
2024-07-26T04:00,3600,0.0,0.0,0.0,0.0,0.0,0.0,0.0,0.0,0.0
2024-07-26T05:00,3600,0.0,0.0,0.0,0.0,0.0,0.0,0.0,0.0,0.0
2024-07-26T06:00,3600,0.0,0.0,0.0,0.0,0.0,0.0,0.0,0.0,27.16530096
2024-07-26T07:00,3600,0.0,0.0,0.0,0.0,0.0,0.0,0.0,0.0,113.7947476
2024-07-26T08:00,3600,0.0,0.0,0.0,0.0,0.0,0.0,0.0,0.0,177.08611698
2024-07-26T09:00,3600,0.0,0.0,0.0,0.0,0.0,0.0,0.0,0.0,337.19019563
2024-07-26T10:00,3600,0.0,0.0,0.0,0.0,0.0,0.0,0.0,0.0,359.37323647
2024-07-26T11:00,3600,0.0,0.0,0.0,0.0,0.0,0.0,0.0,0.0,532.87617469
2024-07-26T12:00,3600,0.0,0.0,0.0,0.0,0.0,0.0,0.0,0.0,534.90938943
2024-07-26T13:00,3600,0.0,0.0,0.0,0.0,0.0,0.0,0.0,0.0,544.21447661
2024-07-26T14:00,3600,0.0,0.0,0.0,0.0,0.0,0.0,0.0,0.0,342.37018939
2024-07-26T15:00,3600,0.0,0.0,0.0,0.0,0.0,0.0,0.0,0.0,370.06571455
2024-07-26T16:00,3600,0.0,0.0,0.0,0.0,0.0,0.0,0.0,0.0,254.92923422
2024-07-26T17:00,3600,0.0,0.0,0.0,0.0,0.0,0.0,0.0,0.0,165.45125345
2024-07-26T18:00,3600,1.072564705882353,0.0,0.0,1.072564705882353,0.0,0.0,0.0,0.0,31.09607097
2024-07-26T19:00,3600,1.0870588235294116,0.0,0.0,1.0870588235294116,0.0,0.0,0.0,0.0,0.0
2024-07-26T20:00,3600,1.0870588235294116,0.0,0.0,1.0870588235294116,0.0,0.0,0.0,0.0,0.0
2024-07-26T21:00,3600,1.0870588235294116,0.0,0.0,1.0870588235294116,0.0,0.0,0.0,0.0,0.0
2024-07-26T22:00,3600,1.0870588235294116,0.0,0.0,1.0870588235294116,0.0,0.0,0.0,0.0,0.0
2024-07-26T23:00,3600,1.0870588235294116,0.0,0.0,1.0870588235294116,0.0,0.0,0.0,0.0,0.0
2024-07-27T00:00,3600,0.0,0.0,0.0,0.0,0.0,0.0,0.0,0.0,0.0
2024-07-27T01:00,3600,0.0,0.0,0.0,0.0,0.0,0.0,0.0,0.0,0.0
2024-07-27T02:00,3600,0.0,0.0,0.0,0.0,0.0,0.0,0.0,0.0,0.0
2024-07-27T03:00,3600,0.0,0.0,0.0,0.0,0.0,0.0,0.0,0.0,0.0
2024-07-27T04:00,3600,0.0,0.0,0.0,0.0,0.0,0.0,0.0,0.0,0.0
2024-07-27T05:00,3600,0.0,0.0,0.0,0.0,0.0,0.0,0.0,0.0,0.0
2024-07-27T06:00,3600,0.0,0.0,0.0,0.0,0.0,0.0,0.0,0.0,3.87280777
2024-07-27T07:00,3600,0.0,0.0,0.0,0.0,0.0,0.0,0.0,0.0,11.6184233
2024-07-27T08:00,3600,0.0,0.0,0.0,0.0,0.0,0.0,0.0,0.0,24.20504853
2024-07-27T09:00,3600,0.0,0.0,0.0,0.0,0.0,0.0,0.0,0.0,39.6962796
2024-07-27T10:00,3600,0.0,0.0,0.0,0.0,0.0,0.0,0.0,0.0,52.28290483
2024-07-27T11:00,3600,0.0,0.0,0.0,0.0,0.0,0.0,0.0,0.0,66.80593396
2024-07-27T12:00,3600,0.0,0.0,0.0,0.0,0.0,0.0,0.0,0.0,93.91558831
2024-07-27T13:00,3600,0.0,0.0,0.0,0.0,0.0,0.0,0.0,0.0,110.37502132
2024-07-27T14:00,3600,0.0,0.0,0.0,0.0,0.0,0.0,0.0,0.0,74.55154949
2024-07-27T15:00,3600,0.0,0.0,0.0,0.0,0.0,0.0,0.0,0.0,69.71053978
2024-07-27T16:00,3600,0.0,0.0,0.0,0.0,0.0,0.0,0.0,0.0,47.44189513
2024-07-27T17:00,3600,0.0,0.0,0.0,0.0,0.0,0.0,0.0,0.0,26.14145242
2024-07-27T18:00,3600,0.0,0.0,0.0,0.0,0.0,0.0,0.0,0.0,8.71381747
2024-07-27T19:00,3600,0.0,0.0,0.0,0.0,0.0,0.0,0.0,0.0,0.0
2024-07-27T20:00,3600,0.0,0.0,0.0,0.0,0.0,0.0,0.0,0.0,0.0
2024-07-27T21:00,3600,0.0,0.0,0.0,0.0,0.0,0.0,0.0,0.0,0.0
2024-07-27T22:00,3600,0.0,0.0,0.0,0.0,0.0,0.0,0.0,0.0,0.0
2024-07-27T23:00,3600,0.0,0.0,0.0,0.0,0.0,0.0,0.0,0.0,0.0
2024-07-28T00:00,3600,0.0,0.0,0.0,0.0,0.0,0.0,0.0,0.0,0.0
2024-07-28T01:00,3600,0.0,0.0,0.0,0.0,0.0,0.0,0.0,0.0,0.0
2024-07-28T02:00,3600,0.0,0.0,0.0,0.0,0.0,0.0,0.0,0.0,0.0
2024-07-28T03:00,3600,0.0,0.0,0.0,0.0,0.0,0.0,0.0,0.0,0.0
2024-07-28T04:00,3600,0.0,0.0,0.0,0.0,0.0,0.0,0.0,0.0,0.0
2024-07-28T05:00,3600,0.0,0.0,0.0,0.0,0.0,0.0,0.0,0.0,0.0
2024-07-28T06:00,3600,0.0,0.0,0.0,0.0,0.0,0.0,0.0,0.0,5.80921165
2024-07-28T07:00,3600,0.0,0.0,0.0,0.0,0.0,0.0,0.0,0.0,21.30044271
2024-07-28T08:00,3600,0.0,0.0,0.0,0.0,0.0,0.0,0.0,0.0,35.82347183
2024-07-28T09:00,3600,0.0,0.0,0.0,0.0,0.0,0.0,0.0,0.0,80.63026801
2024-07-28T10:00,3600,0.0,0.0,0.0,0.0,0.0,0.0,0.0,0.0,87.99124962
2024-07-28T11:00,3600,0.0,0.0,0.0,0.0,0.0,0.0,0.0,0.0,146.19212495
2024-07-28T12:00,3600,0.0,0.0,0.0,0.0,0.0,0.0,0.0,0.0,215.87673725
2024-07-28T13:00,3600,0.0,0.0,0.0,0.0,0.0,0.0,0.0,0.0,220.65555726
2024-07-28T14:00,3600,0.0,0.0,0.0,0.0,0.0,0.0,0.0,0.0,100.6930019
2024-07-28T15:00,3600,0.0,0.0,0.0,0.0,0.0,0.0,0.0,0.0,146.11611889
2024-07-28T16:00,3600,0.0,0.0,0.0,0.0,0.0,0.0,0.0,0.0,77.32401373
2024-07-28T17:00,3600,0.0,0.0,0.0,0.0,0.0,0.0,0.0,0.0,64.86953007
2024-07-28T18:00,3600,0.0,0.0,0.0,0.0,0.0,0.0,0.0,0.0,23.35112029
2024-07-28T19:00,3600,0.0,0.0,0.0,0.0,0.0,0.0,0.0,0.0,0.0
2024-07-28T20:00,3600,0.0,0.0,0.0,0.0,0.0,0.0,0.0,0.0,0.0
2024-07-28T21:00,3600,0.0,0.0,0.0,0.0,0.0,0.0,0.0,0.0,0.0
2024-07-28T22:00,3600,0.0,0.0,0.0,0.0,0.0,0.0,0.0,0.0,0.0
2024-07-28T23:00,3600,0.0,0.0,0.0,0.0,0.0,0.0,0.0,0.0,0.0
2024-07-29T00:00,3600,0.0,0.0,0.0,0.0,0.0,0.0,0.0,0.0,0.0
2024-07-29T01:00,3600,0.0,0.0,0.0,0.0,0.0,0.0,0.0,0.0,0.0
2024-07-29T02:00,3600,0.0,0.0,0.0,0.0,0.0,0.0,0.0,0.0,0.0
2024-07-29T03:00,3600,0.0,0.0,0.0,0.0,0.0,0.0,0.0,0.0,0.0
2024-07-29T04:00,3600,0.0,0.0,0.0,0.0,0.0,0.0,0.0,0.0,0.0
2024-07-29T05:00,3600,0.0,0.0,0.0,0.0,0.0,0.0,0.0,0.0,0.0
2024-07-29T06:00,3600,0.0,0.0,0.0,0.0,0.0,0.0,0.0,0.0,11.65022136
2024-07-29T07:00,3600,0.0,0.0,0.0,0.0,0.0,0.0,0.0,0.0,53.99073118
2024-07-29T08:00,3600,0.0,0.0,0.0,0.0,0.0,0.0,0.0,0.0,135.61739711
2024-07-29T09:00,3600,0.0,0.0,0.0,0.0,0.0,0.0,0.0,0.0,254.83319266
2024-07-29T10:00,3600,0.0,0.0,0.0,0.0,0.0,0.0,0.0,0.0,443.67746483
2024-07-29T11:00,3600,0.0,0.0,0.0,0.0,0.0,0.0,0.0,0.0,386.80649584
2024-07-29T12:00,3600,0.0,0.0,0.0,0.0,0.0,0.0,0.0,0.0,394.85448862
2024-07-29T13:00,3600,0.0,0.0,0.0,0.0,0.0,0.0,0.0,0.0,153.86114965
2024-07-29T14:00,3600,0.0,0.0,0.0,0.0,0.0,0.0,0.0,0.0,253.5364736
2024-07-29T15:00,3600,0.0,0.0,0.0,0.0,0.0,0.0,0.0,0.0,195.57657308
2024-07-29T16:00,3600,0.0,0.0,0.0,0.0,0.0,0.0,0.0,0.0,88.99214427
2024-07-29T17:00,3600,0.0,0.0,0.0,0.0,0.0,0.0,0.0,0.0,68.51163075
2024-07-29T18:00,3600,1.0870588235294116,0.0,0.0,1.0870588235294116,0.0,0.0,0.0,0.0,24.20504853
2024-07-29T19:00,3600,1.0870588235294116,0.0,0.0,1.0870588235294116,0.0,0.0,0.0,0.0,0.0
2024-07-29T20:00,3600,1.0870588235294116,0.0,0.0,1.0870588235294116,0.0,0.0,0.0,0.0,0.0
2024-07-29T21:00,3600,1.0870588235294116,0.0,0.0,1.0870588235294116,0.0,0.0,0.0,0.0,0.0
2024-07-29T22:00,3600,1.0870588235294116,0.0,0.0,1.0870588235294116,0.0,0.0,0.0,0.0,0.0
2024-07-29T23:00,3600,1.0870588235294116,0.0,0.0,1.0870588235294116,0.0,0.0,0.0,0.0,0.0
2024-07-30T00:00,3600,0.0,0.0,0.0,0.0,0.0,0.0,0.0,0.0,0.0
2024-07-30T01:00,3600,0.0,0.0,0.0,0.0,0.0,0.0,0.0,0.0,0.0
2024-07-30T02:00,3600,0.0,0.0,0.0,0.0,0.0,0.0,0.0,0.0,0.0
2024-07-30T03:00,3600,0.0,0.0,0.0,0.0,0.0,0.0,0.0,0.0,0.0
2024-07-30T04:00,3600,0.0,0.0,0.0,0.0,0.0,0.0,0.0,0.0,0.0
2024-07-30T05:00,3600,0.0,0.0,0.0,0.0,0.0,0.0,0.0,0.0,0.0
2024-07-30T06:00,3600,0.0,0.0,0.0,0.0,0.0,0.0,0.0,0.0,21.34019028
2024-07-30T07:00,3600,0.0,0.0,0.0,0.0,0.0,0.0,0.0,0.0,78.03999188
2024-07-30T08:00,3600,0.0,0.0,0.0,0.0,0.0,0.0,0.0,0.0,134.1932968
2024-07-30T09:00,3600,0.0,0.0,0.0,0.0,0.0,0.0,0.0,0.0,187.54026144
2024-07-30T10:00,3600,0.0,0.0,0.0,0.0,0.0,0.0,0.0,0.0,361.36964416
2024-07-30T11:00,3600,0.0,0.0,0.0,0.0,0.0,0.0,0.0,0.0,346.86088356
2024-07-30T12:00,3600,0.0,0.0,0.0,0.0,0.0,0.0,0.0,0.0,613.47043674
2024-07-30T13:00,3600,0.0,0.0,0.0,0.0,0.0,0.0,0.0,0.0,487.10884596
2024-07-30T14:00,3600,0.0,0.0,0.0,0.0,0.0,0.0,0.0,0.0,281.50529382
2024-07-30T15:00,3600,0.0,0.0,0.0,0.0,0.0,0.0,0.0,0.0,290.94402932
2024-07-30T16:00,3600,0.0,0.0,0.0,0.0,0.0,0.0,0.0,0.0,166.6003837
2024-07-30T17:00,3600,0.0,0.0,0.0,0.0,0.0,0.0,0.0,0.0,85.25635793
2024-07-30T18:00,3600,1.0870588235294116,0.0,0.0,1.0870588235294116,0.0,0.0,0.0,0.0,14.6352749
2024-07-30T19:00,3600,1.0870588235294116,0.0,0.0,1.0870588235294116,0.0,0.0,0.0,0.0,0.0
2024-07-30T20:00,3600,1.0870588235294116,0.0,0.0,1.0870588235294116,0.0,0.0,0.0,0.0,0.0
2024-07-30T21:00,3600,1.0870588235294116,0.0,0.0,1.0870588235294116,0.0,0.0,0.0,0.0,0.0
2024-07-30T22:00,3600,1.0870588235294116,0.0,0.0,1.0870588235294116,0.0,0.0,0.0,0.0,0.0
2024-07-30T23:00,3600,1.0870588235294116,0.0,0.0,1.0870588235294116,0.0,0.0,0.0,0.0,0.0
2024-07-31T00:00,3600,0.0,0.0,0.0,0.0,0.0,0.0,0.0,0.0,0.0
2024-07-31T01:00,3600,0.0,0.0,0.0,0.0,0.0,0.0,0.0,0.0,0.0
2024-07-31T02:00,3600,0.0,0.0,0.0,0.0,0.0,0.0,0.0,0.0,0.0
2024-07-31T03:00,3600,0.0,0.0,0.0,0.0,0.0,0.0,0.0,0.0,0.0
2024-07-31T04:00,3600,0.0,0.0,0.0,0.0,0.0,0.0,0.0,0.0,0.0
2024-07-31T05:00,3600,0.0,0.0,0.0,0.0,0.0,0.0,0.0,0.0,0.0
2024-07-31T06:00,3600,0.0,0.0,0.0,0.0,0.0,0.0,0.0,0.0,14.58662524
2024-07-31T07:00,3600,0.0,0.0,0.0,0.0,0.0,0.0,0.0,0.0,115.52832753
2024-07-31T08:00,3600,0.0,0.0,0.0,0.0,0.0,0.0,0.0,0.0,252.59000903
2024-07-31T09:00,3600,0.0,0.0,0.0,0.0,0.0,0.0,0.0,0.0,459.14568277
2024-07-31T10:00,3600,0.0,0.0,0.0,0.0,0.0,0.0,0.0,0.0,286.89455479
2024-07-31T11:00,3600,0.0,0.0,0.0,0.0,0.0,0.0,0.0,0.0,360.32890101
2024-07-31T12:00,3600,0.0,0.0,0.0,0.0,0.0,0.0,0.0,0.0,358.8625035
2024-07-31T13:00,3600,0.0,0.0,0.0,0.0,0.0,0.0,0.0,0.0,491.24270878
2024-07-31T14:00,3600,0.0,0.0,0.0,0.0,0.0,0.0,0.0,0.0,536.85002488
2024-07-31T15:00,3600,0.0,0.0,0.0,0.0,0.0,0.0,0.0,0.0,338.81482859
2024-07-31T16:00,3600,0.0,0.0,0.0,0.0,0.0,0.0,0.0,0.0,181.93432113
2024-07-31T17:00,3600,0.0,0.0,0.0,0.0,0.0,0.0,0.0,0.0,86.95430812
2024-07-31T18:00,3600,1.0870588235294116,0.0,0.0,1.0870588235294116,0.0,0.0,0.0,0.0,22.82886444
2024-07-31T19:00,3600,1.0870588235294116,0.0,0.0,1.0870588235294116,0.0,0.0,0.0,0.0,0.0
2024-07-31T20:00,3600,1.0870588235294116,0.0,0.0,1.0870588235294116,0.0,0.0,0.0,0.0,0.0
2024-07-31T21:00,3600,1.0870588235294116,0.0,0.0,1.0870588235294116,0.0,0.0,0.0,0.0,0.0
2024-07-31T22:00,3600,1.0870588235294116,0.0,0.0,1.0870588235294116,0.0,0.0,0.0,0.0,0.0
2024-07-31T23:00,3600,1.0870588235294116,0.0,0.0,1.0870588235294116,0.0,0.0,0.0,0.0,0.0
2024-08-01T00:00,3600,0.0,0.0,0.0,0.0,0.0,0.0,0.0,0.0,0.0
2024-08-01T01:00,3600,0.0,0.0,0.0,0.0,0.0,0.0,0.0,0.0,0.0
2024-08-01T02:00,3600,0.0,0.0,0.0,0.0,0.0,0.0,0.0,0.0,0.0
2024-08-01T03:00,3600,0.0,0.0,0.0,0.0,0.0,0.0,0.0,0.0,0.0
2024-08-01T04:00,3600,0.0,0.0,0.0,0.0,0.0,0.0,0.0,0.0,0.0
2024-08-01T05:00,3600,0.0,0.0,0.0,0.0,0.0,0.0,0.0,0.0,0.0
2024-08-01T06:00,3600,0.0,0.0,0.0,0.0,0.0,0.0,0.0,0.0,24.26864465
2024-08-01T07:00,3600,0.0,0.0,0.0,0.0,0.0,0.0,0.0,0.0,121.4261621
2024-08-01T08:00,3600,0.0,0.0,0.0,0.0,0.0,0.0,0.0,0.0,239.61908438
2024-08-01T09:00,3600,0.0,0.0,0.0,0.0,0.0,0.0,0.0,0.0,434.87159056
2024-08-01T10:00,3600,0.0,0.0,0.0,0.0,0.0,0.0,0.0,0.0,598.82108336
2024-08-01T11:00,3600,0.0,0.0,0.0,0.0,0.0,0.0,0.0,0.0,603.13462375
2024-08-01T12:00,3600,0.0,0.0,0.0,0.0,0.0,0.0,0.0,0.0,681.27856484
2024-08-01T13:00,3600,0.0,0.0,0.0,0.0,0.0,0.0,0.0,0.0,622.85631046
2024-08-01T14:00,3600,0.0,0.0,0.0,0.0,0.0,0.0,0.0,0.0,505.96319457
2024-08-01T15:00,3600,0.0,0.0,0.0,0.0,0.0,0.0,0.0,0.0,452.6244703
2024-08-01T16:00,3600,0.0,0.0,0.0,0.0,0.0,0.0,0.0,0.0,289.47908993
2024-08-01T17:00,3600,0.0,0.0,0.0,0.0,0.0,0.0,0.0,0.0,174.32366659
2024-08-01T18:00,3600,1.0870588235294116,0.0,0.0,1.0870588235294116,0.0,0.0,0.0,0.0,28.91435379
2024-08-01T19:00,3600,1.0870588235294116,0.0,0.0,1.0870588235294116,0.0,0.0,0.0,0.0,0.0
2024-08-01T20:00,3600,1.0870588235294116,0.0,0.0,1.0870588235294116,0.0,0.0,0.0,0.0,0.0
2024-08-01T21:00,3600,1.0870588235294116,0.0,0.0,1.0870588235294116,0.0,0.0,0.0,0.0,0.0
2024-08-01T22:00,3600,1.0870588235294116,0.0,0.0,1.0870588235294116,0.0,0.0,0.0,0.0,0.0
2024-08-01T23:00,3600,1.0870588235294116,0.0,0.0,1.0870588235294116,0.0,0.0,0.0,0.0,0.0
2024-08-02T00:00,3600,0.0,0.0,0.0,0.0,0.0,0.0,0.0,0.0,0.0
2024-08-02T01:00,3600,0.0,0.0,0.0,0.0,0.0,0.0,0.0,0.0,0.0
2024-08-02T02:00,3600,0.0,0.0,0.0,0.0,0.0,0.0,0.0,0.0,0.0
2024-08-02T03:00,3600,0.0,0.0,0.0,0.0,0.0,0.0,0.0,0.0,0.0
2024-08-02T04:00,3600,0.0,0.0,0.0,0.0,0.0,0.0,0.0,0.0,0.0
2024-08-02T05:00,3600,0.0,0.0,0.0,0.0,0.0,0.0,0.0,0.0,0.0
2024-08-02T06:00,3600,0.0,0.0,0.0,0.0,0.0,0.0,0.0,0.0,18.50713009
2024-08-02T07:00,3600,0.0,0.0,0.0,0.0,0.0,0.0,0.0,0.0,141.11587042
2024-08-02T08:00,3600,0.0,0.0,0.0,0.0,0.0,0.0,0.0,0.0,257.06974243
2024-08-02T09:00,3600,0.0,0.0,0.0,0.0,0.0,0.0,0.0,0.0,434.29473122
2024-08-02T10:00,3600,0.0,0.0,0.0,0.0,0.0,0.0,0.0,0.0,599.89583666
2024-08-02T11:00,3600,0.0,0.0,0.0,0.0,0.0,0.0,0.0,0.0,644.3803312
2024-08-02T12:00,3600,0.0,0.0,0.0,0.0,0.0,0.0,0.0,0.0,775.18744593
2024-08-02T13:00,3600,0.0,0.0,0.0,0.0,0.0,0.0,0.0,0.0,711.25769949
2024-08-02T14:00,3600,0.0,0.0,0.0,0.0,0.0,0.0,0.0,0.0,537.35775132
2024-08-02T15:00,3600,0.0,0.0,0.0,0.0,0.0,0.0,0.0,0.0,558.02706366
2024-08-02T16:00,3600,0.0,0.0,0.0,0.0,0.0,0.0,0.0,0.0,322.46405319
2024-08-02T17:00,3600,0.0,0.0,0.0,0.0,0.0,0.0,0.0,0.0,163.29554626
2024-08-02T18:00,3600,1.0870588235294116,0.0,0.0,1.0870588235294116,0.0,0.0,0.0,0.0,34.90624069
2024-08-02T19:00,3600,1.0870588235294116,0.0,0.0,1.0870588235294116,0.0,0.0,0.0,0.0,0.0
2024-08-02T20:00,3600,1.0870588235294116,0.0,0.0,1.0870588235294116,0.0,0.0,0.0,0.0,0.0
2024-08-02T21:00,3600,1.0870588235294116,0.0,0.0,1.0870588235294116,0.0,0.0,0.0,0.0,0.0
2024-08-02T22:00,3600,1.0870588235294116,0.0,0.0,1.0870588235294116,0.0,0.0,0.0,0.0,0.0
2024-08-02T23:00,3600,1.0870588235294116,0.0,0.0,1.0870588235294116,0.0,0.0,0.0,0.0,0.0
2024-08-03T00:00,3600,0.0,0.0,0.0,0.0,0.0,0.0,0.0,0.0,0.0
2024-08-03T01:00,3600,0.0,0.0,0.0,0.0,0.0,0.0,0.0,0.0,0.0
2024-08-03T02:00,3600,0.0,0.0,0.0,0.0,0.0,0.0,0.0,0.0,0.0
2024-08-03T03:00,3600,0.0,0.0,0.0,0.0,0.0,0.0,0.0,0.0,0.0
2024-08-03T04:00,3600,0.0,0.0,0.0,0.0,0.0,0.0,0.0,0.0,0.0
2024-08-03T05:00,3600,0.0,0.0,0.0,0.0,0.0,0.0,0.0,0.0,0.0
2024-08-03T06:00,3600,0.0,0.0,0.0,0.0,0.0,0.0,0.0,0.0,27.28454368
2024-08-03T07:00,3600,0.0,0.0,0.0,0.0,0.0,0.0,0.0,0.0,175.7640175
2024-08-03T08:00,3600,0.0,0.0,0.0,0.0,0.0,0.0,0.0,0.0,359.23024161
2024-08-03T09:00,3600,0.0,0.0,0.0,0.0,0.0,0.0,0.0,0.0,533.80417996
2024-08-03T10:00,3600,0.0,0.0,0.0,0.0,0.0,0.0,0.0,0.0,650.99304085
2024-08-03T11:00,3600,0.0,0.0,0.0,0.0,0.0,0.0,0.0,0.0,659.47254322
2024-08-03T12:00,3600,0.0,0.0,0.0,0.0,0.0,0.0,0.0,0.0,684.05998051
2024-08-03T13:00,3600,0.0,0.0,0.0,0.0,0.0,0.0,0.0,0.0,757.76978194
2024-08-03T14:00,3600,0.0,0.0,0.0,0.0,0.0,0.0,0.0,0.0,635.68617377
2024-08-03T15:00,3600,0.0,0.0,0.0,0.0,0.0,0.0,0.0,0.0,468.6974832
2024-08-03T16:00,3600,0.0,0.0,0.0,0.0,0.0,0.0,0.0,0.0,331.49381236
2024-08-03T17:00,3600,0.0,0.0,0.0,0.0,0.0,0.0,0.0,0.0,175.36855334
2024-08-03T18:00,3600,0.0,0.0,0.0,0.0,0.0,0.0,0.0,0.0,33.03037177
2024-08-03T19:00,3600,0.0,0.0,0.0,0.0,0.0,0.0,0.0,0.0,0.0
2024-08-03T20:00,3600,0.0,0.0,0.0,0.0,0.0,0.0,0.0,0.0,0.0
2024-08-03T21:00,3600,0.0,0.0,0.0,0.0,0.0,0.0,0.0,0.0,0.0
2024-08-03T22:00,3600,0.0,0.0,0.0,0.0,0.0,0.0,0.0,0.0,0.0
2024-08-03T23:00,3600,0.0,0.0,0.0,0.0,0.0,0.0,0.0,0.0,0.0
2024-08-04T00:00,3600,0.0,0.0,0.0,0.0,0.0,0.0,0.0,0.0,0.0
2024-08-04T01:00,3600,0.0,0.0,0.0,0.0,0.0,0.0,0.0,0.0,0.0
2024-08-04T02:00,3600,0.0,0.0,0.0,0.0,0.0,0.0,0.0,0.0,0.0
2024-08-04T03:00,3600,0.0,0.0,0.0,0.0,0.0,0.0,0.0,0.0,0.0
2024-08-04T04:00,3600,0.0,0.0,0.0,0.0,0.0,0.0,0.0,0.0,0.0
2024-08-04T05:00,3600,0.0,0.0,0.0,0.0,0.0,0.0,0.0,0.0,0.0
2024-08-04T06:00,3600,0.0,0.0,0.0,0.0,0.0,0.0,0.0,0.0,26.3481398
2024-08-04T07:00,3600,0.0,0.0,0.0,0.0,0.0,0.0,0.0,0.0,185.3699774
2024-08-04T08:00,3600,0.0,0.0,0.0,0.0,0.0,0.0,0.0,0.0,398.19902955
2024-08-04T09:00,3600,0.0,0.0,0.0,0.0,0.0,0.0,0.0,0.0,604.07940876
2024-08-04T10:00,3600,0.0,0.0,0.0,0.0,0.0,0.0,0.0,0.0,774.29403612
2024-08-04T11:00,3600,0.0,0.0,0.0,0.0,0.0,0.0,0.0,0.0,855.07655334
2024-08-04T12:00,3600,0.0,0.0,0.0,0.0,0.0,0.0,0.0,0.0,841.61579586
2024-08-04T13:00,3600,0.0,0.0,0.0,0.0,0.0,0.0,0.0,0.0,798.66799636
2024-08-04T14:00,3600,0.0,0.0,0.0,0.0,0.0,0.0,0.0,0.0,754.98025382
2024-08-04T15:00,3600,0.0,0.0,0.0,0.0,0.0,0.0,0.0,0.0,548.11522335
2024-08-04T16:00,3600,0.0,0.0,0.0,0.0,0.0,0.0,0.0,0.0,383.79780712
2024-08-04T17:00,3600,0.0,0.0,0.0,0.0,0.0,0.0,0.0,0.0,196.42707781
2024-08-04T18:00,3600,0.0,0.0,0.0,0.0,0.0,0.0,0.0,0.0,31.0381163
2024-08-04T19:00,3600,0.0,0.0,0.0,0.0,0.0,0.0,0.0,0.0,0.0
2024-08-04T20:00,3600,0.0,0.0,0.0,0.0,0.0,0.0,0.0,0.0,0.0
2024-08-04T21:00,3600,0.0,0.0,0.0,0.0,0.0,0.0,0.0,0.0,0.0
2024-08-04T22:00,3600,0.0,0.0,0.0,0.0,0.0,0.0,0.0,0.0,0.0
2024-08-04T23:00,3600,0.0,0.0,0.0,0.0,0.0,0.0,0.0,0.0,0.0
2024-08-05T00:00,3600,0.0,0.0,0.0,0.0,0.0,0.0,0.0,0.0,0.0
2024-08-05T01:00,3600,0.0,0.0,0.0,0.0,0.0,0.0,0.0,0.0,0.0
2024-08-05T02:00,3600,0.0,0.0,0.0,0.0,0.0,0.0,0.0,0.0,0.0
2024-08-05T03:00,3600,0.0,0.0,0.0,0.0,0.0,0.0,0.0,0.0,0.0
2024-08-05T04:00,3600,0.0,0.0,0.0,0.0,0.0,0.0,0.0,0.0,0.0
2024-08-05T05:00,3600,0.0,0.0,0.0,0.0,0.0,0.0,0.0,0.0,0.0
2024-08-05T06:00,3600,0.0,0.0,0.0,0.0,0.0,0.0,0.0,0.0,25.38788737
2024-08-05T07:00,3600,0.0,0.0,0.0,0.0,0.0,0.0,0.0,0.0,188.22491975
2024-08-05T08:00,3600,0.0,0.0,0.0,0.0,0.0,0.0,0.0,0.0,400.07145133
2024-08-05T09:00,3600,0.0,0.0,0.0,0.0,0.0,0.0,0.0,0.0,605.07478406
2024-08-05T10:00,3600,0.0,0.0,0.0,0.0,0.0,0.0,0.0,0.0,772.7735166
2024-08-05T11:00,3600,0.0,0.0,0.0,0.0,0.0,0.0,0.0,0.0,880.8360762
2024-08-05T12:00,3600,0.0,0.0,0.0,0.0,0.0,0.0,0.0,0.0,865.54109419
2024-08-05T13:00,3600,0.0,0.0,0.0,0.0,0.0,0.0,0.0,0.0,830.83912518
2024-08-05T14:00,3600,0.0,0.0,0.0,0.0,0.0,0.0,0.0,0.0,664.88393921
2024-08-05T15:00,3600,0.0,0.0,0.0,0.0,0.0,0.0,0.0,0.0,569.68457331
2024-08-05T16:00,3600,0.0,0.0,0.0,0.0,0.0,0.0,0.0,0.0,377.50726901
2024-08-05T17:00,3600,0.0,0.0,0.0,0.0,0.0,0.0,0.0,0.0,190.32444364
2024-08-05T18:00,3600,1.0688376470588234,0.0,0.0,1.0688376470588234,0.0,0.0,0.0,0.0,36.8201606
2024-08-05T19:00,3600,1.07008,0.0,0.0,1.07008,0.0,0.0,0.0,0.0,0.0
2024-08-05T20:00,3600,1.0713223529411764,0.0,0.0,1.0713223529411764,0.0,0.0,0.0,0.0,0.0
2024-08-05T21:00,3600,1.0750494117647058,0.0,0.0,1.0750494117647058,0.0,0.0,0.0,0.0,0.0
2024-08-05T22:00,3600,1.086230588235294,0.0,0.0,1.086230588235294,0.0,0.0,0.0,0.0,0.0
2024-08-05T23:00,3600,1.0870588235294116,0.0,0.0,1.0870588235294116,0.0,0.0,0.0,0.0,0.0
2024-08-06T00:00,3600,0.0,0.0,0.0,0.0,0.0,0.0,0.0,0.0,0.0
2024-08-06T01:00,3600,0.0,0.0,0.0,0.0,0.0,0.0,0.0,0.0,0.0
2024-08-06T02:00,3600,0.0,0.0,0.0,0.0,0.0,0.0,0.0,0.0,0.0
2024-08-06T03:00,3600,0.0,0.0,0.0,0.0,0.0,0.0,0.0,0.0,0.0
2024-08-06T04:00,3600,0.0,0.0,0.0,0.0,0.0,0.0,0.0,0.0,0.0
2024-08-06T05:00,3600,0.0,0.0,0.0,0.0,0.0,0.0,0.0,0.0,0.0
2024-08-06T06:00,3600,0.0,0.0,0.0,0.0,0.0,0.0,0.0,0.0,26.33224077
2024-08-06T07:00,3600,0.0,0.0,0.0,0.0,0.0,0.0,0.0,0.0,188.18645567
2024-08-06T08:00,3600,0.0,0.0,0.0,0.0,0.0,0.0,0.0,0.0,387.64764732
2024-08-06T09:00,3600,0.0,0.0,0.0,0.0,0.0,0.0,0.0,0.0,606.40229404
2024-08-06T10:00,3600,0.0,0.0,0.0,0.0,0.0,0.0,0.0,0.0,771.43123678
2024-08-06T11:00,3600,0.0,0.0,0.0,0.0,0.0,0.0,0.0,0.0,855.80771018
2024-08-06T12:00,3600,0.0,0.0,0.0,0.0,0.0,0.0,0.0,0.0,887.34560895
2024-08-06T13:00,3600,0.0,0.0,0.0,0.0,0.0,0.0,0.0,0.0,803.84937328
2024-08-06T14:00,3600,0.0,0.0,0.0,0.0,0.0,0.0,0.0,0.0,665.71489448
2024-08-06T15:00,3600,0.0,0.0,0.0,0.0,0.0,0.0,0.0,0.0,321.46780535
2024-08-06T16:00,3600,0.0,0.0,0.0,0.0,0.0,0.0,0.0,0.0,145.8710861
2024-08-06T17:00,3600,0.0,0.0,0.0,0.0,0.0,0.0,0.0,0.0,83.59675542
2024-08-06T18:00,3600,1.0870588235294116,0.0,0.0,1.0870588235294116,0.0,0.0,0.0,0.0,27.10965436
2024-08-06T19:00,3600,1.0870588235294116,0.0,0.0,1.0870588235294116,0.0,0.0,0.0,0.0,0.0
2024-08-06T20:00,3600,1.0870588235294116,0.0,0.0,1.0870588235294116,0.0,0.0,0.0,0.0,0.0
2024-08-06T21:00,3600,1.0870588235294116,0.0,0.0,1.0870588235294116,0.0,0.0,0.0,0.0,0.0
2024-08-06T22:00,3600,1.0870588235294116,0.0,0.0,1.0870588235294116,0.0,0.0,0.0,0.0,0.0
2024-08-06T23:00,3600,1.0870588235294116,0.0,0.0,1.0870588235294116,0.0,0.0,0.0,0.0,0.0
2024-08-07T00:00,3600,0.0,0.0,0.0,0.0,0.0,0.0,0.0,0.0,0.0
2024-08-07T01:00,3600,0.0,0.0,0.0,0.0,0.0,0.0,0.0,0.0,0.0
2024-08-07T02:00,3600,0.0,0.0,0.0,0.0,0.0,0.0,0.0,0.0,0.0
2024-08-07T03:00,3600,0.0,0.0,0.0,0.0,0.0,0.0,0.0,0.0,0.0
2024-08-07T04:00,3600,0.0,0.0,0.0,0.0,0.0,0.0,0.0,0.0,0.0
2024-08-07T05:00,3600,0.0,0.0,0.0,0.0,0.0,0.0,0.0,0.0,0.0
2024-08-07T06:00,3600,0.0,0.0,0.0,0.0,0.0,0.0,0.0,0.0,21.47533203
2024-08-07T07:00,3600,0.0,0.0,0.0,0.0,0.0,0.0,0.0,0.0,163.73018911
2024-08-07T08:00,3600,0.0,0.0,0.0,0.0,0.0,0.0,0.0,0.0,319.7180608
2024-08-07T09:00,3600,0.0,0.0,0.0,0.0,0.0,0.0,0.0,0.0,575.54733542
2024-08-07T10:00,3600,0.0,0.0,0.0,0.0,0.0,0.0,0.0,0.0,751.79426303
2024-08-07T11:00,3600,0.0,0.0,0.0,0.0,0.0,0.0,0.0,0.0,864.28445001
2024-08-07T12:00,3600,0.0,0.0,0.0,0.0,0.0,0.0,0.0,0.0,895.52489994
2024-08-07T13:00,3600,0.0,0.0,0.0,0.0,0.0,0.0,0.0,0.0,811.11180447
2024-08-07T14:00,3600,0.0,0.0,0.0,0.0,0.0,0.0,0.0,0.0,710.86346739
2024-08-07T15:00,3600,0.0,0.0,0.0,0.0,0.0,0.0,0.0,0.0,541.06272196
2024-08-07T16:00,3600,0.0,0.0,0.0,0.0,0.0,0.0,0.0,0.0,382.67468644
2024-08-07T17:00,3600,0.0,0.0,0.0,0.0,0.0,0.0,0.0,0.0,166.95307977
2024-08-07T18:00,3600,1.072564705882353,0.0,0.0,1.072564705882353,0.0,0.0,0.0,0.0,25.09484815
2024-08-07T19:00,3600,1.072564705882353,0.0,0.0,1.072564705882353,0.0,0.0,0.0,0.0,0.0
2024-08-07T20:00,3600,1.0713223529411764,0.0,0.0,1.0713223529411764,0.0,0.0,0.0,0.0,0.0
2024-08-07T21:00,3600,1.0738070588235296,0.0,0.0,1.0738070588235296,0.0,0.0,0.0,0.0,0.0
2024-08-07T22:00,3600,1.0870588235294116,0.0,0.0,1.0870588235294116,0.0,0.0,0.0,0.0,0.0
2024-08-07T23:00,3600,1.0870588235294116,0.0,0.0,1.0870588235294116,0.0,0.0,0.0,0.0,0.0
2024-08-08T00:00,3600,0.0,0.0,0.0,0.0,0.0,0.0,0.0,0.0,0.0
2024-08-08T01:00,3600,0.0,0.0,0.0,0.0,0.0,0.0,0.0,0.0,0.0
2024-08-08T02:00,3600,0.0,0.0,0.0,0.0,0.0,0.0,0.0,0.0,0.0
2024-08-08T03:00,3600,0.0,0.0,0.0,0.0,0.0,0.0,0.0,0.0,0.0
2024-08-08T04:00,3600,0.0,0.0,0.0,0.0,0.0,0.0,0.0,0.0,0.0
2024-08-08T05:00,3600,0.0,0.0,0.0,0.0,0.0,0.0,0.0,0.0,0.0
2024-08-08T06:00,3600,0.0,0.0,0.0,0.0,0.0,0.0,0.0,0.0,22.43558446
2024-08-08T07:00,3600,0.0,0.0,0.0,0.0,0.0,0.0,0.0,0.0,176.67684864
2024-08-08T08:00,3600,0.0,0.0,0.0,0.0,0.0,0.0,0.0,0.0,372.20122002
2024-08-08T09:00,3600,0.0,0.0,0.0,0.0,0.0,0.0,0.0,0.0,589.50326671
2024-08-08T10:00,3600,0.0,0.0,0.0,0.0,0.0,0.0,0.0,0.0,772.40550995
2024-08-08T11:00,3600,0.0,0.0,0.0,0.0,0.0,0.0,0.0,0.0,826.68246759
2024-08-08T12:00,3600,0.0,0.0,0.0,0.0,0.0,0.0,0.0,0.0,892.19038734
2024-08-08T13:00,3600,0.0,0.0,0.0,0.0,0.0,0.0,0.0,0.0,769.6025202
2024-08-08T14:00,3600,0.0,0.0,0.0,0.0,0.0,0.0,0.0,0.0,736.23069597
2024-08-08T15:00,3600,0.0,0.0,0.0,0.0,0.0,0.0,0.0,0.0,578.46624597
2024-08-08T16:00,3600,0.0,0.0,0.0,0.0,0.0,0.0,0.0,0.0,379.69746863
2024-08-08T17:00,3600,0.0,0.0,0.0,0.0,0.0,0.0,0.0,0.0,197.81137366
2024-08-08T18:00,3600,1.0638682352941178,0.0,0.0,1.0638682352941178,0.0,0.0,0.0,0.0,31.29079152
2024-08-08T19:00,3600,1.0713223529411764,0.0,0.0,1.0713223529411764,0.0,0.0,0.0,0.0,0.0
2024-08-08T20:00,3600,1.0688376470588234,0.0,0.0,1.0688376470588234,0.0,0.0,0.0,0.0,0.0
2024-08-08T21:00,3600,1.0713223529411764,0.0,0.0,1.0713223529411764,0.0,0.0,0.0,0.0,0.0
2024-08-08T22:00,3600,1.0837458823529413,0.0,0.0,1.0837458823529413,0.0,0.0,0.0,0.0,0.0
2024-08-08T23:00,3600,1.0870588235294116,0.0,0.0,1.0870588235294116,0.0,0.0,0.0,0.0,0.0
2024-08-09T00:00,3600,0.0,0.0,0.0,0.0,0.0,0.0,0.0,0.0,0.0
2024-08-09T01:00,3600,0.0,0.0,0.0,0.0,0.0,0.0,0.0,0.0,0.0
2024-08-09T02:00,3600,0.0,0.0,0.0,0.0,0.0,0.0,0.0,0.0,0.0
2024-08-09T03:00,3600,0.0,0.0,0.0,0.0,0.0,0.0,0.0,0.0,0.0
2024-08-09T04:00,3600,0.0,0.0,0.0,0.0,0.0,0.0,0.0,0.0,0.0
2024-08-09T05:00,3600,0.0,0.0,0.0,0.0,0.0,0.0,0.0,0.0,0.0
2024-08-09T06:00,3600,0.0,0.0,0.0,0.0,0.0,0.0,0.0,0.0,25.36403883
2024-08-09T07:00,3600,0.0,0.0,0.0,0.0,0.0,0.0,0.0,0.0,188.00123266
2024-08-09T08:00,3600,0.0,0.0,0.0,0.0,0.0,0.0,0.0,0.0,404.38909047
2024-08-09T09:00,3600,0.0,0.0,0.0,0.0,0.0,0.0,0.0,0.0,593.88537365
2024-08-09T10:00,3600,0.0,0.0,0.0,0.0,0.0,0.0,0.0,0.0,736.34617205
2024-08-09T11:00,3600,0.0,0.0,0.0,0.0,0.0,0.0,0.0,0.0,805.55861744
2024-08-09T12:00,3600,0.0,0.0,0.0,0.0,0.0,0.0,0.0,0.0,780.44290111
2024-08-09T13:00,3600,0.0,0.0,0.0,0.0,0.0,0.0,0.0,0.0,764.10452239
2024-08-09T14:00,3600,0.0,0.0,0.0,0.0,0.0,0.0,0.0,0.0,672.72642941
2024-08-09T15:00,3600,0.0,0.0,0.0,0.0,0.0,0.0,0.0,0.0,576.30434908
2024-08-09T16:00,3600,0.0,0.0,0.0,0.0,0.0,0.0,0.0,0.0,364.40123887
2024-08-09T17:00,3600,0.0,0.0,0.0,0.0,0.0,0.0,0.0,0.0,190.93271629
2024-08-09T18:00,3600,1.062625882352941,0.0,0.0,1.062625882352941,0.0,0.0,0.0,0.0,28.8668518
2024-08-09T19:00,3600,1.0675952941176472,0.0,0.0,1.0675952941176472,0.0,0.0,0.0,0.0,0.0
2024-08-09T20:00,3600,1.0663529411764705,0.0,0.0,1.0663529411764705,0.0,0.0,0.0,0.0,0.0
2024-08-09T21:00,3600,1.0688376470588234,0.0,0.0,1.0688376470588234,0.0,0.0,0.0,0.0,0.0
2024-08-09T22:00,3600,1.0825035294117646,0.0,0.0,1.0825035294117646,0.0,0.0,0.0,0.0,0.0
2024-08-09T23:00,3600,1.0870588235294116,0.0,0.0,1.0870588235294116,0.0,0.0,0.0,0.0,0.0
2024-08-10T00:00,3600,0.0,0.0,0.0,0.0,0.0,0.0,0.0,0.0,0.0
2024-08-10T01:00,3600,0.0,0.0,0.0,0.0,0.0,0.0,0.0,0.0,0.0
2024-08-10T02:00,3600,0.0,0.0,0.0,0.0,0.0,0.0,0.0,0.0,0.0
2024-08-10T03:00,3600,0.0,0.0,0.0,0.0,0.0,0.0,0.0,0.0,0.0
2024-08-10T04:00,3600,0.0,0.0,0.0,0.0,0.0,0.0,0.0,0.0,0.0
2024-08-10T05:00,3600,0.0,0.0,0.0,0.0,0.0,0.0,0.0,0.0,0.0
2024-08-10T06:00,3600,0.0,0.0,0.0,0.0,0.0,0.0,0.0,0.0,22.37993786
2024-08-10T07:00,3600,0.0,0.0,0.0,0.0,0.0,0.0,0.0,0.0,99.13324128
2024-08-10T08:00,3600,0.0,0.0,0.0,0.0,0.0,0.0,0.0,0.0,267.63459058
2024-08-10T09:00,3600,0.0,0.0,0.0,0.0,0.0,0.0,0.0,0.0,471.07561714
2024-08-10T10:00,3600,0.0,0.0,0.0,0.0,0.0,0.0,0.0,0.0,528.6233924
2024-08-10T11:00,3600,0.0,0.0,0.0,0.0,0.0,0.0,0.0,0.0,753.58055458
2024-08-10T12:00,3600,0.0,0.0,0.0,0.0,0.0,0.0,0.0,0.0,730.75704809
2024-08-10T13:00,3600,0.0,0.0,0.0,0.0,0.0,0.0,0.0,0.0,644.63418989
2024-08-10T14:00,3600,0.0,0.0,0.0,0.0,0.0,0.0,0.0,0.0,490.36321049
2024-08-10T15:00,3600,0.0,0.0,0.0,0.0,0.0,0.0,0.0,0.0,273.82680445
2024-08-10T16:00,3600,0.0,0.0,0.0,0.0,0.0,0.0,0.0,0.0,226.44369773
2024-08-10T17:00,3600,0.0,0.0,0.0,0.0,0.0,0.0,0.0,0.0,118.33696887
2024-08-10T18:00,3600,0.0,0.0,0.0,0.0,0.0,0.0,0.0,0.0,26.83695467
2024-08-10T19:00,3600,0.0,0.0,0.0,0.0,0.0,0.0,0.0,0.0,0.0
2024-08-10T20:00,3600,0.0,0.0,0.0,0.0,0.0,0.0,0.0,0.0,0.0
2024-08-10T21:00,3600,0.0,0.0,0.0,0.0,0.0,0.0,0.0,0.0,0.0
2024-08-10T22:00,3600,0.0,0.0,0.0,0.0,0.0,0.0,0.0,0.0,0.0
2024-08-10T23:00,3600,0.0,0.0,0.0,0.0,0.0,0.0,0.0,0.0,0.0
2024-08-11T00:00,3600,0.0,0.0,0.0,0.0,0.0,0.0,0.0,0.0,0.0
2024-08-11T01:00,3600,0.0,0.0,0.0,0.0,0.0,0.0,0.0,0.0,0.0
2024-08-11T02:00,3600,0.0,0.0,0.0,0.0,0.0,0.0,0.0,0.0,0.0
2024-08-11T03:00,3600,0.0,0.0,0.0,0.0,0.0,0.0,0.0,0.0,0.0
2024-08-11T04:00,3600,0.0,0.0,0.0,0.0,0.0,0.0,0.0,0.0,0.0
2024-08-11T05:00,3600,0.0,0.0,0.0,0.0,0.0,0.0,0.0,0.0,0.0
2024-08-11T06:00,3600,0.0,0.0,0.0,0.0,0.0,0.0,0.0,0.0,11.6184233
2024-08-11T07:00,3600,0.0,0.0,0.0,0.0,0.0,0.0,0.0,0.0,65.20579733
2024-08-11T08:00,3600,0.0,0.0,0.0,0.0,0.0,0.0,0.0,0.0,185.23745563
2024-08-11T09:00,3600,0.0,0.0,0.0,0.0,0.0,0.0,0.0,0.0,365.09113862
2024-08-11T10:00,3600,0.0,0.0,0.0,0.0,0.0,0.0,0.0,0.0,617.6537397
2024-08-11T11:00,3600,0.0,0.0,0.0,0.0,0.0,0.0,0.0,0.0,664.75508025
2024-08-11T12:00,3600,0.0,0.0,0.0,0.0,0.0,0.0,0.0,0.0,723.63435412
2024-08-11T13:00,3600,0.0,0.0,0.0,0.0,0.0,0.0,0.0,0.0,556.27319947
2024-08-11T14:00,3600,0.0,0.0,0.0,0.0,0.0,0.0,0.0,0.0,572.6267866
2024-08-11T15:00,3600,0.0,0.0,0.0,0.0,0.0,0.0,0.0,0.0,256.06467446
2024-08-11T16:00,3600,0.0,0.0,0.0,0.0,0.0,0.0,0.0,0.0,98.45644006
2024-08-11T17:00,3600,0.0,0.0,0.0,0.0,0.0,0.0,0.0,0.0,61.18962884
2024-08-11T18:00,3600,0.0,0.0,0.0,0.0,0.0,0.0,0.0,0.0,16.62481467
2024-08-11T19:00,3600,0.0,0.0,0.0,0.0,0.0,0.0,0.0,0.0,0.0
2024-08-11T20:00,3600,0.0,0.0,0.0,0.0,0.0,0.0,0.0,0.0,0.0
2024-08-11T21:00,3600,0.0,0.0,0.0,0.0,0.0,0.0,0.0,0.0,0.0
2024-08-11T22:00,3600,0.0,0.0,0.0,0.0,0.0,0.0,0.0,0.0,0.0
2024-08-11T23:00,3600,0.0,0.0,0.0,0.0,0.0,0.0,0.0,0.0,0.0
2024-08-12T00:00,3600,0.0,0.0,0.0,0.0,0.0,0.0,0.0,0.0,0.0
2024-08-12T01:00,3600,0.0,0.0,0.0,0.0,0.0,0.0,0.0,0.0,0.0
2024-08-12T02:00,3600,0.0,0.0,0.0,0.0,0.0,0.0,0.0,0.0,0.0
2024-08-12T03:00,3600,0.0,0.0,0.0,0.0,0.0,0.0,0.0,0.0,0.0
2024-08-12T04:00,3600,0.0,0.0,0.0,0.0,0.0,0.0,0.0,0.0,0.0
2024-08-12T05:00,3600,0.0,0.0,0.0,0.0,0.0,0.0,0.0,0.0,0.0
2024-08-12T06:00,3600,0.0,0.0,0.0,0.0,0.0,0.0,0.0,0.0,12.58662524
2024-08-12T07:00,3600,0.0,0.0,0.0,0.0,0.0,0.0,0.0,0.0,116.57391282
2024-08-12T08:00,3600,0.0,0.0,0.0,0.0,0.0,0.0,0.0,0.0,290.33773496
2024-08-12T09:00,3600,0.0,0.0,0.0,0.0,0.0,0.0,0.0,0.0,459.47812127
2024-08-12T10:00,3600,0.0,0.0,0.0,0.0,0.0,0.0,0.0,0.0,639.90787598
2024-08-12T11:00,3600,0.0,0.0,0.0,0.0,0.0,0.0,0.0,0.0,634.87708017
2024-08-12T12:00,3600,0.0,0.0,0.0,0.0,0.0,0.0,0.0,0.0,511.00980669
2024-08-12T13:00,3600,0.0,0.0,0.0,0.0,0.0,0.0,0.0,0.0,475.34797839
2024-08-12T14:00,3600,0.0,0.0,0.0,0.0,0.0,0.0,0.0,0.0,200.41941869
2024-08-12T15:00,3600,0.0,0.0,0.0,0.0,0.0,0.0,0.0,0.0,85.20177084
2024-08-12T16:00,3600,0.0,0.0,0.0,0.0,0.0,0.0,0.0,0.0,141.28252758
2024-08-12T17:00,3600,0.0,0.0,0.0,0.0,0.0,0.0,0.0,0.0,105.75552438
2024-08-12T18:00,3600,1.0870588235294116,0.0,0.0,1.0870588235294116,0.0,0.0,0.0,0.0,21.37822845
2024-08-12T19:00,3600,1.0870588235294116,0.0,0.0,1.0870588235294116,0.0,0.0,0.0,0.0,0.0
2024-08-12T20:00,3600,1.0870588235294116,0.0,0.0,1.0870588235294116,0.0,0.0,0.0,0.0,0.0
2024-08-12T21:00,3600,1.0870588235294116,0.0,0.0,1.0870588235294116,0.0,0.0,0.0,0.0,0.0
2024-08-12T22:00,3600,1.0870588235294116,0.0,0.0,1.0870588235294116,0.0,0.0,0.0,0.0,0.0
2024-08-12T23:00,3600,1.0870588235294116,0.0,0.0,1.0870588235294116,0.0,0.0,0.0,0.0,0.0
2024-08-13T00:00,3600,0.0,0.0,0.0,0.0,0.0,0.0,0.0,0.0,0.0
2024-08-13T01:00,3600,0.0,0.0,0.0,0.0,0.0,0.0,0.0,0.0,0.0
2024-08-13T02:00,3600,0.0,0.0,0.0,0.0,0.0,0.0,0.0,0.0,0.0
2024-08-13T03:00,3600,0.0,0.0,0.0,0.0,0.0,0.0,0.0,0.0,0.0
2024-08-13T04:00,3600,0.0,0.0,0.0,0.0,0.0,0.0,0.0,0.0,0.0
2024-08-13T05:00,3600,0.0,0.0,0.0,0.0,0.0,0.0,0.0,0.0,0.0
2024-08-13T06:00,3600,0.0,0.0,0.0,0.0,0.0,0.0,0.0,0.0,18.39583689
2024-08-13T07:00,3600,0.0,0.0,0.0,0.0,0.0,0.0,0.0,0.0,75.31540735
2024-08-13T08:00,3600,0.0,0.0,0.0,0.0,0.0,0.0,0.0,0.0,131.32361003
2024-08-13T09:00,3600,0.0,0.0,0.0,0.0,0.0,0.0,0.0,0.0,149.58003009
2024-08-13T10:00,3600,0.0,0.0,0.0,0.0,0.0,0.0,0.0,0.0,155.00118765
2024-08-13T11:00,3600,0.0,0.0,0.0,0.0,0.0,0.0,0.0,0.0,120.03083845
2024-08-13T12:00,3600,0.0,0.0,0.0,0.0,0.0,0.0,0.0,0.0,169.88567673
2024-08-13T13:00,3600,0.0,0.0,0.0,0.0,0.0,0.0,0.0,0.0,94.91144482
2024-08-13T14:00,3600,0.0,0.0,0.0,0.0,0.0,0.0,0.0,0.0,614.94055586
2024-08-13T15:00,3600,0.0,0.0,0.0,0.0,0.0,0.0,0.0,0.0,572.10462137
2024-08-13T16:00,3600,0.0,0.0,0.0,0.0,0.0,0.0,0.0,0.0,334.69436881
2024-08-13T17:00,3600,0.0,0.0,0.0,0.0,0.0,0.0,0.0,0.0,111.06269418
2024-08-13T18:00,3600,1.0870588235294116,0.0,0.0,1.0870588235294116,0.0,0.0,0.0,0.0,15.39464669
2024-08-13T19:00,3600,1.0870588235294116,0.0,0.0,1.0870588235294116,0.0,0.0,0.0,0.0,0.0
2024-08-13T20:00,3600,1.0870588235294116,0.0,0.0,1.0870588235294116,0.0,0.0,0.0,0.0,0.0
2024-08-13T21:00,3600,1.0870588235294116,0.0,0.0,1.0870588235294116,0.0,0.0,0.0,0.0,0.0
2024-08-13T22:00,3600,1.0870588235294116,0.0,0.0,1.0870588235294116,0.0,0.0,0.0,0.0,0.0
2024-08-13T23:00,3600,1.0870588235294116,0.0,0.0,1.0870588235294116,0.0,0.0,0.0,0.0,0.0
2024-08-14T00:00,3600,0.0,0.0,0.0,0.0,0.0,0.0,0.0,0.0,0.0
2024-08-14T01:00,3600,0.0,0.0,0.0,0.0,0.0,0.0,0.0,0.0,0.0
2024-08-14T02:00,3600,0.0,0.0,0.0,0.0,0.0,0.0,0.0,0.0,0.0
2024-08-14T03:00,3600,0.0,0.0,0.0,0.0,0.0,0.0,0.0,0.0,0.0
2024-08-14T04:00,3600,0.0,0.0,0.0,0.0,0.0,0.0,0.0,0.0,0.0
2024-08-14T05:00,3600,0.0,0.0,0.0,0.0,0.0,0.0,0.0,0.0,0.0
2024-08-14T06:00,3600,0.0,0.0,0.0,0.0,0.0,0.0,0.0,0.0,23.30044271
2024-08-14T07:00,3600,0.0,0.0,0.0,0.0,0.0,0.0,0.0,0.0,138.09129116
2024-08-14T08:00,3600,0.0,0.0,0.0,0.0,0.0,0.0,0.0,0.0,287.05770952
2024-08-14T09:00,3600,0.0,0.0,0.0,0.0,0.0,0.0,0.0,0.0,453.75691216
2024-08-14T10:00,3600,0.0,0.0,0.0,0.0,0.0,0.0,0.0,0.0,589.92847332
2024-08-14T11:00,3600,0.0,0.0,0.0,0.0,0.0,0.0,0.0,0.0,639.89470554
2024-08-14T12:00,3600,0.0,0.0,0.0,0.0,0.0,0.0,0.0,0.0,600.39561572
2024-08-14T13:00,3600,0.0,0.0,0.0,0.0,0.0,0.0,0.0,0.0,561.79827024
2024-08-14T14:00,3600,0.0,0.0,0.0,0.0,0.0,0.0,0.0,0.0,588.01494227
2024-08-14T15:00,3600,0.0,0.0,0.0,0.0,0.0,0.0,0.0,0.0,373.20896119
2024-08-14T16:00,3600,0.0,0.0,0.0,0.0,0.0,0.0,0.0,0.0,121.22881562
2024-08-14T17:00,3600,0.0,0.0,0.0,0.0,0.0,0.0,0.0,0.0,91.35969007
2024-08-14T18:00,3600,1.0870588235294116,0.0,0.0,1.0870588235294116,0.0,0.0,0.0,0.0,17.69641263
2024-08-14T19:00,3600,1.0870588235294116,0.0,0.0,1.0870588235294116,0.0,0.0,0.0,0.0,0.0
2024-08-14T20:00,3600,1.0870588235294116,0.0,0.0,1.0870588235294116,0.0,0.0,0.0,0.0,0.0
2024-08-14T21:00,3600,1.0870588235294116,0.0,0.0,1.0870588235294116,0.0,0.0,0.0,0.0,0.0
2024-08-14T22:00,3600,1.0870588235294116,0.0,0.0,1.0870588235294116,0.0,0.0,0.0,0.0,0.0
2024-08-14T23:00,3600,1.0870588235294116,0.0,0.0,1.0870588235294116,0.0,0.0,0.0,0.0,0.0
2024-08-15T00:00,3600,0.0,0.0,0.0,0.0,0.0,0.0,0.0,0.0,0.0
2024-08-15T01:00,3600,0.0,0.0,0.0,0.0,0.0,0.0,0.0,0.0,0.0
2024-08-15T02:00,3600,0.0,0.0,0.0,0.0,0.0,0.0,0.0,0.0,0.0
2024-08-15T03:00,3600,0.0,0.0,0.0,0.0,0.0,0.0,0.0,0.0,0.0
2024-08-15T04:00,3600,0.0,0.0,0.0,0.0,0.0,0.0,0.0,0.0,0.0
2024-08-15T05:00,3600,0.0,0.0,0.0,0.0,0.0,0.0,0.0,0.0,0.0
2024-08-15T06:00,3600,0.0,0.0,0.0,0.0,0.0,0.0,0.0,0.0,8.72176699
2024-08-15T07:00,3600,0.0,0.0,0.0,0.0,0.0,0.0,0.0,0.0,45.91046475
2024-08-15T08:00,3600,0.0,0.0,0.0,0.0,0.0,0.0,0.0,0.0,56.10892424
2024-08-15T09:00,3600,0.0,0.0,0.0,0.0,0.0,0.0,0.0,0.0,121.78849186
2024-08-15T10:00,3600,0.0,0.0,0.0,0.0,0.0,0.0,0.0,0.0,162.66587011
2024-08-15T11:00,3600,0.0,0.0,0.0,0.0,0.0,0.0,0.0,0.0,192.1998264
2024-08-15T12:00,3600,0.0,0.0,0.0,0.0,0.0,0.0,0.0,0.0,314.41329607
2024-08-15T13:00,3600,0.0,0.0,0.0,0.0,0.0,0.0,0.0,0.0,508.45890976
2024-08-15T14:00,3600,0.0,0.0,0.0,0.0,0.0,0.0,0.0,0.0,293.53904843
2024-08-15T15:00,3600,0.0,0.0,0.0,0.0,0.0,0.0,0.0,0.0,229.84907442
2024-08-15T16:00,3600,0.0,0.0,0.0,0.0,0.0,0.0,0.0,0.0,102.76523935
2024-08-15T17:00,3600,0.0,0.0,0.0,0.0,0.0,0.0,0.0,0.0,47.34652907
2024-08-15T18:00,3600,1.0870588235294116,0.0,0.0,1.0870588235294116,0.0,0.0,0.0,0.0,13.55482718
2024-08-15T19:00,3600,1.0870588235294116,0.0,0.0,1.0870588235294116,0.0,0.0,0.0,0.0,0.0
2024-08-15T20:00,3600,1.0870588235294116,0.0,0.0,1.0870588235294116,0.0,0.0,0.0,0.0,0.0
2024-08-15T21:00,3600,1.0870588235294116,0.0,0.0,1.0870588235294116,0.0,0.0,0.0,0.0,0.0
2024-08-15T22:00,3600,1.0870588235294116,0.0,0.0,1.0870588235294116,0.0,0.0,0.0,0.0,0.0
2024-08-15T23:00,3600,1.0870588235294116,0.0,0.0,1.0870588235294116,0.0,0.0,0.0,0.0,0.0
2024-08-16T00:00,3600,0.0,0.0,0.0,0.0,0.0,0.0,0.0,0.0,0.0
2024-08-16T01:00,3600,0.0,0.0,0.0,0.0,0.0,0.0,0.0,0.0,0.0
2024-08-16T02:00,3600,0.0,0.0,0.0,0.0,0.0,0.0,0.0,0.0,0.0
2024-08-16T03:00,3600,0.0,0.0,0.0,0.0,0.0,0.0,0.0,0.0,0.0
2024-08-16T04:00,3600,0.0,0.0,0.0,0.0,0.0,0.0,0.0,0.0,0.0
2024-08-16T05:00,3600,0.0,0.0,0.0,0.0,0.0,0.0,0.0,0.0,0.0
2024-08-16T06:00,3600,0.0,0.0,0.0,0.0,0.0,0.0,0.0,0.0,8.73766602
2024-08-16T07:00,3600,0.0,0.0,0.0,0.0,0.0,0.0,0.0,0.0,49.4257831
2024-08-16T08:00,3600,0.0,0.0,0.0,0.0,0.0,0.0,0.0,0.0,179.3633397
2024-08-16T09:00,3600,0.0,0.0,0.0,0.0,0.0,0.0,0.0,0.0,263.66997171
2024-08-16T10:00,3600,0.0,0.0,0.0,0.0,0.0,0.0,0.0,0.0,275.7475975
2024-08-16T11:00,3600,0.0,0.0,0.0,0.0,0.0,0.0,0.0,0.0,315.89404626
2024-08-16T12:00,3600,0.0,0.0,0.0,0.0,0.0,0.0,0.0,0.0,472.75965908
2024-08-16T13:00,3600,0.0,0.0,0.0,0.0,0.0,0.0,0.0,0.0,330.80935494
2024-08-16T14:00,3600,0.0,0.0,0.0,0.0,0.0,0.0,0.0,0.0,383.82339234
2024-08-16T15:00,3600,0.0,0.0,0.0,0.0,0.0,0.0,0.0,0.0,237.7412271
2024-08-16T16:00,3600,0.0,0.0,0.0,0.0,0.0,0.0,0.0,0.0,91.97918443
2024-08-16T17:00,3600,0.0,0.0,0.0,0.0,0.0,0.0,0.0,0.0,67.7741359
2024-08-16T18:00,3600,1.0870588235294116,0.0,0.0,1.0870588235294116,0.0,0.0,0.0,0.0,26.14145242
2024-08-16T19:00,3600,1.0870588235294116,0.0,0.0,1.0870588235294116,0.0,0.0,0.0,0.0,0.0
2024-08-16T20:00,3600,1.0870588235294116,0.0,0.0,1.0870588235294116,0.0,0.0,0.0,0.0,0.0
2024-08-16T21:00,3600,1.0870588235294116,0.0,0.0,1.0870588235294116,0.0,0.0,0.0,0.0,0.0
2024-08-16T22:00,3600,1.0870588235294116,0.0,0.0,1.0870588235294116,0.0,0.0,0.0,0.0,0.0
2024-08-16T23:00,3600,1.0870588235294116,0.0,0.0,1.0870588235294116,0.0,0.0,0.0,0.0,0.0
2024-08-17T00:00,3600,0.0,0.0,0.0,0.0,0.0,0.0,0.0,0.0,0.0
2024-08-17T01:00,3600,0.0,0.0,0.0,0.0,0.0,0.0,0.0,0.0,0.0
2024-08-17T02:00,3600,0.0,0.0,0.0,0.0,0.0,0.0,0.0,0.0,0.0
2024-08-17T03:00,3600,0.0,0.0,0.0,0.0,0.0,0.0,0.0,0.0,0.0
2024-08-17T04:00,3600,0.0,0.0,0.0,0.0,0.0,0.0,0.0,0.0,0.0
2024-08-17T05:00,3600,0.0,0.0,0.0,0.0,0.0,0.0,0.0,0.0,0.0
2024-08-17T06:00,3600,0.0,0.0,0.0,0.0,0.0,0.0,0.0,0.0,6.77741359
2024-08-17T07:00,3600,0.0,0.0,0.0,0.0,0.0,0.0,0.0,0.0,27.10965436
2024-08-17T08:00,3600,0.0,0.0,0.0,0.0,0.0,0.0,0.0,0.0,59.06031842
2024-08-17T09:00,3600,0.0,0.0,0.0,0.0,0.0,0.0,0.0,0.0,78.42435725
2024-08-17T10:00,3600,0.0,0.0,0.0,0.0,0.0,0.0,0.0,0.0,129.73906015
2024-08-17T11:00,3600,0.0,0.0,0.0,0.0,0.0,0.0,0.0,0.0,167.71233981
2024-08-17T12:00,3600,0.0,0.0,0.0,0.0,0.0,0.0,0.0,0.0,238.15619343
2024-08-17T13:00,3600,0.0,0.0,0.0,0.0,0.0,0.0,0.0,0.0,192.81317998
2024-08-17T14:00,3600,0.0,0.0,0.0,0.0,0.0,0.0,0.0,0.0,259.75076533
2024-08-17T15:00,3600,0.0,0.0,0.0,0.0,0.0,0.0,0.0,0.0,322.94453562
2024-08-17T16:00,3600,0.0,0.0,0.0,0.0,0.0,0.0,0.0,0.0,94.27049057
2024-08-17T17:00,3600,0.0,0.0,0.0,0.0,0.0,0.0,0.0,0.0,34.69181057
2024-08-17T18:00,3600,0.0,0.0,0.0,0.0,0.0,0.0,0.0,0.0,7.79375257
2024-08-17T19:00,3600,0.0,0.0,0.0,0.0,0.0,0.0,0.0,0.0,0.0
2024-08-17T20:00,3600,0.0,0.0,0.0,0.0,0.0,0.0,0.0,0.0,0.0
2024-08-17T21:00,3600,0.0,0.0,0.0,0.0,0.0,0.0,0.0,0.0,0.0
2024-08-17T22:00,3600,0.0,0.0,0.0,0.0,0.0,0.0,0.0,0.0,0.0
2024-08-17T23:00,3600,0.0,0.0,0.0,0.0,0.0,0.0,0.0,0.0,0.0
2024-08-18T00:00,3600,0.0,0.0,0.0,0.0,0.0,0.0,0.0,0.0,0.0
2024-08-18T01:00,3600,0.0,0.0,0.0,0.0,0.0,0.0,0.0,0.0,0.0
2024-08-18T02:00,3600,0.0,0.0,0.0,0.0,0.0,0.0,0.0,0.0,0.0
2024-08-18T03:00,3600,0.0,0.0,0.0,0.0,0.0,0.0,0.0,0.0,0.0
2024-08-18T04:00,3600,0.0,0.0,0.0,0.0,0.0,0.0,0.0,0.0,0.0
2024-08-18T05:00,3600,0.0,0.0,0.0,0.0,0.0,0.0,0.0,0.0,0.0
2024-08-18T06:00,3600,0.0,0.0,0.0,0.0,0.0,0.0,0.0,0.0,5.80921165
2024-08-18T07:00,3600,0.0,0.0,0.0,0.0,0.0,0.0,0.0,0.0,20.95216732
2024-08-18T08:00,3600,0.0,0.0,0.0,0.0,0.0,0.0,0.0,0.0,73.09849909
2024-08-18T09:00,3600,0.0,0.0,0.0,0.0,0.0,0.0,0.0,0.0,151.94571545
2024-08-18T10:00,3600,0.0,0.0,0.0,0.0,0.0,0.0,0.0,0.0,223.86894348
2024-08-18T11:00,3600,0.0,0.0,0.0,0.0,0.0,0.0,0.0,0.0,277.96854073
2024-08-18T12:00,3600,0.0,0.0,0.0,0.0,0.0,0.0,0.0,0.0,147.3407978
2024-08-18T13:00,3600,0.0,0.0,0.0,0.0,0.0,0.0,0.0,0.0,211.930718
2024-08-18T14:00,3600,0.0,0.0,0.0,0.0,0.0,0.0,0.0,0.0,240.63542672
2024-08-18T15:00,3600,0.0,0.0,0.0,0.0,0.0,0.0,0.0,0.0,181.99578452
2024-08-18T16:00,3600,0.0,0.0,0.0,0.0,0.0,0.0,0.0,0.0,91.01098249
2024-08-18T17:00,3600,0.0,0.0,0.0,0.0,0.0,0.0,0.0,0.0,35.82347183
2024-08-18T18:00,3600,0.0,0.0,0.0,0.0,0.0,0.0,0.0,0.0,6.77741359
2024-08-18T19:00,3600,0.0,0.0,0.0,0.0,0.0,0.0,0.0,0.0,0.0
2024-08-18T20:00,3600,0.0,0.0,0.0,0.0,0.0,0.0,0.0,0.0,0.0
2024-08-18T21:00,3600,0.0,0.0,0.0,0.0,0.0,0.0,0.0,0.0,0.0
2024-08-18T22:00,3600,0.0,0.0,0.0,0.0,0.0,0.0,0.0,0.0,0.0
2024-08-18T23:00,3600,0.0,0.0,0.0,0.0,0.0,0.0,0.0,0.0,0.0
2024-08-19T00:00,3600,0.0,0.0,0.0,0.0,0.0,0.0,0.0,0.0,0.0
2024-08-19T01:00,3600,0.0,0.0,0.0,0.0,0.0,0.0,0.0,0.0,0.0
2024-08-19T02:00,3600,0.0,0.0,0.0,0.0,0.0,0.0,0.0,0.0,0.0
2024-08-19T03:00,3600,0.0,0.0,0.0,0.0,0.0,0.0,0.0,0.0,0.0
2024-08-19T04:00,3600,0.0,0.0,0.0,0.0,0.0,0.0,0.0,0.0,0.0
2024-08-19T05:00,3600,0.0,0.0,0.0,0.0,0.0,0.0,0.0,0.0,0.0
2024-08-19T06:00,3600,0.0,0.0,0.0,0.0,0.0,0.0,0.0,0.0,10.65022136
2024-08-19T07:00,3600,0.0,0.0,0.0,0.0,0.0,0.0,0.0,0.0,65.65203135
2024-08-19T08:00,3600,0.0,0.0,0.0,0.0,0.0,0.0,0.0,0.0,104.24609906
2024-08-19T09:00,3600,0.0,0.0,0.0,0.0,0.0,0.0,0.0,0.0,207.24469367
2024-08-19T10:00,3600,0.0,0.0,0.0,0.0,0.0,0.0,0.0,0.0,263.45984645
2024-08-19T11:00,3600,0.0,0.0,0.0,0.0,0.0,0.0,0.0,0.0,249.39828601
2024-08-19T12:00,3600,0.0,0.0,0.0,0.0,0.0,0.0,0.0,0.0,309.82315683
2024-08-19T13:00,3600,0.0,0.0,0.0,0.0,0.0,0.0,0.0,0.0,355.15550777
2024-08-19T14:00,3600,0.0,0.0,0.0,0.0,0.0,0.0,0.0,0.0,362.86310328
2024-08-19T15:00,3600,0.0,0.0,0.0,0.0,0.0,0.0,0.0,0.0,260.51260119
2024-08-19T16:00,3600,0.0,0.0,0.0,0.0,0.0,0.0,0.0,0.0,124.60798225
2024-08-19T17:00,3600,0.0,0.0,0.0,0.0,0.0,0.0,0.0,0.0,65.67034042
2024-08-19T18:00,3600,1.0870588235294116,0.0,0.0,1.0870588235294116,0.0,0.0,0.0,0.0,12.58662524
2024-08-19T19:00,3600,1.0870588235294116,0.0,0.0,1.0870588235294116,0.0,0.0,0.0,0.0,0.0
2024-08-19T20:00,3600,1.0870588235294116,0.0,0.0,1.0870588235294116,0.0,0.0,0.0,0.0,0.0
2024-08-19T21:00,3600,1.0870588235294116,0.0,0.0,1.0870588235294116,0.0,0.0,0.0,0.0,0.0
2024-08-19T22:00,3600,1.0870588235294116,0.0,0.0,1.0870588235294116,0.0,0.0,0.0,0.0,0.0
2024-08-19T23:00,3600,1.0870588235294116,0.0,0.0,1.0870588235294116,0.0,0.0,0.0,0.0,0.0
2024-08-20T00:00,3600,0.0,0.0,0.0,0.0,0.0,0.0,0.0,0.0,0.0
2024-08-20T01:00,3600,0.0,0.0,0.0,0.0,0.0,0.0,0.0,0.0,0.0
2024-08-20T02:00,3600,0.0,0.0,0.0,0.0,0.0,0.0,0.0,0.0,0.0
2024-08-20T03:00,3600,0.0,0.0,0.0,0.0,0.0,0.0,0.0,0.0,0.0
2024-08-20T04:00,3600,0.0,0.0,0.0,0.0,0.0,0.0,0.0,0.0,0.0
2024-08-20T05:00,3600,0.0,0.0,0.0,0.0,0.0,0.0,0.0,0.0,0.0
2024-08-20T06:00,3600,0.0,0.0,0.0,0.0,0.0,0.0,0.0,0.0,11.6184233
2024-08-20T07:00,3600,0.0,0.0,0.0,0.0,0.0,0.0,0.0,0.0,36.79167377
2024-08-20T08:00,3600,0.0,0.0,0.0,0.0,0.0,0.0,0.0,0.0,55.12106878
2024-08-20T09:00,3600,0.0,0.0,0.0,0.0,0.0,0.0,0.0,0.0,128.80357556
2024-08-20T10:00,3600,0.0,0.0,0.0,0.0,0.0,0.0,0.0,0.0,236.77920253
2024-08-20T11:00,3600,0.0,0.0,0.0,0.0,0.0,0.0,0.0,0.0,342.57378635
2024-08-20T12:00,3600,0.0,0.0,0.0,0.0,0.0,0.0,0.0,0.0,336.62413546
2024-08-20T13:00,3600,0.0,0.0,0.0,0.0,0.0,0.0,0.0,0.0,384.13385402
2024-08-20T14:00,3600,0.0,0.0,0.0,0.0,0.0,0.0,0.0,0.0,306.43443303
2024-08-20T15:00,3600,0.0,0.0,0.0,0.0,0.0,0.0,0.0,0.0,232.42624947
2024-08-20T16:00,3600,0.0,0.0,0.0,0.0,0.0,0.0,0.0,0.0,162.06322382
2024-08-20T17:00,3600,0.0,0.0,0.0,0.0,0.0,0.0,0.0,0.0,64.72548634
2024-08-20T18:00,3600,1.0870588235294116,0.0,0.0,1.0870588235294116,0.0,0.0,0.0,0.0,16.459433
2024-08-20T19:00,3600,1.0870588235294116,0.0,0.0,1.0870588235294116,0.0,0.0,0.0,0.0,0.0
2024-08-20T20:00,3600,1.0870588235294116,0.0,0.0,1.0870588235294116,0.0,0.0,0.0,0.0,0.0
2024-08-20T21:00,3600,1.0870588235294116,0.0,0.0,1.0870588235294116,0.0,0.0,0.0,0.0,0.0
2024-08-20T22:00,3600,1.0870588235294116,0.0,0.0,1.0870588235294116,0.0,0.0,0.0,0.0,0.0
2024-08-20T23:00,3600,1.0870588235294116,0.0,0.0,1.0870588235294116,0.0,0.0,0.0,0.0,0.0
2024-08-21T00:00,3600,0.0,0.0,0.0,0.0,0.0,0.0,0.0,0.0,0.0
2024-08-21T01:00,3600,0.0,0.0,0.0,0.0,0.0,0.0,0.0,0.0,0.0
2024-08-21T02:00,3600,0.0,0.0,0.0,0.0,0.0,0.0,0.0,0.0,0.0
2024-08-21T03:00,3600,0.0,0.0,0.0,0.0,0.0,0.0,0.0,0.0,0.0
2024-08-21T04:00,3600,0.0,0.0,0.0,0.0,0.0,0.0,0.0,0.0,0.0
2024-08-21T05:00,3600,0.0,0.0,0.0,0.0,0.0,0.0,0.0,0.0,0.0
2024-08-21T06:00,3600,0.0,0.0,0.0,0.0,0.0,0.0,0.0,0.0,15.49123106
2024-08-21T07:00,3600,0.0,0.0,0.0,0.0,0.0,0.0,0.0,0.0,74.92205654
2024-08-21T08:00,3600,0.0,0.0,0.0,0.0,0.0,0.0,0.0,0.0,142.47872012
2024-08-21T09:00,3600,0.0,0.0,0.0,0.0,0.0,0.0,0.0,0.0,264.7754582
2024-08-21T10:00,3600,0.0,0.0,0.0,0.0,0.0,0.0,0.0,0.0,286.15134519
2024-08-21T11:00,3600,0.0,0.0,0.0,0.0,0.0,0.0,0.0,0.0,364.13645153
2024-08-21T12:00,3600,0.0,0.0,0.0,0.0,0.0,0.0,0.0,0.0,199.42599038
2024-08-21T13:00,3600,0.0,0.0,0.0,0.0,0.0,0.0,0.0,0.0,210.36476315
2024-08-21T14:00,3600,0.0,0.0,0.0,0.0,0.0,0.0,0.0,0.0,86.16997278
2024-08-21T15:00,3600,0.0,0.0,0.0,0.0,0.0,0.0,0.0,0.0,98.7961796
2024-08-21T16:00,3600,0.0,0.0,0.0,0.0,0.0,0.0,0.0,0.0,78.36714331
2024-08-21T17:00,3600,0.0,0.0,0.0,0.0,0.0,0.0,0.0,0.0,40.07887582
2024-08-21T18:00,3600,1.0870588235294116,0.0,0.0,1.0870588235294116,0.0,0.0,0.0,0.0,8.71381747
2024-08-21T19:00,3600,1.0870588235294116,0.0,0.0,1.0870588235294116,0.0,0.0,0.0,0.0,0.0
2024-08-21T20:00,3600,0.7796141920235413,0.0,0.0,0.7796141920235413,0.0,0.0,0.0,0.0,0.0
2024-08-21T21:00,3600,0.46637869705882357,0.0,0.0,0.46637869705882357,0.0,0.0,0.0,0.0,0.0
2024-08-21T22:00,3600,0.46119486764705886,0.0,0.0,0.46119486764705886,0.0,0.0,0.0,0.0,0.0
2024-08-21T23:00,3600,0.4586029529411765,0.0,0.0,0.4586029529411765,0.0,0.0,0.0,0.0,0.0
2024-08-22T00:00,3600,0.0,0.0,0.0,0.0,0.0,0.0,0.0,0.0,0.0
2024-08-22T01:00,3600,0.0,0.0,0.0,0.0,0.0,0.0,0.0,0.0,0.0
2024-08-22T02:00,3600,0.0,0.0,0.0,0.0,0.0,0.0,0.0,0.0,0.0
2024-08-22T03:00,3600,0.0,0.0,0.0,0.0,0.0,0.0,0.0,0.0,0.0
2024-08-22T04:00,3600,0.0,0.0,0.0,0.0,0.0,0.0,0.0,0.0,0.0
2024-08-22T05:00,3600,0.0,0.0,0.0,0.0,0.0,0.0,0.0,0.0,0.0
2024-08-22T06:00,3600,0.0,0.0,0.0,0.0,0.0,0.0,0.0,0.0,6.77741359
2024-08-22T07:00,3600,0.0,0.0,0.0,0.0,0.0,0.0,0.0,0.0,51.02437951
2024-08-22T08:00,3600,0.0,0.0,0.0,0.0,0.0,0.0,0.0,0.0,59.97351571
2024-08-22T09:00,3600,0.0,0.0,0.0,0.0,0.0,0.0,0.0,0.0,168.91757251
2024-08-22T10:00,3600,0.0,0.0,0.0,0.0,0.0,0.0,0.0,0.0,168.6840299
2024-08-22T11:00,3600,0.0,0.0,0.0,0.0,0.0,0.0,0.0,0.0,317.65830476
2024-08-22T12:00,3600,0.0,0.0,0.0,0.0,0.0,0.0,0.0,0.0,358.28763999
2024-08-22T13:00,3600,0.0,0.0,0.0,0.0,0.0,0.0,0.0,0.0,177.68313149
2024-08-22T14:00,3600,0.0,0.0,0.0,0.0,0.0,0.0,0.0,0.0,216.41848052
2024-08-22T15:00,3600,0.0,0.0,0.0,0.0,0.0,0.0,0.0,0.0,253.05880348
2024-08-22T16:00,3600,0.0,0.0,0.0,0.0,0.0,0.0,0.0,0.0,133.25997176
2024-08-22T17:00,3600,0.0,0.0,0.0,0.0,0.0,0.0,0.0,0.0,59.06031842
2024-08-22T18:00,3600,1.0870588235294116,0.0,0.0,1.0870588235294116,0.0,0.0,0.0,0.0,14.52302912
2024-08-22T19:00,3600,1.0870588235294116,0.0,0.0,1.0870588235294116,0.0,0.0,0.0,0.0,0.0
2024-08-22T20:00,3600,0.8923736832738384,0.0,0.0,0.8923736832738384,0.0,0.0,0.0,0.0,0.0
2024-08-22T21:00,3600,0.492297844117647,0.0,0.0,0.492297844117647,0.0,0.0,0.0,0.0,0.0
2024-08-22T22:00,3600,0.48452209999999996,0.0,0.0,0.48452209999999996,0.0,0.0,0.0,0.0,0.0
2024-08-22T23:00,3600,0.47933827058823525,0.0,0.0,0.47933827058823525,0.0,0.0,0.0,0.0,0.0
2024-08-23T00:00,3600,0.0,0.0,0.0,0.0,0.0,0.0,0.0,0.0,0.0
2024-08-23T01:00,3600,0.0,0.0,0.0,0.0,0.0,0.0,0.0,0.0,0.0
2024-08-23T02:00,3600,0.0,0.0,0.0,0.0,0.0,0.0,0.0,0.0,0.0
2024-08-23T03:00,3600,0.0,0.0,0.0,0.0,0.0,0.0,0.0,0.0,0.0
2024-08-23T04:00,3600,0.0,0.0,0.0,0.0,0.0,0.0,0.0,0.0,0.0
2024-08-23T05:00,3600,0.0,0.0,0.0,0.0,0.0,0.0,0.0,0.0,0.0
2024-08-23T06:00,3600,0.0,0.0,0.0,0.0,0.0,0.0,0.0,0.0,11.64542076
2024-08-23T07:00,3600,0.0,0.0,0.0,0.0,0.0,0.0,0.0,0.0,80.49216503
2024-08-23T08:00,3600,0.0,0.0,0.0,0.0,0.0,0.0,0.0,0.0,146.5026192
2024-08-23T09:00,3600,0.0,0.0,0.0,0.0,0.0,0.0,0.0,0.0,216.01526799
2024-08-23T10:00,3600,0.0,0.0,0.0,0.0,0.0,0.0,0.0,0.0,283.26730843
2024-08-23T11:00,3600,0.0,0.0,0.0,0.0,0.0,0.0,0.0,0.0,363.8940297
2024-08-23T12:00,3600,0.0,0.0,0.0,0.0,0.0,0.0,0.0,0.0,278.16414119
2024-08-23T13:00,3600,0.0,0.0,0.0,0.0,0.0,0.0,0.0,0.0,258.99687528
2024-08-23T14:00,3600,0.0,0.0,0.0,0.0,0.0,0.0,0.0,0.0,221.29348376
2024-08-23T15:00,3600,0.0,0.0,0.0,0.0,0.0,0.0,0.0,0.0,200.8951748
2024-08-23T16:00,3600,0.0,0.0,0.0,0.0,0.0,0.0,0.0,0.0,200.48991507
2024-08-23T17:00,3600,0.0,0.0,0.0,0.0,0.0,0.0,0.0,0.0,91.9880184
2024-08-23T18:00,3600,1.0870588235294116,0.0,0.0,1.0870588235294116,0.0,0.0,0.0,0.0,16.46738252
2024-08-23T19:00,3600,1.0870588235294116,0.0,0.0,1.0870588235294116,0.0,0.0,0.0,0.0,0.0
2024-08-23T20:00,3600,1.0870588235294116,0.0,0.0,1.0870588235294116,0.0,0.0,0.0,0.0,0.0
2024-08-23T21:00,3600,0.5750771590677539,0.0,0.0,0.5750771590677539,0.0,0.0,0.0,0.0,0.0
2024-08-23T22:00,3600,0.4871140147058823,0.0,0.0,0.4871140147058823,0.0,0.0,0.0,0.0,0.0
2024-08-23T23:00,3600,0.48452209999999996,0.0,0.0,0.48452209999999996,0.0,0.0,0.0,0.0,0.0
2024-08-24T00:00,3600,0.0,0.0,0.0,0.0,0.0,0.0,0.0,0.0,0.0
2024-08-24T01:00,3600,0.0,0.0,0.0,0.0,0.0,0.0,0.0,0.0,0.0
2024-08-24T02:00,3600,0.0,0.0,0.0,0.0,0.0,0.0,0.0,0.0,0.0
2024-08-24T03:00,3600,0.0,0.0,0.0,0.0,0.0,0.0,0.0,0.0,0.0
2024-08-24T04:00,3600,0.0,0.0,0.0,0.0,0.0,0.0,0.0,0.0,0.0
2024-08-24T05:00,3600,0.0,0.0,0.0,0.0,0.0,0.0,0.0,0.0,0.0
2024-08-24T06:00,3600,0.0,0.0,0.0,0.0,0.0,0.0,0.0,0.0,19.76362949
2024-08-24T07:00,3600,0.0,0.0,0.0,0.0,0.0,0.0,0.0,0.0,151.5280817
2024-08-24T08:00,3600,0.0,0.0,0.0,0.0,0.0,0.0,0.0,0.0,304.50729055
2024-08-24T09:00,3600,0.0,0.0,0.0,0.0,0.0,0.0,0.0,0.0,469.47769777
2024-08-24T10:00,3600,0.0,0.0,0.0,0.0,0.0,0.0,0.0,0.0,638.19101636
2024-08-24T11:00,3600,0.0,0.0,0.0,0.0,0.0,0.0,0.0,0.0,597.50775218
2024-08-24T12:00,3600,0.0,0.0,0.0,0.0,0.0,0.0,0.0,0.0,576.08389937
2024-08-24T13:00,3600,0.0,0.0,0.0,0.0,0.0,0.0,0.0,0.0,794.36768711
2024-08-24T14:00,3600,0.0,0.0,0.0,0.0,0.0,0.0,0.0,0.0,673.25430036
2024-08-24T15:00,3600,0.0,0.0,0.0,0.0,0.0,0.0,0.0,0.0,555.75633379
2024-08-24T16:00,3600,0.0,0.0,0.0,0.0,0.0,0.0,0.0,0.0,343.47645577
2024-08-24T17:00,3600,0.0,0.0,0.0,0.0,0.0,0.0,0.0,0.0,125.31996174
2024-08-24T18:00,3600,0.0,0.0,0.0,0.0,0.0,0.0,0.0,0.0,19.41173592
2024-08-24T19:00,3600,0.0,0.0,0.0,0.0,0.0,0.0,0.0,0.0,0.0
2024-08-24T20:00,3600,0.0,0.0,0.0,0.0,0.0,0.0,0.0,0.0,0.0
2024-08-24T21:00,3600,0.0,0.0,0.0,0.0,0.0,0.0,0.0,0.0,0.0
2024-08-24T22:00,3600,0.0,0.0,0.0,0.0,0.0,0.0,0.0,0.0,0.0
2024-08-24T23:00,3600,0.0,0.0,0.0,0.0,0.0,0.0,0.0,0.0,0.0
2024-08-25T00:00,3600,0.0,0.0,0.0,0.0,0.0,0.0,0.0,0.0,0.0
2024-08-25T01:00,3600,0.0,0.0,0.0,0.0,0.0,0.0,0.0,0.0,0.0
2024-08-25T02:00,3600,0.0,0.0,0.0,0.0,0.0,0.0,0.0,0.0,0.0
2024-08-25T03:00,3600,0.0,0.0,0.0,0.0,0.0,0.0,0.0,0.0,0.0
2024-08-25T04:00,3600,0.0,0.0,0.0,0.0,0.0,0.0,0.0,0.0,0.0
2024-08-25T05:00,3600,0.0,0.0,0.0,0.0,0.0,0.0,0.0,0.0,0.0
2024-08-25T06:00,3600,0.0,0.0,0.0,0.0,0.0,0.0,0.0,0.0,22.86637032
2024-08-25T07:00,3600,0.0,0.0,0.0,0.0,0.0,0.0,0.0,0.0,176.77308802
2024-08-25T08:00,3600,0.0,0.0,0.0,0.0,0.0,0.0,0.0,0.0,359.81307586
2024-08-25T09:00,3600,0.0,0.0,0.0,0.0,0.0,0.0,0.0,0.0,544.581328
2024-08-25T10:00,3600,0.0,0.0,0.0,0.0,0.0,0.0,0.0,0.0,658.51619405
2024-08-25T11:00,3600,0.0,0.0,0.0,0.0,0.0,0.0,0.0,0.0,782.67284442
2024-08-25T12:00,3600,0.0,0.0,0.0,0.0,0.0,0.0,0.0,0.0,674.0294782
2024-08-25T13:00,3600,0.0,0.0,0.0,0.0,0.0,0.0,0.0,0.0,674.1477093
2024-08-25T14:00,3600,0.0,0.0,0.0,0.0,0.0,0.0,0.0,0.0,596.14167379
2024-08-25T15:00,3600,0.0,0.0,0.0,0.0,0.0,0.0,0.0,0.0,507.99147975
2024-08-25T16:00,3600,0.0,0.0,0.0,0.0,0.0,0.0,0.0,0.0,276.03446211
2024-08-25T17:00,3600,0.0,0.0,0.0,0.0,0.0,0.0,0.0,0.0,98.6262907
2024-08-25T18:00,3600,0.0,0.0,0.0,0.0,0.0,0.0,0.0,0.0,9.69791844
2024-08-25T19:00,3600,0.0,0.0,0.0,0.0,0.0,0.0,0.0,0.0,0.0
2024-08-25T20:00,3600,0.0,0.0,0.0,0.0,0.0,0.0,0.0,0.0,0.0
2024-08-25T21:00,3600,0.0,0.0,0.0,0.0,0.0,0.0,0.0,0.0,0.0
2024-08-25T22:00,3600,0.0,0.0,0.0,0.0,0.0,0.0,0.0,0.0,0.0
2024-08-25T23:00,3600,0.0,0.0,0.0,0.0,0.0,0.0,0.0,0.0,0.0
2024-08-26T00:00,3600,0.0,0.0,0.0,0.0,0.0,0.0,0.0,0.0,0.0
2024-08-26T01:00,3600,0.0,0.0,0.0,0.0,0.0,0.0,0.0,0.0,0.0
2024-08-26T02:00,3600,0.0,0.0,0.0,0.0,0.0,0.0,0.0,0.0,0.0
2024-08-26T03:00,3600,0.0,0.0,0.0,0.0,0.0,0.0,0.0,0.0,0.0
2024-08-26T04:00,3600,0.0,0.0,0.0,0.0,0.0,0.0,0.0,0.0,0.0
2024-08-26T05:00,3600,0.0,0.0,0.0,0.0,0.0,0.0,0.0,0.0,0.0
2024-08-26T06:00,3600,0.0,0.0,0.0,0.0,0.0,0.0,0.0,0.0,19.69970445
2024-08-26T07:00,3600,0.0,0.0,0.0,0.0,0.0,0.0,0.0,0.0,151.44041128
2024-08-26T08:00,3600,0.0,0.0,0.0,0.0,0.0,0.0,0.0,0.0,362.82853592
2024-08-26T09:00,3600,0.0,0.0,0.0,0.0,0.0,0.0,0.0,0.0,584.11770348
2024-08-26T10:00,3600,0.0,0.0,0.0,0.0,0.0,0.0,0.0,0.0,747.88672788
2024-08-26T11:00,3600,0.0,0.0,0.0,0.0,0.0,0.0,0.0,0.0,752.96172675
2024-08-26T12:00,3600,0.0,0.0,0.0,0.0,0.0,0.0,0.0,0.0,894.24496457
2024-08-26T13:00,3600,0.0,0.0,0.0,0.0,0.0,0.0,0.0,0.0,674.85551794
2024-08-26T14:00,3600,0.0,0.0,0.0,0.0,0.0,0.0,0.0,0.0,709.19330148
2024-08-26T15:00,3600,0.0,0.0,0.0,0.0,0.0,0.0,0.0,0.0,577.93773153
2024-08-26T16:00,3600,0.0,0.0,0.0,0.0,0.0,0.0,0.0,0.0,377.28102797
2024-08-26T17:00,3600,0.0,0.0,0.0,0.0,0.0,0.0,0.0,0.0,149.03370782
2024-08-26T18:00,3600,1.0870588235294116,0.0,0.0,1.0870588235294116,0.0,0.0,0.0,0.0,16.53097864
2024-08-26T19:00,3600,1.0870588235294116,0.0,0.0,1.0870588235294116,0.0,0.0,0.0,0.0,0.0
2024-08-26T20:00,3600,1.0870588235294116,0.0,0.0,1.0870588235294116,0.0,0.0,0.0,0.0,0.0
2024-08-26T21:00,3600,1.0870588235294116,0.0,0.0,1.0870588235294116,0.0,0.0,0.0,0.0,0.0
2024-08-26T22:00,3600,1.0870588235294116,0.0,0.0,1.0870588235294116,0.0,0.0,0.0,0.0,0.0
2024-08-26T23:00,3600,1.0870588235294116,0.0,0.0,1.0870588235294116,0.0,0.0,0.0,0.0,0.0
2024-08-27T00:00,3600,0.0,0.0,0.0,0.0,0.0,0.0,0.0,0.0,0.0
2024-08-27T01:00,3600,0.0,0.0,0.0,0.0,0.0,0.0,0.0,0.0,0.0
2024-08-27T02:00,3600,0.0,0.0,0.0,0.0,0.0,0.0,0.0,0.0,0.0
2024-08-27T03:00,3600,0.0,0.0,0.0,0.0,0.0,0.0,0.0,0.0,0.0
2024-08-27T04:00,3600,0.0,0.0,0.0,0.0,0.0,0.0,0.0,0.0,0.0
2024-08-27T05:00,3600,0.0,0.0,0.0,0.0,0.0,0.0,0.0,0.0,0.0
2024-08-27T06:00,3600,0.0,0.0,0.0,0.0,0.0,0.0,0.0,0.0,20.35835535
2024-08-27T07:00,3600,0.0,0.0,0.0,0.0,0.0,0.0,0.0,0.0,174.10461198
2024-08-27T08:00,3600,0.0,0.0,0.0,0.0,0.0,0.0,0.0,0.0,403.7930881
2024-08-27T09:00,3600,0.0,0.0,0.0,0.0,0.0,0.0,0.0,0.0,604.60190817
2024-08-27T10:00,3600,0.0,0.0,0.0,0.0,0.0,0.0,0.0,0.0,786.53588646
2024-08-27T11:00,3600,0.0,0.0,0.0,0.0,0.0,0.0,0.0,0.0,889.79081553
2024-08-27T12:00,3600,0.0,0.0,0.0,0.0,0.0,0.0,0.0,0.0,905.44492592
2024-08-27T13:00,3600,0.0,0.0,0.0,0.0,0.0,0.0,0.0,0.0,842.40112018
2024-08-27T14:00,3600,0.0,0.0,0.0,0.0,0.0,0.0,0.0,0.0,734.64435525
2024-08-27T15:00,3600,0.0,0.0,0.0,0.0,0.0,0.0,0.0,0.0,580.84333883
2024-08-27T16:00,3600,0.0,0.0,0.0,0.0,0.0,0.0,0.0,0.0,325.8170221
2024-08-27T17:00,3600,0.0,0.0,0.0,0.0,0.0,0.0,0.0,0.0,156.95003163
2024-08-27T18:00,3600,1.065110588235294,0.0,0.0,1.065110588235294,0.0,0.0,0.0,0.0,16.55482718
2024-08-27T19:00,3600,1.0738070588235296,0.0,0.0,1.0738070588235296,0.0,0.0,0.0,0.0,0.0
2024-08-27T20:00,3600,1.0762917647058825,0.0,0.0,1.0762917647058825,0.0,0.0,0.0,0.0,0.0
2024-08-27T21:00,3600,1.0775341176470588,0.0,0.0,1.0775341176470588,0.0,0.0,0.0,0.0,0.0
2024-08-27T22:00,3600,1.0870588235294116,0.0,0.0,1.0870588235294116,0.0,0.0,0.0,0.0,0.0
2024-08-27T23:00,3600,1.0870588235294116,0.0,0.0,1.0870588235294116,0.0,0.0,0.0,0.0,0.0
2024-08-28T00:00,3600,0.0,0.0,0.0,0.0,0.0,0.0,0.0,0.0,0.0
2024-08-28T01:00,3600,0.0,0.0,0.0,0.0,0.0,0.0,0.0,0.0,0.0
2024-08-28T02:00,3600,0.0,0.0,0.0,0.0,0.0,0.0,0.0,0.0,0.0
2024-08-28T03:00,3600,0.0,0.0,0.0,0.0,0.0,0.0,0.0,0.0,0.0
2024-08-28T04:00,3600,0.0,0.0,0.0,0.0,0.0,0.0,0.0,0.0,0.0
2024-08-28T05:00,3600,0.0,0.0,0.0,0.0,0.0,0.0,0.0,0.0,0.0
2024-08-28T06:00,3600,0.0,0.0,0.0,0.0,0.0,0.0,0.0,0.0,21.40953539
2024-08-28T07:00,3600,0.0,0.0,0.0,0.0,0.0,0.0,0.0,0.0,178.87764003
2024-08-28T08:00,3600,0.0,0.0,0.0,0.0,0.0,0.0,0.0,0.0,397.4771612
2024-08-28T09:00,3600,0.0,0.0,0.0,0.0,0.0,0.0,0.0,0.0,614.48501091
2024-08-28T10:00,3600,0.0,0.0,0.0,0.0,0.0,0.0,0.0,0.0,691.27400072
2024-08-28T11:00,3600,0.0,0.0,0.0,0.0,0.0,0.0,0.0,0.0,794.22634239
2024-08-28T12:00,3600,0.0,0.0,0.0,0.0,0.0,0.0,0.0,0.0,858.33533303
2024-08-28T13:00,3600,0.0,0.0,0.0,0.0,0.0,0.0,0.0,0.0,769.26537529
2024-08-28T14:00,3600,0.0,0.0,0.0,0.0,0.0,0.0,0.0,0.0,640.49642289
2024-08-28T15:00,3600,0.0,0.0,0.0,0.0,0.0,0.0,0.0,0.0,368.23364656
2024-08-28T16:00,3600,0.0,0.0,0.0,0.0,0.0,0.0,0.0,0.0,151.80438623
2024-08-28T17:00,3600,0.0,0.0,0.0,0.0,0.0,0.0,0.0,0.0,86.37097388
2024-08-28T18:00,3600,1.0870588235294116,0.0,0.0,1.0870588235294116,0.0,0.0,0.0,0.0,13.57072621
2024-08-28T19:00,3600,1.0870588235294116,0.0,0.0,1.0870588235294116,0.0,0.0,0.0,0.0,0.0
2024-08-28T20:00,3600,1.0870588235294116,0.0,0.0,1.0870588235294116,0.0,0.0,0.0,0.0,0.0
2024-08-28T21:00,3600,1.0870588235294116,0.0,0.0,1.0870588235294116,0.0,0.0,0.0,0.0,0.0
2024-08-28T22:00,3600,1.0870588235294116,0.0,0.0,1.0870588235294116,0.0,0.0,0.0,0.0,0.0
2024-08-28T23:00,3600,1.0870588235294116,0.0,0.0,1.0870588235294116,0.0,0.0,0.0,0.0,0.0
2024-08-29T00:00,3600,0.0,0.0,0.0,0.0,0.0,0.0,0.0,0.0,0.0
2024-08-29T01:00,3600,0.0,0.0,0.0,0.0,0.0,0.0,0.0,0.0,0.0
2024-08-29T02:00,3600,0.0,0.0,0.0,0.0,0.0,0.0,0.0,0.0,0.0
2024-08-29T03:00,3600,0.0,0.0,0.0,0.0,0.0,0.0,0.0,0.0,0.0
2024-08-29T04:00,3600,0.0,0.0,0.0,0.0,0.0,0.0,0.0,0.0,0.0
2024-08-29T05:00,3600,0.0,0.0,0.0,0.0,0.0,0.0,0.0,0.0,0.0
2024-08-29T06:00,3600,0.0,0.0,0.0,0.0,0.0,0.0,0.0,0.0,21.29960724
2024-08-29T07:00,3600,0.0,0.0,0.0,0.0,0.0,0.0,0.0,0.0,159.10090084
2024-08-29T08:00,3600,0.0,0.0,0.0,0.0,0.0,0.0,0.0,0.0,322.41186583
2024-08-29T09:00,3600,0.0,0.0,0.0,0.0,0.0,0.0,0.0,0.0,558.20881903
2024-08-29T10:00,3600,0.0,0.0,0.0,0.0,0.0,0.0,0.0,0.0,572.97101486
2024-08-29T11:00,3600,0.0,0.0,0.0,0.0,0.0,0.0,0.0,0.0,655.78021595
2024-08-29T12:00,3600,0.0,0.0,0.0,0.0,0.0,0.0,0.0,0.0,785.06361922
2024-08-29T13:00,3600,0.0,0.0,0.0,0.0,0.0,0.0,0.0,0.0,756.19297974
2024-08-29T14:00,3600,0.0,0.0,0.0,0.0,0.0,0.0,0.0,0.0,659.7197957
2024-08-29T15:00,3600,0.0,0.0,0.0,0.0,0.0,0.0,0.0,0.0,419.34475345
2024-08-29T16:00,3600,0.0,0.0,0.0,0.0,0.0,0.0,0.0,0.0,252.43837502
2024-08-29T17:00,3600,0.0,0.0,0.0,0.0,0.0,0.0,0.0,0.0,84.36232698
2024-08-29T18:00,3600,1.0870588235294116,0.0,0.0,1.0870588235294116,0.0,0.0,0.0,0.0,8.72176699
2024-08-29T19:00,3600,1.0870588235294116,0.0,0.0,1.0870588235294116,0.0,0.0,0.0,0.0,0.0
2024-08-29T20:00,3600,1.0870588235294116,0.0,0.0,1.0870588235294116,0.0,0.0,0.0,0.0,0.0
2024-08-29T21:00,3600,1.0870588235294116,0.0,0.0,1.0870588235294116,0.0,0.0,0.0,0.0,0.0
2024-08-29T22:00,3600,1.0870588235294116,0.0,0.0,1.0870588235294116,0.0,0.0,0.0,0.0,0.0
2024-08-29T23:00,3600,1.0870588235294116,0.0,0.0,1.0870588235294116,0.0,0.0,0.0,0.0,0.0
2024-08-30T00:00,3600,0.0,0.0,0.0,0.0,0.0,0.0,0.0,0.0,0.0
2024-08-30T01:00,3600,0.0,0.0,0.0,0.0,0.0,0.0,0.0,0.0,0.0
2024-08-30T02:00,3600,0.0,0.0,0.0,0.0,0.0,0.0,0.0,0.0,0.0
2024-08-30T03:00,3600,0.0,0.0,0.0,0.0,0.0,0.0,0.0,0.0,0.0
2024-08-30T04:00,3600,0.0,0.0,0.0,0.0,0.0,0.0,0.0,0.0,0.0
2024-08-30T05:00,3600,0.0,0.0,0.0,0.0,0.0,0.0,0.0,0.0,0.0
2024-08-30T06:00,3600,0.0,0.0,0.0,0.0,0.0,0.0,0.0,0.0,20.15739333
2024-08-30T07:00,3600,0.0,0.0,0.0,0.0,0.0,0.0,0.0,0.0,136.74061576
2024-08-30T08:00,3600,0.0,0.0,0.0,0.0,0.0,0.0,0.0,0.0,334.0898589
2024-08-30T09:00,3600,0.0,0.0,0.0,0.0,0.0,0.0,0.0,0.0,450.69815649
2024-08-30T10:00,3600,0.0,0.0,0.0,0.0,0.0,0.0,0.0,0.0,586.38164114
2024-08-30T11:00,3600,0.0,0.0,0.0,0.0,0.0,0.0,0.0,0.0,811.78336934
2024-08-30T12:00,3600,0.0,0.0,0.0,0.0,0.0,0.0,0.0,0.0,666.66777434
2024-08-30T13:00,3600,0.0,0.0,0.0,0.0,0.0,0.0,0.0,0.0,667.6287255
2024-08-30T14:00,3600,0.0,0.0,0.0,0.0,0.0,0.0,0.0,0.0,547.91288777
2024-08-30T15:00,3600,0.0,0.0,0.0,0.0,0.0,0.0,0.0,0.0,504.16002775
2024-08-30T16:00,3600,0.0,0.0,0.0,0.0,0.0,0.0,0.0,0.0,280.2643187
2024-08-30T17:00,3600,0.0,0.0,0.0,0.0,0.0,0.0,0.0,0.0,113.50651599
2024-08-30T18:00,3600,1.0870588235294116,0.0,0.0,1.0870588235294116,0.0,0.0,0.0,0.0,12.63432233
2024-08-30T19:00,3600,1.0870588235294116,0.0,0.0,1.0870588235294116,0.0,0.0,0.0,0.0,0.0
2024-08-30T20:00,3600,1.0870588235294116,0.0,0.0,1.0870588235294116,0.0,0.0,0.0,0.0,0.0
2024-08-30T21:00,3600,1.0870588235294116,0.0,0.0,1.0870588235294116,0.0,0.0,0.0,0.0,0.0
2024-08-30T22:00,3600,1.0870588235294116,0.0,0.0,1.0870588235294116,0.0,0.0,0.0,0.0,0.0
2024-08-30T23:00,3600,1.0870588235294116,0.0,0.0,1.0870588235294116,0.0,0.0,0.0,0.0,0.0
2024-08-31T00:00,3600,0.0,0.0,0.0,0.0,0.0,0.0,0.0,0.0,0.0
2024-08-31T01:00,3600,0.0,0.0,0.0,0.0,0.0,0.0,0.0,0.0,0.0
2024-08-31T02:00,3600,0.0,0.0,0.0,0.0,0.0,0.0,0.0,0.0,0.0
2024-08-31T03:00,3600,0.0,0.0,0.0,0.0,0.0,0.0,0.0,0.0,0.0
2024-08-31T04:00,3600,0.0,0.0,0.0,0.0,0.0,0.0,0.0,0.0,0.0
2024-08-31T05:00,3600,0.0,0.0,0.0,0.0,0.0,0.0,0.0,0.0,0.0
2024-08-31T06:00,3600,0.0,0.0,0.0,0.0,0.0,0.0,0.0,0.0,13.99846149
2024-08-31T07:00,3600,0.0,0.0,0.0,0.0,0.0,0.0,0.0,0.0,91.9681189
2024-08-31T08:00,3600,0.0,0.0,0.0,0.0,0.0,0.0,0.0,0.0,270.64120759
2024-08-31T09:00,3600,0.0,0.0,0.0,0.0,0.0,0.0,0.0,0.0,426.53777935
2024-08-31T10:00,3600,0.0,0.0,0.0,0.0,0.0,0.0,0.0,0.0,615.4772825
2024-08-31T11:00,3600,0.0,0.0,0.0,0.0,0.0,0.0,0.0,0.0,616.76857668
2024-08-31T12:00,3600,0.0,0.0,0.0,0.0,0.0,0.0,0.0,0.0,489.84353933
2024-08-31T13:00,3600,0.0,0.0,0.0,0.0,0.0,0.0,0.0,0.0,506.38496739
2024-08-31T14:00,3600,0.0,0.0,0.0,0.0,0.0,0.0,0.0,0.0,478.87555895
2024-08-31T15:00,3600,0.0,0.0,0.0,0.0,0.0,0.0,0.0,0.0,345.67284246
2024-08-31T16:00,3600,0.0,0.0,0.0,0.0,0.0,0.0,0.0,0.0,272.00536046
2024-08-31T17:00,3600,0.0,0.0,0.0,0.0,0.0,0.0,0.0,0.0,106.97311148
2024-08-31T18:00,3600,0.0,0.0,0.0,0.0,0.0,0.0,0.0,0.0,12.62637281
2024-08-31T19:00,3600,0.0,0.0,0.0,0.0,0.0,0.0,0.0,0.0,0.0
2024-08-31T20:00,3600,0.0,0.0,0.0,0.0,0.0,0.0,0.0,0.0,0.0
2024-08-31T21:00,3600,0.0,0.0,0.0,0.0,0.0,0.0,0.0,0.0,0.0
2024-08-31T22:00,3600,0.0,0.0,0.0,0.0,0.0,0.0,0.0,0.0,0.0
2024-08-31T23:00,3600,0.0,0.0,0.0,0.0,0.0,0.0,0.0,0.0,0.0
2024-09-01T00:00,3600,0.0,0.0,0.0,0.0,0.0,0.0,0.0,0.0,0.0
2024-09-01T01:00,3600,0.0,0.0,0.0,0.0,0.0,0.0,0.0,0.0,0.0
2024-09-01T02:00,3600,0.0,0.0,0.0,0.0,0.0,0.0,0.0,0.0,0.0
2024-09-01T03:00,3600,0.0,0.0,0.0,0.0,0.0,0.0,0.0,0.0,0.0
2024-09-01T04:00,3600,0.0,0.0,0.0,0.0,0.0,0.0,0.0,0.0,0.0
2024-09-01T05:00,3600,0.0,0.0,0.0,0.0,0.0,0.0,0.0,0.0,0.0
2024-09-01T06:00,3600,0.0,0.0,0.0,0.0,0.0,0.0,0.0,0.0,21.31340855
2024-09-01T07:00,3600,0.0,0.0,0.0,0.0,0.0,0.0,0.0,0.0,148.6950902
2024-09-01T08:00,3600,0.0,0.0,0.0,0.0,0.0,0.0,0.0,0.0,322.38380639
2024-09-01T09:00,3600,0.0,0.0,0.0,0.0,0.0,0.0,0.0,0.0,465.59311554
2024-09-01T10:00,3600,0.0,0.0,0.0,0.0,0.0,0.0,0.0,0.0,659.05678471
2024-09-01T11:00,3600,0.0,0.0,0.0,0.0,0.0,0.0,0.0,0.0,670.44732597
2024-09-01T12:00,3600,0.0,0.0,0.0,0.0,0.0,0.0,0.0,0.0,735.19261547
2024-09-01T13:00,3600,0.0,0.0,0.0,0.0,0.0,0.0,0.0,0.0,675.96321028
2024-09-01T14:00,3600,0.0,0.0,0.0,0.0,0.0,0.0,0.0,0.0,561.71407802
2024-09-01T15:00,3600,0.0,0.0,0.0,0.0,0.0,0.0,0.0,0.0,426.40821364
2024-09-01T16:00,3600,0.0,0.0,0.0,0.0,0.0,0.0,0.0,0.0,296.52758213
2024-09-01T17:00,3600,0.0,0.0,0.0,0.0,0.0,0.0,0.0,0.0,121.81808283
2024-09-01T18:00,3600,0.0,0.0,0.0,0.0,0.0,0.0,0.0,0.0,12.63432233
2024-09-01T19:00,3600,0.0,0.0,0.0,0.0,0.0,0.0,0.0,0.0,0.0
2024-09-01T20:00,3600,0.0,0.0,0.0,0.0,0.0,0.0,0.0,0.0,0.0
2024-09-01T21:00,3600,0.0,0.0,0.0,0.0,0.0,0.0,0.0,0.0,0.0
2024-09-01T22:00,3600,0.0,0.0,0.0,0.0,0.0,0.0,0.0,0.0,0.0
2024-09-01T23:00,3600,0.0,0.0,0.0,0.0,0.0,0.0,0.0,0.0,0.0
2024-09-02T00:00,3600,0.0,0.0,0.0,0.0,0.0,0.0,0.0,0.0,0.0
2024-09-02T01:00,3600,0.0,0.0,0.0,0.0,0.0,0.0,0.0,0.0,0.0
2024-09-02T02:00,3600,0.0,0.0,0.0,0.0,0.0,0.0,0.0,0.0,0.0
2024-09-02T03:00,3600,0.0,0.0,0.0,0.0,0.0,0.0,0.0,0.0,0.0
2024-09-02T04:00,3600,0.0,0.0,0.0,0.0,0.0,0.0,0.0,0.0,0.0
2024-09-02T05:00,3600,0.0,0.0,0.0,0.0,0.0,0.0,0.0,0.0,0.0
2024-09-02T06:00,3600,0.0,0.0,0.0,0.0,0.0,0.0,0.0,0.0,21.25201971
2024-09-02T07:00,3600,0.0,0.0,0.0,0.0,0.0,0.0,0.0,0.0,182.32029398
2024-09-02T08:00,3600,0.0,0.0,0.0,0.0,0.0,0.0,0.0,0.0,399.68577782
2024-09-02T09:00,3600,0.0,0.0,0.0,0.0,0.0,0.0,0.0,0.0,585.04728053
2024-09-02T10:00,3600,0.0,0.0,0.0,0.0,0.0,0.0,0.0,0.0,694.57524597
2024-09-02T11:00,3600,0.0,0.0,0.0,0.0,0.0,0.0,0.0,0.0,720.34628101
2024-09-02T12:00,3600,0.0,0.0,0.0,0.0,0.0,0.0,0.0,0.0,800.67468885
2024-09-02T13:00,3600,0.0,0.0,0.0,0.0,0.0,0.0,0.0,0.0,786.8281479
2024-09-02T14:00,3600,0.0,0.0,0.0,0.0,0.0,0.0,0.0,0.0,730.99171369
2024-09-02T15:00,3600,0.0,0.0,0.0,0.0,0.0,0.0,0.0,0.0,515.03847136
2024-09-02T16:00,3600,0.0,0.0,0.0,0.0,0.0,0.0,0.0,0.0,286.0514859
2024-09-02T17:00,3600,0.0,0.0,0.0,0.0,0.0,0.0,0.0,0.0,116.65982859
2024-09-02T18:00,3600,1.0849882352941176,0.0,0.0,1.0849882352941176,0.0,0.0,0.0,0.0,10.68996893
2024-09-02T19:00,3600,1.0870588235294116,0.0,0.0,1.0870588235294116,0.0,0.0,0.0,0.0,0.0
2024-09-02T20:00,3600,1.0870588235294116,0.0,0.0,1.0870588235294116,0.0,0.0,0.0,0.0,0.0
2024-09-02T21:00,3600,1.0870588235294116,0.0,0.0,1.0870588235294116,0.0,0.0,0.0,0.0,0.0
2024-09-02T22:00,3600,1.0870588235294116,0.0,0.0,1.0870588235294116,0.0,0.0,0.0,0.0,0.0
2024-09-02T23:00,3600,1.0870588235294116,0.0,0.0,1.0870588235294116,0.0,0.0,0.0,0.0,0.0
2024-09-03T00:00,3600,0.0,0.0,0.0,0.0,0.0,0.0,0.0,0.0,0.0
2024-09-03T01:00,3600,0.0,0.0,0.0,0.0,0.0,0.0,0.0,0.0,0.0
2024-09-03T02:00,3600,0.0,0.0,0.0,0.0,0.0,0.0,0.0,0.0,0.0
2024-09-03T03:00,3600,0.0,0.0,0.0,0.0,0.0,0.0,0.0,0.0,0.0
2024-09-03T04:00,3600,0.0,0.0,0.0,0.0,0.0,0.0,0.0,0.0,0.0
2024-09-03T05:00,3600,0.0,0.0,0.0,0.0,0.0,0.0,0.0,0.0,0.0
2024-09-03T06:00,3600,0.0,0.0,0.0,0.0,0.0,0.0,0.0,0.0,21.27894227
2024-09-03T07:00,3600,0.0,0.0,0.0,0.0,0.0,0.0,0.0,0.0,181.7379594
2024-09-03T08:00,3600,0.0,0.0,0.0,0.0,0.0,0.0,0.0,0.0,349.0796614
2024-09-03T09:00,3600,0.0,0.0,0.0,0.0,0.0,0.0,0.0,0.0,598.89958671
2024-09-03T10:00,3600,0.0,0.0,0.0,0.0,0.0,0.0,0.0,0.0,721.90771659
2024-09-03T11:00,3600,0.0,0.0,0.0,0.0,0.0,0.0,0.0,0.0,876.2597383
2024-09-03T12:00,3600,0.0,0.0,0.0,0.0,0.0,0.0,0.0,0.0,866.38839104
2024-09-03T13:00,3600,0.0,0.0,0.0,0.0,0.0,0.0,0.0,0.0,841.83652589
2024-09-03T14:00,3600,0.0,0.0,0.0,0.0,0.0,0.0,0.0,0.0,668.31006728
2024-09-03T15:00,3600,0.0,0.0,0.0,0.0,0.0,0.0,0.0,0.0,492.80886077
2024-09-03T16:00,3600,0.0,0.0,0.0,0.0,0.0,0.0,0.0,0.0,344.67833722
2024-09-03T17:00,3600,0.0,0.0,0.0,0.0,0.0,0.0,0.0,0.0,125.11311716
2024-09-03T18:00,3600,1.0762917647058825,0.0,0.0,1.0762917647058825,0.0,0.0,0.0,0.0,12.62637281
2024-09-03T19:00,3600,1.0849882352941176,0.0,0.0,1.0849882352941176,0.0,0.0,0.0,0.0,0.0
2024-09-03T20:00,3600,1.0870588235294116,0.0,0.0,1.0870588235294116,0.0,0.0,0.0,0.0,0.0
2024-09-03T21:00,3600,1.0870588235294116,0.0,0.0,1.0870588235294116,0.0,0.0,0.0,0.0,0.0
2024-09-03T22:00,3600,1.0870588235294116,0.0,0.0,1.0870588235294116,0.0,0.0,0.0,0.0,0.0
2024-09-03T23:00,3600,1.0870588235294116,0.0,0.0,1.0870588235294116,0.0,0.0,0.0,0.0,0.0
2024-09-04T00:00,3600,0.0,0.0,0.0,0.0,0.0,0.0,0.0,0.0,0.0
2024-09-04T01:00,3600,0.0,0.0,0.0,0.0,0.0,0.0,0.0,0.0,0.0
2024-09-04T02:00,3600,0.0,0.0,0.0,0.0,0.0,0.0,0.0,0.0,0.0
2024-09-04T03:00,3600,0.0,0.0,0.0,0.0,0.0,0.0,0.0,0.0,0.0
2024-09-04T04:00,3600,0.0,0.0,0.0,0.0,0.0,0.0,0.0,0.0,0.0
2024-09-04T05:00,3600,0.0,0.0,0.0,0.0,0.0,0.0,0.0,0.0,0.0
2024-09-04T06:00,3600,0.0,0.0,0.0,0.0,0.0,0.0,0.0,0.0,18.2281116
2024-09-04T07:00,3600,0.0,0.0,0.0,0.0,0.0,0.0,0.0,0.0,129.88443861
2024-09-04T08:00,3600,0.0,0.0,0.0,0.0,0.0,0.0,0.0,0.0,253.86555083
2024-09-04T09:00,3600,0.0,0.0,0.0,0.0,0.0,0.0,0.0,0.0,487.66953952
2024-09-04T10:00,3600,0.0,0.0,0.0,0.0,0.0,0.0,0.0,0.0,653.55393712
2024-09-04T11:00,3600,0.0,0.0,0.0,0.0,0.0,0.0,0.0,0.0,829.63910089
2024-09-04T12:00,3600,0.0,0.0,0.0,0.0,0.0,0.0,0.0,0.0,901.58487378
2024-09-04T13:00,3600,0.0,0.0,0.0,0.0,0.0,0.0,0.0,0.0,824.67282298
2024-09-04T14:00,3600,0.0,0.0,0.0,0.0,0.0,0.0,0.0,0.0,649.01531648
2024-09-04T15:00,3600,0.0,0.0,0.0,0.0,0.0,0.0,0.0,0.0,425.81988944
2024-09-04T16:00,3600,0.0,0.0,0.0,0.0,0.0,0.0,0.0,0.0,327.09948001
2024-09-04T17:00,3600,0.0,0.0,0.0,0.0,0.0,0.0,0.0,0.0,141.72548778
2024-09-04T18:00,3600,1.0870588235294116,0.0,0.0,1.0870588235294116,0.0,0.0,0.0,0.0,13.60252427
2024-09-04T19:00,3600,1.0870588235294116,0.0,0.0,1.0870588235294116,0.0,0.0,0.0,0.0,0.0
2024-09-04T20:00,3600,1.0870588235294116,0.0,0.0,1.0870588235294116,0.0,0.0,0.0,0.0,0.0
2024-09-04T21:00,3600,1.0870588235294116,0.0,0.0,1.0870588235294116,0.0,0.0,0.0,0.0,0.0
2024-09-04T22:00,3600,1.0870588235294116,0.0,0.0,1.0870588235294116,0.0,0.0,0.0,0.0,0.0
2024-09-04T23:00,3600,1.0870588235294116,0.0,0.0,1.0870588235294116,0.0,0.0,0.0,0.0,0.0
2024-09-05T00:00,3600,0.0,0.0,0.0,0.0,0.0,0.0,0.0,0.0,0.0
2024-09-05T01:00,3600,0.0,0.0,0.0,0.0,0.0,0.0,0.0,0.0,0.0
2024-09-05T02:00,3600,0.0,0.0,0.0,0.0,0.0,0.0,0.0,0.0,0.0
2024-09-05T03:00,3600,0.0,0.0,0.0,0.0,0.0,0.0,0.0,0.0,0.0
2024-09-05T04:00,3600,0.0,0.0,0.0,0.0,0.0,0.0,0.0,0.0,0.0
2024-09-05T05:00,3600,0.0,0.0,0.0,0.0,0.0,0.0,0.0,0.0,0.0
2024-09-05T06:00,3600,0.0,0.0,0.0,0.0,0.0,0.0,0.0,0.0,18.53822843
2024-09-05T07:00,3600,0.0,0.0,0.0,0.0,0.0,0.0,0.0,0.0,159.89167358
2024-09-05T08:00,3600,0.0,0.0,0.0,0.0,0.0,0.0,0.0,0.0,391.03255471
2024-09-05T09:00,3600,0.0,0.0,0.0,0.0,0.0,0.0,0.0,0.0,605.75681484
2024-09-05T10:00,3600,0.0,0.0,0.0,0.0,0.0,0.0,0.0,0.0,679.38584965
2024-09-05T11:00,3600,0.0,0.0,0.0,0.0,0.0,0.0,0.0,0.0,844.91989164
2024-09-05T12:00,3600,0.0,0.0,0.0,0.0,0.0,0.0,0.0,0.0,716.03263596
2024-09-05T13:00,3600,0.0,0.0,0.0,0.0,0.0,0.0,0.0,0.0,772.48802619
2024-09-05T14:00,3600,0.0,0.0,0.0,0.0,0.0,0.0,0.0,0.0,592.12024215
2024-09-05T15:00,3600,0.0,0.0,0.0,0.0,0.0,0.0,0.0,0.0,537.63264158
2024-09-05T16:00,3600,0.0,0.0,0.0,0.0,0.0,0.0,0.0,0.0,308.61877269
2024-09-05T17:00,3600,0.0,0.0,0.0,0.0,0.0,0.0,0.0,0.0,122.50079086
2024-09-05T18:00,3600,1.0870588235294116,0.0,0.0,1.0870588235294116,0.0,0.0,0.0,0.0,9.71381747
2024-09-05T19:00,3600,1.0870588235294116,0.0,0.0,1.0870588235294116,0.0,0.0,0.0,0.0,0.0
2024-09-05T20:00,3600,1.0870588235294116,0.0,0.0,1.0870588235294116,0.0,0.0,0.0,0.0,0.0
2024-09-05T21:00,3600,1.0870588235294116,0.0,0.0,1.0870588235294116,0.0,0.0,0.0,0.0,0.0
2024-09-05T22:00,3600,1.0870588235294116,0.0,0.0,1.0870588235294116,0.0,0.0,0.0,0.0,0.0
2024-09-05T23:00,3600,1.0870588235294116,0.0,0.0,1.0870588235294116,0.0,0.0,0.0,0.0,0.0
2024-09-06T00:00,3600,0.0,0.0,0.0,0.0,0.0,0.0,0.0,0.0,0.0
2024-09-06T01:00,3600,0.0,0.0,0.0,0.0,0.0,0.0,0.0,0.0,0.0
2024-09-06T02:00,3600,0.0,0.0,0.0,0.0,0.0,0.0,0.0,0.0,0.0
2024-09-06T03:00,3600,0.0,0.0,0.0,0.0,0.0,0.0,0.0,0.0,0.0
2024-09-06T04:00,3600,0.0,0.0,0.0,0.0,0.0,0.0,0.0,0.0,0.0
2024-09-06T05:00,3600,0.0,0.0,0.0,0.0,0.0,0.0,0.0,0.0,0.0
2024-09-06T06:00,3600,0.0,0.0,0.0,0.0,0.0,0.0,0.0,0.0,3.87280777
2024-09-06T07:00,3600,0.0,0.0,0.0,0.0,0.0,0.0,0.0,0.0,12.58662524
2024-09-06T08:00,3600,0.0,0.0,0.0,0.0,0.0,0.0,0.0,0.0,82.38421976
2024-09-06T09:00,3600,0.0,0.0,0.0,0.0,0.0,0.0,0.0,0.0,100.98549405
2024-09-06T10:00,3600,0.0,0.0,0.0,0.0,0.0,0.0,0.0,0.0,120.56647291
2024-09-06T11:00,3600,0.0,0.0,0.0,0.0,0.0,0.0,0.0,0.0,136.27293574
2024-09-06T12:00,3600,0.0,0.0,0.0,0.0,0.0,0.0,0.0,0.0,131.709502
2024-09-06T13:00,3600,0.0,0.0,0.0,0.0,0.0,0.0,0.0,0.0,172.33994557
2024-09-06T14:00,3600,0.0,0.0,0.0,0.0,0.0,0.0,0.0,0.0,297.92782735
2024-09-06T15:00,3600,0.0,0.0,0.0,0.0,0.0,0.0,0.0,0.0,117.06536967
2024-09-06T16:00,3600,0.0,0.0,0.0,0.0,0.0,0.0,0.0,0.0,112.45043479
2024-09-06T17:00,3600,0.0,0.0,0.0,0.0,0.0,0.0,0.0,0.0,30.949163
2024-09-06T18:00,3600,1.0870588235294116,0.0,0.0,1.0870588235294116,0.0,0.0,0.0,0.0,4.84100971
2024-09-06T19:00,3600,1.0870588235294116,0.0,0.0,1.0870588235294116,0.0,0.0,0.0,0.0,0.0
2024-09-06T20:00,3600,1.0870588235294116,0.0,0.0,1.0870588235294116,0.0,0.0,0.0,0.0,0.0
2024-09-06T21:00,3600,1.0870588235294116,0.0,0.0,1.0870588235294116,0.0,0.0,0.0,0.0,0.0
2024-09-06T22:00,3600,1.0870588235294116,0.0,0.0,1.0870588235294116,0.0,0.0,0.0,0.0,0.0
2024-09-06T23:00,3600,1.0870588235294116,0.0,0.0,1.0870588235294116,0.0,0.0,0.0,0.0,0.0
2024-09-07T00:00,3600,0.0,0.0,0.0,0.0,0.0,0.0,0.0,0.0,0.0
2024-09-07T01:00,3600,0.0,0.0,0.0,0.0,0.0,0.0,0.0,0.0,0.0
2024-09-07T02:00,3600,0.0,0.0,0.0,0.0,0.0,0.0,0.0,0.0,0.0
2024-09-07T03:00,3600,0.0,0.0,0.0,0.0,0.0,0.0,0.0,0.0,0.0
2024-09-07T04:00,3600,0.0,0.0,0.0,0.0,0.0,0.0,0.0,0.0,0.0
2024-09-07T05:00,3600,0.0,0.0,0.0,0.0,0.0,0.0,0.0,0.0,0.0
2024-09-07T06:00,3600,0.0,0.0,0.0,0.0,0.0,0.0,0.0,0.0,11.81942106
2024-09-07T07:00,3600,0.0,0.0,0.0,0.0,0.0,0.0,0.0,0.0,80.82526175
2024-09-07T08:00,3600,0.0,0.0,0.0,0.0,0.0,0.0,0.0,0.0,186.07287074
2024-09-07T09:00,3600,0.0,0.0,0.0,0.0,0.0,0.0,0.0,0.0,233.3219135
2024-09-07T10:00,3600,0.0,0.0,0.0,0.0,0.0,0.0,0.0,0.0,325.11506153
2024-09-07T11:00,3600,0.0,0.0,0.0,0.0,0.0,0.0,0.0,0.0,399.42172359
2024-09-07T12:00,3600,0.0,0.0,0.0,0.0,0.0,0.0,0.0,0.0,576.10295943
2024-09-07T13:00,3600,0.0,0.0,0.0,0.0,0.0,0.0,0.0,0.0,447.37216846
2024-09-07T14:00,3600,0.0,0.0,0.0,0.0,0.0,0.0,0.0,0.0,283.3920048
2024-09-07T15:00,3600,0.0,0.0,0.0,0.0,0.0,0.0,0.0,0.0,248.8467945
2024-09-07T16:00,3600,0.0,0.0,0.0,0.0,0.0,0.0,0.0,0.0,155.84350576
2024-09-07T17:00,3600,0.0,0.0,0.0,0.0,0.0,0.0,0.0,0.0,61.68147595
2024-09-07T18:00,3600,0.0,0.0,0.0,0.0,0.0,0.0,0.0,0.0,9.69791844
2024-09-07T19:00,3600,0.0,0.0,0.0,0.0,0.0,0.0,0.0,0.0,0.0
2024-09-07T20:00,3600,0.0,0.0,0.0,0.0,0.0,0.0,0.0,0.0,0.0
2024-09-07T21:00,3600,0.0,0.0,0.0,0.0,0.0,0.0,0.0,0.0,0.0
2024-09-07T22:00,3600,0.0,0.0,0.0,0.0,0.0,0.0,0.0,0.0,0.0
2024-09-07T23:00,3600,0.0,0.0,0.0,0.0,0.0,0.0,0.0,0.0,0.0
2024-09-08T00:00,3600,0.0,0.0,0.0,0.0,0.0,0.0,0.0,0.0,0.0
2024-09-08T01:00,3600,0.0,0.0,0.0,0.0,0.0,0.0,0.0,0.0,0.0
2024-09-08T02:00,3600,0.0,0.0,0.0,0.0,0.0,0.0,0.0,0.0,0.0
2024-09-08T03:00,3600,0.0,0.0,0.0,0.0,0.0,0.0,0.0,0.0,0.0
2024-09-08T04:00,3600,0.0,0.0,0.0,0.0,0.0,0.0,0.0,0.0,0.0
2024-09-08T05:00,3600,0.0,0.0,0.0,0.0,0.0,0.0,0.0,0.0,0.0
2024-09-08T06:00,3600,0.0,0.0,0.0,0.0,0.0,0.0,0.0,0.0,12.58662524
2024-09-08T07:00,3600,0.0,0.0,0.0,0.0,0.0,0.0,0.0,0.0,85.05296025
2024-09-08T08:00,3600,0.0,0.0,0.0,0.0,0.0,0.0,0.0,0.0,178.50301862
2024-09-08T09:00,3600,0.0,0.0,0.0,0.0,0.0,0.0,0.0,0.0,368.83064095
2024-09-08T10:00,3600,0.0,0.0,0.0,0.0,0.0,0.0,0.0,0.0,566.58310361
2024-09-08T11:00,3600,0.0,0.0,0.0,0.0,0.0,0.0,0.0,0.0,637.59746019
2024-09-08T12:00,3600,0.0,0.0,0.0,0.0,0.0,0.0,0.0,0.0,683.18576369
2024-09-08T13:00,3600,0.0,0.0,0.0,0.0,0.0,0.0,0.0,0.0,551.75797502
2024-09-08T14:00,3600,0.0,0.0,0.0,0.0,0.0,0.0,0.0,0.0,284.94886125
2024-09-08T15:00,3600,0.0,0.0,0.0,0.0,0.0,0.0,0.0,0.0,258.46298129
2024-09-08T16:00,3600,0.0,0.0,0.0,0.0,0.0,0.0,0.0,0.0,139.30780972
2024-09-08T17:00,3600,0.0,0.0,0.0,0.0,0.0,0.0,0.0,0.0,47.35818945
2024-09-08T18:00,3600,0.0,0.0,0.0,0.0,0.0,0.0,0.0,0.0,3.87280777
2024-09-08T19:00,3600,0.0,0.0,0.0,0.0,0.0,0.0,0.0,0.0,0.0
2024-09-08T20:00,3600,0.0,0.0,0.0,0.0,0.0,0.0,0.0,0.0,0.0
2024-09-08T21:00,3600,0.0,0.0,0.0,0.0,0.0,0.0,0.0,0.0,0.0
2024-09-08T22:00,3600,0.0,0.0,0.0,0.0,0.0,0.0,0.0,0.0,0.0
2024-09-08T23:00,3600,0.0,0.0,0.0,0.0,0.0,0.0,0.0,0.0,0.0
2024-09-09T00:00,3600,0.0,0.0,0.0,0.0,0.0,0.0,0.0,0.0,0.0
2024-09-09T01:00,3600,0.0,0.0,0.0,0.0,0.0,0.0,0.0,0.0,0.0
2024-09-09T02:00,3600,0.0,0.0,0.0,0.0,0.0,0.0,0.0,0.0,0.0
2024-09-09T03:00,3600,0.0,0.0,0.0,0.0,0.0,0.0,0.0,0.0,0.0
2024-09-09T04:00,3600,0.0,0.0,0.0,0.0,0.0,0.0,0.0,0.0,0.0
2024-09-09T05:00,3600,0.0,0.0,0.0,0.0,0.0,0.0,0.0,0.0,0.0
2024-09-09T06:00,3600,0.0,0.0,0.0,0.0,0.0,0.0,0.0,0.0,18.11385789
2024-09-09T07:00,3600,0.0,0.0,0.0,0.0,0.0,0.0,0.0,0.0,112.28832835
2024-09-09T08:00,3600,0.0,0.0,0.0,0.0,0.0,0.0,0.0,0.0,218.80815164
2024-09-09T09:00,3600,0.0,0.0,0.0,0.0,0.0,0.0,0.0,0.0,362.732082
2024-09-09T10:00,3600,0.0,0.0,0.0,0.0,0.0,0.0,0.0,0.0,343.48775718
2024-09-09T11:00,3600,0.0,0.0,0.0,0.0,0.0,0.0,0.0,0.0,684.01969873
2024-09-09T12:00,3600,0.0,0.0,0.0,0.0,0.0,0.0,0.0,0.0,800.72425215
2024-09-09T13:00,3600,0.0,0.0,0.0,0.0,0.0,0.0,0.0,0.0,668.33390096
2024-09-09T14:00,3600,0.0,0.0,0.0,0.0,0.0,0.0,0.0,0.0,473.13139663
2024-09-09T15:00,3600,0.0,0.0,0.0,0.0,0.0,0.0,0.0,0.0,309.36994384
2024-09-09T16:00,3600,0.0,0.0,0.0,0.0,0.0,0.0,0.0,0.0,183.20772786
2024-09-09T17:00,3600,0.0,0.0,0.0,0.0,0.0,0.0,0.0,0.0,74.23729722
2024-09-09T18:00,3600,1.0870588235294116,0.0,0.0,1.0870588235294116,0.0,0.0,0.0,0.0,8.72176699
2024-09-09T19:00,3600,1.0870588235294116,0.0,0.0,1.0870588235294116,0.0,0.0,0.0,0.0,0.0
2024-09-09T20:00,3600,1.0870588235294116,0.0,0.0,1.0870588235294116,0.0,0.0,0.0,0.0,0.0
2024-09-09T21:00,3600,1.0870588235294116,0.0,0.0,1.0870588235294116,0.0,0.0,0.0,0.0,0.0
2024-09-09T22:00,3600,1.0870588235294116,0.0,0.0,1.0870588235294116,0.0,0.0,0.0,0.0,0.0
2024-09-09T23:00,3600,1.0870588235294116,0.0,0.0,1.0870588235294116,0.0,0.0,0.0,0.0,0.0
2024-09-10T00:00,3600,0.0,0.0,0.0,0.0,0.0,0.0,0.0,0.0,0.0
2024-09-10T01:00,3600,0.0,0.0,0.0,0.0,0.0,0.0,0.0,0.0,0.0
2024-09-10T02:00,3600,0.0,0.0,0.0,0.0,0.0,0.0,0.0,0.0,0.0
2024-09-10T03:00,3600,0.0,0.0,0.0,0.0,0.0,0.0,0.0,0.0,0.0
2024-09-10T04:00,3600,0.0,0.0,0.0,0.0,0.0,0.0,0.0,0.0,0.0
2024-09-10T05:00,3600,0.0,0.0,0.0,0.0,0.0,0.0,0.0,0.0,0.0
2024-09-10T06:00,3600,0.0,0.0,0.0,0.0,0.0,0.0,0.0,0.0,19.85344336
2024-09-10T07:00,3600,0.0,0.0,0.0,0.0,0.0,0.0,0.0,0.0,151.64240844
2024-09-10T08:00,3600,0.0,0.0,0.0,0.0,0.0,0.0,0.0,0.0,329.53158048
2024-09-10T09:00,3600,0.0,0.0,0.0,0.0,0.0,0.0,0.0,0.0,542.46571349
2024-09-10T10:00,3600,0.0,0.0,0.0,0.0,0.0,0.0,0.0,0.0,722.66787612
2024-09-10T11:00,3600,0.0,0.0,0.0,0.0,0.0,0.0,0.0,0.0,788.55224334
2024-09-10T12:00,3600,0.0,0.0,0.0,0.0,0.0,0.0,0.0,0.0,815.75697199
2024-09-10T13:00,3600,0.0,0.0,0.0,0.0,0.0,0.0,0.0,0.0,690.62344565
2024-09-10T14:00,3600,0.0,0.0,0.0,0.0,0.0,0.0,0.0,0.0,571.20969209
2024-09-10T15:00,3600,0.0,0.0,0.0,0.0,0.0,0.0,0.0,0.0,427.10865855
2024-09-10T16:00,3600,0.0,0.0,0.0,0.0,0.0,0.0,0.0,0.0,284.3483889
2024-09-10T17:00,3600,0.0,0.0,0.0,0.0,0.0,0.0,0.0,0.0,105.97487791
2024-09-10T18:00,3600,1.0870588235294116,0.0,0.0,1.0870588235294116,0.0,0.0,0.0,0.0,8.72176699
2024-09-10T19:00,3600,1.0870588235294116,0.0,0.0,1.0870588235294116,0.0,0.0,0.0,0.0,0.0
2024-09-10T20:00,3600,1.0870588235294116,0.0,0.0,1.0870588235294116,0.0,0.0,0.0,0.0,0.0
2024-09-10T21:00,3600,1.0870588235294116,0.0,0.0,1.0870588235294116,0.0,0.0,0.0,0.0,0.0
2024-09-10T22:00,3600,1.0870588235294116,0.0,0.0,1.0870588235294116,0.0,0.0,0.0,0.0,0.0
2024-09-10T23:00,3600,1.0870588235294116,0.0,0.0,1.0870588235294116,0.0,0.0,0.0,0.0,0.0
2024-09-11T00:00,3600,0.0,0.0,0.0,0.0,0.0,0.0,0.0,0.0,0.0
2024-09-11T01:00,3600,0.0,0.0,0.0,0.0,0.0,0.0,0.0,0.0,0.0
2024-09-11T02:00,3600,0.0,0.0,0.0,0.0,0.0,0.0,0.0,0.0,0.0
2024-09-11T03:00,3600,0.0,0.0,0.0,0.0,0.0,0.0,0.0,0.0,0.0
2024-09-11T04:00,3600,0.0,0.0,0.0,0.0,0.0,0.0,0.0,0.0,0.0
2024-09-11T05:00,3600,0.0,0.0,0.0,0.0,0.0,0.0,0.0,0.0,0.0
2024-09-11T06:00,3600,0.0,0.0,0.0,0.0,0.0,0.0,0.0,0.0,21.36340908
2024-09-11T07:00,3600,0.0,0.0,0.0,0.0,0.0,0.0,0.0,0.0,144.98755949
2024-09-11T08:00,3600,0.0,0.0,0.0,0.0,0.0,0.0,0.0,0.0,326.05577259
2024-09-11T09:00,3600,0.0,0.0,0.0,0.0,0.0,0.0,0.0,0.0,570.93904079
2024-09-11T10:00,3600,0.0,0.0,0.0,0.0,0.0,0.0,0.0,0.0,725.16637842
2024-09-11T11:00,3600,0.0,0.0,0.0,0.0,0.0,0.0,0.0,0.0,779.11901838
2024-09-11T12:00,3600,0.0,0.0,0.0,0.0,0.0,0.0,0.0,0.0,756.14727677
2024-09-11T13:00,3600,0.0,0.0,0.0,0.0,0.0,0.0,0.0,0.0,754.07382526
2024-09-11T14:00,3600,0.0,0.0,0.0,0.0,0.0,0.0,0.0,0.0,643.23009777
2024-09-11T15:00,3600,0.0,0.0,0.0,0.0,0.0,0.0,0.0,0.0,480.64595298
2024-09-11T16:00,3600,0.0,0.0,0.0,0.0,0.0,0.0,0.0,0.0,306.18288347
2024-09-11T17:00,3600,0.0,0.0,0.0,0.0,0.0,0.0,0.0,0.0,117.006378
2024-09-11T18:00,3600,1.0837458823529413,0.0,0.0,1.0837458823529413,0.0,0.0,0.0,0.0,6.80126213
2024-09-11T19:00,3600,1.0870588235294116,0.0,0.0,1.0870588235294116,0.0,0.0,0.0,0.0,0.0
2024-09-11T20:00,3600,1.0870588235294116,0.0,0.0,1.0870588235294116,0.0,0.0,0.0,0.0,0.0
2024-09-11T21:00,3600,1.0870588235294116,0.0,0.0,1.0870588235294116,0.0,0.0,0.0,0.0,0.0
2024-09-11T22:00,3600,1.0870588235294116,0.0,0.0,1.0870588235294116,0.0,0.0,0.0,0.0,0.0
2024-09-11T23:00,3600,1.0870588235294116,0.0,0.0,1.0870588235294116,0.0,0.0,0.0,0.0,0.0
2024-09-12T00:00,3600,0.0,0.0,0.0,0.0,0.0,0.0,0.0,0.0,0.0
2024-09-12T01:00,3600,0.0,0.0,0.0,0.0,0.0,0.0,0.0,0.0,0.0
2024-09-12T02:00,3600,0.0,0.0,0.0,0.0,0.0,0.0,0.0,0.0,0.0
2024-09-12T03:00,3600,0.0,0.0,0.0,0.0,0.0,0.0,0.0,0.0,0.0
2024-09-12T04:00,3600,0.0,0.0,0.0,0.0,0.0,0.0,0.0,0.0,0.0
2024-09-12T05:00,3600,0.0,0.0,0.0,0.0,0.0,0.0,0.0,0.0,0.0
2024-09-12T06:00,3600,0.0,0.0,0.0,0.0,0.0,0.0,0.0,0.0,17.55098072
2024-09-12T07:00,3600,0.0,0.0,0.0,0.0,0.0,0.0,0.0,0.0,143.71547129
2024-09-12T08:00,3600,0.0,0.0,0.0,0.0,0.0,0.0,0.0,0.0,337.80555951
2024-09-12T09:00,3600,0.0,0.0,0.0,0.0,0.0,0.0,0.0,0.0,591.75551882
2024-09-12T10:00,3600,0.0,0.0,0.0,0.0,0.0,0.0,0.0,0.0,730.87626359
2024-09-12T11:00,3600,0.0,0.0,0.0,0.0,0.0,0.0,0.0,0.0,762.62654487
2024-09-12T12:00,3600,0.0,0.0,0.0,0.0,0.0,0.0,0.0,0.0,721.70802664
2024-09-12T13:00,3600,0.0,0.0,0.0,0.0,0.0,0.0,0.0,0.0,622.51177926
2024-09-12T14:00,3600,0.0,0.0,0.0,0.0,0.0,0.0,0.0,0.0,408.97120791
2024-09-12T15:00,3600,0.0,0.0,0.0,0.0,0.0,0.0,0.0,0.0,291.9938397
2024-09-12T16:00,3600,0.0,0.0,0.0,0.0,0.0,0.0,0.0,0.0,174.18290489
2024-09-12T17:00,3600,0.0,0.0,0.0,0.0,0.0,0.0,0.0,0.0,99.01426309
2024-09-12T18:00,3600,1.0870588235294116,0.0,0.0,1.0870588235294116,0.0,0.0,0.0,0.0,8.72176699
2024-09-12T19:00,3600,1.0870588235294116,0.0,0.0,1.0870588235294116,0.0,0.0,0.0,0.0,0.0
2024-09-12T20:00,3600,1.0870588235294116,0.0,0.0,1.0870588235294116,0.0,0.0,0.0,0.0,0.0
2024-09-12T21:00,3600,1.0870588235294116,0.0,0.0,1.0870588235294116,0.0,0.0,0.0,0.0,0.0
2024-09-12T22:00,3600,1.0870588235294116,0.0,0.0,1.0870588235294116,0.0,0.0,0.0,0.0,0.0
2024-09-12T23:00,3600,1.0870588235294116,0.0,0.0,1.0870588235294116,0.0,0.0,0.0,0.0,0.0
2024-09-13T00:00,3600,0.0,0.0,0.0,0.0,0.0,0.0,0.0,0.0,0.0
2024-09-13T01:00,3600,0.0,0.0,0.0,0.0,0.0,0.0,0.0,0.0,0.0
2024-09-13T02:00,3600,0.0,0.0,0.0,0.0,0.0,0.0,0.0,0.0,0.0
2024-09-13T03:00,3600,0.0,0.0,0.0,0.0,0.0,0.0,0.0,0.0,0.0
2024-09-13T04:00,3600,0.0,0.0,0.0,0.0,0.0,0.0,0.0,0.0,0.0
2024-09-13T05:00,3600,0.0,0.0,0.0,0.0,0.0,0.0,0.0,0.0,0.0
2024-09-13T06:00,3600,0.0,0.0,0.0,0.0,0.0,0.0,0.0,0.0,11.22663343
2024-09-13T07:00,3600,0.0,0.0,0.0,0.0,0.0,0.0,0.0,0.0,85.93616181
2024-09-13T08:00,3600,0.0,0.0,0.0,0.0,0.0,0.0,0.0,0.0,249.18095672
2024-09-13T09:00,3600,0.0,0.0,0.0,0.0,0.0,0.0,0.0,0.0,482.1450844
2024-09-13T10:00,3600,0.0,0.0,0.0,0.0,0.0,0.0,0.0,0.0,623.12040736
2024-09-13T11:00,3600,0.0,0.0,0.0,0.0,0.0,0.0,0.0,0.0,738.33502772
2024-09-13T12:00,3600,0.0,0.0,0.0,0.0,0.0,0.0,0.0,0.0,754.07025915
2024-09-13T13:00,3600,0.0,0.0,0.0,0.0,0.0,0.0,0.0,0.0,649.47436788
2024-09-13T14:00,3600,0.0,0.0,0.0,0.0,0.0,0.0,0.0,0.0,644.04272219
2024-09-13T15:00,3600,0.0,0.0,0.0,0.0,0.0,0.0,0.0,0.0,482.57593099
2024-09-13T16:00,3600,0.0,0.0,0.0,0.0,0.0,0.0,0.0,0.0,288.13729911
2024-09-13T17:00,3600,0.0,0.0,0.0,0.0,0.0,0.0,0.0,0.0,75.7417515
2024-09-13T18:00,3600,1.0870588235294116,0.0,0.0,1.0870588235294116,0.0,0.0,0.0,0.0,6.77741359
2024-09-13T19:00,3600,1.0870588235294116,0.0,0.0,1.0870588235294116,0.0,0.0,0.0,0.0,0.0
2024-09-13T20:00,3600,1.0870588235294116,0.0,0.0,1.0870588235294116,0.0,0.0,0.0,0.0,0.0
2024-09-13T21:00,3600,1.0870588235294116,0.0,0.0,1.0870588235294116,0.0,0.0,0.0,0.0,0.0
2024-09-13T22:00,3600,1.0870588235294116,0.0,0.0,1.0870588235294116,0.0,0.0,0.0,0.0,0.0
2024-09-13T23:00,3600,1.0870588235294116,0.0,0.0,1.0870588235294116,0.0,0.0,0.0,0.0,0.0
2024-09-14T00:00,3600,0.0,0.0,0.0,0.0,0.0,0.0,0.0,0.0,0.0
2024-09-14T01:00,3600,0.0,0.0,0.0,0.0,0.0,0.0,0.0,0.0,0.0
2024-09-14T02:00,3600,0.0,0.0,0.0,0.0,0.0,0.0,0.0,0.0,0.0
2024-09-14T03:00,3600,0.0,0.0,0.0,0.0,0.0,0.0,0.0,0.0,0.0
2024-09-14T04:00,3600,0.0,0.0,0.0,0.0,0.0,0.0,0.0,0.0,0.0
2024-09-14T05:00,3600,0.0,0.0,0.0,0.0,0.0,0.0,0.0,0.0,0.0
2024-09-14T06:00,3600,0.0,0.0,0.0,0.0,0.0,0.0,0.0,0.0,14.70952321
2024-09-14T07:00,3600,0.0,0.0,0.0,0.0,0.0,0.0,0.0,0.0,131.71910413
2024-09-14T08:00,3600,0.0,0.0,0.0,0.0,0.0,0.0,0.0,0.0,320.90082453
2024-09-14T09:00,3600,0.0,0.0,0.0,0.0,0.0,0.0,0.0,0.0,499.71963087
2024-09-14T10:00,3600,0.0,0.0,0.0,0.0,0.0,0.0,0.0,0.0,688.78688278
2024-09-14T11:00,3600,0.0,0.0,0.0,0.0,0.0,0.0,0.0,0.0,645.98560744
2024-09-14T12:00,3600,0.0,0.0,0.0,0.0,0.0,0.0,0.0,0.0,805.58608829
2024-09-14T13:00,3600,0.0,0.0,0.0,0.0,0.0,0.0,0.0,0.0,716.32263285
2024-09-14T14:00,3600,0.0,0.0,0.0,0.0,0.0,0.0,0.0,0.0,468.17244054
2024-09-14T15:00,3600,0.0,0.0,0.0,0.0,0.0,0.0,0.0,0.0,270.20082983
2024-09-14T16:00,3600,0.0,0.0,0.0,0.0,0.0,0.0,0.0,0.0,106.72769136
2024-09-14T17:00,3600,0.0,0.0,0.0,0.0,0.0,0.0,0.0,0.0,56.43308339
2024-09-14T18:00,3600,0.0,0.0,0.0,0.0,0.0,0.0,0.0,0.0,4.84100971
2024-09-14T19:00,3600,0.0,0.0,0.0,0.0,0.0,0.0,0.0,0.0,0.0
2024-09-14T20:00,3600,0.0,0.0,0.0,0.0,0.0,0.0,0.0,0.0,0.0
2024-09-14T21:00,3600,0.0,0.0,0.0,0.0,0.0,0.0,0.0,0.0,0.0
2024-09-14T22:00,3600,0.0,0.0,0.0,0.0,0.0,0.0,0.0,0.0,0.0
2024-09-14T23:00,3600,0.0,0.0,0.0,0.0,0.0,0.0,0.0,0.0,0.0
2024-09-15T00:00,3600,0.0,0.0,0.0,0.0,0.0,0.0,0.0,0.0,0.0
2024-09-15T01:00,3600,0.0,0.0,0.0,0.0,0.0,0.0,0.0,0.0,0.0
2024-09-15T02:00,3600,0.0,0.0,0.0,0.0,0.0,0.0,0.0,0.0,0.0
2024-09-15T03:00,3600,0.0,0.0,0.0,0.0,0.0,0.0,0.0,0.0,0.0
2024-09-15T04:00,3600,0.0,0.0,0.0,0.0,0.0,0.0,0.0,0.0,0.0
2024-09-15T05:00,3600,0.0,0.0,0.0,0.0,0.0,0.0,0.0,0.0,0.0
2024-09-15T06:00,3600,0.0,0.0,0.0,0.0,0.0,0.0,0.0,0.0,15.47970772
2024-09-15T07:00,3600,0.0,0.0,0.0,0.0,0.0,0.0,0.0,0.0,159.76598345
2024-09-15T08:00,3600,0.0,0.0,0.0,0.0,0.0,0.0,0.0,0.0,408.95803205
2024-09-15T09:00,3600,0.0,0.0,0.0,0.0,0.0,0.0,0.0,0.0,541.24280442
2024-09-15T10:00,3600,0.0,0.0,0.0,0.0,0.0,0.0,0.0,0.0,717.24893725
2024-09-15T11:00,3600,0.0,0.0,0.0,0.0,0.0,0.0,0.0,0.0,818.74203652
2024-09-15T12:00,3600,0.0,0.0,0.0,0.0,0.0,0.0,0.0,0.0,756.63543305
2024-09-15T13:00,3600,0.0,0.0,0.0,0.0,0.0,0.0,0.0,0.0,727.83158478
2024-09-15T14:00,3600,0.0,0.0,0.0,0.0,0.0,0.0,0.0,0.0,612.17729606
2024-09-15T15:00,3600,0.0,0.0,0.0,0.0,0.0,0.0,0.0,0.0,449.98479649
2024-09-15T16:00,3600,0.0,0.0,0.0,0.0,0.0,0.0,0.0,0.0,272.49472536
2024-09-15T17:00,3600,0.0,0.0,0.0,0.0,0.0,0.0,0.0,0.0,96.68404128
2024-09-15T18:00,3600,0.0,0.0,0.0,0.0,0.0,0.0,0.0,0.0,5.82511068
2024-09-15T19:00,3600,0.0,0.0,0.0,0.0,0.0,0.0,0.0,0.0,0.0
2024-09-15T20:00,3600,0.0,0.0,0.0,0.0,0.0,0.0,0.0,0.0,0.0
2024-09-15T21:00,3600,0.0,0.0,0.0,0.0,0.0,0.0,0.0,0.0,0.0
2024-09-15T22:00,3600,0.0,0.0,0.0,0.0,0.0,0.0,0.0,0.0,0.0
2024-09-15T23:00,3600,0.0,0.0,0.0,0.0,0.0,0.0,0.0,0.0,0.0
2024-09-16T00:00,3600,0.0,0.0,0.0,0.0,0.0,0.0,0.0,0.0,0.0
2024-09-16T01:00,3600,0.0,0.0,0.0,0.0,0.0,0.0,0.0,0.0,0.0
2024-09-16T02:00,3600,0.0,0.0,0.0,0.0,0.0,0.0,0.0,0.0,0.0
2024-09-16T03:00,3600,0.0,0.0,0.0,0.0,0.0,0.0,0.0,0.0,0.0
2024-09-16T04:00,3600,0.0,0.0,0.0,0.0,0.0,0.0,0.0,0.0,0.0
2024-09-16T05:00,3600,0.0,0.0,0.0,0.0,0.0,0.0,0.0,0.0,0.0
2024-09-16T06:00,3600,0.0,0.0,0.0,0.0,0.0,0.0,0.0,0.0,10.38708048
2024-09-16T07:00,3600,0.0,0.0,0.0,0.0,0.0,0.0,0.0,0.0,114.48092825
2024-09-16T08:00,3600,0.0,0.0,0.0,0.0,0.0,0.0,0.0,0.0,297.2292365
2024-09-16T09:00,3600,0.0,0.0,0.0,0.0,0.0,0.0,0.0,0.0,466.25760086
2024-09-16T10:00,3600,0.0,0.0,0.0,0.0,0.0,0.0,0.0,0.0,660.00027688
2024-09-16T11:00,3600,0.0,0.0,0.0,0.0,0.0,0.0,0.0,0.0,478.89435315
2024-09-16T12:00,3600,0.0,0.0,0.0,0.0,0.0,0.0,0.0,0.0,764.94500755
2024-09-16T13:00,3600,0.0,0.0,0.0,0.0,0.0,0.0,0.0,0.0,659.60215058
2024-09-16T14:00,3600,0.0,0.0,0.0,0.0,0.0,0.0,0.0,0.0,576.012213
2024-09-16T15:00,3600,0.0,0.0,0.0,0.0,0.0,0.0,0.0,0.0,439.38754446
2024-09-16T16:00,3600,0.0,0.0,0.0,0.0,0.0,0.0,0.0,0.0,307.35410725
2024-09-16T17:00,3600,0.0,0.0,0.0,0.0,0.0,0.0,0.0,0.0,109.35521765
2024-09-16T18:00,3600,1.0870588235294116,0.0,0.0,1.0870588235294116,0.0,0.0,0.0,0.0,5.81716116
2024-09-16T19:00,3600,1.0870588235294116,0.0,0.0,1.0870588235294116,0.0,0.0,0.0,0.0,0.0
2024-09-16T20:00,3600,1.0870588235294116,0.0,0.0,1.0870588235294116,0.0,0.0,0.0,0.0,0.0
2024-09-16T21:00,3600,1.0870588235294116,0.0,0.0,1.0870588235294116,0.0,0.0,0.0,0.0,0.0
2024-09-16T22:00,3600,1.0870588235294116,0.0,0.0,1.0870588235294116,0.0,0.0,0.0,0.0,0.0
2024-09-16T23:00,3600,1.0870588235294116,0.0,0.0,1.0870588235294116,0.0,0.0,0.0,0.0,0.0
2024-09-17T00:00,3600,0.0,0.0,0.0,0.0,0.0,0.0,0.0,0.0,0.0
2024-09-17T01:00,3600,0.0,0.0,0.0,0.0,0.0,0.0,0.0,0.0,0.0
2024-09-17T02:00,3600,0.0,0.0,0.0,0.0,0.0,0.0,0.0,0.0,0.0
2024-09-17T03:00,3600,0.0,0.0,0.0,0.0,0.0,0.0,0.0,0.0,0.0
2024-09-17T04:00,3600,0.0,0.0,0.0,0.0,0.0,0.0,0.0,0.0,0.0
2024-09-17T05:00,3600,0.0,0.0,0.0,0.0,0.0,0.0,0.0,0.0,0.0
2024-09-17T06:00,3600,0.0,0.0,0.0,0.0,0.0,0.0,0.0,0.0,18.56430351
2024-09-17T07:00,3600,0.0,0.0,0.0,0.0,0.0,0.0,0.0,0.0,148.31606922
2024-09-17T08:00,3600,0.0,0.0,0.0,0.0,0.0,0.0,0.0,0.0,334.76982976
2024-09-17T09:00,3600,0.0,0.0,0.0,0.0,0.0,0.0,0.0,0.0,539.8421187
2024-09-17T10:00,3600,0.0,0.0,0.0,0.0,0.0,0.0,0.0,0.0,680.32893582
2024-09-17T11:00,3600,0.0,0.0,0.0,0.0,0.0,0.0,0.0,0.0,722.35545303
2024-09-17T12:00,3600,0.0,0.0,0.0,0.0,0.0,0.0,0.0,0.0,758.51456555
2024-09-17T13:00,3600,0.0,0.0,0.0,0.0,0.0,0.0,0.0,0.0,734.40351099
2024-09-17T14:00,3600,0.0,0.0,0.0,0.0,0.0,0.0,0.0,0.0,666.45511894
2024-09-17T15:00,3600,0.0,0.0,0.0,0.0,0.0,0.0,0.0,0.0,495.47328278
2024-09-17T16:00,3600,0.0,0.0,0.0,0.0,0.0,0.0,0.0,0.0,305.67498675
2024-09-17T17:00,3600,0.0,0.0,0.0,0.0,0.0,0.0,0.0,0.0,93.27402015
2024-09-17T18:00,3600,1.0870588235294116,0.0,0.0,1.0870588235294116,0.0,0.0,0.0,0.0,4.84895922
2024-09-17T19:00,3600,1.0870588235294116,0.0,0.0,1.0870588235294116,0.0,0.0,0.0,0.0,0.0
2024-09-17T20:00,3600,1.0870588235294116,0.0,0.0,1.0870588235294116,0.0,0.0,0.0,0.0,0.0
2024-09-17T21:00,3600,1.0870588235294116,0.0,0.0,1.0870588235294116,0.0,0.0,0.0,0.0,0.0
2024-09-17T22:00,3600,1.0870588235294116,0.0,0.0,1.0870588235294116,0.0,0.0,0.0,0.0,0.0
2024-09-17T23:00,3600,1.0870588235294116,0.0,0.0,1.0870588235294116,0.0,0.0,0.0,0.0,0.0
2024-09-18T00:00,3600,0.0,0.0,0.0,0.0,0.0,0.0,0.0,0.0,0.0
2024-09-18T01:00,3600,0.0,0.0,0.0,0.0,0.0,0.0,0.0,0.0,0.0
2024-09-18T02:00,3600,0.0,0.0,0.0,0.0,0.0,0.0,0.0,0.0,0.0
2024-09-18T03:00,3600,0.0,0.0,0.0,0.0,0.0,0.0,0.0,0.0,0.0
2024-09-18T04:00,3600,0.0,0.0,0.0,0.0,0.0,0.0,0.0,0.0,0.0
2024-09-18T05:00,3600,0.0,0.0,0.0,0.0,0.0,0.0,0.0,0.0,0.0
2024-09-18T06:00,3600,0.0,0.0,0.0,0.0,0.0,0.0,0.0,0.0,14.42096256
2024-09-18T07:00,3600,0.0,0.0,0.0,0.0,0.0,0.0,0.0,0.0,155.42638034
2024-09-18T08:00,3600,0.0,0.0,0.0,0.0,0.0,0.0,0.0,0.0,378.62134063
2024-09-18T09:00,3600,0.0,0.0,0.0,0.0,0.0,0.0,0.0,0.0,609.0648117
2024-09-18T10:00,3600,0.0,0.0,0.0,0.0,0.0,0.0,0.0,0.0,622.55690879
2024-09-18T11:00,3600,0.0,0.0,0.0,0.0,0.0,0.0,0.0,0.0,707.5566199
2024-09-18T12:00,3600,0.0,0.0,0.0,0.0,0.0,0.0,0.0,0.0,826.24562781
2024-09-18T13:00,3600,0.0,0.0,0.0,0.0,0.0,0.0,0.0,0.0,727.85062488
2024-09-18T14:00,3600,0.0,0.0,0.0,0.0,0.0,0.0,0.0,0.0,716.28578624
2024-09-18T15:00,3600,0.0,0.0,0.0,0.0,0.0,0.0,0.0,0.0,501.89418374
2024-09-18T16:00,3600,0.0,0.0,0.0,0.0,0.0,0.0,0.0,0.0,331.77731219
2024-09-18T17:00,3600,0.0,0.0,0.0,0.0,0.0,0.0,0.0,0.0,126.67141235
2024-09-18T18:00,3600,1.086230588235294,0.0,0.0,1.086230588235294,0.0,0.0,0.0,0.0,4.85690874
2024-09-18T19:00,3600,1.0870588235294116,0.0,0.0,1.0870588235294116,0.0,0.0,0.0,0.0,0.0
2024-09-18T20:00,3600,1.0870588235294116,0.0,0.0,1.0870588235294116,0.0,0.0,0.0,0.0,0.0
2024-09-18T21:00,3600,1.0870588235294116,0.0,0.0,1.0870588235294116,0.0,0.0,0.0,0.0,0.0
2024-09-18T22:00,3600,1.0870588235294116,0.0,0.0,1.0870588235294116,0.0,0.0,0.0,0.0,0.0
2024-09-18T23:00,3600,1.0870588235294116,0.0,0.0,1.0870588235294116,0.0,0.0,0.0,0.0,0.0
2024-09-19T00:00,3600,0.0,0.0,0.0,0.0,0.0,0.0,0.0,0.0,0.0
2024-09-19T01:00,3600,0.0,0.0,0.0,0.0,0.0,0.0,0.0,0.0,0.0
2024-09-19T02:00,3600,0.0,0.0,0.0,0.0,0.0,0.0,0.0,0.0,0.0
2024-09-19T03:00,3600,0.0,0.0,0.0,0.0,0.0,0.0,0.0,0.0,0.0
2024-09-19T04:00,3600,0.0,0.0,0.0,0.0,0.0,0.0,0.0,0.0,0.0
2024-09-19T05:00,3600,0.0,0.0,0.0,0.0,0.0,0.0,0.0,0.0,0.0
2024-09-19T06:00,3600,0.0,0.0,0.0,0.0,0.0,0.0,0.0,0.0,16.84139874
2024-09-19T07:00,3600,0.0,0.0,0.0,0.0,0.0,0.0,0.0,0.0,138.85251165
2024-09-19T08:00,3600,0.0,0.0,0.0,0.0,0.0,0.0,0.0,0.0,365.57947939
2024-09-19T09:00,3600,0.0,0.0,0.0,0.0,0.0,0.0,0.0,0.0,611.36049898
2024-09-19T10:00,3600,0.0,0.0,0.0,0.0,0.0,0.0,0.0,0.0,787.09888965
2024-09-19T11:00,3600,0.0,0.0,0.0,0.0,0.0,0.0,0.0,0.0,699.92876704
2024-09-19T12:00,3600,0.0,0.0,0.0,0.0,0.0,0.0,0.0,0.0,733.71343911
2024-09-19T13:00,3600,0.0,0.0,0.0,0.0,0.0,0.0,0.0,0.0,762.67695299
2024-09-19T14:00,3600,0.0,0.0,0.0,0.0,0.0,0.0,0.0,0.0,540.26098812
2024-09-19T15:00,3600,0.0,0.0,0.0,0.0,0.0,0.0,0.0,0.0,460.81589271
2024-09-19T16:00,3600,0.0,0.0,0.0,0.0,0.0,0.0,0.0,0.0,323.18965206
2024-09-19T17:00,3600,0.0,0.0,0.0,0.0,0.0,0.0,0.0,0.0,118.84916451
2024-09-19T18:00,3600,1.086230588235294,0.0,0.0,1.086230588235294,0.0,0.0,0.0,0.0,3.88075728
2024-09-19T19:00,3600,1.0870588235294116,0.0,0.0,1.0870588235294116,0.0,0.0,0.0,0.0,0.0
2024-09-19T20:00,3600,1.0870588235294116,0.0,0.0,1.0870588235294116,0.0,0.0,0.0,0.0,0.0
2024-09-19T21:00,3600,1.0870588235294116,0.0,0.0,1.0870588235294116,0.0,0.0,0.0,0.0,0.0
2024-09-19T22:00,3600,1.0870588235294116,0.0,0.0,1.0870588235294116,0.0,0.0,0.0,0.0,0.0
2024-09-19T23:00,3600,1.0870588235294116,0.0,0.0,1.0870588235294116,0.0,0.0,0.0,0.0,0.0
2024-09-20T00:00,3600,0.0,0.0,0.0,0.0,0.0,0.0,0.0,0.0,0.0
2024-09-20T01:00,3600,0.0,0.0,0.0,0.0,0.0,0.0,0.0,0.0,0.0
2024-09-20T02:00,3600,0.0,0.0,0.0,0.0,0.0,0.0,0.0,0.0,0.0
2024-09-20T03:00,3600,0.0,0.0,0.0,0.0,0.0,0.0,0.0,0.0,0.0
2024-09-20T04:00,3600,0.0,0.0,0.0,0.0,0.0,0.0,0.0,0.0,0.0
2024-09-20T05:00,3600,0.0,0.0,0.0,0.0,0.0,0.0,0.0,0.0,0.0
2024-09-20T06:00,3600,0.0,0.0,0.0,0.0,0.0,0.0,0.0,0.0,17.72219758
2024-09-20T07:00,3600,0.0,0.0,0.0,0.0,0.0,0.0,0.0,0.0,168.00293967
2024-09-20T08:00,3600,0.0,0.0,0.0,0.0,0.0,0.0,0.0,0.0,353.79527361
2024-09-20T09:00,3600,0.0,0.0,0.0,0.0,0.0,0.0,0.0,0.0,590.38615809
2024-09-20T10:00,3600,0.0,0.0,0.0,0.0,0.0,0.0,0.0,0.0,714.36921939
2024-09-20T11:00,3600,0.0,0.0,0.0,0.0,0.0,0.0,0.0,0.0,812.50686033
2024-09-20T12:00,3600,0.0,0.0,0.0,0.0,0.0,0.0,0.0,0.0,787.30572415
2024-09-20T13:00,3600,0.0,0.0,0.0,0.0,0.0,0.0,0.0,0.0,583.06951073
2024-09-20T14:00,3600,0.0,0.0,0.0,0.0,0.0,0.0,0.0,0.0,710.58334221
2024-09-20T15:00,3600,0.0,0.0,0.0,0.0,0.0,0.0,0.0,0.0,511.27954405
2024-09-20T16:00,3600,0.0,0.0,0.0,0.0,0.0,0.0,0.0,0.0,328.1338035
2024-09-20T17:00,3600,0.0,0.0,0.0,0.0,0.0,0.0,0.0,0.0,102.67970867
2024-09-20T18:00,3600,1.0870588235294116,0.0,0.0,1.0870588235294116,0.0,0.0,0.0,0.0,3.88075728
2024-09-20T19:00,3600,1.0870588235294116,0.0,0.0,1.0870588235294116,0.0,0.0,0.0,0.0,0.0
2024-09-20T20:00,3600,1.0870588235294116,0.0,0.0,1.0870588235294116,0.0,0.0,0.0,0.0,0.0
2024-09-20T21:00,3600,1.0870588235294116,0.0,0.0,1.0870588235294116,0.0,0.0,0.0,0.0,0.0
2024-09-20T22:00,3600,1.0870588235294116,0.0,0.0,1.0870588235294116,0.0,0.0,0.0,0.0,0.0
2024-09-20T23:00,3600,1.0870588235294116,0.0,0.0,1.0870588235294116,0.0,0.0,0.0,0.0,0.0
2024-09-21T00:00,3600,0.0,0.0,0.0,0.0,0.0,0.0,0.0,0.0,0.0
2024-09-21T01:00,3600,0.0,0.0,0.0,0.0,0.0,0.0,0.0,0.0,0.0
2024-09-21T02:00,3600,0.0,0.0,0.0,0.0,0.0,0.0,0.0,0.0,0.0
2024-09-21T03:00,3600,0.0,0.0,0.0,0.0,0.0,0.0,0.0,0.0,0.0
2024-09-21T04:00,3600,0.0,0.0,0.0,0.0,0.0,0.0,0.0,0.0,0.0
2024-09-21T05:00,3600,0.0,0.0,0.0,0.0,0.0,0.0,0.0,0.0,0.0
2024-09-21T06:00,3600,0.0,0.0,0.0,0.0,0.0,0.0,0.0,0.0,8.57950628
2024-09-21T07:00,3600,0.0,0.0,0.0,0.0,0.0,0.0,0.0,0.0,50.28855959
2024-09-21T08:00,3600,0.0,0.0,0.0,0.0,0.0,0.0,0.0,0.0,181.99231992
2024-09-21T09:00,3600,0.0,0.0,0.0,0.0,0.0,0.0,0.0,0.0,287.62191599
2024-09-21T10:00,3600,0.0,0.0,0.0,0.0,0.0,0.0,0.0,0.0,334.50936471
2024-09-21T11:00,3600,0.0,0.0,0.0,0.0,0.0,0.0,0.0,0.0,346.99604321
2024-09-21T12:00,3600,0.0,0.0,0.0,0.0,0.0,0.0,0.0,0.0,247.43170594
2024-09-21T13:00,3600,0.0,0.0,0.0,0.0,0.0,0.0,0.0,0.0,373.70335816
2024-09-21T14:00,3600,0.0,0.0,0.0,0.0,0.0,0.0,0.0,0.0,297.39698514
2024-09-21T15:00,3600,0.0,0.0,0.0,0.0,0.0,0.0,0.0,0.0,246.7694041
2024-09-21T16:00,3600,0.0,0.0,0.0,0.0,0.0,0.0,0.0,0.0,84.11165237
2024-09-21T17:00,3600,0.0,0.0,0.0,0.0,0.0,0.0,0.0,0.0,31.95066407
2024-09-21T18:00,3600,0.0,0.0,0.0,0.0,0.0,0.0,0.0,0.0,0.96820194
2024-09-21T19:00,3600,0.0,0.0,0.0,0.0,0.0,0.0,0.0,0.0,0.0
2024-09-21T20:00,3600,0.0,0.0,0.0,0.0,0.0,0.0,0.0,0.0,0.0
2024-09-21T21:00,3600,0.0,0.0,0.0,0.0,0.0,0.0,0.0,0.0,0.0
2024-09-21T22:00,3600,0.0,0.0,0.0,0.0,0.0,0.0,0.0,0.0,0.0
2024-09-21T23:00,3600,0.0,0.0,0.0,0.0,0.0,0.0,0.0,0.0,0.0
2024-09-22T00:00,3600,0.0,0.0,0.0,0.0,0.0,0.0,0.0,0.0,0.0
2024-09-22T01:00,3600,0.0,0.0,0.0,0.0,0.0,0.0,0.0,0.0,0.0
2024-09-22T02:00,3600,0.0,0.0,0.0,0.0,0.0,0.0,0.0,0.0,0.0
2024-09-22T03:00,3600,0.0,0.0,0.0,0.0,0.0,0.0,0.0,0.0,0.0
2024-09-22T04:00,3600,0.0,0.0,0.0,0.0,0.0,0.0,0.0,0.0,0.0
2024-09-22T05:00,3600,0.0,0.0,0.0,0.0,0.0,0.0,0.0,0.0,0.0
2024-09-22T06:00,3600,0.0,0.0,0.0,0.0,0.0,0.0,0.0,0.0,9.1473565
2024-09-22T07:00,3600,0.0,0.0,0.0,0.0,0.0,0.0,0.0,0.0,66.97669499
2024-09-22T08:00,3600,0.0,0.0,0.0,0.0,0.0,0.0,0.0,0.0,137.38673099
2024-09-22T09:00,3600,0.0,0.0,0.0,0.0,0.0,0.0,0.0,0.0,240.02386053
2024-09-22T10:00,3600,0.0,0.0,0.0,0.0,0.0,0.0,0.0,0.0,322.81991571
2024-09-22T11:00,3600,0.0,0.0,0.0,0.0,0.0,0.0,0.0,0.0,280.37525402
2024-09-22T12:00,3600,0.0,0.0,0.0,0.0,0.0,0.0,0.0,0.0,216.90636105
2024-09-22T13:00,3600,0.0,0.0,0.0,0.0,0.0,0.0,0.0,0.0,311.89161735
2024-09-22T14:00,3600,0.0,0.0,0.0,0.0,0.0,0.0,0.0,0.0,291.97539842
2024-09-22T15:00,3600,0.0,0.0,0.0,0.0,0.0,0.0,0.0,0.0,216.42742651
2024-09-22T16:00,3600,0.0,0.0,0.0,0.0,0.0,0.0,0.0,0.0,91.54073898
2024-09-22T17:00,3600,0.0,0.0,0.0,0.0,0.0,0.0,0.0,0.0,31.95066407
2024-09-22T18:00,3600,0.0,0.0,0.0,0.0,0.0,0.0,0.0,0.0,1.93640388
2024-09-22T19:00,3600,0.0,0.0,0.0,0.0,0.0,0.0,0.0,0.0,0.0
2024-09-22T20:00,3600,0.0,0.0,0.0,0.0,0.0,0.0,0.0,0.0,0.0
2024-09-22T21:00,3600,0.0,0.0,0.0,0.0,0.0,0.0,0.0,0.0,0.0
2024-09-22T22:00,3600,0.0,0.0,0.0,0.0,0.0,0.0,0.0,0.0,0.0
2024-09-22T23:00,3600,0.0,0.0,0.0,0.0,0.0,0.0,0.0,0.0,0.0
2024-09-23T00:00,3600,0.0,0.0,0.0,0.0,0.0,0.0,0.0,0.0,0.0
2024-09-23T01:00,3600,0.0,0.0,0.0,0.0,0.0,0.0,0.0,0.0,0.0
2024-09-23T02:00,3600,0.0,0.0,0.0,0.0,0.0,0.0,0.0,0.0,0.0
2024-09-23T03:00,3600,0.0,0.0,0.0,0.0,0.0,0.0,0.0,0.0,0.0
2024-09-23T04:00,3600,0.0,0.0,0.0,0.0,0.0,0.0,0.0,0.0,0.0
2024-09-23T05:00,3600,0.0,0.0,0.0,0.0,0.0,0.0,0.0,0.0,0.0
2024-09-23T06:00,3600,0.0,0.0,0.0,0.0,0.0,0.0,0.0,0.0,4.84100971
2024-09-23T07:00,3600,0.0,0.0,0.0,0.0,0.0,0.0,0.0,0.0,34.01879419
2024-09-23T08:00,3600,0.0,0.0,0.0,0.0,0.0,0.0,0.0,0.0,63.87463372
2024-09-23T09:00,3600,0.0,0.0,0.0,0.0,0.0,0.0,0.0,0.0,77.60471876
2024-09-23T10:00,3600,0.0,0.0,0.0,0.0,0.0,0.0,0.0,0.0,98.75659802
2024-09-23T11:00,3600,0.0,0.0,0.0,0.0,0.0,0.0,0.0,0.0,144.33408813
2024-09-23T12:00,3600,0.0,0.0,0.0,0.0,0.0,0.0,0.0,0.0,161.04108342
2024-09-23T13:00,3600,0.0,0.0,0.0,0.0,0.0,0.0,0.0,0.0,106.34618883
2024-09-23T14:00,3600,0.0,0.0,0.0,0.0,0.0,0.0,0.0,0.0,62.93312619
2024-09-23T15:00,3600,0.0,0.0,0.0,0.0,0.0,0.0,0.0,0.0,39.6962796
2024-09-23T16:00,3600,0.0,0.0,0.0,0.0,0.0,0.0,0.0,0.0,24.20504853
2024-09-23T17:00,3600,0.0,0.0,0.0,0.0,0.0,0.0,0.0,0.0,8.71381747
2024-09-23T18:00,3600,0.9223072367118205,0.0,0.0,0.9223072367118205,0.0,0.0,0.0,0.0,0.0
2024-09-23T19:00,3600,0.9505012781594725,0.0,0.0,0.9505012781594725,0.0,0.0,0.0,0.0,0.0
2024-09-23T20:00,3600,0.953166234216559,0.0,0.0,0.953166234216559,0.0,0.0,0.0,0.0,0.0
2024-09-23T21:00,3600,0.9550672556197617,0.0,0.0,0.9550672556197617,0.0,0.0,0.0,0.0,0.0
2024-09-23T22:00,3600,0.958885870475704,0.0,0.0,0.958885870475704,0.0,0.0,0.0,0.0,0.0
2024-09-23T23:00,3600,0.9557443554427568,0.0,0.0,0.9557443554427568,0.0,0.0,0.0,0.0,0.0
2024-09-24T00:00,3600,0.0,0.0,0.0,0.0,0.0,0.0,0.0,0.0,0.0
2024-09-24T01:00,3600,0.0,0.0,0.0,0.0,0.0,0.0,0.0,0.0,0.0
2024-09-24T02:00,3600,0.0,0.0,0.0,0.0,0.0,0.0,0.0,0.0,0.0
2024-09-24T03:00,3600,0.0,0.0,0.0,0.0,0.0,0.0,0.0,0.0,0.0
2024-09-24T04:00,3600,0.0,0.0,0.0,0.0,0.0,0.0,0.0,0.0,0.0
2024-09-24T05:00,3600,0.0,0.0,0.0,0.0,0.0,0.0,0.0,0.0,0.0
2024-09-24T06:00,3600,0.0,0.0,0.0,0.0,0.0,0.0,0.0,0.0,1.93640388
2024-09-24T07:00,3600,0.0,0.0,0.0,0.0,0.0,0.0,0.0,0.0,14.52302912
2024-09-24T08:00,3600,0.0,0.0,0.0,0.0,0.0,0.0,0.0,0.0,29.16760192
2024-09-24T09:00,3600,0.0,0.0,0.0,0.0,0.0,0.0,0.0,0.0,34.85526989
2024-09-24T10:00,3600,0.0,0.0,0.0,0.0,0.0,0.0,0.0,0.0,51.31470289
2024-09-24T11:00,3600,0.0,0.0,0.0,0.0,0.0,0.0,0.0,0.0,104.38306889
2024-09-24T12:00,3600,0.0,0.0,0.0,0.0,0.0,0.0,0.0,0.0,114.80126932
2024-09-24T13:00,3600,0.0,0.0,0.0,0.0,0.0,0.0,0.0,0.0,99.99426807
2024-09-24T14:00,3600,0.0,0.0,0.0,0.0,0.0,0.0,0.0,0.0,154.04160992
2024-09-24T15:00,3600,0.0,0.0,0.0,0.0,0.0,0.0,0.0,0.0,150.15707185
2024-09-24T16:00,3600,0.0,0.0,0.0,0.0,0.0,0.0,0.0,0.0,53.66268578
2024-09-24T17:00,3600,0.0,0.0,0.0,0.0,0.0,0.0,0.0,0.0,19.36403883
2024-09-24T18:00,3600,1.0748441991613342,0.0,0.0,1.0748441991613342,0.0,0.0,0.0,0.0,0.96820194
2024-09-24T19:00,3600,0.7859813602713177,0.0,0.0,0.7859813602713177,0.0,0.0,0.0,0.0,0.0
2024-09-24T20:00,3600,0.3923672959519085,0.0,0.0,0.3923672959519085,0.0,0.0,0.0,0.0,0.0
2024-09-24T21:00,3600,0.38532570748411255,0.0,0.0,0.38532570748411255,0.0,0.0,0.0,0.0,0.0
2024-09-24T22:00,3600,0.38520414190250224,0.0,0.0,0.38520414190250224,0.0,0.0,0.0,0.0,0.0
2024-09-24T23:00,3600,0.3855825896817993,0.0,0.0,0.3855825896817993,0.0,0.0,0.0,0.0,0.0
2024-09-25T00:00,3600,0.0,0.0,0.0,0.0,0.0,0.0,0.0,0.0,0.0
2024-09-25T01:00,3600,0.0,0.0,0.0,0.0,0.0,0.0,0.0,0.0,0.0
2024-09-25T02:00,3600,0.0,0.0,0.0,0.0,0.0,0.0,0.0,0.0,0.0
2024-09-25T03:00,3600,0.0,0.0,0.0,0.0,0.0,0.0,0.0,0.0,0.0
2024-09-25T04:00,3600,0.0,0.0,0.0,0.0,0.0,0.0,0.0,0.0,0.0
2024-09-25T05:00,3600,0.0,0.0,0.0,0.0,0.0,0.0,0.0,0.0,0.0
2024-09-25T06:00,3600,0.0,0.0,0.0,0.0,0.0,0.0,0.0,0.0,12.59039655
2024-09-25T07:00,3600,0.0,0.0,0.0,0.0,0.0,0.0,0.0,0.0,97.82795772
2024-09-25T08:00,3600,0.0,0.0,0.0,0.0,0.0,0.0,0.0,0.0,311.76068809
2024-09-25T09:00,3600,0.0,0.0,0.0,0.0,0.0,0.0,0.0,0.0,488.39145355
2024-09-25T10:00,3600,0.0,0.0,0.0,0.0,0.0,0.0,0.0,0.0,572.0062718
2024-09-25T11:00,3600,0.0,0.0,0.0,0.0,0.0,0.0,0.0,0.0,723.62011686
2024-09-25T12:00,3600,0.0,0.0,0.0,0.0,0.0,0.0,0.0,0.0,783.05587868
2024-09-25T13:00,3600,0.0,0.0,0.0,0.0,0.0,0.0,0.0,0.0,721.75930209
2024-09-25T14:00,3600,0.0,0.0,0.0,0.0,0.0,0.0,0.0,0.0,541.50320625
2024-09-25T15:00,3600,0.0,0.0,0.0,0.0,0.0,0.0,0.0,0.0,349.27238953
2024-09-25T16:00,3600,0.0,0.0,0.0,0.0,0.0,0.0,0.0,0.0,227.44749658
2024-09-25T17:00,3600,0.0,0.0,0.0,0.0,0.0,0.0,0.0,0.0,82.1857364
2024-09-25T18:00,3600,1.0870588235294116,0.0,0.0,1.0870588235294116,0.0,0.0,0.0,0.0,1.93640388
2024-09-25T19:00,3600,1.0721719186457408,0.0,0.0,1.0721719186457408,0.0,0.0,0.0,0.0,0.0
2024-09-25T20:00,3600,1.0870588235294116,0.0,0.0,1.0870588235294116,0.0,0.0,0.0,0.0,0.0
2024-09-25T21:00,3600,1.0075766352061526,0.0,0.0,1.0075766352061526,0.0,0.0,0.0,0.0,0.0
2024-09-25T22:00,3600,0.4586029529411765,0.0,0.0,0.4586029529411765,0.0,0.0,0.0,0.0,0.0
2024-09-25T23:00,3600,0.44564337941176463,0.0,0.0,0.44564337941176463,0.0,0.0,0.0,0.0,0.0
2024-09-26T00:00,3600,0.0,0.0,0.0,0.0,0.0,0.0,0.0,0.0,0.0
2024-09-26T01:00,3600,0.0,0.0,0.0,0.0,0.0,0.0,0.0,0.0,0.0
2024-09-26T02:00,3600,0.0,0.0,0.0,0.0,0.0,0.0,0.0,0.0,0.0
2024-09-26T03:00,3600,0.0,0.0,0.0,0.0,0.0,0.0,0.0,0.0,0.0
2024-09-26T04:00,3600,0.0,0.0,0.0,0.0,0.0,0.0,0.0,0.0,0.0
2024-09-26T05:00,3600,0.0,0.0,0.0,0.0,0.0,0.0,0.0,0.0,0.0
2024-09-26T06:00,3600,0.0,0.0,0.0,0.0,0.0,0.0,0.0,0.0,16.56610485
2024-09-26T07:00,3600,0.0,0.0,0.0,0.0,0.0,0.0,0.0,0.0,152.53437739
2024-09-26T08:00,3600,0.0,0.0,0.0,0.0,0.0,0.0,0.0,0.0,348.21869322
2024-09-26T09:00,3600,0.0,0.0,0.0,0.0,0.0,0.0,0.0,0.0,577.53566152
2024-09-26T10:00,3600,0.0,0.0,0.0,0.0,0.0,0.0,0.0,0.0,732.66272507
2024-09-26T11:00,3600,0.0,0.0,0.0,0.0,0.0,0.0,0.0,0.0,785.33272005
2024-09-26T12:00,3600,0.0,0.0,0.0,0.0,0.0,0.0,0.0,0.0,743.53962315
2024-09-26T13:00,3600,0.0,0.0,0.0,0.0,0.0,0.0,0.0,0.0,756.40138922
2024-09-26T14:00,3600,0.0,0.0,0.0,0.0,0.0,0.0,0.0,0.0,630.43273003
2024-09-26T15:00,3600,0.0,0.0,0.0,0.0,0.0,0.0,0.0,0.0,415.65477431
2024-09-26T16:00,3600,0.0,0.0,0.0,0.0,0.0,0.0,0.0,0.0,228.09157792
2024-09-26T17:00,3600,0.0,0.0,0.0,0.0,0.0,0.0,0.0,0.0,103.86380926
2024-09-26T18:00,3600,1.0870588235294116,0.0,0.0,1.0870588235294116,0.0,0.0,0.0,0.0,2.90460582
2024-09-26T19:00,3600,1.0870588235294116,0.0,0.0,1.0870588235294116,0.0,0.0,0.0,0.0,0.0
2024-09-26T20:00,3600,1.0870588235294116,0.0,0.0,1.0870588235294116,0.0,0.0,0.0,0.0,0.0
2024-09-26T21:00,3600,1.0870588235294116,0.0,0.0,1.0870588235294116,0.0,0.0,0.0,0.0,0.0
2024-09-26T22:00,3600,1.0076839762874568,0.0,0.0,1.0076839762874568,0.0,0.0,0.0,0.0,0.0
2024-09-26T23:00,3600,0.46378678235294124,0.0,0.0,0.46378678235294124,0.0,0.0,0.0,0.0,0.0
2024-09-27T00:00,3600,0.0,0.0,0.0,0.0,0.0,0.0,0.0,0.0,0.0
2024-09-27T01:00,3600,0.0,0.0,0.0,0.0,0.0,0.0,0.0,0.0,0.0
2024-09-27T02:00,3600,0.0,0.0,0.0,0.0,0.0,0.0,0.0,0.0,0.0
2024-09-27T03:00,3600,0.0,0.0,0.0,0.0,0.0,0.0,0.0,0.0,0.0
2024-09-27T04:00,3600,0.0,0.0,0.0,0.0,0.0,0.0,0.0,0.0,0.0
2024-09-27T05:00,3600,0.0,0.0,0.0,0.0,0.0,0.0,0.0,0.0,0.0
2024-09-27T06:00,3600,0.0,0.0,0.0,0.0,0.0,0.0,0.0,0.0,17.71552503
2024-09-27T07:00,3600,0.0,0.0,0.0,0.0,0.0,0.0,0.0,0.0,185.87962613
2024-09-27T08:00,3600,0.0,0.0,0.0,0.0,0.0,0.0,0.0,0.0,413.2749707
2024-09-27T09:00,3600,0.0,0.0,0.0,0.0,0.0,0.0,0.0,0.0,611.43599039
2024-09-27T10:00,3600,0.0,0.0,0.0,0.0,0.0,0.0,0.0,0.0,645.05827819
2024-09-27T11:00,3600,0.0,0.0,0.0,0.0,0.0,0.0,0.0,0.0,683.42020589
2024-09-27T12:00,3600,0.0,0.0,0.0,0.0,0.0,0.0,0.0,0.0,799.4329797
2024-09-27T13:00,3600,0.0,0.0,0.0,0.0,0.0,0.0,0.0,0.0,754.93817648
2024-09-27T14:00,3600,0.0,0.0,0.0,0.0,0.0,0.0,0.0,0.0,571.17997403
2024-09-27T15:00,3600,0.0,0.0,0.0,0.0,0.0,0.0,0.0,0.0,411.27474554
2024-09-27T16:00,3600,0.0,0.0,0.0,0.0,0.0,0.0,0.0,0.0,263.01803686
2024-09-27T17:00,3600,0.0,0.0,0.0,0.0,0.0,0.0,0.0,0.0,82.96063544
2024-09-27T18:00,3600,1.0870588235294116,0.0,0.0,1.0870588235294116,0.0,0.0,0.0,0.0,1.93640388
2024-09-27T19:00,3600,1.0870588235294116,0.0,0.0,1.0870588235294116,0.0,0.0,0.0,0.0,0.0
2024-09-27T20:00,3600,1.0870588235294116,0.0,0.0,1.0870588235294116,0.0,0.0,0.0,0.0,0.0
2024-09-27T21:00,3600,1.0870588235294116,0.0,0.0,1.0870588235294116,0.0,0.0,0.0,0.0,0.0
2024-09-27T22:00,3600,1.0870588235294116,0.0,0.0,1.0870588235294116,0.0,0.0,0.0,0.0,0.0
2024-09-27T23:00,3600,0.8228633079713417,0.0,0.0,0.8228633079713417,0.0,0.0,0.0,0.0,0.0
2024-09-28T00:00,3600,0.0,0.0,0.0,0.0,0.0,0.0,0.0,0.0,0.0
2024-09-28T01:00,3600,0.0,0.0,0.0,0.0,0.0,0.0,0.0,0.0,0.0
2024-09-28T02:00,3600,0.0,0.0,0.0,0.0,0.0,0.0,0.0,0.0,0.0
2024-09-28T03:00,3600,0.0,0.0,0.0,0.0,0.0,0.0,0.0,0.0,0.0
2024-09-28T04:00,3600,0.0,0.0,0.0,0.0,0.0,0.0,0.0,0.0,0.0
2024-09-28T05:00,3600,0.0,0.0,0.0,0.0,0.0,0.0,0.0,0.0,0.0
2024-09-28T06:00,3600,0.0,0.0,0.0,0.0,0.0,0.0,0.0,0.0,14.41094305
2024-09-28T07:00,3600,0.0,0.0,0.0,0.0,0.0,0.0,0.0,0.0,146.89841157
2024-09-28T08:00,3600,0.0,0.0,0.0,0.0,0.0,0.0,0.0,0.0,303.98145767
2024-09-28T09:00,3600,0.0,0.0,0.0,0.0,0.0,0.0,0.0,0.0,498.64231169
2024-09-28T10:00,3600,0.0,0.0,0.0,0.0,0.0,0.0,0.0,0.0,564.93808767
2024-09-28T11:00,3600,0.0,0.0,0.0,0.0,0.0,0.0,0.0,0.0,626.81565219
2024-09-28T12:00,3600,0.0,0.0,0.0,0.0,0.0,0.0,0.0,0.0,756.18606477
2024-09-28T13:00,3600,0.0,0.0,0.0,0.0,0.0,0.0,0.0,0.0,602.6536104
2024-09-28T14:00,3600,0.0,0.0,0.0,0.0,0.0,0.0,0.0,0.0,558.59585648
2024-09-28T15:00,3600,0.0,0.0,0.0,0.0,0.0,0.0,0.0,0.0,480.34194466
2024-09-28T16:00,3600,0.0,0.0,0.0,0.0,0.0,0.0,0.0,0.0,277.71399528
2024-09-28T17:00,3600,0.0,0.0,0.0,0.0,0.0,0.0,0.0,0.0,71.77967715
2024-09-28T18:00,3600,0.0,0.0,0.0,0.0,0.0,0.0,0.0,0.0,1.93640388
2024-09-28T19:00,3600,0.0,0.0,0.0,0.0,0.0,0.0,0.0,0.0,0.0
2024-09-28T20:00,3600,0.0,0.0,0.0,0.0,0.0,0.0,0.0,0.0,0.0
2024-09-28T21:00,3600,0.0,0.0,0.0,0.0,0.0,0.0,0.0,0.0,0.0
2024-09-28T22:00,3600,0.0,0.0,0.0,0.0,0.0,0.0,0.0,0.0,0.0
2024-09-28T23:00,3600,0.0,0.0,0.0,0.0,0.0,0.0,0.0,0.0,0.0
2024-09-29T00:00,3600,0.0,0.0,0.0,0.0,0.0,0.0,0.0,0.0,0.0
2024-09-29T01:00,3600,0.0,0.0,0.0,0.0,0.0,0.0,0.0,0.0,0.0
2024-09-29T02:00,3600,0.0,0.0,0.0,0.0,0.0,0.0,0.0,0.0,0.0
2024-09-29T03:00,3600,0.0,0.0,0.0,0.0,0.0,0.0,0.0,0.0,0.0
2024-09-29T04:00,3600,0.0,0.0,0.0,0.0,0.0,0.0,0.0,0.0,0.0
2024-09-29T05:00,3600,0.0,0.0,0.0,0.0,0.0,0.0,0.0,0.0,0.0
2024-09-29T06:00,3600,0.0,0.0,0.0,0.0,0.0,0.0,0.0,0.0,10.93559846
2024-09-29T07:00,3600,0.0,0.0,0.0,0.0,0.0,0.0,0.0,0.0,119.84894847
2024-09-29T08:00,3600,0.0,0.0,0.0,0.0,0.0,0.0,0.0,0.0,297.4643208
2024-09-29T09:00,3600,0.0,0.0,0.0,0.0,0.0,0.0,0.0,0.0,546.1446834
2024-09-29T10:00,3600,0.0,0.0,0.0,0.0,0.0,0.0,0.0,0.0,690.75691169
2024-09-29T11:00,3600,0.0,0.0,0.0,0.0,0.0,0.0,0.0,0.0,820.81888072
2024-09-29T12:00,3600,0.0,0.0,0.0,0.0,0.0,0.0,0.0,0.0,814.07097031
2024-09-29T13:00,3600,0.0,0.0,0.0,0.0,0.0,0.0,0.0,0.0,731.08401236
2024-09-29T14:00,3600,0.0,0.0,0.0,0.0,0.0,0.0,0.0,0.0,673.81708523
2024-09-29T15:00,3600,0.0,0.0,0.0,0.0,0.0,0.0,0.0,0.0,502.86256513
2024-09-29T16:00,3600,0.0,0.0,0.0,0.0,0.0,0.0,0.0,0.0,297.09168717
2024-09-29T17:00,3600,0.0,0.0,0.0,0.0,0.0,0.0,0.0,0.0,98.85074125
2024-09-29T18:00,3600,0.0,0.0,0.0,0.0,0.0,0.0,0.0,0.0,1.93640388
2024-09-29T19:00,3600,0.0,0.0,0.0,0.0,0.0,0.0,0.0,0.0,0.0
2024-09-29T20:00,3600,0.0,0.0,0.0,0.0,0.0,0.0,0.0,0.0,0.0
2024-09-29T21:00,3600,0.0,0.0,0.0,0.0,0.0,0.0,0.0,0.0,0.0
2024-09-29T22:00,3600,0.0,0.0,0.0,0.0,0.0,0.0,0.0,0.0,0.0
2024-09-29T23:00,3600,0.0,0.0,0.0,0.0,0.0,0.0,0.0,0.0,0.0
2024-09-30T00:00,3600,0.0,0.0,0.0,0.0,0.0,0.0,0.0,0.0,0.0
2024-09-30T01:00,3600,0.0,0.0,0.0,0.0,0.0,0.0,0.0,0.0,0.0
2024-09-30T02:00,3600,0.0,0.0,0.0,0.0,0.0,0.0,0.0,0.0,0.0
2024-09-30T03:00,3600,0.0,0.0,0.0,0.0,0.0,0.0,0.0,0.0,0.0
2024-09-30T04:00,3600,0.0,0.0,0.0,0.0,0.0,0.0,0.0,0.0,0.0
2024-09-30T05:00,3600,0.0,0.0,0.0,0.0,0.0,0.0,0.0,0.0,0.0
2024-09-30T06:00,3600,0.0,0.0,0.0,0.0,0.0,0.0,0.0,0.0,17.17413532
2024-09-30T07:00,3600,0.0,0.0,0.0,0.0,0.0,0.0,0.0,0.0,190.97166157
2024-09-30T08:00,3600,0.0,0.0,0.0,0.0,0.0,0.0,0.0,0.0,420.78222143
2024-09-30T09:00,3600,0.0,0.0,0.0,0.0,0.0,0.0,0.0,0.0,649.56104047
2024-09-30T10:00,3600,0.0,0.0,0.0,0.0,0.0,0.0,0.0,0.0,807.21830979
2024-09-30T11:00,3600,0.0,0.0,0.0,0.0,0.0,0.0,0.0,0.0,920.46394618
2024-09-30T12:00,3600,0.0,0.0,0.0,0.0,0.0,0.0,0.0,0.0,924.84989887
2024-09-30T13:00,3600,0.0,0.0,0.0,0.0,0.0,0.0,0.0,0.0,732.35630365
2024-09-30T14:00,3600,0.0,0.0,0.0,0.0,0.0,0.0,0.0,0.0,748.41220676
2024-09-30T15:00,3600,0.0,0.0,0.0,0.0,0.0,0.0,0.0,0.0,560.35027982
2024-09-30T16:00,3600,0.0,0.0,0.0,0.0,0.0,0.0,0.0,0.0,303.32857149
2024-09-30T17:00,3600,0.0,0.0,0.0,0.0,0.0,0.0,0.0,0.0,108.37859315
2024-09-30T18:00,3600,1.0870588235294116,0.0,0.0,1.0870588235294116,0.0,0.0,0.0,0.0,1.93640388
2024-09-30T19:00,3600,1.0870588235294116,0.0,0.0,1.0870588235294116,0.0,0.0,0.0,0.0,0.0
2024-09-30T20:00,3600,1.0870588235294116,0.0,0.0,1.0870588235294116,0.0,0.0,0.0,0.0,0.0
2024-09-30T21:00,3600,1.0870588235294116,0.0,0.0,1.0870588235294116,0.0,0.0,0.0,0.0,0.0
2024-09-30T22:00,3600,1.0870588235294116,0.0,0.0,1.0870588235294116,0.0,0.0,0.0,0.0,0.0
2024-09-30T23:00,3600,1.0870588235294116,0.0,0.0,1.0870588235294116,0.0,0.0,0.0,0.0,0.0
2024-10-01T00:00,3600,0.0,0.0,0.0,0.0,0.0,0.0,0.0,0.0,0.0
2024-10-01T01:00,3600,0.0,0.0,0.0,0.0,0.0,0.0,0.0,0.0,0.0
2024-10-01T02:00,3600,0.0,0.0,0.0,0.0,0.0,0.0,0.0,0.0,0.0
2024-10-01T03:00,3600,0.0,0.0,0.0,0.0,0.0,0.0,0.0,0.0,0.0
2024-10-01T04:00,3600,0.0,0.0,0.0,0.0,0.0,0.0,0.0,0.0,0.0
2024-10-01T05:00,3600,0.0,0.0,0.0,0.0,0.0,0.0,0.0,0.0,0.0
2024-10-01T06:00,3600,0.0,0.0,0.0,0.0,0.0,0.0,0.0,0.0,17.90921061
2024-10-01T07:00,3600,0.0,0.0,0.0,0.0,0.0,0.0,0.0,0.0,199.1075193
2024-10-01T08:00,3600,0.0,0.0,0.0,0.0,0.0,0.0,0.0,0.0,430.92603017
2024-10-01T09:00,3600,0.0,0.0,0.0,0.0,0.0,0.0,0.0,0.0,648.19151881
2024-10-01T10:00,3600,0.0,0.0,0.0,0.0,0.0,0.0,0.0,0.0,820.43960042
2024-10-01T11:00,3600,0.0,0.0,0.0,0.0,0.0,0.0,0.0,0.0,890.52325716
2024-10-01T12:00,3600,0.0,0.0,0.0,0.0,0.0,0.0,0.0,0.0,825.3968652
2024-10-01T13:00,3600,0.0,0.0,0.0,0.0,0.0,0.0,0.0,0.0,848.03185785
2024-10-01T14:00,3600,0.0,0.0,0.0,0.0,0.0,0.0,0.0,0.0,744.37917025
2024-10-01T15:00,3600,0.0,0.0,0.0,0.0,0.0,0.0,0.0,0.0,548.67138817
2024-10-01T16:00,3600,0.0,0.0,0.0,0.0,0.0,0.0,0.0,0.0,318.40642071
2024-10-01T17:00,3600,0.0,0.0,0.0,0.0,0.0,0.0,0.0,0.0,105.69242544
2024-10-01T18:00,3600,0.9188271227292533,0.0,0.0,0.9188271227292533,0.0,0.0,0.0,0.0,0.96820194
2024-10-01T19:00,3600,0.9092632403180457,0.0,0.0,0.9092632403180457,0.0,0.0,0.0,0.0,0.0
2024-10-01T20:00,3600,0.9034807683491344,0.0,0.0,0.9034807683491344,0.0,0.0,0.0,0.0,0.0
2024-10-01T21:00,3600,0.8950672863387865,0.0,0.0,0.8950672863387865,0.0,0.0,0.0,0.0,0.0
2024-10-01T22:00,3600,0.8614894008701351,0.0,0.0,0.8614894008701351,0.0,0.0,0.0,0.0,0.0
2024-10-01T23:00,3600,0.8520007694581323,0.0,0.0,0.8520007694581323,0.0,0.0,0.0,0.0,0.0
2024-10-02T00:00,3600,0.0,0.0,0.0,0.0,0.0,0.0,0.0,0.0,0.0
2024-10-02T01:00,3600,0.0,0.0,0.0,0.0,0.0,0.0,0.0,0.0,0.0
2024-10-02T02:00,3600,0.0,0.0,0.0,0.0,0.0,0.0,0.0,0.0,0.0
2024-10-02T03:00,3600,0.0,0.0,0.0,0.0,0.0,0.0,0.0,0.0,0.0
2024-10-02T04:00,3600,0.0,0.0,0.0,0.0,0.0,0.0,0.0,0.0,0.0
2024-10-02T05:00,3600,0.0,0.0,0.0,0.0,0.0,0.0,0.0,0.0,0.0
2024-10-02T06:00,3600,0.0,0.0,0.0,0.0,0.0,0.0,0.0,0.0,15.8820755
2024-10-02T07:00,3600,0.0,0.0,0.0,0.0,0.0,0.0,0.0,0.0,183.80323765
2024-10-02T08:00,3600,0.0,0.0,0.0,0.0,0.0,0.0,0.0,0.0,413.48163545
2024-10-02T09:00,3600,0.0,0.0,0.0,0.0,0.0,0.0,0.0,0.0,632.72898025
2024-10-02T10:00,3600,0.0,0.0,0.0,0.0,0.0,0.0,0.0,0.0,807.30350108
2024-10-02T11:00,3600,0.0,0.0,0.0,0.0,0.0,0.0,0.0,0.0,880.16553794
2024-10-02T12:00,3600,0.0,0.0,0.0,0.0,0.0,0.0,0.0,0.0,953.35349399
2024-10-02T13:00,3600,0.0,0.0,0.0,0.0,0.0,0.0,0.0,0.0,893.48242825
2024-10-02T14:00,3600,0.0,0.0,0.0,0.0,0.0,0.0,0.0,0.0,747.18574691
2024-10-02T15:00,3600,0.0,0.0,0.0,0.0,0.0,0.0,0.0,0.0,541.36090319
2024-10-02T16:00,3600,0.0,0.0,0.0,0.0,0.0,0.0,0.0,0.0,313.51164353
2024-10-02T17:00,3600,0.0,0.0,0.0,0.0,0.0,0.0,0.0,0.0,97.85349833
2024-10-02T18:00,3600,0.8313488067963429,0.0,0.0,0.8313488067963429,0.0,0.0,0.0,0.0,0.96820194
2024-10-02T19:00,3600,0.8266531724290511,0.0,0.0,0.8266531724290511,0.0,0.0,0.0,0.0,0.0
2024-10-02T20:00,3600,0.8286265793677805,0.0,0.0,0.8286265793677805,0.0,0.0,0.0,0.0,0.0
2024-10-02T21:00,3600,0.8191214834610445,0.0,0.0,0.8191214834610445,0.0,0.0,0.0,0.0,0.0
2024-10-02T22:00,3600,0.815294117647059,0.0,0.0,0.815294117647059,0.0,0.0,0.0,0.0,0.0
2024-10-02T23:00,3600,0.815294117647059,0.0,0.0,0.815294117647059,0.0,0.0,0.0,0.0,0.0
2024-10-03T00:00,3600,0.0,0.0,0.0,0.0,0.0,0.0,0.0,0.0,0.0
2024-10-03T01:00,3600,0.0,0.0,0.0,0.0,0.0,0.0,0.0,0.0,0.0
2024-10-03T02:00,3600,0.0,0.0,0.0,0.0,0.0,0.0,0.0,0.0,0.0
2024-10-03T03:00,3600,0.0,0.0,0.0,0.0,0.0,0.0,0.0,0.0,0.0
2024-10-03T04:00,3600,0.0,0.0,0.0,0.0,0.0,0.0,0.0,0.0,0.0
2024-10-03T05:00,3600,0.0,0.0,0.0,0.0,0.0,0.0,0.0,0.0,0.0
2024-10-03T06:00,3600,0.0,0.0,0.0,0.0,0.0,0.0,0.0,0.0,17.94780175
2024-10-03T07:00,3600,0.0,0.0,0.0,0.0,0.0,0.0,0.0,0.0,204.82023473
2024-10-03T08:00,3600,0.0,0.0,0.0,0.0,0.0,0.0,0.0,0.0,432.42516591
2024-10-03T09:00,3600,0.0,0.0,0.0,0.0,0.0,0.0,0.0,0.0,658.85362638
2024-10-03T10:00,3600,0.0,0.0,0.0,0.0,0.0,0.0,0.0,0.0,811.31820448
2024-10-03T11:00,3600,0.0,0.0,0.0,0.0,0.0,0.0,0.0,0.0,941.75870596
2024-10-03T12:00,3600,0.0,0.0,0.0,0.0,0.0,0.0,0.0,0.0,959.16434764
2024-10-03T13:00,3600,0.0,0.0,0.0,0.0,0.0,0.0,0.0,0.0,893.49959307
2024-10-03T14:00,3600,0.0,0.0,0.0,0.0,0.0,0.0,0.0,0.0,774.81219197
2024-10-03T15:00,3600,0.0,0.0,0.0,0.0,0.0,0.0,0.0,0.0,577.95690471
2024-10-03T16:00,3600,0.0,0.0,0.0,0.0,0.0,0.0,0.0,0.0,341.0441752
2024-10-03T17:00,3600,0.0,0.0,0.0,0.0,0.0,0.0,0.0,0.0,105.27091994
2024-10-03T18:00,3600,0.815294117647059,0.0,0.0,0.815294117647059,0.0,0.0,0.0,0.0,0.96820194
2024-10-03T19:00,3600,0.815294117647059,0.0,0.0,0.815294117647059,0.0,0.0,0.0,0.0,0.0
2024-10-03T20:00,3600,0.815294117647059,0.0,0.0,0.815294117647059,0.0,0.0,0.0,0.0,0.0
2024-10-03T21:00,3600,0.815294117647059,0.0,0.0,0.815294117647059,0.0,0.0,0.0,0.0,0.0
2024-10-03T22:00,3600,0.815294117647059,0.0,0.0,0.815294117647059,0.0,0.0,0.0,0.0,0.0
2024-10-03T23:00,3600,0.815294117647059,0.0,0.0,0.815294117647059,0.0,0.0,0.0,0.0,0.0
2024-10-04T00:00,3600,0.0,0.0,0.0,0.0,0.0,0.0,0.0,0.0,0.0
2024-10-04T01:00,3600,0.0,0.0,0.0,0.0,0.0,0.0,0.0,0.0,0.0
2024-10-04T02:00,3600,0.0,0.0,0.0,0.0,0.0,0.0,0.0,0.0,0.0
2024-10-04T03:00,3600,0.0,0.0,0.0,0.0,0.0,0.0,0.0,0.0,0.0
2024-10-04T04:00,3600,0.0,0.0,0.0,0.0,0.0,0.0,0.0,0.0,0.0
2024-10-04T05:00,3600,0.0,0.0,0.0,0.0,0.0,0.0,0.0,0.0,0.0
2024-10-04T06:00,3600,0.0,0.0,0.0,0.0,0.0,0.0,0.0,0.0,10.33128135
2024-10-04T07:00,3600,0.0,0.0,0.0,0.0,0.0,0.0,0.0,0.0,97.3338559
2024-10-04T08:00,3600,0.0,0.0,0.0,0.0,0.0,0.0,0.0,0.0,296.71375256
2024-10-04T09:00,3600,0.0,0.0,0.0,0.0,0.0,0.0,0.0,0.0,632.36809466
2024-10-04T10:00,3600,0.0,0.0,0.0,0.0,0.0,0.0,0.0,0.0,801.57149271
2024-10-04T11:00,3600,0.0,0.0,0.0,0.0,0.0,0.0,0.0,0.0,929.97190384
2024-10-04T12:00,3600,0.0,0.0,0.0,0.0,0.0,0.0,0.0,0.0,945.58434814
2024-10-04T13:00,3600,0.0,0.0,0.0,0.0,0.0,0.0,0.0,0.0,876.49664037
2024-10-04T14:00,3600,0.0,0.0,0.0,0.0,0.0,0.0,0.0,0.0,754.14333717
2024-10-04T15:00,3600,0.0,0.0,0.0,0.0,0.0,0.0,0.0,0.0,558.38890292
2024-10-04T16:00,3600,0.0,0.0,0.0,0.0,0.0,0.0,0.0,0.0,325.61600747
2024-10-04T17:00,3600,0.0,0.0,0.0,0.0,0.0,0.0,0.0,0.0,98.09304622
2024-10-04T18:00,3600,0.8728045753066671,0.0,0.0,0.8728045753066671,0.0,0.0,0.0,0.0,0.96820194
2024-10-04T19:00,3600,0.8745151661168526,0.0,0.0,0.8745151661168526,0.0,0.0,0.0,0.0,0.0
2024-10-04T20:00,3600,0.874060316352116,0.0,0.0,0.874060316352116,0.0,0.0,0.0,0.0,0.0
2024-10-04T21:00,3600,0.8778534947196116,0.0,0.0,0.8778534947196116,0.0,0.0,0.0,0.0,0.0
2024-10-04T22:00,3600,0.49348001845542805,0.0,0.0,0.49348001845542805,0.0,0.0,0.0,0.0,0.0
2024-10-04T23:00,3600,0.17291006599990544,0.0,0.0,0.17291006599990544,0.0,0.0,0.0,0.0,0.0
2024-10-05T00:00,3600,0.0,0.0,0.0,0.0,0.0,0.0,0.0,0.0,0.0
2024-10-05T01:00,3600,0.0,0.0,0.0,0.0,0.0,0.0,0.0,0.0,0.0
2024-10-05T02:00,3600,0.0,0.0,0.0,0.0,0.0,0.0,0.0,0.0,0.0
2024-10-05T03:00,3600,0.0,0.0,0.0,0.0,0.0,0.0,0.0,0.0,0.0
2024-10-05T04:00,3600,0.0,0.0,0.0,0.0,0.0,0.0,0.0,0.0,0.0
2024-10-05T05:00,3600,0.0,0.0,0.0,0.0,0.0,0.0,0.0,0.0,0.0
2024-10-05T06:00,3600,0.0,0.0,0.0,0.0,0.0,0.0,0.0,0.0,11.67580614
2024-10-05T07:00,3600,0.0,0.0,0.0,0.0,0.0,0.0,0.0,0.0,137.67248125
2024-10-05T08:00,3600,0.0,0.0,0.0,0.0,0.0,0.0,0.0,0.0,285.0656488
2024-10-05T09:00,3600,0.0,0.0,0.0,0.0,0.0,0.0,0.0,0.0,447.928896
2024-10-05T10:00,3600,0.0,0.0,0.0,0.0,0.0,0.0,0.0,0.0,527.89474921
2024-10-05T11:00,3600,0.0,0.0,0.0,0.0,0.0,0.0,0.0,0.0,736.70389863
2024-10-05T12:00,3600,0.0,0.0,0.0,0.0,0.0,0.0,0.0,0.0,836.89164871
2024-10-05T13:00,3600,0.0,0.0,0.0,0.0,0.0,0.0,0.0,0.0,840.87500773
2024-10-05T14:00,3600,0.0,0.0,0.0,0.0,0.0,0.0,0.0,0.0,711.28863604
2024-10-05T15:00,3600,0.0,0.0,0.0,0.0,0.0,0.0,0.0,0.0,517.5810652
2024-10-05T16:00,3600,0.0,0.0,0.0,0.0,0.0,0.0,0.0,0.0,311.56903725
2024-10-05T17:00,3600,0.0,0.0,0.0,0.0,0.0,0.0,0.0,0.0,89.58456986
2024-10-05T18:00,3600,0.0,0.0,0.0,0.0,0.0,0.0,0.0,0.0,0.0
2024-10-05T19:00,3600,0.0,0.0,0.0,0.0,0.0,0.0,0.0,0.0,0.0
2024-10-05T20:00,3600,0.0,0.0,0.0,0.0,0.0,0.0,0.0,0.0,0.0
2024-10-05T21:00,3600,0.0,0.0,0.0,0.0,0.0,0.0,0.0,0.0,0.0
2024-10-05T22:00,3600,0.0,0.0,0.0,0.0,0.0,0.0,0.0,0.0,0.0
2024-10-05T23:00,3600,0.0,0.0,0.0,0.0,0.0,0.0,0.0,0.0,0.0
2024-10-06T00:00,3600,0.0,0.0,0.0,0.0,0.0,0.0,0.0,0.0,0.0
2024-10-06T01:00,3600,0.0,0.0,0.0,0.0,0.0,0.0,0.0,0.0,0.0
2024-10-06T02:00,3600,0.0,0.0,0.0,0.0,0.0,0.0,0.0,0.0,0.0
2024-10-06T03:00,3600,0.0,0.0,0.0,0.0,0.0,0.0,0.0,0.0,0.0
2024-10-06T04:00,3600,0.0,0.0,0.0,0.0,0.0,0.0,0.0,0.0,0.0
2024-10-06T05:00,3600,0.0,0.0,0.0,0.0,0.0,0.0,0.0,0.0,0.0
2024-10-06T06:00,3600,0.0,0.0,0.0,0.0,0.0,0.0,0.0,0.0,8.82218306
2024-10-06T07:00,3600,0.0,0.0,0.0,0.0,0.0,0.0,0.0,0.0,106.17444001
2024-10-06T08:00,3600,0.0,0.0,0.0,0.0,0.0,0.0,0.0,0.0,224.52177332
2024-10-06T09:00,3600,0.0,0.0,0.0,0.0,0.0,0.0,0.0,0.0,453.5421146
2024-10-06T10:00,3600,0.0,0.0,0.0,0.0,0.0,0.0,0.0,0.0,655.71535005
2024-10-06T11:00,3600,0.0,0.0,0.0,0.0,0.0,0.0,0.0,0.0,822.02010145
2024-10-06T12:00,3600,0.0,0.0,0.0,0.0,0.0,0.0,0.0,0.0,862.92861236
2024-10-06T13:00,3600,0.0,0.0,0.0,0.0,0.0,0.0,0.0,0.0,752.21127012
2024-10-06T14:00,3600,0.0,0.0,0.0,0.0,0.0,0.0,0.0,0.0,621.36459923
2024-10-06T15:00,3600,0.0,0.0,0.0,0.0,0.0,0.0,0.0,0.0,404.61253122
2024-10-06T16:00,3600,0.0,0.0,0.0,0.0,0.0,0.0,0.0,0.0,222.63891706
2024-10-06T17:00,3600,0.0,0.0,0.0,0.0,0.0,0.0,0.0,0.0,69.73539937
2024-10-06T18:00,3600,0.0,0.0,0.0,0.0,0.0,0.0,0.0,0.0,0.0
2024-10-06T19:00,3600,0.0,0.0,0.0,0.0,0.0,0.0,0.0,0.0,0.0
2024-10-06T20:00,3600,0.0,0.0,0.0,0.0,0.0,0.0,0.0,0.0,0.0
2024-10-06T21:00,3600,0.0,0.0,0.0,0.0,0.0,0.0,0.0,0.0,0.0
2024-10-06T22:00,3600,0.0,0.0,0.0,0.0,0.0,0.0,0.0,0.0,0.0
2024-10-06T23:00,3600,0.0,0.0,0.0,0.0,0.0,0.0,0.0,0.0,0.0
2024-10-07T00:00,3600,0.0,0.0,0.0,0.0,0.0,0.0,0.0,0.0,0.0
2024-10-07T01:00,3600,0.0,0.0,0.0,0.0,0.0,0.0,0.0,0.0,0.0
2024-10-07T02:00,3600,0.0,0.0,0.0,0.0,0.0,0.0,0.0,0.0,0.0
2024-10-07T03:00,3600,0.0,0.0,0.0,0.0,0.0,0.0,0.0,0.0,0.0
2024-10-07T04:00,3600,0.0,0.0,0.0,0.0,0.0,0.0,0.0,0.0,0.0
2024-10-07T05:00,3600,0.0,0.0,0.0,0.0,0.0,0.0,0.0,0.0,0.0
2024-10-07T06:00,3600,0.0,0.0,0.0,0.0,0.0,0.0,0.0,0.0,12.21674483
2024-10-07T07:00,3600,0.0,0.0,0.0,0.0,0.0,0.0,0.0,0.0,115.79276641
2024-10-07T08:00,3600,0.0,0.0,0.0,0.0,0.0,0.0,0.0,0.0,287.72105111
2024-10-07T09:00,3600,0.0,0.0,0.0,0.0,0.0,0.0,0.0,0.0,519.41072047
2024-10-07T10:00,3600,0.0,0.0,0.0,0.0,0.0,0.0,0.0,0.0,797.28573102
2024-10-07T11:00,3600,0.0,0.0,0.0,0.0,0.0,0.0,0.0,0.0,906.59046634
2024-10-07T12:00,3600,0.0,0.0,0.0,0.0,0.0,0.0,0.0,0.0,925.97083041
2024-10-07T13:00,3600,0.0,0.0,0.0,0.0,0.0,0.0,0.0,0.0,862.54967753
2024-10-07T14:00,3600,0.0,0.0,0.0,0.0,0.0,0.0,0.0,0.0,741.7955423
2024-10-07T15:00,3600,0.0,0.0,0.0,0.0,0.0,0.0,0.0,0.0,545.00526991
2024-10-07T16:00,3600,0.0,0.0,0.0,0.0,0.0,0.0,0.0,0.0,310.83783418
2024-10-07T17:00,3600,0.0,0.0,0.0,0.0,0.0,0.0,0.0,0.0,87.00394308
2024-10-07T18:00,3600,0.9400040936940965,0.0,0.0,0.9400040936940965,0.0,0.0,0.0,0.0,0.0
2024-10-07T19:00,3600,0.9400522161572059,0.0,0.0,0.9400522161572059,0.0,0.0,0.0,0.0,0.0
2024-10-07T20:00,3600,0.9213941834438015,0.0,0.0,0.9213941834438015,0.0,0.0,0.0,0.0,0.0
2024-10-07T21:00,3600,0.9078398489522997,0.0,0.0,0.9078398489522997,0.0,0.0,0.0,0.0,0.0
2024-10-07T22:00,3600,0.877040058695426,0.0,0.0,0.877040058695426,0.0,0.0,0.0,0.0,0.0
2024-10-07T23:00,3600,0.8719240730393901,0.0,0.0,0.8719240730393901,0.0,0.0,0.0,0.0,0.0
2024-10-08T00:00,3600,0.0,0.0,0.0,0.0,0.0,0.0,0.0,0.0,0.0
2024-10-08T01:00,3600,0.0,0.0,0.0,0.0,0.0,0.0,0.0,0.0,0.0
2024-10-08T02:00,3600,0.0,0.0,0.0,0.0,0.0,0.0,0.0,0.0,0.0
2024-10-08T03:00,3600,0.0,0.0,0.0,0.0,0.0,0.0,0.0,0.0,0.0
2024-10-08T04:00,3600,0.0,0.0,0.0,0.0,0.0,0.0,0.0,0.0,0.0
2024-10-08T05:00,3600,0.0,0.0,0.0,0.0,0.0,0.0,0.0,0.0,0.0
2024-10-08T06:00,3600,0.0,0.0,0.0,0.0,0.0,0.0,0.0,0.0,16.65465218
2024-10-08T07:00,3600,0.0,0.0,0.0,0.0,0.0,0.0,0.0,0.0,196.5015093
2024-10-08T08:00,3600,0.0,0.0,0.0,0.0,0.0,0.0,0.0,0.0,432.93254806
2024-10-08T09:00,3600,0.0,0.0,0.0,0.0,0.0,0.0,0.0,0.0,647.14479578
2024-10-08T10:00,3600,0.0,0.0,0.0,0.0,0.0,0.0,0.0,0.0,822.74435455
2024-10-08T11:00,3600,0.0,0.0,0.0,0.0,0.0,0.0,0.0,0.0,919.69867216
2024-10-08T12:00,3600,0.0,0.0,0.0,0.0,0.0,0.0,0.0,0.0,937.38394723
2024-10-08T13:00,3600,0.0,0.0,0.0,0.0,0.0,0.0,0.0,0.0,878.2972142
2024-10-08T14:00,3600,0.0,0.0,0.0,0.0,0.0,0.0,0.0,0.0,725.34630813
2024-10-08T15:00,3600,0.0,0.0,0.0,0.0,0.0,0.0,0.0,0.0,536.82218779
2024-10-08T16:00,3600,0.0,0.0,0.0,0.0,0.0,0.0,0.0,0.0,292.97426586
2024-10-08T17:00,3600,0.0,0.0,0.0,0.0,0.0,0.0,0.0,0.0,76.06316423
2024-10-08T18:00,3600,0.8974749136092371,0.0,0.0,0.8974749136092371,0.0,0.0,0.0,0.0,0.0
2024-10-08T19:00,3600,0.8945931767969426,0.0,0.0,0.8945931767969426,0.0,0.0,0.0,0.0,0.0
2024-10-08T20:00,3600,0.8891396672346772,0.0,0.0,0.8891396672346772,0.0,0.0,0.0,0.0,0.0
2024-10-08T21:00,3600,0.8828520737638899,0.0,0.0,0.8828520737638899,0.0,0.0,0.0,0.0,0.0
2024-10-08T22:00,3600,0.8794945067443228,0.0,0.0,0.8794945067443228,0.0,0.0,0.0,0.0,0.0
2024-10-08T23:00,3600,0.8800093229766517,0.0,0.0,0.8800093229766517,0.0,0.0,0.0,0.0,0.0
2024-10-09T00:00,3600,0.0,0.0,0.0,0.0,0.0,0.0,0.0,0.0,0.0
2024-10-09T01:00,3600,0.0,0.0,0.0,0.0,0.0,0.0,0.0,0.0,0.0
2024-10-09T02:00,3600,0.0,0.0,0.0,0.0,0.0,0.0,0.0,0.0,0.0
2024-10-09T03:00,3600,0.0,0.0,0.0,0.0,0.0,0.0,0.0,0.0,0.0
2024-10-09T04:00,3600,0.0,0.0,0.0,0.0,0.0,0.0,0.0,0.0,0.0
2024-10-09T05:00,3600,0.0,0.0,0.0,0.0,0.0,0.0,0.0,0.0,0.0
2024-10-09T06:00,3600,0.0,0.0,0.0,0.0,0.0,0.0,0.0,0.0,12.864802
2024-10-09T07:00,3600,0.0,0.0,0.0,0.0,0.0,0.0,0.0,0.0,126.06400501
2024-10-09T08:00,3600,0.0,0.0,0.0,0.0,0.0,0.0,0.0,0.0,313.95835822
2024-10-09T09:00,3600,0.0,0.0,0.0,0.0,0.0,0.0,0.0,0.0,540.71208925
2024-10-09T10:00,3600,0.0,0.0,0.0,0.0,0.0,0.0,0.0,0.0,757.08871028
2024-10-09T11:00,3600,0.0,0.0,0.0,0.0,0.0,0.0,0.0,0.0,928.02837726
2024-10-09T12:00,3600,0.0,0.0,0.0,0.0,0.0,0.0,0.0,0.0,945.35426999
2024-10-09T13:00,3600,0.0,0.0,0.0,0.0,0.0,0.0,0.0,0.0,688.82891933
2024-10-09T14:00,3600,0.0,0.0,0.0,0.0,0.0,0.0,0.0,0.0,314.44775014
2024-10-09T15:00,3600,0.0,0.0,0.0,0.0,0.0,0.0,0.0,0.0,267.35659562
2024-10-09T16:00,3600,0.0,0.0,0.0,0.0,0.0,0.0,0.0,0.0,131.60522466
2024-10-09T17:00,3600,0.0,0.0,0.0,0.0,0.0,0.0,0.0,0.0,32.63043332
2024-10-09T18:00,3600,0.9182509005270875,0.0,0.0,0.9182509005270875,0.0,0.0,0.0,0.0,0.0
2024-10-09T19:00,3600,0.9169079655228448,0.0,0.0,0.9169079655228448,0.0,0.0,0.0,0.0,0.0
2024-10-09T20:00,3600,0.9124704445191355,0.0,0.0,0.9124704445191355,0.0,0.0,0.0,0.0,0.0
2024-10-09T21:00,3600,0.9139437412381536,0.0,0.0,0.9139437412381536,0.0,0.0,0.0,0.0,0.0
2024-10-09T22:00,3600,0.9030605687643434,0.0,0.0,0.9030605687643434,0.0,0.0,0.0,0.0,0.0
2024-10-09T23:00,3600,0.6715420975823067,0.0,0.0,0.6715420975823067,0.0,0.0,0.0,0.0,0.0
2024-10-10T00:00,3600,0.0,0.0,0.0,0.0,0.0,0.0,0.0,0.0,0.0
2024-10-10T01:00,3600,0.0,0.0,0.0,0.0,0.0,0.0,0.0,0.0,0.0
2024-10-10T02:00,3600,0.0,0.0,0.0,0.0,0.0,0.0,0.0,0.0,0.0
2024-10-10T03:00,3600,0.0,0.0,0.0,0.0,0.0,0.0,0.0,0.0,0.0
2024-10-10T04:00,3600,0.0,0.0,0.0,0.0,0.0,0.0,0.0,0.0,0.0
2024-10-10T05:00,3600,0.0,0.0,0.0,0.0,0.0,0.0,0.0,0.0,0.0
2024-10-10T06:00,3600,0.0,0.0,0.0,0.0,0.0,0.0,0.0,0.0,10.22733391
2024-10-10T07:00,3600,0.0,0.0,0.0,0.0,0.0,0.0,0.0,0.0,119.43926984
2024-10-10T08:00,3600,0.0,0.0,0.0,0.0,0.0,0.0,0.0,0.0,273.99858662
2024-10-10T09:00,3600,0.0,0.0,0.0,0.0,0.0,0.0,0.0,0.0,510.7204
2024-10-10T10:00,3600,0.0,0.0,0.0,0.0,0.0,0.0,0.0,0.0,773.44761029
2024-10-10T11:00,3600,0.0,0.0,0.0,0.0,0.0,0.0,0.0,0.0,890.30298674
2024-10-10T12:00,3600,0.0,0.0,0.0,0.0,0.0,0.0,0.0,0.0,927.019435
2024-10-10T13:00,3600,0.0,0.0,0.0,0.0,0.0,0.0,0.0,0.0,820.40273571
2024-10-10T14:00,3600,0.0,0.0,0.0,0.0,0.0,0.0,0.0,0.0,664.55730846
2024-10-10T15:00,3600,0.0,0.0,0.0,0.0,0.0,0.0,0.0,0.0,391.68838965
2024-10-10T16:00,3600,0.0,0.0,0.0,0.0,0.0,0.0,0.0,0.0,244.60695117
2024-10-10T17:00,3600,0.0,0.0,0.0,0.0,0.0,0.0,0.0,0.0,54.80507009
2024-10-10T18:00,3600,0.8968807418523921,0.0,0.0,0.8968807418523921,0.0,0.0,0.0,0.0,0.0
2024-10-10T19:00,3600,0.9022314399848572,0.0,0.0,0.9022314399848572,0.0,0.0,0.0,0.0,0.0
2024-10-10T20:00,3600,0.899393073037583,0.0,0.0,0.899393073037583,0.0,0.0,0.0,0.0,0.0
2024-10-10T21:00,3600,0.5422804239776017,0.0,0.0,0.5422804239776017,0.0,0.0,0.0,0.0,0.0
2024-10-10T22:00,3600,0.2201712193590646,0.0,0.0,0.2201712193590646,0.0,0.0,0.0,0.0,0.0
2024-10-10T23:00,3600,0.2086221078225566,0.0,0.0,0.2086221078225566,0.0,0.0,0.0,0.0,0.0
2024-10-11T00:00,3600,0.0,0.0,0.0,0.0,0.0,0.0,0.0,0.0,0.0
2024-10-11T01:00,3600,0.0,0.0,0.0,0.0,0.0,0.0,0.0,0.0,0.0
2024-10-11T02:00,3600,0.0,0.0,0.0,0.0,0.0,0.0,0.0,0.0,0.0
2024-10-11T03:00,3600,0.0,0.0,0.0,0.0,0.0,0.0,0.0,0.0,0.0
2024-10-11T04:00,3600,0.0,0.0,0.0,0.0,0.0,0.0,0.0,0.0,0.0
2024-10-11T05:00,3600,0.0,0.0,0.0,0.0,0.0,0.0,0.0,0.0,0.0
2024-10-11T06:00,3600,0.0,0.0,0.0,0.0,0.0,0.0,0.0,0.0,12.58947056
2024-10-11T07:00,3600,0.0,0.0,0.0,0.0,0.0,0.0,0.0,0.0,177.03375999
2024-10-11T08:00,3600,0.0,0.0,0.0,0.0,0.0,0.0,0.0,0.0,383.92394638
2024-10-11T09:00,3600,0.0,0.0,0.0,0.0,0.0,0.0,0.0,0.0,579.63505315
2024-10-11T10:00,3600,0.0,0.0,0.0,0.0,0.0,0.0,0.0,0.0,762.74501409
2024-10-11T11:00,3600,0.0,0.0,0.0,0.0,0.0,0.0,0.0,0.0,854.68272618
2024-10-11T12:00,3600,0.0,0.0,0.0,0.0,0.0,0.0,0.0,0.0,825.71528842
2024-10-11T13:00,3600,0.0,0.0,0.0,0.0,0.0,0.0,0.0,0.0,708.36247197
2024-10-11T14:00,3600,0.0,0.0,0.0,0.0,0.0,0.0,0.0,0.0,478.91748792
2024-10-11T15:00,3600,0.0,0.0,0.0,0.0,0.0,0.0,0.0,0.0,310.98520505
2024-10-11T16:00,3600,0.0,0.0,0.0,0.0,0.0,0.0,0.0,0.0,179.88458282
2024-10-11T17:00,3600,0.0,0.0,0.0,0.0,0.0,0.0,0.0,0.0,45.50045391
2024-10-11T18:00,3600,0.93711393118231,0.0,0.0,0.93711393118231,0.0,0.0,0.0,0.0,0.0
2024-10-11T19:00,3600,0.9365014522044101,0.0,0.0,0.9365014522044101,0.0,0.0,0.0,0.0,0.0
2024-10-11T20:00,3600,0.936167036749731,0.0,0.0,0.936167036749731,0.0,0.0,0.0,0.0,0.0
2024-10-11T21:00,3600,0.5039151642325268,0.0,0.0,0.5039151642325268,0.0,0.0,0.0,0.0,0.0
2024-10-11T22:00,3600,0.2658876464061657,0.0,0.0,0.2658876464061657,0.0,0.0,0.0,0.0,0.0
2024-10-11T23:00,3600,0.2608083141831679,0.0,0.0,0.2608083141831679,0.0,0.0,0.0,0.0,0.0
2024-10-12T00:00,3600,0.0,0.0,0.0,0.0,0.0,0.0,0.0,0.0,0.0
2024-10-12T01:00,3600,0.0,0.0,0.0,0.0,0.0,0.0,0.0,0.0,0.0
2024-10-12T02:00,3600,0.0,0.0,0.0,0.0,0.0,0.0,0.0,0.0,0.0
2024-10-12T03:00,3600,0.0,0.0,0.0,0.0,0.0,0.0,0.0,0.0,0.0
2024-10-12T04:00,3600,0.0,0.0,0.0,0.0,0.0,0.0,0.0,0.0,0.0
2024-10-12T05:00,3600,0.0,0.0,0.0,0.0,0.0,0.0,0.0,0.0,0.0
2024-10-12T06:00,3600,0.0,0.0,0.0,0.0,0.0,0.0,0.0,0.0,12.06187544
2024-10-12T07:00,3600,0.0,0.0,0.0,0.0,0.0,0.0,0.0,0.0,163.91136167
2024-10-12T08:00,3600,0.0,0.0,0.0,0.0,0.0,0.0,0.0,0.0,371.38234486
2024-10-12T09:00,3600,0.0,0.0,0.0,0.0,0.0,0.0,0.0,0.0,598.68183323
2024-10-12T10:00,3600,0.0,0.0,0.0,0.0,0.0,0.0,0.0,0.0,735.70034962
2024-10-12T11:00,3600,0.0,0.0,0.0,0.0,0.0,0.0,0.0,0.0,714.89349561
2024-10-12T12:00,3600,0.0,0.0,0.0,0.0,0.0,0.0,0.0,0.0,645.63107426
2024-10-12T13:00,3600,0.0,0.0,0.0,0.0,0.0,0.0,0.0,0.0,583.83735655
2024-10-12T14:00,3600,0.0,0.0,0.0,0.0,0.0,0.0,0.0,0.0,364.11644804
2024-10-12T15:00,3600,0.0,0.0,0.0,0.0,0.0,0.0,0.0,0.0,322.3936861
2024-10-12T16:00,3600,0.0,0.0,0.0,0.0,0.0,0.0,0.0,0.0,230.80281922
2024-10-12T17:00,3600,0.0,0.0,0.0,0.0,0.0,0.0,0.0,0.0,64.1486358
2024-10-12T18:00,3600,0.0,0.0,0.0,0.0,0.0,0.0,0.0,0.0,0.0
2024-10-12T19:00,3600,0.0,0.0,0.0,0.0,0.0,0.0,0.0,0.0,0.0
2024-10-12T20:00,3600,0.0,0.0,0.0,0.0,0.0,0.0,0.0,0.0,0.0
2024-10-12T21:00,3600,0.0,0.0,0.0,0.0,0.0,0.0,0.0,0.0,0.0
2024-10-12T22:00,3600,0.0,0.0,0.0,0.0,0.0,0.0,0.0,0.0,0.0
2024-10-12T23:00,3600,0.0,0.0,0.0,0.0,0.0,0.0,0.0,0.0,0.0
2024-10-13T00:00,3600,0.0,0.0,0.0,0.0,0.0,0.0,0.0,0.0,0.0
2024-10-13T01:00,3600,0.0,0.0,0.0,0.0,0.0,0.0,0.0,0.0,0.0
2024-10-13T02:00,3600,0.0,0.0,0.0,0.0,0.0,0.0,0.0,0.0,0.0
2024-10-13T03:00,3600,0.0,0.0,0.0,0.0,0.0,0.0,0.0,0.0,0.0
2024-10-13T04:00,3600,0.0,0.0,0.0,0.0,0.0,0.0,0.0,0.0,0.0
2024-10-13T05:00,3600,0.0,0.0,0.0,0.0,0.0,0.0,0.0,0.0,0.0
2024-10-13T06:00,3600,0.0,0.0,0.0,0.0,0.0,0.0,0.0,0.0,14.71337375
2024-10-13T07:00,3600,0.0,0.0,0.0,0.0,0.0,0.0,0.0,0.0,188.36409627
2024-10-13T08:00,3600,0.0,0.0,0.0,0.0,0.0,0.0,0.0,0.0,422.83436505
2024-10-13T09:00,3600,0.0,0.0,0.0,0.0,0.0,0.0,0.0,0.0,642.0973526
2024-10-13T10:00,3600,0.0,0.0,0.0,0.0,0.0,0.0,0.0,0.0,802.55345571
2024-10-13T11:00,3600,0.0,0.0,0.0,0.0,0.0,0.0,0.0,0.0,878.85741359
2024-10-13T12:00,3600,0.0,0.0,0.0,0.0,0.0,0.0,0.0,0.0,858.73898546
2024-10-13T13:00,3600,0.0,0.0,0.0,0.0,0.0,0.0,0.0,0.0,755.20337235
2024-10-13T14:00,3600,0.0,0.0,0.0,0.0,0.0,0.0,0.0,0.0,583.9603377
2024-10-13T15:00,3600,0.0,0.0,0.0,0.0,0.0,0.0,0.0,0.0,423.35116335
2024-10-13T16:00,3600,0.0,0.0,0.0,0.0,0.0,0.0,0.0,0.0,255.73239803
2024-10-13T17:00,3600,0.0,0.0,0.0,0.0,0.0,0.0,0.0,0.0,66.34167217
2024-10-13T18:00,3600,0.0,0.0,0.0,0.0,0.0,0.0,0.0,0.0,0.0
2024-10-13T19:00,3600,0.0,0.0,0.0,0.0,0.0,0.0,0.0,0.0,0.0
2024-10-13T20:00,3600,0.0,0.0,0.0,0.0,0.0,0.0,0.0,0.0,0.0
2024-10-13T21:00,3600,0.0,0.0,0.0,0.0,0.0,0.0,0.0,0.0,0.0
2024-10-13T22:00,3600,0.0,0.0,0.0,0.0,0.0,0.0,0.0,0.0,0.0
2024-10-13T23:00,3600,0.0,0.0,0.0,0.0,0.0,0.0,0.0,0.0,0.0
2024-10-14T00:00,3600,0.0,0.0,0.0,0.0,0.0,0.0,0.0,0.0,0.0
2024-10-14T01:00,3600,0.0,0.0,0.0,0.0,0.0,0.0,0.0,0.0,0.0
2024-10-14T02:00,3600,0.0,0.0,0.0,0.0,0.0,0.0,0.0,0.0,0.0
2024-10-14T03:00,3600,0.0,0.0,0.0,0.0,0.0,0.0,0.0,0.0,0.0
2024-10-14T04:00,3600,0.0,0.0,0.0,0.0,0.0,0.0,0.0,0.0,0.0
2024-10-14T05:00,3600,0.0,0.0,0.0,0.0,0.0,0.0,0.0,0.0,0.0
2024-10-14T06:00,3600,0.0,0.0,0.0,0.0,0.0,0.0,0.0,0.0,13.84072671
2024-10-14T07:00,3600,0.0,0.0,0.0,0.0,0.0,0.0,0.0,0.0,170.65122903
2024-10-14T08:00,3600,0.0,0.0,0.0,0.0,0.0,0.0,0.0,0.0,416.14976664
2024-10-14T09:00,3600,0.0,0.0,0.0,0.0,0.0,0.0,0.0,0.0,624.05060676
2024-10-14T10:00,3600,0.0,0.0,0.0,0.0,0.0,0.0,0.0,0.0,727.21678053
2024-10-14T11:00,3600,0.0,0.0,0.0,0.0,0.0,0.0,0.0,0.0,807.8497782
2024-10-14T12:00,3600,0.0,0.0,0.0,0.0,0.0,0.0,0.0,0.0,838.40269462
2024-10-14T13:00,3600,0.0,0.0,0.0,0.0,0.0,0.0,0.0,0.0,664.10202925
2024-10-14T14:00,3600,0.0,0.0,0.0,0.0,0.0,0.0,0.0,0.0,590.37811231
2024-10-14T15:00,3600,0.0,0.0,0.0,0.0,0.0,0.0,0.0,0.0,359.52756251
2024-10-14T16:00,3600,0.0,0.0,0.0,0.0,0.0,0.0,0.0,0.0,200.88740439
2024-10-14T17:00,3600,0.0,0.0,0.0,0.0,0.0,0.0,0.0,0.0,36.95217841
2024-10-14T18:00,3600,1.0511676196073543,0.0,0.0,1.0511676196073543,0.0,0.0,0.0,0.0,0.0
2024-10-14T19:00,3600,1.0702773941047445,0.0,0.0,1.0702773941047445,0.0,0.0,0.0,0.0,0.0
2024-10-14T20:00,3600,1.074873201029428,0.0,0.0,1.074873201029428,0.0,0.0,0.0,0.0,0.0
2024-10-14T21:00,3600,1.0786213662287405,0.0,0.0,1.0786213662287405,0.0,0.0,0.0,0.0,0.0
2024-10-14T22:00,3600,1.0758239758853778,0.0,0.0,1.0758239758853778,0.0,0.0,0.0,0.0,0.0
2024-10-14T23:00,3600,1.0682598677717579,0.0,0.0,1.0682598677717579,0.0,0.0,0.0,0.0,0.0
2024-10-15T00:00,3600,0.0,0.0,0.0,0.0,0.0,0.0,0.0,0.0,0.0
2024-10-15T01:00,3600,0.0,0.0,0.0,0.0,0.0,0.0,0.0,0.0,0.0
2024-10-15T02:00,3600,0.0,0.0,0.0,0.0,0.0,0.0,0.0,0.0,0.0
2024-10-15T03:00,3600,0.0,0.0,0.0,0.0,0.0,0.0,0.0,0.0,0.0
2024-10-15T04:00,3600,0.0,0.0,0.0,0.0,0.0,0.0,0.0,0.0,0.0
2024-10-15T05:00,3600,0.0,0.0,0.0,0.0,0.0,0.0,0.0,0.0,0.0
2024-10-15T06:00,3600,0.0,0.0,0.0,0.0,0.0,0.0,0.0,0.0,11.99855284
2024-10-15T07:00,3600,0.0,0.0,0.0,0.0,0.0,0.0,0.0,0.0,182.87880906
2024-10-15T08:00,3600,0.0,0.0,0.0,0.0,0.0,0.0,0.0,0.0,387.83717174
2024-10-15T09:00,3600,0.0,0.0,0.0,0.0,0.0,0.0,0.0,0.0,550.90149633
2024-10-15T10:00,3600,0.0,0.0,0.0,0.0,0.0,0.0,0.0,0.0,633.83466032
2024-10-15T11:00,3600,0.0,0.0,0.0,0.0,0.0,0.0,0.0,0.0,495.13202262
2024-10-15T12:00,3600,0.0,0.0,0.0,0.0,0.0,0.0,0.0,0.0,628.20604728
2024-10-15T13:00,3600,0.0,0.0,0.0,0.0,0.0,0.0,0.0,0.0,642.98078065
2024-10-15T14:00,3600,0.0,0.0,0.0,0.0,0.0,0.0,0.0,0.0,420.04530919
2024-10-15T15:00,3600,0.0,0.0,0.0,0.0,0.0,0.0,0.0,0.0,350.77262644
2024-10-15T16:00,3600,0.0,0.0,0.0,0.0,0.0,0.0,0.0,0.0,111.25106617
2024-10-15T17:00,3600,0.0,0.0,0.0,0.0,0.0,0.0,0.0,0.0,45.05266757
2024-10-15T18:00,3600,1.0584745941466627,0.0,0.0,1.0584745941466627,0.0,0.0,0.0,0.0,0.0
2024-10-15T19:00,3600,1.0684038321161484,0.0,0.0,1.0684038321161484,0.0,0.0,0.0,0.0,0.0
2024-10-15T20:00,3600,1.0599024818036555,0.0,0.0,1.0599024818036555,0.0,0.0,0.0,0.0,0.0
2024-10-15T21:00,3600,1.063667461356453,0.0,0.0,1.063667461356453,0.0,0.0,0.0,0.0,0.0
2024-10-15T22:00,3600,1.0607371644011274,0.0,0.0,1.0607371644011274,0.0,0.0,0.0,0.0,0.0
2024-10-15T23:00,3600,1.0535663108808087,0.0,0.0,1.0535663108808087,0.0,0.0,0.0,0.0,0.0
2024-10-16T00:00,3600,0.0,0.0,0.0,0.0,0.0,0.0,0.0,0.0,0.0
2024-10-16T01:00,3600,0.0,0.0,0.0,0.0,0.0,0.0,0.0,0.0,0.0
2024-10-16T02:00,3600,0.0,0.0,0.0,0.0,0.0,0.0,0.0,0.0,0.0
2024-10-16T03:00,3600,0.0,0.0,0.0,0.0,0.0,0.0,0.0,0.0,0.0
2024-10-16T04:00,3600,0.0,0.0,0.0,0.0,0.0,0.0,0.0,0.0,0.0
2024-10-16T05:00,3600,0.0,0.0,0.0,0.0,0.0,0.0,0.0,0.0,0.0
2024-10-16T06:00,3600,0.0,0.0,0.0,0.0,0.0,0.0,0.0,0.0,8.51866162
2024-10-16T07:00,3600,0.0,0.0,0.0,0.0,0.0,0.0,0.0,0.0,146.20951158
2024-10-16T08:00,3600,0.0,0.0,0.0,0.0,0.0,0.0,0.0,0.0,311.58621777
2024-10-16T09:00,3600,0.0,0.0,0.0,0.0,0.0,0.0,0.0,0.0,543.56686691
2024-10-16T10:00,3600,0.0,0.0,0.0,0.0,0.0,0.0,0.0,0.0,601.79371089
2024-10-16T11:00,3600,0.0,0.0,0.0,0.0,0.0,0.0,0.0,0.0,725.41742167
2024-10-16T12:00,3600,0.0,0.0,0.0,0.0,0.0,0.0,0.0,0.0,460.81577021
2024-10-16T13:00,3600,0.0,0.0,0.0,0.0,0.0,0.0,0.0,0.0,426.30084641
2024-10-16T14:00,3600,0.0,0.0,0.0,0.0,0.0,0.0,0.0,0.0,357.12594115
2024-10-16T15:00,3600,0.0,0.0,0.0,0.0,0.0,0.0,0.0,0.0,325.50997719
2024-10-16T16:00,3600,0.0,0.0,0.0,0.0,0.0,0.0,0.0,0.0,178.47059468
2024-10-16T17:00,3600,0.0,0.0,0.0,0.0,0.0,0.0,0.0,0.0,37.45646027
2024-10-16T18:00,3600,1.0870588235294116,0.0,0.0,1.0870588235294116,0.0,0.0,0.0,0.0,0.0
2024-10-16T19:00,3600,1.0870588235294116,0.0,0.0,1.0870588235294116,0.0,0.0,0.0,0.0,0.0
2024-10-16T20:00,3600,1.0870588235294116,0.0,0.0,1.0870588235294116,0.0,0.0,0.0,0.0,0.0
2024-10-16T21:00,3600,1.0861583093624545,0.0,0.0,1.0861583093624545,0.0,0.0,0.0,0.0,0.0
2024-10-16T22:00,3600,1.0870588235294116,0.0,0.0,1.0870588235294116,0.0,0.0,0.0,0.0,0.0
2024-10-16T23:00,3600,0.689592889829728,0.0,0.0,0.689592889829728,0.0,0.0,0.0,0.0,0.0
2024-10-17T00:00,3600,0.0,0.0,0.0,0.0,0.0,0.0,0.0,0.0,0.0
2024-10-17T01:00,3600,0.0,0.0,0.0,0.0,0.0,0.0,0.0,0.0,0.0
2024-10-17T02:00,3600,0.0,0.0,0.0,0.0,0.0,0.0,0.0,0.0,0.0
2024-10-17T03:00,3600,0.0,0.0,0.0,0.0,0.0,0.0,0.0,0.0,0.0
2024-10-17T04:00,3600,0.0,0.0,0.0,0.0,0.0,0.0,0.0,0.0,0.0
2024-10-17T05:00,3600,0.0,0.0,0.0,0.0,0.0,0.0,0.0,0.0,0.0
2024-10-17T06:00,3600,0.0,0.0,0.0,0.0,0.0,0.0,0.0,0.0,8.55212626
2024-10-17T07:00,3600,0.0,0.0,0.0,0.0,0.0,0.0,0.0,0.0,122.07804929
2024-10-17T08:00,3600,0.0,0.0,0.0,0.0,0.0,0.0,0.0,0.0,330.38711261
2024-10-17T09:00,3600,0.0,0.0,0.0,0.0,0.0,0.0,0.0,0.0,555.83947418
2024-10-17T10:00,3600,0.0,0.0,0.0,0.0,0.0,0.0,0.0,0.0,755.43051696
2024-10-17T11:00,3600,0.0,0.0,0.0,0.0,0.0,0.0,0.0,0.0,797.0497471
2024-10-17T12:00,3600,0.0,0.0,0.0,0.0,0.0,0.0,0.0,0.0,797.26416533
2024-10-17T13:00,3600,0.0,0.0,0.0,0.0,0.0,0.0,0.0,0.0,624.59498073
2024-10-17T14:00,3600,0.0,0.0,0.0,0.0,0.0,0.0,0.0,0.0,473.79282122
2024-10-17T15:00,3600,0.0,0.0,0.0,0.0,0.0,0.0,0.0,0.0,391.30866287
2024-10-17T16:00,3600,0.0,0.0,0.0,0.0,0.0,0.0,0.0,0.0,123.5693733
2024-10-17T17:00,3600,0.0,0.0,0.0,0.0,0.0,0.0,0.0,0.0,32.92368155
2024-10-17T18:00,3600,1.0556069737435416,0.0,0.0,1.0556069737435416,0.0,0.0,0.0,0.0,0.0
2024-10-17T19:00,3600,1.0686501380416031,0.0,0.0,1.0686501380416031,0.0,0.0,0.0,0.0,0.0
2024-10-17T20:00,3600,1.084214898411933,0.0,0.0,1.084214898411933,0.0,0.0,0.0,0.0,0.0
2024-10-17T21:00,3600,1.0762711633113817,0.0,0.0,1.0762711633113817,0.0,0.0,0.0,0.0,0.0
2024-10-17T22:00,3600,0.5182349302987224,0.0,0.0,0.5182349302987224,0.0,0.0,0.0,0.0,0.0
2024-10-17T23:00,3600,0.448781035667335,0.0,0.0,0.448781035667335,0.0,0.0,0.0,0.0,0.0
2024-10-18T00:00,3600,0.0,0.0,0.0,0.0,0.0,0.0,0.0,0.0,0.0
2024-10-18T01:00,3600,0.0,0.0,0.0,0.0,0.0,0.0,0.0,0.0,0.0
2024-10-18T02:00,3600,0.0,0.0,0.0,0.0,0.0,0.0,0.0,0.0,0.0
2024-10-18T03:00,3600,0.0,0.0,0.0,0.0,0.0,0.0,0.0,0.0,0.0
2024-10-18T04:00,3600,0.0,0.0,0.0,0.0,0.0,0.0,0.0,0.0,0.0
2024-10-18T05:00,3600,0.0,0.0,0.0,0.0,0.0,0.0,0.0,0.0,0.0
2024-10-18T06:00,3600,0.0,0.0,0.0,0.0,0.0,0.0,0.0,0.0,6.65599102
2024-10-18T07:00,3600,0.0,0.0,0.0,0.0,0.0,0.0,0.0,0.0,60.44101488
2024-10-18T08:00,3600,0.0,0.0,0.0,0.0,0.0,0.0,0.0,0.0,153.28279844
2024-10-18T09:00,3600,0.0,0.0,0.0,0.0,0.0,0.0,0.0,0.0,221.56389141
2024-10-18T10:00,3600,0.0,0.0,0.0,0.0,0.0,0.0,0.0,0.0,332.30246101
2024-10-18T11:00,3600,0.0,0.0,0.0,0.0,0.0,0.0,0.0,0.0,500.01476287
2024-10-18T12:00,3600,0.0,0.0,0.0,0.0,0.0,0.0,0.0,0.0,401.81930874
2024-10-18T13:00,3600,0.0,0.0,0.0,0.0,0.0,0.0,0.0,0.0,403.81118375
2024-10-18T14:00,3600,0.0,0.0,0.0,0.0,0.0,0.0,0.0,0.0,137.48467568
2024-10-18T15:00,3600,0.0,0.0,0.0,0.0,0.0,0.0,0.0,0.0,83.26536696
2024-10-18T16:00,3600,0.0,0.0,0.0,0.0,0.0,0.0,0.0,0.0,56.1557126
2024-10-18T17:00,3600,0.0,0.0,0.0,0.0,0.0,0.0,0.0,0.0,18.39583689
2024-10-18T18:00,3600,1.0870588235294116,0.0,0.0,1.0870588235294116,0.0,0.0,0.0,0.0,0.0
2024-10-18T19:00,3600,1.0870588235294116,0.0,0.0,1.0870588235294116,0.0,0.0,0.0,0.0,0.0
2024-10-18T20:00,3600,0.5059156141243741,0.0,0.0,0.5059156141243741,0.0,0.0,0.0,0.0,0.0
2024-10-18T21:00,3600,0.46119486764705886,0.0,0.0,0.46119486764705886,0.0,0.0,0.0,0.0,0.0
2024-10-18T22:00,3600,0.44564337941176463,0.0,0.0,0.44564337941176463,0.0,0.0,0.0,0.0,0.0
2024-10-18T23:00,3600,0.43729978436789707,0.0,0.0,0.43729978436789707,0.0,0.0,0.0,0.0,0.0
2024-10-19T00:00,3600,0.0,0.0,0.0,0.0,0.0,0.0,0.0,0.0,0.0
2024-10-19T01:00,3600,0.0,0.0,0.0,0.0,0.0,0.0,0.0,0.0,0.0
2024-10-19T02:00,3600,0.0,0.0,0.0,0.0,0.0,0.0,0.0,0.0,0.0
2024-10-19T03:00,3600,0.0,0.0,0.0,0.0,0.0,0.0,0.0,0.0,0.0
2024-10-19T04:00,3600,0.0,0.0,0.0,0.0,0.0,0.0,0.0,0.0,0.0
2024-10-19T05:00,3600,0.0,0.0,0.0,0.0,0.0,0.0,0.0,0.0,0.0
2024-10-19T06:00,3600,0.0,0.0,0.0,0.0,0.0,0.0,0.0,0.0,10.56835919
2024-10-19T07:00,3600,0.0,0.0,0.0,0.0,0.0,0.0,0.0,0.0,149.21224741
2024-10-19T08:00,3600,0.0,0.0,0.0,0.0,0.0,0.0,0.0,0.0,338.98934333
2024-10-19T09:00,3600,0.0,0.0,0.0,0.0,0.0,0.0,0.0,0.0,537.58854086
2024-10-19T10:00,3600,0.0,0.0,0.0,0.0,0.0,0.0,0.0,0.0,756.37775481
2024-10-19T11:00,3600,0.0,0.0,0.0,0.0,0.0,0.0,0.0,0.0,754.60956244
2024-10-19T12:00,3600,0.0,0.0,0.0,0.0,0.0,0.0,0.0,0.0,751.64901675
2024-10-19T13:00,3600,0.0,0.0,0.0,0.0,0.0,0.0,0.0,0.0,722.36008703
2024-10-19T14:00,3600,0.0,0.0,0.0,0.0,0.0,0.0,0.0,0.0,503.06432137
2024-10-19T15:00,3600,0.0,0.0,0.0,0.0,0.0,0.0,0.0,0.0,421.29751413
2024-10-19T16:00,3600,0.0,0.0,0.0,0.0,0.0,0.0,0.0,0.0,196.16077866
2024-10-19T17:00,3600,0.0,0.0,0.0,0.0,0.0,0.0,0.0,0.0,55.69634335
2024-10-19T18:00,3600,0.0,0.0,0.0,0.0,0.0,0.0,0.0,0.0,0.0
2024-10-19T19:00,3600,0.0,0.0,0.0,0.0,0.0,0.0,0.0,0.0,0.0
2024-10-19T20:00,3600,0.0,0.0,0.0,0.0,0.0,0.0,0.0,0.0,0.0
2024-10-19T21:00,3600,0.0,0.0,0.0,0.0,0.0,0.0,0.0,0.0,0.0
2024-10-19T22:00,3600,0.0,0.0,0.0,0.0,0.0,0.0,0.0,0.0,0.0
2024-10-19T23:00,3600,0.0,0.0,0.0,0.0,0.0,0.0,0.0,0.0,0.0
2024-10-20T00:00,3600,0.0,0.0,0.0,0.0,0.0,0.0,0.0,0.0,0.0
2024-10-20T01:00,3600,0.0,0.0,0.0,0.0,0.0,0.0,0.0,0.0,0.0
2024-10-20T02:00,3600,0.0,0.0,0.0,0.0,0.0,0.0,0.0,0.0,0.0
2024-10-20T03:00,3600,0.0,0.0,0.0,0.0,0.0,0.0,0.0,0.0,0.0
2024-10-20T04:00,3600,0.0,0.0,0.0,0.0,0.0,0.0,0.0,0.0,0.0
2024-10-20T05:00,3600,0.0,0.0,0.0,0.0,0.0,0.0,0.0,0.0,0.0
2024-10-20T06:00,3600,0.0,0.0,0.0,0.0,0.0,0.0,0.0,0.0,7.70253008
2024-10-20T07:00,3600,0.0,0.0,0.0,0.0,0.0,0.0,0.0,0.0,117.25666548
2024-10-20T08:00,3600,0.0,0.0,0.0,0.0,0.0,0.0,0.0,0.0,242.86257226
2024-10-20T09:00,3600,0.0,0.0,0.0,0.0,0.0,0.0,0.0,0.0,291.24983841
2024-10-20T10:00,3600,0.0,0.0,0.0,0.0,0.0,0.0,0.0,0.0,425.34664838
2024-10-20T11:00,3600,0.0,0.0,0.0,0.0,0.0,0.0,0.0,0.0,580.96885023
2024-10-20T12:00,3600,0.0,0.0,0.0,0.0,0.0,0.0,0.0,0.0,656.233136
2024-10-20T13:00,3600,0.0,0.0,0.0,0.0,0.0,0.0,0.0,0.0,466.81726114
2024-10-20T14:00,3600,0.0,0.0,0.0,0.0,0.0,0.0,0.0,0.0,499.26331777
2024-10-20T15:00,3600,0.0,0.0,0.0,0.0,0.0,0.0,0.0,0.0,471.13794184
2024-10-20T16:00,3600,0.0,0.0,0.0,0.0,0.0,0.0,0.0,0.0,239.55396732
2024-10-20T17:00,3600,0.0,0.0,0.0,0.0,0.0,0.0,0.0,0.0,54.11369243
2024-10-20T18:00,3600,0.0,0.0,0.0,0.0,0.0,0.0,0.0,0.0,0.0
2024-10-20T19:00,3600,0.0,0.0,0.0,0.0,0.0,0.0,0.0,0.0,0.0
2024-10-20T20:00,3600,0.0,0.0,0.0,0.0,0.0,0.0,0.0,0.0,0.0
2024-10-20T21:00,3600,0.0,0.0,0.0,0.0,0.0,0.0,0.0,0.0,0.0
2024-10-20T22:00,3600,0.0,0.0,0.0,0.0,0.0,0.0,0.0,0.0,0.0
2024-10-20T23:00,3600,0.0,0.0,0.0,0.0,0.0,0.0,0.0,0.0,0.0
2024-10-21T00:00,3600,0.0,0.0,0.0,0.0,0.0,0.0,0.0,0.0,0.0
2024-10-21T01:00,3600,0.0,0.0,0.0,0.0,0.0,0.0,0.0,0.0,0.0
2024-10-21T02:00,3600,0.0,0.0,0.0,0.0,0.0,0.0,0.0,0.0,0.0
2024-10-21T03:00,3600,0.0,0.0,0.0,0.0,0.0,0.0,0.0,0.0,0.0
2024-10-21T04:00,3600,0.0,0.0,0.0,0.0,0.0,0.0,0.0,0.0,0.0
2024-10-21T05:00,3600,0.0,0.0,0.0,0.0,0.0,0.0,0.0,0.0,0.0
2024-10-21T06:00,3600,0.0,0.0,0.0,0.0,0.0,0.0,0.0,0.0,10.64247044
2024-10-21T07:00,3600,0.0,0.0,0.0,0.0,0.0,0.0,0.0,0.0,136.88279656
2024-10-21T08:00,3600,0.0,0.0,0.0,0.0,0.0,0.0,0.0,0.0,398.59654676
2024-10-21T09:00,3600,0.0,0.0,0.0,0.0,0.0,0.0,0.0,0.0,638.79269348
2024-10-21T10:00,3600,0.0,0.0,0.0,0.0,0.0,0.0,0.0,0.0,803.33200089
2024-10-21T11:00,3600,0.0,0.0,0.0,0.0,0.0,0.0,0.0,0.0,903.99714575
2024-10-21T12:00,3600,0.0,0.0,0.0,0.0,0.0,0.0,0.0,0.0,901.91553056
2024-10-21T13:00,3600,0.0,0.0,0.0,0.0,0.0,0.0,0.0,0.0,841.2874941
2024-10-21T14:00,3600,0.0,0.0,0.0,0.0,0.0,0.0,0.0,0.0,457.87854801
2024-10-21T15:00,3600,0.0,0.0,0.0,0.0,0.0,0.0,0.0,0.0,401.64703265
2024-10-21T16:00,3600,0.0,0.0,0.0,0.0,0.0,0.0,0.0,0.0,224.35213871
2024-10-21T17:00,3600,0.0,0.0,0.0,0.0,0.0,0.0,0.0,0.0,54.37665744
2024-10-21T18:00,3600,1.0006813833900141,0.0,0.0,1.0006813833900141,0.0,0.0,0.0,0.0,0.0
2024-10-21T19:00,3600,1.0055347749105612,0.0,0.0,1.0055347749105612,0.0,0.0,0.0,0.0,0.0
2024-10-21T20:00,3600,0.9892131435337567,0.0,0.0,0.9892131435337567,0.0,0.0,0.0,0.0,0.0
2024-10-21T21:00,3600,0.9782568170586586,0.0,0.0,0.9782568170586586,0.0,0.0,0.0,0.0,0.0
2024-10-21T22:00,3600,0.9609730194197434,0.0,0.0,0.9609730194197434,0.0,0.0,0.0,0.0,0.0
2024-10-21T23:00,3600,0.9449192734676007,0.0,0.0,0.9449192734676007,0.0,0.0,0.0,0.0,0.0
2024-10-22T00:00,3600,0.0,0.0,0.0,0.0,0.0,0.0,0.0,0.0,0.0
2024-10-22T01:00,3600,0.0,0.0,0.0,0.0,0.0,0.0,0.0,0.0,0.0
2024-10-22T02:00,3600,0.0,0.0,0.0,0.0,0.0,0.0,0.0,0.0,0.0
2024-10-22T03:00,3600,0.0,0.0,0.0,0.0,0.0,0.0,0.0,0.0,0.0
2024-10-22T04:00,3600,0.0,0.0,0.0,0.0,0.0,0.0,0.0,0.0,0.0
2024-10-22T05:00,3600,0.0,0.0,0.0,0.0,0.0,0.0,0.0,0.0,0.0
2024-10-22T06:00,3600,0.0,0.0,0.0,0.0,0.0,0.0,0.0,0.0,11.68990099
2024-10-22T07:00,3600,0.0,0.0,0.0,0.0,0.0,0.0,0.0,0.0,190.88393671
2024-10-22T08:00,3600,0.0,0.0,0.0,0.0,0.0,0.0,0.0,0.0,429.80571431
2024-10-22T09:00,3600,0.0,0.0,0.0,0.0,0.0,0.0,0.0,0.0,638.59796261
2024-10-22T10:00,3600,0.0,0.0,0.0,0.0,0.0,0.0,0.0,0.0,814.47566412
2024-10-22T11:00,3600,0.0,0.0,0.0,0.0,0.0,0.0,0.0,0.0,882.74793082
2024-10-22T12:00,3600,0.0,0.0,0.0,0.0,0.0,0.0,0.0,0.0,846.60952751
2024-10-22T13:00,3600,0.0,0.0,0.0,0.0,0.0,0.0,0.0,0.0,688.67156619
2024-10-22T14:00,3600,0.0,0.0,0.0,0.0,0.0,0.0,0.0,0.0,619.07688161
2024-10-22T15:00,3600,0.0,0.0,0.0,0.0,0.0,0.0,0.0,0.0,502.50472786
2024-10-22T16:00,3600,0.0,0.0,0.0,0.0,0.0,0.0,0.0,0.0,276.03834718
2024-10-22T17:00,3600,0.0,0.0,0.0,0.0,0.0,0.0,0.0,0.0,55.08497504
2024-10-22T18:00,3600,0.9064337230478332,0.0,0.0,0.9064337230478332,0.0,0.0,0.0,0.0,0.0
2024-10-22T19:00,3600,0.908605123227649,0.0,0.0,0.908605123227649,0.0,0.0,0.0,0.0,0.0
2024-10-22T20:00,3600,0.9105582343431287,0.0,0.0,0.9105582343431287,0.0,0.0,0.0,0.0,0.0
2024-10-22T21:00,3600,0.9074414851993314,0.0,0.0,0.9074414851993314,0.0,0.0,0.0,0.0,0.0
2024-10-22T22:00,3600,0.8896178592894717,0.0,0.0,0.8896178592894717,0.0,0.0,0.0,0.0,0.0
2024-10-22T23:00,3600,0.8785039486033328,0.0,0.0,0.8785039486033328,0.0,0.0,0.0,0.0,0.0
2024-10-23T00:00,3600,0.0,0.0,0.0,0.0,0.0,0.0,0.0,0.0,0.0
2024-10-23T01:00,3600,0.0,0.0,0.0,0.0,0.0,0.0,0.0,0.0,0.0
2024-10-23T02:00,3600,0.0,0.0,0.0,0.0,0.0,0.0,0.0,0.0,0.0
2024-10-23T03:00,3600,0.0,0.0,0.0,0.0,0.0,0.0,0.0,0.0,0.0
2024-10-23T04:00,3600,0.0,0.0,0.0,0.0,0.0,0.0,0.0,0.0,0.0
2024-10-23T05:00,3600,0.0,0.0,0.0,0.0,0.0,0.0,0.0,0.0,0.0
2024-10-23T06:00,3600,0.0,0.0,0.0,0.0,0.0,0.0,0.0,0.0,10.75981081
2024-10-23T07:00,3600,0.0,0.0,0.0,0.0,0.0,0.0,0.0,0.0,185.81931073
2024-10-23T08:00,3600,0.0,0.0,0.0,0.0,0.0,0.0,0.0,0.0,428.41624702
2024-10-23T09:00,3600,0.0,0.0,0.0,0.0,0.0,0.0,0.0,0.0,649.86140164
2024-10-23T10:00,3600,0.0,0.0,0.0,0.0,0.0,0.0,0.0,0.0,822.51697155
2024-10-23T11:00,3600,0.0,0.0,0.0,0.0,0.0,0.0,0.0,0.0,917.4686001
2024-10-23T12:00,3600,0.0,0.0,0.0,0.0,0.0,0.0,0.0,0.0,917.808902
2024-10-23T13:00,3600,0.0,0.0,0.0,0.0,0.0,0.0,0.0,0.0,871.6383443
2024-10-23T14:00,3600,0.0,0.0,0.0,0.0,0.0,0.0,0.0,0.0,714.15699264
2024-10-23T15:00,3600,0.0,0.0,0.0,0.0,0.0,0.0,0.0,0.0,492.62432254
2024-10-23T16:00,3600,0.0,0.0,0.0,0.0,0.0,0.0,0.0,0.0,276.68960725
2024-10-23T17:00,3600,0.0,0.0,0.0,0.0,0.0,0.0,0.0,0.0,54.91371293
2024-10-23T18:00,3600,0.815294117647059,0.0,0.0,0.815294117647059,0.0,0.0,0.0,0.0,0.0
2024-10-23T19:00,3600,0.815294117647059,0.0,0.0,0.815294117647059,0.0,0.0,0.0,0.0,0.0
2024-10-23T20:00,3600,0.815294117647059,0.0,0.0,0.815294117647059,0.0,0.0,0.0,0.0,0.0
2024-10-23T21:00,3600,0.815294117647059,0.0,0.0,0.815294117647059,0.0,0.0,0.0,0.0,0.0
2024-10-23T22:00,3600,0.2937890549601643,0.0,0.0,0.2937890549601643,0.0,0.0,0.0,0.0,0.0
2024-10-23T23:00,3600,0.059834426470588245,0.0,0.0,0.059834426470588245,0.0,0.0,0.0,0.0,0.0
2024-10-24T00:00,3600,0.0,0.0,0.0,0.0,0.0,0.0,0.0,0.0,0.0
2024-10-24T01:00,3600,0.0,0.0,0.0,0.0,0.0,0.0,0.0,0.0,0.0
2024-10-24T02:00,3600,0.0,0.0,0.0,0.0,0.0,0.0,0.0,0.0,0.0
2024-10-24T03:00,3600,0.0,0.0,0.0,0.0,0.0,0.0,0.0,0.0,0.0
2024-10-24T04:00,3600,0.0,0.0,0.0,0.0,0.0,0.0,0.0,0.0,0.0
2024-10-24T05:00,3600,0.0,0.0,0.0,0.0,0.0,0.0,0.0,0.0,0.0
2024-10-24T06:00,3600,0.0,0.0,0.0,0.0,0.0,0.0,0.0,0.0,11.79231661
2024-10-24T07:00,3600,0.0,0.0,0.0,0.0,0.0,0.0,0.0,0.0,198.48815067
2024-10-24T08:00,3600,0.0,0.0,0.0,0.0,0.0,0.0,0.0,0.0,450.40255853
2024-10-24T09:00,3600,0.0,0.0,0.0,0.0,0.0,0.0,0.0,0.0,688.49067865
2024-10-24T10:00,3600,0.0,0.0,0.0,0.0,0.0,0.0,0.0,0.0,866.78327145
2024-10-24T11:00,3600,0.0,0.0,0.0,0.0,0.0,0.0,0.0,0.0,961.93983633
2024-10-24T12:00,3600,0.0,0.0,0.0,0.0,0.0,0.0,0.0,0.0,970.89568863
2024-10-24T13:00,3600,0.0,0.0,0.0,0.0,0.0,0.0,0.0,0.0,902.56279911
2024-10-24T14:00,3600,0.0,0.0,0.0,0.0,0.0,0.0,0.0,0.0,760.29580284
2024-10-24T15:00,3600,0.0,0.0,0.0,0.0,0.0,0.0,0.0,0.0,552.52479872
2024-10-24T16:00,3600,0.0,0.0,0.0,0.0,0.0,0.0,0.0,0.0,301.49188443
2024-10-24T17:00,3600,0.0,0.0,0.0,0.0,0.0,0.0,0.0,0.0,58.58570995
2024-10-24T18:00,3600,0.815294117647059,0.0,0.0,0.815294117647059,0.0,0.0,0.0,0.0,0.0
2024-10-24T19:00,3600,0.815294117647059,0.0,0.0,0.815294117647059,0.0,0.0,0.0,0.0,0.0
2024-10-24T20:00,3600,0.2998006422142806,0.0,0.0,0.2998006422142806,0.0,0.0,0.0,0.0,0.0
2024-10-24T21:00,3600,0.10389697647058822,0.0,0.0,0.10389697647058822,0.0,0.0,0.0,0.0,0.0
2024-10-24T22:00,3600,0.09352931764705884,0.0,0.0,0.09352931764705884,0.0,0.0,0.0,0.0,0.0
2024-10-24T23:00,3600,0.09093740294117644,0.0,0.0,0.09093740294117644,0.0,0.0,0.0,0.0,0.0
2024-10-25T00:00,3600,0.0,0.0,0.0,0.0,0.0,0.0,0.0,0.0,0.0
2024-10-25T01:00,3600,0.0,0.0,0.0,0.0,0.0,0.0,0.0,0.0,0.0
2024-10-25T02:00,3600,0.0,0.0,0.0,0.0,0.0,0.0,0.0,0.0,0.0
2024-10-25T03:00,3600,0.0,0.0,0.0,0.0,0.0,0.0,0.0,0.0,0.0
2024-10-25T04:00,3600,0.0,0.0,0.0,0.0,0.0,0.0,0.0,0.0,0.0
2024-10-25T05:00,3600,0.0,0.0,0.0,0.0,0.0,0.0,0.0,0.0,0.0
2024-10-25T06:00,3600,0.0,0.0,0.0,0.0,0.0,0.0,0.0,0.0,9.83443191
2024-10-25T07:00,3600,0.0,0.0,0.0,0.0,0.0,0.0,0.0,0.0,148.94971768
2024-10-25T08:00,3600,0.0,0.0,0.0,0.0,0.0,0.0,0.0,0.0,346.00458338
2024-10-25T09:00,3600,0.0,0.0,0.0,0.0,0.0,0.0,0.0,0.0,518.98792357
2024-10-25T10:00,3600,0.0,0.0,0.0,0.0,0.0,0.0,0.0,0.0,540.74987134
2024-10-25T11:00,3600,0.0,0.0,0.0,0.0,0.0,0.0,0.0,0.0,784.84471912
2024-10-25T12:00,3600,0.0,0.0,0.0,0.0,0.0,0.0,0.0,0.0,897.48574618
2024-10-25T13:00,3600,0.0,0.0,0.0,0.0,0.0,0.0,0.0,0.0,817.46661674
2024-10-25T14:00,3600,0.0,0.0,0.0,0.0,0.0,0.0,0.0,0.0,640.7240794
2024-10-25T15:00,3600,0.0,0.0,0.0,0.0,0.0,0.0,0.0,0.0,462.46125842
2024-10-25T16:00,3600,0.0,0.0,0.0,0.0,0.0,0.0,0.0,0.0,212.30696582
2024-10-25T17:00,3600,0.0,0.0,0.0,0.0,0.0,0.0,0.0,0.0,44.27722726
2024-10-25T18:00,3600,0.815294117647059,0.0,0.0,0.815294117647059,0.0,0.0,0.0,0.0,0.0
2024-10-25T19:00,3600,0.815294117647059,0.0,0.0,0.815294117647059,0.0,0.0,0.0,0.0,0.0
2024-10-25T20:00,3600,0.5424962184638332,0.0,0.0,0.5424962184638332,0.0,0.0,0.0,0.0,0.0
2024-10-25T21:00,3600,0.1842463323529412,0.0,0.0,0.1842463323529412,0.0,0.0,0.0,0.0,0.0
2024-10-25T22:00,3600,0.16610292941176474,0.0,0.0,0.16610292941176474,0.0,0.0,0.0,0.0,0.0
2024-10-25T23:00,3600,0.1505514411764706,0.0,0.0,0.1505514411764706,0.0,0.0,0.0,0.0,0.0
2024-10-26T00:00,3600,0.0,0.0,0.0,0.0,0.0,0.0,0.0,0.0,0.0
2024-10-26T01:00,3600,0.0,0.0,0.0,0.0,0.0,0.0,0.0,0.0,0.0
2024-10-26T02:00,3600,0.0,0.0,0.0,0.0,0.0,0.0,0.0,0.0,0.0
2024-10-26T03:00,3600,0.0,0.0,0.0,0.0,0.0,0.0,0.0,0.0,0.0
2024-10-26T04:00,3600,0.0,0.0,0.0,0.0,0.0,0.0,0.0,0.0,0.0
2024-10-26T05:00,3600,0.0,0.0,0.0,0.0,0.0,0.0,0.0,0.0,0.0
2024-10-26T06:00,3600,0.0,0.0,0.0,0.0,0.0,0.0,0.0,0.0,5.9057294
2024-10-26T07:00,3600,0.0,0.0,0.0,0.0,0.0,0.0,0.0,0.0,63.17547218
2024-10-26T08:00,3600,0.0,0.0,0.0,0.0,0.0,0.0,0.0,0.0,204.41835335
2024-10-26T09:00,3600,0.0,0.0,0.0,0.0,0.0,0.0,0.0,0.0,280.60773588
2024-10-26T10:00,3600,0.0,0.0,0.0,0.0,0.0,0.0,0.0,0.0,509.21488437
2024-10-26T11:00,3600,0.0,0.0,0.0,0.0,0.0,0.0,0.0,0.0,358.12629957
2024-10-26T12:00,3600,0.0,0.0,0.0,0.0,0.0,0.0,0.0,0.0,377.88275397
2024-10-26T13:00,3600,0.0,0.0,0.0,0.0,0.0,0.0,0.0,0.0,339.18747003
2024-10-26T14:00,3600,0.0,0.0,0.0,0.0,0.0,0.0,0.0,0.0,206.80473127
2024-10-26T15:00,3600,0.0,0.0,0.0,0.0,0.0,0.0,0.0,0.0,149.38844049
2024-10-26T16:00,3600,0.0,0.0,0.0,0.0,0.0,0.0,0.0,0.0,44.98759957
2024-10-26T17:00,3600,0.0,0.0,0.0,0.0,0.0,0.0,0.0,0.0,8.71381747
2024-10-26T18:00,3600,0.0,0.0,0.0,0.0,0.0,0.0,0.0,0.0,0.0
2024-10-26T19:00,3600,0.0,0.0,0.0,0.0,0.0,0.0,0.0,0.0,0.0
2024-10-26T20:00,3600,0.0,0.0,0.0,0.0,0.0,0.0,0.0,0.0,0.0
2024-10-26T21:00,3600,0.0,0.0,0.0,0.0,0.0,0.0,0.0,0.0,0.0
2024-10-26T22:00,3600,0.0,0.0,0.0,0.0,0.0,0.0,0.0,0.0,0.0
2024-10-26T23:00,3600,0.0,0.0,0.0,0.0,0.0,0.0,0.0,0.0,0.0
2024-10-27T00:00,3600,0.0,0.0,0.0,0.0,0.0,0.0,0.0,0.0,0.0
2024-10-27T01:00,3600,0.0,0.0,0.0,0.0,0.0,0.0,0.0,0.0,0.0
2024-10-27T02:00,3600,0.0,0.0,0.0,0.0,0.0,0.0,0.0,0.0,0.0
2024-10-27T03:00,3600,0.0,0.0,0.0,0.0,0.0,0.0,0.0,0.0,0.0
2024-10-27T04:00,3600,0.0,0.0,0.0,0.0,0.0,0.0,0.0,0.0,0.0
2024-10-27T05:00,3600,0.0,0.0,0.0,0.0,0.0,0.0,0.0,0.0,0.0
2024-10-27T06:00,3600,0.0,0.0,0.0,0.0,0.0,0.0,0.0,0.0,7.97804253
2024-10-27T07:00,3600,0.0,0.0,0.0,0.0,0.0,0.0,0.0,0.0,141.43300369
2024-10-27T08:00,3600,0.0,0.0,0.0,0.0,0.0,0.0,0.0,0.0,353.63303317
2024-10-27T09:00,3600,0.0,0.0,0.0,0.0,0.0,0.0,0.0,0.0,567.32841459
2024-10-27T10:00,3600,0.0,0.0,0.0,0.0,0.0,0.0,0.0,0.0,730.62473032
2024-10-27T11:00,3600,0.0,0.0,0.0,0.0,0.0,0.0,0.0,0.0,716.12780295
2024-10-27T12:00,3600,0.0,0.0,0.0,0.0,0.0,0.0,0.0,0.0,770.99668425
2024-10-27T13:00,3600,0.0,0.0,0.0,0.0,0.0,0.0,0.0,0.0,474.84745276
2024-10-27T14:00,3600,0.0,0.0,0.0,0.0,0.0,0.0,0.0,0.0,216.40431792
2024-10-27T15:00,3600,0.0,0.0,0.0,0.0,0.0,0.0,0.0,0.0,172.86914568
2024-10-27T16:00,3600,0.0,0.0,0.0,0.0,0.0,0.0,0.0,0.0,99.02100645
2024-10-27T17:00,3600,0.0,0.0,0.0,0.0,0.0,0.0,0.0,0.0,22.52510168
2024-10-27T18:00,3600,0.0,0.0,0.0,0.0,0.0,0.0,0.0,0.0,0.0
2024-10-27T19:00,3600,0.0,0.0,0.0,0.0,0.0,0.0,0.0,0.0,0.0
2024-10-27T20:00,3600,0.0,0.0,0.0,0.0,0.0,0.0,0.0,0.0,0.0
2024-10-27T21:00,3600,0.0,0.0,0.0,0.0,0.0,0.0,0.0,0.0,0.0
2024-10-27T22:00,3600,0.0,0.0,0.0,0.0,0.0,0.0,0.0,0.0,0.0
2024-10-27T23:00,3600,0.0,0.0,0.0,0.0,0.0,0.0,0.0,0.0,0.0
2024-10-28T00:00,3600,0.0,0.0,0.0,0.0,0.0,0.0,0.0,0.0,0.0
2024-10-28T01:00,3600,0.0,0.0,0.0,0.0,0.0,0.0,0.0,0.0,0.0
2024-10-28T02:00,3600,0.0,0.0,0.0,0.0,0.0,0.0,0.0,0.0,0.0
2024-10-28T03:00,3600,0.0,0.0,0.0,0.0,0.0,0.0,0.0,0.0,0.0
2024-10-28T04:00,3600,0.0,0.0,0.0,0.0,0.0,0.0,0.0,0.0,0.0
2024-10-28T05:00,3600,0.0,0.0,0.0,0.0,0.0,0.0,0.0,0.0,0.0
2024-10-28T06:00,3600,0.0,0.0,0.0,0.0,0.0,0.0,0.0,0.0,2.90460582
2024-10-28T07:00,3600,0.0,0.0,0.0,0.0,0.0,0.0,0.0,0.0,93.71903112
2024-10-28T08:00,3600,0.0,0.0,0.0,0.0,0.0,0.0,0.0,0.0,247.05772847
2024-10-28T09:00,3600,0.0,0.0,0.0,0.0,0.0,0.0,0.0,0.0,371.0581726
2024-10-28T10:00,3600,0.0,0.0,0.0,0.0,0.0,0.0,0.0,0.0,501.79267949
2024-10-28T11:00,3600,0.0,0.0,0.0,0.0,0.0,0.0,0.0,0.0,410.08021908
2024-10-28T12:00,3600,0.0,0.0,0.0,0.0,0.0,0.0,0.0,0.0,537.8080374
2024-10-28T13:00,3600,0.0,0.0,0.0,0.0,0.0,0.0,0.0,0.0,516.3499885
2024-10-28T14:00,3600,0.0,0.0,0.0,0.0,0.0,0.0,0.0,0.0,229.78426565
2024-10-28T15:00,3600,0.0,0.0,0.0,0.0,0.0,0.0,0.0,0.0,159.53242581
2024-10-28T16:00,3600,0.0,0.0,0.0,0.0,0.0,0.0,0.0,0.0,107.50477992
2024-10-28T17:00,3600,0.0,0.0,0.0,0.0,0.0,0.0,0.0,0.0,16.68422558
2024-10-28T18:00,3600,0.8773737845169076,0.0,0.0,0.8773737845169076,0.0,0.0,0.0,0.0,0.0
2024-10-28T19:00,3600,0.8706015934893135,0.0,0.0,0.8706015934893135,0.0,0.0,0.0,0.0,0.0
2024-10-28T20:00,3600,0.8637220727851351,0.0,0.0,0.8637220727851351,0.0,0.0,0.0,0.0,0.0
2024-10-28T21:00,3600,0.4880987605087159,0.0,0.0,0.4880987605087159,0.0,0.0,0.0,0.0,0.0
2024-10-28T22:00,3600,0.14663587230455838,0.0,0.0,0.14663587230455838,0.0,0.0,0.0,0.0,0.0
2024-10-28T23:00,3600,0.13791158825941324,0.0,0.0,0.13791158825941324,0.0,0.0,0.0,0.0,0.0
2024-10-29T00:00,3600,0.0,0.0,0.0,0.0,0.0,0.0,0.0,0.0,0.0
2024-10-29T01:00,3600,0.0,0.0,0.0,0.0,0.0,0.0,0.0,0.0,0.0
2024-10-29T02:00,3600,0.0,0.0,0.0,0.0,0.0,0.0,0.0,0.0,0.0
2024-10-29T03:00,3600,0.0,0.0,0.0,0.0,0.0,0.0,0.0,0.0,0.0
2024-10-29T04:00,3600,0.0,0.0,0.0,0.0,0.0,0.0,0.0,0.0,0.0
2024-10-29T05:00,3600,0.0,0.0,0.0,0.0,0.0,0.0,0.0,0.0,0.0
2024-10-29T06:00,3600,0.0,0.0,0.0,0.0,0.0,0.0,0.0,0.0,2.90460582
2024-10-29T07:00,3600,0.0,0.0,0.0,0.0,0.0,0.0,0.0,0.0,45.50549124
2024-10-29T08:00,3600,0.0,0.0,0.0,0.0,0.0,0.0,0.0,0.0,117.08472892
2024-10-29T09:00,3600,0.0,0.0,0.0,0.0,0.0,0.0,0.0,0.0,146.8363652
2024-10-29T10:00,3600,0.0,0.0,0.0,0.0,0.0,0.0,0.0,0.0,172.33994557
2024-10-29T11:00,3600,0.0,0.0,0.0,0.0,0.0,0.0,0.0,0.0,249.28158928
2024-10-29T12:00,3600,0.0,0.0,0.0,0.0,0.0,0.0,0.0,0.0,237.8690614
2024-10-29T13:00,3600,0.0,0.0,0.0,0.0,0.0,0.0,0.0,0.0,177.84837918
2024-10-29T14:00,3600,0.0,0.0,0.0,0.0,0.0,0.0,0.0,0.0,119.63806108
2024-10-29T15:00,3600,0.0,0.0,0.0,0.0,0.0,0.0,0.0,0.0,104.33637779
2024-10-29T16:00,3600,0.0,0.0,0.0,0.0,0.0,0.0,0.0,0.0,51.79714559
2024-10-29T17:00,3600,0.0,0.0,0.0,0.0,0.0,0.0,0.0,0.0,12.58662524
2024-10-29T18:00,3600,0.0,0.0,0.0,0.0,0.0,0.0,0.0,0.0,0.0
2024-10-29T19:00,3600,0.0,0.0,0.0,0.0,0.0,0.0,0.0,0.0,0.0
2024-10-29T20:00,3600,0.0,0.0,0.0,0.0,0.0,0.0,0.0,0.0,0.0
2024-10-29T21:00,3600,0.23340285764977106,0.0,0.0,0.23340285764977106,0.0,0.0,0.0,0.0,0.0
2024-10-29T22:00,3600,0.12474052327623217,0.0,0.0,0.12474052327623217,0.0,0.0,0.0,0.0,0.0
2024-10-29T23:00,3600,0.1187444088629383,0.0,0.0,0.1187444088629383,0.0,0.0,0.0,0.0,0.0
2024-10-30T00:00,3600,0.0,0.0,0.0,0.0,0.0,0.0,0.0,0.0,0.0
2024-10-30T01:00,3600,0.0,0.0,0.0,0.0,0.0,0.0,0.0,0.0,0.0
2024-10-30T02:00,3600,0.0,0.0,0.0,0.0,0.0,0.0,0.0,0.0,0.0
2024-10-30T03:00,3600,0.0,0.0,0.0,0.0,0.0,0.0,0.0,0.0,0.0
2024-10-30T04:00,3600,0.0,0.0,0.0,0.0,0.0,0.0,0.0,0.0,0.0
2024-10-30T05:00,3600,0.0,0.0,0.0,0.0,0.0,0.0,0.0,0.0,0.0
2024-10-30T06:00,3600,0.0,0.0,0.0,0.0,0.0,0.0,0.0,0.0,3.87280777
2024-10-30T07:00,3600,0.0,0.0,0.0,0.0,0.0,0.0,0.0,0.0,110.35214447
2024-10-30T08:00,3600,0.0,0.0,0.0,0.0,0.0,0.0,0.0,0.0,352.03769535
2024-10-30T09:00,3600,0.0,0.0,0.0,0.0,0.0,0.0,0.0,0.0,368.65200616
2024-10-30T10:00,3600,0.0,0.0,0.0,0.0,0.0,0.0,0.0,0.0,563.10931586
2024-10-30T11:00,3600,0.0,0.0,0.0,0.0,0.0,0.0,0.0,0.0,894.47923589
2024-10-30T12:00,3600,0.0,0.0,0.0,0.0,0.0,0.0,0.0,0.0,838.65208913
2024-10-30T13:00,3600,0.0,0.0,0.0,0.0,0.0,0.0,0.0,0.0,551.9244572
2024-10-30T14:00,3600,0.0,0.0,0.0,0.0,0.0,0.0,0.0,0.0,375.1420878
2024-10-30T15:00,3600,0.0,0.0,0.0,0.0,0.0,0.0,0.0,0.0,296.47095261
2024-10-30T16:00,3600,0.0,0.0,0.0,0.0,0.0,0.0,0.0,0.0,71.79893437
2024-10-30T17:00,3600,0.0,0.0,0.0,0.0,0.0,0.0,0.0,0.0,16.80162922
2024-10-30T18:00,3600,0.8438199766519557,0.0,0.0,0.8438199766519557,0.0,0.0,0.0,0.0,0.0
2024-10-30T19:00,3600,0.6635210197660361,0.0,0.0,0.6635210197660361,0.0,0.0,0.0,0.0,0.0
2024-10-30T20:00,3600,0.15162507346024387,0.0,0.0,0.15162507346024387,0.0,0.0,0.0,0.0,0.0
2024-10-30T21:00,3600,0.14664935430312712,0.0,0.0,0.14664935430312712,0.0,0.0,0.0,0.0,0.0
2024-10-30T22:00,3600,0.11451723566319763,0.0,0.0,0.11451723566319763,0.0,0.0,0.0,0.0,0.0
2024-10-30T23:00,3600,0.08733239542071952,0.0,0.0,0.08733239542071952,0.0,0.0,0.0,0.0,0.0
2024-10-31T00:00,3600,0.0,0.0,0.0,0.0,0.0,0.0,0.0,0.0,0.0
2024-10-31T01:00,3600,0.0,0.0,0.0,0.0,0.0,0.0,0.0,0.0,0.0
2024-10-31T02:00,3600,0.0,0.0,0.0,0.0,0.0,0.0,0.0,0.0,0.0
2024-10-31T03:00,3600,0.0,0.0,0.0,0.0,0.0,0.0,0.0,0.0,0.0
2024-10-31T04:00,3600,0.0,0.0,0.0,0.0,0.0,0.0,0.0,0.0,0.0
2024-10-31T05:00,3600,0.0,0.0,0.0,0.0,0.0,0.0,0.0,0.0,0.0
2024-10-31T06:00,3600,0.0,0.0,0.0,0.0,0.0,0.0,0.0,0.0,8.13789394
2024-10-31T07:00,3600,0.0,0.0,0.0,0.0,0.0,0.0,0.0,0.0,179.26431058
2024-10-31T08:00,3600,0.0,0.0,0.0,0.0,0.0,0.0,0.0,0.0,419.8790083
2024-10-31T09:00,3600,0.0,0.0,0.0,0.0,0.0,0.0,0.0,0.0,639.64115798
2024-10-31T10:00,3600,0.0,0.0,0.0,0.0,0.0,0.0,0.0,0.0,803.12040773
2024-10-31T11:00,3600,0.0,0.0,0.0,0.0,0.0,0.0,0.0,0.0,898.30870976
2024-10-31T12:00,3600,0.0,0.0,0.0,0.0,0.0,0.0,0.0,0.0,912.07940457
2024-10-31T13:00,3600,0.0,0.0,0.0,0.0,0.0,0.0,0.0,0.0,844.89371584
2024-10-31T14:00,3600,0.0,0.0,0.0,0.0,0.0,0.0,0.0,0.0,704.08688243
2024-10-31T15:00,3600,0.0,0.0,0.0,0.0,0.0,0.0,0.0,0.0,502.73568034
2024-10-31T16:00,3600,0.0,0.0,0.0,0.0,0.0,0.0,0.0,0.0,264.57888474
2024-10-31T17:00,3600,0.0,0.0,0.0,0.0,0.0,0.0,0.0,0.0,41.72806781
2024-10-31T18:00,3600,0.8398051967762633,0.0,0.0,0.8398051967762633,0.0,0.0,0.0,0.0,0.0
2024-10-31T19:00,3600,0.8366293161469963,0.0,0.0,0.8366293161469963,0.0,0.0,0.0,0.0,0.0
2024-10-31T20:00,3600,0.8257413254292685,0.0,0.0,0.8257413254292685,0.0,0.0,0.0,0.0,0.0
2024-10-31T21:00,3600,0.31604029370871134,0.0,0.0,0.31604029370871134,0.0,0.0,0.0,0.0,0.0
2024-10-31T22:00,3600,0.1764705882352941,0.0,0.0,0.1764705882352941,0.0,0.0,0.0,0.0,0.0
2024-10-31T23:00,3600,0.16351101470588236,0.0,0.0,0.16351101470588236,0.0,0.0,0.0,0.0,0.0
2024-11-01T00:00,3600,0.0,0.0,0.0,0.0,0.0,0.0,0.0,0.0,0.0
2024-11-01T01:00,3600,0.0,0.0,0.0,0.0,0.0,0.0,0.0,0.0,0.0
2024-11-01T02:00,3600,0.0,0.0,0.0,0.0,0.0,0.0,0.0,0.0,0.0
2024-11-01T03:00,3600,0.0,0.0,0.0,0.0,0.0,0.0,0.0,0.0,0.0
2024-11-01T04:00,3600,0.0,0.0,0.0,0.0,0.0,0.0,0.0,0.0,0.0
2024-11-01T05:00,3600,0.0,0.0,0.0,0.0,0.0,0.0,0.0,0.0,0.0
2024-11-01T06:00,3600,0.0,0.0,0.0,0.0,0.0,0.0,0.0,0.0,8.17804653
2024-11-01T07:00,3600,0.0,0.0,0.0,0.0,0.0,0.0,0.0,0.0,174.11042421
2024-11-01T08:00,3600,0.0,0.0,0.0,0.0,0.0,0.0,0.0,0.0,408.6073817
2024-11-01T09:00,3600,0.0,0.0,0.0,0.0,0.0,0.0,0.0,0.0,627.83727598
2024-11-01T10:00,3600,0.0,0.0,0.0,0.0,0.0,0.0,0.0,0.0,790.53841852
2024-11-01T11:00,3600,0.0,0.0,0.0,0.0,0.0,0.0,0.0,0.0,883.21305661
2024-11-01T12:00,3600,0.0,0.0,0.0,0.0,0.0,0.0,0.0,0.0,896.76660569
2024-11-01T13:00,3600,0.0,0.0,0.0,0.0,0.0,0.0,0.0,0.0,829.83372599
2024-11-01T14:00,3600,0.0,0.0,0.0,0.0,0.0,0.0,0.0,0.0,684.6968096
2024-11-01T15:00,3600,0.0,0.0,0.0,0.0,0.0,0.0,0.0,0.0,489.35132018
2024-11-01T16:00,3600,0.0,0.0,0.0,0.0,0.0,0.0,0.0,0.0,250.81622768
2024-11-01T17:00,3600,0.0,0.0,0.0,0.0,0.0,0.0,0.0,0.0,39.43183305
2024-11-01T18:00,3600,0.8402668391274141,0.0,0.0,0.8402668391274141,0.0,0.0,0.0,0.0,0.0
2024-11-01T19:00,3600,0.8288344658491872,0.0,0.0,0.8288344658491872,0.0,0.0,0.0,0.0,0.0
2024-11-01T20:00,3600,0.8283134552832647,0.0,0.0,0.8283134552832647,0.0,0.0,0.0,0.0,0.0
2024-11-01T21:00,3600,0.28176156205751607,0.0,0.0,0.28176156205751607,0.0,0.0,0.0,0.0,0.0
2024-11-01T22:00,3600,0.11751371871086572,0.0,0.0,0.11751371871086572,0.0,0.0,0.0,0.0,0.0
2024-11-01T23:00,3600,0.11397432815909835,0.0,0.0,0.11397432815909835,0.0,0.0,0.0,0.0,0.0
2024-11-02T00:00,3600,0.0,0.0,0.0,0.0,0.0,0.0,0.0,0.0,0.0
2024-11-02T01:00,3600,0.0,0.0,0.0,0.0,0.0,0.0,0.0,0.0,0.0
2024-11-02T02:00,3600,0.0,0.0,0.0,0.0,0.0,0.0,0.0,0.0,0.0
2024-11-02T03:00,3600,0.0,0.0,0.0,0.0,0.0,0.0,0.0,0.0,0.0
2024-11-02T04:00,3600,0.0,0.0,0.0,0.0,0.0,0.0,0.0,0.0,0.0
2024-11-02T05:00,3600,0.0,0.0,0.0,0.0,0.0,0.0,0.0,0.0,0.0
2024-11-02T06:00,3600,0.0,0.0,0.0,0.0,0.0,0.0,0.0,0.0,7.01285022
2024-11-02T07:00,3600,0.0,0.0,0.0,0.0,0.0,0.0,0.0,0.0,161.27111687
2024-11-02T08:00,3600,0.0,0.0,0.0,0.0,0.0,0.0,0.0,0.0,345.97504666
2024-11-02T09:00,3600,0.0,0.0,0.0,0.0,0.0,0.0,0.0,0.0,494.0737216
2024-11-02T10:00,3600,0.0,0.0,0.0,0.0,0.0,0.0,0.0,0.0,704.90657498
2024-11-02T11:00,3600,0.0,0.0,0.0,0.0,0.0,0.0,0.0,0.0,637.88332345
2024-11-02T12:00,3600,0.0,0.0,0.0,0.0,0.0,0.0,0.0,0.0,736.59023985
2024-11-02T13:00,3600,0.0,0.0,0.0,0.0,0.0,0.0,0.0,0.0,650.83384655
2024-11-02T14:00,3600,0.0,0.0,0.0,0.0,0.0,0.0,0.0,0.0,245.20288197
2024-11-02T15:00,3600,0.0,0.0,0.0,0.0,0.0,0.0,0.0,0.0,189.41648762
2024-11-02T16:00,3600,0.0,0.0,0.0,0.0,0.0,0.0,0.0,0.0,85.06315886
2024-11-02T17:00,3600,0.0,0.0,0.0,0.0,0.0,0.0,0.0,0.0,14.09308508
2024-11-02T18:00,3600,0.0,0.0,0.0,0.0,0.0,0.0,0.0,0.0,0.0
2024-11-02T19:00,3600,0.0,0.0,0.0,0.0,0.0,0.0,0.0,0.0,0.0
2024-11-02T20:00,3600,0.0,0.0,0.0,0.0,0.0,0.0,0.0,0.0,0.0
2024-11-02T21:00,3600,0.0,0.0,0.0,0.0,0.0,0.0,0.0,0.0,0.0
2024-11-02T22:00,3600,0.0,0.0,0.0,0.0,0.0,0.0,0.0,0.0,0.0
2024-11-02T23:00,3600,0.0,0.0,0.0,0.0,0.0,0.0,0.0,0.0,0.0
2024-11-03T00:00,3600,0.0,0.0,0.0,0.0,0.0,0.0,0.0,0.0,0.0
2024-11-03T01:00,3600,0.0,0.0,0.0,0.0,0.0,0.0,0.0,0.0,0.0
2024-11-03T02:00,3600,0.0,0.0,0.0,0.0,0.0,0.0,0.0,0.0,0.0
2024-11-03T03:00,3600,0.0,0.0,0.0,0.0,0.0,0.0,0.0,0.0,0.0
2024-11-03T04:00,3600,0.0,0.0,0.0,0.0,0.0,0.0,0.0,0.0,0.0
2024-11-03T05:00,3600,0.0,0.0,0.0,0.0,0.0,0.0,0.0,0.0,0.0
2024-11-03T06:00,3600,0.0,0.0,0.0,0.0,0.0,0.0,0.0,0.0,5.09880252
2024-11-03T07:00,3600,0.0,0.0,0.0,0.0,0.0,0.0,0.0,0.0,102.52334065
2024-11-03T08:00,3600,0.0,0.0,0.0,0.0,0.0,0.0,0.0,0.0,319.83644659
2024-11-03T09:00,3600,0.0,0.0,0.0,0.0,0.0,0.0,0.0,0.0,550.86743216
2024-11-03T10:00,3600,0.0,0.0,0.0,0.0,0.0,0.0,0.0,0.0,759.61736701
2024-11-03T11:00,3600,0.0,0.0,0.0,0.0,0.0,0.0,0.0,0.0,755.12791541
2024-11-03T12:00,3600,0.0,0.0,0.0,0.0,0.0,0.0,0.0,0.0,615.82308863
2024-11-03T13:00,3600,0.0,0.0,0.0,0.0,0.0,0.0,0.0,0.0,624.99206568
2024-11-03T14:00,3600,0.0,0.0,0.0,0.0,0.0,0.0,0.0,0.0,483.23157979
2024-11-03T15:00,3600,0.0,0.0,0.0,0.0,0.0,0.0,0.0,0.0,302.86773673
2024-11-03T16:00,3600,0.0,0.0,0.0,0.0,0.0,0.0,0.0,0.0,161.4630762
2024-11-03T17:00,3600,0.0,0.0,0.0,0.0,0.0,0.0,0.0,0.0,23.82066637
2024-11-03T18:00,3600,0.0,0.0,0.0,0.0,0.0,0.0,0.0,0.0,0.0
2024-11-03T19:00,3600,0.0,0.0,0.0,0.0,0.0,0.0,0.0,0.0,0.0
2024-11-03T20:00,3600,0.0,0.0,0.0,0.0,0.0,0.0,0.0,0.0,0.0
2024-11-03T21:00,3600,0.0,0.0,0.0,0.0,0.0,0.0,0.0,0.0,0.0
2024-11-03T22:00,3600,0.0,0.0,0.0,0.0,0.0,0.0,0.0,0.0,0.0
2024-11-03T23:00,3600,0.0,0.0,0.0,0.0,0.0,0.0,0.0,0.0,0.0
2024-11-04T00:00,3600,0.0,0.0,0.0,0.0,0.0,0.0,0.0,0.0,0.0
2024-11-04T01:00,3600,0.0,0.0,0.0,0.0,0.0,0.0,0.0,0.0,0.0
2024-11-04T02:00,3600,0.0,0.0,0.0,0.0,0.0,0.0,0.0,0.0,0.0
2024-11-04T03:00,3600,0.0,0.0,0.0,0.0,0.0,0.0,0.0,0.0,0.0
2024-11-04T04:00,3600,0.0,0.0,0.0,0.0,0.0,0.0,0.0,0.0,0.0
2024-11-04T05:00,3600,0.0,0.0,0.0,0.0,0.0,0.0,0.0,0.0,0.0
2024-11-04T06:00,3600,0.0,0.0,0.0,0.0,0.0,0.0,0.0,0.0,2.90460582
2024-11-04T07:00,3600,0.0,0.0,0.0,0.0,0.0,0.0,0.0,0.0,51.78650649
2024-11-04T08:00,3600,0.0,0.0,0.0,0.0,0.0,0.0,0.0,0.0,133.5068945
2024-11-04T09:00,3600,0.0,0.0,0.0,0.0,0.0,0.0,0.0,0.0,337.7078954
2024-11-04T10:00,3600,0.0,0.0,0.0,0.0,0.0,0.0,0.0,0.0,526.64017507
2024-11-04T11:00,3600,0.0,0.0,0.0,0.0,0.0,0.0,0.0,0.0,627.53347825
2024-11-04T12:00,3600,0.0,0.0,0.0,0.0,0.0,0.0,0.0,0.0,792.96012831
2024-11-04T13:00,3600,0.0,0.0,0.0,0.0,0.0,0.0,0.0,0.0,691.58255921
2024-11-04T14:00,3600,0.0,0.0,0.0,0.0,0.0,0.0,0.0,0.0,337.0856976
2024-11-04T15:00,3600,0.0,0.0,0.0,0.0,0.0,0.0,0.0,0.0,218.20222132
2024-11-04T16:00,3600,0.0,0.0,0.0,0.0,0.0,0.0,0.0,0.0,93.81454587
2024-11-04T17:00,3600,0.0,0.0,0.0,0.0,0.0,0.0,0.0,0.0,16.14755348
2024-11-04T18:00,3600,0.8733709927942169,0.0,0.0,0.8733709927942169,0.0,0.0,0.0,0.0,0.0
2024-11-04T19:00,3600,0.8696024633498386,0.0,0.0,0.8696024633498386,0.0,0.0,0.0,0.0,0.0
2024-11-04T20:00,3600,0.8597658417936663,0.0,0.0,0.8597658417936663,0.0,0.0,0.0,0.0,0.0
2024-11-04T21:00,3600,0.8601170427771592,0.0,0.0,0.8601170427771592,0.0,0.0,0.0,0.0,0.0
2024-11-04T22:00,3600,0.8441316945628403,0.0,0.0,0.8441316945628403,0.0,0.0,0.0,0.0,0.0
2024-11-04T23:00,3600,0.15161420685589114,0.0,0.0,0.15161420685589114,0.0,0.0,0.0,0.0,0.0
2024-11-05T00:00,3600,0.0,0.0,0.0,0.0,0.0,0.0,0.0,0.0,0.0
2024-11-05T01:00,3600,0.0,0.0,0.0,0.0,0.0,0.0,0.0,0.0,0.0
2024-11-05T02:00,3600,0.0,0.0,0.0,0.0,0.0,0.0,0.0,0.0,0.0
2024-11-05T03:00,3600,0.0,0.0,0.0,0.0,0.0,0.0,0.0,0.0,0.0
2024-11-05T04:00,3600,0.0,0.0,0.0,0.0,0.0,0.0,0.0,0.0,0.0
2024-11-05T05:00,3600,0.0,0.0,0.0,0.0,0.0,0.0,0.0,0.0,0.0
2024-11-05T06:00,3600,0.0,0.0,0.0,0.0,0.0,0.0,0.0,0.0,2.90460582
2024-11-05T07:00,3600,0.0,0.0,0.0,0.0,0.0,0.0,0.0,0.0,105.26547487
2024-11-05T08:00,3600,0.0,0.0,0.0,0.0,0.0,0.0,0.0,0.0,321.10687007
2024-11-05T09:00,3600,0.0,0.0,0.0,0.0,0.0,0.0,0.0,0.0,533.67485664
2024-11-05T10:00,3600,0.0,0.0,0.0,0.0,0.0,0.0,0.0,0.0,672.6319846
2024-11-05T11:00,3600,0.0,0.0,0.0,0.0,0.0,0.0,0.0,0.0,750.06229305
2024-11-05T12:00,3600,0.0,0.0,0.0,0.0,0.0,0.0,0.0,0.0,769.76931925
2024-11-05T13:00,3600,0.0,0.0,0.0,0.0,0.0,0.0,0.0,0.0,624.62068042
2024-11-05T14:00,3600,0.0,0.0,0.0,0.0,0.0,0.0,0.0,0.0,285.37969771
2024-11-05T15:00,3600,0.0,0.0,0.0,0.0,0.0,0.0,0.0,0.0,127.1502854
2024-11-05T16:00,3600,0.0,0.0,0.0,0.0,0.0,0.0,0.0,0.0,134.69249403
2024-11-05T17:00,3600,0.0,0.0,0.0,0.0,0.0,0.0,0.0,0.0,30.24999169
2024-11-05T18:00,3600,0.8227510292338496,0.0,0.0,0.8227510292338496,0.0,0.0,0.0,0.0,0.0
2024-11-05T19:00,3600,0.8183604087424491,0.0,0.0,0.8183604087424491,0.0,0.0,0.0,0.0,0.0
2024-11-05T20:00,3600,0.24852487160885345,0.0,0.0,0.24852487160885345,0.0,0.0,0.0,0.0,0.0
2024-11-05T21:00,3600,0.1427756970588235,0.0,0.0,0.1427756970588235,0.0,0.0,0.0,0.0,0.0
2024-11-05T22:00,3600,0.11944846470588237,0.0,0.0,0.11944846470588237,0.0,0.0,0.0,0.0,0.0
2024-11-05T23:00,3600,0.1116727205882353,0.0,0.0,0.1116727205882353,0.0,0.0,0.0,0.0,0.0
2024-11-06T00:00,3600,0.0,0.0,0.0,0.0,0.0,0.0,0.0,0.0,0.0
2024-11-06T01:00,3600,0.0,0.0,0.0,0.0,0.0,0.0,0.0,0.0,0.0
2024-11-06T02:00,3600,0.0,0.0,0.0,0.0,0.0,0.0,0.0,0.0,0.0
2024-11-06T03:00,3600,0.0,0.0,0.0,0.0,0.0,0.0,0.0,0.0,0.0
2024-11-06T04:00,3600,0.0,0.0,0.0,0.0,0.0,0.0,0.0,0.0,0.0
2024-11-06T05:00,3600,0.0,0.0,0.0,0.0,0.0,0.0,0.0,0.0,0.0
2024-11-06T06:00,3600,0.0,0.0,0.0,0.0,0.0,0.0,0.0,0.0,5.15992621
2024-11-06T07:00,3600,0.0,0.0,0.0,0.0,0.0,0.0,0.0,0.0,138.59023523
2024-11-06T08:00,3600,0.0,0.0,0.0,0.0,0.0,0.0,0.0,0.0,366.62905276
2024-11-06T09:00,3600,0.0,0.0,0.0,0.0,0.0,0.0,0.0,0.0,605.90724207
2024-11-06T10:00,3600,0.0,0.0,0.0,0.0,0.0,0.0,0.0,0.0,775.14798971
2024-11-06T11:00,3600,0.0,0.0,0.0,0.0,0.0,0.0,0.0,0.0,872.21855194
2024-11-06T12:00,3600,0.0,0.0,0.0,0.0,0.0,0.0,0.0,0.0,865.00936997
2024-11-06T13:00,3600,0.0,0.0,0.0,0.0,0.0,0.0,0.0,0.0,821.21194879
2024-11-06T14:00,3600,0.0,0.0,0.0,0.0,0.0,0.0,0.0,0.0,687.84372709
2024-11-06T15:00,3600,0.0,0.0,0.0,0.0,0.0,0.0,0.0,0.0,472.13734508
2024-11-06T16:00,3600,0.0,0.0,0.0,0.0,0.0,0.0,0.0,0.0,249.07297743
2024-11-06T17:00,3600,0.0,0.0,0.0,0.0,0.0,0.0,0.0,0.0,34.40839627
2024-11-06T18:00,3600,0.815294117647059,0.0,0.0,0.815294117647059,0.0,0.0,0.0,0.0,0.0
2024-11-06T19:00,3600,0.815294117647059,0.0,0.0,0.815294117647059,0.0,0.0,0.0,0.0,0.0
2024-11-06T20:00,3600,0.4437528683719905,0.0,0.0,0.4437528683719905,0.0,0.0,0.0,0.0,0.0
2024-11-06T21:00,3600,0.13499995294117645,0.0,0.0,0.13499995294117645,0.0,0.0,0.0,0.0,0.0
2024-11-06T22:00,3600,0.10389697647058822,0.0,0.0,0.10389697647058822,0.0,0.0,0.0,0.0,0.0
2024-11-06T23:00,3600,0.08316165882352938,0.0,0.0,0.08316165882352938,0.0,0.0,0.0,0.0,0.0
2024-11-07T00:00,3600,0.0,0.0,0.0,0.0,0.0,0.0,0.0,0.0,0.0
2024-11-07T01:00,3600,0.0,0.0,0.0,0.0,0.0,0.0,0.0,0.0,0.0
2024-11-07T02:00,3600,0.0,0.0,0.0,0.0,0.0,0.0,0.0,0.0,0.0
2024-11-07T03:00,3600,0.0,0.0,0.0,0.0,0.0,0.0,0.0,0.0,0.0
2024-11-07T04:00,3600,0.0,0.0,0.0,0.0,0.0,0.0,0.0,0.0,0.0
2024-11-07T05:00,3600,0.0,0.0,0.0,0.0,0.0,0.0,0.0,0.0,0.0
2024-11-07T06:00,3600,0.0,0.0,0.0,0.0,0.0,0.0,0.0,0.0,5.17815928
2024-11-07T07:00,3600,0.0,0.0,0.0,0.0,0.0,0.0,0.0,0.0,172.25385336
2024-11-07T08:00,3600,0.0,0.0,0.0,0.0,0.0,0.0,0.0,0.0,405.3396378
2024-11-07T09:00,3600,0.0,0.0,0.0,0.0,0.0,0.0,0.0,0.0,638.35392802
2024-11-07T10:00,3600,0.0,0.0,0.0,0.0,0.0,0.0,0.0,0.0,808.57378774
2024-11-07T11:00,3600,0.0,0.0,0.0,0.0,0.0,0.0,0.0,0.0,906.50595583
2024-11-07T12:00,3600,0.0,0.0,0.0,0.0,0.0,0.0,0.0,0.0,923.75345386
2024-11-07T13:00,3600,0.0,0.0,0.0,0.0,0.0,0.0,0.0,0.0,857.61691589
2024-11-07T14:00,3600,0.0,0.0,0.0,0.0,0.0,0.0,0.0,0.0,713.37733502
2024-11-07T15:00,3600,0.0,0.0,0.0,0.0,0.0,0.0,0.0,0.0,507.2966768
2024-11-07T16:00,3600,0.0,0.0,0.0,0.0,0.0,0.0,0.0,0.0,263.52214044
2024-11-07T17:00,3600,0.0,0.0,0.0,0.0,0.0,0.0,0.0,0.0,37.26207485
2024-11-07T18:00,3600,0.815294117647059,0.0,0.0,0.815294117647059,0.0,0.0,0.0,0.0,0.0
2024-11-07T19:00,3600,0.7044885127809172,0.0,0.0,0.7044885127809172,0.0,0.0,0.0,0.0,0.0
2024-11-07T20:00,3600,0.04687485294117648,0.0,0.0,0.04687485294117648,0.0,0.0,0.0,0.0,0.0
2024-11-07T21:00,3600,0.04946676764705887,0.0,0.0,0.04946676764705887,0.0,0.0,0.0,0.0,0.0
2024-11-07T22:00,3600,0.02095570588235295,0.0,0.0,0.02095570588235295,0.0,0.0,0.0,0.0,0.0
2024-11-07T23:00,3600,0.010588047058823569,0.0,0.0,0.010588047058823569,0.0,0.0,0.0,0.0,0.0
2024-11-08T00:00,3600,0.0,0.0,0.0,0.0,0.0,0.0,0.0,0.0,0.0
2024-11-08T01:00,3600,0.0,0.0,0.0,0.0,0.0,0.0,0.0,0.0,0.0
2024-11-08T02:00,3600,0.0,0.0,0.0,0.0,0.0,0.0,0.0,0.0,0.0
2024-11-08T03:00,3600,0.0,0.0,0.0,0.0,0.0,0.0,0.0,0.0,0.0
2024-11-08T04:00,3600,0.0,0.0,0.0,0.0,0.0,0.0,0.0,0.0,0.0
2024-11-08T05:00,3600,0.0,0.0,0.0,0.0,0.0,0.0,0.0,0.0,0.0
2024-11-08T06:00,3600,0.0,0.0,0.0,0.0,0.0,0.0,0.0,0.0,5.19524429
2024-11-08T07:00,3600,0.0,0.0,0.0,0.0,0.0,0.0,0.0,0.0,177.15989622
2024-11-08T08:00,3600,0.0,0.0,0.0,0.0,0.0,0.0,0.0,0.0,421.48111953
2024-11-08T09:00,3600,0.0,0.0,0.0,0.0,0.0,0.0,0.0,0.0,645.56303981
2024-11-08T10:00,3600,0.0,0.0,0.0,0.0,0.0,0.0,0.0,0.0,813.16860743
2024-11-08T11:00,3600,0.0,0.0,0.0,0.0,0.0,0.0,0.0,0.0,907.25433024
2024-11-08T12:00,3600,0.0,0.0,0.0,0.0,0.0,0.0,0.0,0.0,922.06735136
2024-11-08T13:00,3600,0.0,0.0,0.0,0.0,0.0,0.0,0.0,0.0,854.56864658
2024-11-08T14:00,3600,0.0,0.0,0.0,0.0,0.0,0.0,0.0,0.0,709.82623709
2024-11-08T15:00,3600,0.0,0.0,0.0,0.0,0.0,0.0,0.0,0.0,503.97099075
2024-11-08T16:00,3600,0.0,0.0,0.0,0.0,0.0,0.0,0.0,0.0,258.33543477
2024-11-08T17:00,3600,0.0,0.0,0.0,0.0,0.0,0.0,0.0,0.0,34.8417597
2024-11-08T18:00,3600,0.815294117647059,0.0,0.0,0.815294117647059,0.0,0.0,0.0,0.0,0.0
2024-11-08T19:00,3600,0.3657825287690785,0.0,0.0,0.3657825287690785,0.0,0.0,0.0,0.0,0.0
2024-11-08T20:00,3600,0.07797782941176469,0.0,0.0,0.07797782941176469,0.0,0.0,0.0,0.0,0.0
2024-11-08T21:00,3600,0.09352931764705884,0.0,0.0,0.09352931764705884,0.0,0.0,0.0,0.0,0.0
2024-11-08T22:00,3600,0.09352931764705884,0.0,0.0,0.09352931764705884,0.0,0.0,0.0,0.0,0.0
2024-11-08T23:00,3600,0.10130506176470594,0.0,0.0,0.10130506176470594,0.0,0.0,0.0,0.0,0.0
2024-11-09T00:00,3600,0.0,0.0,0.0,0.0,0.0,0.0,0.0,0.0,0.0
2024-11-09T01:00,3600,0.0,0.0,0.0,0.0,0.0,0.0,0.0,0.0,0.0
2024-11-09T02:00,3600,0.0,0.0,0.0,0.0,0.0,0.0,0.0,0.0,0.0
2024-11-09T03:00,3600,0.0,0.0,0.0,0.0,0.0,0.0,0.0,0.0,0.0
2024-11-09T04:00,3600,0.0,0.0,0.0,0.0,0.0,0.0,0.0,0.0,0.0
2024-11-09T05:00,3600,0.0,0.0,0.0,0.0,0.0,0.0,0.0,0.0,0.0
2024-11-09T06:00,3600,0.0,0.0,0.0,0.0,0.0,0.0,0.0,0.0,2.90460582
2024-11-09T07:00,3600,0.0,0.0,0.0,0.0,0.0,0.0,0.0,0.0,129.26756688
2024-11-09T08:00,3600,0.0,0.0,0.0,0.0,0.0,0.0,0.0,0.0,337.07580241
2024-11-09T09:00,3600,0.0,0.0,0.0,0.0,0.0,0.0,0.0,0.0,533.6539811
2024-11-09T10:00,3600,0.0,0.0,0.0,0.0,0.0,0.0,0.0,0.0,622.20892602
2024-11-09T11:00,3600,0.0,0.0,0.0,0.0,0.0,0.0,0.0,0.0,700.09726412
2024-11-09T12:00,3600,0.0,0.0,0.0,0.0,0.0,0.0,0.0,0.0,604.8639535
2024-11-09T13:00,3600,0.0,0.0,0.0,0.0,0.0,0.0,0.0,0.0,650.78517873
2024-11-09T14:00,3600,0.0,0.0,0.0,0.0,0.0,0.0,0.0,0.0,374.14414178
2024-11-09T15:00,3600,0.0,0.0,0.0,0.0,0.0,0.0,0.0,0.0,361.69732367
2024-11-09T16:00,3600,0.0,0.0,0.0,0.0,0.0,0.0,0.0,0.0,118.03373462
2024-11-09T17:00,3600,0.0,0.0,0.0,0.0,0.0,0.0,0.0,0.0,22.85939839
2024-11-09T18:00,3600,0.0,0.0,0.0,0.0,0.0,0.0,0.0,0.0,0.0
2024-11-09T19:00,3600,0.0,0.0,0.0,0.0,0.0,0.0,0.0,0.0,0.0
2024-11-09T20:00,3600,0.0,0.0,0.0,0.0,0.0,0.0,0.0,0.0,0.0
2024-11-09T21:00,3600,0.0,0.0,0.0,0.0,0.0,0.0,0.0,0.0,0.0
2024-11-09T22:00,3600,0.0,0.0,0.0,0.0,0.0,0.0,0.0,0.0,0.0
2024-11-09T23:00,3600,0.0,0.0,0.0,0.0,0.0,0.0,0.0,0.0,0.0
2024-11-10T00:00,3600,0.0,0.0,0.0,0.0,0.0,0.0,0.0,0.0,0.0
2024-11-10T01:00,3600,0.0,0.0,0.0,0.0,0.0,0.0,0.0,0.0,0.0
2024-11-10T02:00,3600,0.0,0.0,0.0,0.0,0.0,0.0,0.0,0.0,0.0
2024-11-10T03:00,3600,0.0,0.0,0.0,0.0,0.0,0.0,0.0,0.0,0.0
2024-11-10T04:00,3600,0.0,0.0,0.0,0.0,0.0,0.0,0.0,0.0,0.0
2024-11-10T05:00,3600,0.0,0.0,0.0,0.0,0.0,0.0,0.0,0.0,0.0
2024-11-10T06:00,3600,0.0,0.0,0.0,0.0,0.0,0.0,0.0,0.0,0.96820194
2024-11-10T07:00,3600,0.0,0.0,0.0,0.0,0.0,0.0,0.0,0.0,37.34924015
2024-11-10T08:00,3600,0.0,0.0,0.0,0.0,0.0,0.0,0.0,0.0,103.64768906
2024-11-10T09:00,3600,0.0,0.0,0.0,0.0,0.0,0.0,0.0,0.0,180.99744234
2024-11-10T10:00,3600,0.0,0.0,0.0,0.0,0.0,0.0,0.0,0.0,374.11559575
2024-11-10T11:00,3600,0.0,0.0,0.0,0.0,0.0,0.0,0.0,0.0,379.54615663
2024-11-10T12:00,3600,0.0,0.0,0.0,0.0,0.0,0.0,0.0,0.0,342.57148301
2024-11-10T13:00,3600,0.0,0.0,0.0,0.0,0.0,0.0,0.0,0.0,348.82388198
2024-11-10T14:00,3600,0.0,0.0,0.0,0.0,0.0,0.0,0.0,0.0,99.02123688
2024-11-10T15:00,3600,0.0,0.0,0.0,0.0,0.0,0.0,0.0,0.0,86.71768768
2024-11-10T16:00,3600,0.0,0.0,0.0,0.0,0.0,0.0,0.0,0.0,34.85526989
2024-11-10T17:00,3600,0.0,0.0,0.0,0.0,0.0,0.0,0.0,0.0,7.74561553
2024-11-10T18:00,3600,0.0,0.0,0.0,0.0,0.0,0.0,0.0,0.0,0.0
2024-11-10T19:00,3600,0.0,0.0,0.0,0.0,0.0,0.0,0.0,0.0,0.0
2024-11-10T20:00,3600,0.0,0.0,0.0,0.0,0.0,0.0,0.0,0.0,0.0
2024-11-10T21:00,3600,0.0,0.0,0.0,0.0,0.0,0.0,0.0,0.0,0.0
2024-11-10T22:00,3600,0.0,0.0,0.0,0.0,0.0,0.0,0.0,0.0,0.0
2024-11-10T23:00,3600,0.0,0.0,0.0,0.0,0.0,0.0,0.0,0.0,0.0
2024-11-11T00:00,3600,0.0,0.0,0.0,0.0,0.0,0.0,0.0,0.0,0.0
2024-11-11T01:00,3600,0.0,0.0,0.0,0.0,0.0,0.0,0.0,0.0,0.0
2024-11-11T02:00,3600,0.0,0.0,0.0,0.0,0.0,0.0,0.0,0.0,0.0
2024-11-11T03:00,3600,0.0,0.0,0.0,0.0,0.0,0.0,0.0,0.0,0.0
2024-11-11T04:00,3600,0.0,0.0,0.0,0.0,0.0,0.0,0.0,0.0,0.0
2024-11-11T05:00,3600,0.0,0.0,0.0,0.0,0.0,0.0,0.0,0.0,0.0
2024-11-11T06:00,3600,0.0,0.0,0.0,0.0,0.0,0.0,0.0,0.0,1.93640388
2024-11-11T07:00,3600,0.0,0.0,0.0,0.0,0.0,0.0,0.0,0.0,57.60994251
2024-11-11T08:00,3600,0.0,0.0,0.0,0.0,0.0,0.0,0.0,0.0,171.23732502
2024-11-11T09:00,3600,0.0,0.0,0.0,0.0,0.0,0.0,0.0,0.0,371.56766093
2024-11-11T10:00,3600,0.0,0.0,0.0,0.0,0.0,0.0,0.0,0.0,667.93200059
2024-11-11T11:00,3600,0.0,0.0,0.0,0.0,0.0,0.0,0.0,0.0,842.30514966
2024-11-11T12:00,3600,0.0,0.0,0.0,0.0,0.0,0.0,0.0,0.0,867.8988339
2024-11-11T13:00,3600,0.0,0.0,0.0,0.0,0.0,0.0,0.0,0.0,808.63219726
2024-11-11T14:00,3600,0.0,0.0,0.0,0.0,0.0,0.0,0.0,0.0,582.80901704
2024-11-11T15:00,3600,0.0,0.0,0.0,0.0,0.0,0.0,0.0,0.0,316.96895809
2024-11-11T16:00,3600,0.0,0.0,0.0,0.0,0.0,0.0,0.0,0.0,133.0335982
2024-11-11T17:00,3600,0.0,0.0,0.0,0.0,0.0,0.0,0.0,0.0,17.83336108
2024-11-11T18:00,3600,0.956996210663252,0.0,0.0,0.956996210663252,0.0,0.0,0.0,0.0,0.0
2024-11-11T19:00,3600,0.9589157366016637,0.0,0.0,0.9589157366016637,0.0,0.0,0.0,0.0,0.0
2024-11-11T20:00,3600,0.9526912483128905,0.0,0.0,0.9526912483128905,0.0,0.0,0.0,0.0,0.0
2024-11-11T21:00,3600,0.9485344780398244,0.0,0.0,0.9485344780398244,0.0,0.0,0.0,0.0,0.0
2024-11-11T22:00,3600,0.6901124346016984,0.0,0.0,0.6901124346016984,0.0,0.0,0.0,0.0,0.0
2024-11-11T23:00,3600,0.25125769628203726,0.0,0.0,0.25125769628203726,0.0,0.0,0.0,0.0,0.0
2024-11-12T00:00,3600,0.0,0.0,0.0,0.0,0.0,0.0,0.0,0.0,0.0
2024-11-12T01:00,3600,0.0,0.0,0.0,0.0,0.0,0.0,0.0,0.0,0.0
2024-11-12T02:00,3600,0.0,0.0,0.0,0.0,0.0,0.0,0.0,0.0,0.0
2024-11-12T03:00,3600,0.0,0.0,0.0,0.0,0.0,0.0,0.0,0.0,0.0
2024-11-12T04:00,3600,0.0,0.0,0.0,0.0,0.0,0.0,0.0,0.0,0.0
2024-11-12T05:00,3600,0.0,0.0,0.0,0.0,0.0,0.0,0.0,0.0,0.0
2024-11-12T06:00,3600,0.0,0.0,0.0,0.0,0.0,0.0,0.0,0.0,3.87280777
2024-11-12T07:00,3600,0.0,0.0,0.0,0.0,0.0,0.0,0.0,0.0,147.18182007
2024-11-12T08:00,3600,0.0,0.0,0.0,0.0,0.0,0.0,0.0,0.0,382.93849477
2024-11-12T09:00,3600,0.0,0.0,0.0,0.0,0.0,0.0,0.0,0.0,599.11201624
2024-11-12T10:00,3600,0.0,0.0,0.0,0.0,0.0,0.0,0.0,0.0,761.38873207
2024-11-12T11:00,3600,0.0,0.0,0.0,0.0,0.0,0.0,0.0,0.0,852.02052723
2024-11-12T12:00,3600,0.0,0.0,0.0,0.0,0.0,0.0,0.0,0.0,866.90650394
2024-11-12T13:00,3600,0.0,0.0,0.0,0.0,0.0,0.0,0.0,0.0,802.08275233
2024-11-12T14:00,3600,0.0,0.0,0.0,0.0,0.0,0.0,0.0,0.0,670.22704713
2024-11-12T15:00,3600,0.0,0.0,0.0,0.0,0.0,0.0,0.0,0.0,464.40170354
2024-11-12T16:00,3600,0.0,0.0,0.0,0.0,0.0,0.0,0.0,0.0,232.50242519
2024-11-12T17:00,3600,0.0,0.0,0.0,0.0,0.0,0.0,0.0,0.0,28.64076964
2024-11-12T18:00,3600,0.9644358189849332,0.0,0.0,0.9644358189849332,0.0,0.0,0.0,0.0,0.0
2024-11-12T19:00,3600,0.9574170286700686,0.0,0.0,0.9574170286700686,0.0,0.0,0.0,0.0,0.0
2024-11-12T20:00,3600,0.9540790856076191,0.0,0.0,0.9540790856076191,0.0,0.0,0.0,0.0,0.0
2024-11-12T21:00,3600,0.4042653629602233,0.0,0.0,0.4042653629602233,0.0,0.0,0.0,0.0,0.0
2024-11-12T22:00,3600,0.25546341596855004,0.0,0.0,0.25546341596855004,0.0,0.0,0.0,0.0,0.0
2024-11-12T23:00,3600,0.23201150858491712,0.0,0.0,0.23201150858491712,0.0,0.0,0.0,0.0,0.0
2024-11-13T00:00,3600,0.0,0.0,0.0,0.0,0.0,0.0,0.0,0.0,0.0
2024-11-13T01:00,3600,0.0,0.0,0.0,0.0,0.0,0.0,0.0,0.0,0.0
2024-11-13T02:00,3600,0.0,0.0,0.0,0.0,0.0,0.0,0.0,0.0,0.0
2024-11-13T03:00,3600,0.0,0.0,0.0,0.0,0.0,0.0,0.0,0.0,0.0
2024-11-13T04:00,3600,0.0,0.0,0.0,0.0,0.0,0.0,0.0,0.0,0.0
2024-11-13T05:00,3600,0.0,0.0,0.0,0.0,0.0,0.0,0.0,0.0,0.0
2024-11-13T06:00,3600,0.0,0.0,0.0,0.0,0.0,0.0,0.0,0.0,2.90460582
2024-11-13T07:00,3600,0.0,0.0,0.0,0.0,0.0,0.0,0.0,0.0,133.79937458
2024-11-13T08:00,3600,0.0,0.0,0.0,0.0,0.0,0.0,0.0,0.0,353.52186058
2024-11-13T09:00,3600,0.0,0.0,0.0,0.0,0.0,0.0,0.0,0.0,504.99133406
2024-11-13T10:00,3600,0.0,0.0,0.0,0.0,0.0,0.0,0.0,0.0,613.61762969
2024-11-13T11:00,3600,0.0,0.0,0.0,0.0,0.0,0.0,0.0,0.0,660.06514906
2024-11-13T12:00,3600,0.0,0.0,0.0,0.0,0.0,0.0,0.0,0.0,536.92303222
2024-11-13T13:00,3600,0.0,0.0,0.0,0.0,0.0,0.0,0.0,0.0,421.16729188
2024-11-13T14:00,3600,0.0,0.0,0.0,0.0,0.0,0.0,0.0,0.0,339.83763183
2024-11-13T15:00,3600,0.0,0.0,0.0,0.0,0.0,0.0,0.0,0.0,221.81642721
2024-11-13T16:00,3600,0.0,0.0,0.0,0.0,0.0,0.0,0.0,0.0,146.03646447
2024-11-13T17:00,3600,0.0,0.0,0.0,0.0,0.0,0.0,0.0,0.0,12.43278579
2024-11-13T18:00,3600,0.9706543224586855,0.0,0.0,0.9706543224586855,0.0,0.0,0.0,0.0,0.0
2024-11-13T19:00,3600,0.9684201488954021,0.0,0.0,0.9684201488954021,0.0,0.0,0.0,0.0,0.0
2024-11-13T20:00,3600,0.3498288022555834,0.0,0.0,0.3498288022555834,0.0,0.0,0.0,0.0,0.0
2024-11-13T21:00,3600,0.3479545431188656,0.0,0.0,0.3479545431188656,0.0,0.0,0.0,0.0,0.0
2024-11-13T22:00,3600,0.33827871880458266,0.0,0.0,0.33827871880458266,0.0,0.0,0.0,0.0,0.0
2024-11-13T23:00,3600,0.3286881889666062,0.0,0.0,0.3286881889666062,0.0,0.0,0.0,0.0,0.0
2024-11-14T00:00,3600,0.0,0.0,0.0,0.0,0.0,0.0,0.0,0.0,0.0
2024-11-14T01:00,3600,0.0,0.0,0.0,0.0,0.0,0.0,0.0,0.0,0.0
2024-11-14T02:00,3600,0.0,0.0,0.0,0.0,0.0,0.0,0.0,0.0,0.0
2024-11-14T03:00,3600,0.0,0.0,0.0,0.0,0.0,0.0,0.0,0.0,0.0
2024-11-14T04:00,3600,0.0,0.0,0.0,0.0,0.0,0.0,0.0,0.0,0.0
2024-11-14T05:00,3600,0.0,0.0,0.0,0.0,0.0,0.0,0.0,0.0,0.0
2024-11-14T06:00,3600,0.0,0.0,0.0,0.0,0.0,0.0,0.0,0.0,0.96820194
2024-11-14T07:00,3600,0.0,0.0,0.0,0.0,0.0,0.0,0.0,0.0,35.77031408
2024-11-14T08:00,3600,0.0,0.0,0.0,0.0,0.0,0.0,0.0,0.0,80.94608698
2024-11-14T09:00,3600,0.0,0.0,0.0,0.0,0.0,0.0,0.0,0.0,182.64336001
2024-11-14T10:00,3600,0.0,0.0,0.0,0.0,0.0,0.0,0.0,0.0,181.15981986
2024-11-14T11:00,3600,0.0,0.0,0.0,0.0,0.0,0.0,0.0,0.0,387.91897678
2024-11-14T12:00,3600,0.0,0.0,0.0,0.0,0.0,0.0,0.0,0.0,427.3670903
2024-11-14T13:00,3600,0.0,0.0,0.0,0.0,0.0,0.0,0.0,0.0,361.36611297
2024-11-14T14:00,3600,0.0,0.0,0.0,0.0,0.0,0.0,0.0,0.0,140.76719938
2024-11-14T15:00,3600,0.0,0.0,0.0,0.0,0.0,0.0,0.0,0.0,91.37623543
2024-11-14T16:00,3600,0.0,0.0,0.0,0.0,0.0,0.0,0.0,0.0,45.67527114
2024-11-14T17:00,3600,0.0,0.0,0.0,0.0,0.0,0.0,0.0,0.0,5.67599062
2024-11-14T18:00,3600,1.0561684467225423,0.0,0.0,1.0561684467225423,0.0,0.0,0.0,0.0,0.0
2024-11-14T19:00,3600,0.8098710456655256,0.0,0.0,0.8098710456655256,0.0,0.0,0.0,0.0,0.0
2024-11-14T20:00,3600,0.4065547475941463,0.0,0.0,0.4065547475941463,0.0,0.0,0.0,0.0,0.0
2024-11-14T21:00,3600,0.39930047929972545,0.0,0.0,0.39930047929972545,0.0,0.0,0.0,0.0,0.0
2024-11-14T22:00,3600,0.3946203454027377,0.0,0.0,0.3946203454027377,0.0,0.0,0.0,0.0,0.0
2024-11-14T23:00,3600,0.38920871773096644,0.0,0.0,0.38920871773096644,0.0,0.0,0.0,0.0,0.0
2024-11-15T00:00,3600,0.0,0.0,0.0,0.0,0.0,0.0,0.0,0.0,0.0
2024-11-15T01:00,3600,0.0,0.0,0.0,0.0,0.0,0.0,0.0,0.0,0.0
2024-11-15T02:00,3600,0.0,0.0,0.0,0.0,0.0,0.0,0.0,0.0,0.0
2024-11-15T03:00,3600,0.0,0.0,0.0,0.0,0.0,0.0,0.0,0.0,0.0
2024-11-15T04:00,3600,0.0,0.0,0.0,0.0,0.0,0.0,0.0,0.0,0.0
2024-11-15T05:00,3600,0.0,0.0,0.0,0.0,0.0,0.0,0.0,0.0,0.0
2024-11-15T06:00,3600,0.0,0.0,0.0,0.0,0.0,0.0,0.0,0.0,0.0
2024-11-15T07:00,3600,0.0,0.0,0.0,0.0,0.0,0.0,0.0,0.0,5.80921165
2024-11-15T08:00,3600,0.0,0.0,0.0,0.0,0.0,0.0,0.0,0.0,29.05704813
2024-11-15T09:00,3600,0.0,0.0,0.0,0.0,0.0,0.0,0.0,0.0,45.28275153
2024-11-15T10:00,3600,0.0,0.0,0.0,0.0,0.0,0.0,0.0,0.0,96.25751465
2024-11-15T11:00,3600,0.0,0.0,0.0,0.0,0.0,0.0,0.0,0.0,102.59697736
2024-11-15T12:00,3600,0.0,0.0,0.0,0.0,0.0,0.0,0.0,0.0,66.80593396
2024-11-15T13:00,3600,0.0,0.0,0.0,0.0,0.0,0.0,0.0,0.0,66.80593396
2024-11-15T14:00,3600,0.0,0.0,0.0,0.0,0.0,0.0,0.0,0.0,89.07457861
2024-11-15T15:00,3600,0.0,0.0,0.0,0.0,0.0,0.0,0.0,0.0,70.92720095
2024-11-15T16:00,3600,0.0,0.0,0.0,0.0,0.0,0.0,0.0,0.0,47.0768198
2024-11-15T17:00,3600,0.0,0.0,0.0,0.0,0.0,0.0,0.0,0.0,7.63369474
2024-11-15T18:00,3600,0.4654727152061546,0.0,0.0,0.4654727152061546,0.0,0.0,0.0,0.0,0.0
2024-11-15T19:00,3600,0.4127341172825261,0.0,0.0,0.4127341172825261,0.0,0.0,0.0,0.0,0.0
2024-11-15T20:00,3600,0.4182634065188393,0.0,0.0,0.4182634065188393,0.0,0.0,0.0,0.0,0.0
2024-11-15T21:00,3600,0.4116926928611148,0.0,0.0,0.4116926928611148,0.0,0.0,0.0,0.0,0.0
2024-11-15T22:00,3600,0.3802191914784117,0.0,0.0,0.3802191914784117,0.0,0.0,0.0,0.0,0.0
2024-11-15T23:00,3600,0.3865942626063587,0.0,0.0,0.3865942626063587,0.0,0.0,0.0,0.0,0.0
2024-11-16T00:00,3600,0.0,0.0,0.0,0.0,0.0,0.0,0.0,0.0,0.0
2024-11-16T01:00,3600,0.0,0.0,0.0,0.0,0.0,0.0,0.0,0.0,0.0
2024-11-16T02:00,3600,0.0,0.0,0.0,0.0,0.0,0.0,0.0,0.0,0.0
2024-11-16T03:00,3600,0.0,0.0,0.0,0.0,0.0,0.0,0.0,0.0,0.0
2024-11-16T04:00,3600,0.0,0.0,0.0,0.0,0.0,0.0,0.0,0.0,0.0
2024-11-16T05:00,3600,0.0,0.0,0.0,0.0,0.0,0.0,0.0,0.0,0.0
2024-11-16T06:00,3600,0.0,0.0,0.0,0.0,0.0,0.0,0.0,0.0,0.96820194
2024-11-16T07:00,3600,0.0,0.0,0.0,0.0,0.0,0.0,0.0,0.0,43.63512986
2024-11-16T08:00,3600,0.0,0.0,0.0,0.0,0.0,0.0,0.0,0.0,104.65596399
2024-11-16T09:00,3600,0.0,0.0,0.0,0.0,0.0,0.0,0.0,0.0,176.48367028
2024-11-16T10:00,3600,0.0,0.0,0.0,0.0,0.0,0.0,0.0,0.0,175.90197096
2024-11-16T11:00,3600,0.0,0.0,0.0,0.0,0.0,0.0,0.0,0.0,281.93354512
2024-11-16T12:00,3600,0.0,0.0,0.0,0.0,0.0,0.0,0.0,0.0,322.45412752
2024-11-16T13:00,3600,0.0,0.0,0.0,0.0,0.0,0.0,0.0,0.0,279.27457062
2024-11-16T14:00,3600,0.0,0.0,0.0,0.0,0.0,0.0,0.0,0.0,256.70238612
2024-11-16T15:00,3600,0.0,0.0,0.0,0.0,0.0,0.0,0.0,0.0,250.55785638
2024-11-16T16:00,3600,0.0,0.0,0.0,0.0,0.0,0.0,0.0,0.0,123.03354069
2024-11-16T17:00,3600,0.0,0.0,0.0,0.0,0.0,0.0,0.0,0.0,23.63148199
2024-11-16T18:00,3600,0.0,0.0,0.0,0.0,0.0,0.0,0.0,0.0,0.0
2024-11-16T19:00,3600,0.0,0.0,0.0,0.0,0.0,0.0,0.0,0.0,0.0
2024-11-16T20:00,3600,0.0,0.0,0.0,0.0,0.0,0.0,0.0,0.0,0.0
2024-11-16T21:00,3600,0.0,0.0,0.0,0.0,0.0,0.0,0.0,0.0,0.0
2024-11-16T22:00,3600,0.0,0.0,0.0,0.0,0.0,0.0,0.0,0.0,0.0
2024-11-16T23:00,3600,0.0,0.0,0.0,0.0,0.0,0.0,0.0,0.0,0.0
2024-11-17T00:00,3600,0.0,0.0,0.0,0.0,0.0,0.0,0.0,0.0,0.0
2024-11-17T01:00,3600,0.0,0.0,0.0,0.0,0.0,0.0,0.0,0.0,0.0
2024-11-17T02:00,3600,0.0,0.0,0.0,0.0,0.0,0.0,0.0,0.0,0.0
2024-11-17T03:00,3600,0.0,0.0,0.0,0.0,0.0,0.0,0.0,0.0,0.0
2024-11-17T04:00,3600,0.0,0.0,0.0,0.0,0.0,0.0,0.0,0.0,0.0
2024-11-17T05:00,3600,0.0,0.0,0.0,0.0,0.0,0.0,0.0,0.0,0.0
2024-11-17T06:00,3600,0.0,0.0,0.0,0.0,0.0,0.0,0.0,0.0,1.93640388
2024-11-17T07:00,3600,0.0,0.0,0.0,0.0,0.0,0.0,0.0,0.0,87.91121956
2024-11-17T08:00,3600,0.0,0.0,0.0,0.0,0.0,0.0,0.0,0.0,254.46215459
2024-11-17T09:00,3600,0.0,0.0,0.0,0.0,0.0,0.0,0.0,0.0,500.43652319
2024-11-17T10:00,3600,0.0,0.0,0.0,0.0,0.0,0.0,0.0,0.0,597.17081423
2024-11-17T11:00,3600,0.0,0.0,0.0,0.0,0.0,0.0,0.0,0.0,600.42046679
2024-11-17T12:00,3600,0.0,0.0,0.0,0.0,0.0,0.0,0.0,0.0,489.93126975
2024-11-17T13:00,3600,0.0,0.0,0.0,0.0,0.0,0.0,0.0,0.0,286.09128553
2024-11-17T14:00,3600,0.0,0.0,0.0,0.0,0.0,0.0,0.0,0.0,295.4148806
2024-11-17T15:00,3600,0.0,0.0,0.0,0.0,0.0,0.0,0.0,0.0,227.80350866
2024-11-17T16:00,3600,0.0,0.0,0.0,0.0,0.0,0.0,0.0,0.0,156.21993185
2024-11-17T17:00,3600,0.0,0.0,0.0,0.0,0.0,0.0,0.0,0.0,19.96208761
2024-11-17T18:00,3600,0.0,0.0,0.0,0.0,0.0,0.0,0.0,0.0,0.0
2024-11-17T19:00,3600,0.0,0.0,0.0,0.0,0.0,0.0,0.0,0.0,0.0
2024-11-17T20:00,3600,0.0,0.0,0.0,0.0,0.0,0.0,0.0,0.0,0.0
2024-11-17T21:00,3600,0.0,0.0,0.0,0.0,0.0,0.0,0.0,0.0,0.0
2024-11-17T22:00,3600,0.0,0.0,0.0,0.0,0.0,0.0,0.0,0.0,0.0
2024-11-17T23:00,3600,0.0,0.0,0.0,0.0,0.0,0.0,0.0,0.0,0.0
2024-11-18T00:00,3600,0.0,0.0,0.0,0.0,0.0,0.0,0.0,0.0,0.0
2024-11-18T01:00,3600,0.0,0.0,0.0,0.0,0.0,0.0,0.0,0.0,0.0
2024-11-18T02:00,3600,0.0,0.0,0.0,0.0,0.0,0.0,0.0,0.0,0.0
2024-11-18T03:00,3600,0.0,0.0,0.0,0.0,0.0,0.0,0.0,0.0,0.0
2024-11-18T04:00,3600,0.0,0.0,0.0,0.0,0.0,0.0,0.0,0.0,0.0
2024-11-18T05:00,3600,0.0,0.0,0.0,0.0,0.0,0.0,0.0,0.0,0.0
2024-11-18T06:00,3600,0.0,0.0,0.0,0.0,0.0,0.0,0.0,0.0,0.96820194
2024-11-18T07:00,3600,0.0,0.0,0.0,0.0,0.0,0.0,0.0,0.0,98.69410094
2024-11-18T08:00,3600,0.0,0.0,0.0,0.0,0.0,0.0,0.0,0.0,264.32090854
2024-11-18T09:00,3600,0.0,0.0,0.0,0.0,0.0,0.0,0.0,0.0,533.36836146
2024-11-18T10:00,3600,0.0,0.0,0.0,0.0,0.0,0.0,0.0,0.0,684.02687588
2024-11-18T11:00,3600,0.0,0.0,0.0,0.0,0.0,0.0,0.0,0.0,834.87004685
2024-11-18T12:00,3600,0.0,0.0,0.0,0.0,0.0,0.0,0.0,0.0,838.01299174
2024-11-18T13:00,3600,0.0,0.0,0.0,0.0,0.0,0.0,0.0,0.0,679.52015327
2024-11-18T14:00,3600,0.0,0.0,0.0,0.0,0.0,0.0,0.0,0.0,291.5952393
2024-11-18T15:00,3600,0.0,0.0,0.0,0.0,0.0,0.0,0.0,0.0,122.4666412
2024-11-18T16:00,3600,0.0,0.0,0.0,0.0,0.0,0.0,0.0,0.0,66.62470941
2024-11-18T17:00,3600,0.0,0.0,0.0,0.0,0.0,0.0,0.0,0.0,6.77741359
2024-11-18T18:00,3600,0.8335913933266776,0.0,0.0,0.8335913933266776,0.0,0.0,0.0,0.0,0.0
2024-11-18T19:00,3600,0.8334803014298576,0.0,0.0,0.8334803014298576,0.0,0.0,0.0,0.0,0.0
2024-11-18T20:00,3600,0.8287962611722117,0.0,0.0,0.8287962611722117,0.0,0.0,0.0,0.0,0.0
2024-11-18T21:00,3600,0.6584263734620835,0.0,0.0,0.6584263734620835,0.0,0.0,0.0,0.0,0.0
2024-11-18T22:00,3600,0.05724251176470586,0.0,0.0,0.05724251176470586,0.0,0.0,0.0,0.0,0.0
2024-11-18T23:00,3600,0.04428293823529409,0.0,0.0,0.04428293823529409,0.0,0.0,0.0,0.0,0.0
2024-11-19T00:00,3600,0.0,0.0,0.0,0.0,0.0,0.0,0.0,0.0,0.0
2024-11-19T01:00,3600,0.0,0.0,0.0,0.0,0.0,0.0,0.0,0.0,0.0
2024-11-19T02:00,3600,0.0,0.0,0.0,0.0,0.0,0.0,0.0,0.0,0.0
2024-11-19T03:00,3600,0.0,0.0,0.0,0.0,0.0,0.0,0.0,0.0,0.0
2024-11-19T04:00,3600,0.0,0.0,0.0,0.0,0.0,0.0,0.0,0.0,0.0
2024-11-19T05:00,3600,0.0,0.0,0.0,0.0,0.0,0.0,0.0,0.0,0.0
2024-11-19T06:00,3600,0.0,0.0,0.0,0.0,0.0,0.0,0.0,0.0,0.0
2024-11-19T07:00,3600,0.0,0.0,0.0,0.0,0.0,0.0,0.0,0.0,17.5256099
2024-11-19T08:00,3600,0.0,0.0,0.0,0.0,0.0,0.0,0.0,0.0,47.61289847
2024-11-19T09:00,3600,0.0,0.0,0.0,0.0,0.0,0.0,0.0,0.0,71.64694366
2024-11-19T10:00,3600,0.0,0.0,0.0,0.0,0.0,0.0,0.0,0.0,66.15011353
2024-11-19T11:00,3600,0.0,0.0,0.0,0.0,0.0,0.0,0.0,0.0,90.04278055
2024-11-19T12:00,3600,0.0,0.0,0.0,0.0,0.0,0.0,0.0,0.0,63.90132813
2024-11-19T13:00,3600,0.0,0.0,0.0,0.0,0.0,0.0,0.0,0.0,66.80593396
2024-11-19T14:00,3600,0.0,0.0,0.0,0.0,0.0,0.0,0.0,0.0,76.06459164
2024-11-19T15:00,3600,0.0,0.0,0.0,0.0,0.0,0.0,0.0,0.0,30.98246212
2024-11-19T16:00,3600,0.0,0.0,0.0,0.0,0.0,0.0,0.0,0.0,15.49123106
2024-11-19T17:00,3600,0.0,0.0,0.0,0.0,0.0,0.0,0.0,0.0,1.93640388
2024-11-19T18:00,3600,0.0,0.0,0.0,0.0,0.0,0.0,0.0,0.0,0.0
2024-11-19T19:00,3600,0.0,0.0,0.0,0.0,0.0,0.0,0.0,0.0,0.0
2024-11-19T20:00,3600,0.0,0.0,0.0,0.0,0.0,0.0,0.0,0.0,0.0
2024-11-19T21:00,3600,0.0,0.0,0.0,0.0,0.0,0.0,0.0,0.0,0.0
2024-11-19T22:00,3600,0.0,0.0,0.0,0.0,0.0,0.0,0.0,0.0,0.0
2024-11-19T23:00,3600,0.0,0.0,0.0,0.0,0.0,0.0,0.0,0.0,0.0
2024-11-20T00:00,3600,0.0,0.0,0.0,0.0,0.0,0.0,0.0,0.0,0.0
2024-11-20T01:00,3600,0.0,0.0,0.0,0.0,0.0,0.0,0.0,0.0,0.0
2024-11-20T02:00,3600,0.0,0.0,0.0,0.0,0.0,0.0,0.0,0.0,0.0
2024-11-20T03:00,3600,0.0,0.0,0.0,0.0,0.0,0.0,0.0,0.0,0.0
2024-11-20T04:00,3600,0.0,0.0,0.0,0.0,0.0,0.0,0.0,0.0,0.0
2024-11-20T05:00,3600,0.0,0.0,0.0,0.0,0.0,0.0,0.0,0.0,0.0
2024-11-20T06:00,3600,0.0,0.0,0.0,0.0,0.0,0.0,0.0,0.0,0.0
2024-11-20T07:00,3600,0.0,0.0,0.0,0.0,0.0,0.0,0.0,0.0,8.71381747
2024-11-20T08:00,3600,0.0,0.0,0.0,0.0,0.0,0.0,0.0,0.0,17.42763494
2024-11-20T09:00,3600,0.0,0.0,0.0,0.0,0.0,0.0,0.0,0.0,47.44189513
2024-11-20T10:00,3600,0.0,0.0,0.0,0.0,0.0,0.0,0.0,0.0,45.90010056
2024-11-20T11:00,3600,0.0,0.0,0.0,0.0,0.0,0.0,0.0,0.0,52.28290483
2024-11-20T12:00,3600,0.0,0.0,0.0,0.0,0.0,0.0,0.0,0.0,55.18751066
2024-11-20T13:00,3600,0.0,0.0,0.0,0.0,0.0,0.0,0.0,0.0,51.31470289
2024-11-20T14:00,3600,0.0,0.0,0.0,0.0,0.0,0.0,0.0,0.0,28.0778563
2024-11-20T15:00,3600,0.0,0.0,0.0,0.0,0.0,0.0,0.0,0.0,34.33337502
2024-11-20T16:00,3600,0.0,0.0,0.0,0.0,0.0,0.0,0.0,0.0,26.14145242
2024-11-20T17:00,3600,0.0,0.0,0.0,0.0,0.0,0.0,0.0,0.0,2.90460582
2024-11-20T18:00,3600,0.0,0.0,0.0,0.0,0.0,0.0,0.0,0.0,0.0
2024-11-20T19:00,3600,0.0,0.0,0.0,0.0,0.0,0.0,0.0,0.0,0.0
2024-11-20T20:00,3600,0.0,0.0,0.0,0.0,0.0,0.0,0.0,0.0,0.0
2024-11-20T21:00,3600,0.0,0.0,0.0,0.0,0.0,0.0,0.0,0.0,0.0
2024-11-20T22:00,3600,0.0,0.0,0.0,0.0,0.0,0.0,0.0,0.0,0.0
2024-11-20T23:00,3600,0.0,0.0,0.0,0.0,0.0,0.0,0.0,0.0,0.0
2024-11-21T00:00,3600,0.0,0.0,0.0,0.0,0.0,0.0,0.0,0.0,0.0
2024-11-21T01:00,3600,0.0,0.0,0.0,0.0,0.0,0.0,0.0,0.0,0.0
2024-11-21T02:00,3600,0.0,0.0,0.0,0.0,0.0,0.0,0.0,0.0,0.0
2024-11-21T03:00,3600,0.0,0.0,0.0,0.0,0.0,0.0,0.0,0.0,0.0
2024-11-21T04:00,3600,0.0,0.0,0.0,0.0,0.0,0.0,0.0,0.0,0.0
2024-11-21T05:00,3600,0.0,0.0,0.0,0.0,0.0,0.0,0.0,0.0,0.0
2024-11-21T06:00,3600,0.0,0.0,0.0,0.0,0.0,0.0,0.0,0.0,0.96820194
2024-11-21T07:00,3600,0.0,0.0,0.0,0.0,0.0,0.0,0.0,0.0,58.43716028
2024-11-21T08:00,3600,0.0,0.0,0.0,0.0,0.0,0.0,0.0,0.0,207.98346643
2024-11-21T09:00,3600,0.0,0.0,0.0,0.0,0.0,0.0,0.0,0.0,382.06634638
2024-11-21T10:00,3600,0.0,0.0,0.0,0.0,0.0,0.0,0.0,0.0,716.24392488
2024-11-21T11:00,3600,0.0,0.0,0.0,0.0,0.0,0.0,0.0,0.0,817.19893948
2024-11-21T12:00,3600,0.0,0.0,0.0,0.0,0.0,0.0,0.0,0.0,820.66904122
2024-11-21T13:00,3600,0.0,0.0,0.0,0.0,0.0,0.0,0.0,0.0,766.14608609
2024-11-21T14:00,3600,0.0,0.0,0.0,0.0,0.0,0.0,0.0,0.0,524.63297882
2024-11-21T15:00,3600,0.0,0.0,0.0,0.0,0.0,0.0,0.0,0.0,364.73233111
2024-11-21T16:00,3600,0.0,0.0,0.0,0.0,0.0,0.0,0.0,0.0,197.83015871
2024-11-21T17:00,3600,0.0,0.0,0.0,0.0,0.0,0.0,0.0,0.0,23.25058827
2024-11-21T18:00,3600,0.0,0.0,0.0,0.0,0.0,0.0,0.0,0.0,0.0
2024-11-21T19:00,3600,0.0,0.0,0.0,0.0,0.0,0.0,0.0,0.0,0.0
2024-11-21T20:00,3600,0.0,0.0,0.0,0.0,0.0,0.0,0.0,0.0,0.0
2024-11-21T21:00,3600,0.0,0.0,0.0,0.0,0.0,0.0,0.0,0.0,0.0
2024-11-21T22:00,3600,0.0,0.0,0.0,0.0,0.0,0.0,0.0,0.0,0.0
2024-11-21T23:00,3600,0.0,0.0,0.0,0.0,0.0,0.0,0.0,0.0,0.0
2024-11-22T00:00,3600,0.0,0.0,0.0,0.0,0.0,0.0,0.0,0.0,0.0
2024-11-22T01:00,3600,0.0,0.0,0.0,0.0,0.0,0.0,0.0,0.0,0.0
2024-11-22T02:00,3600,0.0,0.0,0.0,0.0,0.0,0.0,0.0,0.0,0.0
2024-11-22T03:00,3600,0.0,0.0,0.0,0.0,0.0,0.0,0.0,0.0,0.0
2024-11-22T04:00,3600,0.0,0.0,0.0,0.0,0.0,0.0,0.0,0.0,0.0
2024-11-22T05:00,3600,0.0,0.0,0.0,0.0,0.0,0.0,0.0,0.0,0.0
2024-11-22T06:00,3600,0.0,0.0,0.0,0.0,0.0,0.0,0.0,0.0,0.96820194
2024-11-22T07:00,3600,0.0,0.0,0.0,0.0,0.0,0.0,0.0,0.0,77.29682607
2024-11-22T08:00,3600,0.0,0.0,0.0,0.0,0.0,0.0,0.0,0.0,219.17964267
2024-11-22T09:00,3600,0.0,0.0,0.0,0.0,0.0,0.0,0.0,0.0,373.69894185
2024-11-22T10:00,3600,0.0,0.0,0.0,0.0,0.0,0.0,0.0,0.0,457.04938635
2024-11-22T11:00,3600,0.0,0.0,0.0,0.0,0.0,0.0,0.0,0.0,717.36358035
2024-11-22T12:00,3600,0.0,0.0,0.0,0.0,0.0,0.0,0.0,0.0,836.7069567
2024-11-22T13:00,3600,0.0,0.0,0.0,0.0,0.0,0.0,0.0,0.0,778.93966704
2024-11-22T14:00,3600,0.0,0.0,0.0,0.0,0.0,0.0,0.0,0.0,607.15578302
2024-11-22T15:00,3600,0.0,0.0,0.0,0.0,0.0,0.0,0.0,0.0,426.22441093
2024-11-22T16:00,3600,0.0,0.0,0.0,0.0,0.0,0.0,0.0,0.0,218.01299135
2024-11-22T17:00,3600,0.0,0.0,0.0,0.0,0.0,0.0,0.0,0.0,25.31610434
2024-11-22T18:00,3600,0.0,0.0,0.0,0.0,0.0,0.0,0.0,0.0,0.0
2024-11-22T19:00,3600,0.0,0.0,0.0,0.0,0.0,0.0,0.0,0.0,0.0
2024-11-22T20:00,3600,0.0,0.0,0.0,0.0,0.0,0.0,0.0,0.0,0.0
2024-11-22T21:00,3600,0.0,0.0,0.0,0.0,0.0,0.0,0.0,0.0,0.0
2024-11-22T22:00,3600,0.0,0.0,0.0,0.0,0.0,0.0,0.0,0.0,0.0
2024-11-22T23:00,3600,0.0,0.0,0.0,0.0,0.0,0.0,0.0,0.0,0.0
2024-11-23T00:00,3600,0.0,0.0,0.0,0.0,0.0,0.0,0.0,0.0,0.0
2024-11-23T01:00,3600,0.0,0.0,0.0,0.0,0.0,0.0,0.0,0.0,0.0
2024-11-23T02:00,3600,0.0,0.0,0.0,0.0,0.0,0.0,0.0,0.0,0.0
2024-11-23T03:00,3600,0.0,0.0,0.0,0.0,0.0,0.0,0.0,0.0,0.0
2024-11-23T04:00,3600,0.0,0.0,0.0,0.0,0.0,0.0,0.0,0.0,0.0
2024-11-23T05:00,3600,0.0,0.0,0.0,0.0,0.0,0.0,0.0,0.0,0.0
2024-11-23T06:00,3600,0.0,0.0,0.0,0.0,0.0,0.0,0.0,0.0,0.96820194
2024-11-23T07:00,3600,0.0,0.0,0.0,0.0,0.0,0.0,0.0,0.0,30.16711561
2024-11-23T08:00,3600,0.0,0.0,0.0,0.0,0.0,0.0,0.0,0.0,146.32291548
2024-11-23T09:00,3600,0.0,0.0,0.0,0.0,0.0,0.0,0.0,0.0,289.03859853
2024-11-23T10:00,3600,0.0,0.0,0.0,0.0,0.0,0.0,0.0,0.0,590.96432838
2024-11-23T11:00,3600,0.0,0.0,0.0,0.0,0.0,0.0,0.0,0.0,710.12965558
2024-11-23T12:00,3600,0.0,0.0,0.0,0.0,0.0,0.0,0.0,0.0,728.78983818
2024-11-23T13:00,3600,0.0,0.0,0.0,0.0,0.0,0.0,0.0,0.0,572.27323802
2024-11-23T14:00,3600,0.0,0.0,0.0,0.0,0.0,0.0,0.0,0.0,547.71357043
2024-11-23T15:00,3600,0.0,0.0,0.0,0.0,0.0,0.0,0.0,0.0,350.73171425
2024-11-23T16:00,3600,0.0,0.0,0.0,0.0,0.0,0.0,0.0,0.0,155.48624679
2024-11-23T17:00,3600,0.0,0.0,0.0,0.0,0.0,0.0,0.0,0.0,20.53009353
2024-11-23T18:00,3600,0.0,0.0,0.0,0.0,0.0,0.0,0.0,0.0,0.0
2024-11-23T19:00,3600,0.0,0.0,0.0,0.0,0.0,0.0,0.0,0.0,0.0
2024-11-23T20:00,3600,0.0,0.0,0.0,0.0,0.0,0.0,0.0,0.0,0.0
2024-11-23T21:00,3600,0.0,0.0,0.0,0.0,0.0,0.0,0.0,0.0,0.0
2024-11-23T22:00,3600,0.0,0.0,0.0,0.0,0.0,0.0,0.0,0.0,0.0
2024-11-23T23:00,3600,0.0,0.0,0.0,0.0,0.0,0.0,0.0,0.0,0.0
2024-11-24T00:00,3600,0.0,0.0,0.0,0.0,0.0,0.0,0.0,0.0,0.0
2024-11-24T01:00,3600,0.0,0.0,0.0,0.0,0.0,0.0,0.0,0.0,0.0
2024-11-24T02:00,3600,0.0,0.0,0.0,0.0,0.0,0.0,0.0,0.0,0.0
2024-11-24T03:00,3600,0.0,0.0,0.0,0.0,0.0,0.0,0.0,0.0,0.0
2024-11-24T04:00,3600,0.0,0.0,0.0,0.0,0.0,0.0,0.0,0.0,0.0
2024-11-24T05:00,3600,0.0,0.0,0.0,0.0,0.0,0.0,0.0,0.0,0.0
2024-11-24T06:00,3600,0.0,0.0,0.0,0.0,0.0,0.0,0.0,0.0,0.0
2024-11-24T07:00,3600,0.0,0.0,0.0,0.0,0.0,0.0,0.0,0.0,28.53578431
2024-11-24T08:00,3600,0.0,0.0,0.0,0.0,0.0,0.0,0.0,0.0,93.05687584
2024-11-24T09:00,3600,0.0,0.0,0.0,0.0,0.0,0.0,0.0,0.0,197.9284095
2024-11-24T10:00,3600,0.0,0.0,0.0,0.0,0.0,0.0,0.0,0.0,232.1056723
2024-11-24T11:00,3600,0.0,0.0,0.0,0.0,0.0,0.0,0.0,0.0,163.78869559
2024-11-24T12:00,3600,0.0,0.0,0.0,0.0,0.0,0.0,0.0,0.0,226.1665303
2024-11-24T13:00,3600,0.0,0.0,0.0,0.0,0.0,0.0,0.0,0.0,282.73396766
2024-11-24T14:00,3600,0.0,0.0,0.0,0.0,0.0,0.0,0.0,0.0,148.08581657
2024-11-24T15:00,3600,0.0,0.0,0.0,0.0,0.0,0.0,0.0,0.0,180.69853946
2024-11-24T16:00,3600,0.0,0.0,0.0,0.0,0.0,0.0,0.0,0.0,67.13508819
2024-11-24T17:00,3600,0.0,0.0,0.0,0.0,0.0,0.0,0.0,0.0,6.83786951
2024-11-24T18:00,3600,0.0,0.0,0.0,0.0,0.0,0.0,0.0,0.0,0.0
2024-11-24T19:00,3600,0.0,0.0,0.0,0.0,0.0,0.0,0.0,0.0,0.0
2024-11-24T20:00,3600,0.0,0.0,0.0,0.0,0.0,0.0,0.0,0.0,0.0
2024-11-24T21:00,3600,0.0,0.0,0.0,0.0,0.0,0.0,0.0,0.0,0.0
2024-11-24T22:00,3600,0.0,0.0,0.0,0.0,0.0,0.0,0.0,0.0,0.0
2024-11-24T23:00,3600,0.0,0.0,0.0,0.0,0.0,0.0,0.0,0.0,0.0
2024-11-25T00:00,3600,0.0,0.0,0.0,0.0,0.0,0.0,0.0,0.0,0.0
2024-11-25T01:00,3600,0.0,0.0,0.0,0.0,0.0,0.0,0.0,0.0,0.0
2024-11-25T02:00,3600,0.0,0.0,0.0,0.0,0.0,0.0,0.0,0.0,0.0
2024-11-25T03:00,3600,0.0,0.0,0.0,0.0,0.0,0.0,0.0,0.0,0.0
2024-11-25T04:00,3600,0.0,0.0,0.0,0.0,0.0,0.0,0.0,0.0,0.0
2024-11-25T05:00,3600,0.0,0.0,0.0,0.0,0.0,0.0,0.0,0.0,0.0
2024-11-25T06:00,3600,0.0,0.0,0.0,0.0,0.0,0.0,0.0,0.0,0.96820194
2024-11-25T07:00,3600,0.0,0.0,0.0,0.0,0.0,0.0,0.0,0.0,102.91702992
2024-11-25T08:00,3600,0.0,0.0,0.0,0.0,0.0,0.0,0.0,0.0,213.6424772
2024-11-25T09:00,3600,0.0,0.0,0.0,0.0,0.0,0.0,0.0,0.0,288.83594622
2024-11-25T10:00,3600,0.0,0.0,0.0,0.0,0.0,0.0,0.0,0.0,519.97335721
2024-11-25T11:00,3600,0.0,0.0,0.0,0.0,0.0,0.0,0.0,0.0,588.01552105
2024-11-25T12:00,3600,0.0,0.0,0.0,0.0,0.0,0.0,0.0,0.0,574.23247151
2024-11-25T13:00,3600,0.0,0.0,0.0,0.0,0.0,0.0,0.0,0.0,395.47625082
2024-11-25T14:00,3600,0.0,0.0,0.0,0.0,0.0,0.0,0.0,0.0,272.18504496
2024-11-25T15:00,3600,0.0,0.0,0.0,0.0,0.0,0.0,0.0,0.0,213.65607542
2024-11-25T16:00,3600,0.0,0.0,0.0,0.0,0.0,0.0,0.0,0.0,129.67943974
2024-11-25T17:00,3600,0.0,0.0,0.0,0.0,0.0,0.0,0.0,0.0,11.7613243
2024-11-25T18:00,3600,0.0,0.0,0.0,0.0,0.0,0.0,0.0,0.0,0.0
2024-11-25T19:00,3600,0.0,0.0,0.0,0.0,0.0,0.0,0.0,0.0,0.0
2024-11-25T20:00,3600,0.0,0.0,0.0,0.0,0.0,0.0,0.0,0.0,0.0
2024-11-25T21:00,3600,0.0,0.0,0.0,0.0,0.0,0.0,0.0,0.0,0.0
2024-11-25T22:00,3600,0.0,0.0,0.0,0.0,0.0,0.0,0.0,0.0,0.0
2024-11-25T23:00,3600,0.0,0.0,0.0,0.0,0.0,0.0,0.0,0.0,0.0
2024-11-26T00:00,3600,0.0,0.0,0.0,0.0,0.0,0.0,0.0,0.0,0.0
2024-11-26T01:00,3600,0.0,0.0,0.0,0.0,0.0,0.0,0.0,0.0,0.0
2024-11-26T02:00,3600,0.0,0.0,0.0,0.0,0.0,0.0,0.0,0.0,0.0
2024-11-26T03:00,3600,0.0,0.0,0.0,0.0,0.0,0.0,0.0,0.0,0.0
2024-11-26T04:00,3600,0.0,0.0,0.0,0.0,0.0,0.0,0.0,0.0,0.0
2024-11-26T05:00,3600,0.0,0.0,0.0,0.0,0.0,0.0,0.0,0.0,0.0
2024-11-26T06:00,3600,0.0,0.0,0.0,0.0,0.0,0.0,0.0,0.0,0.0
2024-11-26T07:00,3600,0.0,0.0,0.0,0.0,0.0,0.0,0.0,0.0,78.47952949
2024-11-26T08:00,3600,0.0,0.0,0.0,0.0,0.0,0.0,0.0,0.0,233.27807061
2024-11-26T09:00,3600,0.0,0.0,0.0,0.0,0.0,0.0,0.0,0.0,537.24267986
2024-11-26T10:00,3600,0.0,0.0,0.0,0.0,0.0,0.0,0.0,0.0,710.79098013
2024-11-26T11:00,3600,0.0,0.0,0.0,0.0,0.0,0.0,0.0,0.0,842.60371804
2024-11-26T12:00,3600,0.0,0.0,0.0,0.0,0.0,0.0,0.0,0.0,810.69574696
2024-11-26T13:00,3600,0.0,0.0,0.0,0.0,0.0,0.0,0.0,0.0,776.569247
2024-11-26T14:00,3600,0.0,0.0,0.0,0.0,0.0,0.0,0.0,0.0,662.88055147
2024-11-26T15:00,3600,0.0,0.0,0.0,0.0,0.0,0.0,0.0,0.0,463.77551088
2024-11-26T16:00,3600,0.0,0.0,0.0,0.0,0.0,0.0,0.0,0.0,240.80068184
2024-11-26T17:00,3600,0.0,0.0,0.0,0.0,0.0,0.0,0.0,0.0,26.79400655
2024-11-26T18:00,3600,0.0,0.0,0.0,0.0,0.0,0.0,0.0,0.0,0.0
2024-11-26T19:00,3600,0.0,0.0,0.0,0.0,0.0,0.0,0.0,0.0,0.0
2024-11-26T20:00,3600,0.0,0.0,0.0,0.0,0.0,0.0,0.0,0.0,0.0
2024-11-26T21:00,3600,0.0,0.0,0.0,0.0,0.0,0.0,0.0,0.0,0.0
2024-11-26T22:00,3600,0.0,0.0,0.0,0.0,0.0,0.0,0.0,0.0,0.0
2024-11-26T23:00,3600,0.0,0.0,0.0,0.0,0.0,0.0,0.0,0.0,0.0
2024-11-27T00:00,3600,0.0,0.0,0.0,0.0,0.0,0.0,0.0,0.0,0.0
2024-11-27T01:00,3600,0.0,0.0,0.0,0.0,0.0,0.0,0.0,0.0,0.0
2024-11-27T02:00,3600,0.0,0.0,0.0,0.0,0.0,0.0,0.0,0.0,0.0
2024-11-27T03:00,3600,0.0,0.0,0.0,0.0,0.0,0.0,0.0,0.0,0.0
2024-11-27T04:00,3600,0.0,0.0,0.0,0.0,0.0,0.0,0.0,0.0,0.0
2024-11-27T05:00,3600,0.0,0.0,0.0,0.0,0.0,0.0,0.0,0.0,0.0
2024-11-27T06:00,3600,0.0,0.0,0.0,0.0,0.0,0.0,0.0,0.0,0.96820194
2024-11-27T07:00,3600,0.0,0.0,0.0,0.0,0.0,0.0,0.0,0.0,111.20885857
2024-11-27T08:00,3600,0.0,0.0,0.0,0.0,0.0,0.0,0.0,0.0,242.63243639
2024-11-27T09:00,3600,0.0,0.0,0.0,0.0,0.0,0.0,0.0,0.0,396.86941189
2024-11-27T10:00,3600,0.0,0.0,0.0,0.0,0.0,0.0,0.0,0.0,490.56128377
2024-11-27T11:00,3600,0.0,0.0,0.0,0.0,0.0,0.0,0.0,0.0,603.92019054
2024-11-27T12:00,3600,0.0,0.0,0.0,0.0,0.0,0.0,0.0,0.0,578.02922972
2024-11-27T13:00,3600,0.0,0.0,0.0,0.0,0.0,0.0,0.0,0.0,706.59550607
2024-11-27T14:00,3600,0.0,0.0,0.0,0.0,0.0,0.0,0.0,0.0,669.90836636
2024-11-27T15:00,3600,0.0,0.0,0.0,0.0,0.0,0.0,0.0,0.0,482.89666607
2024-11-27T16:00,3600,0.0,0.0,0.0,0.0,0.0,0.0,0.0,0.0,244.24449421
2024-11-27T17:00,3600,0.0,0.0,0.0,0.0,0.0,0.0,0.0,0.0,26.91561258
2024-11-27T18:00,3600,0.0,0.0,0.0,0.0,0.0,0.0,0.0,0.0,0.0
2024-11-27T19:00,3600,0.0,0.0,0.0,0.0,0.0,0.0,0.0,0.0,0.0
2024-11-27T20:00,3600,0.0,0.0,0.0,0.0,0.0,0.0,0.0,0.0,0.0
2024-11-27T21:00,3600,0.0,0.0,0.0,0.0,0.0,0.0,0.0,0.0,0.0
2024-11-27T22:00,3600,0.0,0.0,0.0,0.0,0.0,0.0,0.0,0.0,0.0
2024-11-27T23:00,3600,0.0,0.0,0.0,0.0,0.0,0.0,0.0,0.0,0.0
2024-11-28T00:00,3600,0.0,0.0,0.0,0.0,0.0,0.0,0.0,0.0,0.0
2024-11-28T01:00,3600,0.0,0.0,0.0,0.0,0.0,0.0,0.0,0.0,0.0
2024-11-28T02:00,3600,0.0,0.0,0.0,0.0,0.0,0.0,0.0,0.0,0.0
2024-11-28T03:00,3600,0.0,0.0,0.0,0.0,0.0,0.0,0.0,0.0,0.0
2024-11-28T04:00,3600,0.0,0.0,0.0,0.0,0.0,0.0,0.0,0.0,0.0
2024-11-28T05:00,3600,0.0,0.0,0.0,0.0,0.0,0.0,0.0,0.0,0.0
2024-11-28T06:00,3600,0.0,0.0,0.0,0.0,0.0,0.0,0.0,0.0,0.0
2024-11-28T07:00,3600,0.0,0.0,0.0,0.0,0.0,0.0,0.0,0.0,85.65178085
2024-11-28T08:00,3600,0.0,0.0,0.0,0.0,0.0,0.0,0.0,0.0,284.61367825
2024-11-28T09:00,3600,0.0,0.0,0.0,0.0,0.0,0.0,0.0,0.0,492.53373783
2024-11-28T10:00,3600,0.0,0.0,0.0,0.0,0.0,0.0,0.0,0.0,644.75330849
2024-11-28T11:00,3600,0.0,0.0,0.0,0.0,0.0,0.0,0.0,0.0,804.37117106
2024-11-28T12:00,3600,0.0,0.0,0.0,0.0,0.0,0.0,0.0,0.0,880.00966251
2024-11-28T13:00,3600,0.0,0.0,0.0,0.0,0.0,0.0,0.0,0.0,828.51807256
2024-11-28T14:00,3600,0.0,0.0,0.0,0.0,0.0,0.0,0.0,0.0,658.71238957
2024-11-28T15:00,3600,0.0,0.0,0.0,0.0,0.0,0.0,0.0,0.0,475.42096881
2024-11-28T16:00,3600,0.0,0.0,0.0,0.0,0.0,0.0,0.0,0.0,246.67000791
2024-11-28T17:00,3600,0.0,0.0,0.0,0.0,0.0,0.0,0.0,0.0,27.02374753
2024-11-28T18:00,3600,0.0,0.0,0.0,0.0,0.0,0.0,0.0,0.0,0.0
2024-11-28T19:00,3600,0.0,0.0,0.0,0.0,0.0,0.0,0.0,0.0,0.0
2024-11-28T20:00,3600,0.0,0.0,0.0,0.0,0.0,0.0,0.0,0.0,0.0
2024-11-28T21:00,3600,0.0,0.0,0.0,0.0,0.0,0.0,0.0,0.0,0.0
2024-11-28T22:00,3600,0.0,0.0,0.0,0.0,0.0,0.0,0.0,0.0,0.0
2024-11-28T23:00,3600,0.0,0.0,0.0,0.0,0.0,0.0,0.0,0.0,0.0
2024-11-29T00:00,3600,0.0,0.0,0.0,0.0,0.0,0.0,0.0,0.0,0.0
2024-11-29T01:00,3600,0.0,0.0,0.0,0.0,0.0,0.0,0.0,0.0,0.0
2024-11-29T02:00,3600,0.0,0.0,0.0,0.0,0.0,0.0,0.0,0.0,0.0
2024-11-29T03:00,3600,0.0,0.0,0.0,0.0,0.0,0.0,0.0,0.0,0.0
2024-11-29T04:00,3600,0.0,0.0,0.0,0.0,0.0,0.0,0.0,0.0,0.0
2024-11-29T05:00,3600,0.0,0.0,0.0,0.0,0.0,0.0,0.0,0.0,0.0
2024-11-29T06:00,3600,0.0,0.0,0.0,0.0,0.0,0.0,0.0,0.0,0.0
2024-11-29T07:00,3600,0.0,0.0,0.0,0.0,0.0,0.0,0.0,0.0,129.68255786
2024-11-29T08:00,3600,0.0,0.0,0.0,0.0,0.0,0.0,0.0,0.0,379.24561469
2024-11-29T09:00,3600,0.0,0.0,0.0,0.0,0.0,0.0,0.0,0.0,608.44073005
2024-11-29T10:00,3600,0.0,0.0,0.0,0.0,0.0,0.0,0.0,0.0,782.1052722
2024-11-29T11:00,3600,0.0,0.0,0.0,0.0,0.0,0.0,0.0,0.0,884.39084012
2024-11-29T12:00,3600,0.0,0.0,0.0,0.0,0.0,0.0,0.0,0.0,903.89137051
2024-11-29T13:00,3600,0.0,0.0,0.0,0.0,0.0,0.0,0.0,0.0,840.79159255
2024-11-29T14:00,3600,0.0,0.0,0.0,0.0,0.0,0.0,0.0,0.0,696.69406891
2024-11-29T15:00,3600,0.0,0.0,0.0,0.0,0.0,0.0,0.0,0.0,494.09213741
2024-11-29T16:00,3600,0.0,0.0,0.0,0.0,0.0,0.0,0.0,0.0,251.6697016
2024-11-29T17:00,3600,0.0,0.0,0.0,0.0,0.0,0.0,0.0,0.0,28.26198659
2024-11-29T18:00,3600,0.0,0.0,0.0,0.0,0.0,0.0,0.0,0.0,0.0
2024-11-29T19:00,3600,0.0,0.0,0.0,0.0,0.0,0.0,0.0,0.0,0.0
2024-11-29T20:00,3600,0.0,0.0,0.0,0.0,0.0,0.0,0.0,0.0,0.0
2024-11-29T21:00,3600,0.0,0.0,0.0,0.0,0.0,0.0,0.0,0.0,0.0
2024-11-29T22:00,3600,0.0,0.0,0.0,0.0,0.0,0.0,0.0,0.0,0.0
2024-11-29T23:00,3600,0.0,0.0,0.0,0.0,0.0,0.0,0.0,0.0,0.0
2024-11-30T00:00,3600,0.0,0.0,0.0,0.0,0.0,0.0,0.0,0.0,0.0
2024-11-30T01:00,3600,0.0,0.0,0.0,0.0,0.0,0.0,0.0,0.0,0.0
2024-11-30T02:00,3600,0.0,0.0,0.0,0.0,0.0,0.0,0.0,0.0,0.0
2024-11-30T03:00,3600,0.0,0.0,0.0,0.0,0.0,0.0,0.0,0.0,0.0
2024-11-30T04:00,3600,0.0,0.0,0.0,0.0,0.0,0.0,0.0,0.0,0.0
2024-11-30T05:00,3600,0.0,0.0,0.0,0.0,0.0,0.0,0.0,0.0,0.0
2024-11-30T06:00,3600,0.0,0.0,0.0,0.0,0.0,0.0,0.0,0.0,0.0
2024-11-30T07:00,3600,0.0,0.0,0.0,0.0,0.0,0.0,0.0,0.0,102.41279039
2024-11-30T08:00,3600,0.0,0.0,0.0,0.0,0.0,0.0,0.0,0.0,329.59196837
2024-11-30T09:00,3600,0.0,0.0,0.0,0.0,0.0,0.0,0.0,0.0,534.66463138
2024-11-30T10:00,3600,0.0,0.0,0.0,0.0,0.0,0.0,0.0,0.0,708.54634475
2024-11-30T11:00,3600,0.0,0.0,0.0,0.0,0.0,0.0,0.0,0.0,778.6516709
2024-11-30T12:00,3600,0.0,0.0,0.0,0.0,0.0,0.0,0.0,0.0,787.39764252
2024-11-30T13:00,3600,0.0,0.0,0.0,0.0,0.0,0.0,0.0,0.0,796.60464576
2024-11-30T14:00,3600,0.0,0.0,0.0,0.0,0.0,0.0,0.0,0.0,616.8363427
2024-11-30T15:00,3600,0.0,0.0,0.0,0.0,0.0,0.0,0.0,0.0,455.38111582
2024-11-30T16:00,3600,0.0,0.0,0.0,0.0,0.0,0.0,0.0,0.0,239.15567891
2024-11-30T17:00,3600,0.0,0.0,0.0,0.0,0.0,0.0,0.0,0.0,27.25270268
2024-11-30T18:00,3600,0.0,0.0,0.0,0.0,0.0,0.0,0.0,0.0,0.0
2024-11-30T19:00,3600,0.0,0.0,0.0,0.0,0.0,0.0,0.0,0.0,0.0
2024-11-30T20:00,3600,0.0,0.0,0.0,0.0,0.0,0.0,0.0,0.0,0.0
2024-11-30T21:00,3600,0.0,0.0,0.0,0.0,0.0,0.0,0.0,0.0,0.0
2024-11-30T22:00,3600,0.0,0.0,0.0,0.0,0.0,0.0,0.0,0.0,0.0
2024-11-30T23:00,3600,0.0,0.0,0.0,0.0,0.0,0.0,0.0,0.0,0.0
2024-12-01T00:00,3600,0.0,0.0,0.0,0.0,0.0,0.0,0.0,0.0,0.0
2024-12-01T01:00,3600,0.0,0.0,0.0,0.0,0.0,0.0,0.0,0.0,0.0
2024-12-01T02:00,3600,0.0,0.0,0.0,0.0,0.0,0.0,0.0,0.0,0.0
2024-12-01T03:00,3600,0.0,0.0,0.0,0.0,0.0,0.0,0.0,0.0,0.0
2024-12-01T04:00,3600,0.0,0.0,0.0,0.0,0.0,0.0,0.0,0.0,0.0
2024-12-01T05:00,3600,0.0,0.0,0.0,0.0,0.0,0.0,0.0,0.0,0.0
2024-12-01T06:00,3600,0.0,0.0,0.0,0.0,0.0,0.0,0.0,0.0,0.0
2024-12-01T07:00,3600,0.0,0.0,0.0,0.0,0.0,0.0,0.0,0.0,120.8451597
2024-12-01T08:00,3600,0.0,0.0,0.0,0.0,0.0,0.0,0.0,0.0,366.04067975
2024-12-01T09:00,3600,0.0,0.0,0.0,0.0,0.0,0.0,0.0,0.0,590.30316395
2024-12-01T10:00,3600,0.0,0.0,0.0,0.0,0.0,0.0,0.0,0.0,762.66738091
2024-12-01T11:00,3600,0.0,0.0,0.0,0.0,0.0,0.0,0.0,0.0,863.00531492
2024-12-01T12:00,3600,0.0,0.0,0.0,0.0,0.0,0.0,0.0,0.0,883.4447548
2024-12-01T13:00,3600,0.0,0.0,0.0,0.0,0.0,0.0,0.0,0.0,820.84732542
2024-12-01T14:00,3600,0.0,0.0,0.0,0.0,0.0,0.0,0.0,0.0,685.85839685
2024-12-01T15:00,3600,0.0,0.0,0.0,0.0,0.0,0.0,0.0,0.0,487.39256856
2024-12-01T16:00,3600,0.0,0.0,0.0,0.0,0.0,0.0,0.0,0.0,248.37958889
2024-12-01T17:00,3600,0.0,0.0,0.0,0.0,0.0,0.0,0.0,0.0,28.4912669
2024-12-01T18:00,3600,0.0,0.0,0.0,0.0,0.0,0.0,0.0,0.0,0.0
2024-12-01T19:00,3600,0.0,0.0,0.0,0.0,0.0,0.0,0.0,0.0,0.0
2024-12-01T20:00,3600,0.0,0.0,0.0,0.0,0.0,0.0,0.0,0.0,0.0
2024-12-01T21:00,3600,0.0,0.0,0.0,0.0,0.0,0.0,0.0,0.0,0.0
2024-12-01T22:00,3600,0.0,0.0,0.0,0.0,0.0,0.0,0.0,0.0,0.0
2024-12-01T23:00,3600,0.0,0.0,0.0,0.0,0.0,0.0,0.0,0.0,0.0
2024-12-02T00:00,3600,0.0,0.0,0.0,0.0,0.0,0.0,0.0,0.0,0.0
2024-12-02T01:00,3600,0.0,0.0,0.0,0.0,0.0,0.0,0.0,0.0,0.0
2024-12-02T02:00,3600,0.0,0.0,0.0,0.0,0.0,0.0,0.0,0.0,0.0
2024-12-02T03:00,3600,0.0,0.0,0.0,0.0,0.0,0.0,0.0,0.0,0.0
2024-12-02T04:00,3600,0.0,0.0,0.0,0.0,0.0,0.0,0.0,0.0,0.0
2024-12-02T05:00,3600,0.0,0.0,0.0,0.0,0.0,0.0,0.0,0.0,0.0
2024-12-02T06:00,3600,0.0,0.0,0.0,0.0,0.0,0.0,0.0,0.0,0.0
2024-12-02T07:00,3600,0.0,0.0,0.0,0.0,0.0,0.0,0.0,0.0,113.74173068
2024-12-02T08:00,3600,0.0,0.0,0.0,0.0,0.0,0.0,0.0,0.0,355.19479193
2024-12-02T09:00,3600,0.0,0.0,0.0,0.0,0.0,0.0,0.0,0.0,574.45682191
2024-12-02T10:00,3600,0.0,0.0,0.0,0.0,0.0,0.0,0.0,0.0,743.46283941
2024-12-02T11:00,3600,0.0,0.0,0.0,0.0,0.0,0.0,0.0,0.0,852.20569376
2024-12-02T12:00,3600,0.0,0.0,0.0,0.0,0.0,0.0,0.0,0.0,869.34566993
2024-12-02T13:00,3600,0.0,0.0,0.0,0.0,0.0,0.0,0.0,0.0,801.15547811
2024-12-02T14:00,3600,0.0,0.0,0.0,0.0,0.0,0.0,0.0,0.0,674.92153421
2024-12-02T15:00,3600,0.0,0.0,0.0,0.0,0.0,0.0,0.0,0.0,479.71072314
2024-12-02T16:00,3600,0.0,0.0,0.0,0.0,0.0,0.0,0.0,0.0,243.48494276
2024-12-02T17:00,3600,0.0,0.0,0.0,0.0,0.0,0.0,0.0,0.0,27.46094258
2024-12-02T18:00,3600,0.0,0.0,0.0,0.0,0.0,0.0,0.0,0.0,0.0
2024-12-02T19:00,3600,0.0,0.0,0.0,0.0,0.0,0.0,0.0,0.0,0.0
2024-12-02T20:00,3600,0.0,0.0,0.0,0.0,0.0,0.0,0.0,0.0,0.0
2024-12-02T21:00,3600,0.0,0.0,0.0,0.0,0.0,0.0,0.0,0.0,0.0
2024-12-02T22:00,3600,0.0,0.0,0.0,0.0,0.0,0.0,0.0,0.0,0.0
2024-12-02T23:00,3600,0.0,0.0,0.0,0.0,0.0,0.0,0.0,0.0,0.0
2024-12-03T00:00,3600,0.0,0.0,0.0,0.0,0.0,0.0,0.0,0.0,0.0
2024-12-03T01:00,3600,0.0,0.0,0.0,0.0,0.0,0.0,0.0,0.0,0.0
2024-12-03T02:00,3600,0.0,0.0,0.0,0.0,0.0,0.0,0.0,0.0,0.0
2024-12-03T03:00,3600,0.0,0.0,0.0,0.0,0.0,0.0,0.0,0.0,0.0
2024-12-03T04:00,3600,0.0,0.0,0.0,0.0,0.0,0.0,0.0,0.0,0.0
2024-12-03T05:00,3600,0.0,0.0,0.0,0.0,0.0,0.0,0.0,0.0,0.0
2024-12-03T06:00,3600,0.0,0.0,0.0,0.0,0.0,0.0,0.0,0.0,0.0
2024-12-03T07:00,3600,0.0,0.0,0.0,0.0,0.0,0.0,0.0,0.0,105.40439346
2024-12-03T08:00,3600,0.0,0.0,0.0,0.0,0.0,0.0,0.0,0.0,327.90356595
2024-12-03T09:00,3600,0.0,0.0,0.0,0.0,0.0,0.0,0.0,0.0,566.11393049
2024-12-03T10:00,3600,0.0,0.0,0.0,0.0,0.0,0.0,0.0,0.0,735.74421548
2024-12-03T11:00,3600,0.0,0.0,0.0,0.0,0.0,0.0,0.0,0.0,802.92686376
2024-12-03T12:00,3600,0.0,0.0,0.0,0.0,0.0,0.0,0.0,0.0,862.31715471
2024-12-03T13:00,3600,0.0,0.0,0.0,0.0,0.0,0.0,0.0,0.0,804.27569008
2024-12-03T14:00,3600,0.0,0.0,0.0,0.0,0.0,0.0,0.0,0.0,655.76798335
2024-12-03T15:00,3600,0.0,0.0,0.0,0.0,0.0,0.0,0.0,0.0,465.48015921
2024-12-03T16:00,3600,0.0,0.0,0.0,0.0,0.0,0.0,0.0,0.0,239.32791617
2024-12-03T17:00,3600,0.0,0.0,0.0,0.0,0.0,0.0,0.0,0.0,27.55186961
2024-12-03T18:00,3600,0.0,0.0,0.0,0.0,0.0,0.0,0.0,0.0,0.0
2024-12-03T19:00,3600,0.0,0.0,0.0,0.0,0.0,0.0,0.0,0.0,0.0
2024-12-03T20:00,3600,0.0,0.0,0.0,0.0,0.0,0.0,0.0,0.0,0.0
2024-12-03T21:00,3600,0.0,0.0,0.0,0.0,0.0,0.0,0.0,0.0,0.0
2024-12-03T22:00,3600,0.0,0.0,0.0,0.0,0.0,0.0,0.0,0.0,0.0
2024-12-03T23:00,3600,0.0,0.0,0.0,0.0,0.0,0.0,0.0,0.0,0.0
2024-12-04T00:00,3600,0.0,0.0,0.0,0.0,0.0,0.0,0.0,0.0,0.0
2024-12-04T01:00,3600,0.0,0.0,0.0,0.0,0.0,0.0,0.0,0.0,0.0
2024-12-04T02:00,3600,0.0,0.0,0.0,0.0,0.0,0.0,0.0,0.0,0.0
2024-12-04T03:00,3600,0.0,0.0,0.0,0.0,0.0,0.0,0.0,0.0,0.0
2024-12-04T04:00,3600,0.0,0.0,0.0,0.0,0.0,0.0,0.0,0.0,0.0
2024-12-04T05:00,3600,0.0,0.0,0.0,0.0,0.0,0.0,0.0,0.0,0.0
2024-12-04T06:00,3600,0.0,0.0,0.0,0.0,0.0,0.0,0.0,0.0,0.0
2024-12-04T07:00,3600,0.0,0.0,0.0,0.0,0.0,0.0,0.0,0.0,66.74639216
2024-12-04T08:00,3600,0.0,0.0,0.0,0.0,0.0,0.0,0.0,0.0,213.18797799
2024-12-04T09:00,3600,0.0,0.0,0.0,0.0,0.0,0.0,0.0,0.0,379.88012936
2024-12-04T10:00,3600,0.0,0.0,0.0,0.0,0.0,0.0,0.0,0.0,453.04790618
2024-12-04T11:00,3600,0.0,0.0,0.0,0.0,0.0,0.0,0.0,0.0,779.24128443
2024-12-04T12:00,3600,0.0,0.0,0.0,0.0,0.0,0.0,0.0,0.0,850.62076097
2024-12-04T13:00,3600,0.0,0.0,0.0,0.0,0.0,0.0,0.0,0.0,800.5693643
2024-12-04T14:00,3600,0.0,0.0,0.0,0.0,0.0,0.0,0.0,0.0,668.78211776
2024-12-04T15:00,3600,0.0,0.0,0.0,0.0,0.0,0.0,0.0,0.0,452.73830703
2024-12-04T16:00,3600,0.0,0.0,0.0,0.0,0.0,0.0,0.0,0.0,218.23896628
2024-12-04T17:00,3600,0.0,0.0,0.0,0.0,0.0,0.0,0.0,0.0,25.47585686
2024-12-04T18:00,3600,0.0,0.0,0.0,0.0,0.0,0.0,0.0,0.0,0.0
2024-12-04T19:00,3600,0.0,0.0,0.0,0.0,0.0,0.0,0.0,0.0,0.0
2024-12-04T20:00,3600,0.0,0.0,0.0,0.0,0.0,0.0,0.0,0.0,0.0
2024-12-04T21:00,3600,0.0,0.0,0.0,0.0,0.0,0.0,0.0,0.0,0.0
2024-12-04T22:00,3600,0.0,0.0,0.0,0.0,0.0,0.0,0.0,0.0,0.0
2024-12-04T23:00,3600,0.0,0.0,0.0,0.0,0.0,0.0,0.0,0.0,0.0
2024-12-05T00:00,3600,0.0,0.0,0.0,0.0,0.0,0.0,0.0,0.0,0.0
2024-12-05T01:00,3600,0.0,0.0,0.0,0.0,0.0,0.0,0.0,0.0,0.0
2024-12-05T02:00,3600,0.0,0.0,0.0,0.0,0.0,0.0,0.0,0.0,0.0
2024-12-05T03:00,3600,0.0,0.0,0.0,0.0,0.0,0.0,0.0,0.0,0.0
2024-12-05T04:00,3600,0.0,0.0,0.0,0.0,0.0,0.0,0.0,0.0,0.0
2024-12-05T05:00,3600,0.0,0.0,0.0,0.0,0.0,0.0,0.0,0.0,0.0
2024-12-05T06:00,3600,0.0,0.0,0.0,0.0,0.0,0.0,0.0,0.0,0.0
2024-12-05T07:00,3600,0.0,0.0,0.0,0.0,0.0,0.0,0.0,0.0,71.97893276
2024-12-05T08:00,3600,0.0,0.0,0.0,0.0,0.0,0.0,0.0,0.0,232.22631322
2024-12-05T09:00,3600,0.0,0.0,0.0,0.0,0.0,0.0,0.0,0.0,420.82843743
2024-12-05T10:00,3600,0.0,0.0,0.0,0.0,0.0,0.0,0.0,0.0,671.84070811
2024-12-05T11:00,3600,0.0,0.0,0.0,0.0,0.0,0.0,0.0,0.0,827.52833302
2024-12-05T12:00,3600,0.0,0.0,0.0,0.0,0.0,0.0,0.0,0.0,852.89357618
2024-12-05T13:00,3600,0.0,0.0,0.0,0.0,0.0,0.0,0.0,0.0,732.01738052
2024-12-05T14:00,3600,0.0,0.0,0.0,0.0,0.0,0.0,0.0,0.0,197.19019471
2024-12-05T15:00,3600,0.0,0.0,0.0,0.0,0.0,0.0,0.0,0.0,159.02372127
2024-12-05T16:00,3600,0.0,0.0,0.0,0.0,0.0,0.0,0.0,0.0,101.22826229
2024-12-05T17:00,3600,0.0,0.0,0.0,0.0,0.0,0.0,0.0,0.0,18.33479171
2024-12-05T18:00,3600,0.0,0.0,0.0,0.0,0.0,0.0,0.0,0.0,0.0
2024-12-05T19:00,3600,0.0,0.0,0.0,0.0,0.0,0.0,0.0,0.0,0.0
2024-12-05T20:00,3600,0.0,0.0,0.0,0.0,0.0,0.0,0.0,0.0,0.0
2024-12-05T21:00,3600,0.0,0.0,0.0,0.0,0.0,0.0,0.0,0.0,0.0
2024-12-05T22:00,3600,0.0,0.0,0.0,0.0,0.0,0.0,0.0,0.0,0.0
2024-12-05T23:00,3600,0.0,0.0,0.0,0.0,0.0,0.0,0.0,0.0,0.0
2024-12-06T00:00,3600,0.0,0.0,0.0,0.0,0.0,0.0,0.0,0.0,0.0
2024-12-06T01:00,3600,0.0,0.0,0.0,0.0,0.0,0.0,0.0,0.0,0.0
2024-12-06T02:00,3600,0.0,0.0,0.0,0.0,0.0,0.0,0.0,0.0,0.0
2024-12-06T03:00,3600,0.0,0.0,0.0,0.0,0.0,0.0,0.0,0.0,0.0
2024-12-06T04:00,3600,0.0,0.0,0.0,0.0,0.0,0.0,0.0,0.0,0.0
2024-12-06T05:00,3600,0.0,0.0,0.0,0.0,0.0,0.0,0.0,0.0,0.0
2024-12-06T06:00,3600,0.0,0.0,0.0,0.0,0.0,0.0,0.0,0.0,0.0
2024-12-06T07:00,3600,0.0,0.0,0.0,0.0,0.0,0.0,0.0,0.0,84.06640656
2024-12-06T08:00,3600,0.0,0.0,0.0,0.0,0.0,0.0,0.0,0.0,322.0417771
2024-12-06T09:00,3600,0.0,0.0,0.0,0.0,0.0,0.0,0.0,0.0,509.25678378
2024-12-06T10:00,3600,0.0,0.0,0.0,0.0,0.0,0.0,0.0,0.0,665.82954429
2024-12-06T11:00,3600,0.0,0.0,0.0,0.0,0.0,0.0,0.0,0.0,731.75847435
2024-12-06T12:00,3600,0.0,0.0,0.0,0.0,0.0,0.0,0.0,0.0,806.70521108
2024-12-06T13:00,3600,0.0,0.0,0.0,0.0,0.0,0.0,0.0,0.0,692.86119102
2024-12-06T14:00,3600,0.0,0.0,0.0,0.0,0.0,0.0,0.0,0.0,526.75701902
2024-12-06T15:00,3600,0.0,0.0,0.0,0.0,0.0,0.0,0.0,0.0,466.98294776
2024-12-06T16:00,3600,0.0,0.0,0.0,0.0,0.0,0.0,0.0,0.0,218.43361611
2024-12-06T17:00,3600,0.0,0.0,0.0,0.0,0.0,0.0,0.0,0.0,25.84960468
2024-12-06T18:00,3600,0.0,0.0,0.0,0.0,0.0,0.0,0.0,0.0,0.0
2024-12-06T19:00,3600,0.0,0.0,0.0,0.0,0.0,0.0,0.0,0.0,0.0
2024-12-06T20:00,3600,0.0,0.0,0.0,0.0,0.0,0.0,0.0,0.0,0.0
2024-12-06T21:00,3600,0.0,0.0,0.0,0.0,0.0,0.0,0.0,0.0,0.0
2024-12-06T22:00,3600,0.0,0.0,0.0,0.0,0.0,0.0,0.0,0.0,0.0
2024-12-06T23:00,3600,0.0,0.0,0.0,0.0,0.0,0.0,0.0,0.0,0.0
2024-12-07T00:00,3600,0.0,0.0,0.0,0.0,0.0,0.0,0.0,0.0,0.0
2024-12-07T01:00,3600,0.0,0.0,0.0,0.0,0.0,0.0,0.0,0.0,0.0
2024-12-07T02:00,3600,0.0,0.0,0.0,0.0,0.0,0.0,0.0,0.0,0.0
2024-12-07T03:00,3600,0.0,0.0,0.0,0.0,0.0,0.0,0.0,0.0,0.0
2024-12-07T04:00,3600,0.0,0.0,0.0,0.0,0.0,0.0,0.0,0.0,0.0
2024-12-07T05:00,3600,0.0,0.0,0.0,0.0,0.0,0.0,0.0,0.0,0.0
2024-12-07T06:00,3600,0.0,0.0,0.0,0.0,0.0,0.0,0.0,0.0,0.0
2024-12-07T07:00,3600,0.0,0.0,0.0,0.0,0.0,0.0,0.0,0.0,80.8365436
2024-12-07T08:00,3600,0.0,0.0,0.0,0.0,0.0,0.0,0.0,0.0,290.70156139
2024-12-07T09:00,3600,0.0,0.0,0.0,0.0,0.0,0.0,0.0,0.0,542.75477677
2024-12-07T10:00,3600,0.0,0.0,0.0,0.0,0.0,0.0,0.0,0.0,703.21937863
2024-12-07T11:00,3600,0.0,0.0,0.0,0.0,0.0,0.0,0.0,0.0,797.74534723
2024-12-07T12:00,3600,0.0,0.0,0.0,0.0,0.0,0.0,0.0,0.0,836.81945213
2024-12-07T13:00,3600,0.0,0.0,0.0,0.0,0.0,0.0,0.0,0.0,800.34571567
2024-12-07T14:00,3600,0.0,0.0,0.0,0.0,0.0,0.0,0.0,0.0,664.11099816
2024-12-07T15:00,3600,0.0,0.0,0.0,0.0,0.0,0.0,0.0,0.0,481.0005773
2024-12-07T16:00,3600,0.0,0.0,0.0,0.0,0.0,0.0,0.0,0.0,222.17138022
2024-12-07T17:00,3600,0.0,0.0,0.0,0.0,0.0,0.0,0.0,0.0,30.05241612
2024-12-07T18:00,3600,0.0,0.0,0.0,0.0,0.0,0.0,0.0,0.0,0.0
2024-12-07T19:00,3600,0.0,0.0,0.0,0.0,0.0,0.0,0.0,0.0,0.0
2024-12-07T20:00,3600,0.0,0.0,0.0,0.0,0.0,0.0,0.0,0.0,0.0
2024-12-07T21:00,3600,0.0,0.0,0.0,0.0,0.0,0.0,0.0,0.0,0.0
2024-12-07T22:00,3600,0.0,0.0,0.0,0.0,0.0,0.0,0.0,0.0,0.0
2024-12-07T23:00,3600,0.0,0.0,0.0,0.0,0.0,0.0,0.0,0.0,0.0
2024-12-08T00:00,3600,0.0,0.0,0.0,0.0,0.0,0.0,0.0,0.0,0.0
2024-12-08T01:00,3600,0.0,0.0,0.0,0.0,0.0,0.0,0.0,0.0,0.0
2024-12-08T02:00,3600,0.0,0.0,0.0,0.0,0.0,0.0,0.0,0.0,0.0
2024-12-08T03:00,3600,0.0,0.0,0.0,0.0,0.0,0.0,0.0,0.0,0.0
2024-12-08T04:00,3600,0.0,0.0,0.0,0.0,0.0,0.0,0.0,0.0,0.0
2024-12-08T05:00,3600,0.0,0.0,0.0,0.0,0.0,0.0,0.0,0.0,0.0
2024-12-08T06:00,3600,0.0,0.0,0.0,0.0,0.0,0.0,0.0,0.0,0.0
2024-12-08T07:00,3600,0.0,0.0,0.0,0.0,0.0,0.0,0.0,0.0,62.93923108
2024-12-08T08:00,3600,0.0,0.0,0.0,0.0,0.0,0.0,0.0,0.0,156.32595089
2024-12-08T09:00,3600,0.0,0.0,0.0,0.0,0.0,0.0,0.0,0.0,376.95122239
2024-12-08T10:00,3600,0.0,0.0,0.0,0.0,0.0,0.0,0.0,0.0,551.91429087
2024-12-08T11:00,3600,0.0,0.0,0.0,0.0,0.0,0.0,0.0,0.0,794.85937982
2024-12-08T12:00,3600,0.0,0.0,0.0,0.0,0.0,0.0,0.0,0.0,816.74408287
2024-12-08T13:00,3600,0.0,0.0,0.0,0.0,0.0,0.0,0.0,0.0,757.18872124
2024-12-08T14:00,3600,0.0,0.0,0.0,0.0,0.0,0.0,0.0,0.0,649.98031449
2024-12-08T15:00,3600,0.0,0.0,0.0,0.0,0.0,0.0,0.0,0.0,462.96794305
2024-12-08T16:00,3600,0.0,0.0,0.0,0.0,0.0,0.0,0.0,0.0,244.22227308
2024-12-08T17:00,3600,0.0,0.0,0.0,0.0,0.0,0.0,0.0,0.0,27.93528868
2024-12-08T18:00,3600,0.0,0.0,0.0,0.0,0.0,0.0,0.0,0.0,0.0
2024-12-08T19:00,3600,0.0,0.0,0.0,0.0,0.0,0.0,0.0,0.0,0.0
2024-12-08T20:00,3600,0.0,0.0,0.0,0.0,0.0,0.0,0.0,0.0,0.0
2024-12-08T21:00,3600,0.0,0.0,0.0,0.0,0.0,0.0,0.0,0.0,0.0
2024-12-08T22:00,3600,0.0,0.0,0.0,0.0,0.0,0.0,0.0,0.0,0.0
2024-12-08T23:00,3600,0.0,0.0,0.0,0.0,0.0,0.0,0.0,0.0,0.0
2024-12-09T00:00,3600,0.0,0.0,0.0,0.0,0.0,0.0,0.0,0.0,0.0
2024-12-09T01:00,3600,0.0,0.0,0.0,0.0,0.0,0.0,0.0,0.0,0.0
2024-12-09T02:00,3600,0.0,0.0,0.0,0.0,0.0,0.0,0.0,0.0,0.0
2024-12-09T03:00,3600,0.0,0.0,0.0,0.0,0.0,0.0,0.0,0.0,0.0
2024-12-09T04:00,3600,0.0,0.0,0.0,0.0,0.0,0.0,0.0,0.0,0.0
2024-12-09T05:00,3600,0.0,0.0,0.0,0.0,0.0,0.0,0.0,0.0,0.0
2024-12-09T06:00,3600,0.0,0.0,0.0,0.0,0.0,0.0,0.0,0.0,0.0
2024-12-09T07:00,3600,0.0,0.0,0.0,0.0,0.0,0.0,0.0,0.0,72.06836136
2024-12-09T08:00,3600,0.0,0.0,0.0,0.0,0.0,0.0,0.0,0.0,285.760433
2024-12-09T09:00,3600,0.0,0.0,0.0,0.0,0.0,0.0,0.0,0.0,456.75264986
2024-12-09T10:00,3600,0.0,0.0,0.0,0.0,0.0,0.0,0.0,0.0,499.57764901
2024-12-09T11:00,3600,0.0,0.0,0.0,0.0,0.0,0.0,0.0,0.0,647.5567652
2024-12-09T12:00,3600,0.0,0.0,0.0,0.0,0.0,0.0,0.0,0.0,725.51179854
2024-12-09T13:00,3600,0.0,0.0,0.0,0.0,0.0,0.0,0.0,0.0,682.85530008
2024-12-09T14:00,3600,0.0,0.0,0.0,0.0,0.0,0.0,0.0,0.0,609.23906396
2024-12-09T15:00,3600,0.0,0.0,0.0,0.0,0.0,0.0,0.0,0.0,434.98748002
2024-12-09T16:00,3600,0.0,0.0,0.0,0.0,0.0,0.0,0.0,0.0,245.97238997
2024-12-09T17:00,3600,0.0,0.0,0.0,0.0,0.0,0.0,0.0,0.0,30.20281849
2024-12-09T18:00,3600,0.0,0.0,0.0,0.0,0.0,0.0,0.0,0.0,0.0
2024-12-09T19:00,3600,0.0,0.0,0.0,0.0,0.0,0.0,0.0,0.0,0.0
2024-12-09T20:00,3600,0.0,0.0,0.0,0.0,0.0,0.0,0.0,0.0,0.0
2024-12-09T21:00,3600,0.0,0.0,0.0,0.0,0.0,0.0,0.0,0.0,0.0
2024-12-09T22:00,3600,0.0,0.0,0.0,0.0,0.0,0.0,0.0,0.0,0.0
2024-12-09T23:00,3600,0.0,0.0,0.0,0.0,0.0,0.0,0.0,0.0,0.0
2024-12-10T00:00,3600,0.0,0.0,0.0,0.0,0.0,0.0,0.0,0.0,0.0
2024-12-10T01:00,3600,0.0,0.0,0.0,0.0,0.0,0.0,0.0,0.0,0.0
2024-12-10T02:00,3600,0.0,0.0,0.0,0.0,0.0,0.0,0.0,0.0,0.0
2024-12-10T03:00,3600,0.0,0.0,0.0,0.0,0.0,0.0,0.0,0.0,0.0
2024-12-10T04:00,3600,0.0,0.0,0.0,0.0,0.0,0.0,0.0,0.0,0.0
2024-12-10T05:00,3600,0.0,0.0,0.0,0.0,0.0,0.0,0.0,0.0,0.0
2024-12-10T06:00,3600,0.0,0.0,0.0,0.0,0.0,0.0,0.0,0.0,0.0
2024-12-10T07:00,3600,0.0,0.0,0.0,0.0,0.0,0.0,0.0,0.0,79.40551489
2024-12-10T08:00,3600,0.0,0.0,0.0,0.0,0.0,0.0,0.0,0.0,278.80477192
2024-12-10T09:00,3600,0.0,0.0,0.0,0.0,0.0,0.0,0.0,0.0,425.91853332
2024-12-10T10:00,3600,0.0,0.0,0.0,0.0,0.0,0.0,0.0,0.0,593.70154822
2024-12-10T11:00,3600,0.0,0.0,0.0,0.0,0.0,0.0,0.0,0.0,548.66511814
2024-12-10T12:00,3600,0.0,0.0,0.0,0.0,0.0,0.0,0.0,0.0,683.98377193
2024-12-10T13:00,3600,0.0,0.0,0.0,0.0,0.0,0.0,0.0,0.0,754.8608588
2024-12-10T14:00,3600,0.0,0.0,0.0,0.0,0.0,0.0,0.0,0.0,539.41924688
2024-12-10T15:00,3600,0.0,0.0,0.0,0.0,0.0,0.0,0.0,0.0,450.3398414
2024-12-10T16:00,3600,0.0,0.0,0.0,0.0,0.0,0.0,0.0,0.0,215.01641419
2024-12-10T17:00,3600,0.0,0.0,0.0,0.0,0.0,0.0,0.0,0.0,27.08496447
2024-12-10T18:00,3600,0.0,0.0,0.0,0.0,0.0,0.0,0.0,0.0,0.0
2024-12-10T19:00,3600,0.0,0.0,0.0,0.0,0.0,0.0,0.0,0.0,0.0
2024-12-10T20:00,3600,0.0,0.0,0.0,0.0,0.0,0.0,0.0,0.0,0.0
2024-12-10T21:00,3600,0.0,0.0,0.0,0.0,0.0,0.0,0.0,0.0,0.0
2024-12-10T22:00,3600,0.0,0.0,0.0,0.0,0.0,0.0,0.0,0.0,0.0
2024-12-10T23:00,3600,0.0,0.0,0.0,0.0,0.0,0.0,0.0,0.0,0.0
2024-12-11T00:00,3600,0.0,0.0,0.0,0.0,0.0,0.0,0.0,0.0,0.0
2024-12-11T01:00,3600,0.0,0.0,0.0,0.0,0.0,0.0,0.0,0.0,0.0
2024-12-11T02:00,3600,0.0,0.0,0.0,0.0,0.0,0.0,0.0,0.0,0.0
2024-12-11T03:00,3600,0.0,0.0,0.0,0.0,0.0,0.0,0.0,0.0,0.0
2024-12-11T04:00,3600,0.0,0.0,0.0,0.0,0.0,0.0,0.0,0.0,0.0
2024-12-11T05:00,3600,0.0,0.0,0.0,0.0,0.0,0.0,0.0,0.0,0.0
2024-12-11T06:00,3600,0.0,0.0,0.0,0.0,0.0,0.0,0.0,0.0,0.0
2024-12-11T07:00,3600,0.0,0.0,0.0,0.0,0.0,0.0,0.0,0.0,19.65666168
2024-12-11T08:00,3600,0.0,0.0,0.0,0.0,0.0,0.0,0.0,0.0,80.91808435
2024-12-11T09:00,3600,0.0,0.0,0.0,0.0,0.0,0.0,0.0,0.0,135.76768478
2024-12-11T10:00,3600,0.0,0.0,0.0,0.0,0.0,0.0,0.0,0.0,185.23072303
2024-12-11T11:00,3600,0.0,0.0,0.0,0.0,0.0,0.0,0.0,0.0,301.60221385
2024-12-11T12:00,3600,0.0,0.0,0.0,0.0,0.0,0.0,0.0,0.0,484.0385191
2024-12-11T13:00,3600,0.0,0.0,0.0,0.0,0.0,0.0,0.0,0.0,562.88416891
2024-12-11T14:00,3600,0.0,0.0,0.0,0.0,0.0,0.0,0.0,0.0,438.54823416
2024-12-11T15:00,3600,0.0,0.0,0.0,0.0,0.0,0.0,0.0,0.0,363.60940779
2024-12-11T16:00,3600,0.0,0.0,0.0,0.0,0.0,0.0,0.0,0.0,212.64999251
2024-12-11T17:00,3600,0.0,0.0,0.0,0.0,0.0,0.0,0.0,0.0,29.0725233
2024-12-11T18:00,3600,0.0,0.0,0.0,0.0,0.0,0.0,0.0,0.0,0.0
2024-12-11T19:00,3600,0.0,0.0,0.0,0.0,0.0,0.0,0.0,0.0,0.0
2024-12-11T20:00,3600,0.0,0.0,0.0,0.0,0.0,0.0,0.0,0.0,0.0
2024-12-11T21:00,3600,0.0,0.0,0.0,0.0,0.0,0.0,0.0,0.0,0.0
2024-12-11T22:00,3600,0.0,0.0,0.0,0.0,0.0,0.0,0.0,0.0,0.0
2024-12-11T23:00,3600,0.0,0.0,0.0,0.0,0.0,0.0,0.0,0.0,0.0
2024-12-12T00:00,3600,0.0,0.0,0.0,0.0,0.0,0.0,0.0,0.0,0.0
2024-12-12T01:00,3600,0.0,0.0,0.0,0.0,0.0,0.0,0.0,0.0,0.0
2024-12-12T02:00,3600,0.0,0.0,0.0,0.0,0.0,0.0,0.0,0.0,0.0
2024-12-12T03:00,3600,0.0,0.0,0.0,0.0,0.0,0.0,0.0,0.0,0.0
2024-12-12T04:00,3600,0.0,0.0,0.0,0.0,0.0,0.0,0.0,0.0,0.0
2024-12-12T05:00,3600,0.0,0.0,0.0,0.0,0.0,0.0,0.0,0.0,0.0
2024-12-12T06:00,3600,0.0,0.0,0.0,0.0,0.0,0.0,0.0,0.0,0.0
2024-12-12T07:00,3600,0.0,0.0,0.0,0.0,0.0,0.0,0.0,0.0,62.82280728
2024-12-12T08:00,3600,0.0,0.0,0.0,0.0,0.0,0.0,0.0,0.0,194.72863617
2024-12-12T09:00,3600,0.0,0.0,0.0,0.0,0.0,0.0,0.0,0.0,314.52506608
2024-12-12T10:00,3600,0.0,0.0,0.0,0.0,0.0,0.0,0.0,0.0,477.45600847
2024-12-12T11:00,3600,0.0,0.0,0.0,0.0,0.0,0.0,0.0,0.0,545.54767788
2024-12-12T12:00,3600,0.0,0.0,0.0,0.0,0.0,0.0,0.0,0.0,534.14907589
2024-12-12T13:00,3600,0.0,0.0,0.0,0.0,0.0,0.0,0.0,0.0,655.36620102
2024-12-12T14:00,3600,0.0,0.0,0.0,0.0,0.0,0.0,0.0,0.0,543.42769478
2024-12-12T15:00,3600,0.0,0.0,0.0,0.0,0.0,0.0,0.0,0.0,415.91062185
2024-12-12T16:00,3600,0.0,0.0,0.0,0.0,0.0,0.0,0.0,0.0,177.71227659
2024-12-12T17:00,3600,0.0,0.0,0.0,0.0,0.0,0.0,0.0,0.0,29.12475955
2024-12-12T18:00,3600,0.0,0.0,0.0,0.0,0.0,0.0,0.0,0.0,0.0
2024-12-12T19:00,3600,0.0,0.0,0.0,0.0,0.0,0.0,0.0,0.0,0.0
2024-12-12T20:00,3600,0.0,0.0,0.0,0.0,0.0,0.0,0.0,0.0,0.0
2024-12-12T21:00,3600,0.0,0.0,0.0,0.0,0.0,0.0,0.0,0.0,0.0
2024-12-12T22:00,3600,0.0,0.0,0.0,0.0,0.0,0.0,0.0,0.0,0.0
2024-12-12T23:00,3600,0.0,0.0,0.0,0.0,0.0,0.0,0.0,0.0,0.0
2024-12-13T00:00,3600,0.0,0.0,0.0,0.0,0.0,0.0,0.0,0.0,0.0
2024-12-13T01:00,3600,0.0,0.0,0.0,0.0,0.0,0.0,0.0,0.0,0.0
2024-12-13T02:00,3600,0.0,0.0,0.0,0.0,0.0,0.0,0.0,0.0,0.0
2024-12-13T03:00,3600,0.0,0.0,0.0,0.0,0.0,0.0,0.0,0.0,0.0
2024-12-13T04:00,3600,0.0,0.0,0.0,0.0,0.0,0.0,0.0,0.0,0.0
2024-12-13T05:00,3600,0.0,0.0,0.0,0.0,0.0,0.0,0.0,0.0,0.0
2024-12-13T06:00,3600,0.0,0.0,0.0,0.0,0.0,0.0,0.0,0.0,0.0
2024-12-13T07:00,3600,0.0,0.0,0.0,0.0,0.0,0.0,0.0,0.0,45.22710267
2024-12-13T08:00,3600,0.0,0.0,0.0,0.0,0.0,0.0,0.0,0.0,236.37654637
2024-12-13T09:00,3600,0.0,0.0,0.0,0.0,0.0,0.0,0.0,0.0,381.87637762
2024-12-13T10:00,3600,0.0,0.0,0.0,0.0,0.0,0.0,0.0,0.0,677.35059886
2024-12-13T11:00,3600,0.0,0.0,0.0,0.0,0.0,0.0,0.0,0.0,713.94433481
2024-12-13T12:00,3600,0.0,0.0,0.0,0.0,0.0,0.0,0.0,0.0,714.68192204
2024-12-13T13:00,3600,0.0,0.0,0.0,0.0,0.0,0.0,0.0,0.0,729.23006894
2024-12-13T14:00,3600,0.0,0.0,0.0,0.0,0.0,0.0,0.0,0.0,438.43112448
2024-12-13T15:00,3600,0.0,0.0,0.0,0.0,0.0,0.0,0.0,0.0,345.52915345
2024-12-13T16:00,3600,0.0,0.0,0.0,0.0,0.0,0.0,0.0,0.0,154.79391511
2024-12-13T17:00,3600,0.0,0.0,0.0,0.0,0.0,0.0,0.0,0.0,24.03856337
2024-12-13T18:00,3600,0.0,0.0,0.0,0.0,0.0,0.0,0.0,0.0,0.0
2024-12-13T19:00,3600,0.0,0.0,0.0,0.0,0.0,0.0,0.0,0.0,0.0
2024-12-13T20:00,3600,0.0,0.0,0.0,0.0,0.0,0.0,0.0,0.0,0.0
2024-12-13T21:00,3600,0.0,0.0,0.0,0.0,0.0,0.0,0.0,0.0,0.0
2024-12-13T22:00,3600,0.0,0.0,0.0,0.0,0.0,0.0,0.0,0.0,0.0
2024-12-13T23:00,3600,0.0,0.0,0.0,0.0,0.0,0.0,0.0,0.0,0.0
2024-12-14T00:00,3600,0.0,0.0,0.0,0.0,0.0,0.0,0.0,0.0,0.0
2024-12-14T01:00,3600,0.0,0.0,0.0,0.0,0.0,0.0,0.0,0.0,0.0
2024-12-14T02:00,3600,0.0,0.0,0.0,0.0,0.0,0.0,0.0,0.0,0.0
2024-12-14T03:00,3600,0.0,0.0,0.0,0.0,0.0,0.0,0.0,0.0,0.0
2024-12-14T04:00,3600,0.0,0.0,0.0,0.0,0.0,0.0,0.0,0.0,0.0
2024-12-14T05:00,3600,0.0,0.0,0.0,0.0,0.0,0.0,0.0,0.0,0.0
2024-12-14T06:00,3600,0.0,0.0,0.0,0.0,0.0,0.0,0.0,0.0,0.0
2024-12-14T07:00,3600,0.0,0.0,0.0,0.0,0.0,0.0,0.0,0.0,44.30830785
2024-12-14T08:00,3600,0.0,0.0,0.0,0.0,0.0,0.0,0.0,0.0,213.71948319
2024-12-14T09:00,3600,0.0,0.0,0.0,0.0,0.0,0.0,0.0,0.0,372.52053245
2024-12-14T10:00,3600,0.0,0.0,0.0,0.0,0.0,0.0,0.0,0.0,641.22074068
2024-12-14T11:00,3600,0.0,0.0,0.0,0.0,0.0,0.0,0.0,0.0,684.93435916
2024-12-14T12:00,3600,0.0,0.0,0.0,0.0,0.0,0.0,0.0,0.0,561.93204011
2024-12-14T13:00,3600,0.0,0.0,0.0,0.0,0.0,0.0,0.0,0.0,579.66241219
2024-12-14T14:00,3600,0.0,0.0,0.0,0.0,0.0,0.0,0.0,0.0,592.19896991
2024-12-14T15:00,3600,0.0,0.0,0.0,0.0,0.0,0.0,0.0,0.0,408.61690082
2024-12-14T16:00,3600,0.0,0.0,0.0,0.0,0.0,0.0,0.0,0.0,222.09666873
2024-12-14T17:00,3600,0.0,0.0,0.0,0.0,0.0,0.0,0.0,0.0,30.47703003
2024-12-14T18:00,3600,0.0,0.0,0.0,0.0,0.0,0.0,0.0,0.0,0.0
2024-12-14T19:00,3600,0.0,0.0,0.0,0.0,0.0,0.0,0.0,0.0,0.0
2024-12-14T20:00,3600,0.0,0.0,0.0,0.0,0.0,0.0,0.0,0.0,0.0
2024-12-14T21:00,3600,0.0,0.0,0.0,0.0,0.0,0.0,0.0,0.0,0.0
2024-12-14T22:00,3600,0.0,0.0,0.0,0.0,0.0,0.0,0.0,0.0,0.0
2024-12-14T23:00,3600,0.0,0.0,0.0,0.0,0.0,0.0,0.0,0.0,0.0
2024-12-15T00:00,3600,0.0,0.0,0.0,0.0,0.0,0.0,0.0,0.0,0.0
2024-12-15T01:00,3600,0.0,0.0,0.0,0.0,0.0,0.0,0.0,0.0,0.0
2024-12-15T02:00,3600,0.0,0.0,0.0,0.0,0.0,0.0,0.0,0.0,0.0
2024-12-15T03:00,3600,0.0,0.0,0.0,0.0,0.0,0.0,0.0,0.0,0.0
2024-12-15T04:00,3600,0.0,0.0,0.0,0.0,0.0,0.0,0.0,0.0,0.0
2024-12-15T05:00,3600,0.0,0.0,0.0,0.0,0.0,0.0,0.0,0.0,0.0
2024-12-15T06:00,3600,0.0,0.0,0.0,0.0,0.0,0.0,0.0,0.0,0.0
2024-12-15T07:00,3600,0.0,0.0,0.0,0.0,0.0,0.0,0.0,0.0,10.65022136
2024-12-15T08:00,3600,0.0,0.0,0.0,0.0,0.0,0.0,0.0,0.0,41.85562216
2024-12-15T09:00,3600,0.0,0.0,0.0,0.0,0.0,0.0,0.0,0.0,167.59845043
2024-12-15T10:00,3600,0.0,0.0,0.0,0.0,0.0,0.0,0.0,0.0,356.68506417
2024-12-15T11:00,3600,0.0,0.0,0.0,0.0,0.0,0.0,0.0,0.0,314.7735898
2024-12-15T12:00,3600,0.0,0.0,0.0,0.0,0.0,0.0,0.0,0.0,318.23188616
2024-12-15T13:00,3600,0.0,0.0,0.0,0.0,0.0,0.0,0.0,0.0,266.97082709
2024-12-15T14:00,3600,0.0,0.0,0.0,0.0,0.0,0.0,0.0,0.0,190.56856651
2024-12-15T15:00,3600,0.0,0.0,0.0,0.0,0.0,0.0,0.0,0.0,153.49393028
2024-12-15T16:00,3600,0.0,0.0,0.0,0.0,0.0,0.0,0.0,0.0,138.01880404
2024-12-15T17:00,3600,0.0,0.0,0.0,0.0,0.0,0.0,0.0,0.0,23.13985247
2024-12-15T18:00,3600,0.0,0.0,0.0,0.0,0.0,0.0,0.0,0.0,0.0
2024-12-15T19:00,3600,0.0,0.0,0.0,0.0,0.0,0.0,0.0,0.0,0.0
2024-12-15T20:00,3600,0.0,0.0,0.0,0.0,0.0,0.0,0.0,0.0,0.0
2024-12-15T21:00,3600,0.0,0.0,0.0,0.0,0.0,0.0,0.0,0.0,0.0
2024-12-15T22:00,3600,0.0,0.0,0.0,0.0,0.0,0.0,0.0,0.0,0.0
2024-12-15T23:00,3600,0.0,0.0,0.0,0.0,0.0,0.0,0.0,0.0,0.0
2024-12-16T00:00,3600,0.0,0.0,0.0,0.0,0.0,0.0,0.0,0.0,0.0
2024-12-16T01:00,3600,0.0,0.0,0.0,0.0,0.0,0.0,0.0,0.0,0.0
2024-12-16T02:00,3600,0.0,0.0,0.0,0.0,0.0,0.0,0.0,0.0,0.0
2024-12-16T03:00,3600,0.0,0.0,0.0,0.0,0.0,0.0,0.0,0.0,0.0
2024-12-16T04:00,3600,0.0,0.0,0.0,0.0,0.0,0.0,0.0,0.0,0.0
2024-12-16T05:00,3600,0.0,0.0,0.0,0.0,0.0,0.0,0.0,0.0,0.0
2024-12-16T06:00,3600,0.0,0.0,0.0,0.0,0.0,0.0,0.0,0.0,0.0
2024-12-16T07:00,3600,0.0,0.0,0.0,0.0,0.0,0.0,0.0,0.0,20.61680744
2024-12-16T08:00,3600,0.0,0.0,0.0,0.0,0.0,0.0,0.0,0.0,184.68902532
2024-12-16T09:00,3600,0.0,0.0,0.0,0.0,0.0,0.0,0.0,0.0,366.81438077
2024-12-16T10:00,3600,0.0,0.0,0.0,0.0,0.0,0.0,0.0,0.0,534.17454951
2024-12-16T11:00,3600,0.0,0.0,0.0,0.0,0.0,0.0,0.0,0.0,668.00411876
2024-12-16T12:00,3600,0.0,0.0,0.0,0.0,0.0,0.0,0.0,0.0,759.83371156
2024-12-16T13:00,3600,0.0,0.0,0.0,0.0,0.0,0.0,0.0,0.0,818.30556055
2024-12-16T14:00,3600,0.0,0.0,0.0,0.0,0.0,0.0,0.0,0.0,601.17902839
2024-12-16T15:00,3600,0.0,0.0,0.0,0.0,0.0,0.0,0.0,0.0,453.64476014
2024-12-16T16:00,3600,0.0,0.0,0.0,0.0,0.0,0.0,0.0,0.0,260.98639213
2024-12-16T17:00,3600,0.0,0.0,0.0,0.0,0.0,0.0,0.0,0.0,38.26773283
2024-12-16T18:00,3600,0.0,0.0,0.0,0.0,0.0,0.0,0.0,0.0,0.0
2024-12-16T19:00,3600,0.0,0.0,0.0,0.0,0.0,0.0,0.0,0.0,0.0
2024-12-16T20:00,3600,0.0,0.0,0.0,0.0,0.0,0.0,0.0,0.0,0.0
2024-12-16T21:00,3600,0.0,0.0,0.0,0.0,0.0,0.0,0.0,0.0,0.0
2024-12-16T22:00,3600,0.0,0.0,0.0,0.0,0.0,0.0,0.0,0.0,0.0
2024-12-16T23:00,3600,0.0,0.0,0.0,0.0,0.0,0.0,0.0,0.0,0.0
2024-12-17T00:00,3600,0.0,0.0,0.0,0.0,0.0,0.0,0.0,0.0,0.0
2024-12-17T01:00,3600,0.0,0.0,0.0,0.0,0.0,0.0,0.0,0.0,0.0
2024-12-17T02:00,3600,0.0,0.0,0.0,0.0,0.0,0.0,0.0,0.0,0.0
2024-12-17T03:00,3600,0.0,0.0,0.0,0.0,0.0,0.0,0.0,0.0,0.0
2024-12-17T04:00,3600,0.0,0.0,0.0,0.0,0.0,0.0,0.0,0.0,0.0
2024-12-17T05:00,3600,0.0,0.0,0.0,0.0,0.0,0.0,0.0,0.0,0.0
2024-12-17T06:00,3600,0.0,0.0,0.0,0.0,0.0,0.0,0.0,0.0,0.0
2024-12-17T07:00,3600,0.0,0.0,0.0,0.0,0.0,0.0,0.0,0.0,85.90764155
2024-12-17T08:00,3600,0.0,0.0,0.0,0.0,0.0,0.0,0.0,0.0,337.50744445
2024-12-17T09:00,3600,0.0,0.0,0.0,0.0,0.0,0.0,0.0,0.0,570.3529346
2024-12-17T10:00,3600,0.0,0.0,0.0,0.0,0.0,0.0,0.0,0.0,751.84733569
2024-12-17T11:00,3600,0.0,0.0,0.0,0.0,0.0,0.0,0.0,0.0,861.86065914
2024-12-17T12:00,3600,0.0,0.0,0.0,0.0,0.0,0.0,0.0,0.0,891.60414468
2024-12-17T13:00,3600,0.0,0.0,0.0,0.0,0.0,0.0,0.0,0.0,839.57558471
2024-12-17T14:00,3600,0.0,0.0,0.0,0.0,0.0,0.0,0.0,0.0,708.59798011
2024-12-17T15:00,3600,0.0,0.0,0.0,0.0,0.0,0.0,0.0,0.0,510.90035365
2024-12-17T16:00,3600,0.0,0.0,0.0,0.0,0.0,0.0,0.0,0.0,274.20224172
2024-12-17T17:00,3600,0.0,0.0,0.0,0.0,0.0,0.0,0.0,0.0,39.28639875
2024-12-17T18:00,3600,0.0,0.0,0.0,0.0,0.0,0.0,0.0,0.0,0.0
2024-12-17T19:00,3600,0.0,0.0,0.0,0.0,0.0,0.0,0.0,0.0,0.0
2024-12-17T20:00,3600,0.0,0.0,0.0,0.0,0.0,0.0,0.0,0.0,0.0
2024-12-17T21:00,3600,0.0,0.0,0.0,0.0,0.0,0.0,0.0,0.0,0.0
2024-12-17T22:00,3600,0.0,0.0,0.0,0.0,0.0,0.0,0.0,0.0,0.0
2024-12-17T23:00,3600,0.0,0.0,0.0,0.0,0.0,0.0,0.0,0.0,0.0
2024-12-18T00:00,3600,0.0,0.0,0.0,0.0,0.0,0.0,0.0,0.0,0.0
2024-12-18T01:00,3600,0.0,0.0,0.0,0.0,0.0,0.0,0.0,0.0,0.0
2024-12-18T02:00,3600,0.0,0.0,0.0,0.0,0.0,0.0,0.0,0.0,0.0
2024-12-18T03:00,3600,0.0,0.0,0.0,0.0,0.0,0.0,0.0,0.0,0.0
2024-12-18T04:00,3600,0.0,0.0,0.0,0.0,0.0,0.0,0.0,0.0,0.0
2024-12-18T05:00,3600,0.0,0.0,0.0,0.0,0.0,0.0,0.0,0.0,0.0
2024-12-18T06:00,3600,0.0,0.0,0.0,0.0,0.0,0.0,0.0,0.0,0.0
2024-12-18T07:00,3600,0.0,0.0,0.0,0.0,0.0,0.0,0.0,0.0,64.06276728
2024-12-18T08:00,3600,0.0,0.0,0.0,0.0,0.0,0.0,0.0,0.0,290.64160471
2024-12-18T09:00,3600,0.0,0.0,0.0,0.0,0.0,0.0,0.0,0.0,548.26039724
2024-12-18T10:00,3600,0.0,0.0,0.0,0.0,0.0,0.0,0.0,0.0,708.75081874
2024-12-18T11:00,3600,0.0,0.0,0.0,0.0,0.0,0.0,0.0,0.0,834.43131422
2024-12-18T12:00,3600,0.0,0.0,0.0,0.0,0.0,0.0,0.0,0.0,883.74285909
2024-12-18T13:00,3600,0.0,0.0,0.0,0.0,0.0,0.0,0.0,0.0,836.6074569
2024-12-18T14:00,3600,0.0,0.0,0.0,0.0,0.0,0.0,0.0,0.0,594.96884968
2024-12-18T15:00,3600,0.0,0.0,0.0,0.0,0.0,0.0,0.0,0.0,476.62411075
2024-12-18T16:00,3600,0.0,0.0,0.0,0.0,0.0,0.0,0.0,0.0,257.91674093
2024-12-18T17:00,3600,0.0,0.0,0.0,0.0,0.0,0.0,0.0,0.0,38.03362169
2024-12-18T18:00,3600,0.0,0.0,0.0,0.0,0.0,0.0,0.0,0.0,0.0
2024-12-18T19:00,3600,0.0,0.0,0.0,0.0,0.0,0.0,0.0,0.0,0.0
2024-12-18T20:00,3600,0.0,0.0,0.0,0.0,0.0,0.0,0.0,0.0,0.0
2024-12-18T21:00,3600,0.0,0.0,0.0,0.0,0.0,0.0,0.0,0.0,0.0
2024-12-18T22:00,3600,0.0,0.0,0.0,0.0,0.0,0.0,0.0,0.0,0.0
2024-12-18T23:00,3600,0.0,0.0,0.0,0.0,0.0,0.0,0.0,0.0,0.0
2024-12-19T00:00,3600,0.0,0.0,0.0,0.0,0.0,0.0,0.0,0.0,0.0
2024-12-19T01:00,3600,0.0,0.0,0.0,0.0,0.0,0.0,0.0,0.0,0.0
2024-12-19T02:00,3600,0.0,0.0,0.0,0.0,0.0,0.0,0.0,0.0,0.0
2024-12-19T03:00,3600,0.0,0.0,0.0,0.0,0.0,0.0,0.0,0.0,0.0
2024-12-19T04:00,3600,0.0,0.0,0.0,0.0,0.0,0.0,0.0,0.0,0.0
2024-12-19T05:00,3600,0.0,0.0,0.0,0.0,0.0,0.0,0.0,0.0,0.0
2024-12-19T06:00,3600,0.0,0.0,0.0,0.0,0.0,0.0,0.0,0.0,0.0
2024-12-19T07:00,3600,0.0,0.0,0.0,0.0,0.0,0.0,0.0,0.0,80.48678116
2024-12-19T08:00,3600,0.0,0.0,0.0,0.0,0.0,0.0,0.0,0.0,324.84375248
2024-12-19T09:00,3600,0.0,0.0,0.0,0.0,0.0,0.0,0.0,0.0,538.63780543
2024-12-19T10:00,3600,0.0,0.0,0.0,0.0,0.0,0.0,0.0,0.0,714.00451304
2024-12-19T11:00,3600,0.0,0.0,0.0,0.0,0.0,0.0,0.0,0.0,859.2742324
2024-12-19T12:00,3600,0.0,0.0,0.0,0.0,0.0,0.0,0.0,0.0,892.50658829
2024-12-19T13:00,3600,0.0,0.0,0.0,0.0,0.0,0.0,0.0,0.0,846.13763999
2024-12-19T14:00,3600,0.0,0.0,0.0,0.0,0.0,0.0,0.0,0.0,718.43574882
2024-12-19T15:00,3600,0.0,0.0,0.0,0.0,0.0,0.0,0.0,0.0,524.72885064
2024-12-19T16:00,3600,0.0,0.0,0.0,0.0,0.0,0.0,0.0,0.0,284.45608456
2024-12-19T17:00,3600,0.0,0.0,0.0,0.0,0.0,0.0,0.0,0.0,42.58175438
2024-12-19T18:00,3600,0.0,0.0,0.0,0.0,0.0,0.0,0.0,0.0,0.0
2024-12-19T19:00,3600,0.0,0.0,0.0,0.0,0.0,0.0,0.0,0.0,0.0
2024-12-19T20:00,3600,0.0,0.0,0.0,0.0,0.0,0.0,0.0,0.0,0.0
2024-12-19T21:00,3600,0.0,0.0,0.0,0.0,0.0,0.0,0.0,0.0,0.0
2024-12-19T22:00,3600,0.0,0.0,0.0,0.0,0.0,0.0,0.0,0.0,0.0
2024-12-19T23:00,3600,0.0,0.0,0.0,0.0,0.0,0.0,0.0,0.0,0.0
2024-12-20T00:00,3600,0.0,0.0,0.0,0.0,0.0,0.0,0.0,0.0,0.0
2024-12-20T01:00,3600,0.0,0.0,0.0,0.0,0.0,0.0,0.0,0.0,0.0
2024-12-20T02:00,3600,0.0,0.0,0.0,0.0,0.0,0.0,0.0,0.0,0.0
2024-12-20T03:00,3600,0.0,0.0,0.0,0.0,0.0,0.0,0.0,0.0,0.0
2024-12-20T04:00,3600,0.0,0.0,0.0,0.0,0.0,0.0,0.0,0.0,0.0
2024-12-20T05:00,3600,0.0,0.0,0.0,0.0,0.0,0.0,0.0,0.0,0.0
2024-12-20T06:00,3600,0.0,0.0,0.0,0.0,0.0,0.0,0.0,0.0,0.0
2024-12-20T07:00,3600,0.0,0.0,0.0,0.0,0.0,0.0,0.0,0.0,80.50542778
2024-12-20T08:00,3600,0.0,0.0,0.0,0.0,0.0,0.0,0.0,0.0,336.54817332
2024-12-20T09:00,3600,0.0,0.0,0.0,0.0,0.0,0.0,0.0,0.0,573.59305059
2024-12-20T10:00,3600,0.0,0.0,0.0,0.0,0.0,0.0,0.0,0.0,758.34680007
2024-12-20T11:00,3600,0.0,0.0,0.0,0.0,0.0,0.0,0.0,0.0,871.01765524
2024-12-20T12:00,3600,0.0,0.0,0.0,0.0,0.0,0.0,0.0,0.0,904.16164758
2024-12-20T13:00,3600,0.0,0.0,0.0,0.0,0.0,0.0,0.0,0.0,854.30473059
2024-12-20T14:00,3600,0.0,0.0,0.0,0.0,0.0,0.0,0.0,0.0,725.31296837
2024-12-20T15:00,3600,0.0,0.0,0.0,0.0,0.0,0.0,0.0,0.0,529.93993706
2024-12-20T16:00,3600,0.0,0.0,0.0,0.0,0.0,0.0,0.0,0.0,287.59815106
2024-12-20T17:00,3600,0.0,0.0,0.0,0.0,0.0,0.0,0.0,0.0,44.85452286
2024-12-20T18:00,3600,0.0,0.0,0.0,0.0,0.0,0.0,0.0,0.0,0.0
2024-12-20T19:00,3600,0.0,0.0,0.0,0.0,0.0,0.0,0.0,0.0,0.0
2024-12-20T20:00,3600,0.0,0.0,0.0,0.0,0.0,0.0,0.0,0.0,0.0
2024-12-20T21:00,3600,0.0,0.0,0.0,0.0,0.0,0.0,0.0,0.0,0.0
2024-12-20T22:00,3600,0.0,0.0,0.0,0.0,0.0,0.0,0.0,0.0,0.0
2024-12-20T23:00,3600,0.0,0.0,0.0,0.0,0.0,0.0,0.0,0.0,0.0
2024-12-21T00:00,3600,0.0,0.0,0.0,0.0,0.0,0.0,0.0,0.0,0.0
2024-12-21T01:00,3600,0.0,0.0,0.0,0.0,0.0,0.0,0.0,0.0,0.0
2024-12-21T02:00,3600,0.0,0.0,0.0,0.0,0.0,0.0,0.0,0.0,0.0
2024-12-21T03:00,3600,0.0,0.0,0.0,0.0,0.0,0.0,0.0,0.0,0.0
2024-12-21T04:00,3600,0.0,0.0,0.0,0.0,0.0,0.0,0.0,0.0,0.0
2024-12-21T05:00,3600,0.0,0.0,0.0,0.0,0.0,0.0,0.0,0.0,0.0
2024-12-21T06:00,3600,0.0,0.0,0.0,0.0,0.0,0.0,0.0,0.0,0.0
2024-12-21T07:00,3600,0.0,0.0,0.0,0.0,0.0,0.0,0.0,0.0,77.27517463
2024-12-21T08:00,3600,0.0,0.0,0.0,0.0,0.0,0.0,0.0,0.0,316.3673996
2024-12-21T09:00,3600,0.0,0.0,0.0,0.0,0.0,0.0,0.0,0.0,557.70223144
2024-12-21T10:00,3600,0.0,0.0,0.0,0.0,0.0,0.0,0.0,0.0,736.88915036
2024-12-21T11:00,3600,0.0,0.0,0.0,0.0,0.0,0.0,0.0,0.0,847.51673823
2024-12-21T12:00,3600,0.0,0.0,0.0,0.0,0.0,0.0,0.0,0.0,880.08693084
2024-12-21T13:00,3600,0.0,0.0,0.0,0.0,0.0,0.0,0.0,0.0,842.3629936
2024-12-21T14:00,3600,0.0,0.0,0.0,0.0,0.0,0.0,0.0,0.0,715.39054873
2024-12-21T15:00,3600,0.0,0.0,0.0,0.0,0.0,0.0,0.0,0.0,522.68829035
2024-12-21T16:00,3600,0.0,0.0,0.0,0.0,0.0,0.0,0.0,0.0,285.33343888
2024-12-21T17:00,3600,0.0,0.0,0.0,0.0,0.0,0.0,0.0,0.0,44.85512959
2024-12-21T18:00,3600,0.0,0.0,0.0,0.0,0.0,0.0,0.0,0.0,0.0
2024-12-21T19:00,3600,0.0,0.0,0.0,0.0,0.0,0.0,0.0,0.0,0.0
2024-12-21T20:00,3600,0.0,0.0,0.0,0.0,0.0,0.0,0.0,0.0,0.0
2024-12-21T21:00,3600,0.0,0.0,0.0,0.0,0.0,0.0,0.0,0.0,0.0
2024-12-21T22:00,3600,0.0,0.0,0.0,0.0,0.0,0.0,0.0,0.0,0.0
2024-12-21T23:00,3600,0.0,0.0,0.0,0.0,0.0,0.0,0.0,0.0,0.0
2024-12-22T00:00,3600,0.0,0.0,0.0,0.0,0.0,0.0,0.0,0.0,0.0
2024-12-22T01:00,3600,0.0,0.0,0.0,0.0,0.0,0.0,0.0,0.0,0.0
2024-12-22T02:00,3600,0.0,0.0,0.0,0.0,0.0,0.0,0.0,0.0,0.0
2024-12-22T03:00,3600,0.0,0.0,0.0,0.0,0.0,0.0,0.0,0.0,0.0
2024-12-22T04:00,3600,0.0,0.0,0.0,0.0,0.0,0.0,0.0,0.0,0.0
2024-12-22T05:00,3600,0.0,0.0,0.0,0.0,0.0,0.0,0.0,0.0,0.0
2024-12-22T06:00,3600,0.0,0.0,0.0,0.0,0.0,0.0,0.0,0.0,0.0
2024-12-22T07:00,3600,0.0,0.0,0.0,0.0,0.0,0.0,0.0,0.0,72.75853039
2024-12-22T08:00,3600,0.0,0.0,0.0,0.0,0.0,0.0,0.0,0.0,318.75031551
2024-12-22T09:00,3600,0.0,0.0,0.0,0.0,0.0,0.0,0.0,0.0,544.10050034
2024-12-22T10:00,3600,0.0,0.0,0.0,0.0,0.0,0.0,0.0,0.0,735.59010722
2024-12-22T11:00,3600,0.0,0.0,0.0,0.0,0.0,0.0,0.0,0.0,840.77526704
2024-12-22T12:00,3600,0.0,0.0,0.0,0.0,0.0,0.0,0.0,0.0,863.02522925
2024-12-22T13:00,3600,0.0,0.0,0.0,0.0,0.0,0.0,0.0,0.0,816.15047456
2024-12-22T14:00,3600,0.0,0.0,0.0,0.0,0.0,0.0,0.0,0.0,688.77104029
2024-12-22T15:00,3600,0.0,0.0,0.0,0.0,0.0,0.0,0.0,0.0,503.30304942
2024-12-22T16:00,3600,0.0,0.0,0.0,0.0,0.0,0.0,0.0,0.0,278.9297582
2024-12-22T17:00,3600,0.0,0.0,0.0,0.0,0.0,0.0,0.0,0.0,40.98370126
2024-12-22T18:00,3600,0.0,0.0,0.0,0.0,0.0,0.0,0.0,0.0,0.0
2024-12-22T19:00,3600,0.0,0.0,0.0,0.0,0.0,0.0,0.0,0.0,0.0
2024-12-22T20:00,3600,0.0,0.0,0.0,0.0,0.0,0.0,0.0,0.0,0.0
2024-12-22T21:00,3600,0.0,0.0,0.0,0.0,0.0,0.0,0.0,0.0,0.0
2024-12-22T22:00,3600,0.0,0.0,0.0,0.0,0.0,0.0,0.0,0.0,0.0
2024-12-22T23:00,3600,0.0,0.0,0.0,0.0,0.0,0.0,0.0,0.0,0.0
2024-12-23T00:00,3600,0.0,0.0,0.0,0.0,0.0,0.0,0.0,0.0,0.0
2024-12-23T01:00,3600,0.0,0.0,0.0,0.0,0.0,0.0,0.0,0.0,0.0
2024-12-23T02:00,3600,0.0,0.0,0.0,0.0,0.0,0.0,0.0,0.0,0.0
2024-12-23T03:00,3600,0.0,0.0,0.0,0.0,0.0,0.0,0.0,0.0,0.0
2024-12-23T04:00,3600,0.0,0.0,0.0,0.0,0.0,0.0,0.0,0.0,0.0
2024-12-23T05:00,3600,0.0,0.0,0.0,0.0,0.0,0.0,0.0,0.0,0.0
2024-12-23T06:00,3600,0.0,0.0,0.0,0.0,0.0,0.0,0.0,0.0,0.0
2024-12-23T07:00,3600,0.0,0.0,0.0,0.0,0.0,0.0,0.0,0.0,56.99469853
2024-12-23T08:00,3600,0.0,0.0,0.0,0.0,0.0,0.0,0.0,0.0,249.48361121
2024-12-23T09:00,3600,0.0,0.0,0.0,0.0,0.0,0.0,0.0,0.0,388.84522178
2024-12-23T10:00,3600,0.0,0.0,0.0,0.0,0.0,0.0,0.0,0.0,540.69847616
2024-12-23T11:00,3600,0.0,0.0,0.0,0.0,0.0,0.0,0.0,0.0,588.38170734
2024-12-23T12:00,3600,0.0,0.0,0.0,0.0,0.0,0.0,0.0,0.0,615.83879747
2024-12-23T13:00,3600,0.0,0.0,0.0,0.0,0.0,0.0,0.0,0.0,468.31182263
2024-12-23T14:00,3600,0.0,0.0,0.0,0.0,0.0,0.0,0.0,0.0,268.29862073
2024-12-23T15:00,3600,0.0,0.0,0.0,0.0,0.0,0.0,0.0,0.0,166.71013789
2024-12-23T16:00,3600,0.0,0.0,0.0,0.0,0.0,0.0,0.0,0.0,102.45695643
2024-12-23T17:00,3600,0.0,0.0,0.0,0.0,0.0,0.0,0.0,0.0,19.35460372
2024-12-23T18:00,3600,0.0,0.0,0.0,0.0,0.0,0.0,0.0,0.0,0.0
2024-12-23T19:00,3600,0.0,0.0,0.0,0.0,0.0,0.0,0.0,0.0,0.0
2024-12-23T20:00,3600,0.0,0.0,0.0,0.0,0.0,0.0,0.0,0.0,0.0
2024-12-23T21:00,3600,0.0,0.0,0.0,0.0,0.0,0.0,0.0,0.0,0.0
2024-12-23T22:00,3600,0.0,0.0,0.0,0.0,0.0,0.0,0.0,0.0,0.0
2024-12-23T23:00,3600,0.0,0.0,0.0,0.0,0.0,0.0,0.0,0.0,0.0
2024-12-24T00:00,3600,0.0,0.0,0.0,0.0,0.0,0.0,0.0,0.0,0.0
2024-12-24T01:00,3600,0.0,0.0,0.0,0.0,0.0,0.0,0.0,0.0,0.0
2024-12-24T02:00,3600,0.0,0.0,0.0,0.0,0.0,0.0,0.0,0.0,0.0
2024-12-24T03:00,3600,0.0,0.0,0.0,0.0,0.0,0.0,0.0,0.0,0.0
2024-12-24T04:00,3600,0.0,0.0,0.0,0.0,0.0,0.0,0.0,0.0,0.0
2024-12-24T05:00,3600,0.0,0.0,0.0,0.0,0.0,0.0,0.0,0.0,0.0
2024-12-24T06:00,3600,0.0,0.0,0.0,0.0,0.0,0.0,0.0,0.0,0.0
2024-12-24T07:00,3600,0.0,0.0,0.0,0.0,0.0,0.0,0.0,0.0,53.432713
2024-12-24T08:00,3600,0.0,0.0,0.0,0.0,0.0,0.0,0.0,0.0,247.32388713
2024-12-24T09:00,3600,0.0,0.0,0.0,0.0,0.0,0.0,0.0,0.0,426.5421003
2024-12-24T10:00,3600,0.0,0.0,0.0,0.0,0.0,0.0,0.0,0.0,630.87152042
2024-12-24T11:00,3600,0.0,0.0,0.0,0.0,0.0,0.0,0.0,0.0,641.83926116
2024-12-24T12:00,3600,0.0,0.0,0.0,0.0,0.0,0.0,0.0,0.0,795.71203565
2024-12-24T13:00,3600,0.0,0.0,0.0,0.0,0.0,0.0,0.0,0.0,757.42281721
2024-12-24T14:00,3600,0.0,0.0,0.0,0.0,0.0,0.0,0.0,0.0,698.11215234
2024-12-24T15:00,3600,0.0,0.0,0.0,0.0,0.0,0.0,0.0,0.0,521.75370091
2024-12-24T16:00,3600,0.0,0.0,0.0,0.0,0.0,0.0,0.0,0.0,279.08034618
2024-12-24T17:00,3600,0.0,0.0,0.0,0.0,0.0,0.0,0.0,0.0,46.7326872
2024-12-24T18:00,3600,0.0,0.0,0.0,0.0,0.0,0.0,0.0,0.0,0.0
2024-12-24T19:00,3600,0.0,0.0,0.0,0.0,0.0,0.0,0.0,0.0,0.0
2024-12-24T20:00,3600,0.0,0.0,0.0,0.0,0.0,0.0,0.0,0.0,0.0
2024-12-24T21:00,3600,0.0,0.0,0.0,0.0,0.0,0.0,0.0,0.0,0.0
2024-12-24T22:00,3600,0.0,0.0,0.0,0.0,0.0,0.0,0.0,0.0,0.0
2024-12-24T23:00,3600,0.0,0.0,0.0,0.0,0.0,0.0,0.0,0.0,0.0
2024-12-25T00:00,3600,0.0,0.0,0.0,0.0,0.0,0.0,0.0,0.0,0.0
2024-12-25T01:00,3600,0.0,0.0,0.0,0.0,0.0,0.0,0.0,0.0,0.0
2024-12-25T02:00,3600,0.0,0.0,0.0,0.0,0.0,0.0,0.0,0.0,0.0
2024-12-25T03:00,3600,0.0,0.0,0.0,0.0,0.0,0.0,0.0,0.0,0.0
2024-12-25T04:00,3600,0.0,0.0,0.0,0.0,0.0,0.0,0.0,0.0,0.0
2024-12-25T05:00,3600,0.0,0.0,0.0,0.0,0.0,0.0,0.0,0.0,0.0
2024-12-25T06:00,3600,0.0,0.0,0.0,0.0,0.0,0.0,0.0,0.0,0.0
2024-12-25T07:00,3600,0.0,0.0,0.0,0.0,0.0,0.0,0.0,0.0,12.23738027
2024-12-25T08:00,3600,0.0,0.0,0.0,0.0,0.0,0.0,0.0,0.0,61.59792553
2024-12-25T09:00,3600,0.0,0.0,0.0,0.0,0.0,0.0,0.0,0.0,162.71595874
2024-12-25T10:00,3600,0.0,0.0,0.0,0.0,0.0,0.0,0.0,0.0,306.62478198
2024-12-25T11:00,3600,0.0,0.0,0.0,0.0,0.0,0.0,0.0,0.0,439.08095058
2024-12-25T12:00,3600,0.0,0.0,0.0,0.0,0.0,0.0,0.0,0.0,679.62809051
2024-12-25T13:00,3600,0.0,0.0,0.0,0.0,0.0,0.0,0.0,0.0,723.69790227
2024-12-25T14:00,3600,0.0,0.0,0.0,0.0,0.0,0.0,0.0,0.0,111.22048499
2024-12-25T15:00,3600,0.0,0.0,0.0,0.0,0.0,0.0,0.0,0.0,107.17355569
2024-12-25T16:00,3600,0.0,0.0,0.0,0.0,0.0,0.0,0.0,0.0,52.05719191
2024-12-25T17:00,3600,0.0,0.0,0.0,0.0,0.0,0.0,0.0,0.0,8.06775619
2024-12-25T18:00,3600,0.0,0.0,0.0,0.0,0.0,0.0,0.0,0.0,0.0
2024-12-25T19:00,3600,0.0,0.0,0.0,0.0,0.0,0.0,0.0,0.0,0.0
2024-12-25T20:00,3600,0.0,0.0,0.0,0.0,0.0,0.0,0.0,0.0,0.0
2024-12-25T21:00,3600,0.0,0.0,0.0,0.0,0.0,0.0,0.0,0.0,0.0
2024-12-25T22:00,3600,0.0,0.0,0.0,0.0,0.0,0.0,0.0,0.0,0.0
2024-12-25T23:00,3600,0.0,0.0,0.0,0.0,0.0,0.0,0.0,0.0,0.0
2024-12-26T00:00,3600,0.0,0.0,0.0,0.0,0.0,0.0,0.0,0.0,0.0
2024-12-26T01:00,3600,0.0,0.0,0.0,0.0,0.0,0.0,0.0,0.0,0.0
2024-12-26T02:00,3600,0.0,0.0,0.0,0.0,0.0,0.0,0.0,0.0,0.0
2024-12-26T03:00,3600,0.0,0.0,0.0,0.0,0.0,0.0,0.0,0.0,0.0
2024-12-26T04:00,3600,0.0,0.0,0.0,0.0,0.0,0.0,0.0,0.0,0.0
2024-12-26T05:00,3600,0.0,0.0,0.0,0.0,0.0,0.0,0.0,0.0,0.0
2024-12-26T06:00,3600,0.0,0.0,0.0,0.0,0.0,0.0,0.0,0.0,0.0
2024-12-26T07:00,3600,0.0,0.0,0.0,0.0,0.0,0.0,0.0,0.0,28.3011209
2024-12-26T08:00,3600,0.0,0.0,0.0,0.0,0.0,0.0,0.0,0.0,106.65409736
2024-12-26T09:00,3600,0.0,0.0,0.0,0.0,0.0,0.0,0.0,0.0,208.74344217
2024-12-26T10:00,3600,0.0,0.0,0.0,0.0,0.0,0.0,0.0,0.0,307.80168473
2024-12-26T11:00,3600,0.0,0.0,0.0,0.0,0.0,0.0,0.0,0.0,435.76466812
2024-12-26T12:00,3600,0.0,0.0,0.0,0.0,0.0,0.0,0.0,0.0,447.07703673
2024-12-26T13:00,3600,0.0,0.0,0.0,0.0,0.0,0.0,0.0,0.0,514.43636864
2024-12-26T14:00,3600,0.0,0.0,0.0,0.0,0.0,0.0,0.0,0.0,227.77364426
2024-12-26T15:00,3600,0.0,0.0,0.0,0.0,0.0,0.0,0.0,0.0,200.47074661
2024-12-26T16:00,3600,0.0,0.0,0.0,0.0,0.0,0.0,0.0,0.0,89.37982568
2024-12-26T17:00,3600,0.0,0.0,0.0,0.0,0.0,0.0,0.0,0.0,20.6184287
2024-12-26T18:00,3600,0.0,0.0,0.0,0.0,0.0,0.0,0.0,0.0,0.0
2024-12-26T19:00,3600,0.0,0.0,0.0,0.0,0.0,0.0,0.0,0.0,0.0
2024-12-26T20:00,3600,0.0,0.0,0.0,0.0,0.0,0.0,0.0,0.0,0.0
2024-12-26T21:00,3600,0.0,0.0,0.0,0.0,0.0,0.0,0.0,0.0,0.0
2024-12-26T22:00,3600,0.0,0.0,0.0,0.0,0.0,0.0,0.0,0.0,0.0
2024-12-26T23:00,3600,0.0,0.0,0.0,0.0,0.0,0.0,0.0,0.0,0.0
2024-12-27T00:00,3600,0.0,0.0,0.0,0.0,0.0,0.0,0.0,0.0,0.0
2024-12-27T01:00,3600,0.0,0.0,0.0,0.0,0.0,0.0,0.0,0.0,0.0
2024-12-27T02:00,3600,0.0,0.0,0.0,0.0,0.0,0.0,0.0,0.0,0.0
2024-12-27T03:00,3600,0.0,0.0,0.0,0.0,0.0,0.0,0.0,0.0,0.0
2024-12-27T04:00,3600,0.0,0.0,0.0,0.0,0.0,0.0,0.0,0.0,0.0
2024-12-27T05:00,3600,0.0,0.0,0.0,0.0,0.0,0.0,0.0,0.0,0.0
2024-12-27T06:00,3600,0.0,0.0,0.0,0.0,0.0,0.0,0.0,0.0,0.0
2024-12-27T07:00,3600,0.0,0.0,0.0,0.0,0.0,0.0,0.0,0.0,56.22096763
2024-12-27T08:00,3600,0.0,0.0,0.0,0.0,0.0,0.0,0.0,0.0,276.40236561
2024-12-27T09:00,3600,0.0,0.0,0.0,0.0,0.0,0.0,0.0,0.0,451.00998079
2024-12-27T10:00,3600,0.0,0.0,0.0,0.0,0.0,0.0,0.0,0.0,642.86727693
2024-12-27T11:00,3600,0.0,0.0,0.0,0.0,0.0,0.0,0.0,0.0,788.42998032
2024-12-27T12:00,3600,0.0,0.0,0.0,0.0,0.0,0.0,0.0,0.0,699.30235887
2024-12-27T13:00,3600,0.0,0.0,0.0,0.0,0.0,0.0,0.0,0.0,695.6675036
2024-12-27T14:00,3600,0.0,0.0,0.0,0.0,0.0,0.0,0.0,0.0,458.8601719
2024-12-27T15:00,3600,0.0,0.0,0.0,0.0,0.0,0.0,0.0,0.0,235.86653291
2024-12-27T16:00,3600,0.0,0.0,0.0,0.0,0.0,0.0,0.0,0.0,104.4305644
2024-12-27T17:00,3600,0.0,0.0,0.0,0.0,0.0,0.0,0.0,0.0,15.44833932
2024-12-27T18:00,3600,0.0,0.0,0.0,0.0,0.0,0.0,0.0,0.0,0.0
2024-12-27T19:00,3600,0.0,0.0,0.0,0.0,0.0,0.0,0.0,0.0,0.0
2024-12-27T20:00,3600,0.0,0.0,0.0,0.0,0.0,0.0,0.0,0.0,0.0
2024-12-27T21:00,3600,0.0,0.0,0.0,0.0,0.0,0.0,0.0,0.0,0.0
2024-12-27T22:00,3600,0.0,0.0,0.0,0.0,0.0,0.0,0.0,0.0,0.0
2024-12-27T23:00,3600,0.0,0.0,0.0,0.0,0.0,0.0,0.0,0.0,0.0
2024-12-28T00:00,3600,0.0,0.0,0.0,0.0,0.0,0.0,0.0,0.0,0.0
2024-12-28T01:00,3600,0.0,0.0,0.0,0.0,0.0,0.0,0.0,0.0,0.0
2024-12-28T02:00,3600,0.0,0.0,0.0,0.0,0.0,0.0,0.0,0.0,0.0
2024-12-28T03:00,3600,0.0,0.0,0.0,0.0,0.0,0.0,0.0,0.0,0.0
2024-12-28T04:00,3600,0.0,0.0,0.0,0.0,0.0,0.0,0.0,0.0,0.0
2024-12-28T05:00,3600,0.0,0.0,0.0,0.0,0.0,0.0,0.0,0.0,0.0
2024-12-28T06:00,3600,0.0,0.0,0.0,0.0,0.0,0.0,0.0,0.0,0.0
2024-12-28T07:00,3600,0.0,0.0,0.0,0.0,0.0,0.0,0.0,0.0,31.83921627
2024-12-28T08:00,3600,0.0,0.0,0.0,0.0,0.0,0.0,0.0,0.0,251.60761152
2024-12-28T09:00,3600,0.0,0.0,0.0,0.0,0.0,0.0,0.0,0.0,538.05242874
2024-12-28T10:00,3600,0.0,0.0,0.0,0.0,0.0,0.0,0.0,0.0,731.96404284
2024-12-28T11:00,3600,0.0,0.0,0.0,0.0,0.0,0.0,0.0,0.0,852.21446511
2024-12-28T12:00,3600,0.0,0.0,0.0,0.0,0.0,0.0,0.0,0.0,894.02233928
2024-12-28T13:00,3600,0.0,0.0,0.0,0.0,0.0,0.0,0.0,0.0,851.81832073
2024-12-28T14:00,3600,0.0,0.0,0.0,0.0,0.0,0.0,0.0,0.0,722.87923423
2024-12-28T15:00,3600,0.0,0.0,0.0,0.0,0.0,0.0,0.0,0.0,541.33248761
2024-12-28T16:00,3600,0.0,0.0,0.0,0.0,0.0,0.0,0.0,0.0,304.90330269
2024-12-28T17:00,3600,0.0,0.0,0.0,0.0,0.0,0.0,0.0,0.0,57.41077643
2024-12-28T18:00,3600,0.0,0.0,0.0,0.0,0.0,0.0,0.0,0.0,0.0
2024-12-28T19:00,3600,0.0,0.0,0.0,0.0,0.0,0.0,0.0,0.0,0.0
2024-12-28T20:00,3600,0.0,0.0,0.0,0.0,0.0,0.0,0.0,0.0,0.0
2024-12-28T21:00,3600,0.0,0.0,0.0,0.0,0.0,0.0,0.0,0.0,0.0
2024-12-28T22:00,3600,0.0,0.0,0.0,0.0,0.0,0.0,0.0,0.0,0.0
2024-12-28T23:00,3600,0.0,0.0,0.0,0.0,0.0,0.0,0.0,0.0,0.0
2024-12-29T00:00,3600,0.0,0.0,0.0,0.0,0.0,0.0,0.0,0.0,0.0
2024-12-29T01:00,3600,0.0,0.0,0.0,0.0,0.0,0.0,0.0,0.0,0.0
2024-12-29T02:00,3600,0.0,0.0,0.0,0.0,0.0,0.0,0.0,0.0,0.0
2024-12-29T03:00,3600,0.0,0.0,0.0,0.0,0.0,0.0,0.0,0.0,0.0
2024-12-29T04:00,3600,0.0,0.0,0.0,0.0,0.0,0.0,0.0,0.0,0.0
2024-12-29T05:00,3600,0.0,0.0,0.0,0.0,0.0,0.0,0.0,0.0,0.0
2024-12-29T06:00,3600,0.0,0.0,0.0,0.0,0.0,0.0,0.0,0.0,0.0
2024-12-29T07:00,3600,0.0,0.0,0.0,0.0,0.0,0.0,0.0,0.0,67.27806691
2024-12-29T08:00,3600,0.0,0.0,0.0,0.0,0.0,0.0,0.0,0.0,323.1587452
2024-12-29T09:00,3600,0.0,0.0,0.0,0.0,0.0,0.0,0.0,0.0,562.61952113
2024-12-29T10:00,3600,0.0,0.0,0.0,0.0,0.0,0.0,0.0,0.0,753.97540971
2024-12-29T11:00,3600,0.0,0.0,0.0,0.0,0.0,0.0,0.0,0.0,872.56790404
2024-12-29T12:00,3600,0.0,0.0,0.0,0.0,0.0,0.0,0.0,0.0,911.1655031
2024-12-29T13:00,3600,0.0,0.0,0.0,0.0,0.0,0.0,0.0,0.0,862.00481152
2024-12-29T14:00,3600,0.0,0.0,0.0,0.0,0.0,0.0,0.0,0.0,724.09502697
2024-12-29T15:00,3600,0.0,0.0,0.0,0.0,0.0,0.0,0.0,0.0,533.50594889
2024-12-29T16:00,3600,0.0,0.0,0.0,0.0,0.0,0.0,0.0,0.0,298.92610443
2024-12-29T17:00,3600,0.0,0.0,0.0,0.0,0.0,0.0,0.0,0.0,57.31891444
2024-12-29T18:00,3600,0.0,0.0,0.0,0.0,0.0,0.0,0.0,0.0,0.0
2024-12-29T19:00,3600,0.0,0.0,0.0,0.0,0.0,0.0,0.0,0.0,0.0
2024-12-29T20:00,3600,0.0,0.0,0.0,0.0,0.0,0.0,0.0,0.0,0.0
2024-12-29T21:00,3600,0.0,0.0,0.0,0.0,0.0,0.0,0.0,0.0,0.0
2024-12-29T22:00,3600,0.0,0.0,0.0,0.0,0.0,0.0,0.0,0.0,0.0
2024-12-29T23:00,3600,0.0,0.0,0.0,0.0,0.0,0.0,0.0,0.0,0.0
2024-12-30T00:00,3600,0.0,0.0,0.0,0.0,0.0,0.0,0.0,0.0,0.0
2024-12-30T01:00,3600,0.0,0.0,0.0,0.0,0.0,0.0,0.0,0.0,0.0
2024-12-30T02:00,3600,0.0,0.0,0.0,0.0,0.0,0.0,0.0,0.0,0.0
2024-12-30T03:00,3600,0.0,0.0,0.0,0.0,0.0,0.0,0.0,0.0,0.0
2024-12-30T04:00,3600,0.0,0.0,0.0,0.0,0.0,0.0,0.0,0.0,0.0
2024-12-30T05:00,3600,0.0,0.0,0.0,0.0,0.0,0.0,0.0,0.0,0.0
2024-12-30T06:00,3600,0.0,0.0,0.0,0.0,0.0,0.0,0.0,0.0,0.0
2024-12-30T07:00,3600,0.0,0.0,0.0,0.0,0.0,0.0,0.0,0.0,60.50226684
2024-12-30T08:00,3600,0.0,0.0,0.0,0.0,0.0,0.0,0.0,0.0,305.31223508
2024-12-30T09:00,3600,0.0,0.0,0.0,0.0,0.0,0.0,0.0,0.0,541.33854227
2024-12-30T10:00,3600,0.0,0.0,0.0,0.0,0.0,0.0,0.0,0.0,724.17769693
2024-12-30T11:00,3600,0.0,0.0,0.0,0.0,0.0,0.0,0.0,0.0,845.63478394
2024-12-30T12:00,3600,0.0,0.0,0.0,0.0,0.0,0.0,0.0,0.0,886.25767021
2024-12-30T13:00,3600,0.0,0.0,0.0,0.0,0.0,0.0,0.0,0.0,846.48762174
2024-12-30T14:00,3600,0.0,0.0,0.0,0.0,0.0,0.0,0.0,0.0,729.76348993
2024-12-30T15:00,3600,0.0,0.0,0.0,0.0,0.0,0.0,0.0,0.0,539.70322208
2024-12-30T16:00,3600,0.0,0.0,0.0,0.0,0.0,0.0,0.0,0.0,303.92916694
2024-12-30T17:00,3600,0.0,0.0,0.0,0.0,0.0,0.0,0.0,0.0,59.46048085
2024-12-30T18:00,3600,0.0,0.0,0.0,0.0,0.0,0.0,0.0,0.0,0.0
2024-12-30T19:00,3600,0.0,0.0,0.0,0.0,0.0,0.0,0.0,0.0,0.0
2024-12-30T20:00,3600,0.0,0.0,0.0,0.0,0.0,0.0,0.0,0.0,0.0
2024-12-30T21:00,3600,0.0,0.0,0.0,0.0,0.0,0.0,0.0,0.0,0.0
2024-12-30T22:00,3600,0.0,0.0,0.0,0.0,0.0,0.0,0.0,0.0,0.0
2024-12-30T23:00,3600,0.0,0.0,0.0,0.0,0.0,0.0,0.0,0.0,0.0
2024-12-31T00:00,3600,0.0,0.0,0.0,0.0,0.0,0.0,0.0,0.0,0.0
2024-12-31T01:00,3600,0.0,0.0,0.0,0.0,0.0,0.0,0.0,0.0,0.0
2024-12-31T02:00,3600,0.0,0.0,0.0,0.0,0.0,0.0,0.0,0.0,0.0
2024-12-31T03:00,3600,0.0,0.0,0.0,0.0,0.0,0.0,0.0,0.0,0.0
2024-12-31T04:00,3600,0.0,0.0,0.0,0.0,0.0,0.0,0.0,0.0,0.0
2024-12-31T05:00,3600,0.0,0.0,0.0,0.0,0.0,0.0,0.0,0.0,0.0
2024-12-31T06:00,3600,0.0,0.0,0.0,0.0,0.0,0.0,0.0,0.0,0.0
2024-12-31T07:00,3600,0.0,0.0,0.0,0.0,0.0,0.0,0.0,0.0,61.66356855
2024-12-31T08:00,3600,0.0,0.0,0.0,0.0,0.0,0.0,0.0,0.0,310.34041575
2024-12-31T09:00,3600,0.0,0.0,0.0,0.0,0.0,0.0,0.0,0.0,548.04225576
2024-12-31T10:00,3600,0.0,0.0,0.0,0.0,0.0,0.0,0.0,0.0,733.89336047
2024-12-31T11:00,3600,0.0,0.0,0.0,0.0,0.0,0.0,0.0,0.0,843.24366902
2024-12-31T12:00,3600,0.0,0.0,0.0,0.0,0.0,0.0,0.0,0.0,888.3419382
2024-12-31T13:00,3600,0.0,0.0,0.0,0.0,0.0,0.0,0.0,0.0,852.93487029
2024-12-31T14:00,3600,0.0,0.0,0.0,0.0,0.0,0.0,0.0,0.0,686.58733433
2024-12-31T15:00,3600,0.0,0.0,0.0,0.0,0.0,0.0,0.0,0.0,510.10095195
2024-12-31T16:00,3600,0.0,0.0,0.0,0.0,0.0,0.0,0.0,0.0,284.96601204
2024-12-31T17:00,3600,0.0,0.0,0.0,0.0,0.0,0.0,0.0,0.0,58.08141502
2024-12-31T18:00,3600,0.0,0.0,0.0,0.0,0.0,0.0,0.0,0.0,0.0
2024-12-31T19:00,3600,0.0,0.0,0.0,0.0,0.0,0.0,0.0,0.0,0.0
2024-12-31T20:00,3600,0.0,0.0,0.0,0.0,0.0,0.0,0.0,0.0,0.0
2024-12-31T21:00,3600,0.0,0.0,0.0,0.0,0.0,0.0,0.0,0.0,0.0
2024-12-31T22:00,3600,0.0,0.0,0.0,0.0,0.0,0.0,0.0,0.0,0.0
2024-12-31T23:00,3600,0.0,0.0,0.0,0.0,0.0,0.0,0.0,0.0,0.0
