timestamp,interval_seconds,load_kwh,pv_generation_kwh,self_use_kwh,grid_import_kwh,grid_export_kwh,curtailment_kwh,pv_dc_power_w,pv_ac_power_w,poa_w_m2
2024-01-01T00:00,3600,0.0,0.0,0.0,0.0,0.0,0.0,0.0,0.0,0.0
2024-01-01T01:00,3600,0.0,0.0,0.0,0.0,0.0,0.0,0.0,0.0,0.0
2024-01-01T02:00,3600,0.0,0.0,0.0,0.0,0.0,0.0,0.0,0.0,0.0
2024-01-01T03:00,3600,0.0,0.0,0.0,0.0,0.0,0.0,0.0,0.0,0.0
2024-01-01T04:00,3600,0.0,0.0,0.0,0.0,0.0,0.0,0.0,0.0,0.0
2024-01-01T05:00,3600,0.0,0.0,0.0,0.0,0.0,0.0,0.0,0.0,0.0
2024-01-01T06:00,3600,0.0,0.0,0.0,0.0,0.0,0.0,0.0,0.0,0.0
2024-01-01T07:00,3600,0.0,0.0693622963,0.0,0.0,0.0,0.0693622963,95.92071614,69.3622963,38.68704621
2024-01-01T08:00,3600,0.0,0.32689033307,0.0,0.0,0.0,0.32689033307,405.1183719,326.89033307,165.27642041
2024-01-01T09:00,3600,0.0,0.7590792317899999,0.0,0.0,0.0,0.7590792317899999,927.3460082,759.07923179,386.75733247
2024-01-01T10:00,3600,0.0,0.99042519208,0.0,0.0,0.0,0.99042519208,1208.63098224,990.42519208,517.14128714
2024-01-01T11:00,3600,0.0,1.077464035,0.0,0.0,0.0,1.077464035,1314.77727119,1077.464035,565.49410412
2024-01-01T12:00,3600,0.0,1.30073313188,0.0,0.0,0.0,1.30073313188,1587.86587942,1300.73313188,691.5425951
2024-01-01T13:00,3600,0.6869167119558518,1.31034604371,0.6869167119558518,0.0,0.0,0.6234293317541483,1599.6499785,1310.34604371,704.01906365
2024-01-01T14:00,3600,0.3618833187591797,1.10406067359,0.3618833187591797,0.0,0.0,0.7421773548308204,1347.24762884,1104.06067359,586.06442511
2024-01-01T15:00,3600,0.3098942647733626,0.81260456027,0.3098942647733626,0.0,0.0,0.5027102954966374,992.31645783,812.60456027,425.02811989
2024-01-01T16:00,3600,0.19071066583111013,0.29673480888,0.19071066583111013,0.0,0.0,0.10602414304888985,368.83669438,296.73480888,153.45670805
2024-01-01T17:00,3600,0.15326137157467634,0.06270650534000001,0.06270650534000001,0.09055486623467633,0.0,0.0,87.94889459,62.70650534,36.17541181
2024-01-01T18:00,3600,0.0,0.0,0.0,0.0,0.0,0.0,0.0,0.0,0.0
2024-01-01T19:00,3600,0.0,0.0,0.0,0.0,0.0,0.0,0.0,0.0,0.0
2024-01-01T20:00,3600,0.0,0.0,0.0,0.0,0.0,0.0,0.0,0.0,0.0
2024-01-01T21:00,3600,0.0,0.0,0.0,0.0,0.0,0.0,0.0,0.0,0.0
2024-01-01T22:00,3600,0.0,0.0,0.0,0.0,0.0,0.0,0.0,0.0,0.0
2024-01-01T23:00,3600,0.0,0.0,0.0,0.0,0.0,0.0,0.0,0.0,0.0
2024-01-02T00:00,3600,0.0,0.0,0.0,0.0,0.0,0.0,0.0,0.0,0.0
2024-01-02T01:00,3600,0.0,0.0,0.0,0.0,0.0,0.0,0.0,0.0,0.0
2024-01-02T02:00,3600,0.0,0.0,0.0,0.0,0.0,0.0,0.0,0.0,0.0
2024-01-02T03:00,3600,0.0,0.0,0.0,0.0,0.0,0.0,0.0,0.0,0.0
2024-01-02T04:00,3600,0.0,0.0,0.0,0.0,0.0,0.0,0.0,0.0,0.0
2024-01-02T05:00,3600,0.0,0.0,0.0,0.0,0.0,0.0,0.0,0.0,0.0
2024-01-02T06:00,3600,0.0,0.0,0.0,0.0,0.0,0.0,0.0,0.0,0.0
2024-01-02T07:00,3600,0.0,0.04309325187000001,0.0,0.0,0.0,0.04309325187000001,64.46321349,43.09325187,25.87987272
2024-01-02T08:00,3600,0.0,0.31895404357,0.0,0.0,0.0,0.31895404357,395.56785022,318.95404357,160.75154091
2024-01-02T09:00,3600,0.0,0.64504804775,0.0,0.0,0.0,0.64504804775,789.14938055,645.04804775,325.53046797
2024-01-02T10:00,3600,0.0,0.86625600873,0.0,0.0,0.0,0.86625600873,1057.50570023,866.25600873,444.11772551
2024-01-02T11:00,3600,0.0,1.38049577569,0.0,0.0,0.0,1.38049577569,1685.70968954,1380.49577569,729.30596011
2024-01-02T12:00,3600,0.0,1.4261787533199999,0.0,0.0,0.0,1.4261787533199999,1741.81600623,1426.17875332,758.86055009
2024-01-02T13:00,3600,0.0,1.16238101836,0.0,0.0,0.0,1.16238101836,1418.50526344,1162.38101836,611.04031666
2024-01-02T14:00,3600,0.0,0.64912858678,0.0,0.0,0.0,0.64912858678,794.08957606,649.12858678,332.66198268
2024-01-02T15:00,3600,0.0,0.35235540505,0.0,0.0,0.0,0.35235540505,435.77247188,352.35540505,180.05185616
2024-01-02T16:00,3600,0.0,0.21803600906,0.0,0.0,0.0,0.21803600906,274.24510016,218.03600906,112.4888751
2024-01-02T17:00,3600,0.06866238373096607,0.03728618767999999,0.03728618767999999,0.03137619605096608,0.0,0.0,57.51122289,37.28618768,23.39082758
2024-01-02T18:00,3600,0.0,0.0,0.0,0.0,0.0,0.0,0.0,0.0,0.0
2024-01-02T19:00,3600,0.0,0.0,0.0,0.0,0.0,0.0,0.0,0.0,0.0
2024-01-02T20:00,3600,0.0,0.0,0.0,0.0,0.0,0.0,0.0,0.0,0.0
2024-01-02T21:00,3600,0.0,0.0,0.0,0.0,0.0,0.0,0.0,0.0,0.0
2024-01-02T22:00,3600,0.0,0.0,0.0,0.0,0.0,0.0,0.0,0.0,0.0
2024-01-02T23:00,3600,0.0,0.0,0.0,0.0,0.0,0.0,0.0,0.0,0.0
2024-01-03T00:00,3600,0.0,0.0,0.0,0.0,0.0,0.0,0.0,0.0,0.0
2024-01-03T01:00,3600,0.0,0.0,0.0,0.0,0.0,0.0,0.0,0.0,0.0
2024-01-03T02:00,3600,0.0,0.0,0.0,0.0,0.0,0.0,0.0,0.0,0.0
2024-01-03T03:00,3600,0.0,0.0,0.0,0.0,0.0,0.0,0.0,0.0,0.0
2024-01-03T04:00,3600,0.0,0.0,0.0,0.0,0.0,0.0,0.0,0.0,0.0
2024-01-03T05:00,3600,0.0,0.0,0.0,0.0,0.0,0.0,0.0,0.0,0.0
2024-01-03T06:00,3600,0.0,0.0,0.0,0.0,0.0,0.0,0.0,0.0,0.0
2024-01-03T07:00,3600,0.0,0.03471367983,0.0,0.0,0.0,0.03471367983,54.43175283,34.71367983,21.70038509
2024-01-03T08:00,3600,0.0,0.30376975807,0.0,0.0,0.0,0.30376975807,377.29900022,303.76975807,151.90249827
2024-01-03T09:00,3600,0.0,0.61516334234,0.0,0.0,0.0,0.61516334234,752.98027999,615.16334234,306.57532619
2024-01-03T10:00,3600,0.0,0.9699421949999999,0.0,0.0,0.0,0.9699421949999999,1183.67685014,969.942195,490.45653975
2024-01-03T11:00,3600,0.0,1.31428899081,0.0,0.0,0.0,1.31428899081,1604.48411402,1314.28899081,674.4022196
2024-01-03T12:00,3600,0.0,1.5620450928400003,0.0,0.0,0.0,1.5620450928400003,1908.9749481,1562.04509284,811.76675636
2024-01-03T13:00,3600,0.0,1.53029111496,0.0,0.0,0.0,1.53029111496,1869.86812022,1530.29111496,799.77704836
2024-01-03T14:00,3600,0.0,1.38169887604,0.0,0.0,0.0,1.38169887604,1687.18666527,1381.69887604,717.09182036
2024-01-03T15:00,3600,0.0,1.05342422127,0.0,0.0,0.0,1.05342422127,1285.44251961,1053.42422127,538.75348975
2024-01-03T16:00,3600,0.0,0.6135212633899999,0.0,0.0,0.0,0.6135212633899999,750.99347684,613.52126339,308.63394445
2024-01-03T17:00,3600,0.0,0.12731688451,0.0,0.0,0.0,0.12731688451,165.37559055,127.31688451,66.70901275
2024-01-03T18:00,3600,0.0,0.0,0.0,0.0,0.0,0.0,0.0,0.0,0.0
2024-01-03T19:00,3600,0.0,0.0,0.0,0.0,0.0,0.0,0.0,0.0,0.0
2024-01-03T20:00,3600,0.0,0.0,0.0,0.0,0.0,0.0,0.0,0.0,0.0
2024-01-03T21:00,3600,0.0,0.0,0.0,0.0,0.0,0.0,0.0,0.0,0.0
2024-01-03T22:00,3600,0.0,0.0,0.0,0.0,0.0,0.0,0.0,0.0,0.0
2024-01-03T23:00,3600,0.0,0.0,0.0,0.0,0.0,0.0,0.0,0.0,0.0
2024-01-04T00:00,3600,0.0,0.0,0.0,0.0,0.0,0.0,0.0,0.0,0.0
2024-01-04T01:00,3600,0.0,0.0,0.0,0.0,0.0,0.0,0.0,0.0,0.0
2024-01-04T02:00,3600,0.0,0.0,0.0,0.0,0.0,0.0,0.0,0.0,0.0
2024-01-04T03:00,3600,0.0,0.0,0.0,0.0,0.0,0.0,0.0,0.0,0.0
2024-01-04T04:00,3600,0.0,0.0,0.0,0.0,0.0,0.0,0.0,0.0,0.0
2024-01-04T05:00,3600,0.0,0.0,0.0,0.0,0.0,0.0,0.0,0.0,0.0
2024-01-04T06:00,3600,0.0,0.0,0.0,0.0,0.0,0.0,0.0,0.0,0.0
2024-01-04T07:00,3600,0.0,0.10563013626,0.0,0.0,0.0,0.10563013626,139.37676925,105.63013626,54.58035279
2024-01-04T08:00,3600,0.0,0.56646093636,0.0,0.0,0.0,0.56646093636,694.07957768,566.46093636,277.40004874
2024-01-04T09:00,3600,0.0,0.86770480405,0.0,0.0,0.0,0.86770480405,1059.26697436,867.70480405,429.99883881
2024-01-04T10:00,3600,0.0,1.13561951237,0.0,0.0,0.0,1.13561951237,1385.79738409,1135.61951237,579.76382433
2024-01-04T11:00,3600,0.0,1.36603266443,0.0,0.0,0.0,1.36603266443,1667.95684991,1366.03266443,707.75358588
2024-01-04T12:00,3600,0.0,1.47382267306,0.0,0.0,0.0,1.47382267306,1800.38330873,1473.82267306,770.1375006
2024-01-04T13:00,3600,0.0,1.45016838942,0.0,0.0,0.0,1.45016838942,1771.29905244,1450.16838942,769.45811555
2024-01-04T14:00,3600,0.0,1.0975384696900001,0.0,0.0,0.0,1.0975384696900001,1339.28351257,1097.53846969,572.33854247
2024-01-04T15:00,3600,0.0,0.9041784612699999,0.0,0.0,0.0,0.9041784612699999,1103.62320126,904.17846127,467.59771552
2024-01-04T16:00,3600,0.0,0.5464967445800001,0.0,0.0,0.0,0.5464967445800001,669.95033646,546.49674458,278.10833379
2024-01-04T17:00,3600,0.0,0.10558851982999999,0.0,0.0,0.0,0.10558851982999999,139.32688798,105.58851983,56.50096808
2024-01-04T18:00,3600,0.0,0.0,0.0,0.0,0.0,0.0,0.0,0.0,0.0
2024-01-04T19:00,3600,0.0,0.0,0.0,0.0,0.0,0.0,0.0,0.0,0.0
2024-01-04T20:00,3600,0.0,0.0,0.0,0.0,0.0,0.0,0.0,0.0,0.0
2024-01-04T21:00,3600,0.0,0.0,0.0,0.0,0.0,0.0,0.0,0.0,0.0
2024-01-04T22:00,3600,0.0,0.0,0.0,0.0,0.0,0.0,0.0,0.0,0.0
2024-01-04T23:00,3600,0.0,0.0,0.0,0.0,0.0,0.0,0.0,0.0,0.0
2024-01-05T00:00,3600,0.0,0.0,0.0,0.0,0.0,0.0,0.0,0.0,0.0
2024-01-05T01:00,3600,0.0,0.0,0.0,0.0,0.0,0.0,0.0,0.0,0.0
2024-01-05T02:00,3600,0.0,0.0,0.0,0.0,0.0,0.0,0.0,0.0,0.0
2024-01-05T03:00,3600,0.0,0.0,0.0,0.0,0.0,0.0,0.0,0.0,0.0
2024-01-05T04:00,3600,0.0,0.0,0.0,0.0,0.0,0.0,0.0,0.0,0.0
2024-01-05T05:00,3600,0.0,0.0,0.0,0.0,0.0,0.0,0.0,0.0,0.0
2024-01-05T06:00,3600,0.0,0.0,0.0,0.0,0.0,0.0,0.0,0.0,0.0
2024-01-05T07:00,3600,0.0,0.05493447309,0.0,0.0,0.0,0.05493447309,78.64134941,54.93447309,31.11103412
2024-01-05T08:00,3600,0.0,0.35764020857000006,0.0,0.0,0.0,0.35764020857000006,442.13597094,357.64020857,177.60409879
2024-01-05T09:00,3600,0.0,0.80947735503,0.0,0.0,0.0,0.80947735503,988.518775,809.47735503,407.62913942
2024-01-05T10:00,3600,0.0,1.03303120509,0.0,0.0,0.0,1.03303120509,1260.56829528,1033.03120509,535.87354088
2024-01-05T11:00,3600,0.0,1.18044993053,0.0,0.0,0.0,1.18044993053,1440.59850562,1180.44993053,619.58828474
2024-01-05T12:00,3600,0.0,1.2170154144799998,0.0,0.0,0.0,1.2170154144799998,1485.33121624,1217.01541448,641.34975809
2024-01-05T13:00,3600,0.0,1.37555030372,0.0,0.0,0.0,1.37555030372,1679.63878258,1375.55030372,741.55745535
2024-01-05T14:00,3600,0.0,1.2116623646,0.0,0.0,0.0,1.2116623646,1478.78056293,1211.6623646,646.52263798
2024-01-05T15:00,3600,0.0,0.77733108481,0.0,0.0,0.0,0.77733108481,949.4932426,777.33108481,403.99013029
2024-01-05T16:00,3600,0.0,0.49197692589,0.0,0.0,0.0,0.49197692589,604.1019499,491.97692589,252.72556004
2024-01-05T17:00,3600,0.0,0.09962880704,0.0,0.0,0.0,0.09962880704,132.18399482,99.62880704,54.17410582
2024-01-05T18:00,3600,0.0,0.0,0.0,0.0,0.0,0.0,0.0,0.0,0.0
2024-01-05T19:00,3600,0.0,0.0,0.0,0.0,0.0,0.0,0.0,0.0,0.0
2024-01-05T20:00,3600,0.0,0.0,0.0,0.0,0.0,0.0,0.0,0.0,0.0
2024-01-05T21:00,3600,0.0,0.0,0.0,0.0,0.0,0.0,0.0,0.0,0.0
2024-01-05T22:00,3600,0.0,0.0,0.0,0.0,0.0,0.0,0.0,0.0,0.0
2024-01-05T23:00,3600,0.0,0.0,0.0,0.0,0.0,0.0,0.0,0.0,0.0
2024-01-06T00:00,3600,0.0,0.0,0.0,0.0,0.0,0.0,0.0,0.0,0.0
2024-01-06T01:00,3600,0.0,0.0,0.0,0.0,0.0,0.0,0.0,0.0,0.0
2024-01-06T02:00,3600,0.0,0.0,0.0,0.0,0.0,0.0,0.0,0.0,0.0
2024-01-06T03:00,3600,0.0,0.0,0.0,0.0,0.0,0.0,0.0,0.0,0.0
2024-01-06T04:00,3600,0.0,0.0,0.0,0.0,0.0,0.0,0.0,0.0,0.0
2024-01-06T05:00,3600,0.0,0.0,0.0,0.0,0.0,0.0,0.0,0.0,0.0
2024-01-06T06:00,3600,0.0,0.0,0.0,0.0,0.0,0.0,0.0,0.0,0.0
2024-01-06T07:00,3600,0.0,0.09224071443,0.0,0.0,0.0,0.09224071443,123.33022884,92.24071443,48.99131456
2024-01-06T08:00,3600,0.0,0.44901394005999995,0.0,0.0,0.0,0.44901394005999995,552.2587811,449.01394006,223.63462104
2024-01-06T09:00,3600,0.0,0.92000350672,0.0,0.0,0.0,0.92000350672,1122.87780704,920.00350672,468.23691186
2024-01-06T10:00,3600,0.0,1.21560365095,0.0,0.0,0.0,1.21560365095,1483.60354287,1215.60365095,640.82306214
2024-01-06T11:00,3600,0.0,1.4348015612599998,0.0,0.0,0.0,1.4348015612599998,1752.41179029,1434.80156126,767.21393485
2024-01-06T12:00,3600,0.0,1.52244755115,0.0,0.0,0.0,1.52244755115,1860.21202517,1522.44755115,819.60381477
2024-01-06T13:00,3600,0.0,1.35232659485,0.0,0.0,0.0,1.35232659485,1651.13779923,1352.32659485,728.06131702
2024-01-06T14:00,3600,0.0,0.5751693623999999,0.0,0.0,0.0,0.5751693623999999,704.60762114,575.1693624,297.77705287
2024-01-06T15:00,3600,0.0,0.53772366375,0.0,0.0,0.0,0.53772366375,659.34980155,537.72366375,277.94300899
2024-01-06T16:00,3600,0.0,0.30630974742,0.0,0.0,0.0,0.30630974742,380.35461101,306.30974742,157.92705673
2024-01-06T17:00,3600,0.0,0.060789197319999995,0.0,0.0,0.0,0.060789197319999995,85.65266287,60.78919732,35.14860471
2024-01-06T18:00,3600,0.0,0.0,0.0,0.0,0.0,0.0,0.0,0.0,0.0
2024-01-06T19:00,3600,0.0,0.0,0.0,0.0,0.0,0.0,0.0,0.0,0.0
2024-01-06T20:00,3600,0.0,0.0,0.0,0.0,0.0,0.0,0.0,0.0,0.0
2024-01-06T21:00,3600,0.0,0.0,0.0,0.0,0.0,0.0,0.0,0.0,0.0
2024-01-06T22:00,3600,0.0,0.0,0.0,0.0,0.0,0.0,0.0,0.0,0.0
2024-01-06T23:00,3600,0.0,0.0,0.0,0.0,0.0,0.0,0.0,0.0,0.0
2024-01-07T00:00,3600,0.0,0.0,0.0,0.0,0.0,0.0,0.0,0.0,0.0
2024-01-07T01:00,3600,0.0,0.0,0.0,0.0,0.0,0.0,0.0,0.0,0.0
2024-01-07T02:00,3600,0.0,0.0,0.0,0.0,0.0,0.0,0.0,0.0,0.0
2024-01-07T03:00,3600,0.0,0.0,0.0,0.0,0.0,0.0,0.0,0.0,0.0
2024-01-07T04:00,3600,0.0,0.0,0.0,0.0,0.0,0.0,0.0,0.0,0.0
2024-01-07T05:00,3600,0.0,0.0,0.0,0.0,0.0,0.0,0.0,0.0,0.0
2024-01-07T06:00,3600,0.0,0.0,0.0,0.0,0.0,0.0,0.0,0.0,0.0
2024-01-07T07:00,3600,0.0,0.07843704111,0.0,0.0,0.0,0.07843704111,106.7913495,78.43704111,42.8008257
2024-01-07T08:00,3600,0.0,0.51050897116,0.0,0.0,0.0,0.51050897116,626.47723811,510.50897116,255.95427906
2024-01-07T09:00,3600,0.0,0.9629207545399999,0.0,0.0,0.0,0.9629207545399999,1175.1249602,962.92075454,491.86215887
2024-01-07T10:00,3600,0.0,1.21957547967,0.0,0.0,0.0,1.21957547967,1488.4642652,1219.57547967,639.62672447
2024-01-07T11:00,3600,0.0,1.4599545745499998,0.0,0.0,0.0,1.4599545745499998,1783.33010157,1459.95457455,779.41811025
2024-01-07T12:00,3600,0.0,1.54147225448,0.0,0.0,0.0,1.54147225448,1883.63558789,1541.47225448,828.6280959
2024-01-07T13:00,3600,0.0,1.4229377892400001,0.0,0.0,0.0,1.4229377892400001,1737.83393546,1422.93778924,768.06977111
2024-01-07T14:00,3600,0.0,1.19208057543,0.0,0.0,0.0,1.19208057543,1454.82357175,1192.08057543,635.10779116
2024-01-07T15:00,3600,0.0,0.34134778412,0.0,0.0,0.0,0.34134778412,422.52005258,341.34778412,176.33385621
2024-01-07T16:00,3600,0.0,0.18242235553,0.0,0.0,0.0,0.18242235553,231.48449843,182.42235553,95.52158599
2024-01-07T17:00,3600,0.0,0.0606323937,0.0,0.0,0.0,0.0606323937,85.46487321,60.6323937,35.0772421
2024-01-07T18:00,3600,0.0,0.0,0.0,0.0,0.0,0.0,0.0,0.0,0.0
2024-01-07T19:00,3600,0.0,0.0,0.0,0.0,0.0,0.0,0.0,0.0,0.0
2024-01-07T20:00,3600,0.0,0.0,0.0,0.0,0.0,0.0,0.0,0.0,0.0
2024-01-07T21:00,3600,0.0,0.0,0.0,0.0,0.0,0.0,0.0,0.0,0.0
2024-01-07T22:00,3600,0.0,0.0,0.0,0.0,0.0,0.0,0.0,0.0,0.0
2024-01-07T23:00,3600,0.0,0.0,0.0,0.0,0.0,0.0,0.0,0.0,0.0
2024-01-08T00:00,3600,0.0,0.0,0.0,0.0,0.0,0.0,0.0,0.0,0.0
2024-01-08T01:00,3600,0.0,0.0,0.0,0.0,0.0,0.0,0.0,0.0,0.0
2024-01-08T02:00,3600,0.0,0.0,0.0,0.0,0.0,0.0,0.0,0.0,0.0
2024-01-08T03:00,3600,0.0,0.0,0.0,0.0,0.0,0.0,0.0,0.0,0.0
2024-01-08T04:00,3600,0.0,0.0,0.0,0.0,0.0,0.0,0.0,0.0,0.0
2024-01-08T05:00,3600,0.0,0.0,0.0,0.0,0.0,0.0,0.0,0.0,0.0
2024-01-08T06:00,3600,0.0,0.0,0.0,0.0,0.0,0.0,0.0,0.0,0.0
2024-01-08T07:00,3600,0.0,0.0913786157,0.0,0.0,0.0,0.0913786157,122.2971823,91.3786157,48.95594454
2024-01-08T08:00,3600,0.0,0.54619890609,0.0,0.0,0.0,0.54619890609,669.59042908,546.19890609,274.05691779
2024-01-08T09:00,3600,0.0,0.98019892297,0.0,0.0,0.0,0.98019892297,1196.17126004,980.19892297,501.17782819
2024-01-08T10:00,3600,0.0,1.03548739107,0.0,0.0,0.0,1.03548739107,1263.56369924,1035.48739107,537.75620964
2024-01-08T11:00,3600,0.0,1.44383767242,0.0,0.0,0.0,1.44383767242,1763.51733436,1443.83767242,769.36609842
2024-01-08T12:00,3600,0.0,1.34732582875,0.0,0.0,0.0,1.34732582875,1645.0023403,1347.32582875,717.13747523
2024-01-08T13:00,3600,0.0,1.25445877415,0.0,0.0,0.0,1.25445877415,1531.17028596,1254.45877415,667.71694443
2024-01-08T14:00,3600,0.0,0.7370603869599999,0.0,0.0,0.0,0.7370603869599999,900.6379168,737.06038696,381.67894079
2024-01-08T15:00,3600,0.0,0.46207881311000004,0.0,0.0,0.0,0.46207881311000004,568.0197046,462.07881311,237.14470292
2024-01-08T16:00,3600,0.0,0.18588075772999998,0.0,0.0,0.0,0.18588075772999998,235.63570512,185.88075773,96.78430966
2024-01-08T17:00,3600,0.0,0.05838783224000001,0.0,0.0,0.0,0.05838783224000001,82.77682199,58.38783224,33.80164875
2024-01-08T18:00,3600,0.0,0.0,0.0,0.0,0.0,0.0,0.0,0.0,0.0
2024-01-08T19:00,3600,0.0,0.0,0.0,0.0,0.0,0.0,0.0,0.0,0.0
2024-01-08T20:00,3600,0.0,0.0,0.0,0.0,0.0,0.0,0.0,0.0,0.0
2024-01-08T21:00,3600,0.0,0.0,0.0,0.0,0.0,0.0,0.0,0.0,0.0
2024-01-08T22:00,3600,0.0,0.0,0.0,0.0,0.0,0.0,0.0,0.0,0.0
2024-01-08T23:00,3600,0.0,0.0,0.0,0.0,0.0,0.0,0.0,0.0,0.0
2024-01-09T00:00,3600,0.0,0.0,0.0,0.0,0.0,0.0,0.0,0.0,0.0
2024-01-09T01:00,3600,0.0,0.0,0.0,0.0,0.0,0.0,0.0,0.0,0.0
2024-01-09T02:00,3600,0.0,0.0,0.0,0.0,0.0,0.0,0.0,0.0,0.0
2024-01-09T03:00,3600,0.0,0.0,0.0,0.0,0.0,0.0,0.0,0.0,0.0
2024-01-09T04:00,3600,0.0,0.0,0.0,0.0,0.0,0.0,0.0,0.0,0.0
2024-01-09T05:00,3600,0.0,0.0,0.0,0.0,0.0,0.0,0.0,0.0,0.0
2024-01-09T06:00,3600,0.0,0.0,0.0,0.0,0.0,0.0,0.0,0.0,0.0
2024-01-09T07:00,3600,0.0,0.05076878759,0.0,0.0,0.0,0.05076878759,73.65319823,50.76878759,29.60142461
2024-01-09T08:00,3600,0.0,0.31530928096,0.0,0.0,0.0,0.31530928096,391.1822163,315.30928096,159.2632282
2024-01-09T09:00,3600,0.0,0.5294330067199999,0.0,0.0,0.0,0.5294330067199999,649.33377223,529.43300672,267.88330725
2024-01-09T10:00,3600,0.0,0.73084784267,0.0,0.0,0.0,0.73084784267,893.10431325,730.84784267,375.79161464
2024-01-09T11:00,3600,0.0,0.7621019560000001,0.0,0.0,0.0,0.7621019560000001,931.01332932,762.101956,393.13780038
2024-01-09T12:00,3600,0.0,0.5395981534400001,0.0,0.0,0.0,0.5395981534400001,661.61460647,539.59815344,276.34554066
2024-01-09T13:00,3600,0.0,0.54372156498,0.0,0.0,0.0,0.54372156498,666.59689286,543.72156498,278.97946264
2024-01-09T14:00,3600,0.0,1.02728939021,0.0,0.0,0.0,1.02728939021,1253.56649755,1027.28939021,537.81712367
2024-01-09T15:00,3600,0.0,0.69201696094,0.0,0.0,0.0,0.69201696094,846.03616564,692.01696094,356.41717124
2024-01-09T16:00,3600,0.0,0.34165039464999997,0.0,0.0,0.0,0.34165039464999997,422.8843388,341.65039465,174.3560804
2024-01-09T17:00,3600,0.0,0.09138233546,0.0,0.0,0.0,0.09138233546,122.30163963,91.38233546,49.78433877
2024-01-09T18:00,3600,0.0,0.0,0.0,0.0,0.0,0.0,0.0,0.0,0.0
2024-01-09T19:00,3600,0.0,0.0,0.0,0.0,0.0,0.0,0.0,0.0,0.0
2024-01-09T20:00,3600,0.0,0.0,0.0,0.0,0.0,0.0,0.0,0.0,0.0
2024-01-09T21:00,3600,0.0,0.0,0.0,0.0,0.0,0.0,0.0,0.0,0.0
2024-01-09T22:00,3600,0.0,0.0,0.0,0.0,0.0,0.0,0.0,0.0,0.0
2024-01-09T23:00,3600,0.0,0.0,0.0,0.0,0.0,0.0,0.0,0.0,0.0
2024-01-10T00:00,3600,0.0,0.0,0.0,0.0,0.0,0.0,0.0,0.0,0.0
2024-01-10T01:00,3600,0.0,0.0,0.0,0.0,0.0,0.0,0.0,0.0,0.0
2024-01-10T02:00,3600,0.0,0.0,0.0,0.0,0.0,0.0,0.0,0.0,0.0
2024-01-10T03:00,3600,0.0,0.0,0.0,0.0,0.0,0.0,0.0,0.0,0.0
2024-01-10T04:00,3600,0.0,0.0,0.0,0.0,0.0,0.0,0.0,0.0,0.0
2024-01-10T05:00,3600,0.0,0.0,0.0,0.0,0.0,0.0,0.0,0.0,0.0
2024-01-10T06:00,3600,0.0,0.0,0.0,0.0,0.0,0.0,0.0,0.0,0.0
2024-01-10T07:00,3600,0.0,0.07909865857000001,0.0,0.0,0.0,0.07909865857000001,107.58397145,79.09865857,43.15884953
2024-01-10T08:00,3600,0.0,0.45014269951,0.0,0.0,0.0,0.45014269951,553.62031902,450.14269951,225.46163219
2024-01-10T09:00,3600,0.0,0.8953058321399999,0.0,0.0,0.0,0.8953058321399999,1092.8302376,895.30583214,454.96033997
2024-01-10T10:00,3600,0.0,1.27020756089,0.0,0.0,0.0,1.27020756089,1550.46014486,1270.20756089,660.12123572
2024-01-10T11:00,3600,0.0,1.52639988772,0.0,0.0,0.0,1.52639988772,1865.07750504,1526.39988772,805.03760835
2024-01-10T12:00,3600,0.0,1.55826913148,0.0,0.0,0.0,1.55826913148,1904.32337794,1558.26913148,824.84025655
2024-01-10T13:00,3600,0.0,1.51455680484,0.0,0.0,0.0,1.51455680484,1850.49932194,1514.55680484,804.18671417
2024-01-10T14:00,3600,0.0,1.3262213680000001,0.0,0.0,0.0,1.3262213680000001,1619.11568543,1326.221368,698.60666963
2024-01-10T15:00,3600,0.0,0.93762910851,0.0,0.0,0.0,0.93762910851,1144.32995903,937.62910851,485.63496729
2024-01-10T16:00,3600,0.0,0.56737874969,0.0,0.0,0.0,0.56737874969,695.18908664,567.37874969,289.4247496
2024-01-10T17:00,3600,0.0,0.14200377067,0.0,0.0,0.0,0.14200377067,182.98861063,142.00377067,74.79411986
2024-01-10T18:00,3600,0.0,0.0,0.0,0.0,0.0,0.0,0.0,0.0,0.0
2024-01-10T19:00,3600,0.0,0.0,0.0,0.0,0.0,0.0,0.0,0.0,0.0
2024-01-10T20:00,3600,0.0,0.0,0.0,0.0,0.0,0.0,0.0,0.0,0.0
2024-01-10T21:00,3600,0.0,0.0,0.0,0.0,0.0,0.0,0.0,0.0,0.0
2024-01-10T22:00,3600,0.0,0.0,0.0,0.0,0.0,0.0,0.0,0.0,0.0
2024-01-10T23:00,3600,0.0,0.0,0.0,0.0,0.0,0.0,0.0,0.0,0.0
2024-01-11T00:00,3600,0.0,0.0,0.0,0.0,0.0,0.0,0.0,0.0,0.0
2024-01-11T01:00,3600,0.0,0.0,0.0,0.0,0.0,0.0,0.0,0.0,0.0
2024-01-11T02:00,3600,0.0,0.0,0.0,0.0,0.0,0.0,0.0,0.0,0.0
2024-01-11T03:00,3600,0.0,0.0,0.0,0.0,0.0,0.0,0.0,0.0,0.0
2024-01-11T04:00,3600,0.0,0.0,0.0,0.0,0.0,0.0,0.0,0.0,0.0
2024-01-11T05:00,3600,0.0,0.0,0.0,0.0,0.0,0.0,0.0,0.0,0.0
2024-01-11T06:00,3600,0.0,0.0,0.0,0.0,0.0,0.0,0.0,0.0,0.0
2024-01-11T07:00,3600,0.0,0.06247805034000001,0.0,0.0,0.0,0.06247805034000001,87.67528507,62.47805034,34.87373786
2024-01-11T08:00,3600,0.0,0.39948615527,0.0,0.0,0.0,0.39948615527,492.54519099,399.48615527,198.77801328
2024-01-11T09:00,3600,0.0,0.53519017652,0.0,0.0,0.0,0.53519017652,656.28890509,535.19017652,267.45566
2024-01-11T10:00,3600,0.0,0.56946942798,0.0,0.0,0.0,0.56946942798,697.71649749,569.46942798,287.88325883
2024-01-11T11:00,3600,0.0,0.79262471398,0.0,0.0,0.0,0.79262471398,968.05674772,792.62471398,403.99938516
2024-01-11T12:00,3600,0.0,0.79728416658,0.0,0.0,0.0,0.79728416658,973.71348209,797.28416658,406.64193323
2024-01-11T13:00,3600,0.0,1.195546398,0.0,0.0,0.0,1.195546398,1459.06311821,1195.546398,627.03624747
2024-01-11T14:00,3600,0.0,0.85625073953,0.0,0.0,0.0,0.85625073953,1045.34378955,856.25073953,442.05481511
2024-01-11T15:00,3600,0.0,0.8793335961000001,0.0,0.0,0.0,0.8793335961000001,1073.405629,879.3335961,454.87446156
2024-01-11T16:00,3600,0.0,0.53633339613,0.0,0.0,0.0,0.53633339613,657.6700968,536.33339613,273.59163069
2024-01-11T17:00,3600,0.0,0.12501177713,0.0,0.0,0.0,0.12501177713,162.61165722,125.01177713,66.22383847
2024-01-11T18:00,3600,0.0,0.0,0.0,0.0,0.0,0.0,0.0,0.0,0.0
2024-01-11T19:00,3600,0.0,0.0,0.0,0.0,0.0,0.0,0.0,0.0,0.0
2024-01-11T20:00,3600,0.0,0.0,0.0,0.0,0.0,0.0,0.0,0.0,0.0
2024-01-11T21:00,3600,0.0,0.0,0.0,0.0,0.0,0.0,0.0,0.0,0.0
2024-01-11T22:00,3600,0.0,0.0,0.0,0.0,0.0,0.0,0.0,0.0,0.0
2024-01-11T23:00,3600,0.0,0.0,0.0,0.0,0.0,0.0,0.0,0.0,0.0
2024-01-12T00:00,3600,0.0,0.0,0.0,0.0,0.0,0.0,0.0,0.0,0.0
2024-01-12T01:00,3600,0.0,0.0,0.0,0.0,0.0,0.0,0.0,0.0,0.0
2024-01-12T02:00,3600,0.0,0.0,0.0,0.0,0.0,0.0,0.0,0.0,0.0
2024-01-12T03:00,3600,0.0,0.0,0.0,0.0,0.0,0.0,0.0,0.0,0.0
2024-01-12T04:00,3600,0.0,0.0,0.0,0.0,0.0,0.0,0.0,0.0,0.0
2024-01-12T05:00,3600,0.0,0.0,0.0,0.0,0.0,0.0,0.0,0.0,0.0
2024-01-12T06:00,3600,0.0,0.0,0.0,0.0,0.0,0.0,0.0,0.0,0.0
2024-01-12T07:00,3600,0.0,0.036249398239999994,0.0,0.0,0.0,0.036249398239999994,56.2700967,36.24939824,22.39277138
2024-01-12T08:00,3600,0.0,0.23401408602999998,0.0,0.0,0.0,0.23401408602999998,293.43876619,234.01408603,117.83845416
2024-01-12T09:00,3600,0.0,0.70754395378,0.0,0.0,0.0,0.70754395378,864.85281707,707.54395378,355.60220143
2024-01-12T10:00,3600,0.0,0.8792069196,0.0,0.0,0.0,0.8792069196,1073.25159498,879.2069196,452.68244367
2024-01-12T11:00,3600,0.0,1.08327337012,0.0,0.0,0.0,1.08327337012,1321.86816389,1083.27337012,565.61467005
2024-01-12T12:00,3600,0.0,1.1692570611900002,0.0,0.0,0.0,1.1692570611900002,1426.91184936,1169.25706119,614.64156546
2024-01-12T13:00,3600,0.0,1.20710349539,0.0,0.0,0.0,1.20710349539,1473.20229542,1207.10349539,641.72733105
2024-01-12T14:00,3600,0.0,0.51161833972,0.0,0.0,0.0,0.51161833972,627.81691628,511.61833972,262.84240555
2024-01-12T15:00,3600,0.0,0.26243673227,0.0,0.0,0.0,0.26243673227,327.59543673,262.43673227,135.2711726
2024-01-12T16:00,3600,0.0,0.16368008292999997,0.0,0.0,0.0,0.16368008292999997,208.99226859,163.68008293,85.85736251
2024-01-12T17:00,3600,0.0,0.04306325708,0.0,0.0,0.0,0.04306325708,64.427303,43.06325708,26.32625819
2024-01-12T18:00,3600,0.0,0.0,0.0,0.0,0.0,0.0,0.0,0.0,0.0
2024-01-12T19:00,3600,0.0,0.0,0.0,0.0,0.0,0.0,0.0,0.0,0.0
2024-01-12T20:00,3600,0.0,0.0,0.0,0.0,0.0,0.0,0.0,0.0,0.0
2024-01-12T21:00,3600,0.0,0.0,0.0,0.0,0.0,0.0,0.0,0.0,0.0
2024-01-12T22:00,3600,0.0,0.0,0.0,0.0,0.0,0.0,0.0,0.0,0.0
2024-01-12T23:00,3600,0.0,0.0,0.0,0.0,0.0,0.0,0.0,0.0,0.0
2024-01-13T00:00,3600,0.0,0.0,0.0,0.0,0.0,0.0,0.0,0.0,0.0
2024-01-13T01:00,3600,0.0,0.0,0.0,0.0,0.0,0.0,0.0,0.0,0.0
2024-01-13T02:00,3600,0.0,0.0,0.0,0.0,0.0,0.0,0.0,0.0,0.0
2024-01-13T03:00,3600,0.0,0.0,0.0,0.0,0.0,0.0,0.0,0.0,0.0
2024-01-13T04:00,3600,0.0,0.0,0.0,0.0,0.0,0.0,0.0,0.0,0.0
2024-01-13T05:00,3600,0.0,0.0,0.0,0.0,0.0,0.0,0.0,0.0,0.0
2024-01-13T06:00,3600,0.0,0.0,0.0,0.0,0.0,0.0,0.0,0.0,0.0
2024-01-13T07:00,3600,0.0,0.00137207655,0.0,0.0,0.0,0.00137207655,14.53264009,1.37207655,5.80921165
2024-01-13T08:00,3600,0.0,0.055928983060000007,0.0,0.0,0.0,0.055928983060000007,79.83226991,55.92898306,31.95066407
2024-01-13T09:00,3600,0.0,0.10434943669,0.0,0.0,0.0,0.10434943669,137.84174571,104.34943669,55.18751066
2024-01-13T10:00,3600,0.0,0.12031822080999999,0.0,0.0,0.0,0.12031822080999999,156.98422128,120.31822081,63.59306627
2024-01-13T11:00,3600,0.0,0.20561620955999999,0.0,0.0,0.0,0.20561620955999999,259.32971394,205.61620956,105.53401161
2024-01-13T12:00,3600,0.0,0.25834767609,0.0,0.0,0.0,0.25834767609,322.68034678,258.34767609,131.67546403
2024-01-13T13:00,3600,0.0,0.41610103157999995,0.0,0.0,0.0,0.41610103157999995,512.57094321,416.10103158,212.93608703
2024-01-13T14:00,3600,0.0,0.5534971962199999,0.0,0.0,0.0,0.5534971962199999,678.4102422,553.49719622,284.35363637
2024-01-13T15:00,3600,0.0,0.46000351472,0.0,0.0,0.0,0.46000351472,565.51589484,460.00351472,236.64326675
2024-01-13T16:00,3600,0.0,0.27651033426,0.0,0.0,0.0,0.27651033426,344.51489212,276.51033426,142.76904846
2024-01-13T17:00,3600,0.0,0.0828160346,0.0,0.0,0.0,0.0828160346,112.0375903,82.8160346,45.97359337
2024-01-13T18:00,3600,0.0,0.0,0.0,0.0,0.0,0.0,0.0,0.0,0.0
2024-01-13T19:00,3600,0.0,0.0,0.0,0.0,0.0,0.0,0.0,0.0,0.0
2024-01-13T20:00,3600,0.0,0.0,0.0,0.0,0.0,0.0,0.0,0.0,0.0
2024-01-13T21:00,3600,0.0,0.0,0.0,0.0,0.0,0.0,0.0,0.0,0.0
2024-01-13T22:00,3600,0.0,0.0,0.0,0.0,0.0,0.0,0.0,0.0,0.0
2024-01-13T23:00,3600,0.0,0.0,0.0,0.0,0.0,0.0,0.0,0.0,0.0
2024-01-14T00:00,3600,0.0,0.0,0.0,0.0,0.0,0.0,0.0,0.0,0.0
2024-01-14T01:00,3600,0.0,0.0,0.0,0.0,0.0,0.0,0.0,0.0,0.0
2024-01-14T02:00,3600,0.0,0.0,0.0,0.0,0.0,0.0,0.0,0.0,0.0
2024-01-14T03:00,3600,0.0,0.0,0.0,0.0,0.0,0.0,0.0,0.0,0.0
2024-01-14T04:00,3600,0.0,0.0,0.0,0.0,0.0,0.0,0.0,0.0,0.0
2024-01-14T05:00,3600,0.0,0.0,0.0,0.0,0.0,0.0,0.0,0.0,0.0
2024-01-14T06:00,3600,0.0,0.0,0.0,0.0,0.0,0.0,0.0,0.0,0.0
2024-01-14T07:00,3600,0.0,0.050533833970000004,0.0,0.0,0.0,0.050533833970000004,73.37186711,50.53383397,29.15831806
2024-01-14T08:00,3600,0.0,0.39567946492,0.0,0.0,0.0,0.39567946492,487.95789153,395.67946492,197.16781703
2024-01-14T09:00,3600,0.0,0.89231852672,0.0,0.0,0.0,0.89231852672,1089.19678587,892.31852672,452.11515188
2024-01-14T10:00,3600,0.0,1.2433560022799999,0.0,0.0,0.0,1.2433560022799999,1517.57457948,1243.35600228,659.46986662
2024-01-14T11:00,3600,0.0,1.52873421842,0.0,0.0,0.0,1.52873421842,1867.95133148,1528.73421842,829.76826873
2024-01-14T12:00,3600,0.0,1.5696347908900001,0.0,0.0,0.0,1.5696347908900001,1918.32565246,1569.63479089,853.87219292
2024-01-14T13:00,3600,0.0,1.40245561127,0.0,0.0,0.0,1.40245561127,1712.67387385,1402.45561127,765.55955209
2024-01-14T14:00,3600,0.0,1.3189473102699998,0.0,0.0,0.0,1.3189473102699998,1610.19578214,1318.94731027,715.67363299
2024-01-14T15:00,3600,0.0,1.05211792509,0.0,0.0,0.0,1.05211792509,1283.84888622,1052.11792509,561.76230433
2024-01-14T16:00,3600,0.0,0.6549420167300001,0.0,0.0,0.0,0.6549420167300001,801.12838582,654.94201673,341.75347298
2024-01-14T17:00,3600,0.0,0.17730922933,0.0,0.0,0.0,0.17730922933,225.3475686,177.30922933,93.7292379
2024-01-14T18:00,3600,0.0,0.0,0.0,0.0,0.0,0.0,0.0,0.0,0.0
2024-01-14T19:00,3600,0.0,0.0,0.0,0.0,0.0,0.0,0.0,0.0,0.0
2024-01-14T20:00,3600,0.0,0.0,0.0,0.0,0.0,0.0,0.0,0.0,0.0
2024-01-14T21:00,3600,0.0,0.0,0.0,0.0,0.0,0.0,0.0,0.0,0.0
2024-01-14T22:00,3600,0.0,0.0,0.0,0.0,0.0,0.0,0.0,0.0,0.0
2024-01-14T23:00,3600,0.0,0.0,0.0,0.0,0.0,0.0,0.0,0.0,0.0
2024-01-15T00:00,3600,0.0,0.0,0.0,0.0,0.0,0.0,0.0,0.0,0.0
2024-01-15T01:00,3600,0.0,0.0,0.0,0.0,0.0,0.0,0.0,0.0,0.0
2024-01-15T02:00,3600,0.0,0.0,0.0,0.0,0.0,0.0,0.0,0.0,0.0
2024-01-15T03:00,3600,0.0,0.0,0.0,0.0,0.0,0.0,0.0,0.0,0.0
2024-01-15T04:00,3600,0.0,0.0,0.0,0.0,0.0,0.0,0.0,0.0,0.0
2024-01-15T05:00,3600,0.0,0.0,0.0,0.0,0.0,0.0,0.0,0.0,0.0
2024-01-15T06:00,3600,0.0,0.0,0.0,0.0,0.0,0.0,0.0,0.0,0.0
2024-01-15T07:00,3600,0.0,0.08940872394,0.0,0.0,0.0,0.08940872394,119.93673679,89.40872394,47.46444146
2024-01-15T08:00,3600,0.0,0.5121398090699999,0.0,0.0,0.0,0.5121398090699999,628.44665442,512.13980907,253.77597005
2024-01-15T09:00,3600,0.0,0.97901131022,0.0,0.0,0.0,0.97901131022,1194.72442488,979.01131022,499.04761064
2024-01-15T10:00,3600,0.0,1.3142579240499999,0.0,0.0,0.0,1.3142579240499999,1604.4460241,1314.25792405,702.42631889
2024-01-15T11:00,3600,0.0,1.5657568128400001,0.0,0.0,0.0,1.5657568128400001,1913.54771146,1565.75681284,852.68960701
2024-01-15T12:00,3600,0.0,1.64638565975,0.0,0.0,0.0,1.64638565975,2012.96205631,1646.38565975,903.01945459
2024-01-15T13:00,3600,0.0,1.56936652846,0.0,0.0,0.0,1.56936652846,1917.99512277,1569.36652846,867.00421457
2024-01-15T14:00,3600,0.0,1.31273251195,0.0,0.0,0.0,1.31273251195,1602.57579474,1312.73251195,713.7595813
2024-01-15T15:00,3600,0.0,1.0047487881,0.0,0.0,0.0,1.0047487881,1226.08696097,1004.7487881,536.77492016
2024-01-15T16:00,3600,0.0,0.639445152,0.0,0.0,0.0,0.639445152,782.36672407,639.445152,334.86875987
2024-01-15T17:00,3600,0.0,0.17408460014,0.0,0.0,0.0,0.17408460014,221.47756693,174.08460014,92.445232
2024-01-15T18:00,3600,0.0,0.0,0.0,0.0,0.0,0.0,0.0,0.0,0.0
2024-01-15T19:00,3600,0.0,0.0,0.0,0.0,0.0,0.0,0.0,0.0,0.0
2024-01-15T20:00,3600,0.0,0.0,0.0,0.0,0.0,0.0,0.0,0.0,0.0
2024-01-15T21:00,3600,0.0,0.0,0.0,0.0,0.0,0.0,0.0,0.0,0.0
2024-01-15T22:00,3600,0.0,0.0,0.0,0.0,0.0,0.0,0.0,0.0,0.0
2024-01-15T23:00,3600,0.0,0.0,0.0,0.0,0.0,0.0,0.0,0.0,0.0
2024-01-16T00:00,3600,0.0,0.0,0.0,0.0,0.0,0.0,0.0,0.0,0.0
2024-01-16T01:00,3600,0.0,0.0,0.0,0.0,0.0,0.0,0.0,0.0,0.0
2024-01-16T02:00,3600,0.0,0.0,0.0,0.0,0.0,0.0,0.0,0.0,0.0
2024-01-16T03:00,3600,0.0,0.0,0.0,0.0,0.0,0.0,0.0,0.0,0.0
2024-01-16T04:00,3600,0.0,0.0,0.0,0.0,0.0,0.0,0.0,0.0,0.0
2024-01-16T05:00,3600,0.0,0.0,0.0,0.0,0.0,0.0,0.0,0.0,0.0
2024-01-16T06:00,3600,0.0,0.0,0.0,0.0,0.0,0.0,0.0,0.0,0.0
2024-01-16T07:00,3600,0.0,0.09254677431000001,0.0,0.0,0.0,0.09254677431000001,123.69698207,92.54677431,49.33801651
2024-01-16T08:00,3600,0.0,0.5320992217499999,0.0,0.0,0.0,0.5320992217499999,652.55468576,532.09922175,266.24416271
2024-01-16T09:00,3600,0.0,0.9687720974899999,0.0,0.0,0.0,0.9687720974899999,1182.25162987,968.77209749,495.15049346
2024-01-16T10:00,3600,0.0,1.32065417113,0.0,0.0,0.0,1.32065417113,1612.28872961,1320.65417113,699.50808674
2024-01-16T11:00,3600,0.0,1.58325639824,0.0,0.0,0.0,1.58325639824,1935.11127334,1583.25639824,852.2703581
2024-01-16T12:00,3600,0.0,1.6678078601800002,0.0,0.0,0.0,1.6678078601800002,2039.40153136,1667.80786018,903.97235265
2024-01-16T13:00,3600,0.0,1.60653954679,0.0,0.0,0.0,1.60653954679,1963.81287214,1606.53954679,879.56002715
2024-01-16T14:00,3600,0.0,1.3810578337400001,0.0,0.0,0.0,1.3810578337400001,1686.39969099,1381.05783374,747.09673134
2024-01-16T15:00,3600,0.0,1.10515862975,0.0,0.0,0.0,1.10515862975,1348.58841555,1105.15862975,587.6056525
2024-01-16T16:00,3600,0.0,0.66382342819,0.0,0.0,0.0,0.66382342819,811.88333764,663.82342819,344.69135137
2024-01-16T17:00,3600,0.0,0.19317057055000003,0.0,0.0,0.0,0.19317057055000003,244.38671445,193.17057055,101.28308652
2024-01-16T18:00,3600,0.0,0.0,0.0,0.0,0.0,0.0,0.0,0.0,0.0
2024-01-16T19:00,3600,0.0,0.0,0.0,0.0,0.0,0.0,0.0,0.0,0.0
2024-01-16T20:00,3600,0.0,0.0,0.0,0.0,0.0,0.0,0.0,0.0,0.0
2024-01-16T21:00,3600,0.0,0.0,0.0,0.0,0.0,0.0,0.0,0.0,0.0
2024-01-16T22:00,3600,0.0,0.0,0.0,0.0,0.0,0.0,0.0,0.0,0.0
2024-01-16T23:00,3600,0.0,0.0,0.0,0.0,0.0,0.0,0.0,0.0,0.0
2024-01-17T00:00,3600,0.0,0.0,0.0,0.0,0.0,0.0,0.0,0.0,0.0
2024-01-17T01:00,3600,0.0,0.0,0.0,0.0,0.0,0.0,0.0,0.0,0.0
2024-01-17T02:00,3600,0.0,0.0,0.0,0.0,0.0,0.0,0.0,0.0,0.0
2024-01-17T03:00,3600,0.0,0.0,0.0,0.0,0.0,0.0,0.0,0.0,0.0
2024-01-17T04:00,3600,0.0,0.0,0.0,0.0,0.0,0.0,0.0,0.0,0.0
2024-01-17T05:00,3600,0.0,0.0,0.0,0.0,0.0,0.0,0.0,0.0,0.0
2024-01-17T06:00,3600,0.0,0.0,0.0,0.0,0.0,0.0,0.0,0.0,0.0
2024-01-17T07:00,3600,0.0,0.09242879861,0.0,0.0,0.0,0.09242879861,123.5556109,92.42879861,49.09707659
2024-01-17T08:00,3600,0.0,0.5293378616,0.0,0.0,0.0,0.5293378616,649.21883539,529.3378616,264.07773008
2024-01-17T09:00,3600,0.0,0.9777965313700001,0.0,0.0,0.0,0.9777965313700001,1193.24452771,977.79653137,498.02129237
2024-01-17T10:00,3600,0.0,1.3066678770599998,0.0,0.0,0.0,1.3066678770599998,1595.14079885,1306.66787706,692.38670703
2024-01-17T11:00,3600,0.0,1.52663065233,0.0,0.0,0.0,1.52663065233,1865.36159672,1526.63065233,822.42082314
2024-01-17T12:00,3600,0.0,1.59701418723,0.0,0.0,0.0,1.59701418723,1952.06920643,1597.01418723,864.84325614
2024-01-17T13:00,3600,0.0,1.48643725918,0.0,0.0,0.0,1.48643725918,1815.89907149,1486.43725918,802.70151818
2024-01-17T14:00,3600,0.0,0.30649512176000004,0.0,0.0,0.0,0.30649512176000004,380.57762222,306.49512176,158.2610574
2024-01-17T15:00,3600,0.0,0.18908092854,0.0,0.0,0.0,0.18908092854,239.47718534,189.08092854,99.22185842
2024-01-17T16:00,3600,0.0,0.04247390531,0.0,0.0,0.0,0.04247390531,63.7217208,42.47390531,26.14145242
2024-01-17T17:00,3600,0.0,0.00898819346,0.0,0.0,0.0,0.00898819346,23.64452649,8.98819346,9.68201941
2024-01-17T18:00,3600,0.0,0.0,0.0,0.0,0.0,0.0,0.0,0.0,0.0
2024-01-17T19:00,3600,0.0,0.0,0.0,0.0,0.0,0.0,0.0,0.0,0.0
2024-01-17T20:00,3600,0.0,0.0,0.0,0.0,0.0,0.0,0.0,0.0,0.0
2024-01-17T21:00,3600,0.0,0.0,0.0,0.0,0.0,0.0,0.0,0.0,0.0
2024-01-17T22:00,3600,0.0,0.0,0.0,0.0,0.0,0.0,0.0,0.0,0.0
2024-01-17T23:00,3600,0.0,0.0,0.0,0.0,0.0,0.0,0.0,0.0,0.0
2024-01-18T00:00,3600,0.0,0.0,0.0,0.0,0.0,0.0,0.0,0.0,0.0
2024-01-18T01:00,3600,0.0,0.0,0.0,0.0,0.0,0.0,0.0,0.0,0.0
2024-01-18T02:00,3600,0.0,0.0,0.0,0.0,0.0,0.0,0.0,0.0,0.0
2024-01-18T03:00,3600,0.0,0.0,0.0,0.0,0.0,0.0,0.0,0.0,0.0
2024-01-18T04:00,3600,0.0,0.0,0.0,0.0,0.0,0.0,0.0,0.0,0.0
2024-01-18T05:00,3600,0.0,0.0,0.0,0.0,0.0,0.0,0.0,0.0,0.0
2024-01-18T06:00,3600,0.0,0.0,0.0,0.0,0.0,0.0,0.0,0.0,0.0
2024-01-18T07:00,3600,0.0,0.06563178783,0.0,0.0,0.0,0.06563178783,91.45246524,65.63178783,36.77171769
2024-01-18T08:00,3600,0.0,0.43151898567,0.0,0.0,0.0,0.43151898567,531.1595757,431.51898567,217.27529702
2024-01-18T09:00,3600,0.0,0.7475779730500001,0.0,0.0,0.0,0.7475779730500001,913.39400499,747.57797305,381.36651958
2024-01-18T10:00,3600,0.0,1.07034839861,0.0,0.0,0.0,1.07034839861,1306.09296984,1070.34839861,564.55484165
2024-01-18T11:00,3600,0.0,1.0718205176900002,0.0,0.0,0.0,1.0718205176900002,1307.88952596,1071.82051769,566.28332271
2024-01-18T12:00,3600,0.0,0.85161516125,0.0,0.0,0.0,0.85161516125,1039.70978722,851.61516125,443.43071734
2024-01-18T13:00,3600,0.0,0.9225867265000001,0.0,0.0,0.0,0.9225867265000001,1126.02140165,922.5867265,484.81084513
2024-01-18T14:00,3600,0.0,0.8152037506200001,0.0,0.0,0.0,0.8152037506200001,995.47308864,815.20375062,426.2099094
2024-01-18T15:00,3600,0.0,0.64118615356,0.0,0.0,0.0,0.64118615356,784.47423948,641.18615356,333.36783349
2024-01-18T16:00,3600,0.0,0.35127593112,0.0,0.0,0.0,0.35127593112,434.47274011,351.27593112,181.76461654
2024-01-18T17:00,3600,0.0,0.14835642006,0.0,0.0,0.0,0.14835642006,190.60839769,148.35642006,78.99346171
2024-01-18T18:00,3600,0.0,0.0,0.0,0.0,0.0,0.0,0.0,0.0,0.0
2024-01-18T19:00,3600,0.0,0.0,0.0,0.0,0.0,0.0,0.0,0.0,0.0
2024-01-18T20:00,3600,0.0,0.0,0.0,0.0,0.0,0.0,0.0,0.0,0.0
2024-01-18T21:00,3600,0.0,0.0,0.0,0.0,0.0,0.0,0.0,0.0,0.0
2024-01-18T22:00,3600,0.0,0.0,0.0,0.0,0.0,0.0,0.0,0.0,0.0
2024-01-18T23:00,3600,0.0,0.0,0.0,0.0,0.0,0.0,0.0,0.0,0.0
2024-01-19T00:00,3600,0.0,0.0,0.0,0.0,0.0,0.0,0.0,0.0,0.0
2024-01-19T01:00,3600,0.0,0.0,0.0,0.0,0.0,0.0,0.0,0.0,0.0
2024-01-19T02:00,3600,0.0,0.0,0.0,0.0,0.0,0.0,0.0,0.0,0.0
2024-01-19T03:00,3600,0.0,0.0,0.0,0.0,0.0,0.0,0.0,0.0,0.0
2024-01-19T04:00,3600,0.0,0.0,0.0,0.0,0.0,0.0,0.0,0.0,0.0
2024-01-19T05:00,3600,0.0,0.0,0.0,0.0,0.0,0.0,0.0,0.0,0.0
2024-01-19T06:00,3600,0.0,0.0,0.0,0.0,0.0,0.0,0.0,0.0,0.0
2024-01-19T07:00,3600,0.0,0.07598468823999999,0.0,0.0,0.0,0.07598468823999999,103.85349884,75.98468824,41.61843934
2024-01-19T08:00,3600,0.0,0.44612269032,0.0,0.0,0.0,0.44612269032,548.77141337,446.12269032,224.26540743
2024-01-19T09:00,3600,0.0,0.85472380042,0.0,0.0,0.0,0.85472380042,1043.48791957,854.72380042,437.27728755
2024-01-19T10:00,3600,0.0,1.24230971661,0.0,0.0,0.0,1.24230971661,1516.29351741,1242.30971661,663.48430197
2024-01-19T11:00,3600,0.0,1.5235336221000002,0.0,0.0,0.0,1.5235336221000002,1861.54898366,1523.5336221,831.13630455
2024-01-19T12:00,3600,0.0,1.49032196845,0.0,0.0,0.0,1.49032196845,1820.67797004,1490.32196845,811.91541735
2024-01-19T13:00,3600,0.0,1.49176276388,0.0,0.0,0.0,1.49176276388,1822.45050147,1491.76276388,819.10412762
2024-01-19T14:00,3600,0.0,1.2434370504699999,0.0,0.0,0.0,1.2434370504699999,1517.67381518,1243.43705047,670.44677405
2024-01-19T15:00,3600,0.5165754605554085,0.69249146716,0.5165754605554085,0.0,0.0,0.1759160066045915,846.61112302,692.49146716,362.37348639
2024-01-19T16:00,3600,0.2746222140339603,0.39291978055,0.2746222140339603,0.0,0.0,0.11829756651603968,484.6325019,392.91978055,204.03967951
2024-01-19T17:00,3600,0.20943733598783337,0.12626585919,0.12626585919,0.08317147679783338,0.0,0.0,164.11534673,126.26585919,68.16690256
2024-01-19T18:00,3600,0.0,0.0,0.0,0.0,0.0,0.0,0.0,0.0,0.0
2024-01-19T19:00,3600,0.0,0.0,0.0,0.0,0.0,0.0,0.0,0.0,0.0
2024-01-19T20:00,3600,0.0,0.0,0.0,0.0,0.0,0.0,0.0,0.0,0.0
2024-01-19T21:00,3600,0.0,0.0,0.0,0.0,0.0,0.0,0.0,0.0,0.0
2024-01-19T22:00,3600,0.0,0.0,0.0,0.0,0.0,0.0,0.0,0.0,0.0
2024-01-19T23:00,3600,0.0,0.0,0.0,0.0,0.0,0.0,0.0,0.0,0.0
2024-01-20T00:00,3600,0.0,0.0,0.0,0.0,0.0,0.0,0.0,0.0,0.0
2024-01-20T01:00,3600,0.0,0.0,0.0,0.0,0.0,0.0,0.0,0.0,0.0
2024-01-20T02:00,3600,0.0,0.0,0.0,0.0,0.0,0.0,0.0,0.0,0.0
2024-01-20T03:00,3600,0.0,0.0,0.0,0.0,0.0,0.0,0.0,0.0,0.0
2024-01-20T04:00,3600,0.0,0.0,0.0,0.0,0.0,0.0,0.0,0.0,0.0
2024-01-20T05:00,3600,0.0,0.0,0.0,0.0,0.0,0.0,0.0,0.0,0.0
2024-01-20T06:00,3600,0.0,0.0,0.0,0.0,0.0,0.0,0.0,0.0,0.0
2024-01-20T07:00,3600,0.0,0.02180500525,0.0,0.0,0.0,0.02180500525,38.98136168,21.80500525,15.68749391
2024-01-20T08:00,3600,0.0,0.16192581626,0.0,0.0,0.0,0.16192581626,206.88740431,161.92581626,83.92075947
2024-01-20T09:00,3600,0.0,0.33444515043,0.0,0.0,0.0,0.33444515043,414.21113186,334.44515043,169.09824638
2024-01-20T10:00,3600,0.0,0.57173518148,0.0,0.0,0.0,0.57173518148,700.45566717,571.73518148,289.07230194
2024-01-20T11:00,3600,0.0,0.75257095666,0.0,0.0,0.0,0.75257095666,919.4505479,752.57095666,381.50358521
2024-01-20T12:00,3600,0.0,0.82820675038,0.0,0.0,0.0,0.82820675038,1011.2671212,828.20675038,420.59576672
2024-01-20T13:00,3600,0.0,0.8403846823600001,0.0,0.0,0.0,0.8403846823600001,1026.06249608,840.38468236,426.98582811
2024-01-20T14:00,3600,0.0,0.39795516321999996,0.0,0.0,0.0,0.39795516321999996,490.70021112,397.95516322,200.44065073
2024-01-20T15:00,3600,0.0,0.36820392096,0.0,0.0,0.0,0.36820392096,454.85773633,368.20392096,185.68012872
2024-01-20T16:00,3600,0.0,0.29532927295,0.0,0.0,0.0,0.29532927295,367.14611383,295.32927295,148.91023876
2024-01-20T17:00,3600,0.0,0.11980903858,0.0,0.0,0.0,0.11980903858,156.37375589,119.80903858,62.97713085
2024-01-20T18:00,3600,0.0,0.0,0.0,0.0,0.0,0.0,0.0,0.0,0.0
2024-01-20T19:00,3600,0.0,0.0,0.0,0.0,0.0,0.0,0.0,0.0,0.0
2024-01-20T20:00,3600,0.0,0.0,0.0,0.0,0.0,0.0,0.0,0.0,0.0
2024-01-20T21:00,3600,0.0,0.0,0.0,0.0,0.0,0.0,0.0,0.0,0.0
2024-01-20T22:00,3600,0.0,0.0,0.0,0.0,0.0,0.0,0.0,0.0,0.0
2024-01-20T23:00,3600,0.0,0.0,0.0,0.0,0.0,0.0,0.0,0.0,0.0
2024-01-21T00:00,3600,0.0,0.0,0.0,0.0,0.0,0.0,0.0,0.0,0.0
2024-01-21T01:00,3600,0.0,0.0,0.0,0.0,0.0,0.0,0.0,0.0,0.0
2024-01-21T02:00,3600,0.0,0.0,0.0,0.0,0.0,0.0,0.0,0.0,0.0
2024-01-21T03:00,3600,0.0,0.0,0.0,0.0,0.0,0.0,0.0,0.0,0.0
2024-01-21T04:00,3600,0.0,0.0,0.0,0.0,0.0,0.0,0.0,0.0,0.0
2024-01-21T05:00,3600,0.0,0.0,0.0,0.0,0.0,0.0,0.0,0.0,0.0
2024-01-21T06:00,3600,0.0,0.0,0.0,0.0,0.0,0.0,0.0,0.0,0.0
2024-01-21T07:00,3600,0.0,0.0827594262,0.0,0.0,0.0,0.0827594262,111.96976809,82.7594262,44.17200199
2024-01-21T08:00,3600,0.0,0.40689691805000006,0.0,0.0,0.0,0.40689691805000006,501.4765509,406.89691805,200.40566203
2024-01-21T09:00,3600,0.0,0.90913403486,0.0,0.0,0.0,0.90913403486,1109.6521142,909.13403486,452.93863018
2024-01-21T10:00,3600,0.0,1.2571795366999998,0.0,0.0,0.0,1.2571795366999998,1534.50238913,1257.1795367,642.29825246
2024-01-21T11:00,3600,0.0,1.5405357898699998,0.0,0.0,0.0,1.5405357898699998,1882.48239382,1540.53578987,799.42538677
2024-01-21T12:00,3600,0.0,1.4950239235999998,0.0,0.0,0.0,1.4950239235999998,1826.46270916,1495.0239236,775.80015606
2024-01-21T13:00,3600,0.0,1.42091106694,0.0,0.0,0.0,1.42091106694,1735.34389173,1420.91106694,738.75444937
2024-01-21T14:00,3600,0.0,1.30883821982,0.0,0.0,0.0,1.30883821982,1597.80145152,1308.83821982,677.30614107
2024-01-21T15:00,3600,0.0,0.7833202153600001,0.0,0.0,0.0,0.7833202153600001,956.76225192,783.32021536,396.70046898
2024-01-21T16:00,3600,0.0,0.6134653232299999,0.0,0.0,0.0,0.6134653232299999,750.92579416,613.46532323,308.89663546
2024-01-21T17:00,3600,0.0,0.15229481519,0.0,0.0,0.0,0.15229481519,195.33281507,152.29481519,78.84821387
2024-01-21T18:00,3600,0.0,0.0,0.0,0.0,0.0,0.0,0.0,0.0,0.0
2024-01-21T19:00,3600,0.0,0.0,0.0,0.0,0.0,0.0,0.0,0.0,0.0
2024-01-21T20:00,3600,0.0,0.0,0.0,0.0,0.0,0.0,0.0,0.0,0.0
2024-01-21T21:00,3600,0.0,0.0,0.0,0.0,0.0,0.0,0.0,0.0,0.0
2024-01-21T22:00,3600,0.0,0.0,0.0,0.0,0.0,0.0,0.0,0.0,0.0
2024-01-21T23:00,3600,0.0,0.0,0.0,0.0,0.0,0.0,0.0,0.0,0.0
2024-01-22T00:00,3600,0.0,0.0,0.0,0.0,0.0,0.0,0.0,0.0,0.0
2024-01-22T01:00,3600,0.0,0.0,0.0,0.0,0.0,0.0,0.0,0.0,0.0
2024-01-22T02:00,3600,0.0,0.0,0.0,0.0,0.0,0.0,0.0,0.0,0.0
2024-01-22T03:00,3600,0.0,0.0,0.0,0.0,0.0,0.0,0.0,0.0,0.0
2024-01-22T04:00,3600,0.0,0.0,0.0,0.0,0.0,0.0,0.0,0.0,0.0
2024-01-22T05:00,3600,0.0,0.0,0.0,0.0,0.0,0.0,0.0,0.0,0.0
2024-01-22T06:00,3600,0.0,0.0,0.0,0.0,0.0,0.0,0.0,0.0,0.0
2024-01-22T07:00,3600,0.0,0.0037576409000000003,0.0,0.0,0.0,0.0037576409000000003,17.38658173,3.7576409,6.81283683
2024-01-22T08:00,3600,0.0,0.09363937135,0.0,0.0,0.0,0.09363937135,125.00626381,93.63937135,49.13016996
2024-01-22T09:00,3600,0.0,0.13099459956,0.0,0.0,0.0,0.13099459956,169.78558774,130.99459956,66.80593396
2024-01-22T10:00,3600,0.0,0.14554122093000002,0.0,0.0,0.0,0.14554122093000002,187.23155235,145.54122093,73.58334754
2024-01-22T11:00,3600,0.0,0.26000366324,0.0,0.0,0.0,0.26000366324,324.67081669,260.00366324,127.85735009
2024-01-22T12:00,3600,0.0,0.24984740524,0.0,0.0,0.0,0.24984740524,312.46411428,249.84740524,122.96171702
2024-01-22T13:00,3600,0.0,0.24846035347,0.0,0.0,0.0,0.24846035347,310.79720828,248.46035347,121.99344461
2024-01-22T14:00,3600,0.0,0.1894770998,0.0,0.0,0.0,0.1894770998,239.95276445,189.4770998,93.91558831
2024-01-22T15:00,3600,0.0,0.09993588067,0.0,0.0,0.0,0.09993588067,132.55201264,99.93588067,51.73006034
2024-01-22T16:00,3600,0.0,0.10177070866,0.0,0.0,0.0,0.10177070866,134.75103784,101.77070866,52.48529471
2024-01-22T17:00,3600,0.0,0.01422454112,0.0,0.0,0.0,0.01422454112,29.91000353,14.22454112,11.6184233
2024-01-22T18:00,3600,0.0,0.0,0.0,0.0,0.0,0.0,0.0,0.0,0.0
2024-01-22T19:00,3600,0.0,0.0,0.0,0.0,0.0,0.0,0.0,0.0,0.0
2024-01-22T20:00,3600,0.0,0.0,0.0,0.0,0.0,0.0,0.0,0.0,0.0
2024-01-22T21:00,3600,0.0,0.0,0.0,0.0,0.0,0.0,0.0,0.0,0.0
2024-01-22T22:00,3600,0.0,0.0,0.0,0.0,0.0,0.0,0.0,0.0,0.0
2024-01-22T23:00,3600,0.0,0.0,0.0,0.0,0.0,0.0,0.0,0.0,0.0
2024-01-23T00:00,3600,0.0,0.0,0.0,0.0,0.0,0.0,0.0,0.0,0.0
2024-01-23T01:00,3600,0.0,0.0,0.0,0.0,0.0,0.0,0.0,0.0,0.0
2024-01-23T02:00,3600,0.0,0.0,0.0,0.0,0.0,0.0,0.0,0.0,0.0
2024-01-23T03:00,3600,0.0,0.0,0.0,0.0,0.0,0.0,0.0,0.0,0.0
2024-01-23T04:00,3600,0.0,0.0,0.0,0.0,0.0,0.0,0.0,0.0,0.0
2024-01-23T05:00,3600,0.0,0.0,0.0,0.0,0.0,0.0,0.0,0.0,0.0
2024-01-23T06:00,3600,0.0,0.0,0.0,0.0,0.0,0.0,0.0,0.0,0.0
2024-01-23T07:00,3600,0.0,0.00824769889,0.0,0.0,0.0,0.00824769889,22.75854665,8.24769889,8.72120065
2024-01-23T08:00,3600,0.0,0.24735144207999998,0.0,0.0,0.0,0.24735144207999998,309.46459145,247.35144208,119.60040971
2024-01-23T09:00,3600,0.0,0.40896479485,0.0,0.0,0.0,0.40896479485,503.96894943,408.96479485,196.05152512
2024-01-23T10:00,3600,0.0,0.60134312748,0.0,0.0,0.0,0.60134312748,736.26066727,601.34312748,289.45804679
2024-01-23T11:00,3600,0.0,0.79091888897,0.0,0.0,0.0,0.79091888897,965.98594193,790.91888897,382.8009025
2024-01-23T12:00,3600,0.0,1.04858343474,0.0,0.0,0.0,1.04858343474,1279.53713589,1048.58343474,512.84952419
2024-01-23T13:00,3600,0.0,0.85956100243,0.0,0.0,0.0,0.85956100243,1049.36732757,859.56100243,419.497825
2024-01-23T14:00,3600,0.0,0.42713329559,0.0,0.0,0.0,0.42713329559,525.87143426,427.13329559,206.86838716
2024-01-23T15:00,3600,0.0,0.37387787192000005,0.0,0.0,0.0,0.37387787192000005,461.69184134,373.87787192,181.3957792
2024-01-23T16:00,3600,0.0,0.30076623896,0.0,0.0,0.0,0.30076623896,373.68594737,300.76623896,146.64933686
2024-01-23T17:00,3600,0.0,0.08249388564,0.0,0.0,0.0,0.08249388564,111.6516263,82.49388564,43.50379546
2024-01-23T18:00,3600,0.0,0.0,0.0,0.0,0.0,0.0,0.0,0.0,0.0
2024-01-23T19:00,3600,0.0,0.0,0.0,0.0,0.0,0.0,0.0,0.0,0.0
2024-01-23T20:00,3600,0.0,0.0,0.0,0.0,0.0,0.0,0.0,0.0,0.0
2024-01-23T21:00,3600,0.0,0.0,0.0,0.0,0.0,0.0,0.0,0.0,0.0
2024-01-23T22:00,3600,0.0,0.0,0.0,0.0,0.0,0.0,0.0,0.0,0.0
2024-01-23T23:00,3600,0.0,0.0,0.0,0.0,0.0,0.0,0.0,0.0,0.0
2024-01-24T00:00,3600,0.0,0.0,0.0,0.0,0.0,0.0,0.0,0.0,0.0
2024-01-24T01:00,3600,0.0,0.0,0.0,0.0,0.0,0.0,0.0,0.0,0.0
2024-01-24T02:00,3600,0.0,0.0,0.0,0.0,0.0,0.0,0.0,0.0,0.0
2024-01-24T03:00,3600,0.0,0.0,0.0,0.0,0.0,0.0,0.0,0.0,0.0
2024-01-24T04:00,3600,0.0,0.0,0.0,0.0,0.0,0.0,0.0,0.0,0.0
2024-01-24T05:00,3600,0.0,0.0,0.0,0.0,0.0,0.0,0.0,0.0,0.0
2024-01-24T06:00,3600,0.0,0.0,0.0,0.0,0.0,0.0,0.0,0.0,0.0
2024-01-24T07:00,3600,0.0,0.00401632749,0.0,0.0,0.0,0.00401632749,17.69606584,4.01632749,6.77814918
2024-01-24T08:00,3600,0.0,0.031436194279999996,0.0,0.0,0.0,0.031436194279999996,50.50858543,31.43619428,19.36403883
2024-01-24T09:00,3600,0.0,0.07564698828,0.0,0.0,0.0,0.07564698828,103.44895399,75.64698828,39.6962796
2024-01-24T10:00,3600,0.0,0.15620068561,0.0,0.0,0.0,0.15620068561,200.01855391,156.20068561,77.45615531
2024-01-24T11:00,3600,0.0,0.20381004936,0.0,0.0,0.0,0.20381004936,257.16091474,203.81004936,99.72479996
2024-01-24T12:00,3600,0.0,0.20867299623,0.0,0.0,0.0,0.20867299623,263.00040333,208.67299623,102.01896352
2024-01-24T13:00,3600,0.0,0.28647367796999995,0.0,0.0,0.0,0.28647367796999995,356.49560057,286.47367797,139.13532866
2024-01-24T14:00,3600,0.0,0.39817791288,0.0,0.0,0.0,0.39817791288,490.96864077,398.17791288,192.43462954
2024-01-24T15:00,3600,0.0,0.19779478764,0.0,0.0,0.0,0.19779478764,249.93843448,197.79478764,97.24250225
2024-01-24T16:00,3600,0.0,0.17412906069,0.0,0.0,0.0,0.17412906069,221.53092418,174.12906069,86.16997278
2024-01-24T17:00,3600,0.0,0.07579490487,0.0,0.0,0.0,0.07579490487,103.62614912,75.79490487,40.20394401
2024-01-24T18:00,3600,0.0,0.0,0.0,0.0,0.0,0.0,0.0,0.0,0.0
2024-01-24T19:00,3600,0.0,0.0,0.0,0.0,0.0,0.0,0.0,0.0,0.0
2024-01-24T20:00,3600,0.0,0.0,0.0,0.0,0.0,0.0,0.0,0.0,0.0
2024-01-24T21:00,3600,0.0,0.0,0.0,0.0,0.0,0.0,0.0,0.0,0.0
2024-01-24T22:00,3600,0.0,0.0,0.0,0.0,0.0,0.0,0.0,0.0,0.0
2024-01-24T23:00,3600,0.0,0.0,0.0,0.0,0.0,0.0,0.0,0.0,0.0
2024-01-25T00:00,3600,0.0,0.0,0.0,0.0,0.0,0.0,0.0,0.0,0.0
2024-01-25T01:00,3600,0.0,0.0,0.0,0.0,0.0,0.0,0.0,0.0,0.0
2024-01-25T02:00,3600,0.0,0.0,0.0,0.0,0.0,0.0,0.0,0.0,0.0
2024-01-25T03:00,3600,0.0,0.0,0.0,0.0,0.0,0.0,0.0,0.0,0.0
2024-01-25T04:00,3600,0.0,0.0,0.0,0.0,0.0,0.0,0.0,0.0,0.0
2024-01-25T05:00,3600,0.0,0.0,0.0,0.0,0.0,0.0,0.0,0.0,0.0
2024-01-25T06:00,3600,0.0,0.0,0.0,0.0,0.0,0.0,0.0,0.0,0.0
2024-01-25T07:00,3600,0.0,0.01012501303,0.0,0.0,0.0,0.01012501303,25.00472079,10.12501303,9.65593123
2024-01-25T08:00,3600,0.0,0.08313409572000001,0.0,0.0,0.0,0.08313409572000001,112.41865891,83.13409572,43.53064832
2024-01-25T09:00,3600,0.0,0.18454537165,0.0,0.0,0.0,0.18454537165,234.03277653,184.54537165,90.95847061
2024-01-25T10:00,3600,0.0,0.27559897323000004,0.0,0.0,0.0,0.27559897323000004,343.41910982,275.59897323,134.79641834
2024-01-25T11:00,3600,0.0,0.39201554305,0.0,0.0,0.0,0.39201554305,483.54294254,392.01554305,190.75624108
2024-01-25T12:00,3600,0.0,0.5129652933,0.0,0.0,0.0,0.5129652933,629.44354028,512.9652933,249.64303104
2024-01-25T13:00,3600,0.0,0.7310931935999999,0.0,0.0,0.0,0.7310931935999999,893.40181988,731.0931936,360.79258636
2024-01-25T14:00,3600,0.0,1.22271694043,0.0,0.0,0.0,1.22271694043,1492.30904487,1222.71694043,617.75428247
2024-01-25T15:00,3600,0.0,0.93780982394,0.0,0.0,0.0,0.93780982394,1144.54994513,937.80982394,467.91289824
2024-01-25T16:00,3600,0.0,0.6413644271,0.0,0.0,0.0,0.6413644271,784.69004686,641.3644271,317.00332654
2024-01-25T17:00,3600,0.0,0.19842907824,0.0,0.0,0.0,0.19842907824,250.69998483,198.42907824,99.37834729
2024-01-25T18:00,3600,0.0,0.0,0.0,0.0,0.0,0.0,0.0,0.0,0.0
2024-01-25T19:00,3600,0.0,0.0,0.0,0.0,0.0,0.0,0.0,0.0,0.0
2024-01-25T20:00,3600,0.0,0.0,0.0,0.0,0.0,0.0,0.0,0.0,0.0
2024-01-25T21:00,3600,0.0,0.0,0.0,0.0,0.0,0.0,0.0,0.0,0.0
2024-01-25T22:00,3600,0.0,0.0,0.0,0.0,0.0,0.0,0.0,0.0,0.0
2024-01-25T23:00,3600,0.0,0.0,0.0,0.0,0.0,0.0,0.0,0.0,0.0
2024-01-26T00:00,3600,0.0,0.0,0.0,0.0,0.0,0.0,0.0,0.0,0.0
2024-01-26T01:00,3600,0.0,0.0,0.0,0.0,0.0,0.0,0.0,0.0,0.0
2024-01-26T02:00,3600,0.0,0.0,0.0,0.0,0.0,0.0,0.0,0.0,0.0
2024-01-26T03:00,3600,0.0,0.0,0.0,0.0,0.0,0.0,0.0,0.0,0.0
2024-01-26T04:00,3600,0.0,0.0,0.0,0.0,0.0,0.0,0.0,0.0,0.0
2024-01-26T05:00,3600,0.0,0.0,0.0,0.0,0.0,0.0,0.0,0.0,0.0
2024-01-26T06:00,3600,0.0,0.0,0.0,0.0,0.0,0.0,0.0,0.0,0.0
2024-01-26T07:00,3600,0.0,0.0099331128,0.0,0.0,0.0,0.0099331128,24.77511193,9.9331128,9.68201941
2024-01-26T08:00,3600,0.0,0.11892117197999999,0.0,0.0,0.0,0.11892117197999999,155.30929438,118.92117198,60.91061022
2024-01-26T09:00,3600,0.0,0.32665644544,0.0,0.0,0.0,0.32665644544,404.83689176,326.65644544,160.15389987
2024-01-26T10:00,3600,0.0,0.49828214695000006,0.0,0.0,0.0,0.49828214695000006,611.71390504,498.28214695,244.67701437
2024-01-26T11:00,3600,0.0,0.5139366408,0.0,0.0,0.0,0.5139366408,630.61659574,513.9366408,252.51335031
2024-01-26T12:00,3600,0.0,0.49890139102,0.0,0.0,0.0,0.49890139102,612.46153332,498.90139102,245.1161922
2024-01-26T13:00,3600,0.0,0.40136182393000003,0.0,0.0,0.0,0.40136182393000003,494.8056078,401.36182393,197.84520095
2024-01-26T14:00,3600,0.0,0.25699972315,0.0,0.0,0.0,0.25699972315,321.0601739,256.99972315,127.59277441
2024-01-26T15:00,3600,0.0,0.25986897318,0.0,0.0,0.0,0.25986897318,324.50891914,259.86897318,129.05115857
2024-01-26T16:00,3600,0.0,0.14238806951000002,0.0,0.0,0.0,0.14238806951000002,183.44953877,142.38806951,72.38320675
2024-01-26T17:00,3600,0.0,0.0490865518,0.0,0.0,0.0,0.0490865518,71.63893249,49.0865518,28.15210981
2024-01-26T18:00,3600,0.0,0.0,0.0,0.0,0.0,0.0,0.0,0.0,0.0
2024-01-26T19:00,3600,0.0,0.0,0.0,0.0,0.0,0.0,0.0,0.0,0.0
2024-01-26T20:00,3600,0.0,0.0,0.0,0.0,0.0,0.0,0.0,0.0,0.0
2024-01-26T21:00,3600,0.0,0.0,0.0,0.0,0.0,0.0,0.0,0.0,0.0
2024-01-26T22:00,3600,0.0,0.0,0.0,0.0,0.0,0.0,0.0,0.0,0.0
2024-01-26T23:00,3600,0.0,0.0,0.0,0.0,0.0,0.0,0.0,0.0,0.0
2024-01-27T00:00,3600,0.0,0.0,0.0,0.0,0.0,0.0,0.0,0.0,0.0
2024-01-27T01:00,3600,0.0,0.0,0.0,0.0,0.0,0.0,0.0,0.0,0.0
2024-01-27T02:00,3600,0.0,0.0,0.0,0.0,0.0,0.0,0.0,0.0,0.0
2024-01-27T03:00,3600,0.0,0.0,0.0,0.0,0.0,0.0,0.0,0.0,0.0
2024-01-27T04:00,3600,0.0,0.0,0.0,0.0,0.0,0.0,0.0,0.0,0.0
2024-01-27T05:00,3600,0.0,0.0,0.0,0.0,0.0,0.0,0.0,0.0,0.0
2024-01-27T06:00,3600,0.0,0.0,0.0,0.0,0.0,0.0,0.0,0.0,0.0
2024-01-27T07:00,3600,0.0,0.00167467092,0.0,0.0,0.0,0.00167467092,14.89463839,1.67467092,5.80921165
2024-01-27T08:00,3600,0.0,0.049265876810000005,0.0,0.0,0.0,0.049265876810000005,71.85364868,49.26587681,28.0778563
2024-01-27T09:00,3600,0.0,0.10284263079999999,0.0,0.0,0.0,0.10284263079999999,136.03576132,102.8426308,53.25110678
2024-01-27T10:00,3600,0.0,0.13935641736999999,0.0,0.0,0.0,0.13935641736999999,179.81346258,139.35641737,70.67874172
2024-01-27T11:00,3600,0.0,0.17870490616,0.0,0.0,0.0,0.17870490616,227.02264522,178.70490616,89.39041694
2024-01-27T12:00,3600,0.0,0.22375476269999997,0.0,0.0,0.0,0.22375476269999997,281.11410459,223.7547627,110.96869812
2024-01-27T13:00,3600,0.0,0.18567816653,0.0,0.0,0.0,0.18567816653,235.39252257,185.67816653,92.88306133
2024-01-27T14:00,3600,0.0,0.07979602011999999,0.0,0.0,0.0,0.07979602011999999,108.41942545,79.79602012,42.60088542
2024-01-27T15:00,3600,0.0,0.04493303604,0.0,0.0,0.0,0.04493303604,66.66588529,44.93303604,26.14145242
2024-01-27T16:00,3600,0.0,0.022328196380000002,0.0,0.0,0.0,0.022328196380000002,39.60749821,22.32819638,15.49123106
2024-01-27T17:00,3600,0.0,0.0,0.0,0.0,0.0,0.0,12.41742286,0.0,4.84100971
2024-01-27T18:00,3600,0.0,0.0,0.0,0.0,0.0,0.0,0.0,0.0,0.0
2024-01-27T19:00,3600,0.0,0.0,0.0,0.0,0.0,0.0,0.0,0.0,0.0
2024-01-27T20:00,3600,0.0,0.0,0.0,0.0,0.0,0.0,0.0,0.0,0.0
2024-01-27T21:00,3600,0.0,0.0,0.0,0.0,0.0,0.0,0.0,0.0,0.0
2024-01-27T22:00,3600,0.0,0.0,0.0,0.0,0.0,0.0,0.0,0.0,0.0
2024-01-27T23:00,3600,0.0,0.0,0.0,0.0,0.0,0.0,0.0,0.0,0.0
2024-01-28T00:00,3600,0.0,0.0,0.0,0.0,0.0,0.0,0.0,0.0,0.0
2024-01-28T01:00,3600,0.0,0.0,0.0,0.0,0.0,0.0,0.0,0.0,0.0
2024-01-28T02:00,3600,0.0,0.0,0.0,0.0,0.0,0.0,0.0,0.0,0.0
2024-01-28T03:00,3600,0.0,0.0,0.0,0.0,0.0,0.0,0.0,0.0,0.0
2024-01-28T04:00,3600,0.0,0.0,0.0,0.0,0.0,0.0,0.0,0.0,0.0
2024-01-28T05:00,3600,0.0,0.0,0.0,0.0,0.0,0.0,0.0,0.0,0.0
2024-01-28T06:00,3600,0.0,0.0,0.0,0.0,0.0,0.0,0.0,0.0,0.0
2024-01-28T07:00,3600,0.0,0.0,0.0,0.0,0.0,0.0,7.48381928,0.0,2.90460582
2024-01-28T08:00,3600,0.0,0.03430837221,0.0,0.0,0.0,0.03430837221,53.94658475,34.30837221,20.94805225
2024-01-28T09:00,3600,0.0,0.0786072921,0.0,0.0,0.0,0.0786072921,106.99531036,78.6072921,41.63268348
2024-01-28T10:00,3600,0.0,0.19567552906,0.0,0.0,0.0,0.19567552906,247.39404673,195.67552906,97.06608183
2024-01-28T11:00,3600,0.0,0.25125039605,0.0,0.0,0.0,0.25125039605,314.15021853,251.25039605,123.61166502
2024-01-28T12:00,3600,0.0,0.2798315543,0.0,0.0,0.0,0.2798315543,348.50834374,279.8315543,137.33508128
2024-01-28T13:00,3600,0.0,0.38599639054999996,0.0,0.0,0.0,0.38599639054999996,476.29064049,385.99639055,189.13437298
2024-01-28T14:00,3600,0.0,0.45065539992,0.0,0.0,0.0,0.45065539992,554.23876052,450.65539992,220.97997666
2024-01-28T15:00,3600,0.0,0.41176265030000003,0.0,0.0,0.0,0.41176265030000003,507.34133859,411.7626503,202.10386167
2024-01-28T16:00,3600,0.0,0.27582853303,0.0,0.0,0.0,0.27582853303,343.69512116,275.82853303,136.43595766
2024-01-28T17:00,3600,0.0,0.09223954301000001,0.0,0.0,0.0,0.09223954301000001,123.32882513,92.23954301,48.58312564
2024-01-28T18:00,3600,0.0,0.0,0.0,0.0,0.0,0.0,0.0,0.0,0.0
2024-01-28T19:00,3600,0.0,0.0,0.0,0.0,0.0,0.0,0.0,0.0,0.0
2024-01-28T20:00,3600,0.0,0.0,0.0,0.0,0.0,0.0,0.0,0.0,0.0
2024-01-28T21:00,3600,0.0,0.0,0.0,0.0,0.0,0.0,0.0,0.0,0.0
2024-01-28T22:00,3600,0.0,0.0,0.0,0.0,0.0,0.0,0.0,0.0,0.0
2024-01-28T23:00,3600,0.0,0.0,0.0,0.0,0.0,0.0,0.0,0.0,0.0
2024-01-29T00:00,3600,0.0,0.0,0.0,0.0,0.0,0.0,0.0,0.0,0.0
2024-01-29T01:00,3600,0.0,0.0,0.0,0.0,0.0,0.0,0.0,0.0,0.0
2024-01-29T02:00,3600,0.0,0.0,0.0,0.0,0.0,0.0,0.0,0.0,0.0
2024-01-29T03:00,3600,0.0,0.0,0.0,0.0,0.0,0.0,0.0,0.0,0.0
2024-01-29T04:00,3600,0.0,0.0,0.0,0.0,0.0,0.0,0.0,0.0,0.0
2024-01-29T05:00,3600,0.0,0.0,0.0,0.0,0.0,0.0,0.0,0.0,0.0
2024-01-29T06:00,3600,0.0,0.0,0.0,0.0,0.0,0.0,0.0,0.0,0.0
2024-01-29T07:00,3600,0.0,0.028382634370000003,0.0,0.0,0.0,0.028382634370000003,46.8536697,28.38263437,18.30947127
2024-01-29T08:00,3600,0.0,0.20435421892,0.0,0.0,0.0,0.20435421892,257.81433452,204.35421892,101.6532758
2024-01-29T09:00,3600,0.0,0.29878392961999994,0.0,0.0,0.0,0.29878392961999994,371.30145822,298.78392962,147.18437775
2024-01-29T10:00,3600,0.0,0.47106130802,0.0,0.0,0.0,0.47106130802,578.85803434,471.06130802,232.7921065
2024-01-29T11:00,3600,0.0,0.46963446791999996,0.0,0.0,0.0,0.46963446791999996,577.13628008,469.63446792,232.26662608
2024-01-29T12:00,3600,0.0,0.39718068534999995,0.0,0.0,0.0,0.39718068534999995,489.76691721,397.18068535,196.37880845
2024-01-29T13:00,3600,0.0,0.28148797601000003,0.0,0.0,0.0,0.28148797601000003,350.50012495,281.48797601,140.3892815
2024-01-29T14:00,3600,0.0,0.42255794063,0.0,0.0,0.0,0.42255794063,520.35505874,422.55794063,209.660975
2024-01-29T15:00,3600,0.0,0.27137429983,0.0,0.0,0.0,0.27137429983,338.33978024,271.37429983,135.5044202
2024-01-29T16:00,3600,0.0,0.1105474738,0.0,0.0,0.0,0.1105474738,145.27093669,110.5474738,57.7070824
2024-01-29T17:00,3600,0.0,0.032136371840000004,0.0,0.0,0.0,0.032136371840000004,51.34668189,32.13637184,20.33224077
2024-01-29T18:00,3600,0.0,0.0,0.0,0.0,0.0,0.0,0.0,0.0,0.0
2024-01-29T19:00,3600,0.0,0.0,0.0,0.0,0.0,0.0,0.0,0.0,0.0
2024-01-29T20:00,3600,0.0,0.0,0.0,0.0,0.0,0.0,0.0,0.0,0.0
2024-01-29T21:00,3600,0.0,0.0,0.0,0.0,0.0,0.0,0.0,0.0,0.0
2024-01-29T22:00,3600,0.0,0.0,0.0,0.0,0.0,0.0,0.0,0.0,0.0
2024-01-29T23:00,3600,0.0,0.0,0.0,0.0,0.0,0.0,0.0,0.0,0.0
2024-01-30T00:00,3600,0.0,0.0,0.0,0.0,0.0,0.0,0.0,0.0,0.0
2024-01-30T01:00,3600,0.0,0.0,0.0,0.0,0.0,0.0,0.0,0.0,0.0
2024-01-30T02:00,3600,0.0,0.0,0.0,0.0,0.0,0.0,0.0,0.0,0.0
2024-01-30T03:00,3600,0.0,0.0,0.0,0.0,0.0,0.0,0.0,0.0,0.0
2024-01-30T04:00,3600,0.0,0.0,0.0,0.0,0.0,0.0,0.0,0.0,0.0
2024-01-30T05:00,3600,0.0,0.0,0.0,0.0,0.0,0.0,0.0,0.0,0.0
2024-01-30T06:00,3600,0.0,0.0,0.0,0.0,0.0,0.0,0.0,0.0,0.0
2024-01-30T07:00,3600,0.0,0.005394428529999999,0.0,0.0,0.0,0.005394428529999999,19.34480513,5.39442853,7.63530789
2024-01-30T08:00,3600,0.0,0.09871106076,0.0,0.0,0.0,0.09871106076,131.08411791,98.71106076,51.97387933
2024-01-30T09:00,3600,0.0,0.15257641734000002,0.0,0.0,0.0,0.15257641734000002,195.67063227,152.57641734,77.83810264
2024-01-30T10:00,3600,0.0,0.32092511362,0.0,0.0,0.0,0.32092511362,397.93970294,320.92511362,160.5367105
2024-01-30T11:00,3600,0.0,0.58335147148,0.0,0.0,0.0,0.58335147148,714.50093241,583.35147148,292.46618457
2024-01-30T12:00,3600,0.0,0.60461142873,0.0,0.0,0.0,0.60461142873,740.2142489,604.61142873,303.87162913
2024-01-30T13:00,3600,0.0,0.81343733188,0.0,0.0,0.0,0.81343733188,993.32781462,813.43733188,416.77348111
2024-01-30T14:00,3600,0.0,0.63269746113,0.0,0.0,0.0,0.63269746113,774.19916434,632.69746113,322.13802135
2024-01-30T15:00,3600,0.0,0.37074235036000003,0.0,0.0,0.0,0.37074235036000003,457.91511025,370.74235036,188.16933732
2024-01-30T16:00,3600,0.0,0.22921485224000002,0.0,0.0,0.0,0.22921485224000002,287.67309297,229.21485224,117.51356272
2024-01-30T17:00,3600,0.0,0.07091461674999999,0.0,0.0,0.0,0.07091461674999999,97.78011218,70.91461675,39.63747255
2024-01-30T18:00,3600,0.0,0.0,0.0,0.0,0.0,0.0,0.0,0.0,0.0
2024-01-30T19:00,3600,0.0,0.0,0.0,0.0,0.0,0.0,0.0,0.0,0.0
2024-01-30T20:00,3600,0.0,0.0,0.0,0.0,0.0,0.0,0.0,0.0,0.0
2024-01-30T21:00,3600,0.0,0.0,0.0,0.0,0.0,0.0,0.0,0.0,0.0
2024-01-30T22:00,3600,0.0,0.0,0.0,0.0,0.0,0.0,0.0,0.0,0.0
2024-01-30T23:00,3600,0.0,0.0,0.0,0.0,0.0,0.0,0.0,0.0,0.0
2024-01-31T00:00,3600,0.0,0.0,0.0,0.0,0.0,0.0,0.0,0.0,0.0
2024-01-31T01:00,3600,0.0,0.0,0.0,0.0,0.0,0.0,0.0,0.0,0.0
2024-01-31T02:00,3600,0.0,0.0,0.0,0.0,0.0,0.0,0.0,0.0,0.0
2024-01-31T03:00,3600,0.0,0.0,0.0,0.0,0.0,0.0,0.0,0.0,0.0
2024-01-31T04:00,3600,0.0,0.0,0.0,0.0,0.0,0.0,0.0,0.0,0.0
2024-01-31T05:00,3600,0.0,0.0,0.0,0.0,0.0,0.0,0.0,0.0,0.0
2024-01-31T06:00,3600,0.0,0.0,0.0,0.0,0.0,0.0,0.0,0.0,0.0
2024-01-31T07:00,3600,0.0,0.011491085829999999,0.0,0.0,0.0,0.011491085829999999,26.63925186,11.49108583,10.65022136
2024-01-31T08:00,3600,0.0,0.12991350819,0.0,0.0,0.0,0.12991350819,168.48920577,129.91350819,67.81990995
2024-01-31T09:00,3600,0.0,0.24370279643,0.0,0.0,0.0,0.24370279643,305.08008108,243.70279643,123.61414039
2024-01-31T10:00,3600,0.0,0.40117763056000005,0.0,0.0,0.0,0.40117763056000005,494.58362813,401.17763056,203.98471604
2024-01-31T11:00,3600,0.0,0.31660919288999995,0.0,0.0,0.0,0.31660919288999995,392.7463276,316.60919289,161.15902692
2024-01-31T12:00,3600,0.0,0.32797527225,0.0,0.0,0.0,0.32797527225,406.42409529,327.97527225,166.71929061
2024-01-31T13:00,3600,0.0,0.37006583699999995,0.0,0.0,0.0,0.37006583699999995,457.10027965,370.065837,189.3847806
2024-01-31T14:00,3600,0.0,0.30373851265000007,0.0,0.0,0.0,0.30373851265000007,377.26141282,303.73851265,155.95088284
2024-01-31T15:00,3600,0.0,0.20320722462000002,0.0,0.0,0.0,0.20320722462000002,256.4370715,203.20722462,105.62797398
2024-01-31T16:00,3600,0.0,0.11340956934999999,0.0,0.0,0.0,0.11340956934999999,148.70183264,113.40956935,61.13065444
2024-01-31T17:00,3600,0.0,0.0307042184,0.0,0.0,0.0,0.0307042184,49.63243857,30.7042184,20.33224077
2024-01-31T18:00,3600,0.0,0.0,0.0,0.0,0.0,0.0,0.0,0.0,0.0
2024-01-31T19:00,3600,0.0,0.0,0.0,0.0,0.0,0.0,0.0,0.0,0.0
2024-01-31T20:00,3600,0.0,0.0,0.0,0.0,0.0,0.0,0.0,0.0,0.0
2024-01-31T21:00,3600,0.0,0.0,0.0,0.0,0.0,0.0,0.0,0.0,0.0
2024-01-31T22:00,3600,0.0,0.0,0.0,0.0,0.0,0.0,0.0,0.0,0.0
2024-01-31T23:00,3600,0.0,0.0,0.0,0.0,0.0,0.0,0.0,0.0,0.0
2024-02-01T00:00,3600,0.0,0.0,0.0,0.0,0.0,0.0,0.0,0.0,0.0
2024-02-01T01:00,3600,0.0,0.0,0.0,0.0,0.0,0.0,0.0,0.0,0.0
2024-02-01T02:00,3600,0.0,0.0,0.0,0.0,0.0,0.0,0.0,0.0,0.0
2024-02-01T03:00,3600,0.0,0.0,0.0,0.0,0.0,0.0,0.0,0.0,0.0
2024-02-01T04:00,3600,0.0,0.0,0.0,0.0,0.0,0.0,0.0,0.0,0.0
2024-02-01T05:00,3600,0.0,0.0,0.0,0.0,0.0,0.0,0.0,0.0,0.0
2024-02-01T06:00,3600,0.0,0.0,0.0,0.0,0.0,0.0,0.0,0.0,0.0
2024-02-01T07:00,3600,0.0,0.00926935584,0.0,0.0,0.0,0.00926935584,23.9809321,9.26935584,9.68201941
2024-02-01T08:00,3600,0.0,0.07903065866999999,0.0,0.0,0.0,0.07903065866999999,107.5025067,79.03065867,43.56908736
2024-02-01T09:00,3600,0.0,0.21665906967,0.0,0.0,0.0,0.21665906967,272.59131584,216.65906967,111.22545927
2024-02-01T10:00,3600,0.0,0.31801734488,0.0,0.0,0.0,0.31801734488,394.44072049,318.01734488,163.58911052
2024-02-01T11:00,3600,0.0,0.66668662459,0.0,0.0,0.0,0.66668662459,815.35090844,666.68662459,343.839829
2024-02-01T12:00,3600,0.0,0.7132424824800001,0.0,0.0,0.0,0.7132424824800001,871.76005006,713.24248248,368.873554
2024-02-01T13:00,3600,0.0,0.9694850563899999,0.0,0.0,0.0,0.9694850563899999,1183.12003534,969.48505639,511.32022226
2024-02-01T14:00,3600,0.0,0.78256335421,0.0,0.0,0.0,0.78256335421,955.84360417,782.56335421,409.16314304
2024-02-01T15:00,3600,0.0,0.65003792728,0.0,0.0,0.0,0.65003792728,795.19054078,650.03792728,338.26555243
2024-02-01T16:00,3600,0.0,0.3517729897,0.0,0.0,0.0,0.3517729897,435.07121621,351.7729897,182.13385347
2024-02-01T17:00,3600,0.0,0.14760491521,0.0,0.0,0.0,0.14760491521,189.70694681,147.60491521,78.66454012
2024-02-01T18:00,3600,0.0,0.0,0.0,0.0,0.0,0.0,2.36969693,0.0,0.96820194
2024-02-01T19:00,3600,0.0,0.0,0.0,0.0,0.0,0.0,0.0,0.0,0.0
2024-02-01T20:00,3600,0.0,0.0,0.0,0.0,0.0,0.0,0.0,0.0,0.0
2024-02-01T21:00,3600,0.0,0.0,0.0,0.0,0.0,0.0,0.0,0.0,0.0
2024-02-01T22:00,3600,0.0,0.0,0.0,0.0,0.0,0.0,0.0,0.0,0.0
2024-02-01T23:00,3600,0.0,0.0,0.0,0.0,0.0,0.0,0.0,0.0,0.0
2024-02-02T00:00,3600,0.0,0.0,0.0,0.0,0.0,0.0,0.0,0.0,0.0
2024-02-02T01:00,3600,0.0,0.0,0.0,0.0,0.0,0.0,0.0,0.0,0.0
2024-02-02T02:00,3600,0.0,0.0,0.0,0.0,0.0,0.0,0.0,0.0,0.0
2024-02-02T03:00,3600,0.0,0.0,0.0,0.0,0.0,0.0,0.0,0.0,0.0
2024-02-02T04:00,3600,0.0,0.0,0.0,0.0,0.0,0.0,0.0,0.0,0.0
2024-02-02T05:00,3600,0.0,0.0,0.0,0.0,0.0,0.0,0.0,0.0,0.0
2024-02-02T06:00,3600,0.0,0.0,0.0,0.0,0.0,0.0,0.0,0.0,0.0
2024-02-02T07:00,3600,0.0,0.02091388216,0.0,0.0,0.0,0.02091388216,37.91491105,20.91388216,15.33268568
2024-02-02T08:00,3600,0.0,0.1600631977,0.0,0.0,0.0,0.1600631977,204.65260779,160.0631977,83.36298618
2024-02-02T09:00,3600,0.0,0.41692579574,0.0,0.0,0.0,0.41692579574,513.56518431,416.92579574,212.26576673
2024-02-02T10:00,3600,0.0,0.6272094389699999,0.0,0.0,0.0,0.6272094389699999,767.55709608,627.20943897,324.32591168
2024-02-02T11:00,3600,0.0,1.06664078533,0.0,0.0,0.0,1.06664078533,1301.56846658,1066.64078533,564.55181941
2024-02-02T12:00,3600,0.0,1.09396896773,0.0,0.0,0.0,1.09396896773,1334.92529247,1093.96896773,579.88259483
2024-02-02T13:00,3600,0.0,1.08895377497,0.0,0.0,0.0,1.08895377497,1328.8024412,1088.95377497,580.00692413
2024-02-02T14:00,3600,0.0,0.89576182059,0.0,0.0,0.0,0.89576182059,1093.38487318,895.76182059,472.7583503
2024-02-02T15:00,3600,0.0,0.75311604102,0.0,0.0,0.0,0.75311604102,920.11177548,753.11604102,394.50433157
2024-02-02T16:00,3600,0.0,0.51771311679,0.0,0.0,0.0,0.51771311679,635.17748817,517.71311679,268.79333378
2024-02-02T17:00,3600,0.0,0.22311110821,0.0,0.0,0.0,0.22311110821,280.34095149,223.11110821,117.01672844
2024-02-02T18:00,3600,0.0,0.0,0.0,0.0,0.0,0.0,2.36393958,0.0,0.96820194
2024-02-02T19:00,3600,0.0,0.0,0.0,0.0,0.0,0.0,0.0,0.0,0.0
2024-02-02T20:00,3600,0.0,0.0,0.0,0.0,0.0,0.0,0.0,0.0,0.0
2024-02-02T21:00,3600,0.0,0.0,0.0,0.0,0.0,0.0,0.0,0.0,0.0
2024-02-02T22:00,3600,0.0,0.0,0.0,0.0,0.0,0.0,0.0,0.0,0.0
2024-02-02T23:00,3600,0.0,0.0,0.0,0.0,0.0,0.0,0.0,0.0,0.0
2024-02-03T00:00,3600,0.0,0.0,0.0,0.0,0.0,0.0,0.0,0.0,0.0
2024-02-03T01:00,3600,0.0,0.0,0.0,0.0,0.0,0.0,0.0,0.0,0.0
2024-02-03T02:00,3600,0.0,0.0,0.0,0.0,0.0,0.0,0.0,0.0,0.0
2024-02-03T03:00,3600,0.0,0.0,0.0,0.0,0.0,0.0,0.0,0.0,0.0
2024-02-03T04:00,3600,0.0,0.0,0.0,0.0,0.0,0.0,0.0,0.0,0.0
2024-02-03T05:00,3600,0.0,0.0,0.0,0.0,0.0,0.0,0.0,0.0,0.0
2024-02-03T06:00,3600,0.0,0.0,0.0,0.0,0.0,0.0,0.0,0.0,0.0
2024-02-03T07:00,3600,0.0,0.014850281100000001,0.0,0.0,0.0,0.014850281100000001,30.65876386,14.8502811,12.40622363
2024-02-03T08:00,3600,0.0,0.15792653100000004,0.0,0.0,0.0,0.15792653100000004,202.08909852,157.926531,82.32830664
2024-02-03T09:00,3600,0.0,0.37812488900999996,0.0,0.0,0.0,0.37812488900999996,466.80771673,378.12488901,192.31819749
2024-02-03T10:00,3600,0.0,0.7023439852300001,0.0,0.0,0.0,0.7023439852300001,858.55053663,702.34398523,361.73570762
2024-02-03T11:00,3600,0.0,0.9461124871099998,0.0,0.0,0.0,0.9461124871099998,1154.65764298,946.11248711,493.3059309
2024-02-03T12:00,3600,0.0,0.7082546614,0.0,0.0,0.0,0.7082546614,865.71423128,708.2546614,365.97297307
2024-02-03T13:00,3600,0.0,0.51092531346,0.0,0.0,0.0,0.51092531346,626.9800116,510.92531346,263.98789668
2024-02-03T14:00,3600,0.0,0.90443528459,0.0,0.0,0.0,0.90443528459,1103.93563668,904.43528459,473.69370744
2024-02-03T15:00,3600,0.0,0.5519497056599999,0.0,0.0,0.0,0.5519497056599999,676.54003581,551.94970566,285.85662576
2024-02-03T16:00,3600,0.0,0.31589451382,0.0,0.0,0.0,0.31589451382,391.88638961,315.89451382,163.51287689
2024-02-03T17:00,3600,0.0,0.09005797268000001,0.0,0.0,0.0,0.09005797268000001,120.71469717,90.05797268,49.79270555
2024-02-03T18:00,3600,0.0,0.0,0.0,0.0,0.0,0.0,2.3705346,0.0,0.96820194
2024-02-03T19:00,3600,0.0,0.0,0.0,0.0,0.0,0.0,0.0,0.0,0.0
2024-02-03T20:00,3600,0.0,0.0,0.0,0.0,0.0,0.0,0.0,0.0,0.0
2024-02-03T21:00,3600,0.0,0.0,0.0,0.0,0.0,0.0,0.0,0.0,0.0
2024-02-03T22:00,3600,0.0,0.0,0.0,0.0,0.0,0.0,0.0,0.0,0.0
2024-02-03T23:00,3600,0.0,0.0,0.0,0.0,0.0,0.0,0.0,0.0,0.0
2024-02-04T00:00,3600,0.0,0.0,0.0,0.0,0.0,0.0,0.0,0.0,0.0
2024-02-04T01:00,3600,0.0,0.0,0.0,0.0,0.0,0.0,0.0,0.0,0.0
2024-02-04T02:00,3600,0.0,0.0,0.0,0.0,0.0,0.0,0.0,0.0,0.0
2024-02-04T03:00,3600,0.0,0.0,0.0,0.0,0.0,0.0,0.0,0.0,0.0
2024-02-04T04:00,3600,0.0,0.0,0.0,0.0,0.0,0.0,0.0,0.0,0.0
2024-02-04T05:00,3600,0.0,0.0,0.0,0.0,0.0,0.0,0.0,0.0,0.0
2024-02-04T06:00,3600,0.0,0.0,0.0,0.0,0.0,0.0,0.0,0.0,0.0
2024-02-04T07:00,3600,0.0,0.02013009138,0.0,0.0,0.0,0.02013009138,36.9769246,20.13009138,14.92654329
2024-02-04T08:00,3600,0.0,0.10529376542,0.0,0.0,0.0,0.10529376542,138.9735977,105.29376542,56.32328104
2024-02-04T09:00,3600,0.0,0.17894450766,0.0,0.0,0.0,0.17894450766,227.31021673,178.94450766,92.50943179
2024-02-04T10:00,3600,0.0,0.26113676049,0.0,0.0,0.0,0.26113676049,326.03281636,261.13676049,133.65039624
2024-02-04T11:00,3600,0.0,0.38703716482,0.0,0.0,0.0,0.38703716482,477.54458137,387.03716482,197.43628468
2024-02-04T12:00,3600,0.0,0.48614564206,0.0,0.0,0.0,0.48614564206,597.06294802,486.14564206,248.82281312
2024-02-04T13:00,3600,0.0,0.5657285255100001,0.0,0.0,0.0,0.5657285255100001,693.19420821,565.72852551,289.80559419
2024-02-04T14:00,3600,0.0,0.44593586115,0.0,0.0,0.0,0.44593586115,548.5460702,445.93586115,228.17663337
2024-02-04T15:00,3600,0.0,0.3813180949900001,0.0,0.0,0.0,0.3813180949900001,470.6544564,381.31809499,194.68527276
2024-02-04T16:00,3600,0.0,0.34945344773,0.0,0.0,0.0,0.34945344773,432.27845277,349.45344773,178.22548871
2024-02-04T17:00,3600,0.0,0.13124786861999999,0.0,0.0,0.0,0.13124786861999999,170.089297,131.24786862,69.28582708
2024-02-04T18:00,3600,0.0,0.0,0.0,0.0,0.0,0.0,2.40846288,0.0,0.96820194
2024-02-04T19:00,3600,0.0,0.0,0.0,0.0,0.0,0.0,0.0,0.0,0.0
2024-02-04T20:00,3600,0.0,0.0,0.0,0.0,0.0,0.0,0.0,0.0,0.0
2024-02-04T21:00,3600,0.0,0.0,0.0,0.0,0.0,0.0,0.0,0.0,0.0
2024-02-04T22:00,3600,0.0,0.0,0.0,0.0,0.0,0.0,0.0,0.0,0.0
2024-02-04T23:00,3600,0.0,0.0,0.0,0.0,0.0,0.0,0.0,0.0,0.0
2024-02-05T00:00,3600,0.0,0.0,0.0,0.0,0.0,0.0,0.0,0.0,0.0
2024-02-05T01:00,3600,0.0,0.0,0.0,0.0,0.0,0.0,0.0,0.0,0.0
2024-02-05T02:00,3600,0.0,0.0,0.0,0.0,0.0,0.0,0.0,0.0,0.0
2024-02-05T03:00,3600,0.0,0.0,0.0,0.0,0.0,0.0,0.0,0.0,0.0
2024-02-05T04:00,3600,0.0,0.0,0.0,0.0,0.0,0.0,0.0,0.0,0.0
2024-02-05T05:00,3600,0.0,0.0,0.0,0.0,0.0,0.0,0.0,0.0,0.0
2024-02-05T06:00,3600,0.0,0.0,0.0,0.0,0.0,0.0,0.0,0.0,0.0
2024-02-05T07:00,3600,0.0,0.00357560516,0.0,0.0,0.0,0.00357560516,17.16880105,3.57560516,6.77741359
2024-02-05T08:00,3600,0.0,0.07009467171999999,0.0,0.0,0.0,0.07009467171999999,96.79796139,70.09467172,38.29236524
2024-02-05T09:00,3600,0.0,0.19148888031,0.0,0.0,0.0,0.19148888031,242.36783604,191.48888031,96.3966483
2024-02-05T10:00,3600,0.0,0.24785334645,0.0,0.0,0.0,0.24785334645,310.06774376,247.85334645,124.20494665
2024-02-05T11:00,3600,0.0,0.32244040722,0.0,0.0,0.0,0.32244040722,399.76316376,322.44040722,160.51809798
2024-02-05T12:00,3600,0.0,0.42045514328,0.0,0.0,0.0,0.42045514328,517.81993269,420.45514328,208.64282353
2024-02-05T13:00,3600,0.0,0.40302913764,0.0,0.0,0.0,0.40302913764,496.81499663,403.02913764,200.73477828
2024-02-05T14:00,3600,0.0,0.28235970271,0.0,0.0,0.0,0.28235970271,351.54836608,282.35970271,141.34655635
2024-02-05T15:00,3600,0.0,0.24554426354,0.0,0.0,0.0,0.24554426354,307.29290139,245.54426354,123.51601184
2024-02-05T16:00,3600,0.0,0.09436096792,0.0,0.0,0.0,0.09436096792,125.87098235,94.36096792,50.21917124
2024-02-05T17:00,3600,0.0,0.03574393972,0.0,0.0,0.0,0.03574393972,55.66502788,35.74393972,22.17613185
2024-02-05T18:00,3600,0.0,0.0,0.0,0.0,0.0,0.0,2.44884392,0.0,0.96820194
2024-02-05T19:00,3600,0.0,0.0,0.0,0.0,0.0,0.0,0.0,0.0,0.0
2024-02-05T20:00,3600,0.0,0.0,0.0,0.0,0.0,0.0,0.0,0.0,0.0
2024-02-05T21:00,3600,0.0,0.0,0.0,0.0,0.0,0.0,0.0,0.0,0.0
2024-02-05T22:00,3600,0.0,0.0,0.0,0.0,0.0,0.0,0.0,0.0,0.0
2024-02-05T23:00,3600,0.0,0.0,0.0,0.0,0.0,0.0,0.0,0.0,0.0
2024-02-06T00:00,3600,0.0,0.0,0.0,0.0,0.0,0.0,0.0,0.0,0.0
2024-02-06T01:00,3600,0.0,0.0,0.0,0.0,0.0,0.0,0.0,0.0,0.0
2024-02-06T02:00,3600,0.0,0.0,0.0,0.0,0.0,0.0,0.0,0.0,0.0
2024-02-06T03:00,3600,0.0,0.0,0.0,0.0,0.0,0.0,0.0,0.0,0.0
2024-02-06T04:00,3600,0.0,0.0,0.0,0.0,0.0,0.0,0.0,0.0,0.0
2024-02-06T05:00,3600,0.0,0.0,0.0,0.0,0.0,0.0,0.0,0.0,0.0
2024-02-06T06:00,3600,0.0,0.0,0.0,0.0,0.0,0.0,0.0,0.0,0.0
2024-02-06T07:00,3600,0.0,0.0076712957200000004,0.0,0.0,0.0,0.0076712957200000004,22.06890561,7.67129572,8.71381747
2024-02-06T08:00,3600,0.0,0.10043194398000001,0.0,0.0,0.0,0.10043194398000001,133.14653285,100.43194398,52.81666406
2024-02-06T09:00,3600,0.0,0.28097434571999996,0.0,0.0,0.0,0.28097434571999996,349.88249845,280.97434572,140.11374259
2024-02-06T10:00,3600,0.0,0.5278848150200001,0.0,0.0,0.0,0.5278848150200001,647.463557,527.88481502,264.16888247
2024-02-06T11:00,3600,0.0,0.63146027798,0.0,0.0,0.0,0.63146027798,772.70176124,631.46027798,317.78119994
2024-02-06T12:00,3600,0.0,0.94195154055,0.0,0.0,0.0,0.94195154055,1149.59189037,941.95154055,480.66069797
2024-02-06T13:00,3600,0.0,1.06251678831,0.0,0.0,0.0,1.06251678831,1296.53621311,1062.51678831,549.28927928
2024-02-06T14:00,3600,0.0,0.76532316331,0.0,0.0,0.0,0.76532316331,934.92168931,765.32316331,391.07267515
2024-02-06T15:00,3600,0.0,0.6011162985299999,0.0,0.0,0.0,0.6011162985299999,735.98628695,601.11629853,305.55066727
2024-02-06T16:00,3600,0.0,0.34574565623,0.0,0.0,0.0,0.34574565623,427.81446482,345.74565623,174.96540677
2024-02-06T17:00,3600,0.0,0.07292240470999999,0.0,0.0,0.0,0.07292240470999999,100.18515337,72.92240471,40.40628217
2024-02-06T18:00,3600,0.0,0.0,0.0,0.0,0.0,0.0,2.43236663,0.0,0.96820194
2024-02-06T19:00,3600,0.0,0.0,0.0,0.0,0.0,0.0,0.0,0.0,0.0
2024-02-06T20:00,3600,0.0,0.0,0.0,0.0,0.0,0.0,0.0,0.0,0.0
2024-02-06T21:00,3600,0.0,0.0,0.0,0.0,0.0,0.0,0.0,0.0,0.0
2024-02-06T22:00,3600,0.0,0.0,0.0,0.0,0.0,0.0,0.0,0.0,0.0
2024-02-06T23:00,3600,0.0,0.0,0.0,0.0,0.0,0.0,0.0,0.0,0.0
2024-02-07T00:00,3600,0.0,0.0,0.0,0.0,0.0,0.0,0.0,0.0,0.0
2024-02-07T01:00,3600,0.0,0.0,0.0,0.0,0.0,0.0,0.0,0.0,0.0
2024-02-07T02:00,3600,0.0,0.0,0.0,0.0,0.0,0.0,0.0,0.0,0.0
2024-02-07T03:00,3600,0.0,0.0,0.0,0.0,0.0,0.0,0.0,0.0,0.0
2024-02-07T04:00,3600,0.0,0.0,0.0,0.0,0.0,0.0,0.0,0.0,0.0
2024-02-07T05:00,3600,0.0,0.0,0.0,0.0,0.0,0.0,0.0,0.0,0.0
2024-02-07T06:00,3600,0.0,0.0,0.0,0.0,0.0,0.0,0.0,0.0,0.0
2024-02-07T07:00,3600,0.0,0.00163789065,0.0,0.0,0.0,0.00163789065,14.85063748,1.63789065,5.80921165
2024-02-07T08:00,3600,0.0,0.05119970884,0.0,0.0,0.0,0.05119970884,74.1691822,51.19970884,29.04605824
2024-02-07T09:00,3600,0.0,0.13568801576,0.0,0.0,0.0,0.13568801576,175.41395794,135.68801576,68.83739967
2024-02-07T10:00,3600,0.0,0.18781121453,0.0,0.0,0.0,0.18781121453,237.95299551,187.81121453,93.47866922
2024-02-07T11:00,3600,0.0,0.2466666911,0.0,0.0,0.0,0.2466666911,308.64171632,246.6666911,121.44683212
2024-02-07T12:00,3600,0.0,0.18447099523,0.0,0.0,0.0,0.18447099523,233.94350006,184.47099523,91.87988696
2024-02-07T13:00,3600,0.0,0.19909216339,0.0,0.0,0.0,0.19909216339,251.49611636,199.09216339,98.75659802
2024-02-07T14:00,3600,0.0,0.14862030919,0.0,0.0,0.0,0.14862030919,190.92494295,148.62030919,74.87500974
2024-02-07T15:00,3600,0.0,0.08236465692,0.0,0.0,0.0,0.08236465692,111.49679909,82.36465692,43.63874413
2024-02-07T16:00,3600,0.0,0.07200764442,0.0,0.0,0.0,0.07200764442,99.08939115,72.00764442,38.72807766
2024-02-07T17:00,3600,0.0,0.02417769823,0.0,0.0,0.0,0.02417769823,41.8209642,24.17769823,16.31787178
2024-02-07T18:00,3600,0.0,0.0,0.0,0.0,0.0,0.0,0.0,0.0,0.0
2024-02-07T19:00,3600,0.0,0.0,0.0,0.0,0.0,0.0,0.0,0.0,0.0
2024-02-07T20:00,3600,0.0,0.0,0.0,0.0,0.0,0.0,0.0,0.0,0.0
2024-02-07T21:00,3600,0.0,0.0,0.0,0.0,0.0,0.0,0.0,0.0,0.0
2024-02-07T22:00,3600,0.0,0.0,0.0,0.0,0.0,0.0,0.0,0.0,0.0
2024-02-07T23:00,3600,0.0,0.0,0.0,0.0,0.0,0.0,0.0,0.0,0.0
2024-02-08T00:00,3600,0.0,0.0,0.0,0.0,0.0,0.0,0.0,0.0,0.0
2024-02-08T01:00,3600,0.0,0.0,0.0,0.0,0.0,0.0,0.0,0.0,0.0
2024-02-08T02:00,3600,0.0,0.0,0.0,0.0,0.0,0.0,0.0,0.0,0.0
2024-02-08T03:00,3600,0.0,0.0,0.0,0.0,0.0,0.0,0.0,0.0,0.0
2024-02-08T04:00,3600,0.0,0.0,0.0,0.0,0.0,0.0,0.0,0.0,0.0
2024-02-08T05:00,3600,0.0,0.0,0.0,0.0,0.0,0.0,0.0,0.0,0.0
2024-02-08T06:00,3600,0.0,0.0,0.0,0.0,0.0,0.0,0.0,0.0,0.0
2024-02-08T07:00,3600,0.0,0.00174131561,0.0,0.0,0.0,0.00174131561,14.97436673,1.74131561,5.80921165
2024-02-08T08:00,3600,0.0,0.09964650242999999,0.0,0.0,0.0,0.09964650242999999,132.20520212,99.64650243,51.48910853
2024-02-08T09:00,3600,0.0,0.07442870465,0.0,0.0,0.0,0.07442870465,101.98954208,74.42870465,39.6962796
2024-02-08T10:00,3600,0.0,0.23963945939,0.0,0.0,0.0,0.23963945939,300.19759055,239.63945939,117.6736619
2024-02-08T11:00,3600,0.0,0.22975457748,0.0,0.0,0.0,0.22975457748,288.32147925,229.75457748,113.01670158
2024-02-08T12:00,3600,0.0,0.13266741815,0.0,0.0,0.0,0.13266741815,171.79158528,132.66741815,67.09745488
2024-02-08T13:00,3600,0.0,0.15892932439,0.0,0.0,0.0,0.15892932439,203.29220774,158.92932439,79.39255919
2024-02-08T14:00,3600,0.0,0.09982638377,0.0,0.0,0.0,0.09982638377,132.4207839,99.82638377,51.64027761
2024-02-08T15:00,3600,0.0,0.08605879891,0.0,0.0,0.0,0.08605879891,115.92284609,86.05879891,45.1861728
2024-02-08T16:00,3600,0.0,0.05571049998,0.0,0.0,0.0,0.05571049998,79.57063571,55.71049998,30.98246212
2024-02-08T17:00,3600,0.0,0.00588320759,0.0,0.0,0.0,0.00588320759,19.929583,5.88320759,7.74561553
2024-02-08T18:00,3600,0.0,0.0,0.0,0.0,0.0,0.0,0.0,0.0,0.0
2024-02-08T19:00,3600,0.0,0.0,0.0,0.0,0.0,0.0,0.0,0.0,0.0
2024-02-08T20:00,3600,0.0,0.0,0.0,0.0,0.0,0.0,0.0,0.0,0.0
2024-02-08T21:00,3600,0.0,0.0,0.0,0.0,0.0,0.0,0.0,0.0,0.0
2024-02-08T22:00,3600,0.0,0.0,0.0,0.0,0.0,0.0,0.0,0.0,0.0
2024-02-08T23:00,3600,0.0,0.0,0.0,0.0,0.0,0.0,0.0,0.0,0.0
2024-02-09T00:00,3600,0.0,0.0,0.0,0.0,0.0,0.0,0.0,0.0,0.0
2024-02-09T01:00,3600,0.0,0.0,0.0,0.0,0.0,0.0,0.0,0.0,0.0
2024-02-09T02:00,3600,0.0,0.0,0.0,0.0,0.0,0.0,0.0,0.0,0.0
2024-02-09T03:00,3600,0.0,0.0,0.0,0.0,0.0,0.0,0.0,0.0,0.0
2024-02-09T04:00,3600,0.0,0.0,0.0,0.0,0.0,0.0,0.0,0.0,0.0
2024-02-09T05:00,3600,0.0,0.0,0.0,0.0,0.0,0.0,0.0,0.0,0.0
2024-02-09T06:00,3600,0.0,0.0,0.0,0.0,0.0,0.0,0.0,0.0,0.0
2024-02-09T07:00,3600,0.0,0.024912201069999997,0.0,0.0,0.0,0.024912201069999997,42.70003088,24.91220107,16.62338683
2024-02-09T08:00,3600,0.0,0.15468931122999996,0.0,0.0,0.0,0.15468931122999996,198.20537001,154.68931123,77.55649019
2024-02-09T09:00,3600,0.0,0.36840585879999993,0.0,0.0,0.0,0.36840585879999993,455.10095213,368.4058588,179.51268283
2024-02-09T10:00,3600,0.0,1.0515002194599998,0.0,0.0,0.0,1.0515002194599998,1283.09532178,1051.50021946,523.01080862
2024-02-09T11:00,3600,0.0,1.44956941917,0.0,0.0,0.0,1.44956941917,1770.56275745,1449.56941917,735.92868602
2024-02-09T12:00,3600,0.0,1.59546366962,0.0,0.0,0.0,1.59546366962,1950.15780299,1595.46366962,817.71777997
2024-02-09T13:00,3600,0.0,1.40382756869,0.0,0.0,0.0,1.40382756869,1714.35885989,1403.82756869,718.5775854
2024-02-09T14:00,3600,0.0,0.1277326339,0.0,0.0,0.0,0.1277326339,165.87410628,127.7326339,65.83773201
2024-02-09T15:00,3600,0.0,0.07102570282000001,0.0,0.0,0.0,0.07102570282000001,97.913175,71.02570282,38.72807766
2024-02-09T16:00,3600,0.0,0.03639217084,0.0,0.0,0.0,0.03639217084,56.4410064,36.39217084,22.26864465
2024-02-09T17:00,3600,0.0,0.07432417943,0.0,0.0,0.0,0.07432417943,101.86433027,74.32417943,40.25583708
2024-02-09T18:00,3600,0.0,0.0,0.0,0.0,0.0,0.0,4.94009846,0.0,1.93640388
2024-02-09T19:00,3600,0.0,0.0,0.0,0.0,0.0,0.0,0.0,0.0,0.0
2024-02-09T20:00,3600,0.0,0.0,0.0,0.0,0.0,0.0,0.0,0.0,0.0
2024-02-09T21:00,3600,0.0,0.0,0.0,0.0,0.0,0.0,0.0,0.0,0.0
2024-02-09T22:00,3600,0.0,0.0,0.0,0.0,0.0,0.0,0.0,0.0,0.0
2024-02-09T23:00,3600,0.0,0.0,0.0,0.0,0.0,0.0,0.0,0.0,0.0
2024-02-10T00:00,3600,0.0,0.0,0.0,0.0,0.0,0.0,0.0,0.0,0.0
2024-02-10T01:00,3600,0.0,0.0,0.0,0.0,0.0,0.0,0.0,0.0,0.0
2024-02-10T02:00,3600,0.0,0.0,0.0,0.0,0.0,0.0,0.0,0.0,0.0
2024-02-10T03:00,3600,0.0,0.0,0.0,0.0,0.0,0.0,0.0,0.0,0.0
2024-02-10T04:00,3600,0.0,0.0,0.0,0.0,0.0,0.0,0.0,0.0,0.0
2024-02-10T05:00,3600,0.0,0.0,0.0,0.0,0.0,0.0,0.0,0.0,0.0
2024-02-10T06:00,3600,0.0,0.0,0.0,0.0,0.0,0.0,0.0,0.0,0.0
2024-02-10T07:00,3600,0.0,0.058296903520000005,0.0,0.0,0.0,0.058296903520000005,82.66792953,58.29690352,32.44586508
2024-02-10T08:00,3600,0.0,0.50390771532,0.0,0.0,0.0,0.50390771532,618.50610544,503.90771532,247.06593648
2024-02-10T09:00,3600,0.0,0.95562779124,0.0,0.0,0.0,0.95562779124,1166.24356717,955.62779124,474.91701399
2024-02-10T10:00,3600,0.0,1.36550147169,0.0,0.0,0.0,1.36550147169,1667.30492789,1365.50147169,702.28835838
2024-02-10T11:00,3600,0.0,1.65101751362,0.0,0.0,0.0,1.65101751362,2018.67779992,1651.01751362,862.83209631
2024-02-10T12:00,3600,0.0,1.76032671408,0.0,0.0,0.0,1.76032671408,2199.24270383,1760.32671408,950.66106101
2024-02-10T13:00,3600,0.0,1.7385443995899998,0.0,0.0,0.0,1.7385443995899998,2126.78352449,1738.54439959,932.1592996
2024-02-10T14:00,3600,0.0,1.55408212414,0.0,0.0,0.0,1.55408212414,1899.16584181,1554.08212414,824.5857549
2024-02-10T15:00,3600,0.0,1.23846840613,0.0,0.0,0.0,1.23846840613,1511.5904738,1238.46840613,645.39962983
2024-02-10T16:00,3600,0.0,0.8055106719299999,0.0,0.0,0.0,0.8055106719299999,983.70195045,805.51067193,412.29577075
2024-02-10T17:00,3600,0.0,0.31826419524,0.0,0.0,0.0,0.31826419524,394.73775369,318.26419524,161.78338553
2024-02-10T18:00,3600,0.0,0.0,0.0,0.0,0.0,0.0,7.31555202,0.0,2.90460582
2024-02-10T19:00,3600,0.0,0.0,0.0,0.0,0.0,0.0,0.0,0.0,0.0
2024-02-10T20:00,3600,0.0,0.0,0.0,0.0,0.0,0.0,0.0,0.0,0.0
2024-02-10T21:00,3600,0.0,0.0,0.0,0.0,0.0,0.0,0.0,0.0,0.0
2024-02-10T22:00,3600,0.0,0.0,0.0,0.0,0.0,0.0,0.0,0.0,0.0
2024-02-10T23:00,3600,0.0,0.0,0.0,0.0,0.0,0.0,0.0,0.0,0.0
2024-02-11T00:00,3600,0.0,0.0,0.0,0.0,0.0,0.0,0.0,0.0,0.0
2024-02-11T01:00,3600,0.0,0.0,0.0,0.0,0.0,0.0,0.0,0.0,0.0
2024-02-11T02:00,3600,0.0,0.0,0.0,0.0,0.0,0.0,0.0,0.0,0.0
2024-02-11T03:00,3600,0.0,0.0,0.0,0.0,0.0,0.0,0.0,0.0,0.0
2024-02-11T04:00,3600,0.0,0.0,0.0,0.0,0.0,0.0,0.0,0.0,0.0
2024-02-11T05:00,3600,0.0,0.0,0.0,0.0,0.0,0.0,0.0,0.0,0.0
2024-02-11T06:00,3600,0.0,0.0,0.0,0.0,0.0,0.0,0.0,0.0,0.0
2024-02-11T07:00,3600,0.0,0.15213100935,0.0,0.0,0.0,0.15213100935,195.13631015,152.13100935,76.14417057
2024-02-11T08:00,3600,0.0,0.6867002292300001,0.0,0.0,0.0,0.6867002292300001,839.5942515,686.70022923,335.46398772
2024-02-11T09:00,3600,0.0,1.1757410930299999,0.0,0.0,0.0,1.1757410930299999,1434.8401764,1175.74109303,592.77865908
2024-02-11T10:00,3600,0.0,1.5198441883600002,0.0,0.0,0.0,1.5198441883600002,1857.00738755,1519.84418836,802.49322719
2024-02-11T11:00,3600,0.0,1.75337895529,0.0,0.0,0.0,1.75337895529,2145.12417244,1753.37895529,940.69496722
2024-02-11T12:00,3600,0.0,1.76032671408,0.0,0.0,0.0,1.76032671408,2259.74273861,1760.32671408,999.20869079
2024-02-11T13:00,3600,0.0,1.76032671408,0.0,0.0,0.0,1.76032671408,2168.20345194,1760.32671408,969.81584617
2024-02-11T14:00,3600,0.0,1.5771329002699999,0.0,0.0,0.0,1.5771329002699999,1927.56486718,1577.13290027,853.80984679
2024-02-11T15:00,3600,0.0,1.2586917247500002,0.0,0.0,0.0,1.2586917247500002,1536.35443267,1258.69172475,669.22309642
2024-02-11T16:00,3600,0.0,0.82196507371,0.0,0.0,0.0,0.82196507371,1003.68521549,821.96507371,428.21562901
2024-02-11T17:00,3600,0.0,0.33097024725,0.0,0.0,0.0,0.33097024725,410.02868108,330.97024725,170.68801659
2024-02-11T18:00,3600,0.0,0.0,0.0,0.0,0.0,0.0,9.4114518,0.0,3.75871549
2024-02-11T19:00,3600,0.0,0.0,0.0,0.0,0.0,0.0,0.0,0.0,0.0
2024-02-11T20:00,3600,0.0,0.0,0.0,0.0,0.0,0.0,0.0,0.0,0.0
2024-02-11T21:00,3600,0.0,0.0,0.0,0.0,0.0,0.0,0.0,0.0,0.0
2024-02-11T22:00,3600,0.0,0.0,0.0,0.0,0.0,0.0,0.0,0.0,0.0
2024-02-11T23:00,3600,0.0,0.0,0.0,0.0,0.0,0.0,0.0,0.0,0.0
2024-02-12T00:00,3600,0.0,0.0,0.0,0.0,0.0,0.0,0.0,0.0,0.0
2024-02-12T01:00,3600,0.0,0.0,0.0,0.0,0.0,0.0,0.0,0.0,0.0
2024-02-12T02:00,3600,0.0,0.0,0.0,0.0,0.0,0.0,0.0,0.0,0.0
2024-02-12T03:00,3600,0.0,0.0,0.0,0.0,0.0,0.0,0.0,0.0,0.0
2024-02-12T04:00,3600,0.0,0.0,0.0,0.0,0.0,0.0,0.0,0.0,0.0
2024-02-12T05:00,3600,0.0,0.0,0.0,0.0,0.0,0.0,0.0,0.0,0.0
2024-02-12T06:00,3600,0.0,0.0,0.0,0.0,0.0,0.0,0.0,0.0,0.0
2024-02-12T07:00,3600,0.0,0.14553801159,0.0,0.0,0.0,0.14553801159,187.22770284,145.53801159,73.09550315
2024-02-12T08:00,3600,0.0,0.65919699585,0.0,0.0,0.0,0.65919699585,806.28073295,659.19699585,323.51647217
2024-02-12T09:00,3600,0.0,1.12649984365,0.0,0.0,0.0,1.12649984365,1374.65514588,1126.49984365,573.58490439
2024-02-12T10:00,3600,0.0,1.4675656058300002,0.0,0.0,0.0,1.4675656058300002,1792.68860583,1467.56560583,780.2175415
2024-02-12T11:00,3600,0.0,1.70249947309,0.0,0.0,0.0,1.70249947309,2082.24160494,1702.49947309,922.18418288
2024-02-12T12:00,3600,0.0,1.76032671408,0.0,0.0,0.0,1.76032671408,2197.5586126,1760.32671408,979.22209969
2024-02-12T13:00,3600,0.0,1.7285661554599998,0.0,0.0,0.0,1.7285661554599998,2114.44994332,1728.56615546,952.54353089
2024-02-12T14:00,3600,0.0,1.5518212187700002,0.0,0.0,0.0,1.5518212187700002,1896.38104292,1551.82121877,842.65285797
2024-02-12T15:00,3600,0.0,1.2379575371799998,0.0,0.0,0.0,1.2379575371799998,1510.96502607,1237.95753718,657.98739534
2024-02-12T16:00,3600,0.0,0.81371705549,0.0,0.0,0.0,0.81371705549,993.66752762,813.71705549,423.04701541
2024-02-12T17:00,3600,0.0,0.32636313094,0.0,0.0,0.0,0.32636313094,404.48389403,326.36313094,168.15903604
2024-02-12T18:00,3600,0.0,0.0,0.0,0.0,0.0,0.0,9.31224581,0.0,3.74192747
2024-02-12T19:00,3600,0.0,0.0,0.0,0.0,0.0,0.0,0.0,0.0,0.0
2024-02-12T20:00,3600,0.0,0.0,0.0,0.0,0.0,0.0,0.0,0.0,0.0
2024-02-12T21:00,3600,0.0,0.0,0.0,0.0,0.0,0.0,0.0,0.0,0.0
2024-02-12T22:00,3600,0.0,0.0,0.0,0.0,0.0,0.0,0.0,0.0,0.0
2024-02-12T23:00,3600,0.0,0.0,0.0,0.0,0.0,0.0,0.0,0.0,0.0
2024-02-13T00:00,3600,0.0,0.0,0.0,0.0,0.0,0.0,0.0,0.0,0.0
2024-02-13T01:00,3600,0.0,0.0,0.0,0.0,0.0,0.0,0.0,0.0,0.0
2024-02-13T02:00,3600,0.0,0.0,0.0,0.0,0.0,0.0,0.0,0.0,0.0
2024-02-13T03:00,3600,0.0,0.0,0.0,0.0,0.0,0.0,0.0,0.0,0.0
2024-02-13T04:00,3600,0.0,0.0,0.0,0.0,0.0,0.0,0.0,0.0,0.0
2024-02-13T05:00,3600,0.0,0.0,0.0,0.0,0.0,0.0,0.0,0.0,0.0
2024-02-13T06:00,3600,0.0,0.0,0.0,0.0,0.0,0.0,0.0,0.0,0.0
2024-02-13T07:00,3600,0.0,0.12785321279999998,0.0,0.0,0.0,0.12785321279999998,166.01869043,127.8532128,65.60026272
2024-02-13T08:00,3600,0.0,0.5476730201000001,0.0,0.0,0.0,0.5476730201000001,671.37176476,547.6730201,271.282141
2024-02-13T09:00,3600,0.0,0.9992944121199999,0.0,0.0,0.0,0.9992944121199999,1219.43922584,999.29441212,508.41337027
2024-02-13T10:00,3600,0.0,1.35100366731,0.0,0.0,0.0,1.35100366731,1649.51463708,1351.00366731,715.52380363
2024-02-13T11:00,3600,0.0,1.60100640439,0.0,0.0,0.0,1.60100640439,1956.99088398,1601.00640439,862.58676286
2024-02-13T12:00,3600,0.0,1.63385461408,0.0,0.0,0.0,1.63385461408,1997.50122617,1633.85461408,883.47410252
2024-02-13T13:00,3600,0.0,1.1162481444099999,0.0,0.0,0.0,1.1162481444099999,1362.1321242,1116.24814441,589.17331141
2024-02-13T14:00,3600,0.0,1.0692453688799999,0.0,0.0,0.0,1.0692453688799999,1304.74687877,1069.24536888,561.26436876
2024-02-13T15:00,3600,0.0,0.67222829142,0.0,0.0,0.0,0.67222829142,822.06285931,672.22829142,347.27879814
2024-02-13T16:00,3600,0.0,0.59576709507,0.0,0.0,0.0,0.59576709507,729.51603826,595.76709507,307.51170593
2024-02-13T17:00,3600,0.0,0.19790136205999997,0.0,0.0,0.0,0.19790136205999997,250.06639065,197.90136206,103.56796225
2024-02-13T18:00,3600,0.0,0.0,0.0,0.0,0.0,0.0,7.16223954,0.0,2.90460582
2024-02-13T19:00,3600,0.0,0.0,0.0,0.0,0.0,0.0,0.0,0.0,0.0
2024-02-13T20:00,3600,0.0,0.0,0.0,0.0,0.0,0.0,0.0,0.0,0.0
2024-02-13T21:00,3600,0.0,0.0,0.0,0.0,0.0,0.0,0.0,0.0,0.0
2024-02-13T22:00,3600,0.0,0.0,0.0,0.0,0.0,0.0,0.0,0.0,0.0
2024-02-13T23:00,3600,0.0,0.0,0.0,0.0,0.0,0.0,0.0,0.0,0.0
2024-02-14T00:00,3600,0.0,0.0,0.0,0.0,0.0,0.0,0.0,0.0,0.0
2024-02-14T01:00,3600,0.0,0.0,0.0,0.0,0.0,0.0,0.0,0.0,0.0
2024-02-14T02:00,3600,0.0,0.0,0.0,0.0,0.0,0.0,0.0,0.0,0.0
2024-02-14T03:00,3600,0.0,0.0,0.0,0.0,0.0,0.0,0.0,0.0,0.0
2024-02-14T04:00,3600,0.0,0.0,0.0,0.0,0.0,0.0,0.0,0.0,0.0
2024-02-14T05:00,3600,0.0,0.0,0.0,0.0,0.0,0.0,0.0,0.0,0.0
2024-02-14T06:00,3600,0.0,0.0,0.0,0.0,0.0,0.0,0.0,0.0,0.0
2024-02-14T07:00,3600,0.0,0.10028620454,0.0,0.0,0.0,0.10028620454,132.97186701,100.28620454,52.87724714
2024-02-14T08:00,3600,0.0,0.49164736186,0.0,0.0,0.0,0.49164736186,603.70410947,491.64736186,244.99282466
2024-02-14T09:00,3600,0.0,0.91776851264,0.0,0.0,0.0,0.91776851264,1120.15810213,917.76851264,467.23908555
2024-02-14T10:00,3600,0.0,1.27219966263,0.0,0.0,0.0,1.27219966263,1552.90057967,1272.19966263,677.66838464
2024-02-14T11:00,3600,0.0,1.4326481957900001,0.0,0.0,0.0,1.4326481957900001,1749.7655505,1432.64819579,771.70836127
2024-02-14T12:00,3600,0.0,0.9914297667799999,0.0,0.0,0.0,0.9914297667799999,1209.85508978,991.42976678,518.29553975
2024-02-14T13:00,3600,0.0,0.89035885705,0.0,0.0,0.0,0.89035885705,1086.81335608,890.35885705,467.34792371
2024-02-14T14:00,3600,0.0,0.61709394416,0.0,0.0,0.0,0.61709394416,755.31625399,617.09394416,320.80035689
2024-02-14T15:00,3600,0.0,0.47420544135,0.0,0.0,0.0,0.47420544135,582.65219096,474.20544135,246.14263843
2024-02-14T16:00,3600,0.0,0.27402210478,0.0,0.0,0.0,0.27402210478,341.52319281,274.02210478,142.67259783
2024-02-14T17:00,3600,0.0,0.16789529175,0.0,0.0,0.0,0.16789529175,214.05018203,167.89529175,89.09499422
2024-02-14T18:00,3600,0.0,0.0,0.0,0.0,0.0,0.0,7.11770324,0.0,2.90460582
2024-02-14T19:00,3600,0.0,0.0,0.0,0.0,0.0,0.0,0.0,0.0,0.0
2024-02-14T20:00,3600,0.0,0.0,0.0,0.0,0.0,0.0,0.0,0.0,0.0
2024-02-14T21:00,3600,0.0,0.0,0.0,0.0,0.0,0.0,0.0,0.0,0.0
2024-02-14T22:00,3600,0.0,0.0,0.0,0.0,0.0,0.0,0.0,0.0,0.0
2024-02-14T23:00,3600,0.0,0.0,0.0,0.0,0.0,0.0,0.0,0.0,0.0
2024-02-15T00:00,3600,0.0,0.0,0.0,0.0,0.0,0.0,0.0,0.0,0.0
2024-02-15T01:00,3600,0.0,0.0,0.0,0.0,0.0,0.0,0.0,0.0,0.0
2024-02-15T02:00,3600,0.0,0.0,0.0,0.0,0.0,0.0,0.0,0.0,0.0
2024-02-15T03:00,3600,0.0,0.0,0.0,0.0,0.0,0.0,0.0,0.0,0.0
2024-02-15T04:00,3600,0.0,0.0,0.0,0.0,0.0,0.0,0.0,0.0,0.0
2024-02-15T05:00,3600,0.0,0.0,0.0,0.0,0.0,0.0,0.0,0.0,0.0
2024-02-15T06:00,3600,0.0,0.0,0.0,0.0,0.0,0.0,0.0,0.0,0.0
2024-02-15T07:00,3600,0.0,0.09830466196,0.0,0.0,0.0,0.09830466196,130.59707345,98.30466196,52.29263883
2024-02-15T08:00,3600,0.0,0.4265303582,0.0,0.0,0.0,0.4265303582,525.144463,426.5303582,214.34654364
2024-02-15T09:00,3600,0.0,0.7829913483600001,0.0,0.0,0.0,0.7829913483600001,956.36308472,782.99134836,398.60073744
2024-02-15T10:00,3600,0.0,1.11980129227,0.0,0.0,0.0,1.11980129227,1366.47221547,1119.80129227,591.92656399
2024-02-15T11:00,3600,0.0,1.20933986906,0.0,0.0,0.0,1.20933986906,1475.93867877,1209.33986906,644.479439
2024-02-15T12:00,3600,0.0,1.29282217784,0.0,0.0,0.0,1.29282217784,1578.16977377,1292.82217784,692.72491426
2024-02-15T13:00,3600,0.0,1.41062743082,0.0,0.0,0.0,1.41062743082,1722.7108494,1410.62743082,769.89763475
2024-02-15T14:00,3600,0.0,1.0893600217300001,0.0,0.0,0.0,1.0893600217300001,1329.29839014,1089.36002173,583.03530335
2024-02-15T15:00,3600,0.0,0.66516513161,0.0,0.0,0.0,0.66516513161,813.50822979,665.16513161,348.87274747
2024-02-15T16:00,3600,0.0,0.39571646815000006,0.0,0.0,0.0,0.39571646815000006,488.00248118,395.71646815,205.7275711
2024-02-15T17:00,3600,0.0,0.1521456676,0.0,0.0,0.0,0.1521456676,195.15389448,152.1456676,81.24367988
2024-02-15T18:00,3600,0.0,0.0,0.0,0.0,0.0,0.0,7.10523836,0.0,2.90460582
2024-02-15T19:00,3600,0.0,0.0,0.0,0.0,0.0,0.0,0.0,0.0,0.0
2024-02-15T20:00,3600,0.0,0.0,0.0,0.0,0.0,0.0,0.0,0.0,0.0
2024-02-15T21:00,3600,0.0,0.0,0.0,0.0,0.0,0.0,0.0,0.0,0.0
2024-02-15T22:00,3600,0.0,0.0,0.0,0.0,0.0,0.0,0.0,0.0,0.0
2024-02-15T23:00,3600,0.0,0.0,0.0,0.0,0.0,0.0,0.0,0.0,0.0
2024-02-16T00:00,3600,0.0,0.0,0.0,0.0,0.0,0.0,0.0,0.0,0.0
2024-02-16T01:00,3600,0.0,0.0,0.0,0.0,0.0,0.0,0.0,0.0,0.0
2024-02-16T02:00,3600,0.0,0.0,0.0,0.0,0.0,0.0,0.0,0.0,0.0
2024-02-16T03:00,3600,0.0,0.0,0.0,0.0,0.0,0.0,0.0,0.0,0.0
2024-02-16T04:00,3600,0.0,0.0,0.0,0.0,0.0,0.0,0.0,0.0,0.0
2024-02-16T05:00,3600,0.0,0.0,0.0,0.0,0.0,0.0,0.0,0.0,0.0
2024-02-16T06:00,3600,0.0,0.0,0.0,0.0,0.0,0.0,0.0,0.0,0.0
2024-02-16T07:00,3600,0.0,0.09480678717,0.0,0.0,0.0,0.09480678717,126.40523142,94.80678717,50.73101405
2024-02-16T08:00,3600,0.0,0.31400290988,0.0,0.0,0.0,0.31400290988,389.61037091,314.00290988,157.63956255
2024-02-16T09:00,3600,0.0,0.59567940592,0.0,0.0,0.0,0.59567940592,729.40997726,595.67940592,298.72139893
2024-02-16T10:00,3600,0.0,0.9698003308200001,0.0,0.0,0.0,0.9698003308200001,1183.50405286,969.80033082,498.92764869
2024-02-16T11:00,3600,0.0,1.4655008722899998,0.0,0.0,0.0,1.4655008722899998,1790.14967903,1465.50087229,776.77970643
2024-02-16T12:00,3600,0.0,1.6365829094,0.0,0.0,0.0,1.6365829094,2000.86708217,1636.5829094,882.28531643
2024-02-16T13:00,3600,0.0,1.5483219546099998,0.0,0.0,0.0,1.5483219546099998,1892.07117492,1548.32195461,840.74657615
2024-02-16T14:00,3600,0.0,1.35376166806,0.0,0.0,0.0,1.35376166806,1652.89860483,1353.76166806,728.27435536
2024-02-16T15:00,3600,0.0,1.01327997547,0.0,0.0,0.0,1.01327997547,1236.48605928,1013.27997547,535.4367635
2024-02-16T16:00,3600,0.0,0.64998477094,0.0,0.0,0.0,0.64998477094,795.12618234,649.98477094,336.86132916
2024-02-16T17:00,3600,0.0,0.22328378722,0.0,0.0,0.0,0.22328378722,280.54837137,223.28378722,116.18851572
2024-02-16T18:00,3600,0.0,0.0,0.0,0.0,0.0,0.0,9.52871253,0.0,3.87280777
2024-02-16T19:00,3600,0.0,0.0,0.0,0.0,0.0,0.0,0.0,0.0,0.0
2024-02-16T20:00,3600,0.0,0.0,0.0,0.0,0.0,0.0,0.0,0.0,0.0
2024-02-16T21:00,3600,0.0,0.0,0.0,0.0,0.0,0.0,0.0,0.0,0.0
2024-02-16T22:00,3600,0.0,0.0,0.0,0.0,0.0,0.0,0.0,0.0,0.0
2024-02-16T23:00,3600,0.0,0.0,0.0,0.0,0.0,0.0,0.0,0.0,0.0
2024-02-17T00:00,3600,0.0,0.0,0.0,0.0,0.0,0.0,0.0,0.0,0.0
2024-02-17T01:00,3600,0.0,0.0,0.0,0.0,0.0,0.0,0.0,0.0,0.0
2024-02-17T02:00,3600,0.0,0.0,0.0,0.0,0.0,0.0,0.0,0.0,0.0
2024-02-17T03:00,3600,0.0,0.0,0.0,0.0,0.0,0.0,0.0,0.0,0.0
2024-02-17T04:00,3600,0.0,0.0,0.0,0.0,0.0,0.0,0.0,0.0,0.0
2024-02-17T05:00,3600,0.0,0.0,0.0,0.0,0.0,0.0,0.0,0.0,0.0
2024-02-17T06:00,3600,0.0,0.0,0.0,0.0,0.0,0.0,0.0,0.0,0.0
2024-02-17T07:00,3600,0.0,0.03618797501,0.0,0.0,0.0,0.03618797501,56.19656854,36.18797501,22.63696387
2024-02-17T08:00,3600,0.0,0.18163002276,0.0,0.0,0.0,0.18163002276,230.53347874,181.63002276,93.40816146
2024-02-17T09:00,3600,0.0,0.34767519807999997,0.0,0.0,0.0,0.34767519807999997,430.13749457,347.67519808,175.40264707
2024-02-17T10:00,3600,0.0,0.7531660322799999,0.0,0.0,0.0,0.7531660322799999,920.17241891,753.16603228,385.21061678
2024-02-17T11:00,3600,0.0,0.95554414307,0.0,0.0,0.0,0.95554414307,1166.14170728,955.54414307,494.56348496
2024-02-17T12:00,3600,0.0,0.69247915754,0.0,0.0,0.0,0.69247915754,846.59620743,692.47915754,354.09793947
2024-02-17T13:00,3600,0.0,0.51566044839,0.0,0.0,0.0,0.51566044839,632.69841774,515.66044839,264.14392805
2024-02-17T14:00,3600,0.0,0.50721627825,0.0,0.0,0.0,0.50721627825,622.50113108,507.21627825,259.79448354
2024-02-17T15:00,3600,0.0,0.47050327155,0.0,0.0,0.0,0.47050327155,578.18465164,470.50327155,240.95499202
2024-02-17T16:00,3600,0.0,0.28684868164,0.0,0.0,0.0,0.28684868164,356.9465775,286.84868164,147.51217985
2024-02-17T17:00,3600,0.0,0.13511637524,0.0,0.0,0.0,0.13511637524,174.7284176,135.11637524,71.8252555
2024-02-17T18:00,3600,0.0,0.0,0.0,0.0,0.0,0.0,4.75718061,0.0,1.93640388
2024-02-17T19:00,3600,0.0,0.0,0.0,0.0,0.0,0.0,0.0,0.0,0.0
2024-02-17T20:00,3600,0.0,0.0,0.0,0.0,0.0,0.0,0.0,0.0,0.0
2024-02-17T21:00,3600,0.0,0.0,0.0,0.0,0.0,0.0,0.0,0.0,0.0
2024-02-17T22:00,3600,0.0,0.0,0.0,0.0,0.0,0.0,0.0,0.0,0.0
2024-02-17T23:00,3600,0.0,0.0,0.0,0.0,0.0,0.0,0.0,0.0,0.0
2024-02-18T00:00,3600,0.0,0.0,0.0,0.0,0.0,0.0,0.0,0.0,0.0
2024-02-18T01:00,3600,0.0,0.0,0.0,0.0,0.0,0.0,0.0,0.0,0.0
2024-02-18T02:00,3600,0.0,0.0,0.0,0.0,0.0,0.0,0.0,0.0,0.0
2024-02-18T03:00,3600,0.0,0.0,0.0,0.0,0.0,0.0,0.0,0.0,0.0
2024-02-18T04:00,3600,0.0,0.0,0.0,0.0,0.0,0.0,0.0,0.0,0.0
2024-02-18T05:00,3600,0.0,0.0,0.0,0.0,0.0,0.0,0.0,0.0,0.0
2024-02-18T06:00,3600,0.0,0.0,0.0,0.0,0.0,0.0,0.0,0.0,0.0
2024-02-18T07:00,3600,0.0,0.03859950151,0.0,0.0,0.0,0.03859950151,59.08340636,38.59950151,23.95850768
2024-02-18T08:00,3600,0.0,0.13738766082,0.0,0.0,0.0,0.13738766082,177.45230107,137.38766082,72.31040439
2024-02-18T09:00,3600,0.0,0.22891254124,0.0,0.0,0.0,0.22891254124,287.30992154,228.91254124,117.72927165
2024-02-18T10:00,3600,0.0,0.68881451239,0.0,0.0,0.0,0.68881451239,842.15590456,688.81451239,354.45066072
2024-02-18T11:00,3600,0.0,1.09979172843,0.0,0.0,0.0,1.09979172843,1342.03480433,1099.79172843,577.02408735
2024-02-18T12:00,3600,0.0,1.02650351413,0.0,0.0,0.0,1.02650351413,1252.6082283,1026.50351413,537.66080408
2024-02-18T13:00,3600,0.0,0.99057893832,0.0,0.0,0.0,0.99057893832,1208.8183256,990.57893832,521.2948592
2024-02-18T14:00,3600,0.0,0.95633093747,0.0,0.0,0.0,0.95633093747,1167.09980741,956.33093747,503.10842675
2024-02-18T15:00,3600,0.0,0.7997779806800001,0.0,0.0,0.0,0.7997779806800001,976.7412611,799.77798068,418.29799119
2024-02-18T16:00,3600,0.0,0.5681634008600001,0.0,0.0,0.0,0.5681634008600001,696.13763609,568.16340086,294.2778756
2024-02-18T17:00,3600,0.0,0.27459309921999997,0.0,0.0,0.0,0.27459309921999997,342.20971047,274.59309922,142.7309261
2024-02-18T18:00,3600,0.0,0.0,0.0,0.0,0.0,0.0,11.23316326,0.0,4.60378412
2024-02-18T19:00,3600,0.0,0.0,0.0,0.0,0.0,0.0,0.0,0.0,0.0
2024-02-18T20:00,3600,0.0,0.0,0.0,0.0,0.0,0.0,0.0,0.0,0.0
2024-02-18T21:00,3600,0.0,0.0,0.0,0.0,0.0,0.0,0.0,0.0,0.0
2024-02-18T22:00,3600,0.0,0.0,0.0,0.0,0.0,0.0,0.0,0.0,0.0
2024-02-18T23:00,3600,0.0,0.0,0.0,0.0,0.0,0.0,0.0,0.0,0.0
2024-02-19T00:00,3600,0.0,0.0,0.0,0.0,0.0,0.0,0.0,0.0,0.0
2024-02-19T01:00,3600,0.0,0.0,0.0,0.0,0.0,0.0,0.0,0.0,0.0
2024-02-19T02:00,3600,0.0,0.0,0.0,0.0,0.0,0.0,0.0,0.0,0.0
2024-02-19T03:00,3600,0.0,0.0,0.0,0.0,0.0,0.0,0.0,0.0,0.0
2024-02-19T04:00,3600,0.0,0.0,0.0,0.0,0.0,0.0,0.0,0.0,0.0
2024-02-19T05:00,3600,0.0,0.0,0.0,0.0,0.0,0.0,0.0,0.0,0.0
2024-02-19T06:00,3600,0.0,0.0,0.0,0.0,0.0,0.0,0.0,0.0,0.0
2024-02-19T07:00,3600,0.0,0.0522628319,0.0,0.0,0.0,0.0522628319,75.44218033,52.2628319,30.70830956
2024-02-19T08:00,3600,0.0,0.26976267037,0.0,0.0,0.0,0.26976267037,336.4022206,269.76267037,138.43729162
2024-02-19T09:00,3600,0.0,0.46170887612000006,0.0,0.0,0.0,0.46170887612000006,567.57337528,461.70887612,235.70076307
2024-02-19T10:00,3600,0.0,0.62874299739,0.0,0.0,0.0,0.62874299739,769.41306952,628.74299739,323.88980184
2024-02-19T11:00,3600,0.0,0.6869432546,0.0,0.0,0.0,0.6869432546,839.88869444,686.9432546,354.46415328
2024-02-19T12:00,3600,0.0,0.76435674736,0.0,0.0,0.0,0.76435674736,933.74909126,764.35674736,395.4959322
2024-02-19T13:00,3600,0.0,0.6112810749400001,0.0,0.0,0.0,0.6112810749400001,748.28310042,611.28107494,316.92581602
2024-02-19T14:00,3600,0.0,0.6773010368200001,0.0,0.0,0.0,0.6773010368200001,828.20747277,677.30103682,352.50977315
2024-02-19T15:00,3600,0.0,0.45178084244,0.0,0.0,0.0,0.45178084244,555.59633881,451.78084244,234.20588599
2024-02-19T16:00,3600,0.0,0.32219748949000004,0.0,0.0,0.0,0.32219748949000004,399.4708401,322.19748949,167.15944354
2024-02-19T17:00,3600,0.0,0.14766183672,0.0,0.0,0.0,0.14766183672,189.7752253,147.66183672,78.7793003
2024-02-19T18:00,3600,0.0,0.0,0.0,0.0,0.0,0.0,11.16173999,0.0,4.58569208
2024-02-19T19:00,3600,0.0,0.0,0.0,0.0,0.0,0.0,0.0,0.0,0.0
2024-02-19T20:00,3600,0.0,0.0,0.0,0.0,0.0,0.0,0.0,0.0,0.0
2024-02-19T21:00,3600,0.0,0.0,0.0,0.0,0.0,0.0,0.0,0.0,0.0
2024-02-19T22:00,3600,0.0,0.0,0.0,0.0,0.0,0.0,0.0,0.0,0.0
2024-02-19T23:00,3600,0.0,0.0,0.0,0.0,0.0,0.0,0.0,0.0,0.0
2024-02-20T00:00,3600,0.0,0.0,0.0,0.0,0.0,0.0,0.0,0.0,0.0
2024-02-20T01:00,3600,0.0,0.0,0.0,0.0,0.0,0.0,0.0,0.0,0.0
2024-02-20T02:00,3600,0.0,0.0,0.0,0.0,0.0,0.0,0.0,0.0,0.0
2024-02-20T03:00,3600,0.0,0.0,0.0,0.0,0.0,0.0,0.0,0.0,0.0
2024-02-20T04:00,3600,0.0,0.0,0.0,0.0,0.0,0.0,0.0,0.0,0.0
2024-02-20T05:00,3600,0.0,0.0,0.0,0.0,0.0,0.0,0.0,0.0,0.0
2024-02-20T06:00,3600,0.0,0.0,0.0,0.0,0.0,0.0,0.0,0.0,0.0
2024-02-20T07:00,3600,0.0,0.02393552867,0.0,0.0,0.0,0.02393552867,41.53113376,23.93552867,16.9976096
2024-02-20T08:00,3600,0.0,0.17945909428999998,0.0,0.0,0.0,0.17945909428999998,227.92783175,179.45909429,93.83506306
2024-02-20T09:00,3600,0.0,0.71950238755,0.0,0.0,0.0,0.71950238755,879.34858253,719.50238755,371.14146956
2024-02-20T10:00,3600,0.0,1.02449435037,0.0,0.0,0.0,1.02449435037,1250.15839066,1024.49435037,538.97581655
2024-02-20T11:00,3600,0.0,1.09323981149,0.0,0.0,0.0,1.09323981149,1334.03505806,1093.23981149,577.43180583
2024-02-20T12:00,3600,0.0,0.86856225636,0.0,0.0,0.0,0.86856225636,1060.30938622,868.56225636,454.69300357
2024-02-20T13:00,3600,0.0,1.09060966615,0.0,0.0,0.0,1.09060966615,1330.82398894,1090.60966615,577.36871627
2024-02-20T14:00,3600,0.0,0.8595034151500001,0.0,0.0,0.0,0.8595034151500001,1049.29732959,859.50341515,450.46171507
2024-02-20T15:00,3600,0.0,0.7863007335700001,0.0,0.0,0.0,0.7863007335700001,960.38001261,786.30073357,410.67209942
2024-02-20T16:00,3600,0.0,0.47401504466,0.0,0.0,0.0,0.47401504466,582.42242503,474.01504466,245.92678096
2024-02-20T17:00,3600,0.0,0.20570685417,0.0,0.0,0.0,0.20570685417,259.43855998,205.70685417,108.35466627
2024-02-20T18:00,3600,0.0,0.0,0.0,0.0,0.0,0.0,11.06906179,0.0,4.57150686
2024-02-20T19:00,3600,0.0,0.0,0.0,0.0,0.0,0.0,0.0,0.0,0.0
2024-02-20T20:00,3600,0.0,0.0,0.0,0.0,0.0,0.0,0.0,0.0,0.0
2024-02-20T21:00,3600,0.0,0.0,0.0,0.0,0.0,0.0,0.0,0.0,0.0
2024-02-20T22:00,3600,0.0,0.0,0.0,0.0,0.0,0.0,0.0,0.0,0.0
2024-02-20T23:00,3600,0.0,0.0,0.0,0.0,0.0,0.0,0.0,0.0,0.0
2024-02-21T00:00,3600,0.0,0.0,0.0,0.0,0.0,0.0,0.0,0.0,0.0
2024-02-21T01:00,3600,0.0,0.0,0.0,0.0,0.0,0.0,0.0,0.0,0.0
2024-02-21T02:00,3600,0.0,0.0,0.0,0.0,0.0,0.0,0.0,0.0,0.0
2024-02-21T03:00,3600,0.0,0.0,0.0,0.0,0.0,0.0,0.0,0.0,0.0
2024-02-21T04:00,3600,0.0,0.0,0.0,0.0,0.0,0.0,0.0,0.0,0.0
2024-02-21T05:00,3600,0.0,0.0,0.0,0.0,0.0,0.0,0.0,0.0,0.0
2024-02-21T06:00,3600,0.0,0.0,0.0,0.0,0.0,0.0,0.0,0.0,0.0
2024-02-21T07:00,3600,0.0,0.05876819046,0.0,0.0,0.0,0.05876819046,83.23232519,58.76819046,34.23552509
2024-02-21T08:00,3600,0.0,0.2895590571,0.0,0.0,0.0,0.2895590571,360.20614987,289.5590571,149.61455513
2024-02-21T09:00,3600,0.0,0.78504032169,0.0,0.0,0.0,0.78504032169,958.85009668,785.04032169,406.55013224
2024-02-21T10:00,3600,0.0,1.01680579427,0.0,0.0,0.0,1.01680579427,1240.78435045,1016.80579427,535.83899648
2024-02-21T11:00,3600,0.0,1.16811388153,0.0,0.0,0.0,1.16811388153,1425.51413214,1168.11388153,620.80145939
2024-02-21T12:00,3600,0.6852861224017425,1.16508917952,0.6852861224017425,0.0,0.0,0.47980305711825755,1421.81610446,1165.08917952,619.05595572
2024-02-21T13:00,3600,0.6672374484014711,1.09561637946,0.6672374484014711,0.0,0.0,0.42837893105852887,1336.93667998,1095.61637946,584.77193703
2024-02-21T14:00,3600,0.6020134903695628,0.81927682018,0.6020134903695628,0.0,0.0,0.21726332981043728,1000.42000764,819.27682018,432.35355858
2024-02-21T15:00,3600,0.6480395524945566,1.01295157346,0.6480395524945566,0.0,0.0,0.3649120209654435,1236.08572223,1012.95157346,539.01306714
2024-02-21T16:00,3600,0.5002421913583285,0.64907361771,0.5002421913583285,0.0,0.0,0.14883142635167157,794.02302403,649.07361771,339.20090631
2024-02-21T17:00,3600,0.4206137098310966,0.27878693902,0.27878693902,0.14182677081109657,0.0,0.0,347.25226671,278.78693902,146.31621973
2024-02-21T18:00,3600,0.0,0.00236378951,0.0,0.0,0.0,0.00236378951,15.71904904,2.36378951,6.48862555
2024-02-21T19:00,3600,0.0,0.0,0.0,0.0,0.0,0.0,0.0,0.0,0.0
2024-02-21T20:00,3600,0.0,0.0,0.0,0.0,0.0,0.0,0.0,0.0,0.0
2024-02-21T21:00,3600,0.0,0.0,0.0,0.0,0.0,0.0,0.0,0.0,0.0
2024-02-21T22:00,3600,0.0,0.0,0.0,0.0,0.0,0.0,0.0,0.0,0.0
2024-02-21T23:00,3600,0.0,0.0,0.0,0.0,0.0,0.0,0.0,0.0,0.0
2024-02-22T00:00,3600,0.0,0.0,0.0,0.0,0.0,0.0,0.0,0.0,0.0
2024-02-22T01:00,3600,0.0,0.0,0.0,0.0,0.0,0.0,0.0,0.0,0.0
2024-02-22T02:00,3600,0.0,0.0,0.0,0.0,0.0,0.0,0.0,0.0,0.0
2024-02-22T03:00,3600,0.0,0.0,0.0,0.0,0.0,0.0,0.0,0.0,0.0
2024-02-22T04:00,3600,0.0,0.0,0.0,0.0,0.0,0.0,0.0,0.0,0.0
2024-02-22T05:00,3600,0.0,0.0,0.0,0.0,0.0,0.0,0.0,0.0,0.0
2024-02-22T06:00,3600,0.0,0.0,0.0,0.0,0.0,0.0,0.0,0.0,0.0
2024-02-22T07:00,3600,0.0,0.00904978733,0.0,0.0,0.0,0.00904978733,23.71822228,9.04978733,9.68201941
2024-02-22T08:00,3600,0.0,0.07427187539,0.0,0.0,0.0,0.07427187539,101.80167483,74.27187539,41.63268348
2024-02-22T09:00,3600,0.0,0.12404934851,0.0,0.0,0.0,0.12404934851,161.45769413,124.04934851,65.83773201
2024-02-22T10:00,3600,0.0,0.52799570294,0.0,0.0,0.0,0.52799570294,647.59750779,527.99570294,267.56309964
2024-02-22T11:00,3600,0.0,0.62874009657,0.0,0.0,0.0,0.62874009657,769.40955878,628.74009657,318.24540516
2024-02-22T12:00,3600,0.0,0.5803727574599999,0.0,0.0,0.0,0.5803727574599999,710.89907683,580.37275746,292.76764935
2024-02-22T13:00,3600,0.18997139577508704,0.59757758108,0.18997139577508704,0.0,0.0,0.407606185304913,731.70587978,597.57758108,301.25829071
2024-02-22T14:00,3600,0.09232698529411763,0.4982104246,0.09232698529411763,0.0,0.0,0.40588343930588233,611.62731348,498.2104246,250.49360358
2024-02-22T15:00,3600,0.0957461147058823,0.47567081835,0.0957461147058823,0.0,0.0,0.37992470364411773,584.42059813,475.67081835,239.53683661
2024-02-22T16:00,3600,0.0,0.49235264896,0.0,0.0,0.0,0.49235264896,604.5555152,492.35264896,247.0885518
2024-02-22T17:00,3600,0.0,0.15067053566,0.0,0.0,0.0,0.15067053566,193.38432153,150.67053566,77.98383645
2024-02-22T18:00,3600,0.0,0.0,0.0,0.0,0.0,0.0,12.17485011,0.0,4.84100971
2024-02-22T19:00,3600,0.0,0.0,0.0,0.0,0.0,0.0,0.0,0.0,0.0
2024-02-22T20:00,3600,0.0,0.0,0.0,0.0,0.0,0.0,0.0,0.0,0.0
2024-02-22T21:00,3600,0.0,0.0,0.0,0.0,0.0,0.0,0.0,0.0,0.0
2024-02-22T22:00,3600,0.0,0.0,0.0,0.0,0.0,0.0,0.0,0.0,0.0
2024-02-22T23:00,3600,0.0,0.0,0.0,0.0,0.0,0.0,0.0,0.0,0.0
2024-02-23T00:00,3600,0.0,0.0,0.0,0.0,0.0,0.0,0.0,0.0,0.0
2024-02-23T01:00,3600,0.0,0.0,0.0,0.0,0.0,0.0,0.0,0.0,0.0
2024-02-23T02:00,3600,0.0,0.0,0.0,0.0,0.0,0.0,0.0,0.0,0.0
2024-02-23T03:00,3600,0.0,0.0,0.0,0.0,0.0,0.0,0.0,0.0,0.0
2024-02-23T04:00,3600,0.0,0.0,0.0,0.0,0.0,0.0,0.0,0.0,0.0
2024-02-23T05:00,3600,0.0,0.0,0.0,0.0,0.0,0.0,0.0,0.0,0.0
2024-02-23T06:00,3600,0.0,0.0,0.0,0.0,0.0,0.0,0.0,0.0,0.0
2024-02-23T07:00,3600,0.0,0.009832453360000002,0.0,0.0,0.0,0.009832453360000002,24.6546731,9.83245336,9.68201941
2024-02-23T08:00,3600,0.0,0.08371950708,0.0,0.0,0.0,0.08371950708,113.12004531,83.71950708,44.5372893
2024-02-23T09:00,3600,0.0,0.28259431645,0.0,0.0,0.0,0.28259431645,351.83048922,282.59431645,139.57547381
2024-02-23T10:00,3600,0.0,0.42148822639999994,0.0,0.0,0.0,0.42148822639999994,519.06540218,421.4882264,207.5669999
2024-02-23T11:00,3600,0.0,0.5434434394300001,0.0,0.0,0.0,0.5434434394300001,666.26082387,543.44343943,267.72458063
2024-02-23T12:00,3600,0.0,0.68541030137,0.0,0.0,0.0,0.68541030137,838.03143228,685.41030137,339.04591769
2024-02-23T13:00,3600,0.0,0.5088161329600001,0.0,0.0,0.0,0.5088161329600001,624.43301285,508.81613296,251.3281612
2024-02-23T14:00,3600,0.0,0.47245578168999997,0.0,0.0,0.0,0.47245578168999997,580.54077643,472.45578169,233.0170563
2024-02-23T15:00,3600,0.0,0.35911968688,0.0,0.0,0.0,0.35911968688,443.91754103,359.11968688,177.35968055
2024-02-23T16:00,3600,0.0,0.22530729286,0.0,0.0,0.0,0.22530729286,282.97903022,225.30729286,112.36609763
2024-02-23T17:00,3600,0.0,0.11922420754,0.0,0.0,0.0,0.11922420754,155.67260117,119.22420754,61.54267527
2024-02-23T18:00,3600,0.0,0.0,0.0,0.0,0.0,0.0,9.06378205,0.0,3.54842137
2024-02-23T19:00,3600,0.0,0.0,0.0,0.0,0.0,0.0,0.0,0.0,0.0
2024-02-23T20:00,3600,0.0,0.0,0.0,0.0,0.0,0.0,0.0,0.0,0.0
2024-02-23T21:00,3600,0.0,0.0,0.0,0.0,0.0,0.0,0.0,0.0,0.0
2024-02-23T22:00,3600,0.0,0.0,0.0,0.0,0.0,0.0,0.0,0.0,0.0
2024-02-23T23:00,3600,0.0,0.0,0.0,0.0,0.0,0.0,0.0,0.0,0.0
2024-02-24T00:00,3600,0.0,0.0,0.0,0.0,0.0,0.0,0.0,0.0,0.0
2024-02-24T01:00,3600,0.0,0.0,0.0,0.0,0.0,0.0,0.0,0.0,0.0
2024-02-24T02:00,3600,0.0,0.0,0.0,0.0,0.0,0.0,0.0,0.0,0.0
2024-02-24T03:00,3600,0.0,0.0,0.0,0.0,0.0,0.0,0.0,0.0,0.0
2024-02-24T04:00,3600,0.0,0.0,0.0,0.0,0.0,0.0,0.0,0.0,0.0
2024-02-24T05:00,3600,0.0,0.0,0.0,0.0,0.0,0.0,0.0,0.0,0.0
2024-02-24T06:00,3600,0.0,0.0,0.0,0.0,0.0,0.0,0.0,0.0,0.0
2024-02-24T07:00,3600,0.0,0.03064916358,0.0,0.0,0.0,0.03064916358,49.56654055,30.64916358,19.39008637
2024-02-24T08:00,3600,0.0,0.09857531167,0.0,0.0,0.0,0.09857531167,130.9214304,98.57531167,51.36291006
2024-02-24T09:00,3600,0.0,0.18270883243,0.0,0.0,0.0,0.18270883243,231.8283538,182.70883243,91.2462667
2024-02-24T10:00,3600,0.0,0.31517640006000003,0.0,0.0,0.0,0.31517640006000003,391.02233027,315.17640006,155.31981252
2024-02-24T11:00,3600,0.0,0.32272845514,0.0,0.0,0.0,0.32272845514,400.10979813,322.72845514,159.07787576
2024-02-24T12:00,3600,0.0,0.25194240784,0.0,0.0,0.0,0.25194240784,314.98188938,251.94240784,124.89805044
2024-02-24T13:00,3600,0.0,0.31636674221,0.0,0.0,0.0,0.31636674221,392.45459741,316.36674221,156.17434211
2024-02-24T14:00,3600,0.0,0.21634751429,0.0,0.0,0.0,0.21634751429,272.21712552,216.34751429,107.91054779
2024-02-24T15:00,3600,0.0,0.24631581439000003,0.0,0.0,0.0,0.24631581439000003,308.22006674,246.31581439,122.26900473
2024-02-24T16:00,3600,0.0,0.11227960319000001,0.0,0.0,0.0,0.11227960319000001,147.34728042,112.27960319,58.09211648
2024-02-24T17:00,3600,0.0,0.03246906911,0.0,0.0,0.0,0.03246906911,51.74491665,32.46906911,20.33224077
2024-02-24T18:00,3600,0.0,0.0,0.0,0.0,0.0,0.0,2.47524095,0.0,0.96820194
2024-02-24T19:00,3600,0.0,0.0,0.0,0.0,0.0,0.0,0.0,0.0,0.0
2024-02-24T20:00,3600,0.0,0.0,0.0,0.0,0.0,0.0,0.0,0.0,0.0
2024-02-24T21:00,3600,0.0,0.0,0.0,0.0,0.0,0.0,0.0,0.0,0.0
2024-02-24T22:00,3600,0.0,0.0,0.0,0.0,0.0,0.0,0.0,0.0,0.0
2024-02-24T23:00,3600,0.0,0.0,0.0,0.0,0.0,0.0,0.0,0.0,0.0
2024-02-25T00:00,3600,0.0,0.0,0.0,0.0,0.0,0.0,0.0,0.0,0.0
2024-02-25T01:00,3600,0.0,0.0,0.0,0.0,0.0,0.0,0.0,0.0,0.0
2024-02-25T02:00,3600,0.0,0.0,0.0,0.0,0.0,0.0,0.0,0.0,0.0
2024-02-25T03:00,3600,0.0,0.0,0.0,0.0,0.0,0.0,0.0,0.0,0.0
2024-02-25T04:00,3600,0.0,0.0,0.0,0.0,0.0,0.0,0.0,0.0,0.0
2024-02-25T05:00,3600,0.0,0.0,0.0,0.0,0.0,0.0,0.0,0.0,0.0
2024-02-25T06:00,3600,0.0,0.0,0.0,0.0,0.0,0.0,0.0,0.0,0.0
2024-02-25T07:00,3600,0.0,0.00797045011,0.0,0.0,0.0,0.00797045011,22.42682978,7.97045011,8.71381747
2024-02-25T08:00,3600,0.0,0.05778541722,0.0,0.0,0.0,0.05778541722,82.0553981,57.78541722,31.95066407
2024-02-25T09:00,3600,0.0,0.25919525119000003,0.0,0.0,0.0,0.25919525119000003,323.69911082,259.19525119,126.92642881
2024-02-25T10:00,3600,0.0,0.25699497609000005,0.0,0.0,0.0,0.25699497609000005,321.05446823,256.99497609,126.55954364
2024-02-25T11:00,3600,0.0,0.31551389537,0.0,0.0,0.0,0.31551389537,391.42841488,315.51389537,154.63631968
2024-02-25T12:00,3600,0.0,0.32005189295,0.0,0.0,0.0,0.32005189295,396.88891745,320.05189295,156.8487145
2024-02-25T13:00,3600,0.0,0.29034995267999997,0.0,0.0,0.0,0.29034995267999997,361.15733346,290.34995268,143.29388732
2024-02-25T14:00,3600,0.0,0.25060944723,0.0,0.0,0.0,0.25060944723,313.37992544,250.60944723,124.1102613
2024-02-25T15:00,3600,0.0,0.17227753217,0.0,0.0,0.0,0.17227753217,219.30893533,172.27753217,86.64963355
2024-02-25T16:00,3600,0.0,0.13660061814,0.0,0.0,0.0,0.13660061814,176.50841195,136.60061814,69.71053978
2024-02-25T17:00,3600,0.0,0.0659578827,0.0,0.0,0.0,0.0659578827,91.84303621,65.9578827,36.17283406
2024-02-25T18:00,3600,0.0,0.0,0.0,0.0,0.0,0.0,4.94511788,0.0,1.93640388
2024-02-25T19:00,3600,0.0,0.0,0.0,0.0,0.0,0.0,0.0,0.0,0.0
2024-02-25T20:00,3600,0.0,0.0,0.0,0.0,0.0,0.0,0.0,0.0,0.0
2024-02-25T21:00,3600,0.0,0.0,0.0,0.0,0.0,0.0,0.0,0.0,0.0
2024-02-25T22:00,3600,0.0,0.0,0.0,0.0,0.0,0.0,0.0,0.0,0.0
2024-02-25T23:00,3600,0.0,0.0,0.0,0.0,0.0,0.0,0.0,0.0,0.0
2024-02-26T00:00,3600,0.0,0.0,0.0,0.0,0.0,0.0,0.0,0.0,0.0
2024-02-26T01:00,3600,0.0,0.0,0.0,0.0,0.0,0.0,0.0,0.0,0.0
2024-02-26T02:00,3600,0.0,0.0,0.0,0.0,0.0,0.0,0.0,0.0,0.0
2024-02-26T03:00,3600,0.0,0.0,0.0,0.0,0.0,0.0,0.0,0.0,0.0
2024-02-26T04:00,3600,0.0,0.0,0.0,0.0,0.0,0.0,0.0,0.0,0.0
2024-02-26T05:00,3600,0.0,0.0,0.0,0.0,0.0,0.0,0.0,0.0,0.0
2024-02-26T06:00,3600,0.0,0.0,0.0,0.0,0.0,0.0,0.0,0.0,0.0
2024-02-26T07:00,3600,0.0,0.028399400579999998,0.0,0.0,0.0,0.028399400579999998,46.87373723,28.39940058,18.36119572
2024-02-26T08:00,3600,0.0,0.13229048712,0.0,0.0,0.0,0.13229048712,171.33957469,132.29048712,67.40845883
2024-02-26T09:00,3600,0.0,0.28556217751999996,0.0,0.0,0.0,0.28556217751999996,355.39944918,285.56217752,140.73362961
2024-02-26T10:00,3600,0.0,0.39213066746,0.0,0.0,0.0,0.39213066746,483.68166047,392.13066746,193.39513877
2024-02-26T11:00,3600,0.0,0.52844417967,0.0,0.0,0.0,0.52844417967,648.13926316,528.44417967,260.80239089
2024-02-26T12:00,3600,0.0,0.57639579822,0.0,0.0,0.0,0.57639579822,706.09045693,576.39579822,285.16909001
2024-02-26T13:00,3600,0.0,0.77840540771,0.0,0.0,0.0,0.77840540771,950.79708836,778.40540771,389.04219922
2024-02-26T14:00,3600,0.0,0.69852531892,0.0,0.0,0.0,0.69852531892,853.92276396,698.52531892,348.62672931
2024-02-26T15:00,3600,0.0,0.44567159888999996,0.0,0.0,0.0,0.44567159888999996,548.22733277,445.67159889,221.48294734
2024-02-26T16:00,3600,0.0,0.35645951464000003,0.0,0.0,0.0,0.35645951464000003,440.7142284,356.45951464,176.78529287
2024-02-26T17:00,3600,0.0,0.18409422391,0.0,0.0,0.0,0.18409422391,233.49125093,184.09422391,92.89922003
2024-02-26T18:00,3600,0.0,0.0,0.0,0.0,0.0,0.0,11.39644722,0.0,4.46647899
2024-02-26T19:00,3600,0.0,0.0,0.0,0.0,0.0,0.0,0.0,0.0,0.0
2024-02-26T20:00,3600,0.0,0.0,0.0,0.0,0.0,0.0,0.0,0.0,0.0
2024-02-26T21:00,3600,0.0,0.0,0.0,0.0,0.0,0.0,0.0,0.0,0.0
2024-02-26T22:00,3600,0.0,0.0,0.0,0.0,0.0,0.0,0.0,0.0,0.0
2024-02-26T23:00,3600,0.0,0.0,0.0,0.0,0.0,0.0,0.0,0.0,0.0
2024-02-27T00:00,3600,0.0,0.0,0.0,0.0,0.0,0.0,0.0,0.0,0.0
2024-02-27T01:00,3600,0.0,0.0,0.0,0.0,0.0,0.0,0.0,0.0,0.0
2024-02-27T02:00,3600,0.0,0.0,0.0,0.0,0.0,0.0,0.0,0.0,0.0
2024-02-27T03:00,3600,0.0,0.0,0.0,0.0,0.0,0.0,0.0,0.0,0.0
2024-02-27T04:00,3600,0.0,0.0,0.0,0.0,0.0,0.0,0.0,0.0,0.0
2024-02-27T05:00,3600,0.0,0.0,0.0,0.0,0.0,0.0,0.0,0.0,0.0
2024-02-27T06:00,3600,0.0,0.0,0.0,0.0,0.0,0.0,0.0,0.0,0.0
2024-02-27T07:00,3600,0.0,0.021282370449999997,0.0,0.0,0.0,0.021282370449999997,38.35589693,21.28237045,14.97470901
2024-02-27T08:00,3600,0.0,0.09730981583000001,0.0,0.0,0.0,0.09730981583000001,129.40482567,97.30981583,50.66433107
2024-02-27T09:00,3600,0.0,0.2115426303,0.0,0.0,0.0,0.2115426303,266.44654165,211.5426303,104.80697628
2024-02-27T10:00,3600,0.0,0.35360876932999996,0.0,0.0,0.0,0.35360876932999996,437.28160746,353.60876933,173.72195859
2024-02-27T11:00,3600,0.0,0.57509250818,0.0,0.0,0.0,0.57509250818,704.51470082,575.09250818,282.44110367
2024-02-27T12:00,3600,0.0,1.07529619441,0.0,0.0,0.0,1.07529619441,1312.13139877,1075.29619441,538.16806622
2024-02-27T13:00,3600,0.0,1.0010048543799999,0.0,0.0,0.0,1.0010048543799999,1221.52382062,1001.00485438,503.37057907
2024-02-27T14:00,3600,0.0,0.26008649572000003,0.0,0.0,0.0,0.26008649572000003,324.7703816,260.08649572,129.73906015
2024-02-27T15:00,3600,0.0,0.33575361794,0.0,0.0,0.0,0.33575361794,415.78609457,335.75361794,166.67089608
2024-02-27T16:00,3600,0.0,0.19855565326000002,0.0,0.0,0.0,0.19855565326000002,250.85195605,198.55565326,99.78501416
2024-02-27T17:00,3600,0.0,0.08946287643999999,0.0,0.0,0.0,0.08946287643999999,120.00162451,89.46287644,47.45851023
2024-02-27T18:00,3600,0.0,0.0,0.0,0.0,0.0,0.0,6.4248535,0.0,2.51261683
2024-02-27T19:00,3600,0.0,0.0,0.0,0.0,0.0,0.0,0.0,0.0,0.0
2024-02-27T20:00,3600,0.0,0.0,0.0,0.0,0.0,0.0,0.0,0.0,0.0
2024-02-27T21:00,3600,0.0,0.0,0.0,0.0,0.0,0.0,0.0,0.0,0.0
2024-02-27T22:00,3600,0.0,0.0,0.0,0.0,0.0,0.0,0.0,0.0,0.0
2024-02-27T23:00,3600,0.0,0.0,0.0,0.0,0.0,0.0,0.0,0.0,0.0
2024-02-28T00:00,3600,0.0,0.0,0.0,0.0,0.0,0.0,0.0,0.0,0.0
2024-02-28T01:00,3600,0.0,0.0,0.0,0.0,0.0,0.0,0.0,0.0,0.0
2024-02-28T02:00,3600,0.0,0.0,0.0,0.0,0.0,0.0,0.0,0.0,0.0
2024-02-28T03:00,3600,0.0,0.0,0.0,0.0,0.0,0.0,0.0,0.0,0.0
2024-02-28T04:00,3600,0.0,0.0,0.0,0.0,0.0,0.0,0.0,0.0,0.0
2024-02-28T05:00,3600,0.0,0.0,0.0,0.0,0.0,0.0,0.0,0.0,0.0
2024-02-28T06:00,3600,0.0,0.0,0.0,0.0,0.0,0.0,0.0,0.0,0.0
2024-02-28T07:00,3600,0.0,0.01194863482,0.0,0.0,0.0,0.01194863482,27.18672671,11.94863482,10.65022136
2024-02-28T08:00,3600,0.0,0.13866462394,0.0,0.0,0.0,0.13866462394,178.98377383,138.66462394,70.48030603
2024-02-28T09:00,3600,0.0,0.24668711211999997,0.0,0.0,0.0,0.24668711211999997,308.66625641,246.68711212,122.24570582
2024-02-28T10:00,3600,0.0,0.2840551501,0.0,0.0,0.0,0.2840551501,353.58716994,284.0551501,140.85633967
2024-02-28T11:00,3600,0.0,0.7361383713500002,0.0,0.0,0.0,0.7361383713500002,899.51978475,736.13837135,365.64811045
2024-02-28T12:00,3600,0.0,0.96058569779,0.0,0.0,0.0,0.96058569779,1172.28118755,960.58569779,483.26288043
2024-02-28T13:00,3600,0.0,1.1615145024200002,0.0,0.0,0.0,1.1615145024200002,1417.44594733,1161.51450242,594.90099654
2024-02-28T14:00,3600,0.0,0.57206343646,0.0,0.0,0.0,0.57206343646,700.85251874,572.06343646,286.11649528
2024-02-28T15:00,3600,0.0,0.39920548293,0.0,0.0,0.0,0.39920548293,492.20695225,399.20548293,199.66696603
2024-02-28T16:00,3600,0.0,0.262393255,0.0,0.0,0.0,0.262393255,327.54317464,262.393255,132.14916826
2024-02-28T17:00,3600,0.0,0.10044077396,0.0,0.0,0.0,0.10044077396,133.15711543,100.44077396,53.36704636
2024-02-28T18:00,3600,0.0,0.0,0.0,0.0,0.0,0.0,7.35269748,0.0,2.90460582
2024-02-28T19:00,3600,0.0,0.0,0.0,0.0,0.0,0.0,0.0,0.0,0.0
2024-02-28T20:00,3600,0.0,0.0,0.0,0.0,0.0,0.0,0.0,0.0,0.0
2024-02-28T21:00,3600,0.0,0.0,0.0,0.0,0.0,0.0,0.0,0.0,0.0
2024-02-28T22:00,3600,0.0,0.0,0.0,0.0,0.0,0.0,0.0,0.0,0.0
2024-02-28T23:00,3600,0.0,0.0,0.0,0.0,0.0,0.0,0.0,0.0,0.0
2024-02-29T00:00,3600,0.0,0.0,0.0,0.0,0.0,0.0,0.0,0.0,0.0
2024-02-29T01:00,3600,0.0,0.0,0.0,0.0,0.0,0.0,0.0,0.0,0.0
2024-02-29T02:00,3600,0.0,0.0,0.0,0.0,0.0,0.0,0.0,0.0,0.0
2024-02-29T03:00,3600,0.0,0.0,0.0,0.0,0.0,0.0,0.0,0.0,0.0
2024-02-29T04:00,3600,0.0,0.0,0.0,0.0,0.0,0.0,0.0,0.0,0.0
2024-02-29T05:00,3600,0.0,0.0,0.0,0.0,0.0,0.0,0.0,0.0,0.0
2024-02-29T06:00,3600,0.0,0.0,0.0,0.0,0.0,0.0,0.0,0.0,0.0
2024-02-29T07:00,3600,0.0,0.01587616758,0.0,0.0,0.0,0.01587616758,31.88635794,15.87616758,12.58662524
2024-02-29T08:00,3600,0.0,0.13001184721,0.0,0.0,0.0,0.13001184721,168.60712714,130.01184721,66.91000809
2024-02-29T09:00,3600,0.0,0.24031491675,0.0,0.0,0.0,0.24031491675,301.00919225,240.31491675,120.17053323
2024-02-29T10:00,3600,0.0,0.3452542426,0.0,0.0,0.0,0.3452542426,427.22285137,345.2542426,171.36915626
2024-02-29T11:00,3600,0.0,0.28736490672000004,0.0,0.0,0.0,0.28736490672000004,357.56739146,287.36490672,142.94130286
2024-02-29T12:00,3600,0.0,0.25645353392,0.0,0.0,0.0,0.25645353392,320.40369287,256.45353392,127.48385719
2024-02-29T13:00,3600,0.0,0.3143286726,0.0,0.0,0.0,0.3143286726,390.00232998,314.3286726,154.82393515
2024-02-29T14:00,3600,0.0,0.10031541976,0.0,0.0,0.0,0.10031541976,133.00688084,100.31541976,52.28290483
2024-02-29T15:00,3600,0.0,0.14949379414000002,0.0,0.0,0.0,0.14949379414000002,191.97273304,149.49379414,75.51975143
2024-02-29T16:00,3600,0.0,0.11913856747,0.0,0.0,0.0,0.11913856747,155.56992781,119.13856747,61.06065362
2024-02-29T17:00,3600,0.0,0.030554404380000004,0.0,0.0,0.0,0.030554404380000004,49.45311842,30.55440438,19.36403883
2024-02-29T18:00,3600,0.0,0.0,0.0,0.0,0.0,0.0,2.46782,0.0,0.96820194
2024-02-29T19:00,3600,0.0,0.0,0.0,0.0,0.0,0.0,0.0,0.0,0.0
2024-02-29T20:00,3600,0.0,0.0,0.0,0.0,0.0,0.0,0.0,0.0,0.0
2024-02-29T21:00,3600,0.0,0.0,0.0,0.0,0.0,0.0,0.0,0.0,0.0
2024-02-29T22:00,3600,0.0,0.0,0.0,0.0,0.0,0.0,0.0,0.0,0.0
2024-02-29T23:00,3600,0.0,0.0,0.0,0.0,0.0,0.0,0.0,0.0,0.0
2024-03-01T00:00,3600,0.0,0.0,0.0,0.0,0.0,0.0,0.0,0.0,0.0
2024-03-01T01:00,3600,0.0,0.0,0.0,0.0,0.0,0.0,0.0,0.0,0.0
2024-03-01T02:00,3600,0.0,0.0,0.0,0.0,0.0,0.0,0.0,0.0,0.0
2024-03-01T03:00,3600,0.0,0.0,0.0,0.0,0.0,0.0,0.0,0.0,0.0
2024-03-01T04:00,3600,0.0,0.0,0.0,0.0,0.0,0.0,0.0,0.0,0.0
2024-03-01T05:00,3600,0.0,0.0,0.0,0.0,0.0,0.0,0.0,0.0,0.0
2024-03-01T06:00,3600,0.0,0.0,0.0,0.0,0.0,0.0,0.0,0.0,0.0
2024-03-01T07:00,3600,0.0,0.01481566196,0.0,0.0,0.0,0.01481566196,30.61733839,14.81566196,11.93456256
2024-03-01T08:00,3600,0.0,0.09978062119000002,0.0,0.0,0.0,0.09978062119000002,132.36593891,99.78062119,51.78879085
2024-03-01T09:00,3600,0.0,0.23903392127,0.0,0.0,0.0,0.23903392127,299.47000951,239.03392127,117.84758874
2024-03-01T10:00,3600,0.0,0.29596085243,0.0,0.0,0.0,0.29596085243,367.90577307,295.96085243,145.4230261
2024-03-01T11:00,3600,0.0,0.43295327983,0.0,0.0,0.0,0.43295327983,532.88910052,432.95327983,211.6171561
2024-03-01T12:00,3600,0.0,0.5983976911900001,0.0,0.0,0.0,0.5983976911900001,732.6978539,598.39769119,292.88589732
2024-03-01T13:00,3600,0.0,0.49731223982,0.0,0.0,0.0,0.49731223982,610.54293011,497.31223982,243.34529956
2024-03-01T14:00,3600,0.0,0.22075868742000002,0.0,0.0,0.0,0.22075868742000002,277.51531867,220.75868742,109.40681938
2024-03-01T15:00,3600,0.0,0.21796790078999997,0.0,0.0,0.0,0.21796790078999997,274.16329718,217.96790079,108.01105447
2024-03-01T16:00,3600,0.0,0.08335335473000001,0.0,0.0,0.0,0.08335335473000001,112.68135415,83.35335473,44.0841566
2024-03-01T17:00,3600,0.0,0.020327711800000002,0.0,0.0,0.0,0.020327711800000002,37.21342175,20.3277118,14.52302912
2024-03-01T18:00,3600,0.0,0.0,0.0,0.0,0.0,0.0,2.48924881,0.0,0.96820194
2024-03-01T19:00,3600,0.0,0.0,0.0,0.0,0.0,0.0,0.0,0.0,0.0
2024-03-01T20:00,3600,0.0,0.0,0.0,0.0,0.0,0.0,0.0,0.0,0.0
2024-03-01T21:00,3600,0.0,0.0,0.0,0.0,0.0,0.0,0.0,0.0,0.0
2024-03-01T22:00,3600,0.0,0.0,0.0,0.0,0.0,0.0,0.0,0.0,0.0
2024-03-01T23:00,3600,0.0,0.0,0.0,0.0,0.0,0.0,0.0,0.0,0.0
2024-03-02T00:00,3600,0.0,0.0,0.0,0.0,0.0,0.0,0.0,0.0,0.0
2024-03-02T01:00,3600,0.0,0.0,0.0,0.0,0.0,0.0,0.0,0.0,0.0
2024-03-02T02:00,3600,0.0,0.0,0.0,0.0,0.0,0.0,0.0,0.0,0.0
2024-03-02T03:00,3600,0.0,0.0,0.0,0.0,0.0,0.0,0.0,0.0,0.0
2024-03-02T04:00,3600,0.0,0.0,0.0,0.0,0.0,0.0,0.0,0.0,0.0
2024-03-02T05:00,3600,0.0,0.0,0.0,0.0,0.0,0.0,0.0,0.0,0.0
2024-03-02T06:00,3600,0.0,0.0,0.0,0.0,0.0,0.0,0.0,0.0,0.0
2024-03-02T07:00,3600,0.0,0.010938752170000001,0.0,0.0,0.0,0.010938752170000001,25.97836964,10.93875217,10.09510151
2024-03-02T08:00,3600,0.0,0.08781262780999999,0.0,0.0,0.0,0.08781262780999999,118.02425867,87.81262781,46.02890649
2024-03-02T09:00,3600,0.0,0.35389408378000003,0.0,0.0,0.0,0.35389408378000003,437.62515029,353.89408378,172.48084549
2024-03-02T10:00,3600,0.0,0.8329196774800001,0.0,0.0,0.0,0.8329196774800001,1016.9926107,832.91967748,411.50577358
2024-03-02T11:00,3600,0.0,1.44511259719,0.0,0.0,0.0,1.44511259719,1765.08439566,1445.11259719,736.80327924
2024-03-02T12:00,3600,0.0,1.6950411064100002,0.0,0.0,0.0,1.6950411064100002,2073.02895616,1695.04110641,878.47411479
2024-03-02T13:00,3600,0.0,1.6184703492099999,0.0,0.0,0.0,1.6184703492099999,1978.52523184,1618.47034921,842.94264117
2024-03-02T14:00,3600,0.0,0.7805465042999999,0.0,0.0,0.0,0.7805465042999999,953.39569635,780.5465043,390.63853
2024-03-02T15:00,3600,0.0,0.58441368264,0.0,0.0,0.0,0.58441368264,715.78540463,584.41368264,290.65189408
2024-03-02T16:00,3600,0.0,0.43512608977,0.0,0.0,0.0,0.43512608977,535.50924259,435.12608977,216.19978499
2024-03-02T17:00,3600,0.0,0.16954870923,0.0,0.0,0.0,0.16954870923,216.03425772,169.54870923,86.16917883
2024-03-02T18:00,3600,0.0,0.0026092183400000003,0.0,0.0,0.0,0.0026092183400000003,16.01266448,2.60921834,6.31303758
2024-03-02T19:00,3600,0.0,0.0,0.0,0.0,0.0,0.0,0.0,0.0,0.0
2024-03-02T20:00,3600,0.0,0.0,0.0,0.0,0.0,0.0,0.0,0.0,0.0
2024-03-02T21:00,3600,0.0,0.0,0.0,0.0,0.0,0.0,0.0,0.0,0.0
2024-03-02T22:00,3600,0.0,0.0,0.0,0.0,0.0,0.0,0.0,0.0,0.0
2024-03-02T23:00,3600,0.0,0.0,0.0,0.0,0.0,0.0,0.0,0.0,0.0
2024-03-03T00:00,3600,0.0,0.0,0.0,0.0,0.0,0.0,0.0,0.0,0.0
2024-03-03T01:00,3600,0.0,0.0,0.0,0.0,0.0,0.0,0.0,0.0,0.0
2024-03-03T02:00,3600,0.0,0.0,0.0,0.0,0.0,0.0,0.0,0.0,0.0
2024-03-03T03:00,3600,0.0,0.0,0.0,0.0,0.0,0.0,0.0,0.0,0.0
2024-03-03T04:00,3600,0.0,0.0,0.0,0.0,0.0,0.0,0.0,0.0,0.0
2024-03-03T05:00,3600,0.0,0.0,0.0,0.0,0.0,0.0,0.0,0.0,0.0
2024-03-03T06:00,3600,0.0,0.0,0.0,0.0,0.0,0.0,0.0,0.0,0.0
2024-03-03T07:00,3600,0.0,0.020093777990000002,0.0,0.0,0.0,0.020093777990000002,36.93346759,20.09377799,14.52302912
2024-03-03T08:00,3600,0.0,0.09955429402999999,0.0,0.0,0.0,0.09955429402999999,132.09469369,99.55429403,52.08624487
2024-03-03T09:00,3600,0.0,0.22852518902000002,0.0,0.0,0.0,0.22852518902000002,286.84459159,228.52518902,113.71821341
2024-03-03T10:00,3600,0.0,0.26096372079,0.0,0.0,0.0,0.26096372079,325.82481823,260.96372079,129.97939425
2024-03-03T11:00,3600,0.0,0.45376892916,0.0,0.0,0.0,0.45376892916,557.99456112,453.76892916,224.60172679
2024-03-03T12:00,3600,0.0,0.39106696210999997,0.0,0.0,0.0,0.39106696210999997,482.39997124,391.06696211,193.57743605
2024-03-03T13:00,3600,0.0,0.39251309941,0.0,0.0,0.0,0.39251309941,484.14246993,392.51309941,195.09841007
2024-03-03T14:00,3600,0.0,0.52925785716,0.0,0.0,0.0,0.52925785716,649.1221889,529.25785716,263.31666058
2024-03-03T15:00,3600,0.0,0.26563308996,0.0,0.0,0.0,0.26563308996,331.43775144,265.63308996,132.62695596
2024-03-03T16:00,3600,0.0,0.18419217659,0.0,0.0,0.0,0.18419217659,233.60882596,184.19217659,93.20719424
2024-03-03T17:00,3600,0.0,0.03683891267,0.0,0.0,0.0,0.03683891267,56.97579332,36.83891267,22.62803741
2024-03-03T18:00,3600,0.0,0.0,0.0,0.0,0.0,0.0,4.88733317,0.0,1.93640388
2024-03-03T19:00,3600,0.0,0.0,0.0,0.0,0.0,0.0,0.0,0.0,0.0
2024-03-03T20:00,3600,0.0,0.0,0.0,0.0,0.0,0.0,0.0,0.0,0.0
2024-03-03T21:00,3600,0.0,0.0,0.0,0.0,0.0,0.0,0.0,0.0,0.0
2024-03-03T22:00,3600,0.0,0.0,0.0,0.0,0.0,0.0,0.0,0.0,0.0
2024-03-03T23:00,3600,0.0,0.0,0.0,0.0,0.0,0.0,0.0,0.0,0.0
2024-03-04T00:00,3600,0.0,0.0,0.0,0.0,0.0,0.0,0.0,0.0,0.0
2024-03-04T01:00,3600,0.0,0.0,0.0,0.0,0.0,0.0,0.0,0.0,0.0
2024-03-04T02:00,3600,0.0,0.0,0.0,0.0,0.0,0.0,0.0,0.0,0.0
2024-03-04T03:00,3600,0.0,0.0,0.0,0.0,0.0,0.0,0.0,0.0,0.0
2024-03-04T04:00,3600,0.0,0.0,0.0,0.0,0.0,0.0,0.0,0.0,0.0
2024-03-04T05:00,3600,0.0,0.0,0.0,0.0,0.0,0.0,0.0,0.0,0.0
2024-03-04T06:00,3600,0.0,0.0,0.0,0.0,0.0,0.0,0.0,0.0,0.0
2024-03-04T07:00,3600,0.0,0.00941707244,0.0,0.0,0.0,0.00941707244,24.15767298,9.41707244,9.68201941
2024-03-04T08:00,3600,0.0,0.09954290648,0.0,0.0,0.0,0.09954290648,132.08104614,99.54290648,53.06400355
2024-03-04T09:00,3600,0.0,0.18543528781000002,0.0,0.0,0.0,0.18543528781000002,235.10098163,185.43528781,94.60678004
2024-03-04T10:00,3600,0.0,0.54678309181,0.0,0.0,0.0,0.54678309181,670.29635972,546.78309181,274.77122886
2024-03-04T11:00,3600,0.0,0.47651066464,0.0,0.0,0.0,0.47651066464,585.43414073,476.51066464,240.07972456
2024-03-04T12:00,3600,0.0,0.7644113743200001,0.0,0.0,0.0,0.7644113743200001,933.81537216,764.41137432,388.58757158
2024-03-04T13:00,3600,0.0,0.62677191429,0.0,0.0,0.0,0.62677191429,767.02759606,626.77191429,318.71518986
2024-03-04T14:00,3600,0.0,0.5497617216899999,0.0,0.0,0.0,0.5497617216899999,673.89585866,549.76172169,278.53139467
2024-03-04T15:00,3600,0.0,0.30779683089000004,0.0,0.0,0.0,0.30779683089000004,382.14364105,307.79683089,156.48699438
2024-03-04T16:00,3600,0.0,0.20842079499,0.0,0.0,0.0,0.20842079499,262.69754402,208.42079499,107.31312913
2024-03-04T17:00,3600,0.0,0.12925188409,0.0,0.0,0.0,0.12925188409,167.69583727,129.25188409,68.32791395
2024-03-04T18:00,3600,0.0,0.00216008514,0.0,0.0,0.0,0.00216008514,15.47535108,2.16008514,6.27956533
2024-03-04T19:00,3600,0.0,0.0,0.0,0.0,0.0,0.0,0.0,0.0,0.0
2024-03-04T20:00,3600,0.0,0.0,0.0,0.0,0.0,0.0,0.0,0.0,0.0
2024-03-04T21:00,3600,0.0,0.0,0.0,0.0,0.0,0.0,0.0,0.0,0.0
2024-03-04T22:00,3600,0.0,0.0,0.0,0.0,0.0,0.0,0.0,0.0,0.0
2024-03-04T23:00,3600,0.0,0.0,0.0,0.0,0.0,0.0,0.0,0.0,0.0
2024-03-05T00:00,3600,0.0,0.0,0.0,0.0,0.0,0.0,0.0,0.0,0.0
2024-03-05T01:00,3600,0.0,0.0,0.0,0.0,0.0,0.0,0.0,0.0,0.0
2024-03-05T02:00,3600,0.0,0.0,0.0,0.0,0.0,0.0,0.0,0.0,0.0
2024-03-05T03:00,3600,0.0,0.0,0.0,0.0,0.0,0.0,0.0,0.0,0.0
2024-03-05T04:00,3600,0.0,0.0,0.0,0.0,0.0,0.0,0.0,0.0,0.0
2024-03-05T05:00,3600,0.0,0.0,0.0,0.0,0.0,0.0,0.0,0.0,0.0
2024-03-05T06:00,3600,0.0,0.0,0.0,0.0,0.0,0.0,0.0,0.0,0.0
2024-03-05T07:00,3600,0.0,0.026939662770000004,0.0,0.0,0.0,0.026939662770000004,45.12659606,26.93966277,18.39583689
2024-03-05T08:00,3600,0.0,0.19272749752999999,0.0,0.0,0.0,0.19272749752999999,243.85479679,192.72749753,99.99880047
2024-03-05T09:00,3600,0.0,0.35461726351,0.0,0.0,0.0,0.35461726351,438.49592823,354.61726351,181.10265205
2024-03-05T10:00,3600,0.0,0.72432633327,0.0,0.0,0.0,0.72432633327,885.19698961,724.32633327,375.16273366
2024-03-05T11:00,3600,0.0,1.05134258697,0.0,0.0,0.0,1.05134258697,1282.90302086,1051.34258697,550.63866298
2024-03-05T12:00,3600,0.0,0.92647420735,0.0,0.0,0.0,0.92647420735,1130.75247838,926.47420735,484.06218674
2024-03-05T13:00,3600,0.0,0.90361658149,0.0,0.0,0.0,0.90361658149,1102.93965821,903.61658149,476.66703394
2024-03-05T14:00,3600,0.0,0.6486341925000001,0.0,0.0,0.0,0.6486341925000001,793.49100654,648.6341925,339.92710608
2024-03-05T15:00,3600,0.0,0.5315157847599999,0.0,0.0,0.0,0.5315157847599999,651.84985268,531.51578476,277.99840749
2024-03-05T16:00,3600,0.0,0.45582877894,0.0,0.0,0.0,0.45582877894,560.47944435,455.82877894,238.47052534
2024-03-05T17:00,3600,0.0,0.21518295632,0.0,0.0,0.0,0.21518295632,270.81846437,215.18295632,114.13138653
2024-03-05T18:00,3600,0.0,0.006747137340000001,0.0,0.0,0.0,0.006747137340000001,20.9632059,6.74713734,8.65237579
2024-03-05T19:00,3600,0.0,0.0,0.0,0.0,0.0,0.0,0.0,0.0,0.0
2024-03-05T20:00,3600,0.0,0.0,0.0,0.0,0.0,0.0,0.0,0.0,0.0
2024-03-05T21:00,3600,0.0,0.0,0.0,0.0,0.0,0.0,0.0,0.0,0.0
2024-03-05T22:00,3600,0.0,0.0,0.0,0.0,0.0,0.0,0.0,0.0,0.0
2024-03-05T23:00,3600,0.0,0.0,0.0,0.0,0.0,0.0,0.0,0.0,0.0
2024-03-06T00:00,3600,0.0,0.0,0.0,0.0,0.0,0.0,0.0,0.0,0.0
2024-03-06T01:00,3600,0.0,0.0,0.0,0.0,0.0,0.0,0.0,0.0,0.0
2024-03-06T02:00,3600,0.0,0.0,0.0,0.0,0.0,0.0,0.0,0.0,0.0
2024-03-06T03:00,3600,0.0,0.0,0.0,0.0,0.0,0.0,0.0,0.0,0.0
2024-03-06T04:00,3600,0.0,0.0,0.0,0.0,0.0,0.0,0.0,0.0,0.0
2024-03-06T05:00,3600,0.0,0.0,0.0,0.0,0.0,0.0,0.0,0.0,0.0
2024-03-06T06:00,3600,0.0,0.0,0.0,0.0,0.0,0.0,2.41260698,0.0,0.96820194
2024-03-06T07:00,3600,0.0,0.03345356176,0.0,0.0,0.0,0.03345356176,52.92335707,33.45356176,21.30044271
2024-03-06T08:00,3600,0.0,0.12606918896000002,0.0,0.0,0.0,0.12606918896000002,163.87952976,126.06918896,66.29367337
2024-03-06T09:00,3600,0.0,0.28449501594,0.0,0.0,0.0,0.28449501594,354.11612639,284.49501594,144.32086012
2024-03-06T10:00,3600,0.0,0.40943138943000007,0.0,0.0,0.0,0.40943138943000007,504.53134608,409.43138943,206.79695861
2024-03-06T11:00,3600,0.0,0.57674832178,0.0,0.0,0.0,0.57674832178,706.51668572,576.74832178,290.99385727
2024-03-06T12:00,3600,0.0,0.52710675541,0.0,0.0,0.0,0.52710675541,646.52368152,527.10675541,265.74511415
2024-03-06T13:00,3600,0.0,0.46518968738,0.0,0.0,0.0,0.46518968738,571.77309859,465.18968738,233.96580672
2024-03-06T14:00,3600,0.0,0.21252838388999998,0.0,0.0,0.0,0.21252838388999998,267.63037332,212.52838389,108.38163594
2024-03-06T15:00,3600,0.0,0.26794396295,0.0,0.0,0.0,0.26794396295,334.21577346,267.94396295,135.60528298
2024-03-06T16:00,3600,0.0,0.12940926159,0.0,0.0,0.0,0.12940926159,167.88455134,129.40926159,67.60014682
2024-03-06T17:00,3600,0.0,0.039489026850000004,0.0,0.0,0.0,0.039489026850000004,60.14828907,39.48902685,24.14126626
2024-03-06T18:00,3600,0.0,0.0,0.0,0.0,0.0,0.0,7.28847495,0.0,2.90460582
2024-03-06T19:00,3600,0.0,0.0,0.0,0.0,0.0,0.0,0.0,0.0,0.0
2024-03-06T20:00,3600,0.0,0.0,0.0,0.0,0.0,0.0,0.0,0.0,0.0
2024-03-06T21:00,3600,0.0,0.0,0.0,0.0,0.0,0.0,0.0,0.0,0.0
2024-03-06T22:00,3600,0.0,0.0,0.0,0.0,0.0,0.0,0.0,0.0,0.0
2024-03-06T23:00,3600,0.0,0.0,0.0,0.0,0.0,0.0,0.0,0.0,0.0
2024-03-07T00:00,3600,0.0,0.0,0.0,0.0,0.0,0.0,0.0,0.0,0.0
2024-03-07T01:00,3600,0.0,0.0,0.0,0.0,0.0,0.0,0.0,0.0,0.0
2024-03-07T02:00,3600,0.0,0.0,0.0,0.0,0.0,0.0,0.0,0.0,0.0
2024-03-07T03:00,3600,0.0,0.0,0.0,0.0,0.0,0.0,0.0,0.0,0.0
2024-03-07T04:00,3600,0.0,0.0,0.0,0.0,0.0,0.0,0.0,0.0,0.0
2024-03-07T05:00,3600,0.0,0.0,0.0,0.0,0.0,0.0,0.0,0.0,0.0
2024-03-07T06:00,3600,0.0,0.0,0.0,0.0,0.0,0.0,0.0,0.0,0.0
2024-03-07T07:00,3600,0.0,0.01772503502,0.0,0.0,0.0,0.01772503502,34.09880382,17.72503502,13.55482718
2024-03-07T08:00,3600,0.0,0.11173330644000001,0.0,0.0,0.0,0.11173330644000001,146.6924147,111.73330644,58.55433518
2024-03-07T09:00,3600,0.0,0.19867256894,0.0,0.0,0.0,0.19867256894,250.9923302,198.67256894,100.57342978
2024-03-07T10:00,3600,0.0,0.251379425,0.0,0.0,0.0,0.251379425,314.30528678,251.379425,126.80638594
2024-03-07T11:00,3600,0.0,0.34483825773,0.0,0.0,0.0,0.34483825773,426.7220509,344.83825773,172.73517694
2024-03-07T12:00,3600,0.0,0.37774979504999995,0.0,0.0,0.0,0.37774979504999995,466.35586954,377.74979505,189.1063808
2024-03-07T13:00,3600,0.0,0.47551535546,0.0,0.0,0.0,0.47551535546,584.23298426,475.51535546,238.70697718
2024-03-07T14:00,3600,0.0,0.5731210094100001,0.0,0.0,0.0,0.5731210094100001,702.13111293,573.12100941,288.28883939
2024-03-07T15:00,3600,0.0,0.41160118179000005,0.0,0.0,0.0,0.41160118179000005,507.14670811,411.60118179,207.05901167
2024-03-07T16:00,3600,0.0,0.32778602676,0.0,0.0,0.0,0.32778602676,406.19633661,327.78602676,165.10668464
2024-03-07T17:00,3600,0.0,0.12166395098999999,0.0,0.0,0.0,0.12166395098999999,158.59766264,121.66395099,63.90994293
2024-03-07T18:00,3600,0.0,0.00136863296,0.0,0.0,0.0,0.00136863296,14.52852048,1.36863296,5.80921165
2024-03-07T19:00,3600,0.0,0.0,0.0,0.0,0.0,0.0,0.0,0.0,0.0
2024-03-07T20:00,3600,0.0,0.0,0.0,0.0,0.0,0.0,0.0,0.0,0.0
2024-03-07T21:00,3600,0.0,0.0,0.0,0.0,0.0,0.0,0.0,0.0,0.0
2024-03-07T22:00,3600,0.0,0.0,0.0,0.0,0.0,0.0,0.0,0.0,0.0
2024-03-07T23:00,3600,0.0,0.0,0.0,0.0,0.0,0.0,0.0,0.0,0.0
2024-03-08T00:00,3600,0.0,0.0,0.0,0.0,0.0,0.0,0.0,0.0,0.0
2024-03-08T01:00,3600,0.0,0.0,0.0,0.0,0.0,0.0,0.0,0.0,0.0
2024-03-08T02:00,3600,0.0,0.0,0.0,0.0,0.0,0.0,0.0,0.0,0.0
2024-03-08T03:00,3600,0.0,0.0,0.0,0.0,0.0,0.0,0.0,0.0,0.0
2024-03-08T04:00,3600,0.0,0.0,0.0,0.0,0.0,0.0,0.0,0.0,0.0
2024-03-08T05:00,3600,0.0,0.0,0.0,0.0,0.0,0.0,0.0,0.0,0.0
2024-03-08T06:00,3600,0.0,0.0,0.0,0.0,0.0,0.0,2.42907567,0.0,0.96820194
2024-03-08T07:00,3600,0.0,0.07425927738,0.0,0.0,0.0,0.07425927738,101.78658357,74.25927738,40.70476955
2024-03-08T08:00,3600,0.0,0.24535175771,0.0,0.0,0.0,0.24535175771,307.06157102,245.35175771,123.42289246
2024-03-08T09:00,3600,0.0,0.6530423899800001,0.0,0.0,0.0,0.6530423899800001,798.82826337,653.04238998,326.20442868
2024-03-08T10:00,3600,0.0,0.80996659433,0.0,0.0,0.0,0.80996659433,989.11289321,809.96659433,411.59862456
2024-03-08T11:00,3600,0.0,1.1818907847999998,0.0,0.0,0.0,1.1818907847999998,1442.36059658,1181.8907848,612.20971606
2024-03-08T12:00,3600,0.0,1.4376517658299999,0.0,0.0,0.0,1.4376517658299999,1755.91453446,1437.65176583,757.85417496
2024-03-08T13:00,3600,0.0,1.29377179451,0.0,0.0,0.0,1.29377179451,1579.33359917,1293.77179451,685.56872132
2024-03-08T14:00,3600,0.0,1.3316187961600001,0.0,0.0,0.0,1.3316187961600001,1625.73515319,1331.61879616,708.70381144
2024-03-08T15:00,3600,0.0,1.07235650987,0.0,0.0,0.0,1.07235650987,1308.54365675,1072.35650987,563.75821046
2024-03-08T16:00,3600,0.0,0.68519315336,0.0,0.0,0.0,0.68519315336,837.76834913,685.19315336,353.58132293
2024-03-08T17:00,3600,0.0,0.30778313773000004,0.0,0.0,0.0,0.30778313773000004,382.12716733,307.78313773,158.0747876
2024-03-08T18:00,3600,0.0,0.00659398894,0.0,0.0,0.0,0.00659398894,20.7799749,6.59398894,8.39150903
2024-03-08T19:00,3600,0.0,0.0,0.0,0.0,0.0,0.0,0.0,0.0,0.0
2024-03-08T20:00,3600,0.0,0.0,0.0,0.0,0.0,0.0,0.0,0.0,0.0
2024-03-08T21:00,3600,0.0,0.0,0.0,0.0,0.0,0.0,0.0,0.0,0.0
2024-03-08T22:00,3600,0.0,0.0,0.0,0.0,0.0,0.0,0.0,0.0,0.0
2024-03-08T23:00,3600,0.0,0.0,0.0,0.0,0.0,0.0,0.0,0.0,0.0
2024-03-09T00:00,3600,0.0,0.0,0.0,0.0,0.0,0.0,0.0,0.0,0.0
2024-03-09T01:00,3600,0.0,0.0,0.0,0.0,0.0,0.0,0.0,0.0,0.0
2024-03-09T02:00,3600,0.0,0.0,0.0,0.0,0.0,0.0,0.0,0.0,0.0
2024-03-09T03:00,3600,0.0,0.0,0.0,0.0,0.0,0.0,0.0,0.0,0.0
2024-03-09T04:00,3600,0.0,0.0,0.0,0.0,0.0,0.0,0.0,0.0,0.0
2024-03-09T05:00,3600,0.0,0.0,0.0,0.0,0.0,0.0,0.0,0.0,0.0
2024-03-09T06:00,3600,0.0,0.0,0.0,0.0,0.0,0.0,0.0,0.0,0.0
2024-03-09T07:00,3600,0.0,0.0243477592,0.0,0.0,0.0,0.0243477592,42.0244953,24.3477592,16.76486156
2024-03-09T08:00,3600,0.0,0.06621848234,0.0,0.0,0.0,0.06621848234,92.15516378,66.21848234,36.79167377
2024-03-09T09:00,3600,0.0,0.14561234074999999,0.0,0.0,0.0,0.14561234074999999,187.31685879,145.61234075,74.94746684
2024-03-09T10:00,3600,0.0,0.28815867717,0.0,0.0,0.0,0.28815867717,358.52199393,288.15867717,144.33264711
2024-03-09T11:00,3600,0.0,0.32041465524,0.0,0.0,0.0,0.32041465524,397.32544348,320.41465524,160.15293991
2024-03-09T12:00,3600,0.0,0.25347763329,0.0,0.0,0.0,0.25347763329,316.82698577,253.47763329,127.38620539
2024-03-09T13:00,3600,0.0,0.16345603557000002,0.0,0.0,0.0,0.16345603557000002,208.72344064,163.45603557,83.46999932
2024-03-09T14:00,3600,0.0,0.19720205147999997,0.0,0.0,0.0,0.19720205147999997,249.22678381,197.20205148,99.72479996
2024-03-09T15:00,3600,0.0,0.21792393232,0.0,0.0,0.0,0.21792393232,274.11048791,217.92393232,109.74079773
2024-03-09T16:00,3600,0.0,0.07265069714000001,0.0,0.0,0.0,0.07265069714000001,99.85968161,72.65069714,39.6962796
2024-03-09T17:00,3600,0.0,0.026531245859999997,0.0,0.0,0.0,0.026531245859999997,44.63777553,26.53124586,17.67997225
2024-03-09T18:00,3600,0.0,0.0,0.0,0.0,0.0,0.0,2.44966935,0.0,0.96820194
2024-03-09T19:00,3600,0.0,0.0,0.0,0.0,0.0,0.0,0.0,0.0,0.0
2024-03-09T20:00,3600,0.0,0.0,0.0,0.0,0.0,0.0,0.0,0.0,0.0
2024-03-09T21:00,3600,0.0,0.0,0.0,0.0,0.0,0.0,0.0,0.0,0.0
2024-03-09T22:00,3600,0.0,0.0,0.0,0.0,0.0,0.0,0.0,0.0,0.0
2024-03-09T23:00,3600,0.0,0.0,0.0,0.0,0.0,0.0,0.0,0.0,0.0
2024-03-10T00:00,3600,0.0,0.0,0.0,0.0,0.0,0.0,0.0,0.0,0.0
2024-03-10T01:00,3600,0.0,0.0,0.0,0.0,0.0,0.0,0.0,0.0,0.0
2024-03-10T02:00,3600,0.0,0.0,0.0,0.0,0.0,0.0,0.0,0.0,0.0
2024-03-10T03:00,3600,0.0,0.0,0.0,0.0,0.0,0.0,0.0,0.0,0.0
2024-03-10T04:00,3600,0.0,0.0,0.0,0.0,0.0,0.0,0.0,0.0,0.0
2024-03-10T05:00,3600,0.0,0.0,0.0,0.0,0.0,0.0,0.0,0.0,0.0
2024-03-10T06:00,3600,0.0,0.0,0.0,0.0,0.0,0.0,0.0,0.0,0.0
2024-03-10T07:00,3600,0.0,0.02795164021,0.0,0.0,0.0,0.02795164021,46.33781372,27.95164021,18.31892652
2024-03-10T08:00,3600,0.0,0.05870157682,0.0,0.0,0.0,0.05870157682,83.15255089,58.70157682,32.91886601
2024-03-10T09:00,3600,0.0,0.12925461358999998,0.0,0.0,0.0,0.12925461358999998,167.69911026,129.25461359,66.56931514
2024-03-10T10:00,3600,0.0,0.21536822309999998,0.0,0.0,0.0,0.21536822309999998,271.04097207,215.3682231,108.22175422
2024-03-10T11:00,3600,0.0,0.14626550527,0.0,0.0,0.0,0.14626550527,188.10031835,146.26550527,74.87580711
2024-03-10T12:00,3600,0.0,0.26655407521,0.0,0.0,0.0,0.26655407521,332.54490208,266.55407521,133.01401263
2024-03-10T13:00,3600,0.0,0.24654370106,0.0,0.0,0.0,0.24654370106,308.49391852,246.54370106,123.44948598
2024-03-10T14:00,3600,0.0,0.10546915334,0.0,0.0,0.0,0.10546915334,139.18381603,105.46915334,55.36983775
2024-03-10T15:00,3600,0.0,0.05041251638,0.0,0.0,0.0,0.05041251638,73.2266031,50.41251638,29.04605824
2024-03-10T16:00,3600,0.0,0.06055518406,0.0,0.0,0.0,0.06055518406,85.37240633,60.55518406,33.88706795
2024-03-10T17:00,3600,0.0,0.00762166575,0.0,0.0,0.0,0.00762166575,22.00952587,7.62166575,8.71381747
2024-03-10T18:00,3600,0.0,0.0,0.0,0.0,0.0,0.0,4.89391085,0.0,1.93640388
2024-03-10T19:00,3600,0.0,0.0,0.0,0.0,0.0,0.0,0.0,0.0,0.0
2024-03-10T20:00,3600,0.0,0.0,0.0,0.0,0.0,0.0,0.0,0.0,0.0
2024-03-10T21:00,3600,0.0,0.0,0.0,0.0,0.0,0.0,0.0,0.0,0.0
2024-03-10T22:00,3600,0.0,0.0,0.0,0.0,0.0,0.0,0.0,0.0,0.0
2024-03-10T23:00,3600,0.0,0.0,0.0,0.0,0.0,0.0,0.0,0.0,0.0
2024-03-11T00:00,3600,0.0,0.0,0.0,0.0,0.0,0.0,0.0,0.0,0.0
2024-03-11T01:00,3600,0.0,0.0,0.0,0.0,0.0,0.0,0.0,0.0,0.0
2024-03-11T02:00,3600,0.0,0.0,0.0,0.0,0.0,0.0,0.0,0.0,0.0
2024-03-11T03:00,3600,0.0,0.0,0.0,0.0,0.0,0.0,0.0,0.0,0.0
2024-03-11T04:00,3600,0.0,0.0,0.0,0.0,0.0,0.0,0.0,0.0,0.0
2024-03-11T05:00,3600,0.0,0.0,0.0,0.0,0.0,0.0,0.0,0.0,0.0
2024-03-11T06:00,3600,0.0,0.0,0.0,0.0,0.0,0.0,0.0,0.0,0.0
2024-03-11T07:00,3600,0.0,0.012251450229999999,0.0,0.0,0.0,0.012251450229999999,27.54905943,12.25145023,10.92366821
2024-03-11T08:00,3600,0.0,0.07058742075,0.0,0.0,0.0,0.07058742075,97.38818681,70.58742075,38.72807766
2024-03-11T09:00,3600,0.0,0.10384551030000001,0.0,0.0,0.0,0.10384551030000001,137.23775845,103.8455103,54.75674326
2024-03-11T10:00,3600,0.0,0.21001411712999998,0.0,0.0,0.0,0.21001411712999998,264.61093032,210.01411713,106.50221355
2024-03-11T11:00,3600,0.0,0.20673586866,0.0,0.0,0.0,0.20673586866,260.67421325,206.73586866,104.84299365
2024-03-11T12:00,3600,0.0,0.23744599259,0.0,0.0,0.0,0.23744599259,297.56208097,237.44599259,119.60410166
2024-03-11T13:00,3600,0.0,0.52353654065,0.0,0.0,0.0,0.52353654065,642.21113085,523.53654065,263.34076762
2024-03-11T14:00,3600,0.0,0.6153839517699999,0.0,0.0,0.0,0.6153839517699999,753.24720693,615.38395177,310.64811251
2024-03-11T15:00,3600,0.0,0.9464106778200001,0.0,0.0,0.0,0.9464106778200001,1155.02069116,946.41067782,484.43769594
2024-03-11T16:00,3600,0.0,0.44624849999999994,0.0,0.0,0.0,0.44624849999999994,548.9231586,446.2485,226.38301913
2024-03-11T17:00,3600,0.0,0.21202976699999998,0.0,0.0,0.0,0.21202976699999998,267.03156129,212.029767,109.32596159
2024-03-11T18:00,3600,0.0,0.01028884533,0.0,0.0,0.0,0.01028884533,25.20074698,10.28884533,10.12908543
2024-03-11T19:00,3600,0.0,0.0,0.0,0.0,0.0,0.0,0.0,0.0,0.0
2024-03-11T20:00,3600,0.0,0.0,0.0,0.0,0.0,0.0,0.0,0.0,0.0
2024-03-11T21:00,3600,0.0,0.0,0.0,0.0,0.0,0.0,0.0,0.0,0.0
2024-03-11T22:00,3600,0.0,0.0,0.0,0.0,0.0,0.0,0.0,0.0,0.0
2024-03-11T23:00,3600,0.0,0.0,0.0,0.0,0.0,0.0,0.0,0.0,0.0
2024-03-12T00:00,3600,0.0,0.0,0.0,0.0,0.0,0.0,0.0,0.0,0.0
2024-03-12T01:00,3600,0.0,0.0,0.0,0.0,0.0,0.0,0.0,0.0,0.0
2024-03-12T02:00,3600,0.0,0.0,0.0,0.0,0.0,0.0,0.0,0.0,0.0
2024-03-12T03:00,3600,0.0,0.0,0.0,0.0,0.0,0.0,0.0,0.0,0.0
2024-03-12T04:00,3600,0.0,0.0,0.0,0.0,0.0,0.0,0.0,0.0,0.0
2024-03-12T05:00,3600,0.0,0.0,0.0,0.0,0.0,0.0,0.0,0.0,0.0
2024-03-12T06:00,3600,0.0,0.0,0.0,0.0,0.0,0.0,7.39012336,0.0,2.91255534
2024-03-12T07:00,3600,0.0,0.25663482438,0.0,0.0,0.0,0.25663482438,320.62159051,256.63482438,127.85590267
2024-03-12T08:00,3600,0.0,0.7701164298000001,0.0,0.0,0.0,0.7701164298000001,940.73790024,770.1164298,385.11972728
2024-03-12T09:00,3600,0.0,1.2734881178200002,0.0,0.0,0.0,1.2734881178200002,1554.47905813,1273.48811782,655.96794519
2024-03-12T10:00,3600,0.0,1.6116136967199999,0.0,0.0,0.0,1.6116136967199999,1970.06959745,1611.61369672,861.57943064
2024-03-12T11:00,3600,0.0,1.76032671408,0.0,0.0,0.0,1.76032671408,2245.47851545,1760.32671408,993.99895227
2024-03-12T12:00,3600,0.0,1.76032671408,0.0,0.0,0.0,1.76032671408,2336.6899576,1760.32671408,1042.13417803
2024-03-12T13:00,3600,0.0,1.76032671408,0.0,0.0,0.0,1.76032671408,2220.6282492,1760.32671408,1003.48800414
2024-03-12T14:00,3600,0.0,1.61418405805,0.0,0.0,0.0,1.61418405805,1973.23923917,1614.18405805,884.10234485
2024-03-12T15:00,3600,0.0,1.29245878831,0.0,0.0,0.0,1.29245878831,1577.72441864,1292.45878831,694.38210519
2024-03-12T16:00,3600,0.0,0.86155223312,0.0,0.0,0.0,0.86155223312,1051.78773737,861.55223312,453.1259074
2024-03-12T17:00,3600,0.0,0.38007868537,0.0,0.0,0.0,0.38007868537,469.16135748,380.07868537,197.1180048
2024-03-12T18:00,3600,0.0,0.01338731347,0.0,0.0,0.0,0.01338731347,28.90819049,13.38731347,11.70520464
2024-03-12T19:00,3600,0.0,0.0,0.0,0.0,0.0,0.0,0.0,0.0,0.0
2024-03-12T20:00,3600,0.0,0.0,0.0,0.0,0.0,0.0,0.0,0.0,0.0
2024-03-12T21:00,3600,0.0,0.0,0.0,0.0,0.0,0.0,0.0,0.0,0.0
2024-03-12T22:00,3600,0.0,0.0,0.0,0.0,0.0,0.0,0.0,0.0,0.0
2024-03-12T23:00,3600,0.0,0.0,0.0,0.0,0.0,0.0,0.0,0.0,0.0
2024-03-13T00:00,3600,0.0,0.0,0.0,0.0,0.0,0.0,0.0,0.0,0.0
2024-03-13T01:00,3600,0.0,0.0,0.0,0.0,0.0,0.0,0.0,0.0,0.0
2024-03-13T02:00,3600,0.0,0.0,0.0,0.0,0.0,0.0,0.0,0.0,0.0
2024-03-13T03:00,3600,0.0,0.0,0.0,0.0,0.0,0.0,0.0,0.0,0.0
2024-03-13T04:00,3600,0.0,0.0,0.0,0.0,0.0,0.0,0.0,0.0,0.0
2024-03-13T05:00,3600,0.0,0.0,0.0,0.0,0.0,0.0,0.0,0.0,0.0
2024-03-13T06:00,3600,0.0,0.0,0.0,0.0,0.0,0.0,4.92724577,0.0,1.9443534
2024-03-13T07:00,3600,0.0,0.17654120616,0.0,0.0,0.0,0.17654120616,224.4258136,176.54120616,89.46268796
2024-03-13T08:00,3600,0.0,0.44405431487999997,0.0,0.0,0.0,0.44405431487999997,546.27669504,444.05431488,221.26009885
2024-03-13T09:00,3600,0.0,0.6489910036000001,0.0,0.0,0.0,0.6489910036000001,793.92300178,648.9910036,326.12114588
2024-03-13T10:00,3600,0.0,0.8607679791199999,0.0,0.0,0.0,0.8607679791199999,1050.83443865,860.76797912,440.29226391
2024-03-13T11:00,3600,0.0,1.21926415525,0.0,0.0,0.0,1.21926415525,1488.08325318,1219.26415525,633.80809075
2024-03-13T12:00,3600,0.0,1.10025938572,0.0,0.0,0.0,1.10025938572,1342.6058417,1100.25938572,569.40927234
2024-03-13T13:00,3600,0.0,0.79659397282,0.0,0.0,0.0,0.79659397282,972.87553205,796.59397282,408.52034156
2024-03-13T14:00,3600,0.0,0.60391459554,0.0,0.0,0.0,0.60391459554,739.37128712,603.91459554,307.53898245
2024-03-13T15:00,3600,0.0,0.35476612359000004,0.0,0.0,0.0,0.35476612359000004,438.67517152,354.76612359,180.57088592
2024-03-13T16:00,3600,0.0,0.10400704781999999,0.0,0.0,0.0,0.10400704781999999,137.43137065,104.00704782,55.89674538
2024-03-13T17:00,3600,0.0,0.023164148160000002,0.0,0.0,0.0,0.023164148160000002,40.60794798,23.16414816,16.459433
2024-03-13T18:00,3600,0.0,0.0,0.0,0.0,0.0,0.0,7.22155524,0.0,2.90460582
2024-03-13T19:00,3600,0.0,0.0,0.0,0.0,0.0,0.0,0.0,0.0,0.0
2024-03-13T20:00,3600,0.0,0.0,0.0,0.0,0.0,0.0,0.0,0.0,0.0
2024-03-13T21:00,3600,0.0,0.0,0.0,0.0,0.0,0.0,0.0,0.0,0.0
2024-03-13T22:00,3600,0.0,0.0,0.0,0.0,0.0,0.0,0.0,0.0,0.0
2024-03-13T23:00,3600,0.0,0.0,0.0,0.0,0.0,0.0,0.0,0.0,0.0
2024-03-14T00:00,3600,0.0,0.0,0.0,0.0,0.0,0.0,0.0,0.0,0.0
2024-03-14T01:00,3600,0.0,0.0,0.0,0.0,0.0,0.0,0.0,0.0,0.0
2024-03-14T02:00,3600,0.0,0.0,0.0,0.0,0.0,0.0,0.0,0.0,0.0
2024-03-14T03:00,3600,0.0,0.0,0.0,0.0,0.0,0.0,0.0,0.0,0.0
2024-03-14T04:00,3600,0.0,0.0,0.0,0.0,0.0,0.0,0.0,0.0,0.0
2024-03-14T05:00,3600,0.0,0.0,0.0,0.0,0.0,0.0,0.0,0.0,0.0
2024-03-14T06:00,3600,0.0,0.0,0.0,0.0,0.0,0.0,2.42575579,0.0,0.96820194
2024-03-14T07:00,3600,0.0,0.03762523575,0.0,0.0,0.0,0.03762523575,57.91709771,37.62523575,23.16499566
2024-03-14T08:00,3600,0.0,0.11422921052,0.0,0.0,0.0,0.11422921052,149.68439888,114.22921052,60.1034389
2024-03-14T09:00,3600,0.0,0.20012455581,0.0,0.0,0.0,0.20012455581,252.73567508,200.12455581,101.94233017
2024-03-14T10:00,3600,0.0,0.27842025851,0.0,0.0,0.0,0.27842025851,346.81136471,278.42025851,141.1138739
2024-03-14T11:00,3600,0.0,0.42001838052999996,0.0,0.0,0.0,0.42001838052999996,517.29338526,420.01838053,212.22498977
2024-03-14T12:00,3600,0.0,0.3090867944,0.0,0.0,0.0,0.3090867944,383.69556649,309.0867944,156.77005365
2024-03-14T13:00,3600,0.0,0.42974360122000005,0.0,0.0,0.0,0.42974360122000005,529.01881536,429.74360122,218.09135921
2024-03-14T14:00,3600,0.0,0.28138795523,0.0,0.0,0.0,0.28138795523,350.37985221,281.38795523,143.48855784
2024-03-14T15:00,3600,0.0,0.17316936349,0.0,0.0,0.0,0.17316936349,220.37919796,173.16936349,89.85480905
2024-03-14T16:00,3600,0.0,0.10117575501,0.0,0.0,0.0,0.10117575501,134.03798303,101.17575501,54.41425883
2024-03-14T17:00,3600,0.0,0.04417766381,0.0,0.0,0.0,0.04417766381,65.76151094,44.17766381,26.57031089
2024-03-14T18:00,3600,0.0,0.0,0.0,0.0,0.0,0.0,5.57240663,0.0,2.24043094
2024-03-14T19:00,3600,0.0,0.0,0.0,0.0,0.0,0.0,0.0,0.0,0.0
2024-03-14T20:00,3600,0.0,0.0,0.0,0.0,0.0,0.0,0.0,0.0,0.0
2024-03-14T21:00,3600,0.0,0.0,0.0,0.0,0.0,0.0,0.0,0.0,0.0
2024-03-14T22:00,3600,0.0,0.0,0.0,0.0,0.0,0.0,0.0,0.0,0.0
2024-03-14T23:00,3600,0.0,0.0,0.0,0.0,0.0,0.0,0.0,0.0,0.0
2024-03-15T00:00,3600,0.0,0.0,0.0,0.0,0.0,0.0,0.0,0.0,0.0
2024-03-15T01:00,3600,0.0,0.0,0.0,0.0,0.0,0.0,0.0,0.0,0.0
2024-03-15T02:00,3600,0.0,0.0,0.0,0.0,0.0,0.0,0.0,0.0,0.0
2024-03-15T03:00,3600,0.0,0.0,0.0,0.0,0.0,0.0,0.0,0.0,0.0
2024-03-15T04:00,3600,0.0,0.0,0.0,0.0,0.0,0.0,0.0,0.0,0.0
2024-03-15T05:00,3600,0.0,0.0,0.0,0.0,0.0,0.0,0.0,0.0,0.0
2024-03-15T06:00,3600,0.0,0.0,0.0,0.0,0.0,0.0,4.83123142,0.0,1.93640388
2024-03-15T07:00,3600,0.0,0.05045418999,0.0,0.0,0.0,0.05045418999,73.27650248,50.45418999,29.4605036
2024-03-15T08:00,3600,0.0,0.22219168021,0.0,0.0,0.0,0.22219168021,279.23655715,222.19168021,113.22602312
2024-03-15T09:00,3600,0.0,0.39671988334,0.0,0.0,0.0,0.39671988334,489.21162853,396.71988334,200.36642793
2024-03-15T10:00,3600,0.0,0.6393788375,0.0,0.0,0.0,0.6393788375,782.28645046,639.3788375,326.28876427
2024-03-15T11:00,3600,0.0,0.76480654739,0.0,0.0,0.0,0.76480654739,934.2948522,764.80654739,392.66028238
2024-03-15T12:00,3600,0.0,0.5828067238,0.0,0.0,0.0,0.5828067238,713.84220955,582.8067238,297.78708505
2024-03-15T13:00,3600,0.0,0.42016390042999996,0.0,0.0,0.0,0.42016390042999996,517.468819,420.16390043,214.43522095
2024-03-15T14:00,3600,0.0,0.42491217077000004,0.0,0.0,0.0,0.42491217077000004,523.19342869,424.91217077,216.77659256
2024-03-15T15:00,3600,0.0,0.11984269413,0.0,0.0,0.0,0.11984269413,156.4141058,119.84269413,63.90132813
2024-03-15T16:00,3600,0.0,0.05881134154,0.0,0.0,0.0,0.05881134154,83.28400156,58.81134154,33.88706795
2024-03-15T17:00,3600,0.0,0.01515971704,0.0,0.0,0.0,0.01515971704,31.02903801,15.15971704,12.58662524
2024-03-15T18:00,3600,0.0,0.0,0.0,0.0,0.0,0.0,2.39771475,0.0,0.96820194
2024-03-15T19:00,3600,0.0,0.0,0.0,0.0,0.0,0.0,0.0,0.0,0.0
2024-03-15T20:00,3600,0.0,0.0,0.0,0.0,0.0,0.0,0.0,0.0,0.0
2024-03-15T21:00,3600,0.0,0.0,0.0,0.0,0.0,0.0,0.0,0.0,0.0
2024-03-15T22:00,3600,0.0,0.0,0.0,0.0,0.0,0.0,0.0,0.0,0.0
2024-03-15T23:00,3600,0.0,0.0,0.0,0.0,0.0,0.0,0.0,0.0,0.0
2024-03-16T00:00,3600,0.0,0.0,0.0,0.0,0.0,0.0,0.0,0.0,0.0
2024-03-16T01:00,3600,0.0,0.0,0.0,0.0,0.0,0.0,0.0,0.0,0.0
2024-03-16T02:00,3600,0.0,0.0,0.0,0.0,0.0,0.0,0.0,0.0,0.0
2024-03-16T03:00,3600,0.0,0.0,0.0,0.0,0.0,0.0,0.0,0.0,0.0
2024-03-16T04:00,3600,0.0,0.0,0.0,0.0,0.0,0.0,0.0,0.0,0.0
2024-03-16T05:00,3600,0.0,0.0,0.0,0.0,0.0,0.0,0.0,0.0,0.0
2024-03-16T06:00,3600,0.0,0.0,0.0,0.0,0.0,0.0,2.40348514,0.0,0.96820194
2024-03-16T07:00,3600,0.0,0.038104314300000004,0.0,0.0,0.0,0.038104314300000004,58.49060748,38.1043143,23.61711633
2024-03-16T08:00,3600,0.0,0.18426344757000002,0.0,0.0,0.0,0.18426344757000002,233.69437443,184.26344757,95.00406452
2024-03-16T09:00,3600,0.0,0.40793316678999997,0.0,0.0,0.0,0.40793316678999997,502.72552286,407.93316679,206.8278345
2024-03-16T10:00,3600,0.0,0.38522693042,0.0,0.0,0.0,0.38522693042,475.36359862,385.22693042,196.75055293
2024-03-16T11:00,3600,0.0,0.59766103523,0.0,0.0,0.0,0.59766103523,731.80682206,597.66103523,306.10644936
2024-03-16T12:00,3600,0.0,0.8930763726500001,0.0,0.0,0.0,0.8930763726500001,1090.11853249,893.07637265,464.34548284
2024-03-16T13:00,3600,0.0,0.69998120094,0.0,0.0,0.0,0.69998120094,855.687082,699.98120094,364.81090879
2024-03-16T14:00,3600,0.0,0.79339517843,0.0,0.0,0.0,0.79339517843,968.99208364,793.39517843,414.54967303
2024-03-16T15:00,3600,0.0,0.49997691729,0.0,0.0,0.0,0.49997691729,613.76006256,499.97691729,258.70824328
2024-03-16T16:00,3600,0.0,0.38423135462999997,0.0,0.0,0.0,0.38423135462999997,474.16415327,384.23135463,198.67090352
2024-03-16T17:00,3600,0.0,0.13461724941,0.0,0.0,0.0,0.13461724941,174.12984644,134.61724941,72.07625277
2024-03-16T18:00,3600,0.0,0.004210390109999999,0.0,0.0,0.0,0.004210390109999999,17.92823691,4.21039011,7.32201334
2024-03-16T19:00,3600,0.0,0.0,0.0,0.0,0.0,0.0,0.0,0.0,0.0
2024-03-16T20:00,3600,0.0,0.0,0.0,0.0,0.0,0.0,0.0,0.0,0.0
2024-03-16T21:00,3600,0.0,0.0,0.0,0.0,0.0,0.0,0.0,0.0,0.0
2024-03-16T22:00,3600,0.0,0.0,0.0,0.0,0.0,0.0,0.0,0.0,0.0
2024-03-16T23:00,3600,0.0,0.0,0.0,0.0,0.0,0.0,0.0,0.0,0.0
2024-03-17T00:00,3600,0.0,0.0,0.0,0.0,0.0,0.0,0.0,0.0,0.0
2024-03-17T01:00,3600,0.0,0.0,0.0,0.0,0.0,0.0,0.0,0.0,0.0
2024-03-17T02:00,3600,0.0,0.0,0.0,0.0,0.0,0.0,0.0,0.0,0.0
2024-03-17T03:00,3600,0.0,0.0,0.0,0.0,0.0,0.0,0.0,0.0,0.0
2024-03-17T04:00,3600,0.0,0.0,0.0,0.0,0.0,0.0,0.0,0.0,0.0
2024-03-17T05:00,3600,0.0,0.0,0.0,0.0,0.0,0.0,0.0,0.0,0.0
2024-03-17T06:00,3600,0.0,0.0,0.0,0.0,0.0,0.0,4.76857031,0.0,1.93640388
2024-03-17T07:00,3600,0.0,0.07436394740999999,0.0,0.0,0.0,0.07436394740999999,101.91196871,74.36394741,41.55216074
2024-03-17T08:00,3600,0.0,0.22112875692,0.0,0.0,0.0,0.22112875692,277.9598231,221.12875692,114.10159362
2024-03-17T09:00,3600,0.0,0.60998051624,0.0,0.0,0.0,0.60998051624,746.70962248,609.98051624,312.16581436
2024-03-17T10:00,3600,0.0,0.7275363267599999,0.0,0.0,0.0,0.7275363267599999,889.08898262,727.53632676,378.2677563
2024-03-17T11:00,3600,0.0,0.82037464323,0.0,0.0,0.0,0.82037464323,1001.75342606,820.37464323,428.80377439
2024-03-17T12:00,3600,0.0,0.93463229014,0.0,0.0,0.0,0.93463229014,1140.68202165,934.63229014,491.43583498
2024-03-17T13:00,3600,0.0,0.64646028388,0.0,0.0,0.0,0.64646028388,790.85909304,646.46028388,337.98480963
2024-03-17T14:00,3600,0.0,0.27772849955999995,0.0,0.0,0.0,0.27772849955999995,345.97959176,277.72849956,145.23029121
2024-03-17T15:00,3600,0.0,0.19344799424,0.0,0.0,0.0,0.19344799424,244.71976913,193.44799424,102.39815127
2024-03-17T16:00,3600,0.0,0.08332636607000002,0.0,0.0,0.0,0.08332636607000002,112.64901885,83.32636607,46.78671229
2024-03-17T17:00,3600,0.0,0.07820289638,0.0,0.0,0.0,0.07820289638,106.51084492,78.20289638,44.25365038
2024-03-17T18:00,3600,0.0,0.00411945897,0.0,0.0,0.0,0.00411945897,17.81944935,4.11945897,7.29041476
2024-03-17T19:00,3600,0.0,0.0,0.0,0.0,0.0,0.0,0.0,0.0,0.0
2024-03-17T20:00,3600,0.0,0.0,0.0,0.0,0.0,0.0,0.0,0.0,0.0
2024-03-17T21:00,3600,0.0,0.0,0.0,0.0,0.0,0.0,0.0,0.0,0.0
2024-03-17T22:00,3600,0.0,0.0,0.0,0.0,0.0,0.0,0.0,0.0,0.0
2024-03-17T23:00,3600,0.0,0.0,0.0,0.0,0.0,0.0,0.0,0.0,0.0
2024-03-18T00:00,3600,0.0,0.0,0.0,0.0,0.0,0.0,0.0,0.0,0.0
2024-03-18T01:00,3600,0.0,0.0,0.0,0.0,0.0,0.0,0.0,0.0,0.0
2024-03-18T02:00,3600,0.0,0.0,0.0,0.0,0.0,0.0,0.0,0.0,0.0
2024-03-18T03:00,3600,0.0,0.0,0.0,0.0,0.0,0.0,0.0,0.0,0.0
2024-03-18T04:00,3600,0.0,0.0,0.0,0.0,0.0,0.0,0.0,0.0,0.0
2024-03-18T05:00,3600,0.0,0.0,0.0,0.0,0.0,0.0,0.0,0.0,0.0
2024-03-18T06:00,3600,0.0,0.0,0.0,0.0,0.0,0.0,9.54186595,0.0,3.87280777
2024-03-18T07:00,3600,0.0,0.12540582111,0.0,0.0,0.0,0.12540582111,163.0841264,125.40582111,66.63773141
2024-03-18T08:00,3600,0.0,0.36266119829,0.0,0.0,0.0,0.36266119829,448.18238485,362.66119829,185.55932544
2024-03-18T09:00,3600,0.0,0.62890250577,0.0,0.0,0.0,0.62890250577,769.60611596,628.90250577,321.88884619
2024-03-18T10:00,3600,0.0,0.7534443649999999,0.0,0.0,0.0,0.7534443649999999,920.51005998,753.444365,391.80421812
2024-03-18T11:00,3600,0.0,0.94381320128,0.0,0.0,0.0,0.94381320128,1151.85832362,943.81320128,495.61545134
2024-03-18T12:00,3600,0.0,0.97929213523,0.0,0.0,0.0,0.97929213523,1195.06654314,979.29213523,514.01334388
2024-03-18T13:00,3600,0.0,0.98957355939,0.0,0.0,0.0,0.98957355939,1207.59325785,989.57355939,521.30383176
2024-03-18T14:00,3600,0.0,0.35741852734,0.0,0.0,0.0,0.35741852734,441.86902925,357.41852734,185.16745374
2024-03-18T15:00,3600,0.0,0.47631750944999995,0.0,0.0,0.0,0.47631750944999995,585.20103594,476.31750945,246.59899723
2024-03-18T16:00,3600,0.0,0.40090615805999996,0.0,0.0,0.0,0.40090615805999996,494.25646585,400.90615806,206.97574354
2024-03-18T17:00,3600,0.0,0.13676106612000002,0.0,0.0,0.0,0.13676106612000002,176.70083384,136.76106612,73.19170368
2024-03-18T18:00,3600,0.0,0.00602193893,0.0,0.0,0.0,0.00602193893,20.09556285,6.02193893,8.22716612
2024-03-18T19:00,3600,0.0,0.0,0.0,0.0,0.0,0.0,0.0,0.0,0.0
2024-03-18T20:00,3600,0.0,0.0,0.0,0.0,0.0,0.0,0.0,0.0,0.0
2024-03-18T21:00,3600,0.0,0.0,0.0,0.0,0.0,0.0,0.0,0.0,0.0
2024-03-18T22:00,3600,0.0,0.0,0.0,0.0,0.0,0.0,0.0,0.0,0.0
2024-03-18T23:00,3600,0.0,0.0,0.0,0.0,0.0,0.0,0.0,0.0,0.0
2024-03-19T00:00,3600,0.0,0.0,0.0,0.0,0.0,0.0,0.0,0.0,0.0
2024-03-19T01:00,3600,0.0,0.0,0.0,0.0,0.0,0.0,0.0,0.0,0.0
2024-03-19T02:00,3600,0.0,0.0,0.0,0.0,0.0,0.0,0.0,0.0,0.0
2024-03-19T03:00,3600,0.0,0.0,0.0,0.0,0.0,0.0,0.0,0.0,0.0
2024-03-19T04:00,3600,0.0,0.0,0.0,0.0,0.0,0.0,0.0,0.0,0.0
2024-03-19T05:00,3600,0.0,0.0,0.0,0.0,0.0,0.0,0.0,0.0,0.0
2024-03-19T06:00,3600,0.0,0.0,0.0,0.0,0.0,0.0,4.83142332,0.0,1.93640388
2024-03-19T07:00,3600,0.0,0.0194805703,0.0,0.0,0.0,0.0194805703,36.19963301,19.4805703,14.52302912
2024-03-19T08:00,3600,0.0,0.053715047460000005,0.0,0.0,0.0,0.053715047460000005,77.18112316,53.71504746,30.98246212
2024-03-19T09:00,3600,0.0,0.13601556426,0.0,0.0,0.0,0.13601556426,175.80677397,136.01556426,70.67874172
2024-03-19T10:00,3600,0.0,0.15348047965000003,0.0,0.0,0.0,0.15348047965000003,196.75518055,153.48047965,79.39255919
2024-03-19T11:00,3600,0.0,0.27962837079,0.0,0.0,0.0,0.27962837079,348.26402784,279.62837079,141.22520726
2024-03-19T12:00,3600,0.0,0.6180105790699999,0.0,0.0,0.0,0.6180105790699999,756.42538599,618.01057907,310.90678739
2024-03-19T13:00,3600,0.0,0.6422991907800001,0.0,0.0,0.0,0.6422991907800001,785.82162811,642.29919078,326.56203701
2024-03-19T14:00,3600,0.0,1.3242250905200001,0.0,0.0,0.0,1.3242250905200001,1616.66760152,1324.22509052,692.9646574
2024-03-19T15:00,3600,0.0,1.15673203443,0.0,0.0,0.0,1.15673203443,1411.59969302,1156.73203443,601.04112451
2024-03-19T16:00,3600,0.0,0.7796209317499999,0.0,0.0,0.0,0.7796209317499999,952.27233382,779.62093175,400.20111032
2024-03-19T17:00,3600,0.0,0.34870050303,0.0,0.0,0.0,0.34870050303,431.37192178,348.70050303,178.40364103
2024-03-19T18:00,3600,0.0,0.015983705049999998,0.0,0.0,0.0,0.015983705049999998,32.01504053,15.98370505,12.97332978
2024-03-19T19:00,3600,0.0,0.0,0.0,0.0,0.0,0.0,0.0,0.0,0.0
2024-03-19T20:00,3600,0.0,0.0,0.0,0.0,0.0,0.0,0.0,0.0,0.0
2024-03-19T21:00,3600,0.0,0.0,0.0,0.0,0.0,0.0,0.0,0.0,0.0
2024-03-19T22:00,3600,0.0,0.0,0.0,0.0,0.0,0.0,0.0,0.0,0.0
2024-03-19T23:00,3600,0.0,0.0,0.0,0.0,0.0,0.0,0.0,0.0,0.0
2024-03-20T00:00,3600,0.0,0.0,0.0,0.0,0.0,0.0,0.0,0.0,0.0
2024-03-20T01:00,3600,0.0,0.0,0.0,0.0,0.0,0.0,0.0,0.0,0.0
2024-03-20T02:00,3600,0.0,0.0,0.0,0.0,0.0,0.0,0.0,0.0,0.0
2024-03-20T03:00,3600,0.0,0.0,0.0,0.0,0.0,0.0,0.0,0.0,0.0
2024-03-20T04:00,3600,0.0,0.0,0.0,0.0,0.0,0.0,0.0,0.0,0.0
2024-03-20T05:00,3600,0.0,0.0,0.0,0.0,0.0,0.0,0.0,0.0,0.0
2024-03-20T06:00,3600,0.0,0.00349252247,0.0,0.0,0.0,0.00349252247,17.0694043,3.49252247,6.79331262
2024-03-20T07:00,3600,0.0,0.28795286097,0.0,0.0,0.0,0.28795286097,358.27447437,287.95286097,144.36239603
2024-03-20T08:00,3600,0.0,0.7105995591900001,0.0,0.0,0.0,0.7105995591900001,868.55644949,710.59955919,357.15402691
2024-03-20T09:00,3600,0.0,1.1864575007000002,0.0,0.0,0.0,1.1864575007000002,1447.94577637,1186.4575007,609.00661653
2024-03-20T10:00,3600,0.0,1.51667329423,0.0,0.0,0.0,1.51667329423,1853.10435894,1516.67329423,806.22932583
2024-03-20T11:00,3600,0.0,1.71499570871,0.0,0.0,0.0,1.71499570871,2097.68007854,1714.99570871,924.87053208
2024-03-20T12:00,3600,0.0,1.76032671408,0.0,0.0,0.0,1.76032671408,2179.43540326,1760.32671408,968.26961719
2024-03-20T13:00,3600,0.0,1.7292187145099998,0.0,0.0,0.0,1.7292187145099998,2115.25646383,1729.21871451,949.5986143
2024-03-20T14:00,3600,0.0,1.52103207837,0.0,0.0,0.0,1.52103207837,1858.46961363,1521.03207837,827.77469731
2024-03-20T15:00,3600,0.0,1.13762084758,0.0,0.0,0.0,1.13762084758,1388.24283646,1137.62084758,605.55173403
2024-03-20T16:00,3600,0.0,0.6834082507499999,0.0,0.0,0.0,0.6834082507499999,835.6059116,683.40825075,355.50013352
2024-03-20T17:00,3600,0.0,0.29947664727,0.0,0.0,0.0,0.29947664727,372.13470762,299.47664727,155.20800506
2024-03-20T18:00,3600,0.0,0.01837674169,0.0,0.0,0.0,0.01837674169,34.87868594,18.37674169,14.18563222
2024-03-20T19:00,3600,0.0,0.0,0.0,0.0,0.0,0.0,0.0,0.0,0.0
2024-03-20T20:00,3600,0.0,0.0,0.0,0.0,0.0,0.0,0.0,0.0,0.0
2024-03-20T21:00,3600,0.0,0.0,0.0,0.0,0.0,0.0,0.0,0.0,0.0
2024-03-20T22:00,3600,0.0,0.0,0.0,0.0,0.0,0.0,0.0,0.0,0.0
2024-03-20T23:00,3600,0.0,0.0,0.0,0.0,0.0,0.0,0.0,0.0,0.0
2024-03-21T00:00,3600,0.0,0.0,0.0,0.0,0.0,0.0,0.0,0.0,0.0
2024-03-21T01:00,3600,0.0,0.0,0.0,0.0,0.0,0.0,0.0,0.0,0.0
2024-03-21T02:00,3600,0.0,0.0,0.0,0.0,0.0,0.0,0.0,0.0,0.0
2024-03-21T03:00,3600,0.0,0.0,0.0,0.0,0.0,0.0,0.0,0.0,0.0
2024-03-21T04:00,3600,0.0,0.0,0.0,0.0,0.0,0.0,0.0,0.0,0.0
2024-03-21T05:00,3600,0.0,0.0,0.0,0.0,0.0,0.0,0.0,0.0,0.0
2024-03-21T06:00,3600,0.0,0.0013641452400000001,0.0,0.0,0.0,0.0013641452400000001,14.52315177,1.36414524,5.82511068
2024-03-21T07:00,3600,0.0,0.22924658153,0.0,0.0,0.0,0.22924658153,287.71121004,229.24658153,116.49254317
2024-03-21T08:00,3600,0.0,0.6440612808599999,0.0,0.0,0.0,0.6440612808599999,787.95478582,644.06128086,325.64465984
2024-03-21T09:00,3600,0.0,0.9686692948800001,0.0,0.0,0.0,0.9686692948800001,1182.12641416,968.66929488,496.14315528
2024-03-21T10:00,3600,0.0,1.2382683778299999,0.0,0.0,0.0,1.2382683778299999,1511.34558199,1238.26837783,654.13918164
2024-03-21T11:00,3600,0.0,1.34848358194,0.0,0.0,0.0,1.34848358194,1646.42273967,1348.48358194,717.69738581
2024-03-21T12:00,3600,0.0,1.4998054031399999,0.0,0.0,0.0,1.4998054031399999,1832.34582461,1499.80540314,804.69282367
2024-03-21T13:00,3600,0.0,1.5871768374700002,0.0,0.0,0.0,1.5871768374700002,1939.94316947,1587.17683747,859.17244528
2024-03-21T14:00,3600,0.0,1.4053227523600003,0.0,0.0,0.0,1.4053227523600003,1716.19523842,1405.32275236,752.65056756
2024-03-21T15:00,3600,0.0,0.8829564751399999,0.0,0.0,0.0,0.8829564751399999,1077.81107404,882.95647514,460.89875639
2024-03-21T16:00,3600,0.0,0.59165270776,0.0,0.0,0.0,0.59165270776,724.53982859,591.65270776,305.33554937
2024-03-21T17:00,3600,0.0,0.25351105417,0.0,0.0,0.0,0.25351105417,316.86715292,253.51105417,131.41375537
2024-03-21T18:00,3600,0.0,0.01305409053,0.0,0.0,0.0,0.01305409053,28.50946558,13.05409053,11.62687493
2024-03-21T19:00,3600,0.0,0.0,0.0,0.0,0.0,0.0,0.0,0.0,0.0
2024-03-21T20:00,3600,0.0,0.0,0.0,0.0,0.0,0.0,0.0,0.0,0.0
2024-03-21T21:00,3600,0.0,0.0,0.0,0.0,0.0,0.0,0.0,0.0,0.0
2024-03-21T22:00,3600,0.0,0.0,0.0,0.0,0.0,0.0,0.0,0.0,0.0
2024-03-21T23:00,3600,0.0,0.0,0.0,0.0,0.0,0.0,0.0,0.0,0.0
2024-03-22T00:00,3600,0.0,0.0,0.0,0.0,0.0,0.0,0.0,0.0,0.0
2024-03-22T01:00,3600,0.0,0.0,0.0,0.0,0.0,0.0,0.0,0.0,0.0
2024-03-22T02:00,3600,0.0,0.0,0.0,0.0,0.0,0.0,0.0,0.0,0.0
2024-03-22T03:00,3600,0.0,0.0,0.0,0.0,0.0,0.0,0.0,0.0,0.0
2024-03-22T04:00,3600,0.0,0.0,0.0,0.0,0.0,0.0,0.0,0.0,0.0
2024-03-22T05:00,3600,0.0,0.0,0.0,0.0,0.0,0.0,0.0,0.0,0.0
2024-03-22T06:00,3600,0.0,0.0,0.0,0.0,0.0,0.0,11.99572245,0.0,4.84895922
2024-03-22T07:00,3600,0.0,0.16550269462,0.0,0.0,0.0,0.16550269462,211.17920878,165.50269462,86.03883588
2024-03-22T08:00,3600,0.0,0.44659303889,0.0,0.0,0.0,0.44659303889,549.33872569,446.59303889,226.90467996
2024-03-22T09:00,3600,0.0,0.76016373609,0.0,0.0,0.0,0.76016373609,928.66175944,760.16373609,390.11369591
2024-03-22T10:00,3600,0.0,0.9165952514,0.0,0.0,0.0,0.9165952514,1118.73043767,916.5952514,474.50183421
2024-03-22T11:00,3600,0.0,0.7448370992699999,0.0,0.0,0.0,0.7448370992699999,910.06953691,744.83709927,384.41610222
2024-03-22T12:00,3600,0.0,0.71804711313,0.0,0.0,0.0,0.71804711313,877.58435536,718.04711313,369.39880722
2024-03-22T13:00,3600,0.0,0.8023287090500001,0.0,0.0,0.0,0.8023287090500001,979.83828756,802.32870905,415.80950795
2024-03-22T14:00,3600,0.0,0.63426368828,0.0,0.0,0.0,0.63426368828,776.09486979,634.26368828,327.30082263
2024-03-22T15:00,3600,0.4817253452028874,0.28194954536,0.28194954536,0.1997757998428874,0.0,0.0,351.05515457,281.94954536,145.85363483
2024-03-22T16:00,3600,0.32014935185757964,0.37784893233000005,0.32014935185757964,0.0,0.0,0.05769958047242041,466.47529238,377.84893233,194.51712163
2024-03-22T17:00,3600,0.265207696070841,0.20625937899,0.20625937899,0.058948317080841,0.0,0.0,260.10203568,206.25937899,107.71571396
2024-03-22T18:00,3600,0.0,0.0156171587,0.0,0.0,0.0,0.0156171587,31.57642112,15.6171587,12.94641042
2024-03-22T19:00,3600,0.0,0.0,0.0,0.0,0.0,0.0,0.0,0.0,0.0
2024-03-22T20:00,3600,0.0,0.0,0.0,0.0,0.0,0.0,0.0,0.0,0.0
2024-03-22T21:00,3600,0.0,0.0,0.0,0.0,0.0,0.0,0.0,0.0,0.0
2024-03-22T22:00,3600,0.0,0.0,0.0,0.0,0.0,0.0,0.0,0.0,0.0
2024-03-22T23:00,3600,0.0,0.0,0.0,0.0,0.0,0.0,0.0,0.0,0.0
2024-03-23T00:00,3600,0.0,0.0,0.0,0.0,0.0,0.0,0.0,0.0,0.0
2024-03-23T01:00,3600,0.0,0.0,0.0,0.0,0.0,0.0,0.0,0.0,0.0
2024-03-23T02:00,3600,0.0,0.0,0.0,0.0,0.0,0.0,0.0,0.0,0.0
2024-03-23T03:00,3600,0.0,0.0,0.0,0.0,0.0,0.0,0.0,0.0,0.0
2024-03-23T04:00,3600,0.0,0.0,0.0,0.0,0.0,0.0,0.0,0.0,0.0
2024-03-23T05:00,3600,0.0,0.0,0.0,0.0,0.0,0.0,0.0,0.0,0.0
2024-03-23T06:00,3600,0.0,0.00115757998,0.0,0.0,0.0,0.00115757998,14.27603575,1.15757998,5.80921165
2024-03-23T07:00,3600,0.0,0.10481851865000001,0.0,0.0,0.0,0.10481851865000001,138.40397476,104.81851865,56.60366267
2024-03-23T08:00,3600,0.0,0.37095607231000005,0.0,0.0,0.0,0.37095607231000005,458.17253105,370.95607231,189.84486224
2024-03-23T09:00,3600,0.0,0.52126569709,0.0,0.0,0.0,0.52126569709,639.4682719,521.26569709,266.72096229
2024-03-23T10:00,3600,0.0,0.75386656924,0.0,0.0,0.0,0.75386656924,921.0222327,753.86656924,390.74906047
2024-03-23T11:00,3600,0.0,0.80031903702,0.0,0.0,0.0,0.80031903702,977.39818488,800.31903702,416.21620084
2024-03-23T12:00,3600,0.0,0.84782784011,0.0,0.0,0.0,0.84782784011,1035.10710739,847.82784011,441.09345758
2024-03-23T13:00,3600,0.0,0.77432009822,0.0,0.0,0.0,0.77432009822,945.83911643,774.32009822,404.72481047
2024-03-23T14:00,3600,0.0,0.6237047456899999,0.0,0.0,0.0,0.6237047456899999,763.31577647,623.70474569,324.55922724
2024-03-23T15:00,3600,0.0,0.4546062,0.0,0.0,0.0,0.4546062,559.0045846,454.6062,236.11845466
2024-03-23T16:00,3600,0.0,0.45530955853,0.0,0.0,0.0,0.45530955853,559.85307803,455.30955853,236.50164391
2024-03-23T17:00,3600,0.0,0.19114392273000003,0.0,0.0,0.0,0.19114392273000003,241.95372028,191.14392273,100.91060616
2024-03-23T18:00,3600,0.0,0.00951547804,0.0,0.0,0.0,0.00951547804,24.27541419,9.51547804,10.01315499
2024-03-23T19:00,3600,0.0,0.0,0.0,0.0,0.0,0.0,0.0,0.0,0.0
2024-03-23T20:00,3600,0.0,0.0,0.0,0.0,0.0,0.0,0.0,0.0,0.0
2024-03-23T21:00,3600,0.0,0.0,0.0,0.0,0.0,0.0,0.0,0.0,0.0
2024-03-23T22:00,3600,0.0,0.0,0.0,0.0,0.0,0.0,0.0,0.0,0.0
2024-03-23T23:00,3600,0.0,0.0,0.0,0.0,0.0,0.0,0.0,0.0,0.0
2024-03-24T00:00,3600,0.0,0.0,0.0,0.0,0.0,0.0,0.0,0.0,0.0
2024-03-24T01:00,3600,0.0,0.0,0.0,0.0,0.0,0.0,0.0,0.0,0.0
2024-03-24T02:00,3600,0.0,0.0,0.0,0.0,0.0,0.0,0.0,0.0,0.0
2024-03-24T03:00,3600,0.0,0.0,0.0,0.0,0.0,0.0,0.0,0.0,0.0
2024-03-24T04:00,3600,0.0,0.0,0.0,0.0,0.0,0.0,0.0,0.0,0.0
2024-03-24T05:00,3600,0.0,0.0,0.0,0.0,0.0,0.0,0.0,0.0,0.0
2024-03-24T06:00,3600,0.0,0.0,0.0,0.0,0.0,0.0,7.07070107,0.0,2.90460582
2024-03-24T07:00,3600,0.0,0.07785596298999999,0.0,0.0,0.0,0.07785596298999999,106.09522212,77.85596299,43.73131436
2024-03-24T08:00,3600,0.0,0.3666024931,0.0,0.0,0.0,0.3666024931,452.92899402,366.6024931,189.10897473
2024-03-24T09:00,3600,0.0,0.9007122437899999,0.0,0.0,0.0,0.9007122437899999,1099.40656286,900.71224379,470.45036198
2024-03-24T10:00,3600,0.0,1.05808345653,0.0,0.0,0.0,1.05808345653,1291.1269376,1058.08345653,562.18456516
2024-03-24T11:00,3600,0.0,1.29369111353,0.0,0.0,0.0,1.29369111353,1579.23471785,1293.69111353,695.92234616
2024-03-24T12:00,3600,0.0,1.2312174711000001,0.0,0.0,0.0,1.2312174711000001,1502.71385547,1231.2174711,660.07663697
2024-03-24T13:00,3600,0.0,1.26743748457,0.0,0.0,0.0,1.26743748457,1547.06680286,1267.43748457,683.94297077
2024-03-24T14:00,3600,0.0,1.06284768443,0.0,0.0,0.0,1.06284768443,1296.93997023,1062.84768443,568.51248054
2024-03-24T15:00,3600,0.0,0.7178019079099999,0.0,0.0,0.0,0.7178019079099999,877.28709814,717.80190791,378.92087044
2024-03-24T16:00,3600,0.0,0.45600051353999993,0.0,0.0,0.0,0.45600051353999993,560.6866193,456.00051354,239.0235479
2024-03-24T17:00,3600,0.0,0.24955205357,0.0,0.0,0.0,0.24955205357,312.10916831,249.55205357,131.90499738
2024-03-24T18:00,3600,0.0,0.01442389966,0.0,0.0,0.0,0.01442389966,30.14855499,14.42389966,12.52223861
2024-03-24T19:00,3600,0.0,0.0,0.0,0.0,0.0,0.0,0.0,0.0,0.0
2024-03-24T20:00,3600,0.0,0.0,0.0,0.0,0.0,0.0,0.0,0.0,0.0
2024-03-24T21:00,3600,0.0,0.0,0.0,0.0,0.0,0.0,0.0,0.0,0.0
2024-03-24T22:00,3600,0.0,0.0,0.0,0.0,0.0,0.0,0.0,0.0,0.0
2024-03-24T23:00,3600,0.0,0.0,0.0,0.0,0.0,0.0,0.0,0.0,0.0
2024-03-25T00:00,3600,0.0,0.0,0.0,0.0,0.0,0.0,0.0,0.0,0.0
2024-03-25T01:00,3600,0.0,0.0,0.0,0.0,0.0,0.0,0.0,0.0,0.0
2024-03-25T02:00,3600,0.0,0.0,0.0,0.0,0.0,0.0,0.0,0.0,0.0
2024-03-25T03:00,3600,0.0,0.0,0.0,0.0,0.0,0.0,0.0,0.0,0.0
2024-03-25T04:00,3600,0.0,0.0,0.0,0.0,0.0,0.0,0.0,0.0,0.0
2024-03-25T05:00,3600,0.0,0.0,0.0,0.0,0.0,0.0,0.0,0.0,0.0
2024-03-25T06:00,3600,0.0,0.0,0.0,0.0,0.0,0.0,9.4428404,0.0,3.88075728
2024-03-25T07:00,3600,0.0,0.09493174078,0.0,0.0,0.0,0.09493174078,126.55497081,94.93174078,52.22942549
2024-03-25T08:00,3600,1.0281228337594417,0.35626939939999996,0.35626939939999996,0.6718534343594418,0.0,0.0,440.48530244,356.2693994,183.76356426
2024-03-25T09:00,3600,1.0149339213029493,0.57260623242,0.57260623242,0.4423276888829494,0.0,0.0,701.50875,572.60623242,296.12428568
2024-03-25T10:00,3600,1.0295165199075822,0.88388168723,0.88388168723,0.14563483267758215,0.0,0.0,1078.93618637,883.88168723,466.58172531
2024-03-25T11:00,3600,1.016926339828301,0.8892350256,0.8892350256,0.12769131422830104,0.0,0.0,1085.44654643,889.2350256,468.76982992
2024-03-25T12:00,3600,0.8667375121760272,0.99288521121,0.8667375121760272,0.0,0.0,0.12614769903397272,1211.62863834,992.88521121,525.449203
2024-03-25T13:00,3600,0.7139082767127631,1.10055434306,0.7139082767127631,0.0,0.0,0.38664606634723686,1342.96600478,1100.55434306,587.95758242
2024-03-25T14:00,3600,0.7258629495416615,1.05979201618,0.7258629495416615,0.0,0.0,0.33392906663833855,1293.2115618,1059.79201618,567.4576351
2024-03-25T15:00,3600,0.6728803786685171,0.86417439297,0.6728803786685171,0.0,0.0,0.19129401430148285,1054.975202,864.17439297,459.05474408
2024-03-25T16:00,3600,0.5789258003081732,0.52284293636,0.52284293636,0.05608286394817319,0.0,0.0,641.37334233,522.84293636,275.33466912
2024-03-25T17:00,3600,0.5306215063689605,0.24338971652000002,0.24338971652000002,0.28723178984896053,0.0,0.0,304.70387244,243.38971652,129.31183012
2024-03-25T18:00,3600,0.0,0.01007219656,0.0,0.0,0.0,0.01007219656,24.94152574,10.07219656,10.36292298
2024-03-25T19:00,3600,0.0,0.0,0.0,0.0,0.0,0.0,0.0,0.0,0.0
2024-03-25T20:00,3600,0.0,0.0,0.0,0.0,0.0,0.0,0.0,0.0,0.0
2024-03-25T21:00,3600,0.0,0.0,0.0,0.0,0.0,0.0,0.0,0.0,0.0
2024-03-25T22:00,3600,0.0,0.0,0.0,0.0,0.0,0.0,0.0,0.0,0.0
2024-03-25T23:00,3600,0.0,0.0,0.0,0.0,0.0,0.0,0.0,0.0,0.0
2024-03-26T00:00,3600,0.0,0.0,0.0,0.0,0.0,0.0,0.0,0.0,0.0
2024-03-26T01:00,3600,0.0,0.0,0.0,0.0,0.0,0.0,0.0,0.0,0.0
2024-03-26T02:00,3600,0.0,0.0,0.0,0.0,0.0,0.0,0.0,0.0,0.0
2024-03-26T03:00,3600,0.0,0.0,0.0,0.0,0.0,0.0,0.0,0.0,0.0
2024-03-26T04:00,3600,0.0,0.0,0.0,0.0,0.0,0.0,0.0,0.0,0.0
2024-03-26T05:00,3600,0.0,0.0,0.0,0.0,0.0,0.0,0.0,0.0,0.0
2024-03-26T06:00,3600,0.0,0.0,0.0,0.0,0.0,0.0,7.12045845,0.0,2.90460582
2024-03-26T07:00,3600,0.0,0.06251516248,0.0,0.0,0.0,0.06251516248,87.71973241,62.51516248,35.87811554
2024-03-26T08:00,3600,0.0,0.1630932561,0.0,0.0,0.0,0.1630932561,208.28815438,163.0932561,85.50413855
2024-03-26T09:00,3600,0.0,0.31816444182,0.0,0.0,0.0,0.31816444182,394.61772098,318.16444182,162.95506832
2024-03-26T10:00,3600,0.385615265424849,0.5922654487100001,0.385615265424849,0.0,0.0,0.2066501832851511,725.28089343,592.26544871,306.16750443
2024-03-26T11:00,3600,0.3719769973659171,0.6274136339399999,0.3719769973659171,0.0,0.0,0.25543663657408283,767.80421789,627.41363394,324.8339429
2024-03-26T12:00,3600,0.41534738715070074,0.8396793492900001,0.41534738715070074,0.0,0.0,0.42433196213929936,1025.20547087,839.67934929,438.05697664
2024-03-26T13:00,3600,0.5858894629844094,1.20511446069,0.5858894629844094,0.0,0.0,0.6192249977055906,1470.76864943,1205.11446069,647.38543811
2024-03-26T14:00,3600,0.6622474013646177,1.41805195361,0.6622474013646177,0.0,0.0,0.7558045522453823,1731.83133244,1418.05195361,775.35453197
2024-03-26T15:00,3600,0.6155139433246648,1.1441390981100001,0.6155139433246648,0.0,0.0,0.5286251547853353,1396.20820125,1144.13909811,617.13360863
2024-03-26T16:00,3600,0.5233677277879745,0.74325150681,0.5233677277879745,0.0,0.0,0.2198837790220255,908.14641388,743.25150681,392.92968822
2024-03-26T17:00,3600,0.43441765469745547,0.31644264421,0.31644264421,0.11797501048745546,0.0,0.0,392.54592679,316.44264421,166.32573391
2024-03-26T18:00,3600,0.0,0.01615256132,0.0,0.0,0.0,0.01615256132,32.21709955,16.15256132,13.31882282
2024-03-26T19:00,3600,0.0,0.0,0.0,0.0,0.0,0.0,0.0,0.0,0.0
2024-03-26T20:00,3600,0.0,0.0,0.0,0.0,0.0,0.0,0.0,0.0,0.0
2024-03-26T21:00,3600,0.0,0.0,0.0,0.0,0.0,0.0,0.0,0.0,0.0
2024-03-26T22:00,3600,0.0,0.0,0.0,0.0,0.0,0.0,0.0,0.0,0.0
2024-03-26T23:00,3600,0.0,0.0,0.0,0.0,0.0,0.0,0.0,0.0,0.0
2024-03-27T00:00,3600,0.0,0.0,0.0,0.0,0.0,0.0,0.0,0.0,0.0
2024-03-27T01:00,3600,0.0,0.0,0.0,0.0,0.0,0.0,0.0,0.0,0.0
2024-03-27T02:00,3600,0.0,0.0,0.0,0.0,0.0,0.0,0.0,0.0,0.0
2024-03-27T03:00,3600,0.0,0.0,0.0,0.0,0.0,0.0,0.0,0.0,0.0
2024-03-27T04:00,3600,0.0,0.0,0.0,0.0,0.0,0.0,0.0,0.0,0.0
2024-03-27T05:00,3600,0.0,0.0,0.0,0.0,0.0,0.0,0.0,0.0,0.0
2024-03-27T06:00,3600,0.0,0.007062133229999999,0.0,0.0,0.0,0.007062133229999999,21.34007737,7.06213323,8.72176699
2024-03-27T07:00,3600,0.0,0.22693940305,0.0,0.0,0.0,0.22693940305,284.93960623,226.93940305,117.40555573
2024-03-27T08:00,3600,0.0,0.50860670659,0.0,0.0,0.0,0.50860670659,624.18011974,508.60670659,260.22153243
2024-03-27T09:00,3600,0.0,0.7894128687899999,0.0,0.0,0.0,0.7894128687899999,964.15774669,789.41286879,406.84826388
2024-03-27T10:00,3600,0.5587273141434282,0.74051654228,0.5587273141434282,0.0,0.0,0.18178922813657172,904.82938244,740.51654228,384.7304829
2024-03-27T11:00,3600,0.43111894436882603,0.71364481224,0.43111894436882603,0.0,0.0,0.28252586787117395,872.24774513,713.64481224,370.26588958
2024-03-27T12:00,3600,0.45089826787891585,0.76629801348,0.45089826787891585,0.0,0.0,0.3153997456010842,936.10454256,766.29801348,398.38438874
2024-03-27T13:00,3600,0.4689600469889475,0.59732339549,0.4689600469889475,0.0,0.0,0.12836334850105252,731.3984296,597.32339549,310.61747461
2024-03-27T14:00,3600,0.4698392067542503,0.54914295223,0.4698392067542503,0.0,0.0,0.0793037454757497,673.14809574,549.14295223,285.42460227
2024-03-27T15:00,3600,0.48514820479473003,0.59318807336,0.48514820479473003,0.0,0.0,0.10803986856526998,726.39675568,593.18807336,308.83640766
2024-03-27T16:00,3600,0.4317788203947053,0.38739542697,0.38739542697,0.044383393424705264,0.0,0.0,477.97622673,387.39542697,201.17684613
2024-03-27T17:00,3600,0.37531801068314385,0.16128115462,0.16128115462,0.21403685606314385,0.0,0.0,206.11392136,161.28115462,85.96926111
2024-03-27T18:00,3600,0.0,0.01690933034,0.0,0.0,0.0,0.01690933034,33.12268219,16.90933034,13.66309821
2024-03-27T19:00,3600,0.0,0.0,0.0,0.0,0.0,0.0,0.0,0.0,0.0
2024-03-27T20:00,3600,0.0,0.0,0.0,0.0,0.0,0.0,0.0,0.0,0.0
2024-03-27T21:00,3600,0.0,0.0,0.0,0.0,0.0,0.0,0.0,0.0,0.0
2024-03-27T22:00,3600,0.0,0.0,0.0,0.0,0.0,0.0,0.0,0.0,0.0
2024-03-27T23:00,3600,0.0,0.0,0.0,0.0,0.0,0.0,0.0,0.0,0.0
2024-03-28T00:00,3600,0.0,0.0,0.0,0.0,0.0,0.0,0.0,0.0,0.0
2024-03-28T01:00,3600,0.0,0.0,0.0,0.0,0.0,0.0,0.0,0.0,0.0
2024-03-28T02:00,3600,0.0,0.0,0.0,0.0,0.0,0.0,0.0,0.0,0.0
2024-03-28T03:00,3600,0.0,0.0,0.0,0.0,0.0,0.0,0.0,0.0,0.0
2024-03-28T04:00,3600,0.0,0.0,0.0,0.0,0.0,0.0,0.0,0.0,0.0
2024-03-28T05:00,3600,0.0,0.0,0.0,0.0,0.0,0.0,0.0,0.0,0.0
2024-03-28T06:00,3600,0.0,0.00113593784,0.0,0.0,0.0,0.00113593784,14.25014511,1.13593784,5.81716116
2024-03-28T07:00,3600,0.0,0.06633951734,0.0,0.0,0.0,0.06633951734,92.30013133,66.33951734,37.83932378
2024-03-28T08:00,3600,0.0,0.10554700013000001,0.0,0.0,0.0,0.10554700013000001,139.27712268,105.54700013,57.1963478
2024-03-28T09:00,3600,0.0,0.2879762336,0.0,0.0,0.0,0.2879762336,358.30258282,287.9762336,148.40340511
2024-03-28T10:00,3600,0.0,0.8728210476199999,0.0,0.0,0.0,0.8728210476199999,1065.48708372,872.82104762,459.10955504
2024-03-28T11:00,3600,0.8037156496925082,1.1843456476399998,0.8037156496925082,0.0,0.0,0.38062999794749164,1445.3628797,1184.34564764,634.96664335
2024-03-28T12:00,3600,0.6638880096100463,1.1640431515,0.6638880096100463,0.0,0.0,0.5001551418899537,1420.5372709,1164.0431515,625.35019564
2024-03-28T13:00,3600,0.6655674240631401,1.0544112966,0.6655674240631401,0.0,0.0,0.38884387253686004,1286.64674151,1054.4112966,565.37586867
2024-03-28T14:00,3600,0.6405206268829008,1.03114201843,0.6405206268829008,0.0,0.0,0.3906213915470992,1258.26446163,1031.14201843,551.18204067
2024-03-28T15:00,3600,0.577691890788987,0.72807568426,0.577691890788987,0.0,0.0,0.15038379347101305,889.74295575,728.07568426,384.00245079
2024-03-28T16:00,3600,0.5137327346806297,0.42247436995,0.42247436995,0.09125836473062976,0.0,0.0,520.25430429,422.47436995,221.39701527
2024-03-28T17:00,3600,0.4535705066492432,0.15970287497000002,0.15970287497000002,0.2938676316792432,0.0,0.0,204.22029623,159.70287497,85.65394242
2024-03-28T18:00,3600,0.0,0.01722973871,0.0,0.0,0.0,0.01722973871,33.50610052,17.22973871,13.83754073
2024-03-28T19:00,3600,0.0,0.0,0.0,0.0,0.0,0.0,0.0,0.0,0.0
2024-03-28T20:00,3600,0.0,0.0,0.0,0.0,0.0,0.0,0.0,0.0,0.0
2024-03-28T21:00,3600,0.0,0.0,0.0,0.0,0.0,0.0,0.0,0.0,0.0
2024-03-28T22:00,3600,0.0,0.0,0.0,0.0,0.0,0.0,0.0,0.0,0.0
2024-03-28T23:00,3600,0.0,0.0,0.0,0.0,0.0,0.0,0.0,0.0,0.0
2024-03-29T00:00,3600,0.0,0.0,0.0,0.0,0.0,0.0,0.0,0.0,0.0
2024-03-29T01:00,3600,0.0,0.0,0.0,0.0,0.0,0.0,0.0,0.0,0.0
2024-03-29T02:00,3600,0.0,0.0,0.0,0.0,0.0,0.0,0.0,0.0,0.0
2024-03-29T03:00,3600,0.0,0.0,0.0,0.0,0.0,0.0,0.0,0.0,0.0
2024-03-29T04:00,3600,0.0,0.0,0.0,0.0,0.0,0.0,0.0,0.0,0.0
2024-03-29T05:00,3600,0.0,0.0,0.0,0.0,0.0,0.0,0.0,0.0,0.0
2024-03-29T06:00,3600,0.0,0.00711197976,0.0,0.0,0.0,0.00711197976,21.3997156,7.11197976,8.71381747
2024-03-29T07:00,3600,0.0,0.18466947873999998,0.0,0.0,0.0,0.18466947873999998,234.18174662,184.66947874,96.2050517
2024-03-29T08:00,3600,0.0,0.5239201516399999,0.0,0.0,0.0,0.5239201516399999,642.67449029,523.92015164,268.78866504
2024-03-29T09:00,3600,0.0,0.89949830577,0.0,0.0,0.0,0.89949830577,1097.92987782,899.49830577,469.11612824
2024-03-29T10:00,3600,0.0,1.0807317486899999,0.0,0.0,0.0,1.0807317486899999,1318.76575643,1080.73174869,579.0434969
2024-03-29T11:00,3600,0.9462357569357325,1.34138614981,0.9462357569357325,0.0,0.0,0.39515039287426745,1637.71569115,1341.38614981,733.44001399
2024-03-29T12:00,3600,0.8934874596375418,1.4890486060500001,0.8934874596375418,0.0,0.0,0.5955611464124583,1819.11146333,1489.04860605,828.7477307
2024-03-29T13:00,3600,0.7356313720990406,1.2081410966200001,0.7356313720990406,0.0,0.0,0.4725097245209595,1474.47186959,1208.14109662,666.76823758
2024-03-29T14:00,3600,0.7446095406708159,1.26415685757,0.7446095406708159,0.0,0.0,0.5195473168991841,1543.04826932,1264.15685757,699.01518679
2024-03-29T15:00,3600,0.6440213716104057,0.84568533022,0.6440213716104057,0.0,0.0,0.2016639586095943,1032.50348974,845.68533022,454.6884797
2024-03-29T16:00,3600,0.5355302777224717,0.41103173629,0.41103173629,0.12449854143247174,0.0,0.0,506.46031605,411.03173629,216.73721083
2024-03-29T17:00,3600,0.4594265439963578,0.12227895803,0.12227895803,0.3371475859663578,0.0,0.0,159.3350286,122.27895803,66.91878557
2024-03-29T18:00,3600,0.0,0.012856328100000002,0.0,0.0,0.0,0.012856328100000002,28.27282994,12.8563281,11.69893067
2024-03-29T19:00,3600,0.0,0.0,0.0,0.0,0.0,0.0,0.0,0.0,0.0
2024-03-29T20:00,3600,0.0,0.0,0.0,0.0,0.0,0.0,0.0,0.0,0.0
2024-03-29T21:00,3600,0.0,0.0,0.0,0.0,0.0,0.0,0.0,0.0,0.0
2024-03-29T22:00,3600,0.0,0.0,0.0,0.0,0.0,0.0,0.0,0.0,0.0
2024-03-29T23:00,3600,0.0,0.0,0.0,0.0,0.0,0.0,0.0,0.0,0.0
2024-03-30T00:00,3600,0.0,0.0,0.0,0.0,0.0,0.0,0.0,0.0,0.0
2024-03-30T01:00,3600,0.0,0.0,0.0,0.0,0.0,0.0,0.0,0.0,0.0
2024-03-30T02:00,3600,0.0,0.0,0.0,0.0,0.0,0.0,0.0,0.0,0.0
2024-03-30T03:00,3600,0.0,0.0,0.0,0.0,0.0,0.0,0.0,0.0,0.0
2024-03-30T04:00,3600,0.0,0.0,0.0,0.0,0.0,0.0,0.0,0.0,0.0
2024-03-30T05:00,3600,0.0,0.0,0.0,0.0,0.0,0.0,0.0,0.0,0.0
2024-03-30T06:00,3600,0.0,0.00906490424,0.0,0.0,0.0,0.00906490424,23.73630936,9.06490424,9.68996893
2024-03-30T07:00,3600,0.0,0.16260493333,0.0,0.0,0.0,0.16260493333,207.70223775,162.60493333,85.53399423
2024-03-30T08:00,3600,0.0,0.35076077335,0.0,0.0,0.0,0.35076077335,433.85247776,350.76077335,180.5607186
2024-03-30T09:00,3600,0.0,0.77890954917,0.0,0.0,0.0,0.77890954917,951.4089458,778.90954917,404.30496883
2024-03-30T10:00,3600,0.0,1.03865522605,0.0,0.0,0.0,1.03865522605,1267.42719,1038.65522605,550.57417515
2024-03-30T11:00,3600,0.0,1.14913373165,0.0,0.0,0.0,1.14913373165,1402.31236096,1149.13373165,612.9126629
2024-03-30T12:00,3600,0.0,1.2216547716400001,0.0,0.0,0.0,1.2216547716400001,1491.00904898,1221.65477164,653.75044468
2024-03-30T13:00,3600,0.0,1.18225066289,0.0,0.0,0.0,1.18225066289,1442.80071662,1182.25066289,633.75505626
2024-03-30T14:00,3600,0.0,0.61862522346,0.0,0.0,0.0,0.61862522346,757.16911886,618.62522346,324.36757452
2024-03-30T15:00,3600,0.0,0.26685546207,0.0,0.0,0.0,0.26685546207,332.90721452,266.85546207,140.35715777
2024-03-30T16:00,3600,0.0,0.20552328995,0.0,0.0,0.0,0.20552328995,259.21813627,205.52328995,108.92511993
2024-03-30T17:00,3600,0.0,0.08998777982,0.0,0.0,0.0,0.08998777982,120.63058834,89.98777982,50.36307731
2024-03-30T18:00,3600,0.0,0.02086571374,0.0,0.0,0.0,0.02086571374,37.85726604,20.86571374,15.62602066
2024-03-30T19:00,3600,0.0,0.0,0.0,0.0,0.0,0.0,0.0,0.0,0.0
2024-03-30T20:00,3600,0.0,0.0,0.0,0.0,0.0,0.0,0.0,0.0,0.0
2024-03-30T21:00,3600,0.0,0.0,0.0,0.0,0.0,0.0,0.0,0.0,0.0
2024-03-30T22:00,3600,0.0,0.0,0.0,0.0,0.0,0.0,0.0,0.0,0.0
2024-03-30T23:00,3600,0.0,0.0,0.0,0.0,0.0,0.0,0.0,0.0,0.0
2024-03-31T00:00,3600,0.0,0.0,0.0,0.0,0.0,0.0,0.0,0.0,0.0
2024-03-31T01:00,3600,0.0,0.0,0.0,0.0,0.0,0.0,0.0,0.0,0.0
2024-03-31T02:00,3600,0.0,0.0,0.0,0.0,0.0,0.0,0.0,0.0,0.0
2024-03-31T03:00,3600,0.0,0.0,0.0,0.0,0.0,0.0,0.0,0.0,0.0
2024-03-31T04:00,3600,0.0,0.0,0.0,0.0,0.0,0.0,0.0,0.0,0.0
2024-03-31T05:00,3600,0.0,0.0,0.0,0.0,0.0,0.0,0.0,0.0,0.0
2024-03-31T06:00,3600,0.0,0.0,0.0,0.0,0.0,0.0,11.70818436,0.0,4.84100971
2024-03-31T07:00,3600,0.0,0.05556281797,0.0,0.0,0.0,0.05556281797,79.39378661,55.56281797,32.91886601
2024-03-31T08:00,3600,0.0,0.22929138456000003,0.0,0.0,0.0,0.22929138456000003,287.76503289,229.29138456,120.42875547
2024-03-31T09:00,3600,0.0,0.57162012925,0.0,0.0,0.0,0.57162012925,700.31657265,571.62012925,297.5372562
2024-03-31T10:00,3600,0.0,0.5632897008400001,0.0,0.0,0.0,0.5632897008400001,690.24614009,563.28970084,295.25860498
2024-03-31T11:00,3600,0.0,0.81359324078,0.0,0.0,0.0,0.81359324078,993.51715945,813.59324078,430.71817531
2024-03-31T12:00,3600,0.0,1.19253455562,0.0,0.0,0.0,1.19253455562,1455.3788843,1192.53455562,645.69113366
2024-03-31T13:00,3600,0.0,1.2035785350500001,0.0,0.0,0.0,1.2035785350500001,1468.88945978,1203.57853505,658.98859481
2024-03-31T14:00,3600,0.0,0.98825793603,0.0,0.0,0.0,0.98825793603,1205.99018831,988.25793603,536.32973441
2024-03-31T15:00,3600,0.0,0.55676595637,0.0,0.0,0.0,0.55676595637,682.36085143,556.76595637,295.98687803
2024-03-31T16:00,3600,0.0,0.36618632074999996,0.0,0.0,0.0,0.36618632074999996,452.42776994,366.18632075,192.58433872
2024-03-31T17:00,3600,0.0,0.13076414141999998,0.0,0.0,0.0,0.13076414141999998,169.50923356,130.76414142,70.94983813
2024-03-31T18:00,3600,0.0,0.00506960122,0.0,0.0,0.0,0.00506960122,18.9561829,5.06960122,7.85459449
2024-03-31T19:00,3600,0.0,0.0,0.0,0.0,0.0,0.0,0.0,0.0,0.0
2024-03-31T20:00,3600,0.0,0.0,0.0,0.0,0.0,0.0,0.0,0.0,0.0
2024-03-31T21:00,3600,0.0,0.0,0.0,0.0,0.0,0.0,0.0,0.0,0.0
2024-03-31T22:00,3600,0.0,0.0,0.0,0.0,0.0,0.0,0.0,0.0,0.0
2024-03-31T23:00,3600,0.0,0.0,0.0,0.0,0.0,0.0,0.0,0.0,0.0
2024-04-01T00:00,3600,0.0,0.0,0.0,0.0,0.0,0.0,0.0,0.0,0.0
2024-04-01T01:00,3600,0.0,0.0,0.0,0.0,0.0,0.0,0.0,0.0,0.0
2024-04-01T02:00,3600,0.0,0.0,0.0,0.0,0.0,0.0,0.0,0.0,0.0
2024-04-01T03:00,3600,0.0,0.0,0.0,0.0,0.0,0.0,0.0,0.0,0.0
2024-04-01T04:00,3600,0.0,0.0,0.0,0.0,0.0,0.0,0.0,0.0,0.0
2024-04-01T05:00,3600,0.0,0.0,0.0,0.0,0.0,0.0,0.0,0.0,0.0
2024-04-01T06:00,3600,0.0,0.0,0.0,0.0,0.0,0.0,9.42341409,0.0,3.87280777
2024-04-01T07:00,3600,0.0,0.05790365293,0.0,0.0,0.0,0.05790365293,82.196991,57.90365293,33.88451091
2024-04-01T08:00,3600,1.0870588235294116,0.15182977009,0.15182977009,0.9352290534394117,0.0,0.0,194.77493878,151.82977009,80.77432012
2024-04-01T09:00,3600,1.0870588235294116,0.44475702448,0.44475702448,0.6423017990494116,0.0,0.0,547.12423957,444.75702448,230.14631881
2024-04-01T10:00,3600,1.0870588235294116,0.48128244861,0.48128244861,0.6057763749194116,0.0,0.0,591.19312137,481.28244861,251.09560609
2024-04-01T11:00,3600,1.0870588235294116,0.673340179,0.673340179,0.41371864452941165,0.0,0.0,823.40963814,673.340179,351.91155477
2024-04-01T12:00,3600,1.0870588235294116,0.6968666964200001,0.6968666964200001,0.39019212710941154,0.0,0.0,851.9128125,696.86669642,364.7046278
2024-04-01T13:00,3600,1.0870588235294116,0.743404525,0.743404525,0.34365429852941165,0.0,0.0,908.33200308,743.404525,389.37151789
2024-04-01T14:00,3600,0.8915821651561665,1.1552785531899998,0.8915821651561665,0.0,0.0,0.26369638803383333,1409.82301289,1155.27855319,612.95514691
2024-04-01T15:00,3600,0.6955478676470589,0.7586709635500001,0.6955478676470589,0.0,0.0,0.06312309590294118,926.85069259,758.67096355,396.37306177
2024-04-01T16:00,3600,0.621753007654869,0.52386325951,0.52386325951,0.09788974814486895,0.0,0.0,642.60577072,523.86325951,271.76654152
2024-04-01T17:00,3600,0.5437746672088254,0.26492879305000006,0.26492879305000006,0.27884587415882534,0.0,0.0,330.5911026,264.92879305,138.44626268
2024-04-01T18:00,3600,0.0,0.012812310139999998,0.0,0.0,0.0,0.012812310139999998,28.2201597,12.81231014,11.78530766
2024-04-01T19:00,3600,0.0,0.0,0.0,0.0,0.0,0.0,0.0,0.0,0.0
2024-04-01T20:00,3600,0.0,0.0,0.0,0.0,0.0,0.0,0.0,0.0,0.0
2024-04-01T21:00,3600,0.0,0.0,0.0,0.0,0.0,0.0,0.0,0.0,0.0
2024-04-01T22:00,3600,0.0,0.0,0.0,0.0,0.0,0.0,0.0,0.0,0.0
2024-04-01T23:00,3600,0.0,0.0,0.0,0.0,0.0,0.0,0.0,0.0,0.0
2024-04-02T00:00,3600,0.0,0.0,0.0,0.0,0.0,0.0,0.0,0.0,0.0
2024-04-02T01:00,3600,0.0,0.0,0.0,0.0,0.0,0.0,0.0,0.0,0.0
2024-04-02T02:00,3600,0.0,0.0,0.0,0.0,0.0,0.0,0.0,0.0,0.0
2024-04-02T03:00,3600,0.0,0.0,0.0,0.0,0.0,0.0,0.0,0.0,0.0
2024-04-02T04:00,3600,0.0,0.0,0.0,0.0,0.0,0.0,0.0,0.0,0.0
2024-04-02T05:00,3600,0.0,0.0,0.0,0.0,0.0,0.0,0.0,0.0,0.0
2024-04-02T06:00,3600,0.0,0.00878530796,0.0,0.0,0.0,0.00878530796,23.40177881,8.78530796,9.68996893
2024-04-02T07:00,3600,0.0,0.18058419344,0.0,0.0,0.0,0.18058419344,229.2782139,180.58419344,95.66740104
2024-04-02T08:00,3600,0.9063742040782629,0.46372159287,0.46372159287,0.4426526112082629,0.0,0.0,570.00175693,463.72159287,240.3107856
2024-04-02T09:00,3600,0.6349770031158586,0.79302121864,0.6349770031158586,0.0,0.0,0.15804421552414138,968.53809862,793.02121864,413.29217947
2024-04-02T10:00,3600,0.7437046567593573,1.01223490275,0.7437046567593573,0.0,0.0,0.2685302459906427,1235.21207656,1012.23490275,535.48250217
2024-04-02T11:00,3600,0.7625717965712965,1.10368489327,0.7625717965712965,0.0,0.0,0.3411130966987036,1346.78874512,1103.68489327,586.03738575
2024-04-02T12:00,3600,0.7888181116636633,1.2020470419000002,0.7888181116636633,0.0,0.0,0.4132289302363369,1467.01574811,1202.0470419,641.79923953
2024-04-02T13:00,3600,0.7883499494777947,1.14426942096,0.7883499494777947,0.0,0.0,0.35591947148220526,1396.36746711,1144.26942096,612.35931779
2024-04-02T14:00,3600,0.7439096639374694,0.93332167251,0.7439096639374694,0.0,0.0,0.1894120085725306,1139.08671096,933.32167251,495.2339154
2024-04-02T15:00,3600,0.7003906959026629,0.74849165291,0.7003906959026629,0.0,0.0,0.048100957007337075,914.50226607,748.49165291,394.78643657
2024-04-02T16:00,3600,0.6398543369909724,0.49607978942,0.49607978942,0.1437745475709724,0.0,0.0,609.05501551,496.07978942,260.03911602
2024-04-02T17:00,3600,0.5596942222408993,0.20625134498,0.20625134498,0.3534428772608993,0.0,0.0,260.09238834,206.25134498,109.87821813
2024-04-02T18:00,3600,0.0,0.01469246818,0.0,0.0,0.0,0.01469246818,30.46992416,14.69246818,12.70363622
2024-04-02T19:00,3600,0.0,0.0,0.0,0.0,0.0,0.0,0.0,0.0,0.0
2024-04-02T20:00,3600,0.0,0.0,0.0,0.0,0.0,0.0,0.0,0.0,0.0
2024-04-02T21:00,3600,0.0,0.0,0.0,0.0,0.0,0.0,0.0,0.0,0.0
2024-04-02T22:00,3600,0.0,0.0,0.0,0.0,0.0,0.0,0.0,0.0,0.0
2024-04-02T23:00,3600,0.0,0.0,0.0,0.0,0.0,0.0,0.0,0.0,0.0
2024-04-03T00:00,3600,0.0,0.0,0.0,0.0,0.0,0.0,0.0,0.0,0.0
2024-04-03T01:00,3600,0.0,0.0,0.0,0.0,0.0,0.0,0.0,0.0,0.0
2024-04-03T02:00,3600,0.0,0.0,0.0,0.0,0.0,0.0,0.0,0.0,0.0
2024-04-03T03:00,3600,0.0,0.0,0.0,0.0,0.0,0.0,0.0,0.0,0.0
2024-04-03T04:00,3600,0.0,0.0,0.0,0.0,0.0,0.0,0.0,0.0,0.0
2024-04-03T05:00,3600,0.0,0.0,0.0,0.0,0.0,0.0,0.0,0.0,0.0
2024-04-03T06:00,3600,0.0,0.008861318029999999,0.0,0.0,0.0,0.008861318029999999,23.49272294,8.86131803,9.69791844
2024-04-03T07:00,3600,0.0,0.11177489522,0.0,0.0,0.0,0.11177489522,146.74226845,111.77489522,60.87827343
2024-04-03T08:00,3600,0.6808625315046728,0.28290264789,0.28290264789,0.39795988361467277,0.0,0.0,352.2012598,282.90264789,147.19274584
2024-04-03T09:00,3600,0.551564821669661,0.52365644103,0.52365644103,0.027908380639661057,0.0,0.0,642.35595683,523.65644103,270.97075228
2024-04-03T10:00,3600,0.7149229199626225,0.92671674671,0.7149229199626225,0.0,0.0,0.21179382674737757,1131.04766108,926.71674671,488.55356067
2024-04-03T11:00,3600,0.6510636431522813,0.64973094929,0.64973094929,0.0013326938622812978,0.0,0.0,794.8188716,649.73094929,339.91617438
2024-04-03T12:00,3600,0.7599055612265992,1.14664313822,0.7599055612265992,0.0,0.0,0.3867375769934007,1399.26842536,1146.64313822,611.16466477
2024-04-03T13:00,3600,0.816411812923565,1.23494046242,0.816411812923565,0.0,0.0,0.418528649496435,1507.27139986,1234.94046242,663.04777565
2024-04-03T14:00,3600,0.7258878762935586,0.8933742102300001,0.7258878762935586,0.0,0.0,0.16748633393644152,1090.48078754,893.37421023,471.71177606
2024-04-03T15:00,3600,0.6841241249950893,0.70391172681,0.6841241249950893,0.0,0.0,0.019787601814910682,860.45055019,703.91172681,369.32848219
2024-04-03T16:00,3600,0.6574920572967924,0.54463562549,0.54463562549,0.11285643180679239,0.0,0.0,667.70139696,544.63562549,284.8569274
2024-04-03T17:00,3600,0.5949547248144224,0.22659887135,0.22659887135,0.36835585346442234,0.0,0.0,284.5305369,226.59887135,120.04740475
2024-04-03T18:00,3600,0.0,0.014628636970000001,0.0,0.0,0.0,0.014628636970000001,30.39354357,14.62863697,12.65510724
2024-04-03T19:00,3600,0.0,0.0,0.0,0.0,0.0,0.0,0.0,0.0,0.0
2024-04-03T20:00,3600,0.0,0.0,0.0,0.0,0.0,0.0,0.0,0.0,0.0
2024-04-03T21:00,3600,0.0,0.0,0.0,0.0,0.0,0.0,0.0,0.0,0.0
2024-04-03T22:00,3600,0.0,0.0,0.0,0.0,0.0,0.0,0.0,0.0,0.0
2024-04-03T23:00,3600,0.0,0.0,0.0,0.0,0.0,0.0,0.0,0.0,0.0
2024-04-04T00:00,3600,0.0,0.0,0.0,0.0,0.0,0.0,0.0,0.0,0.0
2024-04-04T01:00,3600,0.0,0.0,0.0,0.0,0.0,0.0,0.0,0.0,0.0
2024-04-04T02:00,3600,0.0,0.0,0.0,0.0,0.0,0.0,0.0,0.0,0.0
2024-04-04T03:00,3600,0.0,0.0,0.0,0.0,0.0,0.0,0.0,0.0,0.0
2024-04-04T04:00,3600,0.0,0.0,0.0,0.0,0.0,0.0,0.0,0.0,0.0
2024-04-04T05:00,3600,0.0,0.0,0.0,0.0,0.0,0.0,0.0,0.0,0.0
2024-04-04T06:00,3600,0.0,0.0029831585500000005,0.0,0.0,0.0,0.0029831585500000005,16.46002532,2.98315855,6.8023511
2024-04-04T07:00,3600,0.0,0.09173883036,0.0,0.0,0.0,0.09173883036,122.72882289,91.73883036,50.94705239
2024-04-04T08:00,3600,0.6805824761975368,0.22898805493,0.22898805493,0.4515944212675368,0.0,0.0,287.40063726,228.98805493,120.16283366
2024-04-04T09:00,3600,0.6163786911764706,0.64452966302,0.6163786911764706,0.0,0.0,0.028150971843529438,788.52181352,644.52966302,336.59357336
2024-04-04T10:00,3600,0.7481691941176472,0.9567677813400001,0.7481691941176472,0.0,0.0,0.20859858722235292,1167.63176978,956.76778134,510.67480427
2024-04-04T11:00,3600,0.7680933341150031,0.9261221468299999,0.7680933341150031,0.0,0.0,0.1580288127149968,1130.32400528,926.12214683,495.00144141
2024-04-04T12:00,3600,0.7982250864004612,1.02128000536,0.7982250864004612,0.0,0.0,0.22305491895953877,1246.23923113,1021.28000536,547.86957368
2024-04-04T13:00,3600,0.8670451193917489,1.2630586874400003,0.8670451193917489,0.0,0.0,0.3960135680482514,1541.7031458,1263.05868744,689.00364525
2024-04-04T14:00,3600,0.6828083756583623,0.522340966,0.522340966,0.16046740965836226,0.0,0.0,640.76703073,522.340966,275.62413311
2024-04-04T15:00,3600,0.6466328165920281,0.38177839583,0.38177839583,0.2648544207620281,0.0,0.0,471.20898292,381.77839583,201.48239832
2024-04-04T16:00,3600,0.5847905693429307,0.26720058436,0.26720058436,0.31758998498293073,0.0,0.0,333.32210603,267.20058436,141.34260901
2024-04-04T17:00,3600,0.5500094894514536,0.11296590147999999,0.11296590147999999,0.4370435879714536,0.0,0.0,148.16998036,112.96590148,62.27367516
2024-04-04T18:00,3600,0.0,0.0010076585899999998,0.0,0.0,0.0,0.0010076585899999998,14.09668392,1.00765859,5.81716116
2024-04-04T19:00,3600,0.0,0.0,0.0,0.0,0.0,0.0,0.0,0.0,0.0
2024-04-04T20:00,3600,0.0,0.0,0.0,0.0,0.0,0.0,0.0,0.0,0.0
2024-04-04T21:00,3600,0.0,0.0,0.0,0.0,0.0,0.0,0.0,0.0,0.0
2024-04-04T22:00,3600,0.0,0.0,0.0,0.0,0.0,0.0,0.0,0.0,0.0
2024-04-04T23:00,3600,0.0,0.0,0.0,0.0,0.0,0.0,0.0,0.0,0.0
2024-04-05T00:00,3600,0.0,0.0,0.0,0.0,0.0,0.0,0.0,0.0,0.0
2024-04-05T01:00,3600,0.0,0.0,0.0,0.0,0.0,0.0,0.0,0.0,0.0
2024-04-05T02:00,3600,0.0,0.0,0.0,0.0,0.0,0.0,0.0,0.0,0.0
2024-04-05T03:00,3600,0.0,0.0,0.0,0.0,0.0,0.0,0.0,0.0,0.0
2024-04-05T04:00,3600,0.0,0.0,0.0,0.0,0.0,0.0,0.0,0.0,0.0
2024-04-05T05:00,3600,0.0,0.0,0.0,0.0,0.0,0.0,0.0,0.0,0.0
2024-04-05T06:00,3600,0.0,0.0,0.0,0.0,0.0,0.0,4.76380632,0.0,1.93640388
2024-04-05T07:00,3600,0.0,0.03100745195,0.0,0.0,0.0,0.03100745195,49.995396,31.00745195,20.33224077
2024-04-05T08:00,3600,0.0,0.06500653583,0.0,0.0,0.0,0.06500653583,90.70359375,65.00653583,36.90343829
2024-04-05T09:00,3600,0.0,0.11672086118,0.0,0.0,0.0,0.11672086118,152.67142083,116.72086118,62.20974667
2024-04-05T10:00,3600,0.0,0.19704702067,0.0,0.0,0.0,0.19704702067,249.04065205,197.04702067,102.03282689
2024-04-05T11:00,3600,0.0,0.5300900068400001,0.0,0.0,0.0,0.5300900068400001,650.12744451,530.09000684,271.40463612
2024-04-05T12:00,3600,0.5243099221570664,0.5610020571000001,0.5243099221570664,0.0,0.0,0.03669213494293366,687.48094234,561.0020571,289.66586384
2024-04-05T13:00,3600,0.4698324039651654,0.58139905729,0.4698324039651654,0.0,0.0,0.11156665332483456,712.14005412,581.39905729,301.24134886
2024-04-05T14:00,3600,0.44862466424242625,0.41260724389,0.41260724389,0.03601742035242628,0.0,0.0,508.35940206,412.60724389,213.22063316
2024-04-05T15:00,3600,0.3857233359592133,0.24781346753,0.24781346753,0.13790986842921332,0.0,0.0,310.01981996,247.81346753,128.47246703
2024-04-05T16:00,3600,0.3472363287997662,0.19010203904,0.19010203904,0.15713428975976618,0.0,0.0,240.70297241,190.10203904,99.21164663
2024-04-05T17:00,3600,0.3208527664727729,0.10011299327,0.10011299327,0.22073977320277288,0.0,0.0,132.7642773,100.11299327,54.44404927
2024-04-05T18:00,3600,0.0,0.00114424449,0.0,0.0,0.0,0.00114424449,14.26008241,1.14424449,5.81716116
2024-04-05T19:00,3600,0.0,0.0,0.0,0.0,0.0,0.0,0.0,0.0,0.0
2024-04-05T20:00,3600,0.0,0.0,0.0,0.0,0.0,0.0,0.0,0.0,0.0
2024-04-05T21:00,3600,0.0,0.0,0.0,0.0,0.0,0.0,0.0,0.0,0.0
2024-04-05T22:00,3600,0.0,0.0,0.0,0.0,0.0,0.0,0.0,0.0,0.0
2024-04-05T23:00,3600,0.0,0.0,0.0,0.0,0.0,0.0,0.0,0.0,0.0
2024-04-06T00:00,3600,0.0,0.0,0.0,0.0,0.0,0.0,0.0,0.0,0.0
2024-04-06T01:00,3600,0.0,0.0,0.0,0.0,0.0,0.0,0.0,0.0,0.0
2024-04-06T02:00,3600,0.0,0.0,0.0,0.0,0.0,0.0,0.0,0.0,0.0
2024-04-06T03:00,3600,0.0,0.0,0.0,0.0,0.0,0.0,0.0,0.0,0.0
2024-04-06T04:00,3600,0.0,0.0,0.0,0.0,0.0,0.0,0.0,0.0,0.0
2024-04-06T05:00,3600,0.0,0.0,0.0,0.0,0.0,0.0,0.0,0.0,0.0
2024-04-06T06:00,3600,0.0,0.005168546970000001,0.0,0.0,0.0,0.005168546970000001,19.074561,5.16854697,7.78148307
2024-04-06T07:00,3600,0.0,0.06785598818,0.0,0.0,0.0,0.06785598818,94.11648498,67.85598818,38.48059803
2024-04-06T08:00,3600,0.0,0.15100302004000002,0.0,0.0,0.0,0.15100302004000002,193.78316666,151.00302004,79.43126323
2024-04-06T09:00,3600,0.0,0.28816566611,0.0,0.0,0.0,0.28816566611,358.53039903,288.16566611,147.78419223
2024-04-06T10:00,3600,0.0,0.36686727282,0.0,0.0,0.0,0.36686727282,453.24788789,366.86727282,187.90355109
2024-04-06T11:00,3600,0.0,0.5319132463099999,0.0,0.0,0.0,0.5319132463099999,652.33001346,531.91324631,272.93301823
2024-04-06T12:00,3600,0.0,0.9090073092000001,0.0,0.0,0.0,0.9090073092000001,1109.4979337,909.0073092,474.2200155
2024-04-06T13:00,3600,0.0,0.6787966600500001,0.0,0.0,0.0,0.6787966600500001,830.01923168,678.79666005,352.81746081
2024-04-06T14:00,3600,0.0,0.25697836018,0.0,0.0,0.0,0.25697836018,321.03449698,256.97836018,133.1391316
2024-04-06T15:00,3600,0.0,0.35036557484,0.0,0.0,0.0,0.35036557484,433.37665324,350.36557484,180.42078459
2024-04-06T16:00,3600,0.0,0.10346284488,0.0,0.0,0.0,0.10346284488,136.77911376,103.46284488,56.21290877
2024-04-06T17:00,3600,0.0,0.038598025210000005,0.0,0.0,0.0,0.038598025210000005,59.08163904,38.59802521,24.20504853
2024-04-06T18:00,3600,0.0,0.0,0.0,0.0,0.0,0.0,7.15474807,0.0,2.90460582
2024-04-06T19:00,3600,0.0,0.0,0.0,0.0,0.0,0.0,0.0,0.0,0.0
2024-04-06T20:00,3600,0.0,0.0,0.0,0.0,0.0,0.0,0.0,0.0,0.0
2024-04-06T21:00,3600,0.0,0.0,0.0,0.0,0.0,0.0,0.0,0.0,0.0
2024-04-06T22:00,3600,0.0,0.0,0.0,0.0,0.0,0.0,0.0,0.0,0.0
2024-04-06T23:00,3600,0.0,0.0,0.0,0.0,0.0,0.0,0.0,0.0,0.0
2024-04-07T00:00,3600,0.0,0.0,0.0,0.0,0.0,0.0,0.0,0.0,0.0
2024-04-07T01:00,3600,0.0,0.0,0.0,0.0,0.0,0.0,0.0,0.0,0.0
2024-04-07T02:00,3600,0.0,0.0,0.0,0.0,0.0,0.0,0.0,0.0,0.0
2024-04-07T03:00,3600,0.0,0.0,0.0,0.0,0.0,0.0,0.0,0.0,0.0
2024-04-07T04:00,3600,0.0,0.0,0.0,0.0,0.0,0.0,0.0,0.0,0.0
2024-04-07T05:00,3600,0.0,0.0,0.0,0.0,0.0,0.0,0.0,0.0,0.0
2024-04-07T06:00,3600,0.0,0.0,0.0,0.0,0.0,0.0,7.16716727,0.0,2.90460582
2024-04-07T07:00,3600,0.0,0.07643127471,0.0,0.0,0.0,0.07643127471,104.38848721,76.43127471,42.46161545
2024-04-07T08:00,3600,0.0,0.20317179596999999,0.0,0.0,0.0,0.20317179596999999,256.39453072,203.17179597,104.86658863
2024-04-07T09:00,3600,0.0,0.29681616543,0.0,0.0,0.0,0.29681616543,368.9345515,296.81616543,151.68881243
2024-04-07T10:00,3600,0.0,0.5399044656900001,0.0,0.0,0.0,0.5399044656900001,661.98470804,539.90446569,276.19100361
2024-04-07T11:00,3600,0.0,0.80152710079,0.0,0.0,0.0,0.80152710079,978.86498014,801.52710079,414.02212584
2024-04-07T12:00,3600,0.0,0.76120454868,0.0,0.0,0.0,0.76120454868,929.92452787,761.20454868,395.28159588
2024-04-07T13:00,3600,0.0,0.6735718751099999,0.0,0.0,0.0,0.6735718751099999,823.69028462,673.57187511,350.17863491
2024-04-07T14:00,3600,0.0,0.12617320157999998,0.0,0.0,0.0,0.12617320157999998,164.00424574,126.17320158,67.7741359
2024-04-07T15:00,3600,0.0,0.27782575483,0.0,0.0,0.0,0.27782575483,346.09653114,277.82575483,143.68357337
2024-04-07T16:00,3600,0.0,0.17651066735,0.0,0.0,0.0,0.17651066735,224.38916225,176.51066735,92.57209132
2024-04-07T17:00,3600,0.0,0.09080359683000001,0.0,0.0,0.0,0.09080359683000001,121.6081505,90.80359683,49.95428836
2024-04-07T18:00,3600,0.0,0.0012281379599999999,0.0,0.0,0.0,0.0012281379599999999,14.36044484,1.22813796,5.81716116
2024-04-07T19:00,3600,0.0,0.0,0.0,0.0,0.0,0.0,0.0,0.0,0.0
2024-04-07T20:00,3600,0.0,0.0,0.0,0.0,0.0,0.0,0.0,0.0,0.0
2024-04-07T21:00,3600,0.0,0.0,0.0,0.0,0.0,0.0,0.0,0.0,0.0
2024-04-07T22:00,3600,0.0,0.0,0.0,0.0,0.0,0.0,0.0,0.0,0.0
2024-04-07T23:00,3600,0.0,0.0,0.0,0.0,0.0,0.0,0.0,0.0,0.0
2024-04-08T00:00,3600,0.0,0.0,0.0,0.0,0.0,0.0,0.0,0.0,0.0
2024-04-08T01:00,3600,0.0,0.0,0.0,0.0,0.0,0.0,0.0,0.0,0.0
2024-04-08T02:00,3600,0.0,0.0,0.0,0.0,0.0,0.0,0.0,0.0,0.0
2024-04-08T03:00,3600,0.0,0.0,0.0,0.0,0.0,0.0,0.0,0.0,0.0
2024-04-08T04:00,3600,0.0,0.0,0.0,0.0,0.0,0.0,0.0,0.0,0.0
2024-04-08T05:00,3600,0.0,0.0,0.0,0.0,0.0,0.0,0.0,0.0,0.0
2024-04-08T06:00,3600,0.0,0.0032179404300000003,0.0,0.0,0.0,0.0032179404300000003,16.74090659,3.21794043,6.77741359
2024-04-08T07:00,3600,0.0,0.10602821494,0.0,0.0,0.0,0.10602821494,139.85390656,106.02821494,56.899379
2024-04-08T08:00,3600,0.0,0.23324341506000001,0.0,0.0,0.0,0.23324341506000001,292.51286802,233.24341506,119.86227157
2024-04-08T09:00,3600,0.0,0.35374591282,0.0,0.0,0.0,0.35374591282,437.44673964,353.74591282,180.82166224
2024-04-08T10:00,3600,0.0,0.19331194609,0.0,0.0,0.0,0.19331194609,244.55643942,193.31194609,100.6930019
2024-04-08T11:00,3600,0.0,0.27171788752,0.0,0.0,0.0,0.27171788752,338.75286132,271.71788752,139.61223177
2024-04-08T12:00,3600,0.0,0.20022353251,0.0,0.0,0.0,0.20022353251,252.85451429,200.22353251,103.59760773
2024-04-08T13:00,3600,0.0,0.25164676221,0.0,0.0,0.0,0.25164676221,314.62657644,251.64676221,128.86337523
2024-04-08T14:00,3600,0.0,0.22625248355,0.0,0.0,0.0,0.22625248355,284.11443547,226.25248355,116.18423297
2024-04-08T15:00,3600,0.0,0.18950327852999999,0.0,0.0,0.0,0.18950327852999999,239.98419051,189.50327853,97.89178393
2024-04-08T16:00,3600,0.0,0.10283158463,0.0,0.0,0.0,0.10283158463,136.0225221,102.83158463,55.18751066
2024-04-08T17:00,3600,0.0,0.04707687493,0.0,0.0,0.0,0.04707687493,69.2326785,47.07687493,28.0242683
2024-04-08T18:00,3600,0.0,0.0,0.0,0.0,0.0,0.0,9.58847249,0.0,3.87280777
2024-04-08T19:00,3600,0.0,0.0,0.0,0.0,0.0,0.0,0.0,0.0,0.0
2024-04-08T20:00,3600,0.0,0.0,0.0,0.0,0.0,0.0,0.0,0.0,0.0
2024-04-08T21:00,3600,0.0,0.0,0.0,0.0,0.0,0.0,0.0,0.0,0.0
2024-04-08T22:00,3600,0.0,0.0,0.0,0.0,0.0,0.0,0.0,0.0,0.0
2024-04-08T23:00,3600,0.0,0.0,0.0,0.0,0.0,0.0,0.0,0.0,0.0
2024-04-09T00:00,3600,0.0,0.0,0.0,0.0,0.0,0.0,0.0,0.0,0.0
2024-04-09T01:00,3600,0.0,0.0,0.0,0.0,0.0,0.0,0.0,0.0,0.0
2024-04-09T02:00,3600,0.0,0.0,0.0,0.0,0.0,0.0,0.0,0.0,0.0
2024-04-09T03:00,3600,0.0,0.0,0.0,0.0,0.0,0.0,0.0,0.0,0.0
2024-04-09T04:00,3600,0.0,0.0,0.0,0.0,0.0,0.0,0.0,0.0,0.0
2024-04-09T05:00,3600,0.0,0.0,0.0,0.0,0.0,0.0,0.0,0.0,0.0
2024-04-09T06:00,3600,0.0,0.00550412621,0.0,0.0,0.0,0.00550412621,19.47604757,5.50412621,7.88016779
2024-04-09T07:00,3600,0.0,0.12100447716,0.0,0.0,0.0,0.12100447716,157.80699222,121.00447716,64.16937213
2024-04-09T08:00,3600,0.0,0.38447036118,0.0,0.0,0.0,0.38447036118,474.45210049,384.47036118,194.94872744
2024-04-09T09:00,3600,0.0,0.60595779774,0.0,0.0,0.0,0.60595779774,741.84298772,605.95779774,307.69279738
2024-04-09T10:00,3600,0.0,0.68121608479,0.0,0.0,0.0,0.68121608479,832.95016703,681.21608479,350.67218829
2024-04-09T11:00,3600,0.0,1.0649576226,0.0,0.0,0.0,1.0649576226,1299.51456163,1064.9576226,558.42787588
2024-04-09T12:00,3600,0.0,1.0535107602,0.0,0.0,0.0,1.0535107602,1285.54809533,1053.5107602,553.72582205
2024-04-09T13:00,3600,0.0,1.05058843144,0.0,0.0,0.0,1.05058843144,1281.98301034,1050.58843144,555.10023923
2024-04-09T14:00,3600,0.0,0.5781261220599999,0.0,0.0,0.0,0.5781261220599999,708.18258179,578.12612206,299.60578691
2024-04-09T15:00,3600,0.3058691379365358,0.316807604,0.3058691379365358,0.0,0.0,0.010938466063464214,392.98506789,316.807604,164.12263453
2024-04-09T16:00,3600,0.2347661104210735,0.20000937573,0.20000937573,0.034756734691073515,0.0,0.0,252.59738108,200.00937573,104.64629988
2024-04-09T17:00,3600,0.21037886868487585,0.09131950290999999,0.09131950290999999,0.11905936577487586,0.0,0.0,122.22634847,91.31950291,50.34650095
2024-04-09T18:00,3600,0.0,0.0031065965000000003,0.0,0.0,0.0,0.0031065965000000003,16.60770014,3.1065965,6.77741359
2024-04-09T19:00,3600,0.0,0.0,0.0,0.0,0.0,0.0,0.0,0.0,0.0
2024-04-09T20:00,3600,0.0,0.0,0.0,0.0,0.0,0.0,0.0,0.0,0.0
2024-04-09T21:00,3600,0.0,0.0,0.0,0.0,0.0,0.0,0.0,0.0,0.0
2024-04-09T22:00,3600,0.0,0.0,0.0,0.0,0.0,0.0,0.0,0.0,0.0
2024-04-09T23:00,3600,0.0,0.0,0.0,0.0,0.0,0.0,0.0,0.0,0.0
2024-04-10T00:00,3600,0.0,0.0,0.0,0.0,0.0,0.0,0.0,0.0,0.0
2024-04-10T01:00,3600,0.0,0.0,0.0,0.0,0.0,0.0,0.0,0.0,0.0
2024-04-10T02:00,3600,0.0,0.0,0.0,0.0,0.0,0.0,0.0,0.0,0.0
2024-04-10T03:00,3600,0.0,0.0,0.0,0.0,0.0,0.0,0.0,0.0,0.0
2024-04-10T04:00,3600,0.0,0.0,0.0,0.0,0.0,0.0,0.0,0.0,0.0
2024-04-10T05:00,3600,0.0,0.0,0.0,0.0,0.0,0.0,0.0,0.0,0.0
2024-04-10T06:00,3600,0.0,0.005175451909999999,0.0,0.0,0.0,0.005175451909999999,19.08282203,5.17545191,7.74561553
2024-04-10T07:00,3600,0.0,0.07207542800000001,0.0,0.0,0.0,0.07207542800000001,99.17058632,72.075428,40.38629442
2024-04-10T08:00,3600,0.0,0.23211766874,0.0,0.0,0.0,0.23211766874,291.16039946,232.11766874,119.57947851
2024-04-10T09:00,3600,0.0,0.32129990968999994,0.0,0.0,0.0,0.32129990968999994,398.39071702,321.29990969,164.51156713
2024-04-10T10:00,3600,0.0,0.40626150914,0.0,0.0,0.0,0.40626150914,500.71071584,406.26150914,209.33521437
2024-04-10T11:00,3600,0.0,0.67834759664,0.0,0.0,0.0,0.67834759664,829.47524266,678.34759664,351.68354115
2024-04-10T12:00,3600,0.0,1.01036237882,0.0,0.0,0.0,1.01036237882,1232.92946305,1010.36237882,532.02705076
2024-04-10T13:00,3600,0.8380021650617433,1.1636621174,0.8380021650617433,0.0,0.0,0.3256599523382566,1420.07143963,1163.6621174,623.93221512
2024-04-10T14:00,3600,0.527366392055531,0.7978295086000001,0.527366392055531,0.0,0.0,0.2704631165444691,974.37557829,797.8295086,420.92020181
2024-04-10T15:00,3600,0.46269514787043114,0.50875937247,0.46269514787043114,0.0,0.0,0.04606422459956888,624.36447154,508.75937247,265.90265031
2024-04-10T16:00,3600,0.42179760741052086,0.35377461928000004,0.35377461928000004,0.06802298813052082,0.0,0.0,437.48130465,353.77461928,184.65972239
2024-04-10T17:00,3600,0.3844675120049012,0.19516759095,0.19516759095,0.1892999210549012,0.0,0.0,246.78422956,195.16759095,103.37098969
2024-04-10T18:00,3600,0.0,0.01084081463,0.0,0.0,0.0,0.01084081463,25.8611854,10.84081463,10.66612038
2024-04-10T19:00,3600,0.0,0.0,0.0,0.0,0.0,0.0,0.0,0.0,0.0
2024-04-10T20:00,3600,0.0,0.0,0.0,0.0,0.0,0.0,0.0,0.0,0.0
2024-04-10T21:00,3600,0.0,0.0,0.0,0.0,0.0,0.0,0.0,0.0,0.0
2024-04-10T22:00,3600,0.0,0.0,0.0,0.0,0.0,0.0,0.0,0.0,0.0
2024-04-10T23:00,3600,0.0,0.0,0.0,0.0,0.0,0.0,0.0,0.0,0.0
2024-04-11T00:00,3600,0.0,0.0,0.0,0.0,0.0,0.0,0.0,0.0,0.0
2024-04-11T01:00,3600,0.0,0.0,0.0,0.0,0.0,0.0,0.0,0.0,0.0
2024-04-11T02:00,3600,0.0,0.0,0.0,0.0,0.0,0.0,0.0,0.0,0.0
2024-04-11T03:00,3600,0.0,0.0,0.0,0.0,0.0,0.0,0.0,0.0,0.0
2024-04-11T04:00,3600,0.0,0.0,0.0,0.0,0.0,0.0,0.0,0.0,0.0
2024-04-11T05:00,3600,0.0,0.0,0.0,0.0,0.0,0.0,0.0,0.0,0.0
2024-04-11T06:00,3600,0.0,0.01160050503,0.0,0.0,0.0,0.01160050503,26.7701757,11.60050503,10.90729945
2024-04-11T07:00,3600,0.0,0.11449831344000001,0.0,0.0,0.0,0.11449831344000001,150.00699625,114.49831344,61.43927898
2024-04-11T08:00,3600,0.0,0.28080244161,0.0,0.0,0.0,0.28080244161,349.67578972,280.80244161,144.42691764
2024-04-11T09:00,3600,0.0,0.4996688962,0.0,0.0,0.0,0.4996688962,613.38817276,499.6688962,255.99981601
2024-04-11T10:00,3600,0.0,0.91220663644,0.0,0.0,0.0,0.91220663644,1113.39050119,912.20663644,479.62917882
2024-04-11T11:00,3600,0.756668382596763,1.28344419755,0.756668382596763,0.0,0.0,0.526775814953237,1566.67750305,1283.44419755,690.98797719
2024-04-11T12:00,3600,0.6668702526220885,1.2769081413199999,0.6668702526220885,0.0,0.0,0.6100378886979113,1558.6690966,1276.90814132,690.17938654
2024-04-11T13:00,3600,0.6295755060910482,0.84348608851,0.6295755060910482,0.0,0.0,0.21391058241895178,1029.83103986,843.48608851,448.37264912
2024-04-11T14:00,3600,0.5695632370368913,0.6481099741499999,0.5695632370368913,0.0,0.0,0.07854673711310867,792.85633468,648.10997415,341.33371728
2024-04-11T15:00,3600,0.5653220102577955,0.6196389908500001,0.5653220102577955,0.0,0.0,0.05431698059220458,758.39581778,619.63899085,325.81461713
2024-04-11T16:00,3600,0.502982407433437,0.32157507153,0.32157507153,0.18140733590343705,0.0,0.0,398.72183738,321.57507153,168.67556277
2024-04-11T17:00,3600,0.4799842667474758,0.22005678369,0.22005678369,0.2599274830574758,0.0,0.0,276.67224396,220.05678369,116.47309888
2024-04-11T18:00,3600,0.0,0.018616082769999997,0.0,0.0,0.0,0.018616082769999997,35.16510215,18.61608277,14.57072621
2024-04-11T19:00,3600,0.0,0.0,0.0,0.0,0.0,0.0,0.0,0.0,0.0
2024-04-11T20:00,3600,0.0,0.0,0.0,0.0,0.0,0.0,0.0,0.0,0.0
2024-04-11T21:00,3600,0.0,0.0,0.0,0.0,0.0,0.0,0.0,0.0,0.0
2024-04-11T22:00,3600,0.0,0.0,0.0,0.0,0.0,0.0,0.0,0.0,0.0
2024-04-11T23:00,3600,0.0,0.0,0.0,0.0,0.0,0.0,0.0,0.0,0.0
2024-04-12T00:00,3600,0.0,0.0,0.0,0.0,0.0,0.0,0.0,0.0,0.0
2024-04-12T01:00,3600,0.0,0.0,0.0,0.0,0.0,0.0,0.0,0.0,0.0
2024-04-12T02:00,3600,0.0,0.0,0.0,0.0,0.0,0.0,0.0,0.0,0.0
2024-04-12T03:00,3600,0.0,0.0,0.0,0.0,0.0,0.0,0.0,0.0,0.0
2024-04-12T04:00,3600,0.0,0.0,0.0,0.0,0.0,0.0,0.0,0.0,0.0
2024-04-12T05:00,3600,0.0,0.0,0.0,0.0,0.0,0.0,0.0,0.0,0.0
2024-04-12T06:00,3600,0.0,0.02595506592,0.0,0.0,0.0,0.02595506592,43.94817124,25.95506592,17.99351087
2024-04-12T07:00,3600,0.0,0.24242697974999997,0.0,0.0,0.0,0.24242697974999997,303.54702519,242.42697975,125.55683079
2024-04-12T08:00,3600,0.0,0.48851438394,0.0,0.0,0.0,0.48851438394,599.92218835,488.51438394,251.43201605
2024-04-12T09:00,3600,0.0,0.87649280839,0.0,0.0,0.0,0.87649280839,1069.95142283,876.49280839,457.2182904
2024-04-12T10:00,3600,0.8890614475139391,1.049622391,0.8890614475139391,0.0,0.0,0.16056094348606087,1280.80453612,1049.622391,558.46090768
2024-04-12T11:00,3600,0.6885458903220399,1.01629296541,0.6885458903220399,0.0,0.0,0.32774707508795997,1240.15914794,1016.29296541,540.70419249
2024-04-12T12:00,3600,0.7762531598464486,1.3433424715399997,0.7762531598464486,0.0,0.0,0.5670893116935511,1640.1155658,1343.34247154,728.79242616
2024-04-12T13:00,3600,0.7638492404363849,1.0619436793600001,0.7638492404363849,0.0,0.0,0.2980944389236152,1295.8369156,1061.94367936,570.43661869
2024-04-12T14:00,3600,0.7757927894369293,1.11838830289,0.7757927894369293,0.0,0.0,0.3425955134530706,1364.74624513,1118.38830289,602.80239482
2024-04-12T15:00,3600,0.7363982465932212,0.9435640507699999,0.7363982465932212,0.0,0.0,0.20716580417677877,1151.55499681,943.56405077,504.34046875
2024-04-12T16:00,3600,0.6417939658181362,0.49884565176000006,0.49884565176000006,0.14294831405813613,0.0,0.0,612.39423762,498.84565176,262.43721009
2024-04-12T17:00,3600,0.5914930611878776,0.26980019049,0.26980019049,0.3216928706978776,0.0,0.0,336.447328,269.80019049,142.54520469
2024-04-12T18:00,3600,0.0,0.01655614215,0.0,0.0,0.0,0.01655614215,32.70004033,16.55614215,13.61047378
2024-04-12T19:00,3600,0.0,0.0,0.0,0.0,0.0,0.0,0.0,0.0,0.0
2024-04-12T20:00,3600,0.0,0.0,0.0,0.0,0.0,0.0,0.0,0.0,0.0
2024-04-12T21:00,3600,0.0,0.0,0.0,0.0,0.0,0.0,0.0,0.0,0.0
2024-04-12T22:00,3600,0.0,0.0,0.0,0.0,0.0,0.0,0.0,0.0,0.0
2024-04-12T23:00,3600,0.0,0.0,0.0,0.0,0.0,0.0,0.0,0.0,0.0
2024-04-13T00:00,3600,0.0,0.0,0.0,0.0,0.0,0.0,0.0,0.0,0.0
2024-04-13T01:00,3600,0.0,0.0,0.0,0.0,0.0,0.0,0.0,0.0,0.0
2024-04-13T02:00,3600,0.0,0.0,0.0,0.0,0.0,0.0,0.0,0.0,0.0
2024-04-13T03:00,3600,0.0,0.0,0.0,0.0,0.0,0.0,0.0,0.0,0.0
2024-04-13T04:00,3600,0.0,0.0,0.0,0.0,0.0,0.0,0.0,0.0,0.0
2024-04-13T05:00,3600,0.0,0.0,0.0,0.0,0.0,0.0,0.0,0.0,0.0
2024-04-13T06:00,3600,0.0,0.038468305880000005,0.0,0.0,0.0,0.038468305880000005,58.92634882,38.46830588,24.15791365
2024-04-13T07:00,3600,0.0,0.27753080577999995,0.0,0.0,0.0,0.27753080577999995,345.74188615,277.53080578,143.79608581
2024-04-13T08:00,3600,0.0,0.57776313463,0.0,0.0,0.0,0.57776313463,707.74369012,577.76313463,299.36224831
2024-04-13T09:00,3600,0.0,0.94973945918,0.0,0.0,0.0,0.94973945918,1159.07363249,949.73945918,500.76491317
2024-04-13T10:00,3600,0.0,1.0648360941500001,0.0,0.0,0.0,1.0648360941500001,1299.36626724,1064.83609415,573.69218853
2024-04-13T11:00,3600,0.0,0.94459579628,0.0,0.0,0.0,0.94459579628,1152.81109857,944.59579628,505.04223367
2024-04-13T12:00,3600,0.0,0.82784608899,0.0,0.0,0.0,0.82784608899,1010.82899341,827.84608899,440.06847435
2024-04-13T13:00,3600,0.0,0.85825726916,0.0,0.0,0.0,0.85825726916,1047.78264389,858.25726916,457.90819654
2024-04-13T14:00,3600,0.0,0.8634695611500001,0.0,0.0,0.0,0.8634695611500001,1054.11840179,863.46956115,460.47351689
2024-04-13T15:00,3600,0.0,0.72450499258,0.0,0.0,0.0,0.72450499258,885.41360096,724.50499258,384.0778987
2024-04-13T16:00,3600,0.0,0.50741112471,0.0,0.0,0.0,0.50741112471,622.73641207,507.41112471,267.77448351
2024-04-13T17:00,3600,0.0,0.22721908271,0.0,0.0,0.0,0.22721908271,285.27557796,227.21908271,121.10086993
2024-04-13T18:00,3600,0.0,0.02806194498,0.0,0.0,0.0,0.02806194498,46.46983688,28.06194498,19.39583689
2024-04-13T19:00,3600,0.0,0.0,0.0,0.0,0.0,0.0,0.0,0.0,0.0
2024-04-13T20:00,3600,0.0,0.0,0.0,0.0,0.0,0.0,0.0,0.0,0.0
2024-04-13T21:00,3600,0.0,0.0,0.0,0.0,0.0,0.0,0.0,0.0,0.0
2024-04-13T22:00,3600,0.0,0.0,0.0,0.0,0.0,0.0,0.0,0.0,0.0
2024-04-13T23:00,3600,0.0,0.0,0.0,0.0,0.0,0.0,0.0,0.0,0.0
2024-04-14T00:00,3600,0.0,0.0,0.0,0.0,0.0,0.0,0.0,0.0,0.0
2024-04-14T01:00,3600,0.0,0.0,0.0,0.0,0.0,0.0,0.0,0.0,0.0
2024-04-14T02:00,3600,0.0,0.0,0.0,0.0,0.0,0.0,0.0,0.0,0.0
2024-04-14T03:00,3600,0.0,0.0,0.0,0.0,0.0,0.0,0.0,0.0,0.0
2024-04-14T04:00,3600,0.0,0.0,0.0,0.0,0.0,0.0,0.0,0.0,0.0
2024-04-14T05:00,3600,0.0,0.0,0.0,0.0,0.0,0.0,0.0,0.0,0.0
2024-04-14T06:00,3600,0.0,0.02100109063,0.0,0.0,0.0,0.02100109063,38.01927693,21.00109063,15.71071276
2024-04-14T07:00,3600,0.0,0.20999778048999998,0.0,0.0,0.0,0.20999778048999998,264.59131171,209.99778049,110.4723144
2024-04-14T08:00,3600,0.0,0.5400897153600001,0.0,0.0,0.0,0.5400897153600001,662.20853686,540.08971536,281.31593449
2024-04-14T09:00,3600,0.0,0.8379882682199999,0.0,0.0,0.0,0.8379882682199999,1023.15074459,837.98826822,439.78666039
2024-04-14T10:00,3600,0.0,1.0755991251400001,0.0,0.0,0.0,1.0755991251400001,1312.50112238,1075.59912514,575.3765316
2024-04-14T11:00,3600,0.0,1.06406686194,0.0,0.0,0.0,1.06406686194,1298.42762395,1064.06686194,569.85321786
2024-04-14T12:00,3600,0.0,0.8548682144,0.0,0.0,0.0,0.8548682144,1043.6634407,854.8682144,454.1073388
2024-04-14T13:00,3600,0.0,1.01150845113,0.0,0.0,0.0,1.01150845113,1234.32651977,1011.50845113,543.0685042
2024-04-14T14:00,3600,0.0,0.86420829104,0.0,0.0,0.0,0.86420829104,1055.0164091,864.20829104,461.13439281
2024-04-14T15:00,3600,0.0,0.60924516294,0.0,0.0,0.0,0.60924516294,745.8199739,609.24516294,321.92123533
2024-04-14T16:00,3600,0.0,0.39566824987000004,0.0,0.0,0.0,0.39566824987000004,487.94437718,395.66824987,208.37467402
2024-04-14T17:00,3600,0.0,0.23097516175,0.0,0.0,0.0,0.23097516175,289.78782334,230.97516175,122.96450442
2024-04-14T18:00,3600,0.0,0.02232134402,0.0,0.0,0.0,0.02232134402,39.59929751,22.32134402,16.51507961
2024-04-14T19:00,3600,0.0,0.0,0.0,0.0,0.0,0.0,0.0,0.0,0.0
2024-04-14T20:00,3600,0.0,0.0,0.0,0.0,0.0,0.0,0.0,0.0,0.0
2024-04-14T21:00,3600,0.0,0.0,0.0,0.0,0.0,0.0,0.0,0.0,0.0
2024-04-14T22:00,3600,0.0,0.0,0.0,0.0,0.0,0.0,0.0,0.0,0.0
2024-04-14T23:00,3600,0.0,0.0,0.0,0.0,0.0,0.0,0.0,0.0,0.0
2024-04-15T00:00,3600,0.0,0.0,0.0,0.0,0.0,0.0,0.0,0.0,0.0
2024-04-15T01:00,3600,0.0,0.0,0.0,0.0,0.0,0.0,0.0,0.0,0.0
2024-04-15T02:00,3600,0.0,0.0,0.0,0.0,0.0,0.0,0.0,0.0,0.0
2024-04-15T03:00,3600,0.0,0.0,0.0,0.0,0.0,0.0,0.0,0.0,0.0
2024-04-15T04:00,3600,0.0,0.0,0.0,0.0,0.0,0.0,0.0,0.0,0.0
2024-04-15T05:00,3600,0.0,0.0,0.0,0.0,0.0,0.0,0.0,0.0,0.0
2024-04-15T06:00,3600,0.0,0.014675740310000001,0.0,0.0,0.0,0.014675740310000001,30.44990754,14.67574031,12.58662524
2024-04-15T07:00,3600,0.0,0.13110523844,0.0,0.0,0.0,0.13110523844,169.9182609,131.10523844,70.57603994
2024-04-15T08:00,3600,1.0870588235294116,0.45958043537,0.45958043537,0.6274783881594117,0.0,0.0,565.00546914,459.58043537,238.5928598
2024-04-15T09:00,3600,1.0870588235294116,0.75251309104,0.75251309104,0.33454573248941166,0.0,0.0,919.38035304,752.51309104,394.36712053
2024-04-15T10:00,3600,1.0870588235294116,0.87798392127,0.87798392127,0.2090749022594116,0.0,0.0,1071.76449239,877.98392127,468.06671391
2024-04-15T11:00,3600,1.0844699480099849,0.91085645524,0.91085645524,0.17361349276998483,0.0,0.0,1111.74772982,910.85645524,486.62372415
2024-04-15T12:00,3600,1.0784632307533255,1.08687416577,1.0784632307533255,0.0,0.0,0.008410935016674559,1326.26369952,1086.87416577,585.08402595
2024-04-15T13:00,3600,1.0622040670855002,1.07222597359,1.0622040670855002,0.0,0.0,0.010021906504499745,1308.38434822,1072.22597359,577.7995582
2024-04-15T14:00,3600,1.0606040841828848,0.69910592042,0.69910592042,0.3614981637628848,0.0,0.0,854.62636309,699.10592042,371.93721697
2024-04-15T15:00,3600,1.0588772700459017,0.8181414612100001,0.8181414612100001,0.24073580883590162,0.0,0.0,999.04102698,818.14146121,437.17999235
2024-04-15T16:00,3600,1.05924526616279,0.6038817892199999,0.6038817892199999,0.4553634769427901,0.0,0.0,739.33160146,603.88178922,320.01387391
2024-04-15T17:00,3600,1.056733661549824,0.29537025292999997,0.29537025292999997,0.761363408619824,0.0,0.0,367.19540398,295.37025293,156.59682781
2024-04-15T18:00,3600,0.0,0.02610758401,0.0,0.0,0.0,0.02610758401,44.13071268,26.10758401,18.459433
2024-04-15T19:00,3600,0.0,0.0,0.0,0.0,0.0,0.0,0.0,0.0,0.0
2024-04-15T20:00,3600,0.0,0.0,0.0,0.0,0.0,0.0,0.0,0.0,0.0
2024-04-15T21:00,3600,0.0,0.0,0.0,0.0,0.0,0.0,0.0,0.0,0.0
2024-04-15T22:00,3600,0.0,0.0,0.0,0.0,0.0,0.0,0.0,0.0,0.0
2024-04-15T23:00,3600,0.0,0.0,0.0,0.0,0.0,0.0,0.0,0.0,0.0
2024-04-16T00:00,3600,0.0,0.0,0.0,0.0,0.0,0.0,0.0,0.0,0.0
2024-04-16T01:00,3600,0.0,0.0,0.0,0.0,0.0,0.0,0.0,0.0,0.0
2024-04-16T02:00,3600,0.0,0.0,0.0,0.0,0.0,0.0,0.0,0.0,0.0
2024-04-16T03:00,3600,0.0,0.0,0.0,0.0,0.0,0.0,0.0,0.0,0.0
2024-04-16T04:00,3600,0.0,0.0,0.0,0.0,0.0,0.0,0.0,0.0,0.0
2024-04-16T05:00,3600,0.0,0.0,0.0,0.0,0.0,0.0,0.0,0.0,0.0
2024-04-16T06:00,3600,0.0,0.02333869063,0.0,0.0,0.0,0.02333869063,40.81683872,23.33869063,16.83253114
2024-04-16T07:00,3600,0.0,0.14399480933999997,0.0,0.0,0.0,0.14399480933999997,185.37669824,143.99480934,77.01147355
2024-04-16T08:00,3600,1.0870588235294116,0.4886653338,0.4886653338,0.5983934897294116,0.0,0.0,600.10439985,488.6653338,253.43863913
2024-04-16T09:00,3600,0.9062819221031794,0.74107172942,0.74107172942,0.16521019268317938,0.0,0.0,905.50271311,741.07172942,386.85412327
2024-04-16T10:00,3600,0.7413536746460561,0.93366104864,0.7413536746460561,0.0,0.0,0.19230737399394393,1139.49980275,933.66104864,496.62859478
2024-04-16T11:00,3600,0.7832179103258317,1.06093085903,0.7832179103258317,0.0,0.0,0.2777129487041683,1294.60110858,1060.93085903,568.63212737
2024-04-16T12:00,3600,0.83171469917671,1.2105763546500001,0.83171469917671,0.0,0.0,0.3788616554732901,1477.4516687,1210.57635465,655.19756254
2024-04-16T13:00,3600,0.8398275729573649,1.00689423003,0.8398275729573649,0.0,0.0,0.16706665707263502,1228.701991,1006.89423003,544.24540143
2024-04-16T14:00,3600,0.866092982061,1.11484760192,0.866092982061,0.0,0.0,0.24875461985899994,1360.42147329,1114.84760192,607.78028391
2024-04-16T15:00,3600,0.8486975316628952,1.0324518191699998,0.8486975316628952,0.0,0.0,0.18375428750710465,1259.86173442,1032.45181917,561.67370024
2024-04-16T16:00,3600,0.7723103766416374,0.7661268487499999,0.7661268487499999,0.0061835278916374525,0.0,0.0,935.89685496,766.12684875,411.2877532
2024-04-16T17:00,3600,0.6848680901811989,0.34403323197999996,0.34403323197999996,0.3408348582011989,0.0,0.0,425.75289851,344.03323198,183.14960105
2024-04-16T18:00,3600,0.0,0.02613541884,0.0,0.0,0.0,0.02613541884,44.16402688,26.13541884,18.49918058
2024-04-16T19:00,3600,0.0,0.0,0.0,0.0,0.0,0.0,0.0,0.0,0.0
2024-04-16T20:00,3600,0.0,0.0,0.0,0.0,0.0,0.0,0.0,0.0,0.0
2024-04-16T21:00,3600,0.0,0.0,0.0,0.0,0.0,0.0,0.0,0.0,0.0
2024-04-16T22:00,3600,0.0,0.0,0.0,0.0,0.0,0.0,0.0,0.0,0.0
2024-04-16T23:00,3600,0.0,0.0,0.0,0.0,0.0,0.0,0.0,0.0,0.0
2024-04-17T00:00,3600,0.0,0.0,0.0,0.0,0.0,0.0,0.0,0.0,0.0
2024-04-17T01:00,3600,0.0,0.0,0.0,0.0,0.0,0.0,0.0,0.0,0.0
2024-04-17T02:00,3600,0.0,0.0,0.0,0.0,0.0,0.0,0.0,0.0,0.0
2024-04-17T03:00,3600,0.0,0.0,0.0,0.0,0.0,0.0,0.0,0.0,0.0
2024-04-17T04:00,3600,0.0,0.0,0.0,0.0,0.0,0.0,0.0,0.0,0.0
2024-04-17T05:00,3600,0.0,0.0,0.0,0.0,0.0,0.0,0.0,0.0,0.0
2024-04-17T06:00,3600,0.0,0.029609959300000002,0.0,0.0,0.0,0.029609959300000002,48.32267455,29.6099593,20.01816746
2024-04-17T07:00,3600,0.0,0.18462344884,0.0,0.0,0.0,0.18462344884,234.12649527,184.62344884,97.66013822
2024-04-17T08:00,3600,0.8765513737415642,0.6208631411,0.6208631411,0.25568823264156426,0.0,0.0,759.87711929,620.8631411,323.36301526
2024-04-17T09:00,3600,0.7031170611545471,0.9478690362800001,0.7031170611545471,0.0,0.0,0.244751975125453,1156.79627689,947.86903628,500.72252192
2024-04-17T10:00,3600,0.8207339647544329,1.20806471045,0.8207339647544329,0.0,0.0,0.387330745695567,1474.37840516,1208.06471045,652.9372886
2024-04-17T11:00,3600,0.8781835320365534,1.42666167397,0.8781835320365534,0.0,0.0,0.5484781419334466,1742.40937695,1426.66167397,780.64093259
2024-04-17T12:00,3600,0.8499513853770759,1.31541396021,0.8499513853770759,0.0,0.0,0.46546257483292397,1605.86341704,1315.41396021,714.36560313
2024-04-17T13:00,3600,0.8780175065831274,1.2986521069099999,0.8780175065831274,0.0,0.0,0.4206346003268725,1585.31511685,1298.65210691,706.27615292
2024-04-17T14:00,3600,0.7327521112047195,0.82502634192,0.7327521112047195,0.0,0.0,0.09227423071528051,1007.40369584,825.02634192,439.2203543
2024-04-17T15:00,3600,0.7215383017967273,0.8078009673400001,0.7215383017967273,0.0,0.0,0.08626266554327278,986.48305922,807.80096734,430.66144122
2024-04-17T16:00,3600,0.640578064165429,0.5510239546100001,0.5510239546100001,0.08955410955542886,0.0,0.0,675.42125313,551.02395461,290.78895219
2024-04-17T17:00,3600,0.5634582091319068,0.21291393425,0.21291393425,0.3505442748819068,0.0,0.0,268.09340231,212.91393425,113.49328469
2024-04-17T18:00,3600,0.0,0.022365173819999997,0.0,0.0,0.0,0.022365173819999997,39.65175172,22.36517382,16.49123106
2024-04-17T19:00,3600,0.0,0.0,0.0,0.0,0.0,0.0,0.0,0.0,0.0
2024-04-17T20:00,3600,0.0,0.0,0.0,0.0,0.0,0.0,0.0,0.0,0.0
2024-04-17T21:00,3600,0.0,0.0,0.0,0.0,0.0,0.0,0.0,0.0,0.0
2024-04-17T22:00,3600,0.0,0.0,0.0,0.0,0.0,0.0,0.0,0.0,0.0
2024-04-17T23:00,3600,0.0,0.0,0.0,0.0,0.0,0.0,0.0,0.0,0.0
2024-04-18T00:00,3600,0.0,0.0,0.0,0.0,0.0,0.0,0.0,0.0,0.0
2024-04-18T01:00,3600,0.0,0.0,0.0,0.0,0.0,0.0,0.0,0.0,0.0
2024-04-18T02:00,3600,0.0,0.0,0.0,0.0,0.0,0.0,0.0,0.0,0.0
2024-04-18T03:00,3600,0.0,0.0,0.0,0.0,0.0,0.0,0.0,0.0,0.0
2024-04-18T04:00,3600,0.0,0.0,0.0,0.0,0.0,0.0,0.0,0.0,0.0
2024-04-18T05:00,3600,0.0,0.0,0.0,0.0,0.0,0.0,0.0,0.0,0.0
2024-04-18T06:00,3600,0.0,0.0193895552,0.0,0.0,0.0,0.0193895552,36.09071461,19.3895552,14.79660126
2024-04-18T07:00,3600,0.0,0.17928020980999998,0.0,0.0,0.0,0.17928020980999998,227.7131311,179.28020981,94.15442724
2024-04-18T08:00,3600,0.0,0.32642943725,0.0,0.0,0.0,0.32642943725,404.56369209,326.42943725,168.76966801
2024-04-18T09:00,3600,0.5863793371091757,0.42866090451,0.42866090451,0.15771843259917567,0.0,0.0,527.71333321,428.66090451,221.49958657
2024-04-18T10:00,3600,0.5206737904561473,0.61328622513,0.5206737904561473,0.0,0.0,0.09261243467385272,750.70910163,613.28622513,319.63507212
2024-04-18T11:00,3600,0.5787771262161968,0.79370562218,0.5787771262161968,0.0,0.0,0.21492849596380315,969.36896299,793.70562218,417.46829291
2024-04-18T12:00,3600,0.6056719114239044,0.88170945558,0.6056719114239044,0.0,0.0,0.2760375441560956,1076.29465597,881.70945558,464.08776976
2024-04-18T13:00,3600,0.6297954305528433,0.9496107528600001,0.6297954305528433,0.0,0.0,0.3198153223071568,1158.916922,949.61075286,504.14179344
2024-04-18T14:00,3600,0.4970702958361953,0.52202095762,0.4970702958361953,0.0,0.0,0.02495066178380473,640.38050729,522.02095762,271.29933026
2024-04-18T15:00,3600,0.49861294064590117,0.61325203313,0.49861294064590117,0.0,0.0,0.11463909248409881,750.66773248,613.25203313,317.35366283
2024-04-18T16:00,3600,0.5235094636060793,0.5426705631600001,0.5235094636060793,0.0,0.0,0.019161099553920757,665.32693912,542.67056316,280.51889059
2024-04-18T17:00,3600,0.46050284222333304,0.18872397523,0.18872397523,0.27177886699333303,0.0,0.0,239.04868793,188.72397523,99.34237039
2024-04-18T18:00,3600,0.0,0.026507409439999997,0.0,0.0,0.0,0.026507409439999997,44.60924663,26.50740944,18.41173592
2024-04-18T19:00,3600,0.0,0.0,0.0,0.0,0.0,0.0,0.0,0.0,0.0
2024-04-18T20:00,3600,0.0,0.0,0.0,0.0,0.0,0.0,0.0,0.0,0.0
2024-04-18T21:00,3600,0.0,0.0,0.0,0.0,0.0,0.0,0.0,0.0,0.0
2024-04-18T22:00,3600,0.0,0.0,0.0,0.0,0.0,0.0,0.0,0.0,0.0
2024-04-18T23:00,3600,0.0,0.0,0.0,0.0,0.0,0.0,0.0,0.0,0.0
2024-04-19T00:00,3600,0.0,0.0,0.0,0.0,0.0,0.0,0.0,0.0,0.0
2024-04-19T01:00,3600,0.0,0.0,0.0,0.0,0.0,0.0,0.0,0.0,0.0
2024-04-19T02:00,3600,0.0,0.0,0.0,0.0,0.0,0.0,0.0,0.0,0.0
2024-04-19T03:00,3600,0.0,0.0,0.0,0.0,0.0,0.0,0.0,0.0,0.0
2024-04-19T04:00,3600,0.0,0.0,0.0,0.0,0.0,0.0,0.0,0.0,0.0
2024-04-19T05:00,3600,0.0,0.0,0.0,0.0,0.0,0.0,0.0,0.0,0.0
2024-04-19T06:00,3600,0.0,0.01425580845,0.0,0.0,0.0,0.01425580845,29.94741781,14.25580845,12.33337768
2024-04-19T07:00,3600,0.0,0.13440482996,0.0,0.0,0.0,0.13440482996,173.8751064,134.40482996,72.0172969
2024-04-19T08:00,3600,0.0,0.29229138551,0.0,0.0,0.0,0.29229138551,363.49228847,292.29138551,151.67118429
2024-04-19T09:00,3600,0.7247623426455718,0.5659032277999999,0.5659032277999999,0.1588591148455719,0.0,0.0,693.40539468,565.9032278,292.72565699
2024-04-19T10:00,3600,0.6099706235294118,0.53055277757,0.53055277757,0.07941784595941181,0.0,0.0,650.68648876,530.55277757,275.12187756
2024-04-19T11:00,3600,0.6545837847379513,0.79537975888,0.6545837847379513,0.0,0.0,0.1407959741420487,971.4014063,795.37975888,415.3139612
2024-04-19T12:00,3600,0.7256990047011567,1.06985271429,0.7256990047011567,0.0,0.0,0.3441537095888434,1305.48805406,1069.85271429,563.52126181
2024-04-19T13:00,3600,0.6914865310941375,1.03142835953,0.6914865310941375,0.0,0.0,0.3399418284358625,1258.61364483,1031.42835953,542.30468579
2024-04-19T14:00,3600,0.5865058835198874,0.62216146227,0.5865058835198874,0.0,0.0,0.035655578750112604,761.44820947,622.16146227,322.82359624
2024-04-19T15:00,3600,0.5684021711674595,0.50590933176,0.50590933176,0.06249283940745953,0.0,0.0,620.92298913,505.90933176,262.65671857
2024-04-19T16:00,3600,0.5306764444311565,0.32284880907,0.32284880907,0.20782763536115645,0.0,0.0,400.25463156,322.84880907,167.94353885
2024-04-19T17:00,3600,0.4879374220018065,0.12034174604999999,0.12034174604999999,0.36759567595180653,0.0,0.0,157.01242614,120.34174605,65.42614653
2024-04-19T18:00,3600,0.0,0.0067847563,0.0,0.0,0.0,0.0067847563,21.00821435,6.7847563,8.71381747
2024-04-19T19:00,3600,0.0,0.0,0.0,0.0,0.0,0.0,0.0,0.0,0.0
2024-04-19T20:00,3600,0.0,0.0,0.0,0.0,0.0,0.0,0.0,0.0,0.0
2024-04-19T21:00,3600,0.0,0.0,0.0,0.0,0.0,0.0,0.0,0.0,0.0
2024-04-19T22:00,3600,0.0,0.0,0.0,0.0,0.0,0.0,0.0,0.0,0.0
2024-04-19T23:00,3600,0.0,0.0,0.0,0.0,0.0,0.0,0.0,0.0,0.0
2024-04-20T00:00,3600,0.0,0.0,0.0,0.0,0.0,0.0,0.0,0.0,0.0
2024-04-20T01:00,3600,0.0,0.0,0.0,0.0,0.0,0.0,0.0,0.0,0.0
2024-04-20T02:00,3600,0.0,0.0,0.0,0.0,0.0,0.0,0.0,0.0,0.0
2024-04-20T03:00,3600,0.0,0.0,0.0,0.0,0.0,0.0,0.0,0.0,0.0
2024-04-20T04:00,3600,0.0,0.0,0.0,0.0,0.0,0.0,0.0,0.0,0.0
2024-04-20T05:00,3600,0.0,0.0,0.0,0.0,0.0,0.0,0.0,0.0,0.0
2024-04-20T06:00,3600,0.0,0.01587432189,0.0,0.0,0.0,0.01587432189,31.88414933,15.87432189,13.17935118
2024-04-20T07:00,3600,0.0,0.13110541878,0.0,0.0,0.0,0.13110541878,169.91847716,131.10541878,70.63233636
2024-04-20T08:00,3600,0.0,0.29780814693999996,0.0,0.0,0.0,0.29780814693999996,370.12773641,297.80814694,154.98803203
2024-04-20T09:00,3600,0.0,0.38334229126,0.0,0.0,0.0,0.38334229126,473.09305018,383.34229126,198.87576939
2024-04-20T10:00,3600,0.0,0.62068077602,0.0,0.0,0.0,0.62068077602,759.65644352,620.68077602,322.41968671
2024-04-20T11:00,3600,0.0,0.99550228543,0.0,0.0,0.0,0.99550228543,1214.81782731,995.50228543,526.74167375
2024-04-20T12:00,3600,0.0,0.88608830323,0.0,0.0,0.0,0.88608830323,1081.61964053,886.08830323,467.89634366
2024-04-20T13:00,3600,0.0,0.7111713258600001,0.0,0.0,0.0,0.7111713258600001,869.24949891,711.17132586,373.32858355
2024-04-20T14:00,3600,0.0,0.21512551236,0.0,0.0,0.0,0.21512551236,270.74947362,215.12551236,113.27962714
2024-04-20T15:00,3600,0.0,0.13494943983,0.0,0.0,0.0,0.13494943983,174.52822153,134.94943983,72.6151456
2024-04-20T16:00,3600,0.0,0.10229322306000001,0.0,0.0,0.0,0.10229322306000001,135.37728029,102.29322306,56.1557126
2024-04-20T17:00,3600,0.0,0.02067319129,0.0,0.0,0.0,0.02067319129,37.62686748,20.67319129,15.49123106
2024-04-20T18:00,3600,0.0,0.0,0.0,0.0,0.0,0.0,7.14497548,0.0,2.90460582
2024-04-20T19:00,3600,0.0,0.0,0.0,0.0,0.0,0.0,0.0,0.0,0.0
2024-04-20T20:00,3600,0.0,0.0,0.0,0.0,0.0,0.0,0.0,0.0,0.0
2024-04-20T21:00,3600,0.0,0.0,0.0,0.0,0.0,0.0,0.0,0.0,0.0
2024-04-20T22:00,3600,0.0,0.0,0.0,0.0,0.0,0.0,0.0,0.0,0.0
2024-04-20T23:00,3600,0.0,0.0,0.0,0.0,0.0,0.0,0.0,0.0,0.0
2024-04-21T00:00,3600,0.0,0.0,0.0,0.0,0.0,0.0,0.0,0.0,0.0
2024-04-21T01:00,3600,0.0,0.0,0.0,0.0,0.0,0.0,0.0,0.0,0.0
2024-04-21T02:00,3600,0.0,0.0,0.0,0.0,0.0,0.0,0.0,0.0,0.0
2024-04-21T03:00,3600,0.0,0.0,0.0,0.0,0.0,0.0,0.0,0.0,0.0
2024-04-21T04:00,3600,0.0,0.0,0.0,0.0,0.0,0.0,0.0,0.0,0.0
2024-04-21T05:00,3600,0.0,0.0,0.0,0.0,0.0,0.0,0.0,0.0,0.0
2024-04-21T06:00,3600,0.0,0.00909288531,0.0,0.0,0.0,0.00909288531,23.76978816,9.09288531,9.68201941
2024-04-21T07:00,3600,0.0,0.0545693037,0.0,0.0,0.0,0.0545693037,78.20406641,54.5693037,31.95066407
2024-04-21T08:00,3600,0.0,0.14875368468,0.0,0.0,0.0,0.14875368468,191.08493262,148.75368468,78.42435725
2024-04-21T09:00,3600,0.0,0.19162903754000002,0.0,0.0,0.0,0.19162903754000002,242.53609318,191.62903754,99.72479996
2024-04-21T10:00,3600,0.0,0.19668029253,0.0,0.0,0.0,0.19668029253,248.60035619,196.68029253,102.62940579
2024-04-21T11:00,3600,0.0,0.17326913623999998,0.0,0.0,0.0,0.17326913623999998,220.49893363,173.26913624,91.01098249
2024-04-21T12:00,3600,0.0,0.45073398363,0.0,0.0,0.0,0.45073398363,554.33355213,450.73398363,231.44975478
2024-04-21T13:00,3600,0.0,0.6145009082,0.0,0.0,0.0,0.6145009082,752.17877268,614.5009082,317.11401253
2024-04-21T14:00,3600,0.0,0.22518648478,0.0,0.0,0.0,0.22518648478,282.8339116,225.18648478,117.45102056
2024-04-21T15:00,3600,0.0,0.60593595776,0.0,0.0,0.0,0.60593595776,741.81656699,605.93595776,313.47033104
2024-04-21T16:00,3600,0.0,0.33191821678000005,0.0,0.0,0.0,0.33191821678000005,411.16964619,331.91821678,171.44115081
2024-04-21T17:00,3600,0.0,0.10237232960999999,0.0,0.0,0.0,0.10237232960999999,135.47209136,102.37232961,55.81556725
2024-04-21T18:00,3600,0.0,0.00700813105,0.0,0.0,0.0,0.00700813105,21.27546723,7.00813105,8.71381747
2024-04-21T19:00,3600,0.0,0.0,0.0,0.0,0.0,0.0,0.0,0.0,0.0
2024-04-21T20:00,3600,0.0,0.0,0.0,0.0,0.0,0.0,0.0,0.0,0.0
2024-04-21T21:00,3600,0.0,0.0,0.0,0.0,0.0,0.0,0.0,0.0,0.0
2024-04-21T22:00,3600,0.0,0.0,0.0,0.0,0.0,0.0,0.0,0.0,0.0
2024-04-21T23:00,3600,0.0,0.0,0.0,0.0,0.0,0.0,0.0,0.0,0.0
2024-04-22T00:00,3600,0.0,0.0,0.0,0.0,0.0,0.0,0.0,0.0,0.0
2024-04-22T01:00,3600,0.0,0.0,0.0,0.0,0.0,0.0,0.0,0.0,0.0
2024-04-22T02:00,3600,0.0,0.0,0.0,0.0,0.0,0.0,0.0,0.0,0.0
2024-04-22T03:00,3600,0.0,0.0,0.0,0.0,0.0,0.0,0.0,0.0,0.0
2024-04-22T04:00,3600,0.0,0.0,0.0,0.0,0.0,0.0,0.0,0.0,0.0
2024-04-22T05:00,3600,0.0,0.0,0.0,0.0,0.0,0.0,0.0,0.0,0.0
2024-04-22T06:00,3600,0.0,0.028823187860000002,0.0,0.0,0.0,0.028823187860000002,47.38097144,28.82318786,19.34755303
2024-04-22T07:00,3600,0.0,0.20745085795999998,0.0,0.0,0.0,0.20745085795999998,261.53279496,207.45085796,107.73492665
2024-04-22T08:00,3600,0.47262287996197677,0.51967548348,0.47262287996197677,0.0,0.0,0.04705260351802326,637.547587,519.67548348,267.39535634
2024-04-22T09:00,3600,0.4827240549186873,0.59312710049,0.4827240549186873,0.0,0.0,0.11040304557131264,726.32301185,593.12710049,306.77522046
2024-04-22T10:00,3600,0.5874312082718625,0.7369022775799999,0.5874312082718625,0.0,0.0,0.14947106930813747,900.44617554,736.90227758,386.57774563
2024-04-22T11:00,3600,0.5730355826324363,0.6275456737299999,0.5730355826324363,0.0,0.0,0.05451009109756366,767.96401622,627.54567373,328.08283605
2024-04-22T12:00,3600,0.5855327018406066,0.7277913868399999,0.5855327018406066,0.0,0.0,0.14225868499939331,889.39824317,727.79138684,381.83909217
2024-04-22T13:00,3600,0.5704321744288048,0.5847930976899999,0.5704321744288048,0.0,0.0,0.014360923261195091,716.24421608,584.79309769,304.8142786
2024-04-22T14:00,3600,0.536988867637563,0.54216570539,0.536988867637563,0.0,0.0,0.005176837752436936,664.71691475,542.16570539,281.38049833
2024-04-22T15:00,3600,0.5309536792438604,0.5113602587699999,0.5113602587699999,0.01959342047386048,0.0,0.0,627.50525416,511.36025877,264.44114237
2024-04-22T16:00,3600,0.5095844743976476,0.38461897515,0.38461897515,0.12496549924764766,0.0,0.0,474.63114635,384.61897515,198.62803514
2024-04-22T17:00,3600,0.48349202946140013,0.18507421419999998,0.18507421419999998,0.29841781526140015,0.0,0.0,234.66756715,185.0742142,97.62160983
2024-04-22T18:00,3600,0.0,0.020782326860000002,0.0,0.0,0.0,0.020782326860000002,37.75747386,20.78232686,15.53892815
2024-04-22T19:00,3600,0.0,0.0,0.0,0.0,0.0,0.0,0.0,0.0,0.0
2024-04-22T20:00,3600,0.0,0.0,0.0,0.0,0.0,0.0,0.0,0.0,0.0
2024-04-22T21:00,3600,0.0,0.0,0.0,0.0,0.0,0.0,0.0,0.0,0.0
2024-04-22T22:00,3600,0.0,0.0,0.0,0.0,0.0,0.0,0.0,0.0,0.0
2024-04-22T23:00,3600,0.0,0.0,0.0,0.0,0.0,0.0,0.0,0.0,0.0
2024-04-23T00:00,3600,0.0,0.0,0.0,0.0,0.0,0.0,0.0,0.0,0.0
2024-04-23T01:00,3600,0.0,0.0,0.0,0.0,0.0,0.0,0.0,0.0,0.0
2024-04-23T02:00,3600,0.0,0.0,0.0,0.0,0.0,0.0,0.0,0.0,0.0
2024-04-23T03:00,3600,0.0,0.0,0.0,0.0,0.0,0.0,0.0,0.0,0.0
2024-04-23T04:00,3600,0.0,0.0,0.0,0.0,0.0,0.0,0.0,0.0,0.0
2024-04-23T05:00,3600,0.0,0.0,0.0,0.0,0.0,0.0,0.0,0.0,0.0
2024-04-23T06:00,3600,0.0,0.024737094060000003,0.0,0.0,0.0,0.024737094060000003,42.49045849,24.73709406,17.43750934
2024-04-23T07:00,3600,0.0,0.15547453411999998,0.0,0.0,0.0,0.15547453411999998,199.14738943,155.47453412,82.19424341
2024-04-23T08:00,3600,0.0,0.20557127374,0.0,0.0,0.0,0.20557127374,259.27575508,205.57127374,107.32325982
2024-04-23T09:00,3600,0.0,0.29037539365,0.0,0.0,0.0,0.29037539365,361.18793068,290.37539365,150.12680479
2024-04-23T10:00,3600,0.5058522536343126,0.38460292164,0.38460292164,0.12124933199431265,0.0,0.0,474.61180553,384.60292164,198.84420008
2024-04-23T11:00,3600,0.47019785156717303,0.30970948508999996,0.30970948508999996,0.16048836647717307,0.0,0.0,384.44472456,309.70948509,160.45133485
2024-04-23T12:00,3600,0.4760417274731375,0.35916598809,0.35916598809,0.1168757393831375,0.0,0.0,443.97329718,359.16598809,185.67073761
2024-04-23T13:00,3600,0.561039533696335,0.53172408027,0.53172408027,0.029315453426335014,0.0,0.0,652.10148748,531.72408027,276.49483631
2024-04-23T14:00,3600,0.5506116075038877,0.41850077892000004,0.41850077892000004,0.13211082858388767,0.0,0.0,515.46384564,418.50077892,217.77886575
2024-04-23T15:00,3600,0.6120747306487788,0.6560422619299999,0.6120747306487788,0.0,0.0,0.043967531281221106,802.46063158,656.04226193,344.34367484
2024-04-23T16:00,3600,0.5643088520580362,0.46443629415,0.46443629415,0.09987255790803617,0.0,0.0,570.86407969,464.43629415,242.19777252
2024-04-23T17:00,3600,0.49710884770661207,0.18091527299000001,0.18091527299000001,0.316193574716612,0.0,0.0,229.67559211,180.91527299,95.75509639
2024-04-23T18:00,3600,0.0,0.0009754695,0.0,0.0,0.0,0.0009754695,14.058176,0.9754695,5.80921165
2024-04-23T19:00,3600,0.0,0.0,0.0,0.0,0.0,0.0,0.0,0.0,0.0
2024-04-23T20:00,3600,0.0,0.0,0.0,0.0,0.0,0.0,0.0,0.0,0.0
2024-04-23T21:00,3600,0.0,0.0,0.0,0.0,0.0,0.0,0.0,0.0,0.0
2024-04-23T22:00,3600,0.0,0.0,0.0,0.0,0.0,0.0,0.0,0.0,0.0
2024-04-23T23:00,3600,0.0,0.0,0.0,0.0,0.0,0.0,0.0,0.0,0.0
2024-04-24T00:00,3600,0.0,0.0,0.0,0.0,0.0,0.0,0.0,0.0,0.0
2024-04-24T01:00,3600,0.0,0.0,0.0,0.0,0.0,0.0,0.0,0.0,0.0
2024-04-24T02:00,3600,0.0,0.0,0.0,0.0,0.0,0.0,0.0,0.0,0.0
2024-04-24T03:00,3600,0.0,0.0,0.0,0.0,0.0,0.0,0.0,0.0,0.0
2024-04-24T04:00,3600,0.0,0.0,0.0,0.0,0.0,0.0,0.0,0.0,0.0
2024-04-24T05:00,3600,0.0,0.0,0.0,0.0,0.0,0.0,0.0,0.0,0.0
2024-04-24T06:00,3600,0.0,0.02891063202,0.0,0.0,0.0,0.02891063202,47.4856345,28.91063202,19.53176863
2024-04-24T07:00,3600,0.0,0.18503455650000003,0.0,0.0,0.0,0.18503455650000003,234.61996423,185.0345565,97.20538564
2024-04-24T08:00,3600,0.0,0.42705798226,0.0,0.0,0.0,0.42705798226,525.78062734,427.05798226,220.32557984
2024-04-24T09:00,3600,0.6013664239432466,0.59505669098,0.59505669098,0.00630973296324655,0.0,0.0,728.65680169,595.05669098,307.92615772
2024-04-24T10:00,3600,0.6602288807652407,0.8818885963699999,0.6602288807652407,0.0,0.0,0.22165971560475928,1076.51249504,881.88859637,466.69571703
2024-04-24T11:00,3600,0.7159163375449172,1.12544765678,0.7159163375449172,0.0,0.0,0.4095313192350828,1373.36972844,1125.44765678,605.38833607
2024-04-24T12:00,3600,0.6775994463766505,0.91666964134,0.6775994463766505,0.0,0.0,0.23907019496334947,1118.82095695,916.66964134,490.14704476
2024-04-24T13:00,3600,0.6539717388303735,0.64253396495,0.64253396495,0.01143777388037348,0.0,0.0,786.10583786,642.53396495,340.2328038
2024-04-24T14:00,3600,0.7041664547210771,0.8139180655200001,0.7041664547210771,0.0,0.0,0.10975161079892304,993.91164726,813.91806552,433.06084976
2024-04-24T15:00,3600,0.6614035643280757,0.59387131766,0.59387131766,0.06753224666807567,0.0,0.0,727.22311333,593.87131766,313.26311655
2024-04-24T16:00,3600,0.5768230467715738,0.35446139666,0.35446139666,0.22236165011157383,0.0,0.0,438.30824857,354.46139666,185.77746407
2024-04-24T17:00,3600,0.5138051794117647,0.13696820252,0.13696820252,0.37683697689176476,0.0,0.0,176.94924899,136.96820252,73.87254929
2024-04-24T18:00,3600,0.0,0.01073385668,0.0,0.0,0.0,0.01073385668,25.73320831,10.73385668,10.65817087
2024-04-24T19:00,3600,0.0,0.0,0.0,0.0,0.0,0.0,0.0,0.0,0.0
2024-04-24T20:00,3600,0.0,0.0,0.0,0.0,0.0,0.0,0.0,0.0,0.0
2024-04-24T21:00,3600,0.0,0.0,0.0,0.0,0.0,0.0,0.0,0.0,0.0
2024-04-24T22:00,3600,0.0,0.0,0.0,0.0,0.0,0.0,0.0,0.0,0.0
2024-04-24T23:00,3600,0.0,0.0,0.0,0.0,0.0,0.0,0.0,0.0,0.0
2024-04-25T00:00,3600,0.0,0.0,0.0,0.0,0.0,0.0,0.0,0.0,0.0
2024-04-25T01:00,3600,0.0,0.0,0.0,0.0,0.0,0.0,0.0,0.0,0.0
2024-04-25T02:00,3600,0.0,0.0,0.0,0.0,0.0,0.0,0.0,0.0,0.0
2024-04-25T03:00,3600,0.0,0.0,0.0,0.0,0.0,0.0,0.0,0.0,0.0
2024-04-25T04:00,3600,0.0,0.0,0.0,0.0,0.0,0.0,0.0,0.0,0.0
2024-04-25T05:00,3600,0.0,0.0,0.0,0.0,0.0,0.0,0.0,0.0,0.0
2024-04-25T06:00,3600,0.0,0.00304354523,0.0,0.0,0.0,0.00304354523,16.53226879,3.04354523,6.77741359
2024-04-25T07:00,3600,0.0,0.07674169734,0.0,0.0,0.0,0.07674169734,104.76036065,76.74169734,43.0949392
2024-04-25T08:00,3600,0.0,0.1145464432,0.0,0.0,0.0,0.1145464432,150.06469381,114.5464432,61.81669849
2024-04-25T09:00,3600,0.0,0.11851493728,0.0,0.0,0.0,0.11851493728,154.82226619,118.51493728,63.86257791
2024-04-25T10:00,3600,0.604336846815173,0.33509981307,0.33509981307,0.269237033745173,0.0,0.0,414.99912468,335.09981307,173.37623132
2024-04-25T11:00,3600,0.4922536617647059,0.2279913241,0.2279913241,0.2642623376647059,0.0,0.0,286.20325996,227.9913241,119.08883879
2024-04-25T12:00,3600,0.5937021911764706,0.6423806315299999,0.5937021911764706,0.0,0.0,0.048678440353529306,785.92021741,642.38063153,332.88274054
2024-04-25T13:00,3600,0.7138235705882353,0.92190837191,0.7138235705882353,0.0,0.0,0.20808480132176466,1125.19587754,921.90837191,485.68113994
2024-04-25T14:00,3600,0.7118551283583794,0.76547386465,0.7118551283583794,0.0,0.0,0.05361873629162062,935.10454427,765.47386465,402.68743755
2024-04-25T15:00,3600,0.6710611230948182,0.59817532628,0.59817532628,0.07288579681481822,0.0,0.0,732.42888822,598.17532628,314.30437466
2024-04-25T16:00,3600,0.5852868529411764,0.23209813997,0.23209813997,0.35318871297117643,0.0,0.0,291.13693789,232.09813997,122.69169698
2024-04-25T17:00,3600,0.5375156119366504,0.10668420829,0.10668420829,0.4308314036466504,0.0,0.0,140.64018812,106.68420829,58.84552325
2024-04-25T18:00,3600,0.0,0.014671770340000001,0.0,0.0,0.0,0.014671770340000001,30.44515706,14.67177034,12.61047378
2024-04-25T19:00,3600,0.0,0.0,0.0,0.0,0.0,0.0,0.0,0.0,0.0
2024-04-25T20:00,3600,0.0,0.0,0.0,0.0,0.0,0.0,0.0,0.0,0.0
2024-04-25T21:00,3600,0.0,0.0,0.0,0.0,0.0,0.0,0.0,0.0,0.0
2024-04-25T22:00,3600,0.0,0.0,0.0,0.0,0.0,0.0,0.0,0.0,0.0
2024-04-25T23:00,3600,0.0,0.0,0.0,0.0,0.0,0.0,0.0,0.0,0.0
2024-04-26T00:00,3600,0.0,0.0,0.0,0.0,0.0,0.0,0.0,0.0,0.0
2024-04-26T01:00,3600,0.0,0.0,0.0,0.0,0.0,0.0,0.0,0.0,0.0
2024-04-26T02:00,3600,0.0,0.0,0.0,0.0,0.0,0.0,0.0,0.0,0.0
2024-04-26T03:00,3600,0.0,0.0,0.0,0.0,0.0,0.0,0.0,0.0,0.0
2024-04-26T04:00,3600,0.0,0.0,0.0,0.0,0.0,0.0,0.0,0.0,0.0
2024-04-26T05:00,3600,0.0,0.0,0.0,0.0,0.0,0.0,0.0,0.0,0.0
2024-04-26T06:00,3600,0.0,0.005012048240000001,0.0,0.0,0.0,0.005012048240000001,18.88732696,5.01204824,7.74561553
2024-04-26T07:00,3600,0.0,0.07117205389999999,0.0,0.0,0.0,0.07117205389999999,98.08847991,71.1720539,40.33210524
2024-04-26T08:00,3600,0.0,0.19151999693,0.0,0.0,0.0,0.19151999693,242.40519114,191.51999693,100.19797588
2024-04-26T09:00,3600,0.0,0.36027188612999994,0.0,0.0,0.0,0.36027188612999994,445.30503938,360.27188613,184.80447848
2024-04-26T10:00,3600,0.6609903281604417,0.40716314619000005,0.40716314619000005,0.25382718197044163,0.0,0.0,501.7974286,407.16314619,210.63063735
2024-04-26T11:00,3600,0.5469086031430483,0.5046948434499999,0.5046948434499999,0.042213759693048414,0.0,0.0,619.45652512,504.69484345,261.77027213
2024-04-26T12:00,3600,0.5347052406284507,0.4970927821,0.4970927821,0.03761245852845069,0.0,0.0,610.27798035,497.0927821,257.88273935
2024-04-26T13:00,3600,0.6400257393345871,0.52540904939,0.52540904939,0.11461668994458707,0.0,0.0,644.4729447,525.40904939,274.85778688
2024-04-26T14:00,3600,0.7732721411764707,0.99640458828,0.7732721411764707,0.0,0.0,0.2231324471035293,1215.91741792,996.40458828,531.25308902
2024-04-26T15:00,3600,0.7426103705882352,0.88654481171,0.7426103705882352,0.0,0.0,0.1439344411217648,1082.17481206,886.54481171,470.62776518
2024-04-26T16:00,3600,0.6885993382352943,0.66767232027,0.66767232027,0.02092701796529428,0.0,0.0,816.54471152,667.67232027,351.10547431
2024-04-26T17:00,3600,0.5775221235294117,0.25439056115,0.25439056115,0.32313156237941165,0.0,0.0,317.92420436,254.39056115,133.86988669
2024-04-26T18:00,3600,0.0,0.01843066031,0.0,0.0,0.0,0.01843066031,34.94320951,18.43066031,14.57072621
2024-04-26T19:00,3600,0.0,0.0,0.0,0.0,0.0,0.0,0.0,0.0,0.0
2024-04-26T20:00,3600,0.0,0.0,0.0,0.0,0.0,0.0,0.0,0.0,0.0
2024-04-26T21:00,3600,0.0,0.0,0.0,0.0,0.0,0.0,0.0,0.0,0.0
2024-04-26T22:00,3600,0.0,0.0,0.0,0.0,0.0,0.0,0.0,0.0,0.0
2024-04-26T23:00,3600,0.0,0.0,0.0,0.0,0.0,0.0,0.0,0.0,0.0
2024-04-27T00:00,3600,0.0,0.0,0.0,0.0,0.0,0.0,0.0,0.0,0.0
2024-04-27T01:00,3600,0.0,0.0,0.0,0.0,0.0,0.0,0.0,0.0,0.0
2024-04-27T02:00,3600,0.0,0.0,0.0,0.0,0.0,0.0,0.0,0.0,0.0
2024-04-27T03:00,3600,0.0,0.0,0.0,0.0,0.0,0.0,0.0,0.0,0.0
2024-04-27T04:00,3600,0.0,0.0,0.0,0.0,0.0,0.0,0.0,0.0,0.0
2024-04-27T05:00,3600,0.0,0.0,0.0,0.0,0.0,0.0,0.0,0.0,0.0
2024-04-27T06:00,3600,0.0,0.026690268880000003,0.0,0.0,0.0,0.026690268880000003,44.82810442,26.69026888,18.49702376
2024-04-27T07:00,3600,0.0,0.17547014257999996,0.0,0.0,0.0,0.17547014257999996,223.14038166,175.47014258,92.876076
2024-04-27T08:00,3600,0.0,0.32591492769,0.0,0.0,0.0,0.32591492769,403.94449469,325.91492769,169.7308166
2024-04-27T09:00,3600,0.0,0.51865830335,0.0,0.0,0.0,0.51865830335,636.31905074,518.65830335,269.57279005
2024-04-27T10:00,3600,0.0,0.64740645422,0.0,0.0,0.0,0.64740645422,792.00459192,647.40645422,339.00214459
2024-04-27T11:00,3600,0.0,0.78387467885,0.0,0.0,0.0,0.78387467885,957.43524578,783.87467885,413.19481562
2024-04-27T12:00,3600,0.0,0.84349613637,0.0,0.0,0.0,0.84349613637,1029.84324946,843.49613637,444.53553156
2024-04-27T13:00,3600,0.0,0.8431593456,0.0,0.0,0.0,0.8431593456,1029.43400152,843.1593456,447.84191512
2024-04-27T14:00,3600,0.0,0.6929793485899999,0.0,0.0,0.0,0.6929793485899999,847.20229243,692.97934859,365.79852141
2024-04-27T15:00,3600,0.0,0.54566633942,0.0,0.0,0.0,0.54566633942,668.94688166,545.66633942,287.24813283
2024-04-27T16:00,3600,0.0,0.27554380849000004,0.0,0.0,0.0,0.27554380849000004,343.35278264,275.54380849,144.91913951
2024-04-27T17:00,3600,0.0,0.18309605594,0.0,0.0,0.0,0.18309605594,232.2931372,183.09605594,97.71201511
2024-04-27T18:00,3600,0.0,0.02044753778,0.0,0.0,0.0,0.02044753778,37.35682082,20.44753778,15.52302912
2024-04-27T19:00,3600,0.0,0.0,0.0,0.0,0.0,0.0,0.0,0.0,0.0
2024-04-27T20:00,3600,0.0,0.0,0.0,0.0,0.0,0.0,0.0,0.0,0.0
2024-04-27T21:00,3600,0.0,0.0,0.0,0.0,0.0,0.0,0.0,0.0,0.0
2024-04-27T22:00,3600,0.0,0.0,0.0,0.0,0.0,0.0,0.0,0.0,0.0
2024-04-27T23:00,3600,0.0,0.0,0.0,0.0,0.0,0.0,0.0,0.0,0.0
2024-04-28T00:00,3600,0.0,0.0,0.0,0.0,0.0,0.0,0.0,0.0,0.0
2024-04-28T01:00,3600,0.0,0.0,0.0,0.0,0.0,0.0,0.0,0.0,0.0
2024-04-28T02:00,3600,0.0,0.0,0.0,0.0,0.0,0.0,0.0,0.0,0.0
2024-04-28T03:00,3600,0.0,0.0,0.0,0.0,0.0,0.0,0.0,0.0,0.0
2024-04-28T04:00,3600,0.0,0.0,0.0,0.0,0.0,0.0,0.0,0.0,0.0
2024-04-28T05:00,3600,0.0,0.0,0.0,0.0,0.0,0.0,0.0,0.0,0.0
2024-04-28T06:00,3600,0.0,0.0,0.0,0.0,0.0,0.0,11.83582564,0.0,4.84100971
2024-04-28T07:00,3600,0.0,0.04650310957,0.0,0.0,0.0,0.04650310957,68.54570609,46.50310957,28.0778563
2024-04-28T08:00,3600,0.0,0.25991805024000003,0.0,0.0,0.0,0.25991805024000003,324.56790975,259.91805024,134.14882827
2024-04-28T09:00,3600,0.0,0.71498804555,0.0,0.0,0.0,0.71498804555,873.8760089,714.98804555,368.68793723
2024-04-28T10:00,3600,0.0,0.67450724047,0.0,0.0,0.0,0.67450724047,824.82327673,674.50724047,350.98841076
2024-04-28T11:00,3600,0.0,0.8854086442100001,0.0,0.0,0.0,0.8854086442100001,1080.79309886,885.40864421,463.38749925
2024-04-28T12:00,3600,0.0,0.69774599997,0.0,0.0,0.0,0.69774599997,852.97836211,697.74599997,362.39463427
2024-04-28T13:00,3600,0.0,0.82058397717,0.0,0.0,0.0,0.82058397717,1002.00768668,820.58397717,430.62064441
2024-04-28T14:00,3600,0.0,0.46816106376,0.0,0.0,0.0,0.46816106376,575.35838533,468.16106376,243.56116251
2024-04-28T15:00,3600,0.0,0.19605553452,0.0,0.0,0.0,0.19605553452,247.85027505,196.05553452,103.50472658
2024-04-28T16:00,3600,0.0,0.11390973384,0.0,0.0,0.0,0.11390973384,149.30141613,113.90973384,61.62687511
2024-04-28T17:00,3600,0.0,0.03673391243,0.0,0.0,0.0,0.03673391243,56.85009895,36.73391243,23.34022802
2024-04-28T18:00,3600,0.0,0.00108706324,0.0,0.0,0.0,0.00108706324,14.19167611,1.08706324,5.82511068
2024-04-28T19:00,3600,0.0,0.0,0.0,0.0,0.0,0.0,0.0,0.0,0.0
2024-04-28T20:00,3600,0.0,0.0,0.0,0.0,0.0,0.0,0.0,0.0,0.0
2024-04-28T21:00,3600,0.0,0.0,0.0,0.0,0.0,0.0,0.0,0.0,0.0
2024-04-28T22:00,3600,0.0,0.0,0.0,0.0,0.0,0.0,0.0,0.0,0.0
2024-04-28T23:00,3600,0.0,0.0,0.0,0.0,0.0,0.0,0.0,0.0,0.0
2024-04-29T00:00,3600,0.0,0.0,0.0,0.0,0.0,0.0,0.0,0.0,0.0
2024-04-29T01:00,3600,0.0,0.0,0.0,0.0,0.0,0.0,0.0,0.0,0.0
2024-04-29T02:00,3600,0.0,0.0,0.0,0.0,0.0,0.0,0.0,0.0,0.0
2024-04-29T03:00,3600,0.0,0.0,0.0,0.0,0.0,0.0,0.0,0.0,0.0
2024-04-29T04:00,3600,0.0,0.0,0.0,0.0,0.0,0.0,0.0,0.0,0.0
2024-04-29T05:00,3600,0.0,0.0,0.0,0.0,0.0,0.0,0.0,0.0,0.0
2024-04-29T06:00,3600,0.0,0.03023699034,0.0,0.0,0.0,0.03023699034,49.07319076,30.23699034,20.28351777
2024-04-29T07:00,3600,0.0,0.10535668504,0.0,0.0,0.0,0.10535668504,139.0490125,105.35668504,57.66620927
2024-04-29T08:00,3600,1.0870588235294116,0.30190962854000003,0.30190962854000003,0.7851491949894116,0.0,0.0,375.06135265,301.90962854,156.88772084
2024-04-29T09:00,3600,1.0870588235294116,0.63994452959,0.63994452959,0.4471142939394116,0.0,0.0,782.9712231,639.94452959,332.23330006
2024-04-29T10:00,3600,1.0870588235294116,0.9857932301400001,0.9857932301400001,0.10126559338941155,0.0,0.0,1202.98708454,985.79323014,522.61079959
2024-04-29T11:00,3600,1.0870588235294116,1.35194350627,1.0870588235294116,0.0,0.0,0.2648846827405884,1650.66776556,1351.94350627,727.97371822
2024-04-29T12:00,3600,1.0870588235294116,1.39083281231,1.0870588235294116,0.0,0.0,0.30377398878058837,1698.40097767,1390.83281231,751.25695224
2024-04-29T13:00,3600,1.0849882352941176,1.2424959957500001,1.0849882352941176,0.0,0.0,0.15750776045588255,1516.52159392,1242.49599575,670.16809808
2024-04-29T14:00,3600,1.0825035294117646,1.1344990897299998,1.0825035294117646,0.0,0.0,0.05199556031823516,1384.42836868,1134.49908973,609.14102209
2024-04-29T15:00,3600,0.7629665343724318,0.51561962668,0.51561962668,0.24734690769243173,0.0,0.0,632.64911708,515.61962668,271.31569607
2024-04-29T16:00,3600,0.6945467617647059,0.45834763497,0.45834763497,0.2361991267947059,0.0,0.0,563.51817526,458.34763497,240.92972127
2024-04-29T17:00,3600,0.6237905794117646,0.18917823553,0.18917823553,0.4346123438817646,0.0,0.0,239.59399605,189.17823553,101.31574216
2024-04-29T18:00,3600,0.0,0.020315912350000003,0.0,0.0,0.0,0.020315912350000003,37.19930104,20.31591235,15.54687766
2024-04-29T19:00,3600,0.0,0.0,0.0,0.0,0.0,0.0,0.0,0.0,0.0
2024-04-29T20:00,3600,0.0,0.0,0.0,0.0,0.0,0.0,0.0,0.0,0.0
2024-04-29T21:00,3600,0.0,0.0,0.0,0.0,0.0,0.0,0.0,0.0,0.0
2024-04-29T22:00,3600,0.0,0.0,0.0,0.0,0.0,0.0,0.0,0.0,0.0
2024-04-29T23:00,3600,0.0,0.0,0.0,0.0,0.0,0.0,0.0,0.0,0.0
2024-04-30T00:00,3600,0.0,0.0,0.0,0.0,0.0,0.0,0.0,0.0,0.0
2024-04-30T01:00,3600,0.0,0.0,0.0,0.0,0.0,0.0,0.0,0.0,0.0
2024-04-30T02:00,3600,0.0,0.0,0.0,0.0,0.0,0.0,0.0,0.0,0.0
2024-04-30T03:00,3600,0.0,0.0,0.0,0.0,0.0,0.0,0.0,0.0,0.0
2024-04-30T04:00,3600,0.0,0.0,0.0,0.0,0.0,0.0,0.0,0.0,0.0
2024-04-30T05:00,3600,0.0,0.0,0.0,0.0,0.0,0.0,0.0,0.0,0.0
2024-04-30T06:00,3600,0.0,0.022761980199999997,0.0,0.0,0.0,0.022761980199999997,40.12663979,22.7619802,16.60866441
2024-04-30T07:00,3600,0.0,0.17054213179999997,0.0,0.0,0.0,0.17054213179999997,217.22637859,170.5421318,90.57595209
2024-04-30T08:00,3600,1.0870588235294116,0.41479192256999997,0.41479192256999997,0.6722669009594117,0.0,0.0,510.99286274,414.79192257,216.05208507
2024-04-30T09:00,3600,0.7404309960470626,0.9842084014600001,0.7404309960470626,0.0,0.0,0.24377740541293746,1201.05613509,984.20840146,524.94877282
2024-04-30T10:00,3600,0.740696699283261,0.9232032944899999,0.740696699283261,0.0,0.0,0.18250659520673895,1126.77174369,923.20329449,491.74539395
2024-04-30T11:00,3600,0.7621544941176471,0.9548780566699999,0.7621544941176471,0.0,0.0,0.1927235625523528,1165.33060759,954.87805667,508.85961804
2024-04-30T12:00,3600,0.7778162529411764,1.0337479494900002,0.7778162529411764,0.0,0.0,0.25593169654882375,1261.4423755,1033.74794949,553.900636
2024-04-30T13:00,3600,0.7504853705882352,0.92677217432,0.7504853705882352,0.0,0.0,0.17628680373176486,1131.11511948,926.77217432,494.31267268
2024-04-30T14:00,3600,0.5725257911764705,0.29931986336,0.29931986336,0.2732059278164705,0.0,0.0,371.94611599,299.31986336,156.86547189
2024-04-30T15:00,3600,0.488665517942004,0.16150192074,0.16150192074,0.32716359720200405,0.0,0.0,206.37880165,161.50192074,86.16997278
2024-04-30T16:00,3600,0.4582171400463095,0.17672671288,0.17672671288,0.28149042716630945,0.0,0.0,224.6484512,176.72671288,93.42854416
2024-04-30T17:00,3600,0.46141326012524175,0.11117250337,0.11117250337,0.35024075675524174,0.0,0.0,146.02016656,111.17250337,60.55336045
2024-04-30T18:00,3600,0.0,0.01482986884,0.0,0.0,0.0,0.01482986884,30.63433843,14.82986884,12.61047378
2024-04-30T19:00,3600,0.0,0.0,0.0,0.0,0.0,0.0,0.0,0.0,0.0
2024-04-30T20:00,3600,0.0,0.0,0.0,0.0,0.0,0.0,0.0,0.0,0.0
2024-04-30T21:00,3600,0.0,0.0,0.0,0.0,0.0,0.0,0.0,0.0,0.0
2024-04-30T22:00,3600,0.0,0.0,0.0,0.0,0.0,0.0,0.0,0.0,0.0
2024-04-30T23:00,3600,0.0,0.0,0.0,0.0,0.0,0.0,0.0,0.0,0.0
2024-05-01T00:00,3600,0.0,0.0,0.0,0.0,0.0,0.0,0.0,0.0,0.0
2024-05-01T01:00,3600,0.0,0.0,0.0,0.0,0.0,0.0,0.0,0.0,0.0
2024-05-01T02:00,3600,0.0,0.0,0.0,0.0,0.0,0.0,0.0,0.0,0.0
2024-05-01T03:00,3600,0.0,0.0,0.0,0.0,0.0,0.0,0.0,0.0,0.0
2024-05-01T04:00,3600,0.0,0.0,0.0,0.0,0.0,0.0,0.0,0.0,0.0
2024-05-01T05:00,3600,0.0,0.0,0.0,0.0,0.0,0.0,0.0,0.0,0.0
2024-05-01T06:00,3600,0.0,0.0091206868,0.0,0.0,0.0,0.0091206868,23.80305212,9.1206868,9.68201941
2024-05-01T07:00,3600,0.0,0.036889058710000006,0.0,0.0,0.0,0.036889058710000006,57.03582256,36.88905871,23.23684659
2024-05-01T08:00,3600,0.0,0.09814448423000001,0.0,0.0,0.0,0.09814448423000001,130.40511109,98.14448423,53.25110678
2024-05-01T09:00,3600,0.0,0.12756407757,0.0,0.0,0.0,0.12756407757,165.67199372,127.56407757,67.7741359
2024-05-01T10:00,3600,0.0,0.18437979681999997,0.0,0.0,0.0,0.18437979681999997,233.83403178,184.37979682,95.85811008
2024-05-01T11:00,3600,0.0,0.23522798868999997,0.0,0.0,0.0,0.23522798868999997,294.89719767,235.22798869,121.08797522
2024-05-01T12:00,3600,0.0,0.25642118368,0.0,0.0,0.0,0.25642118368,320.36481037,256.42118368,131.67546403
2024-05-01T13:00,3600,0.27932386597194203,0.12737639849,0.12737639849,0.15194746748194204,0.0,0.0,165.44695219,127.37639849,67.7741359
2024-05-01T14:00,3600,0.49797588360585826,1.11854040686,0.49797588360585826,0.0,0.0,0.6205645232541417,1364.93203832,1118.54040686,582.97906028
2024-05-01T15:00,3600,0.31123488570284,0.46711802787999995,0.31123488570284,0.0,0.0,0.15588314217715993,574.09982727,467.11802788,238.23542407
2024-05-01T16:00,3600,0.22025001882283182,0.27181558216,0.22025001882283182,0.0,0.0,0.05156556333716819,338.87031597,271.81558216,139.19375137
2024-05-01T17:00,3600,0.15807266351834864,0.08220767118,0.08220767118,0.07586499233834865,0.0,0.0,111.30871706,82.20767118,45.26992702
2024-05-01T18:00,3600,0.0,0.007100957000000001,0.0,0.0,0.0,0.007100957000000001,21.38652756,7.100957,8.71381747
2024-05-01T19:00,3600,0.0,0.0,0.0,0.0,0.0,0.0,0.0,0.0,0.0
2024-05-01T20:00,3600,0.0,0.0,0.0,0.0,0.0,0.0,0.0,0.0,0.0
2024-05-01T21:00,3600,0.0,0.0,0.0,0.0,0.0,0.0,0.0,0.0,0.0
2024-05-01T22:00,3600,0.0,0.0,0.0,0.0,0.0,0.0,0.0,0.0,0.0
2024-05-01T23:00,3600,0.0,0.0,0.0,0.0,0.0,0.0,0.0,0.0,0.0
2024-05-02T00:00,3600,0.0,0.0,0.0,0.0,0.0,0.0,0.0,0.0,0.0
2024-05-02T01:00,3600,0.0,0.0,0.0,0.0,0.0,0.0,0.0,0.0,0.0
2024-05-02T02:00,3600,0.0,0.0,0.0,0.0,0.0,0.0,0.0,0.0,0.0
2024-05-02T03:00,3600,0.0,0.0,0.0,0.0,0.0,0.0,0.0,0.0,0.0
2024-05-02T04:00,3600,0.0,0.0,0.0,0.0,0.0,0.0,0.0,0.0,0.0
2024-05-02T05:00,3600,0.0,0.0,0.0,0.0,0.0,0.0,0.0,0.0,0.0
2024-05-02T06:00,3600,0.0,0.021203000910000002,0.0,0.0,0.0,0.021203000910000002,38.26091171,21.20300091,15.49123106
2024-05-02T07:00,3600,0.0,0.14179285435,0.0,0.0,0.0,0.14179285435,182.7356389,141.79285435,74.40530995
2024-05-02T08:00,3600,0.0,0.27637764359,0.0,0.0,0.0,0.27637764359,344.35534927,276.37764359,141.19106151
2024-05-02T09:00,3600,0.0,0.19827388558000003,0.0,0.0,0.0,0.19827388558000003,250.51365455,198.27388558,102.47031551
2024-05-02T10:00,3600,0.0,0.33388861443000006,0.0,0.0,0.0,0.33388861443000006,413.54125788,333.88861443,170.52807173
2024-05-02T11:00,3600,0.0,0.32072180692999996,0.0,0.0,0.0,0.32072180692999996,397.6950534,320.72180693,163.78072121
2024-05-02T12:00,3600,0.0,0.46320834565,0.0,0.0,0.0,0.46320834565,569.38250563,463.20834565,236.04547737
2024-05-02T13:00,3600,0.0,0.70970855891,0.0,0.0,0.0,0.70970855891,867.47646564,709.70855891,366.09431513
2024-05-02T14:00,3600,0.0,0.33247003239999995,0.0,0.0,0.0,0.33247003239999995,411.83381427,332.4700324,171.34092754
2024-05-02T15:00,3600,0.5191070387534776,0.22652048635,0.22652048635,0.29258655240347764,0.0,0.0,284.43637599,226.52048635,117.84605758
2024-05-02T16:00,3600,0.3197009785325492,0.11420356773,0.11420356773,0.20549741080254919,0.0,0.0,149.6536587,114.20356773,61.7093053
2024-05-02T17:00,3600,0.3138990261172361,0.05764462202,0.05764462202,0.2562544040972361,0.0,0.0,81.88678955,57.64462202,33.64910322
2024-05-02T18:00,3600,0.0,0.0071617379,0.0,0.0,0.0,0.0071617379,21.45924814,7.1617379,8.73766602
2024-05-02T19:00,3600,0.0,0.0,0.0,0.0,0.0,0.0,0.0,0.0,0.0
2024-05-02T20:00,3600,0.0,0.0,0.0,0.0,0.0,0.0,0.0,0.0,0.0
2024-05-02T21:00,3600,0.0,0.0,0.0,0.0,0.0,0.0,0.0,0.0,0.0
2024-05-02T22:00,3600,0.0,0.0,0.0,0.0,0.0,0.0,0.0,0.0,0.0
2024-05-02T23:00,3600,0.0,0.0,0.0,0.0,0.0,0.0,0.0,0.0,0.0
2024-05-03T00:00,3600,0.0,0.0,0.0,0.0,0.0,0.0,0.0,0.0,0.0
2024-05-03T01:00,3600,0.0,0.0,0.0,0.0,0.0,0.0,0.0,0.0,0.0
2024-05-03T02:00,3600,0.0,0.0,0.0,0.0,0.0,0.0,0.0,0.0,0.0
2024-05-03T03:00,3600,0.0,0.0,0.0,0.0,0.0,0.0,0.0,0.0,0.0
2024-05-03T04:00,3600,0.0,0.0,0.0,0.0,0.0,0.0,0.0,0.0,0.0
2024-05-03T05:00,3600,0.0,0.0,0.0,0.0,0.0,0.0,0.0,0.0,0.0
2024-05-03T06:00,3600,0.0,0.01624888311,0.0,0.0,0.0,0.01624888311,32.3323617,16.24888311,13.161294
2024-05-03T07:00,3600,0.0,0.16482637849999998,0.0,0.0,0.0,0.16482637849999998,210.36769281,164.8263785,86.19425291
2024-05-03T08:00,3600,0.0,0.29685302613,0.0,0.0,0.0,0.29685302613,368.97888826,296.85302613,152.32758385
2024-05-03T09:00,3600,0.0,0.6103404186300001,0.0,0.0,0.0,0.6103404186300001,747.14504573,610.34041863,313.55355053
2024-05-03T10:00,3600,0.0,0.59938972263,0.0,0.0,0.0,0.59938972263,733.89779784,599.38972263,309.80712642
2024-05-03T11:00,3600,0.0,0.80508215159,0.0,0.0,0.0,0.80508215159,983.18161094,805.08215159,419.73341279
2024-05-03T12:00,3600,0.6219778194475135,0.65619536557,0.6219778194475135,0.0,0.0,0.03421754612248651,802.64602123,656.19536557,340.67778262
2024-05-03T13:00,3600,0.44976567464423206,0.38743029019,0.38743029019,0.062335384454232035,0.0,0.0,478.01823116,387.43029019,200.62466658
2024-05-03T14:00,3600,0.39948448707205503,0.26831913784,0.26831913784,0.13116534923205503,0.0,0.0,334.66680211,268.31913784,139.35027521
2024-05-03T15:00,3600,0.35894813177420737,0.04812546577,0.04812546577,0.3108226660042074,0.0,0.0,70.48818069,48.12546577,29.04605824
2024-05-03T16:00,3600,0.3572155132915933,0.05605960756,0.05605960756,0.3011559057315933,0.0,0.0,79.98869368,56.05960756,32.91886601
2024-05-03T17:00,3600,0.3460696431539815,0.03062685192,0.03062685192,0.3154427912339815,0.0,0.0,49.53983457,30.62685192,20.33224077
2024-05-03T18:00,3600,0.0,0.0,0.0,0.0,0.0,0.0,7.1026263,0.0,2.90460582
2024-05-03T19:00,3600,0.0,0.0,0.0,0.0,0.0,0.0,0.0,0.0,0.0
2024-05-03T20:00,3600,0.0,0.0,0.0,0.0,0.0,0.0,0.0,0.0,0.0
2024-05-03T21:00,3600,0.0,0.0,0.0,0.0,0.0,0.0,0.0,0.0,0.0
2024-05-03T22:00,3600,0.0,0.0,0.0,0.0,0.0,0.0,0.0,0.0,0.0
2024-05-03T23:00,3600,0.0,0.0,0.0,0.0,0.0,0.0,0.0,0.0,0.0
2024-05-04T00:00,3600,0.0,0.0,0.0,0.0,0.0,0.0,0.0,0.0,0.0
2024-05-04T01:00,3600,0.0,0.0,0.0,0.0,0.0,0.0,0.0,0.0,0.0
2024-05-04T02:00,3600,0.0,0.0,0.0,0.0,0.0,0.0,0.0,0.0,0.0
2024-05-04T03:00,3600,0.0,0.0,0.0,0.0,0.0,0.0,0.0,0.0,0.0
2024-05-04T04:00,3600,0.0,0.0,0.0,0.0,0.0,0.0,0.0,0.0,0.0
2024-05-04T05:00,3600,0.0,0.0,0.0,0.0,0.0,0.0,0.0,0.0,0.0
2024-05-04T06:00,3600,0.0,0.027607149690000003,0.0,0.0,0.0,0.027607149690000003,45.92549668,27.60714969,18.78237439
2024-05-04T07:00,3600,0.0,0.15454226007,0.0,0.0,0.0,0.15454226007,198.02895658,154.54226007,81.47855653
2024-05-04T08:00,3600,0.0,0.18697550953,0.0,0.0,0.0,0.18697550953,236.94981811,186.97550953,97.6323001
2024-05-04T09:00,3600,0.0,0.21061185431,0.0,0.0,0.0,0.21061185431,265.32875452,210.61185431,109.40681938
2024-05-04T10:00,3600,0.0,0.3662778283,0.0,0.0,0.0,0.3662778283,452.53797824,366.2778283,188.73801594
2024-05-04T11:00,3600,0.0,0.58765123841,0.0,0.0,0.0,0.58765123841,719.70055579,587.65123841,303.8179583
2024-05-04T12:00,3600,0.0,0.41611375798000005,0.0,0.0,0.0,0.41611375798000005,512.58628459,416.11375798,214.72912852
2024-05-04T13:00,3600,0.0,0.59619989551,0.0,0.0,0.0,0.59619989551,730.03951768,596.19989551,307.65031914
2024-05-04T14:00,3600,0.0,0.14342342601,0.0,0.0,0.0,0.14342342601,184.69136186,143.42342601,76.51138865
2024-05-04T15:00,3600,0.0,0.07560019427,0.0,0.0,0.0,0.07560019427,103.39289769,75.60019427,42.60088542
2024-05-04T16:00,3600,0.0,0.03458831606,0.0,0.0,0.0,0.03458831606,54.28168742,34.58831606,22.26864465
2024-05-04T17:00,3600,0.0,0.026683273719999998,0.0,0.0,0.0,0.026683273719999998,44.81973216,26.68327372,18.39583689
2024-05-04T18:00,3600,0.0,0.00111623876,0.0,0.0,0.0,0.00111623876,14.22657896,1.11623876,5.80921165
2024-05-04T19:00,3600,0.0,0.0,0.0,0.0,0.0,0.0,0.0,0.0,0.0
2024-05-04T20:00,3600,0.0,0.0,0.0,0.0,0.0,0.0,0.0,0.0,0.0
2024-05-04T21:00,3600,0.0,0.0,0.0,0.0,0.0,0.0,0.0,0.0,0.0
2024-05-04T22:00,3600,0.0,0.0,0.0,0.0,0.0,0.0,0.0,0.0,0.0
2024-05-04T23:00,3600,0.0,0.0,0.0,0.0,0.0,0.0,0.0,0.0,0.0
2024-05-05T00:00,3600,0.0,0.0,0.0,0.0,0.0,0.0,0.0,0.0,0.0
2024-05-05T01:00,3600,0.0,0.0,0.0,0.0,0.0,0.0,0.0,0.0,0.0
2024-05-05T02:00,3600,0.0,0.0,0.0,0.0,0.0,0.0,0.0,0.0,0.0
2024-05-05T03:00,3600,0.0,0.0,0.0,0.0,0.0,0.0,0.0,0.0,0.0
2024-05-05T04:00,3600,0.0,0.0,0.0,0.0,0.0,0.0,0.0,0.0,0.0
2024-05-05T05:00,3600,0.0,0.0,0.0,0.0,0.0,0.0,0.0,0.0,0.0
2024-05-05T06:00,3600,0.0,0.02017868784,0.0,0.0,0.0,0.02017868784,37.03508109,20.17868784,15.10705104
2024-05-05T07:00,3600,0.0,0.0644313801,0.0,0.0,0.0,0.0644313801,90.0147307,64.4313801,36.79167377
2024-05-05T08:00,3600,0.0,0.18877196169000002,0.0,0.0,0.0,0.18877196169000002,239.10629214,188.77196169,98.28405257
2024-05-05T09:00,3600,0.0,0.27409572267,0.0,0.0,0.0,0.27409572267,341.61170462,274.09572267,141.004914
2024-05-05T10:00,3600,0.0,0.42046247808,0.0,0.0,0.0,0.42046247808,517.82877534,420.46247808,217.7240558
2024-05-05T11:00,3600,0.0,0.61903803242,0.0,0.0,0.0,0.61903803242,757.66863134,619.03803242,322.90034926
2024-05-05T12:00,3600,0.0,0.9032673222900001,0.0,0.0,0.0,0.9032673222900001,1102.51477793,903.26732229,477.88928698
2024-05-05T13:00,3600,0.0,0.9483246377499999,0.0,0.0,0.0,0.9483246377499999,1157.35099245,948.32463775,508.14186932
2024-05-05T14:00,3600,0.0,0.72437810151,0.0,0.0,0.0,0.72437810151,885.25975474,724.37810151,384.54726446
2024-05-05T15:00,3600,0.0,0.83988821657,0.0,0.0,0.0,0.83988821657,1025.45925691,839.88821657,449.75275045
2024-05-05T16:00,3600,0.0,0.49571425823,0.0,0.0,0.0,0.49571425823,608.61372302,495.71425823,262.55480417
2024-05-05T17:00,3600,0.0,0.25376226909,0.0,0.0,0.0,0.25376226909,317.16907839,253.76226909,135.0528889
2024-05-05T18:00,3600,0.0,0.026432605970000002,0.0,0.0,0.0,0.026432605970000002,44.51971728,26.43260597,18.50713009
2024-05-05T19:00,3600,0.0,0.0,0.0,0.0,0.0,0.0,0.0,0.0,0.0
2024-05-05T20:00,3600,0.0,0.0,0.0,0.0,0.0,0.0,0.0,0.0,0.0
2024-05-05T21:00,3600,0.0,0.0,0.0,0.0,0.0,0.0,0.0,0.0,0.0
2024-05-05T22:00,3600,0.0,0.0,0.0,0.0,0.0,0.0,0.0,0.0,0.0
2024-05-05T23:00,3600,0.0,0.0,0.0,0.0,0.0,0.0,0.0,0.0,0.0
2024-05-06T00:00,3600,0.0,0.0,0.0,0.0,0.0,0.0,0.0,0.0,0.0
2024-05-06T01:00,3600,0.0,0.0,0.0,0.0,0.0,0.0,0.0,0.0,0.0
2024-05-06T02:00,3600,0.0,0.0,0.0,0.0,0.0,0.0,0.0,0.0,0.0
2024-05-06T03:00,3600,0.0,0.0,0.0,0.0,0.0,0.0,0.0,0.0,0.0
2024-05-06T04:00,3600,0.0,0.0,0.0,0.0,0.0,0.0,0.0,0.0,0.0
2024-05-06T05:00,3600,0.0,0.0,0.0,0.0,0.0,0.0,0.0,0.0,0.0
2024-05-06T06:00,3600,0.0,0.062253679660000005,0.0,0.0,0.0,0.062253679660000005,87.40656826,62.25367966,36.03920504
2024-05-06T07:00,3600,0.0,0.2272798773,0.0,0.0,0.0,0.2272798773,285.34860911,227.2798773,118.81713964
2024-05-06T08:00,3600,1.0780386634101153,0.48601297178999997,0.48601297178999997,0.5920256916201154,0.0,0.0,596.90280926,486.01297179,252.22375975
2024-05-06T09:00,3600,0.6305229561280293,0.7236915378,0.6305229561280293,0.0,0.0,0.09316858167197062,884.42735239,723.6915378,379.0212697
2024-05-06T10:00,3600,0.7465919911764706,0.8900327481100001,0.7465919911764706,0.0,0.0,0.14344075693352953,1086.41673771,890.03274811,475.63278864
2024-05-06T11:00,3600,0.8177427294117647,1.14653912971,0.8177427294117647,0.0,0.0,0.3287964002982353,1399.14131213,1146.53912971,622.19315855
2024-05-06T12:00,3600,0.879805244117647,1.31885744778,0.879805244117647,0.0,0.0,0.43905220366235287,1610.08559493,1318.85744778,726.66026986
2024-05-06T13:00,3600,0.8986592764705883,1.1847719306,0.8986592764705883,0.0,0.0,0.28611265412941167,1445.88423563,1184.7719306,653.76720287
2024-05-06T14:00,3600,0.8948488441176471,1.13453730989,0.8948488441176471,0.0,0.0,0.23968846577235292,1384.47506842,1134.53730989,625.61887172
2024-05-06T15:00,3600,0.8359831117647059,0.9040334383199999,0.8359831117647059,0.0,0.0,0.06805032655529408,1103.44677594,904.03343832,491.35505563
2024-05-06T16:00,3600,0.6755192647058824,0.38195738193,0.38195738193,0.2935618827758824,0.0,0.0,471.42460957,381.95738193,202.34772564
2024-05-06T17:00,3600,0.5711030411764706,0.1307777462,0.1307777462,0.4403252949764706,0.0,0.0,169.52554772,130.7777462,71.33887808
2024-05-06T18:00,3600,0.0,0.01851356727,0.0,0.0,0.0,0.01851356727,35.04242309,18.51356727,14.53097864
2024-05-06T19:00,3600,0.0,0.0,0.0,0.0,0.0,0.0,0.0,0.0,0.0
2024-05-06T20:00,3600,0.0,0.0,0.0,0.0,0.0,0.0,0.0,0.0,0.0
2024-05-06T21:00,3600,0.0,0.0,0.0,0.0,0.0,0.0,0.0,0.0,0.0
2024-05-06T22:00,3600,0.0,0.0,0.0,0.0,0.0,0.0,0.0,0.0,0.0
2024-05-06T23:00,3600,0.0,0.0,0.0,0.0,0.0,0.0,0.0,0.0,0.0
2024-05-07T00:00,3600,0.0,0.0,0.0,0.0,0.0,0.0,0.0,0.0,0.0
2024-05-07T01:00,3600,0.0,0.0,0.0,0.0,0.0,0.0,0.0,0.0,0.0
2024-05-07T02:00,3600,0.0,0.0,0.0,0.0,0.0,0.0,0.0,0.0,0.0
2024-05-07T03:00,3600,0.0,0.0,0.0,0.0,0.0,0.0,0.0,0.0,0.0
2024-05-07T04:00,3600,0.0,0.0,0.0,0.0,0.0,0.0,0.0,0.0,0.0
2024-05-07T05:00,3600,0.0,0.0,0.0,0.0,0.0,0.0,0.0,0.0,0.0
2024-05-07T06:00,3600,0.0,0.049045765649999996,0.0,0.0,0.0,0.049045765649999996,71.59009698,49.04576565,29.45738198
2024-05-07T07:00,3600,0.0,0.29178488757999993,0.0,0.0,0.0,0.29178488757999993,362.88311697,291.78488758,151.14828195
2024-05-07T08:00,3600,0.0,0.62097565339,0.0,0.0,0.0,0.62097565339,760.01326818,620.97565339,322.86466382
2024-05-07T09:00,3600,0.7605845816156065,0.85830258536,0.7605845816156065,0.0,0.0,0.09771800374439354,1047.83772494,858.30258536,451.29331721
2024-05-07T10:00,3600,0.7601595389918961,1.08479692787,0.7601595389918961,0.0,0.0,0.3246373888781039,1323.72795289,1084.79692787,584.64816335
2024-05-07T11:00,3600,0.7389863479591084,1.00283570634,0.7389863479591084,0.0,0.0,0.2638493583808915,1223.75523913,1002.83570634,539.96547763
2024-05-07T12:00,3600,0.8104764173555727,1.1645599550999999,0.8104764173555727,0.0,0.0,0.35408353774442713,1421.16909188,1164.5599551,634.2935796
2024-05-07T13:00,3600,0.8093604352941176,0.9160225822099999,0.8093604352941176,0.0,0.0,0.10666214691588227,1118.03360568,916.02258221,495.02937748
2024-05-07T14:00,3600,0.8528698986505066,1.02759997226,0.8528698986505066,0.0,0.0,0.17473007360949344,1253.94521416,1027.59997226,561.28191776
2024-05-07T15:00,3600,0.8290345823529411,0.8723880036299999,0.8290345823529411,0.0,0.0,0.04335342127705877,1064.96058417,872.38800363,473.11182042
2024-05-07T16:00,3600,0.7393411852941175,0.56778063925,0.56778063925,0.17156054604411752,0.0,0.0,695.67492133,567.78063925,302.23605663
2024-05-07T17:00,3600,0.6531097205882352,0.22002195728,0.22002195728,0.43308776330823523,0.0,0.0,276.63041335,220.02195728,117.85561563
2024-05-07T18:00,3600,0.0,0.028181614159999997,0.0,0.0,0.0,0.028181614159999997,46.61306854,28.18161416,19.41173592
2024-05-07T19:00,3600,0.0,0.0,0.0,0.0,0.0,0.0,0.0,0.0,0.0
2024-05-07T20:00,3600,0.0,0.0,0.0,0.0,0.0,0.0,0.0,0.0,0.0
2024-05-07T21:00,3600,0.0,0.0,0.0,0.0,0.0,0.0,0.0,0.0,0.0
2024-05-07T22:00,3600,0.0,0.0,0.0,0.0,0.0,0.0,0.0,0.0,0.0
2024-05-07T23:00,3600,0.0,0.0,0.0,0.0,0.0,0.0,0.0,0.0,0.0
2024-05-08T00:00,3600,0.0,0.0,0.0,0.0,0.0,0.0,0.0,0.0,0.0
2024-05-08T01:00,3600,0.0,0.0,0.0,0.0,0.0,0.0,0.0,0.0,0.0
2024-05-08T02:00,3600,0.0,0.0,0.0,0.0,0.0,0.0,0.0,0.0,0.0
2024-05-08T03:00,3600,0.0,0.0,0.0,0.0,0.0,0.0,0.0,0.0,0.0
2024-05-08T04:00,3600,0.0,0.0,0.0,0.0,0.0,0.0,0.0,0.0,0.0
2024-05-08T05:00,3600,0.0,0.0,0.0,0.0,0.0,0.0,0.0,0.0,0.0
2024-05-08T06:00,3600,0.0,0.011661359210000001,0.0,0.0,0.0,0.011661359210000001,26.84298993,11.66135921,11.04347054
2024-05-08T07:00,3600,0.0,0.054069447750000006,0.0,0.0,0.0,0.054069447750000006,77.6055037,54.06944775,31.95066407
2024-05-08T08:00,3600,0.0,0.15583807722,0.0,0.0,0.0,0.15583807722,199.5835309,155.83807722,82.45869112
2024-05-08T09:00,3600,0.4921665615876121,0.3227246878,0.3227246878,0.16944187378761205,0.0,0.0,400.10526453,322.7246878,166.54910333
2024-05-08T10:00,3600,0.5541513970425037,0.48938461533999994,0.48938461533999994,0.06476678170250377,0.0,0.0,600.97265131,489.38461534,254.66382536
2024-05-08T11:00,3600,0.6414286402251063,0.79254987093,0.6414286402251063,0.0,0.0,0.1511212307048937,967.96588975,792.54987093,417.45626586
2024-05-08T12:00,3600,0.6969918013622638,0.97708052875,0.6969918013622638,0.0,0.0,0.28008872738773616,1192.37227767,977.08052875,521.13371078
2024-05-08T13:00,3600,0.741681694751195,0.89172235116,0.741681694751195,0.0,0.0,0.15004065640880493,1088.47168363,891.72235116,477.08906798
2024-05-08T14:00,3600,0.7711909821966015,0.95761252928,0.7711909821966015,0.0,0.0,0.18642154708339842,1168.66046584,957.61252928,513.87356617
2024-05-08T15:00,3600,0.670436962171447,0.60005196233,0.60005196233,0.07038499984144697,0.0,0.0,734.6988438,600.05196233,316.02023663
2024-05-08T16:00,3600,0.5247337003217297,0.22784816127,0.22784816127,0.29688553905172976,0.0,0.0,286.0312796,227.84816127,120.18361654
2024-05-08T17:00,3600,0.4804825370422657,0.0909725435,0.0909725435,0.3895099935422657,0.0,0.0,121.81059464,90.9725435,50.79298866
2024-05-08T18:00,3600,0.0,0.02249925318,0.0,0.0,0.0,0.02249925318,39.8122142,22.49925318,16.459433
2024-05-08T19:00,3600,0.0,0.0,0.0,0.0,0.0,0.0,0.0,0.0,0.0
2024-05-08T20:00,3600,0.0,0.0,0.0,0.0,0.0,0.0,0.0,0.0,0.0
2024-05-08T21:00,3600,0.0,0.0,0.0,0.0,0.0,0.0,0.0,0.0,0.0
2024-05-08T22:00,3600,0.0,0.0,0.0,0.0,0.0,0.0,0.0,0.0,0.0
2024-05-08T23:00,3600,0.0,0.0,0.0,0.0,0.0,0.0,0.0,0.0,0.0
2024-05-09T00:00,3600,0.0,0.0,0.0,0.0,0.0,0.0,0.0,0.0,0.0
2024-05-09T01:00,3600,0.0,0.0,0.0,0.0,0.0,0.0,0.0,0.0,0.0
2024-05-09T02:00,3600,0.0,0.0,0.0,0.0,0.0,0.0,0.0,0.0,0.0
2024-05-09T03:00,3600,0.0,0.0,0.0,0.0,0.0,0.0,0.0,0.0,0.0
2024-05-09T04:00,3600,0.0,0.0,0.0,0.0,0.0,0.0,0.0,0.0,0.0
2024-05-09T05:00,3600,0.0,0.0,0.0,0.0,0.0,0.0,0.0,0.0,0.0
2024-05-09T06:00,3600,0.0,0.0210992342,0.0,0.0,0.0,0.0210992342,38.13672948,21.0992342,15.68760784
2024-05-09T07:00,3600,0.0,0.06675755592,0.0,0.0,0.0,0.06675755592,92.8008322,66.75755592,38.2896867
2024-05-09T08:00,3600,0.0,0.14302500577000002,0.0,0.0,0.0,0.14302500577000002,184.21348748,143.02500577,76.32353102
2024-05-09T09:00,3600,0.0,0.20085765248999998,0.0,0.0,0.0,0.20085765248999998,253.61589379,200.85765249,105.37586231
2024-05-09T10:00,3600,0.6743195150415634,0.41262131536,0.41262131536,0.2616981996815634,0.0,0.0,508.37636378,412.62131536,214.83855726
2024-05-09T11:00,3600,0.4731621337336377,0.28512659645000005,0.28512659645000005,0.18803553728363764,0.0,0.0,354.875635,285.12659645,149.10309897
2024-05-09T12:00,3600,0.48870459135912764,0.32309542456999996,0.32309542456999996,0.16560916678912768,0.0,0.0,400.55140864,323.09542457,168.45607282
2024-05-09T13:00,3600,0.4746279746398938,0.26964326732,0.26964326732,0.20498470731989382,0.0,0.0,336.2586722,269.64326732,141.35748344
2024-05-09T14:00,3600,0.5199271771736335,0.50361264841,0.50361264841,0.016314528763633485,0.0,0.0,618.14982981,503.61264841,262.9497106
2024-05-09T15:00,3600,0.442048342319707,0.26302312596,0.26302312596,0.17902521635970703,0.0,0.0,328.3003187,263.02312596,138.24366091
2024-05-09T16:00,3600,0.41737032451505623,0.23693698343,0.23693698343,0.18043334108505624,0.0,0.0,296.95050794,236.93698343,124.42001955
2024-05-09T17:00,3600,0.3499789525759376,0.05166211009,0.05166211009,0.2983168424859376,0.0,0.0,74.72286475,51.66211009,30.98246212
2024-05-09T18:00,3600,0.0,0.00495457427,0.0,0.0,0.0,0.00495457427,18.81856563,4.95457427,7.74561553
2024-05-09T19:00,3600,0.0,0.0,0.0,0.0,0.0,0.0,0.0,0.0,0.0
2024-05-09T20:00,3600,0.0,0.0,0.0,0.0,0.0,0.0,0.0,0.0,0.0
2024-05-09T21:00,3600,0.0,0.0,0.0,0.0,0.0,0.0,0.0,0.0,0.0
2024-05-09T22:00,3600,0.0,0.0,0.0,0.0,0.0,0.0,0.0,0.0,0.0
2024-05-09T23:00,3600,0.0,0.0,0.0,0.0,0.0,0.0,0.0,0.0,0.0
2024-05-10T00:00,3600,0.0,0.0,0.0,0.0,0.0,0.0,0.0,0.0,0.0
2024-05-10T01:00,3600,0.0,0.0,0.0,0.0,0.0,0.0,0.0,0.0,0.0
2024-05-10T02:00,3600,0.0,0.0,0.0,0.0,0.0,0.0,0.0,0.0,0.0
2024-05-10T03:00,3600,0.0,0.0,0.0,0.0,0.0,0.0,0.0,0.0,0.0
2024-05-10T04:00,3600,0.0,0.0,0.0,0.0,0.0,0.0,0.0,0.0,0.0
2024-05-10T05:00,3600,0.0,0.0,0.0,0.0,0.0,0.0,2.36969053,0.0,0.96820194
2024-05-10T06:00,3600,0.0,0.06981166666,0.0,0.0,0.0,0.06981166666,96.45897423,69.81166666,39.72122398
2024-05-10T07:00,3600,0.0,0.26623088382,0.0,0.0,0.0,0.26623088382,332.15637955,266.23088382,138.13999098
2024-05-10T08:00,3600,0.0,0.49984738127,0.0,0.0,0.0,0.49984738127,613.60366675,499.84738127,258.39081534
2024-05-10T09:00,3600,0.0,0.6821025531799999,0.0,0.0,0.0,0.6821025531799999,834.02408428,682.10255318,354.22211557
2024-05-10T10:00,3600,0.8245320444397739,0.9061150601599999,0.8245320444397739,0.0,0.0,0.08158301572022597,1105.9791855,906.11506016,478.81575575
2024-05-10T11:00,3600,0.5747583665084197,0.8430802669499999,0.5747583665084197,0.0,0.0,0.2683219004415802,1029.33791027,843.08026695,444.91960966
2024-05-10T12:00,3600,0.6132881681696463,0.93802121113,0.6132881681696463,0.0,0.0,0.32473304296035377,1144.80726912,938.02121113,497.70950708
2024-05-10T13:00,3600,0.6049119179578022,0.7579611263399999,0.6049119179578022,0.0,0.0,0.1530492083821977,925.98951915,757.96112634,400.11951332
2024-05-10T14:00,3600,0.46973864753261735,0.1645144119,0.1645144119,0.30522423563261736,0.0,0.0,209.99336553,164.5144119,88.12050142
2024-05-10T15:00,3600,0.5663244146166622,0.55997302699,0.55997302699,0.006351387626662208,0.0,0.0,686.23713689,559.97302699,294.03179548
2024-05-10T16:00,3600,0.5447826555164746,0.46376656993,0.46376656993,0.08101608558647466,0.0,0.0,570.05602366,463.76656993,242.566624
2024-05-10T17:00,3600,0.4976534793699529,0.24311314586,0.24311314586,0.2545403335099529,0.0,0.0,304.3715365,243.11314586,128.19906577
2024-05-10T18:00,3600,0.0,0.036136785629999994,0.0,0.0,0.0,0.036136785629999994,56.13529113,36.13678563,23.27659417
2024-05-10T19:00,3600,0.0,0.0,0.0,0.0,0.0,0.0,0.0,0.0,0.0
2024-05-10T20:00,3600,0.0,0.0,0.0,0.0,0.0,0.0,0.0,0.0,0.0
2024-05-10T21:00,3600,0.0,0.0,0.0,0.0,0.0,0.0,0.0,0.0,0.0
2024-05-10T22:00,3600,0.0,0.0,0.0,0.0,0.0,0.0,0.0,0.0,0.0
2024-05-10T23:00,3600,0.0,0.0,0.0,0.0,0.0,0.0,0.0,0.0,0.0
2024-05-11T00:00,3600,0.0,0.0,0.0,0.0,0.0,0.0,0.0,0.0,0.0
2024-05-11T01:00,3600,0.0,0.0,0.0,0.0,0.0,0.0,0.0,0.0,0.0
2024-05-11T02:00,3600,0.0,0.0,0.0,0.0,0.0,0.0,0.0,0.0,0.0
2024-05-11T03:00,3600,0.0,0.0,0.0,0.0,0.0,0.0,0.0,0.0,0.0
2024-05-11T04:00,3600,0.0,0.0,0.0,0.0,0.0,0.0,0.0,0.0,0.0
2024-05-11T05:00,3600,0.0,0.0,0.0,0.0,0.0,0.0,2.36475041,0.0,0.96820194
2024-05-11T06:00,3600,0.0,0.0838215575,0.0,0.0,0.0,0.0838215575,113.24231357,83.8215575,46.711268
2024-05-11T07:00,3600,0.0,0.36887047506,0.0,0.0,0.0,0.36887047506,455.6605437,368.87047506,191.17389431
2024-05-11T08:00,3600,0.0,0.6638291266799999,0.0,0.0,0.0,0.6638291266799999,811.8902388,663.82912668,347.31941724
2024-05-11T09:00,3600,0.0,0.8641181517100001,0.0,0.0,0.0,0.8641181517100001,1054.90683418,864.11815171,457.00496559
2024-05-11T10:00,3600,0.0,1.0255271885400001,0.0,0.0,0.0,1.0255271885400001,1251.41775162,1025.52718854,551.00542427
2024-05-11T11:00,3600,0.0,1.27849139096,0.0,0.0,0.0,1.27849139096,1560.60890629,1278.49139096,696.6349562
2024-05-11T12:00,3600,0.0,1.22546371667,0.0,0.0,0.0,1.22546371667,1495.67096615,1225.46371667,666.44077631
2024-05-11T13:00,3600,0.0,1.2960795734500001,0.0,0.0,0.0,1.2960795734500001,1582.1620411,1296.07957345,711.13125347
2024-05-11T14:00,3600,0.0,0.87761739318,0.0,0.0,0.0,0.87761739318,1071.31881991,877.61739318,470.54750003
2024-05-11T15:00,3600,0.0,0.70381570742,0.0,0.0,0.0,0.70381570742,860.33417856,703.81570742,371.87470878
2024-05-11T16:00,3600,0.0,0.59968478525,0.0,0.0,0.0,0.59968478525,734.25470472,599.68478525,315.02150651
2024-05-11T17:00,3600,0.0,0.22481714187,0.0,0.0,0.0,0.22481714187,282.39024676,224.81714187,119.41549342
2024-05-11T18:00,3600,0.0,0.02425748326,0.0,0.0,0.0,0.02425748326,41.91645184,24.25748326,17.47533203
2024-05-11T19:00,3600,0.0,0.0,0.0,0.0,0.0,0.0,0.0,0.0,0.0
2024-05-11T20:00,3600,0.0,0.0,0.0,0.0,0.0,0.0,0.0,0.0,0.0
2024-05-11T21:00,3600,0.0,0.0,0.0,0.0,0.0,0.0,0.0,0.0,0.0
2024-05-11T22:00,3600,0.0,0.0,0.0,0.0,0.0,0.0,0.0,0.0,0.0
2024-05-11T23:00,3600,0.0,0.0,0.0,0.0,0.0,0.0,0.0,0.0,0.0
2024-05-12T00:00,3600,0.0,0.0,0.0,0.0,0.0,0.0,0.0,0.0,0.0
2024-05-12T01:00,3600,0.0,0.0,0.0,0.0,0.0,0.0,0.0,0.0,0.0
2024-05-12T02:00,3600,0.0,0.0,0.0,0.0,0.0,0.0,0.0,0.0,0.0
2024-05-12T03:00,3600,0.0,0.0,0.0,0.0,0.0,0.0,0.0,0.0,0.0
2024-05-12T04:00,3600,0.0,0.0,0.0,0.0,0.0,0.0,0.0,0.0,0.0
2024-05-12T05:00,3600,0.0,0.0,0.0,0.0,0.0,0.0,0.0,0.0,0.0
2024-05-12T06:00,3600,0.0,0.04025344538,0.0,0.0,0.0,0.04025344538,61.06341576,40.25344538,25.1882169
2024-05-12T07:00,3600,0.0,0.19611218228000002,0.0,0.0,0.0,0.19611218228000002,247.9182857,196.11218228,103.1281515
2024-05-12T08:00,3600,0.0,0.42407747879,0.0,0.0,0.0,0.42407747879,522.18707082,424.07747879,220.22292165
2024-05-12T09:00,3600,0.0,0.83903975968,0.0,0.0,0.0,0.83903975968,1024.42833806,839.03975968,442.03373618
2024-05-12T10:00,3600,0.0,1.0435542095,0.0,0.0,0.0,1.0435542095,1273.4024464,1043.5542095,560.10185187
2024-05-12T11:00,3600,0.0,1.1998416188199998,0.0,0.0,0.0,1.1998416188199998,1464.31761035,1199.84161882,651.97469312
2024-05-12T12:00,3600,0.0,1.11067199661,0.0,0.0,0.0,1.11067199661,1355.32157517,1110.67199661,599.94625285
2024-05-12T13:00,3600,0.0,0.98016716505,0.0,0.0,0.0,0.98016716505,1196.13256983,980.16716505,525.94985841
2024-05-12T14:00,3600,0.0,0.7218041302200001,0.0,0.0,0.0,0.7218041302200001,882.1390803,721.80413022,382.0777571
2024-05-12T15:00,3600,0.0,0.8582937944599999,0.0,0.0,0.0,0.8582937944599999,1047.82703975,858.29379446,457.77305493
2024-05-12T16:00,3600,0.0,0.42403889722000004,0.0,0.0,0.0,0.42403889722000004,522.14055479,424.03889722,220.96937519
2024-05-12T17:00,3600,0.0,0.22242291940000003,0.0,0.0,0.0,0.22242291940000003,279.51431423,222.4229194,116.99716293
2024-05-12T18:00,3600,0.0,0.02846349147,0.0,0.0,0.0,0.02846349147,46.95044786,28.46349147,19.41968543
2024-05-12T19:00,3600,0.0,0.0,0.0,0.0,0.0,0.0,0.0,0.0,0.0
2024-05-12T20:00,3600,0.0,0.0,0.0,0.0,0.0,0.0,0.0,0.0,0.0
2024-05-12T21:00,3600,0.0,0.0,0.0,0.0,0.0,0.0,0.0,0.0,0.0
2024-05-12T22:00,3600,0.0,0.0,0.0,0.0,0.0,0.0,0.0,0.0,0.0
2024-05-12T23:00,3600,0.0,0.0,0.0,0.0,0.0,0.0,0.0,0.0,0.0
2024-05-13T00:00,3600,0.0,0.0,0.0,0.0,0.0,0.0,0.0,0.0,0.0
2024-05-13T01:00,3600,0.0,0.0,0.0,0.0,0.0,0.0,0.0,0.0,0.0
2024-05-13T02:00,3600,0.0,0.0,0.0,0.0,0.0,0.0,0.0,0.0,0.0
2024-05-13T03:00,3600,0.0,0.0,0.0,0.0,0.0,0.0,0.0,0.0,0.0
2024-05-13T04:00,3600,0.0,0.0,0.0,0.0,0.0,0.0,0.0,0.0,0.0
2024-05-13T05:00,3600,0.0,0.0,0.0,0.0,0.0,0.0,2.35816604,0.0,0.96820194
2024-05-13T06:00,3600,0.0,0.04137692868,0.0,0.0,0.0,0.04137692868,62.4084215,41.37692868,25.7570186
2024-05-13T07:00,3600,0.0,0.11231298118,0.0,0.0,0.0,0.11231298118,147.38729204,112.31298118,61.04864563
2024-05-13T08:00,3600,0.981775947418957,0.23150941386999999,0.23150941386999999,0.750266533548957,0.0,0.0,290.42965538,231.50941387,120.93102624
2024-05-13T09:00,3600,0.9511655114506918,0.43988920635,0.43988920635,0.5112763051006919,0.0,0.0,541.2533461,439.88920635,227.43427561
2024-05-13T10:00,3600,0.8883298729029007,0.66882228531,0.66882228531,0.21950758759290068,0.0,0.0,817.93749356,668.82228531,349.59477153
2024-05-13T11:00,3600,0.8782756600545756,1.06724366809,0.8782756600545756,0.0,0.0,0.18896800803542435,1302.30415942,1067.24366809,566.55302667
2024-05-13T12:00,3600,0.880904163515578,1.10280397444,0.880904163515578,0.0,0.0,0.22189981092442201,1345.71302495,1102.80397444,588.11622349
2024-05-13T13:00,3600,0.886815301881028,1.24058475221,0.886815301881028,0.0,0.0,0.353769450328972,1514.18154363,1240.58475221,670.93852207
2024-05-13T14:00,3600,0.902294298612324,1.0425019416199999,0.902294298612324,0.0,0.0,0.14020764300767585,1272.11895565,1042.50194162,559.29982269
2024-05-13T15:00,3600,0.9146143845601151,1.02332063115,0.9146143845601151,0.0,0.0,0.10870624658988493,1248.72728047,1023.32063115,550.45577609
2024-05-13T16:00,3600,0.9266783259928493,0.6885266646699999,0.6885266646699999,0.23815166132284937,0.0,0.0,841.80714399,688.52666467,364.56076023
2024-05-13T17:00,3600,0.9202978511222177,0.35018129936000003,0.35018129936000003,0.5701165517622178,0.0,0.0,433.15478419,350.18129936,184.53130517
2024-05-13T18:00,3600,0.0,0.04406950584,0.0,0.0,0.0,0.04406950584,65.63201913,44.06950584,27.27659417
2024-05-13T19:00,3600,0.0,0.0,0.0,0.0,0.0,0.0,0.0,0.0,0.0
2024-05-13T20:00,3600,0.0,0.0,0.0,0.0,0.0,0.0,0.0,0.0,0.0
2024-05-13T21:00,3600,0.0,0.0,0.0,0.0,0.0,0.0,0.0,0.0,0.0
2024-05-13T22:00,3600,0.0,0.0,0.0,0.0,0.0,0.0,0.0,0.0,0.0
2024-05-13T23:00,3600,0.0,0.0,0.0,0.0,0.0,0.0,0.0,0.0,0.0
2024-05-14T00:00,3600,0.0,0.0,0.0,0.0,0.0,0.0,0.0,0.0,0.0
2024-05-14T01:00,3600,0.0,0.0,0.0,0.0,0.0,0.0,0.0,0.0,0.0
2024-05-14T02:00,3600,0.0,0.0,0.0,0.0,0.0,0.0,0.0,0.0,0.0
2024-05-14T03:00,3600,0.0,0.0,0.0,0.0,0.0,0.0,0.0,0.0,0.0
2024-05-14T04:00,3600,0.0,0.0,0.0,0.0,0.0,0.0,0.0,0.0,0.0
2024-05-14T05:00,3600,0.0,0.0,0.0,0.0,0.0,0.0,2.37298722,0.0,0.96820194
2024-05-14T06:00,3600,0.0,0.05680273535,0.0,0.0,0.0,0.05680273535,80.8786016,56.80273535,33.30740782
2024-05-14T07:00,3600,0.0,0.27284347974,0.0,0.0,0.0,0.27284347974,340.10613202,272.84347974,141.37102282
2024-05-14T08:00,3600,0.4993391475998616,0.6040128949300001,0.4993391475998616,0.0,0.0,0.10467374733013851,739.49019961,604.01289493,312.7742867
2024-05-14T09:00,3600,0.5445955702049288,0.9405045881199999,0.5445955702049288,0.0,0.0,0.39590901791507116,1147.83038869,940.50458812,496.021441
2024-05-14T10:00,3600,0.7090788627105971,1.2370199488,0.7090788627105971,0.0,0.0,0.5279410860894029,1509.81716923,1237.0199488,675.42041057
2024-05-14T11:00,3600,0.7184776618868125,1.28969788611,0.7184776618868125,0.0,0.0,0.5712202242231874,1574.34087283,1289.69788611,706.92150835
2024-05-14T12:00,3600,0.7623578522275429,1.46830319132,0.7623578522275429,0.0,0.0,0.705945339092457,1793.59561207,1468.30319132,817.74583189
2024-05-14T13:00,3600,0.7951969359066652,1.42448719549,0.7951969359066652,0.0,0.0,0.6292902595833348,1739.73761123,1424.48719549,800.38069776
2024-05-14T14:00,3600,0.7827126713049505,1.3243668167500002,0.7827126713049505,0.0,0.0,0.5416541454450498,1616.84140078,1324.36681675,741.31638582
2024-05-14T15:00,3600,0.6767231379709611,0.99211227237,0.6767231379709611,0.0,0.0,0.31538913439903893,1210.68675873,992.11227237,542.60446829
2024-05-14T16:00,3600,0.6017081085687334,0.70690024766,0.6017081085687334,0.0,0.0,0.10519213909126668,864.07262201,706.90024766,380.78005959
2024-05-14T17:00,3600,0.49982788052633703,0.33391475619,0.33391475619,0.16591312433633704,0.0,0.0,413.57272323,333.91475619,178.00697008
2024-05-14T18:00,3600,0.0,0.0400282728,0.0,0.0,0.0,0.0400282728,60.79384818,40.0282728,25.37993786
2024-05-14T19:00,3600,0.0,0.0,0.0,0.0,0.0,0.0,0.0,0.0,0.0
2024-05-14T20:00,3600,0.0,0.0,0.0,0.0,0.0,0.0,0.0,0.0,0.0
2024-05-14T21:00,3600,0.0,0.0,0.0,0.0,0.0,0.0,0.0,0.0,0.0
2024-05-14T22:00,3600,0.0,0.0,0.0,0.0,0.0,0.0,0.0,0.0,0.0
2024-05-14T23:00,3600,0.0,0.0,0.0,0.0,0.0,0.0,0.0,0.0,0.0
2024-05-15T00:00,3600,0.0,0.0,0.0,0.0,0.0,0.0,0.0,0.0,0.0
2024-05-15T01:00,3600,0.0,0.0,0.0,0.0,0.0,0.0,0.0,0.0,0.0
2024-05-15T02:00,3600,0.0,0.0,0.0,0.0,0.0,0.0,0.0,0.0,0.0
2024-05-15T03:00,3600,0.0,0.0,0.0,0.0,0.0,0.0,0.0,0.0,0.0
2024-05-15T04:00,3600,0.0,0.0,0.0,0.0,0.0,0.0,0.0,0.0,0.0
2024-05-15T05:00,3600,0.0,0.0,0.0,0.0,0.0,0.0,2.39030139,0.0,0.96820194
2024-05-15T06:00,3600,0.0,0.08652498683999998,0.0,0.0,0.0,0.08652498683999998,116.48141918,86.52498684,47.78065474
2024-05-15T07:00,3600,0.0,0.44323311023,0.0,0.0,0.0,0.44323311023,545.28624654,443.23311023,228.35889201
2024-05-15T08:00,3600,0.0,0.8304732851,0.0,0.0,0.0,0.8304732851,1014.02055268,830.4732851,435.2958037
2024-05-15T09:00,3600,0.6538779704368557,1.1664229975200002,0.6538779704368557,0.0,0.0,0.5125450270831445,1423.44681596,1166.42299752,625.80794356
2024-05-15T10:00,3600,0.7570781818143136,1.4104787241999999,0.7570781818143136,0.0,0.0,0.6534005423856862,1722.52818751,1410.4787242,785.01018101
2024-05-15T11:00,3600,0.8168247834203408,1.4990664709,0.8168247834203408,0.0,0.0,0.6822416874796591,1831.43660952,1499.0664709,842.73069581
2024-05-15T12:00,3600,0.8545835063690196,1.55847727607,0.8545835063690196,0.0,0.0,0.7038937697009805,1904.57978039,1558.47727607,881.19787225
2024-05-15T13:00,3600,0.8343128773748784,1.29320941559,0.8343128773748784,0.0,0.0,0.45889653821512166,1578.64435969,1293.20941559,719.26964892
2024-05-15T14:00,3600,0.7646021969555633,1.10504797566,0.7646021969555633,0.0,0.0,0.3404457787044367,1348.45328728,1105.04797566,605.83109067
2024-05-15T15:00,3600,0.6814431237016149,0.77832800894,0.6814431237016149,0.0,0.0,0.09688488523838512,950.70315292,778.32800894,418.18871152
2024-05-15T16:00,3600,0.5701475257555608,0.51774492211,0.51774492211,0.05240260364556082,0.0,0.0,635.21590118,517.74492211,275.71765009
2024-05-15T17:00,3600,0.5168448679088369,0.29035155506,0.29035155506,0.2264933128488369,0.0,0.0,361.15926059,290.35155506,154.97675123
2024-05-15T18:00,3600,0.0,0.05123435083999999,0.0,0.0,0.0,0.05123435083999999,74.21066261,51.23435084,31.05400776
2024-05-15T19:00,3600,0.0,0.0,0.0,0.0,0.0,0.0,0.0,0.0,0.0
2024-05-15T20:00,3600,0.0,0.0,0.0,0.0,0.0,0.0,0.0,0.0,0.0
2024-05-15T21:00,3600,0.0,0.0,0.0,0.0,0.0,0.0,0.0,0.0,0.0
2024-05-15T22:00,3600,0.0,0.0,0.0,0.0,0.0,0.0,0.0,0.0,0.0
2024-05-15T23:00,3600,0.0,0.0,0.0,0.0,0.0,0.0,0.0,0.0,0.0
2024-05-16T00:00,3600,0.0,0.0,0.0,0.0,0.0,0.0,0.0,0.0,0.0
2024-05-16T01:00,3600,0.0,0.0,0.0,0.0,0.0,0.0,0.0,0.0,0.0
2024-05-16T02:00,3600,0.0,0.0,0.0,0.0,0.0,0.0,0.0,0.0,0.0
2024-05-16T03:00,3600,0.0,0.0,0.0,0.0,0.0,0.0,0.0,0.0,0.0
2024-05-16T04:00,3600,0.0,0.0,0.0,0.0,0.0,0.0,0.0,0.0,0.0
2024-05-16T05:00,3600,0.0,0.0,0.0,0.0,0.0,0.0,2.37958405,0.0,0.96820194
2024-05-16T06:00,3600,0.0,0.06617100508,0.0,0.0,0.0,0.06617100508,92.0982988,66.17100508,37.92792603
2024-05-16T07:00,3600,0.0,0.33809433082999996,0.0,0.0,0.0,0.33809433082999996,418.6036348,338.09433083,174.71139548
2024-05-16T08:00,3600,0.0,0.7897057741400001,0.0,0.0,0.0,0.7897057741400001,964.5133077,789.70577414,413.2811167
2024-05-16T09:00,3600,0.7471546046111102,1.0055126613999998,0.7471546046111102,0.0,0.0,0.2583580567888897,1227.01801645,1005.5126614,534.12307105
2024-05-16T10:00,3600,0.6310063313094635,1.1198182942700001,0.6310063313094635,0.0,0.0,0.48881196296053664,1366.49298373,1119.81829427,609.51818238
2024-05-16T11:00,3600,0.6055884581675928,1.11268934592,0.6055884581675928,0.0,0.0,0.5071008877524072,1357.78542505,1112.68934592,605.20885238
2024-05-16T12:00,3600,0.5843301668700968,1.07010361647,0.5843301668700968,0.0,0.0,0.4857734495999032,1305.79424558,1070.10361647,580.38907998
2024-05-16T13:00,3600,0.6399791298498368,1.21385924446,0.6399791298498368,0.0,0.0,0.5738801146101632,1481.46885554,1213.85924446,669.09638019
2024-05-16T14:00,3600,0.6022501588235294,1.06702426418,0.6022501588235294,0.0,0.0,0.4647741053564707,1302.03642168,1067.02426418,583.8139769
2024-05-16T15:00,3600,0.5875148705882354,0.9756231771,0.5875148705882354,0.0,0.0,0.38810830651176464,1190.59693659,975.6231771,530.5042538
2024-05-16T16:00,3600,0.513003860095663,0.6939289359699999,0.513003860095663,0.0,0.0,0.18092507587433693,848.35292969,693.92893597,370.45104801
2024-05-16T17:00,3600,0.42145709341928245,0.33274750429,0.33274750429,0.08870958912928245,0.0,0.0,412.1677834,332.74750429,176.13029111
2024-05-16T18:00,3600,0.0,0.040313499860000004,0.0,0.0,0.0,0.040313499860000004,61.13531077,40.31349986,25.4037864
2024-05-16T19:00,3600,0.0,0.0,0.0,0.0,0.0,0.0,0.0,0.0,0.0
2024-05-16T20:00,3600,0.0,0.0,0.0,0.0,0.0,0.0,0.0,0.0,0.0
2024-05-16T21:00,3600,0.0,0.0,0.0,0.0,0.0,0.0,0.0,0.0,0.0
2024-05-16T22:00,3600,0.0,0.0,0.0,0.0,0.0,0.0,0.0,0.0,0.0
2024-05-16T23:00,3600,0.0,0.0,0.0,0.0,0.0,0.0,0.0,0.0,0.0
2024-05-17T00:00,3600,0.0,0.0,0.0,0.0,0.0,0.0,0.0,0.0,0.0
2024-05-17T01:00,3600,0.0,0.0,0.0,0.0,0.0,0.0,0.0,0.0,0.0
2024-05-17T02:00,3600,0.0,0.0,0.0,0.0,0.0,0.0,0.0,0.0,0.0
2024-05-17T03:00,3600,0.0,0.0,0.0,0.0,0.0,0.0,0.0,0.0,0.0
2024-05-17T04:00,3600,0.0,0.0,0.0,0.0,0.0,0.0,0.0,0.0,0.0
2024-05-17T05:00,3600,0.0,0.0,0.0,0.0,0.0,0.0,2.38700299,0.0,0.96820194
2024-05-17T06:00,3600,0.0,0.07363724777000001,0.0,0.0,0.0,0.07363724777000001,101.04145388,73.63724777,41.49951493
2024-05-17T07:00,3600,0.0,0.36496618573,0.0,0.0,0.0,0.36496618573,450.95830226,364.96618573,187.98716901
2024-05-17T08:00,3600,0.0,0.72147473688,0.0,0.0,0.0,0.72147473688,881.73973575,721.47473688,374.40154253
2024-05-17T09:00,3600,0.0,0.84030896549,0.0,0.0,0.0,0.84030896549,1025.97049465,840.30896549,439.77800189
2024-05-17T10:00,3600,0.934053053273871,0.9669746445099999,0.934053053273871,0.0,0.0,0.03292159123612892,1180.06232988,966.97464451,517.788038
2024-05-17T11:00,3600,0.6297437738586625,0.99141606997,0.6297437738586625,0.0,0.0,0.36167229611133744,1209.83839961,991.41606997,534.04962274
2024-05-17T12:00,3600,0.6052220048934097,0.9319389053600001,0.6052220048934097,0.0,0.0,0.3267169004665904,1137.40362123,931.93890536,499.45118526
2024-05-17T13:00,3600,0.6547131531595437,1.01109798287,0.6547131531595437,0.0,0.0,0.35638482971045626,1233.82615741,1011.09798287,543.98470236
2024-05-17T14:00,3600,0.5043006755832796,0.40977498202,0.40977498202,0.09452569356327961,0.0,0.0,504.94548884,409.77498202,215.48314711
2024-05-17T15:00,3600,0.5455847981579283,0.6178087922500001,0.5455847981579283,0.0,0.0,0.07222399409207181,756.18122148,617.80879225,326.75630665
2024-05-17T16:00,3600,0.4290299748956566,0.16025267729,0.16025267729,0.2687772976056566,0.0,0.0,204.87994463,160.25267729,85.7597067
2024-05-17T17:00,3600,0.42147615361064716,0.07994876466,0.07994876466,0.34152738895064716,0.0,0.0,108.60241809,79.94876466,45.20275071
2024-05-17T18:00,3600,0.0,0.028478338010000003,0.0,0.0,0.0,0.028478338010000003,46.96821774,28.47833801,19.38788737
2024-05-17T19:00,3600,0.0,0.0,0.0,0.0,0.0,0.0,0.0,0.0,0.0
2024-05-17T20:00,3600,0.0,0.0,0.0,0.0,0.0,0.0,0.0,0.0,0.0
2024-05-17T21:00,3600,0.0,0.0,0.0,0.0,0.0,0.0,0.0,0.0,0.0
2024-05-17T22:00,3600,0.0,0.0,0.0,0.0,0.0,0.0,0.0,0.0,0.0
2024-05-17T23:00,3600,0.0,0.0,0.0,0.0,0.0,0.0,0.0,0.0,0.0
2024-05-18T00:00,3600,0.0,0.0,0.0,0.0,0.0,0.0,0.0,0.0,0.0
2024-05-18T01:00,3600,0.0,0.0,0.0,0.0,0.0,0.0,0.0,0.0,0.0
2024-05-18T02:00,3600,0.0,0.0,0.0,0.0,0.0,0.0,0.0,0.0,0.0
2024-05-18T03:00,3600,0.0,0.0,0.0,0.0,0.0,0.0,0.0,0.0,0.0
2024-05-18T04:00,3600,0.0,0.0,0.0,0.0,0.0,0.0,0.0,0.0,0.0
2024-05-18T05:00,3600,0.0,0.0,0.0,0.0,0.0,0.0,2.37546773,0.0,0.96820194
2024-05-18T06:00,3600,0.0,0.02322560961,0.0,0.0,0.0,0.02322560961,40.68150437,23.22560961,16.646251
2024-05-18T07:00,3600,0.0,0.06813490099000001,0.0,0.0,0.0,0.06813490099000001,94.45055842,68.13490099,38.72807766
2024-05-18T08:00,3600,0.0,0.08387868692,0.0,0.0,0.0,0.08387868692,113.31076136,83.87868692,46.47369319
2024-05-18T09:00,3600,0.0,0.23358494929999998,0.0,0.0,0.0,0.23358494929999998,292.92319187,233.5849493,120.82083437
2024-05-18T10:00,3600,0.0,0.29673806419,0.0,0.0,0.0,0.29673806419,368.84060993,296.73806419,153.43053254
2024-05-18T11:00,3600,0.0,0.25194907216,0.0,0.0,0.0,0.25194907216,314.98989872,251.94907216,130.70726209
2024-05-18T12:00,3600,0.0,0.40437494289000003,0.0,0.0,0.0,0.40437494289000003,498.43695986,404.37494289,208.06587634
2024-05-18T13:00,3600,0.0,0.49183091444,0.0,0.0,0.0,0.49183091444,603.92568868,491.83091444,253.91218551
2024-05-18T14:00,3600,0.0,0.50286628101,0.0,0.0,0.0,0.50286628101,617.24864457,502.86628101,259.7365165
2024-05-18T15:00,3600,0.0,0.32273606135000005,0.0,0.0,0.0,0.32273606135000005,400.1189514,322.73606135,167.39271144
2024-05-18T16:00,3600,0.0,0.17227642574000002,0.0,0.0,0.0,0.17227642574000002,219.30760755,172.27642574,90.8584449
2024-05-18T17:00,3600,0.0,0.06901946047,0.0,0.0,0.0,0.06901946047,95.51006864,69.01946047,39.39317727
2024-05-18T18:00,3600,0.0,0.01898667862,0.0,0.0,0.0,0.01898667862,35.60859161,18.98667862,14.53097864
2024-05-18T19:00,3600,0.0,0.0,0.0,0.0,0.0,0.0,0.0,0.0,0.0
2024-05-18T20:00,3600,0.0,0.0,0.0,0.0,0.0,0.0,0.0,0.0,0.0
2024-05-18T21:00,3600,0.0,0.0,0.0,0.0,0.0,0.0,0.0,0.0,0.0
2024-05-18T22:00,3600,0.0,0.0,0.0,0.0,0.0,0.0,0.0,0.0,0.0
2024-05-18T23:00,3600,0.0,0.0,0.0,0.0,0.0,0.0,0.0,0.0,0.0
2024-05-19T00:00,3600,0.0,0.0,0.0,0.0,0.0,0.0,0.0,0.0,0.0
2024-05-19T01:00,3600,0.0,0.0,0.0,0.0,0.0,0.0,0.0,0.0,0.0
2024-05-19T02:00,3600,0.0,0.0,0.0,0.0,0.0,0.0,0.0,0.0,0.0
2024-05-19T03:00,3600,0.0,0.0,0.0,0.0,0.0,0.0,0.0,0.0,0.0
2024-05-19T04:00,3600,0.0,0.0,0.0,0.0,0.0,0.0,0.0,0.0,0.0
2024-05-19T05:00,3600,0.0,0.0,0.0,0.0,0.0,0.0,2.37711587,0.0,0.96820194
2024-05-19T06:00,3600,0.0,0.055630358649999996,0.0,0.0,0.0,0.055630358649999996,79.47466646,55.63035865,32.51007627
2024-05-19T07:00,3600,0.0,0.14972617182,0.0,0.0,0.0,0.14972617182,192.25148483,149.72617182,79.13599998
2024-05-19T08:00,3600,0.0,0.30035509445999997,0.0,0.0,0.0,0.30035509445999997,373.19138086,300.35509446,154.85735846
2024-05-19T09:00,3600,0.0,0.2180438059,0.0,0.0,0.0,0.2180438059,274.25446474,218.0438059,113.41213062
2024-05-19T10:00,3600,0.0,0.42305405834000004,0.0,0.0,0.0,0.42305405834000004,520.95319114,423.05405834,217.43177191
2024-05-19T11:00,3600,0.0,0.45703417345999997,0.0,0.0,0.0,0.45703417345999997,561.93360643,457.03417346,235.027072
2024-05-19T12:00,3600,0.0,0.50147517303,0.0,0.0,0.0,0.50147517303,615.5690146,501.47517303,258.13703503
2024-05-19T13:00,3600,0.0,0.28302246481,0.0,0.0,0.0,0.28302246481,352.345341,283.02246481,146.11573761
2024-05-19T14:00,3600,0.0,0.29295446679000003,0.0,0.0,0.0,0.29295446679000003,364.28979337,292.95446679,150.96403758
2024-05-19T15:00,3600,0.0,0.17360531194,0.0,0.0,0.0,0.17360531194,220.90237428,173.60531194,90.9568791
2024-05-19T16:00,3600,0.0,0.11708138542,0.0,0.0,0.0,0.11708138542,153.1036331,117.08138542,62.77985215
2024-05-19T17:00,3600,0.0,0.05846289989,0.0,0.0,0.0,0.05846289989,82.86672004,58.46289989,33.88706795
2024-05-19T18:00,3600,0.0,0.00904254936,0.0,0.0,0.0,0.00904254936,23.7095622,9.04254936,9.68201941
2024-05-19T19:00,3600,0.0,0.0,0.0,0.0,0.0,0.0,0.0,0.0,0.0
2024-05-19T20:00,3600,0.0,0.0,0.0,0.0,0.0,0.0,0.0,0.0,0.0
2024-05-19T21:00,3600,0.0,0.0,0.0,0.0,0.0,0.0,0.0,0.0,0.0
2024-05-19T22:00,3600,0.0,0.0,0.0,0.0,0.0,0.0,0.0,0.0,0.0
2024-05-19T23:00,3600,0.0,0.0,0.0,0.0,0.0,0.0,0.0,0.0,0.0
2024-05-20T00:00,3600,0.0,0.0,0.0,0.0,0.0,0.0,0.0,0.0,0.0
2024-05-20T01:00,3600,0.0,0.0,0.0,0.0,0.0,0.0,0.0,0.0,0.0
2024-05-20T02:00,3600,0.0,0.0,0.0,0.0,0.0,0.0,0.0,0.0,0.0
2024-05-20T03:00,3600,0.0,0.0,0.0,0.0,0.0,0.0,0.0,0.0,0.0
2024-05-20T04:00,3600,0.0,0.0,0.0,0.0,0.0,0.0,0.0,0.0,0.0
2024-05-20T05:00,3600,0.0,0.0,0.0,0.0,0.0,0.0,0.0,0.0,0.0
2024-05-20T06:00,3600,0.0,0.00744042221,0.0,0.0,0.0,0.00744042221,21.79267764,7.44042221,8.89783722
2024-05-20T07:00,3600,0.0,0.08205655037,0.0,0.0,0.0,0.08205655037,111.1276622,82.05655037,45.50549124
2024-05-20T08:00,3600,0.0,0.11115098018000001,0.0,0.0,0.0,0.11115098018000001,145.99436633,111.15098018,59.9079308
2024-05-20T09:00,3600,0.0,0.22925503741,0.0,0.0,0.0,0.22925503741,287.72136826,229.25503741,118.73221614
2024-05-20T10:00,3600,0.0,0.29038750784,0.0,0.0,0.0,0.29038750784,361.20250013,290.38750784,150.00529779
2024-05-20T11:00,3600,0.0,0.30362200358,0.0,0.0,0.0,0.30362200358,377.12125576,303.62200358,156.76021715
2024-05-20T12:00,3600,0.0,0.20995168469,0.0,0.0,0.0,0.20995168469,264.53595549,209.95168469,109.38691585
2024-05-20T13:00,3600,0.0,0.29999188092,0.0,0.0,0.0,0.29999188092,372.75447371,299.99188092,154.85747895
2024-05-20T14:00,3600,0.3568248726203139,0.08147070028,0.08147070028,0.2753541723403139,0.0,0.0,110.42577154,81.47070028,45.42917832
2024-05-20T15:00,3600,0.36064075280408386,0.10910386636000001,0.10910386636000001,0.25153688644408384,0.0,0.0,143.5405013,109.10386636,59.06031842
2024-05-20T16:00,3600,0.3659746298224423,0.05226072805,0.05226072805,0.3137139017724423,0.0,0.0,75.43966112,52.26072805,30.98246212
2024-05-20T17:00,3600,0.34665483145656006,0.024734646500000002,0.024734646500000002,0.32192018495656005,0.0,0.0,42.48752918,24.7346465,17.42763494
2024-05-20T18:00,3600,0.0,0.0010874311400000001,0.0,0.0,0.0,0.0010874311400000001,14.19211622,1.08743114,5.80921165
2024-05-20T19:00,3600,0.0,0.0,0.0,0.0,0.0,0.0,0.0,0.0,0.0
2024-05-20T20:00,3600,0.0,0.0,0.0,0.0,0.0,0.0,0.0,0.0,0.0
2024-05-20T21:00,3600,0.0,0.0,0.0,0.0,0.0,0.0,0.0,0.0,0.0
2024-05-20T22:00,3600,0.0,0.0,0.0,0.0,0.0,0.0,0.0,0.0,0.0
2024-05-20T23:00,3600,0.0,0.0,0.0,0.0,0.0,0.0,0.0,0.0,0.0
2024-05-21T00:00,3600,0.0,0.0,0.0,0.0,0.0,0.0,0.0,0.0,0.0
2024-05-21T01:00,3600,0.0,0.0,0.0,0.0,0.0,0.0,0.0,0.0,0.0
2024-05-21T02:00,3600,0.0,0.0,0.0,0.0,0.0,0.0,0.0,0.0,0.0
2024-05-21T03:00,3600,0.0,0.0,0.0,0.0,0.0,0.0,0.0,0.0,0.0
2024-05-21T04:00,3600,0.0,0.0,0.0,0.0,0.0,0.0,0.0,0.0,0.0
2024-05-21T05:00,3600,0.0,0.0,0.0,0.0,0.0,0.0,0.0,0.0,0.0
2024-05-21T06:00,3600,0.0,0.00899514986,0.0,0.0,0.0,0.00899514986,23.65284967,8.99514986,9.68201941
2024-05-21T07:00,3600,0.0,0.030696397990000002,0.0,0.0,0.0,0.030696397990000002,49.62307791,30.69639799,20.33224077
2024-05-21T08:00,3600,0.0,0.11289053719,0.0,0.0,0.0,0.11289053719,148.07963692,112.89053719,60.87469186
2024-05-21T09:00,3600,0.0,0.15957686534,0.0,0.0,0.0,0.15957686534,204.06911182,159.57686534,84.16135936
2024-05-21T10:00,3600,0.0,0.18237509817,0.0,0.0,0.0,0.18237509817,231.42777607,182.37509817,95.8519922
2024-05-21T11:00,3600,0.0,0.37945092326999996,0.0,0.0,0.0,0.37945092326999996,468.40511459,379.45092327,195.48214756
2024-05-21T12:00,3600,0.609775982565949,0.6221521493499999,0.609775982565949,0.0,0.0,0.012376166784050846,761.43693982,622.15214935,321.33291158
2024-05-21T13:00,3600,0.504979472507496,0.43825801025,0.43825801025,0.06672146225749598,0.0,0.0,539.2861401,438.25801025,227.02087056
2024-05-21T14:00,3600,0.48066055048224854,0.3129343274,0.3129343274,0.16772622308224855,0.0,0.0,388.32466454,312.9343274,162.57851798
2024-05-21T15:00,3600,0.4798258273153979,0.29900942764000005,0.29900942764000005,0.18081639967539787,0.0,0.0,371.57270188,299.00942764,155.35989862
2024-05-21T16:00,3600,0.4870468991109527,0.29957552296,0.29957552296,0.18747137615095272,0.0,0.0,372.2536431,299.57552296,155.82946029
2024-05-21T17:00,3600,0.4302757421627843,0.08631586146,0.08631586146,0.34395988070278427,0.0,0.0,116.23085052,86.31586146,48.14247144
2024-05-21T18:00,3600,0.0,0.040369382,0.0,0.0,0.0,0.040369382,61.20221087,40.369382,25.21299805
2024-05-21T19:00,3600,0.0,0.0,0.0,0.0,0.0,0.0,0.0,0.0,0.0
2024-05-21T20:00,3600,0.0,0.0,0.0,0.0,0.0,0.0,0.0,0.0,0.0
2024-05-21T21:00,3600,0.0,0.0,0.0,0.0,0.0,0.0,0.0,0.0,0.0
2024-05-21T22:00,3600,0.0,0.0,0.0,0.0,0.0,0.0,0.0,0.0,0.0
2024-05-21T23:00,3600,0.0,0.0,0.0,0.0,0.0,0.0,0.0,0.0,0.0
2024-05-22T00:00,3600,0.0,0.0,0.0,0.0,0.0,0.0,0.0,0.0,0.0
2024-05-22T01:00,3600,0.0,0.0,0.0,0.0,0.0,0.0,0.0,0.0,0.0
2024-05-22T02:00,3600,0.0,0.0,0.0,0.0,0.0,0.0,0.0,0.0,0.0
2024-05-22T03:00,3600,0.0,0.0,0.0,0.0,0.0,0.0,0.0,0.0,0.0
2024-05-22T04:00,3600,0.0,0.0,0.0,0.0,0.0,0.0,0.0,0.0,0.0
2024-05-22T05:00,3600,0.0,0.0,0.0,0.0,0.0,0.0,2.36722283,0.0,0.96820194
2024-05-22T06:00,3600,0.0,0.03357295645,0.0,0.0,0.0,0.03357295645,53.06627429,33.57295645,21.83324264
2024-05-22T07:00,3600,0.0,0.20817986002999997,0.0,0.0,0.0,0.20817986002999997,262.40821529,208.17986003,108.85562114
2024-05-22T08:00,3600,0.0,0.46377055550999996,0.0,0.0,0.0,0.46377055550999996,570.06083243,463.77055551,240.19175884
2024-05-22T09:00,3600,0.0,0.86597175315,0.0,0.0,0.0,0.86597175315,1057.16014153,865.97175315,455.88613466
2024-05-22T10:00,3600,1.071386592117738,0.8593144491199999,0.8593144491199999,0.21207214299773802,0.0,0.0,1049.06763982,859.31444912,457.85477396
2024-05-22T11:00,3600,0.7936766113925068,0.9778702742000001,0.7936766113925068,0.0,0.0,0.18419366280749327,1193.33436351,977.8702742,525.09857985
2024-05-22T12:00,3600,0.7643293836778327,0.93602137441,0.7643293836778327,0.0,0.0,0.17169199073216734,1142.37288669,936.02137441,502.53073729
2024-05-22T13:00,3600,0.7584885268767748,0.81726553854,0.7584885268767748,0.0,0.0,0.05877701166322513,997.97717177,817.26553854,439.09643758
2024-05-22T14:00,3600,0.6730951347652996,0.49457200608999996,0.49457200608999996,0.17852312867529962,0.0,0.0,607.23474293,494.57200609,262.20901407
2024-05-22T15:00,3600,0.7173577977624809,0.6150774439299999,0.6150774439299999,0.10228035383248102,0.0,0.0,752.87634727,615.07744393,327.87297291
2024-05-22T16:00,3600,0.6491766423770079,0.42460699934,0.42460699934,0.22456964303700788,0.0,0.0,522.82549276,424.60699934,224.31911054
2024-05-22T17:00,3600,0.5961177470588235,0.21718869500000001,0.21718869500000001,0.37892905205882343,0.0,0.0,273.22742172,217.188695,115.53396445
2024-05-22T18:00,3600,0.0,0.03972561384,0.0,0.0,0.0,0.03972561384,60.43151876,39.72561384,25.22094756
2024-05-22T19:00,3600,0.0,0.0,0.0,0.0,0.0,0.0,0.0,0.0,0.0
2024-05-22T20:00,3600,0.0,0.0,0.0,0.0,0.0,0.0,0.0,0.0,0.0
2024-05-22T21:00,3600,0.0,0.0,0.0,0.0,0.0,0.0,0.0,0.0,0.0
2024-05-22T22:00,3600,0.0,0.0,0.0,0.0,0.0,0.0,0.0,0.0,0.0
2024-05-22T23:00,3600,0.0,0.0,0.0,0.0,0.0,0.0,0.0,0.0,0.0
2024-05-23T00:00,3600,0.0,0.0,0.0,0.0,0.0,0.0,0.0,0.0,0.0
2024-05-23T01:00,3600,0.0,0.0,0.0,0.0,0.0,0.0,0.0,0.0,0.0
2024-05-23T02:00,3600,0.0,0.0,0.0,0.0,0.0,0.0,0.0,0.0,0.0
2024-05-23T03:00,3600,0.0,0.0,0.0,0.0,0.0,0.0,0.0,0.0,0.0
2024-05-23T04:00,3600,0.0,0.0,0.0,0.0,0.0,0.0,0.0,0.0,0.0
2024-05-23T05:00,3600,0.0,0.0,0.0,0.0,0.0,0.0,2.35567472,0.0,0.96820194
2024-05-23T06:00,3600,0.0,0.05717498487,0.0,0.0,0.0,0.05717498487,81.32438115,57.17498487,33.61803997
2024-05-23T07:00,3600,0.0,0.17344315065,0.0,0.0,0.0,0.17344315065,220.70776604,173.44315065,91.75763546
2024-05-23T08:00,3600,0.49648653113722674,0.16172571794,0.16172571794,0.3347608131972267,0.0,0.0,206.6473198,161.72571794,85.79496843
2024-05-23T09:00,3600,0.4749374735294118,0.19856147480000003,0.19856147480000003,0.27637599872941176,0.0,0.0,250.85894564,198.5614748,104.25902774
2024-05-23T10:00,3600,0.57691545,0.48076664642999994,0.48076664642999994,0.09614880357000005,0.0,0.0,590.57058433,480.76664643,250.16346813
2024-05-23T11:00,3600,0.5627316382352942,0.38467275053,0.38467275053,0.17805888770529416,0.0,0.0,474.69593352,384.67275053,200.33233372
2024-05-23T12:00,3600,0.6040478205882353,0.52810041171,0.52810041171,0.07594740887823526,0.0,0.0,647.72399452,528.10041171,275.61713889
2024-05-23T13:00,3600,0.7608750588235293,1.0058470131000001,0.7608750588235293,0.0,0.0,0.24497195427647078,1227.42554898,1005.8470131,538.4582812
2024-05-23T14:00,3600,0.688974332352941,0.70442630804,0.688974332352941,0.0,0.0,0.015451975687058916,861.07420553,704.42630804,372.06349529
2024-05-23T15:00,3600,0.6774816911764705,0.6293796613099999,0.6293796613099999,0.04810202986647061,0.0,0.0,770.18360115,629.37966131,331.43014314
2024-05-23T16:00,3600,0.581503744117647,0.27657257377,0.27657257377,0.30493117034764705,0.0,0.0,344.58972697,276.57257377,145.28593724
2024-05-23T17:00,3600,0.4638794952528221,0.06141622387000001,0.06141622387000001,0.4024632713828221,0.0,0.0,86.40360181,61.41622387,35.87522844
2024-05-23T18:00,3600,0.0,0.01289344043,0.0,0.0,0.0,0.01289344043,28.3172372,12.89344043,11.65022136
2024-05-23T19:00,3600,0.0,0.0,0.0,0.0,0.0,0.0,0.0,0.0,0.0
2024-05-23T20:00,3600,0.0,0.0,0.0,0.0,0.0,0.0,0.0,0.0,0.0
2024-05-23T21:00,3600,0.0,0.0,0.0,0.0,0.0,0.0,0.0,0.0,0.0
2024-05-23T22:00,3600,0.0,0.0,0.0,0.0,0.0,0.0,0.0,0.0,0.0
2024-05-23T23:00,3600,0.0,0.0,0.0,0.0,0.0,0.0,0.0,0.0,0.0
2024-05-24T00:00,3600,0.0,0.0,0.0,0.0,0.0,0.0,0.0,0.0,0.0
2024-05-24T01:00,3600,0.0,0.0,0.0,0.0,0.0,0.0,0.0,0.0,0.0
2024-05-24T02:00,3600,0.0,0.0,0.0,0.0,0.0,0.0,0.0,0.0,0.0
2024-05-24T03:00,3600,0.0,0.0,0.0,0.0,0.0,0.0,0.0,0.0,0.0
2024-05-24T04:00,3600,0.0,0.0,0.0,0.0,0.0,0.0,0.0,0.0,0.0
2024-05-24T05:00,3600,0.0,0.0,0.0,0.0,0.0,0.0,2.36227715,0.0,0.96820194
2024-05-24T06:00,3600,0.0,0.05527293609,0.0,0.0,0.0,0.05527293609,79.04665466,55.27293609,32.63519208
2024-05-24T07:00,3600,0.0,0.23847145056,0.0,0.0,0.0,0.23847145056,298.79418315,238.47145056,124.49419
2024-05-24T08:00,3600,0.0,0.41655966773,0.0,0.0,0.0,0.41655966773,513.12382049,416.55966773,215.93092307
2024-05-24T09:00,3600,0.6888394156752046,0.57506625049,0.57506625049,0.11377316518520453,0.0,0.0,704.48295408,575.06625049,299.24214789
2024-05-24T10:00,3600,0.7338199147058826,0.89604202725,0.7338199147058826,0.0,0.0,0.16222211254411745,1093.72570124,896.04202725,476.31685246
2024-05-24T11:00,3600,0.7630919794117647,0.9878890615699999,0.7630919794117647,0.0,0.0,0.22479708215823524,1205.54072686,987.88906157,528.23984233
2024-05-24T12:00,3600,0.6598787500000002,0.58101676503,0.58101676503,0.07886198497000019,0.0,0.0,711.67779265,581.01676503,305.23664051
2024-05-24T13:00,3600,0.7200000823529412,0.78033494314,0.7200000823529412,0.0,0.0,0.06033486078705874,953.13892395,780.33494314,413.31987208
2024-05-24T14:00,3600,0.642264794117647,0.45807363221,0.45807363221,0.184191161907647,0.0,0.0,563.18761328,458.07363221,240.21010432
2024-05-24T15:00,3600,0.6028015529411763,0.31650627451,0.31650627451,0.2862952784311763,0.0,0.0,392.6224903,316.50627451,166.18326139
2024-05-24T16:00,3600,0.6001213970588236,0.3234130271799999,0.3234130271799999,0.2767083698788237,0.0,0.0,400.9336136,323.41302718,169.46837766
2024-05-24T17:00,3600,0.52953315,0.09332209834,0.09332209834,0.43621105166,0.0,0.0,124.62606626,93.32209834,52.04374151
2024-05-24T18:00,3600,0.0,0.00497320945,0.0,0.0,0.0,0.00497320945,18.84086058,4.97320945,7.74561553
2024-05-24T19:00,3600,0.0,0.0,0.0,0.0,0.0,0.0,0.0,0.0,0.0
2024-05-24T20:00,3600,0.0,0.0,0.0,0.0,0.0,0.0,0.0,0.0,0.0
2024-05-24T21:00,3600,0.0,0.0,0.0,0.0,0.0,0.0,0.0,0.0,0.0
2024-05-24T22:00,3600,0.0,0.0,0.0,0.0,0.0,0.0,0.0,0.0,0.0
2024-05-24T23:00,3600,0.0,0.0,0.0,0.0,0.0,0.0,0.0,0.0,0.0
2024-05-25T00:00,3600,0.0,0.0,0.0,0.0,0.0,0.0,0.0,0.0,0.0
2024-05-25T01:00,3600,0.0,0.0,0.0,0.0,0.0,0.0,0.0,0.0,0.0
2024-05-25T02:00,3600,0.0,0.0,0.0,0.0,0.0,0.0,0.0,0.0,0.0
2024-05-25T03:00,3600,0.0,0.0,0.0,0.0,0.0,0.0,0.0,0.0,0.0
2024-05-25T04:00,3600,0.0,0.0,0.0,0.0,0.0,0.0,0.0,0.0,0.0
2024-05-25T05:00,3600,0.0,0.0,0.0,0.0,0.0,0.0,0.0,0.0,0.0
2024-05-25T06:00,3600,0.0,0.02061393147,0.0,0.0,0.0,0.02061393147,37.55594928,20.61393147,15.49123106
2024-05-25T07:00,3600,0.0,0.14022441087,0.0,0.0,0.0,0.14022441087,180.85448829,140.22441087,75.05991531
2024-05-25T08:00,3600,0.0,0.29609625112,0.0,0.0,0.0,0.29609625112,368.0686308,296.09625112,154.03098277
2024-05-25T09:00,3600,0.0,0.58084642077,0.0,0.0,0.0,0.58084642077,711.47181626,580.84642077,302.96246477
2024-05-25T10:00,3600,0.0,0.90860273364,0.0,0.0,0.0,0.90860273364,1109.0057102,908.60273364,487.62625307
2024-05-25T11:00,3600,0.0,1.08529628426,0.0,0.0,0.0,1.08529628426,1324.33752307,1085.29628426,588.96946263
2024-05-25T12:00,3600,0.0,1.2770943100300003,0.0,0.0,0.0,1.2770943100300003,1558.89718889,1277.09431003,702.21872804
2024-05-25T13:00,3600,0.0,1.0339332131199999,0.0,0.0,0.0,1.0339332131199999,1261.66830912,1033.93321312,562.24415104
2024-05-25T14:00,3600,0.0,0.9799288774499999,0.0,0.0,0.0,0.9799288774499999,1195.84226834,979.92887745,530.90743813
2024-05-25T15:00,3600,0.0,0.48365228888,0.0,0.0,0.0,0.48365228888,594.05342897,483.65228888,256.73781322
2024-05-25T16:00,3600,0.0,0.35507006907,0.0,0.0,0.0,0.35507006907,439.04115561,355.07006907,187.51617417
2024-05-25T17:00,3600,0.0,0.1796531279,0.0,0.0,0.0,0.1796531279,228.16071547,179.6531279,96.56015035
2024-05-25T18:00,3600,0.0,0.04955948546,0.0,0.0,0.0,0.04955948546,72.20520479,49.55948546,30.06195727
2024-05-25T19:00,3600,0.0,0.0,0.0,0.0,0.0,0.0,0.0,0.0,0.0
2024-05-25T20:00,3600,0.0,0.0,0.0,0.0,0.0,0.0,0.0,0.0,0.0
2024-05-25T21:00,3600,0.0,0.0,0.0,0.0,0.0,0.0,0.0,0.0,0.0
2024-05-25T22:00,3600,0.0,0.0,0.0,0.0,0.0,0.0,0.0,0.0,0.0
2024-05-25T23:00,3600,0.0,0.0,0.0,0.0,0.0,0.0,0.0,0.0,0.0
2024-05-26T00:00,3600,0.0,0.0,0.0,0.0,0.0,0.0,0.0,0.0,0.0
2024-05-26T01:00,3600,0.0,0.0,0.0,0.0,0.0,0.0,0.0,0.0,0.0
2024-05-26T02:00,3600,0.0,0.0,0.0,0.0,0.0,0.0,0.0,0.0,0.0
2024-05-26T03:00,3600,0.0,0.0,0.0,0.0,0.0,0.0,0.0,0.0,0.0
2024-05-26T04:00,3600,0.0,0.0,0.0,0.0,0.0,0.0,0.0,0.0,0.0
2024-05-26T05:00,3600,0.0,0.0,0.0,0.0,0.0,0.0,2.34993072,0.0,0.96820194
2024-05-26T06:00,3600,0.0,0.051409245969999996,0.0,0.0,0.0,0.051409245969999996,74.42008287,51.40924597,30.83800265
2024-05-26T07:00,3600,0.0,0.24364129824,0.0,0.0,0.0,0.24364129824,305.00618236,243.64129824,127.59838457
2024-05-26T08:00,3600,0.0,0.30414080464,0.0,0.0,0.0,0.30414080464,377.74536083,304.14080464,158.57806612
2024-05-26T09:00,3600,0.0,0.51044996922,0.0,0.0,0.0,0.51044996922,626.4059879,510.44996922,265.28252467
2024-05-26T10:00,3600,0.0,0.45654023754000006,0.0,0.0,0.0,0.45654023754000006,561.3377288,456.54023754,239.07160955
2024-05-26T11:00,3600,0.0,0.45726519137000005,0.0,0.0,0.0,0.45726519137000005,562.21230519,457.26519137,239.27524128
2024-05-26T12:00,3600,0.0,0.39522252058,0.0,0.0,0.0,0.39522252058,487.40726682,395.22252058,206.46047513
2024-05-26T13:00,3600,0.0,0.43201582544000006,0.0,0.0,0.0,0.43201582544000006,531.75867822,432.01582544,226.03618773
2024-05-26T14:00,3600,0.0,0.18300055328999998,0.0,0.0,0.0,0.18300055328999998,232.1785053,183.00055329,97.7043465
2024-05-26T15:00,3600,0.0,0.15974063724,0.0,0.0,0.0,0.15974063724,204.26560288,159.74063724,86.16997278
2024-05-26T16:00,3600,0.0,0.10291502241000001,0.0,0.0,0.0,0.10291502241000001,136.12252526,102.91502241,56.96756526
2024-05-26T17:00,3600,0.0,0.07943773399,0.0,0.0,0.0,0.07943773399,107.9901897,79.43773399,44.85798605
2024-05-26T18:00,3600,0.0,0.018488494020000003,0.0,0.0,0.0,0.018488494020000003,35.01241827,18.48849402,14.53097864
2024-05-26T19:00,3600,0.0,0.0,0.0,0.0,0.0,0.0,0.0,0.0,0.0
2024-05-26T20:00,3600,0.0,0.0,0.0,0.0,0.0,0.0,0.0,0.0,0.0
2024-05-26T21:00,3600,0.0,0.0,0.0,0.0,0.0,0.0,0.0,0.0,0.0
2024-05-26T22:00,3600,0.0,0.0,0.0,0.0,0.0,0.0,0.0,0.0,0.0
2024-05-26T23:00,3600,0.0,0.0,0.0,0.0,0.0,0.0,0.0,0.0,0.0
2024-05-27T00:00,3600,0.0,0.0,0.0,0.0,0.0,0.0,0.0,0.0,0.0
2024-05-27T01:00,3600,0.0,0.0,0.0,0.0,0.0,0.0,0.0,0.0,0.0
2024-05-27T02:00,3600,0.0,0.0,0.0,0.0,0.0,0.0,0.0,0.0,0.0
2024-05-27T03:00,3600,0.0,0.0,0.0,0.0,0.0,0.0,0.0,0.0,0.0
2024-05-27T04:00,3600,0.0,0.0,0.0,0.0,0.0,0.0,0.0,0.0,0.0
2024-05-27T05:00,3600,0.0,0.0,0.0,0.0,0.0,0.0,2.34252012,0.0,0.96820194
2024-05-27T06:00,3600,0.0,0.023398126879999998,0.0,0.0,0.0,0.023398126879999998,40.8879716,23.39812688,16.94401468
2024-05-27T07:00,3600,0.0,0.11273101522000001,0.0,0.0,0.0,0.11273101522000001,147.88840934,112.73101522,61.58314895
2024-05-27T08:00,3600,1.0870588235294116,0.32049505913000004,0.32049505913000004,0.7665637643994117,0.0,0.0,397.42219701,320.49505913,167.32097114
2024-05-27T09:00,3600,1.0870588235294116,0.5483280472400001,0.5483280472400001,0.5387307762894116,0.0,0.0,672.16332251,548.32804724,285.91019492
2024-05-27T10:00,3600,1.0870588235294116,0.6135508201,0.6135508201,0.4735080034294117,0.0,0.0,751.0292379,613.5508201,323.03951326
2024-05-27T11:00,3600,1.0870588235294116,0.54810874142,0.54810874142,0.5389500821094116,0.0,0.0,671.89830459,548.10874142,287.74515138
2024-05-27T12:00,3600,1.0870588235294116,0.8026755160400001,0.8026755160400001,0.28438330748941154,0.0,0.0,980.25938284,802.67551604,426.70283171
2024-05-27T13:00,3600,1.086230588235294,0.90433633111,0.90433633111,0.18189425712529406,0.0,0.0,1103.8152558,904.33633111,484.07478812
2024-05-27T14:00,3600,1.086230588235294,0.66691664665,0.66691664665,0.4193139415852941,0.0,0.0,815.62949249,666.91664665,353.16084333
2024-05-27T15:00,3600,1.0870588235294116,0.59575361365,0.59575361365,0.4913052098794116,0.0,0.0,729.49973231,595.75361365,313.19209866
2024-05-27T16:00,3600,0.697408716526077,0.42119577449,0.42119577449,0.27621294203607705,0.0,0.0,518.71282413,421.19577449,220.29594282
2024-05-27T17:00,3600,0.5719522852941176,0.19986468874,0.19986468874,0.3720875965541176,0.0,0.0,252.42365924,199.86468874,106.19453085
2024-05-27T18:00,3600,0.0,0.04164899466,0.0,0.0,0.0,0.04164899466,62.73413616,41.64899466,26.18914951
2024-05-27T19:00,3600,0.0,0.0,0.0,0.0,0.0,0.0,0.0,0.0,0.0
2024-05-27T20:00,3600,0.0,0.0,0.0,0.0,0.0,0.0,0.0,0.0,0.0
2024-05-27T21:00,3600,0.0,0.0,0.0,0.0,0.0,0.0,0.0,0.0,0.0
2024-05-27T22:00,3600,0.0,0.0,0.0,0.0,0.0,0.0,0.0,0.0,0.0
2024-05-27T23:00,3600,0.0,0.0,0.0,0.0,0.0,0.0,0.0,0.0,0.0
2024-05-28T00:00,3600,0.0,0.0,0.0,0.0,0.0,0.0,0.0,0.0,0.0
2024-05-28T01:00,3600,0.0,0.0,0.0,0.0,0.0,0.0,0.0,0.0,0.0
2024-05-28T02:00,3600,0.0,0.0,0.0,0.0,0.0,0.0,0.0,0.0,0.0
2024-05-28T03:00,3600,0.0,0.0,0.0,0.0,0.0,0.0,0.0,0.0,0.0
2024-05-28T04:00,3600,0.0,0.0,0.0,0.0,0.0,0.0,0.0,0.0,0.0
2024-05-28T05:00,3600,0.0,0.0,0.0,0.0,0.0,0.0,2.34661793,0.0,0.96820194
2024-05-28T06:00,3600,0.0,0.053881142199999996,0.0,0.0,0.0,0.053881142199999996,77.38001479,53.8811422,32.10747135
2024-05-28T07:00,3600,0.0,0.2116223499,0.0,0.0,0.0,0.2116223499,266.54227937,211.6223499,111.53452479
2024-05-28T08:00,3600,0.8463813450913465,0.39250858043,0.39250858043,0.4538727646613466,0.0,0.0,484.13702479,392.50858043,204.54738315
2024-05-28T09:00,3600,0.6259081205882353,0.58038668614,0.58038668614,0.04552143444823531,0.0,0.0,710.9159189,580.38668614,303.36215222
2024-05-28T10:00,3600,0.7393567088235296,0.8073440842,0.7393567088235296,0.0,0.0,0.06798737537647048,985.92825585,807.3440842,429.4041502
2024-05-28T11:00,3600,0.765011132352941,0.86990493478,0.765011132352941,0.0,0.0,0.10489380242705892,1061.94172533,869.90493478,464.14941948
2024-05-28T12:00,3600,0.777970705882353,0.8724744218799999,0.777970705882353,0.0,0.0,0.09450371599764695,1065.06565207,872.47442188,465.66566631
2024-05-28T13:00,3600,0.8416813352941176,0.96975103395,0.8416813352941176,0.0,0.0,0.12806969865588236,1183.44400705,969.75103395,522.28744555
2024-05-28T14:00,3600,0.7831742882352941,0.72141872879,0.72141872879,0.061755559445294095,0.0,0.0,881.67183382,721.41872879,384.79017876
2024-05-28T15:00,3600,0.7626176852941176,0.59506081869,0.59506081869,0.1675568666041175,0.0,0.0,728.66179414,595.06081869,316.77844355
2024-05-28T16:00,3600,0.6748817794117649,0.33322825321,0.33322825321,0.34165352620176487,0.0,0.0,412.74642372,333.22825321,176.57417004
2024-05-28T17:00,3600,0.6339817558823528,0.21766782473,0.21766782473,0.4163139311523528,0.0,0.0,273.80288525,217.66782473,116.13973289
2024-05-28T18:00,3600,0.0,0.03385787178,0.0,0.0,0.0,0.03385787178,53.40732342,33.85787178,22.33224077
2024-05-28T19:00,3600,0.0,0.0,0.0,0.0,0.0,0.0,0.0,0.0,0.0
2024-05-28T20:00,3600,0.0,0.0,0.0,0.0,0.0,0.0,0.0,0.0,0.0
2024-05-28T21:00,3600,0.0,0.0,0.0,0.0,0.0,0.0,0.0,0.0,0.0
2024-05-28T22:00,3600,0.0,0.0,0.0,0.0,0.0,0.0,0.0,0.0,0.0
2024-05-28T23:00,3600,0.0,0.0,0.0,0.0,0.0,0.0,0.0,0.0,0.0
2024-05-29T00:00,3600,0.0,0.0,0.0,0.0,0.0,0.0,0.0,0.0,0.0
2024-05-29T01:00,3600,0.0,0.0,0.0,0.0,0.0,0.0,0.0,0.0,0.0
2024-05-29T02:00,3600,0.0,0.0,0.0,0.0,0.0,0.0,0.0,0.0,0.0
2024-05-29T03:00,3600,0.0,0.0,0.0,0.0,0.0,0.0,0.0,0.0,0.0
2024-05-29T04:00,3600,0.0,0.0,0.0,0.0,0.0,0.0,0.0,0.0,0.0
2024-05-29T05:00,3600,0.0,0.0,0.0,0.0,0.0,0.0,2.35569599,0.0,0.96820194
2024-05-29T06:00,3600,0.0,0.04134625876,0.0,0.0,0.0,0.04134625876,62.37170388,41.34625876,25.7434052
2024-05-29T07:00,3600,0.0,0.17099649996,0.0,0.0,0.0,0.17099649996,217.77163394,170.99649996,90.47389656
2024-05-29T08:00,3600,0.5975527613384619,0.26536709468999997,0.26536709468999997,0.33218566664846194,0.0,0.0,331.11799212,265.36709469,138.23743804
2024-05-29T09:00,3600,0.4517372013798542,0.44832340596,0.44832340596,0.003413795419854204,0.0,0.0,551.42585564,448.32340596,232.24666469
2024-05-29T10:00,3600,0.5034887152788802,0.55438896711,0.5034887152788802,0.0,0.0,0.05090025183111979,679.48800873,554.38896711,289.25394702
2024-05-29T11:00,3600,0.5240153188937482,0.62247123359,0.5240153188937482,0.0,0.0,0.09845591469625181,761.82306739,622.47123359,325.34964834
2024-05-29T12:00,3600,0.5605573648028797,0.7312384515400001,0.5605573648028797,0.0,0.0,0.17068108673712046,893.57795681,731.23845154,383.55978533
2024-05-29T13:00,3600,0.5910115887829102,0.73391766042,0.5910115887829102,0.0,0.0,0.1429060716370898,896.82679907,733.91766042,386.96588893
2024-05-29T14:00,3600,0.7305554656460872,1.10748894764,0.7305554656460872,0.0,0.0,0.37693348199391286,1351.43421333,1107.48894764,596.44775562
2024-05-29T15:00,3600,0.6919849468524508,0.8518287242699999,0.6919849468524508,0.0,0.0,0.15984377741754907,1039.96933723,851.82872427,453.49793326
2024-05-29T16:00,3600,0.6542188154019506,0.60484945851,0.60484945851,0.049369356891950544,0.0,0.0,740.50219695,604.84945851,318.93419063
2024-05-29T17:00,3600,0.5924460908287352,0.30730965202,0.30730965202,0.28513643880873524,0.0,0.0,381.55753698,307.30965202,161.77049633
2024-05-29T18:00,3600,0.0,0.049772232449999995,0.0,0.0,0.0,0.049772232449999995,72.45994133,49.77223245,30.20504853
2024-05-29T19:00,3600,0.0,0.0,0.0,0.0,0.0,0.0,0.0,0.0,0.0
2024-05-29T20:00,3600,0.0,0.0,0.0,0.0,0.0,0.0,0.0,0.0,0.0
2024-05-29T21:00,3600,0.0,0.0,0.0,0.0,0.0,0.0,0.0,0.0,0.0
2024-05-29T22:00,3600,0.0,0.0,0.0,0.0,0.0,0.0,0.0,0.0,0.0
2024-05-29T23:00,3600,0.0,0.0,0.0,0.0,0.0,0.0,0.0,0.0,0.0
2024-05-30T00:00,3600,0.0,0.0,0.0,0.0,0.0,0.0,0.0,0.0,0.0
2024-05-30T01:00,3600,0.0,0.0,0.0,0.0,0.0,0.0,0.0,0.0,0.0
2024-05-30T02:00,3600,0.0,0.0,0.0,0.0,0.0,0.0,0.0,0.0,0.0
2024-05-30T03:00,3600,0.0,0.0,0.0,0.0,0.0,0.0,0.0,0.0,0.0
2024-05-30T04:00,3600,0.0,0.0,0.0,0.0,0.0,0.0,0.0,0.0,0.0
2024-05-30T05:00,3600,0.0,0.0,0.0,0.0,0.0,0.0,2.34990782,0.0,0.96820194
2024-05-30T06:00,3600,0.0,0.06251593844,0.0,0.0,0.0,0.06251593844,87.72066174,62.51593844,36.35491294
2024-05-30T07:00,3600,0.0,0.24066000587999997,0.0,0.0,0.0,0.24066000587999997,301.42384101,240.66000588,126.08001541
2024-05-30T08:00,3600,0.6413578414408361,0.50827433436,0.50827433436,0.13308350708083605,0.0,0.0,623.77876523,508.27433436,264.53871274
2024-05-30T09:00,3600,0.6135527640571632,0.9171651583000001,0.6135527640571632,0.0,0.0,0.3036123942428369,1119.42391596,917.1651583,484.77492898
2024-05-30T10:00,3600,0.8035000147372424,1.1683239718299998,0.8035000147372424,0.0,0.0,0.3648239570927574,1425.77099835,1168.32397183,631.49563835
2024-05-30T11:00,3600,0.8155812153668259,1.13061670197,0.8155812153668259,0.0,0.0,0.31503548660317404,1379.68480563,1130.61670197,609.90701279
2024-05-30T12:00,3600,0.7018692290454636,0.69406499438,0.69406499438,0.007804234665463539,0.0,0.0,848.51779654,694.06499438,366.57510952
2024-05-30T13:00,3600,0.7571251176470588,0.8017114279800001,0.7571251176470588,0.0,0.0,0.04458631033294125,979.08878769,801.71142798,424.97204946
2024-05-30T14:00,3600,0.7018126205882352,0.57624565222,0.57624565222,0.12556696836823522,0.0,0.0,705.90891942,576.24565222,303.44391184
2024-05-30T15:00,3600,0.6206582029411765,0.27895821934000004,0.27895821934000004,0.3416999836011764,0.0,0.0,347.4582177,278.95821934,147.24373792
2024-05-30T16:00,3600,0.5711140558823529,0.18351540423999999,0.18351540423999999,0.38759865164235285,0.0,0.0,232.79648363,183.51540424,97.84735798
2024-05-30T17:00,3600,0.5376408573495933,0.07239409057,0.07239409057,0.4652467667795933,0.0,0.0,99.55230045,72.39409057,41.61734306
2024-05-30T18:00,3600,0.0,0.030390038069999997,0.0,0.0,0.0,0.030390038069999997,49.25638045,30.39003807,20.39583689
2024-05-30T19:00,3600,0.0,0.0,0.0,0.0,0.0,0.0,0.0,0.0,0.0
2024-05-30T20:00,3600,0.0,0.0,0.0,0.0,0.0,0.0,0.0,0.0,0.0
2024-05-30T21:00,3600,0.0,0.0,0.0,0.0,0.0,0.0,0.0,0.0,0.0
2024-05-30T22:00,3600,0.0,0.0,0.0,0.0,0.0,0.0,0.0,0.0,0.0
2024-05-30T23:00,3600,0.0,0.0,0.0,0.0,0.0,0.0,0.0,0.0,0.0
2024-05-31T00:00,3600,0.0,0.0,0.0,0.0,0.0,0.0,0.0,0.0,0.0
2024-05-31T01:00,3600,0.0,0.0,0.0,0.0,0.0,0.0,0.0,0.0,0.0
2024-05-31T02:00,3600,0.0,0.0,0.0,0.0,0.0,0.0,0.0,0.0,0.0
2024-05-31T03:00,3600,0.0,0.0,0.0,0.0,0.0,0.0,0.0,0.0,0.0
2024-05-31T04:00,3600,0.0,0.0,0.0,0.0,0.0,0.0,0.0,0.0,0.0
2024-05-31T05:00,3600,0.0,0.0,0.0,0.0,0.0,0.0,2.34663321,0.0,0.96820194
2024-05-31T06:00,3600,0.0,0.04795397042,0.0,0.0,0.0,0.04795397042,70.28284368,47.95397042,29.15565461
2024-05-31T07:00,3600,0.0,0.24962128462,0.0,0.0,0.0,0.24962128462,312.19236822,249.62128462,130.75364794
2024-05-31T08:00,3600,0.7577343433004501,0.42539195709,0.42539195709,0.3323423862104501,0.0,0.0,523.77189671,425.39195709,221.72109838
2024-05-31T09:00,3600,0.6822133,0.67975374619,0.67975374619,0.0024595538100000702,0.0,0.0,831.17864744,679.75374619,356.72405588
2024-05-31T10:00,3600,0.7910295352941177,0.8925052142500001,0.7910295352941177,0.0,0.0,0.10147567895588239,1089.42384743,892.50521425,475.6521566
2024-05-31T11:00,3600,0.8796839588235295,1.18109822419,0.8796839588235295,0.0,0.0,0.30141426536647065,1441.39132956,1181.09822419,637.95575285
2024-05-31T12:00,3600,0.7370598588235294,0.60686013217,0.60686013217,0.1301997266535294,0.0,0.0,742.93458887,606.86013217,320.89961971
2024-05-31T13:00,3600,0.6896802617647058,0.54875500534,0.54875500534,0.14092525642470577,0.0,0.0,672.67927884,548.75500534,288.15987731
2024-05-31T14:00,3600,0.6327243499999999,0.42786689658,0.42786689658,0.20485745341999995,0.0,0.0,526.75595969,427.86689658,223.72694728
2024-05-31T15:00,3600,0.6249486058823529,0.43030261015000004,0.43030261015000004,0.19464599573235286,0.0,0.0,529.69286129,430.30261015,224.63940763
2024-05-31T16:00,3600,0.5290699147058824,0.09963670808,0.09963670808,0.42943320662588236,0.0,0.0,132.19346393,99.63670808,55.18751066
2024-05-31T17:00,3600,0.5337905088235294,0.09630224071000001,0.09630224071000001,0.43748826811352937,0.0,0.0,128.19734532,96.30224071,53.55837597
2024-05-31T18:00,3600,0.0,0.02051752893,0.0,0.0,0.0,0.02051752893,37.44058132,20.51752893,15.52302912
2024-05-31T19:00,3600,0.0,0.0,0.0,0.0,0.0,0.0,0.0,0.0,0.0
2024-05-31T20:00,3600,0.0,0.0,0.0,0.0,0.0,0.0,0.0,0.0,0.0
2024-05-31T21:00,3600,0.0,0.0,0.0,0.0,0.0,0.0,0.0,0.0,0.0
2024-05-31T22:00,3600,0.0,0.0,0.0,0.0,0.0,0.0,0.0,0.0,0.0
2024-05-31T23:00,3600,0.0,0.0,0.0,0.0,0.0,0.0,0.0,0.0,0.0
2024-06-01T00:00,3600,0.0,0.0,0.0,0.0,0.0,0.0,0.0,0.0,0.0
2024-06-01T01:00,3600,0.0,0.0,0.0,0.0,0.0,0.0,0.0,0.0,0.0
2024-06-01T02:00,3600,0.0,0.0,0.0,0.0,0.0,0.0,0.0,0.0,0.0
2024-06-01T03:00,3600,0.0,0.0,0.0,0.0,0.0,0.0,0.0,0.0,0.0
2024-06-01T04:00,3600,0.0,0.0,0.0,0.0,0.0,0.0,0.0,0.0,0.0
2024-06-01T05:00,3600,0.0,0.0,0.0,0.0,0.0,0.0,0.0,0.0,0.0
2024-06-01T06:00,3600,0.0,0.004891903499999999,0.0,0.0,0.0,0.004891903499999999,18.74358696,4.8919035,7.74561553
2024-06-01T07:00,3600,0.0,0.01270198513,0.0,0.0,0.0,0.01270198513,28.08814911,12.70198513,11.6184233
2024-06-01T08:00,3600,0.0,0.049818782779999994,0.0,0.0,0.0,0.049818782779999994,72.51567936,49.81878278,30.01426018
2024-06-01T09:00,3600,0.0,0.16163610275999998,0.0,0.0,0.0,0.16163610275999998,206.53979687,161.63610276,85.79943085
2024-06-01T10:00,3600,0.0,0.18547569146,0.0,0.0,0.0,0.18547569146,235.1494803,185.47569146,98.27288721
2024-06-01T11:00,3600,0.0,0.43322871071999997,0.0,0.0,0.0,0.43322871071999997,533.22123053,433.22871072,225.3517632
2024-06-01T12:00,3600,0.0,0.25385266275,0.0,0.0,0.0,0.25385266275,317.27771936,253.85266275,133.2551008
2024-06-01T13:00,3600,0.0,0.17993889511,0.0,0.0,0.0,0.17993889511,228.50370154,179.93889511,95.56415429
2024-06-01T14:00,3600,0.0,0.20713523931,0.0,0.0,0.0,0.20713523931,261.15378873,207.13523931,109.21511179
2024-06-01T15:00,3600,0.0,0.07867016259,0.0,0.0,0.0,0.07867016259,107.07062943,78.67016259,44.5372893
2024-06-01T16:00,3600,0.0,0.06434059136999999,0.0,0.0,0.0,0.06434059136999999,89.90599385,64.34059137,37.31073345
2024-06-01T17:00,3600,0.0,0.024441844849999998,0.0,0.0,0.0,0.024441844849999998,42.13709844,24.44184485,17.42763494
2024-06-01T18:00,3600,0.0,0.0,0.0,0.0,0.0,0.0,7.08736218,0.0,2.92050485
2024-06-01T19:00,3600,0.0,0.0,0.0,0.0,0.0,0.0,0.0,0.0,0.0
2024-06-01T20:00,3600,0.0,0.0,0.0,0.0,0.0,0.0,0.0,0.0,0.0
2024-06-01T21:00,3600,0.0,0.0,0.0,0.0,0.0,0.0,0.0,0.0,0.0
2024-06-01T22:00,3600,0.0,0.0,0.0,0.0,0.0,0.0,0.0,0.0,0.0
2024-06-01T23:00,3600,0.0,0.0,0.0,0.0,0.0,0.0,0.0,0.0,0.0
2024-06-02T00:00,3600,0.0,0.0,0.0,0.0,0.0,0.0,0.0,0.0,0.0
2024-06-02T01:00,3600,0.0,0.0,0.0,0.0,0.0,0.0,0.0,0.0,0.0
2024-06-02T02:00,3600,0.0,0.0,0.0,0.0,0.0,0.0,0.0,0.0,0.0
2024-06-02T03:00,3600,0.0,0.0,0.0,0.0,0.0,0.0,0.0,0.0,0.0
2024-06-02T04:00,3600,0.0,0.0,0.0,0.0,0.0,0.0,0.0,0.0,0.0
2024-06-02T05:00,3600,0.0,0.0,0.0,0.0,0.0,0.0,4.71095188,0.0,1.93640388
2024-06-02T06:00,3600,0.0,0.08616843644,0.0,0.0,0.0,0.08616843644,116.05421022,86.16843644,48.12464178
2024-06-02T07:00,3600,0.0,0.37268571909000003,0.0,0.0,0.0,0.37268571909000003,460.25586918,372.68571909,194.00404065
2024-06-02T08:00,3600,0.0,0.7653884422500001,0.0,0.0,0.0,0.7653884422500001,935.00089609,765.38844225,403.49434807
2024-06-02T09:00,3600,0.0,1.09845170455,0.0,0.0,0.0,1.09845170455,1340.39858359,1098.45170455,590.97042357
2024-06-02T10:00,3600,0.0,1.3334895554200001,0.0,0.0,0.0,1.3334895554200001,1628.02963381,1333.48955542,736.63445383
2024-06-02T11:00,3600,0.0,1.44347966653,0.0,0.0,0.0,1.44347966653,1763.07730184,1443.47966653,803.75817186
2024-06-02T12:00,3600,0.0,1.13280085862,0.0,0.0,0.0,1.13280085862,1382.35339976,1132.80085862,618.02076413
2024-06-02T13:00,3600,0.0,0.92230383283,0.0,0.0,0.0,0.92230383283,1125.6771327,922.30383283,499.98558796
2024-06-02T14:00,3600,0.0,0.81576059293,0.0,0.0,0.0,0.81576059293,996.1493753,815.76059293,439.76421007
2024-06-02T15:00,3600,0.0,0.7400772229100001,0.0,0.0,0.0,0.7400772229100001,904.29658111,740.07722291,397.45413055
2024-06-02T16:00,3600,0.0,0.4729621844,0.0,0.0,0.0,0.4729621844,581.15187453,472.9621844,251.68100594
2024-06-02T17:00,3600,0.0,0.24359885889000002,0.0,0.0,0.0,0.24359885889000002,304.95518556,243.59885889,130.6556345
2024-06-02T18:00,3600,0.0,0.045242751660000004,0.0,0.0,0.0,0.045242751660000004,67.03669796,45.24275166,28.23684659
2024-06-02T19:00,3600,0.0,0.0,0.0,0.0,0.0,0.0,0.0,0.0,0.0
2024-06-02T20:00,3600,0.0,0.0,0.0,0.0,0.0,0.0,0.0,0.0,0.0
2024-06-02T21:00,3600,0.0,0.0,0.0,0.0,0.0,0.0,0.0,0.0,0.0
2024-06-02T22:00,3600,0.0,0.0,0.0,0.0,0.0,0.0,0.0,0.0,0.0
2024-06-02T23:00,3600,0.0,0.0,0.0,0.0,0.0,0.0,0.0,0.0,0.0
2024-06-03T00:00,3600,0.0,0.0,0.0,0.0,0.0,0.0,0.0,0.0,0.0
2024-06-03T01:00,3600,0.0,0.0,0.0,0.0,0.0,0.0,0.0,0.0,0.0
2024-06-03T02:00,3600,0.0,0.0,0.0,0.0,0.0,0.0,0.0,0.0,0.0
2024-06-03T03:00,3600,0.0,0.0,0.0,0.0,0.0,0.0,0.0,0.0,0.0
2024-06-03T04:00,3600,0.0,0.0,0.0,0.0,0.0,0.0,0.0,0.0,0.0
2024-06-03T05:00,3600,0.0,0.0,0.0,0.0,0.0,0.0,2.34002577,0.0,0.96820194
2024-06-03T06:00,3600,0.0,0.058188042,0.0,0.0,0.0,0.058188042,82.53756172,58.188042,34.25812285
2024-06-03T07:00,3600,0.0,0.24883118947,0.0,0.0,0.0,0.24883118947,311.24286068,248.83118947,130.39239857
2024-06-03T08:00,3600,1.0870588235294116,0.51339055818,0.51339055818,0.5736682653494116,0.0,0.0,629.95711215,513.39055818,267.36991455
2024-06-03T09:00,3600,1.0870588235294116,0.39268848232,0.39268848232,0.6943703412094117,0.0,0.0,484.35379777,392.68848232,204.3225068
2024-06-03T10:00,3600,1.0870588235294116,0.5999275035599999,0.5999275035599999,0.4871313199694117,0.0,0.0,734.54829757,599.92750356,312.86626823
2024-06-03T11:00,3600,1.0870588235294116,0.66948411318,0.66948411318,0.4175747103494116,0.0,0.0,818.73908105,669.48411318,349.65595904
2024-06-03T12:00,3600,1.0870588235294116,0.4722283558,0.4722283558,0.6148304677294116,0.0,0.0,580.26633362,472.2283558,245.31028458
2024-06-03T13:00,3600,1.0870588235294116,0.55040420088,0.55040420088,0.5366546226494117,0.0,0.0,674.67228314,550.40420088,286.07030181
2024-06-03T14:00,3600,1.0870588235294116,0.26479216782,0.26479216782,0.8222666557094116,0.0,0.0,330.42686405,264.79216782,138.45287762
2024-06-03T15:00,3600,1.0870588235294116,0.12292773408,0.12292773408,0.9641310894494116,0.0,0.0,160.11289112,122.92773408,66.80593396
2024-06-03T16:00,3600,0.575527995640174,0.31290267593,0.31290267593,0.262625319710174,0.0,0.0,388.28658223,312.90267593,163.1320138
2024-06-03T17:00,3600,0.5105625323529412,0.11575965995,0.11575965995,0.39480287240294126,0.0,0.0,151.51910462,115.75965995,63.10883526
2024-06-03T18:00,3600,0.0,0.01668981402,0.0,0.0,0.0,0.01668981402,32.85999815,16.68981402,13.55482718
2024-06-03T19:00,3600,0.0,0.0,0.0,0.0,0.0,0.0,0.0,0.0,0.0
2024-06-03T20:00,3600,0.0,0.0,0.0,0.0,0.0,0.0,0.0,0.0,0.0
2024-06-03T21:00,3600,0.0,0.0,0.0,0.0,0.0,0.0,0.0,0.0,0.0
2024-06-03T22:00,3600,0.0,0.0,0.0,0.0,0.0,0.0,0.0,0.0,0.0
2024-06-03T23:00,3600,0.0,0.0,0.0,0.0,0.0,0.0,0.0,0.0,0.0
2024-06-04T00:00,3600,0.0,0.0,0.0,0.0,0.0,0.0,0.0,0.0,0.0
2024-06-04T01:00,3600,0.0,0.0,0.0,0.0,0.0,0.0,0.0,0.0,0.0
2024-06-04T02:00,3600,0.0,0.0,0.0,0.0,0.0,0.0,0.0,0.0,0.0
2024-06-04T03:00,3600,0.0,0.0,0.0,0.0,0.0,0.0,0.0,0.0,0.0
2024-06-04T04:00,3600,0.0,0.0,0.0,0.0,0.0,0.0,0.0,0.0,0.0
2024-06-04T05:00,3600,0.0,0.0,0.0,0.0,0.0,0.0,2.3647871,0.0,0.96820194
2024-06-04T06:00,3600,0.0,0.0207978788,0.0,0.0,0.0,0.0207978788,37.77608542,20.7978788,15.49123106
2024-06-04T07:00,3600,0.0,0.11271644212,0.0,0.0,0.0,0.11271644212,147.8709398,112.71644212,60.89816501
2024-06-04T08:00,3600,0.0,0.14729371867,0.0,0.0,0.0,0.14729371867,189.33366159,147.29371867,78.13537748
2024-06-04T09:00,3600,0.0,0.48995472921,0.0,0.0,0.0,0.48995472921,601.66084933,489.95472921,252.15148399
2024-06-04T10:00,3600,0.6641105428631402,0.62567072473,0.62567072473,0.038439818133140236,0.0,0.0,765.69493633,625.67072473,324.19610792
2024-06-04T11:00,3600,0.5781591796731854,0.7410589519699999,0.5781591796731854,0.0,0.0,0.16289977229681452,905.48721655,741.05895197,386.52767554
2024-06-04T12:00,3600,0.5126006947921432,0.39284440606,0.39284440606,0.11975628873214322,0.0,0.0,484.54167884,392.84440606,203.68049418
2024-06-04T13:00,3600,0.5501927252389629,0.47981477558,0.47981477558,0.07037794965896288,0.0,0.0,589.42175867,479.81477558,248.58647293
2024-06-04T14:00,3600,0.4746278152578758,0.16753391153,0.16753391153,0.3070939037278758,0.0,0.0,213.61653932,167.53391153,89.07457861
2024-06-04T15:00,3600,0.4859780969792835,0.16958043934,0.16958043934,0.3163976576392835,0.0,0.0,216.07233395,169.58043934,90.00888337
2024-06-04T16:00,3600,0.45996811246892166,0.08222738219999999,0.08222738219999999,0.3777407302689217,0.0,0.0,111.33233248,82.2273822,46.16384632
2024-06-04T17:00,3600,0.44945431464276786,0.05570705675,0.05570705675,0.3937472578927679,0.0,0.0,79.56651243,55.70705675,32.91886601
2024-06-04T18:00,3600,0.0,0.00696996431,0.0,0.0,0.0,0.00696996431,21.22980322,6.96996431,8.71381747
2024-06-04T19:00,3600,0.0,0.0,0.0,0.0,0.0,0.0,0.0,0.0,0.0
2024-06-04T20:00,3600,0.0,0.0,0.0,0.0,0.0,0.0,0.0,0.0,0.0
2024-06-04T21:00,3600,0.0,0.0,0.0,0.0,0.0,0.0,0.0,0.0,0.0
2024-06-04T22:00,3600,0.0,0.0,0.0,0.0,0.0,0.0,0.0,0.0,0.0
2024-06-04T23:00,3600,0.0,0.0,0.0,0.0,0.0,0.0,0.0,0.0,0.0
2024-06-05T00:00,3600,0.0,0.0,0.0,0.0,0.0,0.0,0.0,0.0,0.0
2024-06-05T01:00,3600,0.0,0.0,0.0,0.0,0.0,0.0,0.0,0.0,0.0
2024-06-05T02:00,3600,0.0,0.0,0.0,0.0,0.0,0.0,0.0,0.0,0.0
2024-06-05T03:00,3600,0.0,0.0,0.0,0.0,0.0,0.0,0.0,0.0,0.0
2024-06-05T04:00,3600,0.0,0.0,0.0,0.0,0.0,0.0,0.0,0.0,0.0
2024-06-05T05:00,3600,0.0,0.0,0.0,0.0,0.0,0.0,2.37382776,0.0,0.96820194
2024-06-05T06:00,3600,0.0,0.045723674279999994,0.0,0.0,0.0,0.045723674279999994,67.6124955,45.72367428,27.64747606
2024-06-05T07:00,3600,0.0,0.19158506342999998,0.0,0.0,0.0,0.19158506342999998,242.48330272,191.58506343,99.91689521
2024-06-05T08:00,3600,0.0,0.36589093979,0.0,0.0,0.0,0.36589093979,452.07202529,365.89093979,188.11052769
2024-06-05T09:00,3600,0.0,0.77375534685,0.0,0.0,0.0,0.77375534685,945.15375855,773.75534685,401.78098586
2024-06-05T10:00,3600,0.0,0.76029222467,0.0,0.0,0.0,0.76029222467,928.8176472,760.29222467,397.83169033
2024-06-05T11:00,3600,0.954490743588029,0.6964823354999999,0.6964823354999999,0.25800840808802905,0.0,0.0,851.44704527,696.4823355,363.68353832
2024-06-05T12:00,3600,0.533225982265463,0.40543539297000003,0.40543539297000003,0.127790589295463,0.0,0.0,499.7150418,405.43539297,210.81935826
2024-06-05T13:00,3600,0.5290889002809136,0.24853137157,0.24853137157,0.2805575287109136,0.0,0.0,310.88255409,248.53137157,130.32908087
2024-06-05T14:00,3600,0.5113952019758516,0.21285848606,0.21285848606,0.2985367159158516,0.0,0.0,268.02681127,212.85848606,112.02494459
2024-06-05T15:00,3600,0.4901139676470589,0.17425601596000004,0.17425601596000004,0.3158579516870589,0.0,0.0,221.68328388,174.25601596,92.32154772
2024-06-05T16:00,3600,0.45694852352941173,0.047908953920000004,0.047908953920000004,0.40903956960941174,0.0,0.0,70.22894405,47.90895392,29.04605824
2024-06-05T17:00,3600,0.4541691117647059,0.036224469179999996,0.036224469179999996,0.4179446425847059,0.0,0.0,56.24025476,36.22446918,23.23684659
2024-06-05T18:00,3600,0.0,0.0,0.0,0.0,0.0,0.0,7.07325616,0.0,2.90460582
2024-06-05T19:00,3600,0.0,0.0,0.0,0.0,0.0,0.0,0.0,0.0,0.0
2024-06-05T20:00,3600,0.0,0.0,0.0,0.0,0.0,0.0,0.0,0.0,0.0
2024-06-05T21:00,3600,0.0,0.0,0.0,0.0,0.0,0.0,0.0,0.0,0.0
2024-06-05T22:00,3600,0.0,0.0,0.0,0.0,0.0,0.0,0.0,0.0,0.0
2024-06-05T23:00,3600,0.0,0.0,0.0,0.0,0.0,0.0,0.0,0.0,0.0
2024-06-06T00:00,3600,0.0,0.0,0.0,0.0,0.0,0.0,0.0,0.0,0.0
2024-06-06T01:00,3600,0.0,0.0,0.0,0.0,0.0,0.0,0.0,0.0,0.0
2024-06-06T02:00,3600,0.0,0.0,0.0,0.0,0.0,0.0,0.0,0.0,0.0
2024-06-06T03:00,3600,0.0,0.0,0.0,0.0,0.0,0.0,0.0,0.0,0.0
2024-06-06T04:00,3600,0.0,0.0,0.0,0.0,0.0,0.0,0.0,0.0,0.0
2024-06-06T05:00,3600,0.0,0.0,0.0,0.0,0.0,0.0,2.36311292,0.0,0.96820194
2024-06-06T06:00,3600,0.0,0.01483884934,0.0,0.0,0.0,0.01483884934,30.64508455,14.83884934,12.58662524
2024-06-06T07:00,3600,0.0,0.05411191155,0.0,0.0,0.0,0.05411191155,77.65635264,54.11191155,31.95066407
2024-06-06T08:00,3600,0.0,0.12432977837999999,0.0,0.0,0.0,0.12432977837999999,161.7939307,124.32977838,66.80593396
2024-06-06T09:00,3600,0.0,0.22665818949000002,0.0,0.0,0.0,0.22665818949000002,284.60179361,226.65818949,118.12063685
2024-06-06T10:00,3600,0.5393884731929639,0.49064452824,0.49064452824,0.048743944952963913,0.0,0.0,602.49353191,490.64452824,254.55342991
2024-06-06T11:00,3600,0.542399757828243,0.53612222578,0.53612222578,0.006277532048242995,0.0,0.0,657.4149671,536.12222578,279.10322372
2024-06-06T12:00,3600,0.5633413300345727,0.60361819077,0.5633413300345727,0.0,0.0,0.040276860735427356,739.01272846,603.61819077,315.19594852
2024-06-06T13:00,3600,0.5970581876926512,0.5374617422600001,0.5374617422600001,0.05959644543265108,0.0,0.0,659.0333478,537.46174226,281.45701505
2024-06-06T14:00,3600,0.5980647613541162,0.5130105847199999,0.5130105847199999,0.0850541766341163,0.0,0.0,629.49823635,513.01058472,268.7954601
2024-06-06T15:00,3600,0.5598654176393664,0.34221602535,0.34221602535,0.21764939228936636,0.0,0.0,423.56525737,342.21602535,179.45682455
2024-06-06T16:00,3600,0.5472070548269261,0.22401316143,0.22401316143,0.3231938933969261,0.0,0.0,281.42449384,224.01316143,118.43105497
2024-06-06T17:00,3600,0.5092619057208685,0.1069734829,0.1069734829,0.4022884228208685,0.0,0.0,140.98691918,106.9734829,58.9872493
2024-06-06T18:00,3600,0.0,0.02050574341,0.0,0.0,0.0,0.02050574341,37.42647722,20.50574341,15.53097864
2024-06-06T19:00,3600,0.0,0.0,0.0,0.0,0.0,0.0,0.0,0.0,0.0
2024-06-06T20:00,3600,0.0,0.0,0.0,0.0,0.0,0.0,0.0,0.0,0.0
2024-06-06T21:00,3600,0.0,0.0,0.0,0.0,0.0,0.0,0.0,0.0,0.0
2024-06-06T22:00,3600,0.0,0.0,0.0,0.0,0.0,0.0,0.0,0.0,0.0
2024-06-06T23:00,3600,0.0,0.0,0.0,0.0,0.0,0.0,0.0,0.0,0.0
2024-06-07T00:00,3600,0.0,0.0,0.0,0.0,0.0,0.0,0.0,0.0,0.0
2024-06-07T01:00,3600,0.0,0.0,0.0,0.0,0.0,0.0,0.0,0.0,0.0
2024-06-07T02:00,3600,0.0,0.0,0.0,0.0,0.0,0.0,0.0,0.0,0.0
2024-06-07T03:00,3600,0.0,0.0,0.0,0.0,0.0,0.0,0.0,0.0,0.0
2024-06-07T04:00,3600,0.0,0.0,0.0,0.0,0.0,0.0,0.0,0.0,0.0
2024-06-07T05:00,3600,0.0,0.0,0.0,0.0,0.0,0.0,2.35815869,0.0,0.96820194
2024-06-07T06:00,3600,0.0,0.02265678829,0.0,0.0,0.0,0.02265678829,40.00074838,22.65678829,16.459433
2024-06-07T07:00,3600,0.0,0.1697681065,0.0,0.0,0.0,0.1697681065,216.29753561,169.7681065,89.54100818
2024-06-07T08:00,3600,0.0,0.31833311065,0.0,0.0,0.0,0.31833311065,394.82067933,318.33311065,164.87168577
2024-06-07T09:00,3600,0.6806985037205584,0.42840353392,0.42840353392,0.2522949698005584,0.0,0.0,527.40300758,428.40353392,221.53228219
2024-06-07T10:00,3600,0.5901753008124709,0.58482625795,0.58482625795,0.005349042862470954,0.0,0.0,716.28431561,584.82625795,305.02145249
2024-06-07T11:00,3600,0.5695751637349183,0.51081081381,0.51081081381,0.0587643499249183,0.0,0.0,626.84174183,510.81081381,265.6703756
2024-06-07T12:00,3600,0.552212652126532,0.46624314132000005,0.46624314132000005,0.08596951080653198,0.0,0.0,573.04418198,466.24314132,242.31892938
2024-06-07T13:00,3600,0.6297597001185457,0.6400040846399999,0.6297597001185457,0.0,0.0,0.010244384521454264,783.04331515,640.00408464,334.39003275
2024-06-07T14:00,3600,0.5138680215988811,0.18021322560999997,0.18021322560999997,0.33365479598888115,0.0,0.0,228.83296264,180.21322561,95.56345672
2024-06-07T15:00,3600,0.5286917325116153,0.25582483839,0.25582483839,0.2728668941216153,0.0,0.0,319.64805325,255.82483839,134.04806623
2024-06-07T16:00,3600,0.5099967822705782,0.17303576276000002,0.17303576276000002,0.3369610195105782,0.0,0.0,220.21886622,173.03576276,91.97918443
2024-06-07T17:00,3600,0.4887132470588235,0.10774480784000001,0.10774480784000001,0.3809684392188235,0.0,0.0,141.91145557,107.74480784,58.95289259
2024-06-07T18:00,3600,0.0,0.02669845118,0.0,0.0,0.0,0.02669845118,44.83789754,26.69845118,18.49123106
2024-06-07T19:00,3600,0.0,0.0,0.0,0.0,0.0,0.0,0.0,0.0,0.0
2024-06-07T20:00,3600,0.0,0.0,0.0,0.0,0.0,0.0,0.0,0.0,0.0
2024-06-07T21:00,3600,0.0,0.0,0.0,0.0,0.0,0.0,0.0,0.0,0.0
2024-06-07T22:00,3600,0.0,0.0,0.0,0.0,0.0,0.0,0.0,0.0,0.0
2024-06-07T23:00,3600,0.0,0.0,0.0,0.0,0.0,0.0,0.0,0.0,0.0
2024-06-08T00:00,3600,0.0,0.0,0.0,0.0,0.0,0.0,0.0,0.0,0.0
2024-06-08T01:00,3600,0.0,0.0,0.0,0.0,0.0,0.0,0.0,0.0,0.0
2024-06-08T02:00,3600,0.0,0.0,0.0,0.0,0.0,0.0,0.0,0.0,0.0
2024-06-08T03:00,3600,0.0,0.0,0.0,0.0,0.0,0.0,0.0,0.0,0.0
2024-06-08T04:00,3600,0.0,0.0,0.0,0.0,0.0,0.0,0.0,0.0,0.0
2024-06-08T05:00,3600,0.0,0.0,0.0,0.0,0.0,0.0,2.35568874,0.0,0.96820194
2024-06-08T06:00,3600,0.0,0.061435676169999995,0.0,0.0,0.0,0.061435676169999995,86.4268984,61.43567617,35.68030799
2024-06-08T07:00,3600,0.0,0.19771436594,0.0,0.0,0.0,0.19771436594,249.84187816,197.71436594,103.87881494
2024-06-08T08:00,3600,0.0,0.38326103909,0.0,0.0,0.0,0.38326103909,472.99516214,383.26103909,198.63003106
2024-06-08T09:00,3600,0.0,0.30597492662000003,0.0,0.0,0.0,0.30597492662000003,379.95181291,305.97492662,159.17831345
2024-06-08T10:00,3600,0.0,0.32231037787,0.0,0.0,0.0,0.32231037787,399.60668816,322.31037787,168.32239584
2024-06-08T11:00,3600,0.0,0.40625013502,0.0,0.0,0.0,0.40625013502,500.69700712,406.25013502,211.67421757
2024-06-08T12:00,3600,0.0,0.79245936708,0.0,0.0,0.0,0.79245936708,967.85602006,792.45936708,418.04280929
2024-06-08T13:00,3600,0.0,0.6948969486300001,0.0,0.0,0.0,0.6948969486300001,849.52591438,694.89694863,367.71530894
2024-06-08T14:00,3600,0.0,0.7009587884999999,0.0,0.0,0.0,0.7009587884999999,856.87180348,700.9587885,372.51971424
2024-06-08T15:00,3600,0.0,0.28546045949000004,0.0,0.0,0.0,0.28546045949000004,355.27712635,285.46045949,151.07204388
2024-06-08T16:00,3600,0.0,0.29173002211,0.0,0.0,0.0,0.29173002211,362.81712992,291.73002211,153.68900499
2024-06-08T17:00,3600,0.0,0.19285786920999998,0.0,0.0,0.0,0.19285786920999998,244.01131005,192.85786921,102.34514129
2024-06-08T18:00,3600,0.0,0.00879329721,0.0,0.0,0.0,0.00879329721,23.41133773,8.79329721,9.69791844
2024-06-08T19:00,3600,0.0,0.0,0.0,0.0,0.0,0.0,0.0,0.0,0.0
2024-06-08T20:00,3600,0.0,0.0,0.0,0.0,0.0,0.0,0.0,0.0,0.0
2024-06-08T21:00,3600,0.0,0.0,0.0,0.0,0.0,0.0,0.0,0.0,0.0
2024-06-08T22:00,3600,0.0,0.0,0.0,0.0,0.0,0.0,0.0,0.0,0.0
2024-06-08T23:00,3600,0.0,0.0,0.0,0.0,0.0,0.0,0.0,0.0,0.0
2024-06-09T00:00,3600,0.0,0.0,0.0,0.0,0.0,0.0,0.0,0.0,0.0
2024-06-09T01:00,3600,0.0,0.0,0.0,0.0,0.0,0.0,0.0,0.0,0.0
2024-06-09T02:00,3600,0.0,0.0,0.0,0.0,0.0,0.0,0.0,0.0,0.0
2024-06-09T03:00,3600,0.0,0.0,0.0,0.0,0.0,0.0,0.0,0.0,0.0
2024-06-09T04:00,3600,0.0,0.0,0.0,0.0,0.0,0.0,0.0,0.0,0.0
2024-06-09T05:00,3600,0.0,0.0,0.0,0.0,0.0,0.0,0.0,0.0,0.0
2024-06-09T06:00,3600,0.0,0.02251538476,0.0,0.0,0.0,0.02251538476,39.83152006,22.51538476,16.459433
2024-06-09T07:00,3600,0.0,0.07926805526,0.0,0.0,0.0,0.07926805526,107.78691132,79.26805526,44.68149041
2024-06-09T08:00,3600,0.0,0.16631752887,0.0,0.0,0.0,0.16631752887,212.15694691,166.31752887,88.31053192
2024-06-09T09:00,3600,0.0,0.34442703614,0.0,0.0,0.0,0.34442703614,426.22698867,344.42703614,178.86793113
2024-06-09T10:00,3600,0.0,0.53454566689,0.0,0.0,0.0,0.53454566689,655.51024758,534.54566689,279.45816798
2024-06-09T11:00,3600,0.0,0.53680451371,0.0,0.0,0.0,0.53680451371,658.23929056,536.80451371,281.40700429
2024-06-09T12:00,3600,0.0,0.79023300406,0.0,0.0,0.0,0.79023300406,965.15332282,790.23300406,418.36656514
2024-06-09T13:00,3600,0.0,0.88798507546,0.0,0.0,0.0,0.88798507546,1083.92638462,887.98507546,472.23917423
2024-06-09T14:00,3600,0.0,0.59013298881,0.0,0.0,0.0,0.59013298881,722.70187752,590.13298881,308.97463892
2024-06-09T15:00,3600,0.0,0.32961039616,0.0,0.0,0.0,0.32961039616,408.392015,329.61039616,172.2495768
2024-06-09T16:00,3600,0.0,0.22988688908000002,0.0,0.0,0.0,0.22988688908000002,288.48042967,229.88688908,120.97478927
2024-06-09T17:00,3600,0.0,0.11894176452,0.0,0.0,0.0,0.11894176452,155.33398255,118.94176452,64.81439182
2024-06-09T18:00,3600,0.0,0.030203538170000002,0.0,0.0,0.0,0.030203538170000002,49.03315043,30.20353817,20.33224077
2024-06-09T19:00,3600,0.0,0.0,0.0,0.0,0.0,0.0,0.0,0.0,0.0
2024-06-09T20:00,3600,0.0,0.0,0.0,0.0,0.0,0.0,0.0,0.0,0.0
2024-06-09T21:00,3600,0.0,0.0,0.0,0.0,0.0,0.0,0.0,0.0,0.0
2024-06-09T22:00,3600,0.0,0.0,0.0,0.0,0.0,0.0,0.0,0.0,0.0
2024-06-09T23:00,3600,0.0,0.0,0.0,0.0,0.0,0.0,0.0,0.0,0.0
2024-06-10T00:00,3600,0.0,0.0,0.0,0.0,0.0,0.0,0.0,0.0,0.0
2024-06-10T01:00,3600,0.0,0.0,0.0,0.0,0.0,0.0,0.0,0.0,0.0
2024-06-10T02:00,3600,0.0,0.0,0.0,0.0,0.0,0.0,0.0,0.0,0.0
2024-06-10T03:00,3600,0.0,0.0,0.0,0.0,0.0,0.0,0.0,0.0,0.0
2024-06-10T04:00,3600,0.0,0.0,0.0,0.0,0.0,0.0,0.0,0.0,0.0
2024-06-10T05:00,3600,0.0,0.0,0.0,0.0,0.0,0.0,2.34581009,0.0,0.96820194
2024-06-10T06:00,3600,0.0,0.04594611614000001,0.0,0.0,0.0,0.04594611614000001,67.87882169,45.94611614,28.18110979
2024-06-10T07:00,3600,0.0,0.19768416953,0.0,0.0,0.0,0.19768416953,249.80562362,197.68416953,104.52463823
2024-06-10T08:00,3600,1.0870588235294116,0.37137859369,0.37137859369,0.7156802298394116,0.0,0.0,458.68144666,371.37859369,193.80057528
2024-06-10T09:00,3600,1.0870588235294116,0.71067365329,0.71067365329,0.37638517023941165,0.0,0.0,868.64625996,710.67365329,373.60874766
2024-06-10T10:00,3600,1.0870588235294116,0.90228323552,0.90228323552,0.18477558800941163,0.0,0.0,1101.31763324,902.28323552,482.97341686
2024-06-10T11:00,3600,1.086230588235294,1.1017518532700001,1.086230588235294,0.0,0.0,0.015521265034706078,1344.42826735,1101.75185327,597.53282104
2024-06-10T12:00,3600,1.0800188235294121,1.1671647910399998,1.0800188235294121,0.0,0.0,0.08714596751058767,1424.35374268,1167.16479104,637.61137811
2024-06-10T13:00,3600,1.0663529411764705,1.0582123565,1.0582123565,0.008140584676470608,0.0,0.0,1291.2842069,1058.2123565,576.00028773
2024-06-10T14:00,3600,1.07008,0.9304181908000001,0.9304181908000001,0.13966180919999982,0.0,0.0,1135.55267416,930.4181908,501.35453746
2024-06-10T15:00,3600,1.0750494117647058,0.43632473834999996,0.43632473834999996,0.6387246734147058,0.0,0.0,536.95471085,436.32473835,230.80976626
2024-06-10T16:00,3600,0.8676092505365731,0.27802942075,0.27802942075,0.5895798297865731,0.0,0.0,346.34141897,278.02942075,146.93513687
2024-06-10T17:00,3600,0.6011030647058823,0.16516764655,0.16516764655,0.43593541815588227,0.0,0.0,210.77718123,165.16764655,88.99721602
2024-06-10T18:00,3600,0.0,0.04743683244000001,0.0,0.0,0.0,0.04743683244000001,69.66366129,47.43683244,29.10170484
2024-06-10T19:00,3600,0.0,0.0,0.0,0.0,0.0,0.0,0.0,0.0,0.0
2024-06-10T20:00,3600,0.0,0.0,0.0,0.0,0.0,0.0,0.0,0.0,0.0
2024-06-10T21:00,3600,0.0,0.0,0.0,0.0,0.0,0.0,0.0,0.0,0.0
2024-06-10T22:00,3600,0.0,0.0,0.0,0.0,0.0,0.0,0.0,0.0,0.0
2024-06-10T23:00,3600,0.0,0.0,0.0,0.0,0.0,0.0,0.0,0.0,0.0
2024-06-11T00:00,3600,0.0,0.0,0.0,0.0,0.0,0.0,0.0,0.0,0.0
2024-06-11T01:00,3600,0.0,0.0,0.0,0.0,0.0,0.0,0.0,0.0,0.0
2024-06-11T02:00,3600,0.0,0.0,0.0,0.0,0.0,0.0,0.0,0.0,0.0
2024-06-11T03:00,3600,0.0,0.0,0.0,0.0,0.0,0.0,0.0,0.0,0.0
2024-06-11T04:00,3600,0.0,0.0,0.0,0.0,0.0,0.0,0.0,0.0,0.0
2024-06-11T05:00,3600,0.0,0.0,0.0,0.0,0.0,0.0,4.67465574,0.0,1.93640388
2024-06-11T06:00,3600,0.0,0.07441986901999999,0.0,0.0,0.0,0.07441986901999999,101.97895778,74.41986902,42.51624164
2024-06-11T07:00,3600,0.0,0.26650372201,0.0,0.0,0.0,0.26650372201,332.48437014,266.50372201,140.11522655
2024-06-11T08:00,3600,1.0802304226425063,0.39691512611,0.39691512611,0.6833152965325063,0.0,0.0,489.44690492,396.91512611,207.88934553
2024-06-11T09:00,3600,0.7062905205882353,0.71893483247,0.7062905205882353,0.0,0.0,0.012644311881764736,878.66053056,718.93483247,379.87764628
2024-06-11T10:00,3600,0.7462897147058823,0.62765094596,0.62765094596,0.1186387687458823,0.0,0.0,768.09141997,627.65094596,333.22062738
2024-06-11T11:00,3600,0.7036720676470589,0.46685612214000005,0.46685612214000005,0.23681594550705887,0.0,0.0,573.78380785,466.85612214,246.72681159
2024-06-11T12:00,3600,0.737007488235294,0.6623664492299999,0.6623664492299999,0.07464103900529417,0.0,0.0,810.11888534,662.36644923,350.73076527
2024-06-11T13:00,3600,0.7031042823529413,0.44240784073,0.44240784073,0.2606964416229413,0.0,0.0,544.29091066,442.40784073,233.84889124
2024-06-11T14:00,3600,0.7432663529411764,0.5562479755599999,0.5562479755599999,0.18701837738117644,0.0,0.0,681.73480604,556.24797556,295.23026894
2024-06-11T15:00,3600,0.6747772294117648,0.30924130953000006,0.30924130953000006,0.3655359198817647,0.0,0.0,383.88146256,309.24130953,164.2654067
2024-06-11T16:00,3600,0.5827721647058823,0.15773650961,0.15773650961,0.42503565509588237,0.0,0.0,201.86112137,157.73650961,85.03012653
2024-06-11T17:00,3600,0.5714670205882353,0.09747627190999998,0.09747627190999998,0.4739907486782353,0.0,0.0,129.60430916,97.47627191,54.46079446
2024-06-11T18:00,3600,0.0,0.02032825795,0.0,0.0,0.0,0.02032825795,37.21407534,20.32825795,15.50713009
2024-06-11T19:00,3600,0.0,0.0,0.0,0.0,0.0,0.0,0.0,0.0,0.0
2024-06-11T20:00,3600,0.0,0.0,0.0,0.0,0.0,0.0,0.0,0.0,0.0
2024-06-11T21:00,3600,0.0,0.0,0.0,0.0,0.0,0.0,0.0,0.0,0.0
2024-06-11T22:00,3600,0.0,0.0,0.0,0.0,0.0,0.0,0.0,0.0,0.0
2024-06-11T23:00,3600,0.0,0.0,0.0,0.0,0.0,0.0,0.0,0.0,0.0
2024-06-12T00:00,3600,0.0,0.0,0.0,0.0,0.0,0.0,0.0,0.0,0.0
2024-06-12T01:00,3600,0.0,0.0,0.0,0.0,0.0,0.0,0.0,0.0,0.0
2024-06-12T02:00,3600,0.0,0.0,0.0,0.0,0.0,0.0,0.0,0.0,0.0
2024-06-12T03:00,3600,0.0,0.0,0.0,0.0,0.0,0.0,0.0,0.0,0.0
2024-06-12T04:00,3600,0.0,0.0,0.0,0.0,0.0,0.0,0.0,0.0,0.0
2024-06-12T05:00,3600,0.0,0.0,0.0,0.0,0.0,0.0,4.66967951,0.0,1.93640388
2024-06-12T06:00,3600,0.0,0.07866196119999999,0.0,0.0,0.0,0.07866196119999999,107.06080413,78.6619612,44.72401079
2024-06-12T07:00,3600,0.0,0.22336761663,0.0,0.0,0.0,0.22336761663,280.64906644,223.36761663,118.24575546
2024-06-12T08:00,3600,1.0870588235294116,0.43463732122,0.43463732122,0.6524215023094116,0.0,0.0,534.91983851,434.63732122,228.1205486
2024-06-12T09:00,3600,0.7167682007654211,0.68690935269,0.68690935269,0.029858848075421163,0.0,0.0,839.84761972,686.90935269,363.83744227
2024-06-12T10:00,3600,0.8532622176470588,1.0006583794800001,0.8532622176470588,0.0,0.0,0.14739616183294135,1221.10155024,1000.65837948,542.85800362
2024-06-12T11:00,3600,0.8882590000000001,1.0850572722700003,0.8882590000000001,0.0,0.0,0.19679827227000013,1324.04575763,1085.05727227,591.51522948
2024-06-12T12:00,3600,0.9266029794117645,1.2000454713,0.9266029794117645,0.0,0.0,0.27344249188823544,1464.56700084,1200.0454713,657.76490972
2024-06-12T13:00,3600,0.8993519823529411,1.01131610119,0.8993519823529411,0.0,0.0,0.11196411883705892,1234.09204398,1011.31610119,549.18084123
2024-06-12T14:00,3600,0.8242033147058825,0.70121719938,0.70121719938,0.12298611532588244,0.0,0.0,857.18497078,701.21719938,376.07218287
2024-06-12T15:00,3600,0.8338964058823528,0.710786778,0.710786778,0.1231096278823528,0.0,0.0,868.78338021,710.786778,381.9000616
2024-06-12T16:00,3600,0.7273667676470589,0.53976251565,0.53976251565,0.18760425199705888,0.0,0.0,661.81319674,539.76251565,285.54463955
2024-06-12T17:00,3600,0.6232085264705882,0.17135464568,0.17135464568,0.4518538807905882,0.0,0.0,218.2014227,171.35464568,92.38263979
2024-06-12T18:00,3600,0.0,0.01445432081,0.0,0.0,0.0,0.01445432081,30.18495688,14.45432081,12.58662524
2024-06-12T19:00,3600,0.0,0.0,0.0,0.0,0.0,0.0,0.0,0.0,0.0
2024-06-12T20:00,3600,0.0,0.0,0.0,0.0,0.0,0.0,0.0,0.0,0.0
2024-06-12T21:00,3600,0.0,0.0,0.0,0.0,0.0,0.0,0.0,0.0,0.0
2024-06-12T22:00,3600,0.0,0.0,0.0,0.0,0.0,0.0,0.0,0.0,0.0
2024-06-12T23:00,3600,0.0,0.0,0.0,0.0,0.0,0.0,0.0,0.0,0.0
2024-06-13T00:00,3600,0.0,0.0,0.0,0.0,0.0,0.0,0.0,0.0,0.0
2024-06-13T01:00,3600,0.0,0.0,0.0,0.0,0.0,0.0,0.0,0.0,0.0
2024-06-13T02:00,3600,0.0,0.0,0.0,0.0,0.0,0.0,0.0,0.0,0.0
2024-06-13T03:00,3600,0.0,0.0,0.0,0.0,0.0,0.0,0.0,0.0,0.0
2024-06-13T04:00,3600,0.0,0.0,0.0,0.0,0.0,0.0,0.0,0.0,0.0
2024-06-13T05:00,3600,0.0,0.0,0.0,0.0,0.0,0.0,2.33095703,0.0,0.96820194
2024-06-13T06:00,3600,0.0,0.06702860398999999,0.0,0.0,0.0,0.06702860398999999,93.12547894,67.02860399,38.90472377
2024-06-13T07:00,3600,0.0,0.18377901149,0.0,0.0,0.0,0.18377901149,233.11289507,183.77901149,98.03156016
2024-06-13T08:00,3600,1.0870588235294116,0.25722599697,0.25722599697,0.8298328265594117,0.0,0.0,321.33214104,257.22599697,135.87970391
2024-06-13T09:00,3600,0.6792743642038527,0.38208062308,0.38208062308,0.29719374112385266,0.0,0.0,471.57308004,382.08062308,200.63656346
2024-06-13T10:00,3600,0.6382501294117647,0.30014992598999995,0.30014992598999995,0.3381002034217648,0.0,0.0,372.94458472,300.14992599,158.78511839
2024-06-13T11:00,3600,0.661411894117647,0.3923287455,0.3923287455,0.269083148617647,0.0,0.0,483.9203332,392.3287455,206.96547646
2024-06-13T12:00,3600,0.6875295529411765,0.45295177854999996,0.45295177854999996,0.2345777743911765,0.0,0.0,557.00882438,452.95177855,239.33227797
2024-06-13T13:00,3600,0.7393862205882352,0.50017132689,0.50017132689,0.23921489369823523,0.0,0.0,613.99478442,500.17132689,266.23043475
2024-06-13T14:00,3600,0.7391422705882355,0.43635385265000004,0.43635385265000004,0.3027884179382354,0.0,0.0,536.98982062,436.35385265,232.38129078
2024-06-13T15:00,3600,0.7411694617647058,0.48786457082,0.48786457082,0.25330489094470576,0.0,0.0,599.13780504,487.86457082,259.57417614
2024-06-13T16:00,3600,0.6568156029411766,0.264823806,0.264823806,0.3919917969411766,0.0,0.0,330.46489658,264.823806,141.00604089
2024-06-13T17:00,3600,0.6032197088235294,0.08624190662999999,0.08624190662999999,0.5169778021935294,0.0,0.0,116.14223998,86.24190663,49.03509188
2024-06-13T18:00,3600,0.0,0.010515443630000001,0.0,0.0,0.0,0.010515443630000001,25.47187398,10.51544363,10.65022136
2024-06-13T19:00,3600,0.0,0.0,0.0,0.0,0.0,0.0,0.0,0.0,0.0
2024-06-13T20:00,3600,0.0,0.0,0.0,0.0,0.0,0.0,0.0,0.0,0.0
2024-06-13T21:00,3600,0.0,0.0,0.0,0.0,0.0,0.0,0.0,0.0,0.0
2024-06-13T22:00,3600,0.0,0.0,0.0,0.0,0.0,0.0,0.0,0.0,0.0
2024-06-13T23:00,3600,0.0,0.0,0.0,0.0,0.0,0.0,0.0,0.0,0.0
2024-06-14T00:00,3600,0.0,0.0,0.0,0.0,0.0,0.0,0.0,0.0,0.0
2024-06-14T01:00,3600,0.0,0.0,0.0,0.0,0.0,0.0,0.0,0.0,0.0
2024-06-14T02:00,3600,0.0,0.0,0.0,0.0,0.0,0.0,0.0,0.0,0.0
2024-06-14T03:00,3600,0.0,0.0,0.0,0.0,0.0,0.0,0.0,0.0,0.0
2024-06-14T04:00,3600,0.0,0.0,0.0,0.0,0.0,0.0,0.0,0.0,0.0
2024-06-14T05:00,3600,0.0,0.0,0.0,0.0,0.0,0.0,2.32602775,0.0,0.96820194
2024-06-14T06:00,3600,0.0,0.01442499833,0.0,0.0,0.0,0.01442499833,30.14986966,14.42499833,12.58662524
2024-06-14T07:00,3600,0.0,0.10118017578,0.0,0.0,0.0,0.10118017578,134.04328132,101.18017578,56.1557126
2024-06-14T08:00,3600,1.0870588235294116,0.23149432894000002,0.23149432894000002,0.8555644945894116,0.0,0.0,290.41153278,231.49432894,122.47946353
2024-06-14T09:00,3600,0.7583029809025077,0.34838002667,0.34838002667,0.4099229542325077,0.0,0.0,430.98607822,348.38002667,182.9482379
2024-06-14T10:00,3600,0.7212685029411765,0.65553355757,0.65553355757,0.06573494537117652,0.0,0.0,801.84465709,655.53355757,346.25347226
2024-06-14T11:00,3600,0.7770332205882353,0.82779342454,0.7770332205882353,0.0,0.0,0.050760203951764726,1010.76501741,827.79342454,439.76882459
2024-06-14T12:00,3600,0.802886155882353,0.94655167868,0.802886155882353,0.0,0.0,0.143665522797647,1155.19236088,946.55167868,504.17689058
2024-06-14T13:00,3600,0.7850074764705882,0.88602298708,0.7850074764705882,0.0,0.0,0.10101551060941183,1081.5402083,886.02298708,471.8385436
2024-06-14T14:00,3600,0.6847611558823531,0.49297219830000005,0.49297219830000005,0.19178895758235304,0.0,0.0,605.30342957,492.9721983,259.79696952
2024-06-14T15:00,3600,0.6487170441176471,0.33163976784,0.33163976784,0.3170772762776471,0.0,0.0,410.8345062,331.63976784,175.06200879
2024-06-14T16:00,3600,0.6213971764705882,0.26745376394,0.26745376394,0.35394341253058825,0.0,0.0,333.62646954,267.45376394,141.44296451
2024-06-14T17:00,3600,0.5392610911764706,0.13720436441,0.13720436441,0.4020567267664706,0.0,0.0,177.23247507,137.20436441,74.16838354
2024-06-14T18:00,3600,0.0,0.04944055091,0.0,0.0,0.0,0.04944055091,72.06279675,49.44055091,30.0222097
2024-06-14T19:00,3600,0.0,0.0,0.0,0.0,0.0,0.0,0.0,0.0,0.0
2024-06-14T20:00,3600,0.0,0.0,0.0,0.0,0.0,0.0,0.0,0.0,0.0
2024-06-14T21:00,3600,0.0,0.0,0.0,0.0,0.0,0.0,0.0,0.0,0.0
2024-06-14T22:00,3600,0.0,0.0,0.0,0.0,0.0,0.0,0.0,0.0,0.0
2024-06-14T23:00,3600,0.0,0.0,0.0,0.0,0.0,0.0,0.0,0.0,0.0
2024-06-15T00:00,3600,0.0,0.0,0.0,0.0,0.0,0.0,0.0,0.0,0.0
2024-06-15T01:00,3600,0.0,0.0,0.0,0.0,0.0,0.0,0.0,0.0,0.0
2024-06-15T02:00,3600,0.0,0.0,0.0,0.0,0.0,0.0,0.0,0.0,0.0
2024-06-15T03:00,3600,0.0,0.0,0.0,0.0,0.0,0.0,0.0,0.0,0.0
2024-06-15T04:00,3600,0.0,0.0,0.0,0.0,0.0,0.0,0.0,0.0,0.0
2024-06-15T05:00,3600,0.0,0.0,0.0,0.0,0.0,0.0,0.0,0.0,0.0
2024-06-15T06:00,3600,0.0,0.02438487271,0.0,0.0,0.0,0.02438487271,42.06891329,24.38487271,17.42763494
2024-06-15T07:00,3600,0.0,0.11373590509999999,0.0,0.0,0.0,0.11373590509999999,149.09303437,113.7359051,61.99443461
2024-06-15T08:00,3600,0.0,0.23352595969999998,0.0,0.0,0.0,0.23352595969999998,292.85232078,233.5259597,122.35445336
2024-06-15T09:00,3600,0.0,0.38761765073,0.0,0.0,0.0,0.38761765073,478.24397024,387.61765073,201.84205062
2024-06-15T10:00,3600,0.0,0.43766049858,0.0,0.0,0.0,0.43766049858,538.56556197,437.66049858,229.03266564
2024-06-15T11:00,3600,0.0,0.54585813523,0.0,0.0,0.0,0.54585813523,669.17864476,545.85813523,286.65106201
2024-06-15T12:00,3600,0.0,0.8057586251400001,0.0,0.0,0.0,0.8057586251400001,984.00303458,805.75862514,427.40432149
2024-06-15T13:00,3600,0.0,0.57484341795,0.0,0.0,0.0,0.57484341795,704.2135401,574.84341795,303.0500657
2024-06-15T14:00,3600,0.0,0.22471731218000002,0.0,0.0,0.0,0.22471731218000002,282.27032912,224.71731218,118.99981143
2024-06-15T15:00,3600,0.0,0.0492818944,0.0,0.0,0.0,0.0492818944,71.87282751,49.2818944,30.01426018
2024-06-15T16:00,3600,0.0,0.0766834756,0.0,0.0,0.0,0.0766834756,104.69061325,76.6834756,43.56908736
2024-06-15T17:00,3600,0.0,0.06627617969,0.0,0.0,0.0,0.06627617969,92.22426973,66.27617969,38.3889435
2024-06-15T18:00,3600,0.0,0.03428541825,0.0,0.0,0.0,0.03428541825,53.91910811,34.28541825,22.26864465
2024-06-15T19:00,3600,0.0,0.0,0.0,0.0,0.0,0.0,0.0,0.0,0.0
2024-06-15T20:00,3600,0.0,0.0,0.0,0.0,0.0,0.0,0.0,0.0,0.0
2024-06-15T21:00,3600,0.0,0.0,0.0,0.0,0.0,0.0,0.0,0.0,0.0
2024-06-15T22:00,3600,0.0,0.0,0.0,0.0,0.0,0.0,0.0,0.0,0.0
2024-06-15T23:00,3600,0.0,0.0,0.0,0.0,0.0,0.0,0.0,0.0,0.0
2024-06-16T00:00,3600,0.0,0.0,0.0,0.0,0.0,0.0,0.0,0.0,0.0
2024-06-16T01:00,3600,0.0,0.0,0.0,0.0,0.0,0.0,0.0,0.0,0.0
2024-06-16T02:00,3600,0.0,0.0,0.0,0.0,0.0,0.0,0.0,0.0,0.0
2024-06-16T03:00,3600,0.0,0.0,0.0,0.0,0.0,0.0,0.0,0.0,0.0
2024-06-16T04:00,3600,0.0,0.0,0.0,0.0,0.0,0.0,0.0,0.0,0.0
2024-06-16T05:00,3600,0.0,0.0,0.0,0.0,0.0,0.0,0.0,0.0,0.0
2024-06-16T06:00,3600,0.0,0.00295674876,0.0,0.0,0.0,0.00295674876,16.42843004,2.95674876,6.77741359
2024-06-16T07:00,3600,0.0,0.00689397005,0.0,0.0,0.0,0.00689397005,21.13888113,6.89397005,8.71381747
2024-06-16T08:00,3600,0.0,0.03629510837,0.0,0.0,0.0,0.03629510837,56.32481516,36.29510837,23.23684659
2024-06-16T09:00,3600,0.0,0.06753910006,0.0,0.0,0.0,0.06753910006,93.73692792,67.53910006,38.72807766
2024-06-16T10:00,3600,0.0,0.17483497065,0.0,0.0,0.0,0.17483497065,222.378095,174.83497065,92.94738637
2024-06-16T11:00,3600,0.0,0.23172351703,0.0,0.0,0.0,0.23172351703,290.68687329,231.72351703,121.92392863
2024-06-16T12:00,3600,0.0,0.36151372166999995,0.0,0.0,0.0,0.36151372166999995,446.80051242,361.51372167,188.55599959
2024-06-16T13:00,3600,0.0,0.51209177357,0.0,0.0,0.0,0.51209177357,628.38864541,512.09177357,267.30067617
2024-06-16T14:00,3600,0.0,0.24216026285,0.0,0.0,0.0,0.24216026285,303.22653548,242.16026285,127.70433751
2024-06-16T15:00,3600,0.0,0.18282365092,0.0,0.0,0.0,0.18282365092,231.96616979,182.82365092,97.78839608
2024-06-16T16:00,3600,0.0,0.1677958548,0.0,0.0,0.0,0.1677958548,213.93086114,167.7958548,89.86185073
2024-06-16T17:00,3600,0.0,0.10435993055000001,0.0,0.0,0.0,0.10435993055000001,137.85432332,104.35993055,57.73526998
2024-06-16T18:00,3600,0.0,0.047535539099999996,0.0,0.0,0.0,0.047535539099999996,69.78184482,47.5355391,29.05400776
2024-06-16T19:00,3600,0.0,0.0,0.0,0.0,0.0,0.0,2.33260307,0.0,0.96820194
2024-06-16T20:00,3600,0.0,0.0,0.0,0.0,0.0,0.0,0.0,0.0,0.0
2024-06-16T21:00,3600,0.0,0.0,0.0,0.0,0.0,0.0,0.0,0.0,0.0
2024-06-16T22:00,3600,0.0,0.0,0.0,0.0,0.0,0.0,0.0,0.0,0.0
2024-06-16T23:00,3600,0.0,0.0,0.0,0.0,0.0,0.0,0.0,0.0,0.0
2024-06-17T00:00,3600,0.0,0.0,0.0,0.0,0.0,0.0,0.0,0.0,0.0
2024-06-17T01:00,3600,0.0,0.0,0.0,0.0,0.0,0.0,0.0,0.0,0.0
2024-06-17T02:00,3600,0.0,0.0,0.0,0.0,0.0,0.0,0.0,0.0,0.0
2024-06-17T03:00,3600,0.0,0.0,0.0,0.0,0.0,0.0,0.0,0.0,0.0
2024-06-17T04:00,3600,0.0,0.0,0.0,0.0,0.0,0.0,0.0,0.0,0.0
2024-06-17T05:00,3600,0.0,0.0,0.0,0.0,0.0,0.0,2.33756958,0.0,0.96820194
2024-06-17T06:00,3600,0.0,0.05677652353,0.0,0.0,0.0,0.05677652353,80.8472123,56.77652353,33.67425187
2024-06-17T07:00,3600,0.0,0.21883334653,0.0,0.0,0.0,0.21883334653,275.20276802,218.83334653,115.71309095
2024-06-17T08:00,3600,1.0870588235294116,0.46557705755,0.46557705755,0.6214817659794116,0.0,0.0,572.24049134,465.57705755,244.11481743
2024-06-17T09:00,3600,1.0870588235294116,0.8397251302800001,0.8397251302800001,0.24733369324941157,0.0,0.0,1025.26109738,839.72513028,446.92419392
2024-06-17T10:00,3600,1.0738070588235296,1.04658902919,1.04658902919,0.027218029633529595,0.0,0.0,1277.10427384,1046.58902919,568.11648291
2024-06-17T11:00,3600,1.0713223529411764,1.08094597253,1.0713223529411764,0.0,0.0,0.009623619588823518,1319.02724106,1080.94597253,587.70207796
2024-06-17T12:00,3600,1.0663529411764705,1.0635186585799998,1.0635186585799998,0.002834282596470672,0.0,0.0,1297.75869595,1063.51865858,577.73621042
2024-06-17T13:00,3600,1.0675952941176472,0.70206354032,0.70206354032,0.36553175379764724,0.0,0.0,858.21065925,702.06354032,374.22366852
2024-06-17T14:00,3600,1.065110588235294,0.7827707286300001,0.7827707286300001,0.28233985960529395,0.0,0.0,956.09530563,782.77072863,418.8330914
2024-06-17T15:00,3600,1.0825035294117646,0.63486070095,0.63486070095,0.4476428284617646,0.0,0.0,776.81748721,634.86070095,336.43405589
2024-06-17T16:00,3600,0.7355429391810776,0.43775174505000003,0.43775174505000003,0.2977911941310776,0.0,0.0,538.6756015,437.75174505,231.15322232
2024-06-17T17:00,3600,0.6442734000000001,0.1981158089,0.1981158089,0.4461575911000001,0.0,0.0,250.32386215,198.1158089,106.38932164
2024-06-17T18:00,3600,0.0,0.04341415226,0.0,0.0,0.0,0.04341415226,64.84740444,43.41415226,27.12555339
2024-06-17T19:00,3600,0.0,0.0,0.0,0.0,0.0,0.0,2.31943197,0.0,0.96820194
2024-06-17T20:00,3600,0.0,0.0,0.0,0.0,0.0,0.0,0.0,0.0,0.0
2024-06-17T21:00,3600,0.0,0.0,0.0,0.0,0.0,0.0,0.0,0.0,0.0
2024-06-17T22:00,3600,0.0,0.0,0.0,0.0,0.0,0.0,0.0,0.0,0.0
2024-06-17T23:00,3600,0.0,0.0,0.0,0.0,0.0,0.0,0.0,0.0,0.0
2024-06-18T00:00,3600,0.0,0.0,0.0,0.0,0.0,0.0,0.0,0.0,0.0
2024-06-18T01:00,3600,0.0,0.0,0.0,0.0,0.0,0.0,0.0,0.0,0.0
2024-06-18T02:00,3600,0.0,0.0,0.0,0.0,0.0,0.0,0.0,0.0,0.0
2024-06-18T03:00,3600,0.0,0.0,0.0,0.0,0.0,0.0,0.0,0.0,0.0
2024-06-18T04:00,3600,0.0,0.0,0.0,0.0,0.0,0.0,0.0,0.0,0.0
2024-06-18T05:00,3600,0.0,0.0,0.0,0.0,0.0,0.0,2.3309668,0.0,0.96820194
2024-06-18T06:00,3600,0.0,0.07312320139999999,0.0,0.0,0.0,0.07312320139999999,100.42568378,73.1232014,41.9509729
2024-06-18T07:00,3600,0.0,0.27042969207,0.0,0.0,0.0,0.27042969207,337.2041314,270.42969207,142.29069281
2024-06-18T08:00,3600,1.0870588235294116,0.44292643545,0.44292643545,0.6441323880794116,0.0,0.0,544.91637236,442.92643545,232.38868518
2024-06-18T09:00,3600,0.9300912253571118,0.715308765,0.715308765,0.2147824603571118,0.0,0.0,874.26479021,715.308765,378.18476922
2024-06-18T10:00,3600,0.8185195705882352,0.87924356442,0.8185195705882352,0.0,0.0,0.060723993831764744,1073.29615371,879.24356442,472.30717281
2024-06-18T11:00,3600,0.8682353323529409,0.9837379151100001,0.8682353323529409,0.0,0.0,0.11550258275705916,1200.48290741,983.73791511,532.83403744
2024-06-18T12:00,3600,0.8951029794117646,1.08375845308,0.8951029794117646,0.0,0.0,0.18865547366823532,1322.4602931,1083.75845308,587.79518491
2024-06-18T13:00,3600,0.8047270617647058,0.86621130774,0.8047270617647058,0.0,0.0,0.06148424597529423,1057.45135881,866.21130774,462.96922882
2024-06-18T14:00,3600,0.7593997029411765,0.71446525695,0.71446525695,0.044934445991176575,0.0,0.0,873.2422811,714.46525695,379.41255472
2024-06-18T15:00,3600,0.6868898352941177,0.48494388495999996,0.48494388495999996,0.20194595033411777,0.0,0.0,595.61238966,484.94388496,254.91133783
2024-06-18T16:00,3600,0.6491148529411764,0.27561073611,0.27561073611,0.37350411683117646,0.0,0.0,343.4332529,275.61073611,146.11032143
2024-06-18T17:00,3600,0.6444128,0.23409494236000003,0.23409494236000003,0.41031785763999995,0.0,0.0,293.53590922,234.09494236,124.7880869
2024-06-18T18:00,3600,0.0,0.05875128332,0.0,0.0,0.0,0.05875128332,83.21207776,58.75128332,34.88706795
2024-06-18T19:00,3600,0.0,0.0,0.0,0.0,0.0,0.0,2.31944285,0.0,0.96820194
2024-06-18T20:00,3600,0.0,0.0,0.0,0.0,0.0,0.0,0.0,0.0,0.0
2024-06-18T21:00,3600,0.0,0.0,0.0,0.0,0.0,0.0,0.0,0.0,0.0
2024-06-18T22:00,3600,0.0,0.0,0.0,0.0,0.0,0.0,0.0,0.0,0.0
2024-06-18T23:00,3600,0.0,0.0,0.0,0.0,0.0,0.0,0.0,0.0,0.0
2024-06-19T00:00,3600,0.0,0.0,0.0,0.0,0.0,0.0,0.0,0.0,0.0
2024-06-19T01:00,3600,0.0,0.0,0.0,0.0,0.0,0.0,0.0,0.0,0.0
2024-06-19T02:00,3600,0.0,0.0,0.0,0.0,0.0,0.0,0.0,0.0,0.0
2024-06-19T03:00,3600,0.0,0.0,0.0,0.0,0.0,0.0,0.0,0.0,0.0
2024-06-19T04:00,3600,0.0,0.0,0.0,0.0,0.0,0.0,0.0,0.0,0.0
2024-06-19T05:00,3600,0.0,0.0,0.0,0.0,0.0,0.0,2.33096799,0.0,0.96820194
2024-06-19T06:00,3600,0.0,0.08164422290000001,0.0,0.0,0.0,0.08164422290000001,110.63366337,81.6442229,46.26679178
2024-06-19T07:00,3600,0.0,0.33156431249,0.0,0.0,0.0,0.33156431249,410.74368876,331.56431249,174.21869498
2024-06-19T08:00,3600,1.0870588235294116,0.50862543233,0.50862543233,0.5784333911994116,0.0,0.0,624.202732,508.62543233,267.59115582
2024-06-19T09:00,3600,1.0301226147605747,0.87532794602,0.87532794602,0.15479466874057468,0.0,0.0,1068.5350823,875.32794602,467.03515313
2024-06-19T10:00,3600,0.894744294117647,1.0934240496499998,0.894744294117647,0.0,0.0,0.19867975553235284,1334.25999517,1093.42404965,595.02409478
2024-06-19T11:00,3600,0.9460588617647059,1.25832976239,0.9460588617647059,0.0,0.0,0.31227090062529417,1535.91111649,1258.32976239,691.40437648
2024-06-19T12:00,3600,0.8935390235294117,1.0392584759999999,0.8935390235294117,0.0,0.0,0.14571945247058815,1268.16293981,1039.258476,564.27781184
2024-06-19T13:00,3600,0.9575802294117647,1.17894151759,0.9575802294117647,0.0,0.0,0.2213612881782353,1438.75384575,1178.94151759,647.53582231
2024-06-19T14:00,3600,0.8753334470588235,0.93205858842,0.8753334470588235,0.0,0.0,0.05672514136117646,1137.54929646,932.05858842,503.5486424
2024-06-19T15:00,3600,0.7828606382352942,0.6366271318300001,0.6366271318300001,0.1462335064052941,0.0,0.0,778.95560256,636.62713183,338.50410737
2024-06-19T16:00,3600,0.7183561970588236,0.47870166515999996,0.47870166515999996,0.23965453189882363,0.0,0.0,588.07835662,478.70166516,253.3200335
2024-06-19T17:00,3600,0.650828394117647,0.23517771991999997,0.23517771991999997,0.41565067419764706,0.0,0.0,294.8368021,235.17771992,125.37246548
2024-06-19T18:00,3600,0.0,0.062400393459999995,0.0,0.0,0.0,0.062400393459999995,87.58227944,62.40039346,36.83937086
2024-06-19T19:00,3600,0.0,0.0,0.0,0.0,0.0,0.0,2.31282619,0.0,0.96820194
2024-06-19T20:00,3600,0.0,0.0,0.0,0.0,0.0,0.0,0.0,0.0,0.0
2024-06-19T21:00,3600,0.0,0.0,0.0,0.0,0.0,0.0,0.0,0.0,0.0
2024-06-19T22:00,3600,0.0,0.0,0.0,0.0,0.0,0.0,0.0,0.0,0.0
2024-06-19T23:00,3600,0.0,0.0,0.0,0.0,0.0,0.0,0.0,0.0,0.0
2024-06-20T00:00,3600,0.0,0.0,0.0,0.0,0.0,0.0,0.0,0.0,0.0
2024-06-20T01:00,3600,0.0,0.0,0.0,0.0,0.0,0.0,0.0,0.0,0.0
2024-06-20T02:00,3600,0.0,0.0,0.0,0.0,0.0,0.0,0.0,0.0,0.0
2024-06-20T03:00,3600,0.0,0.0,0.0,0.0,0.0,0.0,0.0,0.0,0.0
2024-06-20T04:00,3600,0.0,0.0,0.0,0.0,0.0,0.0,0.0,0.0,0.0
2024-06-20T05:00,3600,0.0,0.0,0.0,0.0,0.0,0.0,4.65984813,0.0,1.93640388
2024-06-20T06:00,3600,0.0,0.062026379230000005,0.0,0.0,0.0,0.062026379230000005,87.13434376,62.02637923,36.51763206
2024-06-20T07:00,3600,0.0,0.29422040854000003,0.0,0.0,0.0,0.29422040854000003,365.81240114,294.22040854,155.07297288
2024-06-20T08:00,3600,1.0870588235294116,0.55749918363,0.55749918363,0.5295596398994117,0.0,0.0,683.24705974,557.49918363,293.82803853
2024-06-20T09:00,3600,1.0870588235294116,0.84617403916,0.84617403916,0.24088478436941163,0.0,0.0,1033.09736863,846.17403916,451.61751586
2024-06-20T10:00,3600,0.9470279700161307,1.00156031022,0.9470279700161307,0.0,0.0,0.05453234020386921,1222.20079477,1001.56031022,543.32605134
2024-06-20T11:00,3600,0.9695096117647058,1.29508865039,0.9695096117647058,0.0,0.0,0.32557903862529425,1580.94753843,1295.08865039,714.27243603
2024-06-20T12:00,3600,0.9054437411764705,1.04505344396,0.9054437411764705,0.0,0.0,0.13960970278352958,1275.23116341,1045.05344396,569.21108922
2024-06-20T13:00,3600,0.921980811764706,1.06448681903,0.921980811764706,0.0,0.0,0.14250600726529405,1298.94006816,1064.48681903,580.92790869
2024-06-20T14:00,3600,0.9112915500000001,1.01101884921,0.9112915500000001,0.0,0.0,0.09972729921000001,1233.72969363,1011.01884921,550.04794884
2024-06-20T15:00,3600,0.8756921323529412,0.86943011779,0.86943011779,0.006262014562941176,0.0,0.0,1061.3644697,869.43011779,469.4056992
2024-06-20T16:00,3600,0.8145799235294118,0.6315811777599999,0.6315811777599999,0.18299874576941189,0.0,0.0,772.84808867,631.58117776,337.2776409
2024-06-20T17:00,3600,0.7510121382352941,0.35595190371,0.35595190371,0.3950602345252941,0.0,0.0,440.10299397,355.95190371,189.75344573
2024-06-20T18:00,3600,0.0,0.07200398068,0.0,0.0,0.0,0.07200398068,99.08500251,72.00398068,41.89501746
2024-06-20T19:00,3600,0.0,0.0,0.0,0.0,0.0,0.0,2.30211701,0.0,0.96820194
2024-06-20T20:00,3600,0.0,0.0,0.0,0.0,0.0,0.0,0.0,0.0,0.0
2024-06-20T21:00,3600,0.0,0.0,0.0,0.0,0.0,0.0,0.0,0.0,0.0
2024-06-20T22:00,3600,0.0,0.0,0.0,0.0,0.0,0.0,0.0,0.0,0.0
2024-06-20T23:00,3600,0.0,0.0,0.0,0.0,0.0,0.0,0.0,0.0,0.0
2024-06-21T00:00,3600,0.0,0.0,0.0,0.0,0.0,0.0,0.0,0.0,0.0
2024-06-21T01:00,3600,0.0,0.0,0.0,0.0,0.0,0.0,0.0,0.0,0.0
2024-06-21T02:00,3600,0.0,0.0,0.0,0.0,0.0,0.0,0.0,0.0,0.0
2024-06-21T03:00,3600,0.0,0.0,0.0,0.0,0.0,0.0,0.0,0.0,0.0
2024-06-21T04:00,3600,0.0,0.0,0.0,0.0,0.0,0.0,0.0,0.0,0.0
2024-06-21T05:00,3600,0.0,0.0,0.0,0.0,0.0,0.0,4.65488951,0.0,1.93640388
2024-06-21T06:00,3600,0.0,0.09008390376,0.0,0.0,0.0,0.09008390376,120.74576919,90.08390376,50.63214008
2024-06-21T07:00,3600,0.0,0.37833763577000007,0.0,0.0,0.0,0.37833763577000007,467.06399798,378.33763577,199.10832239
2024-06-21T08:00,3600,1.0870588235294116,0.6096819094,0.6096819094,0.47737691412941163,0.0,0.0,746.34835908,609.6819094,322.70425179
2024-06-21T09:00,3600,1.0870588235294116,0.89406138579,0.89406138579,0.19299743773941158,0.0,0.0,1091.31659588,894.06138579,478.79406694
2024-06-21T10:00,3600,1.0601411764705884,0.9712049312100001,0.9712049312100001,0.0889362452605883,0.0,0.0,1185.21494305,971.20493121,525.89033624
2024-06-21T11:00,3600,1.058898823529412,1.36667242506,1.058898823529412,0.0,0.0,0.3077736015305881,1668.74202391,1366.67242506,755.13745816
2024-06-21T12:00,3600,1.052687058823529,1.36372475037,1.052687058823529,0.0,0.0,0.311037691546471,1665.12444242,1363.72475037,753.12646161
2024-06-21T13:00,3600,1.0267622277996298,1.3322121364300001,1.0267622277996298,0.0,0.0,0.30544990863037036,1626.46287434,1332.21213643,737.37980237
2024-06-21T14:00,3600,1.0105386382352943,1.25575772069,1.0105386382352943,0.0,0.0,0.24521908245470558,1532.76107712,1255.75772069,693.06679307
2024-06-21T15:00,3600,0.9534482747453336,0.99919411013,0.9534482747453336,0.0,0.0,0.04574583538466648,1219.31698528,999.19411013,545.07451842
2024-06-21T16:00,3600,0.8465881941176471,0.63521078222,0.63521078222,0.21137741189764703,0.0,0.0,777.2412254,635.21078222,340.68181756
2024-06-21T17:00,3600,0.7710111411764705,0.33476637161000006,0.33476637161000006,0.43624476956647046,0.0,0.0,414.59777253,334.76637161,179.24678747
2024-06-21T18:00,3600,0.0,0.07580871081,0.0,0.0,0.0,0.07580871081,103.64268783,75.80871081,43.83937086
2024-06-21T19:00,3600,0.0,0.0,0.0,0.0,0.0,0.0,2.30047849,0.0,0.96820194
2024-06-21T20:00,3600,0.0,0.0,0.0,0.0,0.0,0.0,0.0,0.0,0.0
2024-06-21T21:00,3600,0.0,0.0,0.0,0.0,0.0,0.0,0.0,0.0,0.0
2024-06-21T22:00,3600,0.0,0.0,0.0,0.0,0.0,0.0,0.0,0.0,0.0
2024-06-21T23:00,3600,0.0,0.0,0.0,0.0,0.0,0.0,0.0,0.0,0.0
2024-06-22T00:00,3600,0.0,0.0,0.0,0.0,0.0,0.0,0.0,0.0,0.0
2024-06-22T01:00,3600,0.0,0.0,0.0,0.0,0.0,0.0,0.0,0.0,0.0
2024-06-22T02:00,3600,0.0,0.0,0.0,0.0,0.0,0.0,0.0,0.0,0.0
2024-06-22T03:00,3600,0.0,0.0,0.0,0.0,0.0,0.0,0.0,0.0,0.0
2024-06-22T04:00,3600,0.0,0.0,0.0,0.0,0.0,0.0,0.0,0.0,0.0
2024-06-22T05:00,3600,0.0,0.0,0.0,0.0,0.0,0.0,4.65158912,0.0,1.93640388
2024-06-22T06:00,3600,0.0,0.07442811508000001,0.0,0.0,0.0,0.07442811508000001,101.98883583,74.42811508,42.79467386
2024-06-22T07:00,3600,0.0,0.32775967245,0.0,0.0,0.0,0.32775967245,406.16461903,327.75967245,172.89519996
2024-06-22T08:00,3600,0.0,0.6552363077700001,0.0,0.0,0.0,0.6552363077700001,801.48472915,655.23630777,347.63520898
2024-06-22T09:00,3600,0.0,1.02632627166,0.0,0.0,0.0,1.02632627166,1252.39210714,1026.32627166,552.91003694
2024-06-22T10:00,3600,0.0,1.09534844421,0.0,0.0,0.0,1.09534844421,1336.60954337,1095.34844421,597.97762922
2024-06-22T11:00,3600,0.0,1.0679739747700001,0.0,0.0,0.0,1.0679739747700001,1303.19535791,1067.97397477,582.43717933
2024-06-22T12:00,3600,0.0,1.11500772307,0.0,0.0,0.0,1.11500772307,1360.61704618,1115.00772307,609.84040152
2024-06-22T13:00,3600,0.0,1.20629603302,0.0,0.0,0.0,1.20629603302,1472.21432888,1206.29603302,664.0348536
2024-06-22T14:00,3600,0.0,0.90161694499,0.0,0.0,0.0,0.90161694499,1100.5071013,901.61694499,488.45684883
2024-06-22T15:00,3600,0.0,0.7733938617699999,0.0,0.0,0.0,0.7733938617699999,944.71507967,773.39386177,416.42631482
2024-06-22T16:00,3600,0.0,0.42833522306,0.0,0.0,0.0,0.42833522306,527.32064173,428.33522306,228.53042259
2024-06-22T17:00,3600,0.0,0.32156500266,0.0,0.0,0.0,0.32156500266,398.70972081,321.56500266,171.46478426
2024-06-22T18:00,3600,0.0,0.08525347159,0.0,0.0,0.0,0.08525347159,114.95793709,85.25347159,48.56908736
2024-06-22T19:00,3600,0.0,0.0,0.0,0.0,0.0,0.0,2.30459377,0.0,0.96820194
2024-06-22T20:00,3600,0.0,0.0,0.0,0.0,0.0,0.0,0.0,0.0,0.0
2024-06-22T21:00,3600,0.0,0.0,0.0,0.0,0.0,0.0,0.0,0.0,0.0
2024-06-22T22:00,3600,0.0,0.0,0.0,0.0,0.0,0.0,0.0,0.0,0.0
2024-06-22T23:00,3600,0.0,0.0,0.0,0.0,0.0,0.0,0.0,0.0,0.0
2024-06-23T00:00,3600,0.0,0.0,0.0,0.0,0.0,0.0,0.0,0.0,0.0
2024-06-23T01:00,3600,0.0,0.0,0.0,0.0,0.0,0.0,0.0,0.0,0.0
2024-06-23T02:00,3600,0.0,0.0,0.0,0.0,0.0,0.0,0.0,0.0,0.0
2024-06-23T03:00,3600,0.0,0.0,0.0,0.0,0.0,0.0,0.0,0.0,0.0
2024-06-23T04:00,3600,0.0,0.0,0.0,0.0,0.0,0.0,0.0,0.0,0.0
2024-06-23T05:00,3600,0.0,0.0,0.0,0.0,0.0,0.0,2.33672532,0.0,0.96820194
2024-06-23T06:00,3600,0.0,0.06836768811999999,0.0,0.0,0.0,0.06836768811999999,94.7293852,68.36768812,39.59801742
2024-06-23T07:00,3600,0.0,0.33293494686999997,0.0,0.0,0.0,0.33293494686999997,412.39339293,332.93494687,174.7208302
2024-06-23T08:00,3600,0.0,0.6401382770500001,0.0,0.0,0.0,0.6401382770500001,783.20575687,640.13827705,337.57205884
2024-06-23T09:00,3600,0.0,0.94319538675,0.0,0.0,0.0,0.94319538675,1151.10617162,943.19538675,505.14493991
2024-06-23T10:00,3600,0.0,1.09473347163,0.0,0.0,0.0,1.09473347163,1335.85869647,1094.73347163,595.64170219
2024-06-23T11:00,3600,0.0,1.4078468873199999,0.0,0.0,0.0,1.4078468873199999,1719.29549067,1407.84688732,780.77532836
2024-06-23T12:00,3600,0.0,1.16970884998,0.0,0.0,0.0,1.16970884998,1427.46424072,1169.70884998,641.26749827
2024-06-23T13:00,3600,0.0,0.9650126773900001,0.0,0.0,0.0,0.9650126773900001,1177.67273647,965.01267739,522.64321709
2024-06-23T14:00,3600,0.0,0.72656997243,0.0,0.0,0.0,0.72656997243,887.9172907,726.56997243,387.75786928
2024-06-23T15:00,3600,0.0,0.70321160359,0.0,0.0,0.0,0.70321160359,859.6020338,703.21160359,376.32184736
2024-06-23T16:00,3600,0.0,0.6461315397499999,0.0,0.0,0.0,0.6461315397499999,790.46109753,646.13153975,344.52926298
2024-06-23T17:00,3600,0.0,0.29906209904000003,0.0,0.0,0.0,0.29906209904000003,371.63605863,299.06209904,159.2976556
2024-06-23T18:00,3600,0.0,0.08735033968,0.0,0.0,0.0,0.08735033968,117.47034513,87.35033968,49.54523882
2024-06-23T19:00,3600,0.0,0.0,0.0,0.0,0.0,0.0,2.30953192,0.0,0.96820194
2024-06-23T20:00,3600,0.0,0.0,0.0,0.0,0.0,0.0,0.0,0.0,0.0
2024-06-23T21:00,3600,0.0,0.0,0.0,0.0,0.0,0.0,0.0,0.0,0.0
2024-06-23T22:00,3600,0.0,0.0,0.0,0.0,0.0,0.0,0.0,0.0,0.0
2024-06-23T23:00,3600,0.0,0.0,0.0,0.0,0.0,0.0,0.0,0.0,0.0
2024-06-24T00:00,3600,0.0,0.0,0.0,0.0,0.0,0.0,0.0,0.0,0.0
2024-06-24T01:00,3600,0.0,0.0,0.0,0.0,0.0,0.0,0.0,0.0,0.0
2024-06-24T02:00,3600,0.0,0.0,0.0,0.0,0.0,0.0,0.0,0.0,0.0
2024-06-24T03:00,3600,0.0,0.0,0.0,0.0,0.0,0.0,0.0,0.0,0.0
2024-06-24T04:00,3600,0.0,0.0,0.0,0.0,0.0,0.0,0.0,0.0,0.0
2024-06-24T05:00,3600,0.0,0.0,0.0,0.0,0.0,0.0,2.33343885,0.0,0.96820194
2024-06-24T06:00,3600,0.0,0.06755812054,0.0,0.0,0.0,0.06755812054,93.7597099,67.55812054,39.18461276
2024-06-24T07:00,3600,0.0,0.18182514108,0.0,0.0,0.0,0.18182514108,230.76767371,181.82514108,96.94096109
2024-06-24T08:00,3600,1.0870588235294116,0.30016237959,0.30016237959,0.7868964439394117,0.0,0.0,372.95956506,300.16237959,157.47181496
2024-06-24T09:00,3600,1.0870588235294116,0.5417851969199999,0.5417851969199999,0.5452736266094117,0.0,0.0,664.2571466,541.78519692,283.82350062
2024-06-24T10:00,3600,1.0787764705882352,0.8330467390699999,0.8330467390699999,0.2457297315182353,0.0,0.0,1017.14697824,833.04673907,446.0398561
2024-06-24T11:00,3600,1.0713223529411764,1.1102382570300002,1.0713223529411764,0.0,0.0,0.03891590408882384,1354.79184823,1110.23825703,603.36781795
2024-06-24T12:00,3600,1.0738070588235296,1.44620691012,1.0738070588235296,0.0,0.0,0.37239985129647035,1766.42949041,1446.20691012,800.14833689
2024-06-24T13:00,3600,1.0502023529411766,0.7341806498400001,0.7341806498400001,0.3160217031011765,0.0,0.0,897.14571214,734.18064984,394.11650868
2024-06-24T14:00,3600,1.065110588235294,0.83959563093,0.83959563093,0.22551495730529403,0.0,0.0,1025.10374842,839.59563093,450.16902847
2024-06-24T15:00,3600,1.0713223529411764,0.6429340264,0.6429340264,0.4283883265411764,0.0,0.0,786.59014173,642.9340264,341.82114221
2024-06-24T16:00,3600,1.0638682352941178,0.32708552238,0.32708552238,0.7367827129141178,0.0,0.0,405.35328014,327.08552238,173.94806877
2024-06-24T17:00,3600,1.072564705882353,0.14853865674,0.14853865674,0.9240260491423531,0.0,0.0,190.82699749,148.53865674,81.00597018
2024-06-24T18:00,3600,0.0,0.03382419534,0.0,0.0,0.0,0.03382419534,53.36701199,33.82419534,22.28454368
2024-06-24T19:00,3600,0.0,0.0,0.0,0.0,0.0,0.0,2.31942529,0.0,0.96820194
2024-06-24T20:00,3600,0.0,0.0,0.0,0.0,0.0,0.0,0.0,0.0,0.0
2024-06-24T21:00,3600,0.0,0.0,0.0,0.0,0.0,0.0,0.0,0.0,0.0
2024-06-24T22:00,3600,0.0,0.0,0.0,0.0,0.0,0.0,0.0,0.0,0.0
2024-06-24T23:00,3600,0.0,0.0,0.0,0.0,0.0,0.0,0.0,0.0,0.0
2024-06-25T00:00,3600,0.0,0.0,0.0,0.0,0.0,0.0,0.0,0.0,0.0
2024-06-25T01:00,3600,0.0,0.0,0.0,0.0,0.0,0.0,0.0,0.0,0.0
2024-06-25T02:00,3600,0.0,0.0,0.0,0.0,0.0,0.0,0.0,0.0,0.0
2024-06-25T03:00,3600,0.0,0.0,0.0,0.0,0.0,0.0,0.0,0.0,0.0
2024-06-25T04:00,3600,0.0,0.0,0.0,0.0,0.0,0.0,0.0,0.0,0.0
2024-06-25T05:00,3600,0.0,0.0,0.0,0.0,0.0,0.0,0.0,0.0,0.0
2024-06-25T06:00,3600,0.0,0.033935363520000005,0.0,0.0,0.0,0.033935363520000005,53.50008284,33.93536352,22.26864465
2024-06-25T07:00,3600,0.0,0.10723857893,0.0,0.0,0.0,0.10723857893,141.30467085,107.23857893,59.07221692
2024-06-25T08:00,3600,1.0870588235294116,0.27857260434,0.27857260434,0.8084862191894117,0.0,0.0,346.9945472,278.57260434,146.33653311
2024-06-25T09:00,3600,1.0870588235294116,0.3705927658,0.3705927658,0.7164660577294116,0.0,0.0,457.73494134,370.5927658,194.56111364
2024-06-25T10:00,3600,1.0870588235294116,0.66564951333,0.66564951333,0.42140931019941164,0.0,0.0,814.09485833,665.64951333,352.14891784
2024-06-25T11:00,3600,1.0870588235294116,0.9831582158400001,0.9831582158400001,0.10390060768941156,0.0,0.0,1199.77662473,983.15821584,525.70819691
2024-06-25T12:00,3600,1.0870588235294116,1.0776610397500002,1.0776610397500002,0.009397783779411473,0.0,0.0,1315.01772299,1077.66103975,580.80123372
2024-06-25T13:00,3600,1.0750494117647058,0.7780770234300001,0.7780770234300001,0.29697238833470574,0.0,0.0,950.39854389,778.07702343,416.30887351
2024-06-25T14:00,3600,1.0837458823529413,0.8927750321,0.8927750321,0.19097085025294136,0.0,0.0,1089.7520189,892.7750321,478.61350497
2024-06-25T15:00,3600,1.072564705882353,0.7993317645900001,0.7993317645900001,0.273232941292353,0.0,0.0,976.19949267,799.33176459,428.73495277
2024-06-25T16:00,3600,1.0870588235294116,0.6081361025700001,0.6081361025700001,0.4789227209594116,0.0,0.0,744.47822841,608.13610257,322.13095696
2024-06-25T17:00,3600,1.0870588235294116,0.30916400376000003,0.30916400376000003,0.7778948197694115,0.0,0.0,383.78845646,309.16400376,163.3995366
2024-06-25T18:00,3600,0.0,0.06645627517,0.0,0.0,0.0,0.06645627517,92.43997629,66.45627517,38.84235086
2024-06-25T19:00,3600,0.0,0.0,0.0,0.0,0.0,0.0,2.32105759,0.0,0.96820194
2024-06-25T20:00,3600,0.0,0.0,0.0,0.0,0.0,0.0,0.0,0.0,0.0
2024-06-25T21:00,3600,0.0,0.0,0.0,0.0,0.0,0.0,0.0,0.0,0.0
2024-06-25T22:00,3600,0.0,0.0,0.0,0.0,0.0,0.0,0.0,0.0,0.0
2024-06-25T23:00,3600,0.0,0.0,0.0,0.0,0.0,0.0,0.0,0.0,0.0
2024-06-26T00:00,3600,0.0,0.0,0.0,0.0,0.0,0.0,0.0,0.0,0.0
2024-06-26T01:00,3600,0.0,0.0,0.0,0.0,0.0,0.0,0.0,0.0,0.0
2024-06-26T02:00,3600,0.0,0.0,0.0,0.0,0.0,0.0,0.0,0.0,0.0
2024-06-26T03:00,3600,0.0,0.0,0.0,0.0,0.0,0.0,0.0,0.0,0.0
2024-06-26T04:00,3600,0.0,0.0,0.0,0.0,0.0,0.0,0.0,0.0,0.0
2024-06-26T05:00,3600,0.0,0.0,0.0,0.0,0.0,0.0,2.34249778,0.0,0.96820194
2024-06-26T06:00,3600,0.0,0.05552694729,0.0,0.0,0.0,0.05552694729,79.35083156,55.52694729,33.05156455
2024-06-26T07:00,3600,0.0,0.2163713629,0.0,0.0,0.0,0.2163713629,272.24576856,216.3713629,114.28286126
2024-06-26T08:00,3600,1.0870588235294116,0.45578394014999996,0.45578394014999996,0.6312748833794117,0.0,0.0,560.42535242,455.78394015,238.63907724
2024-06-26T09:00,3600,1.0870588235294116,0.67368133347,0.67368133347,0.4133774900594116,0.0,0.0,823.82286864,673.68133347,355.43770407
2024-06-26T10:00,3600,1.0849882352941176,0.8745512081499999,0.8745512081499999,0.21043702714411772,0.0,0.0,1067.59067445,874.55120815,470.06672605
2024-06-26T11:00,3600,1.0825035294117646,0.8586698740400001,0.8586698740400001,0.22383365537176458,0.0,0.0,1048.28415961,858.66987404,461.11508855
2024-06-26T12:00,3600,0.9748070929670356,0.9915896755700001,0.9748070929670356,0.0,0.0,0.016782582602964502,1210.04994608,991.58967557,537.8462965
2024-06-26T13:00,3600,0.7887432970588236,0.6278908077800001,0.6278908077800001,0.16085248927882356,0.0,0.0,768.38170917,627.89080778,336.63381496
2024-06-26T14:00,3600,0.8543731235294117,0.93503402384,0.8543731235294117,0.0,0.0,0.08066090031058826,1141.17102807,935.03402384,507.22031138
2024-06-26T15:00,3600,0.7960054764705882,0.7163910319900001,0.7163910319900001,0.07961444448058808,0.0,0.0,875.57674903,716.39103199,382.46591795
2024-06-26T16:00,3600,0.6996729264705883,0.50526090409,0.50526090409,0.1944120223805883,0.0,0.0,620.14002495,505.26090409,266.38981041
2024-06-26T17:00,3600,0.6536251352941176,0.28973720367,0.28973720367,0.3638879316241176,0.0,0.0,360.42039956,289.73720367,153.51012573
2024-06-26T18:00,3600,0.0,0.06161082171,0.0,0.0,0.0,0.06161082171,86.63665764,61.61082171,36.32816482
2024-06-26T19:00,3600,0.0,0.0,0.0,0.0,0.0,0.0,2.32188995,0.0,0.96820194
2024-06-26T20:00,3600,0.0,0.0,0.0,0.0,0.0,0.0,0.0,0.0,0.0
2024-06-26T21:00,3600,0.0,0.0,0.0,0.0,0.0,0.0,0.0,0.0,0.0
2024-06-26T22:00,3600,0.0,0.0,0.0,0.0,0.0,0.0,0.0,0.0,0.0
2024-06-26T23:00,3600,0.0,0.0,0.0,0.0,0.0,0.0,0.0,0.0,0.0
2024-06-27T00:00,3600,0.0,0.0,0.0,0.0,0.0,0.0,0.0,0.0,0.0
2024-06-27T01:00,3600,0.0,0.0,0.0,0.0,0.0,0.0,0.0,0.0,0.0
2024-06-27T02:00,3600,0.0,0.0,0.0,0.0,0.0,0.0,0.0,0.0,0.0
2024-06-27T03:00,3600,0.0,0.0,0.0,0.0,0.0,0.0,0.0,0.0,0.0
2024-06-27T04:00,3600,0.0,0.0,0.0,0.0,0.0,0.0,0.0,0.0,0.0
2024-06-27T05:00,3600,0.0,0.0,0.0,0.0,0.0,0.0,2.34249612,0.0,0.96820194
2024-06-27T06:00,3600,0.0,0.06004234788,0.0,0.0,0.0,0.06004234788,84.75823299,60.04234788,35.3609063
2024-06-27T07:00,3600,0.0,0.25041809668,0.0,0.0,0.0,0.25041809668,313.14996188,250.41809668,131.79374261
2024-06-27T08:00,3600,1.0870588235294116,0.49795276377,0.49795276377,0.5891060597594117,0.0,0.0,611.31623629,497.95276377,260.91072311
2024-06-27T09:00,3600,0.7752104032066389,0.79498403544,0.7752104032066389,0.0,0.0,0.019773632233361038,970.92098249,794.98403544,421.59394789
2024-06-27T10:00,3600,0.9065342764705883,1.1695032388,0.9065342764705883,0.0,0.0,0.2629689623294117,1427.21284426,1169.5032388,639.63402359
2024-06-27T11:00,3600,0.9714671029411764,1.3157592994599998,0.9714671029411764,0.0,0.0,0.34429219651882337,1606.28683672,1315.75929946,728.48576156
2024-06-27T12:00,3600,0.9926016764705883,1.3558312575899998,0.9926016764705883,0.0,0.0,0.3632295811194115,1655.43803451,1355.83125759,754.44259837
2024-06-27T13:00,3600,1.0352643588235297,1.38438895347,1.0352643588235297,0.0,0.0,0.3491245946464703,1690.48923915,1384.38895347,777.9005065
2024-06-27T14:00,3600,0.9693803970588236,1.127128082,0.9693803970588236,0.0,0.0,0.1577476849411764,1375.4226535,1127.128082,624.07811997
2024-06-27T15:00,3600,0.9239833382352941,0.95211505832,0.9239833382352941,0.0,0.0,0.02813172008470588,1161.96618755,952.11505832,521.20071423
2024-06-27T16:00,3600,0.767250038235294,0.5693447590299999,0.5693447590299999,0.1979052792052941,0.0,0.0,697.56578303,569.34475903,303.33606295
2024-06-27T17:00,3600,0.6856509264705882,0.24669493393,0.24669493393,0.43895599254058826,0.0,0.0,308.67565594,246.69493393,131.96308309
2024-06-27T18:00,3600,0.0,0.06545053853,0.0,0.0,0.0,0.06545053853,91.23537999,65.45053853,38.41135603
2024-06-27T19:00,3600,0.0,0.0,0.0,0.0,0.0,0.0,2.30952534,0.0,0.96820194
2024-06-27T20:00,3600,0.0,0.0,0.0,0.0,0.0,0.0,0.0,0.0,0.0
2024-06-27T21:00,3600,0.0,0.0,0.0,0.0,0.0,0.0,0.0,0.0,0.0
2024-06-27T22:00,3600,0.0,0.0,0.0,0.0,0.0,0.0,0.0,0.0,0.0
2024-06-27T23:00,3600,0.0,0.0,0.0,0.0,0.0,0.0,0.0,0.0,0.0
2024-06-28T00:00,3600,0.0,0.0,0.0,0.0,0.0,0.0,0.0,0.0,0.0
2024-06-28T01:00,3600,0.0,0.0,0.0,0.0,0.0,0.0,0.0,0.0,0.0
2024-06-28T02:00,3600,0.0,0.0,0.0,0.0,0.0,0.0,0.0,0.0,0.0
2024-06-28T03:00,3600,0.0,0.0,0.0,0.0,0.0,0.0,0.0,0.0,0.0
2024-06-28T04:00,3600,0.0,0.0,0.0,0.0,0.0,0.0,0.0,0.0,0.0
2024-06-28T05:00,3600,0.0,0.0,0.0,0.0,0.0,0.0,2.33506418,0.0,0.96820194
2024-06-28T06:00,3600,0.0,0.06302517773,0.0,0.0,0.0,0.06302517773,88.33055503,63.02517773,36.95390101
2024-06-28T07:00,3600,0.0,0.22358930492999998,0.0,0.0,0.0,0.22358930492999998,280.91535704,223.58930493,118.52948888
2024-06-28T08:00,3600,1.0870588235294116,0.5741894548300001,0.5741894548300001,0.5128693686994116,0.0,0.0,703.42287743,574.18945483,302.55005813
2024-06-28T09:00,3600,1.075378709629773,0.77366829091,0.77366829091,0.3017104187197731,0.0,0.0,945.04811187,773.66829091,411.44310122
2024-06-28T10:00,3600,0.9373270911764705,1.2166566742299998,0.9373270911764705,0.0,0.0,0.2793295830535293,1484.89219639,1216.65667423,667.43241291
2024-06-28T11:00,3600,0.8625022588235294,0.9178757256200001,0.8625022588235294,0.0,0.0,0.055373466796470705,1120.28856414,917.87572562,495.28384828
2024-06-28T12:00,3600,0.9969450441176468,1.4128519243200002,0.9969450441176468,0.0,0.0,0.41590688020235334,1725.44334011,1412.85192432,781.8241649
2024-06-28T13:00,3600,1.0000584764705884,1.2766502010799998,1.0000584764705884,0.0,0.0,0.2765917246094114,1558.35307179,1276.65020108,705.91917339
2024-06-28T14:00,3600,0.9559814235294118,1.10218079236,0.9559814235294118,0.0,0.0,0.14619936883058815,1344.95204685,1102.18079236,603.89340486
2024-06-28T15:00,3600,0.8823967117647059,0.8411658801099999,0.8411658801099999,0.04123083165470598,0.0,0.0,1027.01171505,841.16588011,454.36458489
2024-06-28T16:00,3600,0.8415623058823529,0.6483821565,0.6483821565,0.19318014938235295,0.0,0.0,793.18586543,648.3821565,347.63058843
2024-06-28T17:00,3600,0.762882005882353,0.35241557832000003,0.35241557832000003,0.41046642756235296,0.0,0.0,435.84492377,352.41557832,188.30275597
2024-06-28T18:00,3600,0.0,0.07157462676000001,0.0,0.0,0.0,0.07157462676000001,98.57069948,71.57462676,41.74372678
2024-06-28T19:00,3600,0.0,0.0,0.0,0.0,0.0,0.0,2.29965867,0.0,0.96820194
2024-06-28T20:00,3600,0.0,0.0,0.0,0.0,0.0,0.0,0.0,0.0,0.0
2024-06-28T21:00,3600,0.0,0.0,0.0,0.0,0.0,0.0,0.0,0.0,0.0
2024-06-28T22:00,3600,0.0,0.0,0.0,0.0,0.0,0.0,0.0,0.0,0.0
2024-06-28T23:00,3600,0.0,0.0,0.0,0.0,0.0,0.0,0.0,0.0,0.0
2024-06-29T00:00,3600,0.0,0.0,0.0,0.0,0.0,0.0,0.0,0.0,0.0
2024-06-29T01:00,3600,0.0,0.0,0.0,0.0,0.0,0.0,0.0,0.0,0.0
2024-06-29T02:00,3600,0.0,0.0,0.0,0.0,0.0,0.0,0.0,0.0,0.0
2024-06-29T03:00,3600,0.0,0.0,0.0,0.0,0.0,0.0,0.0,0.0,0.0
2024-06-29T04:00,3600,0.0,0.0,0.0,0.0,0.0,0.0,0.0,0.0,0.0
2024-06-29T05:00,3600,0.0,0.0,0.0,0.0,0.0,0.0,2.33343482,0.0,0.96820194
2024-06-29T06:00,3600,0.0,0.06516985197,0.0,0.0,0.0,0.06516985197,90.89919853,65.16985197,38.00631067
2024-06-29T07:00,3600,0.0,0.36377982344,0.0,0.0,0.0,0.36377982344,449.52954054,363.77982344,190.98846273
2024-06-29T08:00,3600,0.0,0.6624176195700001,0.0,0.0,0.0,0.6624176195700001,810.18085358,662.41761957,350.66898183
2024-06-29T09:00,3600,0.0,0.9736206200200002,0.0,0.0,0.0,0.9736206200200002,1188.15750791,973.62062002,522.85686285
2024-06-29T10:00,3600,0.0,1.18271760566,0.0,0.0,0.0,1.18271760566,1443.37177803,1182.71760566,644.78557493
2024-06-29T11:00,3600,0.0,1.23714981392,0.0,0.0,0.0,1.23714981392,1509.97615736,1237.14981392,675.34219806
2024-06-29T12:00,3600,0.0,1.12831459245,0.0,0.0,0.0,1.12831459245,1376.87221729,1128.31459245,612.78299293
2024-06-29T13:00,3600,0.0,1.28006866401,0.0,0.0,0.0,1.28006866401,1562.54145191,1280.06866401,704.18852537
2024-06-29T14:00,3600,0.0,1.2116606193800001,0.0,0.0,0.0,1.2116606193800001,1478.77842737,1211.66061938,663.79083196
2024-06-29T15:00,3600,0.0,0.9033559406199999,0.0,0.0,0.0,0.9033559406199999,1102.62258351,903.35594062,487.93656685
2024-06-29T16:00,3600,0.0,0.55347625703,0.0,0.0,0.0,0.55347625703,678.38493596,553.47625703,294.64567015
2024-06-29T17:00,3600,0.0,0.33633508712,0.0,0.0,0.0,0.33633508712,416.48600363,336.33508712,179.37127995
2024-06-29T18:00,3600,0.0,0.07595078761,0.0,0.0,0.0,0.07595078761,103.81288774,75.95078761,43.87177545
2024-06-29T19:00,3600,0.0,0.0,0.0,0.0,0.0,0.0,4.60709422,0.0,1.93640388
2024-06-29T20:00,3600,0.0,0.0,0.0,0.0,0.0,0.0,0.0,0.0,0.0
2024-06-29T21:00,3600,0.0,0.0,0.0,0.0,0.0,0.0,0.0,0.0,0.0
2024-06-29T22:00,3600,0.0,0.0,0.0,0.0,0.0,0.0,0.0,0.0,0.0
2024-06-29T23:00,3600,0.0,0.0,0.0,0.0,0.0,0.0,0.0,0.0,0.0
2024-06-30T00:00,3600,0.0,0.0,0.0,0.0,0.0,0.0,0.0,0.0,0.0
2024-06-30T01:00,3600,0.0,0.0,0.0,0.0,0.0,0.0,0.0,0.0,0.0
2024-06-30T02:00,3600,0.0,0.0,0.0,0.0,0.0,0.0,0.0,0.0,0.0
2024-06-30T03:00,3600,0.0,0.0,0.0,0.0,0.0,0.0,0.0,0.0,0.0
2024-06-30T04:00,3600,0.0,0.0,0.0,0.0,0.0,0.0,0.0,0.0,0.0
2024-06-30T05:00,3600,0.0,0.0,0.0,0.0,0.0,0.0,2.31944321,0.0,0.96820194
2024-06-30T06:00,3600,0.0,0.07061852095,0.0,0.0,0.0,0.07061852095,97.42543947,70.61852095,40.76782523
2024-06-30T07:00,3600,0.0,0.26451909069,0.0,0.0,0.0,0.26451909069,330.09859658,264.51909069,139.50612581
2024-06-30T08:00,3600,0.0,0.6014036752499999,0.0,0.0,0.0,0.6014036752499999,736.33390818,601.40367525,316.04225106
2024-06-30T09:00,3600,0.0,0.9006085022300001,0.0,0.0,0.0,0.9006085022300001,1099.28036596,900.60850223,480.13535653
2024-06-30T10:00,3600,0.0,0.99677066211,0.0,0.0,0.0,0.99677066211,1216.36353884,996.77066211,539.20305923
2024-06-30T11:00,3600,0.0,1.28614526715,0.0,0.0,0.0,1.28614526715,1569.98732421,1286.14526715,705.59576081
2024-06-30T12:00,3600,0.0,1.0512406407000001,0.0,0.0,0.0,1.0512406407000001,1282.77865365,1051.2406407,570.05154825
2024-06-30T13:00,3600,0.0,1.14303123501,0.0,0.0,0.0,1.14303123501,1394.85431211,1143.03123501,624.81610463
2024-06-30T14:00,3600,0.0,0.67300962363,0.0,0.0,0.0,0.67300962363,823.00924853,673.00962363,358.62332014
2024-06-30T15:00,3600,0.0,0.46011221108,0.0,0.0,0.0,0.46011221108,565.64703263,460.11221108,243.96189583
2024-06-30T16:00,3600,0.0,0.25209537602,0.0,0.0,0.0,0.25209537602,315.16573042,252.09537602,134.73860469
2024-06-30T17:00,3600,0.0,0.18284020529,0.0,0.0,0.0,0.18284020529,231.98603993,182.84020529,98.78550593
2024-06-30T18:00,3600,0.0,0.054562090480000006,0.0,0.0,0.0,0.054562090480000006,78.19542876,54.56209048,32.95706586
2024-06-30T19:00,3600,0.0,0.0,0.0,0.0,0.0,0.0,2.30542379,0.0,0.96820194
2024-06-30T20:00,3600,0.0,0.0,0.0,0.0,0.0,0.0,0.0,0.0,0.0
2024-06-30T21:00,3600,0.0,0.0,0.0,0.0,0.0,0.0,0.0,0.0,0.0
2024-06-30T22:00,3600,0.0,0.0,0.0,0.0,0.0,0.0,0.0,0.0,0.0
2024-06-30T23:00,3600,0.0,0.0,0.0,0.0,0.0,0.0,0.0,0.0,0.0
2024-07-01T00:00,3600,0.0,0.0,0.0,0.0,0.0,0.0,0.0,0.0,0.0
2024-07-01T01:00,3600,0.0,0.0,0.0,0.0,0.0,0.0,0.0,0.0,0.0
2024-07-01T02:00,3600,0.0,0.0,0.0,0.0,0.0,0.0,0.0,0.0,0.0
2024-07-01T03:00,3600,0.0,0.0,0.0,0.0,0.0,0.0,0.0,0.0,0.0
2024-07-01T04:00,3600,0.0,0.0,0.0,0.0,0.0,0.0,0.0,0.0,0.0
2024-07-01T05:00,3600,0.0,0.0,0.0,0.0,0.0,0.0,2.31531628,0.0,0.96820194
2024-07-01T06:00,3600,0.0,0.06450607168000001,0.0,0.0,0.0,0.06450607168000001,90.10418827,64.50607168,37.88706795
2024-07-01T07:00,3600,0.0,0.32643339623999995,0.0,0.0,0.0,0.32643339623999995,404.56845664,326.43339624,172.48289222
2024-07-01T08:00,3600,1.0870588235294116,0.68777246974,0.68777246974,0.3992863537894117,0.0,0.0,840.89335912,687.77246974,365.393064
2024-07-01T09:00,3600,1.0812611764705882,0.92011511834,0.92011511834,0.16114605813058813,0.0,0.0,1123.01362728,920.11511834,493.43444934
2024-07-01T10:00,3600,1.051444705882353,1.06806712767,1.051444705882353,0.0,0.0,0.016622421787646946,1303.30903395,1068.06712767,581.42265511
2024-07-01T11:00,3600,1.052687058823529,1.1089534775499998,1.052687058823529,0.0,0.0,0.05626641872647076,1353.22277036,1108.95347755,603.489964
2024-07-01T12:00,3600,1.0675952941176472,1.15968144747,1.0675952941176472,0.0,0.0,0.0920861533523527,1415.20509454,1159.68144747,629.55061191
2024-07-01T13:00,3600,1.0502023529411766,1.1474081012,1.0502023529411766,0.0,0.0,0.09720574825882333,1400.20332695,1147.4081012,625.2500588
2024-07-01T14:00,3600,1.0415058823529413,0.98301340613,0.98301340613,0.05849247622294129,0.0,0.0,1199.60019552,983.01340613,533.58090623
2024-07-01T15:00,3600,1.0477176470588236,0.59173631906,0.59173631906,0.4559813279988236,0.0,0.0,724.64094977,591.73631906,315.89100824
2024-07-01T16:00,3600,1.0576564705882354,0.45948972277000005,0.45948972277000005,0.5981667478182353,0.0,0.0,564.89602911,459.48972277,244.22804204
2024-07-01T17:00,3600,1.0613835294117648,0.25186699777,0.25186699777,0.8095165316417648,0.0,0.0,314.89125983,251.86699777,134.71777262
2024-07-01T18:00,3600,0.0,0.06087529263,0.0,0.0,0.0,0.06087529263,85.75577174,60.87529263,36.19496682
2024-07-01T19:00,3600,0.0,0.0,0.0,0.0,0.0,0.0,2.30131193,0.0,0.96820194
2024-07-01T20:00,3600,0.0,0.0,0.0,0.0,0.0,0.0,0.0,0.0,0.0
2024-07-01T21:00,3600,0.0,0.0,0.0,0.0,0.0,0.0,0.0,0.0,0.0
2024-07-01T22:00,3600,0.0,0.0,0.0,0.0,0.0,0.0,0.0,0.0,0.0
2024-07-01T23:00,3600,0.0,0.0,0.0,0.0,0.0,0.0,0.0,0.0,0.0
2024-07-02T00:00,3600,0.0,0.0,0.0,0.0,0.0,0.0,0.0,0.0,0.0
2024-07-02T01:00,3600,0.0,0.0,0.0,0.0,0.0,0.0,0.0,0.0,0.0
2024-07-02T02:00,3600,0.0,0.0,0.0,0.0,0.0,0.0,0.0,0.0,0.0
2024-07-02T03:00,3600,0.0,0.0,0.0,0.0,0.0,0.0,0.0,0.0,0.0
2024-07-02T04:00,3600,0.0,0.0,0.0,0.0,0.0,0.0,0.0,0.0,0.0
2024-07-02T05:00,3600,0.0,0.0,0.0,0.0,0.0,0.0,2.32273887,0.0,0.96820194
2024-07-02T06:00,3600,0.0,0.057046088190000004,0.0,0.0,0.0,0.057046088190000004,81.17002331,57.04608819,33.95066407
2024-07-02T07:00,3600,0.0,0.18458686288,0.0,0.0,0.0,0.18458686288,234.08257987,184.58686288,98.48034863
2024-07-02T08:00,3600,1.0870588235294116,0.42158324453,0.42158324453,0.6654755789994116,0.0,0.0,519.17995582,421.58324453,221.36381327
2024-07-02T09:00,3600,1.0870588235294116,0.69529217148,0.69529217148,0.39176665204941163,0.0,0.0,850.00482989,695.29217148,368.41334236
2024-07-02T10:00,3600,1.086230588235294,0.90762321658,0.90762321658,0.17860737165529406,0.0,0.0,1107.81400445,907.62321658,486.59290231
2024-07-02T11:00,3600,1.0837458823529413,0.65747635901,0.65747635901,0.4262695233429413,0.0,0.0,804.19716727,657.47635901,348.6882766
2024-07-02T12:00,3600,1.0870588235294116,0.97421959935,0.97421959935,0.11283922417941161,0.0,0.0,1188.88714901,974.21959935,521.36777889
2024-07-02T13:00,3600,1.0800188235294121,1.09294125056,1.0800188235294121,0.0,0.0,0.01292242703058788,1333.67054549,1092.94125056,588.34004182
2024-07-02T14:00,3600,1.0688376470588234,0.66703642517,0.66703642517,0.4018012218888235,0.0,0.0,815.77455901,667.03642517,355.06602492
2024-07-02T15:00,3600,1.0870588235294116,0.71080743027,0.71080743027,0.3762513932594116,0.0,0.0,868.80841319,710.80743027,376.16216343
2024-07-02T16:00,3600,1.0849882352941176,0.57071382908,0.57071382908,0.5142744062141176,0.0,0.0,699.22089473,570.71382908,301.51793714
2024-07-02T17:00,3600,1.0812611764705882,0.26258065754,0.26258065754,0.8186805189305881,0.0,0.0,327.76844322,262.58065754,139.53611392
2024-07-02T18:00,3600,0.0,0.059647890339999995,0.0,0.0,0.0,0.059647890339999995,84.285834,59.64789034,35.28646818
2024-07-02T19:00,3600,0.0,0.0,0.0,0.0,0.0,0.0,2.32024877,0.0,0.96820194
2024-07-02T20:00,3600,0.0,0.0,0.0,0.0,0.0,0.0,0.0,0.0,0.0
2024-07-02T21:00,3600,0.0,0.0,0.0,0.0,0.0,0.0,0.0,0.0,0.0
2024-07-02T22:00,3600,0.0,0.0,0.0,0.0,0.0,0.0,0.0,0.0,0.0
2024-07-02T23:00,3600,0.0,0.0,0.0,0.0,0.0,0.0,0.0,0.0,0.0
2024-07-03T00:00,3600,0.0,0.0,0.0,0.0,0.0,0.0,0.0,0.0,0.0
2024-07-03T01:00,3600,0.0,0.0,0.0,0.0,0.0,0.0,0.0,0.0,0.0
2024-07-03T02:00,3600,0.0,0.0,0.0,0.0,0.0,0.0,0.0,0.0,0.0
2024-07-03T03:00,3600,0.0,0.0,0.0,0.0,0.0,0.0,0.0,0.0,0.0
2024-07-03T04:00,3600,0.0,0.0,0.0,0.0,0.0,0.0,0.0,0.0,0.0
2024-07-03T05:00,3600,0.0,0.0,0.0,0.0,0.0,0.0,2.32850401,0.0,0.96820194
2024-07-03T06:00,3600,0.0,0.08184350302999999,0.0,0.0,0.0,0.08184350302999999,110.87241525,81.84350303,46.55318833
2024-07-03T07:00,3600,0.0,0.26613437102,0.0,0.0,0.0,0.26613437102,332.04035772,266.13437102,140.79644959
2024-07-03T08:00,3600,1.0870588235294116,0.59898301786,0.59898301786,0.48807580566941167,0.0,0.0,733.40585215,598.98301786,316.4715417
2024-07-03T09:00,3600,1.0870588235294116,0.8466896535199999,0.8466896535199999,0.24036917000941171,0.0,0.0,1033.7239489,846.68965352,451.65145284
2024-07-03T10:00,3600,1.0601411764705884,1.03491332544,1.03491332544,0.025227851030588333,0.0,0.0,1262.8635938,1034.91332544,562.81730416
2024-07-03T11:00,3600,1.056414117647059,1.23714011755,1.056414117647059,0.0,0.0,0.18072599990294114,1509.96428651,1237.14011755,682.5041884
2024-07-03T12:00,3600,1.052687058823529,1.39702024292,1.052687058823529,0.0,0.0,0.34433318409647096,1705.99879788,1397.02024292,778.88862312
2024-07-03T13:00,3600,1.0415058823529413,1.08778184911,1.0415058823529413,0.0,0.0,0.046275966757058695,1327.37176726,1087.78184911,596.97199973
2024-07-03T14:00,3600,1.0713223529411764,1.03526346143,1.03526346143,0.03605889151117636,0.0,0.0,1263.2906035,1035.26346143,560.03058338
2024-07-03T15:00,3600,1.0601411764705884,0.9452429656299999,0.9452429656299999,0.11489821084058849,0.0,0.0,1153.59900938,945.24296563,511.63452136
2024-07-03T16:00,3600,1.0688376470588234,0.57666336396,0.57666336396,0.4921742830988235,0.0,0.0,706.41396475,576.66336396,306.43693787
2024-07-03T17:00,3600,1.0713223529411764,0.30033117921,0.30033117921,0.7709911737311763,0.0,0.0,373.16261328,300.33117921,159.60750186
2024-07-03T18:00,3600,0.0,0.05608229262,0.0,0.0,0.0,0.05608229262,80.01585923,56.08229262,33.63262943
2024-07-03T19:00,3600,0.0,0.0,0.0,0.0,0.0,0.0,2.31859615,0.0,0.96820194
2024-07-03T20:00,3600,0.0,0.0,0.0,0.0,0.0,0.0,0.0,0.0,0.0
2024-07-03T21:00,3600,0.0,0.0,0.0,0.0,0.0,0.0,0.0,0.0,0.0
2024-07-03T22:00,3600,0.0,0.0,0.0,0.0,0.0,0.0,0.0,0.0,0.0
2024-07-03T23:00,3600,0.0,0.0,0.0,0.0,0.0,0.0,0.0,0.0,0.0
2024-07-04T00:00,3600,0.0,0.0,0.0,0.0,0.0,0.0,0.0,0.0,0.0
2024-07-04T01:00,3600,0.0,0.0,0.0,0.0,0.0,0.0,0.0,0.0,0.0
2024-07-04T02:00,3600,0.0,0.0,0.0,0.0,0.0,0.0,0.0,0.0,0.0
2024-07-04T03:00,3600,0.0,0.0,0.0,0.0,0.0,0.0,0.0,0.0,0.0
2024-07-04T04:00,3600,0.0,0.0,0.0,0.0,0.0,0.0,0.0,0.0,0.0
2024-07-04T05:00,3600,0.0,0.0,0.0,0.0,0.0,0.0,2.34166371,0.0,0.96820194
2024-07-04T06:00,3600,0.0,0.049743556009999995,0.0,0.0,0.0,0.049743556009999995,72.42560501,49.74355601,30.19709902
2024-07-04T07:00,3600,0.0,0.19076089394,0.0,0.0,0.0,0.19076089394,241.49390375,190.76089394,101.40757843
2024-07-04T08:00,3600,1.0870588235294116,0.49332295701,0.49332295701,0.5937358665194117,0.0,0.0,605.72686613,493.32295701,258.97464828
2024-07-04T09:00,3600,1.0870588235294116,0.69714620258,0.69714620258,0.3899126209494116,0.0,0.0,852.2515192,697.14620258,368.88220653
2024-07-04T10:00,3600,1.0775341176470588,0.8955788458699999,0.8955788458699999,0.18195527177705884,0.0,0.0,1093.1623137,895.57884587,483.62537421
2024-07-04T11:00,3600,1.0713223529411764,1.22018218221,1.0713223529411764,0.0,0.0,0.14885982926882368,1489.20677999,1220.18218221,674.46370952
2024-07-04T12:00,3600,1.065110588235294,1.4206877893099998,1.065110588235294,0.0,0.0,0.3555772010747058,1735.06957738,1420.68778931,793.13491053
2024-07-04T13:00,3600,1.0551717647058825,1.13789327439,1.0551717647058825,0.0,0.0,0.08272150968411762,1388.57572484,1137.89327439,622.78329302
2024-07-04T14:00,3600,0.90854137184377,0.65015993628,0.65015993628,0.25838143556377,0.0,0.0,795.338262,650.15993628,347.64300033
2024-07-04T15:00,3600,0.8295080029411764,0.76308893044,0.76308893044,0.0664190725011764,0.0,0.0,932.21082147,763.08893044,411.01626775
2024-07-04T16:00,3600,0.743659888235294,0.5148876397000001,0.5148876397000001,0.228772248535294,0.0,0.0,631.76509759,514.8876397,273.85543201
2024-07-04T17:00,3600,0.7009725411764706,0.31911612588000005,0.31911612588000005,0.3818564152964705,0.0,0.0,395.76288588,319.11612588,169.87072611
2024-07-04T18:00,3600,0.0,0.08186794204,0.0,0.0,0.0,0.08186794204,110.901695,81.86794204,46.76083549
2024-07-04T19:00,3600,0.0,0.0,0.0,0.0,0.0,0.0,2.31034667,0.0,0.96820194
2024-07-04T20:00,3600,0.0,0.0,0.0,0.0,0.0,0.0,0.0,0.0,0.0
2024-07-04T21:00,3600,0.0,0.0,0.0,0.0,0.0,0.0,0.0,0.0,0.0
2024-07-04T22:00,3600,0.0,0.0,0.0,0.0,0.0,0.0,0.0,0.0,0.0
2024-07-04T23:00,3600,0.0,0.0,0.0,0.0,0.0,0.0,0.0,0.0,0.0
2024-07-05T00:00,3600,0.0,0.0,0.0,0.0,0.0,0.0,0.0,0.0,0.0
2024-07-05T01:00,3600,0.0,0.0,0.0,0.0,0.0,0.0,0.0,0.0,0.0
2024-07-05T02:00,3600,0.0,0.0,0.0,0.0,0.0,0.0,0.0,0.0,0.0
2024-07-05T03:00,3600,0.0,0.0,0.0,0.0,0.0,0.0,0.0,0.0,0.0
2024-07-05T04:00,3600,0.0,0.0,0.0,0.0,0.0,0.0,0.0,0.0,0.0
2024-07-05T05:00,3600,0.0,0.0,0.0,0.0,0.0,0.0,2.33918015,0.0,0.96820194
2024-07-05T06:00,3600,0.0,0.04966439518,0.0,0.0,0.0,0.04966439518,72.33082026,49.66439518,30.22094756
2024-07-05T07:00,3600,0.0,0.29990732731,0.0,0.0,0.0,0.29990732731,372.65276517,299.90732731,157.8492752
2024-07-05T08:00,3600,1.0870588235294116,0.6851799249099999,0.6851799249099999,0.40187889861941173,0.0,0.0,837.75232239,685.17992491,363.71812841
2024-07-05T09:00,3600,1.0870588235294116,0.9444530034499999,0.9444530034499999,0.1426058200794117,0.0,0.0,1152.63725354,944.45300345,507.75807505
2024-07-05T10:00,3600,0.9413076913560923,1.0865872796399998,0.9413076913560923,0.0,0.0,0.14527958828390752,1325.91348306,1086.58727964,593.80472321
2024-07-05T11:00,3600,0.973320044117647,1.3246948053499998,0.973320044117647,0.0,0.0,0.3513747612323528,1617.24361588,1324.69480535,733.52907382
2024-07-05T12:00,3600,0.9908184352941176,1.36409880556,0.9908184352941176,0.0,0.0,0.37328037026588246,1665.58349636,1364.09880556,756.85042668
2024-07-05T13:00,3600,1.0233247911764707,1.3814404102000002,1.0233247911764707,0.0,0.0,0.3581156190235295,1686.86935903,1381.4404102,770.61369011
2024-07-05T14:00,3600,0.9597570058823529,1.12598466951,0.9597570058823529,0.0,0.0,0.16622766362764707,1374.02577363,1125.98466951,619.40867577
2024-07-05T15:00,3600,0.8845386382352942,0.80300184269,0.80300184269,0.08153679554529425,0.0,0.0,980.65561327,803.00184269,434.90861204
2024-07-05T16:00,3600,0.8544283441176471,0.66583358494,0.66583358494,0.18859475917764712,0.0,0.0,814.3177865,665.83358494,358.18683635
2024-07-05T17:00,3600,0.7720421617647057,0.35264911594,0.35264911594,0.41939304582470577,0.0,0.0,436.12611656,352.64911594,188.78821512
2024-07-05T18:00,3600,0.0,0.062483441699999996,0.0,0.0,0.0,0.062483441699999996,87.68174203,62.4834417,37.12788678
2024-07-05T19:00,3600,0.0,0.0,0.0,0.0,0.0,0.0,4.59719964,0.0,1.93640388
2024-07-05T20:00,3600,0.0,0.0,0.0,0.0,0.0,0.0,0.0,0.0,0.0
2024-07-05T21:00,3600,0.0,0.0,0.0,0.0,0.0,0.0,0.0,0.0,0.0
2024-07-05T22:00,3600,0.0,0.0,0.0,0.0,0.0,0.0,0.0,0.0,0.0
2024-07-05T23:00,3600,0.0,0.0,0.0,0.0,0.0,0.0,0.0,0.0,0.0
2024-07-06T00:00,3600,0.0,0.0,0.0,0.0,0.0,0.0,0.0,0.0,0.0
2024-07-06T01:00,3600,0.0,0.0,0.0,0.0,0.0,0.0,0.0,0.0,0.0
2024-07-06T02:00,3600,0.0,0.0,0.0,0.0,0.0,0.0,0.0,0.0,0.0
2024-07-06T03:00,3600,0.0,0.0,0.0,0.0,0.0,0.0,0.0,0.0,0.0
2024-07-06T04:00,3600,0.0,0.0,0.0,0.0,0.0,0.0,0.0,0.0,0.0
2024-07-06T05:00,3600,0.0,0.0,0.0,0.0,0.0,0.0,2.33424123,0.0,0.96820194
2024-07-06T06:00,3600,0.0,0.04758366411,0.0,0.0,0.0,0.04758366411,69.83946597,47.58366411,29.26069514
2024-07-06T07:00,3600,0.0,0.27440108492000004,0.0,0.0,0.0,0.27440108492000004,341.97884715,274.40108492,144.95656322
2024-07-06T08:00,3600,0.0,0.6773404168,0.0,0.0,0.0,0.6773404168,828.25517599,677.3404168,359.45695154
2024-07-06T09:00,3600,0.0,1.0054163277300001,0.0,0.0,0.0,1.0054163277300001,1226.90059834,1005.41632773,544.40786705
2024-07-06T10:00,3600,0.0,1.1783378358299998,0.0,0.0,0.0,1.1783378358299998,1438.01560953,1178.33783583,650.29638377
2024-07-06T11:00,3600,0.0,1.3314713474,0.0,0.0,0.0,1.3314713474,1625.55431124,1331.4713474,742.36665032
2024-07-06T12:00,3600,0.0,1.3972735868100001,0.0,0.0,0.0,1.3972735868100001,1706.30990934,1397.27358681,780.40621634
2024-07-06T13:00,3600,0.0,1.3527929638999998,0.0,0.0,0.0,1.3527929638999998,1651.71001923,1352.7929639,756.67281331
2024-07-06T14:00,3600,0.0,1.1665583644000002,0.0,0.0,0.0,1.1665583644000002,1423.61231637,1166.5583644,645.34389586
2024-07-06T15:00,3600,0.0,0.88578219807,0.0,0.0,0.0,0.88578219807,1081.24738098,885.78219807,482.49378176
2024-07-06T16:00,3600,0.0,0.63772061549,0.0,0.0,0.0,0.63772061549,780.27920753,637.72061549,344.06180583
2024-07-06T17:00,3600,0.0,0.34921219622000005,0.0,0.0,0.0,0.34921219622000005,431.9879892,349.21219622,187.47920939
2024-07-06T18:00,3600,0.0,0.06966221048,0.0,0.0,0.0,0.06966221048,96.27995437,69.66221048,40.82965376
2024-07-06T19:00,3600,0.0,0.0,0.0,0.0,0.0,0.0,4.58893562,0.0,1.93640388
2024-07-06T20:00,3600,0.0,0.0,0.0,0.0,0.0,0.0,0.0,0.0,0.0
2024-07-06T21:00,3600,0.0,0.0,0.0,0.0,0.0,0.0,0.0,0.0,0.0
2024-07-06T22:00,3600,0.0,0.0,0.0,0.0,0.0,0.0,0.0,0.0,0.0
2024-07-06T23:00,3600,0.0,0.0,0.0,0.0,0.0,0.0,0.0,0.0,0.0
2024-07-07T00:00,3600,0.0,0.0,0.0,0.0,0.0,0.0,0.0,0.0,0.0
2024-07-07T01:00,3600,0.0,0.0,0.0,0.0,0.0,0.0,0.0,0.0,0.0
2024-07-07T02:00,3600,0.0,0.0,0.0,0.0,0.0,0.0,0.0,0.0,0.0
2024-07-07T03:00,3600,0.0,0.0,0.0,0.0,0.0,0.0,0.0,0.0,0.0
2024-07-07T04:00,3600,0.0,0.0,0.0,0.0,0.0,0.0,0.0,0.0,0.0
2024-07-07T05:00,3600,0.0,0.0,0.0,0.0,0.0,0.0,2.33425623,0.0,0.96820194
2024-07-07T06:00,3600,0.0,0.057219353060000006,0.0,0.0,0.0,0.057219353060000006,81.37751355,57.21935306,34.10965436
2024-07-07T07:00,3600,0.0,0.34708803898999996,0.0,0.0,0.0,0.34708803898999996,429.43058844,347.08803899,183.29751536
2024-07-07T08:00,3600,0.0,0.64316444655,0.0,0.0,0.0,0.64316444655,786.86908395,643.16444655,342.01371636
2024-07-07T09:00,3600,0.0,0.9920898667100001,0.0,0.0,0.0,0.9920898667100001,1210.65945609,992.08986671,534.88189706
2024-07-07T10:00,3600,0.0,1.1504422754199999,0.0,0.0,0.0,1.1504422754199999,1403.91168548,1150.44227542,632.04547174
2024-07-07T11:00,3600,0.0,1.14832665463,0.0,0.0,0.0,1.14832665463,1401.32595753,1148.32665463,631.74569167
2024-07-07T12:00,3600,0.0,1.19462705465,0.0,0.0,0.0,1.19462705465,1457.93850969,1194.62705465,659.8330139
2024-07-07T13:00,3600,0.0,1.2936644309599998,0.0,0.0,0.0,1.2936644309599998,1579.20201615,1293.66443096,722.09794113
2024-07-07T14:00,3600,0.0,1.20202019825,0.0,0.0,0.0,1.20202019825,1466.98290662,1202.02019825,666.91193759
2024-07-07T15:00,3600,0.0,0.91834357938,0.0,0.0,0.0,0.91834357938,1120.85787459,918.34357938,501.20615465
2024-07-07T16:00,3600,0.0,0.5802908710100001,0.0,0.0,0.0,0.5802908710100001,710.80006271,580.29087101,309.35500146
2024-07-07T17:00,3600,0.0,0.25968442904,0.0,0.0,0.0,0.25968442904,324.28709759,259.68442904,138.43212166
2024-07-07T18:00,3600,0.0,0.07014227364,0.0,0.0,0.0,0.07014227364,96.85497976,70.14227364,40.89200623
2024-07-07T19:00,3600,0.0,0.0,0.0,0.0,0.0,0.0,2.30127789,0.0,0.96820194
2024-07-07T20:00,3600,0.0,0.0,0.0,0.0,0.0,0.0,0.0,0.0,0.0
2024-07-07T21:00,3600,0.0,0.0,0.0,0.0,0.0,0.0,0.0,0.0,0.0
2024-07-07T22:00,3600,0.0,0.0,0.0,0.0,0.0,0.0,0.0,0.0,0.0
2024-07-07T23:00,3600,0.0,0.0,0.0,0.0,0.0,0.0,0.0,0.0,0.0
2024-07-08T00:00,3600,0.0,0.0,0.0,0.0,0.0,0.0,0.0,0.0,0.0
2024-07-08T01:00,3600,0.0,0.0,0.0,0.0,0.0,0.0,0.0,0.0,0.0
2024-07-08T02:00,3600,0.0,0.0,0.0,0.0,0.0,0.0,0.0,0.0,0.0
2024-07-08T03:00,3600,0.0,0.0,0.0,0.0,0.0,0.0,0.0,0.0,0.0
2024-07-08T04:00,3600,0.0,0.0,0.0,0.0,0.0,0.0,0.0,0.0,0.0
2024-07-08T05:00,3600,0.0,0.0,0.0,0.0,0.0,0.0,2.33013851,0.0,0.96820194
2024-07-08T06:00,3600,0.0,0.04936377713,0.0,0.0,0.0,0.04936377713,71.97087069,49.36377713,30.19709902
2024-07-08T07:00,3600,0.0,0.28480682202999996,0.0,0.0,0.0,0.28480682202999996,354.49108843,284.80682203,150.79177363
2024-07-08T08:00,3600,1.0870588235294116,0.66485733434,0.66485733434,0.4222014891894116,0.0,0.0,813.13546321,664.85733434,354.04149599
2024-07-08T09:00,3600,1.086230588235294,0.82954269466,0.82954269466,0.2566878935752941,0.0,0.0,1012.89003868,829.54269466,445.1230864
2024-07-08T10:00,3600,1.052687058823529,1.1635406242900002,1.052687058823529,0.0,0.0,0.11085356546647107,1419.92290957,1163.54062429,642.06228195
2024-07-08T11:00,3600,1.051444705882353,1.37413564782,1.051444705882353,0.0,0.0,0.3226909419376469,1677.90230134,1374.13564782,768.06573174
2024-07-08T12:00,3600,1.056414117647059,1.0958294528399999,1.056414117647059,0.0,0.0,0.03941533519294094,1337.19683397,1095.82945284,600.08049125
2024-07-08T13:00,3600,1.051444705882353,1.02409245203,1.02409245203,0.02735225385235296,0.0,0.0,1249.66835437,1024.09245203,558.28062351
2024-07-08T14:00,3600,1.0502023529411766,0.9834792784799999,0.9834792784799999,0.06672307446117665,0.0,0.0,1200.16779381,983.47927848,534.46820286
2024-07-08T15:00,3600,1.043990588235294,0.91712014175,0.91712014175,0.126870446485294,0.0,0.0,1119.36913832,917.12014175,497.04857207
2024-07-08T16:00,3600,1.042748235294118,0.4762099708,0.4762099708,0.5665382644941179,0.0,0.0,585.07125582,476.2099708,254.31475478
2024-07-08T17:00,3600,1.043990588235294,0.25530329368,0.25530329368,0.7886872945552941,0.0,0.0,319.02120663,255.30329368,137.31215849
2024-07-08T18:00,3600,0.0,0.07037807637,0.0,0.0,0.0,0.07037807637,97.13742894,70.37807637,40.94243334
2024-07-08T19:00,3600,0.0,0.0,0.0,0.0,0.0,0.0,2.30540808,0.0,0.96820194
2024-07-08T20:00,3600,0.0,0.0,0.0,0.0,0.0,0.0,0.0,0.0,0.0
2024-07-08T21:00,3600,0.0,0.0,0.0,0.0,0.0,0.0,0.0,0.0,0.0
2024-07-08T22:00,3600,0.0,0.0,0.0,0.0,0.0,0.0,0.0,0.0,0.0
2024-07-08T23:00,3600,0.0,0.0,0.0,0.0,0.0,0.0,0.0,0.0,0.0
2024-07-09T00:00,3600,0.0,0.0,0.0,0.0,0.0,0.0,0.0,0.0,0.0
2024-07-09T01:00,3600,0.0,0.0,0.0,0.0,0.0,0.0,0.0,0.0,0.0
2024-07-09T02:00,3600,0.0,0.0,0.0,0.0,0.0,0.0,0.0,0.0,0.0
2024-07-09T03:00,3600,0.0,0.0,0.0,0.0,0.0,0.0,0.0,0.0,0.0
2024-07-09T04:00,3600,0.0,0.0,0.0,0.0,0.0,0.0,0.0,0.0,0.0
2024-07-09T05:00,3600,0.0,0.0,0.0,0.0,0.0,0.0,2.33260223,0.0,0.96820194
2024-07-09T06:00,3600,0.0,0.05343761828,0.0,0.0,0.0,0.05343761828,76.84891444,53.43761828,32.14145242
2024-07-09T07:00,3600,0.0,0.34710709418,0.0,0.0,0.0,0.34710709418,429.45352968,347.10709418,182.88636469
2024-07-09T08:00,3600,1.0870588235294116,0.7010094211000001,0.7010094211000001,0.38604940242941155,0.0,0.0,856.93316484,701.0094211,373.40076754
2024-07-09T09:00,3600,1.0870588235294116,0.9861166973000001,0.9861166973000001,0.10094212622941157,0.0,0.0,1203.38120285,986.1166973,531.65436766
2024-07-09T10:00,3600,1.0601411764705884,1.22899259589,1.0601411764705884,0.0,0.0,0.16885141941941173,1499.9904027,1228.99259589,679.32729173
2024-07-09T11:00,3600,1.0551717647058825,1.33159063035,1.0551717647058825,0.0,0.0,0.27641886564411755,1625.70060855,1331.59063035,742.27802762
2024-07-09T12:00,3600,1.052687058823529,1.32872413217,1.052687058823529,0.0,0.0,0.276037073346471,1622.18501884,1328.72413217,740.93086703
2024-07-09T13:00,3600,1.0365364705882352,1.1272537737800001,1.0365364705882352,0.0,0.0,0.09071730319176496,1375.57621002,1127.25377378,623.57679242
2024-07-09T14:00,3600,1.0352941176470587,1.03752853774,1.0352941176470587,0.0,0.0,0.0022344200929413915,1266.0530546,1037.52853774,570.50910888
2024-07-09T15:00,3600,1.0377788235294119,1.00486048094,1.00486048094,0.03291834258941195,0.0,0.0,1226.22309819,1004.86048094,550.99319874
2024-07-09T16:00,3600,1.0415058823529413,0.57735105006,0.57735105006,0.4641548322929413,0.0,0.0,707.24543823,577.35105006,309.64818446
2024-07-09T17:00,3600,1.0477176470588236,0.29659045621,0.29659045621,0.7511271908488236,0.0,0.0,368.66306477,296.59045621,158.78582245
2024-07-09T18:00,3600,0.0,0.07358800755,0.0,0.0,0.0,0.07358800755,100.98246935,73.58800755,42.41546695
2024-07-09T19:00,3600,0.0,0.0,0.0,0.0,0.0,0.0,4.62359883,0.0,1.93640388
2024-07-09T20:00,3600,0.0,0.0,0.0,0.0,0.0,0.0,0.0,0.0,0.0
2024-07-09T21:00,3600,0.0,0.0,0.0,0.0,0.0,0.0,0.0,0.0,0.0
2024-07-09T22:00,3600,0.0,0.0,0.0,0.0,0.0,0.0,0.0,0.0,0.0
2024-07-09T23:00,3600,0.0,0.0,0.0,0.0,0.0,0.0,0.0,0.0,0.0
2024-07-10T00:00,3600,0.0,0.0,0.0,0.0,0.0,0.0,0.0,0.0,0.0
2024-07-10T01:00,3600,0.0,0.0,0.0,0.0,0.0,0.0,0.0,0.0,0.0
2024-07-10T02:00,3600,0.0,0.0,0.0,0.0,0.0,0.0,0.0,0.0,0.0
2024-07-10T03:00,3600,0.0,0.0,0.0,0.0,0.0,0.0,0.0,0.0,0.0
2024-07-10T04:00,3600,0.0,0.0,0.0,0.0,0.0,0.0,0.0,0.0,0.0
2024-07-10T05:00,3600,0.0,0.0,0.0,0.0,0.0,0.0,0.0,0.0,0.0
2024-07-10T06:00,3600,0.0,0.053378496660000004,0.0,0.0,0.0,0.053378496660000004,76.77811923,53.37849666,32.18914951
2024-07-10T07:00,3600,0.0,0.32715078280000004,0.0,0.0,0.0,0.32715078280000004,405.43182055,327.1507828,172.60019832
2024-07-10T08:00,3600,1.0870588235294116,0.7045833552,0.7045833552,0.3824754683294116,0.0,0.0,861.26454265,704.5833552,375.22070975
2024-07-10T09:00,3600,1.0870588235294116,0.81313274589,0.81313274589,0.2739260776394117,0.0,0.0,992.95790931,813.13274589,436.08628222
2024-07-10T10:00,3600,1.0638682352941178,1.2206390837,1.0638682352941178,0.0,0.0,0.1567708484058823,1489.76596599,1220.6390837,675.24679431
2024-07-10T11:00,3600,1.0576564705882354,1.4560641685200002,1.0576564705882354,0.0,0.0,0.3984076979317648,1778.54699904,1456.06416852,818.71374814
2024-07-10T12:00,3600,1.0576564705882354,1.4561461127600002,1.0576564705882354,0.0,0.0,0.39848964217176475,1778.64774258,1456.14611276,817.33530195
2024-07-10T13:00,3600,1.0352941176470587,1.2870388450199999,1.0352941176470587,0.0,0.0,0.2517447273729412,1571.08232923,1287.03884502,719.38447541
2024-07-10T14:00,3600,1.0348791701049156,1.20029655536,1.0348791701049156,0.0,0.0,0.16541738525508443,1464.87417518,1200.29655536,668.05228187
2024-07-10T15:00,3600,1.0340442655935616,0.81957342211,0.81957342211,0.2144708434835616,0.0,0.0,1000.78025832,819.57342211,446.43061039
2024-07-10T16:00,3600,1.0344625561067802,0.58689793792,0.58689793792,0.44756461818678017,0.0,0.0,718.78957422,586.89793792,315.9707338
2024-07-10T17:00,3600,1.0352941176470587,0.28603251462,0.28603251462,0.7492616030270587,0.0,0.0,355.96506445,286.03251462,153.82374508
2024-07-10T18:00,3600,0.0,0.06625176147,0.0,0.0,0.0,0.06625176147,92.19502324,66.25176147,38.91740242
2024-07-10T19:00,3600,0.0,0.0,0.0,0.0,0.0,0.0,2.30047508,0.0,0.96820194
2024-07-10T20:00,3600,0.0,0.0,0.0,0.0,0.0,0.0,0.0,0.0,0.0
2024-07-10T21:00,3600,0.0,0.0,0.0,0.0,0.0,0.0,0.0,0.0,0.0
2024-07-10T22:00,3600,0.0,0.0,0.0,0.0,0.0,0.0,0.0,0.0,0.0
2024-07-10T23:00,3600,0.0,0.0,0.0,0.0,0.0,0.0,0.0,0.0,0.0
2024-07-11T00:00,3600,0.0,0.0,0.0,0.0,0.0,0.0,0.0,0.0,0.0
2024-07-11T01:00,3600,0.0,0.0,0.0,0.0,0.0,0.0,0.0,0.0,0.0
2024-07-11T02:00,3600,0.0,0.0,0.0,0.0,0.0,0.0,0.0,0.0,0.0
2024-07-11T03:00,3600,0.0,0.0,0.0,0.0,0.0,0.0,0.0,0.0,0.0
2024-07-11T04:00,3600,0.0,0.0,0.0,0.0,0.0,0.0,0.0,0.0,0.0
2024-07-11T05:00,3600,0.0,0.0,0.0,0.0,0.0,0.0,2.33095282,0.0,0.96820194
2024-07-11T06:00,3600,0.0,0.06492396859,0.0,0.0,0.0,0.06492396859,90.60470266,64.92396859,37.98246212
2024-07-11T07:00,3600,0.0,0.34033863387,0.0,0.0,0.0,0.34033863387,421.30523999,340.33863387,179.53594737
2024-07-11T08:00,3600,1.0870588235294116,0.6057231068300001,0.6057231068300001,0.48133571669941155,0.0,0.0,741.55907287,605.72310683,320.84472297
2024-07-11T09:00,3600,1.0870588235294116,0.9190756685300001,0.9190756685300001,0.16798315499941152,0.0,0.0,1121.74873147,919.07566853,493.62362386
2024-07-11T10:00,3600,1.07008,1.2819498797500002,1.07008,0.0,0.0,0.21186987975000027,1564.84647808,1281.94987975,706.74802189
2024-07-11T11:00,3600,1.062625882352941,1.2308813467800002,1.062625882352941,0.0,0.0,0.16825546442705908,1502.30240082,1230.88134678,677.84477834
2024-07-11T12:00,3600,1.0613835294117648,1.14142731464,1.0613835294117648,0.0,0.0,0.08004378522823519,1392.89425562,1141.42731464,627.66738893
2024-07-11T13:00,3600,1.0477176470588236,1.04389135235,1.04389135235,0.0038262947088236743,0.0,0.0,1273.81367765,1043.89135235,573.28637964
2024-07-11T14:00,3600,1.056414117647059,0.7042615065700001,0.7042615065700001,0.35215261107705886,0.0,0.0,860.87447097,704.26150657,378.35449037
2024-07-11T15:00,3600,1.0539294117647058,0.76060719016,0.76060719016,0.2933222216047058,0.0,0.0,929.19977817,760.60719016,409.818894
2024-07-11T16:00,3600,1.0762917647058825,0.65502208969,0.65502208969,0.4212696750158825,0.0,0.0,801.22534224,655.02208969,348.58236651
2024-07-11T17:00,3600,1.0638682352941178,0.30157647389,0.30157647389,0.7622917614041178,0.0,0.0,374.66059153,301.57647389,160.72669132
2024-07-11T18:00,3600,0.0,0.07899563708,0.0,0.0,0.0,0.07899563708,107.46055042,78.99563708,45.32139899
2024-07-11T19:00,3600,0.0,0.0,0.0,0.0,0.0,0.0,2.30707973,0.0,0.96820194
2024-07-11T20:00,3600,0.0,0.0,0.0,0.0,0.0,0.0,0.0,0.0,0.0
2024-07-11T21:00,3600,0.0,0.0,0.0,0.0,0.0,0.0,0.0,0.0,0.0
2024-07-11T22:00,3600,0.0,0.0,0.0,0.0,0.0,0.0,0.0,0.0,0.0
2024-07-11T23:00,3600,0.0,0.0,0.0,0.0,0.0,0.0,0.0,0.0,0.0
2024-07-12T00:00,3600,0.0,0.0,0.0,0.0,0.0,0.0,0.0,0.0,0.0
2024-07-12T01:00,3600,0.0,0.0,0.0,0.0,0.0,0.0,0.0,0.0,0.0
2024-07-12T02:00,3600,0.0,0.0,0.0,0.0,0.0,0.0,0.0,0.0,0.0
2024-07-12T03:00,3600,0.0,0.0,0.0,0.0,0.0,0.0,0.0,0.0,0.0
2024-07-12T04:00,3600,0.0,0.0,0.0,0.0,0.0,0.0,0.0,0.0,0.0
2024-07-12T05:00,3600,0.0,0.0,0.0,0.0,0.0,0.0,0.0,0.0,0.0
2024-07-12T06:00,3600,0.0,0.05140829809,0.0,0.0,0.0,0.05140829809,74.41894788,51.40829809,31.14145242
2024-07-12T07:00,3600,0.0,0.29999111346,0.0,0.0,0.0,0.29999111346,372.75355055,299.99111346,158.02868894
2024-07-12T08:00,3600,1.0870588235294116,0.587022876,0.587022876,0.5000359475294116,0.0,0.0,718.9406635,587.022876,309.84638876
2024-07-12T09:00,3600,1.0870588235294116,0.9292067681800001,0.9292067681800001,0.1578520553494115,0.0,0.0,1134.07822175,929.20676818,498.11159911
2024-07-12T10:00,3600,1.0787764705882352,1.02258426649,1.02258426649,0.05619220409823522,0.0,0.0,1247.82945086,1022.58426649,553.91340305
2024-07-12T11:00,3600,1.0775341176470588,1.3772526549100002,1.0775341176470588,0.0,0.0,0.2997185372629414,1681.72847059,1377.25265491,761.74074126
2024-07-12T12:00,3600,1.0713223529411764,1.4463192745500002,1.0713223529411764,0.0,0.0,0.3749969216088238,1766.56760682,1446.31927455,806.19022454
2024-07-12T13:00,3600,1.0477176470588236,1.16860752035,1.0477176470588236,0.0,0.0,0.12088987329117629,1426.11767963,1168.60752035,642.41998474
2024-07-12T14:00,3600,1.0713223529411764,0.52368875356,0.52368875356,0.5476335993811764,0.0,0.0,642.39498673,523.68875356,277.56672427
2024-07-12T15:00,3600,1.07008,0.48168358412999995,0.48168358412999995,0.5883964158699999,0.0,0.0,591.67726791,481.68358413,255.65848982
2024-07-12T16:00,3600,1.072564705882353,0.39069957688,0.39069957688,0.6818651290023531,0.0,0.0,481.95730405,390.69957688,207.12404499
2024-07-12T17:00,3600,1.0675952941176472,0.28728203204,0.28728203204,0.7803132620776472,0.0,0.0,357.46772571,287.28203204,153.07397117
2024-07-12T18:00,3600,0.0,0.08648331875,0.0,0.0,0.0,0.08648331875,116.43149347,86.48331875,49.03468822
2024-07-12T19:00,3600,0.0,0.0,0.0,0.0,0.0,0.0,2.31199565,0.0,0.96820194
2024-07-12T20:00,3600,0.0,0.0,0.0,0.0,0.0,0.0,0.0,0.0,0.0
2024-07-12T21:00,3600,0.0,0.0,0.0,0.0,0.0,0.0,0.0,0.0,0.0
2024-07-12T22:00,3600,0.0,0.0,0.0,0.0,0.0,0.0,0.0,0.0,0.0
2024-07-12T23:00,3600,0.0,0.0,0.0,0.0,0.0,0.0,0.0,0.0,0.0
2024-07-13T00:00,3600,0.0,0.0,0.0,0.0,0.0,0.0,0.0,0.0,0.0
2024-07-13T01:00,3600,0.0,0.0,0.0,0.0,0.0,0.0,0.0,0.0,0.0
2024-07-13T02:00,3600,0.0,0.0,0.0,0.0,0.0,0.0,0.0,0.0,0.0
2024-07-13T03:00,3600,0.0,0.0,0.0,0.0,0.0,0.0,0.0,0.0,0.0
2024-07-13T04:00,3600,0.0,0.0,0.0,0.0,0.0,0.0,0.0,0.0,0.0
2024-07-13T05:00,3600,0.0,0.0,0.0,0.0,0.0,0.0,0.0,0.0,0.0
2024-07-13T06:00,3600,0.0,0.04948773787,0.0,0.0,0.0,0.04948773787,72.11929671,49.48773787,30.17325048
2024-07-13T07:00,3600,0.0,0.25815050176,0.0,0.0,0.0,0.25815050176,322.44335046,258.15050176,136.56699928
2024-07-13T08:00,3600,0.0,0.6068451381800001,0.0,0.0,0.0,0.6068451381800001,742.91644972,606.84513818,321.46319832
2024-07-13T09:00,3600,0.0,0.86677351955,0.0,0.0,0.0,0.86677351955,1058.1348232,866.77351955,465.29482793
2024-07-13T10:00,3600,0.0,1.06465776357,0.0,0.0,0.0,1.06465776357,1299.14866098,1064.65776357,580.9432547
2024-07-13T11:00,3600,0.0,1.0346670858099998,0.0,0.0,0.0,1.0346670858099998,1262.56329301,1034.66708581,565.34040911
2024-07-13T12:00,3600,0.0,1.0091952426200002,0.0,0.0,0.0,1.0091952426200002,1231.50676074,1009.19524262,547.97474622
2024-07-13T13:00,3600,0.0,1.06146055269,0.0,0.0,0.0,1.06146055269,1295.24741881,1061.46055269,577.02365917
2024-07-13T14:00,3600,0.0,1.12507047263,0.0,0.0,0.0,1.12507047263,1372.9089429,1125.07047263,615.60219085
2024-07-13T15:00,3600,0.0,0.72621173816,0.0,0.0,0.0,0.72621173816,887.48294176,726.21173816,389.29279551
2024-07-13T16:00,3600,0.0,0.57421011482,0.0,0.0,0.0,0.57421011482,703.44785588,574.21011482,305.79979948
2024-07-13T17:00,3600,0.0,0.31287148361,0.0,0.0,0.0,0.31287148361,388.2490524,312.87148361,166.63001866
2024-07-13T18:00,3600,0.0,0.07737691051,0.0,0.0,0.0,0.07737691051,105.52132629,77.37691051,44.33604771
2024-07-13T19:00,3600,0.0,0.0,0.0,0.0,0.0,0.0,2.31531096,0.0,0.96820194
2024-07-13T20:00,3600,0.0,0.0,0.0,0.0,0.0,0.0,0.0,0.0,0.0
2024-07-13T21:00,3600,0.0,0.0,0.0,0.0,0.0,0.0,0.0,0.0,0.0
2024-07-13T22:00,3600,0.0,0.0,0.0,0.0,0.0,0.0,0.0,0.0,0.0
2024-07-13T23:00,3600,0.0,0.0,0.0,0.0,0.0,0.0,0.0,0.0,0.0
2024-07-14T00:00,3600,0.0,0.0,0.0,0.0,0.0,0.0,0.0,0.0,0.0
2024-07-14T01:00,3600,0.0,0.0,0.0,0.0,0.0,0.0,0.0,0.0,0.0
2024-07-14T02:00,3600,0.0,0.0,0.0,0.0,0.0,0.0,0.0,0.0,0.0
2024-07-14T03:00,3600,0.0,0.0,0.0,0.0,0.0,0.0,0.0,0.0,0.0
2024-07-14T04:00,3600,0.0,0.0,0.0,0.0,0.0,0.0,0.0,0.0,0.0
2024-07-14T05:00,3600,0.0,0.0,0.0,0.0,0.0,0.0,0.0,0.0,0.0
2024-07-14T06:00,3600,0.0,0.06108997117,0.0,0.0,0.0,0.06108997117,86.01287429,61.08997117,35.98246212
2024-07-14T07:00,3600,0.0,0.34589486273,0.0,0.0,0.0,0.34589486273,427.99409578,345.89486273,181.77494218
2024-07-14T08:00,3600,0.0,0.64681126064,0.0,0.0,0.0,0.64681126064,791.28400727,646.81126064,342.47352074
2024-07-14T09:00,3600,0.0,0.94970537849,0.0,0.0,0.0,0.94970537849,1159.03213642,949.70537849,510.16854971
2024-07-14T10:00,3600,0.0,0.98543367712,0.0,0.0,0.0,0.98543367712,1202.54900138,985.43367712,537.18739202
2024-07-14T11:00,3600,0.0,1.39304023683,0.0,0.0,0.0,1.39304023683,1701.11146828,1393.04023683,778.08937885
2024-07-14T12:00,3600,0.0,1.27569169544,0.0,0.0,0.0,1.27569169544,1557.17873766,1275.69169544,709.69338773
2024-07-14T13:00,3600,0.0,1.33915052553,0.0,0.0,0.0,1.33915052553,1634.9732986,1339.15052553,755.13398628
2024-07-14T14:00,3600,0.0,1.29909014669,0.0,0.0,0.0,1.29909014669,1585.85202434,1299.09014669,731.4186771
2024-07-14T15:00,3600,0.0,0.9606999490099999,0.0,0.0,0.0,0.9606999490099999,1172.42032664,960.69994901,528.60667378
2024-07-14T16:00,3600,0.0,0.6052556276,0.0,0.0,0.0,0.6052556276,740.9935485,605.2556276,326.72735818
2024-07-14T17:00,3600,0.0,0.33502305799,0.0,0.0,0.0,0.33502305799,414.90673699,335.02305799,179.53100173
2024-07-14T18:00,3600,0.0,0.0760714397,0.0,0.0,0.0,0.0760714397,103.95742243,76.0714397,43.8925504
2024-07-14T19:00,3600,0.0,0.0,0.0,0.0,0.0,0.0,2.30540684,0.0,0.96820194
2024-07-14T20:00,3600,0.0,0.0,0.0,0.0,0.0,0.0,0.0,0.0,0.0
2024-07-14T21:00,3600,0.0,0.0,0.0,0.0,0.0,0.0,0.0,0.0,0.0
2024-07-14T22:00,3600,0.0,0.0,0.0,0.0,0.0,0.0,0.0,0.0,0.0
2024-07-14T23:00,3600,0.0,0.0,0.0,0.0,0.0,0.0,0.0,0.0,0.0
2024-07-15T00:00,3600,0.0,0.0,0.0,0.0,0.0,0.0,0.0,0.0,0.0
2024-07-15T01:00,3600,0.0,0.0,0.0,0.0,0.0,0.0,0.0,0.0,0.0
2024-07-15T02:00,3600,0.0,0.0,0.0,0.0,0.0,0.0,0.0,0.0,0.0
2024-07-15T03:00,3600,0.0,0.0,0.0,0.0,0.0,0.0,0.0,0.0,0.0
2024-07-15T04:00,3600,0.0,0.0,0.0,0.0,0.0,0.0,0.0,0.0,0.0
2024-07-15T05:00,3600,0.0,0.0,0.0,0.0,0.0,0.0,0.0,0.0,0.0
2024-07-15T06:00,3600,0.0,0.04744304247,0.0,0.0,0.0,0.04744304247,69.67109667,47.44304247,29.19709902
2024-07-15T07:00,3600,0.0,0.32451670143,0.0,0.0,0.0,0.32451670143,402.26179951,324.51670143,170.81404638
2024-07-15T08:00,3600,1.0870588235294116,0.59129983406,0.59129983406,0.49575898946941166,0.0,0.0,724.1130578,591.29983406,312.03228893
2024-07-15T09:00,3600,1.0870588235294116,0.90453038623,0.90453038623,0.1825284372994116,0.0,0.0,1104.05133186,904.53038623,482.17596126
2024-07-15T10:00,3600,1.0663529411764705,1.21451327302,1.0663529411764705,0.0,0.0,0.1481603318435294,1482.26920336,1214.51327302,664.49422712
2024-07-15T11:00,3600,1.062625882352941,1.33415903964,1.062625882352941,0.0,0.0,0.27153315728705896,1628.85077422,1334.15903964,736.34478805
2024-07-15T12:00,3600,1.052687058823529,1.3798048930299998,1.052687058823529,0.0,0.0,0.32711783420647067,1684.86154888,1379.80489303,767.05643712
2024-07-15T13:00,3600,1.03508685155744,1.4019322431699999,1.03508685155744,0.0,0.0,0.3668453916125598,1712.03110473,1401.93224317,785.84939915
2024-07-15T14:00,3600,1.033202614379085,1.19397301668,1.033202614379085,0.0,0.0,0.1607704023009151,1457.13845427,1193.97301668,664.00860274
2024-07-15T15:00,3600,1.0377788235294119,1.01349224649,1.01349224649,0.02428657703941184,0.0,0.0,1236.74482867,1013.49224649,555.15361307
2024-07-15T16:00,3600,1.051444705882353,0.62108429981,0.62108429981,0.43036040607235304,0.0,0.0,760.14473934,621.08429981,331.83348201
2024-07-15T17:00,3600,1.0539294117647058,0.29550162067999997,0.29550162067999997,0.7584277910847058,0.0,0.0,367.35341155,295.50162068,157.98760608
2024-07-15T18:00,3600,0.0,0.08206772746,0.0,0.0,0.0,0.08206772746,111.14105324,82.06772746,46.79430332
2024-07-15T19:00,3600,0.0,0.0,0.0,0.0,0.0,0.0,2.30871243,0.0,0.96820194
2024-07-15T20:00,3600,0.0,0.0,0.0,0.0,0.0,0.0,0.0,0.0,0.0
2024-07-15T21:00,3600,0.0,0.0,0.0,0.0,0.0,0.0,0.0,0.0,0.0
2024-07-15T22:00,3600,0.0,0.0,0.0,0.0,0.0,0.0,0.0,0.0,0.0
2024-07-15T23:00,3600,0.0,0.0,0.0,0.0,0.0,0.0,0.0,0.0,0.0
2024-07-16T00:00,3600,0.0,0.0,0.0,0.0,0.0,0.0,0.0,0.0,0.0
2024-07-16T01:00,3600,0.0,0.0,0.0,0.0,0.0,0.0,0.0,0.0,0.0
2024-07-16T02:00,3600,0.0,0.0,0.0,0.0,0.0,0.0,0.0,0.0,0.0
2024-07-16T03:00,3600,0.0,0.0,0.0,0.0,0.0,0.0,0.0,0.0,0.0
2024-07-16T04:00,3600,0.0,0.0,0.0,0.0,0.0,0.0,0.0,0.0,0.0
2024-07-16T05:00,3600,0.0,0.0,0.0,0.0,0.0,0.0,0.0,0.0,0.0
2024-07-16T06:00,3600,0.0,0.059042390830000006,0.0,0.0,0.0,0.059042390830000006,83.56069958,59.04239083,34.99836115
2024-07-16T07:00,3600,0.0,0.29656827971000005,0.0,0.0,0.0,0.29656827971000005,368.63639057,296.56827971,156.22734889
2024-07-16T08:00,3600,1.0870588235294116,0.62304985442,0.62304985442,0.4640089691094116,0.0,0.0,762.5232691,623.04985442,329.28791349
2024-07-16T09:00,3600,1.0870588235294116,0.86157695153,0.86157695153,0.2254818719994116,0.0,0.0,1051.81778402,861.57695153,459.61298305
2024-07-16T10:00,3600,1.0663529411764705,1.10373683757,1.0663529411764705,0.0,0.0,0.03738389639352957,1346.85217665,1103.73683757,600.65210392
2024-07-16T11:00,3600,1.0613835294117648,1.18602298588,1.0613835294117648,0.0,0.0,0.12463945646823515,1447.41433559,1186.02298588,650.74856631
2024-07-16T12:00,3600,1.0688376470588234,1.39827968685,1.0688376470588234,0.0,0.0,0.3294420397911766,1707.54543568,1398.27968685,773.4517673
2024-07-16T13:00,3600,1.0502023529411766,1.0339676650399998,1.0339676650399998,0.01623468790117677,0.0,0.0,1261.71032419,1033.96766504,562.00591052
2024-07-16T14:00,3600,1.0775341176470588,0.77765750542,0.77765750542,0.29987661222705875,0.0,0.0,949.8893983,777.65750542,414.65163809
2024-07-16T15:00,3600,1.058898823529412,0.63594243207,0.63594243207,0.4229563914594119,0.0,0.0,778.12682297,635.94243207,339.32235622
2024-07-16T16:00,3600,1.0849882352941176,0.54731240662,0.54731240662,0.5376758286741176,0.0,0.0,670.93599093,547.31240662,289.23404729
2024-07-16T17:00,3600,1.0849882352941176,0.22943658140999998,0.22943658140999998,0.8555516538841176,0.0,0.0,287.93946134,229.43658141,122.30794036
2024-07-16T18:00,3600,0.0,0.07330124519999999,0.0,0.0,0.0,0.07330124519999999,100.6389597,73.3012452,42.1039555
2024-07-16T19:00,3600,0.0,0.0,0.0,0.0,0.0,0.0,2.32190404,0.0,0.96820194
2024-07-16T20:00,3600,0.0,0.0,0.0,0.0,0.0,0.0,0.0,0.0,0.0
2024-07-16T21:00,3600,0.0,0.0,0.0,0.0,0.0,0.0,0.0,0.0,0.0
2024-07-16T22:00,3600,0.0,0.0,0.0,0.0,0.0,0.0,0.0,0.0,0.0
2024-07-16T23:00,3600,0.0,0.0,0.0,0.0,0.0,0.0,0.0,0.0,0.0
2024-07-17T00:00,3600,0.0,0.0,0.0,0.0,0.0,0.0,0.0,0.0,0.0
2024-07-17T01:00,3600,0.0,0.0,0.0,0.0,0.0,0.0,0.0,0.0,0.0
2024-07-17T02:00,3600,0.0,0.0,0.0,0.0,0.0,0.0,0.0,0.0,0.0
2024-07-17T03:00,3600,0.0,0.0,0.0,0.0,0.0,0.0,0.0,0.0,0.0
2024-07-17T04:00,3600,0.0,0.0,0.0,0.0,0.0,0.0,0.0,0.0,0.0
2024-07-17T05:00,3600,0.0,0.0,0.0,0.0,0.0,0.0,0.0,0.0,0.0
2024-07-17T06:00,3600,0.0,0.055545411680000004,0.0,0.0,0.0,0.055545411680000004,79.37294261,55.54541168,33.09375533
2024-07-17T07:00,3600,0.0,0.25879768586,0.0,0.0,0.0,0.25879768586,323.22124527,258.79768586,136.07628626
2024-07-17T08:00,3600,1.0870588235294116,0.5066448770299999,0.5066448770299999,0.5804139464994117,0.0,0.0,621.81115761,506.64487703,265.18672665
2024-07-17T09:00,3600,1.0870588235294116,0.90350766738,0.90350766738,0.18355115614941164,0.0,0.0,1102.80716189,903.50766738,479.99842599
2024-07-17T10:00,3600,1.0713223529411764,0.95547963218,0.95547963218,0.11584272076117641,0.0,0.0,1166.06315132,955.47963218,516.84439103
2024-07-17T11:00,3600,1.0613835294117648,1.01915668456,1.01915668456,0.042226844851764866,0.0,0.0,1243.65045747,1019.15668456,554.30282968
2024-07-17T12:00,3600,1.0601411764705884,0.8647114765899999,0.8647114765899999,0.19542969988058845,0.0,0.0,1055.62809357,864.71147659,466.08120574
2024-07-17T13:00,3600,1.0800188235294121,1.20214187076,1.0800188235294121,0.0,0.0,0.12212304723058787,1467.13176528,1202.14187076,654.57523274
2024-07-17T14:00,3600,1.056414117647059,1.06553166489,1.056414117647059,0.0,0.0,0.009117547242941004,1300.2150381,1065.53166489,580.51066327
2024-07-17T15:00,3600,1.052687058823529,0.73372423959,0.73372423959,0.3189628192335291,0.0,0.0,896.59224907,733.72423959,393.67145788
2024-07-17T16:00,3600,1.0750494117647058,0.55848755233,0.55848755233,0.5165618594347058,0.0,0.0,684.44166155,558.48755233,295.60582546
2024-07-17T17:00,3600,1.0787764705882352,0.23584219307999998,0.23584219307999998,0.8429342775082352,0.0,0.0,295.63513994,235.84219308,125.80790822
2024-07-17T18:00,3600,0.0,0.05612319851,0.0,0.0,0.0,0.05612319851,80.06484442,56.12319851,33.44661062
2024-07-17T19:00,3600,0.0,0.0,0.0,0.0,0.0,0.0,2.32603304,0.0,0.96820194
2024-07-17T20:00,3600,0.0,0.0,0.0,0.0,0.0,0.0,0.0,0.0,0.0
2024-07-17T21:00,3600,0.0,0.0,0.0,0.0,0.0,0.0,0.0,0.0,0.0
2024-07-17T22:00,3600,0.0,0.0,0.0,0.0,0.0,0.0,0.0,0.0,0.0
2024-07-17T23:00,3600,0.0,0.0,0.0,0.0,0.0,0.0,0.0,0.0,0.0
2024-07-18T00:00,3600,0.0,0.0,0.0,0.0,0.0,0.0,0.0,0.0,0.0
2024-07-18T01:00,3600,0.0,0.0,0.0,0.0,0.0,0.0,0.0,0.0,0.0
2024-07-18T02:00,3600,0.0,0.0,0.0,0.0,0.0,0.0,0.0,0.0,0.0
2024-07-18T03:00,3600,0.0,0.0,0.0,0.0,0.0,0.0,0.0,0.0,0.0
2024-07-18T04:00,3600,0.0,0.0,0.0,0.0,0.0,0.0,0.0,0.0,0.0
2024-07-18T05:00,3600,0.0,0.0,0.0,0.0,0.0,0.0,0.0,0.0,0.0
2024-07-18T06:00,3600,0.0,0.041887117439999996,0.0,0.0,0.0,0.041887117439999996,63.01921568,41.88711744,26.32429125
2024-07-18T07:00,3600,0.0,0.27769071976,0.0,0.0,0.0,0.27769071976,345.93416553,277.69071976,146.09085931
2024-07-18T08:00,3600,1.0870588235294116,0.6071879488299999,0.6071879488299999,0.4798708746994117,0.0,0.0,743.33117039,607.18794883,319.7809987
2024-07-18T09:00,3600,1.0870588235294116,0.90704158705,0.90704158705,0.1800172364794116,0.0,0.0,1107.10638936,907.04158705,484.97898439
2024-07-18T10:00,3600,1.07008,0.9677752496700001,0.9677752496700001,0.10230475032999986,0.0,0.0,1181.03745877,967.77524967,523.47963275
2024-07-18T11:00,3600,1.072564705882353,1.09865350401,1.072564705882353,0.0,0.0,0.026088798127646973,1340.64498583,1098.65350401,596.71470562
2024-07-18T12:00,3600,1.0870588235294116,0.9725373191400001,0.9725373191400001,0.11452150438941155,0.0,0.0,1186.83791604,972.53731914,519.94786463
2024-07-18T13:00,3600,1.0870588235294116,0.9754124665399999,0.9754124665399999,0.11164635698941172,0.0,0.0,1190.34025372,975.41246654,520.5193877
2024-07-18T14:00,3600,0.6599738813254854,0.38533093972000004,0.38533093972000004,0.27464294160548536,0.0,0.0,475.48890774,385.33093972,201.68553461
2024-07-18T15:00,3600,0.6183860852941178,0.47432022739,0.47432022739,0.14406585790411774,0.0,0.0,582.79071224,474.32022739,247.70921421
2024-07-18T16:00,3600,0.5729890264705882,0.29804536587,0.29804536587,0.2749436606005882,0.0,0.0,370.41307365,298.04536587,156.0901264
2024-07-18T17:00,3600,0.5697353647058823,0.22473131985000003,0.22473131985000003,0.3450040448558822,0.0,0.0,282.28715543,224.73131985,118.70423066
2024-07-18T18:00,3600,0.0,0.0550043564,0.0,0.0,0.0,0.0550043564,78.72503361,55.0043564,32.68368391
2024-07-18T19:00,3600,0.0,0.0,0.0,0.0,0.0,0.0,2.33837345,0.0,0.96820194
2024-07-18T20:00,3600,0.0,0.0,0.0,0.0,0.0,0.0,0.0,0.0,0.0
2024-07-18T21:00,3600,0.0,0.0,0.0,0.0,0.0,0.0,0.0,0.0,0.0
2024-07-18T22:00,3600,0.0,0.0,0.0,0.0,0.0,0.0,0.0,0.0,0.0
2024-07-18T23:00,3600,0.0,0.0,0.0,0.0,0.0,0.0,0.0,0.0,0.0
2024-07-19T00:00,3600,0.0,0.0,0.0,0.0,0.0,0.0,0.0,0.0,0.0
2024-07-19T01:00,3600,0.0,0.0,0.0,0.0,0.0,0.0,0.0,0.0,0.0
2024-07-19T02:00,3600,0.0,0.0,0.0,0.0,0.0,0.0,0.0,0.0,0.0
2024-07-19T03:00,3600,0.0,0.0,0.0,0.0,0.0,0.0,0.0,0.0,0.0
2024-07-19T04:00,3600,0.0,0.0,0.0,0.0,0.0,0.0,0.0,0.0,0.0
2024-07-19T05:00,3600,0.0,0.0,0.0,0.0,0.0,0.0,0.0,0.0,0.0
2024-07-19T06:00,3600,0.0,0.045967463109999995,0.0,0.0,0.0,0.045967463109999995,67.90438015,45.96746311,28.26069514
2024-07-19T07:00,3600,0.0,0.29202122265,0.0,0.0,0.0,0.29202122265,363.16735946,292.02122265,153.07247975
2024-07-19T08:00,3600,0.9440261479846405,0.56822394822,0.56822394822,0.37580219976464047,0.0,0.0,696.21083118,568.22394822,297.74254648
2024-07-19T09:00,3600,0.7454890382352942,0.89060749962,0.7454890382352942,0.0,0.0,0.14511846138470574,1087.11576038,890.60749962,471.70893323
2024-07-19T10:00,3600,0.9028980941176471,1.19861499424,0.9028980941176471,0.0,0.0,0.29571690012235285,1462.81699412,1198.61499424,651.92156484
2024-07-19T11:00,3600,0.9616244264705883,1.3921609252600002,0.9616244264705883,0.0,0.0,0.4305364987894119,1700.03175018,1392.16092526,765.39472003
2024-07-19T12:00,3600,0.9574204588235296,1.37228158473,0.9574204588235296,0.0,0.0,0.4148611259064705,1675.62652205,1372.28158473,755.25011496
2024-07-19T13:00,3600,0.8163529794117647,0.80930212567,0.80930212567,0.007050853741764618,0.0,0.0,988.30598281,809.30212567,433.96858188
2024-07-19T14:00,3600,0.6805810235294117,0.42122898018,0.42122898018,0.25935204334941175,0.0,0.0,518.7528566,421.22898018,222.13351153
2024-07-19T15:00,3600,0.670677811764706,0.30997354080999995,0.30997354080999995,0.36070427095470603,0.0,0.0,384.76241213,309.97354081,164.48720491
2024-07-19T16:00,3600,0.6267750088235294,0.16455136243000001,0.16455136243000001,0.4622236463935294,0.0,0.0,210.03770219,164.55136243,89.07457861
2024-07-19T17:00,3600,0.6086391323529413,0.07155751221000001,0.07155751221000001,0.5370816201429414,0.0,0.0,98.55019884,71.55751221,41.63268348
2024-07-19T18:00,3600,0.0,0.02995268171,0.0,0.0,0.0,0.02995268171,48.73289038,29.95268171,20.33224077
2024-07-19T19:00,3600,0.0,0.0,0.0,0.0,0.0,0.0,2.32683522,0.0,0.96820194
2024-07-19T20:00,3600,0.0,0.0,0.0,0.0,0.0,0.0,0.0,0.0,0.0
2024-07-19T21:00,3600,0.0,0.0,0.0,0.0,0.0,0.0,0.0,0.0,0.0
2024-07-19T22:00,3600,0.0,0.0,0.0,0.0,0.0,0.0,0.0,0.0,0.0
2024-07-19T23:00,3600,0.0,0.0,0.0,0.0,0.0,0.0,0.0,0.0,0.0
2024-07-20T00:00,3600,0.0,0.0,0.0,0.0,0.0,0.0,0.0,0.0,0.0
2024-07-20T01:00,3600,0.0,0.0,0.0,0.0,0.0,0.0,0.0,0.0,0.0
2024-07-20T02:00,3600,0.0,0.0,0.0,0.0,0.0,0.0,0.0,0.0,0.0
2024-07-20T03:00,3600,0.0,0.0,0.0,0.0,0.0,0.0,0.0,0.0,0.0
2024-07-20T04:00,3600,0.0,0.0,0.0,0.0,0.0,0.0,0.0,0.0,0.0
2024-07-20T05:00,3600,0.0,0.0,0.0,0.0,0.0,0.0,0.0,0.0,0.0
2024-07-20T06:00,3600,0.0,0.05150494304,0.0,0.0,0.0,0.05150494304,74.53467127,51.50494304,31.16530096
2024-07-20T07:00,3600,0.0,0.31449795417000004,0.0,0.0,0.0,0.31449795417000004,390.2060112,314.49795417,165.47823933
2024-07-20T08:00,3600,0.0,0.68259302654,0.0,0.0,0.0,0.68259302654,834.61827872,682.59302654,361.19730705
2024-07-20T09:00,3600,0.0,1.0168237795700001,0.0,0.0,0.0,1.0168237795700001,1240.80627689,1016.82377957,546.51492471
2024-07-20T10:00,3600,0.0,1.27596696022,0.0,0.0,0.0,1.27596696022,1557.51598212,1275.96696022,702.53740609
2024-07-20T11:00,3600,0.0,1.38868936716,0.0,0.0,0.0,1.38868936716,1695.76915731,1388.68936716,770.21888937
2024-07-20T12:00,3600,0.0,1.41459414747,0.0,0.0,0.0,1.41459414747,1727.58350838,1414.59414747,787.55062039
2024-07-20T13:00,3600,0.0,1.07660704458,0.0,0.0,0.0,1.07660704458,1313.73129226,1076.60704458,591.98145095
2024-07-20T14:00,3600,0.0,0.8520471913600001,0.0,0.0,0.0,0.8520471913600001,1040.2348484,852.04719136,461.27229217
2024-07-20T15:00,3600,0.0,0.71399480663,0.0,0.0,0.0,0.71399480663,872.67200342,713.99480663,380.43293544
2024-07-20T16:00,3600,0.0,0.58518514744,0.0,0.0,0.0,0.58518514744,716.71830959,585.18514744,309.53157085
2024-07-20T17:00,3600,0.0,0.28936852323,0.0,0.0,0.0,0.28936852323,359.97700325,289.36852323,153.88952996
2024-07-20T18:00,3600,0.0,0.08091182924,0.0,0.0,0.0,0.08091182924,109.75621075,80.91182924,46.17078301
2024-07-20T19:00,3600,0.0,0.0,0.0,0.0,0.0,0.0,2.31365732,0.0,0.96820194
2024-07-20T20:00,3600,0.0,0.0,0.0,0.0,0.0,0.0,0.0,0.0,0.0
2024-07-20T21:00,3600,0.0,0.0,0.0,0.0,0.0,0.0,0.0,0.0,0.0
2024-07-20T22:00,3600,0.0,0.0,0.0,0.0,0.0,0.0,0.0,0.0,0.0
2024-07-20T23:00,3600,0.0,0.0,0.0,0.0,0.0,0.0,0.0,0.0,0.0
2024-07-21T00:00,3600,0.0,0.0,0.0,0.0,0.0,0.0,0.0,0.0,0.0
2024-07-21T01:00,3600,0.0,0.0,0.0,0.0,0.0,0.0,0.0,0.0,0.0
2024-07-21T02:00,3600,0.0,0.0,0.0,0.0,0.0,0.0,0.0,0.0,0.0
2024-07-21T03:00,3600,0.0,0.0,0.0,0.0,0.0,0.0,0.0,0.0,0.0
2024-07-21T04:00,3600,0.0,0.0,0.0,0.0,0.0,0.0,0.0,0.0,0.0
2024-07-21T05:00,3600,0.0,0.0,0.0,0.0,0.0,0.0,0.0,0.0,0.0
2024-07-21T06:00,3600,0.0,0.04168457645,0.0,0.0,0.0,0.04168457645,62.77673444,41.68457645,26.26069514
2024-07-21T07:00,3600,0.0,0.2990937226,0.0,0.0,0.0,0.2990937226,371.67409764,299.0937226,157.42293424
2024-07-21T08:00,3600,0.0,0.48488103823,0.0,0.0,0.0,0.48488103823,595.53653259,484.88103823,254.75870903
2024-07-21T09:00,3600,0.0,0.6252340441500001,0.0,0.0,0.0,0.6252340441500001,765.16647304,625.23404415,329.53838108
2024-07-21T10:00,3600,0.0,0.9995027117099999,0.0,0.0,0.0,0.9995027117099999,1219.69308654,999.50271171,539.15390962
2024-07-21T11:00,3600,0.0,1.04773903056,0.0,0.0,0.0,1.04773903056,1278.50708395,1047.73903056,568.62077723
2024-07-21T12:00,3600,0.0,1.1262351830800001,0.0,0.0,0.0,1.1262351830800001,1374.3318175,1126.23518308,614.42733915
2024-07-21T13:00,3600,0.0,1.12057118246,0.0,0.0,0.0,1.12057118246,1367.41265794,1120.57118246,614.39935464
2024-07-21T14:00,3600,0.0,1.13903742999,0.0,0.0,0.0,1.13903742999,1389.97382965,1139.03742999,625.47909548
2024-07-21T15:00,3600,0.0,0.79934368007,0.0,0.0,0.0,0.79934368007,976.21395967,799.34368007,430.48023939
2024-07-21T16:00,3600,0.0,0.26458773952000003,0.0,0.0,0.0,0.26458773952000003,330.18111954,264.58773952,141.55028294
2024-07-21T17:00,3600,0.0,0.17420740995,0.0,0.0,0.0,0.17420740995,221.62495151,174.20740995,94.68161662
2024-07-21T18:00,3600,0.0,0.06073808144,0.0,0.0,0.0,0.06073808144,85.5914459,60.73808144,35.93321945
2024-07-21T19:00,3600,0.0,0.0,0.0,0.0,0.0,0.0,2.31282578,0.0,0.96820194
2024-07-21T20:00,3600,0.0,0.0,0.0,0.0,0.0,0.0,0.0,0.0,0.0
2024-07-21T21:00,3600,0.0,0.0,0.0,0.0,0.0,0.0,0.0,0.0,0.0
2024-07-21T22:00,3600,0.0,0.0,0.0,0.0,0.0,0.0,0.0,0.0,0.0
2024-07-21T23:00,3600,0.0,0.0,0.0,0.0,0.0,0.0,0.0,0.0,0.0
2024-07-22T00:00,3600,0.0,0.0,0.0,0.0,0.0,0.0,0.0,0.0,0.0
2024-07-22T01:00,3600,0.0,0.0,0.0,0.0,0.0,0.0,0.0,0.0,0.0
2024-07-22T02:00,3600,0.0,0.0,0.0,0.0,0.0,0.0,0.0,0.0,0.0
2024-07-22T03:00,3600,0.0,0.0,0.0,0.0,0.0,0.0,0.0,0.0,0.0
2024-07-22T04:00,3600,0.0,0.0,0.0,0.0,0.0,0.0,0.0,0.0,0.0
2024-07-22T05:00,3600,0.0,0.0,0.0,0.0,0.0,0.0,0.0,0.0,0.0
2024-07-22T06:00,3600,0.0,0.03976050376,0.0,0.0,0.0,0.03976050376,60.47328727,39.76050376,25.28454368
2024-07-22T07:00,3600,0.0,0.18679240279,0.0,0.0,0.0,0.18679240279,236.73001946,186.79240279,99.59430265
2024-07-22T08:00,3600,1.0870588235294116,0.45176935658999995,0.45176935658999995,0.6352894669394117,0.0,0.0,555.58248371,451.76935659,236.75654062
2024-07-22T09:00,3600,1.0870588235294116,0.8372345261399999,0.8372345261399999,0.2498242973894117,0.0,0.0,1022.23494107,837.23452614,444.0042289
2024-07-22T10:00,3600,1.0688376470588234,1.12887667059,1.0688376470588234,0.0,0.0,0.060039023531176516,1377.55892147,1128.87667059,615.28310825
2024-07-22T11:00,3600,1.0663529411764705,1.0692141475999999,1.0663529411764705,0.0,0.0,0.0028612064235293833,1304.70877805,1069.2141476,581.50240569
2024-07-22T12:00,3600,1.0601411764705884,1.29263413786,1.0601411764705884,0.0,0.0,0.23249296138941156,1577.93931938,1292.63413786,713.11496937
2024-07-22T13:00,3600,1.0464752941176472,1.2833849523799998,1.0464752941176472,0.0,0.0,0.23690965826235266,1566.60490747,1283.38495238,709.89271323
2024-07-22T14:00,3600,1.0551717647058825,1.13575551179,1.0551717647058825,0.0,0.0,0.08058374708411753,1385.96356025,1135.75551179,621.68041983
2024-07-22T15:00,3600,1.0576564705882354,0.99452877479,0.99452877479,0.0631276957982354,0.0,0.0,1213.63148047,994.52877479,539.22106357
2024-07-22T16:00,3600,1.065110588235294,0.53190006454,0.53190006454,0.533210523695294,0.0,0.0,652.31408893,531.90006454,282.53705077
2024-07-22T17:00,3600,1.062625882352941,0.26746590595999997,0.26746590595999997,0.7951599763929411,0.0,0.0,333.64106629,267.46590596,142.78199189
2024-07-22T18:00,3600,0.0,0.07004326713,0.0,0.0,0.0,0.07004326713,96.73638816,70.04326713,40.61806398
2024-07-22T19:00,3600,0.0,0.0,0.0,0.0,0.0,0.0,2.31612166,0.0,0.96820194
2024-07-22T20:00,3600,0.0,0.0,0.0,0.0,0.0,0.0,0.0,0.0,0.0
2024-07-22T21:00,3600,0.0,0.0,0.0,0.0,0.0,0.0,0.0,0.0,0.0
2024-07-22T22:00,3600,0.0,0.0,0.0,0.0,0.0,0.0,0.0,0.0,0.0
2024-07-22T23:00,3600,0.0,0.0,0.0,0.0,0.0,0.0,0.0,0.0,0.0
2024-07-23T00:00,3600,0.0,0.0,0.0,0.0,0.0,0.0,0.0,0.0,0.0
2024-07-23T01:00,3600,0.0,0.0,0.0,0.0,0.0,0.0,0.0,0.0,0.0
2024-07-23T02:00,3600,0.0,0.0,0.0,0.0,0.0,0.0,0.0,0.0,0.0
2024-07-23T03:00,3600,0.0,0.0,0.0,0.0,0.0,0.0,0.0,0.0,0.0
2024-07-23T04:00,3600,0.0,0.0,0.0,0.0,0.0,0.0,0.0,0.0,0.0
2024-07-23T05:00,3600,0.0,0.0,0.0,0.0,0.0,0.0,0.0,0.0,0.0
2024-07-23T06:00,3600,0.0,0.04553047233,0.0,0.0,0.0,0.04553047233,67.38117866,45.53047233,28.20504853
2024-07-23T07:00,3600,0.0,0.29629335885,0.0,0.0,0.0,0.29629335885,368.30571295,296.29335885,156.1168056
2024-07-23T08:00,3600,1.0870588235294116,0.5883808513300001,0.5883808513300001,0.49867797219941157,0.0,0.0,720.58290371,588.38085133,310.60516349
2024-07-23T09:00,3600,1.0870588235294116,0.89425530032,0.89425530032,0.19280352320941163,0.0,0.0,1091.55245516,894.25530032,478.61162017
2024-07-23T10:00,3600,1.0663529411764705,1.22113995577,1.0663529411764705,0.0,0.0,0.1547870145935295,1490.37897168,1221.13995577,675.06882793
2024-07-23T11:00,3600,1.0613835294117648,1.37856187312,1.0613835294117648,0.0,0.0,0.31717834370823517,1683.3356224,1378.56187312,772.85636941
2024-07-23T12:00,3600,1.0613835294117648,1.27112722362,1.0613835294117648,0.0,0.0,0.20974369420823513,1551.58677101,1271.12722362,706.90086326
2024-07-23T13:00,3600,1.0415058823529413,1.2108403823,1.0415058823529413,0.0,0.0,0.16933449994705874,1477.77474315,1210.8403823,674.81960823
2024-07-23T14:00,3600,1.0477176470588236,1.17232592931,1.0477176470588236,0.0,0.0,0.12460828225117626,1430.66417478,1172.32592931,650.59108739
2024-07-23T15:00,3600,1.065110588235294,0.9065862311900001,0.9065862311900001,0.15852435704529388,0.0,0.0,1106.55240526,906.58623119,492.54101859
2024-07-23T16:00,3600,1.0551717647058825,0.65351520369,0.65351520369,0.40165656101588243,0.0,0.0,799.4007521,653.51520369,351.65116411
2024-07-23T17:00,3600,1.0464752941176472,0.36710242983999997,0.36710242983999997,0.6793728642776472,0.0,0.0,453.53110626,367.10242984,196.74561029
2024-07-23T18:00,3600,0.0,0.07584775158,0.0,0.0,0.0,0.07584775158,103.68945641,75.84775158,43.91953892
2024-07-23T19:00,3600,0.0,0.0,0.0,0.0,0.0,0.0,2.299625,0.0,0.96820194
2024-07-23T20:00,3600,0.0,0.0,0.0,0.0,0.0,0.0,0.0,0.0,0.0
2024-07-23T21:00,3600,0.0,0.0,0.0,0.0,0.0,0.0,0.0,0.0,0.0
2024-07-23T22:00,3600,0.0,0.0,0.0,0.0,0.0,0.0,0.0,0.0,0.0
2024-07-23T23:00,3600,0.0,0.0,0.0,0.0,0.0,0.0,0.0,0.0,0.0
2024-07-24T00:00,3600,0.0,0.0,0.0,0.0,0.0,0.0,0.0,0.0,0.0
2024-07-24T01:00,3600,0.0,0.0,0.0,0.0,0.0,0.0,0.0,0.0,0.0
2024-07-24T02:00,3600,0.0,0.0,0.0,0.0,0.0,0.0,0.0,0.0,0.0
2024-07-24T03:00,3600,0.0,0.0,0.0,0.0,0.0,0.0,0.0,0.0,0.0
2024-07-24T04:00,3600,0.0,0.0,0.0,0.0,0.0,0.0,0.0,0.0,0.0
2024-07-24T05:00,3600,0.0,0.0,0.0,0.0,0.0,0.0,0.0,0.0,0.0
2024-07-24T06:00,3600,0.0,0.06653607112,0.0,0.0,0.0,0.06653607112,92.53555087,66.53607112,38.81552232
2024-07-24T07:00,3600,0.0,0.28433088083,0.0,0.0,0.0,0.28433088083,353.91874679,284.33088083,150.17249349
2024-07-24T08:00,3600,1.0870588235294116,0.6485941122200001,0.6485941122200001,0.43846471130941156,0.0,0.0,793.44248107,648.59411222,343.67866536
2024-07-24T09:00,3600,1.0870588235294116,1.0560500643800002,1.0560500643800002,0.03100875914941148,0.0,0.0,1288.64607144,1056.05006438,572.24435698
2024-07-24T10:00,3600,1.062625882352941,1.33044155956,1.062625882352941,0.0,0.0,0.267815677207059,1624.29131827,1330.44155956,742.39013548
2024-07-24T11:00,3600,1.0576564705882354,1.41853563797,1.0576564705882354,0.0,0.0,0.3608791673817646,1732.42554853,1418.53563797,797.11879562
2024-07-24T12:00,3600,1.0551717647058825,1.35868904889,1.0551717647058825,0.0,0.0,0.3035172841841176,1658.94477024,1358.68904889,761.47474355
2024-07-24T13:00,3600,1.03508685155744,1.42618018065,1.03508685155744,0.0,0.0,0.39109332909256,1741.81776,1426.18018065,807.50169362
2024-07-24T14:00,3600,1.0342536210464086,1.0392739285900001,1.0342536210464086,0.0,0.0,0.005020307543591507,1268.18178658,1039.27392859,574.23835839
2024-07-24T15:00,3600,1.0342536210464086,0.8717715905000001,0.8717715905000001,0.16248203054640853,0.0,0.0,1064.21114987,871.7715905,476.81599371
2024-07-24T16:00,3600,1.033202614379085,0.64504852901,0.64504852901,0.3881540853690849,0.0,0.0,789.14996318,645.04852901,349.54249783
2024-07-24T17:00,3600,1.0334136641538554,0.32273569483000003,0.32273569483000003,0.7106779693238554,0.0,0.0,400.11851034,322.73569483,174.08871627
2024-07-24T18:00,3600,0.0,0.05740761085,0.0,0.0,0.0,0.05740761085,81.60295903,57.40761085,34.55093963
2024-07-24T19:00,3600,0.0,0.0,0.0,0.0,0.0,0.0,2.29716487,0.0,0.96820194
2024-07-24T20:00,3600,0.0,0.0,0.0,0.0,0.0,0.0,0.0,0.0,0.0
2024-07-24T21:00,3600,0.0,0.0,0.0,0.0,0.0,0.0,0.0,0.0,0.0
2024-07-24T22:00,3600,0.0,0.0,0.0,0.0,0.0,0.0,0.0,0.0,0.0
2024-07-24T23:00,3600,0.0,0.0,0.0,0.0,0.0,0.0,0.0,0.0,0.0
2024-07-25T00:00,3600,0.0,0.0,0.0,0.0,0.0,0.0,0.0,0.0,0.0
2024-07-25T01:00,3600,0.0,0.0,0.0,0.0,0.0,0.0,0.0,0.0,0.0
2024-07-25T02:00,3600,0.0,0.0,0.0,0.0,0.0,0.0,0.0,0.0,0.0
2024-07-25T03:00,3600,0.0,0.0,0.0,0.0,0.0,0.0,0.0,0.0,0.0
2024-07-25T04:00,3600,0.0,0.0,0.0,0.0,0.0,0.0,0.0,0.0,0.0
2024-07-25T05:00,3600,0.0,0.0,0.0,0.0,0.0,0.0,0.0,0.0,0.0
2024-07-25T06:00,3600,0.0,0.05294598548,0.0,0.0,0.0,0.05294598548,76.26021085,52.94598548,32.09375533
2024-07-25T07:00,3600,0.0,0.31601543753999994,0.0,0.0,0.0,0.31601543753999994,392.03189034,316.01543754,166.83530614
2024-07-25T08:00,3600,1.0870588235294116,0.69909666077,0.69909666077,0.38796216275941164,0.0,0.0,854.61514176,699.09666077,370.01914143
2024-07-25T09:00,3600,1.0870588235294116,1.0361319278599999,1.0361319278599999,0.050926895669411776,0.0,0.0,1264.34975733,1036.13192786,556.08061146
2024-07-25T10:00,3600,1.052687058823529,1.33820944825,1.052687058823529,0.0,0.0,0.2855223894264709,1633.8189344,1338.20944825,738.27514552
2024-07-25T11:00,3600,1.0464752941176472,1.5489156521899998,1.0464752941176472,0.0,0.0,0.5024403580723527,1892.80238186,1548.91565219,866.38855644
2024-07-25T12:00,3600,1.042748235294118,1.57038068558,1.042748235294118,0.0,0.0,0.527632450285882,1919.2446882,1570.38068558,880.65127453
2024-07-25T13:00,3600,1.0321409375933115,1.4701417889500001,1.0321409375933115,0.0,0.0,0.43800085135668865,1795.85658518,1470.14178895,826.56072307
2024-07-25T14:00,3600,1.0308526107072045,1.35693097273,1.0308526107072045,0.0,0.0,0.3260783620227956,1656.78744909,1356.93097273,759.36464614
2024-07-25T15:00,3600,1.0306363527005897,1.0741256519,1.0306363527005897,0.0,0.0,0.04348929919941025,1310.70278454,1074.1256519,591.85892426
2024-07-25T16:00,3600,1.032991137810028,0.7446016439300001,0.7446016439300001,0.288389493880028,0.0,0.0,909.78395576,744.60164393,402.54254213
2024-07-25T17:00,3600,1.0327792331507502,0.36772027824000003,0.36772027824000003,0.6650589549107502,0.0,0.0,454.27523628,367.72027824,197.65626811
2024-07-25T18:00,3600,0.0,0.07954279180000001,0.0,0.0,0.0,0.07954279180000001,108.11605129,79.5427918,46.12472022
2024-07-25T19:00,3600,0.0,0.0,0.0,0.0,0.0,0.0,2.27986922,0.0,0.96820194
2024-07-25T20:00,3600,0.0,0.0,0.0,0.0,0.0,0.0,0.0,0.0,0.0
2024-07-25T21:00,3600,0.0,0.0,0.0,0.0,0.0,0.0,0.0,0.0,0.0
2024-07-25T22:00,3600,0.0,0.0,0.0,0.0,0.0,0.0,0.0,0.0,0.0
2024-07-25T23:00,3600,0.0,0.0,0.0,0.0,0.0,0.0,0.0,0.0,0.0
2024-07-26T00:00,3600,0.0,0.0,0.0,0.0,0.0,0.0,0.0,0.0,0.0
2024-07-26T01:00,3600,0.0,0.0,0.0,0.0,0.0,0.0,0.0,0.0,0.0
2024-07-26T02:00,3600,0.0,0.0,0.0,0.0,0.0,0.0,0.0,0.0,0.0
2024-07-26T03:00,3600,0.0,0.0,0.0,0.0,0.0,0.0,0.0,0.0,0.0
2024-07-26T04:00,3600,0.0,0.0,0.0,0.0,0.0,0.0,0.0,0.0,0.0
2024-07-26T05:00,3600,0.0,0.0,0.0,0.0,0.0,0.0,0.0,0.0,0.0
2024-07-26T06:00,3600,0.0,0.04331664976999999,0.0,0.0,0.0,0.04331664976999999,64.73067148,43.31664977,27.16530096
2024-07-26T07:00,3600,0.0,0.21390069675,0.0,0.0,0.0,0.21390069675,269.27847555,213.90069675,113.7947476
2024-07-26T08:00,3600,1.0870588235294116,0.33641026384999995,0.33641026384999995,0.7506485596794117,0.0,0.0,416.5764937,336.41026385,177.08611698
2024-07-26T09:00,3600,1.0870588235294116,0.6393779854399999,0.6393779854399999,0.4476808380894117,0.0,0.0,782.28541905,639.37798544,337.19019563
2024-07-26T10:00,3600,1.0638682352941178,0.67315688833,0.67315688833,0.3907113469641178,0.0,0.0,823.18762456,673.15688833,359.37323647
2024-07-26T11:00,3600,1.062625882352941,0.9835277354399999,0.9835277354399999,0.07909814691294115,0.0,0.0,1200.22683192,983.52773544,532.87617469
2024-07-26T12:00,3600,1.058898823529412,0.98324331455,0.98324331455,0.07565550897941187,0.0,0.0,1199.88030516,983.24331455,534.90938943
2024-07-26T13:00,3600,1.0390211764705881,0.9923186352899999,0.9923186352899999,0.04670254118058825,0.0,0.0,1210.93822492,992.31863529,544.21447661
2024-07-26T14:00,3600,1.0352941176470587,0.63499110964,0.63499110964,0.40030300800705865,0.0,0.0,776.9753335,634.99110964,342.37018939
2024-07-26T15:00,3600,1.043990588235294,0.6857545381,0.6857545381,0.358236050135294,0.0,0.0,838.4484905,685.7545381,370.06571455
2024-07-26T16:00,3600,1.072564705882353,0.48032465165999993,0.48032465165999993,0.5922400542223532,0.0,0.0,590.03713241,480.32465166,254.92923422
2024-07-26T17:00,3600,1.0738070588235296,0.31138743188,0.31138743188,0.7624196269435295,0.0,0.0,386.46350228,311.38743188,165.45125345
2024-07-26T18:00,3600,0.0,0.050672078120000005,0.0,0.0,0.0,0.050672078120000005,73.53739913,50.67207812,31.09607097
2024-07-26T19:00,3600,0.0,0.0,0.0,0.0,0.0,0.0,0.0,0.0,0.0
2024-07-26T20:00,3600,0.0,0.0,0.0,0.0,0.0,0.0,0.0,0.0,0.0
2024-07-26T21:00,3600,0.0,0.0,0.0,0.0,0.0,0.0,0.0,0.0,0.0
2024-07-26T22:00,3600,0.0,0.0,0.0,0.0,0.0,0.0,0.0,0.0,0.0
2024-07-26T23:00,3600,0.0,0.0,0.0,0.0,0.0,0.0,0.0,0.0,0.0
2024-07-27T00:00,3600,0.0,0.0,0.0,0.0,0.0,0.0,0.0,0.0,0.0
2024-07-27T01:00,3600,0.0,0.0,0.0,0.0,0.0,0.0,0.0,0.0,0.0
2024-07-27T02:00,3600,0.0,0.0,0.0,0.0,0.0,0.0,0.0,0.0,0.0
2024-07-27T03:00,3600,0.0,0.0,0.0,0.0,0.0,0.0,0.0,0.0,0.0
2024-07-27T04:00,3600,0.0,0.0,0.0,0.0,0.0,0.0,0.0,0.0,0.0
2024-07-27T05:00,3600,0.0,0.0,0.0,0.0,0.0,0.0,0.0,0.0,0.0
2024-07-27T06:00,3600,0.0,0.0,0.0,0.0,0.0,0.0,9.33118497,0.0,3.87280777
2024-07-27T07:00,3600,0.0,0.012637813730000001,0.0,0.0,0.0,0.012637813730000001,28.01136425,12.63781373,11.6184233
2024-07-27T08:00,3600,0.0,0.03796342415,0.0,0.0,0.0,0.03796342415,58.32194593,37.96342415,24.20504853
2024-07-27T09:00,3600,0.0,0.06903687229000001,0.0,0.0,0.0,0.06903687229000001,95.53092439,69.03687229,39.6962796
2024-07-27T10:00,3600,0.0,0.09411805829,0.0,0.0,0.0,0.09411805829,125.57989258,94.11805829,52.28290483
2024-07-27T11:00,3600,0.0,0.12303450911000001,0.0,0.0,0.0,0.12303450911000001,160.24091198,123.03450911,66.80593396
2024-07-27T12:00,3600,0.0,0.17656097416000002,0.0,0.0,0.0,0.17656097416000002,224.44953831,176.56097416,93.91558831
2024-07-27T13:00,3600,0.0,0.20806751742,0.0,0.0,0.0,0.20806751742,262.27330818,208.06751742,110.37502132
2024-07-27T14:00,3600,0.0,0.13750834814000001,0.0,0.0,0.0,0.13750834814000001,177.59704087,137.50834814,74.55154949
2024-07-27T15:00,3600,0.0,0.12798119753999998,0.0,0.0,0.0,0.12798119753999998,166.17215514,127.98119754,69.71053978
2024-07-27T16:00,3600,0.0,0.08400002682,0.0,0.0,0.0,0.08400002682,113.4561411,84.00002682,47.44189513
2024-07-27T17:00,3600,0.0,0.041546084479999995,0.0,0.0,0.0,0.041546084479999995,62.61093293,41.54608448,26.14145242
2024-07-27T18:00,3600,0.0,0.0067650659299999995,0.0,0.0,0.0,0.0067650659299999995,20.9846562,6.76506593,8.71381747
2024-07-27T19:00,3600,0.0,0.0,0.0,0.0,0.0,0.0,0.0,0.0,0.0
2024-07-27T20:00,3600,0.0,0.0,0.0,0.0,0.0,0.0,0.0,0.0,0.0
2024-07-27T21:00,3600,0.0,0.0,0.0,0.0,0.0,0.0,0.0,0.0,0.0
2024-07-27T22:00,3600,0.0,0.0,0.0,0.0,0.0,0.0,0.0,0.0,0.0
2024-07-27T23:00,3600,0.0,0.0,0.0,0.0,0.0,0.0,0.0,0.0,0.0
2024-07-28T00:00,3600,0.0,0.0,0.0,0.0,0.0,0.0,0.0,0.0,0.0
2024-07-28T01:00,3600,0.0,0.0,0.0,0.0,0.0,0.0,0.0,0.0,0.0
2024-07-28T02:00,3600,0.0,0.0,0.0,0.0,0.0,0.0,0.0,0.0,0.0
2024-07-28T03:00,3600,0.0,0.0,0.0,0.0,0.0,0.0,0.0,0.0,0.0
2024-07-28T04:00,3600,0.0,0.0,0.0,0.0,0.0,0.0,0.0,0.0,0.0
2024-07-28T05:00,3600,0.0,0.0,0.0,0.0,0.0,0.0,0.0,0.0,0.0
2024-07-28T06:00,3600,0.0,0.0009675883400000001,0.0,0.0,0.0,0.0009675883400000001,14.04874774,0.96758834,5.80921165
2024-07-28T07:00,3600,0.0,0.032218230540000004,0.0,0.0,0.0,0.032218230540000004,51.44466559,32.21823054,21.30044271
2024-07-28T08:00,3600,0.0,0.061400540239999996,0.0,0.0,0.0,0.061400540239999996,86.38481869,61.40054024,35.82347183
2024-07-28T09:00,3600,0.0,0.15104892478999998,0.0,0.0,0.0,0.15104892478999998,193.83823375,151.04892479,80.63026801
2024-07-28T10:00,3600,0.0,0.16518573910999998,0.0,0.0,0.0,0.16518573910999998,210.79889061,165.18573911,87.99124962
2024-07-28T11:00,3600,0.0,0.27951764266999996,0.0,0.0,0.0,0.27951764266999996,348.13088435,279.51764267,146.19212495
2024-07-28T12:00,3600,0.0,0.41437396599,0.0,0.0,0.0,0.41437396599,510.48904025,414.37396599,215.87673725
2024-07-28T13:00,3600,0.0,0.42213444842000003,0.0,0.0,0.0,0.42213444842000003,519.84448988,422.13444842,220.65555726
2024-07-28T14:00,3600,0.0,0.18952886552,0.0,0.0,0.0,0.18952886552,240.01490625,189.52886552,100.6930019
2024-07-28T15:00,3600,0.0,0.27819678921,0.0,0.0,0.0,0.27819678921,346.54266342,278.19678921,146.11611889
2024-07-28T16:00,3600,0.0,0.14376279815,0.0,0.0,0.0,0.14376279815,185.09841535,143.76279815,77.32401373
2024-07-28T17:00,3600,0.0,0.11910686384000001,0.0,0.0,0.0,0.11910686384000001,155.53191855,119.10686384,64.86953007
2024-07-28T18:00,3600,0.0,0.03624981836,0.0,0.0,0.0,0.03624981836,56.27059961,36.24981836,23.35112029
2024-07-28T19:00,3600,0.0,0.0,0.0,0.0,0.0,0.0,0.0,0.0,0.0
2024-07-28T20:00,3600,0.0,0.0,0.0,0.0,0.0,0.0,0.0,0.0,0.0
2024-07-28T21:00,3600,0.0,0.0,0.0,0.0,0.0,0.0,0.0,0.0,0.0
2024-07-28T22:00,3600,0.0,0.0,0.0,0.0,0.0,0.0,0.0,0.0,0.0
2024-07-28T23:00,3600,0.0,0.0,0.0,0.0,0.0,0.0,0.0,0.0,0.0
2024-07-29T00:00,3600,0.0,0.0,0.0,0.0,0.0,0.0,0.0,0.0,0.0
2024-07-29T01:00,3600,0.0,0.0,0.0,0.0,0.0,0.0,0.0,0.0,0.0
2024-07-29T02:00,3600,0.0,0.0,0.0,0.0,0.0,0.0,0.0,0.0,0.0
2024-07-29T03:00,3600,0.0,0.0,0.0,0.0,0.0,0.0,0.0,0.0,0.0
2024-07-29T04:00,3600,0.0,0.0,0.0,0.0,0.0,0.0,0.0,0.0,0.0
2024-07-29T05:00,3600,0.0,0.0,0.0,0.0,0.0,0.0,0.0,0.0,0.0
2024-07-29T06:00,3600,0.0,0.0127710354,0.0,0.0,0.0,0.0127710354,28.17077193,12.7710354,11.65022136
2024-07-29T07:00,3600,0.0,0.09786694857999999,0.0,0.0,0.0,0.09786694857999999,130.07250442,97.86694858,53.99073118
2024-07-29T08:00,3600,1.0870588235294116,0.25954056297,0.25954056297,0.8275182605594116,0.0,0.0,324.1141715,259.54056297,135.61739711
2024-07-29T09:00,3600,1.0870588235294116,0.49045595552,0.49045595552,0.5966028680094116,0.0,0.0,602.26589757,490.45595552,254.83319266
2024-07-29T10:00,3600,1.0870588235294116,0.8365141982400001,0.8365141982400001,0.25054462528941157,0.0,0.0,1021.35974823,836.51419824,443.67746483
2024-07-29T11:00,3600,1.0870588235294116,0.7308484281,0.7308484281,0.3562103954294117,0.0,0.0,893.10502312,730.8484281,386.80649584
2024-07-29T12:00,3600,1.0870588235294116,0.7488551508199999,0.7488551508199999,0.33820367270941176,0.0,0.0,914.94318135,748.85515082,394.85448862
2024-07-29T13:00,3600,0.9021500849187051,0.29335314254999995,0.29335314254999995,0.6087969423687052,0.0,0.0,364.76929564,293.35314255,153.86114965
2024-07-29T14:00,3600,0.611536811764706,0.48631752764,0.48631752764,0.12521928412470595,0.0,0.0,597.27042193,486.31752764,253.5364736
2024-07-29T15:00,3600,0.5997574176470589,0.37469357019,0.37469357019,0.22506384745705893,0.0,0.0,462.67438463,374.69357019,195.57657308
2024-07-29T16:00,3600,0.5660184676470588,0.16608000998,0.16608000998,0.39993845766705877,0.0,0.0,211.87194109,166.08000998,88.99214427
2024-07-29T17:00,3600,0.577025844117647,0.1252613394,0.1252613394,0.451764504717647,0.0,0.0,162.9108886,125.2613394,68.51163075
2024-07-29T18:00,3600,0.0,0.03795799232,0.0,0.0,0.0,0.03795799232,58.31544342,37.95799232,24.20504853
2024-07-29T19:00,3600,0.0,0.0,0.0,0.0,0.0,0.0,0.0,0.0,0.0
2024-07-29T20:00,3600,0.0,0.0,0.0,0.0,0.0,0.0,0.0,0.0,0.0
2024-07-29T21:00,3600,0.0,0.0,0.0,0.0,0.0,0.0,0.0,0.0,0.0
2024-07-29T22:00,3600,0.0,0.0,0.0,0.0,0.0,0.0,0.0,0.0,0.0
2024-07-29T23:00,3600,0.0,0.0,0.0,0.0,0.0,0.0,0.0,0.0,0.0
2024-07-30T00:00,3600,0.0,0.0,0.0,0.0,0.0,0.0,0.0,0.0,0.0
2024-07-30T01:00,3600,0.0,0.0,0.0,0.0,0.0,0.0,0.0,0.0,0.0
2024-07-30T02:00,3600,0.0,0.0,0.0,0.0,0.0,0.0,0.0,0.0,0.0
2024-07-30T03:00,3600,0.0,0.0,0.0,0.0,0.0,0.0,0.0,0.0,0.0
2024-07-30T04:00,3600,0.0,0.0,0.0,0.0,0.0,0.0,0.0,0.0,0.0
2024-07-30T05:00,3600,0.0,0.0,0.0,0.0,0.0,0.0,0.0,0.0,0.0
2024-07-30T06:00,3600,0.0,0.032200801599999995,0.0,0.0,0.0,0.032200801599999995,51.42380338,32.2008016,21.34019028
2024-07-30T07:00,3600,0.0,0.14533973042,0.0,0.0,0.0,0.14533973042,186.98987019,145.33973042,78.03999188
2024-07-30T08:00,3600,0.7424301380383875,0.25575313005,0.25575313005,0.48667700798838753,0.0,0.0,319.56186636,255.75313005,134.1932968
2024-07-30T09:00,3600,0.5835551970588235,0.3592463786,0.3592463786,0.2243088184588235,0.0,0.0,444.07010395,359.2463786,187.54026144
2024-07-30T10:00,3600,0.718775844117647,0.6842193920499999,0.6842193920499999,0.034556452067647014,0.0,0.0,836.58861305,684.21939205,361.36964416
2024-07-30T11:00,3600,0.7130295235294117,0.6571225861200001,0.6571225861200001,0.05590693740941166,0.0,0.0,803.76878242,657.12258612,346.86088356
2024-07-30T12:00,3600,0.8486582088235295,1.1365714090199999,0.8486582088235295,0.0,0.0,0.2879132001964704,1386.96050491,1136.57140902,613.47043674
2024-07-30T13:00,3600,0.8089658794117647,0.91046375183,0.8089658794117647,0.0,0.0,0.10149787241823527,1111.26993372,910.46375183,487.10884596
2024-07-30T14:00,3600,0.6980074823529412,0.53441670882,0.53441670882,0.16359077353294116,0.0,0.0,655.35444937,534.41670882,281.50529382
2024-07-30T15:00,3600,0.7240892705882354,0.54961173922,0.54961173922,0.1744775313682354,0.0,0.0,673.71460889,549.61173922,290.94402932
2024-07-30T16:00,3600,0.630386144117647,0.31607722824,0.31607722824,0.31430891587764703,0.0,0.0,392.10623976,316.07722824,166.6003837
2024-07-30T17:00,3600,0.5638897882352942,0.15865617042,0.15865617042,0.4052336178152942,0.0,0.0,202.96448693,158.65617042,85.25635793
2024-07-30T18:00,3600,0.0,0.018666112009999996,0.0,0.0,0.0,0.018666112009999996,35.22497162,18.66611201,14.6352749
2024-07-30T19:00,3600,0.0,0.0,0.0,0.0,0.0,0.0,0.0,0.0,0.0
2024-07-30T20:00,3600,0.0,0.0,0.0,0.0,0.0,0.0,0.0,0.0,0.0
2024-07-30T21:00,3600,0.0,0.0,0.0,0.0,0.0,0.0,0.0,0.0,0.0
2024-07-30T22:00,3600,0.0,0.0,0.0,0.0,0.0,0.0,0.0,0.0,0.0
2024-07-30T23:00,3600,0.0,0.0,0.0,0.0,0.0,0.0,0.0,0.0,0.0
2024-07-31T00:00,3600,0.0,0.0,0.0,0.0,0.0,0.0,0.0,0.0,0.0
2024-07-31T01:00,3600,0.0,0.0,0.0,0.0,0.0,0.0,0.0,0.0,0.0
2024-07-31T02:00,3600,0.0,0.0,0.0,0.0,0.0,0.0,0.0,0.0,0.0
2024-07-31T03:00,3600,0.0,0.0,0.0,0.0,0.0,0.0,0.0,0.0,0.0
2024-07-31T04:00,3600,0.0,0.0,0.0,0.0,0.0,0.0,0.0,0.0,0.0
2024-07-31T05:00,3600,0.0,0.0,0.0,0.0,0.0,0.0,0.0,0.0,0.0
2024-07-31T06:00,3600,0.0,0.01862964428,0.0,0.0,0.0,0.01862964428,35.18133106,18.62964428,14.58662524
2024-07-31T07:00,3600,0.0,0.21925676192000002,0.0,0.0,0.0,0.21925676192000002,275.71133043,219.25676192,115.52832753
2024-07-31T08:00,3600,0.8196416304659603,0.48390112493,0.48390112493,0.3357405055359603,0.0,0.0,594.35377199,483.90112493,252.59000903
2024-07-31T09:00,3600,0.7240037323529411,0.8683581540799999,0.7240037323529411,0.0,0.0,0.1443544217270588,1060.06125587,868.35815408,459.14568277
2024-07-31T10:00,3600,0.7130761735294117,0.54385570513,0.54385570513,0.16922046839941163,0.0,0.0,666.7589798,543.85570513,286.89455479
2024-07-31T11:00,3600,0.7428420499999999,0.68030464697,0.68030464697,0.06253740302999988,0.0,0.0,831.84601901,680.30464697,360.32890101
2024-07-31T12:00,3600,0.7185883470588236,0.67848968538,0.67848968538,0.04009866167882359,0.0,0.0,829.64736644,678.48968538,358.8625035
2024-07-31T13:00,3600,0.7928824764705882,0.91685586588,0.7928824764705882,0.0,0.0,0.12397338940941183,1119.04755956,916.85586588,491.24270878
2024-07-31T14:00,3600,0.8435691264705882,0.99256742714,0.8435691264705882,0.0,0.0,0.14899830066941178,1211.24139473,992.56742714,536.85002488
2024-07-31T15:00,3600,0.7245993911764707,0.64100831534,0.64100831534,0.08359107583647063,0.0,0.0,784.2589598,641.00831534,338.81482859
2024-07-31T16:00,3600,0.6158603823529412,0.34707098671,0.34707098671,0.2687893956429412,0.0,0.0,429.41005858,347.07098671,181.93432113
2024-07-31T17:00,3600,0.5867537852941177,0.16147798389,0.16147798389,0.4252758014041177,0.0,0.0,206.35008162,161.47798389,86.95430812
2024-07-31T18:00,3600,0.0,0.034963907839999996,0.0,0.0,0.0,0.034963907839999996,54.73128672,34.96390784,22.82886444
2024-07-31T19:00,3600,0.0,0.0,0.0,0.0,0.0,0.0,0.0,0.0,0.0
2024-07-31T20:00,3600,0.0,0.0,0.0,0.0,0.0,0.0,0.0,0.0,0.0
2024-07-31T21:00,3600,0.0,0.0,0.0,0.0,0.0,0.0,0.0,0.0,0.0
2024-07-31T22:00,3600,0.0,0.0,0.0,0.0,0.0,0.0,0.0,0.0,0.0
2024-07-31T23:00,3600,0.0,0.0,0.0,0.0,0.0,0.0,0.0,0.0,0.0
2024-08-01T00:00,3600,0.0,0.0,0.0,0.0,0.0,0.0,0.0,0.0,0.0
2024-08-01T01:00,3600,0.0,0.0,0.0,0.0,0.0,0.0,0.0,0.0,0.0
2024-08-01T02:00,3600,0.0,0.0,0.0,0.0,0.0,0.0,0.0,0.0,0.0
2024-08-01T03:00,3600,0.0,0.0,0.0,0.0,0.0,0.0,0.0,0.0,0.0
2024-08-01T04:00,3600,0.0,0.0,0.0,0.0,0.0,0.0,0.0,0.0,0.0
2024-08-01T05:00,3600,0.0,0.0,0.0,0.0,0.0,0.0,0.0,0.0,0.0
2024-08-01T06:00,3600,0.0,0.03788665859999999,0.0,0.0,0.0,0.03788665859999999,58.23004902,37.8866586,24.26864465
2024-08-01T07:00,3600,0.0,0.22995732921,0.0,0.0,0.0,0.22995732921,288.56505195,229.95732921,121.4261621
2024-08-01T08:00,3600,1.0870588235294116,0.45761095075,0.45761095075,0.6294478727794116,0.0,0.0,562.62942968,457.61095075,239.61908438
2024-08-01T09:00,3600,0.7451388416109346,0.81878888592,0.7451388416109346,0.0,0.0,0.07365004430906541,999.8273704,818.78888592,434.87159056
2024-08-01T10:00,3600,0.8809866352941177,1.1020134615100001,0.8809866352941177,0.0,0.0,0.22102682621588243,1344.74771787,1102.01346151,598.82108336
2024-08-01T11:00,3600,0.8919300323529411,1.10860686523,0.8919300323529411,0.0,0.0,0.21667683287705897,1352.79946559,1108.60686523,603.13462375
2024-08-01T12:00,3600,0.9239629676470589,1.24581682129,0.9239629676470589,0.0,0.0,0.32185385364294117,1520.58768357,1245.81682129,681.27856484
2024-08-01T13:00,3600,0.9217266764705883,1.1407195135,0.9217266764705883,0.0,0.0,0.21899283702941164,1392.02931264,1140.7195135,622.85631046
2024-08-01T14:00,3600,0.8378709029411765,0.9419132905500001,0.8378709029411765,0.0,0.0,0.10404238760882356,1149.54532469,941.91329055,505.96319457
2024-08-01T15:00,3600,0.804692211764706,0.8476378044599999,0.804692211764706,0.0,0.0,0.042945592695293966,1034.8761683,847.63780446,452.6244703
2024-08-01T16:00,3600,0.7383101647058824,0.5473498952800001,0.5473498952800001,0.1909602694258823,0.0,0.0,670.98129296,547.34989528,289.47908993
2024-08-01T17:00,3600,0.682328394117647,0.32944336191,0.32944336191,0.352885032207647,0.0,0.0,408.19098164,329.44336191,174.32366659
2024-08-01T18:00,3600,0.0,0.04675326936,0.0,0.0,0.0,0.04675326936,68.84522289,46.75326936,28.91435379
2024-08-01T19:00,3600,0.0,0.0,0.0,0.0,0.0,0.0,0.0,0.0,0.0
2024-08-01T20:00,3600,0.0,0.0,0.0,0.0,0.0,0.0,0.0,0.0,0.0
2024-08-01T21:00,3600,0.0,0.0,0.0,0.0,0.0,0.0,0.0,0.0,0.0
2024-08-01T22:00,3600,0.0,0.0,0.0,0.0,0.0,0.0,0.0,0.0,0.0
2024-08-01T23:00,3600,0.0,0.0,0.0,0.0,0.0,0.0,0.0,0.0,0.0
2024-08-02T00:00,3600,0.0,0.0,0.0,0.0,0.0,0.0,0.0,0.0,0.0
2024-08-02T01:00,3600,0.0,0.0,0.0,0.0,0.0,0.0,0.0,0.0,0.0
2024-08-02T02:00,3600,0.0,0.0,0.0,0.0,0.0,0.0,0.0,0.0,0.0
2024-08-02T03:00,3600,0.0,0.0,0.0,0.0,0.0,0.0,0.0,0.0,0.0
2024-08-02T04:00,3600,0.0,0.0,0.0,0.0,0.0,0.0,0.0,0.0,0.0
2024-08-02T05:00,3600,0.0,0.0,0.0,0.0,0.0,0.0,0.0,0.0,0.0
2024-08-02T06:00,3600,0.0,0.02631865113,0.0,0.0,0.0,0.02631865113,44.38332945,26.31865113,18.50713009
2024-08-02T07:00,3600,0.0,0.26790279508,0.0,0.0,0.0,0.26790279508,334.16628237,267.90279508,141.11587042
2024-08-02T08:00,3600,1.0870588235294116,0.48820307495,0.48820307495,0.5988557485794117,0.0,0.0,599.54640901,488.20307495,257.06974243
2024-08-02T09:00,3600,0.9961093781994977,0.81606796782,0.81606796782,0.18004141037949772,0.0,0.0,996.52268608,816.06796782,434.29473122
2024-08-02T10:00,3600,0.8809866352941177,1.10128841529,0.8809866352941177,0.0,0.0,0.2203017799958823,1343.86236592,1101.28841529,599.89583666
2024-08-02T11:00,3600,0.9250738735294118,1.1741861655899999,0.9250738735294118,0.0,0.0,0.24911229206058805,1432.93880497,1174.18616559,644.3803312
2024-08-02T12:00,3600,0.9889654941176469,1.3941003379099999,0.9889654941176469,0.0,0.0,0.405134843792353,1702.41320444,1394.10033791,775.18744593
2024-08-02T13:00,3600,1.0026636382352945,1.27867242664,1.0026636382352945,0.0,0.0,0.27600878840470555,1560.83071635,1278.67242664,711.25769949
2024-08-02T14:00,3600,0.9165715735294118,0.98340339775,0.9165715735294118,0.0,0.0,0.0668318242205882,1200.07534374,983.40339775,537.35775132
2024-08-02T15:00,3600,0.9396287882352939,1.01732498432,0.9396287882352939,0.0,0.0,0.07769619608470613,1241.41731423,1017.32498432,558.02706366
2024-08-02T16:00,3600,0.7924143294117647,0.6032904949500001,0.6032904949500001,0.18912383446176462,0.0,0.0,738.61631956,603.29049495,322.46405319
2024-08-02T17:00,3600,0.7109546176470588,0.30606599680999996,0.30606599680999996,0.40488862083705884,0.0,0.0,380.06137246,306.06599681,163.29554626
2024-08-02T18:00,3600,0.0,0.058708685329999996,0.0,0.0,0.0,0.058708685329999996,83.1610638,58.70868533,34.90624069
2024-08-02T19:00,3600,0.0,0.0,0.0,0.0,0.0,0.0,0.0,0.0,0.0
2024-08-02T20:00,3600,0.0,0.0,0.0,0.0,0.0,0.0,0.0,0.0,0.0
2024-08-02T21:00,3600,0.0,0.0,0.0,0.0,0.0,0.0,0.0,0.0,0.0
2024-08-02T22:00,3600,0.0,0.0,0.0,0.0,0.0,0.0,0.0,0.0,0.0
2024-08-02T23:00,3600,0.0,0.0,0.0,0.0,0.0,0.0,0.0,0.0,0.0
2024-08-03T00:00,3600,0.0,0.0,0.0,0.0,0.0,0.0,0.0,0.0,0.0
2024-08-03T01:00,3600,0.0,0.0,0.0,0.0,0.0,0.0,0.0,0.0,0.0
2024-08-03T02:00,3600,0.0,0.0,0.0,0.0,0.0,0.0,0.0,0.0,0.0
2024-08-03T03:00,3600,0.0,0.0,0.0,0.0,0.0,0.0,0.0,0.0,0.0
2024-08-03T04:00,3600,0.0,0.0,0.0,0.0,0.0,0.0,0.0,0.0,0.0
2024-08-03T05:00,3600,0.0,0.0,0.0,0.0,0.0,0.0,0.0,0.0,0.0
2024-08-03T06:00,3600,0.0,0.04383434686,0.0,0.0,0.0,0.04383434686,65.3504766,43.83434686,27.28454368
2024-08-03T07:00,3600,0.0,0.33430874926,0.0,0.0,0.0,0.33430874926,414.0469521,334.30874926,175.7640175
2024-08-03T08:00,3600,0.0,0.67657796056,0.0,0.0,0.0,0.67657796056,827.33157527,676.57796056,359.23024161
2024-08-03T09:00,3600,0.0,0.9865646879300001,0.0,0.0,0.0,0.9865646879300001,1203.92704684,986.56468793,533.80417996
2024-08-03T10:00,3600,0.0,1.1737996496999998,0.0,0.0,0.0,1.1737996496999998,1432.46618057,1173.7996497,650.99304085
2024-08-03T11:00,3600,0.0,1.1900354667,0.0,0.0,0.0,1.1900354667,1452.3220365,1190.0354667,659.47254322
2024-08-03T12:00,3600,0.0,1.2336733638500001,0.0,0.0,0.0,1.2336733638500001,1505.72022955,1233.67336385,684.05998051
2024-08-03T13:00,3600,0.0,1.34770836065,0.0,0.0,0.0,1.34770836065,1645.47164932,1347.70836065,757.76978194
2024-08-03T14:00,3600,0.0,1.14598522173,0.0,0.0,0.0,1.14598522173,1398.46436183,1145.98522173,635.68617377
2024-08-03T15:00,3600,0.0,0.8587362365499999,0.0,0.0,0.0,0.8587362365499999,1048.36482272,858.73623655,468.6974832
2024-08-03T16:00,3600,0.0,0.61364260763,0.0,0.0,0.0,0.61364260763,751.14029298,613.64260763,331.49381236
2024-08-03T17:00,3600,0.0,0.32574181613,0.0,0.0,0.0,0.32574181613,403.73616126,325.74181613,175.36855334
2024-08-03T18:00,3600,0.0,0.054372353650000003,0.0,0.0,0.0,0.054372353650000003,77.96822391,54.37235365,33.03037177
2024-08-03T19:00,3600,0.0,0.0,0.0,0.0,0.0,0.0,0.0,0.0,0.0
2024-08-03T20:00,3600,0.0,0.0,0.0,0.0,0.0,0.0,0.0,0.0,0.0
2024-08-03T21:00,3600,0.0,0.0,0.0,0.0,0.0,0.0,0.0,0.0,0.0
2024-08-03T22:00,3600,0.0,0.0,0.0,0.0,0.0,0.0,0.0,0.0,0.0
2024-08-03T23:00,3600,0.0,0.0,0.0,0.0,0.0,0.0,0.0,0.0,0.0
2024-08-04T00:00,3600,0.0,0.0,0.0,0.0,0.0,0.0,0.0,0.0,0.0
2024-08-04T01:00,3600,0.0,0.0,0.0,0.0,0.0,0.0,0.0,0.0,0.0
2024-08-04T02:00,3600,0.0,0.0,0.0,0.0,0.0,0.0,0.0,0.0,0.0
2024-08-04T03:00,3600,0.0,0.0,0.0,0.0,0.0,0.0,0.0,0.0,0.0
2024-08-04T04:00,3600,0.0,0.0,0.0,0.0,0.0,0.0,0.0,0.0,0.0
2024-08-04T05:00,3600,0.0,0.0,0.0,0.0,0.0,0.0,0.0,0.0,0.0
2024-08-04T06:00,3600,0.0,0.04171287370000001,0.0,0.0,0.0,0.04171287370000001,62.81061174,41.7128737,26.3481398
2024-08-04T07:00,3600,0.0,0.35150572569000005,0.0,0.0,0.0,0.35150572569000005,434.74942021,351.50572569,185.3699774
2024-08-04T08:00,3600,0.0,0.74537120209,0.0,0.0,0.0,0.74537120209,910.71734894,745.37120209,398.19902955
2024-08-04T09:00,3600,0.0,1.10641065024,0.0,0.0,0.0,1.10641065024,1350.11737458,1106.41065024,604.07940876
2024-08-04T10:00,3600,0.0,1.3716628102300001,0.0,0.0,0.0,1.3716628102300001,1674.86702215,1371.66281023,774.29403612
2024-08-04T11:00,3600,0.0,1.4996664057200002,0.0,0.0,0.0,1.4996664057200002,1832.17479502,1499.66640572,855.07655334
2024-08-04T12:00,3600,0.0,1.47815369007,0.0,0.0,0.0,1.47815369007,1805.70997261,1478.15369007,841.61579586
2024-08-04T13:00,3600,0.0,1.3988803431999999,0.0,0.0,0.0,1.3988803431999999,1708.28307426,1398.8803432,798.66799636
2024-08-04T14:00,3600,0.0,1.32915176999,0.0,0.0,0.0,1.32915176999,1622.70947895,1329.15176999,754.98025382
2024-08-04T15:00,3600,0.0,0.9879186125999999,0.0,0.0,0.0,0.9879186125999999,1205.57673371,987.9186126,548.11522335
2024-08-04T16:00,3600,0.0,0.7032389574699999,0.0,0.0,0.0,0.7032389574699999,859.63518521,703.23895747,383.79780712
2024-08-04T17:00,3600,0.0,0.36321581041,0.0,0.0,0.0,0.36321581041,448.85029847,363.21581041,196.42707781
2024-08-04T18:00,3600,0.0,0.050414597670000005,0.0,0.0,0.0,0.050414597670000005,73.22909521,50.41459767,31.0381163
2024-08-04T19:00,3600,0.0,0.0,0.0,0.0,0.0,0.0,0.0,0.0,0.0
2024-08-04T20:00,3600,0.0,0.0,0.0,0.0,0.0,0.0,0.0,0.0,0.0
2024-08-04T21:00,3600,0.0,0.0,0.0,0.0,0.0,0.0,0.0,0.0,0.0
2024-08-04T22:00,3600,0.0,0.0,0.0,0.0,0.0,0.0,0.0,0.0,0.0
2024-08-04T23:00,3600,0.0,0.0,0.0,0.0,0.0,0.0,0.0,0.0,0.0
2024-08-05T00:00,3600,0.0,0.0,0.0,0.0,0.0,0.0,0.0,0.0,0.0
2024-08-05T01:00,3600,0.0,0.0,0.0,0.0,0.0,0.0,0.0,0.0,0.0
2024-08-05T02:00,3600,0.0,0.0,0.0,0.0,0.0,0.0,0.0,0.0,0.0
2024-08-05T03:00,3600,0.0,0.0,0.0,0.0,0.0,0.0,0.0,0.0,0.0
2024-08-05T04:00,3600,0.0,0.0,0.0,0.0,0.0,0.0,0.0,0.0,0.0
2024-08-05T05:00,3600,0.0,0.0,0.0,0.0,0.0,0.0,0.0,0.0,0.0
2024-08-05T06:00,3600,0.0,0.03975628259,0.0,0.0,0.0,0.03975628259,60.46823388,39.75628259,25.38788737
2024-08-05T07:00,3600,0.0,0.35573970867000004,0.0,0.0,0.0,0.35573970867000004,439.84748323,355.73970867,188.22491975
2024-08-05T08:00,3600,1.0870588235294116,0.7479722473,0.7479722473,0.33908657622941163,0.0,0.0,913.87224325,747.9722473,400.07145133
2024-08-05T09:00,3600,1.0849882352941176,1.10820847859,1.0849882352941176,0.0,0.0,0.023220243295882348,1352.31293421,1108.20847859,605.07478406
2024-08-05T10:00,3600,1.0377788235294119,1.37326699226,1.0377788235294119,0.0,0.0,0.3354881687305882,1676.83605551,1373.26699226,772.7735166
2024-08-05T11:00,3600,1.0365364705882352,1.54890120094,1.0365364705882352,0.0,0.0,0.5123647303517649,1892.78458339,1548.90120094,880.8360762
2024-08-05T12:00,3600,1.0352941176470587,1.52480436183,1.0352941176470587,0.0,0.0,0.4895102441829413,1863.11330593,1524.80436183,865.54109419
2024-08-05T13:00,3600,1.0310684273709485,1.45832706807,1.0310684273709485,0.0,0.0,0.4272586406990515,1781.32910214,1458.32706807,830.83912518
2024-08-05T14:00,3600,1.0308526107072045,1.1877333635099998,1.0308526107072045,0.0,0.0,0.15688075280279534,1449.50626769,1187.73336351,664.88393921
2024-08-05T15:00,3600,1.0302025072324013,1.02639207386,1.02639207386,0.0038104333724011674,0.0,0.0,1252.47234317,1026.39207386,569.68457331
2024-08-05T16:00,3600,1.0314987420630168,0.69395809428,0.69395809428,0.33754064778301685,0.0,0.0,848.38826183,693.95809428,377.50726901
2024-08-05T17:00,3600,1.0321409375933115,0.35270790801,0.35270790801,0.6794330295833115,0.0,0.0,436.1969058,352.70790801,190.32444364
2024-08-05T18:00,3600,0.0,0.061835922519999996,0.0,0.0,0.0,0.061835922519999996,86.90624572,61.83592252,36.8201606
2024-08-05T19:00,3600,0.0,0.0,0.0,0.0,0.0,0.0,0.0,0.0,0.0
2024-08-05T20:00,3600,0.0,0.0,0.0,0.0,0.0,0.0,0.0,0.0,0.0
2024-08-05T21:00,3600,0.0,0.0,0.0,0.0,0.0,0.0,0.0,0.0,0.0
2024-08-05T22:00,3600,0.0,0.0,0.0,0.0,0.0,0.0,0.0,0.0,0.0
2024-08-05T23:00,3600,0.0,0.0,0.0,0.0,0.0,0.0,0.0,0.0,0.0
2024-08-06T00:00,3600,0.0,0.0,0.0,0.0,0.0,0.0,0.0,0.0,0.0
2024-08-06T01:00,3600,0.0,0.0,0.0,0.0,0.0,0.0,0.0,0.0,0.0
2024-08-06T02:00,3600,0.0,0.0,0.0,0.0,0.0,0.0,0.0,0.0,0.0
2024-08-06T03:00,3600,0.0,0.0,0.0,0.0,0.0,0.0,0.0,0.0,0.0
2024-08-06T04:00,3600,0.0,0.0,0.0,0.0,0.0,0.0,0.0,0.0,0.0
2024-08-06T05:00,3600,0.0,0.0,0.0,0.0,0.0,0.0,0.0,0.0,0.0
2024-08-06T06:00,3600,0.0,0.0415217881,0.0,0.0,0.0,0.0415217881,62.58184554,41.5217881,26.33224077
2024-08-06T07:00,3600,0.0,0.35588314327,0.0,0.0,0.0,0.35588314327,440.02019724,355.88314327,188.18645567
2024-08-06T08:00,3600,1.0870588235294116,0.7255937629699999,0.7255937629699999,0.36146506055941174,0.0,0.0,886.73367112,725.59376297,387.64764732
2024-08-06T09:00,3600,1.086230588235294,1.10714948798,1.086230588235294,0.0,0.0,0.020918899744705843,1351.01965537,1107.14948798,606.40229404
2024-08-06T10:00,3600,1.0352941176470587,1.3585053314100002,1.0352941176470587,0.0,0.0,0.3232112137629415,1658.71932858,1358.50533141,771.43123678
2024-08-06T11:00,3600,1.0346710720396486,1.49143971955,1.0346710720396486,0.0,0.0,0.4567686475103514,1822.05307349,1491.43971955,855.80771018
2024-08-06T12:00,3600,1.0344625561067802,1.53963730531,1.0344625561067802,0.0,0.0,0.5051747492032199,1881.3759893,1539.63730531,887.34560895
2024-08-06T13:00,3600,1.0342536210464086,1.4143901834700001,1.0342536210464086,0.0,0.0,0.3801365624235915,1727.33295278,1414.39018347,803.84937328
2024-08-06T14:00,3600,1.0344625561067802,1.19155456921,1.0344625561067802,0.0,0.0,0.15709201310321985,1454.18016236,1191.55456921,665.71489448
2024-08-06T15:00,3600,1.03508685155744,0.59365182203,0.59365182203,0.44143502952744007,0.0,0.0,726.95764067,593.65182203,321.46780535
2024-08-06T16:00,3600,1.056414117647059,0.27219640356,0.27219640356,0.784217714087059,0.0,0.0,339.32816546,272.19640356,145.8710861
2024-08-06T17:00,3600,1.058898823529412,0.15279144456,0.15279144456,0.9061073789694118,0.0,0.0,195.92858564,152.79144456,83.59675542
2024-08-06T18:00,3600,0.0,0.04342476091999999,0.0,0.0,0.0,0.04342476091999999,64.86010547,43.42476092,27.10965436
2024-08-06T19:00,3600,0.0,0.0,0.0,0.0,0.0,0.0,0.0,0.0,0.0
2024-08-06T20:00,3600,0.0,0.0,0.0,0.0,0.0,0.0,0.0,0.0,0.0
2024-08-06T21:00,3600,0.0,0.0,0.0,0.0,0.0,0.0,0.0,0.0,0.0
2024-08-06T22:00,3600,0.0,0.0,0.0,0.0,0.0,0.0,0.0,0.0,0.0
2024-08-06T23:00,3600,0.0,0.0,0.0,0.0,0.0,0.0,0.0,0.0,0.0
2024-08-07T00:00,3600,0.0,0.0,0.0,0.0,0.0,0.0,0.0,0.0,0.0
2024-08-07T01:00,3600,0.0,0.0,0.0,0.0,0.0,0.0,0.0,0.0,0.0
2024-08-07T02:00,3600,0.0,0.0,0.0,0.0,0.0,0.0,0.0,0.0,0.0
2024-08-07T03:00,3600,0.0,0.0,0.0,0.0,0.0,0.0,0.0,0.0,0.0
2024-08-07T04:00,3600,0.0,0.0,0.0,0.0,0.0,0.0,0.0,0.0,0.0
2024-08-07T05:00,3600,0.0,0.0,0.0,0.0,0.0,0.0,0.0,0.0,0.0
2024-08-07T06:00,3600,0.0,0.032237337500000005,0.0,0.0,0.0,0.032237337500000005,51.46753636,32.2373375,21.47533203
2024-08-07T07:00,3600,0.0,0.31217269952,0.0,0.0,0.0,0.31217269952,387.40829798,312.17269952,163.73018911
2024-08-07T08:00,3600,1.0870588235294116,0.6070950924,0.6070950924,0.4799637311294116,0.0,0.0,743.21883558,607.0950924,319.7180608
2024-08-07T09:00,3600,1.0870588235294116,1.06138176373,1.06138176373,0.025677059799411595,0.0,0.0,1295.15128337,1061.38176373,575.54733542
2024-08-07T10:00,3600,1.0638682352941178,1.3369302321299998,1.0638682352941178,0.0,0.0,0.27306199683588206,1632.24982861,1336.93023213,751.79426303
2024-08-07T11:00,3600,1.056414117647059,1.51249577771,1.056414117647059,0.0,0.0,0.45608166006294115,1847.96265194,1512.49577771,864.28445001
2024-08-07T12:00,3600,1.0551717647058825,1.5639936949400002,1.0551717647058825,0.0,0.0,0.5088219302341177,1911.37554517,1563.99369494,895.52489994
2024-08-07T13:00,3600,1.0336242884250475,1.4203507781400002,1.0336242884250475,0.0,0.0,0.3867264897149527,1734.65553455,1420.35077814,811.11180447
2024-08-07T14:00,3600,1.033202614379085,1.25821770546,1.033202614379085,0.0,0.0,0.225015091080915,1535.77387452,1258.21770546,710.86346739
2024-08-07T15:00,3600,1.0338344884781707,0.97712546181,0.97712546181,0.05670902666817068,0.0,0.0,1192.42701576,977.12546181,541.06272196
2024-08-07T16:00,3600,1.0365364705882352,0.70592362774,0.70592362774,0.3306128428482352,0.0,0.0,862.8889414,705.92362774,382.67468644
2024-08-07T17:00,3600,1.03508685155744,0.31016971271,0.31016971271,0.72491713884744,0.0,0.0,384.99842914,310.16971271,166.95307977
2024-08-07T18:00,3600,0.0,0.03885056814,0.0,0.0,0.0,0.03885056814,59.38396547,38.85056814,25.09484815
2024-08-07T19:00,3600,0.0,0.0,0.0,0.0,0.0,0.0,0.0,0.0,0.0
2024-08-07T20:00,3600,0.0,0.0,0.0,0.0,0.0,0.0,0.0,0.0,0.0
2024-08-07T21:00,3600,0.0,0.0,0.0,0.0,0.0,0.0,0.0,0.0,0.0
2024-08-07T22:00,3600,0.0,0.0,0.0,0.0,0.0,0.0,0.0,0.0,0.0
2024-08-07T23:00,3600,0.0,0.0,0.0,0.0,0.0,0.0,0.0,0.0,0.0
2024-08-08T00:00,3600,0.0,0.0,0.0,0.0,0.0,0.0,0.0,0.0,0.0
2024-08-08T01:00,3600,0.0,0.0,0.0,0.0,0.0,0.0,0.0,0.0,0.0
2024-08-08T02:00,3600,0.0,0.0,0.0,0.0,0.0,0.0,0.0,0.0,0.0
2024-08-08T03:00,3600,0.0,0.0,0.0,0.0,0.0,0.0,0.0,0.0,0.0
2024-08-08T04:00,3600,0.0,0.0,0.0,0.0,0.0,0.0,0.0,0.0,0.0
2024-08-08T05:00,3600,0.0,0.0,0.0,0.0,0.0,0.0,0.0,0.0,0.0
2024-08-08T06:00,3600,0.0,0.03394542335,0.0,0.0,0.0,0.03394542335,53.51212469,33.94542335,22.43558446
2024-08-08T07:00,3600,0.0,0.33487221208,0.0,0.0,0.0,0.33487221208,414.72516884,334.87221208,176.67684864
2024-08-08T08:00,3600,1.0870588235294116,0.69935178965,0.69935178965,0.38770703387941163,0.0,0.0,854.92432082,699.35178965,372.20122002
2024-08-08T09:00,3600,1.0870588235294116,1.08385229374,1.08385229374,0.003206529789411716,0.0,0.0,1322.57484279,1083.85229374,589.50326671
2024-08-08T10:00,3600,1.0452329411764707,1.3731325942900001,1.0452329411764707,0.0,0.0,0.3278996531135294,1676.67108805,1373.13259429,772.40550995
2024-08-08T11:00,3600,1.042748235294118,1.46179675622,1.042748235294118,0.0,0.0,0.4190485209258821,1785.59511733,1461.79675622,826.68246759
2024-08-08T12:00,3600,1.0402635294117646,1.5661752675400002,1.0402635294117646,0.0,0.0,0.5259117381282357,1914.06325973,1566.17526754,892.19038734
2024-08-08T13:00,3600,1.032991137810028,1.3620885789800001,1.032991137810028,0.0,0.0,0.3290974411699721,1663.11651301,1362.08857898,769.6025202
2024-08-08T14:00,3600,1.032991137810028,1.30876013692,1.032991137810028,0.0,0.0,0.2757689991099719,1597.70572671,1308.76013692,736.23069597
2024-08-08T15:00,3600,1.032991137810028,1.04533450619,1.032991137810028,0.0,0.0,0.012343368379971853,1275.57399968,1045.33450619,578.46624597
2024-08-08T16:00,3600,1.0323541343515097,0.69786539,0.69786539,0.33448874435150966,0.0,0.0,853.1230416,697.86539,379.69746863
2024-08-08T17:00,3600,1.0317132427742204,0.36602912734,0.36602912734,0.6656841154342203,0.0,0.0,452.23845244,366.02912734,197.81137366
2024-08-08T18:00,3600,0.0,0.05090482658,0.0,0.0,0.0,0.05090482658,73.81609052,50.90482658,31.29079152
2024-08-08T19:00,3600,0.0,0.0,0.0,0.0,0.0,0.0,0.0,0.0,0.0
2024-08-08T20:00,3600,0.0,0.0,0.0,0.0,0.0,0.0,0.0,0.0,0.0
2024-08-08T21:00,3600,0.0,0.0,0.0,0.0,0.0,0.0,0.0,0.0,0.0
2024-08-08T22:00,3600,0.0,0.0,0.0,0.0,0.0,0.0,0.0,0.0,0.0
2024-08-08T23:00,3600,0.0,0.0,0.0,0.0,0.0,0.0,0.0,0.0,0.0
2024-08-09T00:00,3600,0.0,0.0,0.0,0.0,0.0,0.0,0.0,0.0,0.0
2024-08-09T01:00,3600,0.0,0.0,0.0,0.0,0.0,0.0,0.0,0.0,0.0
2024-08-09T02:00,3600,0.0,0.0,0.0,0.0,0.0,0.0,0.0,0.0,0.0
2024-08-09T03:00,3600,0.0,0.0,0.0,0.0,0.0,0.0,0.0,0.0,0.0
2024-08-09T04:00,3600,0.0,0.0,0.0,0.0,0.0,0.0,0.0,0.0,0.0
2024-08-09T05:00,3600,0.0,0.0,0.0,0.0,0.0,0.0,0.0,0.0,0.0
2024-08-09T06:00,3600,0.0,0.03978411143999999,0.0,0.0,0.0,0.03978411143999999,60.50154924,39.78411144,25.36403883
2024-08-09T07:00,3600,0.0,0.35667307706000007,0.0,0.0,0.0,0.35667307706000007,440.97138909,356.67307706,188.00123266
2024-08-09T08:00,3600,1.0870588235294116,0.75860808745,0.75860808745,0.32845073607941166,0.0,0.0,926.77441093,758.60808745,404.38909047
2024-08-09T09:00,3600,1.0870588235294116,1.09375701674,1.0870588235294116,0.0,0.0,0.006698193210588288,1334.66651803,1093.75701674,593.88537365
2024-08-09T10:00,3600,1.051444705882353,1.31825149572,1.051444705882353,0.0,0.0,0.26680678983764694,1609.34259616,1318.25149572,736.34617205
2024-08-09T11:00,3600,1.0477176470588236,1.43135418115,1.0477176470588236,0.0,0.0,0.38363653409117626,1748.17540736,1431.35418115,805.55861744
2024-08-09T12:00,3600,1.0452329411764707,1.38978918054,1.0452329411764707,0.0,0.0,0.3445562393635293,1697.11954512,1389.78918054,780.44290111
2024-08-09T13:00,3600,1.0334136641538554,1.3553824644199999,1.0334136641538554,0.0,0.0,0.3219688002661445,1654.88734732,1355.38246442,764.10452239
2024-08-09T14:00,3600,1.0336242884250475,1.20681773676,1.0336242884250475,0.0,0.0,0.17319344833495243,1472.85265514,1206.81773676,672.72642941
2024-08-09T15:00,3600,1.032991137810028,1.04359451335,1.032991137810028,0.0,0.0,0.010603375539971927,1273.45160704,1043.59451335,576.30434908
2024-08-09T16:00,3600,1.0338344884781707,0.67325594253,0.67325594253,0.36057854594817074,0.0,0.0,823.30760535,673.25594253,364.40123887
2024-08-09T17:00,3600,1.0344625561067802,0.35524396627,0.35524396627,0.6792185898367802,0.0,0.0,439.25054805,355.24396627,190.93271629
2024-08-09T18:00,3600,0.0,0.04613726042,0.0,0.0,0.0,0.04613726042,68.10767666,46.13726042,28.8668518
2024-08-09T19:00,3600,0.0,0.0,0.0,0.0,0.0,0.0,0.0,0.0,0.0
2024-08-09T20:00,3600,0.0,0.0,0.0,0.0,0.0,0.0,0.0,0.0,0.0
2024-08-09T21:00,3600,0.0,0.0,0.0,0.0,0.0,0.0,0.0,0.0,0.0
2024-08-09T22:00,3600,0.0,0.0,0.0,0.0,0.0,0.0,0.0,0.0,0.0
2024-08-09T23:00,3600,0.0,0.0,0.0,0.0,0.0,0.0,0.0,0.0,0.0
2024-08-10T00:00,3600,0.0,0.0,0.0,0.0,0.0,0.0,0.0,0.0,0.0
2024-08-10T01:00,3600,0.0,0.0,0.0,0.0,0.0,0.0,0.0,0.0,0.0
2024-08-10T02:00,3600,0.0,0.0,0.0,0.0,0.0,0.0,0.0,0.0,0.0
2024-08-10T03:00,3600,0.0,0.0,0.0,0.0,0.0,0.0,0.0,0.0,0.0
2024-08-10T04:00,3600,0.0,0.0,0.0,0.0,0.0,0.0,0.0,0.0,0.0
2024-08-10T05:00,3600,0.0,0.0,0.0,0.0,0.0,0.0,0.0,0.0,0.0
2024-08-10T06:00,3600,0.0,0.03379798479,0.0,0.0,0.0,0.03379798479,53.3356374,33.79798479,22.37993786
2024-08-10T07:00,3600,0.0,0.18469314453000002,0.0,0.0,0.0,0.18469314453000002,234.21015354,184.69314453,99.13324128
2024-08-10T08:00,3600,0.0,0.50681776598,0.0,0.0,0.0,0.50681776598,622.01992221,506.81776598,267.63459058
2024-08-10T09:00,3600,0.0,0.87794894162,0.0,0.0,0.0,0.87794894162,1071.72195947,877.94894162,471.07561714
2024-08-10T10:00,3600,0.0,0.96647959349,0.0,0.0,0.0,0.96647959349,1179.45937019,966.47959349,528.6233924
2024-08-10T11:00,3600,0.0,1.3389021576,0.0,0.0,0.0,1.3389021576,1634.66863823,1338.9021576,753.58055458
2024-08-10T12:00,3600,0.0,1.2963600114999998,0.0,0.0,0.0,1.2963600114999998,1582.50575792,1296.3600115,730.75704809
2024-08-10T13:00,3600,0.0,1.1523279744700001,0.0,0.0,0.0,1.1523279744700001,1406.21648921,1152.32797447,644.63418989
2024-08-10T14:00,3600,0.0,0.8928073657800001,0.0,0.0,0.0,0.8928073657800001,1089.79134552,892.80736578,490.36321049
2024-08-10T15:00,3600,0.0,0.50735346324,0.0,0.0,0.0,0.50735346324,622.6667846,507.35346324,273.82680445
2024-08-10T16:00,3600,0.0,0.42342730445,0.0,0.0,0.0,0.42342730445,521.40318998,423.42730445,226.44369773
2024-08-10T17:00,3600,0.0,0.21907957450999999,0.0,0.0,0.0,0.21907957450999999,275.49851091,219.07957451,118.33696887
2024-08-10T18:00,3600,0.0,0.042475475990000004,0.0,0.0,0.0,0.042475475990000004,63.72360122,42.47547599,26.83695467
2024-08-10T19:00,3600,0.0,0.0,0.0,0.0,0.0,0.0,0.0,0.0,0.0
2024-08-10T20:00,3600,0.0,0.0,0.0,0.0,0.0,0.0,0.0,0.0,0.0
2024-08-10T21:00,3600,0.0,0.0,0.0,0.0,0.0,0.0,0.0,0.0,0.0
2024-08-10T22:00,3600,0.0,0.0,0.0,0.0,0.0,0.0,0.0,0.0,0.0
2024-08-10T23:00,3600,0.0,0.0,0.0,0.0,0.0,0.0,0.0,0.0,0.0
2024-08-11T00:00,3600,0.0,0.0,0.0,0.0,0.0,0.0,0.0,0.0,0.0
2024-08-11T01:00,3600,0.0,0.0,0.0,0.0,0.0,0.0,0.0,0.0,0.0
2024-08-11T02:00,3600,0.0,0.0,0.0,0.0,0.0,0.0,0.0,0.0,0.0
2024-08-11T03:00,3600,0.0,0.0,0.0,0.0,0.0,0.0,0.0,0.0,0.0
2024-08-11T04:00,3600,0.0,0.0,0.0,0.0,0.0,0.0,0.0,0.0,0.0
2024-08-11T05:00,3600,0.0,0.0,0.0,0.0,0.0,0.0,0.0,0.0,0.0
2024-08-11T06:00,3600,0.0,0.01245424902,0.0,0.0,0.0,0.01245424902,27.79171874,12.45424902,11.6184233
2024-08-11T07:00,3600,0.0,0.11889573434,0.0,0.0,0.0,0.11889573434,155.2787975,118.89573434,65.20579733
2024-08-11T08:00,3600,0.0,0.35198216944,0.0,0.0,0.0,0.35198216944,435.32307766,351.98216944,185.23745563
2024-08-11T09:00,3600,0.0,0.6872257887600001,0.0,0.0,0.0,0.6872257887600001,840.23100686,687.22578876,365.09113862
2024-08-11T10:00,3600,0.0,1.11841498474,0.0,0.0,0.0,1.11841498474,1364.77883665,1118.41498474,617.6537397
2024-08-11T11:00,3600,0.0,1.19742167582,0.0,0.0,0.0,1.19742167582,1461.3571574,1197.42167582,664.75508025
2024-08-11T12:00,3600,0.0,1.29453610791,0.0,0.0,0.0,1.29453610791,1580.27033712,1294.53610791,723.63435412
2024-08-11T13:00,3600,0.0,1.01118151219,0.0,0.0,0.0,1.01118151219,1233.92797965,1011.18151219,556.27319947
2024-08-11T14:00,3600,0.0,1.04745313954,0.0,0.0,0.0,1.04745313954,1278.15834166,1047.45313954,572.6267866
2024-08-11T15:00,3600,0.0,0.48530485424,0.0,0.0,0.0,0.48530485424,596.04808745,485.30485424,256.06467446
2024-08-11T16:00,3600,0.0,0.18434929875000003,0.0,0.0,0.0,0.18434929875000003,233.79742404,184.34929875,98.45644006
2024-08-11T17:00,3600,0.0,0.11079072788,0.0,0.0,0.0,0.11079072788,145.56252703,110.79072788,61.18962884
2024-08-11T18:00,3600,0.0,0.02253869124,0.0,0.0,0.0,0.02253869124,39.85941266,22.53869124,16.62481467
2024-08-11T19:00,3600,0.0,0.0,0.0,0.0,0.0,0.0,0.0,0.0,0.0
2024-08-11T20:00,3600,0.0,0.0,0.0,0.0,0.0,0.0,0.0,0.0,0.0
2024-08-11T21:00,3600,0.0,0.0,0.0,0.0,0.0,0.0,0.0,0.0,0.0
2024-08-11T22:00,3600,0.0,0.0,0.0,0.0,0.0,0.0,0.0,0.0,0.0
2024-08-11T23:00,3600,0.0,0.0,0.0,0.0,0.0,0.0,0.0,0.0,0.0
2024-08-12T00:00,3600,0.0,0.0,0.0,0.0,0.0,0.0,0.0,0.0,0.0
2024-08-12T01:00,3600,0.0,0.0,0.0,0.0,0.0,0.0,0.0,0.0,0.0
2024-08-12T02:00,3600,0.0,0.0,0.0,0.0,0.0,0.0,0.0,0.0,0.0
2024-08-12T03:00,3600,0.0,0.0,0.0,0.0,0.0,0.0,0.0,0.0,0.0
2024-08-12T04:00,3600,0.0,0.0,0.0,0.0,0.0,0.0,0.0,0.0,0.0
2024-08-12T05:00,3600,0.0,0.0,0.0,0.0,0.0,0.0,0.0,0.0,0.0
2024-08-12T06:00,3600,0.0,0.01454831029,0.0,0.0,0.0,0.01454831029,30.29742459,14.54831029,12.58662524
2024-08-12T07:00,3600,0.0,0.22080751619,0.0,0.0,0.0,0.22080751619,277.57396857,220.80751619,116.57391282
2024-08-12T08:00,3600,1.0870588235294116,0.55280729208,0.55280729208,0.5342515314494116,0.0,0.0,677.57645783,552.80729208,290.33773496
2024-08-12T09:00,3600,1.0870588235294116,0.85971334326,0.85971334326,0.2273454802694116,0.0,0.0,1049.55249991,859.71334326,459.47812127
2024-08-12T10:00,3600,1.086230588235294,1.16428448795,1.086230588235294,0.0,0.0,0.078053899714706,1420.83231729,1164.28448795,639.90787598
2024-08-12T11:00,3600,1.0800188235294121,1.1551300179,1.0800188235294121,0.0,0.0,0.07511119437058777,1409.64145179,1155.1300179,634.87708017
2024-08-12T12:00,3600,1.07008,0.94079982282,0.94079982282,0.12928017717999996,0.0,0.0,1148.18979978,940.79982282,511.00980669
2024-08-12T13:00,3600,1.0638682352941178,0.87869041211,0.87869041211,0.1851778231841178,0.0,0.0,1072.62354446,878.69041211,475.34797839
2024-08-12T14:00,3600,1.0762917647058825,0.37822827904,0.37822827904,0.6980634856658825,0.0,0.0,466.9322634,378.22827904,200.41941869
2024-08-12T15:00,3600,1.0800188235294121,0.15690930314,0.15690930314,0.9231095203894122,0.0,0.0,200.86869409,156.90930314,85.20177084
2024-08-12T16:00,3600,1.0870588235294116,0.26882761769,0.26882761769,0.8182312058394117,0.0,0.0,335.27809262,268.82761769,141.28252758
2024-08-12T17:00,3600,1.0870588235294116,0.19935058132,0.19935058132,0.8877082422094116,0.0,0.0,251.80638783,199.35058132,105.75552438
2024-08-12T18:00,3600,0.0,0.03211530878,0.0,0.0,0.0,0.03211530878,51.32146975,32.11530878,21.37822845
2024-08-12T19:00,3600,0.0,0.0,0.0,0.0,0.0,0.0,0.0,0.0,0.0
2024-08-12T20:00,3600,0.0,0.0,0.0,0.0,0.0,0.0,0.0,0.0,0.0
2024-08-12T21:00,3600,0.0,0.0,0.0,0.0,0.0,0.0,0.0,0.0,0.0
2024-08-12T22:00,3600,0.0,0.0,0.0,0.0,0.0,0.0,0.0,0.0,0.0
2024-08-12T23:00,3600,0.0,0.0,0.0,0.0,0.0,0.0,0.0,0.0,0.0
2024-08-13T00:00,3600,0.0,0.0,0.0,0.0,0.0,0.0,0.0,0.0,0.0
2024-08-13T01:00,3600,0.0,0.0,0.0,0.0,0.0,0.0,0.0,0.0,0.0
2024-08-13T02:00,3600,0.0,0.0,0.0,0.0,0.0,0.0,0.0,0.0,0.0
2024-08-13T03:00,3600,0.0,0.0,0.0,0.0,0.0,0.0,0.0,0.0,0.0
2024-08-13T04:00,3600,0.0,0.0,0.0,0.0,0.0,0.0,0.0,0.0,0.0
2024-08-13T05:00,3600,0.0,0.0,0.0,0.0,0.0,0.0,0.0,0.0,0.0
2024-08-13T06:00,3600,0.0,0.02627600045,0.0,0.0,0.0,0.02627600045,44.33228268,26.27600045,18.39583689
2024-08-13T07:00,3600,0.0,0.13986275498,0.0,0.0,0.0,0.13986275498,180.42073524,139.86275498,75.31540735
2024-08-13T08:00,3600,1.0870588235294116,0.24971940741999998,0.24971940741999998,0.8373394161094116,0.0,0.0,312.31028958,249.71940742,131.32361003
2024-08-13T09:00,3600,1.0870588235294116,0.2850928685,0.2850928685,0.8019659550294116,0.0,0.0,354.83507515,285.0928685,149.58003009
2024-08-13T10:00,3600,1.0870588235294116,0.29341249114,0.29341249114,0.7936463323894116,0.0,0.0,364.84067671,293.41249114,155.00118765
2024-08-13T11:00,3600,1.0870588235294116,0.22569367409,0.22569367409,0.8613651494394117,0.0,0.0,283.44316622,225.69367409,120.03083845
2024-08-13T12:00,3600,1.0870588235294116,0.32220348148,0.32220348148,0.7648553420494116,0.0,0.0,399.47805076,322.20348148,169.88567673
2024-08-13T13:00,3600,1.0825035294117646,0.17579065562,0.17579065562,0.9067128737917647,0.0,0.0,223.52504124,175.79065562,94.91144482
2024-08-13T14:00,3600,1.0849882352941176,1.11958242191,1.0849882352941176,0.0,0.0,0.034594186615882316,1366.2048617,1119.58242191,614.94055586
2024-08-13T15:00,3600,1.0812611764705882,1.04560563407,1.04560563407,0.035655542400588214,0.0,0.0,1275.9047199,1045.60563407,572.10462137
2024-08-13T16:00,3600,1.0870588235294116,0.62850537651,0.62850537651,0.4585534470194116,0.0,0.0,769.12548779,628.50537651,334.69436881
2024-08-13T17:00,3600,1.0849882352941176,0.20717583084,0.20717583084,0.8778124044541176,0.0,0.0,261.20253238,207.17583084,111.06269418
2024-08-13T18:00,3600,0.0,0.02002646197,0.0,0.0,0.0,0.02002646197,36.85290912,20.02646197,15.39464669
2024-08-13T19:00,3600,0.0,0.0,0.0,0.0,0.0,0.0,0.0,0.0,0.0
2024-08-13T20:00,3600,0.0,0.0,0.0,0.0,0.0,0.0,0.0,0.0,0.0
2024-08-13T21:00,3600,0.0,0.0,0.0,0.0,0.0,0.0,0.0,0.0,0.0
2024-08-13T22:00,3600,0.0,0.0,0.0,0.0,0.0,0.0,0.0,0.0,0.0
2024-08-13T23:00,3600,0.0,0.0,0.0,0.0,0.0,0.0,0.0,0.0,0.0
2024-08-14T00:00,3600,0.0,0.0,0.0,0.0,0.0,0.0,0.0,0.0,0.0
2024-08-14T01:00,3600,0.0,0.0,0.0,0.0,0.0,0.0,0.0,0.0,0.0
2024-08-14T02:00,3600,0.0,0.0,0.0,0.0,0.0,0.0,0.0,0.0,0.0
2024-08-14T03:00,3600,0.0,0.0,0.0,0.0,0.0,0.0,0.0,0.0,0.0
2024-08-14T04:00,3600,0.0,0.0,0.0,0.0,0.0,0.0,0.0,0.0,0.0
2024-08-14T05:00,3600,0.0,0.0,0.0,0.0,0.0,0.0,0.0,0.0,0.0
2024-08-14T06:00,3600,0.0,0.03597216367,0.0,0.0,0.0,0.03597216367,55.93822704,35.97216367,23.30044271
2024-08-14T07:00,3600,0.0,0.26246363956,0.0,0.0,0.0,0.26246363956,327.62778082,262.46363956,138.09129116
2024-08-14T08:00,3600,1.0870588235294116,0.5461266786500001,0.5461266786500001,0.5409321448794115,0.0,0.0,669.50314991,546.12667865,287.05770952
2024-08-14T09:00,3600,1.0870588235294116,0.8483680369600001,0.8483680369600001,0.23869078656941156,0.0,0.0,1035.76358118,848.36803696,453.75691216
2024-08-14T10:00,3600,1.0762917647058825,1.07582088179,1.07582088179,0.0004708829158825978,0.0,0.0,1312.77177527,1075.82088179,589.92847332
2024-08-14T11:00,3600,1.0688376470588234,1.16095117624,1.0688376470588234,0.0,0.0,0.09211352918117655,1416.75729022,1160.95117624,639.89470554
2024-08-14T12:00,3600,1.0663529411764705,1.0939185873700001,1.0663529411764705,0.0,0.0,0.027565646193529636,1334.86378217,1093.91858737,600.39561572
2024-08-14T13:00,3600,1.062625882352941,1.02772005432,1.02772005432,0.034905828032941066,0.0,0.0,1254.09164006,1027.72005432,561.79827024
2024-08-14T14:00,3600,1.086230588235294,1.08028149185,1.08028149185,0.0059490963852939505,0.0,0.0,1318.21617008,1080.28149185,588.01494227
2024-08-14T15:00,3600,0.9965203837784921,0.7023779899600001,0.7023779899600001,0.29414239381849194,0.0,0.0,858.59174784,702.37798996,373.20896119
2024-08-14T16:00,3600,0.5744559588235295,0.22950747203,0.22950747203,0.3449484867935295,0.0,0.0,288.02462411,229.50747203,121.22881562
2024-08-14T17:00,3600,0.5735184735294118,0.17040390369,0.17040390369,0.40311456983941174,0.0,0.0,217.06050164,170.40390369,91.35969007
2024-08-14T18:00,3600,0.0,0.0247711622,0.0,0.0,0.0,0.0247711622,42.53123203,24.7711622,17.69641263
2024-08-14T19:00,3600,0.0,0.0,0.0,0.0,0.0,0.0,0.0,0.0,0.0
2024-08-14T20:00,3600,0.0,0.0,0.0,0.0,0.0,0.0,0.0,0.0,0.0
2024-08-14T21:00,3600,0.0,0.0,0.0,0.0,0.0,0.0,0.0,0.0,0.0
2024-08-14T22:00,3600,0.0,0.0,0.0,0.0,0.0,0.0,0.0,0.0,0.0
2024-08-14T23:00,3600,0.0,0.0,0.0,0.0,0.0,0.0,0.0,0.0,0.0
2024-08-15T00:00,3600,0.0,0.0,0.0,0.0,0.0,0.0,0.0,0.0,0.0
2024-08-15T01:00,3600,0.0,0.0,0.0,0.0,0.0,0.0,0.0,0.0,0.0
2024-08-15T02:00,3600,0.0,0.0,0.0,0.0,0.0,0.0,0.0,0.0,0.0
2024-08-15T03:00,3600,0.0,0.0,0.0,0.0,0.0,0.0,0.0,0.0,0.0
2024-08-15T04:00,3600,0.0,0.0,0.0,0.0,0.0,0.0,0.0,0.0,0.0
2024-08-15T05:00,3600,0.0,0.0,0.0,0.0,0.0,0.0,0.0,0.0,0.0
2024-08-15T06:00,3600,0.0,0.00677420701,0.0,0.0,0.0,0.00677420701,20.99559286,6.77420701,8.72176699
2024-08-15T07:00,3600,0.0,0.08117997988999999,0.0,0.0,0.0,0.08117997988999999,110.07747034,81.17997989,45.91046475
2024-08-15T08:00,3600,0.8549431981925588,0.10140961359999999,0.10140961359999999,0.7535335845925588,0.0,0.0,134.31826275,101.4096136,56.10892424
2024-08-15T09:00,3600,0.5454816617647059,0.23092879743,0.23092879743,0.3145528643347059,0.0,0.0,289.73212314,230.92879743,121.78849186
2024-08-15T10:00,3600,0.6219596676470589,0.30788015773,0.30788015773,0.3140795099170589,0.0,0.0,382.24388854,307.88015773,162.66587011
2024-08-15T11:00,3600,0.6384486411764706,0.36432375294,0.36432375294,0.2741248882364706,0.0,0.0,450.18460268,364.32375294,192.1998264
2024-08-15T12:00,3600,0.6885773088235294,0.5941114571699999,0.5941114571699999,0.0944658516535295,0.0,0.0,727.51355532,594.11145717,314.41329607
2024-08-15T13:00,3600,0.7793714264705883,0.94585373446,0.7793714264705883,0.0,0.0,0.16648230798941166,1154.34261242,945.85373446,508.45890976
2024-08-15T14:00,3600,0.7047685147058824,0.55468732205,0.55468732205,0.15008119265588238,0.0,0.0,679.84859522,554.68732205,293.53904843
2024-08-15T15:00,3600,0.6699376264705883,0.43624256486,0.43624256486,0.23369506161058828,0.0,0.0,536.85561558,436.24256486,229.84907442
2024-08-15T16:00,3600,0.5677831676470588,0.19309037098999998,0.19309037098999998,0.37469279665705885,0.0,0.0,244.29043302,193.09037099,102.76523935
2024-08-15T17:00,3600,0.5025000352941177,0.08422551189000001,0.08422551189000001,0.4182745234041177,0.0,0.0,113.7263001,84.22551189,47.34652907
2024-08-15T18:00,3600,0.0,0.01655181466,0.0,0.0,0.0,0.01655181466,32.69486186,16.55181466,13.55482718
2024-08-15T19:00,3600,0.0,0.0,0.0,0.0,0.0,0.0,0.0,0.0,0.0
2024-08-15T20:00,3600,0.0,0.0,0.0,0.0,0.0,0.0,0.0,0.0,0.0
2024-08-15T21:00,3600,0.0,0.0,0.0,0.0,0.0,0.0,0.0,0.0,0.0
2024-08-15T22:00,3600,0.0,0.0,0.0,0.0,0.0,0.0,0.0,0.0,0.0
2024-08-15T23:00,3600,0.0,0.0,0.0,0.0,0.0,0.0,0.0,0.0,0.0
2024-08-16T00:00,3600,0.0,0.0,0.0,0.0,0.0,0.0,0.0,0.0,0.0
2024-08-16T01:00,3600,0.0,0.0,0.0,0.0,0.0,0.0,0.0,0.0,0.0
2024-08-16T02:00,3600,0.0,0.0,0.0,0.0,0.0,0.0,0.0,0.0,0.0
2024-08-16T03:00,3600,0.0,0.0,0.0,0.0,0.0,0.0,0.0,0.0,0.0
2024-08-16T04:00,3600,0.0,0.0,0.0,0.0,0.0,0.0,0.0,0.0,0.0
2024-08-16T05:00,3600,0.0,0.0,0.0,0.0,0.0,0.0,0.0,0.0,0.0
2024-08-16T06:00,3600,0.0,0.00686846144,0.0,0.0,0.0,0.00686846144,21.1083618,6.86846144,8.73766602
2024-08-16T07:00,3600,0.0,0.08852298254,0.0,0.0,0.0,0.08852298254,118.87541471,88.52298254,49.4257831
2024-08-16T08:00,3600,0.716100850779985,0.34360898279,0.34360898279,0.37249186798998496,0.0,0.0,425.24216026,343.60898279,179.3633397
2024-08-16T09:00,3600,0.6213529941176472,0.5034374700800001,0.5034374700800001,0.11791552403764716,0.0,0.0,617.93831339,503.43747008,263.66997171
2024-08-16T10:00,3600,0.7016141088235294,0.5205608850500001,0.5205608850500001,0.18105322377352928,0.0,0.0,638.61698186,520.56088505,275.7475975
2024-08-16T11:00,3600,0.7255835264705881,0.5946452408699999,0.5946452408699999,0.13093828560058818,0.0,0.0,728.15915637,594.64524087,315.89404626
2024-08-16T12:00,3600,0.8083632441176472,0.8760580690199999,0.8083632441176472,0.0,0.0,0.06769482490235279,1069.42282542,876.05806902,472.75965908
2024-08-16T13:00,3600,0.7640073911764705,0.6187819254800001,0.6187819254800001,0.14522546569647043,0.0,0.0,757.35873303,618.78192548,330.80935494
2024-08-16T14:00,3600,0.7712347205882353,0.71832534821,0.71832534821,0.05290937237823523,0.0,0.0,877.92165564,718.32534821,383.82339234
2024-08-16T15:00,3600,0.7118012029411765,0.44889142309999996,0.44889142309999996,0.2629097798411766,0.0,0.0,552.11099979,448.8914231,237.7412271
2024-08-16T16:00,3600,0.5674081735294118,0.17179679319,0.17179679319,0.3956113803394118,0.0,0.0,218.73202076,171.79679319,91.97918443
2024-08-16T17:00,3600,0.5558272911764706,0.12412871923,0.12412871923,0.43169857194647054,0.0,0.0,161.55285978,124.12871923,67.7741359
2024-08-16T18:00,3600,0.0,0.04169991951,0.0,0.0,0.0,0.04169991951,62.79510305,41.69991951,26.14145242
2024-08-16T19:00,3600,0.0,0.0,0.0,0.0,0.0,0.0,0.0,0.0,0.0
2024-08-16T20:00,3600,0.0,0.0,0.0,0.0,0.0,0.0,0.0,0.0,0.0
2024-08-16T21:00,3600,0.0,0.0,0.0,0.0,0.0,0.0,0.0,0.0,0.0
2024-08-16T22:00,3600,0.0,0.0,0.0,0.0,0.0,0.0,0.0,0.0,0.0
2024-08-16T23:00,3600,0.0,0.0,0.0,0.0,0.0,0.0,0.0,0.0,0.0
2024-08-17T00:00,3600,0.0,0.0,0.0,0.0,0.0,0.0,0.0,0.0,0.0
2024-08-17T01:00,3600,0.0,0.0,0.0,0.0,0.0,0.0,0.0,0.0,0.0
2024-08-17T02:00,3600,0.0,0.0,0.0,0.0,0.0,0.0,0.0,0.0,0.0
2024-08-17T03:00,3600,0.0,0.0,0.0,0.0,0.0,0.0,0.0,0.0,0.0
2024-08-17T04:00,3600,0.0,0.0,0.0,0.0,0.0,0.0,0.0,0.0,0.0
2024-08-17T05:00,3600,0.0,0.0,0.0,0.0,0.0,0.0,0.0,0.0,0.0
2024-08-17T06:00,3600,0.0,0.00292325737,0.0,0.0,0.0,0.00292325737,16.38836275,2.92325737,6.77741359
2024-08-17T07:00,3600,0.0,0.04391763679,0.0,0.0,0.0,0.04391763679,65.45019479,43.91763679,27.10965436
2024-08-17T08:00,3600,0.0,0.10796650038000001,0.0,0.0,0.0,0.10796650038000001,142.17718623,107.96650038,59.06031842
2024-08-17T09:00,3600,0.0,0.14655143363999998,0.0,0.0,0.0,0.14655143363999998,188.44328745,146.55143364,78.42435725
2024-08-17T10:00,3600,0.0,0.24694057443999998,0.0,0.0,0.0,0.24694057443999998,308.97084464,246.94057444,129.73906015
2024-08-17T11:00,3600,0.0,0.32095633858,0.0,0.0,0.0,0.32095633858,397.97727765,320.95633858,167.71233981
2024-08-17T12:00,3600,0.0,0.45593653657,0.0,0.0,0.0,0.45593653657,560.60943951,455.93653657,238.15619343
2024-08-17T13:00,3600,0.0,0.36766967144,0.0,0.0,0.0,0.36766967144,454.21428567,367.66967144,192.81317998
2024-08-17T14:00,3600,0.0,0.49449222002,0.0,0.0,0.0,0.49449222002,607.13842256,494.49222002,259.75076533
2024-08-17T15:00,3600,0.0,0.61179629109,0.0,0.0,0.0,0.61179629109,748.90644405,611.79629109,322.94453562
2024-08-17T16:00,3600,0.0,0.17645827178999998,0.0,0.0,0.0,0.17645827178999998,224.3262794,176.45827179,94.27049057
2024-08-17T17:00,3600,0.0,0.058491286649999995,0.0,0.0,0.0,0.058491286649999995,82.90071493,58.49128665,34.69181057
2024-08-17T18:00,3600,0.0,0.0049481549,0.0,0.0,0.0,0.0049481549,18.81088555,4.9481549,7.79375257
2024-08-17T19:00,3600,0.0,0.0,0.0,0.0,0.0,0.0,0.0,0.0,0.0
2024-08-17T20:00,3600,0.0,0.0,0.0,0.0,0.0,0.0,0.0,0.0,0.0
2024-08-17T21:00,3600,0.0,0.0,0.0,0.0,0.0,0.0,0.0,0.0,0.0
2024-08-17T22:00,3600,0.0,0.0,0.0,0.0,0.0,0.0,0.0,0.0,0.0
2024-08-17T23:00,3600,0.0,0.0,0.0,0.0,0.0,0.0,0.0,0.0,0.0
2024-08-18T00:00,3600,0.0,0.0,0.0,0.0,0.0,0.0,0.0,0.0,0.0
2024-08-18T01:00,3600,0.0,0.0,0.0,0.0,0.0,0.0,0.0,0.0,0.0
2024-08-18T02:00,3600,0.0,0.0,0.0,0.0,0.0,0.0,0.0,0.0,0.0
2024-08-18T03:00,3600,0.0,0.0,0.0,0.0,0.0,0.0,0.0,0.0,0.0
2024-08-18T04:00,3600,0.0,0.0,0.0,0.0,0.0,0.0,0.0,0.0,0.0
2024-08-18T05:00,3600,0.0,0.0,0.0,0.0,0.0,0.0,0.0,0.0,0.0
2024-08-18T06:00,3600,0.0,0.00095855915,0.0,0.0,0.0,0.00095855915,14.03794608,0.95855915,5.80921165
2024-08-18T07:00,3600,0.0,0.03147097328,0.0,0.0,0.0,0.03147097328,50.55021484,31.47097328,20.95216732
2024-08-18T08:00,3600,0.0,0.13566567493,0.0,0.0,0.0,0.13566567493,175.38716554,135.66567493,73.09849909
2024-08-18T09:00,3600,0.0,0.29050331539,0.0,0.0,0.0,0.29050331539,361.34177925,290.50331539,151.94571545
2024-08-18T10:00,3600,0.0,0.4265536552,0.0,0.0,0.0,0.4265536552,525.17255242,426.5536552,223.86894348
2024-08-18T11:00,3600,0.0,0.5280103323800001,0.0,0.0,0.0,0.5280103323800001,647.61517993,528.01033238,277.96854073
2024-08-18T12:00,3600,0.0,0.27883557359999994,0.0,0.0,0.0,0.27883557359999994,347.31074587,278.8355736,147.3407978
2024-08-18T13:00,3600,0.0,0.40093612562000003,0.0,0.0,0.0,0.40093612562000003,494.29258086,400.93612562,211.930718
2024-08-18T14:00,3600,0.0,0.45630421554,0.0,0.0,0.0,0.45630421554,561.05299697,456.30421554,240.63542672
2024-08-18T15:00,3600,0.0,0.34517097202,0.0,0.0,0.0,0.34517097202,427.12260236,345.17097202,181.99578452
2024-08-18T16:00,3600,0.0,0.17007848682,0.0,0.0,0.0,0.17007848682,216.66999547,170.07848682,91.01098249
2024-08-18T17:00,3600,0.0,0.061033784730000006,0.0,0.0,0.0,0.061033784730000006,85.94558438,61.03378473,35.82347183
2024-08-18T18:00,3600,0.0,0.00288847524,0.0,0.0,0.0,0.00288847524,16.34675129,2.88847524,6.77741359
2024-08-18T19:00,3600,0.0,0.0,0.0,0.0,0.0,0.0,0.0,0.0,0.0
2024-08-18T20:00,3600,0.0,0.0,0.0,0.0,0.0,0.0,0.0,0.0,0.0
2024-08-18T21:00,3600,0.0,0.0,0.0,0.0,0.0,0.0,0.0,0.0,0.0
2024-08-18T22:00,3600,0.0,0.0,0.0,0.0,0.0,0.0,0.0,0.0,0.0
2024-08-18T23:00,3600,0.0,0.0,0.0,0.0,0.0,0.0,0.0,0.0,0.0
2024-08-19T00:00,3600,0.0,0.0,0.0,0.0,0.0,0.0,0.0,0.0,0.0
2024-08-19T01:00,3600,0.0,0.0,0.0,0.0,0.0,0.0,0.0,0.0,0.0
2024-08-19T02:00,3600,0.0,0.0,0.0,0.0,0.0,0.0,0.0,0.0,0.0
2024-08-19T03:00,3600,0.0,0.0,0.0,0.0,0.0,0.0,0.0,0.0,0.0
2024-08-19T04:00,3600,0.0,0.0,0.0,0.0,0.0,0.0,0.0,0.0,0.0
2024-08-19T05:00,3600,0.0,0.0,0.0,0.0,0.0,0.0,0.0,0.0,0.0
2024-08-19T06:00,3600,0.0,0.01070372928,0.0,0.0,0.0,0.01070372928,25.69716038,10.70372928,10.65022136
2024-08-19T07:00,3600,0.0,0.12072007618,0.0,0.0,0.0,0.12072007618,157.46601509,120.72007618,65.65203135
2024-08-19T08:00,3600,1.0870588235294116,0.19672118239,0.19672118239,0.8903376411394116,0.0,0.0,248.64944863,196.72118239,104.24609906
2024-08-19T09:00,3600,1.0870588235294116,0.39671766069,0.39671766069,0.6903411628394116,0.0,0.0,489.20895015,396.71766069,207.24469367
2024-08-19T10:00,3600,1.0870588235294116,0.4997860155,0.4997860155,0.5872728080294116,0.0,0.0,613.52957669,499.7860155,263.45984645
2024-08-19T11:00,3600,1.0870588235294116,0.47277130599,0.47277130599,0.6142875175394116,0.0,0.0,580.92153261,472.77130599,249.39828601
2024-08-19T12:00,3600,1.0870588235294116,0.5861820192500001,0.5861820192500001,0.5008768042794115,0.0,0.0,717.92381111,586.18201925,309.82315683
2024-08-19T13:00,3600,1.0116904972727023,0.66809094155,0.66809094155,0.3435995557227023,0.0,0.0,817.0517219,668.09094155,355.15550777
2024-08-19T14:00,3600,0.7519182382352941,0.6824579452200001,0.6824579452200001,0.069460293015294,0.0,0.0,834.45463101,682.45794522,362.86310328
2024-08-19T15:00,3600,0.7201742882352942,0.49170255391,0.49170255391,0.22847173432529416,0.0,0.0,603.77073559,491.70255391,260.51260119
2024-08-19T16:00,3600,0.6168530647058822,0.23444647570000002,0.23444647570000002,0.3824065890058822,0.0,0.0,293.9582528,234.4464757,124.60798225
2024-08-19T17:00,3600,0.5911876264705883,0.11931041308,0.11931041308,0.4718772133905883,0.0,0.0,155.77595264,119.31041308,65.67034042
2024-08-19T18:00,3600,0.0,0.014476480880000002,0.0,0.0,0.0,0.014476480880000002,30.21147357,14.47648088,12.58662524
2024-08-19T19:00,3600,0.0,0.0,0.0,0.0,0.0,0.0,0.0,0.0,0.0
2024-08-19T20:00,3600,0.0,0.0,0.0,0.0,0.0,0.0,0.0,0.0,0.0
2024-08-19T21:00,3600,0.0,0.0,0.0,0.0,0.0,0.0,0.0,0.0,0.0
2024-08-19T22:00,3600,0.0,0.0,0.0,0.0,0.0,0.0,0.0,0.0,0.0
2024-08-19T23:00,3600,0.0,0.0,0.0,0.0,0.0,0.0,0.0,0.0,0.0
2024-08-20T00:00,3600,0.0,0.0,0.0,0.0,0.0,0.0,0.0,0.0,0.0
2024-08-20T01:00,3600,0.0,0.0,0.0,0.0,0.0,0.0,0.0,0.0,0.0
2024-08-20T02:00,3600,0.0,0.0,0.0,0.0,0.0,0.0,0.0,0.0,0.0
2024-08-20T03:00,3600,0.0,0.0,0.0,0.0,0.0,0.0,0.0,0.0,0.0
2024-08-20T04:00,3600,0.0,0.0,0.0,0.0,0.0,0.0,0.0,0.0,0.0
2024-08-20T05:00,3600,0.0,0.0,0.0,0.0,0.0,0.0,0.0,0.0,0.0
2024-08-20T06:00,3600,0.0,0.01261104486,0.0,0.0,0.0,0.01261104486,27.97933374,12.61104486,11.6184233
2024-08-20T07:00,3600,0.0,0.06308556397000001,0.0,0.0,0.0,0.06308556397000001,88.40287732,63.08556397,36.79167377
2024-08-20T08:00,3600,0.9084385311676875,0.09955592265999999,0.09955592265999999,0.8088826085076875,0.0,0.0,132.09664554,99.55592266,55.12106878
2024-08-20T09:00,3600,0.5513162235294118,0.24464993904,0.24464993904,0.3066662844894118,0.0,0.0,306.2182166,244.64993904,128.80357556
2024-08-20T10:00,3600,0.6467978911764707,0.44965192573000007,0.44965192573000007,0.19714596544647062,0.0,0.0,553.02833189,449.65192573,236.77920253
2024-08-20T11:00,3600,0.7046030470588234,0.6463104700599999,0.6463104700599999,0.05829257699882351,0.0,0.0,790.67771998,646.31047006,342.57378635
2024-08-20T12:00,3600,0.7173751235294118,0.63404444534,0.63404444534,0.08333067818941176,0.0,0.0,775.82950261,634.04444534,336.62413546
2024-08-20T13:00,3600,0.7666720676470588,0.7187855131900001,0.7187855131900001,0.047886554457058694,0.0,0.0,878.47951071,718.78551319,384.13385402
2024-08-20T14:00,3600,0.7346391323529412,0.5771313786,0.5771313786,0.15750775375294124,0.0,0.0,706.9798348,577.1313786,306.43443303
2024-08-20T15:00,3600,0.7113031176470588,0.43848044972000005,0.43848044972000005,0.2728226679270587,0.0,0.0,539.55439635,438.48044972,232.42624947
2024-08-20T16:00,3600,0.6167758382352941,0.30814955647000003,0.30814955647000003,0.3086262817652941,0.0,0.0,382.56799341,308.14955647,162.06322382
2024-08-20T17:00,3600,0.5596214147058823,0.11801873182,0.11801873182,0.44160268288588234,0.0,0.0,154.22737843,118.01873182,64.72548634
2024-08-20T18:00,3600,0.0,0.02228507604,0.0,0.0,0.0,0.02228507604,39.5558931,22.28507604,16.459433
2024-08-20T19:00,3600,0.0,0.0,0.0,0.0,0.0,0.0,0.0,0.0,0.0
2024-08-20T20:00,3600,0.0,0.0,0.0,0.0,0.0,0.0,0.0,0.0,0.0
2024-08-20T21:00,3600,0.0,0.0,0.0,0.0,0.0,0.0,0.0,0.0,0.0
2024-08-20T22:00,3600,0.0,0.0,0.0,0.0,0.0,0.0,0.0,0.0,0.0
2024-08-20T23:00,3600,0.0,0.0,0.0,0.0,0.0,0.0,0.0,0.0,0.0
2024-08-21T00:00,3600,0.0,0.0,0.0,0.0,0.0,0.0,0.0,0.0,0.0
2024-08-21T01:00,3600,0.0,0.0,0.0,0.0,0.0,0.0,0.0,0.0,0.0
2024-08-21T02:00,3600,0.0,0.0,0.0,0.0,0.0,0.0,0.0,0.0,0.0
2024-08-21T03:00,3600,0.0,0.0,0.0,0.0,0.0,0.0,0.0,0.0,0.0
2024-08-21T04:00,3600,0.0,0.0,0.0,0.0,0.0,0.0,0.0,0.0,0.0
2024-08-21T05:00,3600,0.0,0.0,0.0,0.0,0.0,0.0,0.0,0.0,0.0
2024-08-21T06:00,3600,0.0,0.020457164460000003,0.0,0.0,0.0,0.020457164460000003,37.36834135,20.45716446,15.49123106
2024-08-21T07:00,3600,0.0,0.13908550058,0.0,0.0,0.0,0.13908550058,179.48854264,139.08550058,74.92205654
2024-08-21T08:00,3600,0.8405271918398189,0.27156711272,0.27156711272,0.5689600791198189,0.0,0.0,338.57159077,271.56711272,142.47872012
2024-08-21T09:00,3600,0.6265368235294118,0.5055205042099999,0.5055205042099999,0.12101631931941181,0.0,0.0,620.45348607,505.52050421,264.7754582
2024-08-21T10:00,3600,0.6751434852941176,0.5427275504000001,0.5427275504000001,0.13241593489411752,0.0,0.0,665.3957977,542.7275504,286.15134519
2024-08-21T11:00,3600,0.7039633294117648,0.68834198818,0.68834198818,0.01562134123176473,0.0,0.0,841.5833882,688.34198818,364.13645153
2024-08-21T12:00,3600,0.6313236294117647,0.37936396896,0.37936396896,0.25195966045176466,0.0,0.0,468.30036449,379.36396896,199.42599038
2024-08-21T13:00,3600,0.6208677294117647,0.4012592623499999,0.4012592623499999,0.2196084670617648,0.0,0.0,494.68200615,401.25926235,210.36476315
2024-08-21T14:00,3600,0.5413015294117647,0.16094649005999997,0.16094649005999997,0.38035503935176473,0.0,0.0,205.71238513,160.94649006,86.16997278
2024-08-21T15:00,3600,0.539547844117647,0.18598734833000002,0.18598734833000002,0.353560495787647,0.0,0.0,235.76365269,185.98734833,98.7961796
2024-08-21T16:00,3600,0.5064926705882353,0.14619149967,0.14619149967,0.3603011709182353,0.0,0.0,188.01154943,146.19149967,78.36714331
2024-08-21T17:00,3600,0.5065698970588235,0.06965556306000001,0.06965556306000001,0.4369143339988235,0.0,0.0,96.27199205,69.65556306,40.07887582
2024-08-21T18:00,3600,0.0,0.006820526110000001,0.0,0.0,0.0,0.006820526110000001,21.05101045,6.82052611,8.71381747
2024-08-21T19:00,3600,0.0,0.0,0.0,0.0,0.0,0.0,0.0,0.0,0.0
2024-08-21T20:00,3600,0.0,0.0,0.0,0.0,0.0,0.0,0.0,0.0,0.0
2024-08-21T21:00,3600,0.0,0.0,0.0,0.0,0.0,0.0,0.0,0.0,0.0
2024-08-21T22:00,3600,0.0,0.0,0.0,0.0,0.0,0.0,0.0,0.0,0.0
2024-08-21T23:00,3600,0.0,0.0,0.0,0.0,0.0,0.0,0.0,0.0,0.0
2024-08-22T00:00,3600,0.0,0.0,0.0,0.0,0.0,0.0,0.0,0.0,0.0
2024-08-22T01:00,3600,0.0,0.0,0.0,0.0,0.0,0.0,0.0,0.0,0.0
2024-08-22T02:00,3600,0.0,0.0,0.0,0.0,0.0,0.0,0.0,0.0,0.0
2024-08-22T03:00,3600,0.0,0.0,0.0,0.0,0.0,0.0,0.0,0.0,0.0
2024-08-22T04:00,3600,0.0,0.0,0.0,0.0,0.0,0.0,0.0,0.0,0.0
2024-08-22T05:00,3600,0.0,0.0,0.0,0.0,0.0,0.0,0.0,0.0,0.0
2024-08-22T06:00,3600,0.0,0.00287912341,0.0,0.0,0.0,0.00287912341,16.33556328,2.87912341,6.77741359
2024-08-22T07:00,3600,0.0,0.09151997844000001,0.0,0.0,0.0,0.09151997844000001,122.46657511,91.51997844,51.02437951
2024-08-22T08:00,3600,0.6694446282977996,0.10931410171000001,0.10931410171000001,0.5601305265877996,0.0,0.0,143.79250511,109.31410171,59.97351571
2024-08-22T09:00,3600,0.5573492970588236,0.32359158545999994,0.32359158545999994,0.2337577115988237,0.0,0.0,401.14849273,323.59158546,168.91757251
2024-08-22T10:00,3600,0.6221471647058825,0.32011754373,0.32011754373,0.3020296209758825,0.0,0.0,396.96791738,320.11754373,168.6840299
2024-08-22T11:00,3600,0.6946876088235293,0.60184682325,0.60184682325,0.09284078557352926,0.0,0.0,736.86995961,601.84682325,317.65830476
2024-08-22T12:00,3600,0.7322868941176469,0.6756060478399999,0.6756060478399999,0.05668084627764702,0.0,0.0,826.15426872,675.60604784,358.28763999
2024-08-22T13:00,3600,0.6917426852941175,0.33412438168999997,0.33412438168999997,0.35761830360411756,0.0,0.0,413.82503805,334.12438169,177.68313149
2024-08-22T14:00,3600,0.685177505882353,0.40934073101,0.40934073101,0.27583677487235303,0.0,0.0,504.42207311,409.34073101,216.41848052
2024-08-22T15:00,3600,0.698217794117647,0.47829830167,0.47829830167,0.21991949244764697,0.0,0.0,587.59154803,478.29830167,253.05880348
2024-08-22T16:00,3600,0.6184302676470588,0.25121490784,0.25121490784,0.36721535980705877,0.0,0.0,314.10756853,251.21490784,133.25997176
2024-08-22T17:00,3600,0.5879449794117647,0.10629971996000001,0.10629971996000001,0.48164525945176473,0.0,0.0,140.17933462,106.29971996,59.06031842
2024-08-22T18:00,3600,0.0,0.018407541930000004,0.0,0.0,0.0,0.018407541930000004,34.9155441,18.40754193,14.52302912
2024-08-22T19:00,3600,0.0,0.0,0.0,0.0,0.0,0.0,0.0,0.0,0.0
2024-08-22T20:00,3600,0.0,0.0,0.0,0.0,0.0,0.0,0.0,0.0,0.0
2024-08-22T21:00,3600,0.0,0.0,0.0,0.0,0.0,0.0,0.0,0.0,0.0
2024-08-22T22:00,3600,0.0,0.0,0.0,0.0,0.0,0.0,0.0,0.0,0.0
2024-08-22T23:00,3600,0.0,0.0,0.0,0.0,0.0,0.0,0.0,0.0,0.0
2024-08-23T00:00,3600,0.0,0.0,0.0,0.0,0.0,0.0,0.0,0.0,0.0
2024-08-23T01:00,3600,0.0,0.0,0.0,0.0,0.0,0.0,0.0,0.0,0.0
2024-08-23T02:00,3600,0.0,0.0,0.0,0.0,0.0,0.0,0.0,0.0,0.0
2024-08-23T03:00,3600,0.0,0.0,0.0,0.0,0.0,0.0,0.0,0.0,0.0
2024-08-23T04:00,3600,0.0,0.0,0.0,0.0,0.0,0.0,0.0,0.0,0.0
2024-08-23T05:00,3600,0.0,0.0,0.0,0.0,0.0,0.0,0.0,0.0,0.0
2024-08-23T06:00,3600,0.0,0.012674503069999999,0.0,0.0,0.0,0.012674503069999999,28.05526518,12.67450307,11.64542076
2024-08-23T07:00,3600,0.0,0.15007154495000002,0.0,0.0,0.0,0.15007154495000002,192.66578405,150.07154495,80.49216503
2024-08-23T08:00,3600,0.8548433546162666,0.27949551844000003,0.27949551844000003,0.5753478361762665,0.0,0.0,348.10428141,279.49551844,146.5026192
2024-08-23T09:00,3600,0.5847684205882353,0.41367635176,0.41367635176,0.1710920688282353,0.0,0.0,509.64811534,413.67635176,216.01526799
2024-08-23T10:00,3600,0.6857868823529413,0.53558725406,0.53558725406,0.1501996282929413,0.0,0.0,656.76863478,535.58725406,283.26730843
2024-08-23T11:00,3600,0.7233089411764706,0.6843222748199999,0.6843222748199999,0.038986666356470745,0.0,0.0,836.71325708,684.32227482,363.8940297
2024-08-23T12:00,3600,0.6877280647058823,0.52545290226,0.52545290226,0.16227516244588236,0.0,0.0,644.52591577,525.45290226,278.16414119
2024-08-23T13:00,3600,0.7091960411764706,0.4871108604600001,0.4871108604600001,0.22208518071647054,0.0,0.0,598.22802024,487.11086046,258.99687528
2024-08-23T14:00,3600,0.6920563352941176,0.4170125034,0.4170125034,0.2750438318941176,0.0,0.0,513.66971,417.0125034,221.29348376
2024-08-23T15:00,3600,0.6800470676470588,0.37867402998,0.37867402998,0.3013730376670588,0.0,0.0,467.46923079,378.67402998,200.8951748
2024-08-23T16:00,3600,0.6534486529411764,0.37932270193,0.37932270193,0.27412595101117637,0.0,0.0,468.25065195,379.32270193,200.48991507
2024-08-23T17:00,3600,0.609342044117647,0.17050655063,0.17050655063,0.43883549348764705,0.0,0.0,217.18368031,170.50655063,91.9880184
2024-08-23T18:00,3600,0.0,0.02222243021,0.0,0.0,0.0,0.02222243021,39.48092053,22.22243021,16.46738252
2024-08-23T19:00,3600,0.0,0.0,0.0,0.0,0.0,0.0,0.0,0.0,0.0
2024-08-23T20:00,3600,0.0,0.0,0.0,0.0,0.0,0.0,0.0,0.0,0.0
2024-08-23T21:00,3600,0.0,0.0,0.0,0.0,0.0,0.0,0.0,0.0,0.0
2024-08-23T22:00,3600,0.0,0.0,0.0,0.0,0.0,0.0,0.0,0.0,0.0
2024-08-23T23:00,3600,0.0,0.0,0.0,0.0,0.0,0.0,0.0,0.0,0.0
2024-08-24T00:00,3600,0.0,0.0,0.0,0.0,0.0,0.0,0.0,0.0,0.0
2024-08-24T01:00,3600,0.0,0.0,0.0,0.0,0.0,0.0,0.0,0.0,0.0
2024-08-24T02:00,3600,0.0,0.0,0.0,0.0,0.0,0.0,0.0,0.0,0.0
2024-08-24T03:00,3600,0.0,0.0,0.0,0.0,0.0,0.0,0.0,0.0,0.0
2024-08-24T04:00,3600,0.0,0.0,0.0,0.0,0.0,0.0,0.0,0.0,0.0
2024-08-24T05:00,3600,0.0,0.0,0.0,0.0,0.0,0.0,0.0,0.0,0.0
2024-08-24T06:00,3600,0.0,0.02892467361,0.0,0.0,0.0,0.02892467361,47.50244109,28.92467361,19.76362949
2024-08-24T07:00,3600,0.0,0.28829064796000003,0.0,0.0,0.0,0.28829064796000003,358.68070571,288.29064796,151.5280817
2024-08-24T08:00,3600,0.0,0.5777576645399999,0.0,0.0,0.0,0.5777576645399999,707.73707621,577.75766454,304.50729055
2024-08-24T09:00,3600,0.0,0.87758065604,0.0,0.0,0.0,0.87758065604,1071.2741503,877.58065604,469.47769777
2024-08-24T10:00,3600,0.0,1.1559998503,0.0,0.0,0.0,1.1559998503,1410.70469286,1155.9998503,638.19101636
2024-08-24T11:00,3600,0.0,1.0878613973,0.0,0.0,0.0,1.0878613973,1327.46887779,1087.8613973,597.50775218
2024-08-24T12:00,3600,0.0,1.05011485378,0.0,0.0,0.0,1.05011485378,1281.40528952,1050.11485378,576.08389937
2024-08-24T13:00,3600,0.0,1.3979365473299998,0.0,0.0,0.0,1.3979365473299998,1707.12404555,1397.93654733,794.36768711
2024-08-24T14:00,3600,0.0,1.20009901221,0.0,0.0,0.0,1.20009901221,1464.63250226,1200.09901221,673.25430036
2024-08-24T15:00,3600,0.0,1.00433820448,0.0,0.0,0.0,1.00433820448,1225.58652213,1004.33820448,555.75633379
2024-08-24T16:00,3600,0.0,0.63792054816,0.0,0.0,0.0,0.63792054816,780.52121853,637.92054816,343.47645577
2024-08-24T17:00,3600,0.0,0.23196238465,0.0,0.0,0.0,0.23196238465,290.97384377,231.96238465,125.31996174
2024-08-24T18:00,3600,0.0,0.027726680059999998,0.0,0.0,0.0,0.027726680059999998,46.06856101,27.72668006,19.41173592
2024-08-24T19:00,3600,0.0,0.0,0.0,0.0,0.0,0.0,0.0,0.0,0.0
2024-08-24T20:00,3600,0.0,0.0,0.0,0.0,0.0,0.0,0.0,0.0,0.0
2024-08-24T21:00,3600,0.0,0.0,0.0,0.0,0.0,0.0,0.0,0.0,0.0
2024-08-24T22:00,3600,0.0,0.0,0.0,0.0,0.0,0.0,0.0,0.0,0.0
2024-08-24T23:00,3600,0.0,0.0,0.0,0.0,0.0,0.0,0.0,0.0,0.0
2024-08-25T00:00,3600,0.0,0.0,0.0,0.0,0.0,0.0,0.0,0.0,0.0
2024-08-25T01:00,3600,0.0,0.0,0.0,0.0,0.0,0.0,0.0,0.0,0.0
2024-08-25T02:00,3600,0.0,0.0,0.0,0.0,0.0,0.0,0.0,0.0,0.0
2024-08-25T03:00,3600,0.0,0.0,0.0,0.0,0.0,0.0,0.0,0.0,0.0
2024-08-25T04:00,3600,0.0,0.0,0.0,0.0,0.0,0.0,0.0,0.0,0.0
2024-08-25T05:00,3600,0.0,0.0,0.0,0.0,0.0,0.0,0.0,0.0,0.0
2024-08-25T06:00,3600,0.0,0.035011522079999996,0.0,0.0,0.0,0.035011522079999996,54.78828321,35.01152208,22.86637032
2024-08-25T07:00,3600,0.0,0.33620922821,0.0,0.0,0.0,0.33620922821,416.33450778,336.20922821,176.77308802
2024-08-25T08:00,3600,0.0,0.6773652799100001,0.0,0.0,0.0,0.6773652799100001,828.28529412,677.36527991,359.81307586
2024-08-25T09:00,3600,0.0,1.00571239745,0.0,0.0,0.0,1.00571239745,1227.26146918,1005.71239745,544.581328
2024-08-25T10:00,3600,0.0,1.1875626986100003,0.0,0.0,0.0,1.1875626986100003,1449.29752745,1187.56269861,658.51619405
2024-08-25T11:00,3600,0.0,1.3933695355100002,0.0,0.0,0.0,1.3933695355100002,1701.5158231,1393.36953551,782.67284442
2024-08-25T12:00,3600,0.0,1.21433797451,0.0,0.0,0.0,1.21433797451,1482.05468609,1214.33797451,674.0294782
2024-08-25T13:00,3600,0.0,1.20977032491,0.0,0.0,0.0,1.20977032491,1476.46538961,1209.77032491,674.1477093
2024-08-25T14:00,3600,0.0,1.07905665926,0.0,0.0,0.0,1.07905665926,1316.72115545,1079.05665926,596.14167379
2024-08-25T15:00,3600,0.0,0.92810934186,0.0,0.0,0.0,0.92810934186,1132.74254619,928.10934186,507.99147975
2024-08-25T16:00,3600,0.0,0.5193629337800001,0.0,0.0,0.0,0.5193629337800001,637.17009127,519.36293378,276.03446211
2024-08-25T17:00,3600,0.0,0.18324905252,0.0,0.0,0.0,0.18324905252,232.47677951,183.24905252,98.6262907
2024-08-25T18:00,3600,0.0,0.008708496960000001,0.0,0.0,0.0,0.008708496960000001,23.30987651,8.70849696,9.69791844
2024-08-25T19:00,3600,0.0,0.0,0.0,0.0,0.0,0.0,0.0,0.0,0.0
2024-08-25T20:00,3600,0.0,0.0,0.0,0.0,0.0,0.0,0.0,0.0,0.0
2024-08-25T21:00,3600,0.0,0.0,0.0,0.0,0.0,0.0,0.0,0.0,0.0
2024-08-25T22:00,3600,0.0,0.0,0.0,0.0,0.0,0.0,0.0,0.0,0.0
2024-08-25T23:00,3600,0.0,0.0,0.0,0.0,0.0,0.0,0.0,0.0,0.0
2024-08-26T00:00,3600,0.0,0.0,0.0,0.0,0.0,0.0,0.0,0.0,0.0
2024-08-26T01:00,3600,0.0,0.0,0.0,0.0,0.0,0.0,0.0,0.0,0.0
2024-08-26T02:00,3600,0.0,0.0,0.0,0.0,0.0,0.0,0.0,0.0,0.0
2024-08-26T03:00,3600,0.0,0.0,0.0,0.0,0.0,0.0,0.0,0.0,0.0
2024-08-26T04:00,3600,0.0,0.0,0.0,0.0,0.0,0.0,0.0,0.0,0.0
2024-08-26T05:00,3600,0.0,0.0,0.0,0.0,0.0,0.0,0.0,0.0,0.0
2024-08-26T06:00,3600,0.0,0.028841064800000003,0.0,0.0,0.0,0.028841064800000003,47.40236857,28.8410648,19.69970445
2024-08-26T07:00,3600,0.0,0.28882344862000003,0.0,0.0,0.0,0.28882344862000003,359.32147067,288.82344862,151.44041128
2024-08-26T08:00,3600,1.0870588235294116,0.68711706036,0.68711706036,0.39994176316941166,0.0,0.0,840.09927361,687.11706036,362.82853592
2024-08-26T09:00,3600,1.0870588235294116,1.0778933248,1.0778933248,0.009165498729411636,0.0,0.0,1315.30123687,1077.8933248,584.11770348
2024-08-26T10:00,3600,1.07008,1.33218021342,1.07008,0.0,0.0,0.2621002134200001,1626.42372113,1332.18021342,747.88672788
2024-08-26T11:00,3600,1.0675952941176472,1.34037863662,1.0675952941176472,0.0,0.0,0.2727833425023527,1636.47978166,1340.37863662,752.96172675
2024-08-26T12:00,3600,1.0675952941176472,1.56849257608,1.0675952941176472,0.0,0.0,0.5008972819623527,1916.91832641,1568.49257608,894.24496457
2024-08-26T13:00,3600,1.0477176470588236,1.21086207943,1.0477176470588236,0.0,0.0,0.16314443237117637,1477.80129267,1210.86207943,674.85551794
2024-08-26T14:00,3600,1.0477176470588236,1.2679501331599998,1.0477176470588236,0.0,0.0,0.22023248610117618,1547.69478354,1267.95013316,709.19330148
2024-08-26T15:00,3600,1.0415058823529413,1.0457568109700002,1.0415058823529413,0.0,0.0,0.004250928617058891,1276.08912534,1045.75681097,577.93773153
2024-08-26T16:00,3600,1.0415058823529413,0.697984119,0.697984119,0.34352176335294127,0.0,0.0,853.26692036,697.984119,377.28102797
2024-08-26T17:00,3600,1.0551717647058825,0.27825297873,0.27825297873,0.7769187859758825,0.0,0.0,346.61022605,278.25297873,149.03370782
2024-08-26T18:00,3600,0.0,0.02216867724,0.0,0.0,0.0,0.02216867724,39.41659074,22.16867724,16.53097864
2024-08-26T19:00,3600,0.0,0.0,0.0,0.0,0.0,0.0,0.0,0.0,0.0
2024-08-26T20:00,3600,0.0,0.0,0.0,0.0,0.0,0.0,0.0,0.0,0.0
2024-08-26T21:00,3600,0.0,0.0,0.0,0.0,0.0,0.0,0.0,0.0,0.0
2024-08-26T22:00,3600,0.0,0.0,0.0,0.0,0.0,0.0,0.0,0.0,0.0
2024-08-26T23:00,3600,0.0,0.0,0.0,0.0,0.0,0.0,0.0,0.0,0.0
2024-08-27T00:00,3600,0.0,0.0,0.0,0.0,0.0,0.0,0.0,0.0,0.0
2024-08-27T01:00,3600,0.0,0.0,0.0,0.0,0.0,0.0,0.0,0.0,0.0
2024-08-27T02:00,3600,0.0,0.0,0.0,0.0,0.0,0.0,0.0,0.0,0.0
2024-08-27T03:00,3600,0.0,0.0,0.0,0.0,0.0,0.0,0.0,0.0,0.0
2024-08-27T04:00,3600,0.0,0.0,0.0,0.0,0.0,0.0,0.0,0.0,0.0
2024-08-27T05:00,3600,0.0,0.0,0.0,0.0,0.0,0.0,0.0,0.0,0.0
2024-08-27T06:00,3600,0.0,0.03001839721,0.0,0.0,0.0,0.03001839721,48.81154773,30.01839721,20.35835535
2024-08-27T07:00,3600,0.0,0.33165800861,0.0,0.0,0.0,0.33165800861,410.85646067,331.65800861,174.10461198
2024-08-27T08:00,3600,1.0870588235294116,0.7600220134700001,0.7600220134700001,0.32703681005941154,0.0,0.0,928.48981604,760.02201347,403.7930881
2024-08-27T09:00,3600,1.0870588235294116,1.1124749521900001,1.0870588235294116,0.0,0.0,0.02541612866058851,1357.523575,1112.47495219,604.60190817
2024-08-27T10:00,3600,1.0551717647058825,1.4019844787,1.0551717647058825,0.0,0.0,0.3468127139941175,1712.09525696,1401.9844787,786.53588646
2024-08-27T11:00,3600,1.052687058823529,1.5698987912600002,1.052687058823529,0.0,0.0,0.5172117324364711,1918.65093249,1569.89879126,889.79081553
2024-08-27T12:00,3600,1.051444705882353,1.5937711869899998,1.051444705882353,0.0,0.0,0.5423264811076467,1948.07145749,1593.77118699,905.44492592
2024-08-27T13:00,3600,1.0336242884250475,1.4820237279900002,1.0336242884250475,0.0,0.0,0.44839943956495265,1810.47006077,1482.02372799,842.40112018
2024-08-27T14:00,3600,1.0334136641538554,1.3070493677699997,1.0334136641538554,0.0,0.0,0.2736357036161443,1595.60846548,1307.04936777,734.64435525
2024-08-27T15:00,3600,1.033202614379085,1.05012869463,1.033202614379085,0.0,0.0,0.01692608025091502,1281.422174,1050.12869463,580.84333883
2024-08-27T16:00,3600,1.0352941176470587,0.60495146555,0.60495146555,0.4303426520970587,0.0,0.0,740.62559673,604.95146555,325.8170221
2024-08-27T17:00,3600,1.03508685155744,0.2915119249,0.2915119249,0.7435749266574401,0.0,0.0,362.55482365,291.5119249,156.95003163
2024-08-27T18:00,3600,0.0,0.02192904496,0.0,0.0,0.0,0.02192904496,39.12980745,21.92904496,16.55482718
2024-08-27T19:00,3600,0.0,0.0,0.0,0.0,0.0,0.0,0.0,0.0,0.0
2024-08-27T20:00,3600,0.0,0.0,0.0,0.0,0.0,0.0,0.0,0.0,0.0
2024-08-27T21:00,3600,0.0,0.0,0.0,0.0,0.0,0.0,0.0,0.0,0.0
2024-08-27T22:00,3600,0.0,0.0,0.0,0.0,0.0,0.0,0.0,0.0,0.0
2024-08-27T23:00,3600,0.0,0.0,0.0,0.0,0.0,0.0,0.0,0.0,0.0
2024-08-28T00:00,3600,0.0,0.0,0.0,0.0,0.0,0.0,0.0,0.0,0.0
2024-08-28T01:00,3600,0.0,0.0,0.0,0.0,0.0,0.0,0.0,0.0,0.0
2024-08-28T02:00,3600,0.0,0.0,0.0,0.0,0.0,0.0,0.0,0.0,0.0
2024-08-28T03:00,3600,0.0,0.0,0.0,0.0,0.0,0.0,0.0,0.0,0.0
2024-08-28T04:00,3600,0.0,0.0,0.0,0.0,0.0,0.0,0.0,0.0,0.0
2024-08-28T05:00,3600,0.0,0.0,0.0,0.0,0.0,0.0,0.0,0.0,0.0
2024-08-28T06:00,3600,0.0,0.03193786319,0.0,0.0,0.0,0.03193786319,51.10907051,31.93786319,21.40953539
2024-08-28T07:00,3600,0.0,0.33889160672,0.0,0.0,0.0,0.33889160672,419.56335184,338.89160672,178.87764003
2024-08-28T08:00,3600,1.0870588235294116,0.7447513491,0.7447513491,0.3423074744294117,0.0,0.0,909.96553133,744.7513491,397.4771612
2024-08-28T09:00,3600,1.0870588235294116,1.12543438571,1.0870588235294116,0.0,0.0,0.03837556218058835,1373.35351582,1125.43438571,614.48501091
2024-08-28T10:00,3600,1.0415058823529413,1.2411012965600001,1.0415058823529413,0.0,0.0,0.19959541420705884,1514.81397148,1241.10129656,691.27400072
2024-08-28T11:00,3600,1.0390211764705881,1.41057732808,1.0390211764705881,0.0,0.0,0.3715561516094119,1722.64930627,1410.57732808,794.22634239
2024-08-28T12:00,3600,1.0402635294117646,1.516452729,1.0402635294117646,0.0,0.0,0.47618919958823547,1852.83287583,1516.452729,858.33533303
2024-08-28T13:00,3600,1.0415058823529413,1.37422141693,1.0415058823529413,0.0,0.0,0.3327155345770587,1678.00758104,1374.22141693,769.26537529
2024-08-28T14:00,3600,1.0477176470588236,1.1620504300099999,1.0477176470588236,0.0,0.0,0.11433278295117622,1418.10111698,1162.05043001,640.49642289
2024-08-28T15:00,3600,1.0477176470588236,0.6842356616699999,0.6842356616699999,0.3634819853888237,0.0,0.0,836.60832394,684.23566167,368.23364656
2024-08-28T16:00,3600,1.0849882352941176,0.28611853281,0.28611853281,0.7988697024841176,0.0,0.0,356.06850824,286.11853281,151.80438623
2024-08-28T17:00,3600,1.0812611764705882,0.15903778076,0.15903778076,0.9222233957105882,0.0,0.0,203.42233044,159.03778076,86.37097388
2024-08-28T18:00,3600,0.0,0.016322195780000003,0.0,0.0,0.0,0.016322195780000003,32.42009042,16.32219578,13.57072621
2024-08-28T19:00,3600,0.0,0.0,0.0,0.0,0.0,0.0,0.0,0.0,0.0
2024-08-28T20:00,3600,0.0,0.0,0.0,0.0,0.0,0.0,0.0,0.0,0.0
2024-08-28T21:00,3600,0.0,0.0,0.0,0.0,0.0,0.0,0.0,0.0,0.0
2024-08-28T22:00,3600,0.0,0.0,0.0,0.0,0.0,0.0,0.0,0.0,0.0
2024-08-28T23:00,3600,0.0,0.0,0.0,0.0,0.0,0.0,0.0,0.0,0.0
2024-08-29T00:00,3600,0.0,0.0,0.0,0.0,0.0,0.0,0.0,0.0,0.0
2024-08-29T01:00,3600,0.0,0.0,0.0,0.0,0.0,0.0,0.0,0.0,0.0
2024-08-29T02:00,3600,0.0,0.0,0.0,0.0,0.0,0.0,0.0,0.0,0.0
2024-08-29T03:00,3600,0.0,0.0,0.0,0.0,0.0,0.0,0.0,0.0,0.0
2024-08-29T04:00,3600,0.0,0.0,0.0,0.0,0.0,0.0,0.0,0.0,0.0
2024-08-29T05:00,3600,0.0,0.0,0.0,0.0,0.0,0.0,0.0,0.0,0.0
2024-08-29T06:00,3600,0.0,0.03184333417,0.0,0.0,0.0,0.03184333417,50.99592123,31.84333417,21.29960724
2024-08-29T07:00,3600,0.0,0.30258552388,0.0,0.0,0.0,0.30258552388,375.87441379,302.58552388,159.10090084
2024-08-29T08:00,3600,1.0870588235294116,0.61146320448,0.61146320448,0.4755956190494116,0.0,0.0,748.50345247,611.46320448,322.41186583
2024-08-29T09:00,3600,1.0870588235294116,1.03815612243,1.03815612243,0.04890270109941164,0.0,0.0,1266.81846793,1038.15612243,558.20881903
2024-08-29T10:00,3600,1.058898823529412,1.05142535685,1.05142535685,0.007473466679411844,0.0,0.0,1283.00399442,1051.42535685,572.97101486
2024-08-29T11:00,3600,1.058898823529412,1.1893879701299999,1.058898823529412,0.0,0.0,0.13048914660058797,1451.53005225,1189.38797013,655.78021595
2024-08-29T12:00,3600,1.058898823529412,1.4016600233599998,1.058898823529412,0.0,0.0,0.34276119983058795,1711.69678333,1401.66002336,785.06361922
2024-08-29T13:00,3600,1.052687058823529,1.35067654228,1.052687058823529,0.0,0.0,0.2979894834564709,1649.11327832,1350.67654228,756.19297974
2024-08-29T14:00,3600,1.052687058823529,1.18907081741,1.052687058823529,0.0,0.0,0.1363837585864709,1451.14213106,1189.07081741,659.7197957
2024-08-29T15:00,3600,1.052687058823529,0.7742411911299999,0.7742411911299999,0.2784458676935292,0.0,0.0,945.74335777,774.24119113,419.34475345
2024-08-29T16:00,3600,1.0812611764705882,0.47583408069000005,0.47583408069000005,0.6054270957805881,0.0,0.0,584.617625,475.83408069,252.43837502
2024-08-29T17:00,3600,1.0870588235294116,0.15567712487,0.15567712487,0.9313816986594117,0.0,0.0,199.39043654,155.67712487,84.36232698
2024-08-29T18:00,3600,0.0,0.0068189555,0.0,0.0,0.0,0.0068189555,21.04913133,6.8189555,8.72176699
2024-08-29T19:00,3600,0.0,0.0,0.0,0.0,0.0,0.0,0.0,0.0,0.0
2024-08-29T20:00,3600,0.0,0.0,0.0,0.0,0.0,0.0,0.0,0.0,0.0
2024-08-29T21:00,3600,0.0,0.0,0.0,0.0,0.0,0.0,0.0,0.0,0.0
2024-08-29T22:00,3600,0.0,0.0,0.0,0.0,0.0,0.0,0.0,0.0,0.0
2024-08-29T23:00,3600,0.0,0.0,0.0,0.0,0.0,0.0,0.0,0.0,0.0
2024-08-30T00:00,3600,0.0,0.0,0.0,0.0,0.0,0.0,0.0,0.0,0.0
2024-08-30T01:00,3600,0.0,0.0,0.0,0.0,0.0,0.0,0.0,0.0,0.0
2024-08-30T02:00,3600,0.0,0.0,0.0,0.0,0.0,0.0,0.0,0.0,0.0
2024-08-30T03:00,3600,0.0,0.0,0.0,0.0,0.0,0.0,0.0,0.0,0.0
2024-08-30T04:00,3600,0.0,0.0,0.0,0.0,0.0,0.0,0.0,0.0,0.0
2024-08-30T05:00,3600,0.0,0.0,0.0,0.0,0.0,0.0,0.0,0.0,0.0
2024-08-30T06:00,3600,0.0,0.029747414379999997,0.0,0.0,0.0,0.029747414379999997,48.4871988,29.74741438,20.15739333
2024-08-30T07:00,3600,0.0,0.26031958831999996,0.0,0.0,0.0,0.26031958831999996,325.05056046,260.31958832,136.74061576
2024-08-30T08:00,3600,1.0870588235294116,0.6354963645,0.6354963645,0.4515624590294116,0.0,0.0,777.58689611,635.4963645,334.0898589
2024-08-30T09:00,3600,0.9283397572806719,0.8485824816699999,0.8485824816699999,0.07975727561067192,0.0,0.0,1036.0241868,848.58248167,450.69815649
2024-08-30T10:00,3600,0.868374732352941,1.07583018447,0.868374732352941,0.0,0.0,0.20745545211705896,1312.78312918,1075.83018447,586.38164114
2024-08-30T11:00,3600,0.9734594441176471,1.45253800188,0.9734594441176471,0.0,0.0,0.479078557762353,1774.21202466,1452.53800188,811.78336934
2024-08-30T12:00,3600,0.9058619411764706,1.21143950198,0.9058619411764706,0.0,0.0,0.3055775608035294,1478.50785522,1211.43950198,666.66777434
2024-08-30T13:00,3600,0.9400818382352942,1.20545526847,0.9400818382352942,0.0,0.0,0.2653734302347057,1471.18563182,1205.45526847,667.6287255
2024-08-30T14:00,3600,0.9032423,0.99803190787,0.9032423,0.0,0.0,0.0947896078699999,1217.9005971,998.03190787,547.91288777
2024-08-30T15:00,3600,0.8806134705882352,0.92076946903,0.8806134705882352,0.0,0.0,0.04015599844176476,1123.80991265,920.76946903,504.16002775
2024-08-30T16:00,3600,0.7955974617647059,0.52198480815,0.52198480815,0.2736126536147059,0.0,0.0,640.33684416,521.98480815,280.2643187
2024-08-30T17:00,3600,0.7072937705882354,0.20964509369999998,0.20964509369999998,0.49764867688823544,0.0,0.0,264.16777303,209.6450937,113.50651599
2024-08-30T18:00,3600,0.0,0.01442975458,0.0,0.0,0.0,0.01442975458,30.15556098,14.42975458,12.63432233
2024-08-30T19:00,3600,0.0,0.0,0.0,0.0,0.0,0.0,0.0,0.0,0.0
2024-08-30T20:00,3600,0.0,0.0,0.0,0.0,0.0,0.0,0.0,0.0,0.0
2024-08-30T21:00,3600,0.0,0.0,0.0,0.0,0.0,0.0,0.0,0.0,0.0
2024-08-30T22:00,3600,0.0,0.0,0.0,0.0,0.0,0.0,0.0,0.0,0.0
2024-08-30T23:00,3600,0.0,0.0,0.0,0.0,0.0,0.0,0.0,0.0,0.0
2024-08-31T00:00,3600,0.0,0.0,0.0,0.0,0.0,0.0,0.0,0.0,0.0
2024-08-31T01:00,3600,0.0,0.0,0.0,0.0,0.0,0.0,0.0,0.0,0.0
2024-08-31T02:00,3600,0.0,0.0,0.0,0.0,0.0,0.0,0.0,0.0,0.0
2024-08-31T03:00,3600,0.0,0.0,0.0,0.0,0.0,0.0,0.0,0.0,0.0
2024-08-31T04:00,3600,0.0,0.0,0.0,0.0,0.0,0.0,0.0,0.0,0.0
2024-08-31T05:00,3600,0.0,0.0,0.0,0.0,0.0,0.0,0.0,0.0,0.0
2024-08-31T06:00,3600,0.0,0.017246239190000002,0.0,0.0,0.0,0.017246239190000002,33.52584596,17.24623919,13.99846149
2024-08-31T07:00,3600,0.0,0.17158076654,0.0,0.0,0.0,0.17158076654,218.47277796,171.58076654,91.9681189
2024-08-31T08:00,3600,0.0,0.51478733806,0.0,0.0,0.0,0.51478733806,631.64396439,514.78733806,270.64120759
2024-08-31T09:00,3600,0.0,0.8018215674000001,0.0,0.0,0.0,0.8018215674000001,979.22251784,801.8215674,426.53777935
2024-08-31T10:00,3600,0.0,1.1256082436500001,0.0,0.0,0.0,1.1256082436500001,1373.56590976,1125.60824365,615.4772825
2024-08-31T11:00,3600,0.0,1.1275635318000001,0.0,0.0,0.0,1.1275635318000001,1375.95464018,1127.5635318,616.76857668
2024-08-31T12:00,3600,0.0,0.90498562354,0.0,0.0,0.0,0.90498562354,1104.60515023,904.98562354,489.84353933
2024-08-31T13:00,3600,0.0,0.93299436947,0.0,0.0,0.0,0.93299436947,1138.68831715,932.99436947,506.38496739
2024-08-31T14:00,3600,0.0,0.8826579155900001,0.0,0.0,0.0,0.8826579155900001,1077.44801225,882.65791559,478.87555895
2024-08-31T15:00,3600,0.0,0.6470872068,0.0,0.0,0.0,0.6470872068,791.61808678,647.0872068,345.67284246
2024-08-31T16:00,3600,0.0,0.51598183788,0.0,0.0,0.0,0.51598183788,633.08656341,515.98183788,272.00536046
2024-08-31T17:00,3600,0.0,0.20009300754,0.0,0.0,0.0,0.20009300754,252.69779578,200.09300754,106.97311148
2024-08-31T18:00,3600,0.0,0.014442337520000001,0.0,0.0,0.0,0.014442337520000001,30.1706177,14.44233752,12.62637281
2024-08-31T19:00,3600,0.0,0.0,0.0,0.0,0.0,0.0,0.0,0.0,0.0
2024-08-31T20:00,3600,0.0,0.0,0.0,0.0,0.0,0.0,0.0,0.0,0.0
2024-08-31T21:00,3600,0.0,0.0,0.0,0.0,0.0,0.0,0.0,0.0,0.0
2024-08-31T22:00,3600,0.0,0.0,0.0,0.0,0.0,0.0,0.0,0.0,0.0
2024-08-31T23:00,3600,0.0,0.0,0.0,0.0,0.0,0.0,0.0,0.0,0.0
2024-09-01T00:00,3600,0.0,0.0,0.0,0.0,0.0,0.0,0.0,0.0,0.0
2024-09-01T01:00,3600,0.0,0.0,0.0,0.0,0.0,0.0,0.0,0.0,0.0
2024-09-01T02:00,3600,0.0,0.0,0.0,0.0,0.0,0.0,0.0,0.0,0.0
2024-09-01T03:00,3600,0.0,0.0,0.0,0.0,0.0,0.0,0.0,0.0,0.0
2024-09-01T04:00,3600,0.0,0.0,0.0,0.0,0.0,0.0,0.0,0.0,0.0
2024-09-01T05:00,3600,0.0,0.0,0.0,0.0,0.0,0.0,0.0,0.0,0.0
2024-09-01T06:00,3600,0.0,0.031942073019999996,0.0,0.0,0.0,0.031942073019999996,51.1141096,31.94207302,21.31340855
2024-09-01T07:00,3600,0.0,0.28272757747000005,0.0,0.0,0.0,0.28272757747000005,351.99073621,282.72757747,148.6950902
2024-09-01T08:00,3600,0.0,0.61257417819,0.0,0.0,0.0,0.61257417819,749.84759628,612.57417819,322.38380639
2024-09-01T09:00,3600,0.0,0.87305289216,0.0,0.0,0.0,0.87305289216,1065.76896458,873.05289216,465.59311554
2024-09-01T10:00,3600,0.0,1.19121291552,0.0,0.0,0.0,1.19121291552,1453.76225593,1191.21291552,659.05678471
2024-09-01T11:00,3600,0.0,1.2056882850600001,0.0,0.0,0.0,1.2056882850600001,1471.47073195,1205.68828506,670.44732597
2024-09-01T12:00,3600,0.0,1.30908715708,0.0,0.0,0.0,1.30908715708,1598.10663416,1309.08715708,735.19261547
2024-09-01T13:00,3600,0.0,1.2044956386499999,0.0,0.0,0.0,1.2044956386499999,1470.01152023,1204.49563865,675.96321028
2024-09-01T14:00,3600,0.0,1.0156828764499999,0.0,0.0,0.0,1.0156828764499999,1239.41538114,1015.68287645,561.71407802
2024-09-01T15:00,3600,0.0,0.78319171774,0.0,0.0,0.0,0.78319171774,956.60628573,783.19171774,426.40821364
2024-09-01T16:00,3600,0.0,0.5509366758099999,0.0,0.0,0.0,0.5509366758099999,675.31577651,550.93667581,296.52758213
2024-09-01T17:00,3600,0.0,0.22502529544,0.0,0.0,0.0,0.22502529544,282.64028617,225.02529544,121.81808283
2024-09-01T18:00,3600,0.0,0.014296217390000001,0.0,0.0,0.0,0.014296217390000001,29.99577091,14.29621739,12.63432233
2024-09-01T19:00,3600,0.0,0.0,0.0,0.0,0.0,0.0,0.0,0.0,0.0
2024-09-01T20:00,3600,0.0,0.0,0.0,0.0,0.0,0.0,0.0,0.0,0.0
2024-09-01T21:00,3600,0.0,0.0,0.0,0.0,0.0,0.0,0.0,0.0,0.0
2024-09-01T22:00,3600,0.0,0.0,0.0,0.0,0.0,0.0,0.0,0.0,0.0
2024-09-01T23:00,3600,0.0,0.0,0.0,0.0,0.0,0.0,0.0,0.0,0.0
2024-09-02T00:00,3600,0.0,0.0,0.0,0.0,0.0,0.0,0.0,0.0,0.0
2024-09-02T01:00,3600,0.0,0.0,0.0,0.0,0.0,0.0,0.0,0.0,0.0
2024-09-02T02:00,3600,0.0,0.0,0.0,0.0,0.0,0.0,0.0,0.0,0.0
2024-09-02T03:00,3600,0.0,0.0,0.0,0.0,0.0,0.0,0.0,0.0,0.0
2024-09-02T04:00,3600,0.0,0.0,0.0,0.0,0.0,0.0,0.0,0.0,0.0
2024-09-02T05:00,3600,0.0,0.0,0.0,0.0,0.0,0.0,0.0,0.0,0.0
2024-09-02T06:00,3600,0.0,0.03163778569,0.0,0.0,0.0,0.03163778569,50.74988462,31.63778569,21.25201971
2024-09-02T07:00,3600,0.0,0.34558234834,0.0,0.0,0.0,0.34558234834,427.61785767,345.58234834,182.32029398
2024-09-02T08:00,3600,1.0870588235294116,0.74792179212,0.74792179212,0.33913703140941165,0.0,0.0,913.81104302,747.92179212,399.68577782
2024-09-02T09:00,3600,1.0870588235294116,1.0720053062500001,1.0720053062500001,0.01505351727941151,0.0,0.0,1308.11504322,1072.00530625,585.04728053
2024-09-02T10:00,3600,1.0464752941176472,1.2407066132800002,1.0464752941176472,0.0,0.0,0.19423131916235303,1514.33074292,1240.70661328,694.57524597
2024-09-02T11:00,3600,1.051444705882353,1.2808173304500001,1.051444705882353,0.0,0.0,0.22937262456764707,1563.45877201,1280.81733045,720.34628101
2024-09-02T12:00,3600,1.04896,1.41301505202,1.04896,0.0,0.0,0.3640550520200001,1725.64372514,1413.01505202,800.67468885
2024-09-02T13:00,3600,1.0336242884250475,1.38316356599,1.0336242884250475,0.0,0.0,0.3495392775649524,1688.98482533,1383.16356599,786.8281479
2024-09-02T14:00,3600,1.0336242884250475,1.29394351554,1.0336242884250475,0.0,0.0,0.2603192271149526,1579.54405825,1293.94351554,730.99171369
2024-09-02T15:00,3600,1.0308526107072045,0.9304360683999999,0.9304360683999999,0.10041654230720454,0.0,0.0,1135.57443368,930.4360684,515.03847136
2024-09-02T16:00,3600,1.0340442655935616,0.53054119988,0.53054119988,0.5035030657135615,0.0,0.0,650.67250242,530.54119988,286.0514859
2024-09-02T17:00,3600,1.0390211764705881,0.21511404277,0.21511404277,0.8239071337005881,0.0,0.0,270.73569854,215.11404277,116.65982859
2024-09-02T18:00,3600,0.0,0.01047249435,0.0,0.0,0.0,0.01047249435,25.42048467,10.47249435,10.68996893
2024-09-02T19:00,3600,0.0,0.0,0.0,0.0,0.0,0.0,0.0,0.0,0.0
2024-09-02T20:00,3600,0.0,0.0,0.0,0.0,0.0,0.0,0.0,0.0,0.0
2024-09-02T21:00,3600,0.0,0.0,0.0,0.0,0.0,0.0,0.0,0.0,0.0
2024-09-02T22:00,3600,0.0,0.0,0.0,0.0,0.0,0.0,0.0,0.0,0.0
2024-09-02T23:00,3600,0.0,0.0,0.0,0.0,0.0,0.0,0.0,0.0,0.0
2024-09-03T00:00,3600,0.0,0.0,0.0,0.0,0.0,0.0,0.0,0.0,0.0
2024-09-03T01:00,3600,0.0,0.0,0.0,0.0,0.0,0.0,0.0,0.0,0.0
2024-09-03T02:00,3600,0.0,0.0,0.0,0.0,0.0,0.0,0.0,0.0,0.0
2024-09-03T03:00,3600,0.0,0.0,0.0,0.0,0.0,0.0,0.0,0.0,0.0
2024-09-03T04:00,3600,0.0,0.0,0.0,0.0,0.0,0.0,0.0,0.0,0.0
2024-09-03T05:00,3600,0.0,0.0,0.0,0.0,0.0,0.0,0.0,0.0,0.0
2024-09-03T06:00,3600,0.0,0.032056515089999994,0.0,0.0,0.0,0.032056515089999994,51.25109466,32.05651509,21.27894227
2024-09-03T07:00,3600,0.0,0.34786562117000003,0.0,0.0,0.0,0.34786562117000003,430.36675478,347.86562117,181.7379594
2024-09-03T08:00,3600,1.0710222128037585,0.6632937888,0.6632937888,0.4077284240037585,0.0,0.0,811.24192032,663.2937888,349.0796614
2024-09-03T09:00,3600,1.0870588235294116,1.11064992068,1.0870588235294116,0.0,0.0,0.02359109715058838,1355.29461369,1110.64992068,598.89958671
2024-09-03T10:00,3600,1.0713223529411764,1.29798461408,1.0713223529411764,0.0,0.0,0.2266622611388236,1584.49697633,1297.98461408,721.90771659
2024-09-03T11:00,3600,1.07008,1.5422092706700001,1.07008,0.0,0.0,0.4721292706700002,1884.54318916,1542.20927067,876.2597383
2024-09-03T12:00,3600,1.065110588235294,1.52229502205,1.065110588235294,0.0,0.0,0.45718443381470597,1860.02426338,1522.29502205,866.38839104
2024-09-03T13:00,3600,1.0344625561067802,1.46575288039,1.0344625561067802,0.0,0.0,0.4312903242832198,1790.45955869,1465.75288039,841.83652589
2024-09-03T14:00,3600,1.0338344884781707,1.18886967137,1.0338344884781707,0.0,0.0,0.15503518289182927,1450.89610314,1188.86967137,668.31006728
2024-09-03T15:00,3600,1.0338344884781707,0.8938369759,0.8938369759,0.13999751257817072,0.0,0.0,1091.04364601,893.8369759,492.80886077
2024-09-03T16:00,3600,1.0336242884250475,0.63353648329,0.63353648329,0.4000878051350475,0.0,0.0,775.21467991,633.53648329,344.67833722
2024-09-03T17:00,3600,1.0325668991000656,0.22963796760000002,0.22963796760000002,0.8029289315000656,0.0,0.0,288.18139215,229.6379676,125.11311716
2024-09-03T18:00,3600,0.0,0.0142588814,0.0,0.0,0.0,0.0142588814,29.95109489,14.2588814,12.62637281
2024-09-03T19:00,3600,0.0,0.0,0.0,0.0,0.0,0.0,0.0,0.0,0.0
2024-09-03T20:00,3600,0.0,0.0,0.0,0.0,0.0,0.0,0.0,0.0,0.0
2024-09-03T21:00,3600,0.0,0.0,0.0,0.0,0.0,0.0,0.0,0.0,0.0
2024-09-03T22:00,3600,0.0,0.0,0.0,0.0,0.0,0.0,0.0,0.0,0.0
2024-09-03T23:00,3600,0.0,0.0,0.0,0.0,0.0,0.0,0.0,0.0,0.0
2024-09-04T00:00,3600,0.0,0.0,0.0,0.0,0.0,0.0,0.0,0.0,0.0
2024-09-04T01:00,3600,0.0,0.0,0.0,0.0,0.0,0.0,0.0,0.0,0.0
2024-09-04T02:00,3600,0.0,0.0,0.0,0.0,0.0,0.0,0.0,0.0,0.0
2024-09-04T03:00,3600,0.0,0.0,0.0,0.0,0.0,0.0,0.0,0.0,0.0
2024-09-04T04:00,3600,0.0,0.0,0.0,0.0,0.0,0.0,0.0,0.0,0.0
2024-09-04T05:00,3600,0.0,0.0,0.0,0.0,0.0,0.0,0.0,0.0,0.0
2024-09-04T06:00,3600,0.0,0.025887452239999997,0.0,0.0,0.0,0.025887452239999997,43.86724789,25.88745224,18.2281116
2024-09-04T07:00,3600,0.0,0.2471265416,0.0,0.0,0.0,0.2471265416,309.19432416,247.1265416,129.88443861
2024-09-04T08:00,3600,1.0870588235294116,0.48670437861,0.48670437861,0.6003544449194116,0.0,0.0,597.73737152,486.70437861,253.86555083
2024-09-04T09:00,3600,1.0870588235294116,0.91625339887,0.91625339887,0.17080542465941162,0.0,0.0,1118.31446575,916.25339887,487.66953952
2024-09-04T10:00,3600,1.0787764705882352,1.1860960694800002,1.0787764705882352,0.0,0.0,0.10731959889176501,1447.50372143,1186.09606948,653.55393712
2024-09-04T11:00,3600,1.072564705882353,1.471063201,1.072564705882353,0.0,0.0,0.3984984951176469,1796.98970061,1471.063201,829.63910089
2024-09-04T12:00,3600,1.0663529411764705,1.58569601375,1.0663529411764705,0.0,0.0,0.5193430725735295,1938.11802816,1585.69601375,901.58487378
2024-09-04T13:00,3600,1.0377788235294119,1.45242753025,1.0377788235294119,0.0,0.0,0.4146487067205882,1774.07621856,1452.42753025,824.67282298
2024-09-04T14:00,3600,1.0348791701049156,1.16670390231,1.0348791701049156,0.0,0.0,0.1318247322050845,1423.79025242,1166.70390231,649.01531648
2024-09-04T15:00,3600,1.0365364705882352,0.7835408601499999,0.7835408601499999,0.25299561043823526,0.0,0.0,957.03006418,783.54086015,425.81988944
2024-09-04T16:00,3600,1.0352941176470587,0.6068010808000001,0.6068010808000001,0.42849303684705864,0.0,0.0,742.86315078,606.8010808,327.09948001
2024-09-04T17:00,3600,1.04896,0.26376684244,0.26376684244,0.78519315756,0.0,0.0,329.19432348,263.76684244,141.72548778
2024-09-04T18:00,3600,0.0,0.01628924895,0.0,0.0,0.0,0.01628924895,32.38066497,16.28924895,13.60252427
2024-09-04T19:00,3600,0.0,0.0,0.0,0.0,0.0,0.0,0.0,0.0,0.0
2024-09-04T20:00,3600,0.0,0.0,0.0,0.0,0.0,0.0,0.0,0.0,0.0
2024-09-04T21:00,3600,0.0,0.0,0.0,0.0,0.0,0.0,0.0,0.0,0.0
2024-09-04T22:00,3600,0.0,0.0,0.0,0.0,0.0,0.0,0.0,0.0,0.0
2024-09-04T23:00,3600,0.0,0.0,0.0,0.0,0.0,0.0,0.0,0.0,0.0
2024-09-05T00:00,3600,0.0,0.0,0.0,0.0,0.0,0.0,0.0,0.0,0.0
2024-09-05T01:00,3600,0.0,0.0,0.0,0.0,0.0,0.0,0.0,0.0,0.0
2024-09-05T02:00,3600,0.0,0.0,0.0,0.0,0.0,0.0,0.0,0.0,0.0
2024-09-05T03:00,3600,0.0,0.0,0.0,0.0,0.0,0.0,0.0,0.0,0.0
2024-09-05T04:00,3600,0.0,0.0,0.0,0.0,0.0,0.0,0.0,0.0,0.0
2024-09-05T05:00,3600,0.0,0.0,0.0,0.0,0.0,0.0,0.0,0.0,0.0
2024-09-05T06:00,3600,0.0,0.02624885202,0.0,0.0,0.0,0.02624885202,44.29978992,26.24885202,18.53822843
2024-09-05T07:00,3600,0.0,0.30304586687,0.0,0.0,0.0,0.30304586687,376.42818431,303.04586687,159.89167358
2024-09-05T08:00,3600,1.0870588235294116,0.7363879289899999,0.7363879289899999,0.3506708945394117,0.0,0.0,899.8224224,736.38792899,391.03255471
2024-09-05T09:00,3600,1.0870588235294116,1.1207459337699999,1.0870588235294116,0.0,0.0,0.033687110240588236,1367.6261235,1120.74593377,605.75681484
2024-09-05T10:00,3600,1.0452329411764707,1.23415438238,1.0452329411764707,0.0,0.0,0.18892144120352938,1506.30908355,1234.15438238,679.38584965
2024-09-05T11:00,3600,1.0464752941176472,1.51555789924,1.0464752941176472,0.0,0.0,0.4690826051223529,1851.7314849,1515.55789924,844.91989164
2024-09-05T12:00,3600,1.0415058823529413,1.2989939744999999,1.0415058823529413,0.0,0.0,0.2574880921470586,1585.73414523,1298.9939745,716.03263596
2024-09-05T13:00,3600,1.0323541343515097,1.3832551178,1.0323541343515097,0.0,0.0,0.3509009834484904,1689.09722267,1383.2551178,772.48802619
2024-09-05T14:00,3600,1.032991137810028,1.0779035427900001,1.032991137810028,0.0,0.0,0.044912404979972065,1315.3137084,1077.90354279,592.12024215
2024-09-05T15:00,3600,1.0338344884781707,0.98488046151,0.98488046151,0.04895402696817075,0.0,0.0,1201.87496352,984.88046151,537.63264158
2024-09-05T16:00,3600,1.0415058823529413,0.57664727253,0.57664727253,0.46485860982294125,0.0,0.0,706.39450891,576.64727253,308.61877269
2024-09-05T17:00,3600,1.0402635294117646,0.22683494755000003,0.22683494755000003,0.8134285818617646,0.0,0.0,284.81412706,226.83494755,122.50079086
2024-09-05T18:00,3600,0.0,0.008568335899999998,0.0,0.0,0.0,0.008568335899999998,23.14217787,8.5683359,9.71381747
2024-09-05T19:00,3600,0.0,0.0,0.0,0.0,0.0,0.0,0.0,0.0,0.0
2024-09-05T20:00,3600,0.0,0.0,0.0,0.0,0.0,0.0,0.0,0.0,0.0
2024-09-05T21:00,3600,0.0,0.0,0.0,0.0,0.0,0.0,0.0,0.0,0.0
2024-09-05T22:00,3600,0.0,0.0,0.0,0.0,0.0,0.0,0.0,0.0,0.0
2024-09-05T23:00,3600,0.0,0.0,0.0,0.0,0.0,0.0,0.0,0.0,0.0
2024-09-06T00:00,3600,0.0,0.0,0.0,0.0,0.0,0.0,0.0,0.0,0.0
2024-09-06T01:00,3600,0.0,0.0,0.0,0.0,0.0,0.0,0.0,0.0,0.0
2024-09-06T02:00,3600,0.0,0.0,0.0,0.0,0.0,0.0,0.0,0.0,0.0
2024-09-06T03:00,3600,0.0,0.0,0.0,0.0,0.0,0.0,0.0,0.0,0.0
2024-09-06T04:00,3600,0.0,0.0,0.0,0.0,0.0,0.0,0.0,0.0,0.0
2024-09-06T05:00,3600,0.0,0.0,0.0,0.0,0.0,0.0,0.0,0.0,0.0
2024-09-06T06:00,3600,0.0,0.0,0.0,0.0,0.0,0.0,9.31840465,0.0,3.87280777
2024-09-06T07:00,3600,0.0,0.014529664049999998,0.0,0.0,0.0,0.014529664049999998,30.27511251,14.52966405,12.58662524
2024-09-06T08:00,3600,1.0870588235294116,0.15387818469,0.15387818469,0.9331806388394116,0.0,0.0,197.23228867,153.87818469,82.38421976
2024-09-06T09:00,3600,1.0870588235294116,0.19070837128999998,0.19070837128999998,0.8963504522394117,0.0,0.0,241.43085186,190.70837129,100.98549405
2024-09-06T10:00,3600,1.0870588235294116,0.2286283512,0.2286283512,0.8584304723294116,0.0,0.0,286.96852099,228.6283512,120.56647291
2024-09-06T11:00,3600,0.6028314497999719,0.25958781447,0.25958781447,0.34324363532997193,0.0,0.0,324.17096744,259.58781447,136.27293574
2024-09-06T12:00,3600,0.5682574176470588,0.25081398638,0.25081398638,0.3174434312670588,0.0,0.0,313.62573986,250.81398638,131.709502
2024-09-06T13:00,3600,0.5773456411764706,0.33080432226,0.33080432226,0.24654131891647058,0.0,0.0,409.82897774,330.80432226,172.33994557
2024-09-06T14:00,3600,0.645617711764706,0.57152843036,0.57152843036,0.07408928140470594,0.0,0.0,700.2057118,571.52843036,297.92782735
2024-09-06T15:00,3600,0.5738052264705882,0.22159469205,0.22159469205,0.3522105344205882,0.0,0.0,278.51947964,221.59469205,117.06536967
2024-09-06T16:00,3600,0.5460331382352942,0.21334783691000003,0.21334783691000003,0.33268530132529417,0.0,0.0,268.61450421,213.34783691,112.45043479
2024-09-06T17:00,3600,0.5045294588235295,0.05138845478,0.05138845478,0.4531410040435295,0.0,0.0,74.39518737,51.38845478,30.949163
2024-09-06T18:00,3600,0.0,0.0,0.0,0.0,0.0,0.0,11.70476921,0.0,4.84100971
2024-09-06T19:00,3600,0.0,0.0,0.0,0.0,0.0,0.0,0.0,0.0,0.0
2024-09-06T20:00,3600,0.0,0.0,0.0,0.0,0.0,0.0,0.0,0.0,0.0
2024-09-06T21:00,3600,0.0,0.0,0.0,0.0,0.0,0.0,0.0,0.0,0.0
2024-09-06T22:00,3600,0.0,0.0,0.0,0.0,0.0,0.0,0.0,0.0,0.0
2024-09-06T23:00,3600,0.0,0.0,0.0,0.0,0.0,0.0,0.0,0.0,0.0
2024-09-07T00:00,3600,0.0,0.0,0.0,0.0,0.0,0.0,0.0,0.0,0.0
2024-09-07T01:00,3600,0.0,0.0,0.0,0.0,0.0,0.0,0.0,0.0,0.0
2024-09-07T02:00,3600,0.0,0.0,0.0,0.0,0.0,0.0,0.0,0.0,0.0
2024-09-07T03:00,3600,0.0,0.0,0.0,0.0,0.0,0.0,0.0,0.0,0.0
2024-09-07T04:00,3600,0.0,0.0,0.0,0.0,0.0,0.0,0.0,0.0,0.0
2024-09-07T05:00,3600,0.0,0.0,0.0,0.0,0.0,0.0,0.0,0.0,0.0
2024-09-07T06:00,3600,0.0,0.013039028939999999,0.0,0.0,0.0,0.013039028939999999,28.49144338,13.03902894,11.81942106
2024-09-07T07:00,3600,0.0,0.15095357907999998,0.0,0.0,0.0,0.15095357907999998,193.7238576,150.95357908,80.82526175
2024-09-07T08:00,3600,0.0,0.3574902472,0.0,0.0,0.0,0.3574902472,441.95539197,357.4902472,186.07287074
2024-09-07T09:00,3600,0.0,0.44800705267,0.0,0.0,0.0,0.44800705267,551.0442724,448.00705267,233.3219135
2024-09-07T10:00,3600,0.0,0.6200457843000001,0.0,0.0,0.0,0.6200457843000001,758.88806058,620.0457843,325.11506153
2024-09-07T11:00,3600,0.0,0.75827164944,0.0,0.0,0.0,0.75827164944,926.36624389,758.27164944,399.42172359
2024-09-07T12:00,3600,0.0,1.07990651196,0.0,0.0,0.0,1.07990651196,1317.75847083,1079.90651196,576.10295943
2024-09-07T13:00,3600,0.0,0.84192472662,0.0,0.0,0.0,0.84192472662,1027.93378884,841.92472662,447.37216846
2024-09-07T14:00,3600,0.0,0.5381885883299999,0.0,0.0,0.0,0.5381885883299999,659.91152757,538.18858833,283.3920048
2024-09-07T15:00,3600,0.0,0.47229257404,0.0,0.0,0.0,0.47229257404,580.34382791,472.29257404,248.8467945
2024-09-07T16:00,3600,0.0,0.29496937377,0.0,0.0,0.0,0.29496937377,366.71323365,294.96937377,155.84350576
2024-09-07T17:00,3600,0.0,0.11142495558,0.0,0.0,0.0,0.11142495558,146.32278624,111.42495558,61.68147595
2024-09-07T18:00,3600,0.0,0.008696983060000002,0.0,0.0,0.0,0.008696983060000002,23.29610044,8.69698306,9.69791844
2024-09-07T19:00,3600,0.0,0.0,0.0,0.0,0.0,0.0,0.0,0.0,0.0
2024-09-07T20:00,3600,0.0,0.0,0.0,0.0,0.0,0.0,0.0,0.0,0.0
2024-09-07T21:00,3600,0.0,0.0,0.0,0.0,0.0,0.0,0.0,0.0,0.0
2024-09-07T22:00,3600,0.0,0.0,0.0,0.0,0.0,0.0,0.0,0.0,0.0
2024-09-07T23:00,3600,0.0,0.0,0.0,0.0,0.0,0.0,0.0,0.0,0.0
2024-09-08T00:00,3600,0.0,0.0,0.0,0.0,0.0,0.0,0.0,0.0,0.0
2024-09-08T01:00,3600,0.0,0.0,0.0,0.0,0.0,0.0,0.0,0.0,0.0
2024-09-08T02:00,3600,0.0,0.0,0.0,0.0,0.0,0.0,0.0,0.0,0.0
2024-09-08T03:00,3600,0.0,0.0,0.0,0.0,0.0,0.0,0.0,0.0,0.0
2024-09-08T04:00,3600,0.0,0.0,0.0,0.0,0.0,0.0,0.0,0.0,0.0
2024-09-08T05:00,3600,0.0,0.0,0.0,0.0,0.0,0.0,0.0,0.0,0.0
2024-09-08T06:00,3600,0.0,0.01452350425,0.0,0.0,0.0,0.01452350425,30.26774168,14.52350425,12.58662524
2024-09-08T07:00,3600,0.0,0.15907061093,0.0,0.0,0.0,0.15907061093,203.46171914,159.07061093,85.05296025
2024-09-08T08:00,3600,0.0,0.34187150242000003,0.0,0.0,0.0,0.34187150242000003,423.15051231,341.87150242,178.50301862
2024-09-08T09:00,3600,0.0,0.70269595497,0.0,0.0,0.0,0.70269595497,858.97709906,702.69595497,368.83064095
2024-09-08T10:00,3600,0.0,1.0507155319100001,0.0,0.0,0.0,1.0507155319100001,1282.13806201,1050.71553191,566.58310361
2024-09-08T11:00,3600,0.0,1.17419416108,0.0,0.0,0.0,1.17419416108,1432.94858175,1174.19416108,637.59746019
2024-09-08T12:00,3600,0.0,1.25278353779,0.0,0.0,0.0,1.25278353779,1529.11871936,1252.78353779,683.18576369
2024-09-08T13:00,3600,0.0,1.02030335289,0.0,0.0,0.0,1.02030335289,1245.04847387,1020.30335289,551.75797502
2024-09-08T14:00,3600,0.0,0.53726564814,0.0,0.0,0.0,0.53726564814,658.79642774,537.26564814,284.94886125
2024-09-08T15:00,3600,0.0,0.48825349493,0.0,0.0,0.0,0.48825349493,599.60727053,488.25349493,258.46298129
2024-09-08T16:00,3600,0.0,0.26429224291000003,0.0,0.0,0.0,0.26429224291000003,329.8259029,264.29224291,139.30780972
2024-09-08T17:00,3600,0.0,0.08378239951000001,0.0,0.0,0.0,0.08378239951000001,113.19539772,83.78239951,47.35818945
2024-09-08T18:00,3600,0.0,0.0,0.0,0.0,0.0,0.0,9.35714161,0.0,3.87280777
2024-09-08T19:00,3600,0.0,0.0,0.0,0.0,0.0,0.0,0.0,0.0,0.0
2024-09-08T20:00,3600,0.0,0.0,0.0,0.0,0.0,0.0,0.0,0.0,0.0
2024-09-08T21:00,3600,0.0,0.0,0.0,0.0,0.0,0.0,0.0,0.0,0.0
2024-09-08T22:00,3600,0.0,0.0,0.0,0.0,0.0,0.0,0.0,0.0,0.0
2024-09-08T23:00,3600,0.0,0.0,0.0,0.0,0.0,0.0,0.0,0.0,0.0
2024-09-09T00:00,3600,0.0,0.0,0.0,0.0,0.0,0.0,0.0,0.0,0.0
2024-09-09T01:00,3600,0.0,0.0,0.0,0.0,0.0,0.0,0.0,0.0,0.0
2024-09-09T02:00,3600,0.0,0.0,0.0,0.0,0.0,0.0,0.0,0.0,0.0
2024-09-09T03:00,3600,0.0,0.0,0.0,0.0,0.0,0.0,0.0,0.0,0.0
2024-09-09T04:00,3600,0.0,0.0,0.0,0.0,0.0,0.0,0.0,0.0,0.0
2024-09-09T05:00,3600,0.0,0.0,0.0,0.0,0.0,0.0,0.0,0.0,0.0
2024-09-09T06:00,3600,0.0,0.025750867540000003,0.0,0.0,0.0,0.025750867540000003,43.70377697,25.75086754,18.11385789
2024-09-09T07:00,3600,0.0,0.21304460229,0.0,0.0,0.0,0.21304460229,268.25032961,213.04460229,112.28832835
2024-09-09T08:00,3600,1.0870588235294116,0.41891006651999996,0.41891006651999996,0.6681487570094117,0.0,0.0,515.95725589,418.91006652,218.80815164
2024-09-09T09:00,3600,1.0870588235294116,0.68878302773,0.68878302773,0.39827579579941164,0.0,0.0,842.11775719,688.78302773,362.732082
2024-09-09T10:00,3600,1.086230588235294,0.6456052650999999,0.6456052650999999,0.4406253231352941,0.0,0.0,789.82396593,645.6052651,343.48775718
2024-09-09T11:00,3600,1.0870588235294116,1.2426551677800002,1.0870588235294116,0.0,0.0,0.15559634425058855,1516.71648166,1242.65516778,684.01969873
2024-09-09T12:00,3600,1.0787764705882352,1.43192890439,1.0787764705882352,0.0,0.0,0.35315243380176486,1748.88164812,1431.92890439,800.72425215
2024-09-09T13:00,3600,1.0750494117647058,1.21293532426,1.0750494117647058,0.0,0.0,0.13788591249529425,1480.33825295,1212.93532426,668.33390096
2024-09-09T14:00,3600,1.072564705882353,0.87620588623,0.87620588623,0.19635881965235313,0.0,0.0,1069.60255514,876.20588623,473.13139663
2024-09-09T15:00,3600,1.072564705882353,0.58099673832,0.58099673832,0.4915679675623531,0.0,0.0,711.65357678,580.99673832,309.36994384
2024-09-09T16:00,3600,1.0870588235294116,0.34700280566999997,0.34700280566999997,0.7400560178594117,0.0,0.0,429.32797301,347.00280567,183.20772786
2024-09-09T17:00,3600,1.0870588235294116,0.13651187741999998,0.13651187741999998,0.9505469461094116,0.0,0.0,176.40198732,136.51187742,74.23729722
2024-09-09T18:00,3600,0.0,0.006817258329999999,0.0,0.0,0.0,0.006817258329999999,21.04710078,6.81725833,8.72176699
2024-09-09T19:00,3600,0.0,0.0,0.0,0.0,0.0,0.0,0.0,0.0,0.0
2024-09-09T20:00,3600,0.0,0.0,0.0,0.0,0.0,0.0,0.0,0.0,0.0
2024-09-09T21:00,3600,0.0,0.0,0.0,0.0,0.0,0.0,0.0,0.0,0.0
2024-09-09T22:00,3600,0.0,0.0,0.0,0.0,0.0,0.0,0.0,0.0,0.0
2024-09-09T23:00,3600,0.0,0.0,0.0,0.0,0.0,0.0,0.0,0.0,0.0
2024-09-10T00:00,3600,0.0,0.0,0.0,0.0,0.0,0.0,0.0,0.0,0.0
2024-09-10T01:00,3600,0.0,0.0,0.0,0.0,0.0,0.0,0.0,0.0,0.0
2024-09-10T02:00,3600,0.0,0.0,0.0,0.0,0.0,0.0,0.0,0.0,0.0
2024-09-10T03:00,3600,0.0,0.0,0.0,0.0,0.0,0.0,0.0,0.0,0.0
2024-09-10T04:00,3600,0.0,0.0,0.0,0.0,0.0,0.0,0.0,0.0,0.0
2024-09-10T05:00,3600,0.0,0.0,0.0,0.0,0.0,0.0,0.0,0.0,0.0
2024-09-10T06:00,3600,0.0,0.029207203830000004,0.0,0.0,0.0,0.029207203830000004,47.84060646,29.20720383,19.85344336
2024-09-10T07:00,3600,0.0,0.28988374966999997,0.0,0.0,0.0,0.28988374966999997,360.59664505,289.88374967,151.64240844
2024-09-10T08:00,3600,1.0870588235294116,0.62823159197,0.62823159197,0.45882723155941163,0.0,0.0,768.79414041,628.23159197,329.53158048
2024-09-10T09:00,3600,1.0870588235294116,1.0131451703599998,1.0131451703599998,0.07391365316941179,0.0,0.0,1236.32172539,1013.14517036,542.46571349
2024-09-10T10:00,3600,1.0787764705882352,1.302441858,1.0787764705882352,0.0,0.0,0.22366538741176467,1589.96038237,1302.441858,722.66787612
2024-09-10T11:00,3600,1.0268020101269244,1.40808578827,1.0268020101269244,0.0,0.0,0.38128377814307557,1719.588927,1408.08578827,788.55224334
2024-09-10T12:00,3600,0.9619482617647059,1.45102504153,0.9619482617647059,0.0,0.0,0.48907677976529396,1772.35212227,1451.02504153,815.75697199
2024-09-10T13:00,3600,0.9401515382352941,1.2394073221500002,0.9401515382352941,0.0,0.0,0.2992557839147061,1512.73998787,1239.40732215,690.62344565
2024-09-10T14:00,3600,0.8873427147058823,1.0373869796900002,0.8873427147058823,0.0,0.0,0.15004426498411783,1265.88040916,1037.38697969,571.20969209
2024-09-10T15:00,3600,0.8289053676470588,0.78730154653,0.78730154653,0.04160382111705885,0.0,0.0,961.59484742,787.30154653,427.10865855
2024-09-10T16:00,3600,0.7549619705882353,0.5311844933,0.5311844933,0.22377747728823538,0.0,0.0,651.44963262,531.1844933,284.3483889
2024-09-10T17:00,3600,0.6373945705882351,0.19714638228000003,0.19714638228000003,0.4402481883082351,0.0,0.0,249.15994667,197.14638228,105.97487791
2024-09-10T18:00,3600,0.0,0.00673176787,0.0,0.0,0.0,0.00673176787,20.94481742,6.73176787,8.72176699
2024-09-10T19:00,3600,0.0,0.0,0.0,0.0,0.0,0.0,0.0,0.0,0.0
2024-09-10T20:00,3600,0.0,0.0,0.0,0.0,0.0,0.0,0.0,0.0,0.0
2024-09-10T21:00,3600,0.0,0.0,0.0,0.0,0.0,0.0,0.0,0.0,0.0
2024-09-10T22:00,3600,0.0,0.0,0.0,0.0,0.0,0.0,0.0,0.0,0.0
2024-09-10T23:00,3600,0.0,0.0,0.0,0.0,0.0,0.0,0.0,0.0,0.0
2024-09-11T00:00,3600,0.0,0.0,0.0,0.0,0.0,0.0,0.0,0.0,0.0
2024-09-11T01:00,3600,0.0,0.0,0.0,0.0,0.0,0.0,0.0,0.0,0.0
2024-09-11T02:00,3600,0.0,0.0,0.0,0.0,0.0,0.0,0.0,0.0,0.0
2024-09-11T03:00,3600,0.0,0.0,0.0,0.0,0.0,0.0,0.0,0.0,0.0
2024-09-11T04:00,3600,0.0,0.0,0.0,0.0,0.0,0.0,0.0,0.0,0.0
2024-09-11T05:00,3600,0.0,0.0,0.0,0.0,0.0,0.0,0.0,0.0,0.0
2024-09-11T06:00,3600,0.0,0.03222186343,0.0,0.0,0.0,0.03222186343,51.44901411,32.22186343,21.36340908
2024-09-11T07:00,3600,0.0,0.27664629327,0.0,0.0,0.0,0.27664629327,344.67836511,276.64629327,144.98755949
2024-09-11T08:00,3600,1.0038175126709075,0.61944209692,0.61944209692,0.3843754157509075,0.0,0.0,758.15756646,619.44209692,326.05577259
2024-09-11T09:00,3600,0.7585588823529412,1.0558537003900001,0.7585588823529412,0.0,0.0,0.2972948180370589,1288.40650011,1055.85370039,570.93904079
2024-09-11T10:00,3600,0.9367244558823529,1.2952851293199998,0.9367244558823529,0.0,0.0,0.35856067343764697,1581.1883466,1295.28512932,725.16637842
2024-09-11T11:00,3600,0.9649121088235295,1.3826884473,0.9649121088235295,0.0,0.0,0.41777633847647055,1688.40152947,1382.6884473,779.11901838
2024-09-11T12:00,3600,0.9547209323529413,1.34670944835,0.9547209323529413,0.0,0.0,0.39198851599705864,1644.24614164,1346.70944835,756.14727677
2024-09-11T13:00,3600,0.9921137764705882,1.33468211894,0.9921137764705882,0.0,0.0,0.3425683424694118,1629.4923524,1334.68211894,754.07382526
2024-09-11T14:00,3600,0.9466470176470588,1.15099374382,0.9466470176470588,0.0,0.0,0.20434672617294114,1404.58571153,1150.99374382,643.23009777
2024-09-11T15:00,3600,0.8826159970588234,0.8763467415,0.8763467415,0.006269255558823406,0.0,0.0,1069.77382035,876.3467415,480.64595298
2024-09-11T16:00,3600,0.7883947970588235,0.5695862268699999,0.5695862268699999,0.2188085701888236,0.0,0.0,697.85769801,569.58622687,306.18288347
2024-09-11T17:00,3600,0.697241994117647,0.2164455121,0.2164455121,0.480796482017647,0.0,0.0,272.33482453,216.4455121,117.006378
2024-09-11T18:00,3600,0.0,0.0027481672,0.0,0.0,0.0,0.0027481672,16.17889465,2.7481672,6.80126213
2024-09-11T19:00,3600,0.0,0.0,0.0,0.0,0.0,0.0,0.0,0.0,0.0
2024-09-11T20:00,3600,0.0,0.0,0.0,0.0,0.0,0.0,0.0,0.0,0.0
2024-09-11T21:00,3600,0.0,0.0,0.0,0.0,0.0,0.0,0.0,0.0,0.0
2024-09-11T22:00,3600,0.0,0.0,0.0,0.0,0.0,0.0,0.0,0.0,0.0
2024-09-11T23:00,3600,0.0,0.0,0.0,0.0,0.0,0.0,0.0,0.0,0.0
2024-09-12T00:00,3600,0.0,0.0,0.0,0.0,0.0,0.0,0.0,0.0,0.0
2024-09-12T01:00,3600,0.0,0.0,0.0,0.0,0.0,0.0,0.0,0.0,0.0
2024-09-12T02:00,3600,0.0,0.0,0.0,0.0,0.0,0.0,0.0,0.0,0.0
2024-09-12T03:00,3600,0.0,0.0,0.0,0.0,0.0,0.0,0.0,0.0,0.0
2024-09-12T04:00,3600,0.0,0.0,0.0,0.0,0.0,0.0,0.0,0.0,0.0
2024-09-12T05:00,3600,0.0,0.0,0.0,0.0,0.0,0.0,0.0,0.0,0.0
2024-09-12T06:00,3600,0.0,0.024466199929999998,0.0,0.0,0.0,0.024466199929999998,42.16624701,24.46619993,17.55098072
2024-09-12T07:00,3600,0.0,0.27324531364,0.0,0.0,0.0,0.27324531364,340.58925342,273.24531364,143.71547129
2024-09-12T08:00,3600,1.0870588235294116,0.6418462521799999,0.6418462521799999,0.4452125713494117,0.0,0.0,785.27331932,641.84625218,337.80555951
2024-09-12T09:00,3600,0.9489992817538648,1.09684291985,0.9489992817538648,0.0,0.0,0.1478436380961352,1338.43425063,1096.84291985,591.75551882
2024-09-12T10:00,3600,0.9449232911764707,1.3121150230899998,0.9449232911764707,0.0,0.0,0.36719173191352916,1601.81873896,1312.11502309,730.87626359
2024-09-12T11:00,3600,0.9656643294117647,1.35906858267,0.9656643294117647,0.0,0.0,0.39340425325823525,1659.41050266,1359.06858267,762.62654487
2024-09-12T12:00,3600,0.9498794794117646,1.2914460534299999,0.9498794794117646,0.0,0.0,0.3415665740182352,1576.48326919,1291.44605343,721.70802664
2024-09-12T13:00,3600,0.9432998205882352,1.1233112966,0.9432998205882352,0.0,0.0,0.18001147601176481,1370.75989614,1123.3112966,622.51177926
2024-09-12T14:00,3600,0.8484062852941178,0.7555856154999999,0.7555856154999999,0.09282066979411785,0.0,0.0,923.10763645,755.5856155,408.97120791
2024-09-12T15:00,3600,0.7974155529411763,0.5427320449699999,0.5427320449699999,0.25468350797117634,0.0,0.0,665.40122856,542.73204497,291.9938397
2024-09-12T16:00,3600,0.6912446,0.32688383221,0.32688383221,0.36436076779,0.0,0.0,405.1105482,326.88383221,174.18290489
2024-09-12T17:00,3600,0.6359700147058824,0.18355875961999998,0.18355875961999998,0.4524112550858824,0.0,0.0,232.84852359,183.55875962,99.01426309
2024-09-12T18:00,3600,0.0,0.00668790294,0.0,0.0,0.0,0.00668790294,20.89233616,6.68790294,8.72176699
2024-09-12T19:00,3600,0.0,0.0,0.0,0.0,0.0,0.0,0.0,0.0,0.0
2024-09-12T20:00,3600,0.0,0.0,0.0,0.0,0.0,0.0,0.0,0.0,0.0
2024-09-12T21:00,3600,0.0,0.0,0.0,0.0,0.0,0.0,0.0,0.0,0.0
2024-09-12T22:00,3600,0.0,0.0,0.0,0.0,0.0,0.0,0.0,0.0,0.0
2024-09-12T23:00,3600,0.0,0.0,0.0,0.0,0.0,0.0,0.0,0.0,0.0
2024-09-13T00:00,3600,0.0,0.0,0.0,0.0,0.0,0.0,0.0,0.0,0.0
2024-09-13T01:00,3600,0.0,0.0,0.0,0.0,0.0,0.0,0.0,0.0,0.0
2024-09-13T02:00,3600,0.0,0.0,0.0,0.0,0.0,0.0,0.0,0.0,0.0
2024-09-13T03:00,3600,0.0,0.0,0.0,0.0,0.0,0.0,0.0,0.0,0.0
2024-09-13T04:00,3600,0.0,0.0,0.0,0.0,0.0,0.0,0.0,0.0,0.0
2024-09-13T05:00,3600,0.0,0.0,0.0,0.0,0.0,0.0,0.0,0.0,0.0
2024-09-13T06:00,3600,0.0,0.01179135862,0.0,0.0,0.0,0.01179135862,26.99853921,11.79135862,11.22663343
2024-09-13T07:00,3600,0.0,0.16051571211000001,0.0,0.0,0.0,0.16051571211000001,205.19553406,160.51571211,85.93616181
2024-09-13T08:00,3600,1.0860967850656331,0.47641679752,0.47641679752,0.6096799875456331,0.0,0.0,585.32085931,476.41679752,249.18095672
2024-09-13T09:00,3600,0.6949301794117648,0.90642591681,0.6949301794117648,0.0,0.0,0.21149573739823513,1106.35736857,906.42591681,482.1450844
2024-09-13T10:00,3600,0.855752644117647,1.1387291828100001,0.855752644117647,0.0,0.0,0.2829765386923532,1389.59716296,1138.72918281,623.12040736
2024-09-13T11:00,3600,0.9075652970588237,1.32980336693,0.9075652970588237,0.0,0.0,0.4222380698711763,1623.50861346,1329.80336693,738.33502772
2024-09-13T12:00,3600,0.9300547264705882,1.35055594989,0.9300547264705882,0.0,0.0,0.42050122341941176,1648.96532081,1350.55594989,754.07025915
2024-09-13T13:00,3600,0.9298558117647059,1.16813214995,0.9298558117647059,0.0,0.0,0.23827633818529403,1425.53646793,1168.13214995,649.47436788
2024-09-13T14:00,3600,0.9201975705882354,1.1596790827499999,0.9201975705882354,0.0,0.0,0.2394815121617645,1415.2022038,1159.67908275,644.04272219
2024-09-13T15:00,3600,0.8579846411764706,0.88428103433,0.8579846411764706,0.0,0.0,0.026296393153529496,1079.42182201,884.28103433,482.57593099
2024-09-13T16:00,3600,0.7348932676470589,0.54058316174,0.54058316174,0.19431010590705888,0.0,0.0,662.80474963,540.58316174,288.13729911
2024-09-13T17:00,3600,0.6339776735294117,0.13813666509,0.13813666509,0.4958410084394117,0.0,0.0,178.35058394,138.13666509,75.7417515
2024-09-13T18:00,3600,0.0,0.0028020633300000005,0.0,0.0,0.0,0.0028020633300000005,16.2433729,2.80206333,6.77741359
2024-09-13T19:00,3600,0.0,0.0,0.0,0.0,0.0,0.0,0.0,0.0,0.0
2024-09-13T20:00,3600,0.0,0.0,0.0,0.0,0.0,0.0,0.0,0.0,0.0
2024-09-13T21:00,3600,0.0,0.0,0.0,0.0,0.0,0.0,0.0,0.0,0.0
2024-09-13T22:00,3600,0.0,0.0,0.0,0.0,0.0,0.0,0.0,0.0,0.0
2024-09-13T23:00,3600,0.0,0.0,0.0,0.0,0.0,0.0,0.0,0.0,0.0
2024-09-14T00:00,3600,0.0,0.0,0.0,0.0,0.0,0.0,0.0,0.0,0.0
2024-09-14T01:00,3600,0.0,0.0,0.0,0.0,0.0,0.0,0.0,0.0,0.0
2024-09-14T02:00,3600,0.0,0.0,0.0,0.0,0.0,0.0,0.0,0.0,0.0
2024-09-14T03:00,3600,0.0,0.0,0.0,0.0,0.0,0.0,0.0,0.0,0.0
2024-09-14T04:00,3600,0.0,0.0,0.0,0.0,0.0,0.0,0.0,0.0,0.0
2024-09-14T05:00,3600,0.0,0.0,0.0,0.0,0.0,0.0,0.0,0.0,0.0
2024-09-14T06:00,3600,0.0,0.018876156600000003,0.0,0.0,0.0,0.018876156600000003,35.47633037,18.8761566,14.70952321
2024-09-14T07:00,3600,0.0,0.25101025845,0.0,0.0,0.0,0.25101025845,313.8616198,251.01025845,131.71910413
2024-09-14T08:00,3600,0.0,0.6120305708900001,0.0,0.0,0.0,0.6120305708900001,749.18989371,612.03057089,320.90082453
2024-09-14T09:00,3600,0.0,0.93792688838,0.0,0.0,0.0,0.93792688838,1144.69244885,937.92688838,499.71963087
2024-09-14T10:00,3600,0.0,1.24972508739,0.0,0.0,0.0,1.24972508739,1525.37337888,1249.72508739,688.78688278
2024-09-14T11:00,3600,0.0,1.17888683709,0.0,0.0,0.0,1.17888683709,1438.68697718,1178.88683709,645.98560744
2024-09-14T12:00,3600,0.0,1.44177276914,0.0,0.0,0.0,1.44177276914,1760.97936039,1441.77276914,805.58608829
2024-09-14T13:00,3600,0.0,1.29379228916,0.0,0.0,0.0,1.29379228916,1579.35871712,1293.79228916,716.32263285
2024-09-14T14:00,3600,0.0,0.86377079657,0.0,0.0,0.0,0.86377079657,1054.48458502,863.77079657,468.17244054
2024-09-14T15:00,3600,0.0,0.50776783963,0.0,0.0,0.0,0.50776783963,623.16715467,507.76783963,270.20082983
2024-09-14T16:00,3600,0.0,0.19957504848,0.0,0.0,0.0,0.19957504848,252.07589725,199.57504848,106.72769136
2024-09-14T17:00,3600,0.0,0.10152253374999999,0.0,0.0,0.0,0.10152253374999999,134.45359807,101.52253375,56.43308339
2024-09-14T18:00,3600,0.0,0.0,0.0,0.0,0.0,0.0,11.65008742,0.0,4.84100971
2024-09-14T19:00,3600,0.0,0.0,0.0,0.0,0.0,0.0,0.0,0.0,0.0
2024-09-14T20:00,3600,0.0,0.0,0.0,0.0,0.0,0.0,0.0,0.0,0.0
2024-09-14T21:00,3600,0.0,0.0,0.0,0.0,0.0,0.0,0.0,0.0,0.0
2024-09-14T22:00,3600,0.0,0.0,0.0,0.0,0.0,0.0,0.0,0.0,0.0
2024-09-14T23:00,3600,0.0,0.0,0.0,0.0,0.0,0.0,0.0,0.0,0.0
2024-09-15T00:00,3600,0.0,0.0,0.0,0.0,0.0,0.0,0.0,0.0,0.0
2024-09-15T01:00,3600,0.0,0.0,0.0,0.0,0.0,0.0,0.0,0.0,0.0
2024-09-15T02:00,3600,0.0,0.0,0.0,0.0,0.0,0.0,0.0,0.0,0.0
2024-09-15T03:00,3600,0.0,0.0,0.0,0.0,0.0,0.0,0.0,0.0,0.0
2024-09-15T04:00,3600,0.0,0.0,0.0,0.0,0.0,0.0,0.0,0.0,0.0
2024-09-15T05:00,3600,0.0,0.0,0.0,0.0,0.0,0.0,0.0,0.0,0.0
2024-09-15T06:00,3600,0.0,0.020468458219999996,0.0,0.0,0.0,0.020468458219999996,37.38185692,20.46845822,15.47970772
2024-09-15T07:00,3600,0.0,0.30590625793,0.0,0.0,0.0,0.30590625793,379.869203,305.90625793,159.76598345
2024-09-15T08:00,3600,0.0,0.77372090884,0.0,0.0,0.0,0.77372090884,945.11196631,773.72090884,408.95803205
2024-09-15T09:00,3600,0.0,1.01033750447,0.0,0.0,0.0,1.01033750447,1232.89914166,1010.33750447,541.24280442
2024-09-15T10:00,3600,0.0,1.29908445922,0.0,0.0,0.0,1.29908445922,1585.84505315,1299.08445922,717.24893725
2024-09-15T11:00,3600,0.0,1.4664463302900002,0.0,0.0,0.0,1.4664463302900002,1791.31226136,1466.44633029,818.74203652
2024-09-15T12:00,3600,0.0,1.3630600581,0.0,0.0,0.0,1.3630600581,1664.30871637,1363.0600581,756.63543305
2024-09-15T13:00,3600,0.0,1.30619504729,0.0,0.0,0.0,1.30619504729,1594.5611651,1306.19504729,727.83158478
2024-09-15T14:00,3600,0.0,1.11050298794,0.0,0.0,0.0,1.11050298794,1355.11516405,1110.50298794,612.17729606
2024-09-15T15:00,3600,0.0,0.8352417919399999,0.0,0.0,0.0,0.8352417919399999,1019.8138134,835.24179194,449.98479649
2024-09-15T16:00,3600,0.0,0.5193742562899999,0.0,0.0,0.0,0.5193742562899999,637.1837665,519.37425629,272.49472536
2024-09-15T17:00,3600,0.0,0.18025837715999998,0.0,0.0,0.0,0.18025837715999998,228.88715528,180.25837716,96.68404128
2024-09-15T18:00,3600,0.0,0.00092040566,0.0,0.0,0.0,0.00092040566,13.99230297,0.92040566,5.82511068
2024-09-15T19:00,3600,0.0,0.0,0.0,0.0,0.0,0.0,0.0,0.0,0.0
2024-09-15T20:00,3600,0.0,0.0,0.0,0.0,0.0,0.0,0.0,0.0,0.0
2024-09-15T21:00,3600,0.0,0.0,0.0,0.0,0.0,0.0,0.0,0.0,0.0
2024-09-15T22:00,3600,0.0,0.0,0.0,0.0,0.0,0.0,0.0,0.0,0.0
2024-09-15T23:00,3600,0.0,0.0,0.0,0.0,0.0,0.0,0.0,0.0,0.0
2024-09-16T00:00,3600,0.0,0.0,0.0,0.0,0.0,0.0,0.0,0.0,0.0
2024-09-16T01:00,3600,0.0,0.0,0.0,0.0,0.0,0.0,0.0,0.0,0.0
2024-09-16T02:00,3600,0.0,0.0,0.0,0.0,0.0,0.0,0.0,0.0,0.0
2024-09-16T03:00,3600,0.0,0.0,0.0,0.0,0.0,0.0,0.0,0.0,0.0
2024-09-16T04:00,3600,0.0,0.0,0.0,0.0,0.0,0.0,0.0,0.0,0.0
2024-09-16T05:00,3600,0.0,0.0,0.0,0.0,0.0,0.0,0.0,0.0,0.0
2024-09-16T06:00,3600,0.0,0.010122070470000001,0.0,0.0,0.0,0.010122070470000001,25.00120001,10.12207047,10.38708048
2024-09-16T07:00,3600,0.0,0.21657799297,0.0,0.0,0.0,0.21657799297,272.49393931,216.57799297,114.48092825
2024-09-16T08:00,3600,1.0870588235294116,0.5673676922900001,0.5673676922900001,0.5196911312394116,0.0,0.0,695.17571967,567.36769229,297.2292365
2024-09-16T09:00,3600,1.0870588235294116,0.8792687582300001,0.8792687582300001,0.20779006529941157,0.0,0.0,1073.32678846,879.26875823,466.25760086
2024-09-16T10:00,3600,1.0825035294117646,1.2091543730899998,1.0825035294117646,0.0,0.0,0.1266508436782352,1475.71170507,1209.15437309,660.00027688
2024-09-16T11:00,3600,1.0775341176470588,0.8910718983299999,0.8910718983299999,0.18646221931705886,0.0,0.0,1087.68057562,891.07189833,478.89435315
2024-09-16T12:00,3600,1.0812611764705882,1.38339123906,1.0812611764705882,0.0,0.0,0.3021300625894119,1689.26433791,1383.39123906,764.94500755
2024-09-16T13:00,3600,1.058898823529412,1.1953732950199998,1.058898823529412,0.0,0.0,0.1364744714905879,1458.85136438,1195.37329502,659.60215058
2024-09-16T14:00,3600,1.056414117647059,1.05253609241,1.05253609241,0.003878025237058935,0.0,0.0,1284.3590307,1052.53609241,576.012213
2024-09-16T15:00,3600,1.052687058823529,0.81304148894,0.81304148894,0.23964556988352914,0.0,0.0,992.84708247,813.04148894,439.38754446
2024-09-16T16:00,3600,1.052687058823529,0.57438679206,0.57438679206,0.4783002667635291,0.0,0.0,703.66146354,574.38679206,307.35410725
2024-09-16T17:00,3600,1.0551717647058825,0.20238339898000002,0.20238339898000002,0.8527883657258825,0.0,0.0,255.44787389,202.38339898,109.35521765
2024-09-16T18:00,3600,0.0,0.00082184704,0.0,0.0,0.0,0.00082184704,13.87439717,0.82184704,5.81716116
2024-09-16T19:00,3600,0.0,0.0,0.0,0.0,0.0,0.0,0.0,0.0,0.0
2024-09-16T20:00,3600,0.0,0.0,0.0,0.0,0.0,0.0,0.0,0.0,0.0
2024-09-16T21:00,3600,0.0,0.0,0.0,0.0,0.0,0.0,0.0,0.0,0.0
2024-09-16T22:00,3600,0.0,0.0,0.0,0.0,0.0,0.0,0.0,0.0,0.0
2024-09-16T23:00,3600,0.0,0.0,0.0,0.0,0.0,0.0,0.0,0.0,0.0
2024-09-17T00:00,3600,0.0,0.0,0.0,0.0,0.0,0.0,0.0,0.0,0.0
2024-09-17T01:00,3600,0.0,0.0,0.0,0.0,0.0,0.0,0.0,0.0,0.0
2024-09-17T02:00,3600,0.0,0.0,0.0,0.0,0.0,0.0,0.0,0.0,0.0
2024-09-17T03:00,3600,0.0,0.0,0.0,0.0,0.0,0.0,0.0,0.0,0.0
2024-09-17T04:00,3600,0.0,0.0,0.0,0.0,0.0,0.0,0.0,0.0,0.0
2024-09-17T05:00,3600,0.0,0.0,0.0,0.0,0.0,0.0,0.0,0.0,0.0
2024-09-17T06:00,3600,0.0,0.026406715940000002,0.0,0.0,0.0,0.026406715940000002,44.48873055,26.40671594,18.56430351
2024-09-17T07:00,3600,0.0,0.28173918583,0.0,0.0,0.0,0.28173918583,350.80220009,281.73918583,148.31606922
2024-09-17T08:00,3600,1.0870588235294116,0.6358375373999999,0.6358375373999999,0.4512212861294117,0.0,0.0,777.99985649,635.8375374,334.76982976
2024-09-17T09:00,3600,1.0870588235294116,1.0094923746,1.0094923746,0.07756644892941167,0.0,0.0,1231.86895229,1009.4923746,539.8421187
2024-09-17T10:00,3600,1.0663529411764705,1.24407578108,1.0663529411764705,0.0,0.0,0.17772283990352955,1518.45588458,1244.07578108,680.32893582
2024-09-17T11:00,3600,1.0638682352941178,1.3170981352100002,1.0638682352941178,0.0,0.0,0.2532298999158824,1607.92840676,1317.09813521,722.35545303
2024-09-17T12:00,3600,1.0638682352941178,1.3786396663499998,1.0638682352941178,0.0,0.0,0.314771431055882,1683.43112,1378.63966635,758.51456555
2024-09-17T13:00,3600,1.0402635294117646,1.3269350034,1.0402635294117646,0.0,0.0,0.28667147398823545,1619.99085674,1326.9350034,734.40351099
2024-09-17T14:00,3600,1.0402635294117646,1.2096977989300002,1.0402635294117646,0.0,0.0,0.1694342695182356,1476.37664567,1209.69779893,666.45511894
2024-09-17T15:00,3600,1.0402635294117646,0.9122037506,0.9122037506,0.12805977881176456,0.0,0.0,1113.38698994,912.2037506,495.47328278
2024-09-17T16:00,3600,1.0502023529411766,0.57125763837,0.57125763837,0.4789447145711766,0.0,0.0,699.87833455,571.25763837,305.67498675
2024-09-17T17:00,3600,1.058898823529412,0.17151933835,0.17151933835,0.8873794851794119,0.0,0.0,218.39906124,171.51933835,93.27402015
2024-09-17T18:00,3600,0.0,0.0,0.0,0.0,0.0,0.0,11.5743474,0.0,4.84895922
2024-09-17T19:00,3600,0.0,0.0,0.0,0.0,0.0,0.0,0.0,0.0,0.0
2024-09-17T20:00,3600,0.0,0.0,0.0,0.0,0.0,0.0,0.0,0.0,0.0
2024-09-17T21:00,3600,0.0,0.0,0.0,0.0,0.0,0.0,0.0,0.0,0.0
2024-09-17T22:00,3600,0.0,0.0,0.0,0.0,0.0,0.0,0.0,0.0,0.0
2024-09-17T23:00,3600,0.0,0.0,0.0,0.0,0.0,0.0,0.0,0.0,0.0
2024-09-18T00:00,3600,0.0,0.0,0.0,0.0,0.0,0.0,0.0,0.0,0.0
2024-09-18T01:00,3600,0.0,0.0,0.0,0.0,0.0,0.0,0.0,0.0,0.0
2024-09-18T02:00,3600,0.0,0.0,0.0,0.0,0.0,0.0,0.0,0.0,0.0
2024-09-18T03:00,3600,0.0,0.0,0.0,0.0,0.0,0.0,0.0,0.0,0.0
2024-09-18T04:00,3600,0.0,0.0,0.0,0.0,0.0,0.0,0.0,0.0,0.0
2024-09-18T05:00,3600,0.0,0.0,0.0,0.0,0.0,0.0,0.0,0.0,0.0
2024-09-18T06:00,3600,0.0,0.0181319286,0.0,0.0,0.0,0.0181319286,34.58572275,18.1319286,14.42096256
2024-09-18T07:00,3600,0.0,0.29585768164000004,0.0,0.0,0.0,0.29585768164000004,367.78167938,295.85768164,155.42638034
2024-09-18T08:00,3600,1.0870588235294116,0.7165498468499999,0.7165498468499999,0.37050897667941174,0.0,0.0,875.76927175,716.54984685,378.62134063
2024-09-18T09:00,3600,1.0870588235294116,1.1275542911699998,1.0870588235294116,0.0,0.0,0.0404954676405882,1375.94335091,1127.55429117,609.0648117
2024-09-18T10:00,3600,1.058898823529412,1.13624864238,1.058898823529412,0.0,0.0,0.07734981885058811,1386.56611456,1136.24864238,622.55690879
2024-09-18T11:00,3600,1.058898823529412,1.2832760057,1.058898823529412,0.0,0.0,0.22437718217058822,1566.47141076,1283.2760057,707.5566199
2024-09-18T12:00,3600,1.0601411764705884,1.4825573123399998,1.0601411764705884,0.0,0.0,0.4224161358694114,1811.12638934,1482.55731234,826.24562781
2024-09-18T13:00,3600,1.0377788235294119,1.3102688409299998,1.0377788235294119,0.0,0.0,0.272490017400588,1599.55532992,1310.26884093,727.85062488
2024-09-18T14:00,3600,1.0352941176470587,1.28931940045,1.0352941176470587,0.0,0.0,0.25402528280294123,1573.87704435,1289.31940045,716.28578624
2024-09-18T15:00,3600,1.0344536916897966,0.91992525949,0.91992525949,0.11452843219979658,0.0,0.0,1122.78258813,919.92525949,501.89418374
2024-09-18T16:00,3600,1.0365364705882352,0.61647459322,0.61647459322,0.4200618773682352,0.0,0.0,754.56684756,616.47459322,331.77731219
2024-09-18T17:00,3600,0.9051293796359791,0.23427181773000003,0.23427181773000003,0.670857561905979,0.0,0.0,293.74841269,234.27181773,126.67141235
2024-09-18T18:00,3600,0.0,0.0,0.0,0.0,0.0,0.0,11.5643146,0.0,4.85690874
2024-09-18T19:00,3600,0.0,0.0,0.0,0.0,0.0,0.0,0.0,0.0,0.0
2024-09-18T20:00,3600,0.0,0.0,0.0,0.0,0.0,0.0,0.0,0.0,0.0
2024-09-18T21:00,3600,0.0,0.0,0.0,0.0,0.0,0.0,0.0,0.0,0.0
2024-09-18T22:00,3600,0.0,0.0,0.0,0.0,0.0,0.0,0.0,0.0,0.0
2024-09-18T23:00,3600,0.0,0.0,0.0,0.0,0.0,0.0,0.0,0.0,0.0
2024-09-19T00:00,3600,0.0,0.0,0.0,0.0,0.0,0.0,0.0,0.0,0.0
2024-09-19T01:00,3600,0.0,0.0,0.0,0.0,0.0,0.0,0.0,0.0,0.0
2024-09-19T02:00,3600,0.0,0.0,0.0,0.0,0.0,0.0,0.0,0.0,0.0
2024-09-19T03:00,3600,0.0,0.0,0.0,0.0,0.0,0.0,0.0,0.0,0.0
2024-09-19T04:00,3600,0.0,0.0,0.0,0.0,0.0,0.0,0.0,0.0,0.0
2024-09-19T05:00,3600,0.0,0.0,0.0,0.0,0.0,0.0,0.0,0.0,0.0
2024-09-19T06:00,3600,0.0,0.023033266629999997,0.0,0.0,0.0,0.023033266629999997,40.45131067,23.03326663,16.84139874
2024-09-19T07:00,3600,0.0,0.26379140118,0.0,0.0,0.0,0.26379140118,329.22384519,263.79140118,138.85251165
2024-09-19T08:00,3600,1.0870588235294116,0.6907358120899999,0.6907358120899999,0.39632301143941173,0.0,0.0,844.48382799,690.73581209,365.57947939
2024-09-19T09:00,3600,1.0249319289441894,1.12292534477,1.0249319289441894,0.0,0.0,0.09799341582581067,1370.28841882,1122.92534477,611.36049898
2024-09-19T10:00,3600,0.9757858058823529,1.3924333134200002,0.9757858058823529,0.0,0.0,0.41664750753764734,1700.36621719,1392.43331342,787.09888965
2024-09-19T11:00,3600,0.9473890529411764,1.25850425326,0.9473890529411764,0.0,0.0,0.31111520031882356,1536.12482515,1258.50425326,699.92876704
2024-09-19T12:00,3600,0.963602288235294,1.31659414452,0.963602288235294,0.0,0.0,0.352991856284706,1607.31044998,1316.59414452,733.71343911
2024-09-19T13:00,3600,1.0119757596318366,1.3590420310600002,1.0119757596318366,0.0,0.0,0.3470662714281636,1659.37792061,1359.04203106,762.67695299
2024-09-19T14:00,3600,0.9259128180849806,0.98389907548,0.9259128180849806,0.0,0.0,0.05798625739501939,1200.67926022,983.89907548,540.26098812
2024-09-19T15:00,3600,0.8855205941412709,0.84506704848,0.84506704848,0.04045354566127091,0.0,0.0,1031.75216188,845.06704848,460.81589271
2024-09-19T16:00,3600,0.7984814235294119,0.60080576277,0.60080576277,0.1976756607594119,0.0,0.0,735.61065382,600.80576277,323.18965206
2024-09-19T17:00,3600,0.709077011764706,0.21953927128999998,0.21953927128999998,0.489537740474706,0.0,0.0,276.05065343,219.53927129,118.84916451
2024-09-19T18:00,3600,0.0,0.0,0.0,0.0,0.0,0.0,9.2375482,0.0,3.88075728
2024-09-19T19:00,3600,0.0,0.0,0.0,0.0,0.0,0.0,0.0,0.0,0.0
2024-09-19T20:00,3600,0.0,0.0,0.0,0.0,0.0,0.0,0.0,0.0,0.0
2024-09-19T21:00,3600,0.0,0.0,0.0,0.0,0.0,0.0,0.0,0.0,0.0
2024-09-19T22:00,3600,0.0,0.0,0.0,0.0,0.0,0.0,0.0,0.0,0.0
2024-09-19T23:00,3600,0.0,0.0,0.0,0.0,0.0,0.0,0.0,0.0,0.0
2024-09-20T00:00,3600,0.0,0.0,0.0,0.0,0.0,0.0,0.0,0.0,0.0
2024-09-20T01:00,3600,0.0,0.0,0.0,0.0,0.0,0.0,0.0,0.0,0.0
2024-09-20T02:00,3600,0.0,0.0,0.0,0.0,0.0,0.0,0.0,0.0,0.0
2024-09-20T03:00,3600,0.0,0.0,0.0,0.0,0.0,0.0,0.0,0.0,0.0
2024-09-20T04:00,3600,0.0,0.0,0.0,0.0,0.0,0.0,0.0,0.0,0.0
2024-09-20T05:00,3600,0.0,0.0,0.0,0.0,0.0,0.0,0.0,0.0,0.0
2024-09-20T06:00,3600,0.0,0.02473448097,0.0,0.0,0.0,0.02473448097,42.48733108,24.73448097,17.72219758
2024-09-20T07:00,3600,0.0,0.31957364107,0.0,0.0,0.0,0.31957364107,396.31342275,319.57364107,168.00293967
2024-09-20T08:00,3600,1.0870588235294116,0.6689825421500001,0.6689825421500001,0.41807628137941155,0.0,0.0,818.13159126,668.98254215,353.79527361
2024-09-20T09:00,3600,1.0870588235294116,1.0938149642100001,1.0870588235294116,0.0,0.0,0.006756140680588496,1334.73726695,1093.81496421,590.38615809
2024-09-20T10:00,3600,0.9447738043275171,1.2914423587500001,0.9447738043275171,0.0,0.0,0.346668554422483,1576.47874124,1291.44235875,714.36921939
2024-09-20T11:00,3600,0.9727522588235293,1.4501224507400001,0.9727522588235293,0.0,0.0,0.4773701919164708,1771.24258119,1450.12245074,812.50686033
2024-09-20T12:00,3600,0.9680502058823529,1.4044240630700002,0.9680502058823529,0.0,0.0,0.4363738571876473,1715.09146554,1404.42406307,787.30572415
2024-09-20T13:00,3600,0.9014590588235294,1.05960443741,0.9014590588235294,0.0,0.0,0.1581453785864706,1292.98269248,1059.60443741,583.06951073
2024-09-20T14:00,3600,0.9520214058823527,1.27368323851,0.9520214058823527,0.0,0.0,0.32166183262764736,1554.71810268,1273.68323851,710.58334221
2024-09-20T15:00,3600,0.8745217117647061,0.9354323752,0.8745217117647061,0.0,0.0,0.060910663435293944,1141.65592105,935.4323752,511.27954405
2024-09-20T16:00,3600,0.798053038235294,0.60994703455,0.60994703455,0.18810600368529407,0.0,0.0,746.66911524,609.94703455,328.1338035
2024-09-20T17:00,3600,0.6720080029411764,0.18966034013,0.18966034013,0.48234766281117636,0.0,0.0,240.1727343,189.66034013,102.67970867
2024-09-20T18:00,3600,0.0,0.0,0.0,0.0,0.0,0.0,9.25099025,0.0,3.88075728
2024-09-20T19:00,3600,0.0,0.0,0.0,0.0,0.0,0.0,0.0,0.0,0.0
2024-09-20T20:00,3600,0.0,0.0,0.0,0.0,0.0,0.0,0.0,0.0,0.0
2024-09-20T21:00,3600,0.0,0.0,0.0,0.0,0.0,0.0,0.0,0.0,0.0
2024-09-20T22:00,3600,0.0,0.0,0.0,0.0,0.0,0.0,0.0,0.0,0.0
2024-09-20T23:00,3600,0.0,0.0,0.0,0.0,0.0,0.0,0.0,0.0,0.0
2024-09-21T00:00,3600,0.0,0.0,0.0,0.0,0.0,0.0,0.0,0.0,0.0
2024-09-21T01:00,3600,0.0,0.0,0.0,0.0,0.0,0.0,0.0,0.0,0.0
2024-09-21T02:00,3600,0.0,0.0,0.0,0.0,0.0,0.0,0.0,0.0,0.0
2024-09-21T03:00,3600,0.0,0.0,0.0,0.0,0.0,0.0,0.0,0.0,0.0
2024-09-21T04:00,3600,0.0,0.0,0.0,0.0,0.0,0.0,0.0,0.0,0.0
2024-09-21T05:00,3600,0.0,0.0,0.0,0.0,0.0,0.0,0.0,0.0,0.0
2024-09-21T06:00,3600,0.0,0.00647557873,0.0,0.0,0.0,0.00647557873,20.63830597,6.47557873,8.57950628
2024-09-21T07:00,3600,0.0,0.08984817157000001,0.0,0.0,0.0,0.08984817157000001,120.4633026,89.84817157,50.28855959
2024-09-21T08:00,3600,0.0,0.34784444239,0.0,0.0,0.0,0.34784444239,430.34125651,347.84444239,181.99231992
2024-09-21T09:00,3600,0.0,0.54852534567,0.0,0.0,0.0,0.54852534567,672.40174674,548.52534567,287.62191599
2024-09-21T10:00,3600,0.0,0.63329705832,0.0,0.0,0.0,0.63329705832,774.92488882,633.29705832,334.50936471
2024-09-21T11:00,3600,0.0,0.65734228217,0.0,0.0,0.0,0.65734228217,804.03481281,657.34228217,346.99604321
2024-09-21T12:00,3600,0.0,0.46955160045,0.0,0.0,0.0,0.46955160045,577.0362861,469.55160045,247.43170594
2024-09-21T13:00,3600,0.0,0.7043645033999999,0.0,0.0,0.0,0.7043645033999999,860.99930004,704.3645034,373.70335816
2024-09-21T14:00,3600,0.0,0.5629083374099999,0.0,0.0,0.0,0.5629083374099999,689.78515745,562.90833741,297.39698514
2024-09-21T15:00,3600,0.0,0.46725166785,0.0,0.0,0.0,0.46725166785,574.26107986,467.25166785,246.7694041
2024-09-21T16:00,3600,0.0,0.15576675148,0.0,0.0,0.0,0.15576675148,199.49796141,155.76675148,84.11165237
2024-09-21T17:00,3600,0.0,0.053102083890000006,0.0,0.0,0.0,0.053102083890000006,76.44712965,53.10208389,31.95066407
2024-09-21T18:00,3600,0.0,0.0,0.0,0.0,0.0,0.0,2.32602112,0.0,0.96820194
2024-09-21T19:00,3600,0.0,0.0,0.0,0.0,0.0,0.0,0.0,0.0,0.0
2024-09-21T20:00,3600,0.0,0.0,0.0,0.0,0.0,0.0,0.0,0.0,0.0
2024-09-21T21:00,3600,0.0,0.0,0.0,0.0,0.0,0.0,0.0,0.0,0.0
2024-09-21T22:00,3600,0.0,0.0,0.0,0.0,0.0,0.0,0.0,0.0,0.0
2024-09-21T23:00,3600,0.0,0.0,0.0,0.0,0.0,0.0,0.0,0.0,0.0
2024-09-22T00:00,3600,0.0,0.0,0.0,0.0,0.0,0.0,0.0,0.0,0.0
2024-09-22T01:00,3600,0.0,0.0,0.0,0.0,0.0,0.0,0.0,0.0,0.0
2024-09-22T02:00,3600,0.0,0.0,0.0,0.0,0.0,0.0,0.0,0.0,0.0
2024-09-22T03:00,3600,0.0,0.0,0.0,0.0,0.0,0.0,0.0,0.0,0.0
2024-09-22T04:00,3600,0.0,0.0,0.0,0.0,0.0,0.0,0.0,0.0,0.0
2024-09-22T05:00,3600,0.0,0.0,0.0,0.0,0.0,0.0,0.0,0.0,0.0
2024-09-22T06:00,3600,0.0,0.007618887269999999,0.0,0.0,0.0,0.007618887269999999,22.00620156,7.61888727,9.1473565
2024-09-22T07:00,3600,0.0,0.12307110255999999,0.0,0.0,0.0,0.12307110255999999,160.28478676,123.07110256,66.97669499
2024-09-22T08:00,3600,0.0,0.26196277778000004,0.0,0.0,0.0,0.26196277778000004,327.02571931,261.96277778,137.38673099
2024-09-22T09:00,3600,0.0,0.460875572,0.0,0.0,0.0,0.460875572,566.56800433,460.875572,240.02386053
2024-09-22T10:00,3600,0.0,0.61556851223,0.0,0.0,0.0,0.61556851223,753.47051719,615.56851223,322.81991571
2024-09-22T11:00,3600,0.0,0.53544145171,0.0,0.0,0.0,0.53544145171,656.59248309,535.44145171,280.37525402
2024-09-22T12:00,3600,0.0,0.41577260849,0.0,0.0,0.0,0.41577260849,512.17503824,415.77260849,216.90636105
2024-09-22T13:00,3600,0.0,0.59907108415,0.0,0.0,0.0,0.59907108415,733.51237587,599.07108415,311.89161735
2024-09-22T14:00,3600,0.0,0.5617570559199999,0.0,0.0,0.0,0.5617570559199999,688.3935369,561.75705592,291.97539842
2024-09-22T15:00,3600,0.0,0.41751295793999993,0.0,0.0,0.0,0.41751295793999993,514.27300897,417.51295794,216.42742651
2024-09-22T16:00,3600,0.0,0.17363942944,0.0,0.0,0.0,0.17363942944,220.94331844,173.63942944,91.54073898
2024-09-22T17:00,3600,0.0,0.05401159375,0.0,0.0,0.0,0.05401159375,77.5362256,54.01159375,31.95066407
2024-09-22T18:00,3600,0.0,0.0,0.0,0.0,0.0,0.0,4.69454982,0.0,1.93640388
2024-09-22T19:00,3600,0.0,0.0,0.0,0.0,0.0,0.0,0.0,0.0,0.0
2024-09-22T20:00,3600,0.0,0.0,0.0,0.0,0.0,0.0,0.0,0.0,0.0
2024-09-22T21:00,3600,0.0,0.0,0.0,0.0,0.0,0.0,0.0,0.0,0.0
2024-09-22T22:00,3600,0.0,0.0,0.0,0.0,0.0,0.0,0.0,0.0,0.0
2024-09-22T23:00,3600,0.0,0.0,0.0,0.0,0.0,0.0,0.0,0.0,0.0
2024-09-23T00:00,3600,0.0,0.0,0.0,0.0,0.0,0.0,0.0,0.0,0.0
2024-09-23T01:00,3600,0.0,0.0,0.0,0.0,0.0,0.0,0.0,0.0,0.0
2024-09-23T02:00,3600,0.0,0.0,0.0,0.0,0.0,0.0,0.0,0.0,0.0
2024-09-23T03:00,3600,0.0,0.0,0.0,0.0,0.0,0.0,0.0,0.0,0.0
2024-09-23T04:00,3600,0.0,0.0,0.0,0.0,0.0,0.0,0.0,0.0,0.0
2024-09-23T05:00,3600,0.0,0.0,0.0,0.0,0.0,0.0,0.0,0.0,0.0
2024-09-23T06:00,3600,0.0,0.0,0.0,0.0,0.0,0.0,11.86951217,0.0,4.84100971
2024-09-23T07:00,3600,0.0,0.05874830510000001,0.0,0.0,0.0,0.05874830510000001,83.20851113,58.7483051,34.01879419
2024-09-23T08:00,3600,0.9130425996299651,0.11951358653,0.11951358653,0.7935290130999652,0.0,0.0,156.01953709,119.51358653,63.87463372
2024-09-23T09:00,3600,0.9378652227855163,0.14737071923,0.14737071923,0.7904945035555163,0.0,0.0,189.42602479,147.37071923,77.60471876
2024-09-23T10:00,3600,0.9527291297293189,0.18916419884000002,0.18916419884000002,0.7635649308893189,0.0,0.0,239.5771459,189.16419884,98.75659802
2024-09-23T11:00,3600,0.949589885902378,0.28002331745,0.28002331745,0.669566568452378,0.0,0.0,348.73892818,280.02331745,144.33408813
2024-09-23T12:00,3600,0.42383988342544077,0.31312474901,0.31312474901,0.11071513441544079,0.0,0.0,388.55377581,313.12474901,161.04108342
2024-09-23T13:00,3600,0.29903421011060094,0.20420773600000003,0.20420773600000003,0.09482647411060091,0.0,0.0,257.63844231,204.207736,106.34618883
2024-09-23T14:00,3600,0.26896524780287673,0.11713267514,0.11713267514,0.15183257266287672,0.0,0.0,153.1651217,117.13267514,62.93312619
2024-09-23T15:00,3600,0.2638821078000644,0.07006591467,0.07006591467,0.19381619313006437,0.0,0.0,96.76351574,70.06591467,39.6962796
2024-09-23T16:00,3600,0.2361573611981993,0.038764443790000006,0.038764443790000006,0.1973929174081993,0.0,0.0,59.28086337,38.76444379,24.20504853
2024-09-23T17:00,3600,0.2289166535531114,0.00710288427,0.00710288427,0.2218137692831114,0.0,0.0,21.38883342,7.10288427,8.71381747
2024-09-23T18:00,3600,0.0,0.0,0.0,0.0,0.0,0.0,0.0,0.0,0.0
2024-09-23T19:00,3600,0.0,0.0,0.0,0.0,0.0,0.0,0.0,0.0,0.0
2024-09-23T20:00,3600,0.0,0.0,0.0,0.0,0.0,0.0,0.0,0.0,0.0
2024-09-23T21:00,3600,0.0,0.0,0.0,0.0,0.0,0.0,0.0,0.0,0.0
2024-09-23T22:00,3600,0.0,0.0,0.0,0.0,0.0,0.0,0.0,0.0,0.0
2024-09-23T23:00,3600,0.0,0.0,0.0,0.0,0.0,0.0,0.0,0.0,0.0
2024-09-24T00:00,3600,0.0,0.0,0.0,0.0,0.0,0.0,0.0,0.0,0.0
2024-09-24T01:00,3600,0.0,0.0,0.0,0.0,0.0,0.0,0.0,0.0,0.0
2024-09-24T02:00,3600,0.0,0.0,0.0,0.0,0.0,0.0,0.0,0.0,0.0
2024-09-24T03:00,3600,0.0,0.0,0.0,0.0,0.0,0.0,0.0,0.0,0.0
2024-09-24T04:00,3600,0.0,0.0,0.0,0.0,0.0,0.0,0.0,0.0,0.0
2024-09-24T05:00,3600,0.0,0.0,0.0,0.0,0.0,0.0,0.0,0.0,0.0
2024-09-24T06:00,3600,0.0,0.0,0.0,0.0,0.0,0.0,4.76376453,0.0,1.93640388
2024-09-24T07:00,3600,0.0,0.019053289400000003,0.0,0.0,0.0,0.019053289400000003,35.68830459,19.0532894,14.52302912
2024-09-24T08:00,3600,0.0,0.04901549995,0.0,0.0,0.0,0.04901549995,71.55385821,49.01549995,29.16760192
2024-09-24T09:00,3600,0.0,0.0606042082,0.0,0.0,0.0,0.0606042082,85.43111802,60.6042082,34.85526989
2024-09-24T10:00,3600,0.0,0.09357057781000001,0.0,0.0,0.0,0.09357057781000001,124.92382631,93.57057781,51.31470289
2024-09-24T11:00,3600,0.0,0.20025180291999997,0.0,0.0,0.0,0.20025180291999997,252.88845801,200.25180292,104.38306889
2024-09-24T12:00,3600,0.0,0.22097412475,0.0,0.0,0.0,0.22097412475,277.77408819,220.97412475,114.80126932
2024-09-24T13:00,3600,0.0,0.19099118817,0.0,0.0,0.0,0.19099118817,241.77036585,190.99118817,99.99426807
2024-09-24T14:00,3600,0.0,0.29797906778,0.0,0.0,0.0,0.29797906778,370.3333273,297.97906778,154.04160992
2024-09-24T15:00,3600,0.4908924468869997,0.29021616124000005,0.29021616124000005,0.20067628564699963,0.0,0.0,360.996426,290.21616124,150.15707185
2024-09-24T16:00,3600,0.41915676328655466,0.09793844481,0.09793844481,0.3212183184765547,0.0,0.0,130.1581874,97.93844481,53.66268578
2024-09-24T17:00,3600,0.40265640169245415,0.02857447035,0.02857447035,0.37408193134245415,0.0,0.0,47.08327908,28.57447035,19.36403883
2024-09-24T18:00,3600,0.0,0.0,0.0,0.0,0.0,0.0,2.35735229,0.0,0.96820194
2024-09-24T19:00,3600,0.0,0.0,0.0,0.0,0.0,0.0,0.0,0.0,0.0
2024-09-24T20:00,3600,0.0,0.0,0.0,0.0,0.0,0.0,0.0,0.0,0.0
2024-09-24T21:00,3600,0.0,0.0,0.0,0.0,0.0,0.0,0.0,0.0,0.0
2024-09-24T22:00,3600,0.0,0.0,0.0,0.0,0.0,0.0,0.0,0.0,0.0
2024-09-24T23:00,3600,0.0,0.0,0.0,0.0,0.0,0.0,0.0,0.0,0.0
2024-09-25T00:00,3600,0.0,0.0,0.0,0.0,0.0,0.0,0.0,0.0,0.0
2024-09-25T01:00,3600,0.0,0.0,0.0,0.0,0.0,0.0,0.0,0.0,0.0
2024-09-25T02:00,3600,0.0,0.0,0.0,0.0,0.0,0.0,0.0,0.0,0.0
2024-09-25T03:00,3600,0.0,0.0,0.0,0.0,0.0,0.0,0.0,0.0,0.0
2024-09-25T04:00,3600,0.0,0.0,0.0,0.0,0.0,0.0,0.0,0.0,0.0
2024-09-25T05:00,3600,0.0,0.0,0.0,0.0,0.0,0.0,0.0,0.0,0.0
2024-09-25T06:00,3600,0.0,0.01480823237,0.0,0.0,0.0,0.01480823237,30.60844809,14.80823237,12.59039655
2024-09-25T07:00,3600,0.0,0.18596135994,0.0,0.0,0.0,0.18596135994,235.73245713,185.96135994,97.82795772
2024-09-25T08:00,3600,0.0,0.59986501486,0.0,0.0,0.0,0.59986501486,734.47271091,599.86501486,311.76068809
2024-09-25T09:00,3600,0.0,0.92195769311,0.0,0.0,0.0,0.92195769311,1125.25589866,921.95769311,488.39145355
2024-09-25T10:00,3600,1.0870588235294116,1.06055040549,1.06055040549,0.02650841803941173,0.0,0.0,1294.13689896,1060.55040549,572.0062718
2024-09-25T11:00,3600,0.8809036254970897,1.31351077319,0.8809036254970897,0.0,0.0,0.4326071476929103,1603.52997401,1313.51077319,723.62011686
2024-09-25T12:00,3600,0.8594339058823529,1.41734186639,0.8594339058823529,0.0,0.0,0.557907960507647,1730.95898585,1417.34186639,783.05587868
2024-09-25T13:00,3600,0.8796839588235295,1.31102487813,0.8796839588235295,0.0,0.0,0.43134091930647056,1600.48221763,1311.02487813,721.75930209
2024-09-25T14:00,3600,0.8032501352941176,1.0024686031799999,0.8032501352941176,0.0,0.0,0.19921846788588227,1223.30781238,1002.46860318,541.50320625
2024-09-25T15:00,3600,0.7160736588235292,0.65818684852,0.65818684852,0.05788681030352927,0.0,0.0,805.0575101,658.18684852,349.27238953
2024-09-25T16:00,3600,0.6602096852941177,0.43096231054,0.43096231054,0.22924737475411772,0.0,0.0,530.48832869,430.96231054,227.44749658
2024-09-25T17:00,3600,0.5910993852941177,0.15175427453,0.15175427453,0.43934511076411764,0.0,0.0,194.68437344,151.75427453,82.1857364
2024-09-25T18:00,3600,0.0,0.0,0.0,0.0,0.0,0.0,4.66142627,0.0,1.93640388
2024-09-25T19:00,3600,0.0,0.0,0.0,0.0,0.0,0.0,0.0,0.0,0.0
2024-09-25T20:00,3600,0.0,0.0,0.0,0.0,0.0,0.0,0.0,0.0,0.0
2024-09-25T21:00,3600,0.0,0.0,0.0,0.0,0.0,0.0,0.0,0.0,0.0
2024-09-25T22:00,3600,0.0,0.0,0.0,0.0,0.0,0.0,0.0,0.0,0.0
2024-09-25T23:00,3600,0.0,0.0,0.0,0.0,0.0,0.0,0.0,0.0,0.0
2024-09-26T00:00,3600,0.0,0.0,0.0,0.0,0.0,0.0,0.0,0.0,0.0
2024-09-26T01:00,3600,0.0,0.0,0.0,0.0,0.0,0.0,0.0,0.0,0.0
2024-09-26T02:00,3600,0.0,0.0,0.0,0.0,0.0,0.0,0.0,0.0,0.0
2024-09-26T03:00,3600,0.0,0.0,0.0,0.0,0.0,0.0,0.0,0.0,0.0
2024-09-26T04:00,3600,0.0,0.0,0.0,0.0,0.0,0.0,0.0,0.0,0.0
2024-09-26T05:00,3600,0.0,0.0,0.0,0.0,0.0,0.0,0.0,0.0,0.0
2024-09-26T06:00,3600,0.0,0.02276346518,0.0,0.0,0.0,0.02276346518,40.12841698,22.76346518,16.56610485
2024-09-26T07:00,3600,0.0,0.29258509546,0.0,0.0,0.0,0.29258509546,363.84553978,292.58509546,152.53437739
2024-09-26T08:00,3600,0.7414415609398967,0.66344575936,0.66344575936,0.0779958015798966,0.0,0.0,811.4259629,663.44575936,348.21869322
2024-09-26T09:00,3600,0.7169889911764706,1.07287376261,0.7169889911764706,0.0,0.0,0.35588477143352937,1309.17492403,1072.87376261,577.53566152
2024-09-26T10:00,3600,0.8716324764705882,1.31916413139,0.8716324764705882,0.0,0.0,0.4475316549194118,1610.46164371,1319.16413139,732.66272507
2024-09-26T11:00,3600,0.9009045411764706,1.4101857213599998,0.9009045411764706,0.0,0.0,0.5092811801835292,1722.16828273,1410.18572136,785.33272005
2024-09-26T12:00,3600,0.8858935147058824,1.3443099019300002,0.8858935147058824,0.0,0.0,0.4584163872241178,1641.30237305,1344.30990193,743.53962315
2024-09-26T13:00,3600,0.918473844117647,1.36199913273,0.918473844117647,0.0,0.0,0.4435252886123531,1663.00674531,1361.99913273,756.40138922
2024-09-26T14:00,3600,0.8738987058823529,1.15173202981,0.8738987058823529,0.0,0.0,0.27783332392764715,1405.48808434,1151.73202981,630.43273003
2024-09-26T15:00,3600,0.7830697382352941,0.7749692525799999,0.7749692525799999,0.008100485655294198,0.0,0.0,946.62691115,774.96925258,415.65477431
2024-09-26T16:00,3600,0.6951595823529412,0.43029843901,0.43029843901,0.2648611433429412,0.0,0.0,529.68783176,430.29843901,228.09157792
2024-09-26T17:00,3600,0.6404978176470588,0.19287261890000001,0.19287261890000001,0.4476251987470588,0.0,0.0,244.02901731,192.8726189,103.86380926
2024-09-26T18:00,3600,0.0,0.0,0.0,0.0,0.0,0.0,6.97416632,0.0,2.90460582
2024-09-26T19:00,3600,0.0,0.0,0.0,0.0,0.0,0.0,0.0,0.0,0.0
2024-09-26T20:00,3600,0.0,0.0,0.0,0.0,0.0,0.0,0.0,0.0,0.0
2024-09-26T21:00,3600,0.0,0.0,0.0,0.0,0.0,0.0,0.0,0.0,0.0
2024-09-26T22:00,3600,0.0,0.0,0.0,0.0,0.0,0.0,0.0,0.0,0.0
2024-09-26T23:00,3600,0.0,0.0,0.0,0.0,0.0,0.0,0.0,0.0,0.0
2024-09-27T00:00,3600,0.0,0.0,0.0,0.0,0.0,0.0,0.0,0.0,0.0
2024-09-27T01:00,3600,0.0,0.0,0.0,0.0,0.0,0.0,0.0,0.0,0.0
2024-09-27T02:00,3600,0.0,0.0,0.0,0.0,0.0,0.0,0.0,0.0,0.0
2024-09-27T03:00,3600,0.0,0.0,0.0,0.0,0.0,0.0,0.0,0.0,0.0
2024-09-27T04:00,3600,0.0,0.0,0.0,0.0,0.0,0.0,0.0,0.0,0.0
2024-09-27T05:00,3600,0.0,0.0,0.0,0.0,0.0,0.0,0.0,0.0,0.0
2024-09-27T06:00,3600,0.0,0.02499825742,0.0,0.0,0.0,0.02499825742,42.8030255,24.99825742,17.71552503
2024-09-27T07:00,3600,0.0,0.35658605008000005,0.0,0.0,0.0,0.35658605008000005,440.86659563,356.58605008,185.87962613
2024-09-27T08:00,3600,0.8870029986190047,0.78112258288,0.78112258288,0.10588041573900464,0.0,0.0,954.09488975,781.12258288,413.2749707
2024-09-27T09:00,3600,0.7497684264705884,1.1291667838900001,0.7497684264705884,0.0,0.0,0.37939835741941175,1377.91336263,1129.16678389,611.43599039
2024-09-27T10:00,3600,0.8753581117647058,1.16729247428,0.8753581117647058,0.0,0.0,0.29193436251529414,1424.5098512,1167.29247428,645.05827819
2024-09-27T11:00,3600,0.8929959029411764,1.23440966836,0.8929959029411764,0.0,0.0,0.34141376541882373,1506.62160213,1234.40966836,683.42020589
2024-09-27T12:00,3600,0.9388561970588236,1.4267650060500001,0.9388561970588236,0.0,0.0,0.4879088089911765,1742.5363431,1426.76500605,799.4329797
2024-09-27T13:00,3600,0.9563647735294117,1.3499094075999998,0.9563647735294117,0.0,0.0,0.39354463407058804,1648.17206943,1349.9094076,754.93817648
2024-09-27T14:00,3600,0.8789696294117646,1.04227787109,0.8789696294117646,0.0,0.0,0.16330824167823543,1271.8456517,1042.27787109,571.17997403
2024-09-27T15:00,3600,0.810410805882353,0.76243514108,0.76243514108,0.047975664802353046,0.0,0.0,931.41757897,762.43514108,411.27474554
2024-09-27T16:00,3600,0.7346144676470588,0.49318163085999994,0.49318163085999994,0.2414328367870589,0.0,0.0,605.55625661,493.18163086,263.01803686
2024-09-27T17:00,3600,0.6545096117647057,0.15161218775,0.15161218775,0.5028974240147057,0.0,0.0,194.51392482,151.61218775,82.96063544
2024-09-27T18:00,3600,0.0,0.0,0.0,0.0,0.0,0.0,4.6367305,0.0,1.93640388
2024-09-27T19:00,3600,0.0,0.0,0.0,0.0,0.0,0.0,0.0,0.0,0.0
2024-09-27T20:00,3600,0.0,0.0,0.0,0.0,0.0,0.0,0.0,0.0,0.0
2024-09-27T21:00,3600,0.0,0.0,0.0,0.0,0.0,0.0,0.0,0.0,0.0
2024-09-27T22:00,3600,0.0,0.0,0.0,0.0,0.0,0.0,0.0,0.0,0.0
2024-09-27T23:00,3600,0.0,0.0,0.0,0.0,0.0,0.0,0.0,0.0,0.0
2024-09-28T00:00,3600,0.0,0.0,0.0,0.0,0.0,0.0,0.0,0.0,0.0
2024-09-28T01:00,3600,0.0,0.0,0.0,0.0,0.0,0.0,0.0,0.0,0.0
2024-09-28T02:00,3600,0.0,0.0,0.0,0.0,0.0,0.0,0.0,0.0,0.0
2024-09-28T03:00,3600,0.0,0.0,0.0,0.0,0.0,0.0,0.0,0.0,0.0
2024-09-28T04:00,3600,0.0,0.0,0.0,0.0,0.0,0.0,0.0,0.0,0.0
2024-09-28T05:00,3600,0.0,0.0,0.0,0.0,0.0,0.0,0.0,0.0,0.0
2024-09-28T06:00,3600,0.0,0.018244367509999998,0.0,0.0,0.0,0.018244367509999998,34.7202761,18.24436751,14.41094305
2024-09-28T07:00,3600,0.0,0.28027397608000004,0.0,0.0,0.0,0.28027397608000004,349.04033237,280.27397608,146.89841157
2024-09-28T08:00,3600,0.0,0.57884513409,0.0,0.0,0.0,0.57884513409,709.05195507,578.84513409,303.98145767
2024-09-28T09:00,3600,0.0,0.9326311826700001,0.0,0.0,0.0,0.9326311826700001,1138.24624844,932.63118267,498.64231169
2024-09-28T10:00,3600,0.0,1.03438813255,0.0,0.0,0.0,1.03438813255,1262.2230981,1034.38813255,564.93808767
2024-09-28T11:00,3600,0.0,1.13716723775,0.0,0.0,0.0,1.13716723775,1387.68855771,1137.16723775,626.81565219
2024-09-28T12:00,3600,0.0,1.3487243662900001,0.0,0.0,0.0,1.3487243662900001,1646.71815196,1348.72436629,756.18606477
2024-09-28T13:00,3600,0.0,1.0851517742999999,0.0,0.0,0.0,1.0851517742999999,1324.16111748,1085.1517743,602.6536104
2024-09-28T14:00,3600,0.0,1.01150257054,0.0,0.0,0.0,1.01150257054,1234.31935127,1011.50257054,558.59585648
2024-09-28T15:00,3600,0.0,0.87659136638,0.0,0.0,0.0,0.87659136638,1070.0712596,876.59136638,480.34194466
2024-09-28T16:00,3600,0.0,0.51744893728,0.0,0.0,0.0,0.51744893728,634.85842519,517.44893728,277.71399528
2024-09-28T17:00,3600,0.0,0.1300644818,0.0,0.0,0.0,0.1300644818,168.67024301,130.0644818,71.77967715
2024-09-28T18:00,3600,0.0,0.0,0.0,0.0,0.0,0.0,4.64001061,0.0,1.93640388
2024-09-28T19:00,3600,0.0,0.0,0.0,0.0,0.0,0.0,0.0,0.0,0.0
2024-09-28T20:00,3600,0.0,0.0,0.0,0.0,0.0,0.0,0.0,0.0,0.0
2024-09-28T21:00,3600,0.0,0.0,0.0,0.0,0.0,0.0,0.0,0.0,0.0
2024-09-28T22:00,3600,0.0,0.0,0.0,0.0,0.0,0.0,0.0,0.0,0.0
2024-09-28T23:00,3600,0.0,0.0,0.0,0.0,0.0,0.0,0.0,0.0,0.0
2024-09-29T00:00,3600,0.0,0.0,0.0,0.0,0.0,0.0,0.0,0.0,0.0
2024-09-29T01:00,3600,0.0,0.0,0.0,0.0,0.0,0.0,0.0,0.0,0.0
2024-09-29T02:00,3600,0.0,0.0,0.0,0.0,0.0,0.0,0.0,0.0,0.0
2024-09-29T03:00,3600,0.0,0.0,0.0,0.0,0.0,0.0,0.0,0.0,0.0
2024-09-29T04:00,3600,0.0,0.0,0.0,0.0,0.0,0.0,0.0,0.0,0.0
2024-09-29T05:00,3600,0.0,0.0,0.0,0.0,0.0,0.0,0.0,0.0,0.0
2024-09-29T06:00,3600,0.0,0.011262229919999998,0.0,0.0,0.0,0.011262229919999998,26.36541874,11.26222992,10.93559846
2024-09-29T07:00,3600,0.0,0.22766832147,0.0,0.0,0.0,0.22766832147,285.81524014,227.66832147,119.84894847
2024-09-29T08:00,3600,0.0,0.56821087243,0.0,0.0,0.0,0.56821087243,696.19502398,568.21087243,297.4643208
2024-09-29T09:00,3600,0.0,1.01728949834,0.0,0.0,0.0,1.01728949834,1241.37405176,1017.28949834,546.1446834
2024-09-29T10:00,3600,0.0,1.2426068509200001,0.0,0.0,0.0,1.2426068509200001,1516.65732319,1242.60685092,690.75691169
2024-09-29T11:00,3600,0.0,1.4557337450899999,0.0,0.0,0.0,1.4557337450899999,1778.14077284,1455.73374509,820.81888072
2024-09-29T12:00,3600,0.0,1.44510347731,0.0,0.0,0.0,1.44510347731,1765.07318592,1445.10347731,814.07097031
2024-09-29T13:00,3600,0.0,1.30202643676,0.0,0.0,0.0,1.30202643676,1589.45116572,1302.02643676,731.08401236
2024-09-29T14:00,3600,0.0,1.20939749809,0.0,0.0,0.0,1.20939749809,1476.00919409,1209.39749809,673.81708523
2024-09-29T15:00,3600,0.0,0.9195205205900001,0.0,0.0,0.0,0.9195205205900001,1122.29006433,919.52052059,502.86256513
2024-09-29T16:00,3600,0.0,0.55366169294,0.0,0.0,0.0,0.55366169294,678.60904648,553.66169294,297.09168717
2024-09-29T17:00,3600,0.0,0.18186202195,0.0,0.0,0.0,0.18186202195,230.81194086,181.86202195,98.85074125
2024-09-29T18:00,3600,0.0,0.0,0.0,0.0,0.0,0.0,4.6251872,0.0,1.93640388
2024-09-29T19:00,3600,0.0,0.0,0.0,0.0,0.0,0.0,0.0,0.0,0.0
2024-09-29T20:00,3600,0.0,0.0,0.0,0.0,0.0,0.0,0.0,0.0,0.0
2024-09-29T21:00,3600,0.0,0.0,0.0,0.0,0.0,0.0,0.0,0.0,0.0
2024-09-29T22:00,3600,0.0,0.0,0.0,0.0,0.0,0.0,0.0,0.0,0.0
2024-09-29T23:00,3600,0.0,0.0,0.0,0.0,0.0,0.0,0.0,0.0,0.0
2024-09-30T00:00,3600,0.0,0.0,0.0,0.0,0.0,0.0,0.0,0.0,0.0
2024-09-30T01:00,3600,0.0,0.0,0.0,0.0,0.0,0.0,0.0,0.0,0.0
2024-09-30T02:00,3600,0.0,0.0,0.0,0.0,0.0,0.0,0.0,0.0,0.0
2024-09-30T03:00,3600,0.0,0.0,0.0,0.0,0.0,0.0,0.0,0.0,0.0
2024-09-30T04:00,3600,0.0,0.0,0.0,0.0,0.0,0.0,0.0,0.0,0.0
2024-09-30T05:00,3600,0.0,0.0,0.0,0.0,0.0,0.0,0.0,0.0,0.0
2024-09-30T06:00,3600,0.0,0.02374975292,0.0,0.0,0.0,0.02374975292,41.30879673,23.74975292,17.17413532
2024-09-30T07:00,3600,0.0,0.36496476518,0.0,0.0,0.0,0.36496476518,450.95659144,364.96476518,190.97166157
2024-09-30T08:00,3600,1.0870588235294116,0.7932620813700001,0.7932620813700001,0.29379674215941154,0.0,0.0,968.83050422,793.26208137,420.78222143
2024-09-30T09:00,3600,1.0870588235294116,1.1945896944,1.0870588235294116,0.0,0.0,0.10753087087058844,1457.89280831,1194.5896944,649.56104047
2024-09-30T10:00,3600,1.0613835294117648,1.44308817457,1.0613835294117648,0.0,0.0,0.3817046451582351,1762.59611439,1443.08817457,807.21830979
2024-09-30T11:00,3600,1.058898823529412,1.6291907714399998,1.058898823529412,0.0,0.0,0.5702919479105879,1991.74792814,1629.19077144,920.46394618
2024-09-30T12:00,3600,1.0576564705882354,1.6378997922599998,1.0576564705882354,0.0,0.0,0.5802433216717644,2002.49176411,1637.89979226,924.84989887
2024-09-30T13:00,3600,1.0348791701049156,1.31391656994,1.0348791701049156,0.0,0.0,0.27903739983508435,1604.02750262,1313.91656994,732.35630365
2024-09-30T14:00,3600,1.0365364705882352,1.34208242492,1.0365364705882352,0.0,0.0,0.3055459543317649,1638.56982099,1342.08242492,748.41220676
2024-09-30T15:00,3600,1.0377788235294119,1.02437723813,1.02437723813,0.01340158539941183,0.0,0.0,1250.01559484,1024.37723813,560.35027982
2024-09-30T16:00,3600,1.0477176470588236,0.5670678621599999,0.5670678621599999,0.4806497848988237,0.0,0.0,694.81326463,567.06786216,303.32857149
2024-09-30T17:00,3600,1.0464752941176472,0.19997385388000002,0.19997385388000002,0.8465014402376472,0.0,0.0,252.55473088,199.97385388,108.37859315
2024-09-30T18:00,3600,0.0,0.0,0.0,0.0,0.0,0.0,4.62192157,0.0,1.93640388
2024-09-30T19:00,3600,0.0,0.0,0.0,0.0,0.0,0.0,0.0,0.0,0.0
2024-09-30T20:00,3600,0.0,0.0,0.0,0.0,0.0,0.0,0.0,0.0,0.0
2024-09-30T21:00,3600,0.0,0.0,0.0,0.0,0.0,0.0,0.0,0.0,0.0
2024-09-30T22:00,3600,0.0,0.0,0.0,0.0,0.0,0.0,0.0,0.0,0.0
2024-09-30T23:00,3600,0.0,0.0,0.0,0.0,0.0,0.0,0.0,0.0,0.0
2024-10-01T00:00,3600,0.0,0.0,0.0,0.0,0.0,0.0,0.0,0.0,0.0
2024-10-01T01:00,3600,0.0,0.0,0.0,0.0,0.0,0.0,0.0,0.0,0.0
2024-10-01T02:00,3600,0.0,0.0,0.0,0.0,0.0,0.0,0.0,0.0,0.0
2024-10-01T03:00,3600,0.0,0.0,0.0,0.0,0.0,0.0,0.0,0.0,0.0
2024-10-01T04:00,3600,0.0,0.0,0.0,0.0,0.0,0.0,0.0,0.0,0.0
2024-10-01T05:00,3600,0.0,0.0,0.0,0.0,0.0,0.0,0.0,0.0,0.0
2024-10-01T06:00,3600,0.0,0.024999055960000002,0.0,0.0,0.0,0.024999055960000002,42.80398122,24.99905596,17.90921061
2024-10-01T07:00,3600,0.0,0.37966449455999995,0.0,0.0,0.0,0.37966449455999995,468.66239542,379.66449456,199.1075193
2024-10-01T08:00,3600,1.0393979356655718,0.8152770804399999,0.8152770804399999,0.2241208552255719,0.0,0.0,995.56214751,815.27708044,430.92603017
2024-10-01T09:00,3600,1.0394913375797687,1.2074152526099997,1.0394913375797687,0.0,0.0,0.16792391503023096,1473.58374848,1207.41525261,648.19151881
2024-10-01T10:00,3600,1.0304455872089657,1.49664413427,1.0304455872089657,0.0,0.0,0.46619854706103436,1828.45614975,1496.64413427,820.43960042
2024-10-01T11:00,3600,1.0329810387836826,1.61835869946,1.0329810387836826,0.0,0.0,0.5853776606763175,1978.38753618,1618.35869946,890.52325716
2024-10-01T12:00,3600,1.0380496696773664,1.50989237048,1.0380496696773664,0.0,0.0,0.4718427008026336,1844.75857601,1509.89237048,825.3968652
2024-10-01T13:00,3600,1.013493576798807,1.54910799066,1.013493576798807,0.0,0.0,0.5356144138611931,1893.03927064,1549.10799066,848.03185785
2024-10-01T14:00,3600,1.0140626659433654,1.3715099865,1.0140626659433654,0.0,0.0,0.35744732055663464,1674.67944372,1371.5099865,744.37917025
2024-10-01T15:00,3600,1.0117570753734262,1.02711078819,1.0117570753734262,0.0,0.0,0.015353712816573717,1253.34871537,1027.11078819,548.67138817
2024-10-01T16:00,3600,0.9831952737087384,0.60827632052,0.60827632052,0.37491895318873836,0.0,0.0,744.64786308,608.27632052,318.40642071
2024-10-01T17:00,3600,0.976728030875992,0.19883801903,0.19883801903,0.777890011845992,0.0,0.0,251.19097741,198.83801903,105.69242544
2024-10-01T18:00,3600,0.0,0.0,0.0,0.0,0.0,0.0,2.34089007,0.0,0.96820194
2024-10-01T19:00,3600,0.0,0.0,0.0,0.0,0.0,0.0,0.0,0.0,0.0
2024-10-01T20:00,3600,0.0,0.0,0.0,0.0,0.0,0.0,0.0,0.0,0.0
2024-10-01T21:00,3600,0.0,0.0,0.0,0.0,0.0,0.0,0.0,0.0,0.0
2024-10-01T22:00,3600,0.0,0.0,0.0,0.0,0.0,0.0,0.0,0.0,0.0
2024-10-01T23:00,3600,0.0,0.0,0.0,0.0,0.0,0.0,0.0,0.0,0.0
2024-10-02T00:00,3600,0.0,0.0,0.0,0.0,0.0,0.0,0.0,0.0,0.0
2024-10-02T01:00,3600,0.0,0.0,0.0,0.0,0.0,0.0,0.0,0.0,0.0
2024-10-02T02:00,3600,0.0,0.0,0.0,0.0,0.0,0.0,0.0,0.0,0.0
2024-10-02T03:00,3600,0.0,0.0,0.0,0.0,0.0,0.0,0.0,0.0,0.0
2024-10-02T04:00,3600,0.0,0.0,0.0,0.0,0.0,0.0,0.0,0.0,0.0
2024-10-02T05:00,3600,0.0,0.0,0.0,0.0,0.0,0.0,0.0,0.0,0.0
2024-10-02T06:00,3600,0.0,0.02173142896,0.0,0.0,0.0,0.02173142896,38.89330867,21.73142896,15.8820755
2024-10-02T07:00,3600,0.0,0.35931384847,0.0,0.0,0.0,0.35931384847,444.15135172,359.31384847,183.80323765
2024-10-02T08:00,3600,0.824370718908555,0.80326926727,0.80326926727,0.021101451638554924,0.0,0.0,980.9803258,803.26926727,413.48163545
2024-10-02T09:00,3600,0.815294117647059,1.2118142888299999,0.815294117647059,0.0,0.0,0.3965201711829409,1478.96646696,1211.81428883,632.72898025
2024-10-02T10:00,3600,0.8248326111165744,1.50991430121,0.8248326111165744,0.0,0.0,0.6850816900934257,1844.78556602,1509.91430121,807.30350108
2024-10-02T11:00,3600,0.8199447640006405,1.6340973068599998,0.8199447640006405,0.0,0.0,0.8141525428593592,1997.8006253,1634.09730686,880.16553794
2024-10-02T12:00,3600,0.7192329602316057,1.75630425519,0.7192329602316057,0.0,0.0,1.0370712949583945,2148.7414826,1756.30425519,953.35349399
2024-10-02T13:00,3600,0.6352184926975428,1.64125641427,0.6352184926975428,0.0,0.0,1.006037921572457,2006.63312768,1641.25641427,893.48242825
2024-10-02T14:00,3600,0.5787283130452625,1.38874581231,0.5787283130452625,0.0,0.0,0.8100174992647375,1695.83846187,1388.74581231,747.18574691
2024-10-02T15:00,3600,0.4924079926715119,1.0232262743799998,0.4924079926715119,0.0,0.0,0.5308182817084879,1248.6122331,1023.22627438,541.36090319
2024-10-02T16:00,3600,0.38043867377801643,0.60150395689,0.38043867377801643,0.0,0.0,0.2210652831119836,736.45521291,601.50395689,313.51164353
2024-10-02T17:00,3600,0.29265545370817436,0.18428276782,0.18428276782,0.10837268588817436,0.0,0.0,233.71756506,184.28276782,97.85349833
2024-10-02T18:00,3600,0.0,0.0,0.0,0.0,0.0,0.0,2.34746017,0.0,0.96820194
2024-10-02T19:00,3600,0.0,0.0,0.0,0.0,0.0,0.0,0.0,0.0,0.0
2024-10-02T20:00,3600,0.0,0.0,0.0,0.0,0.0,0.0,0.0,0.0,0.0
2024-10-02T21:00,3600,0.0,0.0,0.0,0.0,0.0,0.0,0.0,0.0,0.0
2024-10-02T22:00,3600,0.0,0.0,0.0,0.0,0.0,0.0,0.0,0.0,0.0
2024-10-02T23:00,3600,0.0,0.0,0.0,0.0,0.0,0.0,0.0,0.0,0.0
2024-10-03T00:00,3600,0.0,0.0,0.0,0.0,0.0,0.0,0.0,0.0,0.0
2024-10-03T01:00,3600,0.0,0.0,0.0,0.0,0.0,0.0,0.0,0.0,0.0
2024-10-03T02:00,3600,0.0,0.0,0.0,0.0,0.0,0.0,0.0,0.0,0.0
2024-10-03T03:00,3600,0.0,0.0,0.0,0.0,0.0,0.0,0.0,0.0,0.0
2024-10-03T04:00,3600,0.0,0.0,0.0,0.0,0.0,0.0,0.0,0.0,0.0
2024-10-03T05:00,3600,0.0,0.0,0.0,0.0,0.0,0.0,0.0,0.0,0.0
2024-10-03T06:00,3600,0.0,0.02592060002,0.0,0.0,0.0,0.02592060002,43.90692075,25.92060002,17.94780175
2024-10-03T07:00,3600,0.0,0.40006684371,0.0,0.0,0.0,0.40006684371,493.24498525,400.06684371,204.82023473
2024-10-03T08:00,3600,0.0,0.8373048307,0.0,0.0,0.0,0.8373048307,1022.3203612,837.3048307,432.42516591
2024-10-03T09:00,3600,0.0,1.2571410351399999,0.0,0.0,0.0,1.2571410351399999,1534.45523527,1257.14103514,658.85362638
2024-10-03T10:00,3600,0.815294117647059,1.5123726658600003,0.815294117647059,0.0,0.0,0.6970785482129414,1847.81113158,1512.37266586,811.31820448
2024-10-03T11:00,3600,0.5919798328693485,1.73409618598,0.5919798328693485,0.0,0.0,1.1421163531106515,2121.28502596,1734.09618598,941.75870596
2024-10-03T12:00,3600,0.5884632470588235,1.7599432948599998,0.5884632470588235,0.0,0.0,1.1714800478011762,2153.24166332,1759.94329486,959.16434764
2024-10-03T13:00,3600,0.6077868294117647,1.63772654952,0.6077868294117647,0.0,0.0,1.0299397201082354,2002.27802644,1637.72654952,893.49959307
2024-10-03T14:00,3600,0.5594228617647059,1.4341060016599998,0.5594228617647059,0.0,0.0,0.8746831398952939,1751.55701511,1434.10600166,774.81219197
2024-10-03T15:00,3600,0.4765037441176471,1.08630738959,0.4765037441176471,0.0,0.0,0.6098036454723528,1325.5718089,1086.30738959,577.95690471
2024-10-03T16:00,3600,0.37172432647058823,0.6516025735400001,0.37172432647058823,0.0,0.0,0.27987824706941183,797.08494685,651.60257354,341.0441752
2024-10-03T17:00,3600,0.27138976470588233,0.19854785009,0.19854785009,0.07284191461588232,0.0,0.0,250.84258724,198.54785009,105.27091994
2024-10-03T18:00,3600,0.0,0.0,0.0,0.0,0.0,0.0,2.35981259,0.0,0.96820194
2024-10-03T19:00,3600,0.0,0.0,0.0,0.0,0.0,0.0,0.0,0.0,0.0
2024-10-03T20:00,3600,0.0,0.0,0.0,0.0,0.0,0.0,0.0,0.0,0.0
2024-10-03T21:00,3600,0.0,0.0,0.0,0.0,0.0,0.0,0.0,0.0,0.0
2024-10-03T22:00,3600,0.0,0.0,0.0,0.0,0.0,0.0,0.0,0.0,0.0
2024-10-03T23:00,3600,0.0,0.0,0.0,0.0,0.0,0.0,0.0,0.0,0.0
2024-10-04T00:00,3600,0.0,0.0,0.0,0.0,0.0,0.0,0.0,0.0,0.0
2024-10-04T01:00,3600,0.0,0.0,0.0,0.0,0.0,0.0,0.0,0.0,0.0
2024-10-04T02:00,3600,0.0,0.0,0.0,0.0,0.0,0.0,0.0,0.0,0.0
2024-10-04T03:00,3600,0.0,0.0,0.0,0.0,0.0,0.0,0.0,0.0,0.0
2024-10-04T04:00,3600,0.0,0.0,0.0,0.0,0.0,0.0,0.0,0.0,0.0
2024-10-04T05:00,3600,0.0,0.0,0.0,0.0,0.0,0.0,0.0,0.0,0.0
2024-10-04T06:00,3600,0.0,0.010336355129999999,0.0,0.0,0.0,0.010336355129999999,25.25759281,10.33635513,10.33128135
2024-10-04T07:00,3600,0.0,0.18648934559,0.0,0.0,0.0,0.18648934559,236.36623567,186.48934559,97.3338559
2024-10-04T08:00,3600,0.0,0.57919383897,0.0,0.0,0.0,0.57919383897,709.47358602,579.19383897,296.71375256
2024-10-04T09:00,3600,0.0,1.20405533873,0.0,0.0,0.0,1.20405533873,1469.47281841,1204.05533873,632.36809466
2024-10-04T10:00,3600,0.5335557776506864,1.48216463979,0.5335557776506864,0.0,0.0,0.9486088621393135,1810.64338686,1482.16463979,801.57149271
2024-10-04T11:00,3600,0.5703088294117645,1.6955182397399997,0.5703088294117645,0.0,0.0,1.1252094103282353,2073.61827596,1695.51823974,929.97190384
2024-10-04T12:00,3600,0.5772573588235294,1.7206888944,0.5772573588235294,0.0,0.0,1.1434315355764708,2104.71497055,1720.6888944,945.58434814
2024-10-04T13:00,3600,0.6360829189931447,1.5901748764199999,0.6360829189931447,0.0,0.0,0.9540919574268552,1943.63846567,1590.17487642,876.49664037
2024-10-04T14:00,3600,0.5841132964502422,1.38417915577,0.5841132964502422,0.0,0.0,0.8000658593197578,1690.23166704,1384.17915577,754.14333717
2024-10-04T15:00,3600,0.5067298834967808,1.04416950425,0.5067298834967808,0.0,0.0,0.5374396207532193,1274.15295646,1044.16950425,558.38890292
2024-10-04T16:00,3600,0.42433761197286635,0.62043501813,0.42433761197286635,0.0,0.0,0.19609740615713367,759.35905876,620.43501813,325.61600747
2024-10-04T17:00,3600,0.34181120499456086,0.18402232698,0.18402232698,0.15778887801456085,0.0,0.0,233.40495139,184.02232698,98.09304622
2024-10-04T18:00,3600,0.0,0.0,0.0,0.0,0.0,0.0,2.35568626,0.0,0.96820194
2024-10-04T19:00,3600,0.0,0.0,0.0,0.0,0.0,0.0,0.0,0.0,0.0
2024-10-04T20:00,3600,0.0,0.0,0.0,0.0,0.0,0.0,0.0,0.0,0.0
2024-10-04T21:00,3600,0.0,0.0,0.0,0.0,0.0,0.0,0.0,0.0,0.0
2024-10-04T22:00,3600,0.0,0.0,0.0,0.0,0.0,0.0,0.0,0.0,0.0
2024-10-04T23:00,3600,0.0,0.0,0.0,0.0,0.0,0.0,0.0,0.0,0.0
2024-10-05T00:00,3600,0.0,0.0,0.0,0.0,0.0,0.0,0.0,0.0,0.0
2024-10-05T01:00,3600,0.0,0.0,0.0,0.0,0.0,0.0,0.0,0.0,0.0
2024-10-05T02:00,3600,0.0,0.0,0.0,0.0,0.0,0.0,0.0,0.0,0.0
2024-10-05T03:00,3600,0.0,0.0,0.0,0.0,0.0,0.0,0.0,0.0,0.0
2024-10-05T04:00,3600,0.0,0.0,0.0,0.0,0.0,0.0,0.0,0.0,0.0
2024-10-05T05:00,3600,0.0,0.0,0.0,0.0,0.0,0.0,0.0,0.0,0.0
2024-10-05T06:00,3600,0.0,0.013004634780000001,0.0,0.0,0.0,0.013004634780000001,28.45028848,13.00463478,11.67580614
2024-10-05T07:00,3600,0.0,0.26625262007999995,0.0,0.0,0.0,0.26625262007999995,332.18250958,266.25262008,137.67248125
2024-10-05T08:00,3600,0.0,0.5549994183600001,0.0,0.0,0.0,0.5549994183600001,680.22579143,554.99941836,285.0656488
2024-10-05T09:00,3600,0.0,0.8643902703799999,0.0,0.0,0.0,0.8643902703799999,1055.2376269,864.39027038,447.928896
2024-10-05T10:00,3600,0.0,0.9969896145500001,0.0,0.0,0.0,0.9969896145500001,1216.63036974,996.98961455,527.89474921
2024-10-05T11:00,3600,0.0,1.3640684064600002,0.0,0.0,0.0,1.3640684064600002,1665.54618936,1364.06840646,736.70389863
2024-10-05T12:00,3600,0.0,1.5330177616,0.0,0.0,0.0,1.5330177616,1873.22519754,1533.0177616,836.89164871
2024-10-05T13:00,3600,0.0,1.5237020444499998,0.0,0.0,0.0,1.5237020444499998,1861.75631488,1523.70204445,840.87500773
2024-10-05T14:00,3600,0.0,1.3051773825000001,0.0,0.0,0.0,1.3051773825000001,1593.31364546,1305.1773825,711.28863604
2024-10-05T15:00,3600,0.0,0.9673092616300001,0.0,0.0,0.0,0.9673092616300001,1180.46988831,967.30926163,517.5810652
2024-10-05T16:00,3600,0.0,0.5914037375,0.0,0.0,0.0,0.5914037375,724.23871989,591.4037375,311.56903725
2024-10-05T17:00,3600,0.0,0.16642216386000003,0.0,0.0,0.0,0.16642216386000003,212.28250186,166.42216386,89.58456986
2024-10-05T18:00,3600,0.0,0.0,0.0,0.0,0.0,0.0,0.0,0.0,0.0
2024-10-05T19:00,3600,0.0,0.0,0.0,0.0,0.0,0.0,0.0,0.0,0.0
2024-10-05T20:00,3600,0.0,0.0,0.0,0.0,0.0,0.0,0.0,0.0,0.0
2024-10-05T21:00,3600,0.0,0.0,0.0,0.0,0.0,0.0,0.0,0.0,0.0
2024-10-05T22:00,3600,0.0,0.0,0.0,0.0,0.0,0.0,0.0,0.0,0.0
2024-10-05T23:00,3600,0.0,0.0,0.0,0.0,0.0,0.0,0.0,0.0,0.0
2024-10-06T00:00,3600,0.0,0.0,0.0,0.0,0.0,0.0,0.0,0.0,0.0
2024-10-06T01:00,3600,0.0,0.0,0.0,0.0,0.0,0.0,0.0,0.0,0.0
2024-10-06T02:00,3600,0.0,0.0,0.0,0.0,0.0,0.0,0.0,0.0,0.0
2024-10-06T03:00,3600,0.0,0.0,0.0,0.0,0.0,0.0,0.0,0.0,0.0
2024-10-06T04:00,3600,0.0,0.0,0.0,0.0,0.0,0.0,0.0,0.0,0.0
2024-10-06T05:00,3600,0.0,0.0,0.0,0.0,0.0,0.0,0.0,0.0,0.0
2024-10-06T06:00,3600,0.0,0.0070718629500000005,0.0,0.0,0.0,0.0070718629500000005,21.35171836,7.07186295,8.82218306
2024-10-06T07:00,3600,0.0,0.20190809793,0.0,0.0,0.0,0.20190809793,254.87716933,201.90809793,106.17444001
2024-10-06T08:00,3600,0.0,0.43361949009,0.0,0.0,0.0,0.43361949009,533.69245709,433.61949009,224.52177332
2024-10-06T09:00,3600,0.0,0.86513470775,0.0,0.0,0.0,0.86513470775,1056.14258804,865.13470775,453.5421146
2024-10-06T10:00,3600,0.0,1.2100924518100002,0.0,0.0,0.0,1.2100924518100002,1476.85955069,1210.09245181,655.71535005
2024-10-06T11:00,3600,0.0,1.4902145936100002,0.0,0.0,0.0,1.4902145936100002,1820.54587466,1490.21459361,822.02010145
2024-10-06T12:00,3600,0.0,1.55540199136,0.0,0.0,0.0,1.55540199136,1900.79160298,1555.40199136,862.92861236
2024-10-06T13:00,3600,0.0,1.3580367420600001,0.0,0.0,0.0,1.3580367420600001,1658.14432126,1358.03674206,752.21127012
2024-10-06T14:00,3600,0.0,1.13642736316,0.0,0.0,0.0,1.13642736316,1386.78449417,1136.42736316,621.36459923
2024-10-06T15:00,3600,0.0,0.75603726032,0.0,0.0,0.0,0.75603726032,923.65554549,756.03726032,404.61253122
2024-10-06T16:00,3600,0.0,0.42042478545,0.0,0.0,0.0,0.42042478545,517.78333411,420.42478545,222.63891706
2024-10-06T17:00,3600,0.0,0.12669859153000002,0.0,0.0,0.0,0.12669859153000002,164.6342164,126.69859153,69.73539937
2024-10-06T18:00,3600,0.0,0.0,0.0,0.0,0.0,0.0,0.0,0.0,0.0
2024-10-06T19:00,3600,0.0,0.0,0.0,0.0,0.0,0.0,0.0,0.0,0.0
2024-10-06T20:00,3600,0.0,0.0,0.0,0.0,0.0,0.0,0.0,0.0,0.0
2024-10-06T21:00,3600,0.0,0.0,0.0,0.0,0.0,0.0,0.0,0.0,0.0
2024-10-06T22:00,3600,0.0,0.0,0.0,0.0,0.0,0.0,0.0,0.0,0.0
2024-10-06T23:00,3600,0.0,0.0,0.0,0.0,0.0,0.0,0.0,0.0,0.0
2024-10-07T00:00,3600,0.0,0.0,0.0,0.0,0.0,0.0,0.0,0.0,0.0
2024-10-07T01:00,3600,0.0,0.0,0.0,0.0,0.0,0.0,0.0,0.0,0.0
2024-10-07T02:00,3600,0.0,0.0,0.0,0.0,0.0,0.0,0.0,0.0,0.0
2024-10-07T03:00,3600,0.0,0.0,0.0,0.0,0.0,0.0,0.0,0.0,0.0
2024-10-07T04:00,3600,0.0,0.0,0.0,0.0,0.0,0.0,0.0,0.0,0.0
2024-10-07T05:00,3600,0.0,0.0,0.0,0.0,0.0,0.0,0.0,0.0,0.0
2024-10-07T06:00,3600,0.0,0.013843611830000001,0.0,0.0,0.0,0.013843611830000001,29.45418782,13.84361183,12.21674483
2024-10-07T07:00,3600,0.0,0.22018248292999998,0.0,0.0,0.0,0.22018248292999998,276.82322376,220.18248293,115.79276641
2024-10-07T08:00,3600,0.9257237260326474,0.55344597103,0.55344597103,0.37227775500264737,0.0,0.0,678.34833357,553.44597103,287.72105111
2024-10-07T09:00,3600,0.9358870426062356,0.98274686048,0.9358870426062356,0.0,0.0,0.046859817873764475,1199.27545031,982.74686048,519.41072047
2024-10-07T10:00,3600,0.935350985451778,1.4537499499700002,0.935350985451778,0.0,0.0,0.5183989645182222,1775.70192778,1453.74994997,797.28573102
2024-10-07T11:00,3600,0.9384560998508209,1.63909391965,0.9384560998508209,0.0,0.0,0.7006378197991792,2003.96503451,1639.09391965,906.59046634
2024-10-07T12:00,3600,0.9479101250587396,1.6689891938,0.9479101250587396,0.0,0.0,0.7210790687412605,2040.85986442,1668.9891938,925.97083041
2024-10-07T13:00,3600,0.9514344089364483,1.5509061098499999,0.9514344089364483,0.0,0.0,0.5994717009135516,1895.25392102,1550.90610985,862.54967753
2024-10-07T14:00,3600,0.9498835243211848,1.34859332024,0.9498835243211848,0.0,0.0,0.39870979591881517,1646.55737468,1348.59332024,741.7955423
2024-10-07T15:00,3600,0.950085052191998,1.00939503719,0.950085052191998,0.0,0.0,0.059309984998002,1231.75030181,1009.39503719,545.00526991
2024-10-07T16:00,3600,0.9505605093551789,0.5879343243399999,0.5879343243399999,0.36262618501517896,0.0,0.0,720.04290066,587.93432434,310.83783418
2024-10-07T17:00,3600,0.9657961711528323,0.16085377271999998,0.16085377271999998,0.8049423984328323,0.0,0.0,205.60114173,160.85377272,87.00394308
2024-10-07T18:00,3600,0.0,0.0,0.0,0.0,0.0,0.0,0.0,0.0,0.0
2024-10-07T19:00,3600,0.0,0.0,0.0,0.0,0.0,0.0,0.0,0.0,0.0
2024-10-07T20:00,3600,0.0,0.0,0.0,0.0,0.0,0.0,0.0,0.0,0.0
2024-10-07T21:00,3600,0.0,0.0,0.0,0.0,0.0,0.0,0.0,0.0,0.0
2024-10-07T22:00,3600,0.0,0.0,0.0,0.0,0.0,0.0,0.0,0.0,0.0
2024-10-07T23:00,3600,0.0,0.0,0.0,0.0,0.0,0.0,0.0,0.0,0.0
2024-10-08T00:00,3600,0.0,0.0,0.0,0.0,0.0,0.0,0.0,0.0,0.0
2024-10-08T01:00,3600,0.0,0.0,0.0,0.0,0.0,0.0,0.0,0.0,0.0
2024-10-08T02:00,3600,0.0,0.0,0.0,0.0,0.0,0.0,0.0,0.0,0.0
2024-10-08T03:00,3600,0.0,0.0,0.0,0.0,0.0,0.0,0.0,0.0,0.0
2024-10-08T04:00,3600,0.0,0.0,0.0,0.0,0.0,0.0,0.0,0.0,0.0
2024-10-08T05:00,3600,0.0,0.0,0.0,0.0,0.0,0.0,0.0,0.0,0.0
2024-10-08T06:00,3600,0.0,0.02311787831,0.0,0.0,0.0,0.02311787831,40.55257279,23.11787831,16.65465218
2024-10-08T07:00,3600,0.0,0.38146265105,0.0,0.0,0.0,0.38146265105,470.82860323,381.46265105,196.5015093
2024-10-08T08:00,3600,0.864028208820454,0.83251135126,0.83251135126,0.03151685756045397,0.0,0.0,1016.49653635,832.51135126,432.93254806
2024-10-08T09:00,3600,0.8623839690578435,1.2246763092300001,0.8623839690578435,0.0,0.0,0.3622923401721566,1494.70719947,1224.67630923,647.14479578
2024-10-08T10:00,3600,0.8912997974719827,1.5153676345599998,0.8912997974719827,0.0,0.0,0.624067837088017,1851.49730226,1515.36763456,822.74435455
2024-10-08T11:00,3600,0.8966310493873443,1.67301556931,0.8966310493873443,0.0,0.0,0.7763845199226557,2045.83059727,1673.01556931,919.69867216
2024-10-08T12:00,3600,0.848599429268577,1.69875721998,0.848599429268577,0.0,0.0,0.8501577907114231,2077.61896945,1698.75721998,937.38394723
2024-10-08T13:00,3600,0.7409170996897533,1.58799185937,0.7409170996897533,0.0,0.0,0.8470747596802467,1940.94772067,1587.99185937,878.2972142
2024-10-08T14:00,3600,0.6778616493560208,1.33092521924,0.6778616493560208,0.0,0.0,0.6530635698839793,1624.88450412,1330.92521924,725.34630813
2024-10-08T15:00,3600,0.5936989242304939,1.00249699372,0.5936989242304939,0.0,0.0,0.40879806948950603,1223.34241476,1002.49699372,536.82218779
2024-10-08T16:00,3600,0.4609637851148613,0.5592374612,0.4609637851148613,0.0,0.0,0.09827367608513865,685.34806116,559.2374612,292.97426586
2024-10-08T17:00,3600,0.37966059765839566,0.14070250805,0.14070250805,0.23895808960839565,0.0,0.0,181.42789997,140.70250805,76.06316423
2024-10-08T18:00,3600,0.0,0.0,0.0,0.0,0.0,0.0,0.0,0.0,0.0
2024-10-08T19:00,3600,0.0,0.0,0.0,0.0,0.0,0.0,0.0,0.0,0.0
2024-10-08T20:00,3600,0.0,0.0,0.0,0.0,0.0,0.0,0.0,0.0,0.0
2024-10-08T21:00,3600,0.0,0.0,0.0,0.0,0.0,0.0,0.0,0.0,0.0
2024-10-08T22:00,3600,0.0,0.0,0.0,0.0,0.0,0.0,0.0,0.0,0.0
2024-10-08T23:00,3600,0.0,0.0,0.0,0.0,0.0,0.0,0.0,0.0,0.0
2024-10-09T00:00,3600,0.0,0.0,0.0,0.0,0.0,0.0,0.0,0.0,0.0
2024-10-09T01:00,3600,0.0,0.0,0.0,0.0,0.0,0.0,0.0,0.0,0.0
2024-10-09T02:00,3600,0.0,0.0,0.0,0.0,0.0,0.0,0.0,0.0,0.0
2024-10-09T03:00,3600,0.0,0.0,0.0,0.0,0.0,0.0,0.0,0.0,0.0
2024-10-09T04:00,3600,0.0,0.0,0.0,0.0,0.0,0.0,0.0,0.0,0.0
2024-10-09T05:00,3600,0.0,0.0,0.0,0.0,0.0,0.0,0.0,0.0,0.0
2024-10-09T06:00,3600,0.0,0.01551458263,0.0,0.0,0.0,0.01551458263,31.45367631,15.51458263,12.864802
2024-10-09T07:00,3600,0.0,0.24368433412999999,0.0,0.0,0.0,0.24368433412999999,305.05789602,243.68433413,126.06400501
2024-10-09T08:00,3600,0.0,0.6102904340699999,0.0,0.0,0.0,0.6102904340699999,747.08457238,610.29043407,313.95835822
2024-10-09T09:00,3600,0.0,1.03476126827,0.0,0.0,0.0,1.03476126827,1262.67815277,1034.76126827,540.71208925
2024-10-09T10:00,3600,0.8204878390368301,1.40250385739,0.8204878390368301,0.0,0.0,0.5820160183531699,1712.73312715,1402.50385739,757.08871028
2024-10-09T11:00,3600,0.6722996211260617,1.6852855099200001,0.6722996211260617,0.0,0.0,1.0129858887939385,2060.98076478,1685.28550992,928.02837726
2024-10-09T12:00,3600,0.68829274213259,1.70715174812,0.68829274213259,0.0,0.0,1.01885900598741,2087.98881888,1707.15174812,945.35426999
2024-10-09T13:00,3600,0.6368138417896713,1.2677577095600001,0.6368138417896713,0.0,0.0,0.6309438677703288,1547.4590691,1267.75770956,688.82891933
2024-10-09T14:00,3600,0.48943816177651117,0.5981260098100001,0.48943816177651117,0.0,0.0,0.10868784803348891,732.3692367,598.12600981,314.44775014
2024-10-09T15:00,3600,0.4580363546336928,0.5103828313500001,0.4580363546336928,0.0,0.0,0.052346476716307266,626.3249129,510.38283135,267.35659562
2024-10-09T16:00,3600,0.3875973337931332,0.25050337161,0.25050337161,0.1370939621831332,0.0,0.0,313.25244451,250.50337161,131.60522466
2024-10-09T17:00,3600,0.34257017930066525,0.054728592910000005,0.054728592910000005,0.28784158639066526,0.0,0.0,78.39481168,54.72859291,32.63043332
2024-10-09T18:00,3600,0.0,0.0,0.0,0.0,0.0,0.0,0.0,0.0,0.0
2024-10-09T19:00,3600,0.0,0.0,0.0,0.0,0.0,0.0,0.0,0.0,0.0
2024-10-09T20:00,3600,0.0,0.0,0.0,0.0,0.0,0.0,0.0,0.0,0.0
2024-10-09T21:00,3600,0.0,0.0,0.0,0.0,0.0,0.0,0.0,0.0,0.0
2024-10-09T22:00,3600,0.0,0.0,0.0,0.0,0.0,0.0,0.0,0.0,0.0
2024-10-09T23:00,3600,0.0,0.0,0.0,0.0,0.0,0.0,0.0,0.0,0.0
2024-10-10T00:00,3600,0.0,0.0,0.0,0.0,0.0,0.0,0.0,0.0,0.0
2024-10-10T01:00,3600,0.0,0.0,0.0,0.0,0.0,0.0,0.0,0.0,0.0
2024-10-10T02:00,3600,0.0,0.0,0.0,0.0,0.0,0.0,0.0,0.0,0.0
2024-10-10T03:00,3600,0.0,0.0,0.0,0.0,0.0,0.0,0.0,0.0,0.0
2024-10-10T04:00,3600,0.0,0.0,0.0,0.0,0.0,0.0,0.0,0.0,0.0
2024-10-10T05:00,3600,0.0,0.0,0.0,0.0,0.0,0.0,0.0,0.0,0.0
2024-10-10T06:00,3600,0.0,0.01003519256,0.0,0.0,0.0,0.01003519256,24.89725039,10.03519256,10.22733391
2024-10-10T07:00,3600,0.0,0.22954117591,0.0,0.0,0.0,0.22954117591,288.0651135,229.54117591,119.43926984
2024-10-10T08:00,3600,0.0,0.53157150313,0.0,0.0,0.0,0.53157150313,651.91716407,531.57150313,273.99858662
2024-10-10T09:00,3600,0.41357585323827795,0.9765618878200001,0.41357585323827795,0.0,0.0,0.5629860345817221,1191.74046535,976.56188782,510.7204
2024-10-10T10:00,3600,0.6127605377699051,1.42217954851,0.6127605377699051,0.0,0.0,0.8094190107400948,1736.90234476,1422.17954851,773.44761029
2024-10-10T11:00,3600,0.6663993798969186,1.61548881839,0.6663993798969186,0.0,0.0,0.9490894384930815,1974.84826522,1615.48881839,890.30298674
2024-10-10T12:00,3600,0.6858202780997892,1.67306345027,0.6858202780997892,0.0,0.0,0.9872431721702107,2045.88971071,1673.06345027,927.019435
2024-10-10T13:00,3600,0.7011368341265756,1.4849499634199999,0.7011368341265756,0.0,0.0,0.7838131292934243,1814.06952223,1484.94996342,820.40273571
2024-10-10T14:00,3600,0.6306114523509823,1.22185798341,0.6306114523509823,0.0,0.0,0.5912465310590178,1491.25775925,1221.85798341,664.55730846
2024-10-10T15:00,3600,0.5307969863242472,0.73830610321,0.5307969863242472,0.0,0.0,0.2075091168857528,902.14863262,738.30610321,391.68838965
2024-10-10T16:00,3600,0.42791788095444744,0.46737593858,0.42791788095444744,0.0,0.0,0.039458057625552545,574.4110277,467.37593858,244.60695117
2024-10-10T17:00,3600,0.3507589895471312,0.0987098797,0.0987098797,0.2520491098471312,0.0,0.0,131.08270247,98.7098797,54.80507009
2024-10-10T18:00,3600,0.0,0.0,0.0,0.0,0.0,0.0,0.0,0.0,0.0
2024-10-10T19:00,3600,0.0,0.0,0.0,0.0,0.0,0.0,0.0,0.0,0.0
2024-10-10T20:00,3600,0.0,0.0,0.0,0.0,0.0,0.0,0.0,0.0,0.0
2024-10-10T21:00,3600,0.0,0.0,0.0,0.0,0.0,0.0,0.0,0.0,0.0
2024-10-10T22:00,3600,0.0,0.0,0.0,0.0,0.0,0.0,0.0,0.0,0.0
2024-10-10T23:00,3600,0.0,0.0,0.0,0.0,0.0,0.0,0.0,0.0,0.0
2024-10-11T00:00,3600,0.0,0.0,0.0,0.0,0.0,0.0,0.0,0.0,0.0
2024-10-11T01:00,3600,0.0,0.0,0.0,0.0,0.0,0.0,0.0,0.0,0.0
2024-10-11T02:00,3600,0.0,0.0,0.0,0.0,0.0,0.0,0.0,0.0,0.0
2024-10-11T03:00,3600,0.0,0.0,0.0,0.0,0.0,0.0,0.0,0.0,0.0
2024-10-11T04:00,3600,0.0,0.0,0.0,0.0,0.0,0.0,0.0,0.0,0.0
2024-10-11T05:00,3600,0.0,0.0,0.0,0.0,0.0,0.0,0.0,0.0,0.0
2024-10-11T06:00,3600,0.0,0.01489776819,0.0,0.0,0.0,0.01489776819,30.71558725,14.89776819,12.58947056
2024-10-11T07:00,3600,0.0,0.34418012288,0.0,0.0,0.0,0.34418012288,425.92973608,344.18012288,177.03375999
2024-10-11T08:00,3600,0.0,0.74120718888,0.0,0.0,0.0,0.74120718888,905.66699935,741.20718888,383.92394638
2024-10-11T09:00,3600,0.0,1.10004258815,0.0,0.0,0.0,1.10004258815,1342.34111834,1100.04258815,579.63505315
2024-10-11T10:00,3600,0.8500832151001287,1.39829764085,0.8500832151001287,0.0,0.0,0.5482144257498713,1707.56748404,1398.29764085,762.74501409
2024-10-11T11:00,3600,0.6474753329507704,1.5477019694999998,0.6474753329507704,0.0,0.0,0.9002266365492294,1891.30760082,1547.7019695,854.68272618
2024-10-11T12:00,3600,0.654384602025684,1.49477967731,0.654384602025684,0.0,0.0,0.8403950752843159,1826.16220398,1494.77967731,825.71528842
2024-10-11T13:00,3600,0.6680888896782313,1.28810180334,0.6680888896782313,0.0,0.0,0.6200129136617687,1572.38492026,1288.10180334,708.36247197
2024-10-11T14:00,3600,0.5820481218061909,0.8905354552,0.5820481218061909,0.0,0.0,0.30848733339380907,1087.02813831,890.5354552,478.91748792
2024-10-11T15:00,3600,0.4982390313460376,0.58694342441,0.4982390313460376,0.0,0.0,0.08870439306396244,718.84458159,586.94342441,310.98520505
2024-10-11T16:00,3600,0.4258206550042173,0.34135130219000004,0.34135130219000004,0.08446935281421725,0.0,0.0,422.52428767,341.35130219,179.88458282
2024-10-11T17:00,3600,0.38291166851895775,0.07984190196,0.07984190196,0.30306976655895773,0.0,0.0,108.47439324,79.84190196,45.50045391
2024-10-11T18:00,3600,0.0,0.0,0.0,0.0,0.0,0.0,0.0,0.0,0.0
2024-10-11T19:00,3600,0.0,0.0,0.0,0.0,0.0,0.0,0.0,0.0,0.0
2024-10-11T20:00,3600,0.0,0.0,0.0,0.0,0.0,0.0,0.0,0.0,0.0
2024-10-11T21:00,3600,0.0,0.0,0.0,0.0,0.0,0.0,0.0,0.0,0.0
2024-10-11T22:00,3600,0.0,0.0,0.0,0.0,0.0,0.0,0.0,0.0,0.0
2024-10-11T23:00,3600,0.0,0.0,0.0,0.0,0.0,0.0,0.0,0.0,0.0
2024-10-12T00:00,3600,0.0,0.0,0.0,0.0,0.0,0.0,0.0,0.0,0.0
2024-10-12T01:00,3600,0.0,0.0,0.0,0.0,0.0,0.0,0.0,0.0,0.0
2024-10-12T02:00,3600,0.0,0.0,0.0,0.0,0.0,0.0,0.0,0.0,0.0
2024-10-12T03:00,3600,0.0,0.0,0.0,0.0,0.0,0.0,0.0,0.0,0.0
2024-10-12T04:00,3600,0.0,0.0,0.0,0.0,0.0,0.0,0.0,0.0,0.0
2024-10-12T05:00,3600,0.0,0.0,0.0,0.0,0.0,0.0,0.0,0.0,0.0
2024-10-12T06:00,3600,0.0,0.01380309973,0.0,0.0,0.0,0.01380309973,29.40571168,13.80309973,12.06187544
2024-10-12T07:00,3600,0.0,0.31722703588,0.0,0.0,0.0,0.31722703588,393.48975667,317.22703588,163.91136167
2024-10-12T08:00,3600,0.0,0.71319669332,0.0,0.0,0.0,0.71319669332,871.7045457,713.19669332,371.38234486
2024-10-12T09:00,3600,0.0,1.12364656499,0.0,0.0,0.0,1.12364656499,1371.16946157,1123.64656499,598.68183323
2024-10-12T10:00,3600,0.0,1.3343573905100001,0.0,0.0,0.0,1.3343573905100001,1629.09405893,1334.35739051,735.70034962
2024-10-12T11:00,3600,0.0,1.30063294793,0.0,0.0,0.0,1.30063294793,1587.7430792,1300.63294793,714.89349561
2024-10-12T12:00,3600,0.0,1.18269772964,0.0,0.0,0.0,1.18269772964,1443.34746996,1182.69772964,645.63107426
2024-10-12T13:00,3600,0.0,1.0684396511699998,0.0,0.0,0.0,1.0684396511699998,1303.76363261,1068.43965117,583.83735655
2024-10-12T14:00,3600,0.0,0.68103533139,0.0,0.0,0.0,0.68103533139,832.73119446,681.03533139,364.11644804
2024-10-12T15:00,3600,0.0,0.60547983211,0.0,0.0,0.0,0.60547983211,741.26477515,605.47983211,322.3936861
2024-10-12T16:00,3600,0.0,0.43624286812,0.0,0.0,0.0,0.43624286812,536.85598129,436.24286812,230.80281922
2024-10-12T17:00,3600,0.0,0.11604859733,0.0,0.0,0.0,0.11604859733,151.86548908,116.04859733,64.1486358
2024-10-12T18:00,3600,0.0,0.0,0.0,0.0,0.0,0.0,0.0,0.0,0.0
2024-10-12T19:00,3600,0.0,0.0,0.0,0.0,0.0,0.0,0.0,0.0,0.0
2024-10-12T20:00,3600,0.0,0.0,0.0,0.0,0.0,0.0,0.0,0.0,0.0
2024-10-12T21:00,3600,0.0,0.0,0.0,0.0,0.0,0.0,0.0,0.0,0.0
2024-10-12T22:00,3600,0.0,0.0,0.0,0.0,0.0,0.0,0.0,0.0,0.0
2024-10-12T23:00,3600,0.0,0.0,0.0,0.0,0.0,0.0,0.0,0.0,0.0
2024-10-13T00:00,3600,0.0,0.0,0.0,0.0,0.0,0.0,0.0,0.0,0.0
2024-10-13T01:00,3600,0.0,0.0,0.0,0.0,0.0,0.0,0.0,0.0,0.0
2024-10-13T02:00,3600,0.0,0.0,0.0,0.0,0.0,0.0,0.0,0.0,0.0
2024-10-13T03:00,3600,0.0,0.0,0.0,0.0,0.0,0.0,0.0,0.0,0.0
2024-10-13T04:00,3600,0.0,0.0,0.0,0.0,0.0,0.0,0.0,0.0,0.0
2024-10-13T05:00,3600,0.0,0.0,0.0,0.0,0.0,0.0,0.0,0.0,0.0
2024-10-13T06:00,3600,0.0,0.019258862900000003,0.0,0.0,0.0,0.019258862900000003,35.93431455,19.2588629,14.71337375
2024-10-13T07:00,3600,0.0,0.36512354784,0.0,0.0,0.0,0.36512354784,451.1478192,365.12354784,188.36409627
2024-10-13T08:00,3600,0.0,0.80786526704,0.0,0.0,0.0,0.80786526704,986.56114016,807.86526704,422.83436505
2024-10-13T09:00,3600,0.0,1.19704693826,0.0,0.0,0.0,1.19704693826,1460.89873201,1197.04693826,642.0973526
2024-10-13T10:00,3600,0.0,1.4390476146399998,0.0,0.0,0.0,1.4390476146399998,1757.63002583,1439.04761464,802.55345571
2024-10-13T11:00,3600,0.0,1.5643442759500001,0.0,0.0,0.0,1.5643442759500001,1911.80745607,1564.34427595,878.85741359
2024-10-13T12:00,3600,0.0,1.53069180904,0.0,0.0,0.0,1.53069180904,1870.36144808,1530.69180904,858.73898546
2024-10-13T13:00,3600,0.0,1.35235884576,0.0,0.0,0.0,1.35235884576,1651.17736991,1352.35884576,755.20337235
2024-10-13T14:00,3600,0.0,1.06475953158,0.0,0.0,0.0,1.06475953158,1299.27284237,1064.75953158,583.9603377
2024-10-13T15:00,3600,0.0,0.78394393747,0.0,0.0,0.0,0.78394393747,957.51931065,783.94393747,423.35116335
2024-10-13T16:00,3600,0.0,0.48102846376999997,0.0,0.0,0.0,0.48102846376999997,590.88657874,481.02846377,255.73239803
2024-10-13T17:00,3600,0.0,0.11972660806999999,0.0,0.0,0.0,0.11972660806999999,156.27492939,119.72660807,66.34167217
2024-10-13T18:00,3600,0.0,0.0,0.0,0.0,0.0,0.0,0.0,0.0,0.0
2024-10-13T19:00,3600,0.0,0.0,0.0,0.0,0.0,0.0,0.0,0.0,0.0
2024-10-13T20:00,3600,0.0,0.0,0.0,0.0,0.0,0.0,0.0,0.0,0.0
2024-10-13T21:00,3600,0.0,0.0,0.0,0.0,0.0,0.0,0.0,0.0,0.0
2024-10-13T22:00,3600,0.0,0.0,0.0,0.0,0.0,0.0,0.0,0.0,0.0
2024-10-13T23:00,3600,0.0,0.0,0.0,0.0,0.0,0.0,0.0,0.0,0.0
2024-10-14T00:00,3600,0.0,0.0,0.0,0.0,0.0,0.0,0.0,0.0,0.0
2024-10-14T01:00,3600,0.0,0.0,0.0,0.0,0.0,0.0,0.0,0.0,0.0
2024-10-14T02:00,3600,0.0,0.0,0.0,0.0,0.0,0.0,0.0,0.0,0.0
2024-10-14T03:00,3600,0.0,0.0,0.0,0.0,0.0,0.0,0.0,0.0,0.0
2024-10-14T04:00,3600,0.0,0.0,0.0,0.0,0.0,0.0,0.0,0.0,0.0
2024-10-14T05:00,3600,0.0,0.0,0.0,0.0,0.0,0.0,0.0,0.0,0.0
2024-10-14T06:00,3600,0.0,0.01728474825,0.0,0.0,0.0,0.01728474825,33.57192819,17.28474825,13.84072671
2024-10-14T07:00,3600,0.0,0.32835129581,0.0,0.0,0.0,0.32835129581,406.87664543,328.35129581,170.65122903
2024-10-14T08:00,3600,1.0641395038237598,0.7916192068300001,0.7916192068300001,0.2725202969937597,0.0,0.0,966.83609277,791.61920683,416.14976664
2024-10-14T09:00,3600,1.0682164157953047,1.1579456615,1.0682164157953047,0.0,0.0,0.0897292457046952,1413.08322226,1157.9456615,624.05060676
2024-10-14T10:00,3600,1.0755266055196921,1.31538936319,1.0755266055196921,0.0,0.0,0.23986275767030785,1605.8332588,1315.38936319,727.21678053
2024-10-14T11:00,3600,1.063942379686871,1.44650093832,1.063942379686871,0.0,0.0,0.38255855863312904,1766.79090538,1446.50093832,807.8497782
2024-10-14T12:00,3600,1.0612256675757712,1.49113012547,1.0612256675757712,0.0,0.0,0.4299044578942288,1821.67219512,1491.13012547,838.40269462
2024-10-14T13:00,3600,1.0341022017058499,1.1960219209,1.0341022017058499,0.0,0.0,0.16191971919415016,1459.64482061,1196.0219209,664.10202925
2024-10-14T14:00,3600,1.0322402371604495,1.07301498129,1.0322402371604495,0.0,0.0,0.04077474412955051,1309.34727168,1073.01498129,590.37811231
2024-10-14T15:00,3600,1.0377180382470517,0.66968531527,0.66968531527,0.3680327229770517,0.0,0.0,818.98277339,669.68531527,359.52756251
2024-10-14T16:00,3600,1.0591914624668881,0.37830096813,0.37830096813,0.6808904943368881,0.0,0.0,467.01982695,378.30096813,200.88740439
2024-10-14T17:00,3600,1.046101545173903,0.06212346547,0.06212346547,0.983978079703903,0.0,0.0,87.25061816,62.12346547,36.95217841
2024-10-14T18:00,3600,0.0,0.0,0.0,0.0,0.0,0.0,0.0,0.0,0.0
2024-10-14T19:00,3600,0.0,0.0,0.0,0.0,0.0,0.0,0.0,0.0,0.0
2024-10-14T20:00,3600,0.0,0.0,0.0,0.0,0.0,0.0,0.0,0.0,0.0
2024-10-14T21:00,3600,0.0,0.0,0.0,0.0,0.0,0.0,0.0,0.0,0.0
2024-10-14T22:00,3600,0.0,0.0,0.0,0.0,0.0,0.0,0.0,0.0,0.0
2024-10-14T23:00,3600,0.0,0.0,0.0,0.0,0.0,0.0,0.0,0.0,0.0
2024-10-15T00:00,3600,0.0,0.0,0.0,0.0,0.0,0.0,0.0,0.0,0.0
2024-10-15T01:00,3600,0.0,0.0,0.0,0.0,0.0,0.0,0.0,0.0,0.0
2024-10-15T02:00,3600,0.0,0.0,0.0,0.0,0.0,0.0,0.0,0.0,0.0
2024-10-15T03:00,3600,0.0,0.0,0.0,0.0,0.0,0.0,0.0,0.0,0.0
2024-10-15T04:00,3600,0.0,0.0,0.0,0.0,0.0,0.0,0.0,0.0,0.0
2024-10-15T05:00,3600,0.0,0.0,0.0,0.0,0.0,0.0,0.0,0.0,0.0
2024-10-15T06:00,3600,0.0,0.013572698510000002,0.0,0.0,0.0,0.013572698510000002,29.13001791,13.57269851,11.99855284
2024-10-15T07:00,3600,0.0,0.35244532900000003,0.0,0.0,0.0,0.35244532900000003,435.88074524,352.445329,182.87880906
2024-10-15T08:00,3600,1.0574872022599546,0.73745196586,0.73745196586,0.3200352363999547,0.0,0.0,901.11279196,737.45196586,387.83717174
2024-10-15T09:00,3600,1.055279846567576,1.02853653264,1.02853653264,0.026743313927575896,0.0,0.0,1255.08724785,1028.53653264,550.90149633
2024-10-15T10:00,3600,0.9710671912794576,1.15693071591,0.9710671912794576,0.0,0.0,0.18586352463054234,1411.84255752,1156.93071591,633.83466032
2024-10-15T11:00,3600,0.7502820041204825,0.9158486321000001,0.7502820041204825,0.0,0.0,0.1655666279795176,1117.8219422,915.8486321,495.13202262
2024-10-15T12:00,3600,0.7983664234728989,1.1455490259899999,0.7983664234728989,0.0,0.0,0.347182602517101,1397.93127681,1145.54902599,628.20604728
2024-10-15T13:00,3600,0.8160528327494324,1.16666882623,0.8160528327494324,0.0,0.0,0.3506159934805676,1423.74736802,1166.66882623,642.98078065
2024-10-15T14:00,3600,0.739176009045606,0.7797910009700001,0.739176009045606,0.0,0.0,0.040614991924394106,952.47874447,779.79100097,420.04530919
2024-10-15T15:00,3600,0.7072248717645533,0.6550532863599999,0.6550532863599999,0.052171585404553356,0.0,0.0,801.2631168,655.05328636,350.77262644
2024-10-15T16:00,3600,0.5935962275378861,0.20750721827000002,0.20750721827000002,0.3860890092678861,0.0,0.0,261.60047469,207.50721827,111.25106617
2024-10-15T17:00,3600,0.5593838292146608,0.07841987785,0.07841987785,0.4809639513646608,0.0,0.0,106.77078793,78.41987785,45.05266757
2024-10-15T18:00,3600,0.0,0.0,0.0,0.0,0.0,0.0,0.0,0.0,0.0
2024-10-15T19:00,3600,0.0,0.0,0.0,0.0,0.0,0.0,0.0,0.0,0.0
2024-10-15T20:00,3600,0.0,0.0,0.0,0.0,0.0,0.0,0.0,0.0,0.0
2024-10-15T21:00,3600,0.0,0.0,0.0,0.0,0.0,0.0,0.0,0.0,0.0
2024-10-15T22:00,3600,0.0,0.0,0.0,0.0,0.0,0.0,0.0,0.0,0.0
2024-10-15T23:00,3600,0.0,0.0,0.0,0.0,0.0,0.0,0.0,0.0,0.0
2024-10-16T00:00,3600,0.0,0.0,0.0,0.0,0.0,0.0,0.0,0.0,0.0
2024-10-16T01:00,3600,0.0,0.0,0.0,0.0,0.0,0.0,0.0,0.0,0.0
2024-10-16T02:00,3600,0.0,0.0,0.0,0.0,0.0,0.0,0.0,0.0,0.0
2024-10-16T03:00,3600,0.0,0.0,0.0,0.0,0.0,0.0,0.0,0.0,0.0
2024-10-16T04:00,3600,0.0,0.0,0.0,0.0,0.0,0.0,0.0,0.0,0.0
2024-10-16T05:00,3600,0.0,0.0,0.0,0.0,0.0,0.0,0.0,0.0,0.0
2024-10-16T06:00,3600,0.0,0.00646926923,0.0,0.0,0.0,0.00646926923,20.63075714,6.46926923,8.51866162
2024-10-16T07:00,3600,0.0,0.28054916154,0.0,0.0,0.0,0.28054916154,349.37123042,280.54916154,146.20951158
2024-10-16T08:00,3600,0.6589242643118012,0.59722161811,0.59722161811,0.061702646201801215,0.0,0.0,731.27532518,597.22161811,311.58621777
2024-10-16T09:00,3600,0.6701397718418701,1.0211957012200001,0.6701397718418701,0.0,0.0,0.35105592937813,1246.13644471,1021.19570122,543.56686691
2024-10-16T10:00,3600,0.7856078034639552,1.11146628532,0.7856078034639552,0.0,0.0,0.3258584818560447,1356.29165276,1111.46628532,601.79371089
2024-10-16T11:00,3600,0.8439134011698127,1.32258888808,0.8439134011698127,0.0,0.0,0.47867548691018735,1614.66115638,1322.58888808,725.41742167
2024-10-16T12:00,3600,0.7642501294117646,0.86160225382,0.7642501294117646,0.0,0.0,0.09735212440823537,1051.84854043,861.60225382,460.81577021
2024-10-16T13:00,3600,0.7612664537939816,0.7933862503799999,0.7612664537939816,0.0,0.0,0.03211979658601827,968.981245,793.38625038,426.30084641
2024-10-16T14:00,3600,0.745843958476957,0.6667337375900001,0.6667337375900001,0.07911022088695685,0.0,0.0,815.40796779,666.73373759,357.12594115
2024-10-16T15:00,3600,0.7321291738243033,0.60872690442,0.60872690442,0.12340226940430332,0.0,0.0,745.1929793,608.72690442,325.50997719
2024-10-16T16:00,3600,0.6076891428892597,0.33748933615,0.33748933615,0.2701998067392597,0.0,0.0,417.87538477,337.48933615,178.47059468
2024-10-16T17:00,3600,0.5542390735294118,0.06386777029,0.06386777029,0.4903713032394118,0.0,0.0,89.33970321,63.86777029,37.45646027
2024-10-16T18:00,3600,0.0,0.0,0.0,0.0,0.0,0.0,0.0,0.0,0.0
2024-10-16T19:00,3600,0.0,0.0,0.0,0.0,0.0,0.0,0.0,0.0,0.0
2024-10-16T20:00,3600,0.0,0.0,0.0,0.0,0.0,0.0,0.0,0.0,0.0
2024-10-16T21:00,3600,0.0,0.0,0.0,0.0,0.0,0.0,0.0,0.0,0.0
2024-10-16T22:00,3600,0.0,0.0,0.0,0.0,0.0,0.0,0.0,0.0,0.0
2024-10-16T23:00,3600,0.0,0.0,0.0,0.0,0.0,0.0,0.0,0.0,0.0
2024-10-17T00:00,3600,0.0,0.0,0.0,0.0,0.0,0.0,0.0,0.0,0.0
2024-10-17T01:00,3600,0.0,0.0,0.0,0.0,0.0,0.0,0.0,0.0,0.0
2024-10-17T02:00,3600,0.0,0.0,0.0,0.0,0.0,0.0,0.0,0.0,0.0
2024-10-17T03:00,3600,0.0,0.0,0.0,0.0,0.0,0.0,0.0,0.0,0.0
2024-10-17T04:00,3600,0.0,0.0,0.0,0.0,0.0,0.0,0.0,0.0,0.0
2024-10-17T05:00,3600,0.0,0.0,0.0,0.0,0.0,0.0,0.0,0.0,0.0
2024-10-17T06:00,3600,0.0,0.00657318112,0.0,0.0,0.0,0.00657318112,20.75507988,6.57318112,8.55212626
2024-10-17T07:00,3600,0.0,0.23361719734,0.0,0.0,0.0,0.23361719734,292.96193524,233.61719734,122.07804929
2024-10-17T08:00,3600,0.5777480706784267,0.6332381398899999,0.5777480706784267,0.0,0.0,0.05549006921157318,774.85357634,633.23813989,330.38711261
2024-10-17T09:00,3600,0.666073806570885,1.04207065241,0.666073806570885,0.0,0.0,0.3759968458391151,1271.59290337,1042.07065241,555.83947418
2024-10-17T10:00,3600,0.8466801843730059,1.37187725119,0.8466801843730059,0.0,0.0,0.5251970668169941,1675.13023153,1371.87725119,755.43051696
2024-10-17T11:00,3600,0.8614881774639479,1.44650048218,0.8614881774639479,0.0,0.0,0.5850123047160521,1766.79034471,1446.50048218,797.0497471
2024-10-17T12:00,3600,0.8646672693990975,1.4467106143399997,0.8646672693990975,0.0,0.0,0.5820433449409022,1767.0486372,1446.71061434,797.26416533
2024-10-17T13:00,3600,0.8176886324112387,1.14622938268,0.8176886324112387,0.0,0.0,0.3285407502687614,1398.76275858,1146.22938268,624.59498073
2024-10-17T14:00,3600,0.7478882585975944,0.8799003778400001,0.7478882585975944,0.0,0.0,0.13201211924240563,1074.0948195,879.90037784,473.79282122
2024-10-17T15:00,3600,0.7145746285211939,0.73049311438,0.7145746285211939,0.0,0.0,0.015918485858806064,892.67418067,730.49311438,391.30866287
2024-10-17T16:00,3600,0.5816792167469025,0.23154496583,0.23154496583,0.3501342509169025,0.0,0.0,290.4723665,231.54496583,123.5693733
2024-10-17T17:00,3600,0.5491907709335043,0.05454417703,0.05454417703,0.4946465939035043,0.0,0.0,78.17397784,54.54417703,32.92368155
2024-10-17T18:00,3600,0.0,0.0,0.0,0.0,0.0,0.0,0.0,0.0,0.0
2024-10-17T19:00,3600,0.0,0.0,0.0,0.0,0.0,0.0,0.0,0.0,0.0
2024-10-17T20:00,3600,0.0,0.0,0.0,0.0,0.0,0.0,0.0,0.0,0.0
2024-10-17T21:00,3600,0.0,0.0,0.0,0.0,0.0,0.0,0.0,0.0,0.0
2024-10-17T22:00,3600,0.0,0.0,0.0,0.0,0.0,0.0,0.0,0.0,0.0
2024-10-17T23:00,3600,0.0,0.0,0.0,0.0,0.0,0.0,0.0,0.0,0.0
2024-10-18T00:00,3600,0.0,0.0,0.0,0.0,0.0,0.0,0.0,0.0,0.0
2024-10-18T01:00,3600,0.0,0.0,0.0,0.0,0.0,0.0,0.0,0.0,0.0
2024-10-18T02:00,3600,0.0,0.0,0.0,0.0,0.0,0.0,0.0,0.0,0.0
2024-10-18T03:00,3600,0.0,0.0,0.0,0.0,0.0,0.0,0.0,0.0,0.0
2024-10-18T04:00,3600,0.0,0.0,0.0,0.0,0.0,0.0,0.0,0.0,0.0
2024-10-18T05:00,3600,0.0,0.0,0.0,0.0,0.0,0.0,0.0,0.0,0.0
2024-10-18T06:00,3600,0.0,0.00272496436,0.0,0.0,0.0,0.00272496436,16.15113612,2.72496436,6.65599102
2024-10-18T07:00,3600,0.0,0.11104537068999999,0.0,0.0,0.0,0.11104537068999999,145.86777051,111.04537069,60.44101488
2024-10-18T08:00,3600,0.5070234918382784,0.29452463837,0.29452463837,0.21249885346827846,0.0,0.0,366.17831799,294.52463837,153.28279844
2024-10-18T09:00,3600,0.5426470529411765,0.42690780769000003,0.42690780769000003,0.11573924525117651,0.0,0.0,525.59955894,426.90780769,221.56389141
2024-10-18T10:00,3600,0.6625589058823529,0.63069143456,0.63069143456,0.0318674713223529,0.0,0.0,771.77122244,630.69143456,332.30246101
2024-10-18T11:00,3600,0.7336707236848352,0.93468407168,0.7336707236848352,0.0,0.0,0.2010133479951648,1140.74505202,934.68407168,500.01476287
2024-10-18T12:00,3600,0.7088841518670951,0.7552480303700001,0.7088841518670951,0.0,0.0,0.04636387850290502,922.69810098,755.24803037,401.81930874
2024-10-18T13:00,3600,0.7121453385491927,0.7567575357499999,0.7121453385491927,0.0,0.0,0.044612197200807224,924.52935108,756.75753575,403.81118375
2024-10-18T14:00,3600,0.592771332061434,0.2593500629,0.2593500629,0.33342126916143394,0.0,0.0,323.88519234,259.3500629,137.48467568
2024-10-18T15:00,3600,0.5700451097489232,0.15395916276,0.15395916276,0.4160859469889232,0.0,0.0,197.3294347,153.95916276,83.26536696
2024-10-18T16:00,3600,0.5366474649537859,0.10109775847000001,0.10109775847000001,0.4355497064837859,0.0,0.0,133.94450437,101.09775847,56.1557126
2024-10-18T17:00,3600,0.5335928027763639,0.026013755259999997,0.026013755259999997,0.5075790475163638,0.0,0.0,44.01841358,26.01375526,18.39583689
2024-10-18T18:00,3600,0.0,0.0,0.0,0.0,0.0,0.0,0.0,0.0,0.0
2024-10-18T19:00,3600,0.0,0.0,0.0,0.0,0.0,0.0,0.0,0.0,0.0
2024-10-18T20:00,3600,0.0,0.0,0.0,0.0,0.0,0.0,0.0,0.0,0.0
2024-10-18T21:00,3600,0.0,0.0,0.0,0.0,0.0,0.0,0.0,0.0,0.0
2024-10-18T22:00,3600,0.0,0.0,0.0,0.0,0.0,0.0,0.0,0.0,0.0
2024-10-18T23:00,3600,0.0,0.0,0.0,0.0,0.0,0.0,0.0,0.0,0.0
2024-10-19T00:00,3600,0.0,0.0,0.0,0.0,0.0,0.0,0.0,0.0,0.0
2024-10-19T01:00,3600,0.0,0.0,0.0,0.0,0.0,0.0,0.0,0.0,0.0
2024-10-19T02:00,3600,0.0,0.0,0.0,0.0,0.0,0.0,0.0,0.0,0.0
2024-10-19T03:00,3600,0.0,0.0,0.0,0.0,0.0,0.0,0.0,0.0,0.0
2024-10-19T04:00,3600,0.0,0.0,0.0,0.0,0.0,0.0,0.0,0.0,0.0
2024-10-19T05:00,3600,0.0,0.0,0.0,0.0,0.0,0.0,0.0,0.0,0.0
2024-10-19T06:00,3600,0.0,0.01062793709,0.0,0.0,0.0,0.01062793709,25.60647388,10.62793709,10.56835919
2024-10-19T07:00,3600,0.0,0.28650334387,0.0,0.0,0.0,0.28650334387,356.53127647,286.50334387,149.21224741
2024-10-19T08:00,3600,0.0,0.64817548769,0.0,0.0,0.0,0.64817548769,792.93565167,648.17548769,338.98934333
2024-10-19T09:00,3600,0.0,1.0077117794,0.0,0.0,0.0,1.0077117794,1229.69851118,1007.7117794,537.58854086
2024-10-19T10:00,3600,0.0,1.36735703328,0.0,0.0,0.0,1.36735703328,1669.58224978,1367.35703328,756.37775481
2024-10-19T11:00,3600,0.0,1.36649100141,0.0,0.0,0.0,1.36649100141,1668.51936289,1366.49100141,754.60956244
2024-10-19T12:00,3600,0.0,1.3602784524700002,0.0,0.0,0.0,1.3602784524700002,1660.89517733,1360.27845247,751.64901675
2024-10-19T13:00,3600,0.0,1.29816519845,0.0,0.0,0.0,1.29816519845,1584.71831609,1298.16519845,722.36008703
2024-10-19T14:00,3600,0.0,0.92365148015,0.0,0.0,0.0,0.92365148015,1127.31717571,923.65148015,503.06432137
2024-10-19T15:00,3600,0.0,0.77958310308,0.0,0.0,0.0,0.77958310308,952.22642177,779.58310308,421.29751413
2024-10-19T16:00,3600,0.0,0.3684203478,0.0,0.0,0.0,0.3684203478,455.11840286,368.4203478,196.16077866
2024-10-19T17:00,3600,0.0,0.09856907816999999,0.0,0.0,0.0,0.09856907816999999,130.91395993,98.56907817,55.69634335
2024-10-19T18:00,3600,0.0,0.0,0.0,0.0,0.0,0.0,0.0,0.0,0.0
2024-10-19T19:00,3600,0.0,0.0,0.0,0.0,0.0,0.0,0.0,0.0,0.0
2024-10-19T20:00,3600,0.0,0.0,0.0,0.0,0.0,0.0,0.0,0.0,0.0
2024-10-19T21:00,3600,0.0,0.0,0.0,0.0,0.0,0.0,0.0,0.0,0.0
2024-10-19T22:00,3600,0.0,0.0,0.0,0.0,0.0,0.0,0.0,0.0,0.0
2024-10-19T23:00,3600,0.0,0.0,0.0,0.0,0.0,0.0,0.0,0.0,0.0
2024-10-20T00:00,3600,0.0,0.0,0.0,0.0,0.0,0.0,0.0,0.0,0.0
2024-10-20T01:00,3600,0.0,0.0,0.0,0.0,0.0,0.0,0.0,0.0,0.0
2024-10-20T02:00,3600,0.0,0.0,0.0,0.0,0.0,0.0,0.0,0.0,0.0
2024-10-20T03:00,3600,0.0,0.0,0.0,0.0,0.0,0.0,0.0,0.0,0.0
2024-10-20T04:00,3600,0.0,0.0,0.0,0.0,0.0,0.0,0.0,0.0,0.0
2024-10-20T05:00,3600,0.0,0.0,0.0,0.0,0.0,0.0,0.0,0.0,0.0
2024-10-20T06:00,3600,0.0,0.0048303929,0.0,0.0,0.0,0.0048303929,18.6699964,4.8303929,7.70253008
2024-10-20T07:00,3600,0.0,0.22423617533,0.0,0.0,0.0,0.22423617533,281.69237993,224.23617533,117.25666548
2024-10-20T08:00,3600,0.0,0.47035758956,0.0,0.0,0.0,0.47035758956,578.00885832,470.35758956,242.86257226
2024-10-20T09:00,3600,0.0,0.56399419487,0.0,0.0,0.0,0.56399419487,691.09772357,563.99419487,291.24983841
2024-10-20T10:00,3600,0.0,0.8119383629999999,0.0,0.0,0.0,0.8119383629999999,991.50740812,811.938363,425.34664838
2024-10-20T11:00,3600,0.0,1.09218427569,0.0,0.0,0.0,1.09218427569,1332.74636533,1092.18427569,580.96885023
2024-10-20T12:00,3600,0.0,1.22188596746,0.0,0.0,0.0,1.22188596746,1491.29200892,1221.88596746,656.233136
2024-10-20T13:00,3600,0.0,0.87691860917,0.0,0.0,0.0,0.87691860917,1070.46915605,876.91860917,466.81726114
2024-10-20T14:00,3600,0.0,0.93393017262,0.0,0.0,0.0,0.93393017262,1139.82738487,933.93017262,499.26331777
2024-10-20T15:00,3600,0.0,0.88408252859,0.0,0.0,0.0,0.88408252859,1079.18042388,884.08252859,471.13794184
2024-10-20T16:00,3600,0.0,0.45699945772,0.0,0.0,0.0,0.45699945772,561.89172565,456.99945772,239.55396732
2024-10-20T17:00,3600,0.0,0.09698600361,0.0,0.0,0.0,0.09698600361,129.01676593,96.98600361,54.11369243
2024-10-20T18:00,3600,0.0,0.0,0.0,0.0,0.0,0.0,0.0,0.0,0.0
2024-10-20T19:00,3600,0.0,0.0,0.0,0.0,0.0,0.0,0.0,0.0,0.0
2024-10-20T20:00,3600,0.0,0.0,0.0,0.0,0.0,0.0,0.0,0.0,0.0
2024-10-20T21:00,3600,0.0,0.0,0.0,0.0,0.0,0.0,0.0,0.0,0.0
2024-10-20T22:00,3600,0.0,0.0,0.0,0.0,0.0,0.0,0.0,0.0,0.0
2024-10-20T23:00,3600,0.0,0.0,0.0,0.0,0.0,0.0,0.0,0.0,0.0
2024-10-21T00:00,3600,0.0,0.0,0.0,0.0,0.0,0.0,0.0,0.0,0.0
2024-10-21T01:00,3600,0.0,0.0,0.0,0.0,0.0,0.0,0.0,0.0,0.0
2024-10-21T02:00,3600,0.0,0.0,0.0,0.0,0.0,0.0,0.0,0.0,0.0
2024-10-21T03:00,3600,0.0,0.0,0.0,0.0,0.0,0.0,0.0,0.0,0.0
2024-10-21T04:00,3600,0.0,0.0,0.0,0.0,0.0,0.0,0.0,0.0,0.0
2024-10-21T05:00,3600,0.0,0.0,0.0,0.0,0.0,0.0,0.0,0.0,0.0
2024-10-21T06:00,3600,0.0,0.0108410036,0.0,0.0,0.0,0.0108410036,25.86141151,10.8410036,10.64247044
2024-10-21T07:00,3600,0.0,0.26348002383999997,0.0,0.0,0.0,0.26348002383999997,328.84954387,263.48002384,136.88279656
2024-10-21T08:00,3600,0.9537175322622639,0.76573218332,0.76573218332,0.18798534894226382,0.0,0.0,935.41797899,765.73218332,398.59654676
2024-10-21T09:00,3600,0.9595821062370333,1.2014811139000001,0.9595821062370333,0.0,0.0,0.2418990076629668,1466.32337501,1201.4811139,638.79269348
2024-10-21T10:00,3600,0.9838975671892366,1.46646589621,0.9838975671892366,0.0,0.0,0.4825683290207633,1791.33632082,1466.46589621,803.33200089
2024-10-21T11:00,3600,0.993568629852304,1.6299161245099998,0.993568629852304,0.0,0.0,0.6363474946576958,1992.64268664,1629.91612451,903.99714575
2024-10-21T12:00,3600,1.0036210042029396,1.62272145669,1.0036210042029396,0.0,0.0,0.6191004524870602,1983.76826917,1622.72145669,901.91553056
2024-10-21T13:00,3600,1.0127181026718945,1.5131559443100002,1.0127181026718945,0.0,0.0,0.5004378416381057,1848.77516047,1513.15594431,841.2874941
2024-10-21T14:00,3600,1.0082041315566819,0.85494209654,0.85494209654,0.1532620350166819,0.0,0.0,1043.75323743,854.94209654,457.87854801
2024-10-21T15:00,3600,0.9989693889095844,0.75330401694,0.75330401694,0.24566537196958438,0.0,0.0,920.33980571,753.30401694,401.64703265
2024-10-21T16:00,3600,1.0047758879289457,0.4257693627,0.4257693627,0.5790065252289457,0.0,0.0,524.22693014,425.7693627,224.35213871
2024-10-21T17:00,3600,1.0166318804688563,0.09710728539999999,0.09710728539999999,0.9195245950688563,0.0,0.0,129.16211095,97.1072854,54.37665744
2024-10-21T18:00,3600,0.0,0.0,0.0,0.0,0.0,0.0,0.0,0.0,0.0
2024-10-21T19:00,3600,0.0,0.0,0.0,0.0,0.0,0.0,0.0,0.0,0.0
2024-10-21T20:00,3600,0.0,0.0,0.0,0.0,0.0,0.0,0.0,0.0,0.0
2024-10-21T21:00,3600,0.0,0.0,0.0,0.0,0.0,0.0,0.0,0.0,0.0
2024-10-21T22:00,3600,0.0,0.0,0.0,0.0,0.0,0.0,0.0,0.0,0.0
2024-10-21T23:00,3600,0.0,0.0,0.0,0.0,0.0,0.0,0.0,0.0,0.0
2024-10-22T00:00,3600,0.0,0.0,0.0,0.0,0.0,0.0,0.0,0.0,0.0
2024-10-22T01:00,3600,0.0,0.0,0.0,0.0,0.0,0.0,0.0,0.0,0.0
2024-10-22T02:00,3600,0.0,0.0,0.0,0.0,0.0,0.0,0.0,0.0,0.0
2024-10-22T03:00,3600,0.0,0.0,0.0,0.0,0.0,0.0,0.0,0.0,0.0
2024-10-22T04:00,3600,0.0,0.0,0.0,0.0,0.0,0.0,0.0,0.0,0.0
2024-10-22T05:00,3600,0.0,0.0,0.0,0.0,0.0,0.0,0.0,0.0,0.0
2024-10-22T06:00,3600,0.0,0.012999289760000001,0.0,0.0,0.0,0.012999289760000001,28.4438928,12.99928976,11.68990099
2024-10-22T07:00,3600,0.0,0.37027846219000005,0.0,0.0,0.0,0.37027846219000005,457.35637625,370.27846219,190.88393671
2024-10-22T08:00,3600,0.9453523341064969,0.82422422118,0.82422422118,0.12112811292649683,0.0,0.0,1006.42935011,824.22422118,429.80571431
2024-10-22T09:00,3600,0.7192326856341906,1.20069288089,0.7192326856341906,0.0,0.0,0.4814601952558093,1465.35903983,1200.69288089,638.59796261
2024-10-22T10:00,3600,0.7144976460563206,1.4876908198199998,0.7144976460563206,0.0,0.0,0.7731931737636792,1817.44113977,1487.69081982,814.47566412
2024-10-22T11:00,3600,0.7658000935418235,1.5989314402099999,0.7658000935418235,0.0,0.0,0.8331313466681763,1954.43278305,1598.93144021,882.74793082
2024-10-22T12:00,3600,0.7636557830268451,1.54287149813,0.7636557830268451,0.0,0.0,0.7792157151031549,1885.35870262,1542.87149813,846.60952751
2024-10-22T13:00,3600,0.7293139928096556,1.27232809089,0.7293139928096556,0.0,0.0,0.5430140980803445,1553.05791459,1272.32809089,688.67156619
2024-10-22T14:00,3600,0.6968724778863956,1.15095622415,0.6968724778863956,0.0,0.0,0.45408374626360437,1404.53985331,1150.95622415,619.07688161
2024-10-22T15:00,3600,0.6376817890105705,0.94252524379,0.6376817890105705,0.0,0.0,0.30484345477942953,1150.29032282,942.52524379,502.50472786
2024-10-22T16:00,3600,0.5118101464783573,0.52572598706,0.5118101464783573,0.0,0.0,0.013915840581642636,644.85578331,525.72598706,276.03834718
2024-10-22T17:00,3600,0.4326184628069285,0.09860557695000001,0.09860557695000001,0.3340128858569285,0.0,0.0,130.95770157,98.60557695,55.08497504
2024-10-22T18:00,3600,0.0,0.0,0.0,0.0,0.0,0.0,0.0,0.0,0.0
2024-10-22T19:00,3600,0.0,0.0,0.0,0.0,0.0,0.0,0.0,0.0,0.0
2024-10-22T20:00,3600,0.0,0.0,0.0,0.0,0.0,0.0,0.0,0.0,0.0
2024-10-22T21:00,3600,0.0,0.0,0.0,0.0,0.0,0.0,0.0,0.0,0.0
2024-10-22T22:00,3600,0.0,0.0,0.0,0.0,0.0,0.0,0.0,0.0,0.0
2024-10-22T23:00,3600,0.0,0.0,0.0,0.0,0.0,0.0,0.0,0.0,0.0
2024-10-23T00:00,3600,0.0,0.0,0.0,0.0,0.0,0.0,0.0,0.0,0.0
2024-10-23T01:00,3600,0.0,0.0,0.0,0.0,0.0,0.0,0.0,0.0,0.0
2024-10-23T02:00,3600,0.0,0.0,0.0,0.0,0.0,0.0,0.0,0.0,0.0
2024-10-23T03:00,3600,0.0,0.0,0.0,0.0,0.0,0.0,0.0,0.0,0.0
2024-10-23T04:00,3600,0.0,0.0,0.0,0.0,0.0,0.0,0.0,0.0,0.0
2024-10-23T05:00,3600,0.0,0.0,0.0,0.0,0.0,0.0,0.0,0.0,0.0
2024-10-23T06:00,3600,0.0,0.01128124683,0.0,0.0,0.0,0.01128124683,26.38817302,11.28124683,10.75981081
2024-10-23T07:00,3600,0.0,0.36360212233,0.0,0.0,0.0,0.36360212233,449.31553396,363.60212233,185.81931073
2024-10-23T08:00,3600,0.0,0.8327037489199999,0.0,0.0,0.0,0.8327037489199999,1016.73027925,832.70374892,428.41624702
2024-10-23T09:00,3600,0.38837095368821084,1.24632947072,0.38837095368821084,0.0,0.0,0.8579585170317893,1521.21540549,1246.32947072,649.86140164
2024-10-23T10:00,3600,0.49417043960971957,1.54212618773,0.49417043960971957,0.0,0.0,1.0479557481202806,1884.44087573,1542.12618773,822.51697155
2024-10-23T11:00,3600,0.5288660274670137,1.70473930941,0.5288660274670137,0.0,0.0,1.1758732819429865,2085.00853426,1704.73930941,917.4686001
2024-10-23T12:00,3600,0.529692210580483,1.70171165524,0.529692210580483,0.0,0.0,1.172019444659517,2081.2684213,1701.71165524,917.808902
2024-10-23T13:00,3600,0.5328750117647059,1.61428338604,0.5328750117647059,0.0,0.0,1.0814083742752942,1973.36172869,1614.28338604,871.6383443
2024-10-23T14:00,3600,0.4689485411764705,1.3406916959600002,0.4689485411764705,0.0,0.0,0.8717431547835297,1636.86380684,1340.69169596,714.15699264
2024-10-23T15:00,3600,0.3786176588235294,0.94065056709,0.3786176588235294,0.0,0.0,0.5620329082664706,1148.00809947,940.65056709,492.62432254
2024-10-23T16:00,3600,0.26986763529411767,0.5359695007,0.26986763529411767,0.0,0.0,0.2661018654058824,657.23044986,535.9695007,276.68960725
2024-10-23T17:00,3600,0.18222792352941175,0.10009088158,0.10009088158,0.08213704194941175,0.0,0.0,132.737777,100.09088158,54.91371293
2024-10-23T18:00,3600,0.0,0.0,0.0,0.0,0.0,0.0,0.0,0.0,0.0
2024-10-23T19:00,3600,0.0,0.0,0.0,0.0,0.0,0.0,0.0,0.0,0.0
2024-10-23T20:00,3600,0.0,0.0,0.0,0.0,0.0,0.0,0.0,0.0,0.0
2024-10-23T21:00,3600,0.0,0.0,0.0,0.0,0.0,0.0,0.0,0.0,0.0
2024-10-23T22:00,3600,0.0,0.0,0.0,0.0,0.0,0.0,0.0,0.0,0.0
2024-10-23T23:00,3600,0.0,0.0,0.0,0.0,0.0,0.0,0.0,0.0,0.0
2024-10-24T00:00,3600,0.0,0.0,0.0,0.0,0.0,0.0,0.0,0.0,0.0
2024-10-24T01:00,3600,0.0,0.0,0.0,0.0,0.0,0.0,0.0,0.0,0.0
2024-10-24T02:00,3600,0.0,0.0,0.0,0.0,0.0,0.0,0.0,0.0,0.0
2024-10-24T03:00,3600,0.0,0.0,0.0,0.0,0.0,0.0,0.0,0.0,0.0
2024-10-24T04:00,3600,0.0,0.0,0.0,0.0,0.0,0.0,0.0,0.0,0.0
2024-10-24T05:00,3600,0.0,0.0,0.0,0.0,0.0,0.0,0.0,0.0,0.0
2024-10-24T06:00,3600,0.0,0.0135872195,0.0,0.0,0.0,0.0135872195,29.14739341,13.5872195,11.79231661
2024-10-24T07:00,3600,0.0,0.39210823439,0.0,0.0,0.0,0.39210823439,483.65462996,392.10823439,198.48815067
2024-10-24T08:00,3600,0.0,0.8808927598499999,0.0,0.0,0.0,0.8808927598499999,1075.30154559,880.89275985,450.40255853
2024-10-24T09:00,3600,0.0,1.32410140549,0.0,0.0,0.0,1.32410140549,1616.51592664,1324.10140549,688.49067865
2024-10-24T10:00,3600,0.0,1.61675797133,0.0,0.0,0.0,1.61675797133,1976.41341941,1616.75797133,866.78327145
2024-10-24T11:00,3600,0.5195922370974032,1.76032671408,0.5195922370974032,0.0,0.0,1.2407344769825968,2179.36987627,1760.32671408,961.93983633
2024-10-24T12:00,3600,0.5062499352941177,1.76032671408,0.5062499352941177,0.0,0.0,1.2540767787858824,2198.99332444,1760.32671408,970.89568863
2024-10-24T13:00,3600,0.5432536852941178,1.6643911863799998,0.5432536852941178,0.0,0.0,1.1211375010858822,2035.18390346,1664.39118638,902.56279911
2024-10-24T14:00,3600,0.4851617764705882,1.41854668814,0.4851617764705882,0.0,0.0,0.9333849116694117,1732.43912395,1418.54668814,760.29580284
2024-10-24T15:00,3600,0.4015919264705883,1.04912333794,0.4015919264705883,0.0,0.0,0.6475314114694117,1280.19574898,1049.12333794,552.52479872
2024-10-24T16:00,3600,0.2928308882352941,0.5817062037299999,0.2928308882352941,0.0,0.0,0.28887531549470585,712.51145289,581.70620373,301.49188443
2024-10-24T17:00,3600,0.1987058823529412,0.10718969629,0.10718969629,0.09151618606294121,0.0,0.0,141.24607861,107.18969629,58.58570995
2024-10-24T18:00,3600,0.0,0.0,0.0,0.0,0.0,0.0,0.0,0.0,0.0
2024-10-24T19:00,3600,0.0,0.0,0.0,0.0,0.0,0.0,0.0,0.0,0.0
2024-10-24T20:00,3600,0.0,0.0,0.0,0.0,0.0,0.0,0.0,0.0,0.0
2024-10-24T21:00,3600,0.0,0.0,0.0,0.0,0.0,0.0,0.0,0.0,0.0
2024-10-24T22:00,3600,0.0,0.0,0.0,0.0,0.0,0.0,0.0,0.0,0.0
2024-10-24T23:00,3600,0.0,0.0,0.0,0.0,0.0,0.0,0.0,0.0,0.0
2024-10-25T00:00,3600,0.0,0.0,0.0,0.0,0.0,0.0,0.0,0.0,0.0
2024-10-25T01:00,3600,0.0,0.0,0.0,0.0,0.0,0.0,0.0,0.0,0.0
2024-10-25T02:00,3600,0.0,0.0,0.0,0.0,0.0,0.0,0.0,0.0,0.0
2024-10-25T03:00,3600,0.0,0.0,0.0,0.0,0.0,0.0,0.0,0.0,0.0
2024-10-25T04:00,3600,0.0,0.0,0.0,0.0,0.0,0.0,0.0,0.0,0.0
2024-10-25T05:00,3600,0.0,0.0,0.0,0.0,0.0,0.0,0.0,0.0,0.0
2024-10-25T06:00,3600,0.0,0.00937119642,0.0,0.0,0.0,0.00937119642,24.1027829,9.37119642,9.83443191
2024-10-25T07:00,3600,0.0,0.29036504358000004,0.0,0.0,0.0,0.29036504358000004,361.1754829,290.36504358,148.94971768
2024-10-25T08:00,3600,0.0,0.67590853749,0.0,0.0,0.0,0.67590853749,826.52068105,675.90853749,346.00458338
2024-10-25T09:00,3600,0.0,1.00501384942,0.0,0.0,0.0,1.00501384942,1226.41003239,1005.01384942,518.98792357
2024-10-25T10:00,3600,0.0,1.03282570773,0.0,0.0,0.0,1.03282570773,1260.31769046,1032.82570773,540.74987134
2024-10-25T11:00,3600,0.6783651703012407,1.47073858943,0.6783651703012407,0.0,0.0,0.7923734191287594,1796.59050407,1470.73858943,784.84471912
2024-10-25T12:00,3600,0.5067793823529412,1.6646963960999999,0.5067793823529412,0.0,0.0,1.1579170137470587,2035.56065061,1664.6963961,897.48574618
2024-10-25T13:00,3600,0.5483162294117648,1.5116974131,0.5483162294117648,0.0,0.0,0.9633811836882352,1846.98006826,1511.6974131,817.46661674
2024-10-25T14:00,3600,0.47744122941176476,1.2033193366,0.47744122941176476,0.0,0.0,0.7258781071882352,1468.57233851,1203.3193366,640.7240794
2024-10-25T15:00,3600,0.40850741176470584,0.8798906909,0.40850741176470584,0.0,0.0,0.4713832791352942,1074.0830404,879.8906909,462.46125842
2024-10-25T16:00,3600,0.2999338705882353,0.40843477684999996,0.2999338705882353,0.0,0.0,0.10850090626176467,503.33011307,408.43477685,212.30696582
2024-10-25T17:00,3600,0.2402647588235294,0.07799921988,0.07799921988,0.1622655389435294,0.0,0.0,106.26684215,77.99921988,44.27722726
2024-10-25T18:00,3600,0.0,0.0,0.0,0.0,0.0,0.0,0.0,0.0,0.0
2024-10-25T19:00,3600,0.0,0.0,0.0,0.0,0.0,0.0,0.0,0.0,0.0
2024-10-25T20:00,3600,0.0,0.0,0.0,0.0,0.0,0.0,0.0,0.0,0.0
2024-10-25T21:00,3600,0.0,0.0,0.0,0.0,0.0,0.0,0.0,0.0,0.0
2024-10-25T22:00,3600,0.0,0.0,0.0,0.0,0.0,0.0,0.0,0.0,0.0
2024-10-25T23:00,3600,0.0,0.0,0.0,0.0,0.0,0.0,0.0,0.0,0.0
2024-10-26T00:00,3600,0.0,0.0,0.0,0.0,0.0,0.0,0.0,0.0,0.0
2024-10-26T01:00,3600,0.0,0.0,0.0,0.0,0.0,0.0,0.0,0.0,0.0
2024-10-26T02:00,3600,0.0,0.0,0.0,0.0,0.0,0.0,0.0,0.0,0.0
2024-10-26T03:00,3600,0.0,0.0,0.0,0.0,0.0,0.0,0.0,0.0,0.0
2024-10-26T04:00,3600,0.0,0.0,0.0,0.0,0.0,0.0,0.0,0.0,0.0
2024-10-26T05:00,3600,0.0,0.0,0.0,0.0,0.0,0.0,0.0,0.0,0.0
2024-10-26T06:00,3600,0.0,0.0012561274300000001,0.0,0.0,0.0,0.0012561274300000001,14.39392891,1.25612743,5.9057294
2024-10-26T07:00,3600,0.0,0.11724815923000001,0.0,0.0,0.0,0.11724815923000001,153.30356982,117.24815923,63.17547218
2024-10-26T08:00,3600,0.0,0.39819834741000004,0.0,0.0,0.0,0.39819834741000004,490.99326593,398.19834741,204.41835335
2024-10-26T09:00,3600,0.0,0.54767117489,0.0,0.0,0.0,0.54767117489,671.36953496,547.67117489,280.60773588
2024-10-26T10:00,3600,0.0,0.9755668408300001,0.0,0.0,0.0,0.9755668408300001,1190.52830891,975.56684083,509.21488437
2024-10-26T11:00,3600,0.0,0.69243951801,0.0,0.0,0.0,0.69243951801,846.54817618,692.43951801,358.12629957
2024-10-26T12:00,3600,0.0,0.72871700728,0.0,0.0,0.0,0.72871700728,890.52057106,728.71700728,377.88275397
2024-10-26T13:00,3600,0.0,0.65353351091,0.0,0.0,0.0,0.65353351091,799.42291882,653.53351091,339.18747003
2024-10-26T14:00,3600,0.0,0.3998292976,0.0,0.0,0.0,0.3998292976,492.95871482,399.8292976,206.80473127
2024-10-26T15:00,3600,0.0,0.28685533586,0.0,0.0,0.0,0.28685533586,356.95457985,286.85533586,149.38844049
2024-10-26T16:00,3600,0.0,0.07994799675,0.0,0.0,0.0,0.07994799675,108.60149811,79.94799675,44.98759957
2024-10-26T17:00,3600,0.0,0.00684223861,0.0,0.0,0.0,0.00684223861,21.07698797,6.84223861,8.71381747
2024-10-26T18:00,3600,0.0,0.0,0.0,0.0,0.0,0.0,0.0,0.0,0.0
2024-10-26T19:00,3600,0.0,0.0,0.0,0.0,0.0,0.0,0.0,0.0,0.0
2024-10-26T20:00,3600,0.0,0.0,0.0,0.0,0.0,0.0,0.0,0.0,0.0
2024-10-26T21:00,3600,0.0,0.0,0.0,0.0,0.0,0.0,0.0,0.0,0.0
2024-10-26T22:00,3600,0.0,0.0,0.0,0.0,0.0,0.0,0.0,0.0,0.0
2024-10-26T23:00,3600,0.0,0.0,0.0,0.0,0.0,0.0,0.0,0.0,0.0
2024-10-27T00:00,3600,0.0,0.0,0.0,0.0,0.0,0.0,0.0,0.0,0.0
2024-10-27T01:00,3600,0.0,0.0,0.0,0.0,0.0,0.0,0.0,0.0,0.0
2024-10-27T02:00,3600,0.0,0.0,0.0,0.0,0.0,0.0,0.0,0.0,0.0
2024-10-27T03:00,3600,0.0,0.0,0.0,0.0,0.0,0.0,0.0,0.0,0.0
2024-10-27T04:00,3600,0.0,0.0,0.0,0.0,0.0,0.0,0.0,0.0,0.0
2024-10-27T05:00,3600,0.0,0.0,0.0,0.0,0.0,0.0,0.0,0.0,0.0
2024-10-27T06:00,3600,0.0,0.00558232014,0.0,0.0,0.0,0.00558232014,19.56959904,5.58232014,7.97804253
2024-10-27T07:00,3600,0.0,0.27525397164,0.0,0.0,0.0,0.27525397164,343.00429918,275.25397164,141.43300369
2024-10-27T08:00,3600,0.0,0.6889605574600001,0.0,0.0,0.0,0.6889605574600001,842.33285566,688.96055746,353.63303317
2024-10-27T09:00,3600,0.0,1.0876002327799998,0.0,0.0,0.0,1.0876002327799998,1327.15005493,1087.60023278,567.32841459
2024-10-27T10:00,3600,0.0,1.3678303639799998,0.0,0.0,0.0,1.3678303639799998,1670.16317927,1367.83036398,730.62473032
2024-10-27T11:00,3600,0.0,1.3397932024199999,0.0,0.0,0.0,1.3397932024199999,1635.76164456,1339.79320242,716.12780295
2024-10-27T12:00,3600,0.0,1.43658497364,0.0,0.0,0.0,1.43658497364,1754.60348318,1436.58497364,770.99668425
2024-10-27T13:00,3600,0.0,0.89948771624,0.0,0.0,0.0,0.89948771624,1097.91699642,899.48771624,474.84745276
2024-10-27T14:00,3600,0.0,0.41410645271,0.0,0.0,0.0,0.41410645271,510.16657051,414.10645271,216.40431792
2024-10-27T15:00,3600,0.0,0.33044682365,0.0,0.0,0.0,0.33044682365,409.39870307,330.44682365,172.86914568
2024-10-27T16:00,3600,0.0,0.18724161559,0.0,0.0,0.0,0.18724161559,237.26924923,187.24161559,99.02100645
2024-10-27T17:00,3600,0.0,0.03467399108,0.0,0.0,0.0,0.03467399108,54.38424378,34.67399108,22.52510168
2024-10-27T18:00,3600,0.0,0.0,0.0,0.0,0.0,0.0,0.0,0.0,0.0
2024-10-27T19:00,3600,0.0,0.0,0.0,0.0,0.0,0.0,0.0,0.0,0.0
2024-10-27T20:00,3600,0.0,0.0,0.0,0.0,0.0,0.0,0.0,0.0,0.0
2024-10-27T21:00,3600,0.0,0.0,0.0,0.0,0.0,0.0,0.0,0.0,0.0
2024-10-27T22:00,3600,0.0,0.0,0.0,0.0,0.0,0.0,0.0,0.0,0.0
2024-10-27T23:00,3600,0.0,0.0,0.0,0.0,0.0,0.0,0.0,0.0,0.0
2024-10-28T00:00,3600,0.0,0.0,0.0,0.0,0.0,0.0,0.0,0.0,0.0
2024-10-28T01:00,3600,0.0,0.0,0.0,0.0,0.0,0.0,0.0,0.0,0.0
2024-10-28T02:00,3600,0.0,0.0,0.0,0.0,0.0,0.0,0.0,0.0,0.0
2024-10-28T03:00,3600,0.0,0.0,0.0,0.0,0.0,0.0,0.0,0.0,0.0
2024-10-28T04:00,3600,0.0,0.0,0.0,0.0,0.0,0.0,0.0,0.0,0.0
2024-10-28T05:00,3600,0.0,0.0,0.0,0.0,0.0,0.0,0.0,0.0,0.0
2024-10-28T06:00,3600,0.0,0.0,0.0,0.0,0.0,0.0,7.10558762,0.0,2.90460582
2024-10-28T07:00,3600,0.0,0.17951983659999998,0.0,0.0,0.0,0.17951983659999998,228.00073601,179.5198366,93.71903112
2024-10-28T08:00,3600,0.8793840893753055,0.48361578765,0.48361578765,0.3957683017253055,0.0,0.0,594.00937242,483.61578765,247.05772847
2024-10-28T09:00,3600,0.8837115702835794,0.72288260918,0.72288260918,0.16082896110357936,0.0,0.0,883.44660635,722.88260918,371.0581726
2024-10-28T10:00,3600,0.5575450478396808,0.96265368594,0.5575450478396808,0.0,0.0,0.40510863810031916,1174.79970162,962.65368594,501.79267949
2024-10-28T11:00,3600,0.4070178262886667,0.7905176440799999,0.4070178262886667,0.0,0.0,0.38349981779133324,965.49885575,790.51764408,410.08021908
2024-10-28T12:00,3600,0.45006762545740414,1.02592656701,0.45006762545740414,0.0,0.0,0.5758589415525959,1251.90472867,1025.92656701,537.8080374
2024-10-28T13:00,3600,0.4947110651757222,0.9812526331,0.4947110651757222,0.0,0.0,0.4865415679242778,1197.45499265,981.2526331,516.3499885
2024-10-28T14:00,3600,0.39158831633780705,0.44295097552999996,0.39158831633780705,0.0,0.0,0.051362659192192905,544.94596956,442.95097553,229.78426565
2024-10-28T15:00,3600,0.34955249680885364,0.30696257999,0.30696257999,0.04258991681885366,0.0,0.0,381.13999267,306.96257999,159.53242581
2024-10-28T16:00,3600,0.3156446631251989,0.20484726137999998,0.20484726137999998,0.11079740174519892,0.0,0.0,258.40636832,204.84726138,107.50477992
2024-10-28T17:00,3600,0.28220722985103264,0.02302366906,0.02302366906,0.25918356079103266,0.0,0.0,40.43982444,23.02366906,16.68422558
2024-10-28T18:00,3600,0.0,0.0,0.0,0.0,0.0,0.0,0.0,0.0,0.0
2024-10-28T19:00,3600,0.0,0.0,0.0,0.0,0.0,0.0,0.0,0.0,0.0
2024-10-28T20:00,3600,0.0,0.0,0.0,0.0,0.0,0.0,0.0,0.0,0.0
2024-10-28T21:00,3600,0.0,0.0,0.0,0.0,0.0,0.0,0.0,0.0,0.0
2024-10-28T22:00,3600,0.0,0.0,0.0,0.0,0.0,0.0,0.0,0.0,0.0
2024-10-28T23:00,3600,0.0,0.0,0.0,0.0,0.0,0.0,0.0,0.0,0.0
2024-10-29T00:00,3600,0.0,0.0,0.0,0.0,0.0,0.0,0.0,0.0,0.0
2024-10-29T01:00,3600,0.0,0.0,0.0,0.0,0.0,0.0,0.0,0.0,0.0
2024-10-29T02:00,3600,0.0,0.0,0.0,0.0,0.0,0.0,0.0,0.0,0.0
2024-10-29T03:00,3600,0.0,0.0,0.0,0.0,0.0,0.0,0.0,0.0,0.0
2024-10-29T04:00,3600,0.0,0.0,0.0,0.0,0.0,0.0,0.0,0.0,0.0
2024-10-29T05:00,3600,0.0,0.0,0.0,0.0,0.0,0.0,0.0,0.0,0.0
2024-10-29T06:00,3600,0.0,0.0,0.0,0.0,0.0,0.0,7.14754289,0.0,2.90460582
2024-10-29T07:00,3600,0.0,0.08242652019,0.0,0.0,0.0,0.08242652019,111.57091661,82.42652019,45.50549124
2024-10-29T08:00,3600,0.0,0.22749062266999998,0.0,0.0,0.0,0.22749062266999998,285.60177333,227.49062267,117.08472892
2024-10-29T09:00,3600,0.0,0.28756492251,0.0,0.0,0.0,0.28756492251,357.8079327,287.56492251,146.8363652
2024-10-29T10:00,3600,0.0,0.33603099472000003,0.0,0.0,0.0,0.33603099472000003,416.11996949,336.03099472,172.33994557
2024-10-29T11:00,3600,0.0,0.48712906911000003,0.0,0.0,0.0,0.48712906911000003,598.24999929,487.12906911,249.28158928
2024-10-29T12:00,3600,0.0,0.46435775183,0.0,0.0,0.0,0.46435775183,570.7693139,464.35775183,237.8690614
2024-10-29T13:00,3600,0.48339953239657896,0.34491519386,0.34491519386,0.13848433853657893,0.0,0.0,426.81467333,344.91519386,177.84837918
2024-10-29T14:00,3600,0.26528297312208976,0.22988076551,0.22988076551,0.03540220761208976,0.0,0.0,288.47307321,229.88076551,119.63806108
2024-10-29T15:00,3600,0.2693252155148129,0.19929858420000002,0.19929858420000002,0.0700266313148129,0.0,0.0,251.74395697,199.2985842,104.33637779
2024-10-29T16:00,3600,0.21185771037470943,0.09446009722,0.09446009722,0.11739761315470944,0.0,0.0,125.98977392,94.46009722,51.79714559
2024-10-29T17:00,3600,0.19328536183830614,0.014911970399999998,0.014911970399999998,0.17837339143830613,0.0,0.0,30.73258173,14.9119704,12.58662524
2024-10-29T18:00,3600,0.0,0.0,0.0,0.0,0.0,0.0,0.0,0.0,0.0
2024-10-29T19:00,3600,0.0,0.0,0.0,0.0,0.0,0.0,0.0,0.0,0.0
2024-10-29T20:00,3600,0.0,0.0,0.0,0.0,0.0,0.0,0.0,0.0,0.0
2024-10-29T21:00,3600,0.0,0.0,0.0,0.0,0.0,0.0,0.0,0.0,0.0
2024-10-29T22:00,3600,0.0,0.0,0.0,0.0,0.0,0.0,0.0,0.0,0.0
2024-10-29T23:00,3600,0.0,0.0,0.0,0.0,0.0,0.0,0.0,0.0,0.0
2024-10-30T00:00,3600,0.0,0.0,0.0,0.0,0.0,0.0,0.0,0.0,0.0
2024-10-30T01:00,3600,0.0,0.0,0.0,0.0,0.0,0.0,0.0,0.0,0.0
2024-10-30T02:00,3600,0.0,0.0,0.0,0.0,0.0,0.0,0.0,0.0,0.0
2024-10-30T03:00,3600,0.0,0.0,0.0,0.0,0.0,0.0,0.0,0.0,0.0
2024-10-30T04:00,3600,0.0,0.0,0.0,0.0,0.0,0.0,0.0,0.0,0.0
2024-10-30T05:00,3600,0.0,0.0,0.0,0.0,0.0,0.0,0.0,0.0,0.0
2024-10-30T06:00,3600,0.0,0.0,0.0,0.0,0.0,0.0,9.51919604,0.0,3.87280777
2024-10-30T07:00,3600,0.0,0.21327896362000004,0.0,0.0,0.0,0.21327896362000004,268.53178952,213.27896362,110.35214447
2024-10-30T08:00,3600,0.0,0.6858675275099999,0.0,0.0,0.0,0.6858675275099999,838.58538281,685.86752751,352.03769535
2024-10-30T09:00,3600,0.0,0.71694161148,0.0,0.0,0.0,0.71694161148,876.2441894,716.94161148,368.65200616
2024-10-30T10:00,3600,0.0,1.0675756438200001,0.0,0.0,0.0,1.0675756438200001,1302.70927025,1067.57564382,563.10931586
2024-10-30T11:00,3600,0.7342502729935297,1.6424803733199997,0.7342502729935297,0.0,0.0,0.90823010032647,2008.14330217,1642.48037332,894.47923589
2024-10-30T12:00,3600,0.5445998846761223,1.54723256506,0.5445998846761223,0.0,0.0,1.0026326803838779,1890.72948807,1547.23256506,838.65208913
2024-10-30T13:00,3600,0.4898750444310345,1.03873778447,0.4898750444310345,0.0,0.0,0.5488627400389656,1267.52788133,1038.73778447,551.9244572
2024-10-30T14:00,3600,0.42054244043053884,0.71656841479,0.42054244043053884,0.0,0.0,0.29602597435946115,875.7917807,716.56841479,375.1420878
2024-10-30T15:00,3600,0.36943037871535,0.56954749919,0.36943037871535,0.0,0.0,0.20011712047465002,697.8108793,569.54749919,296.47095261
2024-10-30T16:00,3600,0.2592754499043613,0.13372124686,0.13372124686,0.1255542030443613,0.0,0.0,173.05533899,133.72124686,71.79893437
2024-10-30T17:00,3600,0.23564395662807872,0.023196687579999997,0.023196687579999997,0.21244726904807873,0.0,0.0,40.64689079,23.19668758,16.80162922
2024-10-30T18:00,3600,0.0,0.0,0.0,0.0,0.0,0.0,0.0,0.0,0.0
2024-10-30T19:00,3600,0.0,0.0,0.0,0.0,0.0,0.0,0.0,0.0,0.0
2024-10-30T20:00,3600,0.0,0.0,0.0,0.0,0.0,0.0,0.0,0.0,0.0
2024-10-30T21:00,3600,0.0,0.0,0.0,0.0,0.0,0.0,0.0,0.0,0.0
2024-10-30T22:00,3600,0.0,0.0,0.0,0.0,0.0,0.0,0.0,0.0,0.0
2024-10-30T23:00,3600,0.0,0.0,0.0,0.0,0.0,0.0,0.0,0.0,0.0
2024-10-31T00:00,3600,0.0,0.0,0.0,0.0,0.0,0.0,0.0,0.0,0.0
2024-10-31T01:00,3600,0.0,0.0,0.0,0.0,0.0,0.0,0.0,0.0,0.0
2024-10-31T02:00,3600,0.0,0.0,0.0,0.0,0.0,0.0,0.0,0.0,0.0
2024-10-31T03:00,3600,0.0,0.0,0.0,0.0,0.0,0.0,0.0,0.0,0.0
2024-10-31T04:00,3600,0.0,0.0,0.0,0.0,0.0,0.0,0.0,0.0,0.0
2024-10-31T05:00,3600,0.0,0.0,0.0,0.0,0.0,0.0,0.0,0.0,0.0
2024-10-31T06:00,3600,0.0,0.0059146927500000005,0.0,0.0,0.0,0.0059146927500000005,19.96725219,5.91469275,8.13789394
2024-10-31T07:00,3600,0.0,0.35053327979,0.0,0.0,0.0,0.35053327979,433.57857192,350.53327979,179.26431058
2024-10-31T08:00,3600,0.0,0.8158199512000001,0.0,0.0,0.0,0.8158199512000001,996.22146652,815.8199512,419.8790083
2024-10-31T09:00,3600,0.0,1.22386082678,0.0,0.0,0.0,1.22386082678,1493.70908499,1223.86082678,639.64115798
2024-10-31T10:00,3600,0.0,1.49200017293,0.0,0.0,0.0,1.49200017293,1822.7425775,1492.00017293,803.12040773
2024-10-31T11:00,3600,0.815294117647059,1.6553008364400001,0.815294117647059,0.0,0.0,0.8400067187929412,2023.96391136,1655.30083644,898.30870976
2024-10-31T12:00,3600,0.6538931853290109,1.67792883272,0.6538931853290109,0.0,0.0,1.024035647390989,2051.89675848,1677.92883272,912.07940457
2024-10-31T13:00,3600,0.6178971459548414,1.54771030711,0.6178971459548414,0.0,0.0,0.9298131611551587,1891.31786937,1547.71030711,844.89371584
2024-10-31T14:00,3600,0.5614196336471101,1.30493170897,0.5614196336471101,0.0,0.0,0.74351207532289,1593.01248652,1304.93170897,704.08688243
2024-10-31T15:00,3600,0.48524677747728323,0.94647762616,0.48524677747728323,0.0,0.0,0.46123084868271674,1155.10220126,946.47762616,502.73568034
2024-10-31T16:00,3600,0.3806113452637747,0.50481461988,0.3806113452637747,0.0,0.0,0.12420327461622527,619.60115066,504.81461988,264.57888474
2024-10-31T17:00,3600,0.30090616190482566,0.07241127633000001,0.07241127633000001,0.22849488557482567,0.0,0.0,99.5728867,72.41127633,41.72806781
2024-10-31T18:00,3600,0.0,0.0,0.0,0.0,0.0,0.0,0.0,0.0,0.0
2024-10-31T19:00,3600,0.0,0.0,0.0,0.0,0.0,0.0,0.0,0.0,0.0
2024-10-31T20:00,3600,0.0,0.0,0.0,0.0,0.0,0.0,0.0,0.0,0.0
2024-10-31T21:00,3600,0.0,0.0,0.0,0.0,0.0,0.0,0.0,0.0,0.0
2024-10-31T22:00,3600,0.0,0.0,0.0,0.0,0.0,0.0,0.0,0.0,0.0
2024-10-31T23:00,3600,0.0,0.0,0.0,0.0,0.0,0.0,0.0,0.0,0.0
2024-11-01T00:00,3600,0.0,0.0,0.0,0.0,0.0,0.0,0.0,0.0,0.0
2024-11-01T01:00,3600,0.0,0.0,0.0,0.0,0.0,0.0,0.0,0.0,0.0
2024-11-01T02:00,3600,0.0,0.0,0.0,0.0,0.0,0.0,0.0,0.0,0.0
2024-11-01T03:00,3600,0.0,0.0,0.0,0.0,0.0,0.0,0.0,0.0,0.0
2024-11-01T04:00,3600,0.0,0.0,0.0,0.0,0.0,0.0,0.0,0.0,0.0
2024-11-01T05:00,3600,0.0,0.0,0.0,0.0,0.0,0.0,0.0,0.0,0.0
2024-11-01T06:00,3600,0.0,0.0059217727,0.0,0.0,0.0,0.0059217727,19.97572273,5.9217727,8.17804653
2024-11-01T07:00,3600,0.0,0.33886804905999995,0.0,0.0,0.0,0.33886804905999995,419.53499422,338.86804906,174.11042421
2024-11-01T08:00,3600,0.0,0.78953582416,0.0,0.0,0.0,0.78953582416,964.30700332,789.53582416,408.6073817
2024-11-01T09:00,3600,0.4804251037414705,1.19462882379,0.4804251037414705,0.0,0.0,0.7142037200485295,1457.94067382,1194.62882379,627.83727598
2024-11-01T10:00,3600,0.5154046010032333,1.46939952903,0.5154046010032333,0.0,0.0,0.9539949280267667,1794.94379847,1469.39952903,790.53841852
2024-11-01T11:00,3600,0.5677229660050904,1.6260263304299998,0.5677229660050904,0.0,0.0,1.0583033644249094,1987.84458272,1626.02633043,883.21305661
2024-11-01T12:00,3600,0.5852017197596683,1.64578228892,0.5852017197596683,0.0,0.0,1.0605805691603316,2012.21752987,1645.78228892,896.76660569
2024-11-01T13:00,3600,0.6136365871441215,1.52643580629,0.6136365871441215,0.0,0.0,0.9127992191458786,1865.12172389,1526.43580629,829.83372599
2024-11-01T14:00,3600,0.5545435374526078,1.27737009082,0.5545435374526078,0.0,0.0,0.7228265533673923,1559.23507461,1277.37009082,684.6968096
2024-11-01T15:00,3600,0.47506833801959203,0.92677224118,0.47506833801959203,0.0,0.0,0.451703903160408,1131.11520085,926.77224118,489.35132018
2024-11-01T16:00,3600,0.34568345155607616,0.48288581058,0.34568345155607616,0.0,0.0,0.13720235902392386,593.12830486,482.88581058,250.81622768
2024-11-01T17:00,3600,0.27084622941827685,0.06852000641,0.06852000641,0.20232622300827685,0.0,0.0,94.91182899,68.52000641,39.43183305
2024-11-01T18:00,3600,0.0,0.0,0.0,0.0,0.0,0.0,0.0,0.0,0.0
2024-11-01T19:00,3600,0.0,0.0,0.0,0.0,0.0,0.0,0.0,0.0,0.0
2024-11-01T20:00,3600,0.0,0.0,0.0,0.0,0.0,0.0,0.0,0.0,0.0
2024-11-01T21:00,3600,0.0,0.0,0.0,0.0,0.0,0.0,0.0,0.0,0.0
2024-11-01T22:00,3600,0.0,0.0,0.0,0.0,0.0,0.0,0.0,0.0,0.0
2024-11-01T23:00,3600,0.0,0.0,0.0,0.0,0.0,0.0,0.0,0.0,0.0
2024-11-02T00:00,3600,0.0,0.0,0.0,0.0,0.0,0.0,0.0,0.0,0.0
2024-11-02T01:00,3600,0.0,0.0,0.0,0.0,0.0,0.0,0.0,0.0,0.0
2024-11-02T02:00,3600,0.0,0.0,0.0,0.0,0.0,0.0,0.0,0.0,0.0
2024-11-02T03:00,3600,0.0,0.0,0.0,0.0,0.0,0.0,0.0,0.0,0.0
2024-11-02T04:00,3600,0.0,0.0,0.0,0.0,0.0,0.0,0.0,0.0,0.0
2024-11-02T05:00,3600,0.0,0.0,0.0,0.0,0.0,0.0,0.0,0.0,0.0
2024-11-02T06:00,3600,0.0,0.00359953292,0.0,0.0,0.0,0.00359953292,17.19742727,3.59953292,7.01285022
2024-11-02T07:00,3600,0.0,0.31467027526999997,0.0,0.0,0.0,0.31467027526999997,390.41335027,314.67027527,161.27111687
2024-11-02T08:00,3600,0.0,0.67376447137,0.0,0.0,0.0,0.67376447137,823.92357157,673.76447137,345.97504666
2024-11-02T09:00,3600,0.0,0.9534936999300001,0.0,0.0,0.0,0.9534936999300001,1163.64489601,953.49369993,494.0737216
2024-11-02T10:00,3600,0.0,1.32575650275,0.0,0.0,0.0,1.32575650275,1618.54560143,1325.75650275,704.90657498
2024-11-02T11:00,3600,0.0,1.20779644689,0.0,0.0,0.0,1.20779644689,1474.05016491,1207.79644689,637.88332345
2024-11-02T12:00,3600,0.0,1.38369170903,0.0,0.0,0.0,1.38369170903,1689.6332246,1383.69170903,736.59023985
2024-11-02T13:00,3600,0.0,1.2243185088200002,0.0,0.0,0.0,1.2243185088200002,1494.26926567,1224.31850882,650.83384655
2024-11-02T14:00,3600,0.0,0.47388331406,0.0,0.0,0.0,0.47388331406,582.26345635,473.88331406,245.20288197
2024-11-02T15:00,3600,0.0,0.36532287091,0.0,0.0,0.0,0.36532287091,451.38787206,365.32287091,189.41648762
2024-11-02T16:00,3600,0.0,0.16029635048,0.0,0.0,0.0,0.16029635048,204.93234366,160.29635048,85.06315886
2024-11-02T17:00,3600,0.0,0.017789779930000003,0.0,0.0,0.0,0.017789779930000003,34.17628212,17.78977993,14.09308508
2024-11-02T18:00,3600,0.0,0.0,0.0,0.0,0.0,0.0,0.0,0.0,0.0
2024-11-02T19:00,3600,0.0,0.0,0.0,0.0,0.0,0.0,0.0,0.0,0.0
2024-11-02T20:00,3600,0.0,0.0,0.0,0.0,0.0,0.0,0.0,0.0,0.0
2024-11-02T21:00,3600,0.0,0.0,0.0,0.0,0.0,0.0,0.0,0.0,0.0
2024-11-02T22:00,3600,0.0,0.0,0.0,0.0,0.0,0.0,0.0,0.0,0.0
2024-11-02T23:00,3600,0.0,0.0,0.0,0.0,0.0,0.0,0.0,0.0,0.0
2024-11-03T00:00,3600,0.0,0.0,0.0,0.0,0.0,0.0,0.0,0.0,0.0
2024-11-03T01:00,3600,0.0,0.0,0.0,0.0,0.0,0.0,0.0,0.0,0.0
2024-11-03T02:00,3600,0.0,0.0,0.0,0.0,0.0,0.0,0.0,0.0,0.0
2024-11-03T03:00,3600,0.0,0.0,0.0,0.0,0.0,0.0,0.0,0.0,0.0
2024-11-03T04:00,3600,0.0,0.0,0.0,0.0,0.0,0.0,0.0,0.0,0.0
2024-11-03T05:00,3600,0.0,0.0,0.0,0.0,0.0,0.0,0.0,0.0,0.0
2024-11-03T06:00,3600,0.0,0.0,0.0,0.0,0.0,0.0,12.46595224,0.0,5.09880252
2024-11-03T07:00,3600,0.0,0.19662501799,0.0,0.0,0.0,0.19662501799,248.53399352,196.62501799,102.52334065
2024-11-03T08:00,3600,0.0,0.6215119982399999,0.0,0.0,0.0,0.6215119982399999,760.66229241,621.51199824,319.83644659
2024-11-03T09:00,3600,0.0,1.0535864424299999,0.0,0.0,0.0,1.0535864424299999,1285.64042623,1053.58644243,550.86743216
2024-11-03T10:00,3600,0.0,1.40490076657,0.0,0.0,0.0,1.40490076657,1715.67695183,1404.90076657,759.61736701
2024-11-03T11:00,3600,0.0,1.3929638805800002,0.0,0.0,0.0,1.3929638805800002,1701.01770872,1392.96388058,755.12791541
2024-11-03T12:00,3600,0.0,1.1500413268499998,0.0,0.0,0.0,1.1500413268499998,1403.42163506,1150.04132685,615.82308863
2024-11-03T13:00,3600,0.0,1.1610040286,0.0,0.0,0.0,1.1610040286,1416.82190106,1161.0040286,624.99206568
2024-11-03T14:00,3600,0.0,0.90751730013,0.0,0.0,0.0,0.90751730013,1107.68514508,907.51730013,483.23157979
2024-11-03T15:00,3600,0.0,0.57614412841,0.0,0.0,0.0,0.57614412841,705.78616999,576.14412841,302.86773673
2024-11-03T16:00,3600,0.0,0.30881853201,0.0,0.0,0.0,0.30881853201,383.37282312,308.81853201,161.4630762
2024-11-03T17:00,3600,0.0,0.03712578021,0.0,0.0,0.0,0.03712578021,57.31919981,37.12578021,23.82066637
2024-11-03T18:00,3600,0.0,0.0,0.0,0.0,0.0,0.0,0.0,0.0,0.0
2024-11-03T19:00,3600,0.0,0.0,0.0,0.0,0.0,0.0,0.0,0.0,0.0
2024-11-03T20:00,3600,0.0,0.0,0.0,0.0,0.0,0.0,0.0,0.0,0.0
2024-11-03T21:00,3600,0.0,0.0,0.0,0.0,0.0,0.0,0.0,0.0,0.0
2024-11-03T22:00,3600,0.0,0.0,0.0,0.0,0.0,0.0,0.0,0.0,0.0
2024-11-03T23:00,3600,0.0,0.0,0.0,0.0,0.0,0.0,0.0,0.0,0.0
2024-11-04T00:00,3600,0.0,0.0,0.0,0.0,0.0,0.0,0.0,0.0,0.0
2024-11-04T01:00,3600,0.0,0.0,0.0,0.0,0.0,0.0,0.0,0.0,0.0
2024-11-04T02:00,3600,0.0,0.0,0.0,0.0,0.0,0.0,0.0,0.0,0.0
2024-11-04T03:00,3600,0.0,0.0,0.0,0.0,0.0,0.0,0.0,0.0,0.0
2024-11-04T04:00,3600,0.0,0.0,0.0,0.0,0.0,0.0,0.0,0.0,0.0
2024-11-04T05:00,3600,0.0,0.0,0.0,0.0,0.0,0.0,0.0,0.0,0.0
2024-11-04T06:00,3600,0.0,0.0,0.0,0.0,0.0,0.0,7.09058341,0.0,2.90460582
2024-11-04T07:00,3600,0.0,0.09424028287,0.0,0.0,0.0,0.09424028287,125.72635975,94.24028287,51.78650649
2024-11-04T08:00,3600,0.8613443256372054,0.25775457174,0.25775457174,0.6035897538972055,0.0,0.0,321.96745968,257.75457174,133.5068945
2024-11-04T09:00,3600,0.8720463548150449,0.65236184996,0.65236184996,0.21968450485504487,0.0,0.0,798.00426591,652.36184996,337.7078954
2024-11-04T10:00,3600,0.860650282630479,0.9931917374,0.860650282630479,0.0,0.0,0.13254145476952095,1212.0021656,993.1917374,526.64017507
2024-11-04T11:00,3600,0.6745456017876547,1.1722128031799999,0.6745456017876547,0.0,0.0,0.4976672013923452,1430.52585082,1172.21280318,627.53347825
2024-11-04T12:00,3600,0.5962919490523885,1.4548664566,0.5962919490523885,0.0,0.0,0.8585745075476116,1777.07453118,1454.8664566,792.96012831
2024-11-04T13:00,3600,0.593696109451158,1.27812011446,0.593696109451158,0.0,0.0,0.684424005008842,1560.15401017,1278.12011446,691.58255921
2024-11-04T14:00,3600,0.47407169928678516,0.64277522678,0.47407169928678516,0.0,0.0,0.16870352749321482,786.39790265,642.77522678,337.0856976
2024-11-04T15:00,3600,0.40262034496612054,0.41804822984999995,0.40262034496612054,0.0,0.0,0.015427884883879417,514.91828657,418.04822985,218.20222132
2024-11-04T16:00,3600,0.33118161280959263,0.17674159983,0.17674159983,0.15444001297959262,0.0,0.0,224.66631794,176.74159983,93.81454587
2024-11-04T17:00,3600,0.29176766531560555,0.021767741679999997,0.021767741679999997,0.26999992363560554,0.0,0.0,38.93676619,21.76774168,16.14755348
2024-11-04T18:00,3600,0.0,0.0,0.0,0.0,0.0,0.0,0.0,0.0,0.0
2024-11-04T19:00,3600,0.0,0.0,0.0,0.0,0.0,0.0,0.0,0.0,0.0
2024-11-04T20:00,3600,0.0,0.0,0.0,0.0,0.0,0.0,0.0,0.0,0.0
2024-11-04T21:00,3600,0.0,0.0,0.0,0.0,0.0,0.0,0.0,0.0,0.0
2024-11-04T22:00,3600,0.0,0.0,0.0,0.0,0.0,0.0,0.0,0.0,0.0
2024-11-04T23:00,3600,0.0,0.0,0.0,0.0,0.0,0.0,0.0,0.0,0.0
2024-11-05T00:00,3600,0.0,0.0,0.0,0.0,0.0,0.0,0.0,0.0,0.0
2024-11-05T01:00,3600,0.0,0.0,0.0,0.0,0.0,0.0,0.0,0.0,0.0
2024-11-05T02:00,3600,0.0,0.0,0.0,0.0,0.0,0.0,0.0,0.0,0.0
2024-11-05T03:00,3600,0.0,0.0,0.0,0.0,0.0,0.0,0.0,0.0,0.0
2024-11-05T04:00,3600,0.0,0.0,0.0,0.0,0.0,0.0,0.0,0.0,0.0
2024-11-05T05:00,3600,0.0,0.0,0.0,0.0,0.0,0.0,0.0,0.0,0.0
2024-11-05T06:00,3600,0.0,0.0,0.0,0.0,0.0,0.0,7.10054576,0.0,2.90460582
2024-11-05T07:00,3600,0.0,0.20207249909000002,0.0,0.0,0.0,0.20207249909000002,255.0745689,202.07249909,105.26547487
2024-11-05T08:00,3600,0.0,0.6237586818399999,0.0,0.0,0.0,0.6237586818399999,763.38104697,623.75868184,321.10687007
2024-11-05T09:00,3600,0.0,1.02302718035,0.0,0.0,0.0,1.02302718035,1248.36948231,1023.02718035,533.67485664
2024-11-05T10:00,3600,0.6063324559596243,1.26223997134,0.6063324559596243,0.0,0.0,0.6559075153803758,1540.70033753,1262.23997134,672.6319846
2024-11-05T11:00,3600,0.5137439657379459,1.39556520201,0.5137439657379459,0.0,0.0,0.8818212362720541,1704.21200733,1395.56520201,750.06229305
2024-11-05T12:00,3600,0.5386734049718268,1.42771494134,0.5386734049718268,0.0,0.0,0.8890415363681733,1743.70355905,1427.71494134,769.76931925
2024-11-05T13:00,3600,0.5259317180989889,1.16702249684,0.5259317180989889,0.0,0.0,0.6410907787410112,1424.17977087,1167.02249684,624.62068042
2024-11-05T14:00,3600,0.3892929565009642,0.54673814295,0.3892929565009642,0.0,0.0,0.15744518644903582,670.24204319,546.73814295,285.37969771
2024-11-05T15:00,3600,0.3162016559524919,0.24180181432,0.24180181432,0.07439984163249189,0.0,0.0,302.79582262,241.80181432,127.1502854
2024-11-05T16:00,3600,0.2842124568519004,0.25721155211,0.25721155211,0.027000904741900367,0.0,0.0,321.31477918,257.21155211,134.69249403
2024-11-05T17:00,3600,0.2473728027580494,0.0500711347,0.0500711347,0.1973016680580494,0.0,0.0,72.81783914,50.0711347,30.24999169
2024-11-05T18:00,3600,0.0,0.0,0.0,0.0,0.0,0.0,0.0,0.0,0.0
2024-11-05T19:00,3600,0.0,0.0,0.0,0.0,0.0,0.0,0.0,0.0,0.0
2024-11-05T20:00,3600,0.0,0.0,0.0,0.0,0.0,0.0,0.0,0.0,0.0
2024-11-05T21:00,3600,0.0,0.0,0.0,0.0,0.0,0.0,0.0,0.0,0.0
2024-11-05T22:00,3600,0.0,0.0,0.0,0.0,0.0,0.0,0.0,0.0,0.0
2024-11-05T23:00,3600,0.0,0.0,0.0,0.0,0.0,0.0,0.0,0.0,0.0
2024-11-06T00:00,3600,0.0,0.0,0.0,0.0,0.0,0.0,0.0,0.0,0.0
2024-11-06T01:00,3600,0.0,0.0,0.0,0.0,0.0,0.0,0.0,0.0,0.0
2024-11-06T02:00,3600,0.0,0.0,0.0,0.0,0.0,0.0,0.0,0.0,0.0
2024-11-06T03:00,3600,0.0,0.0,0.0,0.0,0.0,0.0,0.0,0.0,0.0
2024-11-06T04:00,3600,0.0,0.0,0.0,0.0,0.0,0.0,0.0,0.0,0.0
2024-11-06T05:00,3600,0.0,0.0,0.0,0.0,0.0,0.0,0.0,0.0,0.0
2024-11-06T06:00,3600,0.0,0.0,0.0,0.0,0.0,0.0,12.67299778,0.0,5.15992621
2024-11-06T07:00,3600,0.0,0.27005283601,0.0,0.0,0.0,0.27005283601,336.75106406,270.05283601,138.59023523
2024-11-06T08:00,3600,0.0,0.7156877674600001,0.0,0.0,0.0,0.7156877674600001,874.72422614,715.68776746,366.62905276
2024-11-06T09:00,3600,0.0,1.16380721805,0.0,0.0,0.0,1.16380721805,1420.24883129,1163.80721805,605.90724207
2024-11-06T10:00,3600,0.0,1.4459034275,0.0,0.0,0.0,1.4459034275,1766.05645636,1445.9034275,775.14798971
2024-11-06T11:00,3600,0.815294117647059,1.60855334648,0.815294117647059,0.0,0.0,0.793259228832941,1966.29593189,1608.55334648,872.21855194
2024-11-06T12:00,3600,0.5868468752695176,1.5910943980899999,0.5868468752695176,0.0,0.0,1.0042475228204824,1944.77188455,1591.09439809,865.00936997
2024-11-06T13:00,3600,0.5453885979152021,1.5071060509,0.5453885979152021,0.0,0.0,0.9617174529847979,1841.32956405,1507.1060509,821.21194879
2024-11-06T14:00,3600,0.4958984271310311,1.2777281074,0.4958984271310311,0.0,0.0,0.7818296802689688,1559.67371803,1277.7281074,687.84372709
2024-11-06T15:00,3600,0.4050990059891405,0.8935607059,0.4050990059891405,0.0,0.0,0.4884616999108595,1090.70762026,893.5607059,472.13734508
2024-11-06T16:00,3600,0.29938239411764705,0.47860289189999994,0.29938239411764705,0.0,0.0,0.17922049778235288,587.95914948,478.6028919,249.07297743
2024-11-06T17:00,3600,0.22526474705882352,0.05834878327,0.05834878327,0.1669159637888235,0.0,0.0,82.73005854,58.34878327,34.40839627
2024-11-06T18:00,3600,0.0,0.0,0.0,0.0,0.0,0.0,0.0,0.0,0.0
2024-11-06T19:00,3600,0.0,0.0,0.0,0.0,0.0,0.0,0.0,0.0,0.0
2024-11-06T20:00,3600,0.0,0.0,0.0,0.0,0.0,0.0,0.0,0.0,0.0
2024-11-06T21:00,3600,0.0,0.0,0.0,0.0,0.0,0.0,0.0,0.0,0.0
2024-11-06T22:00,3600,0.0,0.0,0.0,0.0,0.0,0.0,0.0,0.0,0.0
2024-11-06T23:00,3600,0.0,0.0,0.0,0.0,0.0,0.0,0.0,0.0,0.0
2024-11-07T00:00,3600,0.0,0.0,0.0,0.0,0.0,0.0,0.0,0.0,0.0
2024-11-07T01:00,3600,0.0,0.0,0.0,0.0,0.0,0.0,0.0,0.0,0.0
2024-11-07T02:00,3600,0.0,0.0,0.0,0.0,0.0,0.0,0.0,0.0,0.0
2024-11-07T03:00,3600,0.0,0.0,0.0,0.0,0.0,0.0,0.0,0.0,0.0
2024-11-07T04:00,3600,0.0,0.0,0.0,0.0,0.0,0.0,0.0,0.0,0.0
2024-11-07T05:00,3600,0.0,0.0,0.0,0.0,0.0,0.0,0.0,0.0,0.0
2024-11-07T06:00,3600,0.0,0.0,0.0,0.0,0.0,0.0,12.79683713,0.0,5.17815928
2024-11-07T07:00,3600,0.0,0.33894174491,0.0,0.0,0.0,0.33894174491,419.62370592,338.94174491,172.25385336
2024-11-07T08:00,3600,0.0,0.7927475191,0.0,0.0,0.0,0.7927475191,968.20583098,792.7475191,405.3396378
2024-11-07T09:00,3600,0.0,1.22469106086,0.0,0.0,0.0,1.22469106086,1494.72525496,1224.69106086,638.35392802
2024-11-07T10:00,3600,0.0,1.50727058412,0.0,0.0,0.0,1.50727058412,1841.53204337,1507.27058412,808.57378774
2024-11-07T11:00,3600,0.5775895230414307,1.6712109062,0.5775895230414307,0.0,0.0,1.0936213831585693,2043.60261532,1671.2109062,906.50595583
2024-11-07T12:00,3600,0.5053896764705883,1.69773039031,0.5053896764705883,0.0,0.0,1.1923407138394118,2076.35063222,1697.73039031,923.75345386
2024-11-07T13:00,3600,0.5273051735294118,1.57508358565,0.5273051735294118,0.0,0.0,1.0477784121205884,1925.03955631,1575.08358565,857.61691589
2024-11-07T14:00,3600,0.4658823764705882,1.3284629804699999,0.4658823764705882,0.0,0.0,0.8625806039994117,1621.86474142,1328.46298047,713.37733502
2024-11-07T15:00,3600,0.3829632588235294,0.9618245520800001,0.3829632588235294,0.0,0.0,0.5788612932564707,1173.78992322,961.82455208,507.2966768
2024-11-07T16:00,3600,0.2564338117647059,0.50940818363,0.2564338117647059,0.0,0.0,0.25297437186529403,625.14794978,509.40818363,263.52214044
2024-11-07T17:00,3600,0.17694483823529408,0.06452766667,0.06452766667,0.11241717156529409,0.0,0.0,90.13005246,64.52766667,37.26207485
2024-11-07T18:00,3600,0.0,0.0,0.0,0.0,0.0,0.0,0.0,0.0,0.0
2024-11-07T19:00,3600,0.0,0.0,0.0,0.0,0.0,0.0,0.0,0.0,0.0
2024-11-07T20:00,3600,0.0,0.0,0.0,0.0,0.0,0.0,0.0,0.0,0.0
2024-11-07T21:00,3600,0.0,0.0,0.0,0.0,0.0,0.0,0.0,0.0,0.0
2024-11-07T22:00,3600,0.0,0.0,0.0,0.0,0.0,0.0,0.0,0.0,0.0
2024-11-07T23:00,3600,0.0,0.0,0.0,0.0,0.0,0.0,0.0,0.0,0.0
2024-11-08T00:00,3600,0.0,0.0,0.0,0.0,0.0,0.0,0.0,0.0,0.0
2024-11-08T01:00,3600,0.0,0.0,0.0,0.0,0.0,0.0,0.0,0.0,0.0
2024-11-08T02:00,3600,0.0,0.0,0.0,0.0,0.0,0.0,0.0,0.0,0.0
2024-11-08T03:00,3600,0.0,0.0,0.0,0.0,0.0,0.0,0.0,0.0,0.0
2024-11-08T04:00,3600,0.0,0.0,0.0,0.0,0.0,0.0,0.0,0.0,0.0
2024-11-08T05:00,3600,0.0,0.0,0.0,0.0,0.0,0.0,0.0,0.0,0.0
2024-11-08T06:00,3600,0.0,4.130064e-05,0.0,0.0,0.0,4.130064e-05,12.94063612,0.04130064,5.19524429
2024-11-08T07:00,3600,0.0,0.35141729230999996,0.0,0.0,0.0,0.35141729230999996,434.64294342,351.41729231,177.15989622
2024-11-08T08:00,3600,0.0,0.82839441369,0.0,0.0,0.0,0.82839441369,1011.49509387,828.39441369,421.48111953
2024-11-08T09:00,3600,0.0,1.24404655824,0.0,0.0,0.0,1.24404655824,1518.42010357,1244.04655824,645.56303981
2024-11-08T10:00,3600,0.0,1.51714857927,0.0,0.0,0.0,1.51714857927,1853.68936831,1517.14857927,813.16860743
2024-11-08T11:00,3600,0.0,1.67466775497,0.0,0.0,0.0,1.67466775497,2047.87040378,1674.66775497,907.25433024
2024-11-08T12:00,3600,0.0,1.6958271675499998,0.0,0.0,0.0,1.6958271675499998,2073.99984366,1695.82716755,922.06735136
2024-11-08T13:00,3600,0.815294117647059,1.5667322617400001,0.815294117647059,0.0,0.0,0.7514381440929412,1914.74949915,1566.73226174,854.56864658
2024-11-08T14:00,3600,0.5153158933563811,1.31890175819,0.5153158933563811,0.0,0.0,0.8035858648336189,1610.13992725,1318.90175819,709.82623709
2024-11-08T15:00,3600,0.3862941470588236,0.95399002696,0.3862941470588236,0.0,0.0,0.5676958799011764,1164.24926133,953.99002696,503.97099075
2024-11-08T16:00,3600,0.2774448676470588,0.49749056862999996,0.2774448676470588,0.0,0.0,0.22004570098294118,610.758226,497.49056863,258.33543477
2024-11-08T17:00,3600,0.19416177058823525,0.05947163594,0.05947163594,0.13469013464823526,0.0,0.0,84.07475433,59.47163594,34.8417597
2024-11-08T18:00,3600,0.0,0.0,0.0,0.0,0.0,0.0,0.0,0.0,0.0
2024-11-08T19:00,3600,0.0,0.0,0.0,0.0,0.0,0.0,0.0,0.0,0.0
2024-11-08T20:00,3600,0.0,0.0,0.0,0.0,0.0,0.0,0.0,0.0,0.0
2024-11-08T21:00,3600,0.0,0.0,0.0,0.0,0.0,0.0,0.0,0.0,0.0
2024-11-08T22:00,3600,0.0,0.0,0.0,0.0,0.0,0.0,0.0,0.0,0.0
2024-11-08T23:00,3600,0.0,0.0,0.0,0.0,0.0,0.0,0.0,0.0,0.0
2024-11-09T00:00,3600,0.0,0.0,0.0,0.0,0.0,0.0,0.0,0.0,0.0
2024-11-09T01:00,3600,0.0,0.0,0.0,0.0,0.0,0.0,0.0,0.0,0.0
2024-11-09T02:00,3600,0.0,0.0,0.0,0.0,0.0,0.0,0.0,0.0,0.0
2024-11-09T03:00,3600,0.0,0.0,0.0,0.0,0.0,0.0,0.0,0.0,0.0
2024-11-09T04:00,3600,0.0,0.0,0.0,0.0,0.0,0.0,0.0,0.0,0.0
2024-11-09T05:00,3600,0.0,0.0,0.0,0.0,0.0,0.0,0.0,0.0,0.0
2024-11-09T06:00,3600,0.0,0.0,0.0,0.0,0.0,0.0,7.14491531,0.0,2.90460582
2024-11-09T07:00,3600,0.0,0.25134591963,0.0,0.0,0.0,0.25134591963,314.26501967,251.34591963,129.26756688
2024-11-09T08:00,3600,0.0,0.6588243210199999,0.0,0.0,0.0,0.6588243210199999,805.82944523,658.82432102,337.07580241
2024-11-09T09:00,3600,0.0,1.0281360882900001,0.0,0.0,0.0,1.0281360882900001,1254.59894697,1028.13608829,533.6539811
2024-11-09T10:00,3600,0.0,1.1720832638799998,0.0,0.0,0.0,1.1720832638799998,1430.36745815,1172.08326388,622.20892602
2024-11-09T11:00,3600,0.0,1.30878861398,0.0,0.0,0.0,1.30878861398,1597.74063781,1308.78861398,700.09726412
2024-11-09T12:00,3600,0.0,1.1403465387,0.0,0.0,0.0,1.1403465387,1391.57353687,1140.3465387,604.8639535
2024-11-09T13:00,3600,0.0,1.2083698459,0.0,0.0,0.0,1.2083698459,1474.75176294,1208.3698459,650.78517873
2024-11-09T14:00,3600,0.0,0.7111591815,0.0,0.0,0.0,0.7111591815,869.23477843,711.1591815,374.14414178
2024-11-09T15:00,3600,0.0,0.68778951489,0.0,0.0,0.0,0.68778951489,840.91401094,687.78951489,361.69732367
2024-11-09T16:00,3600,0.0,0.22425467259,0.0,0.0,0.0,0.22425467259,281.71459903,224.25467259,118.03373462
2024-11-09T17:00,3600,0.0,0.035233115079999995,0.0,0.0,0.0,0.035233115079999995,55.05354113,35.23311508,22.85939839
2024-11-09T18:00,3600,0.0,0.0,0.0,0.0,0.0,0.0,0.0,0.0,0.0
2024-11-09T19:00,3600,0.0,0.0,0.0,0.0,0.0,0.0,0.0,0.0,0.0
2024-11-09T20:00,3600,0.0,0.0,0.0,0.0,0.0,0.0,0.0,0.0,0.0
2024-11-09T21:00,3600,0.0,0.0,0.0,0.0,0.0,0.0,0.0,0.0,0.0
2024-11-09T22:00,3600,0.0,0.0,0.0,0.0,0.0,0.0,0.0,0.0,0.0
2024-11-09T23:00,3600,0.0,0.0,0.0,0.0,0.0,0.0,0.0,0.0,0.0
2024-11-10T00:00,3600,0.0,0.0,0.0,0.0,0.0,0.0,0.0,0.0,0.0
2024-11-10T01:00,3600,0.0,0.0,0.0,0.0,0.0,0.0,0.0,0.0,0.0
2024-11-10T02:00,3600,0.0,0.0,0.0,0.0,0.0,0.0,0.0,0.0,0.0
2024-11-10T03:00,3600,0.0,0.0,0.0,0.0,0.0,0.0,0.0,0.0,0.0
2024-11-10T04:00,3600,0.0,0.0,0.0,0.0,0.0,0.0,0.0,0.0,0.0
2024-11-10T05:00,3600,0.0,0.0,0.0,0.0,0.0,0.0,0.0,0.0,0.0
2024-11-10T06:00,3600,0.0,0.0,0.0,0.0,0.0,0.0,2.36560215,0.0,0.96820194
2024-11-10T07:00,3600,0.0,0.0652605027,0.0,0.0,0.0,0.0652605027,91.00777175,65.2605027,37.34924015
2024-11-10T08:00,3600,0.0,0.19894759798,0.0,0.0,0.0,0.19894759798,251.32254343,198.94759798,103.64768906
2024-11-10T09:00,3600,0.0,0.35235294512,0.0,0.0,0.0,0.35235294512,435.76950998,352.35294512,180.99744234
2024-11-10T10:00,3600,0.0,0.7207348978799999,0.0,0.0,0.0,0.7207348978799999,880.84279076,720.73489788,374.11559575
2024-11-10T11:00,3600,0.0,0.7294742701500001,0.0,0.0,0.0,0.7294742701500001,891.43877752,729.47427015,379.54615663
2024-11-10T12:00,3600,0.0,0.65992611597,0.0,0.0,0.0,0.65992611597,807.16366445,659.92611597,342.57148301
2024-11-10T13:00,3600,0.0,0.6684082883,0.0,0.0,0.0,0.6684082883,817.43607695,668.4082883,348.82388198
2024-11-10T14:00,3600,0.0,0.18705558921999998,0.0,0.0,0.0,0.18705558921999998,237.04594482,187.05558922,99.02123688
2024-11-10T15:00,3600,0.0,0.16280532007999998,0.0,0.0,0.0,0.16280532007999998,207.94267221,162.80532008,86.71768768
2024-11-10T16:00,3600,0.0,0.059569311779999995,0.0,0.0,0.0,0.059569311779999995,84.1917294,59.56931178,34.85526989
2024-11-10T17:00,3600,0.0,0.00491774576,0.0,0.0,0.0,0.00491774576,18.77450437,4.91774576,7.74561553
2024-11-10T18:00,3600,0.0,0.0,0.0,0.0,0.0,0.0,0.0,0.0,0.0
2024-11-10T19:00,3600,0.0,0.0,0.0,0.0,0.0,0.0,0.0,0.0,0.0
2024-11-10T20:00,3600,0.0,0.0,0.0,0.0,0.0,0.0,0.0,0.0,0.0
2024-11-10T21:00,3600,0.0,0.0,0.0,0.0,0.0,0.0,0.0,0.0,0.0
2024-11-10T22:00,3600,0.0,0.0,0.0,0.0,0.0,0.0,0.0,0.0,0.0
2024-11-10T23:00,3600,0.0,0.0,0.0,0.0,0.0,0.0,0.0,0.0,0.0
2024-11-11T00:00,3600,0.0,0.0,0.0,0.0,0.0,0.0,0.0,0.0,0.0
2024-11-11T01:00,3600,0.0,0.0,0.0,0.0,0.0,0.0,0.0,0.0,0.0
2024-11-11T02:00,3600,0.0,0.0,0.0,0.0,0.0,0.0,0.0,0.0,0.0
2024-11-11T03:00,3600,0.0,0.0,0.0,0.0,0.0,0.0,0.0,0.0,0.0
2024-11-11T04:00,3600,0.0,0.0,0.0,0.0,0.0,0.0,0.0,0.0,0.0
2024-11-11T05:00,3600,0.0,0.0,0.0,0.0,0.0,0.0,0.0,0.0,0.0
2024-11-11T06:00,3600,0.0,0.0,0.0,0.0,0.0,0.0,4.73900734,0.0,1.93640388
2024-11-11T07:00,3600,0.0,0.10635114412,0.0,0.0,0.0,0.10635114412,140.2409722,106.35114412,57.60994251
2024-11-11T08:00,3600,0.8850360596951015,0.33338746759000004,0.33338746759000004,0.5516485921051014,0.0,0.0,412.93805891,333.38746759,171.23732502
2024-11-11T09:00,3600,0.4041147022307111,0.7200922247800001,0.4041147022307111,0.0,0.0,0.315977522549289,880.0636551,720.09222478,371.56766093
2024-11-11T10:00,3600,0.5565664466142268,1.24371114474,0.5565664466142268,0.0,0.0,0.6871446981257732,1518.00941831,1243.71114474,667.93200059
2024-11-11T11:00,3600,0.6410036001451316,1.5350413182699998,0.6410036001451316,0.0,0.0,0.8940377181248682,1875.71673722,1535.04131827,842.30514966
2024-11-11T12:00,3600,0.6711332006577126,1.57348086092,0.6711332006577126,0.0,0.0,0.9023476602622873,1923.06463505,1573.48086092,867.8988339
2024-11-11T13:00,3600,0.7084902256355455,1.46182836394,0.7084902256355455,0.0,0.0,0.7533381383044545,1785.63398064,1461.82836394,808.63219726
2024-11-11T14:00,3600,0.6381802328246782,1.07624380978,0.6381802328246782,0.0,0.0,0.43806357695532183,1313.28795996,1076.24380978,582.80901704
2024-11-11T15:00,3600,0.53729993967803,0.59852314625,0.53729993967803,0.0,0.0,0.06122320657197,732.84960092,598.52314625,316.96895809
2024-11-11T16:00,3600,0.44223441759250476,0.25130472794,0.25130472794,0.19092968965250479,0.0,0.0,314.21551508,251.30472794,133.0335982
2024-11-11T17:00,3600,0.41277980560293814,0.024843187189999998,0.024843187189999998,0.38793661841293814,0.0,0.0,42.61743328,24.84318719,17.83336108
2024-11-11T18:00,3600,0.0,0.0,0.0,0.0,0.0,0.0,0.0,0.0,0.0
2024-11-11T19:00,3600,0.0,0.0,0.0,0.0,0.0,0.0,0.0,0.0,0.0
2024-11-11T20:00,3600,0.0,0.0,0.0,0.0,0.0,0.0,0.0,0.0,0.0
2024-11-11T21:00,3600,0.0,0.0,0.0,0.0,0.0,0.0,0.0,0.0,0.0
2024-11-11T22:00,3600,0.0,0.0,0.0,0.0,0.0,0.0,0.0,0.0,0.0
2024-11-11T23:00,3600,0.0,0.0,0.0,0.0,0.0,0.0,0.0,0.0,0.0
2024-11-12T00:00,3600,0.0,0.0,0.0,0.0,0.0,0.0,0.0,0.0,0.0
2024-11-12T01:00,3600,0.0,0.0,0.0,0.0,0.0,0.0,0.0,0.0,0.0
2024-11-12T02:00,3600,0.0,0.0,0.0,0.0,0.0,0.0,0.0,0.0,0.0
2024-11-12T03:00,3600,0.0,0.0,0.0,0.0,0.0,0.0,0.0,0.0,0.0
2024-11-12T04:00,3600,0.0,0.0,0.0,0.0,0.0,0.0,0.0,0.0,0.0
2024-11-12T05:00,3600,0.0,0.0,0.0,0.0,0.0,0.0,0.0,0.0,0.0
2024-11-12T06:00,3600,0.0,0.0,0.0,0.0,0.0,0.0,9.49584434,0.0,3.87280777
2024-11-12T07:00,3600,0.0,0.28600045633000004,0.0,0.0,0.0,0.28600045633000004,355.92651182,286.00045633,147.18182007
2024-11-12T08:00,3600,0.0,0.74146940354,0.0,0.0,0.0,0.74146940354,905.9850164,741.46940354,382.93849477
2024-11-12T09:00,3600,0.0,1.13861126289,0.0,0.0,0.0,1.13861126289,1389.45306976,1138.61126289,599.11201624
2024-11-12T10:00,3600,0.7376521783246983,1.4028216735599999,0.7376521783246983,0.0,0.0,0.6651694952353016,1713.12345331,1402.82167356,761.38873207
2024-11-12T11:00,3600,0.6511124552238478,1.55259426591,0.6511124552238478,0.0,0.0,0.9014818106861523,1897.33320565,1552.59426591,852.02052723
2024-11-12T12:00,3600,0.6650494874085432,1.57341260352,0.6650494874085432,0.0,0.0,0.9083631161114568,1922.98052778,1573.41260352,866.90650394
2024-11-12T13:00,3600,0.7266708386226719,1.44877073139,0.7266708386226719,0.0,0.0,0.7220998927673281,1769.58096934,1448.77073139,802.08275233
2024-11-12T14:00,3600,0.6784626936512632,1.22593455707,0.6784626936512632,0.0,0.0,0.5474718634187368,1496.24726974,1225.93455707,670.22704713
2024-11-12T15:00,3600,0.5920335574347925,0.8663696487800001,0.5920335574347925,0.0,0.0,0.27433609134520764,1057.64384863,866.36964878,464.40170354
2024-11-12T16:00,3600,0.487948440959032,0.44143067821,0.44143067821,0.04651776274903202,0.0,0.0,543.11240031,441.43067821,232.50242519
2024-11-12T17:00,3600,0.41777337904074396,0.04625354314,0.04625354314,0.37151983590074394,0.0,0.0,68.24690108,46.25354314,28.64076964
2024-11-12T18:00,3600,0.0,0.0,0.0,0.0,0.0,0.0,0.0,0.0,0.0
2024-11-12T19:00,3600,0.0,0.0,0.0,0.0,0.0,0.0,0.0,0.0,0.0
2024-11-12T20:00,3600,0.0,0.0,0.0,0.0,0.0,0.0,0.0,0.0,0.0
2024-11-12T21:00,3600,0.0,0.0,0.0,0.0,0.0,0.0,0.0,0.0,0.0
2024-11-12T22:00,3600,0.0,0.0,0.0,0.0,0.0,0.0,0.0,0.0,0.0
2024-11-12T23:00,3600,0.0,0.0,0.0,0.0,0.0,0.0,0.0,0.0,0.0
2024-11-13T00:00,3600,0.0,0.0,0.0,0.0,0.0,0.0,0.0,0.0,0.0
2024-11-13T01:00,3600,0.0,0.0,0.0,0.0,0.0,0.0,0.0,0.0,0.0
2024-11-13T02:00,3600,0.0,0.0,0.0,0.0,0.0,0.0,0.0,0.0,0.0
2024-11-13T03:00,3600,0.0,0.0,0.0,0.0,0.0,0.0,0.0,0.0,0.0
2024-11-13T04:00,3600,0.0,0.0,0.0,0.0,0.0,0.0,0.0,0.0,0.0
2024-11-13T05:00,3600,0.0,0.0,0.0,0.0,0.0,0.0,0.0,0.0,0.0
2024-11-13T06:00,3600,0.0,0.0,0.0,0.0,0.0,0.0,7.12503636,0.0,2.90460582
2024-11-13T07:00,3600,0.0,0.25940318119,0.0,0.0,0.0,0.25940318119,323.94903991,259.40318119,133.79937458
2024-11-13T08:00,3600,0.0,0.68434627738,0.0,0.0,0.0,0.68434627738,836.74233657,684.34627738,353.52186058
2024-11-13T09:00,3600,0.0,0.9633814516700001,0.0,0.0,0.0,0.9633814516700001,1175.68603973,963.38145167,504.99133406
2024-11-13T10:00,3600,0.6560290962442665,1.14280813242,0.6560290962442665,0.0,0.0,0.48677903617573337,1394.58166801,1142.80813242,613.61762969
2024-11-13T11:00,3600,0.6327545397233678,1.21993205439,0.6327545397233678,0.0,0.0,0.5871775146666323,1488.90065924,1219.93205439,660.06514906
2024-11-13T12:00,3600,0.5997674833585073,1.00329061554,0.5997674833585073,0.0,0.0,0.4035231321814928,1224.30968854,1003.29061554,536.92303222
2024-11-13T13:00,3600,0.5918634856197593,0.7912120926999999,0.5918634856197593,0.0,0.0,0.1993486070802406,966.34187523,791.2120927,421.16729188
2024-11-13T14:00,3600,0.5511921963752242,0.64515812372,0.5511921963752242,0.0,0.0,0.09396592734477582,789.28264153,645.15812372,339.83763183
2024-11-13T15:00,3600,0.4965601802522689,0.42507721097,0.42507721097,0.07148296928226888,0.0,0.0,523.39241352,425.07721097,221.81642721
2024-11-13T16:00,3600,0.43488252437012836,0.28118451696,0.28118451696,0.15369800741012835,0.0,0.0,350.13522296,281.18451696,146.03646447
2024-11-13T17:00,3600,0.3633666708787703,0.01447219473,0.01447219473,0.3488944761487703,0.0,0.0,30.20634477,14.47219473,12.43278579
2024-11-13T18:00,3600,0.0,0.0,0.0,0.0,0.0,0.0,0.0,0.0,0.0
2024-11-13T19:00,3600,0.0,0.0,0.0,0.0,0.0,0.0,0.0,0.0,0.0
2024-11-13T20:00,3600,0.0,0.0,0.0,0.0,0.0,0.0,0.0,0.0,0.0
2024-11-13T21:00,3600,0.0,0.0,0.0,0.0,0.0,0.0,0.0,0.0,0.0
2024-11-13T22:00,3600,0.0,0.0,0.0,0.0,0.0,0.0,0.0,0.0,0.0
2024-11-13T23:00,3600,0.0,0.0,0.0,0.0,0.0,0.0,0.0,0.0,0.0
2024-11-14T00:00,3600,0.0,0.0,0.0,0.0,0.0,0.0,0.0,0.0,0.0
2024-11-14T01:00,3600,0.0,0.0,0.0,0.0,0.0,0.0,0.0,0.0,0.0
2024-11-14T02:00,3600,0.0,0.0,0.0,0.0,0.0,0.0,0.0,0.0,0.0
2024-11-14T03:00,3600,0.0,0.0,0.0,0.0,0.0,0.0,0.0,0.0,0.0
2024-11-14T04:00,3600,0.0,0.0,0.0,0.0,0.0,0.0,0.0,0.0,0.0
2024-11-14T05:00,3600,0.0,0.0,0.0,0.0,0.0,0.0,0.0,0.0,0.0
2024-11-14T06:00,3600,0.0,0.0,0.0,0.0,0.0,0.0,2.35404059,0.0,0.96820194
2024-11-14T07:00,3600,0.0,0.0616512929,0.0,0.0,0.0,0.0616512929,86.68512718,61.6512929,35.77031408
2024-11-14T08:00,3600,0.0,0.15216366515000002,0.0,0.0,0.0,0.15216366515000002,195.17548468,152.16366515,80.94608698
2024-11-14T09:00,3600,0.6356374922615684,0.35261648404999996,0.35261648404999996,0.28302100821156845,0.0,0.0,436.0868258,352.61648405,182.64336001
2024-11-14T10:00,3600,0.5325637868755048,0.34651916869,0.34651916869,0.18604461818550477,0.0,0.0,428.74570829,346.51916869,181.15981986
2024-11-14T11:00,3600,0.6097080539447336,0.7391486175099999,0.6097080539447336,0.0,0.0,0.12944056356526634,903.17039391,739.14861751,387.91897678
2024-11-14T12:00,3600,0.6360383626240488,0.81073030332,0.6360383626240488,0.0,0.0,0.17469194069595118,990.04033049,810.73030332,427.3670903
2024-11-14T13:00,3600,0.6471248924300492,0.6851694843899999,0.6471248924300492,0.0,0.0,0.03804459195995069,837.73967333,685.16948439,361.36611297
2024-11-14T14:00,3600,0.5576017106304316,0.26638678215,0.26638678215,0.2912149284804316,0.0,0.0,332.34379147,266.38678215,140.76719938
2024-11-14T15:00,3600,0.5193417627196217,0.17051324291,0.17051324291,0.3488285198096217,0.0,0.0,217.19171121,170.51324291,91.37623543
2024-11-14T16:00,3600,0.47591974684151744,0.08081010860999999,0.08081010860999999,0.39510963823151746,0.0,0.0,109.63434411,80.81010861,45.67527114
2024-11-14T17:00,3600,0.44147521984745186,0.00066607159,0.00066607159,0.4408091482574519,0.0,0.0,13.68804326,0.66607159,5.67599062
2024-11-14T18:00,3600,0.0,0.0,0.0,0.0,0.0,0.0,0.0,0.0,0.0
2024-11-14T19:00,3600,0.0,0.0,0.0,0.0,0.0,0.0,0.0,0.0,0.0
2024-11-14T20:00,3600,0.0,0.0,0.0,0.0,0.0,0.0,0.0,0.0,0.0
2024-11-14T21:00,3600,0.0,0.0,0.0,0.0,0.0,0.0,0.0,0.0,0.0
2024-11-14T22:00,3600,0.0,0.0,0.0,0.0,0.0,0.0,0.0,0.0,0.0
2024-11-14T23:00,3600,0.0,0.0,0.0,0.0,0.0,0.0,0.0,0.0,0.0
2024-11-15T00:00,3600,0.0,0.0,0.0,0.0,0.0,0.0,0.0,0.0,0.0
2024-11-15T01:00,3600,0.0,0.0,0.0,0.0,0.0,0.0,0.0,0.0,0.0
2024-11-15T02:00,3600,0.0,0.0,0.0,0.0,0.0,0.0,0.0,0.0,0.0
2024-11-15T03:00,3600,0.0,0.0,0.0,0.0,0.0,0.0,0.0,0.0,0.0
2024-11-15T04:00,3600,0.0,0.0,0.0,0.0,0.0,0.0,0.0,0.0,0.0
2024-11-15T05:00,3600,0.0,0.0,0.0,0.0,0.0,0.0,0.0,0.0,0.0
2024-11-15T06:00,3600,0.0,0.0,0.0,0.0,0.0,0.0,0.0,0.0,0.0
2024-11-15T07:00,3600,0.0,0.00104971909,0.0,0.0,0.0,0.00104971909,14.1470011,1.04971909,5.80921165
2024-11-15T08:00,3600,0.0,0.04825624488,0.0,0.0,0.0,0.04825624488,70.64476725,48.25624488,29.05704813
2024-11-15T09:00,3600,0.0,0.08107928829,0.0,0.0,0.0,0.08107928829,109.95683595,81.07928829,45.28275153
2024-11-15T10:00,3600,0.5630528628746468,0.18209155225999998,0.18209155225999998,0.3809613106146469,0.0,0.0,231.08744082,182.09155226,96.25751465
2024-11-15T11:00,3600,0.4944436751172233,0.19458221719,0.19458221719,0.2998614579272233,0.0,0.0,246.08145223,194.58221719,102.59697736
2024-11-15T12:00,3600,0.47760661470588234,0.12360704382999999,0.12360704382999999,0.35399957087588235,0.0,0.0,160.92737252,123.60704383,66.80593396
2024-11-15T13:00,3600,0.4879742735294118,0.12339897765999999,0.12339897765999999,0.36457529586941184,0.0,0.0,160.67790347,123.39897766,66.80593396
2024-11-15T14:00,3600,0.49862868529411764,0.16761036238000002,0.16761036238000002,0.3310183229141176,0.0,0.0,213.70827723,167.61036238,89.07457861
2024-11-15T15:00,3600,0.4863088294117646,0.13155160117,0.13155160117,0.3547572282417646,0.0,0.0,170.45352174,131.55160117,70.92720095
2024-11-15T16:00,3600,0.4551948382352941,0.08421541150999999,0.08421541150999999,0.3709794267252941,0.0,0.0,113.71419858,84.21541151,47.0768198
2024-11-15T17:00,3600,0.44111028235294125,0.004695299910000001,0.004695299910000001,0.43641498244294125,0.0,0.0,18.50837301,4.69529991,7.63369474
2024-11-15T18:00,3600,0.0,0.0,0.0,0.0,0.0,0.0,0.0,0.0,0.0
2024-11-15T19:00,3600,0.0,0.0,0.0,0.0,0.0,0.0,0.0,0.0,0.0
2024-11-15T20:00,3600,0.0,0.0,0.0,0.0,0.0,0.0,0.0,0.0,0.0
2024-11-15T21:00,3600,0.0,0.0,0.0,0.0,0.0,0.0,0.0,0.0,0.0
2024-11-15T22:00,3600,0.0,0.0,0.0,0.0,0.0,0.0,0.0,0.0,0.0
2024-11-15T23:00,3600,0.0,0.0,0.0,0.0,0.0,0.0,0.0,0.0,0.0
2024-11-16T00:00,3600,0.0,0.0,0.0,0.0,0.0,0.0,0.0,0.0,0.0
2024-11-16T01:00,3600,0.0,0.0,0.0,0.0,0.0,0.0,0.0,0.0,0.0
2024-11-16T02:00,3600,0.0,0.0,0.0,0.0,0.0,0.0,0.0,0.0,0.0
2024-11-16T03:00,3600,0.0,0.0,0.0,0.0,0.0,0.0,0.0,0.0,0.0
2024-11-16T04:00,3600,0.0,0.0,0.0,0.0,0.0,0.0,0.0,0.0,0.0
2024-11-16T05:00,3600,0.0,0.0,0.0,0.0,0.0,0.0,0.0,0.0,0.0
2024-11-16T06:00,3600,0.0,0.0,0.0,0.0,0.0,0.0,2.35898831,0.0,0.96820194
2024-11-16T07:00,3600,0.0,0.07772200750000001,0.0,0.0,0.0,0.07772200750000001,105.93474547,77.7220075,43.63512986
2024-11-16T08:00,3600,0.0,0.19991039698000002,0.0,0.0,0.0,0.19991039698000002,252.47853986,199.91039698,104.65596399
2024-11-16T09:00,3600,0.0,0.34138905633000005,0.0,0.0,0.0,0.34138905633000005,422.56973644,341.38905633,176.48367028
2024-11-16T10:00,3600,0.0,0.33767182472,0.0,0.0,0.0,0.33767182472,418.09505082,337.67182472,175.90197096
2024-11-16T11:00,3600,0.0,0.54080675946,0.0,0.0,0.0,0.54080675946,663.07491617,540.80675946,281.93354512
2024-11-16T12:00,3600,0.0,0.6164868326099999,0.0,0.0,0.0,0.6164868326099999,754.58165698,616.48683261,322.45412752
2024-11-16T13:00,3600,0.0,0.53335701883,0.0,0.0,0.0,0.53335701883,654.07421948,533.35701883,279.27457062
2024-11-16T14:00,3600,0.0,0.49050473135,0.0,0.0,0.0,0.49050473135,602.32477692,490.50473135,256.70238612
2024-11-16T15:00,3600,0.0,0.47870656450000004,0.0,0.0,0.0,0.47870656450000004,588.08426952,478.7065645,250.55785638
2024-11-16T16:00,3600,0.0,0.23377879572000002,0.0,0.0,0.0,0.23377879572000002,293.15608273,233.77879572,123.03354069
2024-11-16T17:00,3600,0.0,0.036774657259999996,0.0,0.0,0.0,0.036774657259999996,56.89887401,36.77465726,23.63148199
2024-11-16T18:00,3600,0.0,0.0,0.0,0.0,0.0,0.0,0.0,0.0,0.0
2024-11-16T19:00,3600,0.0,0.0,0.0,0.0,0.0,0.0,0.0,0.0,0.0
2024-11-16T20:00,3600,0.0,0.0,0.0,0.0,0.0,0.0,0.0,0.0,0.0
2024-11-16T21:00,3600,0.0,0.0,0.0,0.0,0.0,0.0,0.0,0.0,0.0
2024-11-16T22:00,3600,0.0,0.0,0.0,0.0,0.0,0.0,0.0,0.0,0.0
2024-11-16T23:00,3600,0.0,0.0,0.0,0.0,0.0,0.0,0.0,0.0,0.0
2024-11-17T00:00,3600,0.0,0.0,0.0,0.0,0.0,0.0,0.0,0.0,0.0
2024-11-17T01:00,3600,0.0,0.0,0.0,0.0,0.0,0.0,0.0,0.0,0.0
2024-11-17T02:00,3600,0.0,0.0,0.0,0.0,0.0,0.0,0.0,0.0,0.0
2024-11-17T03:00,3600,0.0,0.0,0.0,0.0,0.0,0.0,0.0,0.0,0.0
2024-11-17T04:00,3600,0.0,0.0,0.0,0.0,0.0,0.0,0.0,0.0,0.0
2024-11-17T05:00,3600,0.0,0.0,0.0,0.0,0.0,0.0,0.0,0.0,0.0
2024-11-17T06:00,3600,0.0,0.0,0.0,0.0,0.0,0.0,4.7241703,0.0,1.93640388
2024-11-17T07:00,3600,0.0,0.166906362,0.0,0.0,0.0,0.166906362,212.86351027,166.906362,87.91121956
2024-11-17T08:00,3600,0.0,0.49406829068,0.0,0.0,0.0,0.49406829068,606.6266435,494.06829068,254.46215459
2024-11-17T09:00,3600,0.0,0.95385556463,0.0,0.0,0.0,0.95385556463,1164.08552927,953.85556463,500.43652319
2024-11-17T10:00,3600,0.0,1.12084516275,0.0,0.0,0.0,1.12084516275,1367.74733589,1120.84516275,597.17081423
2024-11-17T11:00,3600,0.0,1.12725722507,0.0,0.0,0.0,1.12725722507,1375.58042644,1127.25722507,600.42046679
2024-11-17T12:00,3600,0.0,0.9276124631799999,0.0,0.0,0.0,0.9276124631799999,1132.13780518,927.61246318,489.93126975
2024-11-17T13:00,3600,0.0,0.54707180042,0.0,0.0,0.0,0.54707180042,670.64523835,547.07180042,286.09128553
2024-11-17T14:00,3600,0.0,0.56502362356,0.0,0.0,0.0,0.56502362356,692.34210408,565.02362356,295.4148806
2024-11-17T15:00,3600,0.0,0.43626874670000004,0.0,0.0,0.0,0.43626874670000004,536.88718896,436.2687467,227.80350866
2024-11-17T16:00,3600,0.0,0.29849071852,0.0,0.0,0.0,0.29849071852,370.94876653,298.49071852,156.21993185
2024-11-17T17:00,3600,0.0,0.02933318827,0.0,0.0,0.0,0.02933318827,47.9914,29.33318827,19.96208761
2024-11-17T18:00,3600,0.0,0.0,0.0,0.0,0.0,0.0,0.0,0.0,0.0
2024-11-17T19:00,3600,0.0,0.0,0.0,0.0,0.0,0.0,0.0,0.0,0.0
2024-11-17T20:00,3600,0.0,0.0,0.0,0.0,0.0,0.0,0.0,0.0,0.0
2024-11-17T21:00,3600,0.0,0.0,0.0,0.0,0.0,0.0,0.0,0.0,0.0
2024-11-17T22:00,3600,0.0,0.0,0.0,0.0,0.0,0.0,0.0,0.0,0.0
2024-11-17T23:00,3600,0.0,0.0,0.0,0.0,0.0,0.0,0.0,0.0,0.0
2024-11-18T00:00,3600,0.0,0.0,0.0,0.0,0.0,0.0,0.0,0.0,0.0
2024-11-18T01:00,3600,0.0,0.0,0.0,0.0,0.0,0.0,0.0,0.0,0.0
2024-11-18T02:00,3600,0.0,0.0,0.0,0.0,0.0,0.0,0.0,0.0,0.0
2024-11-18T03:00,3600,0.0,0.0,0.0,0.0,0.0,0.0,0.0,0.0,0.0
2024-11-18T04:00,3600,0.0,0.0,0.0,0.0,0.0,0.0,0.0,0.0,0.0
2024-11-18T05:00,3600,0.0,0.0,0.0,0.0,0.0,0.0,0.0,0.0,0.0
2024-11-18T06:00,3600,0.0,0.0,0.0,0.0,0.0,0.0,2.37550649,0.0,0.96820194
2024-11-18T07:00,3600,0.0,0.18974455997000003,0.0,0.0,0.0,0.18974455997000003,240.27383581,189.74455997,98.69410094
2024-11-18T08:00,3600,0.8475629191523509,0.51791521359,0.51791521359,0.3296477055623509,0.0,0.0,635.42157178,517.91521359,264.32090854
2024-11-18T09:00,3600,0.8452164139798726,1.0301842265299999,0.8452164139798726,0.0,0.0,0.1849678125501273,1257.09648091,1030.18422653,533.36836146
2024-11-18T10:00,3600,0.6150882545160841,1.29488526239,0.6150882545160841,0.0,0.0,0.679797007873916,1580.69826333,1294.88526239,684.02687588
2024-11-18T11:00,3600,0.5087262151452577,1.56041197457,0.5087262151452577,0.0,0.0,1.0516857594247422,1906.96308381,1560.41197457,834.87004685
2024-11-18T12:00,3600,0.5243717862665314,1.5633589222400002,0.5243717862665314,0.0,0.0,1.0389871359734688,1910.59352156,1563.35892224,838.01299174
2024-11-18T13:00,3600,0.5009640612689276,1.28139978942,0.5009640612689276,0.0,0.0,0.7804357281510724,1564.17245184,1281.39978942,679.52015327
2024-11-18T14:00,3600,0.36089233893937933,0.56421736705,0.36089233893937933,0.0,0.0,0.2033250281106207,691.36749362,564.21736705,291.5952393
2024-11-18T15:00,3600,0.2842329860411599,0.23456609434,0.23456609434,0.04966689170115987,0.0,0.0,294.10196713,234.56609434,122.4666412
2024-11-18T16:00,3600,0.21486538763431876,0.12390367048999999,0.12390367048999999,0.09096171714431876,0.0,0.0,161.28302628,123.90367049,66.62470941
2024-11-18T17:00,3600,0.18817635573983726,0.0030116199499999998,0.0030116199499999998,0.18516473578983728,0.0,0.0,16.49407504,3.01161995,6.77741359
2024-11-18T18:00,3600,0.0,0.0,0.0,0.0,0.0,0.0,0.0,0.0,0.0
2024-11-18T19:00,3600,0.0,0.0,0.0,0.0,0.0,0.0,0.0,0.0,0.0
2024-11-18T20:00,3600,0.0,0.0,0.0,0.0,0.0,0.0,0.0,0.0,0.0
2024-11-18T21:00,3600,0.0,0.0,0.0,0.0,0.0,0.0,0.0,0.0,0.0
2024-11-18T22:00,3600,0.0,0.0,0.0,0.0,0.0,0.0,0.0,0.0,0.0
2024-11-18T23:00,3600,0.0,0.0,0.0,0.0,0.0,0.0,0.0,0.0,0.0
2024-11-19T00:00,3600,0.0,0.0,0.0,0.0,0.0,0.0,0.0,0.0,0.0
2024-11-19T01:00,3600,0.0,0.0,0.0,0.0,0.0,0.0,0.0,0.0,0.0
2024-11-19T02:00,3600,0.0,0.0,0.0,0.0,0.0,0.0,0.0,0.0,0.0
2024-11-19T03:00,3600,0.0,0.0,0.0,0.0,0.0,0.0,0.0,0.0,0.0
2024-11-19T04:00,3600,0.0,0.0,0.0,0.0,0.0,0.0,0.0,0.0,0.0
2024-11-19T05:00,3600,0.0,0.0,0.0,0.0,0.0,0.0,0.0,0.0,0.0
2024-11-19T06:00,3600,0.0,0.0,0.0,0.0,0.0,0.0,0.0,0.0,0.0
2024-11-19T07:00,3600,0.0,0.02547669562,0.0,0.0,0.0,0.02547669562,43.3756365,25.47669562,17.5256099
2024-11-19T08:00,3600,0.0,0.08753145794,0.0,0.0,0.0,0.08753145794,117.68736043,87.53145794,47.61289847
2024-11-19T09:00,3600,0.0,0.13700082188999999,0.0,0.0,0.0,0.13700082188999999,176.98836893,137.00082189,71.64694366
2024-11-19T10:00,3600,0.0,0.12568731401,0.0,0.0,0.0,0.12568731401,163.42164595,125.68731401,66.15011353
2024-11-19T11:00,3600,0.0,0.17475309008999998,0.0,0.0,0.0,0.17475309008999998,222.27982861,174.75309009,90.04278055
2024-11-19T12:00,3600,0.0,0.12136634170999999,0.0,0.0,0.0,0.12136634170999999,158.24084539,121.36634171,63.90132813
2024-11-19T13:00,3600,0.0,0.12719525685,0.0,0.0,0.0,0.12719525685,165.22975028,127.19525685,66.80593396
2024-11-19T14:00,3600,0.0,0.14611376442,0.0,0.0,0.0,0.14611376442,187.91830697,146.11376442,76.06459164
2024-11-19T15:00,3600,0.0,0.0533300592,0.0,0.0,0.0,0.0533300592,76.72011783,53.3300592,30.98246212
2024-11-19T16:00,3600,0.0,0.021370392050000003,0.0,0.0,0.0,0.021370392050000003,38.46123662,21.37039205,15.49123106
2024-11-19T17:00,3600,0.0,0.0,0.0,0.0,0.0,0.0,4.811586,0.0,1.93640388
2024-11-19T18:00,3600,0.0,0.0,0.0,0.0,0.0,0.0,0.0,0.0,0.0
2024-11-19T19:00,3600,0.0,0.0,0.0,0.0,0.0,0.0,0.0,0.0,0.0
2024-11-19T20:00,3600,0.0,0.0,0.0,0.0,0.0,0.0,0.0,0.0,0.0
2024-11-19T21:00,3600,0.0,0.0,0.0,0.0,0.0,0.0,0.0,0.0,0.0
2024-11-19T22:00,3600,0.0,0.0,0.0,0.0,0.0,0.0,0.0,0.0,0.0
2024-11-19T23:00,3600,0.0,0.0,0.0,0.0,0.0,0.0,0.0,0.0,0.0
2024-11-20T00:00,3600,0.0,0.0,0.0,0.0,0.0,0.0,0.0,0.0,0.0
2024-11-20T01:00,3600,0.0,0.0,0.0,0.0,0.0,0.0,0.0,0.0,0.0
2024-11-20T02:00,3600,0.0,0.0,0.0,0.0,0.0,0.0,0.0,0.0,0.0
2024-11-20T03:00,3600,0.0,0.0,0.0,0.0,0.0,0.0,0.0,0.0,0.0
2024-11-20T04:00,3600,0.0,0.0,0.0,0.0,0.0,0.0,0.0,0.0,0.0
2024-11-20T05:00,3600,0.0,0.0,0.0,0.0,0.0,0.0,0.0,0.0,0.0
2024-11-20T06:00,3600,0.0,0.0,0.0,0.0,0.0,0.0,0.0,0.0,0.0
2024-11-20T07:00,3600,0.0,0.00746196771,0.0,0.0,0.0,0.00746196771,21.81845565,7.46196771,8.71381747
2024-11-20T08:00,3600,0.0,0.02567052581,0.0,0.0,0.0,0.02567052581,43.60762044,25.67052581,17.42763494
2024-11-20T09:00,3600,0.0,0.08818193415999999,0.0,0.0,0.0,0.08818193415999999,118.46676484,88.18193416,47.44189513
2024-11-20T10:00,3600,0.0,0.08455197613,0.0,0.0,0.0,0.08455197613,114.1174466,84.55197613,45.90010056
2024-11-20T11:00,3600,0.0,0.09766327303,0.0,0.0,0.0,0.09766327303,129.82841488,97.66327303,52.28290483
2024-11-20T12:00,3600,0.0,0.10369087185999999,0.0,0.0,0.0,0.10369087185999999,137.05241574,103.69087186,55.18751066
2024-11-20T13:00,3600,0.0,0.09547991653,0.0,0.0,0.0,0.09547991653,127.21188664,95.47991653,51.31470289
2024-11-20T14:00,3600,0.0,0.047558898509999996,0.0,0.0,0.0,0.047558898509999996,69.80981356,47.55889851,28.0778563
2024-11-20T15:00,3600,0.0,0.06048510285,0.0,0.0,0.0,0.06048510285,85.28847664,60.48510285,34.33337502
2024-11-20T16:00,3600,0.0,0.04361921067,0.0,0.0,0.0,0.04361921067,65.09290729,43.61921067,26.14145242
2024-11-20T17:00,3600,0.0,0.0,0.0,0.0,0.0,0.0,7.24898093,0.0,2.90460582
2024-11-20T18:00,3600,0.0,0.0,0.0,0.0,0.0,0.0,0.0,0.0,0.0
2024-11-20T19:00,3600,0.0,0.0,0.0,0.0,0.0,0.0,0.0,0.0,0.0
2024-11-20T20:00,3600,0.0,0.0,0.0,0.0,0.0,0.0,0.0,0.0,0.0
2024-11-20T21:00,3600,0.0,0.0,0.0,0.0,0.0,0.0,0.0,0.0,0.0
2024-11-20T22:00,3600,0.0,0.0,0.0,0.0,0.0,0.0,0.0,0.0,0.0
2024-11-20T23:00,3600,0.0,0.0,0.0,0.0,0.0,0.0,0.0,0.0,0.0
2024-11-21T00:00,3600,0.0,0.0,0.0,0.0,0.0,0.0,0.0,0.0,0.0
2024-11-21T01:00,3600,0.0,0.0,0.0,0.0,0.0,0.0,0.0,0.0,0.0
2024-11-21T02:00,3600,0.0,0.0,0.0,0.0,0.0,0.0,0.0,0.0,0.0
2024-11-21T03:00,3600,0.0,0.0,0.0,0.0,0.0,0.0,0.0,0.0,0.0
2024-11-21T04:00,3600,0.0,0.0,0.0,0.0,0.0,0.0,0.0,0.0,0.0
2024-11-21T05:00,3600,0.0,0.0,0.0,0.0,0.0,0.0,0.0,0.0,0.0
2024-11-21T06:00,3600,0.0,0.0,0.0,0.0,0.0,0.0,2.42000716,0.0,0.96820194
2024-11-21T07:00,3600,0.0,0.11054484211000001,0.0,0.0,0.0,0.11054484211000001,145.26778208,110.54484211,58.43716028
2024-11-21T08:00,3600,0.0,0.41444909758,0.0,0.0,0.0,0.41444909758,510.57960675,414.44909758,207.98346643
2024-11-21T09:00,3600,0.0,0.7570976822100001,0.0,0.0,0.0,0.7570976822100001,924.9420055,757.09768221,382.06634638
2024-11-21T10:00,3600,0.0,1.36664886569,0.0,0.0,0.0,1.36664886569,1668.71310948,1366.64886569,716.24392488
2024-11-21T11:00,3600,0.0,1.54189462866,0.0,0.0,0.0,1.54189462866,1884.15572053,1541.89462866,817.19893948
2024-11-21T12:00,3600,0.0,1.5458630290999997,0.0,0.0,0.0,1.5458630290999997,1889.04281441,1545.8630291,820.66904122
2024-11-21T13:00,3600,0.0,1.44328088002,0.0,0.0,0.0,1.44328088002,1762.83297051,1443.28088002,766.14608609
2024-11-21T14:00,3600,0.0,1.00957933081,0.0,0.0,0.0,1.00957933081,1231.97494869,1009.57933081,524.63297882
2024-11-21T15:00,3600,0.0,0.71005840382,0.0,0.0,0.0,0.71005840382,867.90051145,710.05840382,364.73233111
2024-11-21T16:00,3600,0.0,0.3877715644,0.0,0.0,0.0,0.3877715644,478.42941185,387.7715644,197.83015871
2024-11-21T17:00,3600,0.0,0.036937487930000006,0.0,0.0,0.0,0.036937487930000006,57.09379665,36.93748793,23.25058827
2024-11-21T18:00,3600,0.0,0.0,0.0,0.0,0.0,0.0,0.0,0.0,0.0
2024-11-21T19:00,3600,0.0,0.0,0.0,0.0,0.0,0.0,0.0,0.0,0.0
2024-11-21T20:00,3600,0.0,0.0,0.0,0.0,0.0,0.0,0.0,0.0,0.0
2024-11-21T21:00,3600,0.0,0.0,0.0,0.0,0.0,0.0,0.0,0.0,0.0
2024-11-21T22:00,3600,0.0,0.0,0.0,0.0,0.0,0.0,0.0,0.0,0.0
2024-11-21T23:00,3600,0.0,0.0,0.0,0.0,0.0,0.0,0.0,0.0,0.0
2024-11-22T00:00,3600,0.0,0.0,0.0,0.0,0.0,0.0,0.0,0.0,0.0
2024-11-22T01:00,3600,0.0,0.0,0.0,0.0,0.0,0.0,0.0,0.0,0.0
2024-11-22T02:00,3600,0.0,0.0,0.0,0.0,0.0,0.0,0.0,0.0,0.0
2024-11-22T03:00,3600,0.0,0.0,0.0,0.0,0.0,0.0,0.0,0.0,0.0
2024-11-22T04:00,3600,0.0,0.0,0.0,0.0,0.0,0.0,0.0,0.0,0.0
2024-11-22T05:00,3600,0.0,0.0,0.0,0.0,0.0,0.0,0.0,0.0,0.0
2024-11-22T06:00,3600,0.0,0.0,0.0,0.0,0.0,0.0,2.41918467,0.0,0.96820194
2024-11-22T07:00,3600,0.0,0.14957358801999998,0.0,0.0,0.0,0.14957358801999998,192.06845073,149.57358802,77.29682607
2024-11-22T08:00,3600,0.0,0.43748550778999995,0.0,0.0,0.0,0.43748550778999995,538.35453072,437.48550779,219.17964267
2024-11-22T09:00,3600,0.0,0.74178674668,0.0,0.0,0.0,0.74178674668,906.36989602,741.78674668,373.69894185
2024-11-22T10:00,3600,0.0,0.8950192067499999,0.0,0.0,0.0,0.8950192067499999,1092.48160701,895.01920675,457.04938635
2024-11-22T11:00,3600,0.0,1.37462036432,0.0,0.0,0.0,1.37462036432,1678.49728248,1374.62036432,717.36358035
2024-11-22T12:00,3600,0.0,1.5814128753799999,0.0,0.0,0.0,1.5814128753799999,1932.83927958,1581.41287538,836.7069567
2024-11-22T13:00,3600,0.0,1.4704512233800002,0.0,0.0,0.0,1.4704512233800002,1796.23711293,1470.45122338,778.93966704
2024-11-22T14:00,3600,0.0,1.1639908971800002,0.0,0.0,0.0,1.1639908971800002,1420.47338746,1163.99089718,607.15578302
2024-11-22T15:00,3600,0.0,0.82946441613,0.0,0.0,0.0,0.82946441613,1012.79494407,829.46441613,426.22441093
2024-11-22T16:00,3600,0.0,0.42974097297999997,0.0,0.0,0.0,0.42974097297999997,529.01564628,429.74097298,218.01299135
2024-11-22T17:00,3600,0.0,0.04144705913,0.0,0.0,0.0,0.04144705913,62.49238082,41.44705913,25.31610434
2024-11-22T18:00,3600,0.0,0.0,0.0,0.0,0.0,0.0,0.0,0.0,0.0
2024-11-22T19:00,3600,0.0,0.0,0.0,0.0,0.0,0.0,0.0,0.0,0.0
2024-11-22T20:00,3600,0.0,0.0,0.0,0.0,0.0,0.0,0.0,0.0,0.0
2024-11-22T21:00,3600,0.0,0.0,0.0,0.0,0.0,0.0,0.0,0.0,0.0
2024-11-22T22:00,3600,0.0,0.0,0.0,0.0,0.0,0.0,0.0,0.0,0.0
2024-11-22T23:00,3600,0.0,0.0,0.0,0.0,0.0,0.0,0.0,0.0,0.0
2024-11-23T00:00,3600,0.0,0.0,0.0,0.0,0.0,0.0,0.0,0.0,0.0
2024-11-23T01:00,3600,0.0,0.0,0.0,0.0,0.0,0.0,0.0,0.0,0.0
2024-11-23T02:00,3600,0.0,0.0,0.0,0.0,0.0,0.0,0.0,0.0,0.0
2024-11-23T03:00,3600,0.0,0.0,0.0,0.0,0.0,0.0,0.0,0.0,0.0
2024-11-23T04:00,3600,0.0,0.0,0.0,0.0,0.0,0.0,0.0,0.0,0.0
2024-11-23T05:00,3600,0.0,0.0,0.0,0.0,0.0,0.0,0.0,0.0,0.0
2024-11-23T06:00,3600,0.0,0.0,0.0,0.0,0.0,0.0,2.41340333,0.0,0.96820194
2024-11-23T07:00,3600,0.0,0.05188094115,0.0,0.0,0.0,0.05188094115,74.98489625,51.88094115,30.16711561
2024-11-23T08:00,3600,0.0,0.29011635968,0.0,0.0,0.0,0.29011635968,360.87639753,290.11635968,146.32291548
2024-11-23T09:00,3600,0.0,0.5756381711,0.0,0.0,0.0,0.5756381711,705.17443548,575.6381711,289.03859853
2024-11-23T10:00,3600,0.0,1.14254441722,0.0,0.0,0.0,1.14254441722,1394.25939447,1142.54441722,590.96432838
2024-11-23T11:00,3600,0.0,1.3552788160299998,0.0,0.0,0.0,1.3552788160299998,1654.76016728,1355.27881603,710.12965558
2024-11-23T12:00,3600,0.0,1.38583514116,0.0,0.0,0.0,1.38583514116,1692.26477602,1385.83514116,728.78983818
2024-11-23T13:00,3600,0.0,1.09606915354,0.0,0.0,0.0,1.09606915354,1337.48950009,1096.06915354,572.27323802
2024-11-23T14:00,3600,0.0,1.0496048878,0.0,0.0,0.0,1.0496048878,1280.78318414,1049.6048878,547.71357043
2024-11-23T15:00,3600,0.0,0.68345362658,0.0,0.0,0.0,0.68345362658,835.66088424,683.45362658,350.73171425
2024-11-23T16:00,3600,0.0,0.30430488808,0.0,0.0,0.0,0.30430488808,377.94275046,304.30488808,155.48624679
2024-11-23T17:00,3600,0.0,0.03148734461,0.0,0.0,0.0,0.03148734461,50.56981084,31.48734461,20.53009353
2024-11-23T18:00,3600,0.0,0.0,0.0,0.0,0.0,0.0,0.0,0.0,0.0
2024-11-23T19:00,3600,0.0,0.0,0.0,0.0,0.0,0.0,0.0,0.0,0.0
2024-11-23T20:00,3600,0.0,0.0,0.0,0.0,0.0,0.0,0.0,0.0,0.0
2024-11-23T21:00,3600,0.0,0.0,0.0,0.0,0.0,0.0,0.0,0.0,0.0
2024-11-23T22:00,3600,0.0,0.0,0.0,0.0,0.0,0.0,0.0,0.0,0.0
2024-11-23T23:00,3600,0.0,0.0,0.0,0.0,0.0,0.0,0.0,0.0,0.0
2024-11-24T00:00,3600,0.0,0.0,0.0,0.0,0.0,0.0,0.0,0.0,0.0
2024-11-24T01:00,3600,0.0,0.0,0.0,0.0,0.0,0.0,0.0,0.0,0.0
2024-11-24T02:00,3600,0.0,0.0,0.0,0.0,0.0,0.0,0.0,0.0,0.0
2024-11-24T03:00,3600,0.0,0.0,0.0,0.0,0.0,0.0,0.0,0.0,0.0
2024-11-24T04:00,3600,0.0,0.0,0.0,0.0,0.0,0.0,0.0,0.0,0.0
2024-11-24T05:00,3600,0.0,0.0,0.0,0.0,0.0,0.0,0.0,0.0,0.0
2024-11-24T06:00,3600,0.0,0.0,0.0,0.0,0.0,0.0,0.0,0.0,0.0
2024-11-24T07:00,3600,0.0,0.04842966366999999,0.0,0.0,0.0,0.04842966366999999,70.85240841,48.42966367,28.53578431
2024-11-24T08:00,3600,0.0,0.18099217602,0.0,0.0,0.0,0.18099217602,229.76789531,180.99217602,93.05687584
2024-11-24T09:00,3600,0.0,0.39252860684,0.0,0.0,0.0,0.39252860684,484.1611556,392.52860684,197.9284095
2024-11-24T10:00,3600,0.0,0.45636924436000004,0.0,0.0,0.0,0.45636924436000004,561.13144621,456.36924436,232.1056723
2024-11-24T11:00,3600,0.0,0.32140332139,0.0,0.0,0.0,0.32140332139,398.51515893,321.40332139,163.78869559
2024-11-24T12:00,3600,0.0,0.44523103278000004,0.0,0.0,0.0,0.44523103278000004,547.69595161,445.23103278,226.1665303
2024-11-24T13:00,3600,0.0,0.55319169617,0.0,0.0,0.0,0.55319169617,678.04102848,553.19169617,282.73396766
2024-11-24T14:00,3600,0.0,0.28912571072,0.0,0.0,0.0,0.28912571072,359.68498459,289.12571072,148.08581657
2024-11-24T15:00,3600,0.0,0.35362165014,0.0,0.0,0.0,0.35362165014,437.297117,353.62165014,180.69853946
2024-11-24T16:00,3600,0.0,0.12677015486,0.0,0.0,0.0,0.12677015486,164.72002514,126.77015486,67.13508819
2024-11-24T17:00,3600,0.0,0.0033174165399999997,0.0,0.0,0.0,0.0033174165399999997,16.85991518,3.31741654,6.83786951
2024-11-24T18:00,3600,0.0,0.0,0.0,0.0,0.0,0.0,0.0,0.0,0.0
2024-11-24T19:00,3600,0.0,0.0,0.0,0.0,0.0,0.0,0.0,0.0,0.0
2024-11-24T20:00,3600,0.0,0.0,0.0,0.0,0.0,0.0,0.0,0.0,0.0
2024-11-24T21:00,3600,0.0,0.0,0.0,0.0,0.0,0.0,0.0,0.0,0.0
2024-11-24T22:00,3600,0.0,0.0,0.0,0.0,0.0,0.0,0.0,0.0,0.0
2024-11-24T23:00,3600,0.0,0.0,0.0,0.0,0.0,0.0,0.0,0.0,0.0
2024-11-25T00:00,3600,0.0,0.0,0.0,0.0,0.0,0.0,0.0,0.0,0.0
2024-11-25T01:00,3600,0.0,0.0,0.0,0.0,0.0,0.0,0.0,0.0,0.0
2024-11-25T02:00,3600,0.0,0.0,0.0,0.0,0.0,0.0,0.0,0.0,0.0
2024-11-25T03:00,3600,0.0,0.0,0.0,0.0,0.0,0.0,0.0,0.0,0.0
2024-11-25T04:00,3600,0.0,0.0,0.0,0.0,0.0,0.0,0.0,0.0,0.0
2024-11-25T05:00,3600,0.0,0.0,0.0,0.0,0.0,0.0,0.0,0.0,0.0
2024-11-25T06:00,3600,0.0,0.0,0.0,0.0,0.0,0.0,2.4117331,0.0,0.96820194
2024-11-25T07:00,3600,0.0,0.20096447372,0.0,0.0,0.0,0.20096447372,253.74415351,200.96447372,102.91702992
2024-11-25T08:00,3600,0.0,0.4227729551,0.0,0.0,0.0,0.4227729551,520.61428509,422.7729551,213.6424772
2024-11-25T09:00,3600,0.0,0.56975177946,0.0,0.0,0.0,0.56975177946,698.05783837,569.75177946,288.83594622
2024-11-25T10:00,3600,0.0,1.0004062353299998,0.0,0.0,0.0,1.0004062353299998,1220.79424832,1000.40623533,519.97335721
2024-11-25T11:00,3600,0.0,1.12076152254,0.0,0.0,0.0,1.12076152254,1367.64516583,1120.76152254,588.01552105
2024-11-25T12:00,3600,0.0,1.09535034849,0.0,0.0,0.0,1.09535034849,1336.61186841,1095.35034849,574.23247151
2024-11-25T13:00,3600,0.0,0.76321012958,0.0,0.0,0.0,0.76321012958,932.35787343,763.21012958,395.47625082
2024-11-25T14:00,3600,0.0,0.53026759373,0.0,0.0,0.0,0.53026759373,650.34197552,530.26759373,272.18504496
2024-11-25T15:00,3600,0.0,0.4166818169,0.0,0.0,0.0,0.4166818169,513.27106981,416.6818169,213.65607542
2024-11-25T16:00,3600,0.0,0.25228675290999997,0.0,0.0,0.0,0.25228675290999997,315.39573275,252.28675291,129.67943974
2024-11-25T17:00,3600,0.0,0.013418508349999999,0.0,0.0,0.0,0.013418508349999999,28.9455175,13.41850835,11.7613243
2024-11-25T18:00,3600,0.0,0.0,0.0,0.0,0.0,0.0,0.0,0.0,0.0
2024-11-25T19:00,3600,0.0,0.0,0.0,0.0,0.0,0.0,0.0,0.0,0.0
2024-11-25T20:00,3600,0.0,0.0,0.0,0.0,0.0,0.0,0.0,0.0,0.0
2024-11-25T21:00,3600,0.0,0.0,0.0,0.0,0.0,0.0,0.0,0.0,0.0
2024-11-25T22:00,3600,0.0,0.0,0.0,0.0,0.0,0.0,0.0,0.0,0.0
2024-11-25T23:00,3600,0.0,0.0,0.0,0.0,0.0,0.0,0.0,0.0,0.0
2024-11-26T00:00,3600,0.0,0.0,0.0,0.0,0.0,0.0,0.0,0.0,0.0
2024-11-26T01:00,3600,0.0,0.0,0.0,0.0,0.0,0.0,0.0,0.0,0.0
2024-11-26T02:00,3600,0.0,0.0,0.0,0.0,0.0,0.0,0.0,0.0,0.0
2024-11-26T03:00,3600,0.0,0.0,0.0,0.0,0.0,0.0,0.0,0.0,0.0
2024-11-26T04:00,3600,0.0,0.0,0.0,0.0,0.0,0.0,0.0,0.0,0.0
2024-11-26T05:00,3600,0.0,0.0,0.0,0.0,0.0,0.0,0.0,0.0,0.0
2024-11-26T06:00,3600,0.0,0.0,0.0,0.0,0.0,0.0,0.0,0.0,0.0
2024-11-26T07:00,3600,0.0,0.15201621234999999,0.0,0.0,0.0,0.15201621234999999,194.99859763,152.01621235,78.47952949
2024-11-26T08:00,3600,0.0,0.46621528611,0.0,0.0,0.0,0.46621528611,573.01057194,466.21528611,233.27807061
2024-11-26T09:00,3600,0.0,1.05791531312,0.0,0.0,0.0,1.05791531312,1290.92178846,1057.91531312,537.24267986
2024-11-26T10:00,3600,0.0,1.36881819684,0.0,0.0,0.0,1.36881819684,1671.37558598,1368.81819684,710.79098013
2024-11-26T11:00,3600,0.0,1.60501684922,0.0,0.0,0.0,1.60501684922,1961.93541661,1605.01684922,842.60371804
2024-11-26T12:00,3600,0.0,1.5467072918199998,0.0,0.0,0.0,1.5467072918199998,1890.08257422,1546.70729182,810.69574696
2024-11-26T13:00,3600,0.0,1.47553435206,0.0,0.0,0.0,1.47553435206,1802.48842821,1475.53435206,776.569247
2024-11-26T14:00,3600,0.0,1.27106979342,0.0,0.0,0.0,1.27106979342,1551.51641597,1271.06979342,662.88055147
2024-11-26T15:00,3600,0.0,0.90277475829,0.0,0.0,0.0,0.90277475829,1101.91556947,902.77475829,463.77551088
2024-11-26T16:00,3600,0.0,0.47492512823,0.0,0.0,0.0,0.47492512823,583.52069826,474.92512823,240.80068184
2024-11-26T17:00,3600,0.0,0.04447844443,0.0,0.0,0.0,0.04447844443,66.12162102,44.47844443,26.79400655
2024-11-26T18:00,3600,0.0,0.0,0.0,0.0,0.0,0.0,0.0,0.0,0.0
2024-11-26T19:00,3600,0.0,0.0,0.0,0.0,0.0,0.0,0.0,0.0,0.0
2024-11-26T20:00,3600,0.0,0.0,0.0,0.0,0.0,0.0,0.0,0.0,0.0
2024-11-26T21:00,3600,0.0,0.0,0.0,0.0,0.0,0.0,0.0,0.0,0.0
2024-11-26T22:00,3600,0.0,0.0,0.0,0.0,0.0,0.0,0.0,0.0,0.0
2024-11-26T23:00,3600,0.0,0.0,0.0,0.0,0.0,0.0,0.0,0.0,0.0
2024-11-27T00:00,3600,0.0,0.0,0.0,0.0,0.0,0.0,0.0,0.0,0.0
2024-11-27T01:00,3600,0.0,0.0,0.0,0.0,0.0,0.0,0.0,0.0,0.0
2024-11-27T02:00,3600,0.0,0.0,0.0,0.0,0.0,0.0,0.0,0.0,0.0
2024-11-27T03:00,3600,0.0,0.0,0.0,0.0,0.0,0.0,0.0,0.0,0.0
2024-11-27T04:00,3600,0.0,0.0,0.0,0.0,0.0,0.0,0.0,0.0,0.0
2024-11-27T05:00,3600,0.0,0.0,0.0,0.0,0.0,0.0,0.0,0.0,0.0
2024-11-27T06:00,3600,0.0,0.0,0.0,0.0,0.0,0.0,2.44802978,0.0,0.96820194
2024-11-27T07:00,3600,0.0,0.22143092433,0.0,0.0,0.0,0.22143092433,278.32277,221.43092433,111.20885857
2024-11-27T08:00,3600,0.0,0.48855895867,0.0,0.0,0.0,0.48855895867,599.97599443,488.55895867,242.63243639
2024-11-27T09:00,3600,0.0,0.7927837647,0.0,0.0,0.0,0.7927837647,968.24983256,792.7837647,396.86941189
2024-11-27T10:00,3600,0.0,0.9633333162400001,0.0,0.0,0.0,0.9633333162400001,1175.62741572,963.33331624,490.56128377
2024-11-27T11:00,3600,0.0,1.1746586158299999,0.0,0.0,0.0,1.1746586158299999,1433.51651303,1174.65861583,603.92019054
2024-11-27T12:00,3600,0.0,1.12499980339,0.0,0.0,0.0,1.12499980339,1372.82261047,1124.99980339,578.02922972
2024-11-27T13:00,3600,0.0,1.35172379155,0.0,0.0,0.0,1.35172379155,1650.39818634,1351.72379155,706.59550607
2024-11-27T14:00,3600,0.0,1.2842011263400002,0.0,0.0,0.0,1.2842011263400002,1567.60500683,1284.20112634,669.90836636
2024-11-27T15:00,3600,0.0,0.93895551799,0.0,0.0,0.0,0.93895551799,1145.94462361,938.95551799,482.89666607
2024-11-27T16:00,3600,0.0,0.48134243295,0.0,0.0,0.0,0.48134243295,591.26551864,481.34243295,244.24449421
2024-11-27T17:00,3600,0.0,0.04469025598,0.0,0.0,0.0,0.04469025598,66.37521392,44.69025598,26.91561258
2024-11-27T18:00,3600,0.0,0.0,0.0,0.0,0.0,0.0,0.0,0.0,0.0
2024-11-27T19:00,3600,0.0,0.0,0.0,0.0,0.0,0.0,0.0,0.0,0.0
2024-11-27T20:00,3600,0.0,0.0,0.0,0.0,0.0,0.0,0.0,0.0,0.0
2024-11-27T21:00,3600,0.0,0.0,0.0,0.0,0.0,0.0,0.0,0.0,0.0
2024-11-27T22:00,3600,0.0,0.0,0.0,0.0,0.0,0.0,0.0,0.0,0.0
2024-11-27T23:00,3600,0.0,0.0,0.0,0.0,0.0,0.0,0.0,0.0,0.0
2024-11-28T00:00,3600,0.0,0.0,0.0,0.0,0.0,0.0,0.0,0.0,0.0
2024-11-28T01:00,3600,0.0,0.0,0.0,0.0,0.0,0.0,0.0,0.0,0.0
2024-11-28T02:00,3600,0.0,0.0,0.0,0.0,0.0,0.0,0.0,0.0,0.0
2024-11-28T03:00,3600,0.0,0.0,0.0,0.0,0.0,0.0,0.0,0.0,0.0
2024-11-28T04:00,3600,0.0,0.0,0.0,0.0,0.0,0.0,0.0,0.0,0.0
2024-11-28T05:00,3600,0.0,0.0,0.0,0.0,0.0,0.0,0.0,0.0,0.0
2024-11-28T06:00,3600,0.0,0.0,0.0,0.0,0.0,0.0,0.0,0.0,0.0
2024-11-28T07:00,3600,0.0,0.16780856025,0.0,0.0,0.0,0.16780856025,213.94610722,167.80856025,85.65178085
2024-11-28T08:00,3600,0.0,0.57057839748,0.0,0.0,0.0,0.57057839748,699.05716534,570.57839748,284.61367825
2024-11-28T09:00,3600,0.0,0.9718151175199998,0.0,0.0,0.0,0.9718151175199998,1185.95820191,971.81511752,492.53373783
2024-11-28T10:00,3600,0.0,1.24253078896,0.0,0.0,0.0,1.24253078896,1516.56419413,1242.53078896,644.75330849
2024-11-28T11:00,3600,0.0,1.5293171761999997,0.0,0.0,0.0,1.5293171761999997,1868.66903902,1529.3171762,804.37117106
2024-11-28T12:00,3600,0.0,1.6609856697699998,0.0,0.0,0.0,1.6609856697699998,2030.98032705,1660.98566977,880.00966251
2024-11-28T13:00,3600,0.0,1.56164547148,0.0,0.0,0.0,1.56164547148,1908.48264234,1561.64547148,828.51807256
2024-11-28T14:00,3600,0.0,1.260042712,0.0,0.0,0.0,1.260042712,1538.0090918,1260.042712,658.71238957
2024-11-28T15:00,3600,0.0,0.92268171324,0.0,0.0,0.0,0.92268171324,1126.13699668,922.68171324,475.42096881
2024-11-28T16:00,3600,0.0,0.48532667998999995,0.0,0.0,0.0,0.48532667998999995,596.07443169,485.32667999,246.67000791
2024-11-28T17:00,3600,0.0,0.04480954634999999,0.0,0.0,0.0,0.04480954634999999,66.5180356,44.80954635,27.02374753
2024-11-28T18:00,3600,0.0,0.0,0.0,0.0,0.0,0.0,0.0,0.0,0.0
2024-11-28T19:00,3600,0.0,0.0,0.0,0.0,0.0,0.0,0.0,0.0,0.0
2024-11-28T20:00,3600,0.0,0.0,0.0,0.0,0.0,0.0,0.0,0.0,0.0
2024-11-28T21:00,3600,0.0,0.0,0.0,0.0,0.0,0.0,0.0,0.0,0.0
2024-11-28T22:00,3600,0.0,0.0,0.0,0.0,0.0,0.0,0.0,0.0,0.0
2024-11-28T23:00,3600,0.0,0.0,0.0,0.0,0.0,0.0,0.0,0.0,0.0
2024-11-29T00:00,3600,0.0,0.0,0.0,0.0,0.0,0.0,0.0,0.0,0.0
2024-11-29T01:00,3600,0.0,0.0,0.0,0.0,0.0,0.0,0.0,0.0,0.0
2024-11-29T02:00,3600,0.0,0.0,0.0,0.0,0.0,0.0,0.0,0.0,0.0
2024-11-29T03:00,3600,0.0,0.0,0.0,0.0,0.0,0.0,0.0,0.0,0.0
2024-11-29T04:00,3600,0.0,0.0,0.0,0.0,0.0,0.0,0.0,0.0,0.0
2024-11-29T05:00,3600,0.0,0.0,0.0,0.0,0.0,0.0,0.0,0.0,0.0
2024-11-29T06:00,3600,0.0,0.0,0.0,0.0,0.0,0.0,0.0,0.0,0.0
2024-11-29T07:00,3600,0.0,0.25966771225999996,0.0,0.0,0.0,0.25966771225999996,324.2670041,259.66771226,129.68255786
2024-11-29T08:00,3600,0.0,0.76017229514,0.0,0.0,0.0,0.76017229514,928.67214364,760.17229514,379.24561469
2024-11-29T09:00,3600,0.0,1.1947262704300001,0.0,0.0,0.0,1.1947262704300001,1458.0598768,1194.72627043,608.44073005
2024-11-29T10:00,3600,0.0,1.4906404645,0.0,0.0,0.0,1.4906404645,1821.06979398,1490.6404645,782.1052722
2024-11-29T11:00,3600,0.0,1.67065843668,0.0,0.0,0.0,1.67065843668,2042.92056895,1670.65843668,884.39084012
2024-11-29T12:00,3600,0.0,1.69969668593,0.0,0.0,0.0,1.69969668593,2078.77941745,1699.69668593,903.89137051
2024-11-29T13:00,3600,0.0,1.5750433665499999,0.0,0.0,0.0,1.5750433665499999,1924.98999648,1575.04336655,840.79159255
2024-11-29T14:00,3600,0.0,1.3203728734700002,0.0,0.0,0.0,1.3203728734700002,1611.94379858,1320.37287347,696.69406891
2024-11-29T15:00,3600,0.0,0.9530422079499999,0.0,0.0,0.0,0.9530422079499999,1163.09513018,953.04220795,494.09213741
2024-11-29T16:00,3600,0.0,0.49433880956000004,0.0,0.0,0.0,0.49433880956000004,606.95322081,494.33880956,251.6697016
2024-11-29T17:00,3600,0.0,0.04741577867,0.0,0.0,0.0,0.04741577867,69.63845319,47.41577867,28.26198659
2024-11-29T18:00,3600,0.0,0.0,0.0,0.0,0.0,0.0,0.0,0.0,0.0
2024-11-29T19:00,3600,0.0,0.0,0.0,0.0,0.0,0.0,0.0,0.0,0.0
2024-11-29T20:00,3600,0.0,0.0,0.0,0.0,0.0,0.0,0.0,0.0,0.0
2024-11-29T21:00,3600,0.0,0.0,0.0,0.0,0.0,0.0,0.0,0.0,0.0
2024-11-29T22:00,3600,0.0,0.0,0.0,0.0,0.0,0.0,0.0,0.0,0.0
2024-11-29T23:00,3600,0.0,0.0,0.0,0.0,0.0,0.0,0.0,0.0,0.0
2024-11-30T00:00,3600,0.0,0.0,0.0,0.0,0.0,0.0,0.0,0.0,0.0
2024-11-30T01:00,3600,0.0,0.0,0.0,0.0,0.0,0.0,0.0,0.0,0.0
2024-11-30T02:00,3600,0.0,0.0,0.0,0.0,0.0,0.0,0.0,0.0,0.0
2024-11-30T03:00,3600,0.0,0.0,0.0,0.0,0.0,0.0,0.0,0.0,0.0
2024-11-30T04:00,3600,0.0,0.0,0.0,0.0,0.0,0.0,0.0,0.0,0.0
2024-11-30T05:00,3600,0.0,0.0,0.0,0.0,0.0,0.0,0.0,0.0,0.0
2024-11-30T06:00,3600,0.0,0.0,0.0,0.0,0.0,0.0,0.0,0.0,0.0
2024-11-30T07:00,3600,0.0,0.20422756633,0.0,0.0,0.0,0.20422756633,257.66225394,204.22756633,102.41279039
2024-11-30T08:00,3600,0.0,0.66398079805,0.0,0.0,0.0,0.66398079805,812.0739209,663.98079805,329.59196837
2024-11-30T09:00,3600,0.0,1.05405790217,0.0,0.0,0.0,1.05405790217,1286.2156013,1054.05790217,534.66463138
2024-11-30T10:00,3600,0.0,1.3488550989299999,0.0,0.0,0.0,1.3488550989299999,1646.87854515,1348.85509893,708.54634475
2024-11-30T11:00,3600,0.0,1.4691375287500001,0.0,0.0,0.0,1.4691375287500001,1794.62160938,1469.13752875,778.6516709
2024-11-30T12:00,3600,0.0,1.47777550955,0.0,0.0,0.0,1.47777550955,1805.24483535,1477.77550955,787.39764252
2024-11-30T13:00,3600,0.0,1.4763254166,0.0,0.0,0.0,1.4763254166,1803.46134753,1476.3254166,796.60464576
2024-11-30T14:00,3600,0.0,1.1651293824700002,0.0,0.0,0.0,1.1651293824700002,1421.86525554,1165.12938247,616.8363427
2024-11-30T15:00,3600,0.0,0.87480213989,0.0,0.0,0.0,0.87480213989,1067.89577188,874.80213989,455.38111582
2024-11-30T16:00,3600,0.0,0.46750110048000004,0.0,0.0,0.0,0.46750110048000004,574.56205121,467.50110048,239.15567891
2024-11-30T17:00,3600,0.0,0.04520402364000001,0.0,0.0,0.0,0.04520402364000001,66.99033003,45.20402364,27.25270268
2024-11-30T18:00,3600,0.0,0.0,0.0,0.0,0.0,0.0,0.0,0.0,0.0
2024-11-30T19:00,3600,0.0,0.0,0.0,0.0,0.0,0.0,0.0,0.0,0.0
2024-11-30T20:00,3600,0.0,0.0,0.0,0.0,0.0,0.0,0.0,0.0,0.0
2024-11-30T21:00,3600,0.0,0.0,0.0,0.0,0.0,0.0,0.0,0.0,0.0
2024-11-30T22:00,3600,0.0,0.0,0.0,0.0,0.0,0.0,0.0,0.0,0.0
2024-11-30T23:00,3600,0.0,0.0,0.0,0.0,0.0,0.0,0.0,0.0,0.0
2024-12-01T00:00,3600,0.0,0.0,0.0,0.0,0.0,0.0,0.0,0.0,0.0
2024-12-01T01:00,3600,0.0,0.0,0.0,0.0,0.0,0.0,0.0,0.0,0.0
2024-12-01T02:00,3600,0.0,0.0,0.0,0.0,0.0,0.0,0.0,0.0,0.0
2024-12-01T03:00,3600,0.0,0.0,0.0,0.0,0.0,0.0,0.0,0.0,0.0
2024-12-01T04:00,3600,0.0,0.0,0.0,0.0,0.0,0.0,0.0,0.0,0.0
2024-12-01T05:00,3600,0.0,0.0,0.0,0.0,0.0,0.0,0.0,0.0,0.0
2024-12-01T06:00,3600,0.0,0.0,0.0,0.0,0.0,0.0,0.0,0.0,0.0
2024-12-01T07:00,3600,0.0,0.24406912598,0.0,0.0,0.0,0.24406912598,305.52027925,244.06912598,120.8451597
2024-12-01T08:00,3600,0.0,0.73640048933,0.0,0.0,0.0,0.73640048933,899.83765431,736.40048933,366.04067975
2024-12-01T09:00,3600,0.0,1.15791815391,0.0,0.0,0.0,1.15791815391,1413.04959679,1157.91815391,590.30316395
2024-12-01T10:00,3600,0.0,1.4270994444299998,0.0,0.0,0.0,1.4270994444299998,1742.94727583,1427.09944443,762.66738091
2024-12-01T11:00,3600,0.0,1.59358353508,0.0,0.0,0.0,1.59358353508,1947.84014075,1593.58353508,863.00531492
2024-12-01T12:00,3600,0.0,1.62338534815,0.0,0.0,0.0,1.62338534815,1984.58710844,1623.38534815,883.4447548
2024-12-01T13:00,3600,0.0,1.49812940627,0.0,0.0,0.0,1.49812940627,1830.28362216,1498.12940627,820.84732542
2024-12-01T14:00,3600,0.0,1.2718964206,0.0,0.0,0.0,1.2718964206,1552.52908542,1271.8964206,685.85839685
2024-12-01T15:00,3600,0.0,0.9240063331,0.0,0.0,0.0,0.9240063331,1127.74902717,924.0063331,487.39256856
2024-12-01T16:00,3600,0.0,0.48175709091,0.0,0.0,0.0,0.48175709091,591.76598659,481.75709091,248.37958889
2024-12-01T17:00,3600,0.0,0.04728602133,0.0,0.0,0.0,0.04728602133,69.48309243,47.28602133,28.4912669
2024-12-01T18:00,3600,0.0,0.0,0.0,0.0,0.0,0.0,0.0,0.0,0.0
2024-12-01T19:00,3600,0.0,0.0,0.0,0.0,0.0,0.0,0.0,0.0,0.0
2024-12-01T20:00,3600,0.0,0.0,0.0,0.0,0.0,0.0,0.0,0.0,0.0
2024-12-01T21:00,3600,0.0,0.0,0.0,0.0,0.0,0.0,0.0,0.0,0.0
2024-12-01T22:00,3600,0.0,0.0,0.0,0.0,0.0,0.0,0.0,0.0,0.0
2024-12-01T23:00,3600,0.0,0.0,0.0,0.0,0.0,0.0,0.0,0.0,0.0
2024-12-02T00:00,3600,0.0,0.0,0.0,0.0,0.0,0.0,0.0,0.0,0.0
2024-12-02T01:00,3600,0.0,0.0,0.0,0.0,0.0,0.0,0.0,0.0,0.0
2024-12-02T02:00,3600,0.0,0.0,0.0,0.0,0.0,0.0,0.0,0.0,0.0
2024-12-02T03:00,3600,0.0,0.0,0.0,0.0,0.0,0.0,0.0,0.0,0.0
2024-12-02T04:00,3600,0.0,0.0,0.0,0.0,0.0,0.0,0.0,0.0,0.0
2024-12-02T05:00,3600,0.0,0.0,0.0,0.0,0.0,0.0,0.0,0.0,0.0
2024-12-02T06:00,3600,0.0,0.0,0.0,0.0,0.0,0.0,0.0,0.0,0.0
2024-12-02T07:00,3600,0.0,0.22729836308,0.0,0.0,0.0,0.22729836308,285.37081568,227.29836308,113.74173068
2024-12-02T08:00,3600,0.0,0.71078565079,0.0,0.0,0.0,0.71078565079,868.7820139,710.78565079,355.19479193
2024-12-02T09:00,3600,0.0,1.1222733284200002,0.0,0.0,0.0,1.1222733284200002,1369.49192595,1122.27332842,574.45682191
2024-12-02T10:00,3600,0.0,1.38712629679,0.0,0.0,0.0,1.38712629679,1693.85001616,1387.12629679,743.46283941
2024-12-02T11:00,3600,0.0,1.56902237915,0.0,0.0,0.0,1.56902237915,1917.57109437,1569.02237915,852.20569376
2024-12-02T12:00,3600,0.0,1.59336073334,0.0,0.0,0.0,1.59336073334,1947.56549622,1593.36073334,869.34566993
2024-12-02T13:00,3600,0.0,1.4597139259,0.0,0.0,0.0,1.4597139259,1783.03422303,1459.7139259,801.15547811
2024-12-02T14:00,3600,0.0,1.2470921506,0.0,0.0,0.0,1.2470921506,1522.14929264,1247.0921506,674.92153421
2024-12-02T15:00,3600,0.0,0.90566125194,0.0,0.0,0.0,0.90566125194,1105.4270939,905.66125194,479.71072314
2024-12-02T16:00,3600,0.0,0.4696257422,0.0,0.0,0.0,0.4696257422,577.12575098,469.6257422,243.48494276
2024-12-02T17:00,3600,0.0,0.04492569038,0.0,0.0,0.0,0.04492569038,66.65709059,44.92569038,27.46094258
2024-12-02T18:00,3600,0.0,0.0,0.0,0.0,0.0,0.0,0.0,0.0,0.0
2024-12-02T19:00,3600,0.0,0.0,0.0,0.0,0.0,0.0,0.0,0.0,0.0
2024-12-02T20:00,3600,0.0,0.0,0.0,0.0,0.0,0.0,0.0,0.0,0.0
2024-12-02T21:00,3600,0.0,0.0,0.0,0.0,0.0,0.0,0.0,0.0,0.0
2024-12-02T22:00,3600,0.0,0.0,0.0,0.0,0.0,0.0,0.0,0.0,0.0
2024-12-02T23:00,3600,0.0,0.0,0.0,0.0,0.0,0.0,0.0,0.0,0.0
2024-12-03T00:00,3600,0.0,0.0,0.0,0.0,0.0,0.0,0.0,0.0,0.0
2024-12-03T01:00,3600,0.0,0.0,0.0,0.0,0.0,0.0,0.0,0.0,0.0
2024-12-03T02:00,3600,0.0,0.0,0.0,0.0,0.0,0.0,0.0,0.0,0.0
2024-12-03T03:00,3600,0.0,0.0,0.0,0.0,0.0,0.0,0.0,0.0,0.0
2024-12-03T04:00,3600,0.0,0.0,0.0,0.0,0.0,0.0,0.0,0.0,0.0
2024-12-03T05:00,3600,0.0,0.0,0.0,0.0,0.0,0.0,0.0,0.0,0.0
2024-12-03T06:00,3600,0.0,0.0,0.0,0.0,0.0,0.0,0.0,0.0,0.0
2024-12-03T07:00,3600,0.0,0.20916604356,0.0,0.0,0.0,0.20916604356,263.59249002,209.16604356,105.40439346
2024-12-03T08:00,3600,0.0,0.65480635763,0.0,0.0,0.0,0.65480635763,800.96412319,654.80635763,327.90356595
2024-12-03T09:00,3600,0.0,1.10220979192,0.0,0.0,0.0,1.10220979192,1344.9874585,1102.20979192,566.11393049
2024-12-03T10:00,3600,0.0,1.3697448760400002,0.0,0.0,0.0,1.3697448760400002,1672.51295728,1369.74487604,735.74421548
2024-12-03T11:00,3600,0.0,1.48354601851,0.0,0.0,0.0,1.48354601851,1812.34255255,1483.54601851,802.92686376
2024-12-03T12:00,3600,0.0,1.5819747693200001,0.0,0.0,0.0,1.5819747693200001,1933.5317601,1581.97476932,862.31715471
2024-12-03T13:00,3600,0.0,1.46576639282,0.0,0.0,0.0,1.46576639282,1790.47617417,1465.76639282,804.27569008
2024-12-03T14:00,3600,0.0,1.21314353086,0.0,0.0,0.0,1.21314353086,1480.59303395,1213.14353086,655.76798335
2024-12-03T15:00,3600,0.0,0.8786789142600001,0.0,0.0,0.0,0.8786789142600001,1072.60956364,878.67891426,465.48015921
2024-12-03T16:00,3600,0.0,0.46099460796,0.0,0.0,0.0,0.46099460796,566.71161877,460.99460796,239.32791617
2024-12-03T17:00,3600,0.0,0.045013597,0.0,0.0,0.0,0.045013597,66.76233817,45.013597,27.55186961
2024-12-03T18:00,3600,0.0,0.0,0.0,0.0,0.0,0.0,0.0,0.0,0.0
2024-12-03T19:00,3600,0.0,0.0,0.0,0.0,0.0,0.0,0.0,0.0,0.0
2024-12-03T20:00,3600,0.0,0.0,0.0,0.0,0.0,0.0,0.0,0.0,0.0
2024-12-03T21:00,3600,0.0,0.0,0.0,0.0,0.0,0.0,0.0,0.0,0.0
2024-12-03T22:00,3600,0.0,0.0,0.0,0.0,0.0,0.0,0.0,0.0,0.0
2024-12-03T23:00,3600,0.0,0.0,0.0,0.0,0.0,0.0,0.0,0.0,0.0
2024-12-04T00:00,3600,0.0,0.0,0.0,0.0,0.0,0.0,0.0,0.0,0.0
2024-12-04T01:00,3600,0.0,0.0,0.0,0.0,0.0,0.0,0.0,0.0,0.0
2024-12-04T02:00,3600,0.0,0.0,0.0,0.0,0.0,0.0,0.0,0.0,0.0
2024-12-04T03:00,3600,0.0,0.0,0.0,0.0,0.0,0.0,0.0,0.0,0.0
2024-12-04T04:00,3600,0.0,0.0,0.0,0.0,0.0,0.0,0.0,0.0,0.0
2024-12-04T05:00,3600,0.0,0.0,0.0,0.0,0.0,0.0,0.0,0.0,0.0
2024-12-04T06:00,3600,0.0,0.0,0.0,0.0,0.0,0.0,0.0,0.0,0.0
2024-12-04T07:00,3600,0.0,0.12785693002,0.0,0.0,0.0,0.12785693002,166.02314769,127.85693002,66.74639216
2024-12-04T08:00,3600,0.0,0.42461713286,0.0,0.0,0.0,0.42461713286,522.8377104,424.61713286,213.18797799
2024-12-04T09:00,3600,0.0,0.7487929950499999,0.0,0.0,0.0,0.7487929950499999,914.8677875,748.79299505,379.88012936
2024-12-04T10:00,3600,0.0,0.8664143606200001,0.0,0.0,0.0,0.8664143606200001,1057.69820339,866.41436062,453.04790618
2024-12-04T11:00,3600,0.0,1.4429201465900001,0.0,0.0,0.0,1.4429201465900001,1762.38959029,1442.92014659,779.24128443
2024-12-04T12:00,3600,0.0,1.5599091185,0.0,0.0,0.0,1.5599091185,1906.34362027,1559.9091185,850.62076097
2024-12-04T13:00,3600,0.0,1.4581627864,0.0,0.0,0.0,1.4581627864,1781.12712331,1458.1627864,800.5693643
2024-12-04T14:00,3600,0.0,1.23347719875,0.0,0.0,0.0,1.23347719875,1505.48008942,1233.47719875,668.78211776
2024-12-04T15:00,3600,0.0,0.85417676532,0.0,0.0,0.0,0.85417676532,1042.82305602,854.17676532,452.73830703
2024-12-04T16:00,3600,0.0,0.41927081252,0.0,0.0,0.0,0.41927081252,516.39215068,419.27081252,218.23896628
2024-12-04T17:00,3600,0.0,0.04069649545,0.0,0.0,0.0,0.04069649545,61.59382078,40.69649545,25.47585686
2024-12-04T18:00,3600,0.0,0.0,0.0,0.0,0.0,0.0,0.0,0.0,0.0
2024-12-04T19:00,3600,0.0,0.0,0.0,0.0,0.0,0.0,0.0,0.0,0.0
2024-12-04T20:00,3600,0.0,0.0,0.0,0.0,0.0,0.0,0.0,0.0,0.0
2024-12-04T21:00,3600,0.0,0.0,0.0,0.0,0.0,0.0,0.0,0.0,0.0
2024-12-04T22:00,3600,0.0,0.0,0.0,0.0,0.0,0.0,0.0,0.0,0.0
2024-12-04T23:00,3600,0.0,0.0,0.0,0.0,0.0,0.0,0.0,0.0,0.0
2024-12-05T00:00,3600,0.0,0.0,0.0,0.0,0.0,0.0,0.0,0.0,0.0
2024-12-05T01:00,3600,0.0,0.0,0.0,0.0,0.0,0.0,0.0,0.0,0.0
2024-12-05T02:00,3600,0.0,0.0,0.0,0.0,0.0,0.0,0.0,0.0,0.0
2024-12-05T03:00,3600,0.0,0.0,0.0,0.0,0.0,0.0,0.0,0.0,0.0
2024-12-05T04:00,3600,0.0,0.0,0.0,0.0,0.0,0.0,0.0,0.0,0.0
2024-12-05T05:00,3600,0.0,0.0,0.0,0.0,0.0,0.0,0.0,0.0,0.0
2024-12-05T06:00,3600,0.0,0.0,0.0,0.0,0.0,0.0,0.0,0.0,0.0
2024-12-05T07:00,3600,0.0,0.13796762178,0.0,0.0,0.0,0.13796762178,178.14784875,137.96762178,71.97893276
2024-12-05T08:00,3600,0.0,0.46057598291,0.0,0.0,0.0,0.46057598291,566.20655766,460.57598291,232.22631322
2024-12-05T09:00,3600,0.0,0.82810658112,0.0,0.0,0.0,0.82810658112,1011.14543631,828.10658112,420.82843743
2024-12-05T10:00,3600,0.0,1.2780945516,0.0,0.0,0.0,1.2780945516,1560.12269011,1278.0945516,671.84070811
2024-12-05T11:00,3600,0.0,1.55007824843,0.0,0.0,0.0,1.55007824843,1894.23427737,1550.07824843,827.52833302
2024-12-05T12:00,3600,0.0,1.58850199722,0.0,0.0,0.0,1.58850199722,1941.57649661,1588.50199722,852.89357618
2024-12-05T13:00,3600,0.0,1.36594784825,0.0,0.0,0.0,1.36594784825,1667.8527563,1365.94784825,732.01738052
2024-12-05T14:00,3600,0.0,0.38237756697999997,0.0,0.0,0.0,0.38237756697999997,471.93081422,382.37756698,197.19019471
2024-12-05T15:00,3600,0.0,0.30712685471999995,0.0,0.0,0.0,0.30712685471999995,381.33762272,307.12685472,159.02372127
2024-12-05T16:00,3600,0.0,0.19383616091,0.0,0.0,0.0,0.19383616091,245.1857766,193.83616091,101.22826229
2024-12-05T17:00,3600,0.0,0.02666442917,0.0,0.0,0.0,0.02666442917,44.79717778,26.66442917,18.33479171
2024-12-05T18:00,3600,0.0,0.0,0.0,0.0,0.0,0.0,0.0,0.0,0.0
2024-12-05T19:00,3600,0.0,0.0,0.0,0.0,0.0,0.0,0.0,0.0,0.0
2024-12-05T20:00,3600,0.0,0.0,0.0,0.0,0.0,0.0,0.0,0.0,0.0
2024-12-05T21:00,3600,0.0,0.0,0.0,0.0,0.0,0.0,0.0,0.0,0.0
2024-12-05T22:00,3600,0.0,0.0,0.0,0.0,0.0,0.0,0.0,0.0,0.0
2024-12-05T23:00,3600,0.0,0.0,0.0,0.0,0.0,0.0,0.0,0.0,0.0
2024-12-06T00:00,3600,0.0,0.0,0.0,0.0,0.0,0.0,0.0,0.0,0.0
2024-12-06T01:00,3600,0.0,0.0,0.0,0.0,0.0,0.0,0.0,0.0,0.0
2024-12-06T02:00,3600,0.0,0.0,0.0,0.0,0.0,0.0,0.0,0.0,0.0
2024-12-06T03:00,3600,0.0,0.0,0.0,0.0,0.0,0.0,0.0,0.0,0.0
2024-12-06T04:00,3600,0.0,0.0,0.0,0.0,0.0,0.0,0.0,0.0,0.0
2024-12-06T05:00,3600,0.0,0.0,0.0,0.0,0.0,0.0,0.0,0.0,0.0
2024-12-06T06:00,3600,0.0,0.0,0.0,0.0,0.0,0.0,0.0,0.0,0.0
2024-12-06T07:00,3600,0.0,0.16354278825,0.0,0.0,0.0,0.16354278825,208.82753254,163.54278825,84.06640656
2024-12-06T08:00,3600,0.0,0.64117126927,0.0,0.0,0.0,0.64117126927,784.45622148,641.17126927,322.0417771
2024-12-06T09:00,3600,0.0,1.00115218785,0.0,0.0,0.0,1.00115218785,1221.70338587,1001.15218785,509.25678378
2024-12-06T10:00,3600,0.0,1.2762860613,0.0,0.0,0.0,1.2762860613,1557.90693545,1276.2860613,665.82954429
2024-12-06T11:00,3600,0.0,1.38936466178,0.0,0.0,0.0,1.38936466178,1696.59830334,1389.36466178,731.75847435
2024-12-06T12:00,3600,0.0,1.5176451609600001,0.0,0.0,0.0,1.5176451609600001,1854.30059662,1517.64516096,806.70521108
2024-12-06T13:00,3600,0.0,1.3058731170599998,0.0,0.0,0.0,1.3058731170599998,1594.16651947,1305.87311706,692.86119102
2024-12-06T14:00,3600,0.0,1.00822259882,0.0,0.0,0.0,1.00822259882,1230.3211626,1008.22259882,526.75701902
2024-12-06T15:00,3600,0.2800442533488525,0.89870082715,0.2800442533488525,0.0,0.0,0.6186565738011475,1096.95980985,898.70082715,466.98294776
2024-12-06T16:00,3600,0.13709546470588235,0.42811937488,0.13709546470588235,0.0,0.0,0.29102391017411766,527.06038338,428.11937488,218.43361611
2024-12-06T17:00,3600,0.07076457647058829,0.04225311475,0.04225311475,0.028511461720588285,0.0,0.0,63.45738844,42.25311475,25.84960468
2024-12-06T18:00,3600,0.0,0.0,0.0,0.0,0.0,0.0,0.0,0.0,0.0
2024-12-06T19:00,3600,0.0,0.0,0.0,0.0,0.0,0.0,0.0,0.0,0.0
2024-12-06T20:00,3600,0.0,0.0,0.0,0.0,0.0,0.0,0.0,0.0,0.0
2024-12-06T21:00,3600,0.0,0.0,0.0,0.0,0.0,0.0,0.0,0.0,0.0
2024-12-06T22:00,3600,0.0,0.0,0.0,0.0,0.0,0.0,0.0,0.0,0.0
2024-12-06T23:00,3600,0.0,0.0,0.0,0.0,0.0,0.0,0.0,0.0,0.0
2024-12-07T00:00,3600,0.0,0.0,0.0,0.0,0.0,0.0,0.0,0.0,0.0
2024-12-07T01:00,3600,0.0,0.0,0.0,0.0,0.0,0.0,0.0,0.0,0.0
2024-12-07T02:00,3600,0.0,0.0,0.0,0.0,0.0,0.0,0.0,0.0,0.0
2024-12-07T03:00,3600,0.0,0.0,0.0,0.0,0.0,0.0,0.0,0.0,0.0
2024-12-07T04:00,3600,0.0,0.0,0.0,0.0,0.0,0.0,0.0,0.0,0.0
2024-12-07T05:00,3600,0.0,0.0,0.0,0.0,0.0,0.0,0.0,0.0,0.0
2024-12-07T06:00,3600,0.0,0.0,0.0,0.0,0.0,0.0,0.0,0.0,0.0
2024-12-07T07:00,3600,0.0,0.15773134683999998,0.0,0.0,0.0,0.15773134683999998,201.85492739,157.73134684,80.8365436
2024-12-07T08:00,3600,0.0,0.58208537708,0.0,0.0,0.0,0.58208537708,712.9699489,582.08537708,290.70156139
2024-12-07T09:00,3600,0.0,1.0681464050300002,0.0,0.0,0.0,1.0681464050300002,1303.4057776,1068.14640503,542.75477677
2024-12-07T10:00,3600,0.0,1.3471057745400001,0.0,0.0,0.0,1.3471057745400001,1644.73236849,1347.10577454,703.21937863
2024-12-07T11:00,3600,0.0,1.51326199932,0.0,0.0,0.0,1.51326199932,1848.90569001,1513.26199932,797.74534723
2024-12-07T12:00,3600,0.0,1.58080692522,0.0,0.0,0.0,1.58080692522,1932.09251243,1580.80692522,836.81945213
2024-12-07T13:00,3600,0.0,1.50767351268,0.0,0.0,0.0,1.50767351268,1842.02790158,1507.67351268,800.34571567
2024-12-07T14:00,3600,0.0,1.26593290882,0.0,0.0,0.0,1.26593290882,1545.2237738,1265.93290882,664.11099816
2024-12-07T15:00,3600,0.0,0.93252567701,0.0,0.0,0.0,0.93252567701,1138.11782819,932.52567701,481.0005773
2024-12-07T16:00,3600,0.0,0.43889286743,0.0,0.0,0.0,0.43889286743,540.05176436,438.89286743,222.17138022
2024-12-07T17:00,3600,0.0,0.05122971037,0.0,0.0,0.0,0.05122971037,74.2051061,51.22971037,30.05241612
2024-12-07T18:00,3600,0.0,0.0,0.0,0.0,0.0,0.0,0.0,0.0,0.0
2024-12-07T19:00,3600,0.0,0.0,0.0,0.0,0.0,0.0,0.0,0.0,0.0
2024-12-07T20:00,3600,0.0,0.0,0.0,0.0,0.0,0.0,0.0,0.0,0.0
2024-12-07T21:00,3600,0.0,0.0,0.0,0.0,0.0,0.0,0.0,0.0,0.0
2024-12-07T22:00,3600,0.0,0.0,0.0,0.0,0.0,0.0,0.0,0.0,0.0
2024-12-07T23:00,3600,0.0,0.0,0.0,0.0,0.0,0.0,0.0,0.0,0.0
2024-12-08T00:00,3600,0.0,0.0,0.0,0.0,0.0,0.0,0.0,0.0,0.0
2024-12-08T01:00,3600,0.0,0.0,0.0,0.0,0.0,0.0,0.0,0.0,0.0
2024-12-08T02:00,3600,0.0,0.0,0.0,0.0,0.0,0.0,0.0,0.0,0.0
2024-12-08T03:00,3600,0.0,0.0,0.0,0.0,0.0,0.0,0.0,0.0,0.0
2024-12-08T04:00,3600,0.0,0.0,0.0,0.0,0.0,0.0,0.0,0.0,0.0
2024-12-08T05:00,3600,0.0,0.0,0.0,0.0,0.0,0.0,0.0,0.0,0.0
2024-12-08T06:00,3600,0.0,0.0,0.0,0.0,0.0,0.0,0.0,0.0,0.0
2024-12-08T07:00,3600,0.0,0.12145398905000002,0.0,0.0,0.0,0.12145398905000002,158.34592956,121.45398905,62.93923108
2024-12-08T08:00,3600,0.0,0.31504045371,0.0,0.0,0.0,0.31504045371,390.85875619,315.04045371,156.32595089
2024-12-08T09:00,3600,0.0,0.75901461746,0.0,0.0,0.0,0.75901461746,927.26761712,759.01461746,376.95122239
2024-12-08T10:00,3600,0.0,1.08567785072,0.0,0.0,0.0,1.08567785072,1324.80330962,1085.67785072,551.91429087
2024-12-08T11:00,3600,0.0,1.53028453463,0.0,0.0,0.0,1.53028453463,1869.86001866,1530.28453463,794.85937982
2024-12-08T12:00,3600,0.0,1.5680198694799998,0.0,0.0,0.0,1.5680198694799998,1916.3359124,1568.01986948,816.74408287
2024-12-08T13:00,3600,0.0,1.4480970294599997,0.0,0.0,0.0,1.4480970294599997,1768.75283199,1448.09702946,757.18872124
2024-12-08T14:00,3600,0.0,1.25371316339,0.0,0.0,0.0,1.25371316339,1530.25717079,1253.71316339,649.98031449
2024-12-08T15:00,3600,0.0,0.9059542673400001,0.0,0.0,0.0,0.9059542673400001,1105.78356848,905.95426734,462.96794305
2024-12-08T16:00,3600,0.0,0.48471676230000005,0.0,0.0,0.0,0.48471676230000005,595.33824915,484.7167623,244.22227308
2024-12-08T17:00,3600,0.0,0.04715849749,0.0,0.0,0.0,0.04715849749,69.33040623,47.15849749,27.93528868
2024-12-08T18:00,3600,0.0,0.0,0.0,0.0,0.0,0.0,0.0,0.0,0.0
2024-12-08T19:00,3600,0.0,0.0,0.0,0.0,0.0,0.0,0.0,0.0,0.0
2024-12-08T20:00,3600,0.0,0.0,0.0,0.0,0.0,0.0,0.0,0.0,0.0
2024-12-08T21:00,3600,0.0,0.0,0.0,0.0,0.0,0.0,0.0,0.0,0.0
2024-12-08T22:00,3600,0.0,0.0,0.0,0.0,0.0,0.0,0.0,0.0,0.0
2024-12-08T23:00,3600,0.0,0.0,0.0,0.0,0.0,0.0,0.0,0.0,0.0
2024-12-09T00:00,3600,0.0,0.0,0.0,0.0,0.0,0.0,0.0,0.0,0.0
2024-12-09T01:00,3600,0.0,0.0,0.0,0.0,0.0,0.0,0.0,0.0,0.0
2024-12-09T02:00,3600,0.0,0.0,0.0,0.0,0.0,0.0,0.0,0.0,0.0
2024-12-09T03:00,3600,0.0,0.0,0.0,0.0,0.0,0.0,0.0,0.0,0.0
2024-12-09T04:00,3600,0.0,0.0,0.0,0.0,0.0,0.0,0.0,0.0,0.0
2024-12-09T05:00,3600,0.0,0.0,0.0,0.0,0.0,0.0,0.0,0.0,0.0
2024-12-09T06:00,3600,0.0,0.0,0.0,0.0,0.0,0.0,0.0,0.0,0.0
2024-12-09T07:00,3600,0.0,0.13996858034999998,0.0,0.0,0.0,0.13996858034999998,180.54765692,139.96858035,72.06836136
2024-12-09T08:00,3600,0.0,0.57394078423,0.0,0.0,0.0,0.57394078423,703.12222912,573.94078423,285.760433
2024-12-09T09:00,3600,0.0,0.90685279869,0.0,0.0,0.0,0.90685279869,1106.87670964,906.85279869,456.75264986
2024-12-09T10:00,3600,0.0,0.97957726454,0.0,0.0,0.0,0.97957726454,1195.41390703,979.57726454,499.57764901
2024-12-09T11:00,3600,0.0,1.25048704182,0.0,0.0,0.0,1.25048704182,1526.30643834,1250.48704182,647.5567652
2024-12-09T12:00,3600,0.0,1.38466569679,0.0,0.0,0.0,1.38466569679,1690.82900311,1384.66569679,725.51179854
2024-12-09T13:00,3600,0.0,1.29364917848,0.0,0.0,0.0,1.29364917848,1579.18332298,1293.64917848,682.85530008
2024-12-09T14:00,3600,0.0,1.15922581993,0.0,0.0,0.0,1.15922581993,1414.64811617,1159.22581993,609.23906396
2024-12-09T15:00,3600,0.0,0.84057793549,0.0,0.0,0.0,0.84057793549,1026.29731309,840.57793549,434.98748002
2024-12-09T16:00,3600,0.0,0.48273761412,0.0,0.0,0.0,0.48273761412,592.94943619,482.73761412,245.97238997
2024-12-09T17:00,3600,0.0,0.05147256769,0.0,0.0,0.0,0.05147256769,74.49590477,51.47256769,30.20281849
2024-12-09T18:00,3600,0.0,0.0,0.0,0.0,0.0,0.0,0.0,0.0,0.0
2024-12-09T19:00,3600,0.0,0.0,0.0,0.0,0.0,0.0,0.0,0.0,0.0
2024-12-09T20:00,3600,0.0,0.0,0.0,0.0,0.0,0.0,0.0,0.0,0.0
2024-12-09T21:00,3600,0.0,0.0,0.0,0.0,0.0,0.0,0.0,0.0,0.0
2024-12-09T22:00,3600,0.0,0.0,0.0,0.0,0.0,0.0,0.0,0.0,0.0
2024-12-09T23:00,3600,0.0,0.0,0.0,0.0,0.0,0.0,0.0,0.0,0.0
2024-12-10T00:00,3600,0.0,0.0,0.0,0.0,0.0,0.0,0.0,0.0,0.0
2024-12-10T01:00,3600,0.0,0.0,0.0,0.0,0.0,0.0,0.0,0.0,0.0
2024-12-10T02:00,3600,0.0,0.0,0.0,0.0,0.0,0.0,0.0,0.0,0.0
2024-12-10T03:00,3600,0.0,0.0,0.0,0.0,0.0,0.0,0.0,0.0,0.0
2024-12-10T04:00,3600,0.0,0.0,0.0,0.0,0.0,0.0,0.0,0.0,0.0
2024-12-10T05:00,3600,0.0,0.0,0.0,0.0,0.0,0.0,0.0,0.0,0.0
2024-12-10T06:00,3600,0.0,0.0,0.0,0.0,0.0,0.0,0.0,0.0,0.0
2024-12-10T07:00,3600,0.0,0.15538460301,0.0,0.0,0.0,0.15538460301,199.03949981,155.38460301,79.40551489
2024-12-10T08:00,3600,0.0,0.55865198286,0.0,0.0,0.0,0.55865198286,684.64040431,558.65198286,278.80477192
2024-12-10T09:00,3600,0.0,0.84008252477,0.0,0.0,0.0,0.84008252477,1025.6953537,840.08252477,425.91853332
2024-12-10T10:00,3600,0.0,1.13784460984,0.0,0.0,0.0,1.13784460984,1388.5162597,1137.84460984,593.70154822
2024-12-10T11:00,3600,0.0,1.0551099506900001,0.0,0.0,0.0,1.0551099506900001,1287.49910607,1055.10995069,548.66511814
2024-12-10T12:00,3600,0.0,1.29749124833,0.0,0.0,0.0,1.29749124833,1583.89226868,1297.49124833,683.98377193
2024-12-10T13:00,3600,0.0,1.40815942829,0.0,0.0,0.0,1.40815942829,1719.67937756,1408.15942829,754.8608588
2024-12-10T14:00,3600,0.0,1.02587366924,0.0,0.0,0.0,1.02587366924,1251.84022823,1025.87366924,539.41924688
2024-12-10T15:00,3600,0.0,0.8637079684000001,0.0,0.0,0.0,0.8637079684000001,1054.40821062,863.7079684,450.3398414
2024-12-10T16:00,3600,0.0,0.41908199806999996,0.0,0.0,0.0,0.41908199806999996,516.16452639,419.08199807,215.01641419
2024-12-10T17:00,3600,0.0,0.04458867633,0.0,0.0,0.0,0.04458867633,66.25359683,44.58867633,27.08496447
2024-12-10T18:00,3600,0.0,0.0,0.0,0.0,0.0,0.0,0.0,0.0,0.0
2024-12-10T19:00,3600,0.0,0.0,0.0,0.0,0.0,0.0,0.0,0.0,0.0
2024-12-10T20:00,3600,0.0,0.0,0.0,0.0,0.0,0.0,0.0,0.0,0.0
2024-12-10T21:00,3600,0.0,0.0,0.0,0.0,0.0,0.0,0.0,0.0,0.0
2024-12-10T22:00,3600,0.0,0.0,0.0,0.0,0.0,0.0,0.0,0.0,0.0
2024-12-10T23:00,3600,0.0,0.0,0.0,0.0,0.0,0.0,0.0,0.0,0.0
2024-12-11T00:00,3600,0.0,0.0,0.0,0.0,0.0,0.0,0.0,0.0,0.0
2024-12-11T01:00,3600,0.0,0.0,0.0,0.0,0.0,0.0,0.0,0.0,0.0
2024-12-11T02:00,3600,0.0,0.0,0.0,0.0,0.0,0.0,0.0,0.0,0.0
2024-12-11T03:00,3600,0.0,0.0,0.0,0.0,0.0,0.0,0.0,0.0,0.0
2024-12-11T04:00,3600,0.0,0.0,0.0,0.0,0.0,0.0,0.0,0.0,0.0
2024-12-11T05:00,3600,0.0,0.0,0.0,0.0,0.0,0.0,0.0,0.0,0.0
2024-12-11T06:00,3600,0.0,0.0,0.0,0.0,0.0,0.0,0.0,0.0,0.0
2024-12-11T07:00,3600,0.0,0.02994592766,0.0,0.0,0.0,0.02994592766,48.7248062,29.94592766,19.65666168
2024-12-11T08:00,3600,0.0,0.15565248414000002,0.0,0.0,0.0,0.15565248414000002,199.36087512,155.65248414,80.91808435
2024-12-11T09:00,3600,0.0,0.26691639711,0.0,0.0,0.0,0.26691639711,332.98046788,266.91639711,135.76768478
2024-12-11T10:00,3600,0.0,0.36429584811,0.0,0.0,0.0,0.36429584811,450.15099633,364.29584811,185.23072303
2024-12-11T11:00,3600,0.0,0.5934451669999999,0.0,0.0,0.0,0.5934451669999999,726.70769929,593.445167,301.60221385
2024-12-11T12:00,3600,0.0,0.9411917465499999,0.0,0.0,0.0,0.9411917465499999,1148.66692071,941.19174655,484.0385191
2024-12-11T13:00,3600,0.0,1.08592152646,0.0,0.0,0.0,1.08592152646,1325.1007717,1085.92152646,562.88416891
2024-12-11T14:00,3600,0.0,0.8531147138899999,0.0,0.0,0.0,0.8531147138899999,1041.53226392,853.11471389,438.54823416
2024-12-11T15:00,3600,0.0,0.71044087381,0.0,0.0,0.0,0.71044087381,868.36410519,710.44087381,363.60940779
2024-12-11T16:00,3600,0.0,0.42060962112,0.0,0.0,0.0,0.42060962112,518.00616734,420.60962112,212.64999251
2024-12-11T17:00,3600,0.0,0.04932298276000001,0.0,0.0,0.0,0.04932298276000001,71.92202508,49.32298276,29.0725233
2024-12-11T18:00,3600,0.0,0.0,0.0,0.0,0.0,0.0,0.0,0.0,0.0
2024-12-11T19:00,3600,0.0,0.0,0.0,0.0,0.0,0.0,0.0,0.0,0.0
2024-12-11T20:00,3600,0.0,0.0,0.0,0.0,0.0,0.0,0.0,0.0,0.0
2024-12-11T21:00,3600,0.0,0.0,0.0,0.0,0.0,0.0,0.0,0.0,0.0
2024-12-11T22:00,3600,0.0,0.0,0.0,0.0,0.0,0.0,0.0,0.0,0.0
2024-12-11T23:00,3600,0.0,0.0,0.0,0.0,0.0,0.0,0.0,0.0,0.0
2024-12-12T00:00,3600,0.0,0.0,0.0,0.0,0.0,0.0,0.0,0.0,0.0
2024-12-12T01:00,3600,0.0,0.0,0.0,0.0,0.0,0.0,0.0,0.0,0.0
2024-12-12T02:00,3600,0.0,0.0,0.0,0.0,0.0,0.0,0.0,0.0,0.0
2024-12-12T03:00,3600,0.0,0.0,0.0,0.0,0.0,0.0,0.0,0.0,0.0
2024-12-12T04:00,3600,0.0,0.0,0.0,0.0,0.0,0.0,0.0,0.0,0.0
2024-12-12T05:00,3600,0.0,0.0,0.0,0.0,0.0,0.0,0.0,0.0,0.0
2024-12-12T06:00,3600,0.0,0.0,0.0,0.0,0.0,0.0,0.0,0.0,0.0
2024-12-12T07:00,3600,0.0,0.12130383705,0.0,0.0,0.0,0.12130383705,158.16590597,121.30383705,62.82280728
2024-12-12T08:00,3600,0.0,0.39329508826000004,0.0,0.0,0.0,0.39329508826000004,485.08473362,393.29508826,194.72863617
2024-12-12T09:00,3600,0.0,0.6343221406099999,0.0,0.0,0.0,0.6343221406099999,776.16561947,634.32214061,314.52506608
2024-12-12T10:00,3600,0.0,0.94574960488,0.0,0.0,0.0,0.94574960488,1154.21583542,945.74960488,477.45600847
2024-12-12T11:00,3600,0.0,1.07322605536,0.0,0.0,0.0,1.07322605536,1309.60487386,1073.22605536,545.54767788
2024-12-12T12:00,3600,0.0,1.04965171232,0.0,0.0,0.0,1.04965171232,1280.84030492,1049.65171232,534.14907589
2024-12-12T13:00,3600,0.0,1.2649250393899998,0.0,0.0,0.0,1.2649250393899998,1543.9892145,1264.92503939,655.36620102
2024-12-12T14:00,3600,0.0,1.0567251669800002,0.0,0.0,0.0,1.0567251669800002,1289.4697284,1056.72516698,543.42769478
2024-12-12T15:00,3600,0.0,0.81756650394,0.0,0.0,0.0,0.81756650394,998.34270847,817.56650394,415.91062185
2024-12-12T16:00,3600,0.0,0.35278377026999996,0.0,0.0,0.0,0.35278377026999996,436.2882487,352.78377027,177.71227659
2024-12-12T17:00,3600,0.0,0.049705298810000006,0.0,0.0,0.0,0.049705298810000006,72.379797,49.70529881,29.12475955
2024-12-12T18:00,3600,0.0,0.0,0.0,0.0,0.0,0.0,0.0,0.0,0.0
2024-12-12T19:00,3600,0.0,0.0,0.0,0.0,0.0,0.0,0.0,0.0,0.0
2024-12-12T20:00,3600,0.0,0.0,0.0,0.0,0.0,0.0,0.0,0.0,0.0
2024-12-12T21:00,3600,0.0,0.0,0.0,0.0,0.0,0.0,0.0,0.0,0.0
2024-12-12T22:00,3600,0.0,0.0,0.0,0.0,0.0,0.0,0.0,0.0,0.0
2024-12-12T23:00,3600,0.0,0.0,0.0,0.0,0.0,0.0,0.0,0.0,0.0
2024-12-13T00:00,3600,0.0,0.0,0.0,0.0,0.0,0.0,0.0,0.0,0.0
2024-12-13T01:00,3600,0.0,0.0,0.0,0.0,0.0,0.0,0.0,0.0,0.0
2024-12-13T02:00,3600,0.0,0.0,0.0,0.0,0.0,0.0,0.0,0.0,0.0
2024-12-13T03:00,3600,0.0,0.0,0.0,0.0,0.0,0.0,0.0,0.0,0.0
2024-12-13T04:00,3600,0.0,0.0,0.0,0.0,0.0,0.0,0.0,0.0,0.0
2024-12-13T05:00,3600,0.0,0.0,0.0,0.0,0.0,0.0,0.0,0.0,0.0
2024-12-13T06:00,3600,0.0,0.0,0.0,0.0,0.0,0.0,0.0,0.0,0.0
2024-12-13T07:00,3600,0.0,0.08444789471999999,0.0,0.0,0.0,0.08444789471999999,113.99274333,84.44789472,45.22710267
2024-12-13T08:00,3600,0.0,0.47781945775999995,0.0,0.0,0.0,0.47781945775999995,587.01364889,477.81945776,236.37654637
2024-12-13T09:00,3600,0.0,0.7672433169499999,0.0,0.0,0.0,0.7672433169499999,937.25156544,767.24331695,381.87637762
2024-12-13T10:00,3600,0.0,1.326241558,0.0,0.0,0.0,1.326241558,1619.1404454,1326.241558,677.35059886
2024-12-13T11:00,3600,0.0,1.39110112613,0.0,0.0,0.0,1.39110112613,1698.73043335,1391.10112613,713.94433481
2024-12-13T12:00,3600,0.0,1.39204852797,0.0,0.0,0.0,1.39204852797,1699.89373741,1392.04852797,714.68192204
2024-12-13T13:00,3600,0.0,1.41398378975,0.0,0.0,0.0,1.41398378975,1726.83372931,1413.98378975,729.23006894
2024-12-13T14:00,3600,0.0,0.86809132931,0.0,0.0,0.0,0.86809132931,1059.73687423,868.09132931,438.43112448
2024-12-13T15:00,3600,0.0,0.68822201958,0.0,0.0,0.0,0.68822201958,841.43803352,688.22201958,345.52915345
2024-12-13T16:00,3600,0.0,0.30900234731000004,0.0,0.0,0.0,0.30900234731000004,383.59396899,309.00234731,154.79391511
2024-12-13T17:00,3600,0.0,0.039521498970000006,0.0,0.0,0.0,0.039521498970000006,60.18716293,39.52149897,24.03856337
2024-12-13T18:00,3600,0.0,0.0,0.0,0.0,0.0,0.0,0.0,0.0,0.0
2024-12-13T19:00,3600,0.0,0.0,0.0,0.0,0.0,0.0,0.0,0.0,0.0
2024-12-13T20:00,3600,0.0,0.0,0.0,0.0,0.0,0.0,0.0,0.0,0.0
2024-12-13T21:00,3600,0.0,0.0,0.0,0.0,0.0,0.0,0.0,0.0,0.0
2024-12-13T22:00,3600,0.0,0.0,0.0,0.0,0.0,0.0,0.0,0.0,0.0
2024-12-13T23:00,3600,0.0,0.0,0.0,0.0,0.0,0.0,0.0,0.0,0.0
2024-12-14T00:00,3600,0.0,0.0,0.0,0.0,0.0,0.0,0.0,0.0,0.0
2024-12-14T01:00,3600,0.0,0.0,0.0,0.0,0.0,0.0,0.0,0.0,0.0
2024-12-14T02:00,3600,0.0,0.0,0.0,0.0,0.0,0.0,0.0,0.0,0.0
2024-12-14T03:00,3600,0.0,0.0,0.0,0.0,0.0,0.0,0.0,0.0,0.0
2024-12-14T04:00,3600,0.0,0.0,0.0,0.0,0.0,0.0,0.0,0.0,0.0
2024-12-14T05:00,3600,0.0,0.0,0.0,0.0,0.0,0.0,0.0,0.0,0.0
2024-12-14T06:00,3600,0.0,0.0,0.0,0.0,0.0,0.0,0.0,0.0,0.0
2024-12-14T07:00,3600,0.0,0.08311517711000001,0.0,0.0,0.0,0.08311517711000001,112.39599249,83.11517711,44.30830785
2024-12-14T08:00,3600,0.0,0.43539344899000004,0.0,0.0,0.0,0.43539344899000004,535.83165229,435.39344899,213.71948319
2024-12-14T09:00,3600,0.0,0.7558717313,0.0,0.0,0.0,0.7558717313,923.45473485,755.8717313,372.52053245
2024-12-14T10:00,3600,0.0,1.2679966966199998,0.0,0.0,0.0,1.2679966966199998,1547.75182282,1267.99669662,641.22074068
2024-12-14T11:00,3600,0.0,1.3457396556799999,0.0,0.0,0.0,1.3457396556799999,1643.05638162,1345.73965568,684.93435916
2024-12-14T12:00,3600,0.0,1.11294002746,0.0,0.0,0.0,1.11294002746,1358.09159662,1112.94002746,561.93204011
2024-12-14T13:00,3600,0.0,1.13870249672,0.0,0.0,0.0,1.13870249672,1389.56455365,1138.70249672,579.66241219
2024-12-14T14:00,3600,0.0,1.16074493108,0.0,0.0,0.0,1.16074493108,1416.50516071,1160.74493108,592.19896991
2024-12-14T15:00,3600,0.0,0.81129145554,0.0,0.0,0.0,0.81129145554,990.72179421,811.29145554,408.61690082
2024-12-14T16:00,3600,0.0,0.44488674131,0.0,0.0,0.0,0.44488674131,547.28069345,444.88674131,222.09666873
2024-12-14T17:00,3600,0.0,0.05290221764,0.0,0.0,0.0,0.05290221764,76.20780151,52.90221764,30.47703003
2024-12-14T18:00,3600,0.0,0.0,0.0,0.0,0.0,0.0,0.0,0.0,0.0
2024-12-14T19:00,3600,0.0,0.0,0.0,0.0,0.0,0.0,0.0,0.0,0.0
2024-12-14T20:00,3600,0.0,0.0,0.0,0.0,0.0,0.0,0.0,0.0,0.0
2024-12-14T21:00,3600,0.0,0.0,0.0,0.0,0.0,0.0,0.0,0.0,0.0
2024-12-14T22:00,3600,0.0,0.0,0.0,0.0,0.0,0.0,0.0,0.0,0.0
2024-12-14T23:00,3600,0.0,0.0,0.0,0.0,0.0,0.0,0.0,0.0,0.0
2024-12-15T00:00,3600,0.0,0.0,0.0,0.0,0.0,0.0,0.0,0.0,0.0
2024-12-15T01:00,3600,0.0,0.0,0.0,0.0,0.0,0.0,0.0,0.0,0.0
2024-12-15T02:00,3600,0.0,0.0,0.0,0.0,0.0,0.0,0.0,0.0,0.0
2024-12-15T03:00,3600,0.0,0.0,0.0,0.0,0.0,0.0,0.0,0.0,0.0
2024-12-15T04:00,3600,0.0,0.0,0.0,0.0,0.0,0.0,0.0,0.0,0.0
2024-12-15T05:00,3600,0.0,0.0,0.0,0.0,0.0,0.0,0.0,0.0,0.0
2024-12-15T06:00,3600,0.0,0.0,0.0,0.0,0.0,0.0,0.0,0.0,0.0
2024-12-15T07:00,3600,0.0,0.011920380270000001,0.0,0.0,0.0,0.011920380270000001,27.15291893,11.92038027,10.65022136
2024-12-15T08:00,3600,0.0,0.07815922622,0.0,0.0,0.0,0.07815922622,106.45852836,78.15922622,41.85562216
2024-12-15T09:00,3600,0.0,0.34145171044,0.0,0.0,0.0,0.34145171044,422.64516011,341.45171044,167.59845043
2024-12-15T10:00,3600,0.0,0.71944931991,0.0,0.0,0.0,0.71944931991,879.28424786,719.44931991,356.68506417
2024-12-15T11:00,3600,0.0,0.63503179034,0.0,0.0,0.0,0.63503179034,777.02457338,635.03179034,314.7735898
2024-12-15T12:00,3600,0.0,0.64110446897,0.0,0.0,0.0,0.64110446897,784.37535721,641.10446897,318.23188616
2024-12-15T13:00,3600,0.0,0.53474220435,0.0,0.0,0.0,0.53474220435,655.74769125,534.74220435,266.97082709
2024-12-15T14:00,3600,0.0,0.38123504723,0.0,0.0,0.0,0.38123504723,470.55440889,381.23504723,190.56856651
2024-12-15T15:00,3600,0.0,0.30625133763,0.0,0.0,0.0,0.30625133763,380.28434234,306.25133763,153.49393028
2024-12-15T16:00,3600,0.0,0.27502199985,0.0,0.0,0.0,0.27502199985,342.72539075,275.02199985,138.01880404
2024-12-15T17:00,3600,0.0,0.037691485129999994,0.0,0.0,0.0,0.037691485129999994,57.99640522,37.69148513,23.13985247
2024-12-15T18:00,3600,0.0,0.0,0.0,0.0,0.0,0.0,0.0,0.0,0.0
2024-12-15T19:00,3600,0.0,0.0,0.0,0.0,0.0,0.0,0.0,0.0,0.0
2024-12-15T20:00,3600,0.0,0.0,0.0,0.0,0.0,0.0,0.0,0.0,0.0
2024-12-15T21:00,3600,0.0,0.0,0.0,0.0,0.0,0.0,0.0,0.0,0.0
2024-12-15T22:00,3600,0.0,0.0,0.0,0.0,0.0,0.0,0.0,0.0,0.0
2024-12-15T23:00,3600,0.0,0.0,0.0,0.0,0.0,0.0,0.0,0.0,0.0
2024-12-16T00:00,3600,0.0,0.0,0.0,0.0,0.0,0.0,0.0,0.0,0.0
2024-12-16T01:00,3600,0.0,0.0,0.0,0.0,0.0,0.0,0.0,0.0,0.0
2024-12-16T02:00,3600,0.0,0.0,0.0,0.0,0.0,0.0,0.0,0.0,0.0
2024-12-16T03:00,3600,0.0,0.0,0.0,0.0,0.0,0.0,0.0,0.0,0.0
2024-12-16T04:00,3600,0.0,0.0,0.0,0.0,0.0,0.0,0.0,0.0,0.0
2024-12-16T05:00,3600,0.0,0.0,0.0,0.0,0.0,0.0,0.0,0.0,0.0
2024-12-16T06:00,3600,0.0,0.0,0.0,0.0,0.0,0.0,0.0,0.0,0.0
2024-12-16T07:00,3600,0.0,0.03293101891,0.0,0.0,0.0,0.03293101891,52.2978692,32.93101891,20.61680744
2024-12-16T08:00,3600,0.0,0.37425762293000003,0.0,0.0,0.0,0.37425762293000003,462.14926575,374.25762293,184.68902532
2024-12-16T09:00,3600,0.0,0.7398226888399999,0.0,0.0,0.0,0.7398226888399999,903.98788721,739.82268884,366.81438077
2024-12-16T10:00,3600,0.0,1.04707502178,0.0,0.0,0.0,1.04707502178,1277.6971001,1047.07502178,534.17454951
2024-12-16T11:00,3600,0.0,1.2907069362499999,0.0,0.0,0.0,1.2907069362499999,1575.57746501,1290.70693625,668.00411876
2024-12-16T12:00,3600,0.0,1.45108686508,0.0,0.0,0.0,1.45108686508,1772.42812172,1451.08686508,759.83371156
2024-12-16T13:00,3600,0.0,1.53740606046,0.0,0.0,0.0,1.53740606046,1878.62849115,1537.40606046,818.30556055
2024-12-16T14:00,3600,0.0,1.1527755884600002,0.0,0.0,0.0,1.1527755884600002,1406.76359948,1152.77558846,601.17902839
2024-12-16T15:00,3600,0.0,0.8811784788899999,0.0,0.0,0.0,0.8811784788899999,1075.64898113,881.17847889,453.64476014
2024-12-16T16:00,3600,0.0,0.51384896151,0.0,0.0,0.0,0.51384896151,630.51070827,513.84896151,260.98639213
2024-12-16T17:00,3600,0.0,0.06824557942,0.0,0.0,0.0,0.06824557942,94.58312621,68.24557942,38.26773283
2024-12-16T18:00,3600,0.0,0.0,0.0,0.0,0.0,0.0,0.0,0.0,0.0
2024-12-16T19:00,3600,0.0,0.0,0.0,0.0,0.0,0.0,0.0,0.0,0.0
2024-12-16T20:00,3600,0.0,0.0,0.0,0.0,0.0,0.0,0.0,0.0,0.0
2024-12-16T21:00,3600,0.0,0.0,0.0,0.0,0.0,0.0,0.0,0.0,0.0
2024-12-16T22:00,3600,0.0,0.0,0.0,0.0,0.0,0.0,0.0,0.0,0.0
2024-12-16T23:00,3600,0.0,0.0,0.0,0.0,0.0,0.0,0.0,0.0,0.0
2024-12-17T00:00,3600,0.0,0.0,0.0,0.0,0.0,0.0,0.0,0.0,0.0
2024-12-17T01:00,3600,0.0,0.0,0.0,0.0,0.0,0.0,0.0,0.0,0.0
2024-12-17T02:00,3600,0.0,0.0,0.0,0.0,0.0,0.0,0.0,0.0,0.0
2024-12-17T03:00,3600,0.0,0.0,0.0,0.0,0.0,0.0,0.0,0.0,0.0
2024-12-17T04:00,3600,0.0,0.0,0.0,0.0,0.0,0.0,0.0,0.0,0.0
2024-12-17T05:00,3600,0.0,0.0,0.0,0.0,0.0,0.0,0.0,0.0,0.0
2024-12-17T06:00,3600,0.0,0.0,0.0,0.0,0.0,0.0,0.0,0.0,0.0
2024-12-17T07:00,3600,0.0,0.17225063227,0.0,0.0,0.0,0.17225063227,219.27665376,172.25063227,85.90764155
2024-12-17T08:00,3600,0.0,0.6881931706499999,0.0,0.0,0.0,0.6881931706499999,841.40308003,688.19317065,337.50744445
2024-12-17T09:00,3600,0.0,1.13449751367,0.0,0.0,0.0,1.13449751367,1384.42644294,1134.49751367,570.3529346
2024-12-17T10:00,3600,0.0,1.43604597591,0.0,0.0,0.0,1.43604597591,1753.94108358,1436.04597591,751.84733569
2024-12-17T11:00,3600,0.0,1.62366043063,0.0,0.0,0.0,1.62366043063,1984.92639641,1623.66043063,861.86065914
2024-12-17T12:00,3600,0.0,1.67143883538,0.0,0.0,0.0,1.67143883538,2043.88400541,1671.43883538,891.60414468
2024-12-17T13:00,3600,0.0,1.56465883681,0.0,0.0,0.0,1.56465883681,1912.19499315,1564.65883681,839.57558471
2024-12-17T14:00,3600,0.0,1.3401740939399998,0.0,0.0,0.0,1.3401740939399998,1636.22887349,1340.17409394,708.59798011
2024-12-17T15:00,3600,0.0,0.9852609384400001,0.0,0.0,0.0,0.9852609384400001,1202.33853583,985.26093844,510.90035365
2024-12-17T16:00,3600,0.0,0.53917894,0.0,0.0,0.0,0.53917894,661.10809553,539.17894,274.20224172
2024-12-17T17:00,3600,0.0,0.07012182859,0.0,0.0,0.0,0.07012182859,96.83049033,70.12182859,39.28639875
2024-12-17T18:00,3600,0.0,0.0,0.0,0.0,0.0,0.0,0.0,0.0,0.0
2024-12-17T19:00,3600,0.0,0.0,0.0,0.0,0.0,0.0,0.0,0.0,0.0
2024-12-17T20:00,3600,0.0,0.0,0.0,0.0,0.0,0.0,0.0,0.0,0.0
2024-12-17T21:00,3600,0.0,0.0,0.0,0.0,0.0,0.0,0.0,0.0,0.0
2024-12-17T22:00,3600,0.0,0.0,0.0,0.0,0.0,0.0,0.0,0.0,0.0
2024-12-17T23:00,3600,0.0,0.0,0.0,0.0,0.0,0.0,0.0,0.0,0.0
2024-12-18T00:00,3600,0.0,0.0,0.0,0.0,0.0,0.0,0.0,0.0,0.0
2024-12-18T01:00,3600,0.0,0.0,0.0,0.0,0.0,0.0,0.0,0.0,0.0
2024-12-18T02:00,3600,0.0,0.0,0.0,0.0,0.0,0.0,0.0,0.0,0.0
2024-12-18T03:00,3600,0.0,0.0,0.0,0.0,0.0,0.0,0.0,0.0,0.0
2024-12-18T04:00,3600,0.0,0.0,0.0,0.0,0.0,0.0,0.0,0.0,0.0
2024-12-18T05:00,3600,0.0,0.0,0.0,0.0,0.0,0.0,0.0,0.0,0.0
2024-12-18T06:00,3600,0.0,0.0,0.0,0.0,0.0,0.0,0.0,0.0,0.0
2024-12-18T07:00,3600,0.0,0.12296784108999999,0.0,0.0,0.0,0.12296784108999999,160.16097849,122.96784109,64.06276728
2024-12-18T08:00,3600,0.0,0.5826312444899999,0.0,0.0,0.0,0.5826312444899999,713.63001689,582.63124449,290.64160471
2024-12-18T09:00,3600,0.0,1.0790003505699999,0.0,0.0,0.0,1.0790003505699999,1316.65242664,1079.00035057,548.26039724
2024-12-18T10:00,3600,0.0,1.3647973614,0.0,0.0,0.0,1.3647973614,1666.44079796,1364.7973614,708.75081874
2024-12-18T11:00,3600,0.0,1.5878946964199998,0.0,0.0,0.0,1.5878946964199998,1940.82796212,1587.89469642,834.43131422
2024-12-18T12:00,3600,0.0,1.6690924139699999,0.0,0.0,0.0,1.6690924139699999,2040.98728928,1669.09241397,883.74285909
2024-12-18T13:00,3600,0.0,1.5733279818700001,0.0,0.0,0.0,1.5733279818700001,1922.8762565,1573.32798187,836.6074569
2024-12-18T14:00,3600,0.0,1.14345677105,0.0,0.0,0.0,1.14345677105,1395.37434466,1143.45677105,594.96884968
2024-12-18T15:00,3600,0.0,0.9259344190700001,0.0,0.0,0.0,0.9259344190700001,1130.09553352,925.93441907,476.62411075
2024-12-18T16:00,3600,0.0,0.50946172299,0.0,0.0,0.0,0.50946172299,625.21260217,509.46172299,257.91674093
2024-12-18T17:00,3600,0.0,0.06762826447999999,0.0,0.0,0.0,0.06762826447999999,93.8437256,67.62826448,38.03362169
2024-12-18T18:00,3600,0.0,0.0,0.0,0.0,0.0,0.0,0.0,0.0,0.0
2024-12-18T19:00,3600,0.0,0.0,0.0,0.0,0.0,0.0,0.0,0.0,0.0
2024-12-18T20:00,3600,0.0,0.0,0.0,0.0,0.0,0.0,0.0,0.0,0.0
2024-12-18T21:00,3600,0.0,0.0,0.0,0.0,0.0,0.0,0.0,0.0,0.0
2024-12-18T22:00,3600,0.0,0.0,0.0,0.0,0.0,0.0,0.0,0.0,0.0
2024-12-18T23:00,3600,0.0,0.0,0.0,0.0,0.0,0.0,0.0,0.0,0.0
2024-12-19T00:00,3600,0.0,0.0,0.0,0.0,0.0,0.0,0.0,0.0,0.0
2024-12-19T01:00,3600,0.0,0.0,0.0,0.0,0.0,0.0,0.0,0.0,0.0
2024-12-19T02:00,3600,0.0,0.0,0.0,0.0,0.0,0.0,0.0,0.0,0.0
2024-12-19T03:00,3600,0.0,0.0,0.0,0.0,0.0,0.0,0.0,0.0,0.0
2024-12-19T04:00,3600,0.0,0.0,0.0,0.0,0.0,0.0,0.0,0.0,0.0
2024-12-19T05:00,3600,0.0,0.0,0.0,0.0,0.0,0.0,0.0,0.0,0.0
2024-12-19T06:00,3600,0.0,0.0,0.0,0.0,0.0,0.0,0.0,0.0,0.0
2024-12-19T07:00,3600,0.0,0.15998191964,0.0,0.0,0.0,0.15998191964,204.55509094,159.98191964,80.48678116
2024-12-19T08:00,3600,0.0,0.6620186689800001,0.0,0.0,0.0,0.6620186689800001,809.69771844,662.01866898,324.84375248
2024-12-19T09:00,3600,0.0,1.0829509068899998,0.0,0.0,0.0,1.0829509068899998,1321.47454373,1082.95090689,538.63780543
2024-12-19T10:00,3600,0.0,1.39692210518,0.0,0.0,0.0,1.39692210518,1705.87828314,1396.92210518,714.00451304
2024-12-19T11:00,3600,0.0,1.6545062653800002,0.0,0.0,0.0,1.6545062653800002,2022.98328633,1654.50626538,859.2742324
2024-12-19T12:00,3600,0.0,1.7068775346699998,0.0,0.0,0.0,1.7068775346699998,2087.65005333,1706.87753467,892.50658829
2024-12-19T13:00,3600,0.0,1.60812383129,0.0,0.0,0.0,1.60812383129,1965.76632198,1608.12383129,846.13763999
2024-12-19T14:00,3600,0.0,1.38047712057,0.0,0.0,0.0,1.38047712057,1685.68678802,1380.47712057,718.43574882
2024-12-19T15:00,3600,0.0,1.02654850465,0.0,0.0,0.0,1.02654850465,1252.66308776,1026.54850465,524.72885064
2024-12-19T16:00,3600,0.0,0.56713599043,0.0,0.0,0.0,0.56713599043,694.89562254,567.13599043,284.45608456
2024-12-19T17:00,3600,0.0,0.07796412589999999,0.0,0.0,0.0,0.07796412589999999,106.22479994,77.9641259,42.58175438
2024-12-19T18:00,3600,0.0,0.0,0.0,0.0,0.0,0.0,0.0,0.0,0.0
2024-12-19T19:00,3600,0.0,0.0,0.0,0.0,0.0,0.0,0.0,0.0,0.0
2024-12-19T20:00,3600,0.0,0.0,0.0,0.0,0.0,0.0,0.0,0.0,0.0
2024-12-19T21:00,3600,0.0,0.0,0.0,0.0,0.0,0.0,0.0,0.0,0.0
2024-12-19T22:00,3600,0.0,0.0,0.0,0.0,0.0,0.0,0.0,0.0,0.0
2024-12-19T23:00,3600,0.0,0.0,0.0,0.0,0.0,0.0,0.0,0.0,0.0
2024-12-20T00:00,3600,0.0,0.0,0.0,0.0,0.0,0.0,0.0,0.0,0.0
2024-12-20T01:00,3600,0.0,0.0,0.0,0.0,0.0,0.0,0.0,0.0,0.0
2024-12-20T02:00,3600,0.0,0.0,0.0,0.0,0.0,0.0,0.0,0.0,0.0
2024-12-20T03:00,3600,0.0,0.0,0.0,0.0,0.0,0.0,0.0,0.0,0.0
2024-12-20T04:00,3600,0.0,0.0,0.0,0.0,0.0,0.0,0.0,0.0,0.0
2024-12-20T05:00,3600,0.0,0.0,0.0,0.0,0.0,0.0,0.0,0.0,0.0
2024-12-20T06:00,3600,0.0,0.0,0.0,0.0,0.0,0.0,0.0,0.0,0.0
2024-12-20T07:00,3600,0.0,0.16106231125,0.0,0.0,0.0,0.16106231125,205.85134909,161.06231125,80.50542778
2024-12-20T08:00,3600,0.0,0.6892581024300001,0.0,0.0,0.0,0.6892581024300001,842.69336852,689.25810243,336.54817332
2024-12-20T09:00,3600,0.0,1.15178468576,0.0,0.0,0.0,1.15178468576,1405.55244377,1151.78468576,573.59305059
2024-12-20T10:00,3600,0.0,1.47029566244,0.0,0.0,0.0,1.47029566244,1796.0458112,1470.29566244,758.34680007
2024-12-20T11:00,3600,0.0,1.66665588928,0.0,0.0,0.0,1.66665588928,2037.97947826,1666.65588928,871.01765524
2024-12-20T12:00,3600,0.0,1.7184723269500002,0.0,0.0,0.0,1.7184723269500002,2101.97593452,1718.47232695,904.16164758
2024-12-20T13:00,3600,0.0,1.6084980403,0.0,0.0,0.0,1.6084980403,1966.22773685,1608.4980403,854.30473059
2024-12-20T14:00,3600,0.0,1.3814681613299997,0.0,0.0,0.0,1.3814681613299997,1686.9034277,1381.46816133,725.31296837
2024-12-20T15:00,3600,0.0,1.0283745582,0.0,0.0,0.0,1.0283745582,1254.88973616,1028.3745582,529.93993706
2024-12-20T16:00,3600,0.0,0.56980621869,0.0,0.0,0.0,0.56980621869,698.12365137,569.80621869,287.59815106
2024-12-20T17:00,3600,0.0,0.08231586729999998,0.0,0.0,0.0,0.08231586729999998,111.43834499,82.3158673,44.85452286
2024-12-20T18:00,3600,0.0,0.0,0.0,0.0,0.0,0.0,0.0,0.0,0.0
2024-12-20T19:00,3600,0.0,0.0,0.0,0.0,0.0,0.0,0.0,0.0,0.0
2024-12-20T20:00,3600,0.0,0.0,0.0,0.0,0.0,0.0,0.0,0.0,0.0
2024-12-20T21:00,3600,0.0,0.0,0.0,0.0,0.0,0.0,0.0,0.0,0.0
2024-12-20T22:00,3600,0.0,0.0,0.0,0.0,0.0,0.0,0.0,0.0,0.0
2024-12-20T23:00,3600,0.0,0.0,0.0,0.0,0.0,0.0,0.0,0.0,0.0
2024-12-21T00:00,3600,0.0,0.0,0.0,0.0,0.0,0.0,0.0,0.0,0.0
2024-12-21T01:00,3600,0.0,0.0,0.0,0.0,0.0,0.0,0.0,0.0,0.0
2024-12-21T02:00,3600,0.0,0.0,0.0,0.0,0.0,0.0,0.0,0.0,0.0
2024-12-21T03:00,3600,0.0,0.0,0.0,0.0,0.0,0.0,0.0,0.0,0.0
2024-12-21T04:00,3600,0.0,0.0,0.0,0.0,0.0,0.0,0.0,0.0,0.0
2024-12-21T05:00,3600,0.0,0.0,0.0,0.0,0.0,0.0,0.0,0.0,0.0
2024-12-21T06:00,3600,0.0,0.0,0.0,0.0,0.0,0.0,0.0,0.0,0.0
2024-12-21T07:00,3600,0.0,0.15334783805000002,0.0,0.0,0.0,0.15334783805000002,196.59605741,153.34783805,77.27517463
2024-12-21T08:00,3600,0.0,0.6452883947200001,0.0,0.0,0.0,0.6452883947200001,789.44035151,645.28839472,316.3673996
2024-12-21T09:00,3600,0.0,1.11413841806,0.0,0.0,0.0,1.11413841806,1359.55527918,1114.13841806,557.70223144
2024-12-21T10:00,3600,0.0,1.42243326991,0.0,0.0,0.0,1.42243326991,1737.21407075,1422.43326991,736.88915036
2024-12-21T11:00,3600,0.0,1.6203802824800002,0.0,0.0,0.0,1.6203802824800002,1980.88076484,1620.38028248,847.51673823
2024-12-21T12:00,3600,0.0,1.67707649561,0.0,0.0,0.0,1.67707649561,2050.84437882,1677.07649561,880.08693084
2024-12-21T13:00,3600,0.0,1.59541902014,0.0,0.0,0.0,1.59541902014,1950.10276211,1595.41902014,842.3629936
2024-12-21T14:00,3600,0.0,1.36948807574,0.0,0.0,0.0,1.36948807574,1672.1977682,1369.48807574,715.39054873
2024-12-21T15:00,3600,0.0,1.01727293127,0.0,0.0,0.0,1.01727293127,1241.35385415,1017.27293127,522.68829035
2024-12-21T16:00,3600,0.0,0.5651107210599999,0.0,0.0,0.0,0.5651107210599999,692.44738923,565.11072106,285.33343888
2024-12-21T17:00,3600,0.0,0.08188386092000001,0.0,0.0,0.0,0.08188386092000001,110.920767,81.88386092,44.85512959
2024-12-21T18:00,3600,0.0,0.0,0.0,0.0,0.0,0.0,0.0,0.0,0.0
2024-12-21T19:00,3600,0.0,0.0,0.0,0.0,0.0,0.0,0.0,0.0,0.0
2024-12-21T20:00,3600,0.0,0.0,0.0,0.0,0.0,0.0,0.0,0.0,0.0
2024-12-21T21:00,3600,0.0,0.0,0.0,0.0,0.0,0.0,0.0,0.0,0.0
2024-12-21T22:00,3600,0.0,0.0,0.0,0.0,0.0,0.0,0.0,0.0,0.0
2024-12-21T23:00,3600,0.0,0.0,0.0,0.0,0.0,0.0,0.0,0.0,0.0
2024-12-22T00:00,3600,0.0,0.0,0.0,0.0,0.0,0.0,0.0,0.0,0.0
2024-12-22T01:00,3600,0.0,0.0,0.0,0.0,0.0,0.0,0.0,0.0,0.0
2024-12-22T02:00,3600,0.0,0.0,0.0,0.0,0.0,0.0,0.0,0.0,0.0
2024-12-22T03:00,3600,0.0,0.0,0.0,0.0,0.0,0.0,0.0,0.0,0.0
2024-12-22T04:00,3600,0.0,0.0,0.0,0.0,0.0,0.0,0.0,0.0,0.0
2024-12-22T05:00,3600,0.0,0.0,0.0,0.0,0.0,0.0,0.0,0.0,0.0
2024-12-22T06:00,3600,0.0,0.0,0.0,0.0,0.0,0.0,0.0,0.0,0.0
2024-12-22T07:00,3600,0.0,0.14358493794000002,0.0,0.0,0.0,0.14358493794000002,184.88508397,143.58493794,72.75853039
2024-12-22T08:00,3600,0.0,0.64913285579,0.0,0.0,0.0,0.64913285579,794.09474463,649.13285579,318.75031551
2024-12-22T09:00,3600,0.0,1.0905428522499998,0.0,0.0,0.0,1.0905428522499998,1330.74241985,1090.54285225,544.10050034
2024-12-22T10:00,3600,0.0,1.43122908877,0.0,0.0,0.0,1.43122908877,1748.02169035,1431.22908877,735.59010722
2024-12-22T11:00,3600,0.0,1.6158962327700002,0.0,0.0,0.0,1.6158962327700002,1975.3506956,1615.89623277,840.77526704
2024-12-22T12:00,3600,0.0,1.6512115729699999,0.0,0.0,0.0,1.6512115729699999,2018.9172819,1651.21157297,863.02522925
2024-12-22T13:00,3600,0.0,1.55460252138,0.0,0.0,0.0,1.55460252138,1899.80684195,1554.60252138,816.15047456
2024-12-22T14:00,3600,0.0,1.32645778416,0.0,0.0,0.0,1.32645778416,1619.40561456,1326.45778416,688.77104029
2024-12-22T15:00,3600,0.0,0.98444117911,0.0,0.0,0.0,0.98444117911,1201.3397469,984.44117911,503.30304942
2024-12-22T16:00,3600,0.0,0.5545109242199999,0.0,0.0,0.0,0.5545109242199999,679.63540369,554.51092422,278.9297582
2024-12-22T17:00,3600,0.0,0.07437815655,0.0,0.0,0.0,0.07437815655,101.92898998,74.37815655,40.98370126
2024-12-22T18:00,3600,0.0,0.0,0.0,0.0,0.0,0.0,0.0,0.0,0.0
2024-12-22T19:00,3600,0.0,0.0,0.0,0.0,0.0,0.0,0.0,0.0,0.0
2024-12-22T20:00,3600,0.0,0.0,0.0,0.0,0.0,0.0,0.0,0.0,0.0
2024-12-22T21:00,3600,0.0,0.0,0.0,0.0,0.0,0.0,0.0,0.0,0.0
2024-12-22T22:00,3600,0.0,0.0,0.0,0.0,0.0,0.0,0.0,0.0,0.0
2024-12-22T23:00,3600,0.0,0.0,0.0,0.0,0.0,0.0,0.0,0.0,0.0
2024-12-23T00:00,3600,0.0,0.0,0.0,0.0,0.0,0.0,0.0,0.0,0.0
2024-12-23T01:00,3600,0.0,0.0,0.0,0.0,0.0,0.0,0.0,0.0,0.0
2024-12-23T02:00,3600,0.0,0.0,0.0,0.0,0.0,0.0,0.0,0.0,0.0
2024-12-23T03:00,3600,0.0,0.0,0.0,0.0,0.0,0.0,0.0,0.0,0.0
2024-12-23T04:00,3600,0.0,0.0,0.0,0.0,0.0,0.0,0.0,0.0,0.0
2024-12-23T05:00,3600,0.0,0.0,0.0,0.0,0.0,0.0,0.0,0.0,0.0
2024-12-23T06:00,3600,0.0,0.0,0.0,0.0,0.0,0.0,0.0,0.0,0.0
2024-12-23T07:00,3600,0.0,0.10998499966,0.0,0.0,0.0,0.10998499966,144.59670007,109.98499966,56.99469853
2024-12-23T08:00,3600,0.0,0.50800190742,0.0,0.0,0.0,0.50800190742,623.44979921,508.00190742,249.48361121
2024-12-23T09:00,3600,0.0,0.7860715624199999,0.0,0.0,0.0,0.7860715624199999,960.10183688,786.07156242,388.84522178
2024-12-23T10:00,3600,0.0,1.06698982675,0.0,0.0,0.0,1.06698982675,1301.99439791,1066.98982675,540.69847616
2024-12-23T11:00,3600,0.0,1.1535879440599999,0.0,0.0,0.0,1.1535879440599999,1407.7565386,1153.58794406,588.38170734
2024-12-23T12:00,3600,0.0,1.2019569171400002,0.0,0.0,0.0,1.2019569171400002,1466.9054863,1201.95691714,615.83879747
2024-12-23T13:00,3600,0.0,0.91622799463,0.0,0.0,0.0,0.91622799463,1118.28355356,916.22799463,468.31182263
2024-12-23T14:00,3600,0.0,0.531030818,0.0,0.0,0.0,0.531030818,651.26398443,531.030818,268.29862073
2024-12-23T15:00,3600,0.0,0.32908423747,0.0,0.0,0.0,0.32908423747,407.75876105,329.08423747,166.71013789
2024-12-23T16:00,3600,0.0,0.19988383916000002,0.0,0.0,0.0,0.19988383916000002,252.44665262,199.88383916,102.45695643
2024-12-23T17:00,3600,0.0,0.02937800142,0.0,0.0,0.0,0.02937800142,48.04503794,29.37800142,19.35460372
2024-12-23T18:00,3600,0.0,0.0,0.0,0.0,0.0,0.0,0.0,0.0,0.0
2024-12-23T19:00,3600,0.0,0.0,0.0,0.0,0.0,0.0,0.0,0.0,0.0
2024-12-23T20:00,3600,0.0,0.0,0.0,0.0,0.0,0.0,0.0,0.0,0.0
2024-12-23T21:00,3600,0.0,0.0,0.0,0.0,0.0,0.0,0.0,0.0,0.0
2024-12-23T22:00,3600,0.0,0.0,0.0,0.0,0.0,0.0,0.0,0.0,0.0
2024-12-23T23:00,3600,0.0,0.0,0.0,0.0,0.0,0.0,0.0,0.0,0.0
2024-12-24T00:00,3600,0.0,0.0,0.0,0.0,0.0,0.0,0.0,0.0,0.0
2024-12-24T01:00,3600,0.0,0.0,0.0,0.0,0.0,0.0,0.0,0.0,0.0
2024-12-24T02:00,3600,0.0,0.0,0.0,0.0,0.0,0.0,0.0,0.0,0.0
2024-12-24T03:00,3600,0.0,0.0,0.0,0.0,0.0,0.0,0.0,0.0,0.0
2024-12-24T04:00,3600,0.0,0.0,0.0,0.0,0.0,0.0,0.0,0.0,0.0
2024-12-24T05:00,3600,0.0,0.0,0.0,0.0,0.0,0.0,0.0,0.0,0.0
2024-12-24T06:00,3600,0.0,0.0,0.0,0.0,0.0,0.0,0.0,0.0,0.0
2024-12-24T07:00,3600,0.0,0.10258958911,0.0,0.0,0.0,0.10258958911,135.73248273,102.58958911,53.432713
2024-12-24T08:00,3600,0.0,0.50417105105,0.0,0.0,0.0,0.50417105105,618.82406923,504.17105105,247.32388713
2024-12-24T09:00,3600,0.0,0.8624368675899999,0.0,0.0,0.0,0.8624368675899999,1052.86307033,862.43686759,426.5421003
2024-12-24T10:00,3600,0.0,1.2382566083900002,0.0,0.0,0.0,1.2382566083900002,1511.33117286,1238.25660839,630.87152042
2024-12-24T11:00,3600,0.0,1.25528888084,0.0,0.0,0.0,1.25528888084,1532.18689474,1255.28888084,641.83926116
2024-12-24T12:00,3600,0.0,1.53185965787,0.0,0.0,0.0,1.53185965787,1871.79930587,1531.85965787,795.71203565
2024-12-24T13:00,3600,0.0,1.44261357644,0.0,0.0,0.0,1.44261357644,1762.01278499,1442.61357644,757.42281721
2024-12-24T14:00,3600,0.0,1.3357822788200002,0.0,0.0,0.0,1.3357822788200002,1630.84176455,1335.78227882,698.11215234
2024-12-24T15:00,3600,0.0,1.01394850561,0.0,0.0,0.0,1.01394850561,1237.30103574,1013.94850561,521.75370091
2024-12-24T16:00,3600,0.0,0.55215404263,0.0,0.0,0.0,0.55215404263,676.78698241,552.15404263,279.08034618
2024-12-24T17:00,3600,0.0,0.08583807650999999,0.0,0.0,0.0,0.08583807650999999,115.65838447,85.83807651,46.7326872
2024-12-24T18:00,3600,0.0,0.0,0.0,0.0,0.0,0.0,0.0,0.0,0.0
2024-12-24T19:00,3600,0.0,0.0,0.0,0.0,0.0,0.0,0.0,0.0,0.0
2024-12-24T20:00,3600,0.0,0.0,0.0,0.0,0.0,0.0,0.0,0.0,0.0
2024-12-24T21:00,3600,0.0,0.0,0.0,0.0,0.0,0.0,0.0,0.0,0.0
2024-12-24T22:00,3600,0.0,0.0,0.0,0.0,0.0,0.0,0.0,0.0,0.0
2024-12-24T23:00,3600,0.0,0.0,0.0,0.0,0.0,0.0,0.0,0.0,0.0
2024-12-25T00:00,3600,0.0,0.0,0.0,0.0,0.0,0.0,0.0,0.0,0.0
2024-12-25T01:00,3600,0.0,0.0,0.0,0.0,0.0,0.0,0.0,0.0,0.0
2024-12-25T02:00,3600,0.0,0.0,0.0,0.0,0.0,0.0,0.0,0.0,0.0
2024-12-25T03:00,3600,0.0,0.0,0.0,0.0,0.0,0.0,0.0,0.0,0.0
2024-12-25T04:00,3600,0.0,0.0,0.0,0.0,0.0,0.0,0.0,0.0,0.0
2024-12-25T05:00,3600,0.0,0.0,0.0,0.0,0.0,0.0,0.0,0.0,0.0
2024-12-25T06:00,3600,0.0,0.0,0.0,0.0,0.0,0.0,0.0,0.0,0.0
2024-12-25T07:00,3600,0.0,0.01496645869,0.0,0.0,0.0,0.01496645869,30.79778289,14.96645869,12.23738027
2024-12-25T08:00,3600,0.0,0.11820888873,0.0,0.0,0.0,0.11820888873,154.45535194,118.20888873,61.59792553
2024-12-25T09:00,3600,0.0,0.32681243981999997,0.0,0.0,0.0,0.32681243981999997,405.02462845,326.81243982,162.71595874
2024-12-25T10:00,3600,0.0,0.61117270822,0.0,0.0,0.0,0.61117270822,748.15199173,611.17270822,306.62478198
2024-12-25T11:00,3600,0.0,0.86833167509,0.0,0.0,0.0,0.86833167509,1060.02906502,868.33167509,439.08095058
2024-12-25T12:00,3600,0.0,1.3149012006600003,0.0,0.0,0.0,1.3149012006600003,1605.23472888,1314.90120066,679.62809051
2024-12-25T13:00,3600,0.0,1.3815663678099999,0.0,0.0,0.0,1.3815663678099999,1687.02399102,1381.56636781,723.69790227
2024-12-25T14:00,3600,0.0,0.21700824583,0.0,0.0,0.0,0.21700824583,273.01069276,217.00824583,111.22048499
2024-12-25T15:00,3600,0.0,0.20872262898,0.0,0.0,0.0,0.20872262898,263.06000566,208.72262898,107.17355569
2024-12-25T16:00,3600,0.0,0.09653065689,0.0,0.0,0.0,0.09653065689,128.47107783,96.53065689,52.05719191
2024-12-25T17:00,3600,0.0,0.00593722011,0.0,0.0,0.0,0.00593722011,19.99420418,5.93722011,8.06775619
2024-12-25T18:00,3600,0.0,0.0,0.0,0.0,0.0,0.0,0.0,0.0,0.0
2024-12-25T19:00,3600,0.0,0.0,0.0,0.0,0.0,0.0,0.0,0.0,0.0
2024-12-25T20:00,3600,0.0,0.0,0.0,0.0,0.0,0.0,0.0,0.0,0.0
2024-12-25T21:00,3600,0.0,0.0,0.0,0.0,0.0,0.0,0.0,0.0,0.0
2024-12-25T22:00,3600,0.0,0.0,0.0,0.0,0.0,0.0,0.0,0.0,0.0
2024-12-25T23:00,3600,0.0,0.0,0.0,0.0,0.0,0.0,0.0,0.0,0.0
2024-12-26T00:00,3600,0.0,0.0,0.0,0.0,0.0,0.0,0.0,0.0,0.0
2024-12-26T01:00,3600,0.0,0.0,0.0,0.0,0.0,0.0,0.0,0.0,0.0
2024-12-26T02:00,3600,0.0,0.0,0.0,0.0,0.0,0.0,0.0,0.0,0.0
2024-12-26T03:00,3600,0.0,0.0,0.0,0.0,0.0,0.0,0.0,0.0,0.0
2024-12-26T04:00,3600,0.0,0.0,0.0,0.0,0.0,0.0,0.0,0.0,0.0
2024-12-26T05:00,3600,0.0,0.0,0.0,0.0,0.0,0.0,0.0,0.0,0.0
2024-12-26T06:00,3600,0.0,0.0,0.0,0.0,0.0,0.0,0.0,0.0,0.0
2024-12-26T07:00,3600,0.0,0.048363282880000004,0.0,0.0,0.0,0.048363282880000004,70.77292799,48.36328288,28.3011209
2024-12-26T08:00,3600,0.0,0.21012341438999999,0.0,0.0,0.0,0.21012341438999999,264.74218512,210.12341439,106.65409736
2024-12-26T09:00,3600,0.0,0.41687860763999995,0.0,0.0,0.0,0.41687860763999995,513.50829933,416.87860764,208.74344217
2024-12-26T10:00,3600,0.0,0.60820345617,0.0,0.0,0.0,0.60820345617,744.55971225,608.20345617,307.80168473
2024-12-26T11:00,3600,0.0,0.85447381734,0.0,0.0,0.0,0.85447381734,1043.18409062,854.47381734,435.76466812
2024-12-26T12:00,3600,0.0,0.8747272520300001,0.0,0.0,0.0,0.8747272520300001,1067.8047187,874.72725203,447.07703673
2024-12-26T13:00,3600,0.0,0.9951822866,0.0,0.0,0.0,0.9951822866,1214.42786552,995.1822866,514.43636864
2024-12-26T14:00,3600,0.0,0.44722659879000004,0.0,0.0,0.0,0.44722659879000004,550.10290365,447.22659879,227.77364426
2024-12-26T15:00,3600,0.0,0.39337787088,0.0,0.0,0.0,0.39337787088,485.18448399,393.37787088,200.47074661
2024-12-26T16:00,3600,0.0,0.17211889258000002,0.0,0.0,0.0,0.17211889258000002,219.11855809,172.11889258,89.37982568
2024-12-26T17:00,3600,0.0,0.03175338031,0.0,0.0,0.0,0.03175338031,50.8882485,31.75338031,20.6184287
2024-12-26T18:00,3600,0.0,0.0,0.0,0.0,0.0,0.0,0.0,0.0,0.0
2024-12-26T19:00,3600,0.0,0.0,0.0,0.0,0.0,0.0,0.0,0.0,0.0
2024-12-26T20:00,3600,0.0,0.0,0.0,0.0,0.0,0.0,0.0,0.0,0.0
2024-12-26T21:00,3600,0.0,0.0,0.0,0.0,0.0,0.0,0.0,0.0,0.0
2024-12-26T22:00,3600,0.0,0.0,0.0,0.0,0.0,0.0,0.0,0.0,0.0
2024-12-26T23:00,3600,0.0,0.0,0.0,0.0,0.0,0.0,0.0,0.0,0.0
2024-12-27T00:00,3600,0.0,0.0,0.0,0.0,0.0,0.0,0.0,0.0,0.0
2024-12-27T01:00,3600,0.0,0.0,0.0,0.0,0.0,0.0,0.0,0.0,0.0
2024-12-27T02:00,3600,0.0,0.0,0.0,0.0,0.0,0.0,0.0,0.0,0.0
2024-12-27T03:00,3600,0.0,0.0,0.0,0.0,0.0,0.0,0.0,0.0,0.0
2024-12-27T04:00,3600,0.0,0.0,0.0,0.0,0.0,0.0,0.0,0.0,0.0
2024-12-27T05:00,3600,0.0,0.0,0.0,0.0,0.0,0.0,0.0,0.0,0.0
2024-12-27T06:00,3600,0.0,0.0,0.0,0.0,0.0,0.0,0.0,0.0,0.0
2024-12-27T07:00,3600,0.0,0.10631954150999999,0.0,0.0,0.0,0.10631954150999999,140.20309294,106.31954151,56.22096763
2024-12-27T08:00,3600,0.0,0.55216585953,0.0,0.0,0.0,0.55216585953,676.80126347,552.16585953,276.40236561
2024-12-27T09:00,3600,0.0,0.88911907789,0.0,0.0,0.0,0.88911907789,1085.30553187,889.11907789,451.00998079
2024-12-27T10:00,3600,0.0,1.23618229284,0.0,0.0,0.0,1.23618229284,1508.7916736,1236.18229284,642.86727693
2024-12-27T11:00,3600,0.0,1.49434964489,0.0,0.0,0.0,1.49434964489,1825.63312274,1494.34964489,788.42998032
2024-12-27T12:00,3600,0.0,1.33528082043,0.0,0.0,0.0,1.33528082043,1630.22669219,1335.28082043,699.30235887
2024-12-27T13:00,3600,0.0,1.32309374687,0.0,0.0,0.0,1.32309374687,1615.28024876,1323.09374687,695.6675036
2024-12-27T14:00,3600,0.0,0.89074641547,0.0,0.0,0.0,0.89074641547,1087.28471336,890.74641547,458.8601719
2024-12-27T15:00,3600,0.0,0.4639733458,0.0,0.0,0.0,0.4639733458,570.3055081,463.9733458,235.86653291
2024-12-27T16:00,3600,0.0,0.20328237377,0.0,0.0,0.0,0.20328237377,256.52730658,203.28237377,104.4305644
2024-12-27T17:00,3600,0.0,0.02120800585,0.0,0.0,0.0,0.02120800585,38.26690134,21.20800585,15.44833932
2024-12-27T18:00,3600,0.0,0.0,0.0,0.0,0.0,0.0,0.0,0.0,0.0
2024-12-27T19:00,3600,0.0,0.0,0.0,0.0,0.0,0.0,0.0,0.0,0.0
2024-12-27T20:00,3600,0.0,0.0,0.0,0.0,0.0,0.0,0.0,0.0,0.0
2024-12-27T21:00,3600,0.0,0.0,0.0,0.0,0.0,0.0,0.0,0.0,0.0
2024-12-27T22:00,3600,0.0,0.0,0.0,0.0,0.0,0.0,0.0,0.0,0.0
2024-12-27T23:00,3600,0.0,0.0,0.0,0.0,0.0,0.0,0.0,0.0,0.0
2024-12-28T00:00,3600,0.0,0.0,0.0,0.0,0.0,0.0,0.0,0.0,0.0
2024-12-28T01:00,3600,0.0,0.0,0.0,0.0,0.0,0.0,0.0,0.0,0.0
2024-12-28T02:00,3600,0.0,0.0,0.0,0.0,0.0,0.0,0.0,0.0,0.0
2024-12-28T03:00,3600,0.0,0.0,0.0,0.0,0.0,0.0,0.0,0.0,0.0
2024-12-28T04:00,3600,0.0,0.0,0.0,0.0,0.0,0.0,0.0,0.0,0.0
2024-12-28T05:00,3600,0.0,0.0,0.0,0.0,0.0,0.0,0.0,0.0,0.0
2024-12-28T06:00,3600,0.0,0.0,0.0,0.0,0.0,0.0,0.0,0.0,0.0
2024-12-28T07:00,3600,0.0,0.056337701080000004,0.0,0.0,0.0,0.056337701080000004,80.32171389,56.33770108,31.83921627
2024-12-28T08:00,3600,0.0,0.50928052282,0.0,0.0,0.0,0.50928052282,624.99379098,509.28052282,251.60761152
2024-12-28T09:00,3600,0.0,1.0745259776600002,0.0,0.0,0.0,1.0745259776600002,1311.19136731,1074.52597766,538.05242874
2024-12-28T10:00,3600,0.0,1.42759167474,0.0,0.0,0.0,1.42759167474,1743.55209622,1427.59167474,731.96404284
2024-12-28T11:00,3600,0.0,1.64469296389,0.0,0.0,0.0,1.64469296389,2010.8733848,1644.69296389,852.21446511
2024-12-28T12:00,3600,0.0,1.7157285827600002,0.0,0.0,0.0,1.7157285827600002,2098.58562439,1715.72858276,894.02233928
2024-12-28T13:00,3600,0.0,1.62567112603,0.0,0.0,0.0,1.62567112603,1987.40645223,1625.67112603,851.81832073
2024-12-28T14:00,3600,0.0,1.3926574451900002,0.0,0.0,0.0,1.3926574451900002,1700.6414312,1392.65744519,722.87923423
2024-12-28T15:00,3600,0.0,1.05777098114,0.0,0.0,0.0,1.05777098114,1290.74569177,1057.77098114,541.33248761
2024-12-28T16:00,3600,0.0,0.60682333189,0.0,0.0,0.0,0.60682333189,742.89006929,606.82333189,304.90330269
2024-12-28T17:00,3600,0.0,0.10827670200999999,0.0,0.0,0.0,0.10827670200999999,142.54900969,108.27670201,57.41077643
2024-12-28T18:00,3600,0.0,0.0,0.0,0.0,0.0,0.0,0.0,0.0,0.0
2024-12-28T19:00,3600,0.0,0.0,0.0,0.0,0.0,0.0,0.0,0.0,0.0
2024-12-28T20:00,3600,0.0,0.0,0.0,0.0,0.0,0.0,0.0,0.0,0.0
2024-12-28T21:00,3600,0.0,0.0,0.0,0.0,0.0,0.0,0.0,0.0,0.0
2024-12-28T22:00,3600,0.0,0.0,0.0,0.0,0.0,0.0,0.0,0.0,0.0
2024-12-28T23:00,3600,0.0,0.0,0.0,0.0,0.0,0.0,0.0,0.0,0.0
2024-12-29T00:00,3600,0.0,0.0,0.0,0.0,0.0,0.0,0.0,0.0,0.0
2024-12-29T01:00,3600,0.0,0.0,0.0,0.0,0.0,0.0,0.0,0.0,0.0
2024-12-29T02:00,3600,0.0,0.0,0.0,0.0,0.0,0.0,0.0,0.0,0.0
2024-12-29T03:00,3600,0.0,0.0,0.0,0.0,0.0,0.0,0.0,0.0,0.0
2024-12-29T04:00,3600,0.0,0.0,0.0,0.0,0.0,0.0,0.0,0.0,0.0
2024-12-29T05:00,3600,0.0,0.0,0.0,0.0,0.0,0.0,0.0,0.0,0.0
2024-12-29T06:00,3600,0.0,0.0,0.0,0.0,0.0,0.0,0.0,0.0,0.0
2024-12-29T07:00,3600,0.0,0.13305411642,0.0,0.0,0.0,0.13305411642,172.25531186,133.05411642,67.27806691
2024-12-29T08:00,3600,0.0,0.6616187926500001,0.0,0.0,0.0,0.6616187926500001,809.21346583,661.61879265,323.1587452
2024-12-29T09:00,3600,0.0,1.12837233876,0.0,0.0,0.0,1.12837233876,1376.94276699,1128.37233876,562.61952113
2024-12-29T10:00,3600,0.0,1.4536558373500001,0.0,0.0,0.0,1.4536558373500001,1775.58622959,1453.65583735,753.97540971
2024-12-29T11:00,3600,0.0,1.6556257164300001,0.0,0.0,0.0,1.6556257164300001,2024.36486846,1655.62571643,872.56790404
2024-12-29T12:00,3600,0.0,1.71332288277,0.0,0.0,0.0,1.71332288277,2095.613168,1713.32288277,911.1655031
2024-12-29T13:00,3600,0.0,1.60664190483,0.0,0.0,0.0,1.60664190483,1963.93907954,1606.64190483,862.00481152
2024-12-29T14:00,3600,0.0,1.3690802659,0.0,0.0,0.0,1.3690802659,1671.69723766,1369.0802659,724.09502697
2024-12-29T15:00,3600,0.0,1.03114142904,0.0,0.0,0.0,1.03114142904,1258.26374289,1031.14142904,533.50594889
2024-12-29T16:00,3600,0.0,0.5898092422500001,0.0,0.0,0.0,0.5898092422500001,722.31034453,589.80924225,298.92610443
2024-12-29T17:00,3600,0.0,0.10771314829,0.0,0.0,0.0,0.10771314829,141.8735071,107.71314829,57.31891444
2024-12-29T18:00,3600,0.0,0.0,0.0,0.0,0.0,0.0,0.0,0.0,0.0
2024-12-29T19:00,3600,0.0,0.0,0.0,0.0,0.0,0.0,0.0,0.0,0.0
2024-12-29T20:00,3600,0.0,0.0,0.0,0.0,0.0,0.0,0.0,0.0,0.0
2024-12-29T21:00,3600,0.0,0.0,0.0,0.0,0.0,0.0,0.0,0.0,0.0
2024-12-29T22:00,3600,0.0,0.0,0.0,0.0,0.0,0.0,0.0,0.0,0.0
2024-12-29T23:00,3600,0.0,0.0,0.0,0.0,0.0,0.0,0.0,0.0,0.0
2024-12-30T00:00,3600,0.0,0.0,0.0,0.0,0.0,0.0,0.0,0.0,0.0
2024-12-30T01:00,3600,0.0,0.0,0.0,0.0,0.0,0.0,0.0,0.0,0.0
2024-12-30T02:00,3600,0.0,0.0,0.0,0.0,0.0,0.0,0.0,0.0,0.0
2024-12-30T03:00,3600,0.0,0.0,0.0,0.0,0.0,0.0,0.0,0.0,0.0
2024-12-30T04:00,3600,0.0,0.0,0.0,0.0,0.0,0.0,0.0,0.0,0.0
2024-12-30T05:00,3600,0.0,0.0,0.0,0.0,0.0,0.0,0.0,0.0,0.0
2024-12-30T06:00,3600,0.0,0.0,0.0,0.0,0.0,0.0,0.0,0.0,0.0
2024-12-30T07:00,3600,0.0,0.11826027293,0.0,0.0,0.0,0.11826027293,154.51695508,118.26027293,60.50226684
2024-12-30T08:00,3600,0.0,0.62159810198,0.0,0.0,0.0,0.62159810198,760.76648608,621.59810198,305.31223508
2024-12-30T09:00,3600,0.0,1.07309915205,0.0,0.0,0.0,1.07309915205,1309.44999649,1073.09915205,541.33854227
2024-12-30T10:00,3600,0.0,1.3828111954799998,0.0,0.0,0.0,1.3828111954799998,1688.552225,1382.81119548,724.17769693
2024-12-30T11:00,3600,0.0,1.5936160532900001,0.0,0.0,0.0,1.5936160532900001,1947.88022559,1593.61605329,845.63478394
2024-12-30T12:00,3600,0.0,1.66043877227,0.0,0.0,0.0,1.66043877227,2030.30529375,1660.43877227,886.25767021
2024-12-30T13:00,3600,0.0,1.57300205265,0.0,0.0,0.0,1.57300205265,1922.4746463,1573.00205265,846.48762174
2024-12-30T14:00,3600,0.0,1.37323232158,0.0,0.0,0.0,1.37323232158,1676.79349876,1373.23232158,729.76348993
2024-12-30T15:00,3600,0.0,1.0350378607600002,0.0,0.0,0.0,1.0350378607600002,1263.015471,1035.03786076,539.70322208
2024-12-30T16:00,3600,0.0,0.5939028991500002,0.0,0.0,0.0,0.5939028991500002,727.26131018,593.90289915,303.92916694
2024-12-30T17:00,3600,0.0,0.11077637047,0.0,0.0,0.0,0.11077637047,145.54531667,110.77637047,59.46048085
2024-12-30T18:00,3600,0.0,0.0,0.0,0.0,0.0,0.0,0.0,0.0,0.0
2024-12-30T19:00,3600,0.0,0.0,0.0,0.0,0.0,0.0,0.0,0.0,0.0
2024-12-30T20:00,3600,0.0,0.0,0.0,0.0,0.0,0.0,0.0,0.0,0.0
2024-12-30T21:00,3600,0.0,0.0,0.0,0.0,0.0,0.0,0.0,0.0,0.0
2024-12-30T22:00,3600,0.0,0.0,0.0,0.0,0.0,0.0,0.0,0.0,0.0
2024-12-30T23:00,3600,0.0,0.0,0.0,0.0,0.0,0.0,0.0,0.0,0.0
2024-12-31T00:00,3600,0.0,0.0,0.0,0.0,0.0,0.0,0.0,0.0,0.0
2024-12-31T01:00,3600,0.0,0.0,0.0,0.0,0.0,0.0,0.0,0.0,0.0
2024-12-31T02:00,3600,0.0,0.0,0.0,0.0,0.0,0.0,0.0,0.0,0.0
2024-12-31T03:00,3600,0.0,0.0,0.0,0.0,0.0,0.0,0.0,0.0,0.0
2024-12-31T04:00,3600,0.0,0.0,0.0,0.0,0.0,0.0,0.0,0.0,0.0
2024-12-31T05:00,3600,0.0,0.0,0.0,0.0,0.0,0.0,0.0,0.0,0.0
2024-12-31T06:00,3600,0.0,0.0,0.0,0.0,0.0,0.0,0.0,0.0,0.0
2024-12-31T07:00,3600,0.0,0.11883418778999999,0.0,0.0,0.0,0.11883418778999999,155.20501015,118.83418779,61.66356855
2024-12-31T08:00,3600,0.0,0.6256109494800001,0.0,0.0,0.0,0.6256109494800001,765.62259711,625.61094948,310.34041575
2024-12-31T09:00,3600,0.0,1.08389850574,0.0,0.0,0.0,1.08389850574,1322.63125306,1083.89850574,548.04225576
2024-12-31T10:00,3600,0.0,1.40510362635,0.0,0.0,0.0,1.40510362635,1715.92610544,1405.10362635,733.89336047
2024-12-31T11:00,3600,0.0,1.59745497019,0.0,0.0,0.0,1.59745497019,1952.61259293,1597.45497019,843.24366902
2024-12-31T12:00,3600,0.0,1.67179708177,0.0,0.0,0.0,1.67179708177,2044.3262812,1671.79708177,888.3419382
2024-12-31T13:00,3600,0.0,1.59309688134,0.0,0.0,0.0,1.59309688134,1947.24025117,1593.09688134,852.93487029
2024-12-31T14:00,3600,0.0,1.2996868792299998,0.0,0.0,0.0,1.2996868792299998,1586.58344956,1299.68687923,686.58733433
2024-12-31T15:00,3600,0.0,0.98010771316,0.0,0.0,0.0,0.98010771316,1196.06014054,980.10771316,510.10095195
2024-12-31T16:00,3600,0.0,0.5577275214799999,0.0,0.0,0.0,0.5577275214799999,683.52304064,557.72752148,284.96601204
2024-12-31T17:00,3600,0.0,0.10800759416,0.0,0.0,0.0,0.10800759416,142.22644321,108.00759416,58.08141502
2024-12-31T18:00,3600,0.0,0.0,0.0,0.0,0.0,0.0,0.0,0.0,0.0
2024-12-31T19:00,3600,0.0,0.0,0.0,0.0,0.0,0.0,0.0,0.0,0.0
2024-12-31T20:00,3600,0.0,0.0,0.0,0.0,0.0,0.0,0.0,0.0,0.0
2024-12-31T21:00,3600,0.0,0.0,0.0,0.0,0.0,0.0,0.0,0.0,0.0
2024-12-31T22:00,3600,0.0,0.0,0.0,0.0,0.0,0.0,0.0,0.0,0.0
2024-12-31T23:00,3600,0.0,0.0,0.0,0.0,0.0,0.0,0.0,0.0,0.0
