timestamp,interval_seconds,load_kwh,pv_generation_kwh,self_use_kwh,grid_import_kwh,grid_export_kwh,curtailment_kwh,pv_dc_power_w,pv_ac_power_w,poa_w_m2
2024-01-01T00:00,3600,0.0,0.0,0.0,0.0,0.0,0.0,0.0,0.0,0.0
2024-01-01T01:00,3600,0.0,0.0,0.0,0.0,0.0,0.0,0.0,0.0,0.0
2024-01-01T02:00,3600,0.0,0.0,0.0,0.0,0.0,0.0,0.0,0.0,0.0
2024-01-01T03:00,3600,0.0,0.0,0.0,0.0,0.0,0.0,0.0,0.0,0.0
2024-01-01T04:00,3600,0.0,0.0,0.0,0.0,0.0,0.0,0.0,0.0,0.0
2024-01-01T05:00,3600,0.0,0.0,0.0,0.0,0.0,0.0,0.0,0.0,0.0
2024-01-01T06:00,3600,0.0,0.0,0.0,0.0,0.0,0.0,0.0,0.0,0.0
2024-01-01T07:00,3600,0.0,0.05703123154,0.0,0.0,0.0,0.05703123154,78.8681584,57.03123154,38.68704621
2024-01-01T08:00,3600,0.0,0.26877654387,0.0,0.0,0.0,0.26877654387,333.09738723,268.77654387,165.27642041
2024-01-01T09:00,3600,0.0,0.6241319237599999,0.0,0.0,0.0,0.6241319237599999,762.48463118,624.13192376,386.75733247
2024-01-01T10:00,3600,0.0,0.81434974715,0.0,0.0,0.0,0.81434974715,993.76342873,814.34974715,517.14128714
2024-01-01T11:00,3600,0.0,0.88591503072,0.0,0.0,0.0,0.88591503072,1081.03928183,885.91503072,565.49410412
2024-01-01T12:00,3600,0.0,1.0694918763499999,0.0,0.0,0.0,1.0694918763499999,1305.57884407,1069.49187635,691.5425951
2024-01-01T13:00,3600,0.6869167119558518,1.07739582748,0.6869167119558518,0.0,0.0,0.39047911552414816,1315.26799392,1077.39582748,704.01906365
2024-01-01T14:00,3600,0.3618833187591797,0.9077833818900001,0.3618833187591797,0.0,0.0,0.5459000631308204,1107.7371362,907.78338189,586.06442511
2024-01-01T15:00,3600,0.3098942647733626,0.66814164612,0.3098942647733626,0.0,0.0,0.3582473813466374,815.90478816,668.14164612,425.02811989
2024-01-01T16:00,3600,0.19071066583111013,0.24398199734,0.19071066583111013,0.0,0.0,0.05327133150888988,303.2657804,243.98199734,153.45670805
2024-01-01T17:00,3600,0.15326137157467634,0.05155869133,0.05155869133,0.10170268024467634,0.0,0.0,72.31354841,51.55869133,36.17541181
2024-01-01T18:00,3600,0.0,0.0,0.0,0.0,0.0,0.0,0.0,0.0,0.0
2024-01-01T19:00,3600,0.0,0.0,0.0,0.0,0.0,0.0,0.0,0.0,0.0
2024-01-01T20:00,3600,0.0,0.0,0.0,0.0,0.0,0.0,0.0,0.0,0.0
2024-01-01T21:00,3600,0.0,0.0,0.0,0.0,0.0,0.0,0.0,0.0,0.0
2024-01-01T22:00,3600,0.0,0.0,0.0,0.0,0.0,0.0,0.0,0.0,0.0
2024-01-01T23:00,3600,0.0,0.0,0.0,0.0,0.0,0.0,0.0,0.0,0.0
2024-01-02T00:00,3600,0.0,0.0,0.0,0.0,0.0,0.0,0.0,0.0,0.0
2024-01-02T01:00,3600,0.0,0.0,0.0,0.0,0.0,0.0,0.0,0.0,0.0
2024-01-02T02:00,3600,0.0,0.0,0.0,0.0,0.0,0.0,0.0,0.0,0.0
2024-01-02T03:00,3600,0.0,0.0,0.0,0.0,0.0,0.0,0.0,0.0,0.0
2024-01-02T04:00,3600,0.0,0.0,0.0,0.0,0.0,0.0,0.0,0.0,0.0
2024-01-02T05:00,3600,0.0,0.0,0.0,0.0,0.0,0.0,0.0,0.0,0.0
2024-01-02T06:00,3600,0.0,0.0,0.0,0.0,0.0,0.0,0.0,0.0,0.0
2024-01-02T07:00,3600,0.0,0.03543223562,0.0,0.0,0.0,0.03543223562,53.00309607,35.43223562,25.87987272
2024-01-02T08:00,3600,0.0,0.26225114910999997,0.0,0.0,0.0,0.26225114910999997,325.24473467,262.25114911,160.75154091
2024-01-02T09:00,3600,0.0,0.53037293355,0.0,0.0,0.0,0.53037293355,648.8562727,530.37293355,325.53046797
2024-01-02T10:00,3600,0.0,0.7122550671300001,0.0,0.0,0.0,0.7122550671300001,869.50484143,712.25506713,444.11772551
2024-01-02T11:00,3600,0.0,1.13507450625,0.0,0.0,0.0,1.13507450625,1386.02821336,1135.07450625,729.30596011
2024-01-02T12:00,3600,0.0,1.17263607231,0.0,0.0,0.0,1.17263607231,1432.16008195,1172.63607231,758.86055009
2024-01-02T13:00,3600,0.0,0.9557356739,0.0,0.0,0.0,0.9557356739,1166.32675729,955.7356739,611.04031666
2024-01-02T14:00,3600,0.0,0.53372804402,0.0,0.0,0.0,0.53372804402,652.91821195,533.72804402,332.66198268
2024-01-02T15:00,3600,0.0,0.28971449566,0.0,0.0,0.0,0.28971449566,358.30187391,289.71449566,180.05185616
2024-01-02T16:00,3600,0.0,0.17927408376,0.0,0.0,0.0,0.17927408376,225.49045577,179.27408376,112.4888751
2024-01-02T17:00,3600,0.06866238373096607,0.03065753755,0.03065753755,0.03800484618096607,0.0,0.0,47.2870139,30.65753755,23.39082758
2024-01-02T18:00,3600,0.0,0.0,0.0,0.0,0.0,0.0,0.0,0.0,0.0
2024-01-02T19:00,3600,0.0,0.0,0.0,0.0,0.0,0.0,0.0,0.0,0.0
2024-01-02T20:00,3600,0.0,0.0,0.0,0.0,0.0,0.0,0.0,0.0,0.0
2024-01-02T21:00,3600,0.0,0.0,0.0,0.0,0.0,0.0,0.0,0.0,0.0
2024-01-02T22:00,3600,0.0,0.0,0.0,0.0,0.0,0.0,0.0,0.0,0.0
2024-01-02T23:00,3600,0.0,0.0,0.0,0.0,0.0,0.0,0.0,0.0,0.0
2024-01-03T00:00,3600,0.0,0.0,0.0,0.0,0.0,0.0,0.0,0.0,0.0
2024-01-03T01:00,3600,0.0,0.0,0.0,0.0,0.0,0.0,0.0,0.0,0.0
2024-01-03T02:00,3600,0.0,0.0,0.0,0.0,0.0,0.0,0.0,0.0,0.0
2024-01-03T03:00,3600,0.0,0.0,0.0,0.0,0.0,0.0,0.0,0.0,0.0
2024-01-03T04:00,3600,0.0,0.0,0.0,0.0,0.0,0.0,0.0,0.0,0.0
2024-01-03T05:00,3600,0.0,0.0,0.0,0.0,0.0,0.0,0.0,0.0,0.0
2024-01-03T06:00,3600,0.0,0.0,0.0,0.0,0.0,0.0,0.0,0.0,0.0
2024-01-03T07:00,3600,0.0,0.028542364039999997,0.0,0.0,0.0,0.028542364039999997,44.75500472,28.54236404,21.70038509
2024-01-03T08:00,3600,0.0,0.24976628993,0.0,0.0,0.0,0.24976628993,310.22367755,249.76628993,151.90249827
2024-01-03T09:00,3600,0.0,0.50580106029,0.0,0.0,0.0,0.50580106029,619.11722916,505.80106029,306.57532619
2024-01-03T10:00,3600,0.0,0.7975081687800001,0.0,0.0,0.0,0.7975081687800001,973.24558313,797.50816878,490.45653975
2024-01-03T11:00,3600,0.0,1.08063780678,0.0,0.0,0.0,1.08063780678,1319.24272828,1080.63780678,674.4022196
2024-01-03T12:00,3600,0.0,1.2843484157699998,0.0,0.0,0.0,1.2843484157699998,1569.60190304,1284.34841577,811.76675636
2024-01-03T13:00,3600,0.0,1.2582395848799999,0.0,0.0,0.0,1.2582395848799999,1537.44739439,1258.23958488,799.77704836
2024-01-03T14:00,3600,0.0,1.1360637222699999,0.0,0.0,0.0,1.1360637222699999,1387.24261584,1136.06372227,717.09182036
2024-01-03T15:00,3600,0.0,0.86614895813,0.0,0.0,0.0,0.86614895813,1056.91959291,866.14895813,538.75348975
2024-01-03T16:00,3600,0.0,0.50445090624,0.0,0.0,0.0,0.50445090624,617.48363518,504.45090624,308.63394445
2024-01-03T17:00,3600,0.0,0.10468279032,0.0,0.0,0.0,0.10468279032,135.97550973,104.68279032,66.70901275
2024-01-03T18:00,3600,0.0,0.0,0.0,0.0,0.0,0.0,0.0,0.0,0.0
2024-01-03T19:00,3600,0.0,0.0,0.0,0.0,0.0,0.0,0.0,0.0,0.0
2024-01-03T20:00,3600,0.0,0.0,0.0,0.0,0.0,0.0,0.0,0.0,0.0
2024-01-03T21:00,3600,0.0,0.0,0.0,0.0,0.0,0.0,0.0,0.0,0.0
2024-01-03T22:00,3600,0.0,0.0,0.0,0.0,0.0,0.0,0.0,0.0,0.0
2024-01-03T23:00,3600,0.0,0.0,0.0,0.0,0.0,0.0,0.0,0.0,0.0
2024-01-04T00:00,3600,0.0,0.0,0.0,0.0,0.0,0.0,0.0,0.0,0.0
2024-01-04T01:00,3600,0.0,0.0,0.0,0.0,0.0,0.0,0.0,0.0,0.0
2024-01-04T02:00,3600,0.0,0.0,0.0,0.0,0.0,0.0,0.0,0.0,0.0
2024-01-04T03:00,3600,0.0,0.0,0.0,0.0,0.0,0.0,0.0,0.0,0.0
2024-01-04T04:00,3600,0.0,0.0,0.0,0.0,0.0,0.0,0.0,0.0,0.0
2024-01-04T05:00,3600,0.0,0.0,0.0,0.0,0.0,0.0,0.0,0.0,0.0
2024-01-04T06:00,3600,0.0,0.0,0.0,0.0,0.0,0.0,0.0,0.0,0.0
2024-01-04T07:00,3600,0.0,0.08685146081,0.0,0.0,0.0,0.08685146081,114.59869731,86.85146081,54.58035279
2024-01-04T08:00,3600,0.0,0.46575685270000006,0.0,0.0,0.0,0.46575685270000006,570.68775422,465.7568527,277.40004874
2024-01-04T09:00,3600,0.0,0.71344629905,0.0,0.0,0.0,0.71344629905,870.95300042,713.44629905,429.99883881
2024-01-04T10:00,3600,0.0,0.93373176506,0.0,0.0,0.0,0.93373176506,1139.43360726,933.73176506,579.76382433
2024-01-04T11:00,3600,0.0,1.12318261265,0.0,0.0,0.0,1.12318261265,1371.43143151,1123.18261265,707.75358588
2024-01-04T12:00,3600,0.0,1.21180996884,0.0,0.0,0.0,1.21180996884,1480.31542812,1211.80996884,770.1375006
2024-01-04T13:00,3600,0.0,1.19236088772,0.0,0.0,0.0,1.19236088772,1456.40170203,1192.36088772,769.45811555
2024-01-04T14:00,3600,0.0,0.9024206799600001,0.0,0.0,0.0,0.9024206799600001,1101.18886166,902.42067996,572.33854247
2024-01-04T15:00,3600,0.0,0.74343575588,0.0,0.0,0.0,0.74343575588,907.42368235,743.43575588,467.59771552
2024-01-04T16:00,3600,0.0,0.44934184765,0.0,0.0,0.0,0.44934184765,550.84815235,449.34184765,278.10833379
2024-01-04T17:00,3600,0.0,0.08681724285,0.0,0.0,0.0,0.08681724285,114.55768382,86.81724285,56.50096808
2024-01-04T18:00,3600,0.0,0.0,0.0,0.0,0.0,0.0,0.0,0.0,0.0
2024-01-04T19:00,3600,0.0,0.0,0.0,0.0,0.0,0.0,0.0,0.0,0.0
2024-01-04T20:00,3600,0.0,0.0,0.0,0.0,0.0,0.0,0.0,0.0,0.0
2024-01-04T21:00,3600,0.0,0.0,0.0,0.0,0.0,0.0,0.0,0.0,0.0
2024-01-04T22:00,3600,0.0,0.0,0.0,0.0,0.0,0.0,0.0,0.0,0.0
2024-01-04T23:00,3600,0.0,0.0,0.0,0.0,0.0,0.0,0.0,0.0,0.0
2024-01-05T00:00,3600,0.0,0.0,0.0,0.0,0.0,0.0,0.0,0.0,0.0
2024-01-05T01:00,3600,0.0,0.0,0.0,0.0,0.0,0.0,0.0,0.0,0.0
2024-01-05T02:00,3600,0.0,0.0,0.0,0.0,0.0,0.0,0.0,0.0,0.0
2024-01-05T03:00,3600,0.0,0.0,0.0,0.0,0.0,0.0,0.0,0.0,0.0
2024-01-05T04:00,3600,0.0,0.0,0.0,0.0,0.0,0.0,0.0,0.0,0.0
2024-01-05T05:00,3600,0.0,0.0,0.0,0.0,0.0,0.0,0.0,0.0,0.0
2024-01-05T06:00,3600,0.0,0.0,0.0,0.0,0.0,0.0,0.0,0.0,0.0
2024-01-05T07:00,3600,0.0,0.04516835257000001,0.0,0.0,0.0,0.04516835257000001,64.66067657,45.16835257,31.11103412
2024-01-05T08:00,3600,0.0,0.29405977933000005,0.0,0.0,0.0,0.29405977933000005,363.53408518,294.05977933,177.60409879
2024-01-05T09:00,3600,0.0,0.6655703880199999,0.0,0.0,0.0,0.6655703880199999,812.78224839,665.57038802,407.62913942
2024-01-05T10:00,3600,0.0,0.84938136407,0.0,0.0,0.0,0.84938136407,1036.46744927,849.38136407,535.87354088
2024-01-05T11:00,3600,0.0,0.97059233766,0.0,0.0,0.0,0.97059233766,1184.4923152,970.59233766,619.58828474
2024-01-05T12:00,3600,0.0,1.00065729647,0.0,0.0,0.0,1.00065729647,1221.27255046,1000.65729647,641.34975809
2024-01-05T13:00,3600,0.0,1.13100822857,0.0,0.0,0.0,1.13100822857,1381.03657786,1131.00822857,741.55745535
2024-01-05T14:00,3600,0.0,0.99625589912,0.0,0.0,0.0,0.99625589912,1215.88645679,996.25589912,646.52263798
2024-01-05T15:00,3600,0.0,0.63913900558,0.0,0.0,0.0,0.63913900558,780.69458271,639.13900558,403.99013029
2024-01-05T16:00,3600,0.0,0.4045144332,0.0,0.0,0.0,0.4045144332,496.706136,404.5144332,252.72556004
2024-01-05T17:00,3600,0.0,0.08191703368,0.0,0.0,0.0,0.08191703368,108.68463728,81.91703368,54.17410582
2024-01-05T18:00,3600,0.0,0.0,0.0,0.0,0.0,0.0,0.0,0.0,0.0
2024-01-05T19:00,3600,0.0,0.0,0.0,0.0,0.0,0.0,0.0,0.0,0.0
2024-01-05T20:00,3600,0.0,0.0,0.0,0.0,0.0,0.0,0.0,0.0,0.0
2024-01-05T21:00,3600,0.0,0.0,0.0,0.0,0.0,0.0,0.0,0.0,0.0
2024-01-05T22:00,3600,0.0,0.0,0.0,0.0,0.0,0.0,0.0,0.0,0.0
2024-01-05T23:00,3600,0.0,0.0,0.0,0.0,0.0,0.0,0.0,0.0,0.0
2024-01-06T00:00,3600,0.0,0.0,0.0,0.0,0.0,0.0,0.0,0.0,0.0
2024-01-06T01:00,3600,0.0,0.0,0.0,0.0,0.0,0.0,0.0,0.0,0.0
2024-01-06T02:00,3600,0.0,0.0,0.0,0.0,0.0,0.0,0.0,0.0,0.0
2024-01-06T03:00,3600,0.0,0.0,0.0,0.0,0.0,0.0,0.0,0.0,0.0
2024-01-06T04:00,3600,0.0,0.0,0.0,0.0,0.0,0.0,0.0,0.0,0.0
2024-01-06T05:00,3600,0.0,0.0,0.0,0.0,0.0,0.0,0.0,0.0,0.0
2024-01-06T06:00,3600,0.0,0.0,0.0,0.0,0.0,0.0,0.0,0.0,0.0
2024-01-06T07:00,3600,0.0,0.07584237868,0.0,0.0,0.0,0.07584237868,101.40487285,75.84237868,48.99131456
2024-01-06T08:00,3600,0.0,0.36918930524,0.0,0.0,0.0,0.36918930524,454.07952297,369.18930524,223.63462104
2024-01-06T09:00,3600,0.0,0.75644746223,0.0,0.0,0.0,0.75644746223,923.25524993,756.44746223,468.23691186
2024-01-06T10:00,3600,0.0,0.99949651291,0.0,0.0,0.0,0.99949651291,1219.85201878,999.49651291,640.82306214
2024-01-06T11:00,3600,0.0,1.17972593788,0.0,0.0,0.0,1.17972593788,1440.87217262,1179.72593788,767.21393485
2024-01-06T12:00,3600,0.0,1.2517904312600001,0.0,0.0,0.0,1.2517904312600001,1529.50793706,1251.79043126,819.60381477
2024-01-06T13:00,3600,0.0,1.11191317566,0.0,0.0,0.0,1.11191317566,1357.60243183,1111.91317566,728.06131702
2024-01-06T14:00,3600,0.0,0.47291711538,0.0,0.0,0.0,0.47291711538,579.34414704,472.91711538,297.77705287
2024-01-06T15:00,3600,0.0,0.44212842435,0.0,0.0,0.0,0.44212842435,542.13215543,442.12842435,277.94300899
2024-01-06T16:00,3600,0.0,0.25185472598,0.0,0.0,0.0,0.25185472598,312.73606909,251.85472598,157.92705673
2024-01-06T17:00,3600,0.0,0.04998223779,0.0,0.0,0.0,0.04998223779,70.42553532,49.98223779,35.14860471
2024-01-06T18:00,3600,0.0,0.0,0.0,0.0,0.0,0.0,0.0,0.0,0.0
2024-01-06T19:00,3600,0.0,0.0,0.0,0.0,0.0,0.0,0.0,0.0,0.0
2024-01-06T20:00,3600,0.0,0.0,0.0,0.0,0.0,0.0,0.0,0.0,0.0
2024-01-06T21:00,3600,0.0,0.0,0.0,0.0,0.0,0.0,0.0,0.0,0.0
2024-01-06T22:00,3600,0.0,0.0,0.0,0.0,0.0,0.0,0.0,0.0,0.0
2024-01-06T23:00,3600,0.0,0.0,0.0,0.0,0.0,0.0,0.0,0.0,0.0
2024-01-07T00:00,3600,0.0,0.0,0.0,0.0,0.0,0.0,0.0,0.0,0.0
2024-01-07T01:00,3600,0.0,0.0,0.0,0.0,0.0,0.0,0.0,0.0,0.0
2024-01-07T02:00,3600,0.0,0.0,0.0,0.0,0.0,0.0,0.0,0.0,0.0
2024-01-07T03:00,3600,0.0,0.0,0.0,0.0,0.0,0.0,0.0,0.0,0.0
2024-01-07T04:00,3600,0.0,0.0,0.0,0.0,0.0,0.0,0.0,0.0,0.0
2024-01-07T05:00,3600,0.0,0.0,0.0,0.0,0.0,0.0,0.0,0.0,0.0
2024-01-07T06:00,3600,0.0,0.0,0.0,0.0,0.0,0.0,0.0,0.0,0.0
2024-01-07T07:00,3600,0.0,0.06449268971,0.0,0.0,0.0,0.06449268971,87.80623631,64.49268971,42.8008257
2024-01-07T08:00,3600,0.0,0.41975189535,0.0,0.0,0.0,0.41975189535,515.10359847,419.75189535,255.95427906
2024-01-07T09:00,3600,0.0,0.79173498338,0.0,0.0,0.0,0.79173498338,966.21402794,791.73498338,491.86215887
2024-01-07T10:00,3600,0.0,1.00276223933,0.0,0.0,0.0,1.00276223933,1223.8486134,1002.76223933,639.62672447
2024-01-07T11:00,3600,0.0,1.20040730803,0.0,0.0,0.0,1.20040730803,1466.29389974,1200.40730803,779.41811025
2024-01-07T12:00,3600,0.0,1.2674329678900003,0.0,0.0,0.0,1.2674329678900003,1548.76731427,1267.43296789,828.6280959
2024-01-07T13:00,3600,0.0,1.16997127915,0.0,0.0,0.0,1.16997127915,1428.88593429,1169.97127915,768.06977111
2024-01-07T14:00,3600,0.0,0.98015531405,0.0,0.0,0.0,0.98015531405,1196.18848277,980.15531405,635.10779116
2024-01-07T15:00,3600,0.0,0.28066378351,0.0,0.0,0.0,0.28066378351,347.40543833,280.66378351,176.33385621
2024-01-07T16:00,3600,0.0,0.14999174121,0.0,0.0,0.0,0.14999174121,190.33173255,149.99174121,95.52158599
2024-01-07T17:00,3600,0.0,0.049853310350000006,0.0,0.0,0.0,0.049853310350000006,70.27113046,49.85331035,35.0772421
2024-01-07T18:00,3600,0.0,0.0,0.0,0.0,0.0,0.0,0.0,0.0,0.0
2024-01-07T19:00,3600,0.0,0.0,0.0,0.0,0.0,0.0,0.0,0.0,0.0
2024-01-07T20:00,3600,0.0,0.0,0.0,0.0,0.0,0.0,0.0,0.0,0.0
2024-01-07T21:00,3600,0.0,0.0,0.0,0.0,0.0,0.0,0.0,0.0,0.0
2024-01-07T22:00,3600,0.0,0.0,0.0,0.0,0.0,0.0,0.0,0.0,0.0
2024-01-07T23:00,3600,0.0,0.0,0.0,0.0,0.0,0.0,0.0,0.0,0.0
2024-01-08T00:00,3600,0.0,0.0,0.0,0.0,0.0,0.0,0.0,0.0,0.0
2024-01-08T01:00,3600,0.0,0.0,0.0,0.0,0.0,0.0,0.0,0.0,0.0
2024-01-08T02:00,3600,0.0,0.0,0.0,0.0,0.0,0.0,0.0,0.0,0.0
2024-01-08T03:00,3600,0.0,0.0,0.0,0.0,0.0,0.0,0.0,0.0,0.0
2024-01-08T04:00,3600,0.0,0.0,0.0,0.0,0.0,0.0,0.0,0.0,0.0
2024-01-08T05:00,3600,0.0,0.0,0.0,0.0,0.0,0.0,0.0,0.0,0.0
2024-01-08T06:00,3600,0.0,0.0,0.0,0.0,0.0,0.0,0.0,0.0,0.0
2024-01-08T07:00,3600,0.0,0.07513354182,0.0,0.0,0.0,0.07513354182,100.55547888,75.13354182,48.95594454
2024-01-08T08:00,3600,0.0,0.44909695818,0.0,0.0,0.0,0.44909695818,550.55222845,449.09695818,274.05691779
2024-01-08T09:00,3600,0.0,0.80594147994,0.0,0.0,0.0,0.80594147994,983.51876643,805.94147994,501.17782819
2024-01-08T10:00,3600,0.0,0.85140089513,0.0,0.0,0.0,0.85140089513,1038.93033741,851.40089513,537.75620964
2024-01-08T11:00,3600,0.0,1.1871556306,0.0,0.0,0.0,1.1871556306,1450.00339937,1187.1556306,769.36609842
2024-01-08T12:00,3600,0.0,1.10780143391,0.0,0.0,0.0,1.10780143391,1352.55772025,1107.80143391,717.13747523
2024-01-08T13:00,3600,0.0,1.03144406433,0.0,0.0,0.0,1.03144406433,1258.96245894,1031.44406433,667.71694443
2024-01-08T14:00,3600,0.0,0.6060275370199999,0.0,0.0,0.0,0.6060275370199999,740.52464102,606.02753702,381.67894079
2024-01-08T15:00,3600,0.0,0.37993153609999997,0.0,0.0,0.0,0.37993153609999997,467.03850681,379.9315361,237.14470292
2024-01-08T16:00,3600,0.0,0.15283531686000001,0.0,0.0,0.0,0.15283531686000001,193.74494755,152.83531686,96.78430966
2024-01-08T17:00,3600,0.0,0.04800778171,0.0,0.0,0.0,0.04800778171,68.06095463,48.00778171,33.80164875
2024-01-08T18:00,3600,0.0,0.0,0.0,0.0,0.0,0.0,0.0,0.0,0.0
2024-01-08T19:00,3600,0.0,0.0,0.0,0.0,0.0,0.0,0.0,0.0,0.0
2024-01-08T20:00,3600,0.0,0.0,0.0,0.0,0.0,0.0,0.0,0.0,0.0
2024-01-08T21:00,3600,0.0,0.0,0.0,0.0,0.0,0.0,0.0,0.0,0.0
2024-01-08T22:00,3600,0.0,0.0,0.0,0.0,0.0,0.0,0.0,0.0,0.0
2024-01-08T23:00,3600,0.0,0.0,0.0,0.0,0.0,0.0,0.0,0.0,0.0
2024-01-09T00:00,3600,0.0,0.0,0.0,0.0,0.0,0.0,0.0,0.0,0.0
2024-01-09T01:00,3600,0.0,0.0,0.0,0.0,0.0,0.0,0.0,0.0,0.0
2024-01-09T02:00,3600,0.0,0.0,0.0,0.0,0.0,0.0,0.0,0.0,0.0
2024-01-09T03:00,3600,0.0,0.0,0.0,0.0,0.0,0.0,0.0,0.0,0.0
2024-01-09T04:00,3600,0.0,0.0,0.0,0.0,0.0,0.0,0.0,0.0,0.0
2024-01-09T05:00,3600,0.0,0.0,0.0,0.0,0.0,0.0,0.0,0.0,0.0
2024-01-09T06:00,3600,0.0,0.0,0.0,0.0,0.0,0.0,0.0,0.0,0.0
2024-01-09T07:00,3600,0.0,0.04174323277,0.0,0.0,0.0,0.04174323277,60.55930709,41.74323277,29.60142461
2024-01-09T08:00,3600,0.0,0.25925434376999995,0.0,0.0,0.0,0.25925434376999995,321.63876836,259.25434377,159.2632282
2024-01-09T09:00,3600,0.0,0.43531166070000005,0.0,0.0,0.0,0.43531166070000005,533.89675208,435.3116607,267.88330725
2024-01-09T10:00,3600,0.0,0.60091944414,0.0,0.0,0.0,0.60091944414,734.33034366,600.91944414,375.79161464
2024-01-09T11:00,3600,0.0,0.62661727522,0.0,0.0,0.0,0.62661727522,765.49998464,626.61727522,393.13780038
2024-01-09T12:00,3600,0.0,0.4436696717,0.0,0.0,0.0,0.4436696717,543.99432869,443.6696717,276.34554066
2024-01-09T13:00,3600,0.0,0.4470600329,0.0,0.0,0.0,0.4470600329,548.09087601,447.0600329,278.97946264
2024-01-09T14:00,3600,0.0,0.84466031545,0.0,0.0,0.0,0.84466031545,1030.71041456,844.66031545,537.81712367
2024-01-09T15:00,3600,0.0,0.56899182459,0.0,0.0,0.0,0.56899182459,695.62985986,568.99182459,356.41717124
2024-01-09T16:00,3600,0.0,0.28091259665,0.0,0.0,0.0,0.28091259665,347.70496261,280.91259665,174.3560804
2024-01-09T17:00,3600,0.0,0.07513660029000001,0.0,0.0,0.0,0.07513660029000001,100.5591438,75.13660029,49.78433877
2024-01-09T18:00,3600,0.0,0.0,0.0,0.0,0.0,0.0,0.0,0.0,0.0
2024-01-09T19:00,3600,0.0,0.0,0.0,0.0,0.0,0.0,0.0,0.0,0.0
2024-01-09T20:00,3600,0.0,0.0,0.0,0.0,0.0,0.0,0.0,0.0,0.0
2024-01-09T21:00,3600,0.0,0.0,0.0,0.0,0.0,0.0,0.0,0.0,0.0
2024-01-09T22:00,3600,0.0,0.0,0.0,0.0,0.0,0.0,0.0,0.0,0.0
2024-01-09T23:00,3600,0.0,0.0,0.0,0.0,0.0,0.0,0.0,0.0,0.0
2024-01-10T00:00,3600,0.0,0.0,0.0,0.0,0.0,0.0,0.0,0.0,0.0
2024-01-10T01:00,3600,0.0,0.0,0.0,0.0,0.0,0.0,0.0,0.0,0.0
2024-01-10T02:00,3600,0.0,0.0,0.0,0.0,0.0,0.0,0.0,0.0,0.0
2024-01-10T03:00,3600,0.0,0.0,0.0,0.0,0.0,0.0,0.0,0.0,0.0
2024-01-10T04:00,3600,0.0,0.0,0.0,0.0,0.0,0.0,0.0,0.0,0.0
2024-01-10T05:00,3600,0.0,0.0,0.0,0.0,0.0,0.0,0.0,0.0,0.0
2024-01-10T06:00,3600,0.0,0.0,0.0,0.0,0.0,0.0,0.0,0.0,0.0
2024-01-10T07:00,3600,0.0,0.06503668639,0.0,0.0,0.0,0.06503668639,88.45794781,65.03668639,43.15884953
2024-01-10T08:00,3600,0.0,0.3701173965,0.0,0.0,0.0,0.3701173965,455.1990099,370.1173965,225.46163219
2024-01-10T09:00,3600,0.0,0.7361404817400001,0.0,0.0,0.0,0.7361404817400001,898.54946621,736.14048174,454.96033997
2024-01-10T10:00,3600,0.0,1.0443930690699998,0.0,0.0,0.0,1.0443930690699998,1274.82301241,1044.39306907,660.12123572
2024-01-10T11:00,3600,0.0,1.2550401307999999,0.0,0.0,0.0,1.2550401307999999,1533.50844343,1255.0401308,805.03760835
2024-01-10T12:00,3600,0.0,1.2812437358800002,0.0,0.0,0.0,1.2812437358800002,1565.777278,1281.24373588,824.84025655
2024-01-10T13:00,3600,0.0,1.24530248314,0.0,0.0,0.0,1.24530248314,1521.5219352,1245.30248314,804.18671417
2024-01-10T14:00,3600,0.0,1.09044887421,0.0,0.0,0.0,1.09044887421,1331.27313358,1090.44887421,698.60666963
2024-01-10T15:00,3600,0.0,0.77093962628,0.0,0.0,0.0,0.77093962628,940.89368914,770.93962628,485.63496729
2024-01-10T16:00,3600,0.0,0.46651149935,0.0,0.0,0.0,0.46651149935,571.6000173,466.51149935,289.4247496
2024-01-10T17:00,3600,0.0,0.11675867664,0.0,0.0,0.0,0.11675867664,150.45732882,116.75867664,74.79411986
2024-01-10T18:00,3600,0.0,0.0,0.0,0.0,0.0,0.0,0.0,0.0,0.0
2024-01-10T19:00,3600,0.0,0.0,0.0,0.0,0.0,0.0,0.0,0.0,0.0
2024-01-10T20:00,3600,0.0,0.0,0.0,0.0,0.0,0.0,0.0,0.0,0.0
2024-01-10T21:00,3600,0.0,0.0,0.0,0.0,0.0,0.0,0.0,0.0,0.0
2024-01-10T22:00,3600,0.0,0.0,0.0,0.0,0.0,0.0,0.0,0.0,0.0
2024-01-10T23:00,3600,0.0,0.0,0.0,0.0,0.0,0.0,0.0,0.0,0.0
2024-01-11T00:00,3600,0.0,0.0,0.0,0.0,0.0,0.0,0.0,0.0,0.0
2024-01-11T01:00,3600,0.0,0.0,0.0,0.0,0.0,0.0,0.0,0.0,0.0
2024-01-11T02:00,3600,0.0,0.0,0.0,0.0,0.0,0.0,0.0,0.0,0.0
2024-01-11T03:00,3600,0.0,0.0,0.0,0.0,0.0,0.0,0.0,0.0,0.0
2024-01-11T04:00,3600,0.0,0.0,0.0,0.0,0.0,0.0,0.0,0.0,0.0
2024-01-11T05:00,3600,0.0,0.0,0.0,0.0,0.0,0.0,0.0,0.0,0.0
2024-01-11T06:00,3600,0.0,0.0,0.0,0.0,0.0,0.0,0.0,0.0,0.0
2024-01-11T07:00,3600,0.0,0.05137085053,0.0,0.0,0.0,0.05137085053,72.08858054,51.37085053,34.87373786
2024-01-11T08:00,3600,0.0,0.32846645272,0.0,0.0,0.0,0.32846645272,404.98167348,328.46645272,198.77801328
2024-01-11T09:00,3600,0.0,0.44004533448,0.0,0.0,0.0,0.44004533448,539.61541789,440.04533448,267.45566
2024-01-11T10:00,3600,0.0,0.46823050180000003,0.0,0.0,0.0,0.46823050180000003,573.67811103,468.2305018,287.88325883
2024-01-11T11:00,3600,0.0,0.65171376957,0.0,0.0,0.0,0.65171376957,795.95791185,651.71376957,403.99938516
2024-01-11T12:00,3600,0.0,0.65554487573,0.0,0.0,0.0,0.65554487573,800.60900538,655.54487573,406.64193323
2024-01-11T13:00,3600,0.0,0.98300499089,0.0,0.0,0.0,0.98300499089,1199.67433269,983.00499089,627.03624747
2024-01-11T14:00,3600,0.0,0.704028511,0.0,0.0,0.0,0.704028511,859.50504643,704.028511,442.05481511
2024-01-11T15:00,3600,0.0,0.7230077519999999,0.0,0.0,0.0,0.7230077519999999,882.57811853,723.007752,454.87446156
2024-01-11T16:00,3600,0.0,0.44098531522,0.0,0.0,0.0,0.44098531522,540.75106461,440.98531522,273.59163069
2024-01-11T17:00,3600,0.0,0.10278747947,0.0,0.0,0.0,0.10278747947,133.70294193,102.78747947,66.22383847
2024-01-11T18:00,3600,0.0,0.0,0.0,0.0,0.0,0.0,0.0,0.0,0.0
2024-01-11T19:00,3600,0.0,0.0,0.0,0.0,0.0,0.0,0.0,0.0,0.0
2024-01-11T20:00,3600,0.0,0.0,0.0,0.0,0.0,0.0,0.0,0.0,0.0
2024-01-11T21:00,3600,0.0,0.0,0.0,0.0,0.0,0.0,0.0,0.0,0.0
2024-01-11T22:00,3600,0.0,0.0,0.0,0.0,0.0,0.0,0.0,0.0,0.0
2024-01-11T23:00,3600,0.0,0.0,0.0,0.0,0.0,0.0,0.0,0.0,0.0
2024-01-12T00:00,3600,0.0,0.0,0.0,0.0,0.0,0.0,0.0,0.0,0.0
2024-01-12T01:00,3600,0.0,0.0,0.0,0.0,0.0,0.0,0.0,0.0,0.0
2024-01-12T02:00,3600,0.0,0.0,0.0,0.0,0.0,0.0,0.0,0.0,0.0
2024-01-12T03:00,3600,0.0,0.0,0.0,0.0,0.0,0.0,0.0,0.0,0.0
2024-01-12T04:00,3600,0.0,0.0,0.0,0.0,0.0,0.0,0.0,0.0,0.0
2024-01-12T05:00,3600,0.0,0.0,0.0,0.0,0.0,0.0,0.0,0.0,0.0
2024-01-12T06:00,3600,0.0,0.0,0.0,0.0,0.0,0.0,0.0,0.0,0.0
2024-01-12T07:00,3600,0.0,0.02980506608,0.0,0.0,0.0,0.02980506608,46.26653218,29.80506608,22.39277138
2024-01-12T08:00,3600,0.0,0.19241161604999998,0.0,0.0,0.0,0.19241161604999998,241.27191732,192.41161605,117.83845416
2024-01-12T09:00,3600,0.0,0.58175846542,0.0,0.0,0.0,0.58175846542,711.10133156,581.75846542,355.60220143
2024-01-12T10:00,3600,0.0,0.7229035957400001,0.0,0.0,0.0,0.7229035957400001,882.45146831,722.90359574,452.68244367
2024-01-12T11:00,3600,0.0,0.890691596,0.0,0.0,0.0,0.890691596,1086.86957242,890.691596,565.61467005
2024-01-12T12:00,3600,0.0,0.96138931012,0.0,0.0,0.0,0.96138931012,1173.23884027,961.38931012,614.64156546
2024-01-12T13:00,3600,0.0,0.9925074948799999,0.0,0.0,0.0,0.9925074948799999,1211.29988046,992.50749488,641.72733105
2024-01-12T14:00,3600,0.0,0.420664043,0.0,0.0,0.0,0.420664043,516.20511182,420.664043,262.84240555
2024-01-12T15:00,3600,0.0,0.21578135155999997,0.0,0.0,0.0,0.21578135155999997,269.35629586,215.78135156,135.2711726
2024-01-12T16:00,3600,0.0,0.13458142545000001,0.0,0.0,0.0,0.13458142545000001,171.83811806,134.58142545,85.85736251
2024-01-12T17:00,3600,0.0,0.035407573229999996,0.0,0.0,0.0,0.035407573229999996,52.97356967,35.40757323,26.32625819
2024-01-12T18:00,3600,0.0,0.0,0.0,0.0,0.0,0.0,0.0,0.0,0.0
2024-01-12T19:00,3600,0.0,0.0,0.0,0.0,0.0,0.0,0.0,0.0,0.0
2024-01-12T20:00,3600,0.0,0.0,0.0,0.0,0.0,0.0,0.0,0.0,0.0
2024-01-12T21:00,3600,0.0,0.0,0.0,0.0,0.0,0.0,0.0,0.0,0.0
2024-01-12T22:00,3600,0.0,0.0,0.0,0.0,0.0,0.0,0.0,0.0,0.0
2024-01-12T23:00,3600,0.0,0.0,0.0,0.0,0.0,0.0,0.0,0.0,0.0
2024-01-13T00:00,3600,0.0,0.0,0.0,0.0,0.0,0.0,0.0,0.0,0.0
2024-01-13T01:00,3600,0.0,0.0,0.0,0.0,0.0,0.0,0.0,0.0,0.0
2024-01-13T02:00,3600,0.0,0.0,0.0,0.0,0.0,0.0,0.0,0.0,0.0
2024-01-13T03:00,3600,0.0,0.0,0.0,0.0,0.0,0.0,0.0,0.0,0.0
2024-01-13T04:00,3600,0.0,0.0,0.0,0.0,0.0,0.0,0.0,0.0,0.0
2024-01-13T05:00,3600,0.0,0.0,0.0,0.0,0.0,0.0,0.0,0.0,0.0
2024-01-13T06:00,3600,0.0,0.0,0.0,0.0,0.0,0.0,0.0,0.0,0.0
2024-01-13T07:00,3600,0.0,0.0011281520300000002,0.0,0.0,0.0,0.0011281520300000002,11.94906175,1.12815203,5.80921165
2024-01-13T08:00,3600,0.0,0.04598606092,0.0,0.0,0.0,0.04598606092,65.63987804,45.98606092,31.95066407
2024-01-13T09:00,3600,0.0,0.08579844098,0.0,0.0,0.0,0.08579844098,113.33656662,85.79844098,55.18751066
2024-01-13T10:00,3600,0.0,0.09892833248,0.0,0.0,0.0,0.09892833248,129.07593822,98.92833248,63.59306627
2024-01-13T11:00,3600,0.0,0.1690622468,0.0,0.0,0.0,0.1690622468,213.22669159,169.0622468,105.53401161
2024-01-13T12:00,3600,0.0,0.21241923810000002,0.0,0.0,0.0,0.21241923810000002,265.31499897,212.4192381,131.67546403
2024-01-13T13:00,3600,0.0,0.34212757567,0.0,0.0,0.0,0.34212757567,421.4472949,342.12757567,212.93608703
2024-01-13T14:00,3600,0.0,0.45509777557000003,0.0,0.0,0.0,0.45509777557000003,557.80407609,455.09777557,284.35363637
2024-01-13T15:00,3600,0.0,0.37822517934000005,0.0,0.0,0.0,0.37822517934000005,464.97981842,378.22517934,236.64326675
2024-01-13T16:00,3600,0.0,0.22735298192999998,0.0,0.0,0.0,0.22735298192999998,283.26785055,227.35298193,142.76904846
2024-01-13T17:00,3600,0.0,0.06809319610999999,0.0,0.0,0.0,0.06809319610999999,92.11981285,68.09319611,45.97359337
2024-01-13T18:00,3600,0.0,0.0,0.0,0.0,0.0,0.0,0.0,0.0,0.0
2024-01-13T19:00,3600,0.0,0.0,0.0,0.0,0.0,0.0,0.0,0.0,0.0
2024-01-13T20:00,3600,0.0,0.0,0.0,0.0,0.0,0.0,0.0,0.0,0.0
2024-01-13T21:00,3600,0.0,0.0,0.0,0.0,0.0,0.0,0.0,0.0,0.0
2024-01-13T22:00,3600,0.0,0.0,0.0,0.0,0.0,0.0,0.0,0.0,0.0
2024-01-13T23:00,3600,0.0,0.0,0.0,0.0,0.0,0.0,0.0,0.0,0.0
2024-01-14T00:00,3600,0.0,0.0,0.0,0.0,0.0,0.0,0.0,0.0,0.0
2024-01-14T01:00,3600,0.0,0.0,0.0,0.0,0.0,0.0,0.0,0.0,0.0
2024-01-14T02:00,3600,0.0,0.0,0.0,0.0,0.0,0.0,0.0,0.0,0.0
2024-01-14T03:00,3600,0.0,0.0,0.0,0.0,0.0,0.0,0.0,0.0,0.0
2024-01-14T04:00,3600,0.0,0.0,0.0,0.0,0.0,0.0,0.0,0.0,0.0
2024-01-14T05:00,3600,0.0,0.0,0.0,0.0,0.0,0.0,0.0,0.0,0.0
2024-01-14T06:00,3600,0.0,0.0,0.0,0.0,0.0,0.0,0.0,0.0,0.0
2024-01-14T07:00,3600,0.0,0.041550048650000004,0.0,0.0,0.0,0.041550048650000004,60.32799035,41.55004865,29.15831806
2024-01-14T08:00,3600,0.0,0.32533650678,0.0,0.0,0.0,0.32533650678,401.20989325,325.33650678,197.16781703
2024-01-14T09:00,3600,0.0,0.73368425241,0.0,0.0,0.0,0.73368425241,895.56196093,733.68425241,452.11515188
2024-01-14T10:00,3600,0.0,1.02231511696,0.0,0.0,0.0,1.02231511696,1247.78376496,1022.31511696,659.46986662
2024-01-14T11:00,3600,0.0,1.25695946972,0.0,0.0,0.0,1.25695946972,1535.87136782,1256.95946972,829.76826873
2024-01-14T12:00,3600,0.0,1.2905888352800001,0.0,0.0,0.0,1.2905888352800001,1577.29026132,1290.58883528,853.87219292
2024-01-14T13:00,3600,0.0,1.1531303742699999,0.0,0.0,0.0,1.1531303742699999,1408.19876884,1153.13037427,765.55955209
2024-01-14T14:00,3600,0.0,1.08446798124,0.0,0.0,0.0,1.08446798124,1323.93898957,1084.46798124,715.67363299
2024-01-14T15:00,3600,0.0,0.8650748922,0.0,0.0,0.0,0.8650748922,1055.60927189,865.0748922,561.76230433
2024-01-14T16:00,3600,0.0,0.53850797616,0.0,0.0,0.0,0.53850797616,658.70567878,538.50797616,341.75347298
2024-01-14T17:00,3600,0.0,0.14578761448000002,0.0,0.0,0.0,0.14578761448000002,185.28581156,145.78761448,93.7292379
2024-01-14T18:00,3600,0.0,0.0,0.0,0.0,0.0,0.0,0.0,0.0,0.0
2024-01-14T19:00,3600,0.0,0.0,0.0,0.0,0.0,0.0,0.0,0.0,0.0
2024-01-14T20:00,3600,0.0,0.0,0.0,0.0,0.0,0.0,0.0,0.0,0.0
2024-01-14T21:00,3600,0.0,0.0,0.0,0.0,0.0,0.0,0.0,0.0,0.0
2024-01-14T22:00,3600,0.0,0.0,0.0,0.0,0.0,0.0,0.0,0.0,0.0
2024-01-14T23:00,3600,0.0,0.0,0.0,0.0,0.0,0.0,0.0,0.0,0.0
2024-01-15T00:00,3600,0.0,0.0,0.0,0.0,0.0,0.0,0.0,0.0,0.0
2024-01-15T01:00,3600,0.0,0.0,0.0,0.0,0.0,0.0,0.0,0.0,0.0
2024-01-15T02:00,3600,0.0,0.0,0.0,0.0,0.0,0.0,0.0,0.0,0.0
2024-01-15T03:00,3600,0.0,0.0,0.0,0.0,0.0,0.0,0.0,0.0,0.0
2024-01-15T04:00,3600,0.0,0.0,0.0,0.0,0.0,0.0,0.0,0.0,0.0
2024-01-15T05:00,3600,0.0,0.0,0.0,0.0,0.0,0.0,0.0,0.0,0.0
2024-01-15T06:00,3600,0.0,0.0,0.0,0.0,0.0,0.0,0.0,0.0,0.0
2024-01-15T07:00,3600,0.0,0.07351385275,0.0,0.0,0.0,0.07351385275,98.61466778,73.51385275,47.46444146
2024-01-15T08:00,3600,0.0,0.42109280675999994,0.0,0.0,0.0,0.42109280675999994,516.72289661,421.09280676,253.77597005
2024-01-15T09:00,3600,0.0,0.8049649981699999,0.0,0.0,0.0,0.8049649981699999,982.32914621,804.96499817,499.04761064
2024-01-15T10:00,3600,0.0,1.0806122629900001,0.0,0.0,0.0,1.0806122629900001,1319.21140989,1080.61226299,702.42631889
2024-01-15T11:00,3600,0.0,1.28740027499,0.0,0.0,0.0,1.28740027499,1573.36173135,1287.40027499,852.68960701
2024-01-15T12:00,3600,0.0,1.35369511645,0.0,0.0,0.0,1.35369511645,1655.10242942,1353.69511645,903.01945459
2024-01-15T13:00,3600,0.0,1.2903682639099998,0.0,0.0,0.0,1.2903682639099998,1577.01849242,1290.36826391,867.00421457
2024-01-15T14:00,3600,0.0,1.07935803504,0.0,0.0,0.0,1.07935803504,1317.67366549,1079.35803504,713.7595813
2024-01-15T15:00,3600,0.0,0.8261269281899999,0.0,0.0,0.0,0.8261269281899999,1008.11612491,826.12692819,536.77492016
2024-01-15T16:00,3600,0.0,0.52576610734,0.0,0.0,0.0,0.52576610734,643.27942081,525.76610734,334.86875987
2024-01-15T17:00,3600,0.0,0.14313625223,0.0,0.0,0.0,0.14313625223,182.10380963,143.13625223,92.445232
2024-01-15T18:00,3600,0.0,0.0,0.0,0.0,0.0,0.0,0.0,0.0,0.0
2024-01-15T19:00,3600,0.0,0.0,0.0,0.0,0.0,0.0,0.0,0.0,0.0
2024-01-15T20:00,3600,0.0,0.0,0.0,0.0,0.0,0.0,0.0,0.0,0.0
2024-01-15T21:00,3600,0.0,0.0,0.0,0.0,0.0,0.0,0.0,0.0,0.0
2024-01-15T22:00,3600,0.0,0.0,0.0,0.0,0.0,0.0,0.0,0.0,0.0
2024-01-15T23:00,3600,0.0,0.0,0.0,0.0,0.0,0.0,0.0,0.0,0.0
2024-01-16T00:00,3600,0.0,0.0,0.0,0.0,0.0,0.0,0.0,0.0,0.0
2024-01-16T01:00,3600,0.0,0.0,0.0,0.0,0.0,0.0,0.0,0.0,0.0
2024-01-16T02:00,3600,0.0,0.0,0.0,0.0,0.0,0.0,0.0,0.0,0.0
2024-01-16T03:00,3600,0.0,0.0,0.0,0.0,0.0,0.0,0.0,0.0,0.0
2024-01-16T04:00,3600,0.0,0.0,0.0,0.0,0.0,0.0,0.0,0.0,0.0
2024-01-16T05:00,3600,0.0,0.0,0.0,0.0,0.0,0.0,0.0,0.0,0.0
2024-01-16T06:00,3600,0.0,0.0,0.0,0.0,0.0,0.0,0.0,0.0,0.0
2024-01-16T07:00,3600,0.0,0.07609402796000002,0.0,0.0,0.0,0.07609402796000002,101.70642556,76.09402796,49.33801651
2024-01-16T08:00,3600,0.0,0.43750388233,0.0,0.0,0.0,0.43750388233,536.54505923,437.50388233,266.24416271
2024-01-16T09:00,3600,0.0,0.7965460884300001,0.0,0.0,0.0,0.7965460884300001,972.07373515,796.54608843,495.15049346
2024-01-16T10:00,3600,0.0,1.08587140042,0.0,0.0,0.0,1.08587140042,1325.65985779,1085.87140042,699.50808674
2024-01-16T11:00,3600,0.0,1.30178882554,0.0,0.0,0.0,1.30178882554,1591.09177427,1301.78882554,852.2703581
2024-01-16T12:00,3600,0.0,1.3713089288199998,0.0,0.0,0.0,1.3713089288199998,1676.84155723,1371.30892882,903.97235265
2024-01-16T13:00,3600,0.0,1.3209327510799997,0.0,0.0,0.0,1.3209327510799997,1614.69087082,1320.93275108,879.56002715
2024-01-16T14:00,3600,0.0,1.13553664295,0.0,0.0,0.0,1.13553664295,1386.59554798,1135.53664295,747.09673134
2024-01-16T15:00,3600,0.0,0.908686146,0.0,0.0,0.0,0.908686146,1108.83956102,908.686146,587.6056525
2024-01-16T16:00,3600,0.0,0.54581047132,0.0,0.0,0.0,0.54581047132,667.54864074,545.81047132,344.69135137
2024-01-16T17:00,3600,0.0,0.15882916402,0.0,0.0,0.0,0.15882916402,200.94022316,158.82916402,101.28308652
2024-01-16T18:00,3600,0.0,0.0,0.0,0.0,0.0,0.0,0.0,0.0,0.0
2024-01-16T19:00,3600,0.0,0.0,0.0,0.0,0.0,0.0,0.0,0.0,0.0
2024-01-16T20:00,3600,0.0,0.0,0.0,0.0,0.0,0.0,0.0,0.0,0.0
2024-01-16T21:00,3600,0.0,0.0,0.0,0.0,0.0,0.0,0.0,0.0,0.0
2024-01-16T22:00,3600,0.0,0.0,0.0,0.0,0.0,0.0,0.0,0.0,0.0
2024-01-16T23:00,3600,0.0,0.0,0.0,0.0,0.0,0.0,0.0,0.0,0.0
2024-01-17T00:00,3600,0.0,0.0,0.0,0.0,0.0,0.0,0.0,0.0,0.0
2024-01-17T01:00,3600,0.0,0.0,0.0,0.0,0.0,0.0,0.0,0.0,0.0
2024-01-17T02:00,3600,0.0,0.0,0.0,0.0,0.0,0.0,0.0,0.0,0.0
2024-01-17T03:00,3600,0.0,0.0,0.0,0.0,0.0,0.0,0.0,0.0,0.0
2024-01-17T04:00,3600,0.0,0.0,0.0,0.0,0.0,0.0,0.0,0.0,0.0
2024-01-17T05:00,3600,0.0,0.0,0.0,0.0,0.0,0.0,0.0,0.0,0.0
2024-01-17T06:00,3600,0.0,0.0,0.0,0.0,0.0,0.0,0.0,0.0,0.0
2024-01-17T07:00,3600,0.0,0.07599702569999998,0.0,0.0,0.0,0.07599702569999998,101.59018702,75.9970257,49.09707659
2024-01-17T08:00,3600,0.0,0.43523343025000005,0.0,0.0,0.0,0.43523343025000005,533.80224844,435.23343025,264.07773008
2024-01-17T09:00,3600,0.0,0.8039661798300001,0.0,0.0,0.0,0.8039661798300001,981.11234165,803.96617983,498.02129237
2024-01-17T10:00,3600,0.0,1.07437155658,0.0,0.0,0.0,1.07437155658,1311.56044555,1074.37155658,692.38670703
2024-01-17T11:00,3600,0.0,1.25522987062,0.0,0.0,0.0,1.25522987062,1533.74202997,1255.22987062,822.42082314
2024-01-17T12:00,3600,0.0,1.3131007873799998,0.0,0.0,0.0,1.3131007873799998,1605.03496618,1313.10078738,864.84325614
2024-01-17T13:00,3600,0.0,1.22218196371,0.0,0.0,0.0,1.22218196371,1493.07283532,1222.18196371,802.70151818
2024-01-17T14:00,3600,0.0,0.25200714492,0.0,0.0,0.0,0.25200714492,312.9194339,252.00714492,158.2610574
2024-01-17T15:00,3600,0.0,0.15546656888000002,0.0,0.0,0.0,0.15546656888000002,196.9034985,155.46656888,99.22185842
2024-01-17T16:00,3600,0.0,0.03492299502,0.0,0.0,0.0,0.03492299502,52.39342419,34.92299502,26.14145242
2024-01-17T17:00,3600,0.0,0.007390293710000001,0.0,0.0,0.0,0.007390293710000001,19.44105857,7.39029371,9.68201941
2024-01-17T18:00,3600,0.0,0.0,0.0,0.0,0.0,0.0,0.0,0.0,0.0
2024-01-17T19:00,3600,0.0,0.0,0.0,0.0,0.0,0.0,0.0,0.0,0.0
2024-01-17T20:00,3600,0.0,0.0,0.0,0.0,0.0,0.0,0.0,0.0,0.0
2024-01-17T21:00,3600,0.0,0.0,0.0,0.0,0.0,0.0,0.0,0.0,0.0
2024-01-17T22:00,3600,0.0,0.0,0.0,0.0,0.0,0.0,0.0,0.0,0.0
2024-01-17T23:00,3600,0.0,0.0,0.0,0.0,0.0,0.0,0.0,0.0,0.0
2024-01-18T00:00,3600,0.0,0.0,0.0,0.0,0.0,0.0,0.0,0.0,0.0
2024-01-18T01:00,3600,0.0,0.0,0.0,0.0,0.0,0.0,0.0,0.0,0.0
2024-01-18T02:00,3600,0.0,0.0,0.0,0.0,0.0,0.0,0.0,0.0,0.0
2024-01-18T03:00,3600,0.0,0.0,0.0,0.0,0.0,0.0,0.0,0.0,0.0
2024-01-18T04:00,3600,0.0,0.0,0.0,0.0,0.0,0.0,0.0,0.0,0.0
2024-01-18T05:00,3600,0.0,0.0,0.0,0.0,0.0,0.0,0.0,0.0,0.0
2024-01-18T06:00,3600,0.0,0.0,0.0,0.0,0.0,0.0,0.0,0.0,0.0
2024-01-18T07:00,3600,0.0,0.053963924030000006,0.0,0.0,0.0,0.053963924030000006,75.19426256,53.96392403,36.77171769
2024-01-18T08:00,3600,0.0,0.3548045624,0.0,0.0,0.0,0.3548045624,436.73128433,354.8045624,217.27529702
2024-01-18T09:00,3600,0.0,0.61467533156,0.0,0.0,0.0,0.61467533156,751.01298206,614.67533156,381.36651958
2024-01-18T10:00,3600,0.0,0.8800643953099999,0.0,0.0,0.0,0.8800643953099999,1073.898855,880.06439531,564.55484165
2024-01-18T11:00,3600,0.0,0.8812748045500001,0.0,0.0,0.0,0.8812748045500001,1075.37602364,881.27480455,566.28332271
2024-01-18T12:00,3600,0.0,0.70021703485,0.0,0.0,0.0,0.70021703485,854.87264369,700.21703485,443.43071734
2024-01-18T13:00,3600,0.0,0.7585714433099999,0.0,0.0,0.0,0.7585714433099999,925.83998373,758.57144331,484.81084513
2024-01-18T14:00,3600,0.0,0.67027875856,0.0,0.0,0.0,0.67027875856,818.50024061,670.27875856,426.2099094
2024-01-18T15:00,3600,0.0,0.52719759776,0.0,0.0,0.0,0.52719759776,645.01226713,527.19759776,333.36783349
2024-01-18T16:00,3600,0.0,0.28882692805,0.0,0.0,0.0,0.28882692805,357.23320538,288.82692805,181.76461654
2024-01-18T17:00,3600,0.0,0.12198196707,0.0,0.0,0.0,0.12198196707,156.72248818,121.98196707,78.99346171
2024-01-18T18:00,3600,0.0,0.0,0.0,0.0,0.0,0.0,0.0,0.0,0.0
2024-01-18T19:00,3600,0.0,0.0,0.0,0.0,0.0,0.0,0.0,0.0,0.0
2024-01-18T20:00,3600,0.0,0.0,0.0,0.0,0.0,0.0,0.0,0.0,0.0
2024-01-18T21:00,3600,0.0,0.0,0.0,0.0,0.0,0.0,0.0,0.0,0.0
2024-01-18T22:00,3600,0.0,0.0,0.0,0.0,0.0,0.0,0.0,0.0,0.0
2024-01-18T23:00,3600,0.0,0.0,0.0,0.0,0.0,0.0,0.0,0.0,0.0
2024-01-19T00:00,3600,0.0,0.0,0.0,0.0,0.0,0.0,0.0,0.0,0.0
2024-01-19T01:00,3600,0.0,0.0,0.0,0.0,0.0,0.0,0.0,0.0,0.0
2024-01-19T02:00,3600,0.0,0.0,0.0,0.0,0.0,0.0,0.0,0.0,0.0
2024-01-19T03:00,3600,0.0,0.0,0.0,0.0,0.0,0.0,0.0,0.0,0.0
2024-01-19T04:00,3600,0.0,0.0,0.0,0.0,0.0,0.0,0.0,0.0,0.0
2024-01-19T05:00,3600,0.0,0.0,0.0,0.0,0.0,0.0,0.0,0.0,0.0
2024-01-19T06:00,3600,0.0,0.0,0.0,0.0,0.0,0.0,0.0,0.0,0.0
2024-01-19T07:00,3600,0.0,0.06247631032999999,0.0,0.0,0.0,0.06247631032999999,85.39066978,62.47631033,41.61843934
2024-01-19T08:00,3600,0.0,0.36681205503,0.0,0.0,0.0,0.36681205503,451.21213121,366.81205503,224.26540743
2024-01-19T09:00,3600,0.0,0.7027730275,0.0,0.0,0.0,0.7027730275,857.97910862,702.7730275,437.27728755
2024-01-19T10:00,3600,0.0,1.02145483747,0.0,0.0,0.0,1.02145483747,1246.73044707,1021.45483747,663.48430197
2024-01-19T11:00,3600,0.0,1.25268342309,0.0,0.0,0.0,1.25268342309,1530.60721423,1252.68342309,831.13630455
2024-01-19T12:00,3600,0.0,1.22537605857,0.0,0.0,0.0,1.22537605857,1497.00215261,1225.37605857,811.91541735
2024-01-19T13:00,3600,0.0,1.2265607127999998,0.0,0.0,0.0,1.2265607127999998,1498.4595676,1226.5607128,819.10412762
2024-01-19T14:00,3600,0.0,1.02238175659,0.0,0.0,0.0,1.02238175659,1247.86535876,1022.38175659,670.44677405
2024-01-19T15:00,3600,0.5165754605554085,0.5693819742199999,0.5165754605554085,0.0,0.0,0.05280651366459144,696.10260268,569.38197422,362.37348639
2024-01-19T16:00,3600,0.2746222140339603,0.32306743255,0.2746222140339603,0.0,0.0,0.04844521851603967,398.47568352,323.06743255,204.03967951
2024-01-19T17:00,3600,0.20943733598783337,0.10381861379,0.10381861379,0.10561872219783337,0.0,0.0,134.93930908,103.81861379,68.16690256
2024-01-19T18:00,3600,0.0,0.0,0.0,0.0,0.0,0.0,0.0,0.0,0.0
2024-01-19T19:00,3600,0.0,0.0,0.0,0.0,0.0,0.0,0.0,0.0,0.0
2024-01-19T20:00,3600,0.0,0.0,0.0,0.0,0.0,0.0,0.0,0.0,0.0
2024-01-19T21:00,3600,0.0,0.0,0.0,0.0,0.0,0.0,0.0,0.0,0.0
2024-01-19T22:00,3600,0.0,0.0,0.0,0.0,0.0,0.0,0.0,0.0,0.0
2024-01-19T23:00,3600,0.0,0.0,0.0,0.0,0.0,0.0,0.0,0.0,0.0
2024-01-20T00:00,3600,0.0,0.0,0.0,0.0,0.0,0.0,0.0,0.0,0.0
2024-01-20T01:00,3600,0.0,0.0,0.0,0.0,0.0,0.0,0.0,0.0,0.0
2024-01-20T02:00,3600,0.0,0.0,0.0,0.0,0.0,0.0,0.0,0.0,0.0
2024-01-20T03:00,3600,0.0,0.0,0.0,0.0,0.0,0.0,0.0,0.0,0.0
2024-01-20T04:00,3600,0.0,0.0,0.0,0.0,0.0,0.0,0.0,0.0,0.0
2024-01-20T05:00,3600,0.0,0.0,0.0,0.0,0.0,0.0,0.0,0.0,0.0
2024-01-20T06:00,3600,0.0,0.0,0.0,0.0,0.0,0.0,0.0,0.0,0.0
2024-01-20T07:00,3600,0.0,0.01792856306,0.0,0.0,0.0,0.01792856306,32.05134753,17.92856306,15.68749391
2024-01-20T08:00,3600,0.0,0.13313902815,0.0,0.0,0.0,0.13313902815,170.10745156,133.13902815,83.92075947
2024-01-20T09:00,3600,0.0,0.27498828368,0.0,0.0,0.0,0.27498828368,340.57365785,274.98828368,169.09824638
2024-01-20T10:00,3600,0.0,0.47009345501000005,0.0,0.0,0.0,0.47009345501000005,575.93031762,470.09345501,289.07230194
2024-01-20T11:00,3600,0.0,0.6187806743700001,0.0,0.0,0.0,0.6187806743700001,755.99280712,618.78067437,381.50358521
2024-01-20T12:00,3600,0.0,0.68097011582,0.0,0.0,0.0,0.68097011582,831.48644748,680.97011582,420.59576672
2024-01-20T13:00,3600,0.0,0.6909830839,0.0,0.0,0.0,0.6909830839,843.65153565,690.9830839,426.98582811
2024-01-20T14:00,3600,0.0,0.32720763682000004,0.0,0.0,0.0,0.32720763682000004,403.46468976,327.20763682,200.44065073
2024-01-20T15:00,3600,0.0,0.30274549994,0.0,0.0,0.0,0.30274549994,373.99420525,302.74549994,185.68012872
2024-01-20T16:00,3600,0.0,0.24282633426000003,0.0,0.0,0.0,0.24282633426000003,301.87574726,242.82633426,148.91023876
2024-01-20T17:00,3600,0.0,0.09850967144999999,0.0,0.0,0.0,0.09850967144999999,128.57399992,98.50967145,62.97713085
2024-01-20T18:00,3600,0.0,0.0,0.0,0.0,0.0,0.0,0.0,0.0,0.0
2024-01-20T19:00,3600,0.0,0.0,0.0,0.0,0.0,0.0,0.0,0.0,0.0
2024-01-20T20:00,3600,0.0,0.0,0.0,0.0,0.0,0.0,0.0,0.0,0.0
2024-01-20T21:00,3600,0.0,0.0,0.0,0.0,0.0,0.0,0.0,0.0,0.0
2024-01-20T22:00,3600,0.0,0.0,0.0,0.0,0.0,0.0,0.0,0.0,0.0
2024-01-20T23:00,3600,0.0,0.0,0.0,0.0,0.0,0.0,0.0,0.0,0.0
2024-01-21T00:00,3600,0.0,0.0,0.0,0.0,0.0,0.0,0.0,0.0,0.0
2024-01-21T01:00,3600,0.0,0.0,0.0,0.0,0.0,0.0,0.0,0.0,0.0
2024-01-21T02:00,3600,0.0,0.0,0.0,0.0,0.0,0.0,0.0,0.0,0.0
2024-01-21T03:00,3600,0.0,0.0,0.0,0.0,0.0,0.0,0.0,0.0,0.0
2024-01-21T04:00,3600,0.0,0.0,0.0,0.0,0.0,0.0,0.0,0.0,0.0
2024-01-21T05:00,3600,0.0,0.0,0.0,0.0,0.0,0.0,0.0,0.0,0.0
2024-01-21T06:00,3600,0.0,0.0,0.0,0.0,0.0,0.0,0.0,0.0,0.0
2024-01-21T07:00,3600,0.0,0.06804665142,0.0,0.0,0.0,0.06804665142,92.0640479,68.04665142,44.17200199
2024-01-21T08:00,3600,0.0,0.33455974765000007,0.0,0.0,0.0,0.33455974765000007,412.32523738,334.55974765,200.40566203
2024-01-21T09:00,3600,0.0,0.7475103393299999,0.0,0.0,0.0,0.7475103393299999,912.38078943,747.51033933,452.93863018
2024-01-21T10:00,3600,0.0,1.03368113616,0.0,0.0,0.0,1.03368113616,1261.7021887,1033.68113616,642.29825246
2024-01-21T11:00,3600,0.0,1.26666298574,0.0,0.0,0.0,1.26666298574,1547.81913231,1266.66298574,799.42538677
2024-01-21T12:00,3600,0.0,1.2292421112699998,0.0,0.0,0.0,1.2292421112699998,1501.75849451,1229.24211127,775.80015606
2024-01-21T13:00,3600,0.0,1.16830486274,0.0,0.0,0.0,1.16830486274,1426.83856464,1168.30486274,738.75444937
2024-01-21T14:00,3600,0.0,1.07615606094,0.0,0.0,0.0,1.07615606094,1313.74809369,1076.15606094,677.30614107
2024-01-21T15:00,3600,0.0,0.64406340269,0.0,0.0,0.0,0.64406340269,786.67132476,644.06340269,396.70046898
2024-01-21T16:00,3600,0.0,0.5044049110000001,0.0,0.0,0.0,0.5044049110000001,617.42798496,504.404911,308.89663546
2024-01-21T17:00,3600,0.0,0.12522020364,0.0,0.0,0.0,0.12522020364,160.60700983,125.22020364,78.84821387
2024-01-21T18:00,3600,0.0,0.0,0.0,0.0,0.0,0.0,0.0,0.0,0.0
2024-01-21T19:00,3600,0.0,0.0,0.0,0.0,0.0,0.0,0.0,0.0,0.0
2024-01-21T20:00,3600,0.0,0.0,0.0,0.0,0.0,0.0,0.0,0.0,0.0
2024-01-21T21:00,3600,0.0,0.0,0.0,0.0,0.0,0.0,0.0,0.0,0.0
2024-01-21T22:00,3600,0.0,0.0,0.0,0.0,0.0,0.0,0.0,0.0,0.0
2024-01-21T23:00,3600,0.0,0.0,0.0,0.0,0.0,0.0,0.0,0.0,0.0
2024-01-22T00:00,3600,0.0,0.0,0.0,0.0,0.0,0.0,0.0,0.0,0.0
2024-01-22T01:00,3600,0.0,0.0,0.0,0.0,0.0,0.0,0.0,0.0,0.0
2024-01-22T02:00,3600,0.0,0.0,0.0,0.0,0.0,0.0,0.0,0.0,0.0
2024-01-22T03:00,3600,0.0,0.0,0.0,0.0,0.0,0.0,0.0,0.0,0.0
2024-01-22T04:00,3600,0.0,0.0,0.0,0.0,0.0,0.0,0.0,0.0,0.0
2024-01-22T05:00,3600,0.0,0.0,0.0,0.0,0.0,0.0,0.0,0.0,0.0
2024-01-22T06:00,3600,0.0,0.0,0.0,0.0,0.0,0.0,0.0,0.0,0.0
2024-01-22T07:00,3600,0.0,0.0030896164000000005,0.0,0.0,0.0,0.0030896164000000005,14.29563641,3.0896164,6.81283683
2024-01-22T08:00,3600,0.0,0.07699238569,0.0,0.0,0.0,0.07699238569,102.7829463,76.99238569,49.13016996
2024-01-22T09:00,3600,0.0,0.10770668990000001,0.0,0.0,0.0,0.10770668990000001,139.60150807,107.7066899,66.80593396
2024-01-22T10:00,3600,0.0,0.11966724737000001,0.0,0.0,0.0,0.11966724737000001,153.94597042,119.66724737,73.58334754
2024-01-22T11:00,3600,0.0,0.21378082778000002,0.0,0.0,0.0,0.21378082778000002,266.95160785,213.78082778,127.85735009
2024-01-22T12:00,3600,0.0,0.20543012528,0.0,0.0,0.0,0.20543012528,256.91498408,205.43012528,122.96171702
2024-01-22T13:00,3600,0.0,0.20428966027999998,0.0,0.0,0.0,0.20428966027999998,255.54441668,204.28966028,121.99344461
2024-01-22T14:00,3600,0.0,0.15579230975999997,0.0,0.0,0.0,0.15579230975999997,197.29453029,155.79230976,93.91558831
2024-01-22T15:00,3600,0.0,0.08216951649,0.0,0.0,0.0,0.08216951649,108.98722977,82.16951649,51.73006034
2024-01-22T16:00,3600,0.0,0.08367815311,0.0,0.0,0.0,0.08367815311,110.79531748,83.67815311,52.48529471
2024-01-22T17:00,3600,0.0,0.01169573589,0.0,0.0,0.0,0.01169573589,24.59267394,11.69573589,11.6184233
2024-01-22T18:00,3600,0.0,0.0,0.0,0.0,0.0,0.0,0.0,0.0,0.0
2024-01-22T19:00,3600,0.0,0.0,0.0,0.0,0.0,0.0,0.0,0.0,0.0
2024-01-22T20:00,3600,0.0,0.0,0.0,0.0,0.0,0.0,0.0,0.0,0.0
2024-01-22T21:00,3600,0.0,0.0,0.0,0.0,0.0,0.0,0.0,0.0,0.0
2024-01-22T22:00,3600,0.0,0.0,0.0,0.0,0.0,0.0,0.0,0.0,0.0
2024-01-22T23:00,3600,0.0,0.0,0.0,0.0,0.0,0.0,0.0,0.0,0.0
2024-01-23T00:00,3600,0.0,0.0,0.0,0.0,0.0,0.0,0.0,0.0,0.0
2024-01-23T01:00,3600,0.0,0.0,0.0,0.0,0.0,0.0,0.0,0.0,0.0
2024-01-23T02:00,3600,0.0,0.0,0.0,0.0,0.0,0.0,0.0,0.0,0.0
2024-01-23T03:00,3600,0.0,0.0,0.0,0.0,0.0,0.0,0.0,0.0,0.0
2024-01-23T04:00,3600,0.0,0.0,0.0,0.0,0.0,0.0,0.0,0.0,0.0
2024-01-23T05:00,3600,0.0,0.0,0.0,0.0,0.0,0.0,0.0,0.0,0.0
2024-01-23T06:00,3600,0.0,0.0,0.0,0.0,0.0,0.0,0.0,0.0,0.0
2024-01-23T07:00,3600,0.0,0.00678144251,0.0,0.0,0.0,0.00678144251,18.71258613,6.78144251,8.72120065
2024-01-23T08:00,3600,0.0,0.20337788853000002,0.0,0.0,0.0,0.20337788853000002,254.44870931,203.37788853,119.60040971
2024-01-23T09:00,3600,0.0,0.33626000221,0.0,0.0,0.0,0.33626000221,414.3745432,336.26000221,196.05152512
2024-01-23T10:00,3600,0.0,0.4944377705,0.0,0.0,0.0,0.4944377705,605.3699896,494.4377705,289.45804679
2024-01-23T11:00,3600,0.0,0.6503112020999999,0.0,0.0,0.0,0.6503112020999999,794.25524901,650.3112021,382.8009025
2024-01-23T12:00,3600,0.0,0.86216875518,0.0,0.0,0.0,0.86216875518,1052.06405432,862.16875518,512.84952419
2024-01-23T13:00,3600,0.0,0.7067502832,0.0,0.0,0.0,0.7067502832,862.81328939,706.7502832,419.497825
2024-01-23T14:00,3600,0.0,0.35119854992,0.0,0.0,0.0,0.35119854992,432.38325615,351.19854992,206.86838716
2024-01-23T15:00,3600,0.0,0.30741074934,0.0,0.0,0.0,0.30741074934,379.61335926,307.41074934,181.3957792
2024-01-23T16:00,3600,0.0,0.24729672933000002,0.0,0.0,0.0,0.24729672933000002,307.25294468,247.29672933,146.64933686
2024-01-23T17:00,3600,0.0,0.06782831803000001,0.0,0.0,0.0,0.06782831803000001,91.80246462,67.82831803,43.50379546
2024-01-23T18:00,3600,0.0,0.0,0.0,0.0,0.0,0.0,0.0,0.0,0.0
2024-01-23T19:00,3600,0.0,0.0,0.0,0.0,0.0,0.0,0.0,0.0,0.0
2024-01-23T20:00,3600,0.0,0.0,0.0,0.0,0.0,0.0,0.0,0.0,0.0
2024-01-23T21:00,3600,0.0,0.0,0.0,0.0,0.0,0.0,0.0,0.0,0.0
2024-01-23T22:00,3600,0.0,0.0,0.0,0.0,0.0,0.0,0.0,0.0,0.0
2024-01-23T23:00,3600,0.0,0.0,0.0,0.0,0.0,0.0,0.0,0.0,0.0
2024-01-24T00:00,3600,0.0,0.0,0.0,0.0,0.0,0.0,0.0,0.0,0.0
2024-01-24T01:00,3600,0.0,0.0,0.0,0.0,0.0,0.0,0.0,0.0,0.0
2024-01-24T02:00,3600,0.0,0.0,0.0,0.0,0.0,0.0,0.0,0.0,0.0
2024-01-24T03:00,3600,0.0,0.0,0.0,0.0,0.0,0.0,0.0,0.0,0.0
2024-01-24T04:00,3600,0.0,0.0,0.0,0.0,0.0,0.0,0.0,0.0,0.0
2024-01-24T05:00,3600,0.0,0.0,0.0,0.0,0.0,0.0,0.0,0.0,0.0
2024-01-24T06:00,3600,0.0,0.0,0.0,0.0,0.0,0.0,0.0,0.0,0.0
2024-01-24T07:00,3600,0.0,0.0033023143,0.0,0.0,0.0,0.0033023143,14.55010116,3.3023143,6.77814918
2024-01-24T08:00,3600,0.0,0.02584754211,0.0,0.0,0.0,0.02584754211,41.52928874,25.84754211,19.36403883
2024-01-24T09:00,3600,0.0,0.06219864587,0.0,0.0,0.0,0.06219864587,85.05804396,62.19864587,39.6962796
2024-01-24T10:00,3600,0.0,0.12843169767,0.0,0.0,0.0,0.12843169767,164.45972912,128.43169767,77.45615531
2024-01-24T11:00,3600,0.0,0.16757718149,0.0,0.0,0.0,0.16757718149,211.44345638,167.57718149,99.72479996
2024-01-24T12:00,3600,0.0,0.17157560518,0.0,0.0,0.0,0.17157560518,216.24481452,171.57560518,102.01896352
2024-01-24T13:00,3600,0.0,0.23554506598,0.0,0.0,0.0,0.23554506598,293.11865703,235.54506598,139.13532866
2024-01-24T14:00,3600,0.0,0.32739078657,0.0,0.0,0.0,0.32739078657,403.68539862,327.39078657,192.43462954
2024-01-24T15:00,3600,0.0,0.16263129875000001,0.0,0.0,0.0,0.16263129875000001,205.50497155,162.63129875,97.24250225
2024-01-24T16:00,3600,0.0,0.14317280869000001,0.0,0.0,0.0,0.14317280869000001,182.14768115,143.17280869,86.16997278
2024-01-24T17:00,3600,0.0,0.06232026619,0.0,0.0,0.0,0.06232026619,85.20373776,62.32026619,40.20394401
2024-01-24T18:00,3600,0.0,0.0,0.0,0.0,0.0,0.0,0.0,0.0,0.0
2024-01-24T19:00,3600,0.0,0.0,0.0,0.0,0.0,0.0,0.0,0.0,0.0
2024-01-24T20:00,3600,0.0,0.0,0.0,0.0,0.0,0.0,0.0,0.0,0.0
2024-01-24T21:00,3600,0.0,0.0,0.0,0.0,0.0,0.0,0.0,0.0,0.0
2024-01-24T22:00,3600,0.0,0.0,0.0,0.0,0.0,0.0,0.0,0.0,0.0
2024-01-24T23:00,3600,0.0,0.0,0.0,0.0,0.0,0.0,0.0,0.0,0.0
2024-01-25T00:00,3600,0.0,0.0,0.0,0.0,0.0,0.0,0.0,0.0,0.0
2024-01-25T01:00,3600,0.0,0.0,0.0,0.0,0.0,0.0,0.0,0.0,0.0
2024-01-25T02:00,3600,0.0,0.0,0.0,0.0,0.0,0.0,0.0,0.0,0.0
2024-01-25T03:00,3600,0.0,0.0,0.0,0.0,0.0,0.0,0.0,0.0,0.0
2024-01-25T04:00,3600,0.0,0.0,0.0,0.0,0.0,0.0,0.0,0.0,0.0
2024-01-25T05:00,3600,0.0,0.0,0.0,0.0,0.0,0.0,0.0,0.0,0.0
2024-01-25T06:00,3600,0.0,0.0,0.0,0.0,0.0,0.0,0.0,0.0,0.0
2024-01-25T07:00,3600,0.0,0.008325012190000002,0.0,0.0,0.0,0.008325012190000002,20.55944075,8.32501219,9.65593123
2024-01-25T08:00,3600,0.0,0.06835471307,0.0,0.0,0.0,0.06835471307,92.43313598,68.35471307,43.53064832
2024-01-25T09:00,3600,0.0,0.15173733256,0.0,0.0,0.0,0.15173733256,192.4269838,151.73733256,90.95847061
2024-01-25T10:00,3600,0.0,0.2266036405,0.0,0.0,0.0,0.2266036405,282.36687383,226.6036405,134.79641834
2024-01-25T11:00,3600,0.0,0.32232394826,0.0,0.0,0.0,0.32232394826,397.57982343,322.32394826,190.75624108
2024-01-25T12:00,3600,0.0,0.42177153836,0.0,0.0,0.0,0.42177153836,517.54255846,421.77153836,249.64303104
2024-01-25T13:00,3600,0.0,0.60112117716,0.0,0.0,0.0,0.60112117716,734.57496027,601.12117716,360.79258636
2024-01-25T14:00,3600,0.0,1.00534521863,0.0,0.0,0.0,1.00534521863,1227.00987725,1005.34521863,617.75428247
2024-01-25T15:00,3600,0.0,0.77108821455,0.0,0.0,0.0,0.77108821455,941.07456663,771.08821455,467.91289824
2024-01-25T16:00,3600,0.0,0.52734417825,0.0,0.0,0.0,0.52734417825,645.18970878,527.34417825,317.00332654
2024-01-25T17:00,3600,0.0,0.16315282666999997,0.0,0.0,0.0,0.16315282666999997,206.13113528,163.15282667,99.37834729
2024-01-25T18:00,3600,0.0,0.0,0.0,0.0,0.0,0.0,0.0,0.0,0.0
2024-01-25T19:00,3600,0.0,0.0,0.0,0.0,0.0,0.0,0.0,0.0,0.0
2024-01-25T20:00,3600,0.0,0.0,0.0,0.0,0.0,0.0,0.0,0.0,0.0
2024-01-25T21:00,3600,0.0,0.0,0.0,0.0,0.0,0.0,0.0,0.0,0.0
2024-01-25T22:00,3600,0.0,0.0,0.0,0.0,0.0,0.0,0.0,0.0,0.0
2024-01-25T23:00,3600,0.0,0.0,0.0,0.0,0.0,0.0,0.0,0.0,0.0
2024-01-26T00:00,3600,0.0,0.0,0.0,0.0,0.0,0.0,0.0,0.0,0.0
2024-01-26T01:00,3600,0.0,0.0,0.0,0.0,0.0,0.0,0.0,0.0,0.0
2024-01-26T02:00,3600,0.0,0.0,0.0,0.0,0.0,0.0,0.0,0.0,0.0
2024-01-26T03:00,3600,0.0,0.0,0.0,0.0,0.0,0.0,0.0,0.0,0.0
2024-01-26T04:00,3600,0.0,0.0,0.0,0.0,0.0,0.0,0.0,0.0,0.0
2024-01-26T05:00,3600,0.0,0.0,0.0,0.0,0.0,0.0,0.0,0.0,0.0
2024-01-26T06:00,3600,0.0,0.0,0.0,0.0,0.0,0.0,0.0,0.0,0.0
2024-01-26T07:00,3600,0.0,0.00816722754,0.0,0.0,0.0,0.00816722754,20.37065121,8.16722754,9.68201941
2024-01-26T08:00,3600,0.0,0.09777964767000001,0.0,0.0,0.0,0.09777964767000001,127.69877586,97.77964767,60.91061022
2024-01-26T09:00,3600,0.0,0.26858423622,0.0,0.0,0.0,0.26858423622,332.86594795,268.58423622,160.15389987
2024-01-26T10:00,3600,0.0,0.40969872699,0.0,0.0,0.0,0.40969872699,502.96485578,409.69872699,244.67701437
2024-01-26T11:00,3600,0.0,0.42257020201,0.0,0.0,0.0,0.42257020201,518.5070709,422.57020201,252.51335031
2024-01-26T12:00,3600,0.0,0.41020788332,0.0,0.0,0.0,0.41020788332,503.57957248,410.20788332,245.1161922
2024-01-26T13:00,3600,0.0,0.33000866946000007,0.0,0.0,0.0,0.33000866946000007,406.84023874,330.00866946,197.84520095
2024-01-26T14:00,3600,0.0,0.21131092105,0.0,0.0,0.0,0.21131092105,263.98285658,211.31092105,127.59277441
2024-01-26T15:00,3600,0.0,0.21367008259999998,0.0,0.0,0.0,0.21367008259999998,266.81849206,213.6700826,129.05115857
2024-01-26T16:00,3600,0.0,0.11707465575,0.0,0.0,0.0,0.11707465575,150.83631425,117.07465575,72.38320675
2024-01-26T17:00,3600,0.0,0.04036006088,0.0,0.0,0.0,0.04036006088,58.90313274,40.36006088,28.15210981
2024-01-26T18:00,3600,0.0,0.0,0.0,0.0,0.0,0.0,0.0,0.0,0.0
2024-01-26T19:00,3600,0.0,0.0,0.0,0.0,0.0,0.0,0.0,0.0,0.0
2024-01-26T20:00,3600,0.0,0.0,0.0,0.0,0.0,0.0,0.0,0.0,0.0
2024-01-26T21:00,3600,0.0,0.0,0.0,0.0,0.0,0.0,0.0,0.0,0.0
2024-01-26T22:00,3600,0.0,0.0,0.0,0.0,0.0,0.0,0.0,0.0,0.0
2024-01-26T23:00,3600,0.0,0.0,0.0,0.0,0.0,0.0,0.0,0.0,0.0
2024-01-27T00:00,3600,0.0,0.0,0.0,0.0,0.0,0.0,0.0,0.0,0.0
2024-01-27T01:00,3600,0.0,0.0,0.0,0.0,0.0,0.0,0.0,0.0,0.0
2024-01-27T02:00,3600,0.0,0.0,0.0,0.0,0.0,0.0,0.0,0.0,0.0
2024-01-27T03:00,3600,0.0,0.0,0.0,0.0,0.0,0.0,0.0,0.0,0.0
2024-01-27T04:00,3600,0.0,0.0,0.0,0.0,0.0,0.0,0.0,0.0,0.0
2024-01-27T05:00,3600,0.0,0.0,0.0,0.0,0.0,0.0,0.0,0.0,0.0
2024-01-27T06:00,3600,0.0,0.0,0.0,0.0,0.0,0.0,0.0,0.0,0.0
2024-01-27T07:00,3600,0.0,0.00137695189,0.0,0.0,0.0,0.00137695189,12.24670485,1.37695189,5.80921165
2024-01-27T08:00,3600,0.0,0.04050750591,0.0,0.0,0.0,0.04050750591,59.0796772,40.50750591,28.0778563
2024-01-27T09:00,3600,0.0,0.08455951147,0.0,0.0,0.0,0.08455951147,111.85164586,84.55951147,53.25110678
2024-01-27T10:00,3600,0.0,0.11458196354,0.0,0.0,0.0,0.11458196354,147.84665107,114.58196354,70.67874172
2024-01-27T11:00,3600,0.0,0.14693517119,0.0,0.0,0.0,0.14693517119,186.66309703,146.93517119,89.39041694
2024-01-27T12:00,3600,0.0,0.18397617093,0.0,0.0,0.0,0.18397617093,231.13830487,183.97617093,110.96869812
2024-01-27T13:00,3600,0.0,0.15266874185,0.0,0.0,0.0,0.15266874185,193.54499741,152.66874185,92.88306133
2024-01-27T14:00,3600,0.0,0.06561007265,0.0,0.0,0.0,0.06561007265,89.14487678,65.61007265,42.60088542
2024-01-27T15:00,3600,0.0,0.036944947310000004,0.0,0.0,0.0,0.036944947310000004,54.81418209,36.94494731,26.14145242
2024-01-27T16:00,3600,0.0,0.018358742509999998,0.0,0.0,0.0,0.018358742509999998,32.56617099,18.35874251,15.49123106
2024-01-27T17:00,3600,0.0,0.0,0.0,0.0,0.0,0.0,10.20988284,0.0,4.84100971
2024-01-27T18:00,3600,0.0,0.0,0.0,0.0,0.0,0.0,0.0,0.0,0.0
2024-01-27T19:00,3600,0.0,0.0,0.0,0.0,0.0,0.0,0.0,0.0,0.0
2024-01-27T20:00,3600,0.0,0.0,0.0,0.0,0.0,0.0,0.0,0.0,0.0
2024-01-27T21:00,3600,0.0,0.0,0.0,0.0,0.0,0.0,0.0,0.0,0.0
2024-01-27T22:00,3600,0.0,0.0,0.0,0.0,0.0,0.0,0.0,0.0,0.0
2024-01-27T23:00,3600,0.0,0.0,0.0,0.0,0.0,0.0,0.0,0.0,0.0
2024-01-28T00:00,3600,0.0,0.0,0.0,0.0,0.0,0.0,0.0,0.0,0.0
2024-01-28T01:00,3600,0.0,0.0,0.0,0.0,0.0,0.0,0.0,0.0,0.0
2024-01-28T02:00,3600,0.0,0.0,0.0,0.0,0.0,0.0,0.0,0.0,0.0
2024-01-28T03:00,3600,0.0,0.0,0.0,0.0,0.0,0.0,0.0,0.0,0.0
2024-01-28T04:00,3600,0.0,0.0,0.0,0.0,0.0,0.0,0.0,0.0,0.0
2024-01-28T05:00,3600,0.0,0.0,0.0,0.0,0.0,0.0,0.0,0.0,0.0
2024-01-28T06:00,3600,0.0,0.0,0.0,0.0,0.0,0.0,0.0,0.0,0.0
2024-01-28T07:00,3600,0.0,0.0,0.0,0.0,0.0,0.0,6.15336362,0.0,2.90460582
2024-01-28T08:00,3600,0.0,0.02820911106,0.0,0.0,0.0,0.02820911106,44.35608868,28.20911106,20.94805225
2024-01-28T09:00,3600,0.0,0.06463267388,0.0,0.0,0.0,0.06463267388,87.97393749,64.63267388,41.63268348
2024-01-28T10:00,3600,0.0,0.16088879694,0.0,0.0,0.0,0.16088879694,203.41291903,160.88879694,97.06608183
2024-01-28T11:00,3600,0.0,0.20658369570000001,0.0,0.0,0.0,0.20658369570000001,258.30133671,206.5836957,123.61166502
2024-01-28T12:00,3600,0.0,0.23008376333000002,0.0,0.0,0.0,0.23008376333000002,286.5513558,230.08376333,137.33508128
2024-01-28T13:00,3600,0.0,0.31737486643,0.0,0.0,0.0,0.31737486643,391.61681847,317.37486643,189.13437298
2024-01-28T14:00,3600,0.0,0.37053895025,0.0,0.0,0.0,0.37053895025,455.70750633,370.53895025,220.97997666
2024-01-28T15:00,3600,0.0,0.33856046154,0.0,0.0,0.0,0.33856046154,417.147397,338.56046154,202.10386167
2024-01-28T16:00,3600,0.0,0.22679238969999999,0.0,0.0,0.0,0.22679238969999999,282.59381653,226.7923897,136.43595766
2024-01-28T17:00,3600,0.0,0.07584141552,0.0,0.0,0.0,0.07584141552,101.40371869,75.84141552,48.58312564
2024-01-28T18:00,3600,0.0,0.0,0.0,0.0,0.0,0.0,0.0,0.0,0.0
2024-01-28T19:00,3600,0.0,0.0,0.0,0.0,0.0,0.0,0.0,0.0,0.0
2024-01-28T20:00,3600,0.0,0.0,0.0,0.0,0.0,0.0,0.0,0.0,0.0
2024-01-28T21:00,3600,0.0,0.0,0.0,0.0,0.0,0.0,0.0,0.0,0.0
2024-01-28T22:00,3600,0.0,0.0,0.0,0.0,0.0,0.0,0.0,0.0,0.0
2024-01-28T23:00,3600,0.0,0.0,0.0,0.0,0.0,0.0,0.0,0.0,0.0
2024-01-29T00:00,3600,0.0,0.0,0.0,0.0,0.0,0.0,0.0,0.0,0.0
2024-01-29T01:00,3600,0.0,0.0,0.0,0.0,0.0,0.0,0.0,0.0,0.0
2024-01-29T02:00,3600,0.0,0.0,0.0,0.0,0.0,0.0,0.0,0.0,0.0
2024-01-29T03:00,3600,0.0,0.0,0.0,0.0,0.0,0.0,0.0,0.0,0.0
2024-01-29T04:00,3600,0.0,0.0,0.0,0.0,0.0,0.0,0.0,0.0,0.0
2024-01-29T05:00,3600,0.0,0.0,0.0,0.0,0.0,0.0,0.0,0.0,0.0
2024-01-29T06:00,3600,0.0,0.0,0.0,0.0,0.0,0.0,0.0,0.0,0.0
2024-01-29T07:00,3600,0.0,0.02333683685,0.0,0.0,0.0,0.02333683685,38.52413527,23.33683685,18.30947127
2024-01-29T08:00,3600,0.0,0.16802460987,0.0,0.0,0.0,0.16802460987,211.98071274,168.02460987,101.6532758
2024-01-29T09:00,3600,0.0,0.24566683025,0.0,0.0,0.0,0.24566683025,305.29236436,245.66683025,147.18437775
2024-01-29T10:00,3600,0.0,0.38731714434000003,0.0,0.0,0.0,0.38731714434000003,475.95002396,387.31714434,232.7921065
2024-01-29T11:00,3600,0.0,0.38614396449,0.0,0.0,0.0,0.38614396449,474.5343591,386.14396449,232.26662608
2024-01-29T12:00,3600,0.0,0.32657084379,0.0,0.0,0.0,0.32657084379,402.69731463,326.57084379,196.37880845
2024-01-29T13:00,3600,0.0,0.23144571031,0.0,0.0,0.0,0.23144571031,288.18904286,231.44571031,140.3892815
2024-01-29T14:00,3600,0.0,0.34743659073,0.0,0.0,0.0,0.34743659073,427.8475688,347.43659073,209.660975
2024-01-29T15:00,3600,0.0,0.22313001953,0.0,0.0,0.0,0.22313001953,278.19053543,223.13001953,135.5044202
2024-01-29T16:00,3600,0.0,0.09089460573,0.0,0.0,0.0,0.09089460573,119.44501363,90.89460573,57.7070824
2024-01-29T17:00,3600,0.0,0.026423243759999996,0.0,0.0,0.0,0.026423243759999996,42.2183904,26.42324376,20.33224077
2024-01-29T18:00,3600,0.0,0.0,0.0,0.0,0.0,0.0,0.0,0.0,0.0
2024-01-29T19:00,3600,0.0,0.0,0.0,0.0,0.0,0.0,0.0,0.0,0.0
2024-01-29T20:00,3600,0.0,0.0,0.0,0.0,0.0,0.0,0.0,0.0,0.0
2024-01-29T21:00,3600,0.0,0.0,0.0,0.0,0.0,0.0,0.0,0.0,0.0
2024-01-29T22:00,3600,0.0,0.0,0.0,0.0,0.0,0.0,0.0,0.0,0.0
2024-01-29T23:00,3600,0.0,0.0,0.0,0.0,0.0,0.0,0.0,0.0,0.0
2024-01-30T00:00,3600,0.0,0.0,0.0,0.0,0.0,0.0,0.0,0.0,0.0
2024-01-30T01:00,3600,0.0,0.0,0.0,0.0,0.0,0.0,0.0,0.0,0.0
2024-01-30T02:00,3600,0.0,0.0,0.0,0.0,0.0,0.0,0.0,0.0,0.0
2024-01-30T03:00,3600,0.0,0.0,0.0,0.0,0.0,0.0,0.0,0.0,0.0
2024-01-30T04:00,3600,0.0,0.0,0.0,0.0,0.0,0.0,0.0,0.0,0.0
2024-01-30T05:00,3600,0.0,0.0,0.0,0.0,0.0,0.0,0.0,0.0,0.0
2024-01-30T06:00,3600,0.0,0.0,0.0,0.0,0.0,0.0,0.0,0.0,0.0
2024-01-30T07:00,3600,0.0,0.0044354198,0.0,0.0,0.0,0.0044354198,15.90573149,4.4354198,7.63530789
2024-01-30T08:00,3600,0.0,0.08116244217000002,0.0,0.0,0.0,0.08116244217000002,107.78029388,81.16244217,51.97387933
2024-01-30T09:00,3600,0.0,0.12545174323,0.0,0.0,0.0,0.12545174323,160.88477069,125.45174323,77.83810264
2024-01-30T10:00,3600,0.0,0.263871807,0.0,0.0,0.0,0.263871807,327.19492503,263.871807,160.5367105
2024-01-30T11:00,3600,0.0,0.47964462849000006,0.0,0.0,0.0,0.47964462849000006,587.47864886,479.64462849,292.46618457
2024-01-30T12:00,3600,0.0,0.49712504089000004,0.0,0.0,0.0,0.49712504089000004,608.62071285,497.12504089,303.87162913
2024-01-30T13:00,3600,0.0,0.66882636956,0.0,0.0,0.0,0.66882636956,816.73634833,668.82636956,416.77348111
2024-01-30T14:00,3600,0.0,0.52021800497,0.0,0.0,0.0,0.52021800497,636.56387051,520.21800497,322.13802135
2024-01-30T15:00,3600,0.0,0.30483265338,0.0,0.0,0.0,0.30483265338,376.50804647,304.83265338,188.16933732
2024-01-30T16:00,3600,0.0,0.18846557868,0.0,0.0,0.0,0.18846557868,236.53125182,188.46557868,117.51356272
2024-01-30T17:00,3600,0.0,0.05830758414,0.0,0.0,0.0,0.05830758414,80.39699542,58.30758414,39.63747255
2024-01-30T18:00,3600,0.0,0.0,0.0,0.0,0.0,0.0,0.0,0.0,0.0
2024-01-30T19:00,3600,0.0,0.0,0.0,0.0,0.0,0.0,0.0,0.0,0.0
2024-01-30T20:00,3600,0.0,0.0,0.0,0.0,0.0,0.0,0.0,0.0,0.0
2024-01-30T21:00,3600,0.0,0.0,0.0,0.0,0.0,0.0,0.0,0.0,0.0
2024-01-30T22:00,3600,0.0,0.0,0.0,0.0,0.0,0.0,0.0,0.0,0.0
2024-01-30T23:00,3600,0.0,0.0,0.0,0.0,0.0,0.0,0.0,0.0,0.0
2024-01-31T00:00,3600,0.0,0.0,0.0,0.0,0.0,0.0,0.0,0.0,0.0
2024-01-31T01:00,3600,0.0,0.0,0.0,0.0,0.0,0.0,0.0,0.0,0.0
2024-01-31T02:00,3600,0.0,0.0,0.0,0.0,0.0,0.0,0.0,0.0,0.0
2024-01-31T03:00,3600,0.0,0.0,0.0,0.0,0.0,0.0,0.0,0.0,0.0
2024-01-31T04:00,3600,0.0,0.0,0.0,0.0,0.0,0.0,0.0,0.0,0.0
2024-01-31T05:00,3600,0.0,0.0,0.0,0.0,0.0,0.0,0.0,0.0,0.0
2024-01-31T06:00,3600,0.0,0.0,0.0,0.0,0.0,0.0,0.0,0.0,0.0
2024-01-31T07:00,3600,0.0,0.009448227810000001,0.0,0.0,0.0,0.009448227810000001,21.90338876,9.44822781,10.65022136
2024-01-31T08:00,3600,0.0,0.10681779238999999,0.0,0.0,0.0,0.10681779238999999,138.53559381,106.81779239,67.81990995
2024-01-31T09:00,3600,0.0,0.20037789047000001,0.0,0.0,0.0,0.20037789047000001,250.84366682,200.37789047,123.61414039
2024-01-31T10:00,3600,0.0,0.32985722154999997,0.0,0.0,0.0,0.32985722154999997,406.65772209,329.85722155,203.98471604
2024-01-31T11:00,3600,0.0,0.26032316043,0.0,0.0,0.0,0.26032316043,322.92481566,260.32316043,161.15902692
2024-01-31T12:00,3600,0.0,0.26966860512999996,0.0,0.0,0.0,0.26966860512999996,334.1709822,269.66860513,166.71929061
2024-01-31T13:00,3600,0.0,0.30427640896,0.0,0.0,0.0,0.30427640896,375.83807453,304.27640896,189.3847806
2024-01-31T14:00,3600,0.0,0.24974059924,0.0,0.0,0.0,0.24974059924,310.19277235,249.74059924,155.95088284
2024-01-31T15:00,3600,0.0,0.1670815255,0.0,0.0,0.0,0.1670815255,210.84829627,167.0815255,105.62797398
2024-01-31T16:00,3600,0.0,0.09324788470999999,0.0,0.0,0.0,0.09324788470999999,122.26597302,93.24788471,61.13065444
2024-01-31T17:00,3600,0.0,0.025245695170000002,0.0,0.0,0.0,0.025245695170000002,40.80890119,25.24569517,20.33224077
2024-01-31T18:00,3600,0.0,0.0,0.0,0.0,0.0,0.0,0.0,0.0,0.0
2024-01-31T19:00,3600,0.0,0.0,0.0,0.0,0.0,0.0,0.0,0.0,0.0
2024-01-31T20:00,3600,0.0,0.0,0.0,0.0,0.0,0.0,0.0,0.0,0.0
2024-01-31T21:00,3600,0.0,0.0,0.0,0.0,0.0,0.0,0.0,0.0,0.0
2024-01-31T22:00,3600,0.0,0.0,0.0,0.0,0.0,0.0,0.0,0.0,0.0
2024-01-31T23:00,3600,0.0,0.0,0.0,0.0,0.0,0.0,0.0,0.0,0.0
2024-02-01T00:00,3600,0.0,0.0,0.0,0.0,0.0,0.0,0.0,0.0,0.0
2024-02-01T01:00,3600,0.0,0.0,0.0,0.0,0.0,0.0,0.0,0.0,0.0
2024-02-01T02:00,3600,0.0,0.0,0.0,0.0,0.0,0.0,0.0,0.0,0.0
2024-02-01T03:00,3600,0.0,0.0,0.0,0.0,0.0,0.0,0.0,0.0,0.0
2024-02-01T04:00,3600,0.0,0.0,0.0,0.0,0.0,0.0,0.0,0.0,0.0
2024-02-01T05:00,3600,0.0,0.0,0.0,0.0,0.0,0.0,0.0,0.0,0.0
2024-02-01T06:00,3600,0.0,0.0,0.0,0.0,0.0,0.0,0.0,0.0,0.0
2024-02-01T07:00,3600,0.0,0.00762147171,0.0,0.0,0.0,0.00762147171,19.71765879,7.62147171,9.68201941
2024-02-01T08:00,3600,0.0,0.06498077535,0.0,0.0,0.0,0.06498077535,88.39096567,64.98077535,43.56908736
2024-02-01T09:00,3600,0.0,0.1781419334,0.0,0.0,0.0,0.1781419334,224.13067732,178.1419334,111.22545927
2024-02-01T10:00,3600,0.0,0.2614809745,0.0,0.0,0.0,0.2614809745,324.31798339,261.4809745,163.58911052
2024-02-01T11:00,3600,0.0,0.54816465545,0.0,0.0,0.0,0.54816465545,670.39975501,548.16465545,343.839829
2024-02-01T12:00,3600,0.0,0.58644392319,0.0,0.0,0.0,0.58644392319,716.78061304,586.44392319,368.873554
2024-02-01T13:00,3600,0.0,0.79713229919,0.0,0.0,0.0,0.79713229919,972.78775755,797.13229919,511.32022226
2024-02-01T14:00,3600,0.0,0.6434410945200001,0.0,0.0,0.0,0.6434410945200001,785.91599203,643.44109452,409.16314304
2024-02-01T15:00,3600,0.0,0.53447572412,0.0,0.0,0.0,0.53447572412,653.82344976,534.47572412,338.26555243
2024-02-01T16:00,3600,0.0,0.28923562073,0.0,0.0,0.0,0.28923562073,357.72528581,289.23562073,182.13385347
2024-02-01T17:00,3600,0.0,0.12136406297,0.0,0.0,0.0,0.12136406297,155.9812951,121.36406297,78.66454012
2024-02-01T18:00,3600,0.0,0.0,0.0,0.0,0.0,0.0,1.94841782,0.0,0.96820194
2024-02-01T19:00,3600,0.0,0.0,0.0,0.0,0.0,0.0,0.0,0.0,0.0
2024-02-01T20:00,3600,0.0,0.0,0.0,0.0,0.0,0.0,0.0,0.0,0.0
2024-02-01T21:00,3600,0.0,0.0,0.0,0.0,0.0,0.0,0.0,0.0,0.0
2024-02-01T22:00,3600,0.0,0.0,0.0,0.0,0.0,0.0,0.0,0.0,0.0
2024-02-01T23:00,3600,0.0,0.0,0.0,0.0,0.0,0.0,0.0,0.0,0.0
2024-02-02T00:00,3600,0.0,0.0,0.0,0.0,0.0,0.0,0.0,0.0,0.0
2024-02-02T01:00,3600,0.0,0.0,0.0,0.0,0.0,0.0,0.0,0.0,0.0
2024-02-02T02:00,3600,0.0,0.0,0.0,0.0,0.0,0.0,0.0,0.0,0.0
2024-02-02T03:00,3600,0.0,0.0,0.0,0.0,0.0,0.0,0.0,0.0,0.0
2024-02-02T04:00,3600,0.0,0.0,0.0,0.0,0.0,0.0,0.0,0.0,0.0
2024-02-02T05:00,3600,0.0,0.0,0.0,0.0,0.0,0.0,0.0,0.0,0.0
2024-02-02T06:00,3600,0.0,0.0,0.0,0.0,0.0,0.0,0.0,0.0,0.0
2024-02-02T07:00,3600,0.0,0.01719586172,0.0,0.0,0.0,0.01719586172,31.17448796,17.19586172,15.33268568
2024-02-02T08:00,3600,0.0,0.13160754151,0.0,0.0,0.0,0.13160754151,168.26995188,131.60754151,83.36298618
2024-02-02T09:00,3600,0.0,0.34280571522,0.0,0.0,0.0,0.34280571522,422.26478217,342.80571522,212.26576673
2024-02-02T10:00,3600,0.0,0.5157056303900001,0.0,0.0,0.0,0.5157056303900001,631.10261342,515.70563039,324.32591168
2024-02-02T11:00,3600,0.0,0.8770159127399999,0.0,0.0,0.0,0.8770159127399999,1070.17870722,877.01591274,564.55181941
2024-02-02T12:00,3600,0.0,0.8994857556,0.0,0.0,0.0,0.8994857556,1097.60543561,899.4857556,579.88259483
2024-02-02T13:00,3600,0.0,0.89536215193,0.0,0.0,0.0,0.89536215193,1092.57109034,895.36215193,580.00692413
2024-02-02T14:00,3600,0.0,0.7365154056500001,0.0,0.0,0.0,0.7365154056500001,899.00549999,736.51540565,472.7583503
2024-02-02T15:00,3600,0.0,0.61922885493,0.0,0.0,0.0,0.61922885493,756.53648322,619.22885493,394.50433157
2024-02-02T16:00,3600,0.0,0.42567530504,0.0,0.0,0.0,0.42567530504,522.25713868,425.67530504,268.79333378
2024-02-02T17:00,3600,0.0,0.18344694380999998,0.0,0.0,0.0,0.18344694380999998,230.50260109,183.44694381,117.01672844
2024-02-02T18:00,3600,0.0,0.0,0.0,0.0,0.0,0.0,1.943684,0.0,0.96820194
2024-02-02T19:00,3600,0.0,0.0,0.0,0.0,0.0,0.0,0.0,0.0,0.0
2024-02-02T20:00,3600,0.0,0.0,0.0,0.0,0.0,0.0,0.0,0.0,0.0
2024-02-02T21:00,3600,0.0,0.0,0.0,0.0,0.0,0.0,0.0,0.0,0.0
2024-02-02T22:00,3600,0.0,0.0,0.0,0.0,0.0,0.0,0.0,0.0,0.0
2024-02-02T23:00,3600,0.0,0.0,0.0,0.0,0.0,0.0,0.0,0.0,0.0
2024-02-03T00:00,3600,0.0,0.0,0.0,0.0,0.0,0.0,0.0,0.0,0.0
2024-02-03T01:00,3600,0.0,0.0,0.0,0.0,0.0,0.0,0.0,0.0,0.0
2024-02-03T02:00,3600,0.0,0.0,0.0,0.0,0.0,0.0,0.0,0.0,0.0
2024-02-03T03:00,3600,0.0,0.0,0.0,0.0,0.0,0.0,0.0,0.0,0.0
2024-02-03T04:00,3600,0.0,0.0,0.0,0.0,0.0,0.0,0.0,0.0,0.0
2024-02-03T05:00,3600,0.0,0.0,0.0,0.0,0.0,0.0,0.0,0.0,0.0
2024-02-03T06:00,3600,0.0,0.0,0.0,0.0,0.0,0.0,0.0,0.0,0.0
2024-02-03T07:00,3600,0.0,0.01221023329,0.0,0.0,0.0,0.01221023329,25.20832144,12.21023329,12.40622363
2024-02-03T08:00,3600,0.0,0.12985072635,0.0,0.0,0.0,0.12985072635,166.16217721,129.85072635,82.32830664
2024-02-03T09:00,3600,0.0,0.31090274179,0.0,0.0,0.0,0.31090274179,383.81974644,310.90274179,192.31819749
2024-02-03T10:00,3600,0.0,0.57748293496,0.0,0.0,0.0,0.57748293496,705.91945561,577.48293496,361.73570762
2024-02-03T11:00,3600,0.0,0.77791484992,0.0,0.0,0.0,0.77791484992,949.3853419,777.91484992,493.3059309
2024-02-03T12:00,3600,0.0,0.58234282512,0.0,0.0,0.0,0.58234282512,711.8096056,582.34282512,365.97297307
2024-02-03T13:00,3600,0.0,0.42009422131,0.0,0.0,0.0,0.42009422131,515.51699007,420.09422131,263.98789668
2024-02-03T14:00,3600,0.0,0.7436469217600001,0.0,0.0,0.0,0.7436469217600001,907.68057375,743.64692176,473.69370744
2024-02-03T15:00,3600,0.0,0.45382539422,0.0,0.0,0.0,0.45382539422,556.26635055,453.82539422,285.85662576
2024-02-03T16:00,3600,0.0,0.25973553531,0.0,0.0,0.0,0.25973553531,322.2177554,259.73553531,163.51287689
2024-02-03T17:00,3600,0.0,0.07404767959,0.0,0.0,0.0,0.07404767959,99.25432421,74.04767959,49.79270555
2024-02-03T18:00,3600,0.0,0.0,0.0,0.0,0.0,0.0,1.94910658,0.0,0.96820194
2024-02-03T19:00,3600,0.0,0.0,0.0,0.0,0.0,0.0,0.0,0.0,0.0
2024-02-03T20:00,3600,0.0,0.0,0.0,0.0,0.0,0.0,0.0,0.0,0.0
2024-02-03T21:00,3600,0.0,0.0,0.0,0.0,0.0,0.0,0.0,0.0,0.0
2024-02-03T22:00,3600,0.0,0.0,0.0,0.0,0.0,0.0,0.0,0.0,0.0
2024-02-03T23:00,3600,0.0,0.0,0.0,0.0,0.0,0.0,0.0,0.0,0.0
2024-02-04T00:00,3600,0.0,0.0,0.0,0.0,0.0,0.0,0.0,0.0,0.0
2024-02-04T01:00,3600,0.0,0.0,0.0,0.0,0.0,0.0,0.0,0.0,0.0
2024-02-04T02:00,3600,0.0,0.0,0.0,0.0,0.0,0.0,0.0,0.0,0.0
2024-02-04T03:00,3600,0.0,0.0,0.0,0.0,0.0,0.0,0.0,0.0,0.0
2024-02-04T04:00,3600,0.0,0.0,0.0,0.0,0.0,0.0,0.0,0.0,0.0
2024-02-04T05:00,3600,0.0,0.0,0.0,0.0,0.0,0.0,0.0,0.0,0.0
2024-02-04T06:00,3600,0.0,0.0,0.0,0.0,0.0,0.0,0.0,0.0,0.0
2024-02-04T07:00,3600,0.0,0.01655141141,0.0,0.0,0.0,0.01655141141,30.40325452,16.55141141,14.92654329
2024-02-04T08:00,3600,0.0,0.08657488917999999,0.0,0.0,0.0,0.08657488917999999,114.26720065,86.57488918,56.32328104
2024-02-04T09:00,3600,0.0,0.1471321769,0.0,0.0,0.0,0.1471321769,186.89954476,147.1321769,92.50943179
2024-02-04T10:00,3600,0.0,0.21471248567999998,0.0,0.0,0.0,0.21471248567999998,268.07147444,214.71248568,133.65039624
2024-02-04T11:00,3600,0.0,0.31823061432,0.0,0.0,0.0,0.31823061432,392.64783671,318.23061432,197.43628468
2024-02-04T12:00,3600,0.0,0.3997198212,0.0,0.0,0.0,0.3997198212,490.9185112,399.7198212,248.82281312
2024-02-04T13:00,3600,0.0,0.46515464810999996,0.0,0.0,0.0,0.46515464810999996,569.95978363,465.15464811,289.80559419
2024-02-04T14:00,3600,0.0,0.36665843991,0.0,0.0,0.0,0.36665843991,451.02684902,366.65843991,228.17663337
2024-02-04T15:00,3600,0.0,0.31352826718000004,0.0,0.0,0.0,0.31352826718000004,386.98262184,313.52826718,194.68527276
2024-02-04T16:00,3600,0.0,0.28732844143,0.0,0.0,0.0,0.28732844143,355.42901324,287.32844143,178.22548871
2024-02-04T17:00,3600,0.0,0.10791493339,0.0,0.0,0.0,0.10791493339,139.85122462,107.91493339,69.28582708
2024-02-04T18:00,3600,0.0,0.0,0.0,0.0,0.0,0.0,1.98029205,0.0,0.96820194
2024-02-04T19:00,3600,0.0,0.0,0.0,0.0,0.0,0.0,0.0,0.0,0.0
2024-02-04T20:00,3600,0.0,0.0,0.0,0.0,0.0,0.0,0.0,0.0,0.0
2024-02-04T21:00,3600,0.0,0.0,0.0,0.0,0.0,0.0,0.0,0.0,0.0
2024-02-04T22:00,3600,0.0,0.0,0.0,0.0,0.0,0.0,0.0,0.0,0.0
2024-02-04T23:00,3600,0.0,0.0,0.0,0.0,0.0,0.0,0.0,0.0,0.0
2024-02-05T00:00,3600,0.0,0.0,0.0,0.0,0.0,0.0,0.0,0.0,0.0
2024-02-05T01:00,3600,0.0,0.0,0.0,0.0,0.0,0.0,0.0,0.0,0.0
2024-02-05T02:00,3600,0.0,0.0,0.0,0.0,0.0,0.0,0.0,0.0,0.0
2024-02-05T03:00,3600,0.0,0.0,0.0,0.0,0.0,0.0,0.0,0.0,0.0
2024-02-05T04:00,3600,0.0,0.0,0.0,0.0,0.0,0.0,0.0,0.0,0.0
2024-02-05T05:00,3600,0.0,0.0,0.0,0.0,0.0,0.0,0.0,0.0,0.0
2024-02-05T06:00,3600,0.0,0.0,0.0,0.0,0.0,0.0,0.0,0.0,0.0
2024-02-05T07:00,3600,0.0,0.0029399425400000005,0.0,0.0,0.0,0.0029399425400000005,14.11657226,2.93994254,6.77741359
2024-02-05T08:00,3600,0.0,0.057633407,0.0,0.0,0.0,0.057633407,79.58944907,57.633407,38.29236524
2024-02-05T09:00,3600,0.0,0.15744644069000002,0.0,0.0,0.0,0.15744644069000002,199.28025617,157.44644069,96.3966483
2024-02-05T10:00,3600,0.0,0.20379056553000002,0.0,0.0,0.0,0.20379056553000002,254.94463464,203.79056553,124.20494665
2024-02-05T11:00,3600,0.0,0.26511771528999994,0.0,0.0,0.0,0.26511771528999994,328.6942153,265.11771529,160.51809798
2024-02-05T12:00,3600,0.0,0.34570762371,0.0,0.0,0.0,0.34570762371,425.76313146,345.70762371,208.64282353
2024-02-05T13:00,3600,0.0,0.33137957209,0.0,0.0,0.0,0.33137957209,408.49240318,331.37957209,200.73477828
2024-02-05T14:00,3600,0.0,0.2321624635,0.0,0.0,0.0,0.2321624635,289.05093016,232.1624635,141.34655635
2024-02-05T15:00,3600,0.0,0.20189198591,0.0,0.0,0.0,0.20189198591,252.66309718,201.89198591,123.51601184
2024-02-05T16:00,3600,0.0,0.07758569853,0.0,0.0,0.0,0.07758569853,103.49393722,77.58569853,50.21917124
2024-02-05T17:00,3600,0.0,0.02938946677,0.0,0.0,0.0,0.02938946677,45.76903106,29.38946677,22.17613185
2024-02-05T18:00,3600,0.0,0.0,0.0,0.0,0.0,0.0,2.01349424,0.0,0.96820194
2024-02-05T19:00,3600,0.0,0.0,0.0,0.0,0.0,0.0,0.0,0.0,0.0
2024-02-05T20:00,3600,0.0,0.0,0.0,0.0,0.0,0.0,0.0,0.0,0.0
2024-02-05T21:00,3600,0.0,0.0,0.0,0.0,0.0,0.0,0.0,0.0,0.0
2024-02-05T22:00,3600,0.0,0.0,0.0,0.0,0.0,0.0,0.0,0.0,0.0
2024-02-05T23:00,3600,0.0,0.0,0.0,0.0,0.0,0.0,0.0,0.0,0.0
2024-02-06T00:00,3600,0.0,0.0,0.0,0.0,0.0,0.0,0.0,0.0,0.0
2024-02-06T01:00,3600,0.0,0.0,0.0,0.0,0.0,0.0,0.0,0.0,0.0
2024-02-06T02:00,3600,0.0,0.0,0.0,0.0,0.0,0.0,0.0,0.0,0.0
2024-02-06T03:00,3600,0.0,0.0,0.0,0.0,0.0,0.0,0.0,0.0,0.0
2024-02-06T04:00,3600,0.0,0.0,0.0,0.0,0.0,0.0,0.0,0.0,0.0
2024-02-06T05:00,3600,0.0,0.0,0.0,0.0,0.0,0.0,0.0,0.0,0.0
2024-02-06T06:00,3600,0.0,0.0,0.0,0.0,0.0,0.0,0.0,0.0,0.0
2024-02-06T07:00,3600,0.0,0.00630751094,0.0,0.0,0.0,0.00630751094,18.14554784,6.30751094,8.71381747
2024-02-06T08:00,3600,0.0,0.08257739084,0.0,0.0,0.0,0.08257739084,109.47605759,82.57739084,52.81666406
2024-02-06T09:00,3600,0.0,0.231023392,0.0,0.0,0.0,0.231023392,287.68121654,231.023392,140.11374259
2024-02-06T10:00,3600,0.0,0.43403870285,0.0,0.0,0.0,0.43403870285,532.35901929,434.03870285,264.16888247
2024-02-06T11:00,3600,0.0,0.5192007653099999,0.0,0.0,0.0,0.5192007653099999,635.33267219,519.20076531,317.78119994
2024-02-06T12:00,3600,0.0,0.77449362658,0.0,0.0,0.0,0.77449362658,945.22016679,774.49362658,480.66069797
2024-02-06T13:00,3600,0.0,0.87362507015,0.0,0.0,0.0,0.87362507015,1066.04107585,873.62507015,549.28927928
2024-02-06T14:00,3600,0.0,0.6292658239300001,0.0,0.0,0.0,0.6292658239300001,768.71352565,629.26582393,391.07267515
2024-02-06T15:00,3600,0.0,0.49425126666,0.0,0.0,0.0,0.49425126666,605.14438797,494.25126666,305.55066727
2024-02-06T16:00,3600,0.0,0.28427981232,0.0,0.0,0.0,0.28427981232,351.7586225,284.27981232,174.96540677
2024-02-06T17:00,3600,0.0,0.05995843231,0.0,0.0,0.0,0.05995843231,82.37447408,59.95843231,40.40628217
2024-02-06T18:00,3600,0.0,0.0,0.0,0.0,0.0,0.0,1.99994625,0.0,0.96820194
2024-02-06T19:00,3600,0.0,0.0,0.0,0.0,0.0,0.0,0.0,0.0,0.0
2024-02-06T20:00,3600,0.0,0.0,0.0,0.0,0.0,0.0,0.0,0.0,0.0
2024-02-06T21:00,3600,0.0,0.0,0.0,0.0,0.0,0.0,0.0,0.0,0.0
2024-02-06T22:00,3600,0.0,0.0,0.0,0.0,0.0,0.0,0.0,0.0,0.0
2024-02-06T23:00,3600,0.0,0.0,0.0,0.0,0.0,0.0,0.0,0.0,0.0
2024-02-07T00:00,3600,0.0,0.0,0.0,0.0,0.0,0.0,0.0,0.0,0.0
2024-02-07T01:00,3600,0.0,0.0,0.0,0.0,0.0,0.0,0.0,0.0,0.0
2024-02-07T02:00,3600,0.0,0.0,0.0,0.0,0.0,0.0,0.0,0.0,0.0
2024-02-07T03:00,3600,0.0,0.0,0.0,0.0,0.0,0.0,0.0,0.0,0.0
2024-02-07T04:00,3600,0.0,0.0,0.0,0.0,0.0,0.0,0.0,0.0,0.0
2024-02-07T05:00,3600,0.0,0.0,0.0,0.0,0.0,0.0,0.0,0.0,0.0
2024-02-07T06:00,3600,0.0,0.0,0.0,0.0,0.0,0.0,0.0,0.0,0.0
2024-02-07T07:00,3600,0.0,0.00134671033,0.0,0.0,0.0,0.00134671033,12.21052632,1.34671033,5.80921165
2024-02-07T08:00,3600,0.0,0.042097545859999995,0.0,0.0,0.0,0.042097545859999995,60.98356065,42.09754586,29.04605824
2024-02-07T09:00,3600,0.0,0.11156572168,0.0,0.0,0.0,0.11156572168,144.22927994,111.56572168,68.83739967
2024-02-07T10:00,3600,0.0,0.15442258162,0.0,0.0,0.0,0.15442258162,195.65027553,154.42258162,93.47866922
2024-02-07T11:00,3600,0.0,0.20281487096,0.0,0.0,0.0,0.20281487096,253.77212298,202.81487096,121.44683212
2024-02-07T12:00,3600,0.0,0.1516761786,0.0,0.0,0.0,0.1516761786,192.35357869,151.6761786,91.87988696
2024-02-07T13:00,3600,0.0,0.16369803012,0.0,0.0,0.0,0.16369803012,206.78573244,163.69803012,98.75659802
2024-02-07T14:00,3600,0.0,0.12219894261,0.0,0.0,0.0,0.12219894261,156.98275878,122.19894261,74.87500974
2024-02-07T15:00,3600,0.0,0.06772206328000001,0.0,0.0,0.0,0.06772206328000001,91.67516222,67.72206328,43.63874413
2024-02-07T16:00,3600,0.0,0.05920629594,0.0,0.0,0.0,0.05920629594,81.47351388,59.20629594,38.72807766
2024-02-07T17:00,3600,0.0,0.0198794443,0.0,0.0,0.0,0.0198794443,34.38613224,19.8794443,16.31787178
2024-02-07T18:00,3600,0.0,0.0,0.0,0.0,0.0,0.0,0.0,0.0,0.0
2024-02-07T19:00,3600,0.0,0.0,0.0,0.0,0.0,0.0,0.0,0.0,0.0
2024-02-07T20:00,3600,0.0,0.0,0.0,0.0,0.0,0.0,0.0,0.0,0.0
2024-02-07T21:00,3600,0.0,0.0,0.0,0.0,0.0,0.0,0.0,0.0,0.0
2024-02-07T22:00,3600,0.0,0.0,0.0,0.0,0.0,0.0,0.0,0.0,0.0
2024-02-07T23:00,3600,0.0,0.0,0.0,0.0,0.0,0.0,0.0,0.0,0.0
2024-02-08T00:00,3600,0.0,0.0,0.0,0.0,0.0,0.0,0.0,0.0,0.0
2024-02-08T01:00,3600,0.0,0.0,0.0,0.0,0.0,0.0,0.0,0.0,0.0
2024-02-08T02:00,3600,0.0,0.0,0.0,0.0,0.0,0.0,0.0,0.0,0.0
2024-02-08T03:00,3600,0.0,0.0,0.0,0.0,0.0,0.0,0.0,0.0,0.0
2024-02-08T04:00,3600,0.0,0.0,0.0,0.0,0.0,0.0,0.0,0.0,0.0
2024-02-08T05:00,3600,0.0,0.0,0.0,0.0,0.0,0.0,0.0,0.0,0.0
2024-02-08T06:00,3600,0.0,0.0,0.0,0.0,0.0,0.0,0.0,0.0,0.0
2024-02-08T07:00,3600,0.0,0.0014317486399999999,0.0,0.0,0.0,0.0014317486399999999,12.31225928,1.43174864,5.80921165
2024-02-08T08:00,3600,0.0,0.08193158323000001,0.0,0.0,0.0,0.08193158323000001,108.7020744,81.93158323,51.48910853
2024-02-08T09:00,3600,0.0,0.06119694581,0.0,0.0,0.0,0.06119694581,83.85808284,61.19694581,39.6962796
2024-02-08T10:00,3600,0.0,0.19703692386,0.0,0.0,0.0,0.19703692386,246.82917389,197.03692386,117.6736619
2024-02-08T11:00,3600,0.0,0.18890935285000002,0.0,0.0,0.0,0.18890935285000002,237.06436953,188.90935285,113.01670158
2024-02-08T12:00,3600,0.0,0.10908211876,0.0,0.0,0.0,0.10908211876,141.25088412,109.08211876,67.09745488
2024-02-08T13:00,3600,0.0,0.13067524551,0.0,0.0,0.0,0.13067524551,167.15140052,130.67524551,79.39255919
2024-02-08T14:00,3600,0.0,0.08207948569,0.0,0.0,0.0,0.08207948569,108.87933056,82.07948569,51.64027761
2024-02-08T15:00,3600,0.0,0.07075946946,0.0,0.0,0.0,0.07075946946,95.31435706,70.75946946,45.1861728
2024-02-08T16:00,3600,0.0,0.04580641924,0.0,0.0,0.0,0.04580641924,65.42475655,45.80641924,30.98246212
2024-02-08T17:00,3600,0.0,0.00483730488,0.0,0.0,0.0,0.00483730488,16.38654893,4.83730488,7.74561553
2024-02-08T18:00,3600,0.0,0.0,0.0,0.0,0.0,0.0,0.0,0.0,0.0
2024-02-08T19:00,3600,0.0,0.0,0.0,0.0,0.0,0.0,0.0,0.0,0.0
2024-02-08T20:00,3600,0.0,0.0,0.0,0.0,0.0,0.0,0.0,0.0,0.0
2024-02-08T21:00,3600,0.0,0.0,0.0,0.0,0.0,0.0,0.0,0.0,0.0
2024-02-08T22:00,3600,0.0,0.0,0.0,0.0,0.0,0.0,0.0,0.0,0.0
2024-02-08T23:00,3600,0.0,0.0,0.0,0.0,0.0,0.0,0.0,0.0,0.0
2024-02-09T00:00,3600,0.0,0.0,0.0,0.0,0.0,0.0,0.0,0.0,0.0
2024-02-09T01:00,3600,0.0,0.0,0.0,0.0,0.0,0.0,0.0,0.0,0.0
2024-02-09T02:00,3600,0.0,0.0,0.0,0.0,0.0,0.0,0.0,0.0,0.0
2024-02-09T03:00,3600,0.0,0.0,0.0,0.0,0.0,0.0,0.0,0.0,0.0
2024-02-09T04:00,3600,0.0,0.0,0.0,0.0,0.0,0.0,0.0,0.0,0.0
2024-02-09T05:00,3600,0.0,0.0,0.0,0.0,0.0,0.0,0.0,0.0,0.0
2024-02-09T06:00,3600,0.0,0.0,0.0,0.0,0.0,0.0,0.0,0.0,0.0
2024-02-09T07:00,3600,0.0,0.020483368959999998,0.0,0.0,0.0,0.020483368959999998,35.10892052,20.48336896,16.62338683
2024-02-09T08:00,3600,0.0,0.12718901184,0.0,0.0,0.0,0.12718901184,162.96888876,127.18901184,77.55649019
2024-02-09T09:00,3600,0.0,0.30291153775,0.0,0.0,0.0,0.30291153775,374.19418272,302.91153775,179.51268283
2024-02-09T10:00,3600,0.0,0.86456700081,0.0,0.0,0.0,0.86456700081,1054.98967435,864.56700081,523.01080862
2024-02-09T11:00,3600,0.0,1.19186840098,0.0,0.0,0.0,1.19186840098,1455.79630383,1191.86840098,735.92868602
2024-02-09T12:00,3600,0.0,1.31182591712,0.0,0.0,0.0,1.31182591712,1603.46336752,1311.82591712,817.71777997
2024-02-09T13:00,3600,0.0,1.15425842834,0.0,0.0,0.0,1.15425842834,1409.58420206,1154.25842834,718.5775854
2024-02-09T14:00,3600,0.0,0.10502462877000002,0.0,0.0,0.0,0.10502462877000002,136.38540052,105.02462877,65.83773201
2024-02-09T15:00,3600,0.0,0.05839892159,0.0,0.0,0.0,0.05839892159,80.50640264,58.39892159,38.72807766
2024-02-09T16:00,3600,0.0,0.0299224569,0.0,0.0,0.0,0.0299224569,46.40705796,29.9224569,22.26864465
2024-02-09T17:00,3600,0.0,0.06111100284,0.0,0.0,0.0,0.06111100284,83.75513089,61.11100284,40.25583708
2024-02-09T18:00,3600,0.0,0.0,0.0,0.0,0.0,0.0,4.06185946,0.0,1.93640388
2024-02-09T19:00,3600,0.0,0.0,0.0,0.0,0.0,0.0,0.0,0.0,0.0
2024-02-09T20:00,3600,0.0,0.0,0.0,0.0,0.0,0.0,0.0,0.0,0.0
2024-02-09T21:00,3600,0.0,0.0,0.0,0.0,0.0,0.0,0.0,0.0,0.0
2024-02-09T22:00,3600,0.0,0.0,0.0,0.0,0.0,0.0,0.0,0.0,0.0
2024-02-09T23:00,3600,0.0,0.0,0.0,0.0,0.0,0.0,0.0,0.0,0.0
2024-02-10T00:00,3600,0.0,0.0,0.0,0.0,0.0,0.0,0.0,0.0,0.0
2024-02-10T01:00,3600,0.0,0.0,0.0,0.0,0.0,0.0,0.0,0.0,0.0
2024-02-10T02:00,3600,0.0,0.0,0.0,0.0,0.0,0.0,0.0,0.0,0.0
2024-02-10T03:00,3600,0.0,0.0,0.0,0.0,0.0,0.0,0.0,0.0,0.0
2024-02-10T04:00,3600,0.0,0.0,0.0,0.0,0.0,0.0,0.0,0.0,0.0
2024-02-10T05:00,3600,0.0,0.0,0.0,0.0,0.0,0.0,0.0,0.0,0.0
2024-02-10T06:00,3600,0.0,0.0,0.0,0.0,0.0,0.0,0.0,0.0,0.0
2024-02-10T07:00,3600,0.0,0.04793301808,0.0,0.0,0.0,0.04793301808,67.97142081,47.93301808,32.44586508
2024-02-10T08:00,3600,0.0,0.41432419513999996,0.0,0.0,0.0,0.41432419513999996,508.54955488,414.32419514,247.06593648
2024-02-10T09:00,3600,0.0,0.78573854582,0.0,0.0,0.0,0.78573854582,958.91154792,785.73854582,474.91701399
2024-02-10T10:00,3600,0.0,1.1227458541000002,0.0,0.0,0.0,1.1227458541000002,1370.89540665,1122.7458541,702.28835838
2024-02-10T11:00,3600,0.0,1.3575035303100003,0.0,0.0,0.0,1.3575035303100003,1659.80204167,1357.50353031,862.83209631
2024-02-10T12:00,3600,0.0,1.44738,0.0,0.0,0.0,1.44738,1808.26654462,1447.38,950.66106101
2024-02-10T13:00,3600,0.0,1.4294700937899998,0.0,0.0,0.0,1.4294700937899998,1748.68898657,1429.47009379,932.1592996
2024-02-10T14:00,3600,0.0,1.27780108479,0.0,0.0,0.0,1.27780108479,1561.53663643,1277.80108479,824.5857549
2024-02-10T15:00,3600,0.0,1.01829642607,0.0,0.0,0.0,1.01829642607,1242.86349941,1018.29642607,645.39962983
2024-02-10T16:00,3600,0.0,0.66230889244,0.0,0.0,0.0,0.66230889244,808.82174749,662.30889244,412.29577075
2024-02-10T17:00,3600,0.0,0.26168394039,0.0,0.0,0.0,0.26168394039,324.56221073,261.68394039,161.78338553
2024-02-10T18:00,3600,0.0,0.0,0.0,0.0,0.0,0.0,6.01501051,0.0,2.90460582
2024-02-10T19:00,3600,0.0,0.0,0.0,0.0,0.0,0.0,0.0,0.0,0.0
2024-02-10T20:00,3600,0.0,0.0,0.0,0.0,0.0,0.0,0.0,0.0,0.0
2024-02-10T21:00,3600,0.0,0.0,0.0,0.0,0.0,0.0,0.0,0.0,0.0
2024-02-10T22:00,3600,0.0,0.0,0.0,0.0,0.0,0.0,0.0,0.0,0.0
2024-02-10T23:00,3600,0.0,0.0,0.0,0.0,0.0,0.0,0.0,0.0,0.0
2024-02-11T00:00,3600,0.0,0.0,0.0,0.0,0.0,0.0,0.0,0.0,0.0
2024-02-11T01:00,3600,0.0,0.0,0.0,0.0,0.0,0.0,0.0,0.0,0.0
2024-02-11T02:00,3600,0.0,0.0,0.0,0.0,0.0,0.0,0.0,0.0,0.0
2024-02-11T03:00,3600,0.0,0.0,0.0,0.0,0.0,0.0,0.0,0.0,0.0
2024-02-11T04:00,3600,0.0,0.0,0.0,0.0,0.0,0.0,0.0,0.0,0.0
2024-02-11T05:00,3600,0.0,0.0,0.0,0.0,0.0,0.0,0.0,0.0,0.0
2024-02-11T06:00,3600,0.0,0.0,0.0,0.0,0.0,0.0,0.0,0.0,0.0
2024-02-11T07:00,3600,0.0,0.12508551881,0.0,0.0,0.0,0.12508551881,160.44543909,125.08551881,76.14417057
2024-02-11T08:00,3600,0.0,0.5646202888599999,0.0,0.0,0.0,0.5646202888599999,690.33317396,564.62028886,335.46398772
2024-02-11T09:00,3600,0.0,0.9667206261300001,0.0,0.0,0.0,0.9667206261300001,1179.75768811,966.72062613,592.77865908
2024-02-11T10:00,3600,0.0,1.2496498881400002,0.0,0.0,0.0,1.2496498881400002,1526.87301232,1249.64988814,802.49322719
2024-02-11T11:00,3600,0.0,1.44166739732,0.0,0.0,0.0,1.44166739732,1763.76907757,1441.66739732,940.69496722
2024-02-11T12:00,3600,0.0,1.44738,0.0,0.0,0.0,1.44738,1858.0110265,1447.38,999.20869079
2024-02-11T13:00,3600,0.0,1.44738,0.0,0.0,0.0,1.44738,1782.74537742,1447.38,969.81584617
2024-02-11T14:00,3600,0.0,1.29675394853,0.0,0.0,0.0,1.29675394853,1584.88695033,1296.75394853,853.80984679
2024-02-11T15:00,3600,0.0,1.034924491,0.0,0.0,0.0,1.034924491,1263.22498032,1034.924491,669.22309642
2024-02-11T16:00,3600,0.0,0.6758380696499999,0.0,0.0,0.0,0.6758380696499999,825.25243501,675.83806965,428.21562901
2024-02-11T17:00,3600,0.0,0.27213114057000004,0.0,0.0,0.0,0.27213114057000004,337.13475326,272.13114057,170.68801659
2024-02-11T18:00,3600,0.0,0.0,0.0,0.0,0.0,0.0,7.73830619,0.0,3.75871549
2024-02-11T19:00,3600,0.0,0.0,0.0,0.0,0.0,0.0,0.0,0.0,0.0
2024-02-11T20:00,3600,0.0,0.0,0.0,0.0,0.0,0.0,0.0,0.0,0.0
2024-02-11T21:00,3600,0.0,0.0,0.0,0.0,0.0,0.0,0.0,0.0,0.0
2024-02-11T22:00,3600,0.0,0.0,0.0,0.0,0.0,0.0,0.0,0.0,0.0
2024-02-11T23:00,3600,0.0,0.0,0.0,0.0,0.0,0.0,0.0,0.0,0.0
2024-02-12T00:00,3600,0.0,0.0,0.0,0.0,0.0,0.0,0.0,0.0,0.0
2024-02-12T01:00,3600,0.0,0.0,0.0,0.0,0.0,0.0,0.0,0.0,0.0
2024-02-12T02:00,3600,0.0,0.0,0.0,0.0,0.0,0.0,0.0,0.0,0.0
2024-02-12T03:00,3600,0.0,0.0,0.0,0.0,0.0,0.0,0.0,0.0,0.0
2024-02-12T04:00,3600,0.0,0.0,0.0,0.0,0.0,0.0,0.0,0.0,0.0
2024-02-12T05:00,3600,0.0,0.0,0.0,0.0,0.0,0.0,0.0,0.0,0.0
2024-02-12T06:00,3600,0.0,0.0,0.0,0.0,0.0,0.0,0.0,0.0,0.0
2024-02-12T07:00,3600,0.0,0.11966460858000001,0.0,0.0,0.0,0.11966460858000001,153.94280526,119.66460858,73.09550315
2024-02-12T08:00,3600,0.0,0.5420065151699999,0.0,0.0,0.0,0.5420065151699999,662.94205384,542.00651517,323.51647217
2024-02-12T09:00,3600,0.0,0.92623336945,0.0,0.0,0.0,0.92623336945,1130.27220977,926.23336945,573.58490439
2024-02-12T10:00,3600,0.0,1.2066652682,0.0,0.0,0.0,1.2066652682,1473.98867128,1206.6652682,780.2175415
2024-02-12T11:00,3600,0.0,1.39983314896,0.0,0.0,0.0,1.39983314896,1712.06562399,1399.83314896,922.18418288
2024-02-12T12:00,3600,0.0,1.44738,0.0,0.0,0.0,1.44738,1806.88184714,1447.38,979.22209969
2024-02-12T13:00,3600,0.0,1.4212657582700001,0.0,0.0,0.0,1.4212657582700001,1738.54804025,1421.26575827,952.54353089
2024-02-12T14:00,3600,0.0,1.27594211782,0.0,0.0,0.0,1.27594211782,1559.24691249,1275.94211782,842.65285797
2024-02-12T15:00,3600,0.0,1.0178763782,0.0,0.0,0.0,1.0178763782,1242.34924229,1017.8763782,657.98739534
2024-02-12T16:00,3600,0.0,0.6690563645700001,0.0,0.0,0.0,0.6690563645700001,817.01566795,669.05636457,423.04701541
2024-02-12T17:00,3600,0.0,0.26834306648,0.0,0.0,0.0,0.26834306648,332.57570533,268.34306648,168.15903604
2024-02-12T18:00,3600,0.0,0.0,0.0,0.0,0.0,0.0,7.6567368,0.0,3.74192747
2024-02-12T19:00,3600,0.0,0.0,0.0,0.0,0.0,0.0,0.0,0.0,0.0
2024-02-12T20:00,3600,0.0,0.0,0.0,0.0,0.0,0.0,0.0,0.0,0.0
2024-02-12T21:00,3600,0.0,0.0,0.0,0.0,0.0,0.0,0.0,0.0,0.0
2024-02-12T22:00,3600,0.0,0.0,0.0,0.0,0.0,0.0,0.0,0.0,0.0
2024-02-12T23:00,3600,0.0,0.0,0.0,0.0,0.0,0.0,0.0,0.0,0.0
2024-02-13T00:00,3600,0.0,0.0,0.0,0.0,0.0,0.0,0.0,0.0,0.0
2024-02-13T01:00,3600,0.0,0.0,0.0,0.0,0.0,0.0,0.0,0.0,0.0
2024-02-13T02:00,3600,0.0,0.0,0.0,0.0,0.0,0.0,0.0,0.0,0.0
2024-02-13T03:00,3600,0.0,0.0,0.0,0.0,0.0,0.0,0.0,0.0,0.0
2024-02-13T04:00,3600,0.0,0.0,0.0,0.0,0.0,0.0,0.0,0.0,0.0
2024-02-13T05:00,3600,0.0,0.0,0.0,0.0,0.0,0.0,0.0,0.0,0.0
2024-02-13T06:00,3600,0.0,0.0,0.0,0.0,0.0,0.0,0.0,0.0,0.0
2024-02-13T07:00,3600,0.0,0.10512377144,0.0,0.0,0.0,0.10512377144,136.50428084,105.12377144,65.60026272
2024-02-13T08:00,3600,0.0,0.45030900769,0.0,0.0,0.0,0.45030900769,552.01688249,450.30900769,271.282141
2024-02-13T09:00,3600,0.0,0.8216422182500001,0.0,0.0,0.0,0.8216422182500001,1002.65020838,821.64221825,508.41337027
2024-02-13T10:00,3600,0.0,1.11082543505,0.0,0.0,0.0,1.11082543505,1356.2678316,1110.82543505,715.52380363
2024-02-13T11:00,3600,0.0,1.3163832776300002,0.0,0.0,0.0,1.3163832776300002,1609.08167956,1316.38327763,862.58676286
2024-02-13T12:00,3600,0.0,1.3433918104,0.0,0.0,0.0,1.3433918104,1642.39018906,1343.3918104,883.47410252
2024-02-13T13:00,3600,0.0,0.9178041930099999,0.0,0.0,0.0,0.9178041930099999,1119.97550123,917.80419301,589.17331141
2024-02-13T14:00,3600,0.0,0.87915745959,0.0,0.0,0.0,0.87915745959,1072.79206882,879.15745959,561.26436876
2024-02-13T15:00,3600,0.0,0.55272113787,0.0,0.0,0.0,0.55272113787,675.91847115,552.72113787,347.27879814
2024-02-13T16:00,3600,0.0,0.48985303191999996,0.0,0.0,0.0,0.48985303191999996,599.82440476,489.85303192,307.51170593
2024-02-13T17:00,3600,0.0,0.16271892661999998,0.0,0.0,0.0,0.16271892661999998,205.61017997,162.71892662,103.56796225
2024-02-13T18:00,3600,0.0,0.0,0.0,0.0,0.0,0.0,5.88895356,0.0,2.90460582
2024-02-13T19:00,3600,0.0,0.0,0.0,0.0,0.0,0.0,0.0,0.0,0.0
2024-02-13T20:00,3600,0.0,0.0,0.0,0.0,0.0,0.0,0.0,0.0,0.0
2024-02-13T21:00,3600,0.0,0.0,0.0,0.0,0.0,0.0,0.0,0.0,0.0
2024-02-13T22:00,3600,0.0,0.0,0.0,0.0,0.0,0.0,0.0,0.0,0.0
2024-02-13T23:00,3600,0.0,0.0,0.0,0.0,0.0,0.0,0.0,0.0,0.0
2024-02-14T00:00,3600,0.0,0.0,0.0,0.0,0.0,0.0,0.0,0.0,0.0
2024-02-14T01:00,3600,0.0,0.0,0.0,0.0,0.0,0.0,0.0,0.0,0.0
2024-02-14T02:00,3600,0.0,0.0,0.0,0.0,0.0,0.0,0.0,0.0,0.0
2024-02-14T03:00,3600,0.0,0.0,0.0,0.0,0.0,0.0,0.0,0.0,0.0
2024-02-14T04:00,3600,0.0,0.0,0.0,0.0,0.0,0.0,0.0,0.0,0.0
2024-02-14T05:00,3600,0.0,0.0,0.0,0.0,0.0,0.0,0.0,0.0,0.0
2024-02-14T06:00,3600,0.0,0.0,0.0,0.0,0.0,0.0,0.0,0.0,0.0
2024-02-14T07:00,3600,0.0,0.08245756061999998,0.0,0.0,0.0,0.08245756061999998,109.33244342,82.45756062,52.87724714
2024-02-14T08:00,3600,0.0,0.40424345828,0.0,0.0,0.0,0.40424345828,496.3790227,404.24345828,244.99282466
2024-02-14T09:00,3600,0.0,0.7546098001,0.0,0.0,0.0,0.7546098001,921.01904771,754.6098001,467.23908555
2024-02-14T10:00,3600,0.0,1.04603101968,0.0,0.0,0.0,1.04603101968,1276.8295925,1046.03101968,677.66838464
2024-02-14T11:00,3600,0.0,1.1779553926200002,0.0,0.0,0.0,1.1779553926200002,1438.69637507,1177.95539262,771.70836127
2024-02-14T12:00,3600,0.0,0.8151757309400001,0.0,0.0,0.0,0.8151757309400001,994.76991733,815.17573094,518.29553975
2024-02-14T13:00,3600,0.0,0.73207296817,0.0,0.0,0.0,0.73207296817,893.60225164,732.07296817,467.34792371
2024-02-14T14:00,3600,0.0,0.5073884442900001,0.0,0.0,0.0,0.5073884442900001,621.03791924,507.38844429,320.80035689
2024-02-14T15:00,3600,0.0,0.3899023211,0.0,0.0,0.0,0.3899023211,479.0696644,389.9023211,246.14263843
2024-02-14T16:00,3600,0.0,0.22530710397999998,0.0,0.0,0.0,0.22530710397999998,280.80800846,225.30710398,142.67259783
2024-02-14T17:00,3600,0.0,0.13804726442,0.0,0.0,0.0,0.13804726442,175.99684762,138.04726442,89.09499422
2024-02-14T18:00,3600,0.0,0.0,0.0,0.0,0.0,0.0,5.85233481,0.0,2.90460582
2024-02-14T19:00,3600,0.0,0.0,0.0,0.0,0.0,0.0,0.0,0.0,0.0
2024-02-14T20:00,3600,0.0,0.0,0.0,0.0,0.0,0.0,0.0,0.0,0.0
2024-02-14T21:00,3600,0.0,0.0,0.0,0.0,0.0,0.0,0.0,0.0,0.0
2024-02-14T22:00,3600,0.0,0.0,0.0,0.0,0.0,0.0,0.0,0.0,0.0
2024-02-14T23:00,3600,0.0,0.0,0.0,0.0,0.0,0.0,0.0,0.0,0.0
2024-02-15T00:00,3600,0.0,0.0,0.0,0.0,0.0,0.0,0.0,0.0,0.0
2024-02-15T01:00,3600,0.0,0.0,0.0,0.0,0.0,0.0,0.0,0.0,0.0
2024-02-15T02:00,3600,0.0,0.0,0.0,0.0,0.0,0.0,0.0,0.0,0.0
2024-02-15T03:00,3600,0.0,0.0,0.0,0.0,0.0,0.0,0.0,0.0,0.0
2024-02-15T04:00,3600,0.0,0.0,0.0,0.0,0.0,0.0,0.0,0.0,0.0
2024-02-15T05:00,3600,0.0,0.0,0.0,0.0,0.0,0.0,0.0,0.0,0.0
2024-02-15T06:00,3600,0.0,0.0,0.0,0.0,0.0,0.0,0.0,0.0,0.0
2024-02-15T07:00,3600,0.0,0.08082829198000001,0.0,0.0,0.0,0.08082829198000001,107.37983504,80.82829198,52.29263883
2024-02-15T08:00,3600,0.0,0.35070280131,0.0,0.0,0.0,0.35070280131,431.78552412,350.70280131,214.34654364
2024-02-15T09:00,3600,0.0,0.64379300088,0.0,0.0,0.0,0.64379300088,786.34312056,643.79300088,398.60073744
2024-02-15T10:00,3600,0.0,0.92072567066,0.0,0.0,0.0,0.92072567066,1123.54402135,920.72567066,591.92656399
2024-02-15T11:00,3600,0.0,0.99434629133,0.0,0.0,0.0,0.99434629133,1213.54979607,994.34629133,644.479439
2024-02-15T12:00,3600,0.0,1.06298731298,0.0,0.0,0.0,1.06298731298,1297.60648911,1062.98731298,692.72491426
2024-02-15T13:00,3600,0.0,1.15984942709,0.0,0.0,0.0,1.15984942709,1416.45139465,1159.84942709,769.89763475
2024-02-15T14:00,3600,0.0,0.8956961770999999,0.0,0.0,0.0,0.8956961770999999,1092.97887064,895.6961771,583.03530335
2024-02-15T15:00,3600,0.0,0.5469136498799999,0.0,0.0,0.0,0.5469136498799999,668.88466341,546.91364988,348.87274747
2024-02-15T16:00,3600,0.0,0.32536693165999997,0.0,0.0,0.0,0.32536693165999997,401.24655586,325.36693166,205.7275711
2024-02-15T17:00,3600,0.0,0.12509757116,0.0,0.0,0.0,0.12509757116,160.45989732,125.09757116,81.24367988
2024-02-15T18:00,3600,0.0,0.0,0.0,0.0,0.0,0.0,5.84208592,0.0,2.90460582
2024-02-15T19:00,3600,0.0,0.0,0.0,0.0,0.0,0.0,0.0,0.0,0.0
2024-02-15T20:00,3600,0.0,0.0,0.0,0.0,0.0,0.0,0.0,0.0,0.0
2024-02-15T21:00,3600,0.0,0.0,0.0,0.0,0.0,0.0,0.0,0.0,0.0
2024-02-15T22:00,3600,0.0,0.0,0.0,0.0,0.0,0.0,0.0,0.0,0.0
2024-02-15T23:00,3600,0.0,0.0,0.0,0.0,0.0,0.0,0.0,0.0,0.0
2024-02-16T00:00,3600,0.0,0.0,0.0,0.0,0.0,0.0,0.0,0.0,0.0
2024-02-16T01:00,3600,0.0,0.0,0.0,0.0,0.0,0.0,0.0,0.0,0.0
2024-02-16T02:00,3600,0.0,0.0,0.0,0.0,0.0,0.0,0.0,0.0,0.0
2024-02-16T03:00,3600,0.0,0.0,0.0,0.0,0.0,0.0,0.0,0.0,0.0
2024-02-16T04:00,3600,0.0,0.0,0.0,0.0,0.0,0.0,0.0,0.0,0.0
2024-02-16T05:00,3600,0.0,0.0,0.0,0.0,0.0,0.0,0.0,0.0,0.0
2024-02-16T06:00,3600,0.0,0.0,0.0,0.0,0.0,0.0,0.0,0.0,0.0
2024-02-16T07:00,3600,0.0,0.07795226108999999,0.0,0.0,0.0,0.07795226108999999,103.93320876,77.95226109,50.73101405
2024-02-16T08:00,3600,0.0,0.25818021625,0.0,0.0,0.0,0.25818021625,320.34636192,258.18021625,157.63956255
2024-02-16T09:00,3600,0.0,0.48978093194000005,0.0,0.0,0.0,0.48978093194000005,599.73719903,489.78093194,298.72139893
2024-02-16T10:00,3600,0.0,0.7973915248800001,0.0,0.0,0.0,0.7973915248800001,973.10350535,797.39152488,498.92764869
2024-02-16T11:00,3600,0.0,1.2049675981,0.0,0.0,0.0,1.2049675981,1471.90110887,1204.9675981,776.77970643
2024-02-16T12:00,3600,0.0,1.3456350758500002,0.0,0.0,0.0,1.3456350758500002,1645.15767115,1345.63507585,882.28531643
2024-02-16T13:00,3600,0.0,1.27306494456,0.0,0.0,0.0,1.27306494456,1555.70324261,1273.06494456,840.74657615
2024-02-16T14:00,3600,0.0,1.11309312496,0.0,0.0,0.0,1.11309312496,1359.05020558,1113.09312496,728.27435536
2024-02-16T15:00,3600,0.0,0.8331414612800001,0.0,0.0,0.0,0.8331414612800001,1016.66649615,833.14146128,535.4367635
2024-02-16T16:00,3600,0.0,0.53443201778,0.0,0.0,0.0,0.53443201778,653.77053282,534.43201778,336.86132916
2024-02-16T17:00,3600,0.0,0.18358892436,0.0,0.0,0.0,0.18358892436,230.67314636,183.58892436,116.18851572
2024-02-16T18:00,3600,0.0,0.0,0.0,0.0,0.0,0.0,7.83472058,0.0,3.87280777
2024-02-16T19:00,3600,0.0,0.0,0.0,0.0,0.0,0.0,0.0,0.0,0.0
2024-02-16T20:00,3600,0.0,0.0,0.0,0.0,0.0,0.0,0.0,0.0,0.0
2024-02-16T21:00,3600,0.0,0.0,0.0,0.0,0.0,0.0,0.0,0.0,0.0
2024-02-16T22:00,3600,0.0,0.0,0.0,0.0,0.0,0.0,0.0,0.0,0.0
2024-02-16T23:00,3600,0.0,0.0,0.0,0.0,0.0,0.0,0.0,0.0,0.0
2024-02-17T00:00,3600,0.0,0.0,0.0,0.0,0.0,0.0,0.0,0.0,0.0
2024-02-17T01:00,3600,0.0,0.0,0.0,0.0,0.0,0.0,0.0,0.0,0.0
2024-02-17T02:00,3600,0.0,0.0,0.0,0.0,0.0,0.0,0.0,0.0,0.0
2024-02-17T03:00,3600,0.0,0.0,0.0,0.0,0.0,0.0,0.0,0.0,0.0
2024-02-17T04:00,3600,0.0,0.0,0.0,0.0,0.0,0.0,0.0,0.0,0.0
2024-02-17T05:00,3600,0.0,0.0,0.0,0.0,0.0,0.0,0.0,0.0,0.0
2024-02-17T06:00,3600,0.0,0.0,0.0,0.0,0.0,0.0,0.0,0.0,0.0
2024-02-17T07:00,3600,0.0,0.02975456252,0.0,0.0,0.0,0.02975456252,46.20607568,29.75456252,22.63696387
2024-02-17T08:00,3600,0.0,0.14934026749,0.0,0.0,0.0,0.14934026749,189.54978288,149.34026749,93.40816146
2024-02-17T09:00,3600,0.0,0.28586632479999996,0.0,0.0,0.0,0.28586632479999996,353.66866952,285.8663248,175.40264707
2024-02-17T10:00,3600,0.0,0.61926995886,0.0,0.0,0.0,0.61926995886,756.5863456,619.26995886,385.21061678
2024-02-17T11:00,3600,0.0,0.7856697684199999,0.0,0.0,0.0,0.7856697684199999,958.82779645,785.66976842,494.56348496
2024-02-17T12:00,3600,0.0,0.5693718529699999,0.0,0.0,0.0,0.5693718529699999,696.09033875,569.37185297,354.09793947
2024-02-17T13:00,3600,0.0,0.42398755516000003,0.0,0.0,0.0,0.42398755516000003,520.21879151,423.98755516,264.14392805
2024-02-17T14:00,3600,0.0,0.41704456958999997,0.0,0.0,0.0,0.41704456958999997,511.83435432,417.04456959,259.79448354
2024-02-17T15:00,3600,0.0,0.38685831426999995,0.0,0.0,0.0,0.38685831426999995,475.39635365,386.85831427,240.95499202
2024-02-17T16:00,3600,0.0,0.23585340239000002,0.0,0.0,0.0,0.23585340239000002,293.48946034,235.85340239,147.51217985
2024-02-17T17:00,3600,0.0,0.11109570606000001,0.0,0.0,0.0,0.11109570606000001,143.66561334,111.09570606,71.8252555
2024-02-17T18:00,3600,0.0,0.0,0.0,0.0,0.0,0.0,3.91146031,0.0,1.93640388
2024-02-17T19:00,3600,0.0,0.0,0.0,0.0,0.0,0.0,0.0,0.0,0.0
2024-02-17T20:00,3600,0.0,0.0,0.0,0.0,0.0,0.0,0.0,0.0,0.0
2024-02-17T21:00,3600,0.0,0.0,0.0,0.0,0.0,0.0,0.0,0.0,0.0
2024-02-17T22:00,3600,0.0,0.0,0.0,0.0,0.0,0.0,0.0,0.0,0.0
2024-02-17T23:00,3600,0.0,0.0,0.0,0.0,0.0,0.0,0.0,0.0,0.0
2024-02-18T00:00,3600,0.0,0.0,0.0,0.0,0.0,0.0,0.0,0.0,0.0
2024-02-18T01:00,3600,0.0,0.0,0.0,0.0,0.0,0.0,0.0,0.0,0.0
2024-02-18T02:00,3600,0.0,0.0,0.0,0.0,0.0,0.0,0.0,0.0,0.0
2024-02-18T03:00,3600,0.0,0.0,0.0,0.0,0.0,0.0,0.0,0.0,0.0
2024-02-18T04:00,3600,0.0,0.0,0.0,0.0,0.0,0.0,0.0,0.0,0.0
2024-02-18T05:00,3600,0.0,0.0,0.0,0.0,0.0,0.0,0.0,0.0,0.0
2024-02-18T06:00,3600,0.0,0.0,0.0,0.0,0.0,0.0,0.0,0.0,0.0
2024-02-18T07:00,3600,0.0,0.031737373549999996,0.0,0.0,0.0,0.031737373549999996,48.57969831,31.73737355,23.95850768
2024-02-18T08:00,3600,0.0,0.11296320787000001,0.0,0.0,0.0,0.11296320787000001,145.90525126,112.96320787,72.31040439
2024-02-18T09:00,3600,0.0,0.18821701181000003,0.0,0.0,0.0,0.18821701181000003,236.23264415,188.21701181,117.72927165
2024-02-18T10:00,3600,0.0,0.5663586997600001,0.0,0.0,0.0,0.5663586997600001,692.4394224,566.35869976,354.45066072
2024-02-18T11:00,3600,0.0,0.9042733596900001,0.0,0.0,0.0,0.9042733596900001,1103.45103529,904.27335969,577.02408735
2024-02-18T12:00,3600,0.0,0.84401415055,0.0,0.0,0.0,0.84401415055,1029.92250415,844.01415055,537.66080408
2024-02-18T13:00,3600,0.0,0.81447616074,0.0,0.0,0.0,0.81447616074,993.91746664,814.47616074,521.2948592
2024-02-18T14:00,3600,0.0,0.7863166883699999,0.0,0.0,0.0,0.7863166883699999,959.6155678,786.31668837,503.10842675
2024-02-18T15:00,3600,0.0,0.65759534546,0.0,0.0,0.0,0.65759534546,803.09851301,657.59534546,418.29799119
2024-02-18T16:00,3600,0.0,0.46715665709000004,0.0,0.0,0.0,0.46715665709000004,572.37993587,467.15665709,294.2778756
2024-02-18T17:00,3600,0.0,0.22577658838,0.0,0.0,0.0,0.22577658838,281.37247863,225.77658838,142.7309261
2024-02-18T18:00,3600,0.0,0.0,0.0,0.0,0.0,0.0,9.2361581,0.0,4.60378412
2024-02-18T19:00,3600,0.0,0.0,0.0,0.0,0.0,0.0,0.0,0.0,0.0
2024-02-18T20:00,3600,0.0,0.0,0.0,0.0,0.0,0.0,0.0,0.0,0.0
2024-02-18T21:00,3600,0.0,0.0,0.0,0.0,0.0,0.0,0.0,0.0,0.0
2024-02-18T22:00,3600,0.0,0.0,0.0,0.0,0.0,0.0,0.0,0.0,0.0
2024-02-18T23:00,3600,0.0,0.0,0.0,0.0,0.0,0.0,0.0,0.0,0.0
2024-02-19T00:00,3600,0.0,0.0,0.0,0.0,0.0,0.0,0.0,0.0,0.0
2024-02-19T01:00,3600,0.0,0.0,0.0,0.0,0.0,0.0,0.0,0.0,0.0
2024-02-19T02:00,3600,0.0,0.0,0.0,0.0,0.0,0.0,0.0,0.0,0.0
2024-02-19T03:00,3600,0.0,0.0,0.0,0.0,0.0,0.0,0.0,0.0,0.0
2024-02-19T04:00,3600,0.0,0.0,0.0,0.0,0.0,0.0,0.0,0.0,0.0
2024-02-19T05:00,3600,0.0,0.0,0.0,0.0,0.0,0.0,0.0,0.0,0.0
2024-02-19T06:00,3600,0.0,0.0,0.0,0.0,0.0,0.0,0.0,0.0,0.0
2024-02-19T07:00,3600,0.0,0.04297166943,0.0,0.0,0.0,0.04297166943,62.03024819,42.97166943,30.70830956
2024-02-19T08:00,3600,0.0,0.22180490173,0.0,0.0,0.0,0.22180490173,276.59743055,221.80490173,138.43729162
2024-02-19T09:00,3600,0.0,0.37962736563,0.0,0.0,0.0,0.37962736563,466.67152486,379.62736563,235.70076307
2024-02-19T10:00,3600,0.0,0.51696655643,0.0,0.0,0.0,0.51696655643,632.62863629,516.96655643,323.88980184
2024-02-19T11:00,3600,0.0,0.5648201097500001,0.0,0.0,0.0,0.5648201097500001,690.57527153,564.82010975,354.46415328
2024-02-19T12:00,3600,0.0,0.62847121511,0.0,0.0,0.0,0.62847121511,767.7493893,628.47121511,395.4959322
2024-02-19T13:00,3600,0.0,0.5026089732,0.0,0.0,0.0,0.5026089732,615.25510306,502.6089732,316.92581602
2024-02-19T14:00,3600,0.0,0.55689206261,0.0,0.0,0.0,0.55689206261,680.97070978,556.89206261,352.50977315
2024-02-19T15:00,3600,0.0,0.37146431427,0.0,0.0,0.0,0.37146431427,456.82373757,371.46431427,234.20588599
2024-02-19T16:00,3600,0.0,0.2649179829,0.0,0.0,0.0,0.2649179829,328.45386025,264.9179829,167.15944354
2024-02-19T17:00,3600,0.0,0.12141086511,0.0,0.0,0.0,0.12141086511,156.03743521,121.41086511,78.7793003
2024-02-19T18:00,3600,0.0,0.0,0.0,0.0,0.0,0.0,9.17743229,0.0,4.58569208
2024-02-19T19:00,3600,0.0,0.0,0.0,0.0,0.0,0.0,0.0,0.0,0.0
2024-02-19T20:00,3600,0.0,0.0,0.0,0.0,0.0,0.0,0.0,0.0,0.0
2024-02-19T21:00,3600,0.0,0.0,0.0,0.0,0.0,0.0,0.0,0.0,0.0
2024-02-19T22:00,3600,0.0,0.0,0.0,0.0,0.0,0.0,0.0,0.0,0.0
2024-02-19T23:00,3600,0.0,0.0,0.0,0.0,0.0,0.0,0.0,0.0,0.0
2024-02-20T00:00,3600,0.0,0.0,0.0,0.0,0.0,0.0,0.0,0.0,0.0
2024-02-20T01:00,3600,0.0,0.0,0.0,0.0,0.0,0.0,0.0,0.0,0.0
2024-02-20T02:00,3600,0.0,0.0,0.0,0.0,0.0,0.0,0.0,0.0,0.0
2024-02-20T03:00,3600,0.0,0.0,0.0,0.0,0.0,0.0,0.0,0.0,0.0
2024-02-20T04:00,3600,0.0,0.0,0.0,0.0,0.0,0.0,0.0,0.0,0.0
2024-02-20T05:00,3600,0.0,0.0,0.0,0.0,0.0,0.0,0.0,0.0,0.0
2024-02-20T06:00,3600,0.0,0.0,0.0,0.0,0.0,0.0,0.0,0.0,0.0
2024-02-20T07:00,3600,0.0,0.01968032708,0.0,0.0,0.0,0.01968032708,34.14782716,19.68032708,16.9976096
2024-02-20T08:00,3600,0.0,0.14755528154,0.0,0.0,0.0,0.14755528154,187.40736165,147.55528154,93.83506306
2024-02-20T09:00,3600,0.0,0.5915909571600001,0.0,0.0,0.0,0.5915909571600001,723.02007417,591.59095716,371.14146956
2024-02-20T10:00,3600,0.0,0.84236217116,0.0,0.0,0.0,0.84236217116,1027.90819284,842.36217116,538.97581655
2024-02-20T11:00,3600,0.0,0.89888622702,0.0,0.0,0.0,0.89888622702,1096.87346496,898.88622702,577.43180583
2024-02-20T12:00,3600,0.0,0.71415131552,0.0,0.0,0.0,0.71415131552,871.81009477,714.15131552,454.69300357
2024-02-20T13:00,3600,0.0,0.8967236626899999,0.0,0.0,0.0,0.8967236626899999,1094.2332521,896.72366269,577.36871627
2024-02-20T14:00,3600,0.0,0.7067029336499999,0.0,0.0,0.0,0.7067029336499999,862.75573549,706.70293365,450.46171507
2024-02-20T15:00,3600,0.0,0.6465140514300001,0.0,0.0,0.0,0.6465140514300001,789.64592852,646.51405143,410.67209942
2024-02-20T16:00,3600,0.0,0.38974577268,0.0,0.0,0.0,0.38974577268,478.88074572,389.74577268,245.92678096
2024-02-20T17:00,3600,0.0,0.16913677683,0.0,0.0,0.0,0.16913677683,213.31618724,169.13677683,108.35466627
2024-02-20T18:00,3600,0.0,0.0,0.0,0.0,0.0,0.0,9.1012302,0.0,4.57150686
2024-02-20T19:00,3600,0.0,0.0,0.0,0.0,0.0,0.0,0.0,0.0,0.0
2024-02-20T20:00,3600,0.0,0.0,0.0,0.0,0.0,0.0,0.0,0.0,0.0
2024-02-20T21:00,3600,0.0,0.0,0.0,0.0,0.0,0.0,0.0,0.0,0.0
2024-02-20T22:00,3600,0.0,0.0,0.0,0.0,0.0,0.0,0.0,0.0,0.0
2024-02-20T23:00,3600,0.0,0.0,0.0,0.0,0.0,0.0,0.0,0.0,0.0
2024-02-21T00:00,3600,0.0,0.0,0.0,0.0,0.0,0.0,0.0,0.0,0.0
2024-02-21T01:00,3600,0.0,0.0,0.0,0.0,0.0,0.0,0.0,0.0,0.0
2024-02-21T02:00,3600,0.0,0.0,0.0,0.0,0.0,0.0,0.0,0.0,0.0
2024-02-21T03:00,3600,0.0,0.0,0.0,0.0,0.0,0.0,0.0,0.0,0.0
2024-02-21T04:00,3600,0.0,0.0,0.0,0.0,0.0,0.0,0.0,0.0,0.0
2024-02-21T05:00,3600,0.0,0.0,0.0,0.0,0.0,0.0,0.0,0.0,0.0
2024-02-21T06:00,3600,0.0,0.0,0.0,0.0,0.0,0.0,0.0,0.0,0.0
2024-02-21T07:00,3600,0.0,0.04832052074,0.0,0.0,0.0,0.04832052074,68.43547955,48.32052074,34.23552509
2024-02-21T08:00,3600,0.0,0.23808193372,0.0,0.0,0.0,0.23808193372,296.16955365,238.08193372,149.61455513
2024-02-21T09:00,3600,0.0,0.6454777125900001,0.0,0.0,0.0,0.6454777125900001,788.38799743,645.47771259,406.55013224
2024-02-21T10:00,3600,0.0,0.8360404683699999,0.0,0.0,0.0,0.8360404683699999,1020.2006473,836.04046837,535.83899648
2024-02-21T11:00,3600,0.0,0.96044936223,0.0,0.0,0.0,0.96044936223,1172.08960591,960.44936223,620.80145939
2024-02-21T12:00,3600,0.6852861224017425,0.95796238458,0.6852861224017425,0.0,0.0,0.2726762621782576,1169.04900483,957.96238458,619.05595572
2024-02-21T13:00,3600,0.6672374484014711,0.9008402943700001,0.6672374484014711,0.0,0.0,0.23360284596852898,1099.25924341,900.84029437,584.77193703
2024-02-21T14:00,3600,0.6020134903695628,0.67362772746,0.6020134903695628,0.0,0.0,0.07161423709043724,822.56770807,673.62772746,432.35355858
2024-02-21T15:00,3600,0.6480395524945566,0.8328714418,0.6480395524945566,0.0,0.0,0.18483188930544336,1016.33733007,832.8714418,539.01306714
2024-02-21T16:00,3600,0.5002421913583285,0.53368284722,0.5002421913583285,0.0,0.0,0.03344065586167155,652.86349138,533.68284722,339.20090631
2024-02-21T17:00,3600,0.4206137098310966,0.22922485728,0.22922485728,0.19138885255109658,0.0,0.0,285.51858116,229.22485728,146.31621973
2024-02-21T18:00,3600,0.0,0.00194356061,0.0,0.0,0.0,0.00194356061,12.92455373,1.94356061,6.48862555
2024-02-21T19:00,3600,0.0,0.0,0.0,0.0,0.0,0.0,0.0,0.0,0.0
2024-02-21T20:00,3600,0.0,0.0,0.0,0.0,0.0,0.0,0.0,0.0,0.0
2024-02-21T21:00,3600,0.0,0.0,0.0,0.0,0.0,0.0,0.0,0.0,0.0
2024-02-21T22:00,3600,0.0,0.0,0.0,0.0,0.0,0.0,0.0,0.0,0.0
2024-02-21T23:00,3600,0.0,0.0,0.0,0.0,0.0,0.0,0.0,0.0,0.0
2024-02-22T00:00,3600,0.0,0.0,0.0,0.0,0.0,0.0,0.0,0.0,0.0
2024-02-22T01:00,3600,0.0,0.0,0.0,0.0,0.0,0.0,0.0,0.0,0.0
2024-02-22T02:00,3600,0.0,0.0,0.0,0.0,0.0,0.0,0.0,0.0,0.0
2024-02-22T03:00,3600,0.0,0.0,0.0,0.0,0.0,0.0,0.0,0.0,0.0
2024-02-22T04:00,3600,0.0,0.0,0.0,0.0,0.0,0.0,0.0,0.0,0.0
2024-02-22T05:00,3600,0.0,0.0,0.0,0.0,0.0,0.0,0.0,0.0,0.0
2024-02-22T06:00,3600,0.0,0.0,0.0,0.0,0.0,0.0,0.0,0.0,0.0
2024-02-22T07:00,3600,0.0,0.00744093757,0.0,0.0,0.0,0.00744093757,19.5016529,7.44093757,9.68201941
2024-02-22T08:00,3600,0.0,0.06106799729,0.0,0.0,0.0,0.06106799729,83.70361418,61.06799729,41.63268348
2024-02-22T09:00,3600,0.0,0.10199614913,0.0,0.0,0.0,0.10199614913,132.75412766,101.99614913,65.83773201
2024-02-22T10:00,3600,0.0,0.43412987738,0.0,0.0,0.0,0.43412987738,532.46915663,434.12987738,267.56309964
2024-02-22T11:00,3600,0.0,0.5169641713099999,0.0,0.0,0.0,0.5169641713099999,632.62574968,516.96417131,318.24540516
2024-02-22T12:00,3600,0.0,0.47719546319,0.0,0.0,0.0,0.47719546319,584.51712264,477.19546319,292.76764935
2024-02-22T13:00,3600,0.18997139577508704,0.49134165401,0.18997139577508704,0.0,0.0,0.301370258234913,601.62494144,491.34165401,301.25829071
2024-02-22T14:00,3600,0.09232698529411763,0.40963975528,0.09232698529411763,0.0,0.0,0.31731276998588237,502.89365826,409.63975528,250.49360358
2024-02-22T15:00,3600,0.0957461147058823,0.39110718684,0.0957461147058823,0.0,0.0,0.2953610721341177,480.52368833,391.10718684,239.53683661
2024-02-22T16:00,3600,0.0,0.40482336111,0.0,0.0,0.0,0.40482336111,497.07906754,404.82336111,247.0885518
2024-02-22T17:00,3600,0.0,0.12388468468,0.0,0.0,0.0,0.12388468468,159.00491486,123.88468468,77.98383645
2024-02-22T18:00,3600,0.0,0.0,0.0,0.0,0.0,0.0,10.01043409,0.0,4.84100971
2024-02-22T19:00,3600,0.0,0.0,0.0,0.0,0.0,0.0,0.0,0.0,0.0
2024-02-22T20:00,3600,0.0,0.0,0.0,0.0,0.0,0.0,0.0,0.0,0.0
2024-02-22T21:00,3600,0.0,0.0,0.0,0.0,0.0,0.0,0.0,0.0,0.0
2024-02-22T22:00,3600,0.0,0.0,0.0,0.0,0.0,0.0,0.0,0.0,0.0
2024-02-22T23:00,3600,0.0,0.0,0.0,0.0,0.0,0.0,0.0,0.0,0.0
2024-02-23T00:00,3600,0.0,0.0,0.0,0.0,0.0,0.0,0.0,0.0,0.0
2024-02-23T01:00,3600,0.0,0.0,0.0,0.0,0.0,0.0,0.0,0.0,0.0
2024-02-23T02:00,3600,0.0,0.0,0.0,0.0,0.0,0.0,0.0,0.0,0.0
2024-02-23T03:00,3600,0.0,0.0,0.0,0.0,0.0,0.0,0.0,0.0,0.0
2024-02-23T04:00,3600,0.0,0.0,0.0,0.0,0.0,0.0,0.0,0.0,0.0
2024-02-23T05:00,3600,0.0,0.0,0.0,0.0,0.0,0.0,0.0,0.0,0.0
2024-02-23T06:00,3600,0.0,0.0,0.0,0.0,0.0,0.0,0.0,0.0,0.0
2024-02-23T07:00,3600,0.0,0.00808446309,0.0,0.0,0.0,0.00808446309,20.27162371,8.08446309,9.68201941
2024-02-23T08:00,3600,0.0,0.06883605139,0.0,0.0,0.0,0.06883605139,93.00983157,68.83605139,44.5372893
2024-02-23T09:00,3600,0.0,0.23235536817,0.0,0.0,0.0,0.23235536817,289.28289812,232.35536817,139.57547381
2024-02-23T10:00,3600,0.0,0.34655704776,0.0,0.0,0.0,0.34655704776,426.78718433,346.55704776,207.5669999
2024-02-23T11:00,3600,0.0,0.44683135185999995,0.0,0.0,0.0,0.44683135185999995,547.81455257,446.83135186,267.72458063
2024-02-23T12:00,3600,0.0,0.56355968131,0.0,0.0,0.0,0.56355968131,689.04818904,563.55968131,339.04591769
2024-02-23T13:00,3600,0.0,0.41836000592,0.0,0.0,0.0,0.41836000592,513.42279073,418.36000592,251.3281612
2024-02-23T14:00,3600,0.0,0.38846371178,0.0,0.0,0.0,0.38846371178,477.33361214,388.46371178,233.0170563
2024-02-23T15:00,3600,0.0,0.29527623948000004,0.0,0.0,0.0,0.29527623948000004,364.99893196,295.27623948,177.35968055
2024-02-23T16:00,3600,0.0,0.18525269595,0.0,0.0,0.0,0.18525269595,232.67168844,185.25269595,112.36609763
2024-02-23T17:00,3600,0.0,0.09802881029,0.0,0.0,0.0,0.09802881029,127.99749483,98.02881029,61.54267527
2024-02-23T18:00,3600,0.0,0.0,0.0,0.0,0.0,0.0,7.45244435,0.0,3.54842137
2024-02-23T19:00,3600,0.0,0.0,0.0,0.0,0.0,0.0,0.0,0.0,0.0
2024-02-23T20:00,3600,0.0,0.0,0.0,0.0,0.0,0.0,0.0,0.0,0.0
2024-02-23T21:00,3600,0.0,0.0,0.0,0.0,0.0,0.0,0.0,0.0,0.0
2024-02-23T22:00,3600,0.0,0.0,0.0,0.0,0.0,0.0,0.0,0.0,0.0
2024-02-23T23:00,3600,0.0,0.0,0.0,0.0,0.0,0.0,0.0,0.0,0.0
2024-02-24T00:00,3600,0.0,0.0,0.0,0.0,0.0,0.0,0.0,0.0,0.0
2024-02-24T01:00,3600,0.0,0.0,0.0,0.0,0.0,0.0,0.0,0.0,0.0
2024-02-24T02:00,3600,0.0,0.0,0.0,0.0,0.0,0.0,0.0,0.0,0.0
2024-02-24T03:00,3600,0.0,0.0,0.0,0.0,0.0,0.0,0.0,0.0,0.0
2024-02-24T04:00,3600,0.0,0.0,0.0,0.0,0.0,0.0,0.0,0.0,0.0
2024-02-24T05:00,3600,0.0,0.0,0.0,0.0,0.0,0.0,0.0,0.0,0.0
2024-02-24T06:00,3600,0.0,0.0,0.0,0.0,0.0,0.0,0.0,0.0,0.0
2024-02-24T07:00,3600,0.0,0.025200427869999997,0.0,0.0,0.0,0.025200427869999997,40.75471836,25.20042787,19.39008637
2024-02-24T08:00,3600,0.0,0.08105082622,0.0,0.0,0.0,0.08105082622,107.64652858,81.05082622,51.36291006
2024-02-24T09:00,3600,0.0,0.15022728892,0.0,0.0,0.0,0.15022728892,190.61445812,150.22728892,91.2462667
2024-02-24T10:00,3600,0.0,0.25914508612,0.0,0.0,0.0,0.25914508612,321.50730649,259.14508612,155.31981252
2024-02-24T11:00,3600,0.0,0.26535455473,0.0,0.0,0.0,0.26535455473,328.97922584,265.35455473,159.07787576
2024-02-24T12:00,3600,0.0,0.20715268327,0.0,0.0,0.0,0.20715268327,258.98515509,207.15268327,124.89805044
2024-02-24T13:00,3600,0.0,0.26012381205999996,0.0,0.0,0.0,0.26012381205999996,322.68494857,260.12381206,156.17434211
2024-02-24T14:00,3600,0.0,0.17788576560000002,0.0,0.0,0.0,0.17788576560000002,223.82300966,177.8857656,107.91054779
2024-02-24T15:00,3600,0.0,0.20252637228,0.0,0.0,0.0,0.20252637228,253.42543326,202.52637228,122.26900473
2024-02-24T16:00,3600,0.0,0.09231880125000001,0.0,0.0,0.0,0.09231880125000001,121.15222988,92.31880125,58.09211648
2024-02-24T17:00,3600,0.0,0.0266967949,0.0,0.0,0.0,0.0266967949,42.54582792,26.6967949,20.33224077
2024-02-24T18:00,3600,0.0,0.0,0.0,0.0,0.0,0.0,2.03519847,0.0,0.96820194
2024-02-24T19:00,3600,0.0,0.0,0.0,0.0,0.0,0.0,0.0,0.0,0.0
2024-02-24T20:00,3600,0.0,0.0,0.0,0.0,0.0,0.0,0.0,0.0,0.0
2024-02-24T21:00,3600,0.0,0.0,0.0,0.0,0.0,0.0,0.0,0.0,0.0
2024-02-24T22:00,3600,0.0,0.0,0.0,0.0,0.0,0.0,0.0,0.0,0.0
2024-02-24T23:00,3600,0.0,0.0,0.0,0.0,0.0,0.0,0.0,0.0,0.0
2024-02-25T00:00,3600,0.0,0.0,0.0,0.0,0.0,0.0,0.0,0.0,0.0
2024-02-25T01:00,3600,0.0,0.0,0.0,0.0,0.0,0.0,0.0,0.0,0.0
2024-02-25T02:00,3600,0.0,0.0,0.0,0.0,0.0,0.0,0.0,0.0,0.0
2024-02-25T03:00,3600,0.0,0.0,0.0,0.0,0.0,0.0,0.0,0.0,0.0
2024-02-25T04:00,3600,0.0,0.0,0.0,0.0,0.0,0.0,0.0,0.0,0.0
2024-02-25T05:00,3600,0.0,0.0,0.0,0.0,0.0,0.0,0.0,0.0,0.0
2024-02-25T06:00,3600,0.0,0.0,0.0,0.0,0.0,0.0,0.0,0.0,0.0
2024-02-25T07:00,3600,0.0,0.0065534823700000005,0.0,0.0,0.0,0.0065534823700000005,18.4398411,6.55348237,8.71381747
2024-02-25T08:00,3600,0.0,0.0475124626,0.0,0.0,0.0,0.0475124626,67.46778377,47.5124626,31.95066407
2024-02-25T09:00,3600,0.0,0.21311613331,0.0,0.0,0.0,0.21311613331,266.15264954,213.11613331,126.92642881
2024-02-25T10:00,3600,0.0,0.2113070179,0.0,0.0,0.0,0.2113070179,263.97816526,211.3070179,126.55954364
2024-02-25T11:00,3600,0.0,0.25942258231,0.0,0.0,0.0,0.25942258231,321.84119834,259.42258231,154.63631968
2024-02-25T12:00,3600,0.0,0.26315382543,0.0,0.0,0.0,0.26315382543,326.33094569,263.15382543,156.8487145
2024-02-25T13:00,3600,0.0,0.23873222576,0.0,0.0,0.0,0.23873222576,296.95163808,238.73222576,143.29388732
2024-02-25T14:00,3600,0.0,0.20605669323999998,0.0,0.0,0.0,0.20605669323999998,257.66798451,206.05669324,124.1102613
2024-02-25T15:00,3600,0.0,0.14165044052,0.0,0.0,0.0,0.14165044052,180.32071222,141.65044052,86.64963355
2024-02-25T16:00,3600,0.0,0.11231608377,0.0,0.0,0.0,0.11231608377,145.12916452,112.31608377,69.71053978
2024-02-25T17:00,3600,0.0,0.05423204653,0.0,0.0,0.0,0.05423204653,75.51539875,54.23204653,36.17283406
2024-02-25T18:00,3600,0.0,0.0,0.0,0.0,0.0,0.0,4.06598654,0.0,1.93640388
2024-02-25T19:00,3600,0.0,0.0,0.0,0.0,0.0,0.0,0.0,0.0,0.0
2024-02-25T20:00,3600,0.0,0.0,0.0,0.0,0.0,0.0,0.0,0.0,0.0
2024-02-25T21:00,3600,0.0,0.0,0.0,0.0,0.0,0.0,0.0,0.0,0.0
2024-02-25T22:00,3600,0.0,0.0,0.0,0.0,0.0,0.0,0.0,0.0,0.0
2024-02-25T23:00,3600,0.0,0.0,0.0,0.0,0.0,0.0,0.0,0.0,0.0
2024-02-26T00:00,3600,0.0,0.0,0.0,0.0,0.0,0.0,0.0,0.0,0.0
2024-02-26T01:00,3600,0.0,0.0,0.0,0.0,0.0,0.0,0.0,0.0,0.0
2024-02-26T02:00,3600,0.0,0.0,0.0,0.0,0.0,0.0,0.0,0.0,0.0
2024-02-26T03:00,3600,0.0,0.0,0.0,0.0,0.0,0.0,0.0,0.0,0.0
2024-02-26T04:00,3600,0.0,0.0,0.0,0.0,0.0,0.0,0.0,0.0,0.0
2024-02-26T05:00,3600,0.0,0.0,0.0,0.0,0.0,0.0,0.0,0.0,0.0
2024-02-26T06:00,3600,0.0,0.0,0.0,0.0,0.0,0.0,0.0,0.0,0.0
2024-02-26T07:00,3600,0.0,0.023350622399999996,0.0,0.0,0.0,0.023350622399999996,38.54063524,23.3506224,18.36119572
2024-02-26T08:00,3600,0.0,0.10877219763,0.0,0.0,0.0,0.10877219763,140.87923091,108.77219763,67.40845883
2024-02-26T09:00,3600,0.0,0.23479560992,0.0,0.0,0.0,0.23479560992,292.21737683,234.79560992,140.73362961
2024-02-26T10:00,3600,0.0,0.32241860612,0.0,0.0,0.0,0.32241860612,397.69388042,322.41860612,193.39513877
2024-02-26T11:00,3600,0.0,0.43449862497999997,0.0,0.0,0.0,0.43449862497999997,532.9146,434.49862498,260.80239089
2024-02-26T12:00,3600,0.0,0.47392551834999996,0.0,0.0,0.0,0.47392551834999996,580.5633678,473.92551835,285.16909001
2024-02-26T13:00,3600,0.0,0.6400223379000001,0.0,0.0,0.0,0.6400223379000001,781.76663385,640.0223379,389.04219922
2024-02-26T14:00,3600,0.0,0.5743431421,0.0,0.0,0.0,0.5743431421,702.11439741,574.3431421,348.62672931
2024-02-26T15:00,3600,0.0,0.36644115756000006,0.0,0.0,0.0,0.36644115756000006,450.76477597,366.44115756,221.48294734
2024-02-26T16:00,3600,0.0,0.29308898635999997,0.0,0.0,0.0,0.29308898635999997,362.36509666,293.08898636,176.78529287
2024-02-26T17:00,3600,0.0,0.15136638879,0.0,0.0,0.0,0.15136638879,191.98172934,151.36638879,92.89922003
2024-02-26T18:00,3600,0.0,0.0,0.0,0.0,0.0,0.0,9.37041383,0.0,4.46647899
2024-02-26T19:00,3600,0.0,0.0,0.0,0.0,0.0,0.0,0.0,0.0,0.0
2024-02-26T20:00,3600,0.0,0.0,0.0,0.0,0.0,0.0,0.0,0.0,0.0
2024-02-26T21:00,3600,0.0,0.0,0.0,0.0,0.0,0.0,0.0,0.0,0.0
2024-02-26T22:00,3600,0.0,0.0,0.0,0.0,0.0,0.0,0.0,0.0,0.0
2024-02-26T23:00,3600,0.0,0.0,0.0,0.0,0.0,0.0,0.0,0.0,0.0
2024-02-27T00:00,3600,0.0,0.0,0.0,0.0,0.0,0.0,0.0,0.0,0.0
2024-02-27T01:00,3600,0.0,0.0,0.0,0.0,0.0,0.0,0.0,0.0,0.0
2024-02-27T02:00,3600,0.0,0.0,0.0,0.0,0.0,0.0,0.0,0.0,0.0
2024-02-27T03:00,3600,0.0,0.0,0.0,0.0,0.0,0.0,0.0,0.0,0.0
2024-02-27T04:00,3600,0.0,0.0,0.0,0.0,0.0,0.0,0.0,0.0,0.0
2024-02-27T05:00,3600,0.0,0.0,0.0,0.0,0.0,0.0,0.0,0.0,0.0
2024-02-27T06:00,3600,0.0,0.0,0.0,0.0,0.0,0.0,0.0,0.0,0.0
2024-02-27T07:00,3600,0.0,0.017498841039999997,0.0,0.0,0.0,0.017498841039999997,31.53707641,17.49884104,14.97470901
2024-02-27T08:00,3600,0.0,0.08001030724,0.0,0.0,0.0,0.08001030724,106.39954225,80.01030724,50.66433107
2024-02-27T09:00,3600,0.0,0.1739350825,0.0,0.0,0.0,0.1739350825,219.07830653,173.9350825,104.80697628
2024-02-27T10:00,3600,0.0,0.29074503981,0.0,0.0,0.0,0.29074503981,359.54271894,290.74503981,173.72195859
2024-02-27T11:00,3600,0.0,0.47285392412,0.0,0.0,0.0,0.47285392412,579.26774588,472.85392412,282.44110367
2024-02-27T12:00,3600,0.0,0.88413258369,0.0,0.0,0.0,0.88413258369,1078.86378634,884.13258369,538.16806622
2024-02-27T13:00,3600,0.0,0.82304858215,0.0,0.0,0.0,0.82304858215,1004.36420884,823.04858215,503.37057907
2024-02-27T14:00,3600,0.0,0.2138489345,0.0,0.0,0.0,0.2138489345,267.03347234,213.8489345,129.73906015
2024-02-27T15:00,3600,0.0,0.27606413494,0.0,0.0,0.0,0.27606413494,341.86862742,276.06413494,166.67089608
2024-02-27T16:00,3600,0.0,0.16325689947999997,0.0,0.0,0.0,0.16325689947999997,206.25608942,163.25689948,99.78501416
2024-02-27T17:00,3600,0.0,0.07355837814999999,0.0,0.0,0.0,0.07355837814999999,98.66801992,73.55837815,47.45851023
2024-02-27T18:00,3600,0.0,0.0,0.0,0.0,0.0,0.0,5.28265826,0.0,2.51261683
2024-02-27T19:00,3600,0.0,0.0,0.0,0.0,0.0,0.0,0.0,0.0,0.0
2024-02-27T20:00,3600,0.0,0.0,0.0,0.0,0.0,0.0,0.0,0.0,0.0
2024-02-27T21:00,3600,0.0,0.0,0.0,0.0,0.0,0.0,0.0,0.0,0.0
2024-02-27T22:00,3600,0.0,0.0,0.0,0.0,0.0,0.0,0.0,0.0,0.0
2024-02-27T23:00,3600,0.0,0.0,0.0,0.0,0.0,0.0,0.0,0.0,0.0
2024-02-28T00:00,3600,0.0,0.0,0.0,0.0,0.0,0.0,0.0,0.0,0.0
2024-02-28T01:00,3600,0.0,0.0,0.0,0.0,0.0,0.0,0.0,0.0,0.0
2024-02-28T02:00,3600,0.0,0.0,0.0,0.0,0.0,0.0,0.0,0.0,0.0
2024-02-28T03:00,3600,0.0,0.0,0.0,0.0,0.0,0.0,0.0,0.0,0.0
2024-02-28T04:00,3600,0.0,0.0,0.0,0.0,0.0,0.0,0.0,0.0,0.0
2024-02-28T05:00,3600,0.0,0.0,0.0,0.0,0.0,0.0,0.0,0.0,0.0
2024-02-28T06:00,3600,0.0,0.0,0.0,0.0,0.0,0.0,0.0,0.0,0.0
2024-02-28T07:00,3600,0.0,0.00982443482,0.0,0.0,0.0,0.00982443482,22.35353483,9.82443482,10.65022136
2024-02-28T08:00,3600,0.0,0.11401315551,0.0,0.0,0.0,0.11401315551,147.16446242,114.01315551,70.48030603
2024-02-28T09:00,3600,0.0,0.20283166158000002,0.0,0.0,0.0,0.20283166158000002,253.79230039,202.83166158,122.24570582
2024-02-28T10:00,3600,0.0,0.23355649827,0.0,0.0,0.0,0.23355649827,290.7272803,233.55649827,140.85633967
2024-02-28T11:00,3600,0.0,0.60526943516,0.0,0.0,0.0,0.60526943516,739.60528784,605.26943516,365.64811045
2024-02-28T12:00,3600,0.0,0.78981504748,0.0,0.0,0.0,0.78981504748,963.87581445,789.81504748,483.26288043
2024-02-28T13:00,3600,0.0,0.9550232051100002,0.0,0.0,0.0,0.9550232051100002,1165.45576389,955.02320511,594.90099654
2024-02-28T14:00,3600,0.0,0.4703633536,0.0,0.0,0.0,0.4703633536,576.25661785,470.3633536,286.11649528
2024-02-28T15:00,3600,0.0,0.32823567765,0.0,0.0,0.0,0.32823567765,404.70356602,328.23567765,199.66696603
2024-02-28T16:00,3600,0.0,0.21574560358,0.0,0.0,0.0,0.21574560358,269.3133248,215.74560358,132.14916826
2024-02-28T17:00,3600,0.0,0.08258465105,0.0,0.0,0.0,0.08258465105,109.48475882,82.58465105,53.36704636
2024-02-28T18:00,3600,0.0,0.0,0.0,0.0,0.0,0.0,6.04555234,0.0,2.90460582
2024-02-28T19:00,3600,0.0,0.0,0.0,0.0,0.0,0.0,0.0,0.0,0.0
2024-02-28T20:00,3600,0.0,0.0,0.0,0.0,0.0,0.0,0.0,0.0,0.0
2024-02-28T21:00,3600,0.0,0.0,0.0,0.0,0.0,0.0,0.0,0.0,0.0
2024-02-28T22:00,3600,0.0,0.0,0.0,0.0,0.0,0.0,0.0,0.0,0.0
2024-02-28T23:00,3600,0.0,0.0,0.0,0.0,0.0,0.0,0.0,0.0,0.0
2024-02-29T00:00,3600,0.0,0.0,0.0,0.0,0.0,0.0,0.0,0.0,0.0
2024-02-29T01:00,3600,0.0,0.0,0.0,0.0,0.0,0.0,0.0,0.0,0.0
2024-02-29T02:00,3600,0.0,0.0,0.0,0.0,0.0,0.0,0.0,0.0,0.0
2024-02-29T03:00,3600,0.0,0.0,0.0,0.0,0.0,0.0,0.0,0.0,0.0
2024-02-29T04:00,3600,0.0,0.0,0.0,0.0,0.0,0.0,0.0,0.0,0.0
2024-02-29T05:00,3600,0.0,0.0,0.0,0.0,0.0,0.0,0.0,0.0,0.0
2024-02-29T06:00,3600,0.0,0.0,0.0,0.0,0.0,0.0,0.0,0.0,0.0
2024-02-29T07:00,3600,0.0,0.013053740109999998,0.0,0.0,0.0,0.013053740109999998,26.21767674,13.05374011,12.58662524
2024-02-29T08:00,3600,0.0,0.10689864892999999,0.0,0.0,0.0,0.10689864892999999,138.63255141,106.89864893,66.91000809
2024-02-29T09:00,3600,0.0,0.19759230001,0.0,0.0,0.0,0.19759230001,247.49649096,197.59230001,120.17053323
2024-02-29T10:00,3600,0.0,0.28387576105,0.0,0.0,0.0,0.28387576105,351.27218469,283.87576105,171.36915626
2024-02-29T11:00,3600,0.0,0.2362778542,0.0,0.0,0.0,0.2362778542,293.99990747,236.2778542,142.94130286
2024-02-29T12:00,3600,0.0,0.21086183204,0.0,0.0,0.0,0.21086183204,263.44308319,210.86183204,127.48385719
2024-02-29T13:00,3600,0.0,0.25844806564,0.0,0.0,0.0,0.25844806564,320.66863943,258.44806564,154.82393515
2024-02-29T14:00,3600,0.0,0.08248158202999999,0.0,0.0,0.0,0.08248158202999999,109.36123258,82.48158203,52.28290483
2024-02-29T15:00,3600,0.0,0.12291714147999999,0.0,0.0,0.0,0.12291714147999999,157.84427522,122.91714148,75.51975143
2024-02-29T16:00,3600,0.0,0.09795839512000001,0.0,0.0,0.0,0.09795839512000001,127.9130745,97.95839512,61.06065362
2024-02-29T17:00,3600,0.0,0.025122514739999997,0.0,0.0,0.0,0.025122514739999997,40.66146016,25.12251474,19.36403883
2024-02-29T18:00,3600,0.0,0.0,0.0,0.0,0.0,0.0,2.0290968,0.0,0.96820194
2024-02-29T19:00,3600,0.0,0.0,0.0,0.0,0.0,0.0,0.0,0.0,0.0
2024-02-29T20:00,3600,0.0,0.0,0.0,0.0,0.0,0.0,0.0,0.0,0.0
2024-02-29T21:00,3600,0.0,0.0,0.0,0.0,0.0,0.0,0.0,0.0,0.0
2024-02-29T22:00,3600,0.0,0.0,0.0,0.0,0.0,0.0,0.0,0.0,0.0
2024-02-29T23:00,3600,0.0,0.0,0.0,0.0,0.0,0.0,0.0,0.0,0.0
2024-03-01T00:00,3600,0.0,0.0,0.0,0.0,0.0,0.0,0.0,0.0,0.0
2024-03-01T01:00,3600,0.0,0.0,0.0,0.0,0.0,0.0,0.0,0.0,0.0
2024-03-01T02:00,3600,0.0,0.0,0.0,0.0,0.0,0.0,0.0,0.0,0.0
2024-03-01T03:00,3600,0.0,0.0,0.0,0.0,0.0,0.0,0.0,0.0,0.0
2024-03-01T04:00,3600,0.0,0.0,0.0,0.0,0.0,0.0,0.0,0.0,0.0
2024-03-01T05:00,3600,0.0,0.0,0.0,0.0,0.0,0.0,0.0,0.0,0.0
2024-03-01T06:00,3600,0.0,0.0,0.0,0.0,0.0,0.0,0.0,0.0,0.0
2024-03-01T07:00,3600,0.0,0.01218176866,0.0,0.0,0.0,0.01218176866,25.17426048,12.18176866,11.93456256
2024-03-01T08:00,3600,0.0,0.08204185868000001,0.0,0.0,0.0,0.08204185868000001,108.83423579,82.04185868,51.78879085
2024-03-01T09:00,3600,0.0,0.19653903687,0.0,0.0,0.0,0.19653903687,246.23094048,196.53903687,117.84758874
2024-03-01T10:00,3600,0.0,0.24334563304,0.0,0.0,0.0,0.24334563304,302.50035608,243.34563304,145.4230261
2024-03-01T11:00,3600,0.0,0.35598387114,0.0,0.0,0.0,0.35598387114,438.15333832,355.98387114,211.6171561
2024-03-01T12:00,3600,0.0,0.49201596689,0.0,0.0,0.0,0.49201596689,602.44056475,492.01596689,292.88589732
2024-03-01T13:00,3600,0.0,0.40890124766,0.0,0.0,0.0,0.40890124766,502.002054,408.90124766,243.34529956
2024-03-01T14:00,3600,0.0,0.18151273082,0.0,0.0,0.0,0.18151273082,228.17930258,181.51273082,109.40681938
2024-03-01T15:00,3600,0.0,0.17921808361999997,0.0,0.0,0.0,0.17921808361999997,225.42319553,179.21808362,108.01105447
2024-03-01T16:00,3600,0.0,0.06853499274000001,0.0,0.0,0.0,0.06853499274000001,92.64912988,68.53499274,44.0841566
2024-03-01T17:00,3600,0.0,0.01671389934,0.0,0.0,0.0,0.01671389934,30.59770777,16.71389934,14.52302912
2024-03-01T18:00,3600,0.0,0.0,0.0,0.0,0.0,0.0,2.04671605,0.0,0.96820194
2024-03-01T19:00,3600,0.0,0.0,0.0,0.0,0.0,0.0,0.0,0.0,0.0
2024-03-01T20:00,3600,0.0,0.0,0.0,0.0,0.0,0.0,0.0,0.0,0.0
2024-03-01T21:00,3600,0.0,0.0,0.0,0.0,0.0,0.0,0.0,0.0,0.0
2024-03-01T22:00,3600,0.0,0.0,0.0,0.0,0.0,0.0,0.0,0.0,0.0
2024-03-01T23:00,3600,0.0,0.0,0.0,0.0,0.0,0.0,0.0,0.0,0.0
2024-03-02T00:00,3600,0.0,0.0,0.0,0.0,0.0,0.0,0.0,0.0,0.0
2024-03-02T01:00,3600,0.0,0.0,0.0,0.0,0.0,0.0,0.0,0.0,0.0
2024-03-02T02:00,3600,0.0,0.0,0.0,0.0,0.0,0.0,0.0,0.0,0.0
2024-03-02T03:00,3600,0.0,0.0,0.0,0.0,0.0,0.0,0.0,0.0,0.0
2024-03-02T04:00,3600,0.0,0.0,0.0,0.0,0.0,0.0,0.0,0.0,0.0
2024-03-02T05:00,3600,0.0,0.0,0.0,0.0,0.0,0.0,0.0,0.0,0.0
2024-03-02T06:00,3600,0.0,0.0,0.0,0.0,0.0,0.0,0.0,0.0,0.0
2024-03-02T07:00,3600,0.0,0.00899408672,0.0,0.0,0.0,0.00899408672,21.35999661,8.99408672,10.09510151
2024-03-02T08:00,3600,0.0,0.07220150681,0.0,0.0,0.0,0.07220150681,97.04218549,72.20150681,46.02890649
2024-03-02T09:00,3600,0.0,0.29097963173,0.0,0.0,0.0,0.29097963173,359.82518754,290.97963173,172.48084549
2024-03-02T10:00,3600,0.0,0.6848451899,0.0,0.0,0.0,0.6848451899,836.19407301,684.8451899,411.50577358
2024-03-02T11:00,3600,0.0,1.18820390226,0.0,0.0,0.0,1.18820390226,1451.29187222,1188.20390226,736.80327924
2024-03-02T12:00,3600,0.0,1.39370071304,0.0,0.0,0.0,1.39370071304,1704.49077809,1393.70071304,878.47411479
2024-03-02T13:00,3600,0.0,1.3307425237,0.0,0.0,0.0,1.3307425237,1626.78770205,1330.7425237,842.94264117
2024-03-02T14:00,3600,0.0,0.6417827954099999,0.0,0.0,0.0,0.6417827954099999,783.90326747,641.78279541,390.63853
2024-03-02T15:00,3600,0.0,0.48051800226,0.0,0.0,0.0,0.48051800226,588.53477066,480.51800226,290.65189408
2024-03-02T16:00,3600,0.0,0.35777040408,0.0,0.0,0.0,0.35777040408,440.30767774,357.77040408,216.19978499
2024-03-02T17:00,3600,0.0,0.13940674126,0.0,0.0,0.0,0.13940674126,177.62819904,139.40674126,86.16917883
2024-03-02T18:00,3600,0.0,0.00214535768,0.0,0.0,0.0,0.00214535768,13.16597092,2.14535768,6.31303758
2024-03-02T19:00,3600,0.0,0.0,0.0,0.0,0.0,0.0,0.0,0.0,0.0
2024-03-02T20:00,3600,0.0,0.0,0.0,0.0,0.0,0.0,0.0,0.0,0.0
2024-03-02T21:00,3600,0.0,0.0,0.0,0.0,0.0,0.0,0.0,0.0,0.0
2024-03-02T22:00,3600,0.0,0.0,0.0,0.0,0.0,0.0,0.0,0.0,0.0
2024-03-02T23:00,3600,0.0,0.0,0.0,0.0,0.0,0.0,0.0,0.0,0.0
2024-03-03T00:00,3600,0.0,0.0,0.0,0.0,0.0,0.0,0.0,0.0,0.0
2024-03-03T01:00,3600,0.0,0.0,0.0,0.0,0.0,0.0,0.0,0.0,0.0
2024-03-03T02:00,3600,0.0,0.0,0.0,0.0,0.0,0.0,0.0,0.0,0.0
2024-03-03T03:00,3600,0.0,0.0,0.0,0.0,0.0,0.0,0.0,0.0,0.0
2024-03-03T04:00,3600,0.0,0.0,0.0,0.0,0.0,0.0,0.0,0.0,0.0
2024-03-03T05:00,3600,0.0,0.0,0.0,0.0,0.0,0.0,0.0,0.0,0.0
2024-03-03T06:00,3600,0.0,0.0,0.0,0.0,0.0,0.0,0.0,0.0,0.0
2024-03-03T07:00,3600,0.0,0.01652155373,0.0,0.0,0.0,0.01652155373,30.36752319,16.52155373,14.52302912
2024-03-03T08:00,3600,0.0,0.08185576742,0.0,0.0,0.0,0.08185576742,108.6112119,81.85576742,52.08624487
2024-03-03T09:00,3600,0.0,0.18789852214999997,0.0,0.0,0.0,0.18789852214999997,235.85003946,187.89852215,113.71821341
2024-03-03T10:00,3600,0.0,0.21457020857,0.0,0.0,0.0,0.21457020857,267.90045373,214.57020857,129.97939425
2024-03-03T11:00,3600,0.0,0.37309896364000006,0.0,0.0,0.0,0.37309896364000006,458.79560959,373.09896364,224.60172679
2024-03-03T12:00,3600,0.0,0.32154400379,0.0,0.0,0.0,0.32154400379,396.64004687,321.54400379,193.57743605
2024-03-03T13:00,3600,0.0,0.32273305022,0.0,0.0,0.0,0.32273305022,398.07276826,322.73305022,195.09841007
2024-03-03T14:00,3600,0.0,0.43516764881000003,0.0,0.0,0.0,0.43516764881000003,533.72278353,435.16764881,263.31666058
2024-03-03T15:00,3600,0.0,0.21840946835,0.0,0.0,0.0,0.21840946835,272.51553296,218.40946835,132.62695596
2024-03-03T16:00,3600,0.0,0.15144692767,0.0,0.0,0.0,0.15144692767,192.07840216,151.44692767,93.20719424
2024-03-03T17:00,3600,0.0,0.03028977802,0.0,0.0,0.0,0.03028977802,46.84677172,30.28977802,22.62803741
2024-03-03T18:00,3600,0.0,0.0,0.0,0.0,0.0,0.0,4.01847465,0.0,1.93640388
2024-03-03T19:00,3600,0.0,0.0,0.0,0.0,0.0,0.0,0.0,0.0,0.0
2024-03-03T20:00,3600,0.0,0.0,0.0,0.0,0.0,0.0,0.0,0.0,0.0
2024-03-03T21:00,3600,0.0,0.0,0.0,0.0,0.0,0.0,0.0,0.0,0.0
2024-03-03T22:00,3600,0.0,0.0,0.0,0.0,0.0,0.0,0.0,0.0,0.0
2024-03-03T23:00,3600,0.0,0.0,0.0,0.0,0.0,0.0,0.0,0.0,0.0
2024-03-04T00:00,3600,0.0,0.0,0.0,0.0,0.0,0.0,0.0,0.0,0.0
2024-03-04T01:00,3600,0.0,0.0,0.0,0.0,0.0,0.0,0.0,0.0,0.0
2024-03-04T02:00,3600,0.0,0.0,0.0,0.0,0.0,0.0,0.0,0.0,0.0
2024-03-04T03:00,3600,0.0,0.0,0.0,0.0,0.0,0.0,0.0,0.0,0.0
2024-03-04T04:00,3600,0.0,0.0,0.0,0.0,0.0,0.0,0.0,0.0,0.0
2024-03-04T05:00,3600,0.0,0.0,0.0,0.0,0.0,0.0,0.0,0.0,0.0
2024-03-04T06:00,3600,0.0,0.0,0.0,0.0,0.0,0.0,0.0,0.0,0.0
2024-03-04T07:00,3600,0.0,0.0077429275999999995,0.0,0.0,0.0,0.0077429275999999995,19.8629791,7.7429276,9.68201941
2024-03-04T08:00,3600,0.0,0.08184640432,0.0,0.0,0.0,0.08184640432,108.59999058,81.84640432,53.06400355
2024-03-04T09:00,3600,0.0,0.15246904153000002,0.0,0.0,0.0,0.15246904153000002,193.30528593,152.46904153,94.60678004
2024-03-04T10:00,3600,0.0,0.44957728874999997,0.0,0.0,0.0,0.44957728874999997,551.13266042,449.57728875,274.77122886
2024-03-04T11:00,3600,0.0,0.39179772725,0.0,0.0,0.0,0.39179772725,481.35704573,391.79772725,240.07972456
2024-03-04T12:00,3600,0.0,0.62851613063,0.0,0.0,0.0,0.62851613063,767.80388694,628.51613063,388.58757158
2024-03-04T13:00,3600,0.0,0.51534588781,0.0,0.0,0.0,0.51534588781,630.66724665,515.34588781,318.71518986
2024-03-04T14:00,3600,0.0,0.45202638485999996,0.0,0.0,0.0,0.45202638485999996,554.09224896,452.02638486,278.53139467
2024-03-04T15:00,3600,0.0,0.25307743928,0.0,0.0,0.0,0.25307743928,314.20704961,253.07743928,156.48699438
2024-03-04T16:00,3600,0.0,0.17136823967999998,0.0,0.0,0.0,0.17136823967999998,215.99579681,171.36823968,107.31312913
2024-03-04T17:00,3600,0.0,0.10627379025,0.0,0.0,0.0,0.10627379025,137.88326849,106.27379025,68.32791395
2024-03-04T18:00,3600,0.0,0.00177607032,0.0,0.0,0.0,0.00177607032,12.72417981,1.77607032,6.27956533
2024-03-04T19:00,3600,0.0,0.0,0.0,0.0,0.0,0.0,0.0,0.0,0.0
2024-03-04T20:00,3600,0.0,0.0,0.0,0.0,0.0,0.0,0.0,0.0,0.0
2024-03-04T21:00,3600,0.0,0.0,0.0,0.0,0.0,0.0,0.0,0.0,0.0
2024-03-04T22:00,3600,0.0,0.0,0.0,0.0,0.0,0.0,0.0,0.0,0.0
2024-03-04T23:00,3600,0.0,0.0,0.0,0.0,0.0,0.0,0.0,0.0,0.0
2024-03-05T00:00,3600,0.0,0.0,0.0,0.0,0.0,0.0,0.0,0.0,0.0
2024-03-05T01:00,3600,0.0,0.0,0.0,0.0,0.0,0.0,0.0,0.0,0.0
2024-03-05T02:00,3600,0.0,0.0,0.0,0.0,0.0,0.0,0.0,0.0,0.0
2024-03-05T03:00,3600,0.0,0.0,0.0,0.0,0.0,0.0,0.0,0.0,0.0
2024-03-05T04:00,3600,0.0,0.0,0.0,0.0,0.0,0.0,0.0,0.0,0.0
2024-03-05T05:00,3600,0.0,0.0,0.0,0.0,0.0,0.0,0.0,0.0,0.0
2024-03-05T06:00,3600,0.0,0.0,0.0,0.0,0.0,0.0,0.0,0.0,0.0
2024-03-05T07:00,3600,0.0,0.022150393329999997,0.0,0.0,0.0,0.022150393329999997,37.10409669,22.15039333,18.39583689
2024-03-05T08:00,3600,0.0,0.15846485948,0.0,0.0,0.0,0.15846485948,200.50286856,158.46485948,99.99880047
2024-03-05T09:00,3600,0.0,0.29157424628,0.0,0.0,0.0,0.29157424628,360.54116064,291.57424628,181.10265205
2024-03-05T10:00,3600,0.0,0.5955573132299999,0.0,0.0,0.0,0.5955573132299999,727.82876529,595.55731323,375.16273366
2024-03-05T11:00,3600,0.0,0.86443739185,0.0,0.0,0.0,0.86443739185,1054.83156023,864.43739185,550.63866298
2024-03-05T12:00,3600,0.0,0.76176781703,0.0,0.0,0.0,0.76176781703,929.72998084,761.76781703,484.06218674
2024-03-05T13:00,3600,0.0,0.7429737657500001,0.0,0.0,0.0,0.7429737657500001,906.86165797,742.97376575,476.66703394
2024-03-05T14:00,3600,0.0,0.53332154198,0.0,0.0,0.0,0.53332154198,652.4260547,533.32154198,339.92710608
2024-03-05T15:00,3600,0.0,0.43702416738,0.0,0.0,0.0,0.43702416738,535.96552971,437.02416738,277.99840749
2024-03-05T16:00,3600,0.0,0.37479261820000004,0.0,0.0,0.0,0.37479261820000004,460.83873617,374.7926182,238.47052534
2024-03-05T17:00,3600,0.0,0.17692823998,0.0,0.0,0.0,0.17692823998,222.67299918,176.92823998,114.13138653
2024-03-05T18:00,3600,0.0,0.005547647239999999,0.0,0.0,0.0,0.005547647239999999,17.2364168,5.54764724,8.65237579
2024-03-05T19:00,3600,0.0,0.0,0.0,0.0,0.0,0.0,0.0,0.0,0.0
2024-03-05T20:00,3600,0.0,0.0,0.0,0.0,0.0,0.0,0.0,0.0,0.0
2024-03-05T21:00,3600,0.0,0.0,0.0,0.0,0.0,0.0,0.0,0.0,0.0
2024-03-05T22:00,3600,0.0,0.0,0.0,0.0,0.0,0.0,0.0,0.0,0.0
2024-03-05T23:00,3600,0.0,0.0,0.0,0.0,0.0,0.0,0.0,0.0,0.0
2024-03-06T00:00,3600,0.0,0.0,0.0,0.0,0.0,0.0,0.0,0.0,0.0
2024-03-06T01:00,3600,0.0,0.0,0.0,0.0,0.0,0.0,0.0,0.0,0.0
2024-03-06T02:00,3600,0.0,0.0,0.0,0.0,0.0,0.0,0.0,0.0,0.0
2024-03-06T03:00,3600,0.0,0.0,0.0,0.0,0.0,0.0,0.0,0.0,0.0
2024-03-06T04:00,3600,0.0,0.0,0.0,0.0,0.0,0.0,0.0,0.0,0.0
2024-03-06T05:00,3600,0.0,0.0,0.0,0.0,0.0,0.0,0.0,0.0,0.0
2024-03-06T06:00,3600,0.0,0.0,0.0,0.0,0.0,0.0,1.98369943,0.0,0.96820194
2024-03-06T07:00,3600,0.0,0.02750626678,0.0,0.0,0.0,0.02750626678,43.514768,27.50626678,21.30044271
2024-03-06T08:00,3600,0.0,0.10365690712999999,0.0,0.0,0.0,0.10365690712999999,134.74541509,103.65690713,66.29367337
2024-03-06T09:00,3600,0.0,0.2339181658,0.0,0.0,0.0,0.2339181658,291.16220013,233.9181658,144.32086012
2024-03-06T10:00,3600,0.0,0.33664364671,0.0,0.0,0.0,0.33664364671,414.8369583,336.64364671,206.79695861
2024-03-06T11:00,3600,0.0,0.4742153711,0.0,0.0,0.0,0.4742153711,580.91382264,474.2153711,290.99385727
2024-03-06T12:00,3600,0.0,0.43339896483,0.0,0.0,0.0,0.43339896483,531.58623264,433.39896483,265.74511415
2024-03-06T13:00,3600,0.0,0.38248936651000004,0.0,0.0,0.0,0.38248936651000004,470.1246313,382.48936651,233.96580672
2024-03-06T14:00,3600,0.0,0.17474559115,0.0,0.0,0.0,0.17474559115,220.0516794,174.74559115,108.38163594
2024-03-06T15:00,3600,0.0,0.22030951981000002,0.0,0.0,0.0,0.22030951981000002,274.79968481,220.30951981,135.60528298
2024-03-06T16:00,3600,0.0,0.10640318956,0.0,0.0,0.0,0.10640318956,138.03843342,106.40318956,67.60014682
2024-03-06T17:00,3600,0.0,0.03246876118,0.0,0.0,0.0,0.03246876118,49.45526869,32.46876118,24.14126626
2024-03-06T18:00,3600,0.0,0.0,0.0,0.0,0.0,0.0,5.99274713,0.0,2.90460582
2024-03-06T19:00,3600,0.0,0.0,0.0,0.0,0.0,0.0,0.0,0.0,0.0
2024-03-06T20:00,3600,0.0,0.0,0.0,0.0,0.0,0.0,0.0,0.0,0.0
2024-03-06T21:00,3600,0.0,0.0,0.0,0.0,0.0,0.0,0.0,0.0,0.0
2024-03-06T22:00,3600,0.0,0.0,0.0,0.0,0.0,0.0,0.0,0.0,0.0
2024-03-06T23:00,3600,0.0,0.0,0.0,0.0,0.0,0.0,0.0,0.0,0.0
2024-03-07T00:00,3600,0.0,0.0,0.0,0.0,0.0,0.0,0.0,0.0,0.0
2024-03-07T01:00,3600,0.0,0.0,0.0,0.0,0.0,0.0,0.0,0.0,0.0
2024-03-07T02:00,3600,0.0,0.0,0.0,0.0,0.0,0.0,0.0,0.0,0.0
2024-03-07T03:00,3600,0.0,0.0,0.0,0.0,0.0,0.0,0.0,0.0,0.0
2024-03-07T04:00,3600,0.0,0.0,0.0,0.0,0.0,0.0,0.0,0.0,0.0
2024-03-07T05:00,3600,0.0,0.0,0.0,0.0,0.0,0.0,0.0,0.0,0.0
2024-03-07T06:00,3600,0.0,0.0,0.0,0.0,0.0,0.0,0.0,0.0,0.0
2024-03-07T07:00,3600,0.0,0.01457392028,0.0,0.0,0.0,0.01457392028,28.03679924,14.57392028,13.55482718
2024-03-07T08:00,3600,0.0,0.09186962385,0.0,0.0,0.0,0.09186962385,120.61378464,91.86962385,58.55433518
2024-03-07T09:00,3600,0.0,0.16335303017000002,0.0,0.0,0.0,0.16335303017000002,206.37150819,163.35303017,100.57342978
2024-03-07T10:00,3600,0.0,0.20668978619,0.0,0.0,0.0,0.20668978619,258.4288373,206.68978619,126.80638594
2024-03-07T11:00,3600,0.0,0.28353372899,0.0,0.0,0.0,0.28353372899,350.86041534,283.53372899,172.73517694
2024-03-07T12:00,3600,0.0,0.31059433115,0.0,0.0,0.0,0.31059433115,383.44822757,310.59433115,189.1063808
2024-03-07T13:00,3600,0.0,0.39097936177000003,0.0,0.0,0.0,0.39097936177000003,480.36942801,390.97936177,238.70697718
2024-03-07T14:00,3600,0.0,0.47123291373000004,0.0,0.0,0.0,0.47123291373000004,577.3079066,471.23291373,288.28883939
2024-03-07T15:00,3600,0.0,0.33842769853,0.0,0.0,0.0,0.33842769853,416.98736747,338.42769853,207.05901167
2024-03-07T16:00,3600,0.0,0.26951300325,0.0,0.0,0.0,0.26951300325,333.98371392,269.51300325,165.10668464
2024-03-07T17:00,3600,0.0,0.10003482193,0.0,0.0,0.0,0.10003482193,130.40254579,100.03482193,63.90994293
2024-03-07T18:00,3600,0.0,0.00112532064,0.0,0.0,0.0,0.00112532064,11.94567452,1.12532064,5.80921165
2024-03-07T19:00,3600,0.0,0.0,0.0,0.0,0.0,0.0,0.0,0.0,0.0
2024-03-07T20:00,3600,0.0,0.0,0.0,0.0,0.0,0.0,0.0,0.0,0.0
2024-03-07T21:00,3600,0.0,0.0,0.0,0.0,0.0,0.0,0.0,0.0,0.0
2024-03-07T22:00,3600,0.0,0.0,0.0,0.0,0.0,0.0,0.0,0.0,0.0
2024-03-07T23:00,3600,0.0,0.0,0.0,0.0,0.0,0.0,0.0,0.0,0.0
2024-03-08T00:00,3600,0.0,0.0,0.0,0.0,0.0,0.0,0.0,0.0,0.0
2024-03-08T01:00,3600,0.0,0.0,0.0,0.0,0.0,0.0,0.0,0.0,0.0
2024-03-08T02:00,3600,0.0,0.0,0.0,0.0,0.0,0.0,0.0,0.0,0.0
2024-03-08T03:00,3600,0.0,0.0,0.0,0.0,0.0,0.0,0.0,0.0,0.0
2024-03-08T04:00,3600,0.0,0.0,0.0,0.0,0.0,0.0,0.0,0.0,0.0
2024-03-08T05:00,3600,0.0,0.0,0.0,0.0,0.0,0.0,0.0,0.0,0.0
2024-03-08T06:00,3600,0.0,0.0,0.0,0.0,0.0,0.0,1.99724035,0.0,0.96820194
2024-03-08T07:00,3600,0.0,0.061057638920000004,0.0,0.0,0.0,0.061057638920000004,83.69120581,61.05763892,40.70476955
2024-03-08T08:00,3600,0.0,0.20173370331,0.0,0.0,0.0,0.20173370331,252.47289217,201.73370331,123.42289246
2024-03-08T09:00,3600,0.0,0.5369460605499999,0.0,0.0,0.0,0.5369460605499999,656.81446665,536.94606055,326.20442868
2024-03-08T10:00,3600,0.0,0.66597265151,0.0,0.0,0.0,0.66597265151,813.27074566,665.97265151,411.59862456
2024-03-08T11:00,3600,0.0,0.97177704026,0.0,0.0,0.0,0.97177704026,1185.9411458,971.77704026,612.20971606
2024-03-08T12:00,3600,0.0,1.18206943983,0.0,0.0,0.0,1.18206943983,1443.75220722,1182.06943983,757.85417496
2024-03-08T13:00,3600,0.0,1.06376810904,0.0,0.0,0.0,1.06376810904,1298.5634124,1063.76810904,685.56872132
2024-03-08T14:00,3600,0.0,1.09488676037,0.0,0.0,0.0,1.09488676037,1336.71580804,1094.88676037,708.70381144
2024-03-08T15:00,3600,0.0,0.88171550931,0.0,0.0,0.0,0.88171550931,1075.9138646,881.71550931,563.75821046
2024-03-08T16:00,3600,0.0,0.5633811373600001,0.0,0.0,0.0,0.5633811373600001,688.83187619,563.38113736,353.58132293
2024-03-08T17:00,3600,0.0,0.25306618045999996,0.0,0.0,0.0,0.25306618045999996,314.19350455,253.06618046,158.0747876
2024-03-08T18:00,3600,0.0,0.0054217252100000005,0.0,0.0,0.0,0.0054217252100000005,17.08576018,5.42172521,8.39150903
2024-03-08T19:00,3600,0.0,0.0,0.0,0.0,0.0,0.0,0.0,0.0,0.0
2024-03-08T20:00,3600,0.0,0.0,0.0,0.0,0.0,0.0,0.0,0.0,0.0
2024-03-08T21:00,3600,0.0,0.0,0.0,0.0,0.0,0.0,0.0,0.0,0.0
2024-03-08T22:00,3600,0.0,0.0,0.0,0.0,0.0,0.0,0.0,0.0,0.0
2024-03-08T23:00,3600,0.0,0.0,0.0,0.0,0.0,0.0,0.0,0.0,0.0
2024-03-09T00:00,3600,0.0,0.0,0.0,0.0,0.0,0.0,0.0,0.0,0.0
2024-03-09T01:00,3600,0.0,0.0,0.0,0.0,0.0,0.0,0.0,0.0,0.0
2024-03-09T02:00,3600,0.0,0.0,0.0,0.0,0.0,0.0,0.0,0.0,0.0
2024-03-09T03:00,3600,0.0,0.0,0.0,0.0,0.0,0.0,0.0,0.0,0.0
2024-03-09T04:00,3600,0.0,0.0,0.0,0.0,0.0,0.0,0.0,0.0,0.0
2024-03-09T05:00,3600,0.0,0.0,0.0,0.0,0.0,0.0,0.0,0.0,0.0
2024-03-09T06:00,3600,0.0,0.0,0.0,0.0,0.0,0.0,0.0,0.0,0.0
2024-03-09T07:00,3600,0.0,0.02001927224,0.0,0.0,0.0,0.02001927224,34.55348005,20.01927224,16.76486156
2024-03-09T08:00,3600,0.0,0.054446317380000005,0.0,0.0,0.0,0.054446317380000005,75.77203702,54.44631738,36.79167377
2024-03-09T09:00,3600,0.0,0.11972572368,0.0,0.0,0.0,0.11972572368,154.01611128,119.72572368,74.94746684
2024-03-09T10:00,3600,0.0,0.23693051001,0.0,0.0,0.0,0.23693051001,294.78480297,236.93051001,144.33264711
2024-03-09T11:00,3600,0.0,0.2634520967,0.0,0.0,0.0,0.2634520967,326.68986716,263.4520967,160.15293991
2024-03-09T12:00,3600,0.0,0.20841497998,0.0,0.0,0.0,0.20841497998,260.50223461,208.41497998,127.38620539
2024-03-09T13:00,3600,0.0,0.1343972087,0.0,0.0,0.0,0.1343972087,171.6170817,134.3972087,83.46999932
2024-03-09T14:00,3600,0.0,0.16214393782,0.0,0.0,0.0,0.16214393782,204.91983645,162.14393782,99.72479996
2024-03-09T15:00,3600,0.0,0.17918193176,0.0,0.0,0.0,0.17918193176,225.37977457,179.18193176,109.74079773
2024-03-09T16:00,3600,0.0,0.05973502827,0.0,0.0,0.0,0.05973502827,82.10686392,59.73502827,39.6962796
2024-03-09T17:00,3600,0.0,0.02181458381,0.0,0.0,0.0,0.02181458381,36.70217751,21.81458381,17.67997225
2024-03-09T18:00,3600,0.0,0.0,0.0,0.0,0.0,0.0,2.01417294,0.0,0.96820194
2024-03-09T19:00,3600,0.0,0.0,0.0,0.0,0.0,0.0,0.0,0.0,0.0
2024-03-09T20:00,3600,0.0,0.0,0.0,0.0,0.0,0.0,0.0,0.0,0.0
2024-03-09T21:00,3600,0.0,0.0,0.0,0.0,0.0,0.0,0.0,0.0,0.0
2024-03-09T22:00,3600,0.0,0.0,0.0,0.0,0.0,0.0,0.0,0.0,0.0
2024-03-09T23:00,3600,0.0,0.0,0.0,0.0,0.0,0.0,0.0,0.0,0.0
2024-03-10T00:00,3600,0.0,0.0,0.0,0.0,0.0,0.0,0.0,0.0,0.0
2024-03-10T01:00,3600,0.0,0.0,0.0,0.0,0.0,0.0,0.0,0.0,0.0
2024-03-10T02:00,3600,0.0,0.0,0.0,0.0,0.0,0.0,0.0,0.0,0.0
2024-03-10T03:00,3600,0.0,0.0,0.0,0.0,0.0,0.0,0.0,0.0,0.0
2024-03-10T04:00,3600,0.0,0.0,0.0,0.0,0.0,0.0,0.0,0.0,0.0
2024-03-10T05:00,3600,0.0,0.0,0.0,0.0,0.0,0.0,0.0,0.0,0.0
2024-03-10T06:00,3600,0.0,0.0,0.0,0.0,0.0,0.0,0.0,0.0,0.0
2024-03-10T07:00,3600,0.0,0.02298246381,0.0,0.0,0.0,0.02298246381,38.09998694,22.98246381,18.31892652
2024-03-10T08:00,3600,0.0,0.048265749520000005,0.0,0.0,0.0,0.048265749520000005,68.36988733,48.26574952,32.91886601
2024-03-10T09:00,3600,0.0,0.10627603450999999,0.0,0.0,0.0,0.10627603450999999,137.88595962,106.27603451,66.56931514
2024-03-10T10:00,3600,0.0,0.17708057047,0.0,0.0,0.0,0.17708057047,222.85594999,177.08057047,108.22175422
2024-03-10T11:00,3600,0.0,0.12026277016,0.0,0.0,0.0,0.12026277016,154.66028925,120.26277016,74.87580711
2024-03-10T12:00,3600,0.0,0.21916672303000004,0.0,0.0,0.0,0.21916672303000004,273.42585699,219.16672303,133.01401263
2024-03-10T13:00,3600,0.0,0.2027137458,0.0,0.0,0.0,0.2027137458,253.65060032,202.7137458,123.44948598
2024-03-10T14:00,3600,0.0,0.08671909705,0.0,0.0,0.0,0.08671909705,114.44004685,86.71909705,55.36983775
2024-03-10T15:00,3600,0.0,0.04145029860999999,0.0,0.0,0.0,0.04145029860999999,60.20855103,41.45029861,29.04605824
2024-03-10T16:00,3600,0.0,0.049789826849999996,0.0,0.0,0.0,0.049789826849999996,70.19510213,49.78982685,33.88706795
2024-03-10T17:00,3600,0.0,0.006266704060000001,0.0,0.0,0.0,0.006266704060000001,18.09672449,6.26670406,8.71381747
2024-03-10T18:00,3600,0.0,0.0,0.0,0.0,0.0,0.0,4.02388297,0.0,1.93640388
2024-03-10T19:00,3600,0.0,0.0,0.0,0.0,0.0,0.0,0.0,0.0,0.0
2024-03-10T20:00,3600,0.0,0.0,0.0,0.0,0.0,0.0,0.0,0.0,0.0
2024-03-10T21:00,3600,0.0,0.0,0.0,0.0,0.0,0.0,0.0,0.0,0.0
2024-03-10T22:00,3600,0.0,0.0,0.0,0.0,0.0,0.0,0.0,0.0,0.0
2024-03-10T23:00,3600,0.0,0.0,0.0,0.0,0.0,0.0,0.0,0.0,0.0
2024-03-11T00:00,3600,0.0,0.0,0.0,0.0,0.0,0.0,0.0,0.0,0.0
2024-03-11T01:00,3600,0.0,0.0,0.0,0.0,0.0,0.0,0.0,0.0,0.0
2024-03-11T02:00,3600,0.0,0.0,0.0,0.0,0.0,0.0,0.0,0.0,0.0
2024-03-11T03:00,3600,0.0,0.0,0.0,0.0,0.0,0.0,0.0,0.0,0.0
2024-03-11T04:00,3600,0.0,0.0,0.0,0.0,0.0,0.0,0.0,0.0,0.0
2024-03-11T05:00,3600,0.0,0.0,0.0,0.0,0.0,0.0,0.0,0.0,0.0
2024-03-11T06:00,3600,0.0,0.0,0.0,0.0,0.0,0.0,0.0,0.0,0.0
2024-03-11T07:00,3600,0.0,0.010073416429999999,0.0,0.0,0.0,0.010073416429999999,22.6514529,10.07341643,10.92366821
2024-03-11T08:00,3600,0.0,0.05803855627000001,0.0,0.0,0.0,0.05803855627000001,80.07474561,58.03855627,38.72807766
2024-03-11T09:00,3600,0.0,0.08538410143,0.0,0.0,0.0,0.08538410143,112.83995479,85.38410143,54.75674326
2024-03-11T10:00,3600,0.0,0.17267830477999999,0.0,0.0,0.0,0.17267830477999999,217.56902583,172.67830478,106.50221355
2024-03-11T11:00,3600,0.0,0.16998285556999998,0.0,0.0,0.0,0.16998285556999998,214.332169,169.98285557,104.84299365
2024-03-11T12:00,3600,0.0,0.19523340638999997,0.0,0.0,0.0,0.19523340638999997,244.66219896,195.23340639,119.60410166
2024-03-11T13:00,3600,0.0,0.4304634544,0.0,0.0,0.0,0.4304634544,528.04035702,430.4634544,263.34076762
2024-03-11T14:00,3600,0.0,0.5059824503,0.0,0.0,0.0,0.5059824503,619.33670247,505.9824503,310.64811251
2024-03-11T15:00,3600,0.0,0.778160029,0.0,0.0,0.0,0.778160029,949.68384823,778.160029,484.43769594
2024-03-11T16:00,3600,0.0,0.36691549856,0.0,0.0,0.0,0.36691549856,451.33689953,366.91549856,226.38301913
2024-03-11T17:00,3600,0.0,0.17433561720000001,0.0,0.0,0.0,0.17433561720000001,219.55932276,174.3356172,109.32596159
2024-03-11T18:00,3600,0.0,0.008459718770000001,0.0,0.0,0.0,0.008459718770000001,20.72061786,8.45971877,10.12908543
2024-03-11T19:00,3600,0.0,0.0,0.0,0.0,0.0,0.0,0.0,0.0,0.0
2024-03-11T20:00,3600,0.0,0.0,0.0,0.0,0.0,0.0,0.0,0.0,0.0
2024-03-11T21:00,3600,0.0,0.0,0.0,0.0,0.0,0.0,0.0,0.0,0.0
2024-03-11T22:00,3600,0.0,0.0,0.0,0.0,0.0,0.0,0.0,0.0,0.0
2024-03-11T23:00,3600,0.0,0.0,0.0,0.0,0.0,0.0,0.0,0.0,0.0
2024-03-12T00:00,3600,0.0,0.0,0.0,0.0,0.0,0.0,0.0,0.0,0.0
2024-03-12T01:00,3600,0.0,0.0,0.0,0.0,0.0,0.0,0.0,0.0,0.0
2024-03-12T02:00,3600,0.0,0.0,0.0,0.0,0.0,0.0,0.0,0.0,0.0
2024-03-12T03:00,3600,0.0,0.0,0.0,0.0,0.0,0.0,0.0,0.0,0.0
2024-03-12T04:00,3600,0.0,0.0,0.0,0.0,0.0,0.0,0.0,0.0,0.0
2024-03-12T05:00,3600,0.0,0.0,0.0,0.0,0.0,0.0,0.0,0.0,0.0
2024-03-12T06:00,3600,0.0,0.0,0.0,0.0,0.0,0.0,6.07632473,0.0,2.91255534
2024-03-12T07:00,3600,0.0,0.21101089311000001,0.0,0.0,0.0,0.21101089311000001,263.62224351,211.01089311,127.85590267
2024-03-12T08:00,3600,0.0,0.6332069548499999,0.0,0.0,0.0,0.6332069548499999,773.49574438,633.20695485,385.11972728
2024-03-12T09:00,3600,0.0,1.0470904163499999,0.0,0.0,0.0,1.0470904163499999,1278.1274528,1047.09041635,655.96794519
2024-03-12T10:00,3600,0.0,1.3251048306600002,0.0,0.0,0.0,1.3251048306600002,1619.83529032,1325.10483066,861.57943064
2024-03-12T11:00,3600,0.0,1.44738,0.0,0.0,0.0,1.44738,1846.28266316,1447.38,993.99895227
2024-03-12T12:00,3600,0.0,1.44738,0.0,0.0,0.0,1.44738,1921.27875114,1447.38,1042.13417803
2024-03-12T13:00,3600,0.0,1.44738,0.0,0.0,0.0,1.44738,1825.85021838,1447.38,1003.48800414
2024-03-12T14:00,3600,0.0,1.32721823923,0.0,0.0,0.0,1.32721823923,1622.44144064,1327.21823923,884.10234485
2024-03-12T15:00,3600,0.0,1.0626885259799999,0.0,0.0,0.0,1.0626885259799999,1297.24030817,1062.68852598,694.38210519
2024-03-12T16:00,3600,0.0,0.7083875176100001,0.0,0.0,0.0,0.7083875176100001,864.80340447,708.38751761,453.1259074
2024-03-12T17:00,3600,0.0,0.31250919686,0.0,0.0,0.0,0.31250919686,385.75496251,312.50919686,197.1180048
2024-03-12T18:00,3600,0.0,0.011007348589999999,0.0,0.0,0.0,0.011007348589999999,23.76896085,11.00734859,11.70520464
2024-03-12T19:00,3600,0.0,0.0,0.0,0.0,0.0,0.0,0.0,0.0,0.0
2024-03-12T20:00,3600,0.0,0.0,0.0,0.0,0.0,0.0,0.0,0.0,0.0
2024-03-12T21:00,3600,0.0,0.0,0.0,0.0,0.0,0.0,0.0,0.0,0.0
2024-03-12T22:00,3600,0.0,0.0,0.0,0.0,0.0,0.0,0.0,0.0,0.0
2024-03-12T23:00,3600,0.0,0.0,0.0,0.0,0.0,0.0,0.0,0.0,0.0
2024-03-13T00:00,3600,0.0,0.0,0.0,0.0,0.0,0.0,0.0,0.0,0.0
2024-03-13T01:00,3600,0.0,0.0,0.0,0.0,0.0,0.0,0.0,0.0,0.0
2024-03-13T02:00,3600,0.0,0.0,0.0,0.0,0.0,0.0,0.0,0.0,0.0
2024-03-13T03:00,3600,0.0,0.0,0.0,0.0,0.0,0.0,0.0,0.0,0.0
2024-03-13T04:00,3600,0.0,0.0,0.0,0.0,0.0,0.0,0.0,0.0,0.0
2024-03-13T05:00,3600,0.0,0.0,0.0,0.0,0.0,0.0,0.0,0.0,0.0
2024-03-13T06:00,3600,0.0,0.0,0.0,0.0,0.0,0.0,4.05129169,0.0,1.9443534
2024-03-13T07:00,3600,0.0,0.14515612864,0.0,0.0,0.0,0.14515612864,184.52792399,145.15612864,89.46268796
2024-03-13T08:00,3600,0.0,0.36511139047,0.0,0.0,0.0,0.36511139047,449.16091799,365.11139047,221.26009885
2024-03-13T09:00,3600,0.0,0.53361492004,0.0,0.0,0.0,0.53361492004,652.78125084,533.61492004,326.12114588
2024-03-13T10:00,3600,0.0,0.70774268643,0.0,0.0,0.0,0.70774268643,864.01958094,707.74268643,440.29226391
2024-03-13T11:00,3600,0.0,1.00250626143,0.0,0.0,0.0,1.00250626143,1223.5353368,1002.50626143,633.80809075
2024-03-13T12:00,3600,0.0,0.90465787797,0.0,0.0,0.0,0.90465787797,1103.92055499,904.65787797,569.40927234
2024-03-13T13:00,3600,0.0,0.6549773829800001,0.0,0.0,0.0,0.6549773829800001,799.92002411,654.97738298,408.52034156
2024-03-13T14:00,3600,0.0,0.49655208905,0.0,0.0,0.0,0.49655208905,607.92761082,496.55208905,307.53898245
2024-03-13T15:00,3600,0.0,0.29169664236000004,0.0,0.0,0.0,0.29169664236000004,360.68853849,291.69664236,180.57088592
2024-03-13T16:00,3600,0.0,0.08551692119000001,0.0,0.0,0.0,0.08551692119000001,112.99914707,85.51692119,55.89674538
2024-03-13T17:00,3600,0.0,0.01904608076,0.0,0.0,0.0,0.01904608076,33.38876317,19.04608076,16.459433
2024-03-13T18:00,3600,0.0,0.0,0.0,0.0,0.0,0.0,5.93772425,0.0,2.90460582
2024-03-13T19:00,3600,0.0,0.0,0.0,0.0,0.0,0.0,0.0,0.0,0.0
2024-03-13T20:00,3600,0.0,0.0,0.0,0.0,0.0,0.0,0.0,0.0,0.0
2024-03-13T21:00,3600,0.0,0.0,0.0,0.0,0.0,0.0,0.0,0.0,0.0
2024-03-13T22:00,3600,0.0,0.0,0.0,0.0,0.0,0.0,0.0,0.0,0.0
2024-03-13T23:00,3600,0.0,0.0,0.0,0.0,0.0,0.0,0.0,0.0,0.0
2024-03-14T00:00,3600,0.0,0.0,0.0,0.0,0.0,0.0,0.0,0.0,0.0
2024-03-14T01:00,3600,0.0,0.0,0.0,0.0,0.0,0.0,0.0,0.0,0.0
2024-03-14T02:00,3600,0.0,0.0,0.0,0.0,0.0,0.0,0.0,0.0,0.0
2024-03-14T03:00,3600,0.0,0.0,0.0,0.0,0.0,0.0,0.0,0.0,0.0
2024-03-14T04:00,3600,0.0,0.0,0.0,0.0,0.0,0.0,0.0,0.0,0.0
2024-03-14T05:00,3600,0.0,0.0,0.0,0.0,0.0,0.0,0.0,0.0,0.0
2024-03-14T06:00,3600,0.0,0.0,0.0,0.0,0.0,0.0,1.99451067,0.0,0.96820194
2024-03-14T07:00,3600,0.0,0.030936310449999997,0.0,0.0,0.0,0.030936310449999997,47.62073325,30.93631045,23.16499566
2024-03-14T08:00,3600,0.0,0.09392181201,0.0,0.0,0.0,0.09392181201,123.07386096,93.92181201,60.1034389
2024-03-14T09:00,3600,0.0,0.16454688625,0.0,0.0,0.0,0.16454688625,207.80492534,164.54688625,101.94233017
2024-03-14T10:00,3600,0.0,0.22892336436,0.0,0.0,0.0,0.22892336436,285.15606168,228.92336436,141.1138739
2024-03-14T11:00,3600,0.0,0.34534850761,0.0,0.0,0.0,0.34534850761,425.33019238,345.34850761,212.22498977
2024-03-14T12:00,3600,0.0,0.25413807614,0.0,0.0,0.0,0.25413807614,315.48307742,254.13807614,156.77005365
2024-03-14T13:00,3600,0.0,0.35334480159,0.0,0.0,0.0,0.35334480159,434.97110329,353.34480159,218.09135921
2024-03-14T14:00,3600,0.0,0.23136347097999999,0.0,0.0,0.0,0.23136347097999999,288.09015192,231.36347098,143.48855784
2024-03-14T15:00,3600,0.0,0.14238372418,0.0,0.0,0.0,0.14238372418,181.20070609,142.38372418,89.85480905
2024-03-14T16:00,3600,0.0,0.08318896891,0.0,0.0,0.0,0.08318896891,110.20902786,83.18896891,54.41425883
2024-03-14T17:00,3600,0.0,0.03632386337,0.0,0.0,0.0,0.03632386337,54.07058528,36.32386337,26.57031089
2024-03-14T18:00,3600,0.0,0.0,0.0,0.0,0.0,0.0,4.58175737,0.0,2.24043094
2024-03-14T19:00,3600,0.0,0.0,0.0,0.0,0.0,0.0,0.0,0.0,0.0
2024-03-14T20:00,3600,0.0,0.0,0.0,0.0,0.0,0.0,0.0,0.0,0.0
2024-03-14T21:00,3600,0.0,0.0,0.0,0.0,0.0,0.0,0.0,0.0,0.0
2024-03-14T22:00,3600,0.0,0.0,0.0,0.0,0.0,0.0,0.0,0.0,0.0
2024-03-14T23:00,3600,0.0,0.0,0.0,0.0,0.0,0.0,0.0,0.0,0.0
2024-03-15T00:00,3600,0.0,0.0,0.0,0.0,0.0,0.0,0.0,0.0,0.0
2024-03-15T01:00,3600,0.0,0.0,0.0,0.0,0.0,0.0,0.0,0.0,0.0
2024-03-15T02:00,3600,0.0,0.0,0.0,0.0,0.0,0.0,0.0,0.0,0.0
2024-03-15T03:00,3600,0.0,0.0,0.0,0.0,0.0,0.0,0.0,0.0,0.0
2024-03-15T04:00,3600,0.0,0.0,0.0,0.0,0.0,0.0,0.0,0.0,0.0
2024-03-15T05:00,3600,0.0,0.0,0.0,0.0,0.0,0.0,0.0,0.0,0.0
2024-03-15T06:00,3600,0.0,0.0,0.0,0.0,0.0,0.0,3.97234654,0.0,1.93640388
2024-03-15T07:00,3600,0.0,0.04148456359,0.0,0.0,0.0,0.04148456359,60.24957941,41.48456359,29.4605036
2024-03-15T08:00,3600,0.0,0.18269096954000003,0.0,0.0,0.0,0.18269096954000003,229.59454336,182.69096954,113.22602312
2024-03-15T09:00,3600,0.0,0.32619196207,0.0,0.0,0.0,0.32619196207,402.24074386,326.19196207,200.36642793
2024-03-15T10:00,3600,0.0,0.5257115820699999,0.0,0.0,0.0,0.5257115820699999,643.21341806,525.71158207,326.28876427
2024-03-15T11:00,3600,0.0,0.6288410507600001,0.0,0.0,0.0,0.6288410507600001,768.19812615,628.84105076,392.66028238
2024-03-15T12:00,3600,0.0,0.47919672475999997,0.0,0.0,0.0,0.47919672475999997,586.9370322,479.19672476,297.78708505
2024-03-15T13:00,3600,0.0,0.34546815733,0.0,0.0,0.0,0.34546815733,425.47443793,345.46815733,214.43522095
2024-03-15T14:00,3600,0.0,0.34937229141,0.0,0.0,0.0,0.34937229141,430.18134006,349.37229141,216.77659256
2024-03-15T15:00,3600,0.0,0.09853734380000001,0.0,0.0,0.0,0.09853734380000001,128.60717652,98.5373438,63.90132813
2024-03-15T16:00,3600,0.0,0.048356000530000005,0.0,0.0,0.0,0.048356000530000005,68.47796901,48.35600053,33.88706795
2024-03-15T17:00,3600,0.0,0.012464658439999998,0.0,0.0,0.0,0.012464658439999998,25.51276912,12.46465844,12.58662524
2024-03-15T18:00,3600,0.0,0.0,0.0,0.0,0.0,0.0,1.9714547,0.0,0.96820194
2024-03-15T19:00,3600,0.0,0.0,0.0,0.0,0.0,0.0,0.0,0.0,0.0
2024-03-15T20:00,3600,0.0,0.0,0.0,0.0,0.0,0.0,0.0,0.0,0.0
2024-03-15T21:00,3600,0.0,0.0,0.0,0.0,0.0,0.0,0.0,0.0,0.0
2024-03-15T22:00,3600,0.0,0.0,0.0,0.0,0.0,0.0,0.0,0.0,0.0
2024-03-15T23:00,3600,0.0,0.0,0.0,0.0,0.0,0.0,0.0,0.0,0.0
2024-03-16T00:00,3600,0.0,0.0,0.0,0.0,0.0,0.0,0.0,0.0,0.0
2024-03-16T01:00,3600,0.0,0.0,0.0,0.0,0.0,0.0,0.0,0.0,0.0
2024-03-16T02:00,3600,0.0,0.0,0.0,0.0,0.0,0.0,0.0,0.0,0.0
2024-03-16T03:00,3600,0.0,0.0,0.0,0.0,0.0,0.0,0.0,0.0,0.0
2024-03-16T04:00,3600,0.0,0.0,0.0,0.0,0.0,0.0,0.0,0.0,0.0
2024-03-16T05:00,3600,0.0,0.0,0.0,0.0,0.0,0.0,0.0,0.0,0.0
2024-03-16T06:00,3600,0.0,0.0,0.0,0.0,0.0,0.0,1.97619925,0.0,0.96820194
2024-03-16T07:00,3600,0.0,0.031330219549999996,0.0,0.0,0.0,0.031330219549999996,48.09228581,31.33021955,23.61711633
2024-03-16T08:00,3600,0.0,0.15150552827,0.0,0.0,0.0,0.15150552827,192.14874202,151.50552827,95.00406452
2024-03-16T09:00,3600,0.0,0.33541177454000004,0.0,0.0,0.0,0.33541177454000004,413.35217006,335.41177454,206.8278345
2024-03-16T10:00,3600,0.0,0.31674219909999995,0.0,0.0,0.0,0.31674219909999995,390.85458391,316.7421991,196.75055293
2024-03-16T11:00,3600,0.0,0.49141027187999997,0.0,0.0,0.0,0.49141027187999997,601.70793844,491.41027188,306.10644936
2024-03-16T12:00,3600,0.0,0.7343073702799999,0.0,0.0,0.0,0.7343073702799999,896.31984162,734.30737028,464.34548284
2024-03-16T13:00,3600,0.0,0.57554020087,0.0,0.0,0.0,0.57554020087,703.56505917,575.54020087,364.81090879
2024-03-16T14:00,3600,0.0,0.65234726268,0.0,0.0,0.0,0.65234726268,796.72696597,652.34726268,414.54967303
2024-03-16T15:00,3600,0.0,0.41109220508,0.0,0.0,0.0,0.41109220508,504.64725226,411.09220508,258.70824328
2024-03-16T16:00,3600,0.0,0.31592361441,0.0,0.0,0.0,0.31592361441,389.86837311,315.92361441,198.67090352
2024-03-16T17:00,3600,0.0,0.11068531363999999,0.0,0.0,0.0,0.11068531363999999,143.17345474,110.68531364,72.07625277
2024-03-16T18:00,3600,0.0,0.00346187692,0.0,0.0,0.0,0.00346187692,14.74099742,3.46187692,7.32201334
2024-03-16T19:00,3600,0.0,0.0,0.0,0.0,0.0,0.0,0.0,0.0,0.0
2024-03-16T20:00,3600,0.0,0.0,0.0,0.0,0.0,0.0,0.0,0.0,0.0
2024-03-16T21:00,3600,0.0,0.0,0.0,0.0,0.0,0.0,0.0,0.0,0.0
2024-03-16T22:00,3600,0.0,0.0,0.0,0.0,0.0,0.0,0.0,0.0,0.0
2024-03-16T23:00,3600,0.0,0.0,0.0,0.0,0.0,0.0,0.0,0.0,0.0
2024-03-17T00:00,3600,0.0,0.0,0.0,0.0,0.0,0.0,0.0,0.0,0.0
2024-03-17T01:00,3600,0.0,0.0,0.0,0.0,0.0,0.0,0.0,0.0,0.0
2024-03-17T02:00,3600,0.0,0.0,0.0,0.0,0.0,0.0,0.0,0.0,0.0
2024-03-17T03:00,3600,0.0,0.0,0.0,0.0,0.0,0.0,0.0,0.0,0.0
2024-03-17T04:00,3600,0.0,0.0,0.0,0.0,0.0,0.0,0.0,0.0,0.0
2024-03-17T05:00,3600,0.0,0.0,0.0,0.0,0.0,0.0,0.0,0.0,0.0
2024-03-17T06:00,3600,0.0,0.0,0.0,0.0,0.0,0.0,3.92082517,0.0,1.93640388
2024-03-17T07:00,3600,0.0,0.06114370097,0.0,0.0,0.0,0.06114370097,83.79430028,61.14370097,41.55216074
2024-03-17T08:00,3600,0.0,0.18181701024,0.0,0.0,0.0,0.18181701024,228.54478406,181.81701024,114.10159362
2024-03-17T09:00,3600,0.0,0.50153962474,0.0,0.0,0.0,0.50153962474,613.9613543,501.53962474,312.16581436
2024-03-17T10:00,3600,0.0,0.59819664168,0.0,0.0,0.0,0.59819664168,731.02884901,598.19664168,378.2677563
2024-03-17T11:00,3600,0.0,0.6745303821299999,0.0,0.0,0.0,0.6745303821299999,823.66407453,674.53038213,428.80377439
2024-03-17T12:00,3600,0.0,0.7684755751799999,0.0,0.0,0.0,0.7684755751799999,937.89427343,768.47557518,491.43583498
2024-03-17T13:00,3600,0.0,0.53153410569,0.0,0.0,0.0,0.53153410569,650.26203655,531.53410569,337.98480963
2024-03-17T14:00,3600,0.0,0.22835458468,0.0,0.0,0.0,0.22835458468,284.47215935,228.35458468,145.23029121
2024-03-17T15:00,3600,0.0,0.15905726799000003,0.0,0.0,0.0,0.15905726799000003,201.21406816,159.05726799,102.39815127
2024-03-17T16:00,3600,0.0,0.06851280206,0.0,0.0,0.0,0.06851280206,92.62254308,68.51280206,46.78671229
2024-03-17T17:00,3600,0.0,0.06430017067999999,0.0,0.0,0.0,0.06430017067999999,87.57559917,64.30017068,44.25365038
2024-03-17T18:00,3600,0.0,0.0033871113099999996,0.0,0.0,0.0,0.0033871113099999996,14.65154985,3.38711131,7.29041476
2024-03-17T19:00,3600,0.0,0.0,0.0,0.0,0.0,0.0,0.0,0.0,0.0
2024-03-17T20:00,3600,0.0,0.0,0.0,0.0,0.0,0.0,0.0,0.0,0.0
2024-03-17T21:00,3600,0.0,0.0,0.0,0.0,0.0,0.0,0.0,0.0,0.0
2024-03-17T22:00,3600,0.0,0.0,0.0,0.0,0.0,0.0,0.0,0.0,0.0
2024-03-17T23:00,3600,0.0,0.0,0.0,0.0,0.0,0.0,0.0,0.0,0.0
2024-03-18T00:00,3600,0.0,0.0,0.0,0.0,0.0,0.0,0.0,0.0,0.0
2024-03-18T01:00,3600,0.0,0.0,0.0,0.0,0.0,0.0,0.0,0.0,0.0
2024-03-18T02:00,3600,0.0,0.0,0.0,0.0,0.0,0.0,0.0,0.0,0.0
2024-03-18T03:00,3600,0.0,0.0,0.0,0.0,0.0,0.0,0.0,0.0,0.0
2024-03-18T04:00,3600,0.0,0.0,0.0,0.0,0.0,0.0,0.0,0.0,0.0
2024-03-18T05:00,3600,0.0,0.0,0.0,0.0,0.0,0.0,0.0,0.0,0.0
2024-03-18T06:00,3600,0.0,0.0,0.0,0.0,0.0,0.0,7.84553562,0.0,3.87280777
2024-03-18T07:00,3600,0.0,0.10311147124,0.0,0.0,0.0,0.10311147124,134.09141665,103.11147124,66.63773141
2024-03-18T08:00,3600,0.0,0.29818814938000004,0.0,0.0,0.0,0.29818814938000004,368.50558194,298.18814938,185.55932544
2024-03-18T09:00,3600,0.0,0.51709770778,0.0,0.0,0.0,0.51709770778,632.78736339,517.09770778,321.88884619
2024-03-18T10:00,3600,0.0,0.61949881025,0.0,0.0,0.0,0.61949881025,756.86396165,619.49881025,391.80421812
2024-03-18T11:00,3600,0.0,0.7760243256799999,0.0,0.0,0.0,0.7760243256799999,947.0836789,776.02432568,495.61545134
2024-03-18T12:00,3600,0.0,0.80519589878,0.0,0.0,0.0,0.80519589878,982.61044349,805.19589878,514.01334388
2024-03-18T13:00,3600,0.0,0.8136495157099999,0.0,0.0,0.0,0.8136495157099999,992.91018853,813.64951571,521.30383176
2024-03-18T14:00,3600,0.0,0.29387750806,0.0,0.0,0.0,0.29387750806,363.31459975,293.87750806,185.16745374
2024-03-18T15:00,3600,0.0,0.39163891073,0.0,0.0,0.0,0.39163891073,481.16538176,391.63891073,246.59899723
2024-03-18T16:00,3600,0.0,0.32963401078,0.0,0.0,0.0,0.32963401078,406.38872195,329.63401078,206.97574354
2024-03-18T17:00,3600,0.0,0.11244800769,0.0,0.0,0.0,0.11244800769,145.2873781,112.44800769,73.19170368
2024-03-18T18:00,3600,0.0,0.004951372890000001,0.0,0.0,0.0,0.004951372890000001,16.52302128,4.95137289,8.22716612
2024-03-18T19:00,3600,0.0,0.0,0.0,0.0,0.0,0.0,0.0,0.0,0.0
2024-03-18T20:00,3600,0.0,0.0,0.0,0.0,0.0,0.0,0.0,0.0,0.0
2024-03-18T21:00,3600,0.0,0.0,0.0,0.0,0.0,0.0,0.0,0.0,0.0
2024-03-18T22:00,3600,0.0,0.0,0.0,0.0,0.0,0.0,0.0,0.0,0.0
2024-03-18T23:00,3600,0.0,0.0,0.0,0.0,0.0,0.0,0.0,0.0,0.0
2024-03-19T00:00,3600,0.0,0.0,0.0,0.0,0.0,0.0,0.0,0.0,0.0
2024-03-19T01:00,3600,0.0,0.0,0.0,0.0,0.0,0.0,0.0,0.0,0.0
2024-03-19T02:00,3600,0.0,0.0,0.0,0.0,0.0,0.0,0.0,0.0,0.0
2024-03-19T03:00,3600,0.0,0.0,0.0,0.0,0.0,0.0,0.0,0.0,0.0
2024-03-19T04:00,3600,0.0,0.0,0.0,0.0,0.0,0.0,0.0,0.0,0.0
2024-03-19T05:00,3600,0.0,0.0,0.0,0.0,0.0,0.0,0.0,0.0,0.0
2024-03-19T06:00,3600,0.0,0.0,0.0,0.0,0.0,0.0,3.97250433,0.0,1.93640388
2024-03-19T07:00,3600,0.0,0.016017360650000003,0.0,0.0,0.0,0.016017360650000003,29.76414799,16.01736065,14.52302912
2024-03-19T08:00,3600,0.0,0.04416571354,0.0,0.0,0.0,0.04416571354,63.46004588,44.16571354,30.98246212
2024-03-19T09:00,3600,0.0,0.11183503939,0.0,0.0,0.0,0.11183503939,144.55226207,111.83503939,70.67874172
2024-03-19T10:00,3600,0.0,0.12619508348,0.0,0.0,0.0,0.12619508348,161.77651055,126.19508348,79.39255919
2024-03-19T11:00,3600,0.0,0.2299167013,0.0,0.0,0.0,0.2299167013,286.35047379,229.9167013,141.22520726
2024-03-19T12:00,3600,0.0,0.50814212201,0.0,0.0,0.0,0.50814212201,621.94987238,508.14212201,310.90678739
2024-03-19T13:00,3600,0.0,0.52811276186,0.0,0.0,0.0,0.52811276186,646.1201202,528.11276186,326.56203701
2024-03-19T14:00,3600,0.0,1.08880749021,0.0,0.0,0.0,1.08880749021,1329.26026423,1088.80749021,692.9646574
2024-03-19T15:00,3600,0.0,0.95109095294,0.0,0.0,0.0,0.95109095294,1160.64884282,951.09095294,601.04112451
2024-03-19T16:00,3600,0.0,0.6410217689600001,0.0,0.0,0.0,0.6410217689600001,782.97961367,641.02176896,400.20111032
2024-03-19T17:00,3600,0.0,0.28670935346,0.0,0.0,0.0,0.28670935346,354.68364319,286.70935346,178.40364103
2024-03-19T18:00,3600,0.0,0.013142159819999999,0.0,0.0,0.0,0.013142159819999999,26.32348245,13.14215982,12.97332978
2024-03-19T19:00,3600,0.0,0.0,0.0,0.0,0.0,0.0,0.0,0.0,0.0
2024-03-19T20:00,3600,0.0,0.0,0.0,0.0,0.0,0.0,0.0,0.0,0.0
2024-03-19T21:00,3600,0.0,0.0,0.0,0.0,0.0,0.0,0.0,0.0,0.0
2024-03-19T22:00,3600,0.0,0.0,0.0,0.0,0.0,0.0,0.0,0.0,0.0
2024-03-19T23:00,3600,0.0,0.0,0.0,0.0,0.0,0.0,0.0,0.0,0.0
2024-03-20T00:00,3600,0.0,0.0,0.0,0.0,0.0,0.0,0.0,0.0,0.0
2024-03-20T01:00,3600,0.0,0.0,0.0,0.0,0.0,0.0,0.0,0.0,0.0
2024-03-20T02:00,3600,0.0,0.0,0.0,0.0,0.0,0.0,0.0,0.0,0.0
2024-03-20T03:00,3600,0.0,0.0,0.0,0.0,0.0,0.0,0.0,0.0,0.0
2024-03-20T04:00,3600,0.0,0.0,0.0,0.0,0.0,0.0,0.0,0.0,0.0
2024-03-20T05:00,3600,0.0,0.0,0.0,0.0,0.0,0.0,0.0,0.0,0.0
2024-03-20T06:00,3600,0.0,0.0028716301,0.0,0.0,0.0,0.0028716301,14.03484603,2.8716301,6.79331262
2024-03-20T07:00,3600,0.0,0.23676128333000002,0.0,0.0,0.0,0.23676128333000002,294.58128685,236.76128333,144.36239603
2024-03-20T08:00,3600,0.0,0.58427085253,0.0,0.0,0.0,0.58427085253,714.14654098,584.27085253,357.15402691
2024-03-20T09:00,3600,0.0,0.97553189622,0.0,0.0,0.0,0.97553189622,1190.53340555,975.53189622,609.00661653
2024-03-20T10:00,3600,0.0,1.24704270806,0.0,0.0,0.0,1.24704270806,1523.66385489,1247.04270806,806.22932583
2024-03-20T11:00,3600,0.0,1.4101078333999997,0.0,0.0,0.0,1.4101078333999997,1724.75948231,1410.1078334,924.87053208
2024-03-20T12:00,3600,0.0,1.44738,0.0,0.0,0.0,1.44738,1791.98053903,1447.38,968.26961719
2024-03-20T13:00,3600,0.0,1.42180230692,0.0,0.0,0.0,1.42180230692,1739.21117945,1421.80230692,949.5986143
2024-03-20T14:00,3600,0.0,1.2506265978900002,0.0,0.0,0.0,1.2506265978900002,1528.07528731,1250.62659789,827.77469731
2024-03-20T15:00,3600,0.0,0.9353773076299999,0.0,0.0,0.0,0.9353773076299999,1141.4443129,935.37730763,605.55173403
2024-03-20T16:00,3600,0.0,0.56191355051,0.0,0.0,0.0,0.56191355051,687.05387168,561.91355051,355.50013352
2024-03-20T17:00,3600,0.0,0.24623639819999998,0.0,0.0,0.0,0.24623639819999998,305.97748066,246.2363982,155.20800506
2024-03-20T18:00,3600,0.0,0.01510976808,0.0,0.0,0.0,0.01510976808,28.67803576,15.10976808,14.18563222
2024-03-20T19:00,3600,0.0,0.0,0.0,0.0,0.0,0.0,0.0,0.0,0.0
2024-03-20T20:00,3600,0.0,0.0,0.0,0.0,0.0,0.0,0.0,0.0,0.0
2024-03-20T21:00,3600,0.0,0.0,0.0,0.0,0.0,0.0,0.0,0.0,0.0
2024-03-20T22:00,3600,0.0,0.0,0.0,0.0,0.0,0.0,0.0,0.0,0.0
2024-03-20T23:00,3600,0.0,0.0,0.0,0.0,0.0,0.0,0.0,0.0,0.0
2024-03-21T00:00,3600,0.0,0.0,0.0,0.0,0.0,0.0,0.0,0.0,0.0
2024-03-21T01:00,3600,0.0,0.0,0.0,0.0,0.0,0.0,0.0,0.0,0.0
2024-03-21T02:00,3600,0.0,0.0,0.0,0.0,0.0,0.0,0.0,0.0,0.0
2024-03-21T03:00,3600,0.0,0.0,0.0,0.0,0.0,0.0,0.0,0.0,0.0
2024-03-21T04:00,3600,0.0,0.0,0.0,0.0,0.0,0.0,0.0,0.0,0.0
2024-03-21T05:00,3600,0.0,0.0,0.0,0.0,0.0,0.0,0.0,0.0,0.0
2024-03-21T06:00,3600,0.0,0.0011216307299999999,0.0,0.0,0.0,0.0011216307299999999,11.94126024,1.12163073,5.82511068
2024-03-21T07:00,3600,0.0,0.18849166722000002,0.0,0.0,0.0,0.18849166722000002,236.56259253,188.49166722,116.49254317
2024-03-21T08:00,3600,0.0,0.5295615917400001,0.0,0.0,0.0,0.5295615917400001,647.87405019,529.56159174,325.64465984
2024-03-21T09:00,3600,0.0,0.79646156183,0.0,0.0,0.0,0.79646156183,971.97077999,796.46156183,496.14315528
2024-03-21T10:00,3600,0.0,1.01813195833,0.0,0.0,0.0,1.01813195833,1242.66214389,1018.13195833,654.13918164
2024-03-21T11:00,3600,0.0,1.10875336449,0.0,0.0,0.0,1.10875336449,1353.72560439,1108.75336449,717.69738581
2024-03-21T12:00,3600,0.0,1.2331735507,0.0,0.0,0.0,1.2331735507,1506.59572363,1233.1735507,804.69282367
2024-03-21T13:00,3600,0.0,1.30501229837,0.0,0.0,0.0,1.30501229837,1595.06466736,1305.01229837,859.17244528
2024-03-21T14:00,3600,0.0,1.1554878017999999,0.0,0.0,0.0,1.1554878017999999,1411.09411356,1155.4878018,752.65056756
2024-03-21T15:00,3600,0.0,0.72598656418,0.0,0.0,0.0,0.72598656418,886.20037398,725.98656418,460.89875639
2024-03-21T16:00,3600,0.0,0.48647009064,0.0,0.0,0.0,0.48647009064,595.73285386,486.47009064,305.33554937
2024-03-21T17:00,3600,0.0,0.20844245937,0.0,0.0,0.0,0.20844245937,260.53526094,208.44245937,131.41375537
2024-03-21T18:00,3600,0.0,0.01073336523,0.0,0.0,0.0,0.01073336523,23.44112031,10.73336523,11.62687493
2024-03-21T19:00,3600,0.0,0.0,0.0,0.0,0.0,0.0,0.0,0.0,0.0
2024-03-21T20:00,3600,0.0,0.0,0.0,0.0,0.0,0.0,0.0,0.0,0.0
2024-03-21T21:00,3600,0.0,0.0,0.0,0.0,0.0,0.0,0.0,0.0,0.0
2024-03-21T22:00,3600,0.0,0.0,0.0,0.0,0.0,0.0,0.0,0.0,0.0
2024-03-21T23:00,3600,0.0,0.0,0.0,0.0,0.0,0.0,0.0,0.0,0.0
2024-03-22T00:00,3600,0.0,0.0,0.0,0.0,0.0,0.0,0.0,0.0,0.0
2024-03-22T01:00,3600,0.0,0.0,0.0,0.0,0.0,0.0,0.0,0.0,0.0
2024-03-22T02:00,3600,0.0,0.0,0.0,0.0,0.0,0.0,0.0,0.0,0.0
2024-03-22T03:00,3600,0.0,0.0,0.0,0.0,0.0,0.0,0.0,0.0,0.0
2024-03-22T04:00,3600,0.0,0.0,0.0,0.0,0.0,0.0,0.0,0.0,0.0
2024-03-22T05:00,3600,0.0,0.0,0.0,0.0,0.0,0.0,0.0,0.0,0.0
2024-03-22T06:00,3600,0.0,0.0,0.0,0.0,0.0,0.0,9.86315132,0.0,4.84895922
2024-03-22T07:00,3600,0.0,0.13608001754000001,0.0,0.0,0.0,0.13608001754000001,173.6362692,136.08001754,86.03883588
2024-03-22T08:00,3600,0.0,0.36719878615,0.0,0.0,0.0,0.36719878615,451.67858809,367.19878615,226.90467996
2024-03-22T09:00,3600,0.0,0.6250236274500001,0.0,0.0,0.0,0.6250236274500001,763.56647129,625.02362745,390.11369591
2024-03-22T10:00,3600,0.0,0.75364511847,0.0,0.0,0.0,0.75364511847,919.84519006,753.64511847,474.50183421
2024-03-22T11:00,3600,0.0,0.61242172383,0.0,0.0,0.0,0.61242172383,748.27953004,612.42172383,384.41610222
2024-03-22T12:00,3600,0.0,0.5903943979799999,0.0,0.0,0.0,0.5903943979799999,721.56948713,590.39439798,369.39880722
2024-03-22T13:00,3600,0.0,0.65969261139,0.0,0.0,0.0,0.65969261139,805.64495744,659.69261139,415.80950795
2024-03-22T14:00,3600,0.0,0.52150579197,0.0,0.0,0.0,0.52150579197,638.12256193,521.50579197,327.30082263
2024-03-22T15:00,3600,0.4817253452028874,0.23182522295000002,0.23182522295000002,0.24990012225288738,0.0,0.0,288.64540063,231.82522295,145.85363483
2024-03-22T16:00,3600,0.32014935185757964,0.31067584403000004,0.31067584403000004,0.009473507827579608,0.0,0.0,383.5464197,310.67584403,194.51712163
2024-03-22T17:00,3600,0.265207696070841,0.16959107510000002,0.16959107510000002,0.09561662097084098,0.0,0.0,213.8617118,169.5910751,107.71571396
2024-03-22T18:00,3600,0.0,0.01284077722,0.0,0.0,0.0,0.01284077722,25.96283976,12.84077722,12.94641042
2024-03-22T19:00,3600,0.0,0.0,0.0,0.0,0.0,0.0,0.0,0.0,0.0
2024-03-22T20:00,3600,0.0,0.0,0.0,0.0,0.0,0.0,0.0,0.0,0.0
2024-03-22T21:00,3600,0.0,0.0,0.0,0.0,0.0,0.0,0.0,0.0,0.0
2024-03-22T22:00,3600,0.0,0.0,0.0,0.0,0.0,0.0,0.0,0.0,0.0
2024-03-22T23:00,3600,0.0,0.0,0.0,0.0,0.0,0.0,0.0,0.0,0.0
2024-03-23T00:00,3600,0.0,0.0,0.0,0.0,0.0,0.0,0.0,0.0,0.0
2024-03-23T01:00,3600,0.0,0.0,0.0,0.0,0.0,0.0,0.0,0.0,0.0
2024-03-23T02:00,3600,0.0,0.0,0.0,0.0,0.0,0.0,0.0,0.0,0.0
2024-03-23T03:00,3600,0.0,0.0,0.0,0.0,0.0,0.0,0.0,0.0,0.0
2024-03-23T04:00,3600,0.0,0.0,0.0,0.0,0.0,0.0,0.0,0.0,0.0
2024-03-23T05:00,3600,0.0,0.0,0.0,0.0,0.0,0.0,0.0,0.0,0.0
2024-03-23T06:00,3600,0.0,0.0009517881500000001,0.0,0.0,0.0,0.0009517881500000001,11.73807593,0.95178815,5.80921165
2024-03-23T07:00,3600,0.0,0.08618413066,0.0,0.0,0.0,0.08618413066,113.79884392,86.18413066,56.60366267
2024-03-23T08:00,3600,0.0,0.30500838033999994,0.0,0.0,0.0,0.30500838033999994,376.71970362,305.00838034,189.84486224
2024-03-23T09:00,3600,0.0,0.42859631603,0.0,0.0,0.0,0.42859631603,525.78511703,428.59631603,266.72096229
2024-03-23T10:00,3600,0.0,0.6198459560099999,0.0,0.0,0.0,0.6198459560099999,757.28508151,619.84595601,390.74906047
2024-03-23T11:00,3600,0.0,0.65804021409,0.0,0.0,0.0,0.65804021409,803.63865044,658.04021409,416.21620084
2024-03-23T12:00,3600,0.0,0.69710301469,0.0,0.0,0.0,0.69710301469,851.08821738,697.10301469,441.09345758
2024-03-23T13:00,3600,0.0,0.63666330505,0.0,0.0,0.0,0.63666330505,777.69007844,636.66330505,404.72481047
2024-03-23T14:00,3600,0.0,0.5128239931799999,0.0,0.0,0.0,0.5128239931799999,627.61530557,512.82399318,324.55922724
2024-03-23T15:00,3600,0.0,0.37378738645000004,0.0,0.0,0.0,0.37378738645000004,459.6260735,373.78738645,236.11845466
2024-03-23T16:00,3600,0.0,0.37436570357000004,0.0,0.0,0.0,0.37436570357000004,460.32372377,374.36570357,236.50164391
2024-03-23T17:00,3600,0.0,0.15716280885000003,0.0,0.0,0.0,0.15716280885000003,198.93976093,157.16280885,100.91060616
2024-03-23T18:00,3600,0.0,0.00782383889,0.0,0.0,0.0,0.00782383889,19.95978855,7.82383889,10.01315499
2024-03-23T19:00,3600,0.0,0.0,0.0,0.0,0.0,0.0,0.0,0.0,0.0
2024-03-23T20:00,3600,0.0,0.0,0.0,0.0,0.0,0.0,0.0,0.0,0.0
2024-03-23T21:00,3600,0.0,0.0,0.0,0.0,0.0,0.0,0.0,0.0,0.0
2024-03-23T22:00,3600,0.0,0.0,0.0,0.0,0.0,0.0,0.0,0.0,0.0
2024-03-23T23:00,3600,0.0,0.0,0.0,0.0,0.0,0.0,0.0,0.0,0.0
2024-03-24T00:00,3600,0.0,0.0,0.0,0.0,0.0,0.0,0.0,0.0,0.0
2024-03-24T01:00,3600,0.0,0.0,0.0,0.0,0.0,0.0,0.0,0.0,0.0
2024-03-24T02:00,3600,0.0,0.0,0.0,0.0,0.0,0.0,0.0,0.0,0.0
2024-03-24T03:00,3600,0.0,0.0,0.0,0.0,0.0,0.0,0.0,0.0,0.0
2024-03-24T04:00,3600,0.0,0.0,0.0,0.0,0.0,0.0,0.0,0.0,0.0
2024-03-24T05:00,3600,0.0,0.0,0.0,0.0,0.0,0.0,0.0,0.0,0.0
2024-03-24T06:00,3600,0.0,0.0,0.0,0.0,0.0,0.0,5.81368858,0.0,2.90460582
2024-03-24T07:00,3600,0.0,0.06401491428,0.0,0.0,0.0,0.06401491428,87.23386481,64.01491428,43.73131436
2024-03-24T08:00,3600,0.0,0.30142877013,0.0,0.0,0.0,0.30142877013,372.40835018,301.42877013,189.10897473
2024-03-24T09:00,3600,0.0,0.7405857543300001,0.0,0.0,0.0,0.7405857543300001,903.95666795,740.58575433,470.45036198
2024-03-24T10:00,3600,0.0,0.86997988558,0.0,0.0,0.0,0.86997988558,1061.59344854,869.97988558,562.18456516
2024-03-24T11:00,3600,0.0,1.06370177134,0.0,0.0,0.0,1.06370177134,1298.48210996,1063.70177134,695.92234616
2024-03-24T12:00,3600,0.0,1.0123345451,0.0,0.0,0.0,1.0123345451,1235.56494526,1012.3345451,660.07663697
2024-03-24T13:00,3600,0.0,1.04211545035,0.0,0.0,0.0,1.04211545035,1272.03293071,1042.11545035,683.94297077
2024-03-24T14:00,3600,0.0,0.87389714034,0.0,0.0,0.0,0.87389714034,1066.37305399,873.89714034,568.51248054
2024-03-24T15:00,3600,0.0,0.59019278476,0.0,0.0,0.0,0.59019278476,721.3250756,590.19278476,378.92087044
2024-03-24T16:00,3600,0.0,0.37493382223,0.0,0.0,0.0,0.37493382223,461.00908005,374.93382223,239.0235479
2024-03-24T17:00,3600,0.0,0.20518728052000001,0.0,0.0,0.0,0.20518728052000001,256.62313957,205.18728052,131.90499738
2024-03-24T18:00,3600,0.0,0.01185965294,0.0,0.0,0.0,0.01185965294,24.78881629,11.85965294,12.52223861
2024-03-24T19:00,3600,0.0,0.0,0.0,0.0,0.0,0.0,0.0,0.0,0.0
2024-03-24T20:00,3600,0.0,0.0,0.0,0.0,0.0,0.0,0.0,0.0,0.0
2024-03-24T21:00,3600,0.0,0.0,0.0,0.0,0.0,0.0,0.0,0.0,0.0
2024-03-24T22:00,3600,0.0,0.0,0.0,0.0,0.0,0.0,0.0,0.0,0.0
2024-03-24T23:00,3600,0.0,0.0,0.0,0.0,0.0,0.0,0.0,0.0,0.0
2024-03-25T00:00,3600,0.0,0.0,0.0,0.0,0.0,0.0,0.0,0.0,0.0
2024-03-25T01:00,3600,0.0,0.0,0.0,0.0,0.0,0.0,0.0,0.0,0.0
2024-03-25T02:00,3600,0.0,0.0,0.0,0.0,0.0,0.0,0.0,0.0,0.0
2024-03-25T03:00,3600,0.0,0.0,0.0,0.0,0.0,0.0,0.0,0.0,0.0
2024-03-25T04:00,3600,0.0,0.0,0.0,0.0,0.0,0.0,0.0,0.0,0.0
2024-03-25T05:00,3600,0.0,0.0,0.0,0.0,0.0,0.0,0.0,0.0,0.0
2024-03-25T06:00,3600,0.0,0.0,0.0,0.0,0.0,0.0,7.7641146,0.0,3.88075728
2024-03-25T07:00,3600,0.0,0.07805500073999999,0.0,0.0,0.0,0.07805500073999999,104.05632783,78.05500074,52.22942549
2024-03-25T08:00,3600,1.0281228337594417,0.29293266936999995,0.29293266936999995,0.7351901643894417,0.0,0.0,362.17686862,292.93266937,183.76356426
2024-03-25T09:00,3600,1.0149339213029493,0.47080965257999996,0.47080965257999996,0.5441242687229494,0.0,0.0,576.79618588,470.80965258,296.12428568
2024-03-25T10:00,3600,1.0295165199075822,0.7267472942500001,0.7267472942500001,0.30276922565758213,0.0,0.0,887.12546651,726.74729425,466.58172531
2024-03-25T11:00,3600,1.016926339828301,0.73114892881,0.73114892881,0.285777411018301,0.0,0.0,892.47843017,731.14892881,468.76982992
2024-03-25T12:00,3600,0.8667375121760272,0.8163724299,0.8163724299,0.05036508227602721,0.0,0.0,996.22816863,816.3724299,525.449203
2024-03-25T13:00,3600,0.7139082767127631,0.9049003985,0.7139082767127631,0.0,0.0,0.1909921217872369,1104.21668913,904.9003985,587.95758242
2024-03-25T14:00,3600,0.7258629495416615,0.87138470155,0.7258629495416615,0.0,0.0,0.1455217520083385,1063.30747318,871.38470155,567.4576351
2024-03-25T15:00,3600,0.6728803786685171,0.71054351609,0.6728803786685171,0.0,0.0,0.03766313742148286,867.42420919,710.54351609,459.05474408
2024-03-25T16:00,3600,0.5789258003081732,0.42989315742999995,0.42989315742999995,0.14903264287817325,0.0,0.0,527.35150855,429.89315743,275.33466912
2024-03-25T17:00,3600,0.5306215063689605,0.20012046915999998,0.20012046915999998,0.33050103720896057,0.0,0.0,250.53433966,200.12046916,129.31183012
2024-03-25T18:00,3600,0.0,0.00828158531,0.0,0.0,0.0,0.00828158531,20.50748036,8.28158531,10.36292298
2024-03-25T19:00,3600,0.0,0.0,0.0,0.0,0.0,0.0,0.0,0.0,0.0
2024-03-25T20:00,3600,0.0,0.0,0.0,0.0,0.0,0.0,0.0,0.0,0.0
2024-03-25T21:00,3600,0.0,0.0,0.0,0.0,0.0,0.0,0.0,0.0,0.0
2024-03-25T22:00,3600,0.0,0.0,0.0,0.0,0.0,0.0,0.0,0.0,0.0
2024-03-25T23:00,3600,0.0,0.0,0.0,0.0,0.0,0.0,0.0,0.0,0.0
2024-03-26T00:00,3600,0.0,0.0,0.0,0.0,0.0,0.0,0.0,0.0,0.0
2024-03-26T01:00,3600,0.0,0.0,0.0,0.0,0.0,0.0,0.0,0.0,0.0
2024-03-26T02:00,3600,0.0,0.0,0.0,0.0,0.0,0.0,0.0,0.0,0.0
2024-03-26T03:00,3600,0.0,0.0,0.0,0.0,0.0,0.0,0.0,0.0,0.0
2024-03-26T04:00,3600,0.0,0.0,0.0,0.0,0.0,0.0,0.0,0.0,0.0
2024-03-26T05:00,3600,0.0,0.0,0.0,0.0,0.0,0.0,0.0,0.0,0.0
2024-03-26T06:00,3600,0.0,0.0,0.0,0.0,0.0,0.0,5.85460021,0.0,2.90460582
2024-03-26T07:00,3600,0.0,0.05140136496,0.0,0.0,0.0,0.05140136496,72.12512614,51.40136496,35.87811554
2024-03-26T08:00,3600,0.0,0.13409892329999998,0.0,0.0,0.0,0.13409892329999998,171.25917961,134.0989233,85.50413855
2024-03-26T09:00,3600,0.0,0.26160192089999995,0.0,0.0,0.0,0.26160192089999995,324.46351716,261.6019209,162.95506832
2024-03-26T10:00,3600,0.385615265424849,0.48697389994999996,0.385615265424849,0.0,0.0,0.10135863452515098,596.34217395,486.97389995,306.16750443
2024-03-26T11:00,3600,0.3719769973659171,0.51587352406,0.3719769973659171,0.0,0.0,0.14389652669408287,631.3058025,515.87352406,324.8339429
2024-03-26T12:00,3600,0.41534738715070074,0.69040314327,0.41534738715070074,0.0,0.0,0.2750557561192992,842.94687035,690.40314327,438.05697664
2024-03-26T13:00,3600,0.5858894629844094,0.99087206605,0.5858894629844094,0.0,0.0,0.40498260306559064,1209.2988823,990.87206605,647.38543811
2024-03-26T14:00,3600,0.6622474013646177,1.16595403581,0.6622474013646177,0.0,0.0,0.5037066344453823,1423.95045982,1165.95403581,775.35453197
2024-03-26T15:00,3600,0.6155139433246648,0.9407367590200001,0.6155139433246648,0.0,0.0,0.3252228156953353,1147.993614,940.73675902,617.13360863
2024-03-26T16:00,3600,0.5233677277879745,0.6111180142499999,0.5233677277879745,0.0,0.0,0.08775028646202543,746.69829527,611.11801425,392.92968822
2024-03-26T17:00,3600,0.43441765469745547,0.26018622038,0.26018622038,0.17423143431745547,0.0,0.0,322.76004163,260.18622038,166.32573391
2024-03-26T18:00,3600,0.0,0.01328099722,0.0,0.0,0.0,0.01328099722,26.4896199,13.28099722,13.31882282
2024-03-26T19:00,3600,0.0,0.0,0.0,0.0,0.0,0.0,0.0,0.0,0.0
2024-03-26T20:00,3600,0.0,0.0,0.0,0.0,0.0,0.0,0.0,0.0,0.0
2024-03-26T21:00,3600,0.0,0.0,0.0,0.0,0.0,0.0,0.0,0.0,0.0
2024-03-26T22:00,3600,0.0,0.0,0.0,0.0,0.0,0.0,0.0,0.0,0.0
2024-03-26T23:00,3600,0.0,0.0,0.0,0.0,0.0,0.0,0.0,0.0,0.0
2024-03-27T00:00,3600,0.0,0.0,0.0,0.0,0.0,0.0,0.0,0.0,0.0
2024-03-27T01:00,3600,0.0,0.0,0.0,0.0,0.0,0.0,0.0,0.0,0.0
2024-03-27T02:00,3600,0.0,0.0,0.0,0.0,0.0,0.0,0.0,0.0,0.0
2024-03-27T03:00,3600,0.0,0.0,0.0,0.0,0.0,0.0,0.0,0.0,0.0
2024-03-27T04:00,3600,0.0,0.0,0.0,0.0,0.0,0.0,0.0,0.0,0.0
2024-03-27T05:00,3600,0.0,0.0,0.0,0.0,0.0,0.0,0.0,0.0,0.0
2024-03-27T06:00,3600,0.0,0.00580664391,0.0,0.0,0.0,0.00580664391,17.54628896,5.80664391,8.72176699
2024-03-27T07:00,3600,0.0,0.18659465345999998,0.0,0.0,0.0,0.18659465345999998,234.28371789,186.59465346,117.40555573
2024-03-27T08:00,3600,0.0,0.41818781087,0.0,0.0,0.0,0.41818781087,513.21485636,418.18781087,260.22153243
2024-03-27T09:00,3600,0.0,0.64907291861,0.0,0.0,0.0,0.64907291861,792.75206599,649.07291861,406.84826388
2024-03-27T10:00,3600,0.5587273141434282,0.6088692652300001,0.5587273141434282,0.0,0.0,0.05014195108657182,743.97095782,608.86926523,384.7304829
2024-03-27T11:00,3600,0.43111894436882603,0.58677472772,0.43111894436882603,0.0,0.0,0.15565578335117392,717.18160683,586.77472772,370.26588958
2024-03-27T12:00,3600,0.45089826787891585,0.6300673675399999,0.45089826787891585,0.0,0.0,0.17916909966108407,769.68609405,630.06736754,398.38438874
2024-03-27T13:00,3600,0.4689600469889475,0.49113265694,0.4689600469889475,0.0,0.0,0.022172609951052524,601.37214903,491.13265694,310.61747461
2024-03-27T14:00,3600,0.4698392067542503,0.45151761877,0.45151761877,0.018321587984250265,0.0,0.0,553.47742156,451.51761877,285.42460227
2024-03-27T15:00,3600,0.48514820479473003,0.48773250258,0.48514820479473003,0.0,0.0,0.0025842977852699733,597.25966085,487.73250258,308.83640766
2024-03-27T16:00,3600,0.4317788203947053,0.31852518547,0.31852518547,0.11325363492470525,0.0,0.0,393.00274518,318.52518547,201.17684613
2024-03-27T17:00,3600,0.37531801068314385,0.13260897292999999,0.13260897292999999,0.24270903775314387,0.0,0.0,169.47147658,132.60897293,85.96926111
2024-03-27T18:00,3600,0.0,0.013903229639999999,0.0,0.0,0.0,0.013903229639999999,27.2342102,13.90322964,13.66309821
2024-03-27T19:00,3600,0.0,0.0,0.0,0.0,0.0,0.0,0.0,0.0,0.0
2024-03-27T20:00,3600,0.0,0.0,0.0,0.0,0.0,0.0,0.0,0.0,0.0
2024-03-27T21:00,3600,0.0,0.0,0.0,0.0,0.0,0.0,0.0,0.0,0.0
2024-03-27T22:00,3600,0.0,0.0,0.0,0.0,0.0,0.0,0.0,0.0,0.0
2024-03-27T23:00,3600,0.0,0.0,0.0,0.0,0.0,0.0,0.0,0.0,0.0
2024-03-28T00:00,3600,0.0,0.0,0.0,0.0,0.0,0.0,0.0,0.0,0.0
2024-03-28T01:00,3600,0.0,0.0,0.0,0.0,0.0,0.0,0.0,0.0,0.0
2024-03-28T02:00,3600,0.0,0.0,0.0,0.0,0.0,0.0,0.0,0.0,0.0
2024-03-28T03:00,3600,0.0,0.0,0.0,0.0,0.0,0.0,0.0,0.0,0.0
2024-03-28T04:00,3600,0.0,0.0,0.0,0.0,0.0,0.0,0.0,0.0,0.0
2024-03-28T05:00,3600,0.0,0.0,0.0,0.0,0.0,0.0,0.0,0.0,0.0
2024-03-28T06:00,3600,0.0,0.0009339935,0.0,0.0,0.0,0.0009339935,11.71678806,0.9339935,5.81716116
2024-03-28T07:00,3600,0.0,0.05454583507000001,0.0,0.0,0.0,0.05454583507000001,75.89123259,54.54583507,37.83932378
2024-03-28T08:00,3600,0.0,0.08678310442,0.0,0.0,0.0,0.08678310442,114.51676567,86.78310442,57.1963478
2024-03-28T09:00,3600,0.0,0.23678050083,0.0,0.0,0.0,0.23678050083,294.60439825,236.78050083,148.40340511
2024-03-28T10:00,3600,0.0,0.71765298896,0.0,0.0,0.0,0.71765298896,876.06731347,717.65298896,459.10955504
2024-03-28T11:00,3600,0.8037156496925082,0.9737954833999999,0.8037156496925082,0.0,0.0,0.1700798337074917,1188.40969013,973.7954834,634.96664335
2024-03-28T12:00,3600,0.6638880096100463,0.9571023169400001,0.6638880096100463,0.0,0.0,0.2932143073299538,1167.99751927,957.10231694,625.35019564
2024-03-28T13:00,3600,0.6655674240631401,0.86696055355,0.6655674240631401,0.0,0.0,0.20139312948685995,1057.90973109,866.96055355,565.37586867
2024-03-28T14:00,3600,0.6405206268829008,0.84782803254,0.6405206268829008,0.0,0.0,0.20730740565709926,1034.57318571,847.82803254,551.18204067
2024-03-28T15:00,3600,0.577691890788987,0.59864011349,0.577691890788987,0.0,0.0,0.020948222701013042,731.56656034,598.64011349,384.00245079
2024-03-28T16:00,3600,0.5137327346806297,0.34736787704,0.34736787704,0.16636485764062975,0.0,0.0,427.76472624,347.36787704,221.39701527
2024-03-28T17:00,3600,0.4535705066492432,0.13131127609999999,0.13131127609999999,0.3222592305492432,0.0,0.0,167.91449564,131.3112761,85.65394242
2024-03-28T18:00,3600,0.0,0.01416667657,0.0,0.0,0.0,0.01416667657,27.54946533,14.16667657,13.83754073
2024-03-28T19:00,3600,0.0,0.0,0.0,0.0,0.0,0.0,0.0,0.0,0.0
2024-03-28T20:00,3600,0.0,0.0,0.0,0.0,0.0,0.0,0.0,0.0,0.0
2024-03-28T21:00,3600,0.0,0.0,0.0,0.0,0.0,0.0,0.0,0.0,0.0
2024-03-28T22:00,3600,0.0,0.0,0.0,0.0,0.0,0.0,0.0,0.0,0.0
2024-03-28T23:00,3600,0.0,0.0,0.0,0.0,0.0,0.0,0.0,0.0,0.0
2024-03-29T00:00,3600,0.0,0.0,0.0,0.0,0.0,0.0,0.0,0.0,0.0
2024-03-29T01:00,3600,0.0,0.0,0.0,0.0,0.0,0.0,0.0,0.0,0.0
2024-03-29T02:00,3600,0.0,0.0,0.0,0.0,0.0,0.0,0.0,0.0,0.0
2024-03-29T03:00,3600,0.0,0.0,0.0,0.0,0.0,0.0,0.0,0.0,0.0
2024-03-29T04:00,3600,0.0,0.0,0.0,0.0,0.0,0.0,0.0,0.0,0.0
2024-03-29T05:00,3600,0.0,0.0,0.0,0.0,0.0,0.0,0.0,0.0,0.0
2024-03-29T06:00,3600,0.0,0.00584762884,0.0,0.0,0.0,0.00584762884,17.59532485,5.84762884,8.71381747
2024-03-29T07:00,3600,0.0,0.15183937617999999,0.0,0.0,0.0,0.15183937617999999,192.54947034,151.83937618,96.2050517
2024-03-29T08:00,3600,0.0,0.43077886793,0.0,0.0,0.0,0.43077886793,528.42134152,430.77886793,268.78866504
2024-03-29T09:00,3600,0.0,0.73958762733,0.0,0.0,0.0,0.73958762733,902.74250447,739.58762733,469.11612824
2024-03-29T10:00,3600,0.0,0.88860181801,0.0,0.0,0.0,0.88860181801,1084.31870361,888.60181801,579.0434969
2024-03-29T11:00,3600,0.9462357569357325,1.1029176970299999,0.9462357569357325,0.0,0.0,0.1566819400942674,1346.56647433,1102.91769703,733.44001399
2024-03-29T12:00,3600,0.8934874596375418,1.2243290715200001,0.8934874596375418,0.0,0.0,0.3308416118824583,1495.71413575,1224.32907152,828.7477307
2024-03-29T13:00,3600,0.7356313720990406,0.9933606338200001,0.7356313720990406,0.0,0.0,0.25772926172095945,1212.34375274,993.36063382,666.76823758
2024-03-29T14:00,3600,0.7446095406708159,1.0394180454600002,0.7446095406708159,0.0,0.0,0.2948085047891843,1268.72880255,1039.41804546,699.01518679
2024-03-29T15:00,3600,0.6440213716104057,0.69534139513,0.6440213716104057,0.0,0.0,0.051320023519594304,848.94746471,695.34139513,454.6884797
2024-03-29T16:00,3600,0.5355302777224717,0.33795948770000006,0.33795948770000006,0.1975707900224717,0.0,0.0,416.42300056,337.9594877,216.73721083
2024-03-29T17:00,3600,0.4594265439963578,0.10054049446999999,0.10054049446999999,0.35888604952635783,0.0,0.0,131.00882458,100.54049447,66.91878557
2024-03-29T18:00,3600,0.0,0.01057076054,0.0,0.0,0.0,0.01057076054,23.24655319,10.57076054,11.69893067
2024-03-29T19:00,3600,0.0,0.0,0.0,0.0,0.0,0.0,0.0,0.0,0.0
2024-03-29T20:00,3600,0.0,0.0,0.0,0.0,0.0,0.0,0.0,0.0,0.0
2024-03-29T21:00,3600,0.0,0.0,0.0,0.0,0.0,0.0,0.0,0.0,0.0
2024-03-29T22:00,3600,0.0,0.0,0.0,0.0,0.0,0.0,0.0,0.0,0.0
2024-03-29T23:00,3600,0.0,0.0,0.0,0.0,0.0,0.0,0.0,0.0,0.0
2024-03-30T00:00,3600,0.0,0.0,0.0,0.0,0.0,0.0,0.0,0.0,0.0
2024-03-30T01:00,3600,0.0,0.0,0.0,0.0,0.0,0.0,0.0,0.0,0.0
2024-03-30T02:00,3600,0.0,0.0,0.0,0.0,0.0,0.0,0.0,0.0,0.0
2024-03-30T03:00,3600,0.0,0.0,0.0,0.0,0.0,0.0,0.0,0.0,0.0
2024-03-30T04:00,3600,0.0,0.0,0.0,0.0,0.0,0.0,0.0,0.0,0.0
2024-03-30T05:00,3600,0.0,0.0,0.0,0.0,0.0,0.0,0.0,0.0,0.0
2024-03-30T06:00,3600,0.0,0.00745336704,0.0,0.0,0.0,0.00745336704,19.5165245,7.45336704,9.68996893
2024-03-30T07:00,3600,0.0,0.13369741339,0.0,0.0,0.0,0.13369741339,170.77742584,133.69741339,85.53399423
2024-03-30T08:00,3600,0.0,0.28840335381,0.0,0.0,0.0,0.28840335381,356.7232118,288.40335381,180.5607186
2024-03-30T09:00,3600,0.0,0.6404368542800001,0.0,0.0,0.0,0.6404368542800001,782.26971673,640.43685428,404.30496883
2024-03-30T10:00,3600,0.0,0.85400555991,0.0,0.0,0.0,0.85400555991,1042.10698593,854.00555991,550.57417515
2024-03-30T11:00,3600,0.0,0.94484345844,0.0,0.0,0.0,0.94484345844,1153.01259066,944.84345844,612.9126629
2024-03-30T12:00,3600,0.0,1.0044718797,0.0,0.0,0.0,1.0044718797,1225.94099155,1004.4718797,653.75044468
2024-03-30T13:00,3600,0.0,0.9720729400799999,0.0,0.0,0.0,0.9720729400799999,1186.30302234,972.07294008,633.75505626
2024-03-30T14:00,3600,0.0,0.50864749638,0.0,0.0,0.0,0.50864749638,622.56138619,508.64749638,324.36757452
2024-03-30T15:00,3600,0.0,0.21941453004,0.0,0.0,0.0,0.21941453004,273.72375838,219.41453004,140.35715777
2024-03-30T16:00,3600,0.0,0.16898584622,0.0,0.0,0.0,0.16898584622,213.13494993,168.98584622,108.92511993
2024-03-30T17:00,3600,0.0,0.07398996545,0.0,0.0,0.0,0.07398996545,99.18516805,73.98996545,50.36307731
2024-03-30T18:00,3600,0.0,0.01715625657,0.0,0.0,0.0,0.01715625657,31.12709095,17.15625657,15.62602066
2024-03-30T19:00,3600,0.0,0.0,0.0,0.0,0.0,0.0,0.0,0.0,0.0
2024-03-30T20:00,3600,0.0,0.0,0.0,0.0,0.0,0.0,0.0,0.0,0.0
2024-03-30T21:00,3600,0.0,0.0,0.0,0.0,0.0,0.0,0.0,0.0,0.0
2024-03-30T22:00,3600,0.0,0.0,0.0,0.0,0.0,0.0,0.0,0.0,0.0
2024-03-30T23:00,3600,0.0,0.0,0.0,0.0,0.0,0.0,0.0,0.0,0.0
2024-03-31T00:00,3600,0.0,0.0,0.0,0.0,0.0,0.0,0.0,0.0,0.0
2024-03-31T01:00,3600,0.0,0.0,0.0,0.0,0.0,0.0,0.0,0.0,0.0
2024-03-31T02:00,3600,0.0,0.0,0.0,0.0,0.0,0.0,0.0,0.0,0.0
2024-03-31T03:00,3600,0.0,0.0,0.0,0.0,0.0,0.0,0.0,0.0,0.0
2024-03-31T04:00,3600,0.0,0.0,0.0,0.0,0.0,0.0,0.0,0.0,0.0
2024-03-31T05:00,3600,0.0,0.0,0.0,0.0,0.0,0.0,0.0,0.0,0.0
2024-03-31T06:00,3600,0.0,0.0,0.0,0.0,0.0,0.0,9.62673107,0.0,4.84100971
2024-03-31T07:00,3600,0.0,0.045684991790000004,0.0,0.0,0.0,0.045684991790000004,65.27934726,45.68499179,32.91886601
2024-03-31T08:00,3600,0.0,0.18852850527000004,0.0,0.0,0.0,0.18852850527000004,236.60684689,188.52850527,120.42875547
2024-03-31T09:00,3600,0.0,0.4699988565,0.0,0.0,0.0,0.4699988565,575.81595099,469.9988565,297.5372562
2024-03-31T10:00,3600,0.0,0.46314939192,0.0,0.0,0.0,0.46314939192,567.53581608,463.14939192,295.25860498
2024-03-31T11:00,3600,0.0,0.6689545613400001,0.0,0.0,0.0,0.6689545613400001,816.89203188,668.95456134,430.71817531
2024-03-31T12:00,3600,0.0,0.9805285867100001,0.0,0.0,0.0,0.9805285867100001,1196.64507317,980.52858671,645.69113366
2024-03-31T13:00,3600,0.0,0.98960919364,0.0,0.0,0.0,0.98960919364,1207.75377053,989.60919364,658.98859481
2024-03-31T14:00,3600,0.0,0.81256778075,0.0,0.0,0.0,0.81256778075,991.59210889,812.56778075,536.32973441
2024-03-31T15:00,3600,0.0,0.45778542329,0.0,0.0,0.0,0.45778542329,561.05235536,457.78542329,295.98687803
2024-03-31T16:00,3600,0.0,0.30108658392,0.0,0.0,0.0,0.30108658392,371.99623252,301.08658392,192.58433872
2024-03-31T17:00,3600,0.0,0.10751720206,0.0,0.0,0.0,0.10751720206,139.37428348,107.51720206,70.94983813
2024-03-31T18:00,3600,0.0,0.00416833952,0.0,0.0,0.0,0.00416833952,15.5861976,4.16833952,7.85459449
2024-03-31T19:00,3600,0.0,0.0,0.0,0.0,0.0,0.0,0.0,0.0,0.0
2024-03-31T20:00,3600,0.0,0.0,0.0,0.0,0.0,0.0,0.0,0.0,0.0
2024-03-31T21:00,3600,0.0,0.0,0.0,0.0,0.0,0.0,0.0,0.0,0.0
2024-03-31T22:00,3600,0.0,0.0,0.0,0.0,0.0,0.0,0.0,0.0,0.0
2024-03-31T23:00,3600,0.0,0.0,0.0,0.0,0.0,0.0,0.0,0.0,0.0
2024-04-01T00:00,3600,0.0,0.0,0.0,0.0,0.0,0.0,0.0,0.0,0.0
2024-04-01T01:00,3600,0.0,0.0,0.0,0.0,0.0,0.0,0.0,0.0,0.0
2024-04-01T02:00,3600,0.0,0.0,0.0,0.0,0.0,0.0,0.0,0.0,0.0
2024-04-01T03:00,3600,0.0,0.0,0.0,0.0,0.0,0.0,0.0,0.0,0.0
2024-04-01T04:00,3600,0.0,0.0,0.0,0.0,0.0,0.0,0.0,0.0,0.0
2024-04-01T05:00,3600,0.0,0.0,0.0,0.0,0.0,0.0,0.0,0.0,0.0
2024-04-01T06:00,3600,0.0,0.0,0.0,0.0,0.0,0.0,7.74814185,0.0,3.87280777
2024-04-01T07:00,3600,0.0,0.04760967865,0.0,0.0,0.0,0.04760967865,67.58420462,47.60967865,33.88451091
2024-04-01T08:00,3600,1.0870588235294116,0.12483783315,0.12483783315,0.9622209903794117,0.0,0.0,160.14831147,124.83783315,80.77432012
2024-04-01T09:00,3600,1.0870588235294116,0.36568917403,0.36568917403,0.7213696494994116,0.0,0.0,449.85778807,365.68917403,230.14631881
2024-04-01T10:00,3600,1.0870588235294116,0.39572119477,0.39572119477,0.6913376287594116,0.0,0.0,486.09220843,395.72119477,251.09560609
2024-04-01T11:00,3600,1.0870588235294116,0.55363535672,0.55363535672,0.5334234668094117,0.0,0.0,677.02582283,553.63535672,351.91155477
2024-04-01T12:00,3600,1.0870588235294116,0.57297938559,0.57297938559,0.5140794379394117,0.0,0.0,700.46177036,572.97938559,364.7046278
2024-04-01T13:00,3600,1.0870588235294116,0.61124382922,0.61124382922,0.47581499430941165,0.0,0.0,746.85089086,611.24382922,389.37151789
2024-04-01T14:00,3600,0.8915821651561665,0.94989586816,0.8915821651561665,0.0,0.0,0.05831370300383354,1159.18801668,949.89586816,612.95514691
2024-04-01T15:00,3600,0.6955478676470589,0.6237962364899999,0.6237962364899999,0.07175163115705896,0.0,0.0,762.07737161,623.79623649,396.37306177
2024-04-01T16:00,3600,0.621753007654869,0.43073208995,0.43073208995,0.19102091770486895,0.0,0.0,528.36483874,430.73208995,271.76654152
2024-04-01T17:00,3600,0.5437746672088254,0.21783037968,0.21783037968,0.3259442875288254,0.0,0.0,271.81939935,217.83037968,138.44626268
2024-04-01T18:00,3600,0.0,0.01053456799,0.0,0.0,0.0,0.01053456799,23.20324655,10.53456799,11.78530766
2024-04-01T19:00,3600,0.0,0.0,0.0,0.0,0.0,0.0,0.0,0.0,0.0
2024-04-01T20:00,3600,0.0,0.0,0.0,0.0,0.0,0.0,0.0,0.0,0.0
2024-04-01T21:00,3600,0.0,0.0,0.0,0.0,0.0,0.0,0.0,0.0,0.0
2024-04-01T22:00,3600,0.0,0.0,0.0,0.0,0.0,0.0,0.0,0.0,0.0
2024-04-01T23:00,3600,0.0,0.0,0.0,0.0,0.0,0.0,0.0,0.0,0.0
2024-04-02T00:00,3600,0.0,0.0,0.0,0.0,0.0,0.0,0.0,0.0,0.0
2024-04-02T01:00,3600,0.0,0.0,0.0,0.0,0.0,0.0,0.0,0.0,0.0
2024-04-02T02:00,3600,0.0,0.0,0.0,0.0,0.0,0.0,0.0,0.0,0.0
2024-04-02T03:00,3600,0.0,0.0,0.0,0.0,0.0,0.0,0.0,0.0,0.0
2024-04-02T04:00,3600,0.0,0.0,0.0,0.0,0.0,0.0,0.0,0.0,0.0
2024-04-02T05:00,3600,0.0,0.0,0.0,0.0,0.0,0.0,0.0,0.0,0.0
2024-04-02T06:00,3600,0.0,0.00722347672,0.0,0.0,0.0,0.00722347672,19.24146599,7.22347672,9.68996893
2024-04-02T07:00,3600,0.0,0.14848036323000002,0.0,0.0,0.0,0.14848036323000002,188.51767605,148.48036323,95.66740104
2024-04-02T08:00,3600,0.9063742040782629,0.38128226636999996,0.38128226636999996,0.5250919377082629,0.0,0.0,468.66819458,381.28226637,240.3107856
2024-04-02T09:00,3600,0.6349770031158586,0.65203978458,0.6349770031158586,0.0,0.0,0.01706278146414142,796.35368933,652.03978458,413.29217947
2024-04-02T10:00,3600,0.7437046567593573,0.83228217911,0.7437046567593573,0.0,0.0,0.08857752235064276,1015.61899906,832.28217911,535.48250217
2024-04-02T11:00,3600,0.7625717965712965,0.9074744069099999,0.7625717965712965,0.0,0.0,0.14490261033870344,1107.35983174,907.47440691,586.03738575
2024-04-02T12:00,3600,0.7888181116636633,0.98834996572,0.7888181116636633,0.0,0.0,0.19953185405633667,1206.21316289,988.34996572,641.79923953
2024-04-02T13:00,3600,0.7883499494777947,0.9408439133900001,0.7883499494777947,0.0,0.0,0.15249396391220538,1148.12456596,940.84391339,612.35931779
2024-04-02T14:00,3600,0.7439096639374694,0.7673979560499999,0.7439096639374694,0.0,0.0,0.023488292112530562,936.58257329,767.39795605,495.2339154
2024-04-02T15:00,3600,0.7003906959026629,0.6154265795799999,0.6154265795799999,0.08496411632266299,0.0,0.0,751.92421911,615.42657958,394.78643657
2024-04-02T16:00,3600,0.6398543369909724,0.40788789937000003,0.40788789937000003,0.23196643762097235,0.0,0.0,500.77865734,407.88789937,260.03911602
2024-04-02T17:00,3600,0.5596942222408993,0.16958446936000002,0.16958446936000002,0.3901097528808992,0.0,0.0,213.85377954,169.58446936,109.87821813
2024-04-02T18:00,3600,0.0,0.012080475989999999,0.0,0.0,0.0,0.012080475989999999,25.05305321,12.08047599,12.70363622
2024-04-02T19:00,3600,0.0,0.0,0.0,0.0,0.0,0.0,0.0,0.0,0.0
2024-04-02T20:00,3600,0.0,0.0,0.0,0.0,0.0,0.0,0.0,0.0,0.0
2024-04-02T21:00,3600,0.0,0.0,0.0,0.0,0.0,0.0,0.0,0.0,0.0
2024-04-02T22:00,3600,0.0,0.0,0.0,0.0,0.0,0.0,0.0,0.0,0.0
2024-04-02T23:00,3600,0.0,0.0,0.0,0.0,0.0,0.0,0.0,0.0,0.0
2024-04-03T00:00,3600,0.0,0.0,0.0,0.0,0.0,0.0,0.0,0.0,0.0
2024-04-03T01:00,3600,0.0,0.0,0.0,0.0,0.0,0.0,0.0,0.0,0.0
2024-04-03T02:00,3600,0.0,0.0,0.0,0.0,0.0,0.0,0.0,0.0,0.0
2024-04-03T03:00,3600,0.0,0.0,0.0,0.0,0.0,0.0,0.0,0.0,0.0
2024-04-03T04:00,3600,0.0,0.0,0.0,0.0,0.0,0.0,0.0,0.0,0.0
2024-04-03T05:00,3600,0.0,0.0,0.0,0.0,0.0,0.0,0.0,0.0,0.0
2024-04-03T06:00,3600,0.0,0.0072859739,0.0,0.0,0.0,0.0072859739,19.3162423,7.2859739,9.69791844
2024-04-03T07:00,3600,0.0,0.09190381906999999,0.0,0.0,0.0,0.09190381906999999,120.65477551,91.90381907,60.87827343
2024-04-03T08:00,3600,0.6808625315046728,0.23260888517,0.23260888517,0.4482536463346728,0.0,0.0,289.58775398,232.60888517,147.19274584
2024-04-03T09:00,3600,0.551564821669661,0.43056203916999997,0.43056203916999997,0.12100278249966107,0.0,0.0,528.15943618,430.56203917,270.97075228
2024-04-03T10:00,3600,0.7149229199626225,0.7619672383199999,0.7149229199626225,0.0,0.0,0.047044318357377435,929.97268666,761.96723832,488.55356067
2024-04-03T11:00,3600,0.6510636431522813,0.53422331995,0.53422331995,0.11684032320228122,0.0,0.0,653.51785505,534.22331995,339.91617438
2024-04-03T12:00,3600,0.7599055612265992,0.94279563681,0.7599055612265992,0.0,0.0,0.18289007558340076,1150.50979872,942.79563681,611.16466477
2024-04-03T13:00,3600,0.816411812923565,1.01539567184,0.816411812923565,0.0,0.0,0.19898385891643489,1239.31226021,1015.39567184,663.04777565
2024-04-03T14:00,3600,0.7258878762935586,0.734552259,0.7258878762935586,0.0,0.0,0.008664382706441431,896.61769582,734.552259,471.71177606
2024-04-03T15:00,3600,0.6841241249950893,0.57877196716,0.57877196716,0.10535215783508933,0.0,0.0,707.48168927,578.77196716,369.32848219
2024-04-03T16:00,3600,0.6574920572967924,0.44781159389999997,0.44781159389999997,0.20968046339679242,0.0,0.0,548.99902399,447.8115939,284.8569274
2024-04-03T17:00,3600,0.5949547248144224,0.18631466068,0.18631466068,0.40864006413442233,0.0,0.0,233.94737193,186.31466068,120.04740475
2024-04-03T18:00,3600,0.0,0.01202799253,0.0,0.0,0.0,0.01202799253,24.99025138,12.02799253,12.65510724
2024-04-03T19:00,3600,0.0,0.0,0.0,0.0,0.0,0.0,0.0,0.0,0.0
2024-04-03T20:00,3600,0.0,0.0,0.0,0.0,0.0,0.0,0.0,0.0,0.0
2024-04-03T21:00,3600,0.0,0.0,0.0,0.0,0.0,0.0,0.0,0.0,0.0
2024-04-03T22:00,3600,0.0,0.0,0.0,0.0,0.0,0.0,0.0,0.0,0.0
2024-04-03T23:00,3600,0.0,0.0,0.0,0.0,0.0,0.0,0.0,0.0,0.0
2024-04-04T00:00,3600,0.0,0.0,0.0,0.0,0.0,0.0,0.0,0.0,0.0
2024-04-04T01:00,3600,0.0,0.0,0.0,0.0,0.0,0.0,0.0,0.0,0.0
2024-04-04T02:00,3600,0.0,0.0,0.0,0.0,0.0,0.0,0.0,0.0,0.0
2024-04-04T03:00,3600,0.0,0.0,0.0,0.0,0.0,0.0,0.0,0.0,0.0
2024-04-04T04:00,3600,0.0,0.0,0.0,0.0,0.0,0.0,0.0,0.0,0.0
2024-04-04T05:00,3600,0.0,0.0,0.0,0.0,0.0,0.0,0.0,0.0,0.0
2024-04-04T06:00,3600,0.0,0.00245281969,0.0,0.0,0.0,0.00245281969,13.533801,2.45281969,6.8023511
2024-04-04T07:00,3600,0.0,0.07542971837,0.0,0.0,0.0,0.07542971837,100.91038342,75.42971837,50.94705239
2024-04-04T08:00,3600,0.6805824761975368,0.18827910086,0.18827910086,0.49230337533753676,0.0,0.0,236.30723265,188.27910086,120.16283366
2024-04-04T09:00,3600,0.6163786911764706,0.5299467060299999,0.5299467060299999,0.08643198514647066,0.0,0.0,648.34027304,529.94670603,336.59357336
2024-04-04T10:00,3600,0.7481691941176472,0.78667587117,0.7481691941176472,0.0,0.0,0.03850667705235289,960.05295917,786.67587117,510.67480427
2024-04-04T11:00,3600,0.7680933341150031,0.76147834499,0.76147834499,0.0066149891250031345,0.0,0.0,929.37768068,761.47834499,495.00144141
2024-04-04T12:00,3600,0.7982250864004612,0.8397192648,0.7982250864004612,0.0,0.0,0.04149417839953884,1024.68577221,839.7192648,547.86957368
2024-04-04T13:00,3600,0.8670451193917489,1.03851510541,0.8670451193917489,0.0,0.0,0.17146998601825103,1267.6228119,1038.51510541,689.00364525
2024-04-04T14:00,3600,0.6828083756583623,0.42948042618,0.42948042618,0.2533279494783623,0.0,0.0,526.8529856,429.48042618,275.62413311
2024-04-04T15:00,3600,0.6466328165920281,0.31390673682,0.31390673682,0.3327260797720281,0.0,0.0,387.43856595,313.90673682,201.48239832
2024-04-04T16:00,3600,0.5847905693429307,0.21969829730999998,0.21969829730999998,0.3650922720329307,0.0,0.0,274.06489146,219.69829731,141.34260901
2024-04-04T17:00,3600,0.5500094894514536,0.09288309106,0.09288309106,0.4571263983914535,0.0,0.0,121.82867217,92.88309106,62.27367516
2024-04-04T18:00,3600,0.0,0.0008285194299999999,0.0,0.0,0.0,0.0008285194299999999,11.59060884,0.82851943,5.81716116
2024-04-04T19:00,3600,0.0,0.0,0.0,0.0,0.0,0.0,0.0,0.0,0.0
2024-04-04T20:00,3600,0.0,0.0,0.0,0.0,0.0,0.0,0.0,0.0,0.0
2024-04-04T21:00,3600,0.0,0.0,0.0,0.0,0.0,0.0,0.0,0.0,0.0
2024-04-04T22:00,3600,0.0,0.0,0.0,0.0,0.0,0.0,0.0,0.0,0.0
2024-04-04T23:00,3600,0.0,0.0,0.0,0.0,0.0,0.0,0.0,0.0,0.0
2024-04-05T00:00,3600,0.0,0.0,0.0,0.0,0.0,0.0,0.0,0.0,0.0
2024-04-05T01:00,3600,0.0,0.0,0.0,0.0,0.0,0.0,0.0,0.0,0.0
2024-04-05T02:00,3600,0.0,0.0,0.0,0.0,0.0,0.0,0.0,0.0,0.0
2024-04-05T03:00,3600,0.0,0.0,0.0,0.0,0.0,0.0,0.0,0.0,0.0
2024-04-05T04:00,3600,0.0,0.0,0.0,0.0,0.0,0.0,0.0,0.0,0.0
2024-04-05T05:00,3600,0.0,0.0,0.0,0.0,0.0,0.0,0.0,0.0,0.0
2024-04-05T06:00,3600,0.0,0.0,0.0,0.0,0.0,0.0,3.91690812,0.0,1.93640388
2024-04-05T07:00,3600,0.0,0.02549502058,0.0,0.0,0.0,0.02549502058,41.10733291,25.49502058,20.33224077
2024-04-05T08:00,3600,0.0,0.05344982785,0.0,0.0,0.0,0.05344982785,74.57852367,53.44982785,36.90343829
2024-04-05T09:00,3600,0.0,0.09597050292,0.0,0.0,0.0,0.09597050292,125.52985722,95.97050292,62.20974667
2024-04-05T10:00,3600,0.0,0.16201646802,0.0,0.0,0.0,0.16201646802,204.76679475,162.01646802,102.03282689
2024-04-05T11:00,3600,0.0,0.43585186088,0.0,0.0,0.0,0.43585186088,534.54932719,435.85186088,271.40463612
2024-04-05T12:00,3600,0.5243099221570664,0.46126844005999995,0.46126844005999995,0.06304148209706645,0.0,0.0,565.26220864,461.26844006,289.66586384
2024-04-05T13:00,3600,0.4698324039651654,0.47803930987,0.4698324039651654,0.0,0.0,0.008206905904834583,585.53748193,478.03930987,301.24134886
2024-04-05T14:00,3600,0.44862466424242625,0.33925490529,0.33925490529,0.10936975895242623,0.0,0.0,417.98447156,339.25490529,213.22063316
2024-04-05T15:00,3600,0.3857233359592133,0.20375777618999996,0.20375777618999996,0.18196555976921336,0.0,0.0,254.90523062,203.75777619,128.47246703
2024-04-05T16:00,3600,0.3472363287997662,0.15630614878,0.15630614878,0.1909301800197662,0.0,0.0,197.91136806,156.30614878,99.21164663
2024-04-05T17:00,3600,0.3208527664727729,0.08231514242999999,0.08231514242999999,0.2385376240427729,0.0,0.0,109.16175852,82.31514243,54.44404927
2024-04-05T18:00,3600,0.0,0.00094082341,0.0,0.0,0.0,0.00094082341,11.72495873,0.94082341,5.81716116
2024-04-05T19:00,3600,0.0,0.0,0.0,0.0,0.0,0.0,0.0,0.0,0.0
2024-04-05T20:00,3600,0.0,0.0,0.0,0.0,0.0,0.0,0.0,0.0,0.0
2024-04-05T21:00,3600,0.0,0.0,0.0,0.0,0.0,0.0,0.0,0.0,0.0
2024-04-05T22:00,3600,0.0,0.0,0.0,0.0,0.0,0.0,0.0,0.0,0.0
2024-04-05T23:00,3600,0.0,0.0,0.0,0.0,0.0,0.0,0.0,0.0,0.0
2024-04-06T00:00,3600,0.0,0.0,0.0,0.0,0.0,0.0,0.0,0.0,0.0
2024-04-06T01:00,3600,0.0,0.0,0.0,0.0,0.0,0.0,0.0,0.0,0.0
2024-04-06T02:00,3600,0.0,0.0,0.0,0.0,0.0,0.0,0.0,0.0,0.0
2024-04-06T03:00,3600,0.0,0.0,0.0,0.0,0.0,0.0,0.0,0.0,0.0
2024-04-06T04:00,3600,0.0,0.0,0.0,0.0,0.0,0.0,0.0,0.0,0.0
2024-04-06T05:00,3600,0.0,0.0,0.0,0.0,0.0,0.0,0.0,0.0,0.0
2024-04-06T06:00,3600,0.0,0.004249694930000001,0.0,0.0,0.0,0.004249694930000001,15.68353072,4.24969493,7.78148307
2024-04-06T07:00,3600,0.0,0.05579271131000001,0.0,0.0,0.0,0.05579271131000001,77.38467919,55.79271131,38.48059803
2024-04-06T08:00,3600,0.0,0.12415806077000001,0.0,0.0,0.0,0.12415806077000001,159.33285424,124.15806077,79.43126323
2024-04-06T09:00,3600,0.0,0.23693625648,0.0,0.0,0.0,0.23693625648,294.79171383,236.93625648,147.78419223
2024-04-06T10:00,3600,0.0,0.30164647794000005,0.0,0.0,0.0,0.30164647794000005,372.67055185,301.64647794,187.90355109
2024-04-06T11:00,3600,0.0,0.43735096916,0.0,0.0,0.0,0.43735096916,536.36032864,437.35096916,272.93301823
2024-04-06T12:00,3600,0.0,0.74740614266,0.0,0.0,0.0,0.74740614266,912.25401878,747.40614266,474.2200155
2024-04-06T13:00,3600,0.0,0.55812179749,0.0,0.0,0.0,0.55812179749,682.46037848,558.12179749,352.81746081
2024-04-06T14:00,3600,0.0,0.21129335592999998,0.0,0.0,0.0,0.21129335592999998,263.96174445,211.29335593,133.1391316
2024-04-06T15:00,3600,0.0,0.28807841274999996,0.0,0.0,0.0,0.28807841274999996,356.33197823,288.07841275,180.42078459
2024-04-06T16:00,3600,0.0,0.08506946535,0.0,0.0,0.0,0.08506946535,112.46284687,85.06946535,56.21290877
2024-04-06T17:00,3600,0.0,0.0317361597,0.0,0.0,0.0,0.0317361597,48.57824518,31.7361597,24.20504853
2024-04-06T18:00,3600,0.0,0.0,0.0,0.0,0.0,0.0,5.8827939,0.0,2.90460582
2024-04-06T19:00,3600,0.0,0.0,0.0,0.0,0.0,0.0,0.0,0.0,0.0
2024-04-06T20:00,3600,0.0,0.0,0.0,0.0,0.0,0.0,0.0,0.0,0.0
2024-04-06T21:00,3600,0.0,0.0,0.0,0.0,0.0,0.0,0.0,0.0,0.0
2024-04-06T22:00,3600,0.0,0.0,0.0,0.0,0.0,0.0,0.0,0.0,0.0
2024-04-06T23:00,3600,0.0,0.0,0.0,0.0,0.0,0.0,0.0,0.0,0.0
2024-04-07T00:00,3600,0.0,0.0,0.0,0.0,0.0,0.0,0.0,0.0,0.0
2024-04-07T01:00,3600,0.0,0.0,0.0,0.0,0.0,0.0,0.0,0.0,0.0
2024-04-07T02:00,3600,0.0,0.0,0.0,0.0,0.0,0.0,0.0,0.0,0.0
2024-04-07T03:00,3600,0.0,0.0,0.0,0.0,0.0,0.0,0.0,0.0,0.0
2024-04-07T04:00,3600,0.0,0.0,0.0,0.0,0.0,0.0,0.0,0.0,0.0
2024-04-07T05:00,3600,0.0,0.0,0.0,0.0,0.0,0.0,0.0,0.0,0.0
2024-04-07T06:00,3600,0.0,0.0,0.0,0.0,0.0,0.0,5.89300524,0.0,2.90460582
2024-04-07T07:00,3600,0.0,0.06284350371,0.0,0.0,0.0,0.06284350371,85.83054918,62.84350371,42.46161545
2024-04-07T08:00,3600,0.0,0.16705239527000001,0.0,0.0,0.0,0.16705239527000001,210.81331829,167.05239527,104.86658863
2024-04-07T09:00,3600,0.0,0.24404889052,0.0,0.0,0.0,0.24404889052,303.34624071,244.04889052,151.68881243
2024-04-07T10:00,3600,0.0,0.44392152848,0.0,0.0,0.0,0.44392152848,544.29863448,443.92152848,276.19100361
2024-04-07T11:00,3600,0.0,0.65903351114,0.0,0.0,0.0,0.65903351114,804.84468231,659.03351114,414.02212584
2024-04-07T12:00,3600,0.0,0.6258794068400001,0.0,0.0,0.0,0.6258794068400001,764.60474773,625.87940684,395.28159588
2024-04-07T13:00,3600,0.0,0.5538258624400001,0.0,0.0,0.0,0.5538258624400001,677.25657665,553.82586244,350.17863491
2024-04-07T14:00,3600,0.0,0.10374242863000001,0.0,0.0,0.0,0.10374242863000001,134.84795936,103.74242863,67.7741359
2024-04-07T15:00,3600,0.0,0.22843455014,0.0,0.0,0.0,0.22843455014,284.56830953,228.43455014,143.68357337
2024-04-07T16:00,3600,0.0,0.14513101896,0.0,0.0,0.0,0.14513101896,184.49778843,145.13101896,92.57209132
2024-04-07T17:00,3600,0.0,0.07466074844000001,0.0,0.0,0.0,0.07466074844000001,99.98894152,74.66074844,49.95428836
2024-04-07T18:00,3600,0.0,0.0010098025,0.0,0.0,0.0,0.0010098025,11.80747897,1.0098025,5.81716116
2024-04-07T19:00,3600,0.0,0.0,0.0,0.0,0.0,0.0,0.0,0.0,0.0
2024-04-07T20:00,3600,0.0,0.0,0.0,0.0,0.0,0.0,0.0,0.0,0.0
2024-04-07T21:00,3600,0.0,0.0,0.0,0.0,0.0,0.0,0.0,0.0,0.0
2024-04-07T22:00,3600,0.0,0.0,0.0,0.0,0.0,0.0,0.0,0.0,0.0
2024-04-07T23:00,3600,0.0,0.0,0.0,0.0,0.0,0.0,0.0,0.0,0.0
2024-04-08T00:00,3600,0.0,0.0,0.0,0.0,0.0,0.0,0.0,0.0,0.0
2024-04-08T01:00,3600,0.0,0.0,0.0,0.0,0.0,0.0,0.0,0.0,0.0
2024-04-08T02:00,3600,0.0,0.0,0.0,0.0,0.0,0.0,0.0,0.0,0.0
2024-04-08T03:00,3600,0.0,0.0,0.0,0.0,0.0,0.0,0.0,0.0,0.0
2024-04-08T04:00,3600,0.0,0.0,0.0,0.0,0.0,0.0,0.0,0.0,0.0
2024-04-08T05:00,3600,0.0,0.0,0.0,0.0,0.0,0.0,0.0,0.0,0.0
2024-04-08T06:00,3600,0.0,0.0026458626,0.0,0.0,0.0,0.0026458626,13.76474786,2.6458626,6.77741359
2024-04-08T07:00,3600,0.0,0.08717877,0.0,0.0,0.0,0.08717877,114.99101028,87.17877,56.899379
2024-04-08T08:00,3600,0.0,0.19177795313999998,0.0,0.0,0.0,0.19177795313999998,240.51062313,191.77795314,119.86227157
2024-04-08T09:00,3600,0.0,0.29085780225,0.0,0.0,0.0,0.29085780225,359.67849431,290.85780225,180.82166224
2024-04-08T10:00,3600,0.0,0.15894540615,0.0,0.0,0.0,0.15894540615,201.07977482,158.94540615,100.6930019
2024-04-08T11:00,3600,0.0,0.22341252502,0.0,0.0,0.0,0.22341252502,278.53017994,223.41252502,139.61223177
2024-04-08T12:00,3600,0.0,0.16462826710999998,0.0,0.0,0.0,0.16462826710999998,207.9026376,164.62826711,103.59760773
2024-04-08T13:00,3600,0.0,0.20690959683000001,0.0,0.0,0.0,0.20690959683000001,258.69300884,206.90959683,128.86337523
2024-04-08T14:00,3600,0.0,0.18602985287999999,0.0,0.0,0.0,0.18602985287999999,233.60524403,186.02985288,116.18423297
2024-04-08T15:00,3600,0.0,0.15581383449,0.0,0.0,0.0,0.15581383449,197.3203695,155.81383449,97.89178393
2024-04-08T16:00,3600,0.0,0.08455042905999999,0.0,0.0,0.0,0.08455042905999999,111.84076028,84.55042906,55.18751066
2024-04-08T17:00,3600,0.0,0.0387076596,0.0,0.0,0.0,0.0387076596,56.92465688,38.7076596,28.0242683
2024-04-08T18:00,3600,0.0,0.0,0.0,0.0,0.0,0.0,7.88385656,0.0,3.87280777
2024-04-08T19:00,3600,0.0,0.0,0.0,0.0,0.0,0.0,0.0,0.0,0.0
2024-04-08T20:00,3600,0.0,0.0,0.0,0.0,0.0,0.0,0.0,0.0,0.0
2024-04-08T21:00,3600,0.0,0.0,0.0,0.0,0.0,0.0,0.0,0.0,0.0
2024-04-08T22:00,3600,0.0,0.0,0.0,0.0,0.0,0.0,0.0,0.0,0.0
2024-04-08T23:00,3600,0.0,0.0,0.0,0.0,0.0,0.0,0.0,0.0,0.0
2024-04-09T00:00,3600,0.0,0.0,0.0,0.0,0.0,0.0,0.0,0.0,0.0
2024-04-09T01:00,3600,0.0,0.0,0.0,0.0,0.0,0.0,0.0,0.0,0.0
2024-04-09T02:00,3600,0.0,0.0,0.0,0.0,0.0,0.0,0.0,0.0,0.0
2024-04-09T03:00,3600,0.0,0.0,0.0,0.0,0.0,0.0,0.0,0.0,0.0
2024-04-09T04:00,3600,0.0,0.0,0.0,0.0,0.0,0.0,0.0,0.0,0.0
2024-04-09T05:00,3600,0.0,0.0,0.0,0.0,0.0,0.0,0.0,0.0,0.0
2024-04-09T06:00,3600,0.0,0.004525615690000001,0.0,0.0,0.0,0.004525615690000001,16.01364196,4.52561569,7.88016779
2024-04-09T07:00,3600,0.0,0.09949258779999999,0.0,0.0,0.0,0.09949258779999999,129.75243889,99.4925878,64.16937213
2024-04-09T08:00,3600,0.0,0.31612013094,0.0,0.0,0.0,0.31612013094,390.10512976,316.12013094,194.94872744
2024-04-09T09:00,3600,0.0,0.49823205561,0.0,0.0,0.0,0.49823205561,609.95989834,498.23205561,307.69279738
2024-04-09T10:00,3600,0.0,0.5601111026300001,0.0,0.0,0.0,0.5601111026300001,684.87025909,560.11110263,350.67218829
2024-04-09T11:00,3600,0.0,0.87563197869,0.0,0.0,0.0,0.87563197869,1068.48994063,875.63197869,558.42787588
2024-04-09T12:00,3600,0.0,0.8662201123800001,0.0,0.0,0.0,0.8662201123800001,1057.00639962,866.22011238,553.72582205
2024-04-09T13:00,3600,0.0,0.8638173083100001,0.0,0.0,0.0,0.8638173083100001,1054.07510701,863.81730831,555.10023923
2024-04-09T14:00,3600,0.0,0.47534822931,0.0,0.0,0.0,0.47534822931,582.28355966,475.34822931,299.60578691
2024-04-09T15:00,3600,0.3058691379365358,0.26048629849000005,0.26048629849000005,0.04538283944653576,0.0,0.0,323.12111327,260.48629849,164.12263453
2024-04-09T16:00,3600,0.2347661104210735,0.16445218262,0.16445218262,0.07031392780107351,0.0,0.0,207.69121692,164.45218262,104.64629988
2024-04-09T17:00,3600,0.21037886868487585,0.07508493796,0.07508493796,0.13529393072487583,0.0,0.0,100.49723772,75.08493796,50.34650095
2024-04-09T18:00,3600,0.0,0.00255431313,0.0,0.0,0.0,0.00255431313,13.65522254,2.55431313,6.77741359
2024-04-09T19:00,3600,0.0,0.0,0.0,0.0,0.0,0.0,0.0,0.0,0.0
2024-04-09T20:00,3600,0.0,0.0,0.0,0.0,0.0,0.0,0.0,0.0,0.0
2024-04-09T21:00,3600,0.0,0.0,0.0,0.0,0.0,0.0,0.0,0.0,0.0
2024-04-09T22:00,3600,0.0,0.0,0.0,0.0,0.0,0.0,0.0,0.0,0.0
2024-04-09T23:00,3600,0.0,0.0,0.0,0.0,0.0,0.0,0.0,0.0,0.0
2024-04-10T00:00,3600,0.0,0.0,0.0,0.0,0.0,0.0,0.0,0.0,0.0
2024-04-10T01:00,3600,0.0,0.0,0.0,0.0,0.0,0.0,0.0,0.0,0.0
2024-04-10T02:00,3600,0.0,0.0,0.0,0.0,0.0,0.0,0.0,0.0,0.0
2024-04-10T03:00,3600,0.0,0.0,0.0,0.0,0.0,0.0,0.0,0.0,0.0
2024-04-10T04:00,3600,0.0,0.0,0.0,0.0,0.0,0.0,0.0,0.0,0.0
2024-04-10T05:00,3600,0.0,0.0,0.0,0.0,0.0,0.0,0.0,0.0,0.0
2024-04-10T06:00,3600,0.0,0.00425537232,0.0,0.0,0.0,0.00425537232,15.69032312,4.25537232,7.74561553
2024-04-10T07:00,3600,0.0,0.05926202912,0.0,0.0,0.0,0.05926202912,81.54027436,59.26202912,40.38629442
2024-04-10T08:00,3600,0.0,0.19085233933999998,0.0,0.0,0.0,0.19085233933999998,239.39859323,190.85233934,119.57947851
2024-04-10T09:00,3600,0.0,0.26417997271,0.0,0.0,0.0,0.26417997271,327.56575889,264.17997271,164.51156713
2024-04-10T10:00,3600,0.0,0.33403730023,0.0,0.0,0.0,0.33403730023,411.69555066,334.03730023,209.33521437
2024-04-10T11:00,3600,0.0,0.5577525675099999,0.0,0.0,0.0,0.5577525675099999,682.01309855,557.75256751,351.68354115
2024-04-10T12:00,3600,0.0,0.8307425480499999,0.0,0.0,0.0,0.8307425480499999,1013.74218317,830.74254805,532.02705076
2024-04-10T13:00,3600,0.8380021650617433,0.95678902218,0.8380021650617433,0.0,0.0,0.11878685711825665,1167.61450239,956.78902218,623.93221512
2024-04-10T14:00,3600,0.527366392055531,0.6559932681300001,0.527366392055531,0.0,0.0,0.1286268760744691,801.15339569,655.99326813,420.92020181
2024-04-10T15:00,3600,0.46269514787043114,0.41831333618,0.41831333618,0.04438181169043115,0.0,0.0,513.36643453,418.31333618,265.90265031
2024-04-10T16:00,3600,0.42179760741052086,0.29088140534,0.29088140534,0.13091620207052085,0.0,0.0,359.70691444,290.88140534,184.65972239
2024-04-10T17:00,3600,0.3844675120049012,0.16047115887000002,0.16047115887000002,0.22399635313490118,0.0,0.0,202.91151371,160.47115887,103.37098969
2024-04-10T18:00,3600,0.0,0.00891356028,0.0,0.0,0.0,0.00891356028,21.26364511,8.91356028,10.66612038
2024-04-10T19:00,3600,0.0,0.0,0.0,0.0,0.0,0.0,0.0,0.0,0.0
2024-04-10T20:00,3600,0.0,0.0,0.0,0.0,0.0,0.0,0.0,0.0,0.0
2024-04-10T21:00,3600,0.0,0.0,0.0,0.0,0.0,0.0,0.0,0.0,0.0
2024-04-10T22:00,3600,0.0,0.0,0.0,0.0,0.0,0.0,0.0,0.0,0.0
2024-04-10T23:00,3600,0.0,0.0,0.0,0.0,0.0,0.0,0.0,0.0,0.0
2024-04-11T00:00,3600,0.0,0.0,0.0,0.0,0.0,0.0,0.0,0.0,0.0
2024-04-11T01:00,3600,0.0,0.0,0.0,0.0,0.0,0.0,0.0,0.0,0.0
2024-04-11T02:00,3600,0.0,0.0,0.0,0.0,0.0,0.0,0.0,0.0,0.0
2024-04-11T03:00,3600,0.0,0.0,0.0,0.0,0.0,0.0,0.0,0.0,0.0
2024-04-11T04:00,3600,0.0,0.0,0.0,0.0,0.0,0.0,0.0,0.0,0.0
2024-04-11T05:00,3600,0.0,0.0,0.0,0.0,0.0,0.0,0.0,0.0,0.0
2024-04-11T06:00,3600,0.0,0.00953819472,0.0,0.0,0.0,0.00953819472,22.01103727,9.53819472,10.90729945
2024-04-11T07:00,3600,0.0,0.09414307445,0.0,0.0,0.0,0.09414307445,123.33910773,94.14307445,61.43927898
2024-04-11T08:00,3600,0.0,0.23088204859,0.0,0.0,0.0,0.23088204859,287.51125599,230.88204859,144.42691764
2024-04-11T09:00,3600,0.0,0.41083894325000003,0.0,0.0,0.0,0.41083894325000003,504.34147615,410.83894325,255.99981601
2024-04-11T10:00,3600,0.0,0.75003670108,0.0,0.0,0.0,0.75003670108,915.45457484,750.03670108,479.62917882
2024-04-11T11:00,3600,0.756668382596763,1.05527652781,0.756668382596763,0.0,0.0,0.2986081452132371,1288.15728707,1055.27652781,690.98797719
2024-04-11T12:00,3600,0.6668702526220885,1.04990243618,0.6668702526220885,0.0,0.0,0.38303218355791147,1281.57259615,1049.90243618,690.17938654
2024-04-11T13:00,3600,0.6295755060910482,0.6935331294,0.6295755060910482,0.0,0.0,0.06395762330895183,846.75011664,693.5331294,448.37264912
2024-04-11T14:00,3600,0.5695632370368913,0.53289051793,0.53289051793,0.036672719106891294,0.0,0.0,651.90421329,532.89051793,341.33371728
2024-04-11T15:00,3600,0.5653220102577955,0.50948103861,0.50948103861,0.055840971647795445,0.0,0.0,623.57000548,509.48103861,325.81461713
2024-04-11T16:00,3600,0.502982407433437,0.26440621693000005,0.26440621693000005,0.23857619050343698,0.0,0.0,327.83801346,264.40621693,168.67556277
2024-04-11T17:00,3600,0.4799842667474758,0.18093560987,0.18093560987,0.2990486568774758,0.0,0.0,227.4861077,180.93560987,116.47309888
2024-04-11T18:00,3600,0.0,0.01530655967,0.0,0.0,0.0,0.01530655967,28.91353357,15.30655967,14.57072621
2024-04-11T19:00,3600,0.0,0.0,0.0,0.0,0.0,0.0,0.0,0.0,0.0
2024-04-11T20:00,3600,0.0,0.0,0.0,0.0,0.0,0.0,0.0,0.0,0.0
2024-04-11T21:00,3600,0.0,0.0,0.0,0.0,0.0,0.0,0.0,0.0,0.0
2024-04-11T22:00,3600,0.0,0.0,0.0,0.0,0.0,0.0,0.0,0.0,0.0
2024-04-11T23:00,3600,0.0,0.0,0.0,0.0,0.0,0.0,0.0,0.0,0.0
2024-04-12T00:00,3600,0.0,0.0,0.0,0.0,0.0,0.0,0.0,0.0,0.0
2024-04-12T01:00,3600,0.0,0.0,0.0,0.0,0.0,0.0,0.0,0.0,0.0
2024-04-12T02:00,3600,0.0,0.0,0.0,0.0,0.0,0.0,0.0,0.0,0.0
2024-04-12T03:00,3600,0.0,0.0,0.0,0.0,0.0,0.0,0.0,0.0,0.0
2024-04-12T04:00,3600,0.0,0.0,0.0,0.0,0.0,0.0,0.0,0.0,0.0
2024-04-12T05:00,3600,0.0,0.0,0.0,0.0,0.0,0.0,0.0,0.0,0.0
2024-04-12T06:00,3600,0.0,0.02134083577,0.0,0.0,0.0,0.02134083577,36.13516944,21.34083577,17.99351087
2024-04-12T07:00,3600,0.0,0.19932888545000002,0.0,0.0,0.0,0.19932888545000002,249.58315397,199.32888545,125.55683079
2024-04-12T08:00,3600,0.0,0.40166745376,0.0,0.0,0.0,0.40166745376,493.26944256,401.66745376,251.43201605
2024-04-12T09:00,3600,0.0,0.7206719927999999,0.0,0.0,0.0,0.7206719927999999,879.73799295,720.6719928,457.2182904
2024-04-12T10:00,3600,0.8890614475139391,0.86302300825,0.86302300825,0.026038439263939117,0.0,0.0,1053.10613914,863.02300825,558.46090768
2024-04-12T11:00,3600,0.6885458903220399,0.8356188090000001,0.6885458903220399,0.0,0.0,0.14707291867796013,1019.68659181,835.618809,540.70419249
2024-04-12T12:00,3600,0.7762531598464486,1.10452622852,0.7762531598464486,0.0,0.0,0.3282730686735513,1348.53970495,1104.52622852,728.79242616
2024-04-12T13:00,3600,0.7638492404363849,0.87315384715,0.7638492404363849,0.0,0.0,0.10930460671361508,1065.4660978,873.15384715,570.43661869
2024-04-12T14:00,3600,0.7757927894369293,0.9195638791799999,0.7757927894369293,0.0,0.0,0.14377108974307062,1122.12488993,919.56387918,602.80239482
2024-04-12T15:00,3600,0.7363982465932212,0.7758194685500001,0.7363982465932212,0.0,0.0,0.039421221956778885,946.83427682,775.81946855,504.34046875
2024-04-12T16:00,3600,0.6417939658181362,0.41016205326000005,0.41016205326000005,0.23163191255813614,0.0,0.0,503.52424045,410.16205326,262.43721009
2024-04-12T17:00,3600,0.5914930611878776,0.22183575161,0.22183575161,0.36965730957787757,0.0,0.0,276.63451887,221.83575161,142.54520469
2024-04-12T18:00,3600,0.0,0.01361283041,0.0,0.0,0.0,0.01361283041,26.88670461,13.61283041,13.61047378
2024-04-12T19:00,3600,0.0,0.0,0.0,0.0,0.0,0.0,0.0,0.0,0.0
2024-04-12T20:00,3600,0.0,0.0,0.0,0.0,0.0,0.0,0.0,0.0,0.0
2024-04-12T21:00,3600,0.0,0.0,0.0,0.0,0.0,0.0,0.0,0.0,0.0
2024-04-12T22:00,3600,0.0,0.0,0.0,0.0,0.0,0.0,0.0,0.0,0.0
2024-04-12T23:00,3600,0.0,0.0,0.0,0.0,0.0,0.0,0.0,0.0,0.0
2024-04-13T00:00,3600,0.0,0.0,0.0,0.0,0.0,0.0,0.0,0.0,0.0
2024-04-13T01:00,3600,0.0,0.0,0.0,0.0,0.0,0.0,0.0,0.0,0.0
2024-04-13T02:00,3600,0.0,0.0,0.0,0.0,0.0,0.0,0.0,0.0,0.0
2024-04-13T03:00,3600,0.0,0.0,0.0,0.0,0.0,0.0,0.0,0.0,0.0
2024-04-13T04:00,3600,0.0,0.0,0.0,0.0,0.0,0.0,0.0,0.0,0.0
2024-04-13T05:00,3600,0.0,0.0,0.0,0.0,0.0,0.0,0.0,0.0,0.0
2024-04-13T06:00,3600,0.0,0.031629501569999996,0.0,0.0,0.0,0.031629501569999996,48.45056209,31.62950157,24.15791365
2024-04-13T07:00,3600,0.0,0.22819203643,0.0,0.0,0.0,0.22819203643,284.27671248,228.19203643,143.79608581
2024-04-13T08:00,3600,0.0,0.47504977292,0.0,0.0,0.0,0.47504977292,581.92269311,475.04977292,299.36224831
2024-04-13T09:00,3600,0.0,0.7808970274900001,0.0,0.0,0.0,0.7808970274900001,953.01626725,780.89702749,500.76491317
2024-04-13T10:00,3600,0.0,0.87553205529,0.0,0.0,0.0,0.87553205529,1068.36800966,875.53205529,573.69218853
2024-04-13T11:00,3600,0.0,0.7766677928000001,0.0,0.0,0.0,0.7766677928000001,947.86707177,776.6677928,505.04223367
2024-04-13T12:00,3600,0.0,0.68067357196,0.0,0.0,0.0,0.68067357196,831.12620901,680.67357196,440.06847435
2024-04-13T13:00,3600,0.0,0.7056783245399999,0.0,0.0,0.0,0.7056783245399999,861.51032703,705.67832454,457.90819654
2024-04-13T14:00,3600,0.0,0.7099639876,0.0,0.0,0.0,0.7099639876,866.71972889,709.9639876,460.47351689
2024-04-13T15:00,3600,0.0,0.59570421092,0.0,0.0,0.0,0.59570421092,728.00686799,595.70421092,384.0778987
2024-04-13T16:00,3600,0.0,0.41720477671,0.0,0.0,0.0,0.41720477671,512.02780762,417.20477671,267.77448351
2024-04-13T17:00,3600,0.0,0.18682461233,0.0,0.0,0.0,0.18682461233,234.55996135,186.82461233,121.10086993
2024-04-13T18:00,3600,0.0,0.023073158859999998,0.0,0.0,0.0,0.023073158859999998,38.20853934,23.07315886,19.39583689
2024-04-13T19:00,3600,0.0,0.0,0.0,0.0,0.0,0.0,0.0,0.0,0.0
2024-04-13T20:00,3600,0.0,0.0,0.0,0.0,0.0,0.0,0.0,0.0,0.0
2024-04-13T21:00,3600,0.0,0.0,0.0,0.0,0.0,0.0,0.0,0.0,0.0
2024-04-13T22:00,3600,0.0,0.0,0.0,0.0,0.0,0.0,0.0,0.0,0.0
2024-04-13T23:00,3600,0.0,0.0,0.0,0.0,0.0,0.0,0.0,0.0,0.0
2024-04-14T00:00,3600,0.0,0.0,0.0,0.0,0.0,0.0,0.0,0.0,0.0
2024-04-14T01:00,3600,0.0,0.0,0.0,0.0,0.0,0.0,0.0,0.0,0.0
2024-04-14T02:00,3600,0.0,0.0,0.0,0.0,0.0,0.0,0.0,0.0,0.0
2024-04-14T03:00,3600,0.0,0.0,0.0,0.0,0.0,0.0,0.0,0.0,0.0
2024-04-14T04:00,3600,0.0,0.0,0.0,0.0,0.0,0.0,0.0,0.0,0.0
2024-04-14T05:00,3600,0.0,0.0,0.0,0.0,0.0,0.0,0.0,0.0,0.0
2024-04-14T06:00,3600,0.0,0.01726756648,0.0,0.0,0.0,0.01726756648,31.26029992,17.26756648,15.71071276
2024-04-14T07:00,3600,0.0,0.17266487243,0.0,0.0,0.0,0.17266487243,217.55289497,172.66487243,110.4723144
2024-04-14T08:00,3600,0.0,0.44407384491,0.0,0.0,0.0,0.44407384491,544.48267155,444.07384491,281.31593449
2024-04-14T09:00,3600,0.0,0.68901269858,0.0,0.0,0.0,0.68901269858,841.25742844,689.01269858,439.78666039
2024-04-14T10:00,3600,0.0,0.88438166012,0.0,0.0,0.0,0.88438166012,1079.16778136,884.38166012,575.3765316
2024-04-14T11:00,3600,0.0,0.87489957535,0.0,0.0,0.0,0.87489957535,1067.59623615,874.89957535,569.85321786
2024-04-14T12:00,3600,0.0,0.70289176791,0.0,0.0,0.0,0.70289176791,858.12342602,702.89176791,454.1073388
2024-04-14T13:00,3600,0.0,0.8316848743399999,0.0,0.0,0.0,0.8316848743399999,1014.89087445,831.68487434,543.0685042
2024-04-14T14:00,3600,0.0,0.7105713878400001,0.0,0.0,0.0,0.7105713878400001,867.45809058,710.57138784,461.13439281
2024-04-14T15:00,3600,0.0,0.5009350008,0.0,0.0,0.0,0.5009350008,613.22986534,500.9350008,321.92123533
2024-04-14T16:00,3600,0.0,0.32532728551,0.0,0.0,0.0,0.32532728551,401.19878145,325.32728551,208.37467402
2024-04-14T17:00,3600,0.0,0.18991294454000002,0.0,0.0,0.0,0.18991294454000002,238.27003044,189.91294454,122.96450442
2024-04-14T18:00,3600,0.0,0.018353108349999998,0.0,0.0,0.0,0.018353108349999998,32.55942819,18.35310835,16.51507961
2024-04-14T19:00,3600,0.0,0.0,0.0,0.0,0.0,0.0,0.0,0.0,0.0
2024-04-14T20:00,3600,0.0,0.0,0.0,0.0,0.0,0.0,0.0,0.0,0.0
2024-04-14T21:00,3600,0.0,0.0,0.0,0.0,0.0,0.0,0.0,0.0,0.0
2024-04-14T22:00,3600,0.0,0.0,0.0,0.0,0.0,0.0,0.0,0.0,0.0
2024-04-14T23:00,3600,0.0,0.0,0.0,0.0,0.0,0.0,0.0,0.0,0.0
2024-04-15T00:00,3600,0.0,0.0,0.0,0.0,0.0,0.0,0.0,0.0,0.0
2024-04-15T01:00,3600,0.0,0.0,0.0,0.0,0.0,0.0,0.0,0.0,0.0
2024-04-15T02:00,3600,0.0,0.0,0.0,0.0,0.0,0.0,0.0,0.0,0.0
2024-04-15T03:00,3600,0.0,0.0,0.0,0.0,0.0,0.0,0.0,0.0,0.0
2024-04-15T04:00,3600,0.0,0.0,0.0,0.0,0.0,0.0,0.0,0.0,0.0
2024-04-15T05:00,3600,0.0,0.0,0.0,0.0,0.0,0.0,0.0,0.0,0.0
2024-04-15T06:00,3600,0.0,0.012066721960000002,0.0,0.0,0.0,0.012066721960000002,25.03659509,12.06672196,12.58662524
2024-04-15T07:00,3600,0.0,0.10779765966,0.0,0.0,0.0,0.10779765966,139.71059491,107.79765966,70.57603994
2024-04-15T08:00,3600,1.0870588235294116,0.37787731403,0.37787731403,0.7091815094994116,0.0,0.0,464.56013499,377.87731403,238.5928598
2024-04-15T09:00,3600,1.0870588235294116,0.61873309597,0.61873309597,0.4683257275594116,0.0,0.0,755.93509133,618.73309597,394.36712053
2024-04-15T10:00,3600,1.0870588235294116,0.72189801916,0.72189801916,0.3651608043694117,0.0,0.0,881.2287393,721.89801916,468.06671391
2024-04-15T11:00,3600,1.0844699480099849,0.7489265519,0.7489265519,0.33554339610998485,0.0,0.0,914.10385147,748.9265519,486.62372415
2024-04-15T12:00,3600,1.0784632307533255,0.89365225072,0.89365225072,0.18481098003332552,0.0,0.0,1090.48368014,893.65225072,585.08402595
2024-04-15T13:00,3600,1.0622040670855002,0.88160817946,0.88160817946,0.18059588762550016,0.0,0.0,1075.78287756,881.60817946,577.7995582
2024-04-15T14:00,3600,1.0606040841828848,0.57482052565,0.57482052565,0.4857835585328848,0.0,0.0,702.69291235,574.82052565,371.93721697
2024-04-15T15:00,3600,1.0588772700459017,0.6726942099200001,0.6726942099200001,0.38618306012590164,0.0,0.0,821.43387933,672.69420992,437.17999235
2024-04-15T16:00,3600,1.05924526616279,0.49652511495999996,0.49652511495999996,0.5627201512027901,0.0,0.0,607.89498038,496.52511496,320.01387391
2024-04-15T17:00,3600,1.056733661549824,0.24286002892,0.24286002892,0.8138736326298239,0.0,0.0,301.91627473,242.86002892,156.59682781
2024-04-15T18:00,3600,0.0,0.021466239560000003,0.0,0.0,0.0,0.021466239560000003,36.2852591,21.46623956,18.459433
2024-04-15T19:00,3600,0.0,0.0,0.0,0.0,0.0,0.0,0.0,0.0,0.0
2024-04-15T20:00,3600,0.0,0.0,0.0,0.0,0.0,0.0,0.0,0.0,0.0
2024-04-15T21:00,3600,0.0,0.0,0.0,0.0,0.0,0.0,0.0,0.0,0.0
2024-04-15T22:00,3600,0.0,0.0,0.0,0.0,0.0,0.0,0.0,0.0,0.0
2024-04-15T23:00,3600,0.0,0.0,0.0,0.0,0.0,0.0,0.0,0.0,0.0
2024-04-16T00:00,3600,0.0,0.0,0.0,0.0,0.0,0.0,0.0,0.0,0.0
2024-04-16T01:00,3600,0.0,0.0,0.0,0.0,0.0,0.0,0.0,0.0,0.0
2024-04-16T02:00,3600,0.0,0.0,0.0,0.0,0.0,0.0,0.0,0.0,0.0
2024-04-16T03:00,3600,0.0,0.0,0.0,0.0,0.0,0.0,0.0,0.0,0.0
2024-04-16T04:00,3600,0.0,0.0,0.0,0.0,0.0,0.0,0.0,0.0,0.0
2024-04-16T05:00,3600,0.0,0.0,0.0,0.0,0.0,0.0,0.0,0.0,0.0
2024-04-16T06:00,3600,0.0,0.019189593489999997,0.0,0.0,0.0,0.019189593489999997,33.56051781,19.18959349,16.83253114
2024-04-16T07:00,3600,0.0,0.11839575317,0.0,0.0,0.0,0.11839575317,152.42086787,118.39575317,77.01147355
2024-04-16T08:00,3600,1.0870588235294116,0.40179156811000005,0.40179156811000005,0.6852672554194116,0.0,0.0,493.41926093,401.79156811,253.43863913
2024-04-16T09:00,3600,0.9062819221031794,0.60932575251,0.60932575251,0.2969561695931794,0.0,0.0,744.52458537,609.32575251,386.85412327
2024-04-16T10:00,3600,0.7413536746460561,0.7676769986900001,0.7413536746460561,0.0,0.0,0.026323324043943996,936.92222661,767.67699869,496.62859478
2024-04-16T11:00,3600,0.7832179103258317,0.8723210836199999,0.7832179103258317,0.0,0.0,0.08910317329416828,1064.44998963,872.32108362,568.63212737
2024-04-16T12:00,3600,0.83171469917671,0.9953629574399999,0.83171469917671,0.0,0.0,0.16364825826328988,1214.79381023,995.36295744,655.19756254
2024-04-16T13:00,3600,0.8398275729573649,0.82789095854,0.82789095854,0.011936614417364821,0.0,0.0,1010.26626109,827.89095854,544.24540143
2024-04-16T14:00,3600,0.866092982061,0.91665263565,0.866092982061,0.0,0.0,0.05055965358899994,1118.56896578,916.65263565,607.78028391
2024-04-16T15:00,3600,0.8486975316628952,0.84890498001,0.8486975316628952,0.0,0.0,0.00020744834710484383,1035.88649912,848.90498001,561.67370024
2024-04-16T16:00,3600,0.7723103766416374,0.6299266320699999,0.6299266320699999,0.1423837445716375,0.0,0.0,769.51532866,629.92663207,411.2877532
2024-04-16T17:00,3600,0.6848680901811989,0.2828718188,0.2828718188,0.40199627138119887,0.0,0.0,350.06355656,282.8718188,183.14960105
2024-04-16T18:00,3600,0.0,0.02148912597,0.0,0.0,0.0,0.02148912597,36.31265078,21.48912597,18.49918058
2024-04-16T19:00,3600,0.0,0.0,0.0,0.0,0.0,0.0,0.0,0.0,0.0
2024-04-16T20:00,3600,0.0,0.0,0.0,0.0,0.0,0.0,0.0,0.0,0.0
2024-04-16T21:00,3600,0.0,0.0,0.0,0.0,0.0,0.0,0.0,0.0,0.0
2024-04-16T22:00,3600,0.0,0.0,0.0,0.0,0.0,0.0,0.0,0.0,0.0
2024-04-16T23:00,3600,0.0,0.0,0.0,0.0,0.0,0.0,0.0,0.0,0.0
2024-04-17T00:00,3600,0.0,0.0,0.0,0.0,0.0,0.0,0.0,0.0,0.0
2024-04-17T01:00,3600,0.0,0.0,0.0,0.0,0.0,0.0,0.0,0.0,0.0
2024-04-17T02:00,3600,0.0,0.0,0.0,0.0,0.0,0.0,0.0,0.0,0.0
2024-04-17T03:00,3600,0.0,0.0,0.0,0.0,0.0,0.0,0.0,0.0,0.0
2024-04-17T04:00,3600,0.0,0.0,0.0,0.0,0.0,0.0,0.0,0.0,0.0
2024-04-17T05:00,3600,0.0,0.0,0.0,0.0,0.0,0.0,0.0,0.0,0.0
2024-04-17T06:00,3600,0.0,0.02434597086,0.0,0.0,0.0,0.02434597086,39.73198392,24.34597086,20.01816746
2024-04-17T07:00,3600,0.0,0.15180152936,0.0,0.0,0.0,0.15180152936,192.50404144,151.80152936,97.66013822
2024-04-17T08:00,3600,0.8765513737415642,0.51048756233,0.51048756233,0.3660638114115642,0.0,0.0,624.78796471,510.48756233,323.36301526
2024-04-17T09:00,3600,0.7031170611545471,0.77935912394,0.7031170611545471,0.0,0.0,0.07624206278545287,951.14377454,779.35912394,500.72252192
2024-04-17T10:00,3600,0.8207339647544329,0.9932978274,0.8207339647544329,0.0,0.0,0.1725638626455671,1212.2669042,993.2978274,652.9372886
2024-04-17T11:00,3600,0.8781835320365534,1.17303314047,0.8781835320365534,0.0,0.0,0.29484960843344665,1432.64796463,1173.03314047,780.64093259
2024-04-17T12:00,3600,0.8499513853770759,1.08156278178,0.8499513853770759,0.0,0.0,0.23161139640292405,1320.37682208,1081.56278178,714.36560313
2024-04-17T13:00,3600,0.8780175065831274,1.0677808110599998,0.8780175065831274,0.0,0.0,0.1897633044768724,1303.48155003,1067.78081106,706.27615292
2024-04-17T14:00,3600,0.7327521112047195,0.6783551128399999,0.6783551128399999,0.05439699836471956,0.0,0.0,828.30985272,678.35511284,439.2203543
2024-04-17T15:00,3600,0.7215383017967273,0.66419202455,0.66419202455,0.05734627724672725,0.0,0.0,811.10843733,664.19202455,430.66144122
2024-04-17T16:00,3600,0.640578064165429,0.453064221,0.453064221,0.18751384316542896,0.0,0.0,555.34646242,453.064221,290.78895219
2024-04-17T17:00,3600,0.5634582091319068,0.17506259928,0.17506259928,0.3883956098519068,0.0,0.0,220.4323922,175.06259928,113.49328469
2024-04-17T18:00,3600,0.0,0.01838914619,0.0,0.0,0.0,0.01838914619,32.60255721,18.38914619,16.49123106
2024-04-17T19:00,3600,0.0,0.0,0.0,0.0,0.0,0.0,0.0,0.0,0.0
2024-04-17T20:00,3600,0.0,0.0,0.0,0.0,0.0,0.0,0.0,0.0,0.0
2024-04-17T21:00,3600,0.0,0.0,0.0,0.0,0.0,0.0,0.0,0.0,0.0
2024-04-17T22:00,3600,0.0,0.0,0.0,0.0,0.0,0.0,0.0,0.0,0.0
2024-04-17T23:00,3600,0.0,0.0,0.0,0.0,0.0,0.0,0.0,0.0,0.0
2024-04-18T00:00,3600,0.0,0.0,0.0,0.0,0.0,0.0,0.0,0.0,0.0
2024-04-18T01:00,3600,0.0,0.0,0.0,0.0,0.0,0.0,0.0,0.0,0.0
2024-04-18T02:00,3600,0.0,0.0,0.0,0.0,0.0,0.0,0.0,0.0,0.0
2024-04-18T03:00,3600,0.0,0.0,0.0,0.0,0.0,0.0,0.0,0.0,0.0
2024-04-18T04:00,3600,0.0,0.0,0.0,0.0,0.0,0.0,0.0,0.0,0.0
2024-04-18T05:00,3600,0.0,0.0,0.0,0.0,0.0,0.0,0.0,0.0,0.0
2024-04-18T06:00,3600,0.0,0.015942526,0.0,0.0,0.0,0.015942526,29.67459284,15.942526,14.79660126
2024-04-18T07:00,3600,0.0,0.14740819872,0.0,0.0,0.0,0.14740819872,187.23082997,147.40819872,94.15442724
2024-04-18T08:00,3600,0.0,0.26839758501,0.0,0.0,0.0,0.26839758501,332.64131708,268.39758501,168.76966801
2024-04-18T09:00,3600,0.5863793371091757,0.35245458415,0.35245458415,0.23392475295917564,0.0,0.0,433.89770666,352.45458415,221.49958657
2024-04-18T10:00,3600,0.5206737904561473,0.50425765253,0.50425765253,0.016416137926147267,0.0,0.0,617.24981551,504.25765253,319.63507212
2024-04-18T11:00,3600,0.5787771262161968,0.65260251648,0.5787771262161968,0.0,0.0,0.07382539026380319,797.0368446,652.60251648,417.46829291
2024-04-18T12:00,3600,0.6056719114239044,0.7249612368099999,0.6056719114239044,0.0,0.0,0.11928932538609549,884.95354112,724.96123681,464.08776976
2024-04-18T13:00,3600,0.6297954305528433,0.78079120227,0.6297954305528433,0.0,0.0,0.15099577171715672,952.88741638,780.79120227,504.14179344
2024-04-18T14:00,3600,0.4970702958361953,0.42921730813000003,0.42921730813000003,0.06785298770619524,0.0,0.0,526.53517738,429.21730813,271.29933026
2024-04-18T15:00,3600,0.49861294064590117,0.50422953911,0.49861294064590117,0.0,0.0,0.005616598464098843,617.21580087,504.22953911,317.35366283
2024-04-18T16:00,3600,0.5235094636060793,0.4461958757,0.4461958757,0.07731358790607928,0.0,0.0,547.04669164,446.1958757,280.51889059
2024-04-18T17:00,3600,0.46050284222333304,0.15517307389,0.15517307389,0.30532976833333303,0.0,0.0,196.55117835,155.17307389,99.34237039
2024-04-18T18:00,3600,0.0,0.02179498497,0.0,0.0,0.0,0.02179498497,36.67872041,21.79498497,18.41173592
2024-04-18T19:00,3600,0.0,0.0,0.0,0.0,0.0,0.0,0.0,0.0,0.0
2024-04-18T20:00,3600,0.0,0.0,0.0,0.0,0.0,0.0,0.0,0.0,0.0
2024-04-18T21:00,3600,0.0,0.0,0.0,0.0,0.0,0.0,0.0,0.0,0.0
2024-04-18T22:00,3600,0.0,0.0,0.0,0.0,0.0,0.0,0.0,0.0,0.0
2024-04-18T23:00,3600,0.0,0.0,0.0,0.0,0.0,0.0,0.0,0.0,0.0
2024-04-19T00:00,3600,0.0,0.0,0.0,0.0,0.0,0.0,0.0,0.0,0.0
2024-04-19T01:00,3600,0.0,0.0,0.0,0.0,0.0,0.0,0.0,0.0,0.0
2024-04-19T02:00,3600,0.0,0.0,0.0,0.0,0.0,0.0,0.0,0.0,0.0
2024-04-19T03:00,3600,0.0,0.0,0.0,0.0,0.0,0.0,0.0,0.0,0.0
2024-04-19T04:00,3600,0.0,0.0,0.0,0.0,0.0,0.0,0.0,0.0,0.0
2024-04-19T05:00,3600,0.0,0.0,0.0,0.0,0.0,0.0,0.0,0.0,0.0
2024-04-19T06:00,3600,0.0,0.01172144458,0.0,0.0,0.0,0.01172144458,24.6234368,11.72144458,12.33337768
2024-04-19T07:00,3600,0.0,0.11051065761,0.0,0.0,0.0,0.11051065761,142.96400179,110.51065761,72.0172969
2024-04-19T08:00,3600,0.0,0.24032851525,0.0,0.0,0.0,0.24032851525,298.87149032,240.32851525,151.67118429
2024-04-19T09:00,3600,0.7247623426455718,0.46529829223999997,0.46529829223999997,0.25946405040557186,0.0,0.0,570.13342588,465.29829224,292.72565699
2024-04-19T10:00,3600,0.6099706235294118,0.43623236133,0.43623236133,0.1737382621994118,0.0,0.0,535.00898587,436.23236133,275.12187756
2024-04-19T11:00,3600,0.6545837847379513,0.65397902912,0.65397902912,0.0006047556179512581,0.0,0.0,798.70796495,653.97902912,415.3139612
2024-04-19T12:00,3600,0.7256990047011567,0.87965683257,0.7256990047011567,0.0,0.0,0.15395782786884338,1073.40147972,879.65683257,563.52126181
2024-04-19T13:00,3600,0.6914865310941375,0.8480634686099999,0.6914865310941375,0.0,0.0,0.15657693751586244,1034.86029195,848.06346861,542.30468579
2024-04-19T14:00,3600,0.5865058835198874,0.5115550710300001,0.5115550710300001,0.07495081248988733,0.0,0.0,626.0797502,511.55507103,322.82359624
2024-04-19T15:00,3600,0.5684021711674595,0.41596996895000005,0.41596996895000005,0.15243220221745946,0.0,0.0,510.53677071,415.96996895,262.65671857
2024-04-19T16:00,3600,0.5306764444311565,0.26545351243,0.26545351243,0.2652229320011565,0.0,0.0,329.09831112,265.45351243,167.94353885
2024-04-19T17:00,3600,0.4879374220018065,0.09894767546,0.09894767546,0.3889897465418065,0.0,0.0,129.09912889,98.94767546,65.42614653
2024-04-19T18:00,3600,0.0,0.005578578389999999,0.0,0.0,0.0,0.005578578389999999,17.27342376,5.57857839,8.71381747
2024-04-19T19:00,3600,0.0,0.0,0.0,0.0,0.0,0.0,0.0,0.0,0.0
2024-04-19T20:00,3600,0.0,0.0,0.0,0.0,0.0,0.0,0.0,0.0,0.0
2024-04-19T21:00,3600,0.0,0.0,0.0,0.0,0.0,0.0,0.0,0.0,0.0
2024-04-19T22:00,3600,0.0,0.0,0.0,0.0,0.0,0.0,0.0,0.0,0.0
2024-04-19T23:00,3600,0.0,0.0,0.0,0.0,0.0,0.0,0.0,0.0,0.0
2024-04-20T00:00,3600,0.0,0.0,0.0,0.0,0.0,0.0,0.0,0.0,0.0
2024-04-20T01:00,3600,0.0,0.0,0.0,0.0,0.0,0.0,0.0,0.0,0.0
2024-04-20T02:00,3600,0.0,0.0,0.0,0.0,0.0,0.0,0.0,0.0,0.0
2024-04-20T03:00,3600,0.0,0.0,0.0,0.0,0.0,0.0,0.0,0.0,0.0
2024-04-20T04:00,3600,0.0,0.0,0.0,0.0,0.0,0.0,0.0,0.0,0.0
2024-04-20T05:00,3600,0.0,0.0,0.0,0.0,0.0,0.0,0.0,0.0,0.0
2024-04-20T06:00,3600,0.0,0.01305222254,0.0,0.0,0.0,0.01305222254,26.21586078,13.05222254,13.17935118
2024-04-20T07:00,3600,0.0,0.10779780793999999,0.0,0.0,0.0,0.10779780793999999,139.71077272,107.79780794,70.63233636
2024-04-20T08:00,3600,0.0,0.24486451990000002,0.0,0.0,0.0,0.24486451990000002,304.32730404,244.8645199,154.98803203
2024-04-20T09:00,3600,0.0,0.31519260663,0.0,0.0,0.0,0.31519260663,388.98768819,315.19260663,198.87576939
2024-04-20T10:00,3600,0.0,0.51033761768,0.0,0.0,0.0,0.51033761768,624.60652016,510.33761768,322.41968671
2024-04-20T11:00,3600,0.0,0.8185242468699999,0.0,0.0,0.0,0.8185242468699999,998.85039114,818.52424687,526.74167375
2024-04-20T12:00,3600,0.0,0.72856162328,0.0,0.0,0.0,0.72856162328,889.33186254,728.56162328,467.89634366
2024-04-20T13:00,3600,0.0,0.58474097188,0.0,0.0,0.0,0.58474097188,714.71638172,584.74097188,373.32858355
2024-04-20T14:00,3600,0.0,0.17688100828000003,0.0,0.0,0.0,0.17688100828000003,222.61627344,176.88100828,113.27962714
2024-04-20T15:00,3600,0.0,0.11095844803,0.0,0.0,0.0,0.11095844803,143.50100766,110.95844803,72.6151456
2024-04-20T16:00,3600,0.0,0.08410777613999999,0.0,0.0,0.0,0.08410777613999999,111.31022803,84.10777614,56.1557126
2024-04-20T17:00,3600,0.0,0.0169979603,0.0,0.0,0.0,0.0169979603,30.9376521,16.9979603,15.49123106
2024-04-20T18:00,3600,0.0,0.0,0.0,0.0,0.0,0.0,5.87475866,0.0,2.90460582
2024-04-20T19:00,3600,0.0,0.0,0.0,0.0,0.0,0.0,0.0,0.0,0.0
2024-04-20T20:00,3600,0.0,0.0,0.0,0.0,0.0,0.0,0.0,0.0,0.0
2024-04-20T21:00,3600,0.0,0.0,0.0,0.0,0.0,0.0,0.0,0.0,0.0
2024-04-20T22:00,3600,0.0,0.0,0.0,0.0,0.0,0.0,0.0,0.0,0.0
2024-04-20T23:00,3600,0.0,0.0,0.0,0.0,0.0,0.0,0.0,0.0,0.0
2024-04-21T00:00,3600,0.0,0.0,0.0,0.0,0.0,0.0,0.0,0.0,0.0
2024-04-21T01:00,3600,0.0,0.0,0.0,0.0,0.0,0.0,0.0,0.0,0.0
2024-04-21T02:00,3600,0.0,0.0,0.0,0.0,0.0,0.0,0.0,0.0,0.0
2024-04-21T03:00,3600,0.0,0.0,0.0,0.0,0.0,0.0,0.0,0.0,0.0
2024-04-21T04:00,3600,0.0,0.0,0.0,0.0,0.0,0.0,0.0,0.0,0.0
2024-04-21T05:00,3600,0.0,0.0,0.0,0.0,0.0,0.0,0.0,0.0,0.0
2024-04-21T06:00,3600,0.0,0.00747637369,0.0,0.0,0.0,0.00747637369,19.54405152,7.47637369,9.68201941
2024-04-21T07:00,3600,0.0,0.04486810213,0.0,0.0,0.0,0.04486810213,64.3011327,44.86810213,31.95066407
2024-04-21T08:00,3600,0.0,0.12230860693,0.0,0.0,0.0,0.12230860693,157.11430586,122.30860693,78.42435725
2024-04-21T09:00,3600,0.0,0.1575616811,0.0,0.0,0.0,0.1575616811,199.41860096,157.5616811,99.72479996
2024-04-21T10:00,3600,0.0,0.16171493594,0.0,0.0,0.0,0.16171493594,204.40477365,161.71493594,102.62940579
2024-04-21T11:00,3600,0.0,0.14246575957,0.0,0.0,0.0,0.14246575957,181.29915543,142.46575957,91.01098249
2024-04-21T12:00,3600,0.0,0.37060356353999996,0.0,0.0,0.0,0.37060356353999996,455.78544611,370.60356354,231.44975478
2024-04-21T13:00,3600,0.0,0.50525639212,0.0,0.0,0.0,0.50525639212,618.45821193,505.25639212,317.11401253
2024-04-21T14:00,3600,0.0,0.18515336485,0.0,0.0,0.0,0.18515336485,232.55236866,185.15336485,117.45102056
2024-04-21T15:00,3600,0.0,0.49821409828999996,0.0,0.0,0.0,0.49821409828999996,609.93817462,498.21409829,313.47033104
2024-04-21T16:00,3600,0.0,0.27291058232,0.0,0.0,0.0,0.27291058232,338.0728803,272.91058232,171.44115081
2024-04-21T17:00,3600,0.0,0.08417281931000001,0.0,0.0,0.0,0.08417281931000001,111.38818381,84.17281931,55.81556725
2024-04-21T18:00,3600,0.0,0.0057622421099999994,0.0,0.0,0.0,0.0057622421099999994,17.49316505,5.76224211,8.71381747
2024-04-21T19:00,3600,0.0,0.0,0.0,0.0,0.0,0.0,0.0,0.0,0.0
2024-04-21T20:00,3600,0.0,0.0,0.0,0.0,0.0,0.0,0.0,0.0,0.0
2024-04-21T21:00,3600,0.0,0.0,0.0,0.0,0.0,0.0,0.0,0.0,0.0
2024-04-21T22:00,3600,0.0,0.0,0.0,0.0,0.0,0.0,0.0,0.0,0.0
2024-04-21T23:00,3600,0.0,0.0,0.0,0.0,0.0,0.0,0.0,0.0,0.0
2024-04-22T00:00,3600,0.0,0.0,0.0,0.0,0.0,0.0,0.0,0.0,0.0
2024-04-22T01:00,3600,0.0,0.0,0.0,0.0,0.0,0.0,0.0,0.0,0.0
2024-04-22T02:00,3600,0.0,0.0,0.0,0.0,0.0,0.0,0.0,0.0,0.0
2024-04-22T03:00,3600,0.0,0.0,0.0,0.0,0.0,0.0,0.0,0.0,0.0
2024-04-22T04:00,3600,0.0,0.0,0.0,0.0,0.0,0.0,0.0,0.0,0.0
2024-04-22T05:00,3600,0.0,0.0,0.0,0.0,0.0,0.0,0.0,0.0,0.0
2024-04-22T06:00,3600,0.0,0.02369906979,0.0,0.0,0.0,0.02369906979,38.95769455,23.69906979,19.34755303
2024-04-22T07:00,3600,0.0,0.17057073575999998,0.0,0.0,0.0,0.17057073575999998,215.03811409,170.57073576,107.73492665
2024-04-22T08:00,3600,0.47262287996197677,0.42728880682,0.42728880682,0.045334073141976794,0.0,0.0,524.20588695,427.28880682,267.39535634
2024-04-22T09:00,3600,0.4827240549186873,0.48768236932000003,0.4827240549186873,0.0,0.0,0.0049583144013127245,597.19902703,487.68236932,306.77522046
2024-04-22T10:00,3600,0.5874312082718625,0.6058975359500001,0.5874312082718625,0.0,0.0,0.018466327678137606,740.36698707,605.89753595,386.57774563
2024-04-22T11:00,3600,0.5730355826324363,0.51598209013,0.51598209013,0.0570534925024363,0.0,0.0,631.43719226,515.98209013,328.08283605
2024-04-22T12:00,3600,0.5855327018406066,0.5984063577900001,0.5855327018406066,0.0,0.0,0.012873655949393492,731.28312994,598.40635779,381.83909217
2024-04-22T13:00,3600,0.5704321744288048,0.48082996580000004,0.48082996580000004,0.08960220862880475,0.0,0.0,588.91201569,480.8299658,304.8142786
2024-04-22T14:00,3600,0.536988867637563,0.44578077034999997,0.44578077034999997,0.09120809728756307,0.0,0.0,546.54511596,445.78077035,281.38049833
2024-04-22T15:00,3600,0.5309536792438604,0.42045184307,0.42045184307,0.11050183617386039,0.0,0.0,515.94885625,420.45184307,264.44114237
2024-04-22T16:00,3600,0.5095844743976476,0.3162423246800001,0.3162423246800001,0.19334214971764757,0.0,0.0,390.25234527,316.24232468,198.62803514
2024-04-22T17:00,3600,0.48349202946140013,0.15217215873,0.15217215873,0.3313198707314001,0.0,0.0,192.94892285,152.17215873,97.62160983
2024-04-22T18:00,3600,0.0,0.017087694020000002,0.0,0.0,0.0,0.017087694020000002,31.04503958,17.08769402,15.53892815
2024-04-22T19:00,3600,0.0,0.0,0.0,0.0,0.0,0.0,0.0,0.0,0.0
2024-04-22T20:00,3600,0.0,0.0,0.0,0.0,0.0,0.0,0.0,0.0,0.0
2024-04-22T21:00,3600,0.0,0.0,0.0,0.0,0.0,0.0,0.0,0.0,0.0
2024-04-22T22:00,3600,0.0,0.0,0.0,0.0,0.0,0.0,0.0,0.0,0.0
2024-04-22T23:00,3600,0.0,0.0,0.0,0.0,0.0,0.0,0.0,0.0,0.0
2024-04-23T00:00,3600,0.0,0.0,0.0,0.0,0.0,0.0,0.0,0.0,0.0
2024-04-23T01:00,3600,0.0,0.0,0.0,0.0,0.0,0.0,0.0,0.0,0.0
2024-04-23T02:00,3600,0.0,0.0,0.0,0.0,0.0,0.0,0.0,0.0,0.0
2024-04-23T03:00,3600,0.0,0.0,0.0,0.0,0.0,0.0,0.0,0.0,0.0
2024-04-23T04:00,3600,0.0,0.0,0.0,0.0,0.0,0.0,0.0,0.0,0.0
2024-04-23T05:00,3600,0.0,0.0,0.0,0.0,0.0,0.0,0.0,0.0,0.0
2024-04-23T06:00,3600,0.0,0.02033939207,0.0,0.0,0.0,0.02033939207,34.93660541,20.33939207,17.43750934
2024-04-23T07:00,3600,0.0,0.12783463967,0.0,0.0,0.0,0.12783463967,163.7434382,127.83463967,82.19424341
2024-04-23T08:00,3600,0.0,0.16902529956,0.0,0.0,0.0,0.16902529956,213.18232541,169.02529956,107.32325982
2024-04-23T09:00,3600,0.0,0.23875314389,0.0,0.0,0.0,0.23875314389,296.9767958,238.75314389,150.12680479
2024-04-23T10:00,3600,0.5058522536343126,0.31622912511999995,0.31622912511999995,0.18962312851431268,0.0,0.0,390.23644281,316.22912512,198.84420008
2024-04-23T11:00,3600,0.47019785156717303,0.25465006634,0.25465006634,0.21554778522717305,0.0,0.0,316.09905194,254.65006634,160.45133485
2024-04-23T12:00,3600,0.4760417274731375,0.29531430937,0.29531430937,0.18072741810313747,0.0,0.0,365.04477591,295.31430937,185.67073761
2024-04-23T13:00,3600,0.561039533696335,0.43719543261,0.43719543261,0.12384410108633498,0.0,0.0,536.17242947,437.19543261,276.49483631
2024-04-23T14:00,3600,0.5506116075038877,0.34410070161,0.34410070161,0.2065109058938877,0.0,0.0,423.82590398,344.10070161,217.77886575
2024-04-23T15:00,3600,0.6120747306487788,0.53941262237,0.53941262237,0.07266210827877884,0.0,0.0,659.80108104,539.41262237,344.34367484
2024-04-23T16:00,3600,0.5643088520580362,0.38186990974999996,0.38186990974999996,0.1824389423080362,0.0,0.0,469.37721563,381.86990975,242.19777252
2024-04-23T17:00,3600,0.49710884770661207,0.14875258423999999,0.14875258423999999,0.3483562634666121,0.0,0.0,188.84440931,148.75258424,95.75509639
2024-04-23T18:00,3600,0.0,0.00080205285,0.0,0.0,0.0,0.00080205285,11.55894677,0.80205285,5.80921165
2024-04-23T19:00,3600,0.0,0.0,0.0,0.0,0.0,0.0,0.0,0.0,0.0
2024-04-23T20:00,3600,0.0,0.0,0.0,0.0,0.0,0.0,0.0,0.0,0.0
2024-04-23T21:00,3600,0.0,0.0,0.0,0.0,0.0,0.0,0.0,0.0,0.0
2024-04-23T22:00,3600,0.0,0.0,0.0,0.0,0.0,0.0,0.0,0.0,0.0
2024-04-23T23:00,3600,0.0,0.0,0.0,0.0,0.0,0.0,0.0,0.0,0.0
2024-04-24T00:00,3600,0.0,0.0,0.0,0.0,0.0,0.0,0.0,0.0,0.0
2024-04-24T01:00,3600,0.0,0.0,0.0,0.0,0.0,0.0,0.0,0.0,0.0
2024-04-24T02:00,3600,0.0,0.0,0.0,0.0,0.0,0.0,0.0,0.0,0.0
2024-04-24T03:00,3600,0.0,0.0,0.0,0.0,0.0,0.0,0.0,0.0,0.0
2024-04-24T04:00,3600,0.0,0.0,0.0,0.0,0.0,0.0,0.0,0.0,0.0
2024-04-24T05:00,3600,0.0,0.0,0.0,0.0,0.0,0.0,0.0,0.0,0.0
2024-04-24T06:00,3600,0.0,0.02377096833,0.0,0.0,0.0,0.02377096833,39.04375087,23.77096833,19.53176863
2024-04-24T07:00,3600,0.0,0.15213955128,0.0,0.0,0.0,0.15213955128,192.90978266,152.13955128,97.20538564
2024-04-24T08:00,3600,0.0,0.35113662562000003,0.0,0.0,0.0,0.35113662562000003,432.30859267,351.13662562,220.32557984
2024-04-24T09:00,3600,0.6013664239432466,0.48926892179,0.48926892179,0.1120975021532466,0.0,0.0,599.11792124,489.26892179,307.92615772
2024-04-24T10:00,3600,0.6602288807652407,0.72510853037,0.6602288807652407,0.0,0.0,0.06487964960475934,885.13265328,725.10853037,466.69571703
2024-04-24T11:00,3600,0.7159163375449172,0.92536823787,0.7159163375449172,0.0,0.0,0.20945190032508276,1129.2153108,925.36823787,605.38833607
2024-04-24T12:00,3600,0.6775994463766505,0.7537062835399999,0.6775994463766505,0.0,0.0,0.07610683716334943,919.91961703,753.70628354,490.14704476
2024-04-24T13:00,3600,0.6539717388303735,0.52830579844,0.52830579844,0.1256659403903735,0.0,0.0,646.35380381,528.30579844,340.2328038
2024-04-24T14:00,3600,0.7041664547210771,0.66922163951,0.66922163951,0.03494481521107706,0.0,0.0,817.21638859,669.22163951,433.06084976
2024-04-24T15:00,3600,0.6614035643280757,0.48829428132999997,0.48829428132999997,0.1731092829980757,0.0,0.0,597.93911059,488.29428133,313.26311655
2024-04-24T16:00,3600,0.5768230467715738,0.29144608907,0.29144608907,0.2853769577015738,0.0,0.0,360.38684623,291.44608907,185.77746407
2024-04-24T17:00,3600,0.5138051794117647,0.11261831987,0.11261831987,0.40118685954176475,0.0,0.0,145.49163059,112.61831987,73.87254929
2024-04-24T18:00,3600,0.0,0.00882561707,0.0,0.0,0.0,0.00882561707,21.15841949,8.82561707,10.65817087
2024-04-24T19:00,3600,0.0,0.0,0.0,0.0,0.0,0.0,0.0,0.0,0.0
2024-04-24T20:00,3600,0.0,0.0,0.0,0.0,0.0,0.0,0.0,0.0,0.0
2024-04-24T21:00,3600,0.0,0.0,0.0,0.0,0.0,0.0,0.0,0.0,0.0
2024-04-24T22:00,3600,0.0,0.0,0.0,0.0,0.0,0.0,0.0,0.0,0.0
2024-04-24T23:00,3600,0.0,0.0,0.0,0.0,0.0,0.0,0.0,0.0,0.0
2024-04-25T00:00,3600,0.0,0.0,0.0,0.0,0.0,0.0,0.0,0.0,0.0
2024-04-25T01:00,3600,0.0,0.0,0.0,0.0,0.0,0.0,0.0,0.0,0.0
2024-04-25T02:00,3600,0.0,0.0,0.0,0.0,0.0,0.0,0.0,0.0,0.0
2024-04-25T03:00,3600,0.0,0.0,0.0,0.0,0.0,0.0,0.0,0.0,0.0
2024-04-25T04:00,3600,0.0,0.0,0.0,0.0,0.0,0.0,0.0,0.0,0.0
2024-04-25T05:00,3600,0.0,0.0,0.0,0.0,0.0,0.0,0.0,0.0,0.0
2024-04-25T06:00,3600,0.0,0.00250247096,0.0,0.0,0.0,0.00250247096,13.5932012,2.50247096,6.77741359
2024-04-25T07:00,3600,0.0,0.06309874014,0.0,0.0,0.0,0.06309874014,86.13631185,63.09874014,43.0949392
2024-04-25T08:00,3600,0.0,0.09418264782,0.0,0.0,0.0,0.09418264782,123.38654796,94.18264782,61.81669849
2024-04-25T09:00,3600,0.0,0.09744563241999998,0.0,0.0,0.0,0.09744563241999998,127.29833039,97.44563242,63.86257791
2024-04-25T10:00,3600,0.604336846815173,0.27552656194999997,0.27552656194999997,0.328810284865173,0.0,0.0,341.22156318,275.52656195,173.37623132
2024-04-25T11:00,3600,0.4922536617647059,0.18745956647,0.18745956647,0.3047940952947059,0.0,0.0,235.32272224,187.45956647,119.08883879
2024-04-25T12:00,3600,0.5937021911764706,0.5281797242699999,0.5281797242699999,0.06552246690647068,0.0,0.0,646.20118252,528.17972427,332.88274054
2024-04-25T13:00,3600,0.7138235705882353,0.75801368499,0.7138235705882353,0.0,0.0,0.04419011440176468,925.16121934,758.01368499,485.68113994
2024-04-25T14:00,3600,0.7118551283583794,0.6293897339400001,0.6293897339400001,0.0824653944183793,0.0,0.0,768.86387309,629.38973394,402.68743755
2024-04-25T15:00,3600,0.6710611230948182,0.49183313349,0.49183313349,0.17922798960481823,0.0,0.0,602.21941516,491.83313349,314.30437466
2024-04-25T16:00,3600,0.5852868529411764,0.19083628235000002,0.19083628235000002,0.3944505705911764,0.0,0.0,239.3793026,190.83628235,122.69169698
2024-04-25T17:00,3600,0.5375156119366504,0.08771814241,0.08771814241,0.44979746952665045,0.0,0.0,115.63750857,87.71814241,58.84552325
2024-04-25T18:00,3600,0.0,0.012063457760000002,0.0,0.0,0.0,0.012063457760000002,25.03268915,12.06345776,12.61047378
2024-04-25T19:00,3600,0.0,0.0,0.0,0.0,0.0,0.0,0.0,0.0,0.0
2024-04-25T20:00,3600,0.0,0.0,0.0,0.0,0.0,0.0,0.0,0.0,0.0
2024-04-25T21:00,3600,0.0,0.0,0.0,0.0,0.0,0.0,0.0,0.0,0.0
2024-04-25T22:00,3600,0.0,0.0,0.0,0.0,0.0,0.0,0.0,0.0,0.0
2024-04-25T23:00,3600,0.0,0.0,0.0,0.0,0.0,0.0,0.0,0.0,0.0
2024-04-26T00:00,3600,0.0,0.0,0.0,0.0,0.0,0.0,0.0,0.0,0.0
2024-04-26T01:00,3600,0.0,0.0,0.0,0.0,0.0,0.0,0.0,0.0,0.0
2024-04-26T02:00,3600,0.0,0.0,0.0,0.0,0.0,0.0,0.0,0.0,0.0
2024-04-26T03:00,3600,0.0,0.0,0.0,0.0,0.0,0.0,0.0,0.0,0.0
2024-04-26T04:00,3600,0.0,0.0,0.0,0.0,0.0,0.0,0.0,0.0,0.0
2024-04-26T05:00,3600,0.0,0.0,0.0,0.0,0.0,0.0,0.0,0.0,0.0
2024-04-26T06:00,3600,0.0,0.00412101817,0.0,0.0,0.0,0.00412101817,15.52958271,4.12101817,7.74561553
2024-04-26T07:00,3600,0.0,0.058519254720000004,0.0,0.0,0.0,0.058519254720000004,80.65054227,58.51925472,40.33210524
2024-04-26T08:00,3600,0.0,0.15747202547,0.0,0.0,0.0,0.15747202547,199.31097037,157.47202547,100.19797588
2024-04-26T09:00,3600,0.0,0.29622360348000004,0.0,0.0,0.0,0.29622360348000004,366.13976414,296.22360348,184.80447848
2024-04-26T10:00,3600,0.6609903281604417,0.33477864638000004,0.33477864638000004,0.32621168178044163,0.0,0.0,412.5890702,334.77864638,210.63063735
2024-04-26T11:00,3600,0.5469086031430483,0.4149713895,0.4149713895,0.13193721364304833,0.0,0.0,509.3310112,414.9713895,261.77027213
2024-04-26T12:00,3600,0.5347052406284507,0.40872080461000004,0.40872080461000004,0.12598443601845066,0.0,0.0,501.78420639,408.72080461,257.88273935
2024-04-26T13:00,3600,0.6400257393345871,0.43200307297,0.43200307297,0.20802266636458705,0.0,0.0,529.90007096,432.00307297,274.85778688
2024-04-26T14:00,3600,0.7732721411764707,0.81926614046,0.7732721411764707,0.0,0.0,0.04599399928352932,999.75449913,819.26614046,531.25308902
2024-04-26T15:00,3600,0.7426103705882352,0.72893697477,0.72893697477,0.013673395818235234,0.0,0.0,889.78833699,728.93697477,470.62776518
2024-04-26T16:00,3600,0.6885993382352943,0.54897511648,0.54897511648,0.13962422175529432,0.0,0.0,671.38132661,548.97511648,351.10547431
2024-04-26T17:00,3600,0.5775221235294117,0.20916560969,0.20916560969,0.3683565138394117,0.0,0.0,261.40439228,209.16560969,133.86988669
2024-04-26T18:00,3600,0.0,0.01515410117,0.0,0.0,0.0,0.01515410117,28.73108848,15.15410117,14.57072621
2024-04-26T19:00,3600,0.0,0.0,0.0,0.0,0.0,0.0,0.0,0.0,0.0
2024-04-26T20:00,3600,0.0,0.0,0.0,0.0,0.0,0.0,0.0,0.0,0.0
2024-04-26T21:00,3600,0.0,0.0,0.0,0.0,0.0,0.0,0.0,0.0,0.0
2024-04-26T22:00,3600,0.0,0.0,0.0,0.0,0.0,0.0,0.0,0.0,0.0
2024-04-26T23:00,3600,0.0,0.0,0.0,0.0,0.0,0.0,0.0,0.0,0.0
2024-04-27T00:00,3600,0.0,0.0,0.0,0.0,0.0,0.0,0.0,0.0,0.0
2024-04-27T01:00,3600,0.0,0.0,0.0,0.0,0.0,0.0,0.0,0.0,0.0
2024-04-27T02:00,3600,0.0,0.0,0.0,0.0,0.0,0.0,0.0,0.0,0.0
2024-04-27T03:00,3600,0.0,0.0,0.0,0.0,0.0,0.0,0.0,0.0,0.0
2024-04-27T04:00,3600,0.0,0.0,0.0,0.0,0.0,0.0,0.0,0.0,0.0
2024-04-27T05:00,3600,0.0,0.0,0.0,0.0,0.0,0.0,0.0,0.0,0.0
2024-04-27T06:00,3600,0.0,0.021945336090000003,0.0,0.0,0.0,0.021945336090000003,36.85867019,21.94533609,18.49702376
2024-04-27T07:00,3600,0.0,0.14427547620999998,0.0,0.0,0.0,0.14427547620999998,183.4710131,144.27547621,92.876076
2024-04-27T08:00,3600,0.0,0.26797454374,0.0,0.0,0.0,0.26797454374,332.13219913,267.97454374,169.7308166
2024-04-27T09:00,3600,0.0,0.42645245856999997,0.0,0.0,0.0,0.42645245856999997,523.19575695,426.45245857,269.57279005
2024-04-27T10:00,3600,0.0,0.5323120681,0.0,0.0,0.0,0.5323120681,651.20389135,532.3120681,339.00214459
2024-04-27T11:00,3600,0.0,0.6445192949699999,0.0,0.0,0.0,0.6445192949699999,787.22467537,644.51929497,413.19481562
2024-04-27T12:00,3600,0.0,0.69354139098,0.0,0.0,0.0,0.69354139098,846.76015565,693.54139098,444.53553156
2024-04-27T13:00,3600,0.0,0.69326447407,0.0,0.0,0.0,0.69326447407,846.42366284,693.26447407,447.84191512
2024-04-27T14:00,3600,0.0,0.5697831212500001,0.0,0.0,0.0,0.5697831212500001,696.58867539,569.78312125,365.79852141
2024-04-27T15:00,3600,0.0,0.44865906995,0.0,0.0,0.0,0.44865906995,550.02308937,448.65906995,287.24813283
2024-04-27T16:00,3600,0.0,0.22655828281,0.0,0.0,0.0,0.22655828281,282.31233814,226.55828281,144.91913951
2024-04-27T17:00,3600,0.0,0.15054567276,0.0,0.0,0.0,0.15054567276,190.99661343,150.54567276,97.71201511
2024-04-27T18:00,3600,0.0,0.016812422940000002,0.0,0.0,0.0,0.016812422940000002,30.71561369,16.81242294,15.52302912
2024-04-27T19:00,3600,0.0,0.0,0.0,0.0,0.0,0.0,0.0,0.0,0.0
2024-04-27T20:00,3600,0.0,0.0,0.0,0.0,0.0,0.0,0.0,0.0,0.0
2024-04-27T21:00,3600,0.0,0.0,0.0,0.0,0.0,0.0,0.0,0.0,0.0
2024-04-27T22:00,3600,0.0,0.0,0.0,0.0,0.0,0.0,0.0,0.0,0.0
2024-04-27T23:00,3600,0.0,0.0,0.0,0.0,0.0,0.0,0.0,0.0,0.0
2024-04-28T00:00,3600,0.0,0.0,0.0,0.0,0.0,0.0,0.0,0.0,0.0
2024-04-28T01:00,3600,0.0,0.0,0.0,0.0,0.0,0.0,0.0,0.0,0.0
2024-04-28T02:00,3600,0.0,0.0,0.0,0.0,0.0,0.0,0.0,0.0,0.0
2024-04-28T03:00,3600,0.0,0.0,0.0,0.0,0.0,0.0,0.0,0.0,0.0
2024-04-28T04:00,3600,0.0,0.0,0.0,0.0,0.0,0.0,0.0,0.0,0.0
2024-04-28T05:00,3600,0.0,0.0,0.0,0.0,0.0,0.0,0.0,0.0,0.0
2024-04-28T06:00,3600,0.0,0.0,0.0,0.0,0.0,0.0,9.73168059,0.0,4.84100971
2024-04-28T07:00,3600,0.0,0.038235896889999996,0.0,0.0,0.0,0.038235896889999996,56.3598128,38.23589689,28.0778563
2024-04-28T08:00,3600,0.0,0.21371043485000002,0.0,0.0,0.0,0.21371043485000002,266.86699546,213.71043485,134.14882827
2024-04-28T09:00,3600,0.0,0.5878791641900001,0.0,0.0,0.0,0.5878791641900001,718.52040172,587.87916419,368.68793723
2024-04-28T10:00,3600,0.0,0.5545949407599999,0.0,0.0,0.0,0.5545949407599999,678.1881481,554.59494076,350.98841076
2024-04-28T11:00,3600,0.0,0.72800279244,0.0,0.0,0.0,0.72800279244,888.65226149,728.00279244,463.38749925
2024-04-28T12:00,3600,0.0,0.57370236864,0.0,0.0,0.0,0.57370236864,701.33788908,573.70236864,362.39463427
2024-04-28T13:00,3600,0.0,0.6747025011800001,0.0,0.0,0.0,0.6747025011800001,823.87313329,674.70250118,430.62064441
2024-04-28T14:00,3600,0.0,0.38493249863,0.0,0.0,0.0,0.38493249863,473.07253426,384.93249863,243.56116251
2024-04-28T15:00,3600,0.0,0.16120124593,0.0,0.0,0.0,0.16120124593,203.78804016,161.20124593,103.50472658
2024-04-28T16:00,3600,0.0,0.09365913114,0.0,0.0,0.0,0.09365913114,122.75896397,93.65913114,61.62687511
2024-04-28T17:00,3600,0.0,0.03020344448,0.0,0.0,0.0,0.03020344448,46.743423,30.20344448,23.34022802
2024-04-28T18:00,3600,0.0,0.00089380771,0.0,0.0,0.0,0.00089380771,11.66871354,0.89380771,5.82511068
2024-04-28T19:00,3600,0.0,0.0,0.0,0.0,0.0,0.0,0.0,0.0,0.0
2024-04-28T20:00,3600,0.0,0.0,0.0,0.0,0.0,0.0,0.0,0.0,0.0
2024-04-28T21:00,3600,0.0,0.0,0.0,0.0,0.0,0.0,0.0,0.0,0.0
2024-04-28T22:00,3600,0.0,0.0,0.0,0.0,0.0,0.0,0.0,0.0,0.0
2024-04-28T23:00,3600,0.0,0.0,0.0,0.0,0.0,0.0,0.0,0.0,0.0
2024-04-29T00:00,3600,0.0,0.0,0.0,0.0,0.0,0.0,0.0,0.0,0.0
2024-04-29T01:00,3600,0.0,0.0,0.0,0.0,0.0,0.0,0.0,0.0,0.0
2024-04-29T02:00,3600,0.0,0.0,0.0,0.0,0.0,0.0,0.0,0.0,0.0
2024-04-29T03:00,3600,0.0,0.0,0.0,0.0,0.0,0.0,0.0,0.0,0.0
2024-04-29T04:00,3600,0.0,0.0,0.0,0.0,0.0,0.0,0.0,0.0,0.0
2024-04-29T05:00,3600,0.0,0.0,0.0,0.0,0.0,0.0,0.0,0.0,0.0
2024-04-29T06:00,3600,0.0,0.02486152981,0.0,0.0,0.0,0.02486152981,40.34907513,24.86152981,20.28351777
2024-04-29T07:00,3600,0.0,0.0866266231,0.0,0.0,0.0,0.0866266231,114.32920838,86.6266231,57.66620927
2024-04-29T08:00,3600,1.0870588235294116,0.24823684982,0.24823684982,0.8388219737094116,0.0,0.0,308.38383367,248.23684982,156.88772084
2024-04-29T09:00,3600,1.0870588235294116,0.5261767067600001,0.5261767067600001,0.5608821167694116,0.0,0.0,643.77645344,526.17670676,332.23330006
2024-04-29T10:00,3600,1.0870588235294116,0.81054124443,0.81054124443,0.27651757909941166,0.0,0.0,989.1228898,810.54124443,522.61079959
2024-04-29T11:00,3600,1.0870588235294116,1.1115981916600002,1.0870588235294116,0.0,0.0,0.024539368130588546,1357.21595963,1111.59819166,727.97371822
2024-04-29T12:00,3600,1.0870588235294116,1.14357384898,1.0870588235294116,0.0,0.0,0.056515025450588396,1396.46327435,1143.57384898,751.25695224
2024-04-29T13:00,3600,1.0849882352941176,1.02160800035,1.02160800035,0.06338023494411749,0.0,0.0,1246.91797667,1021.60800035,670.16809808
2024-04-29T14:00,3600,1.0825035294117646,0.9328105285,0.9328105285,0.14969300091176463,0.0,0.0,1138.30797217,932.8105285,609.14102209
2024-04-29T15:00,3600,0.7629665343724318,0.42395399064,0.42395399064,0.3390125437324318,0.0,0.0,520.17825541,423.95399064,271.31569607
2024-04-29T16:00,3600,0.6945467617647059,0.37686367797000003,0.37686367797000003,0.31768308379470583,0.0,0.0,463.33724869,376.86367797,240.92972127
2024-04-29T17:00,3600,0.6237905794117646,0.15554657686999998,0.15554657686999998,0.4682440025417647,0.0,0.0,196.99954289,155.54657687,101.31574216
2024-04-29T18:00,3600,0.0,0.01670419757,0.0,0.0,0.0,0.01670419757,30.5860974,16.70419757,15.54687766
2024-04-29T19:00,3600,0.0,0.0,0.0,0.0,0.0,0.0,0.0,0.0,0.0
2024-04-29T20:00,3600,0.0,0.0,0.0,0.0,0.0,0.0,0.0,0.0,0.0
2024-04-29T21:00,3600,0.0,0.0,0.0,0.0,0.0,0.0,0.0,0.0,0.0
2024-04-29T22:00,3600,0.0,0.0,0.0,0.0,0.0,0.0,0.0,0.0,0.0
2024-04-29T23:00,3600,0.0,0.0,0.0,0.0,0.0,0.0,0.0,0.0,0.0
2024-04-30T00:00,3600,0.0,0.0,0.0,0.0,0.0,0.0,0.0,0.0,0.0
2024-04-30T01:00,3600,0.0,0.0,0.0,0.0,0.0,0.0,0.0,0.0,0.0
2024-04-30T02:00,3600,0.0,0.0,0.0,0.0,0.0,0.0,0.0,0.0,0.0
2024-04-30T03:00,3600,0.0,0.0,0.0,0.0,0.0,0.0,0.0,0.0,0.0
2024-04-30T04:00,3600,0.0,0.0,0.0,0.0,0.0,0.0,0.0,0.0,0.0
2024-04-30T05:00,3600,0.0,0.0,0.0,0.0,0.0,0.0,0.0,0.0,0.0
2024-04-30T06:00,3600,0.0,0.018715409269999997,0.0,0.0,0.0,0.018715409269999997,32.9930208,18.71540927,16.60866441
2024-04-30T07:00,3600,0.0,0.14022355552,0.0,0.0,0.0,0.14022355552,178.60838749,140.22355552,90.57595209
2024-04-30T08:00,3600,1.0870588235294116,0.34105119696,0.34105119696,0.7460076265694116,0.0,0.0,420.14976183,341.05119696,216.05208507
2024-04-30T09:00,3600,0.7404309960470626,0.8092381628399999,0.7404309960470626,0.0,0.0,0.0688071667929373,987.53521997,809.23816284,524.94877282
2024-04-30T10:00,3600,0.740696699283261,0.7590783993,0.740696699283261,0.0,0.0,0.018381700016739,926.45693174,759.0783993,491.74539395
2024-04-30T11:00,3600,0.7621544941176471,0.78512209728,0.7621544941176471,0.0,0.0,0.022967603162352912,958.16089213,785.12209728,508.85961804
2024-04-30T12:00,3600,0.7778162529411764,0.84997068735,0.7778162529411764,0.0,0.0,0.07215443440882363,1037.18613758,849.97068735,553.900636
2024-04-30T13:00,3600,0.7504853705882352,0.76201281213,0.7504853705882352,0.0,0.0,0.011527441541764882,930.02815247,762.01281213,494.31267268
2024-04-30T14:00,3600,0.5725257911764705,0.24610748695999998,0.24610748695999998,0.32641830421647056,0.0,0.0,305.8224164,246.10748696,156.86547189
2024-04-30T15:00,3600,0.488665517942004,0.13279049177,0.13279049177,0.35587502617200406,0.0,0.0,169.68926708,132.79049177,86.16997278
2024-04-30T16:00,3600,0.4582171400463095,0.14530865642000002,0.14530865642000002,0.31290848362630946,0.0,0.0,184.7109816,145.30865642,93.42854416
2024-04-30T17:00,3600,0.46141326012524175,0.09140851902,0.09140851902,0.37000474110524173,0.0,0.0,120.06104718,91.40851902,60.55336045
2024-04-30T18:00,3600,0.0,0.012193449879999999,0.0,0.0,0.0,0.012193449879999999,25.1882383,12.19344988,12.61047378
2024-04-30T19:00,3600,0.0,0.0,0.0,0.0,0.0,0.0,0.0,0.0,0.0
2024-04-30T20:00,3600,0.0,0.0,0.0,0.0,0.0,0.0,0.0,0.0,0.0
2024-04-30T21:00,3600,0.0,0.0,0.0,0.0,0.0,0.0,0.0,0.0,0.0
2024-04-30T22:00,3600,0.0,0.0,0.0,0.0,0.0,0.0,0.0,0.0,0.0
2024-04-30T23:00,3600,0.0,0.0,0.0,0.0,0.0,0.0,0.0,0.0,0.0
2024-05-01T00:00,3600,0.0,0.0,0.0,0.0,0.0,0.0,0.0,0.0,0.0
2024-05-01T01:00,3600,0.0,0.0,0.0,0.0,0.0,0.0,0.0,0.0,0.0
2024-05-01T02:00,3600,0.0,0.0,0.0,0.0,0.0,0.0,0.0,0.0,0.0
2024-05-01T03:00,3600,0.0,0.0,0.0,0.0,0.0,0.0,0.0,0.0,0.0
2024-05-01T04:00,3600,0.0,0.0,0.0,0.0,0.0,0.0,0.0,0.0,0.0
2024-05-01T05:00,3600,0.0,0.0,0.0,0.0,0.0,0.0,0.0,0.0,0.0
2024-05-01T06:00,3600,0.0,0.0074992327000000004,0.0,0.0,0.0,0.0074992327000000004,19.57140189,7.4992327,9.68201941
2024-05-01T07:00,3600,0.0,0.03033100922,0.0,0.0,0.0,0.03033100922,46.89612911,30.33100922,23.23684659
2024-05-01T08:00,3600,0.0,0.08069659027,0.0,0.0,0.0,0.08069659027,107.2219993,80.69659027,53.25110678
2024-05-01T09:00,3600,0.0,0.10488603798,0.0,0.0,0.0,0.10488603798,136.21921905,104.88603798,67.7741359
2024-05-01T10:00,3600,0.0,0.15160119323000001,0.0,0.0,0.0,0.15160119323000001,192.26357142,151.60119323,95.85811008
2024-05-01T11:00,3600,0.0,0.19340971397000004,0.0,0.0,0.0,0.19340971397000004,242.4710723,193.40971397,121.08797522
2024-05-01T12:00,3600,0.0,0.21083523295,0.0,0.0,0.0,0.21083523295,263.41111313,210.83523295,131.67546403
2024-05-01T13:00,3600,0.27932386597194203,0.10473172404,0.10473172404,0.17459214193194203,0.0,0.0,136.03418487,104.73172404,67.7741359
2024-05-01T14:00,3600,0.49797588360585826,0.9196889424800001,0.49797588360585826,0.0,0.0,0.42171305887414184,1122.27765324,919.68894248,582.97906028
2024-05-01T15:00,3600,0.31123488570284,0.38407489120000005,0.31123488570284,0.0,0.0,0.07284000549716002,472.03771967,384.0748912,238.23542407
2024-05-01T16:00,3600,0.22025001882283182,0.22349285173000003,0.22025001882283182,0.0,0.0,0.0032428329071682027,278.62675378,223.49285173,139.19375137
2024-05-01T17:00,3600,0.15807266351834864,0.0675929861,0.0675929861,0.09047967741834864,0.0,0.0,91.52051696,67.5929861,45.26992702
2024-05-01T18:00,3600,0.0,0.00583856568,0.0,0.0,0.0,0.00583856568,17.58448134,5.83856568,8.71381747
2024-05-01T19:00,3600,0.0,0.0,0.0,0.0,0.0,0.0,0.0,0.0,0.0
2024-05-01T20:00,3600,0.0,0.0,0.0,0.0,0.0,0.0,0.0,0.0,0.0
2024-05-01T21:00,3600,0.0,0.0,0.0,0.0,0.0,0.0,0.0,0.0,0.0
2024-05-01T22:00,3600,0.0,0.0,0.0,0.0,0.0,0.0,0.0,0.0,0.0
2024-05-01T23:00,3600,0.0,0.0,0.0,0.0,0.0,0.0,0.0,0.0,0.0
2024-05-02T00:00,3600,0.0,0.0,0.0,0.0,0.0,0.0,0.0,0.0,0.0
2024-05-02T01:00,3600,0.0,0.0,0.0,0.0,0.0,0.0,0.0,0.0,0.0
2024-05-02T02:00,3600,0.0,0.0,0.0,0.0,0.0,0.0,0.0,0.0,0.0
2024-05-02T03:00,3600,0.0,0.0,0.0,0.0,0.0,0.0,0.0,0.0,0.0
2024-05-02T04:00,3600,0.0,0.0,0.0,0.0,0.0,0.0,0.0,0.0,0.0
2024-05-02T05:00,3600,0.0,0.0,0.0,0.0,0.0,0.0,0.0,0.0,0.0
2024-05-02T06:00,3600,0.0,0.01743358162,0.0,0.0,0.0,0.01743358162,31.45897744,17.43358162,15.49123106
2024-05-02T07:00,3600,0.0,0.11658525652,0.0,0.0,0.0,0.11658525652,150.24932981,116.58525652,74.40530995
2024-05-02T08:00,3600,0.0,0.22724388069,0.0,0.0,0.0,0.22724388069,283.13667085,227.24388069,141.19106151
2024-05-02T09:00,3600,0.0,0.1630252238,0.0,0.0,0.0,0.1630252238,205.97793036,163.0252238,102.47031551
2024-05-02T10:00,3600,0.0,0.27453068733999997,0.0,0.0,0.0,0.27453068733999997,340.02287249,274.53068734,170.52807173
2024-05-02T11:00,3600,0.0,0.26370464369,0.0,0.0,0.0,0.26370464369,326.9937687,263.70464369,163.78072121
2024-05-02T12:00,3600,0.0,0.38086026302,0.0,0.0,0.0,0.38086026302,468.1590323,380.86026302,236.04547737
2024-05-02T13:00,3600,0.0,0.58353825218,0.0,0.0,0.0,0.58353825218,713.25855411,583.53825218,366.09431513
2024-05-02T14:00,3600,0.0,0.27336429746,0.0,0.0,0.0,0.27336429746,338.61897416,273.36429746,171.34092754
2024-05-02T15:00,3600,0.5191070387534776,0.18625021076999998,0.18625021076999998,0.33285682798347765,0.0,0.0,233.86995072,186.25021077,117.84605758
2024-05-02T16:00,3600,0.3197009785325492,0.09390072793999998,0.09390072793999998,0.2258002505925492,0.0,0.0,123.04858569,93.90072794,61.7093053
2024-05-02T17:00,3600,0.3138990261172361,0.04739669764,0.04739669764,0.2665023284772361,0.0,0.0,67.32915004,47.39669764,33.64910322
2024-05-02T18:00,3600,0.0,0.0058885411,0.0,0.0,0.0,0.0058885411,17.64427383,5.8885411,8.73766602
2024-05-02T19:00,3600,0.0,0.0,0.0,0.0,0.0,0.0,0.0,0.0,0.0
2024-05-02T20:00,3600,0.0,0.0,0.0,0.0,0.0,0.0,0.0,0.0,0.0
2024-05-02T21:00,3600,0.0,0.0,0.0,0.0,0.0,0.0,0.0,0.0,0.0
2024-05-02T22:00,3600,0.0,0.0,0.0,0.0,0.0,0.0,0.0,0.0,0.0
2024-05-02T23:00,3600,0.0,0.0,0.0,0.0,0.0,0.0,0.0,0.0,0.0
2024-05-03T00:00,3600,0.0,0.0,0.0,0.0,0.0,0.0,0.0,0.0,0.0
2024-05-03T01:00,3600,0.0,0.0,0.0,0.0,0.0,0.0,0.0,0.0,0.0
2024-05-03T02:00,3600,0.0,0.0,0.0,0.0,0.0,0.0,0.0,0.0,0.0
2024-05-03T03:00,3600,0.0,0.0,0.0,0.0,0.0,0.0,0.0,0.0,0.0
2024-05-03T04:00,3600,0.0,0.0,0.0,0.0,0.0,0.0,0.0,0.0,0.0
2024-05-03T05:00,3600,0.0,0.0,0.0,0.0,0.0,0.0,0.0,0.0,0.0
2024-05-03T06:00,3600,0.0,0.013360195160000001,0.0,0.0,0.0,0.013360195160000001,26.58439101,13.36019516,13.161294
2024-05-03T07:00,3600,0.0,0.1355239353,0.0,0.0,0.0,0.1355239353,172.96902262,135.5239353,86.19425291
2024-05-03T08:00,3600,0.0,0.24407919821,0.0,0.0,0.0,0.24407919821,303.38269539,244.07919821,152.32758385
2024-05-03T09:00,3600,0.0,0.50183554453,0.0,0.0,0.0,0.50183554453,614.31936904,501.83554453,313.55355053
2024-05-03T10:00,3600,0.0,0.49283163733,0.0,0.0,0.0,0.49283163733,603.4271855,492.83163733,309.80712642
2024-05-03T11:00,3600,0.0,0.6619565534399999,0.0,0.0,0.0,0.6619565534399999,808.39391271,661.95655344,419.73341279
2024-05-03T12:00,3600,0.6219778194475135,0.53953850761,0.53953850761,0.08243931183751352,0.0,0.0,659.95351256,539.53850761,340.67778262
2024-05-03T13:00,3600,0.44976567464423206,0.31855385079000004,0.31855385079000004,0.13121182385423202,0.0,0.0,393.03728216,318.55385079,200.62466658
2024-05-03T14:00,3600,0.39948448707205503,0.220617997,0.220617997,0.17886649007205502,0.0,0.0,275.17053066,220.617997,139.35027521
2024-05-03T15:00,3600,0.35894813177420737,0.03956983444,0.03956983444,0.31937829733420736,0.0,0.0,57.95695887,39.56983444,29.04605824
2024-05-03T16:00,3600,0.3572155132915933,0.046093463300000005,0.046093463300000005,0.31112204999159326,0.0,0.0,65.76849316,46.0934633,32.91886601
2024-05-03T17:00,3600,0.3460696431539815,0.02518208272,0.02518208272,0.3208875604339815,0.0,0.0,40.73276011,25.18208272,20.33224077
2024-05-03T18:00,3600,0.0,0.0,0.0,0.0,0.0,0.0,5.83993822,0.0,2.90460582
2024-05-03T19:00,3600,0.0,0.0,0.0,0.0,0.0,0.0,0.0,0.0,0.0
2024-05-03T20:00,3600,0.0,0.0,0.0,0.0,0.0,0.0,0.0,0.0,0.0
2024-05-03T21:00,3600,0.0,0.0,0.0,0.0,0.0,0.0,0.0,0.0,0.0
2024-05-03T22:00,3600,0.0,0.0,0.0,0.0,0.0,0.0,0.0,0.0,0.0
2024-05-03T23:00,3600,0.0,0.0,0.0,0.0,0.0,0.0,0.0,0.0,0.0
2024-05-04T00:00,3600,0.0,0.0,0.0,0.0,0.0,0.0,0.0,0.0,0.0
2024-05-04T01:00,3600,0.0,0.0,0.0,0.0,0.0,0.0,0.0,0.0,0.0
2024-05-04T02:00,3600,0.0,0.0,0.0,0.0,0.0,0.0,0.0,0.0,0.0
2024-05-04T03:00,3600,0.0,0.0,0.0,0.0,0.0,0.0,0.0,0.0,0.0
2024-05-04T04:00,3600,0.0,0.0,0.0,0.0,0.0,0.0,0.0,0.0,0.0
2024-05-04T05:00,3600,0.0,0.0,0.0,0.0,0.0,0.0,0.0,0.0,0.0
2024-05-04T06:00,3600,0.0,0.022699215999999998,0.0,0.0,0.0,0.022699215999999998,37.76097065,22.699216,18.78237439
2024-05-04T07:00,3600,0.0,0.12706810309,0.0,0.0,0.0,0.12706810309,162.82383769,127.06810309,81.47855653
2024-05-04T08:00,3600,0.0,0.15373544628,0.0,0.0,0.0,0.15373544628,194.82544063,153.73544628,97.6323001
2024-05-04T09:00,3600,0.0,0.17316977766,0.0,0.0,0.0,0.17316977766,218.15923694,173.16977766,109.40681938
2024-05-04T10:00,3600,0.0,0.30116182348000003,0.0,0.0,0.0,0.30116182348000003,372.08684826,301.16182348,188.73801594
2024-05-04T11:00,3600,0.0,0.48317999303,0.0,0.0,0.0,0.48317999303,591.75389552,483.17999303,303.8179583
2024-05-04T12:00,3600,0.0,0.34213803961000006,0.0,0.0,0.0,0.34213803961000006,421.45990892,342.13803961,214.72912852
2024-05-04T13:00,3600,0.0,0.49020889012,0.0,0.0,0.0,0.49020889012,600.25482125,490.20889012,307.65031914
2024-05-04T14:00,3600,0.0,0.11792594902,0.0,0.0,0.0,0.11792594902,151.85736897,117.92594902,76.51138865
2024-05-04T15:00,3600,0.0,0.06216017078,0.0,0.0,0.0,0.06216017078,85.01195321,62.16017078,42.60088542
2024-05-04T16:00,3600,0.0,0.02843928715,0.0,0.0,0.0,0.02843928715,44.63161759,28.43928715,22.26864465
2024-05-04T17:00,3600,0.0,0.02193958451,0.0,0.0,0.0,0.02193958451,36.85178632,21.93958451,18.39583689
2024-05-04T18:00,3600,0.0,0.0009177964699999999,0.0,0.0,0.0,0.0009177964699999999,11.69741144,0.91779647,5.80921165
2024-05-04T19:00,3600,0.0,0.0,0.0,0.0,0.0,0.0,0.0,0.0,0.0
2024-05-04T20:00,3600,0.0,0.0,0.0,0.0,0.0,0.0,0.0,0.0,0.0
2024-05-04T21:00,3600,0.0,0.0,0.0,0.0,0.0,0.0,0.0,0.0,0.0
2024-05-04T22:00,3600,0.0,0.0,0.0,0.0,0.0,0.0,0.0,0.0,0.0
2024-05-04T23:00,3600,0.0,0.0,0.0,0.0,0.0,0.0,0.0,0.0,0.0
2024-05-05T00:00,3600,0.0,0.0,0.0,0.0,0.0,0.0,0.0,0.0,0.0
2024-05-05T01:00,3600,0.0,0.0,0.0,0.0,0.0,0.0,0.0,0.0,0.0
2024-05-05T02:00,3600,0.0,0.0,0.0,0.0,0.0,0.0,0.0,0.0,0.0
2024-05-05T03:00,3600,0.0,0.0,0.0,0.0,0.0,0.0,0.0,0.0,0.0
2024-05-05T04:00,3600,0.0,0.0,0.0,0.0,0.0,0.0,0.0,0.0,0.0
2024-05-05T05:00,3600,0.0,0.0,0.0,0.0,0.0,0.0,0.0,0.0,0.0
2024-05-05T06:00,3600,0.0,0.01659136851,0.0,0.0,0.0,0.01659136851,30.45107209,16.59136851,15.10705104
2024-05-05T07:00,3600,0.0,0.05297692194,0.0,0.0,0.0,0.05297692194,74.01212506,52.97692194,36.79167377
2024-05-05T08:00,3600,0.0,0.15521252943,0.0,0.0,0.0,0.15521252943,196.59854182,155.21252943,98.28405257
2024-05-05T09:00,3600,0.0,0.22536763426,0.0,0.0,0.0,0.22536763426,280.88078485,225.36763426,141.004914
2024-05-05T10:00,3600,0.0,0.34571365455,0.0,0.0,0.0,0.34571365455,425.77040208,345.71365455,217.7240558
2024-05-05T11:00,3600,0.0,0.50898691714,0.0,0.0,0.0,0.50898691714,622.97209652,508.98691714,322.90034926
2024-05-05T12:00,3600,0.0,0.7426865970200001,0.0,0.0,0.0,0.7426865970200001,906.5123119,742.68659702,477.88928698
2024-05-05T13:00,3600,0.0,0.77973372966,0.0,0.0,0.0,0.77973372966,951.59987408,779.73372966,508.14186932
2024-05-05T14:00,3600,0.0,0.5955998782399999,0.0,0.0,0.0,0.5955998782399999,727.88037219,595.59987824,384.54726446
2024-05-05T15:00,3600,0.0,0.69057487861,0.0,0.0,0.0,0.69057487861,843.15553891,690.57487861,449.75275045
2024-05-05T16:00,3600,0.0,0.40758735145,0.0,0.0,0.0,0.40758735145,500.41581678,407.58735145,262.55480417
2024-05-05T17:00,3600,0.0,0.2086490139,0.0,0.0,0.0,0.2086490139,260.78351082,208.6490139,135.0528889
2024-05-05T18:00,3600,0.0,0.02173347988,0.0,0.0,0.0,0.02173347988,36.60510738,21.73347988,18.50713009
2024-05-05T19:00,3600,0.0,0.0,0.0,0.0,0.0,0.0,0.0,0.0,0.0
2024-05-05T20:00,3600,0.0,0.0,0.0,0.0,0.0,0.0,0.0,0.0,0.0
2024-05-05T21:00,3600,0.0,0.0,0.0,0.0,0.0,0.0,0.0,0.0,0.0
2024-05-05T22:00,3600,0.0,0.0,0.0,0.0,0.0,0.0,0.0,0.0,0.0
2024-05-05T23:00,3600,0.0,0.0,0.0,0.0,0.0,0.0,0.0,0.0,0.0
2024-05-06T00:00,3600,0.0,0.0,0.0,0.0,0.0,0.0,0.0,0.0,0.0
2024-05-06T01:00,3600,0.0,0.0,0.0,0.0,0.0,0.0,0.0,0.0,0.0
2024-05-06T02:00,3600,0.0,0.0,0.0,0.0,0.0,0.0,0.0,0.0,0.0
2024-05-06T03:00,3600,0.0,0.0,0.0,0.0,0.0,0.0,0.0,0.0,0.0
2024-05-06T04:00,3600,0.0,0.0,0.0,0.0,0.0,0.0,0.0,0.0,0.0
2024-05-06T05:00,3600,0.0,0.0,0.0,0.0,0.0,0.0,0.0,0.0,0.0
2024-05-06T06:00,3600,0.0,0.051186367930000004,0.0,0.0,0.0,0.051186367930000004,71.86763557,51.18636793,36.03920504
2024-05-06T07:00,3600,0.0,0.18687459901,0.0,0.0,0.0,0.18687459901,234.6200092,186.87459901,118.81713964
2024-05-06T08:00,3600,1.0780386634101153,0.39961073673999997,0.39961073673999997,0.6784279266701154,0.0,0.0,490.78684154,399.61073674,252.22375975
2024-05-06T09:00,3600,0.6305229561280293,0.5950353702,0.5950353702,0.035487585928029364,0.0,0.0,727.19595236,595.0353702,379.0212697
2024-05-06T10:00,3600,0.7465919911764706,0.7318048341,0.7318048341,0.014787157076470603,0.0,0.0,893.27614314,731.8048341,475.63278864
2024-05-06T11:00,3600,0.8177427294117647,0.94271011869,0.8177427294117647,0.0,0.0,0.12496738927823525,1150.40528338,942.71011869,622.19315855
2024-05-06T12:00,3600,0.879805244117647,1.08439409429,0.879805244117647,0.0,0.0,0.20458885017235307,1323.84839118,1084.39409429,726.66026986
2024-05-06T13:00,3600,0.8986592764705883,0.97414598279,0.8986592764705883,0.0,0.0,0.07548670631941168,1188.83836065,974.14598279,653.76720287
2024-05-06T14:00,3600,0.8948488441176471,0.9328419539699999,0.8948488441176471,0.0,0.0,0.037993109852352824,1138.34636974,932.84195397,625.61887172
2024-05-06T15:00,3600,0.8359831117647059,0.7433165147599999,0.7433165147599999,0.09266659700470592,0.0,0.0,907.27862151,743.31651476,491.35505563
2024-05-06T16:00,3600,0.6755192647058824,0.3140539032,0.3140539032,0.36146536150588243,0.0,0.0,387.615859,314.0539032,202.34772564
2024-05-06T17:00,3600,0.5711030411764706,0.10752838821,0.10752838821,0.4635746529664706,0.0,0.0,139.38769735,107.52838821,71.33887808
2024-05-06T18:00,3600,0.0,0.015222269120000001,0.0,0.0,0.0,0.015222269120000001,28.81266411,15.22226912,14.53097864
2024-05-06T19:00,3600,0.0,0.0,0.0,0.0,0.0,0.0,0.0,0.0,0.0
2024-05-06T20:00,3600,0.0,0.0,0.0,0.0,0.0,0.0,0.0,0.0,0.0
2024-05-06T21:00,3600,0.0,0.0,0.0,0.0,0.0,0.0,0.0,0.0,0.0
2024-05-06T22:00,3600,0.0,0.0,0.0,0.0,0.0,0.0,0.0,0.0,0.0
2024-05-06T23:00,3600,0.0,0.0,0.0,0.0,0.0,0.0,0.0,0.0,0.0
2024-05-07T00:00,3600,0.0,0.0,0.0,0.0,0.0,0.0,0.0,0.0,0.0
2024-05-07T01:00,3600,0.0,0.0,0.0,0.0,0.0,0.0,0.0,0.0,0.0
2024-05-07T02:00,3600,0.0,0.0,0.0,0.0,0.0,0.0,0.0,0.0,0.0
2024-05-07T03:00,3600,0.0,0.0,0.0,0.0,0.0,0.0,0.0,0.0,0.0
2024-05-07T04:00,3600,0.0,0.0,0.0,0.0,0.0,0.0,0.0,0.0,0.0
2024-05-07T05:00,3600,0.0,0.0,0.0,0.0,0.0,0.0,0.0,0.0,0.0
2024-05-07T06:00,3600,0.0,0.04032652559,0.0,0.0,0.0,0.04032652559,58.86297909,40.32652559,29.45738198
2024-05-07T07:00,3600,0.0,0.23991206133,0.0,0.0,0.0,0.23991206133,298.37061589,239.91206133,151.14828195
2024-05-07T08:00,3600,0.0,0.51058007245,0.0,0.0,0.0,0.51058007245,624.89990938,510.58007245,322.86466382
2024-05-07T09:00,3600,0.7605845816156065,0.70571558454,0.70571558454,0.05486899707560644,0.0,0.0,861.55561589,705.71558454,451.29331721
2024-05-07T10:00,3600,0.7601595389918961,0.89194429926,0.7601595389918961,0.0,0.0,0.13178476026810382,1088.39873254,891.94429926,584.64816335
2024-05-07T11:00,3600,0.7389863479591084,0.82455394958,0.7389863479591084,0.0,0.0,0.0855676016208915,1006.19893105,824.55394958,539.96547763
2024-05-07T12:00,3600,0.8104764173555727,0.9575272444199999,0.8104764173555727,0.0,0.0,0.14705082706442718,1168.51701662,957.52724442,634.2935796
2024-05-07T13:00,3600,0.8093604352941176,0.7531742570500001,0.7531742570500001,0.056186178244117535,0.0,0.0,919.27223921,753.17425705,495.02937748
2024-05-07T14:00,3600,0.8528698986505066,0.8449156829500001,0.8449156829500001,0.007954215700506473,0.0,0.0,1031.02180382,844.91568295,561.28191776
2024-05-07T15:00,3600,0.8290345823529411,0.7172969305,0.7172969305,0.11173765185294116,0.0,0.0,875.63441377,717.2969305,473.11182042
2024-05-07T16:00,3600,0.7393411852941175,0.46684194193,0.46684194193,0.2724992433641175,0.0,0.0,571.99948145,466.84194193,302.23605663
2024-05-07T17:00,3600,0.6531097205882352,0.18090697481999998,0.18090697481999998,0.4722027457682353,0.0,0.0,227.45171363,180.90697482,117.85561563
2024-05-07T18:00,3600,0.0,0.023171553540000004,0.0,0.0,0.0,0.023171553540000004,38.32630762,23.17155354,19.41173592
2024-05-07T19:00,3600,0.0,0.0,0.0,0.0,0.0,0.0,0.0,0.0,0.0
2024-05-07T20:00,3600,0.0,0.0,0.0,0.0,0.0,0.0,0.0,0.0,0.0
2024-05-07T21:00,3600,0.0,0.0,0.0,0.0,0.0,0.0,0.0,0.0,0.0
2024-05-07T22:00,3600,0.0,0.0,0.0,0.0,0.0,0.0,0.0,0.0,0.0
2024-05-07T23:00,3600,0.0,0.0,0.0,0.0,0.0,0.0,0.0,0.0,0.0
2024-05-08T00:00,3600,0.0,0.0,0.0,0.0,0.0,0.0,0.0,0.0,0.0
2024-05-08T01:00,3600,0.0,0.0,0.0,0.0,0.0,0.0,0.0,0.0,0.0
2024-05-08T02:00,3600,0.0,0.0,0.0,0.0,0.0,0.0,0.0,0.0,0.0
2024-05-08T03:00,3600,0.0,0.0,0.0,0.0,0.0,0.0,0.0,0.0,0.0
2024-05-08T04:00,3600,0.0,0.0,0.0,0.0,0.0,0.0,0.0,0.0,0.0
2024-05-08T05:00,3600,0.0,0.0,0.0,0.0,0.0,0.0,0.0,0.0,0.0
2024-05-08T06:00,3600,0.0,0.009588230389999999,0.0,0.0,0.0,0.009588230389999999,22.07090676,9.58823039,11.04347054
2024-05-08T07:00,3600,0.0,0.04445710939,0.0,0.0,0.0,0.04445710939,63.80898106,44.45710939,31.95066407
2024-05-08T08:00,3600,0.0,0.12813355293,0.0,0.0,0.0,0.12813355293,164.10204347,128.13355293,82.45869112
2024-05-08T09:00,3600,0.4921665615876121,0.26535145713999997,0.26535145713999997,0.2268151044476121,0.0,0.0,328.97549821,265.35145714,166.54910333
2024-05-08T10:00,3600,0.5541513970425037,0.40238297748000007,0.40238297748000007,0.15176841956250364,0.0,0.0,494.1331567,402.38297748,254.66382536
2024-05-08T11:00,3600,0.6414286402251063,0.65165223194,0.6414286402251063,0.0,0.0,0.010223591714893732,795.8832064,651.65223194,417.45626586
2024-05-08T12:00,3600,0.6969918013622638,0.8033774664600001,0.6969918013622638,0.0,0.0,0.10638566509773628,980.39515816,803.37746646,521.13371078
2024-05-08T13:00,3600,0.741681694751195,0.73319406352,0.73319406352,0.008487631231195003,0.0,0.0,894.96576564,733.19406352,477.08906798
2024-05-08T14:00,3600,0.7711909821966015,0.78737044183,0.7711909821966015,0.0,0.0,0.016179459633398507,960.89877608,787.37044183,513.87356617
2024-05-08T15:00,3600,0.670436962171447,0.49337614562,0.49337614562,0.177060816551447,0.0,0.0,604.08582341,493.37614562,316.02023663
2024-05-08T16:00,3600,0.5247337003217297,0.18734185479,0.18734185479,0.33739184553172974,0.0,0.0,235.18131615,187.34185479,120.18361654
2024-05-08T17:00,3600,0.4804825370422657,0.07479966018,0.07479966018,0.4056828768622657,0.0,0.0,100.15539562,74.79966018,50.79298866
2024-05-08T18:00,3600,0.0,0.018499389239999997,0.0,0.0,0.0,0.018499389239999997,32.73449305,18.49938924,16.459433
2024-05-08T19:00,3600,0.0,0.0,0.0,0.0,0.0,0.0,0.0,0.0,0.0
2024-05-08T20:00,3600,0.0,0.0,0.0,0.0,0.0,0.0,0.0,0.0,0.0
2024-05-08T21:00,3600,0.0,0.0,0.0,0.0,0.0,0.0,0.0,0.0,0.0
2024-05-08T22:00,3600,0.0,0.0,0.0,0.0,0.0,0.0,0.0,0.0,0.0
2024-05-08T23:00,3600,0.0,0.0,0.0,0.0,0.0,0.0,0.0,0.0,0.0
2024-05-09T00:00,3600,0.0,0.0,0.0,0.0,0.0,0.0,0.0,0.0,0.0
2024-05-09T01:00,3600,0.0,0.0,0.0,0.0,0.0,0.0,0.0,0.0,0.0
2024-05-09T02:00,3600,0.0,0.0,0.0,0.0,0.0,0.0,0.0,0.0,0.0
2024-05-09T03:00,3600,0.0,0.0,0.0,0.0,0.0,0.0,0.0,0.0,0.0
2024-05-09T04:00,3600,0.0,0.0,0.0,0.0,0.0,0.0,0.0,0.0,0.0
2024-05-09T05:00,3600,0.0,0.0,0.0,0.0,0.0,0.0,0.0,0.0,0.0
2024-05-09T06:00,3600,0.0,0.017348262320000002,0.0,0.0,0.0,0.017348262320000002,31.35687204,17.34826232,15.68760784
2024-05-09T07:00,3600,0.0,0.05488955574,0.0,0.0,0.0,0.05488955574,76.30292004,54.88955574,38.2896867
2024-05-09T08:00,3600,0.0,0.11759835898,0.0,0.0,0.0,0.11759835898,151.46444997,117.59835898,76.32353102
2024-05-09T09:00,3600,0.0,0.16514965474,0.0,0.0,0.0,0.16514965474,208.52866086,165.14965474,105.37586231
2024-05-09T10:00,3600,0.6743195150415634,0.33926647516,0.33926647516,0.3350530398815634,0.0,0.0,417.99841787,339.26647516,214.83855726
2024-05-09T11:00,3600,0.4731621337336377,0.23443746543,0.23443746543,0.2387246683036377,0.0,0.0,291.7866851,234.43746543,149.10309897
2024-05-09T12:00,3600,0.48870459135912764,0.26565628521,0.26565628521,0.22304830614912763,0.0,0.0,329.34232787,265.65628521,168.45607282
2024-05-09T13:00,3600,0.4746279746398938,0.22170672587999998,0.22170672587999998,0.25292124875989386,0.0,0.0,276.47940185,221.70672588,141.35748344
2024-05-09T14:00,3600,0.5199271771736335,0.41408158453,0.41408158453,0.10584559264363347,0.0,0.0,508.25661709,414.08158453,262.9497106
2024-05-09T15:00,3600,0.442048342319707,0.21626349757,0.21626349757,0.22578484474970703,0.0,0.0,269.93586559,216.26349757,138.24366091
2024-05-09T16:00,3600,0.41737032451505623,0.19481488768,0.19481488768,0.22255543683505624,0.0,0.0,244.15934994,194.81488768,124.42001955
2024-05-09T17:00,3600,0.3499789525759376,0.04247774251,0.04247774251,0.30750121006593756,0.0,0.0,61.43881083,42.47774251,30.98246212
2024-05-09T18:00,3600,0.0,0.00407376179,0.0,0.0,0.0,0.00407376179,15.4730456,4.07376179,7.74561553
2024-05-09T19:00,3600,0.0,0.0,0.0,0.0,0.0,0.0,0.0,0.0,0.0
2024-05-09T20:00,3600,0.0,0.0,0.0,0.0,0.0,0.0,0.0,0.0,0.0
2024-05-09T21:00,3600,0.0,0.0,0.0,0.0,0.0,0.0,0.0,0.0,0.0
2024-05-09T22:00,3600,0.0,0.0,0.0,0.0,0.0,0.0,0.0,0.0,0.0
2024-05-09T23:00,3600,0.0,0.0,0.0,0.0,0.0,0.0,0.0,0.0,0.0
2024-05-10T00:00,3600,0.0,0.0,0.0,0.0,0.0,0.0,0.0,0.0,0.0
2024-05-10T01:00,3600,0.0,0.0,0.0,0.0,0.0,0.0,0.0,0.0,0.0
2024-05-10T02:00,3600,0.0,0.0,0.0,0.0,0.0,0.0,0.0,0.0,0.0
2024-05-10T03:00,3600,0.0,0.0,0.0,0.0,0.0,0.0,0.0,0.0,0.0
2024-05-10T04:00,3600,0.0,0.0,0.0,0.0,0.0,0.0,0.0,0.0,0.0
2024-05-10T05:00,3600,0.0,0.0,0.0,0.0,0.0,0.0,1.94841256,0.0,0.96820194
2024-05-10T06:00,3600,0.0,0.0574007139,0.0,0.0,0.0,0.0574007139,79.31072624,57.4007139,39.72122398
2024-05-10T07:00,3600,0.0,0.21890098783999998,0.0,0.0,0.0,0.21890098783999998,273.10640507,218.90098784,138.13999098
2024-05-10T08:00,3600,0.0,0.41098569766000004,0.0,0.0,0.0,0.41098569766000004,504.51866014,410.98569766,258.39081534
2024-05-10T09:00,3600,0.0,0.56083997677,0.0,0.0,0.0,0.56083997677,685.75325787,560.83997677,354.22211557
2024-05-10T10:00,3600,0.8245320444397739,0.7450280708,0.7450280708,0.0795039736397739,0.0,0.0,909.3608253,745.0280708,478.81575575
2024-05-10T11:00,3600,0.5747583665084197,0.69319945384,0.5747583665084197,0.0,0.0,0.11844108733158032,846.34465446,693.19945384,444.91960966
2024-05-10T12:00,3600,0.6132881681696463,0.77126202182,0.6132881681696463,0.0,0.0,0.15797385365035377,941.28614417,771.26202182,497.70950708
2024-05-10T13:00,3600,0.6049119179578022,0.62321259245,0.6049119179578022,0.0,0.0,0.018300674492197855,761.36929554,623.21259245,400.11951332
2024-05-10T14:00,3600,0.46973864753261735,0.13526742938,0.13526742938,0.3344712181526174,0.0,0.0,172.66124235,135.26742938,88.12050142
2024-05-10T15:00,3600,0.5663244146166622,0.46042234849,0.46042234849,0.10590206612666214,0.0,0.0,564.23952397,460.42234849,294.03179548
2024-05-10T16:00,3600,0.5447826555164746,0.38131924751,0.38131924751,0.16346340800647463,0.0,0.0,468.71281389,381.31924751,242.566624
2024-05-10T17:00,3600,0.4976534793699529,0.19989306658,0.19989306658,0.2977604127899529,0.0,0.0,250.26108561,199.89306658,128.19906577
2024-05-10T18:00,3600,0.0,0.02971247347,0.0,0.0,0.0,0.02971247347,46.15569202,29.71247347,23.27659417
2024-05-10T19:00,3600,0.0,0.0,0.0,0.0,0.0,0.0,0.0,0.0,0.0
2024-05-10T20:00,3600,0.0,0.0,0.0,0.0,0.0,0.0,0.0,0.0,0.0
2024-05-10T21:00,3600,0.0,0.0,0.0,0.0,0.0,0.0,0.0,0.0,0.0
2024-05-10T22:00,3600,0.0,0.0,0.0,0.0,0.0,0.0,0.0,0.0,0.0
2024-05-10T23:00,3600,0.0,0.0,0.0,0.0,0.0,0.0,0.0,0.0,0.0
2024-05-11T00:00,3600,0.0,0.0,0.0,0.0,0.0,0.0,0.0,0.0,0.0
2024-05-11T01:00,3600,0.0,0.0,0.0,0.0,0.0,0.0,0.0,0.0,0.0
2024-05-11T02:00,3600,0.0,0.0,0.0,0.0,0.0,0.0,0.0,0.0,0.0
2024-05-11T03:00,3600,0.0,0.0,0.0,0.0,0.0,0.0,0.0,0.0,0.0
2024-05-11T04:00,3600,0.0,0.0,0.0,0.0,0.0,0.0,0.0,0.0,0.0
2024-05-11T05:00,3600,0.0,0.0,0.0,0.0,0.0,0.0,1.94435068,0.0,0.96820194
2024-05-11T06:00,3600,0.0,0.06891995953,0.0,0.0,0.0,0.06891995953,93.11036326,68.91995953,46.711268
2024-05-11T07:00,3600,0.0,0.30329355564,0.0,0.0,0.0,0.30329355564,374.65429143,303.29355564,191.17389431
2024-05-11T08:00,3600,0.0,0.54581515675,0.0,0.0,0.0,0.54581515675,667.55431502,545.81515675,347.31941724
2024-05-11T09:00,3600,0.0,0.71049727327,0.0,0.0,0.0,0.71049727327,867.36799563,710.49727327,457.00496559
2024-05-11T10:00,3600,0.0,0.84321139381,0.0,0.0,0.0,0.84321139381,1028.94366758,843.21139381,551.00542427
2024-05-11T11:00,3600,0.0,1.05120421945,0.0,0.0,0.0,1.05120421945,1283.16755107,1051.20421945,696.6349562
2024-05-11T12:00,3600,0.0,1.00760367951,0.0,0.0,0.0,1.00760367951,1229.77412412,1007.60367951,666.44077631
2024-05-11T13:00,3600,0.0,1.06566561651,0.0,0.0,0.0,1.06566561651,1300.88902062,1065.66561651,711.13125347
2024-05-11T14:00,3600,0.0,0.7215966515600001,0.0,0.0,0.0,0.7215966515600001,880.86229742,721.59665156,470.54750003
2024-05-11T15:00,3600,0.0,0.5786930178699999,0.0,0.0,0.0,0.5786930178699999,707.38600591,578.69301787,371.87470878
2024-05-11T16:00,3600,0.0,0.49307424441000003,0.0,0.0,0.0,0.49307424441000003,603.72064232,493.07424441,315.02150651
2024-05-11T17:00,3600,0.0,0.18484968284000003,0.0,0.0,0.0,0.18484968284000003,232.1875775,184.84968284,119.41549342
2024-05-11T18:00,3600,0.0,0.019945045329999998,0.0,0.0,0.0,0.019945045329999998,34.46464431,19.94504533,17.47533203
2024-05-11T19:00,3600,0.0,0.0,0.0,0.0,0.0,0.0,0.0,0.0,0.0
2024-05-11T20:00,3600,0.0,0.0,0.0,0.0,0.0,0.0,0.0,0.0,0.0
2024-05-11T21:00,3600,0.0,0.0,0.0,0.0,0.0,0.0,0.0,0.0,0.0
2024-05-11T22:00,3600,0.0,0.0,0.0,0.0,0.0,0.0,0.0,0.0,0.0
2024-05-11T23:00,3600,0.0,0.0,0.0,0.0,0.0,0.0,0.0,0.0,0.0
2024-05-12T00:00,3600,0.0,0.0,0.0,0.0,0.0,0.0,0.0,0.0,0.0
2024-05-12T01:00,3600,0.0,0.0,0.0,0.0,0.0,0.0,0.0,0.0,0.0
2024-05-12T02:00,3600,0.0,0.0,0.0,0.0,0.0,0.0,0.0,0.0,0.0
2024-05-12T03:00,3600,0.0,0.0,0.0,0.0,0.0,0.0,0.0,0.0,0.0
2024-05-12T04:00,3600,0.0,0.0,0.0,0.0,0.0,0.0,0.0,0.0,0.0
2024-05-12T05:00,3600,0.0,0.0,0.0,0.0,0.0,0.0,0.0,0.0,0.0
2024-05-12T06:00,3600,0.0,0.0330972832,0.0,0.0,0.0,0.0330972832,50.20770633,33.0972832,25.1882169
2024-05-12T07:00,3600,0.0,0.16124782299,0.0,0.0,0.0,0.16124782299,203.84396003,161.24782299,103.1281515
2024-05-12T08:00,3600,0.0,0.34868598899000003,0.0,0.0,0.0,0.34868598899000003,429.35389012,348.68598899,220.22292165
2024-05-12T09:00,3600,0.0,0.6898772583799999,0.0,0.0,0.0,0.6898772583799999,842.30789437,689.87725838,442.03373618
2024-05-12T10:00,3600,0.0,0.85803361368,0.0,0.0,0.0,0.85803361368,1047.0199754,858.03361368,560.10185187
2024-05-12T11:00,3600,0.0,0.9865366175299999,0.0,0.0,0.0,0.9865366175299999,1203.99469366,986.53661753,651.97469312
2024-05-12T12:00,3600,0.0,0.91321935956,0.0,0.0,0.0,0.91321935956,1114.37571547,913.21935956,599.94625285
2024-05-12T13:00,3600,0.0,0.80591536787,0.0,0.0,0.0,0.80591536787,983.48695448,805.91536787,525.94985841
2024-05-12T14:00,3600,0.0,0.59348350147,0.0,0.0,0.0,0.59348350147,725.31448386,593.48350147,382.0777571
2024-05-12T15:00,3600,0.0,0.7057083564600001,0.0,0.0,0.0,0.7057083564600001,861.54683029,705.70835646,457.77305493
2024-05-12T16:00,3600,0.0,0.34865426636,0.0,0.0,0.0,0.34865426636,429.3156436,348.65426636,220.96937519
2024-05-12T17:00,3600,0.0,0.18288109958,0.0,0.0,0.0,0.18288109958,229.82292145,182.88109958,116.99716293
2024-05-12T18:00,3600,0.0,0.023403319369999998,0.0,0.0,0.0,0.023403319369999998,38.60370843,23.40331937,19.41968543
2024-05-12T19:00,3600,0.0,0.0,0.0,0.0,0.0,0.0,0.0,0.0,0.0
2024-05-12T20:00,3600,0.0,0.0,0.0,0.0,0.0,0.0,0.0,0.0,0.0
2024-05-12T21:00,3600,0.0,0.0,0.0,0.0,0.0,0.0,0.0,0.0,0.0
2024-05-12T22:00,3600,0.0,0.0,0.0,0.0,0.0,0.0,0.0,0.0,0.0
2024-05-12T23:00,3600,0.0,0.0,0.0,0.0,0.0,0.0,0.0,0.0,0.0
2024-05-13T00:00,3600,0.0,0.0,0.0,0.0,0.0,0.0,0.0,0.0,0.0
2024-05-13T01:00,3600,0.0,0.0,0.0,0.0,0.0,0.0,0.0,0.0,0.0
2024-05-13T02:00,3600,0.0,0.0,0.0,0.0,0.0,0.0,0.0,0.0,0.0
2024-05-13T03:00,3600,0.0,0.0,0.0,0.0,0.0,0.0,0.0,0.0,0.0
2024-05-13T04:00,3600,0.0,0.0,0.0,0.0,0.0,0.0,0.0,0.0,0.0
2024-05-13T05:00,3600,0.0,0.0,0.0,0.0,0.0,0.0,1.93893687,0.0,0.96820194
2024-05-13T06:00,3600,0.0,0.03402103629,0.0,0.0,0.0,0.03402103629,51.31360013,34.02103629,25.7570186
2024-05-13T07:00,3600,0.0,0.09234624538000001,0.0,0.0,0.0,0.09234624538000001,121.18512833,92.34624538,61.04864563
2024-05-13T08:00,3600,0.981775947418957,0.19035221858,0.19035221858,0.791423728838957,0.0,0.0,238.7977591,190.35221858,120.93102624
2024-05-13T09:00,3600,0.9511655114506918,0.36168674507,0.36168674507,0.5894787663806919,0.0,0.0,445.03060813,361.68674507,227.43427561
2024-05-13T10:00,3600,0.8883298729029007,0.5499206434599999,0.5499206434599999,0.33840922944290075,0.0,0.0,672.52650315,549.92064346,349.59477153
2024-05-13T11:00,3600,0.8782756600545756,0.87751161643,0.87751161643,0.0007640436245756055,0.0,0.0,1070.78361033,877.51161643,566.55302667
2024-05-13T12:00,3600,0.880904163515578,0.90675009574,0.880904163515578,0.0,0.0,0.025845932224421997,1106.47535056,906.75009574,588.11622349
2024-05-13T13:00,3600,0.886815301881028,1.02003653315,0.886815301881028,0.0,0.0,0.13322123126897212,1244.99393499,1020.03653315,670.93852207
2024-05-13T14:00,3600,0.902294298612324,0.85716841549,0.85716841549,0.04512588312232402,0.0,0.0,1045.96466059,857.16841549,559.29982269
2024-05-13T15:00,3600,0.9146143845601151,0.84139711297,0.84139711297,0.07321727159011515,0.0,0.0,1026.73150203,841.39711297,550.45577609
2024-05-13T16:00,3600,0.9266783259928493,0.56612202493,0.56612202493,0.3605563010628493,0.0,0.0,692.15266367,566.12202493,364.56076023
2024-05-13T17:00,3600,0.9202978511222177,0.28792689733,0.28792689733,0.6323709537922177,0.0,0.0,356.14955254,287.92689733,184.53130517
2024-05-13T18:00,3600,0.0,0.03623493347,0.0,0.0,0.0,0.03623493347,53.96411421,36.23493347,27.27659417
2024-05-13T19:00,3600,0.0,0.0,0.0,0.0,0.0,0.0,0.0,0.0,0.0
2024-05-13T20:00,3600,0.0,0.0,0.0,0.0,0.0,0.0,0.0,0.0,0.0
2024-05-13T21:00,3600,0.0,0.0,0.0,0.0,0.0,0.0,0.0,0.0,0.0
2024-05-13T22:00,3600,0.0,0.0,0.0,0.0,0.0,0.0,0.0,0.0,0.0
2024-05-13T23:00,3600,0.0,0.0,0.0,0.0,0.0,0.0,0.0,0.0,0.0
2024-05-14T00:00,3600,0.0,0.0,0.0,0.0,0.0,0.0,0.0,0.0,0.0
2024-05-14T01:00,3600,0.0,0.0,0.0,0.0,0.0,0.0,0.0,0.0,0.0
2024-05-14T02:00,3600,0.0,0.0,0.0,0.0,0.0,0.0,0.0,0.0,0.0
2024-05-14T03:00,3600,0.0,0.0,0.0,0.0,0.0,0.0,0.0,0.0,0.0
2024-05-14T04:00,3600,0.0,0.0,0.0,0.0,0.0,0.0,0.0,0.0,0.0
2024-05-14T05:00,3600,0.0,0.0,0.0,0.0,0.0,0.0,1.95112317,0.0,0.96820194
2024-05-14T06:00,3600,0.0,0.04670447959,0.0,0.0,0.0,0.04670447959,66.50019536,46.70447959,33.30740782
2024-05-14T07:00,3600,0.0,0.22433801212,0.0,0.0,0.0,0.22433801212,279.64286937,224.33801212,141.37102282
2024-05-14T08:00,3600,0.4993391475998616,0.49663291300999995,0.49663291300999995,0.0027062345898616336,0.0,0.0,608.02538333,496.63291301,312.7742867
2024-05-14T09:00,3600,0.5445955702049288,0.7733039099300001,0.5445955702049288,0.0,0.0,0.22870833972507132,943.7718207,773.30390993,496.021441
2024-05-14T10:00,3600,0.7090788627105971,1.01710547206,0.7090788627105971,0.0,0.0,0.30802660934940285,1241.40544873,1017.10547206,675.42041057
2024-05-14T11:00,3600,0.7184776618868125,1.0604184504299998,0.7184776618868125,0.0,0.0,0.3419407885431873,1294.45828112,1060.41845043,706.92150835
2024-05-14T12:00,3600,0.7623578522275429,1.20727172749,0.7623578522275429,0.0,0.0,0.44491387526245707,1474.7344321,1207.27172749,817.74583189
2024-05-14T13:00,3600,0.7951969359066652,1.1712452356199998,0.7951969359066652,0.0,0.0,0.37604829971333464,1430.45117909,1171.24523562,800.38069776
2024-05-14T14:00,3600,0.7827126713049505,1.08892402069,0.7827126713049505,0.0,0.0,0.30621134938504946,1329.40316587,1088.92402069,741.31638582
2024-05-14T15:00,3600,0.6767231379709611,0.8157369023,0.6767231379709611,0.0,0.0,0.1390137643290389,995.45373415,815.7369023,542.60446829
2024-05-14T16:00,3600,0.6017081085687334,0.58122919585,0.58122919585,0.020478912718733366,0.0,0.0,710.45983774,581.22919585,380.78005959
2024-05-14T17:00,3600,0.49982788052633703,0.27455218168,0.27455218168,0.22527569884633702,0.0,0.0,340.048744,274.55218168,178.00697008
2024-05-14T18:00,3600,0.0,0.03291214126,0.0,0.0,0.0,0.03291214126,49.98606183,32.91214126,25.37993786
2024-05-14T19:00,3600,0.0,0.0,0.0,0.0,0.0,0.0,0.0,0.0,0.0
2024-05-14T20:00,3600,0.0,0.0,0.0,0.0,0.0,0.0,0.0,0.0,0.0
2024-05-14T21:00,3600,0.0,0.0,0.0,0.0,0.0,0.0,0.0,0.0,0.0
2024-05-14T22:00,3600,0.0,0.0,0.0,0.0,0.0,0.0,0.0,0.0,0.0
2024-05-14T23:00,3600,0.0,0.0,0.0,0.0,0.0,0.0,0.0,0.0,0.0
2024-05-15T00:00,3600,0.0,0.0,0.0,0.0,0.0,0.0,0.0,0.0,0.0
2024-05-15T01:00,3600,0.0,0.0,0.0,0.0,0.0,0.0,0.0,0.0,0.0
2024-05-15T02:00,3600,0.0,0.0,0.0,0.0,0.0,0.0,0.0,0.0,0.0
2024-05-15T03:00,3600,0.0,0.0,0.0,0.0,0.0,0.0,0.0,0.0,0.0
2024-05-15T04:00,3600,0.0,0.0,0.0,0.0,0.0,0.0,0.0,0.0,0.0
2024-05-15T05:00,3600,0.0,0.0,0.0,0.0,0.0,0.0,1.96535927,0.0,0.96820194
2024-05-15T06:00,3600,0.0,0.0711427796,0.0,0.0,0.0,0.0711427796,95.77362835,71.1427796,47.78065474
2024-05-15T07:00,3600,0.0,0.36443617764999997,0.0,0.0,0.0,0.36443617764999997,448.34654909,364.43617765,228.35889201
2024-05-15T08:00,3600,0.0,0.68283371136,0.0,0.0,0.0,0.68283371136,833.75038043,682.83371136,435.2958037
2024-05-15T09:00,3600,0.6538779704368557,0.95905907957,0.6538779704368557,0.0,0.0,0.30518110913314433,1170.38981231,959.05907957,625.80794356
2024-05-15T10:00,3600,0.7570781818143136,1.1597271571799999,0.7570781818143136,0.0,0.0,0.4026489753656862,1416.30120596,1159.72715718,785.01018101
2024-05-15T11:00,3600,0.8168247834203408,1.23256598409,0.8168247834203408,0.0,0.0,0.41574120066965925,1505.84814664,1232.56598409,842.73069581
2024-05-15T12:00,3600,0.8545835063690196,1.28141487702,0.8545835063690196,0.0,0.0,0.4268313706509804,1565.98809783,1281.41487702,881.19787225
2024-05-15T13:00,3600,0.8343128773748784,1.06330570851,0.8343128773748784,0.0,0.0,0.2289928311351216,1297.99670428,1063.30570851,719.26964892
2024-05-15T14:00,3600,0.7646021969555633,0.9085951637399999,0.7646021969555633,0.0,0.0,0.14399296678443663,1108.72845554,908.59516374,605.83109067
2024-05-15T15:00,3600,0.6814431237016149,0.6399586989,0.6399586989,0.04148442480161485,0.0,0.0,781.68939803,639.9586989,418.18871152
2024-05-15T16:00,3600,0.5701475257555608,0.42570145609,0.42570145609,0.14444606966556084,0.0,0.0,522.28872271,425.70145609,275.71765009
2024-05-15T17:00,3600,0.5168448679088369,0.23873354327000001,0.23873354327000001,0.27811132463883687,0.0,0.0,296.95322261,238.73354327,154.97675123
2024-05-15T18:00,3600,0.0,0.04212602929,0.0,0.0,0.0,0.04212602929,61.01766678,42.12602929,31.05400776
2024-05-15T19:00,3600,0.0,0.0,0.0,0.0,0.0,0.0,0.0,0.0,0.0
2024-05-15T20:00,3600,0.0,0.0,0.0,0.0,0.0,0.0,0.0,0.0,0.0
2024-05-15T21:00,3600,0.0,0.0,0.0,0.0,0.0,0.0,0.0,0.0,0.0
2024-05-15T22:00,3600,0.0,0.0,0.0,0.0,0.0,0.0,0.0,0.0,0.0
2024-05-15T23:00,3600,0.0,0.0,0.0,0.0,0.0,0.0,0.0,0.0,0.0
2024-05-16T00:00,3600,0.0,0.0,0.0,0.0,0.0,0.0,0.0,0.0,0.0
2024-05-16T01:00,3600,0.0,0.0,0.0,0.0,0.0,0.0,0.0,0.0,0.0
2024-05-16T02:00,3600,0.0,0.0,0.0,0.0,0.0,0.0,0.0,0.0,0.0
2024-05-16T03:00,3600,0.0,0.0,0.0,0.0,0.0,0.0,0.0,0.0,0.0
2024-05-16T04:00,3600,0.0,0.0,0.0,0.0,0.0,0.0,0.0,0.0,0.0
2024-05-16T05:00,3600,0.0,0.0,0.0,0.0,0.0,0.0,1.95654723,0.0,0.96820194
2024-05-16T06:00,3600,0.0,0.054407280509999996,0.0,0.0,0.0,0.054407280509999996,75.72528137,54.40728051,37.92792603
2024-05-16T07:00,3600,0.0,0.27798872144,0.0,0.0,0.0,0.27798872144,344.18527202,277.98872144,174.71139548
2024-05-16T08:00,3600,0.0,0.64931375195,0.0,0.0,0.0,0.64931375195,793.04441621,649.31375195,413.2811167
2024-05-16T09:00,3600,0.7471546046111102,0.8267550019100001,0.7471546046111102,0.0,0.0,0.0796003972988899,1008.88165955,826.75500191,534.12307105
2024-05-16T10:00,3600,0.6310063313094635,0.92073965008,0.6310063313094635,0.0,0.0,0.28973331877053654,1123.56109748,920.73965008,609.51818238
2024-05-16T11:00,3600,0.6055884581675928,0.9148780692899999,0.6055884581675928,0.0,0.0,0.30928961112240716,1116.40154796,914.87806929,605.20885238
2024-05-16T12:00,3600,0.5843301668700968,0.87986312996,0.5843301668700968,0.0,0.0,0.2955329630899033,1073.65323724,879.86312996,580.38907998
2024-05-16T13:00,3600,0.6399791298498368,0.9980622228800001,0.6399791298498368,0.0,0.0,0.3580830930301633,1218.0968311,998.06222288,669.09638019
2024-05-16T14:00,3600,0.6022501588235294,0.8773312176299999,0.6022501588235294,0.0,0.0,0.2750810588064705,1070.56347037,877.33121763,583.8139769
2024-05-16T15:00,3600,0.5875148705882354,0.8021791993299999,0.5875148705882354,0.0,0.0,0.21466432874176455,978.935433,802.17919933,530.5042538
2024-05-16T16:00,3600,0.513003860095663,0.5705638932299999,0.513003860095663,0.0,0.0,0.057560033134336885,697.53475509,570.56389323,370.45104801
2024-05-16T17:00,3600,0.42145709341928245,0.27359244105,0.27359244105,0.14786465236928242,0.0,0.0,338.89357104,273.59244105,176.13029111
2024-05-16T18:00,3600,0.0,0.03314666133,0.0,0.0,0.0,0.03314666133,50.26682001,33.14666133,25.4037864
2024-05-16T19:00,3600,0.0,0.0,0.0,0.0,0.0,0.0,0.0,0.0,0.0
2024-05-16T20:00,3600,0.0,0.0,0.0,0.0,0.0,0.0,0.0,0.0,0.0
2024-05-16T21:00,3600,0.0,0.0,0.0,0.0,0.0,0.0,0.0,0.0,0.0
2024-05-16T22:00,3600,0.0,0.0,0.0,0.0,0.0,0.0,0.0,0.0,0.0
2024-05-16T23:00,3600,0.0,0.0,0.0,0.0,0.0,0.0,0.0,0.0,0.0
2024-05-17T00:00,3600,0.0,0.0,0.0,0.0,0.0,0.0,0.0,0.0,0.0
2024-05-17T01:00,3600,0.0,0.0,0.0,0.0,0.0,0.0,0.0,0.0,0.0
2024-05-17T02:00,3600,0.0,0.0,0.0,0.0,0.0,0.0,0.0,0.0,0.0
2024-05-17T03:00,3600,0.0,0.0,0.0,0.0,0.0,0.0,0.0,0.0,0.0
2024-05-17T04:00,3600,0.0,0.0,0.0,0.0,0.0,0.0,0.0,0.0,0.0
2024-05-17T05:00,3600,0.0,0.0,0.0,0.0,0.0,0.0,1.96264726,0.0,0.96820194
2024-05-17T06:00,3600,0.0,0.06054619226999999,0.0,0.0,0.0,0.06054619226999999,83.07854352,60.54619227,41.49951493
2024-05-17T07:00,3600,0.0,0.30008336162000004,0.0,0.0,0.0,0.30008336162000004,370.78800334,300.08336162,187.98716901
2024-05-17T08:00,3600,0.0,0.5932126668900001,0.0,0.0,0.0,0.5932126668900001,724.98613383,593.21266689,374.40154253
2024-05-17T09:00,3600,0.0,0.69092082779,0.0,0.0,0.0,0.69092082779,843.57589001,690.92082779,439.77800189
2024-05-17T10:00,3600,0.934053053273871,0.7950681823899999,0.7950681823899999,0.13898487088387113,0.0,0.0,970.27364373,795.06818239,517.788038
2024-05-17T11:00,3600,0.6297437738586625,0.8151644691200001,0.6297437738586625,0.0,0.0,0.18542069526133753,994.7561943,815.16446912,534.04962274
2024-05-17T12:00,3600,0.6052220048934097,0.76626101396,0.6052220048934097,0.0,0.0,0.1610390090665903,935.19869927,766.26101396,499.45118526
2024-05-17T13:00,3600,0.6547131531595437,0.8313473781599999,0.6547131531595437,0.0,0.0,0.17663422500045622,1014.47946533,831.34737816,543.98470236
2024-05-17T14:00,3600,0.5043006755832796,0.33692615623,0.33692615623,0.16737451935327963,0.0,0.0,415.17747575,336.92615623,215.48314711
2024-05-17T15:00,3600,0.5455847981579283,0.50797620838,0.50797620838,0.03760858977792825,0.0,0.0,621.74911486,507.97620838,326.75630665
2024-05-17T16:00,3600,0.4290299748956566,0.13176333586000002,0.13176333586000002,0.29726663903565653,0.0,0.0,168.45687331,131.76333586,85.7597067
2024-05-17T17:00,3600,0.42147615361064716,0.06573566263,0.06573566263,0.3557404909806472,0.0,0.0,89.29533741,65.73566263,45.20275071
2024-05-17T18:00,3600,0.0,0.02341552653,0.0,0.0,0.0,0.02341552653,38.61831923,23.41552653,19.38788737
2024-05-17T19:00,3600,0.0,0.0,0.0,0.0,0.0,0.0,0.0,0.0,0.0
2024-05-17T20:00,3600,0.0,0.0,0.0,0.0,0.0,0.0,0.0,0.0,0.0
2024-05-17T21:00,3600,0.0,0.0,0.0,0.0,0.0,0.0,0.0,0.0,0.0
2024-05-17T22:00,3600,0.0,0.0,0.0,0.0,0.0,0.0,0.0,0.0,0.0
2024-05-17T23:00,3600,0.0,0.0,0.0,0.0,0.0,0.0,0.0,0.0,0.0
2024-05-18T00:00,3600,0.0,0.0,0.0,0.0,0.0,0.0,0.0,0.0,0.0
2024-05-18T01:00,3600,0.0,0.0,0.0,0.0,0.0,0.0,0.0,0.0,0.0
2024-05-18T02:00,3600,0.0,0.0,0.0,0.0,0.0,0.0,0.0,0.0,0.0
2024-05-18T03:00,3600,0.0,0.0,0.0,0.0,0.0,0.0,0.0,0.0,0.0
2024-05-18T04:00,3600,0.0,0.0,0.0,0.0,0.0,0.0,0.0,0.0,0.0
2024-05-18T05:00,3600,0.0,0.0,0.0,0.0,0.0,0.0,1.9531627,0.0,0.96820194
2024-05-18T06:00,3600,0.0,0.01909661574,0.0,0.0,0.0,0.01909661574,33.44924287,19.09661574,16.646251
2024-05-18T07:00,3600,0.0,0.056022039659999995,0.0,0.0,0.0,0.056022039659999995,77.65936184,56.02203966,38.72807766
2024-05-18T08:00,3600,0.0,0.06896693261999999,0.0,0.0,0.0,0.06896693261999999,93.16664257,68.96693262,46.47369319
2024-05-18T09:00,3600,0.0,0.19205877022999998,0.0,0.0,0.0,0.19205877022999998,240.84800058,192.05877023,120.82083437
2024-05-18T10:00,3600,0.0,0.24398467393000003,0.0,0.0,0.0,0.24398467393000003,303.26899985,243.98467393,153.43053254
2024-05-18T11:00,3600,0.0,0.20715816283,0.0,0.0,0.0,0.20715816283,258.99174055,207.15816283,130.70726209
2024-05-18T12:00,3600,0.0,0.33248612327000004,0.0,0.0,0.0,0.33248612327000004,409.82601763,332.48612327,208.06587634
2024-05-18T13:00,3600,0.0,0.40439437932,0.0,0.0,0.0,0.40439437932,496.56121008,404.39437932,253.91218551
2024-05-18T14:00,3600,0.0,0.41346790456000004,0.0,0.0,0.0,0.41346790456000004,507.51564243,413.46790456,259.7365165
2024-05-18T15:00,3600,0.0,0.26536080873,0.0,0.0,0.0,0.26536080873,328.98675186,265.36080873,167.39271144
2024-05-18T16:00,3600,0.0,0.14164953079,0.0,0.0,0.0,0.14164953079,180.31962049,141.64953079,90.8584449
2024-05-18T17:00,3600,0.0,0.05674934425,0.0,0.0,0.0,0.05674934425,78.53051484,56.74934425,39.39317727
2024-05-18T18:00,3600,0.0,0.015611271860000001,0.0,0.0,0.0,0.015611271860000001,29.27818053,15.61127186,14.53097864
2024-05-18T19:00,3600,0.0,0.0,0.0,0.0,0.0,0.0,0.0,0.0,0.0
2024-05-18T20:00,3600,0.0,0.0,0.0,0.0,0.0,0.0,0.0,0.0,0.0
2024-05-18T21:00,3600,0.0,0.0,0.0,0.0,0.0,0.0,0.0,0.0,0.0
2024-05-18T22:00,3600,0.0,0.0,0.0,0.0,0.0,0.0,0.0,0.0,0.0
2024-05-18T23:00,3600,0.0,0.0,0.0,0.0,0.0,0.0,0.0,0.0,0.0
2024-05-19T00:00,3600,0.0,0.0,0.0,0.0,0.0,0.0,0.0,0.0,0.0
2024-05-19T01:00,3600,0.0,0.0,0.0,0.0,0.0,0.0,0.0,0.0,0.0
2024-05-19T02:00,3600,0.0,0.0,0.0,0.0,0.0,0.0,0.0,0.0,0.0
2024-05-19T03:00,3600,0.0,0.0,0.0,0.0,0.0,0.0,0.0,0.0,0.0
2024-05-19T04:00,3600,0.0,0.0,0.0,0.0,0.0,0.0,0.0,0.0,0.0
2024-05-19T05:00,3600,0.0,0.0,0.0,0.0,0.0,0.0,1.95451784,0.0,0.96820194
2024-05-19T06:00,3600,0.0,0.045740525239999996,0.0,0.0,0.0,0.045740525239999996,65.34584848,45.74052524,32.51007627
2024-05-19T07:00,3600,0.0,0.12310820760999999,0.0,0.0,0.0,0.12310820760999999,158.07347119,123.10820761,79.13599998
2024-05-19T08:00,3600,0.0,0.24695867712,0.0,0.0,0.0,0.24695867712,306.84630103,246.95867712,154.85735846
2024-05-19T09:00,3600,0.0,0.1792804945,0.0,0.0,0.0,0.1792804945,225.49815554,179.2804945,113.41213062
2024-05-19T10:00,3600,0.0,0.34784450980000003,0.0,0.0,0.0,0.34784450980000003,428.33936664,347.8445098,217.43177191
2024-05-19T11:00,3600,0.0,0.37578372054,0.0,0.0,0.0,0.37578372054,462.03438076,375.78372054,235.027072
2024-05-19T12:00,3600,0.0,0.41232410446,0.0,0.0,0.0,0.41232410446,506.1346131,412.32410446,258.13703503
2024-05-19T13:00,3600,0.0,0.23270740133,0.0,0.0,0.0,0.23270740133,289.70622077,232.70740133,146.11573761
2024-05-19T14:00,3600,0.0,0.24087371552,0.0,0.0,0.0,0.24087371552,299.52721669,240.87371552,150.96403758
2024-05-19T15:00,3600,0.0,0.14274217075,0.0,0.0,0.0,0.14274217075,181.63087336,142.74217075,90.9568791
2024-05-19T16:00,3600,0.0,0.09626693402,0.0,0.0,0.0,0.09626693402,125.88523181,96.26693402,62.77985215
2024-05-19T17:00,3600,0.0,0.04806950401,0.0,0.0,0.0,0.04806950401,68.13487081,48.06950401,33.88706795
2024-05-19T18:00,3600,0.0,0.0074349863500000005,0.0,0.0,0.0,0.0074349863500000005,19.49453238,7.43498635,9.68201941
2024-05-19T19:00,3600,0.0,0.0,0.0,0.0,0.0,0.0,0.0,0.0,0.0
2024-05-19T20:00,3600,0.0,0.0,0.0,0.0,0.0,0.0,0.0,0.0,0.0
2024-05-19T21:00,3600,0.0,0.0,0.0,0.0,0.0,0.0,0.0,0.0,0.0
2024-05-19T22:00,3600,0.0,0.0,0.0,0.0,0.0,0.0,0.0,0.0,0.0
2024-05-19T23:00,3600,0.0,0.0,0.0,0.0,0.0,0.0,0.0,0.0,0.0
2024-05-20T00:00,3600,0.0,0.0,0.0,0.0,0.0,0.0,0.0,0.0,0.0
2024-05-20T01:00,3600,0.0,0.0,0.0,0.0,0.0,0.0,0.0,0.0,0.0
2024-05-20T02:00,3600,0.0,0.0,0.0,0.0,0.0,0.0,0.0,0.0,0.0
2024-05-20T03:00,3600,0.0,0.0,0.0,0.0,0.0,0.0,0.0,0.0,0.0
2024-05-20T04:00,3600,0.0,0.0,0.0,0.0,0.0,0.0,0.0,0.0,0.0
2024-05-20T05:00,3600,0.0,0.0,0.0,0.0,0.0,0.0,0.0,0.0,0.0
2024-05-20T06:00,3600,0.0,0.00611768157,0.0,0.0,0.0,0.00611768157,17.91842703,6.11768157,8.89783722
2024-05-20T07:00,3600,0.0,0.06746873119,0.0,0.0,0.0,0.06746873119,91.37164961,67.46873119,45.50549124
2024-05-20T08:00,3600,0.0,0.09139082218000001,0.0,0.0,0.0,0.09139082218000001,120.03983365,91.39082218,59.9079308
2024-05-20T09:00,3600,0.0,0.18849861983,0.0,0.0,0.0,0.18849861983,236.57094485,188.49861983,118.73221614
2024-05-20T10:00,3600,0.0,0.23876310444999996,0.0,0.0,0.0,0.23876310444999996,296.98877512,238.76310445,150.00529779
2024-05-20T11:00,3600,0.0,0.24964480288,0.0,0.0,0.0,0.24964480288,310.07753208,249.64480288,156.76021715
2024-05-20T12:00,3600,0.0,0.17262697143,0.0,0.0,0.0,0.17262697143,217.50737985,172.62697143,109.38691585
2024-05-20T13:00,3600,0.0,0.24666003483,0.0,0.0,0.0,0.24666003483,306.48706621,246.66003483,154.85747895
2024-05-20T14:00,3600,0.3568248726203139,0.06698703214,0.06698703214,0.2898378404803139,0.0,0.0,90.7945394,66.98703214,45.42917832
2024-05-20T15:00,3600,0.36064075280408386,0.08970763940000001,0.08970763940000001,0.2709331134040839,0.0,0.0,118.02221094,89.7076394,59.06031842
2024-05-20T16:00,3600,0.3659746298224423,0.042969939590000006,0.042969939590000006,0.32300469023244227,0.0,0.0,62.02817684,42.96993959,30.98246212
2024-05-20T17:00,3600,0.34665483145656006,0.020337379620000002,0.020337379620000002,0.3263174518365601,0.0,0.0,34.93419687,20.33737962,17.42763494
2024-05-20T18:00,3600,0.0,0.0008941102100000001,0.0,0.0,0.0,0.0008941102100000001,11.66907541,0.89411021,5.80921165
2024-05-20T19:00,3600,0.0,0.0,0.0,0.0,0.0,0.0,0.0,0.0,0.0
2024-05-20T20:00,3600,0.0,0.0,0.0,0.0,0.0,0.0,0.0,0.0,0.0
2024-05-20T21:00,3600,0.0,0.0,0.0,0.0,0.0,0.0,0.0,0.0,0.0
2024-05-20T22:00,3600,0.0,0.0,0.0,0.0,0.0,0.0,0.0,0.0,0.0
2024-05-20T23:00,3600,0.0,0.0,0.0,0.0,0.0,0.0,0.0,0.0,0.0
2024-05-21T00:00,3600,0.0,0.0,0.0,0.0,0.0,0.0,0.0,0.0,0.0
2024-05-21T01:00,3600,0.0,0.0,0.0,0.0,0.0,0.0,0.0,0.0,0.0
2024-05-21T02:00,3600,0.0,0.0,0.0,0.0,0.0,0.0,0.0,0.0,0.0
2024-05-21T03:00,3600,0.0,0.0,0.0,0.0,0.0,0.0,0.0,0.0,0.0
2024-05-21T04:00,3600,0.0,0.0,0.0,0.0,0.0,0.0,0.0,0.0,0.0
2024-05-21T05:00,3600,0.0,0.0,0.0,0.0,0.0,0.0,0.0,0.0,0.0
2024-05-21T06:00,3600,0.0,0.00739601342,0.0,0.0,0.0,0.00739601342,19.44790208,7.39601342,9.68201941
2024-05-21T07:00,3600,0.0,0.025239265060000002,0.0,0.0,0.0,0.025239265060000002,40.80120465,25.23926506,20.33224077
2024-05-21T08:00,3600,0.0,0.09282112485999999,0.0,0.0,0.0,0.09282112485999999,121.75438978,92.82112486,60.87469186
2024-05-21T09:00,3600,0.0,0.13120766815999999,0.0,0.0,0.0,0.13120766815999999,167.79018844,131.20766816,84.16135936
2024-05-21T10:00,3600,0.0,0.14995288516,0.0,0.0,0.0,0.14995288516,190.28509415,149.95288516,95.8519922
2024-05-21T11:00,3600,0.0,0.31199303682,0.0,0.0,0.0,0.31199303682,385.13316269,311.99303682,195.48214756
2024-05-21T12:00,3600,0.609775982565949,0.51154741374,0.51154741374,0.09822856882594899,0.0,0.0,626.07048405,511.54741374,321.33291158
2024-05-21T13:00,3600,0.504979472507496,0.36034553916,0.36034553916,0.14463393334749597,0.0,0.0,443.41312736,360.34553916,227.02087056
2024-05-21T14:00,3600,0.48066055048224854,0.25730160382999995,0.25730160382999995,0.2233589466522486,0.0,0.0,319.28922539,257.30160383,162.57851798
2024-05-21T15:00,3600,0.4798258273153979,0.24585223976,0.24585223976,0.2339735875553979,0.0,0.0,305.51538697,245.85223976,155.35989862
2024-05-21T16:00,3600,0.4870468991109527,0.246317696,0.246317696,0.24072920311095272,0.0,0.0,306.07527207,246.317696,155.82946029
2024-05-21T17:00,3600,0.4302757421627843,0.07097083204,0.07097083204,0.3593049101227843,0.0,0.0,95.5676052,70.97083204,48.14247144
2024-05-21T18:00,3600,0.0,0.03319260888,0.0,0.0,0.0,0.03319260888,50.32182677,33.19260888,25.21299805
2024-05-21T19:00,3600,0.0,0.0,0.0,0.0,0.0,0.0,0.0,0.0,0.0
2024-05-21T20:00,3600,0.0,0.0,0.0,0.0,0.0,0.0,0.0,0.0,0.0
2024-05-21T21:00,3600,0.0,0.0,0.0,0.0,0.0,0.0,0.0,0.0,0.0
2024-05-21T22:00,3600,0.0,0.0,0.0,0.0,0.0,0.0,0.0,0.0,0.0
2024-05-21T23:00,3600,0.0,0.0,0.0,0.0,0.0,0.0,0.0,0.0,0.0
2024-05-22T00:00,3600,0.0,0.0,0.0,0.0,0.0,0.0,0.0,0.0,0.0
2024-05-22T01:00,3600,0.0,0.0,0.0,0.0,0.0,0.0,0.0,0.0,0.0
2024-05-22T02:00,3600,0.0,0.0,0.0,0.0,0.0,0.0,0.0,0.0,0.0
2024-05-22T03:00,3600,0.0,0.0,0.0,0.0,0.0,0.0,0.0,0.0,0.0
2024-05-22T04:00,3600,0.0,0.0,0.0,0.0,0.0,0.0,0.0,0.0,0.0
2024-05-22T05:00,3600,0.0,0.0,0.0,0.0,0.0,0.0,1.94638356,0.0,0.96820194
2024-05-22T06:00,3600,0.0,0.027604435769999998,0.0,0.0,0.0,0.027604435769999998,43.63227773,27.60443577,21.83324264
2024-05-22T07:00,3600,0.0,0.17117013756,0.0,0.0,0.0,0.17117013756,215.75790426,171.17013756,108.85562114
2024-05-22T08:00,3600,0.0,0.38132252454000004,0.0,0.0,0.0,0.38132252454000004,468.71676777,381.32252454,240.19175884
2024-05-22T09:00,3600,0.0,0.71202134584,0.0,0.0,0.0,0.71202134584,869.22071534,712.02134584,455.88613466
2024-05-22T10:00,3600,1.071386592117738,0.70654756156,0.70654756156,0.3648390305577379,0.0,0.0,862.56687942,706.54756156,457.85477396
2024-05-22T11:00,3600,0.7936766113925068,0.8040268128400001,0.7936766113925068,0.0,0.0,0.010350201447493323,981.18620665,804.02681284,525.09857985
2024-05-22T12:00,3600,0.7643293836778327,0.76961771134,0.7643293836778327,0.0,0.0,0.005288327662167358,939.28454049,769.61771134,502.53073729
2024-05-22T13:00,3600,0.7584885268767748,0.67197400671,0.67197400671,0.08651452016677486,0.0,0.0,820.55915378,671.97400671,439.09643758
2024-05-22T14:00,3600,0.6730951347652996,0.40664816619,0.40664816619,0.2664469685752996,0.0,0.0,499.28198851,406.64816619,262.20901407
2024-05-22T15:00,3600,0.7173577977624809,0.50573043269,0.50573043269,0.21162736507248092,0.0,0.0,619.03177336,505.73043269,327.87297291
2024-05-22T16:00,3600,0.6491766423770079,0.34912137264,0.34912137264,0.3000552697370079,0.0,0.0,429.87881491,349.12137264,224.31911054
2024-05-22T17:00,3600,0.5961177470588235,0.17857740319,0.17857740319,0.41754034386882344,0.0,0.0,224.65369779,178.57740319,115.53396445
2024-05-22T18:00,3600,0.0,0.032663288299999996,0.0,0.0,0.0,0.032663288299999996,49.68814648,32.6632883,25.22094756
2024-05-22T19:00,3600,0.0,0.0,0.0,0.0,0.0,0.0,0.0,0.0,0.0
2024-05-22T20:00,3600,0.0,0.0,0.0,0.0,0.0,0.0,0.0,0.0,0.0
2024-05-22T21:00,3600,0.0,0.0,0.0,0.0,0.0,0.0,0.0,0.0,0.0
2024-05-22T22:00,3600,0.0,0.0,0.0,0.0,0.0,0.0,0.0,0.0,0.0
2024-05-22T23:00,3600,0.0,0.0,0.0,0.0,0.0,0.0,0.0,0.0,0.0
2024-05-23T00:00,3600,0.0,0.0,0.0,0.0,0.0,0.0,0.0,0.0,0.0
2024-05-23T01:00,3600,0.0,0.0,0.0,0.0,0.0,0.0,0.0,0.0,0.0
2024-05-23T02:00,3600,0.0,0.0,0.0,0.0,0.0,0.0,0.0,0.0,0.0
2024-05-23T03:00,3600,0.0,0.0,0.0,0.0,0.0,0.0,0.0,0.0,0.0
2024-05-23T04:00,3600,0.0,0.0,0.0,0.0,0.0,0.0,0.0,0.0,0.0
2024-05-23T05:00,3600,0.0,0.0,0.0,0.0,0.0,0.0,1.93688845,0.0,0.96820194
2024-05-23T06:00,3600,0.0,0.04701055147,0.0,0.0,0.0,0.04701055147,66.86672528,47.01055147,33.61803997
2024-05-23T07:00,3600,0.0,0.14260883811,0.0,0.0,0.0,0.14260883811,181.47086212,142.60883811,91.75763546
2024-05-23T08:00,3600,0.49648653113722674,0.13297450283,0.13297450283,0.36351202830722673,0.0,0.0,169.91004871,132.97450283,85.79496843
2024-05-23T09:00,3600,0.4749374735294118,0.16326168608,0.16326168608,0.3116757874494118,0.0,0.0,206.26183642,163.26168608,104.25902774
2024-05-23T10:00,3600,0.57691545,0.39529709066999996,0.39529709066999996,0.18161835933000003,0.0,0.0,485.58034455,395.29709067,250.16346813
2024-05-23T11:00,3600,0.5627316382352942,0.31628654,0.31628654,0.24644509823529415,0.0,0.0,390.30561473,316.28654,200.33233372
2024-05-23T12:00,3600,0.6040478205882353,0.43421597127,0.43421597127,0.16983184931823525,0.0,0.0,532.57315684,434.21597127,275.61713889
2024-05-23T13:00,3600,0.7608750588235293,0.82702991335,0.7608750588235293,0.0,0.0,0.06615485452647063,1009.21674191,827.02991335,538.4582812
2024-05-23T14:00,3600,0.688974332352941,0.57919506736,0.57919506736,0.109779264992941,0.0,0.0,707.99447263,579.19506736,372.06349529
2024-05-23T15:00,3600,0.6774816911764705,0.5174900357400001,0.5174900357400001,0.15999165543647043,0.0,0.0,633.26218464,517.49003574,331.43014314
2024-05-23T16:00,3600,0.581503744117647,0.22740415664,0.22740415664,0.354099587477647,0.0,0.0,283.32938143,227.40415664,145.28593724
2024-05-23T17:00,3600,0.4638794952528221,0.050497793049999996,0.050497793049999996,0.4133817022028221,0.0,0.0,71.04297412,50.49779305,35.87522844
2024-05-23T18:00,3600,0.0,0.010601275129999999,0.0,0.0,0.0,0.010601275129999999,23.28306584,10.60127513,11.65022136
2024-05-23T19:00,3600,0.0,0.0,0.0,0.0,0.0,0.0,0.0,0.0,0.0
2024-05-23T20:00,3600,0.0,0.0,0.0,0.0,0.0,0.0,0.0,0.0,0.0
2024-05-23T21:00,3600,0.0,0.0,0.0,0.0,0.0,0.0,0.0,0.0,0.0
2024-05-23T22:00,3600,0.0,0.0,0.0,0.0,0.0,0.0,0.0,0.0,0.0
2024-05-23T23:00,3600,0.0,0.0,0.0,0.0,0.0,0.0,0.0,0.0,0.0
2024-05-24T00:00,3600,0.0,0.0,0.0,0.0,0.0,0.0,0.0,0.0,0.0
2024-05-24T01:00,3600,0.0,0.0,0.0,0.0,0.0,0.0,0.0,0.0,0.0
2024-05-24T02:00,3600,0.0,0.0,0.0,0.0,0.0,0.0,0.0,0.0,0.0
2024-05-24T03:00,3600,0.0,0.0,0.0,0.0,0.0,0.0,0.0,0.0,0.0
2024-05-24T04:00,3600,0.0,0.0,0.0,0.0,0.0,0.0,0.0,0.0,0.0
2024-05-24T05:00,3600,0.0,0.0,0.0,0.0,0.0,0.0,1.94231711,0.0,0.96820194
2024-05-24T06:00,3600,0.0,0.045446644419999994,0.0,0.0,0.0,0.045446644419999994,64.99392761,45.44664442,32.63519208
2024-05-24T07:00,3600,0.0,0.19607656087,0.0,0.0,0.0,0.19607656087,245.67526093,196.07656087,124.49419
2024-05-24T08:00,3600,0.0,0.34250467658,0.0,0.0,0.0,0.34250467658,421.90188296,342.50467658,215.93092307
2024-05-24T09:00,3600,0.6888394156752046,0.47283233446,0.47283233446,0.21600708121520457,0.0,0.0,579.241643,472.83233446,299.24214789
2024-05-24T10:00,3600,0.7338199147058826,0.73674579783,0.7338199147058826,0.0,0.0,0.0029258831241174565,899.28573645,736.74579783,476.31685246
2024-05-24T11:00,3600,0.7630919794117647,0.8122644839100001,0.7630919794117647,0.0,0.0,0.0491725044982354,991.22255163,812.26448391,528.23984233
2024-05-24T12:00,3600,0.6598787500000002,0.47772498062,0.47772498062,0.18215376938000016,0.0,0.0,585.15740021,477.72498062,305.23664051
2024-05-24T13:00,3600,0.7200000823529412,0.64160884509,0.64160884509,0.07839123726294117,0.0,0.0,783.69214346,641.60884509,413.31987208
2024-05-24T14:00,3600,0.642264794117647,0.37663838677,0.37663838677,0.26562640734764703,0.0,0.0,463.06545324,376.63838677,240.21010432
2024-05-24T15:00,3600,0.6028015529411763,0.26023853864,0.26023853864,0.3425630143011763,0.0,0.0,322.82299386,260.23853864,166.18326139
2024-05-24T16:00,3600,0.6001213970588236,0.26591742518,0.26591742518,0.3342039718788236,0.0,0.0,329.65658534,265.91742518,169.46837766
2024-05-24T17:00,3600,0.52953315,0.07673151672,0.07673151672,0.45280163328,0.0,0.0,102.47033937,76.73151672,52.04374151
2024-05-24T18:00,3600,0.0,0.0040890840500000004,0.0,0.0,0.0,0.0040890840500000004,15.49137701,4.08908405,7.74561553
2024-05-24T19:00,3600,0.0,0.0,0.0,0.0,0.0,0.0,0.0,0.0,0.0
2024-05-24T20:00,3600,0.0,0.0,0.0,0.0,0.0,0.0,0.0,0.0,0.0
2024-05-24T21:00,3600,0.0,0.0,0.0,0.0,0.0,0.0,0.0,0.0,0.0
2024-05-24T22:00,3600,0.0,0.0,0.0,0.0,0.0,0.0,0.0,0.0,0.0
2024-05-24T23:00,3600,0.0,0.0,0.0,0.0,0.0,0.0,0.0,0.0,0.0
2024-05-25T00:00,3600,0.0,0.0,0.0,0.0,0.0,0.0,0.0,0.0,0.0
2024-05-25T01:00,3600,0.0,0.0,0.0,0.0,0.0,0.0,0.0,0.0,0.0
2024-05-25T02:00,3600,0.0,0.0,0.0,0.0,0.0,0.0,0.0,0.0,0.0
2024-05-25T03:00,3600,0.0,0.0,0.0,0.0,0.0,0.0,0.0,0.0,0.0
2024-05-25T04:00,3600,0.0,0.0,0.0,0.0,0.0,0.0,0.0,0.0,0.0
2024-05-25T05:00,3600,0.0,0.0,0.0,0.0,0.0,0.0,0.0,0.0,0.0
2024-05-25T06:00,3600,0.0,0.01694923555,0.0,0.0,0.0,0.01694923555,30.87934156,16.94923555,15.49123106
2024-05-25T07:00,3600,0.0,0.11529564720999999,0.0,0.0,0.0,0.11529564720999999,148.7026057,115.29564721,75.05991531
2024-05-25T08:00,3600,0.0,0.24345696087,0.0,0.0,0.0,0.24345696087,302.63426135,243.45696087,154.03098277
2024-05-25T09:00,3600,0.0,0.47758491976,0.0,0.0,0.0,0.47758491976,584.98804181,477.58491976,302.96246477
2024-05-25T10:00,3600,0.0,0.7470734915799999,0.0,0.0,0.0,0.7470734915799999,911.8493016,747.07349158,487.62625307
2024-05-25T11:00,3600,0.0,0.89235488125,0.0,0.0,0.0,0.89235488125,1088.89993477,892.35488125,588.96946263
2024-05-25T12:00,3600,0.0,1.0500555082599998,0.0,0.0,0.0,1.0500555082599998,1281.76013873,1050.05550826,702.21872804
2024-05-25T13:00,3600,0.0,0.85012301525,0.0,0.0,0.0,0.85012301525,1037.37190525,850.12301525,562.24415104
2024-05-25T14:00,3600,0.0,0.80571944248,0.0,0.0,0.0,0.80571944248,983.2482621,805.71944248,530.90743813
2024-05-25T15:00,3600,0.0,0.39766973044000004,0.0,0.0,0.0,0.39766973044000004,488.44401732,397.66973044,256.73781322
2024-05-25T16:00,3600,0.0,0.29194655314,0.0,0.0,0.0,0.29194655314,360.98945879,291.94655314,187.51617417
2024-05-25T17:00,3600,0.0,0.14771482031,0.0,0.0,0.0,0.14771482031,187.59884385,147.71482031,96.56015035
2024-05-25T18:00,3600,0.0,0.040748917509999996,0.0,0.0,0.0,0.040748917509999996,59.36873449,40.74891751,30.06195727
2024-05-25T19:00,3600,0.0,0.0,0.0,0.0,0.0,0.0,0.0,0.0,0.0
2024-05-25T20:00,3600,0.0,0.0,0.0,0.0,0.0,0.0,0.0,0.0,0.0
2024-05-25T21:00,3600,0.0,0.0,0.0,0.0,0.0,0.0,0.0,0.0,0.0
2024-05-25T22:00,3600,0.0,0.0,0.0,0.0,0.0,0.0,0.0,0.0,0.0
2024-05-25T23:00,3600,0.0,0.0,0.0,0.0,0.0,0.0,0.0,0.0,0.0
2024-05-26T00:00,3600,0.0,0.0,0.0,0.0,0.0,0.0,0.0,0.0,0.0
2024-05-26T01:00,3600,0.0,0.0,0.0,0.0,0.0,0.0,0.0,0.0,0.0
2024-05-26T02:00,3600,0.0,0.0,0.0,0.0,0.0,0.0,0.0,0.0,0.0
2024-05-26T03:00,3600,0.0,0.0,0.0,0.0,0.0,0.0,0.0,0.0,0.0
2024-05-26T04:00,3600,0.0,0.0,0.0,0.0,0.0,0.0,0.0,0.0,0.0
2024-05-26T05:00,3600,0.0,0.0,0.0,0.0,0.0,0.0,1.9321656,0.0,0.96820194
2024-05-26T06:00,3600,0.0,0.04226983198,0.0,0.0,0.0,0.04226983198,61.1898568,42.26983198,30.83800265
2024-05-26T07:00,3600,0.0,0.20032732528,0.0,0.0,0.0,0.20032732528,250.78290564,200.32732528,127.59838457
2024-05-26T08:00,3600,0.0,0.25007137272,0.0,0.0,0.0,0.25007137272,310.59068523,250.07137272,158.57806612
2024-05-26T09:00,3600,0.0,0.41970338263999996,0.0,0.0,0.0,0.41970338263999996,515.04501495,419.70338264,265.28252467
2024-05-26T10:00,3600,0.0,0.37537759538000004,0.0,0.0,0.0,0.37537759538000004,461.54443684,375.37759538,239.07160955
2024-05-26T11:00,3600,0.0,0.37597366863,0.0,0.0,0.0,0.37597366863,462.26353311,375.97366863,239.27524128
2024-05-26T12:00,3600,0.0,0.32496079690999996,0.0,0.0,0.0,0.32496079690999996,400.7571573,324.96079691,206.46047513
2024-05-26T13:00,3600,0.0,0.35521307517999995,0.0,0.0,0.0,0.35521307517999995,437.22387982,355.21307518,226.03618773
2024-05-26T14:00,3600,0.0,0.15046714835000002,0.0,0.0,0.0,0.15046714835000002,190.90236052,150.46714835,97.7043465
2024-05-26T15:00,3600,0.0,0.13134232508,0.0,0.0,0.0,0.13134232508,167.95174778,131.34232508,86.16997278
2024-05-26T16:00,3600,0.0,0.08461903347000001,0.0,0.0,0.0,0.08461903347000001,111.92298511,84.61903347,56.96756526
2024-05-26T17:00,3600,0.0,0.06531548178,0.0,0.0,0.0,0.06531548178,88.79194954,65.31548178,44.85798605
2024-05-26T18:00,3600,0.0,0.01520165334,0.0,0.0,0.0,0.01520165334,28.78799347,15.20165334,14.53097864
2024-05-26T19:00,3600,0.0,0.0,0.0,0.0,0.0,0.0,0.0,0.0,0.0
2024-05-26T20:00,3600,0.0,0.0,0.0,0.0,0.0,0.0,0.0,0.0,0.0
2024-05-26T21:00,3600,0.0,0.0,0.0,0.0,0.0,0.0,0.0,0.0,0.0
2024-05-26T22:00,3600,0.0,0.0,0.0,0.0,0.0,0.0,0.0,0.0,0.0
2024-05-26T23:00,3600,0.0,0.0,0.0,0.0,0.0,0.0,0.0,0.0,0.0
2024-05-27T00:00,3600,0.0,0.0,0.0,0.0,0.0,0.0,0.0,0.0,0.0
2024-05-27T01:00,3600,0.0,0.0,0.0,0.0,0.0,0.0,0.0,0.0,0.0
2024-05-27T02:00,3600,0.0,0.0,0.0,0.0,0.0,0.0,0.0,0.0,0.0
2024-05-27T03:00,3600,0.0,0.0,0.0,0.0,0.0,0.0,0.0,0.0,0.0
2024-05-27T04:00,3600,0.0,0.0,0.0,0.0,0.0,0.0,0.0,0.0,0.0
2024-05-27T05:00,3600,0.0,0.0,0.0,0.0,0.0,0.0,1.92607244,0.0,0.96820194
2024-05-27T06:00,3600,0.0,0.019238463299999998,0.0,0.0,0.0,0.019238463299999998,33.61900485,19.2384633,16.94401468
2024-05-27T07:00,3600,0.0,0.09268996233,0.0,0.0,0.0,0.09268996233,121.59715818,92.68996233,61.58314895
2024-05-27T08:00,3600,1.0870588235294116,0.26351820657,0.26351820657,0.8235406169594116,0.0,0.0,326.76942008,263.51820657,167.32097114
2024-05-27T09:00,3600,1.0870588235294116,0.45084758566,0.45084758566,0.6362112378694116,0.0,0.0,552.66771898,450.84758566,285.91019492
2024-05-27T10:00,3600,1.0870588235294116,0.50447520843,0.50447520843,0.5825836150994116,0.0,0.0,617.51303872,504.47520843,323.03951326
2024-05-27T11:00,3600,1.0870588235294116,0.45066726750999997,0.45066726750999997,0.6363915560194117,0.0,0.0,552.44981532,450.66726751,287.74515138
2024-05-27T12:00,3600,1.0870588235294116,0.6599777638500001,0.6599777638500001,0.42708105967941157,0.0,0.0,805.9911914,659.97776385,426.70283171
2024-05-27T13:00,3600,1.086230588235294,0.74356555999,0.74356555999,0.3426650282452941,0.0,0.0,907.58159389,743.56555999,484.07478812
2024-05-27T14:00,3600,1.086230588235294,0.5483537847300001,0.5483537847300001,0.537876803505294,0.0,0.0,670.62881305,548.35378473,353.16084333
2024-05-27T15:00,3600,1.0870588235294116,0.48984194719,0.48984194719,0.5972168763394117,0.0,0.0,599.81099765,489.84194719,313.19209866
2024-05-27T16:00,3600,0.697408716526077,0.34631658726000003,0.34631658726000003,0.351092129266077,0.0,0.0,426.49728677,346.31658726,220.29594282
2024-05-27T17:00,3600,0.5719522852941176,0.16433321773,0.16433321773,0.4076190675641176,0.0,0.0,207.54837894,164.33321773,106.19453085
2024-05-27T18:00,3600,0.0,0.03424473503,0.0,0.0,0.0,0.03424473503,51.58141001,34.24473503,26.18914951
2024-05-27T19:00,3600,0.0,0.0,0.0,0.0,0.0,0.0,0.0,0.0,0.0
2024-05-27T20:00,3600,0.0,0.0,0.0,0.0,0.0,0.0,0.0,0.0,0.0
2024-05-27T21:00,3600,0.0,0.0,0.0,0.0,0.0,0.0,0.0,0.0,0.0
2024-05-27T22:00,3600,0.0,0.0,0.0,0.0,0.0,0.0,0.0,0.0,0.0
2024-05-27T23:00,3600,0.0,0.0,0.0,0.0,0.0,0.0,0.0,0.0,0.0
2024-05-28T00:00,3600,0.0,0.0,0.0,0.0,0.0,0.0,0.0,0.0,0.0
2024-05-28T01:00,3600,0.0,0.0,0.0,0.0,0.0,0.0,0.0,0.0,0.0
2024-05-28T02:00,3600,0.0,0.0,0.0,0.0,0.0,0.0,0.0,0.0,0.0
2024-05-28T03:00,3600,0.0,0.0,0.0,0.0,0.0,0.0,0.0,0.0,0.0
2024-05-28T04:00,3600,0.0,0.0,0.0,0.0,0.0,0.0,0.0,0.0,0.0
2024-05-28T05:00,3600,0.0,0.0,0.0,0.0,0.0,0.0,1.92944175,0.0,0.96820194
2024-05-28T06:00,3600,0.0,0.044302280349999994,0.0,0.0,0.0,0.044302280349999994,63.62357903,44.30228035,32.10747135
2024-05-28T07:00,3600,0.0,0.17400062974,0.0,0.0,0.0,0.17400062974,219.15702422,174.00062974,111.53452479
2024-05-28T08:00,3600,0.8463813450913465,0.32272933462,0.32272933462,0.5236520104713466,0.0,0.0,398.06829115,322.72933462,204.54738315
2024-05-28T09:00,3600,0.6259081205882353,0.47720691567,0.47720691567,0.1487012049182353,0.0,0.0,584.53097057,477.20691567,303.36215222
2024-05-28T10:00,3600,0.7393567088235296,0.66381636502,0.66381636502,0.07554034380352959,0.0,0.0,810.65226559,663.81636502,429.4041502
2024-05-28T11:00,3600,0.765011132352941,0.71525529575,0.71525529575,0.04975583660294103,0.0,0.0,873.1522405,715.25529575,464.14941948
2024-05-28T12:00,3600,0.777970705882353,0.71736798552,0.71736798552,0.060602720362352924,0.0,0.0,875.72080294,717.36798552,465.66566631
2024-05-28T13:00,3600,0.8416813352941176,0.7973509918900001,0.7973509918900001,0.044330343404117456,0.0,0.0,973.05413434,797.35099189,522.28744555
2024-05-28T14:00,3600,0.7831742882352941,0.59316661579,0.59316661579,0.19000767244529415,0.0,0.0,724.93030335,593.16661579,384.79017876
2024-05-28T15:00,3600,0.7626176852941176,0.48927231568,0.48927231568,0.27334536961411754,0.0,0.0,599.12202614,489.27231568,316.77844355
2024-05-28T16:00,3600,0.6748817794117649,0.27398772357,0.27398772357,0.40089405584176485,0.0,0.0,339.36934206,273.98772357,176.57417004
2024-05-28T17:00,3600,0.6339817558823528,0.17897135437,0.17897135437,0.45501040151235284,0.0,0.0,225.12685678,178.97135437,116.13973289
2024-05-28T18:00,3600,0.0,0.027838699519999996,0.0,0.0,0.0,0.027838699519999996,43.91269595,27.83869952,22.33224077
2024-05-28T19:00,3600,0.0,0.0,0.0,0.0,0.0,0.0,0.0,0.0,0.0
2024-05-28T20:00,3600,0.0,0.0,0.0,0.0,0.0,0.0,0.0,0.0,0.0
2024-05-28T21:00,3600,0.0,0.0,0.0,0.0,0.0,0.0,0.0,0.0,0.0
2024-05-28T22:00,3600,0.0,0.0,0.0,0.0,0.0,0.0,0.0,0.0,0.0
2024-05-28T23:00,3600,0.0,0.0,0.0,0.0,0.0,0.0,0.0,0.0,0.0
2024-05-29T00:00,3600,0.0,0.0,0.0,0.0,0.0,0.0,0.0,0.0,0.0
2024-05-29T01:00,3600,0.0,0.0,0.0,0.0,0.0,0.0,0.0,0.0,0.0
2024-05-29T02:00,3600,0.0,0.0,0.0,0.0,0.0,0.0,0.0,0.0,0.0
2024-05-29T03:00,3600,0.0,0.0,0.0,0.0,0.0,0.0,0.0,0.0,0.0
2024-05-29T04:00,3600,0.0,0.0,0.0,0.0,0.0,0.0,0.0,0.0,0.0
2024-05-29T05:00,3600,0.0,0.0,0.0,0.0,0.0,0.0,1.93690594,0.0,0.96820194
2024-05-29T06:00,3600,0.0,0.0339958188,0.0,0.0,0.0,0.0339958188,51.28341009,33.9958188,25.7434052
2024-05-29T07:00,3600,0.0,0.14059714719,0.0,0.0,0.0,0.14059714719,179.05670863,140.59714719,90.47389656
2024-05-29T08:00,3600,0.5975527613384619,0.21819076109,0.21819076109,0.3793620002484619,0.0,0.0,272.2526197,218.19076109,138.23743804
2024-05-29T09:00,3600,0.4517372013798542,0.36862153266,0.36862153266,0.08311566871985421,0.0,0.0,453.39467302,368.62153266,232.24666469
2024-05-29T10:00,3600,0.5034887152788802,0.45583100955,0.45583100955,0.04765770572888017,0.0,0.0,558.69023983,455.83100955,289.25394702
2024-05-29T11:00,3600,0.5240153188937482,0.51180977194,0.51180977194,0.012205546953748203,0.0,0.0,626.38796677,511.80977194,325.34964834
2024-05-29T12:00,3600,0.5605573648028797,0.60124061149,0.5605573648028797,0.0,0.0,0.04068324668712031,734.719784,601.24061149,383.55978533
2024-05-29T13:00,3600,0.5910115887829102,0.60344351696,0.5910115887829102,0.0,0.0,0.012431928177089824,737.39105477,603.44351696,386.96588893
2024-05-29T14:00,3600,0.7305554656460872,0.9106021855,0.7305554656460872,0.0,0.0,0.18004671985391285,1111.17943962,910.6021855,596.44775562
2024-05-29T15:00,3600,0.6919849468524508,0.70039263114,0.6919849468524508,0.0,0.0,0.008407684287549233,855.08605152,700.39263114,453.49793326
2024-05-29T16:00,3600,0.6542188154019506,0.4973207543,0.4973207543,0.1568980611019506,0.0,0.0,608.85747017,497.3207543,318.93419063
2024-05-29T17:00,3600,0.5924460908287352,0.25267686992,0.25267686992,0.33976922090873524,0.0,0.0,313.72514174,252.67686992,161.77049633
2024-05-29T18:00,3600,0.0,0.040923842839999995,0.0,0.0,0.0,0.040923842839999995,59.57818458,40.92384284,30.20504853
2024-05-29T19:00,3600,0.0,0.0,0.0,0.0,0.0,0.0,0.0,0.0,0.0
2024-05-29T20:00,3600,0.0,0.0,0.0,0.0,0.0,0.0,0.0,0.0,0.0
2024-05-29T21:00,3600,0.0,0.0,0.0,0.0,0.0,0.0,0.0,0.0,0.0
2024-05-29T22:00,3600,0.0,0.0,0.0,0.0,0.0,0.0,0.0,0.0,0.0
2024-05-29T23:00,3600,0.0,0.0,0.0,0.0,0.0,0.0,0.0,0.0,0.0
2024-05-30T00:00,3600,0.0,0.0,0.0,0.0,0.0,0.0,0.0,0.0,0.0
2024-05-30T01:00,3600,0.0,0.0,0.0,0.0,0.0,0.0,0.0,0.0,0.0
2024-05-30T02:00,3600,0.0,0.0,0.0,0.0,0.0,0.0,0.0,0.0,0.0
2024-05-30T03:00,3600,0.0,0.0,0.0,0.0,0.0,0.0,0.0,0.0,0.0
2024-05-30T04:00,3600,0.0,0.0,0.0,0.0,0.0,0.0,0.0,0.0,0.0
2024-05-30T05:00,3600,0.0,0.0,0.0,0.0,0.0,0.0,1.93214677,0.0,0.96820194
2024-05-30T06:00,3600,0.0,0.05140200297,0.0,0.0,0.0,0.05140200297,72.12589025,51.40200297,36.35491294
2024-05-30T07:00,3600,0.0,0.19787604001,0.0,0.0,0.0,0.19787604001,247.83742445,197.87604001,126.08001541
2024-05-30T08:00,3600,0.6413578414408361,0.41791452699000003,0.41791452699000003,0.22344331445083604,0.0,0.0,512.8848537,417.91452699,264.53871274
2024-05-30T09:00,3600,0.6135527640571632,0.75411370867,0.6135527640571632,0.0,0.0,0.14056094461283686,920.41538342,754.11370867,484.77492898
2024-05-30T10:00,3600,0.8035000147372424,0.96062210317,0.8035000147372424,0.0,0.0,0.15712208843275755,1172.30080705,960.62210317,631.49563835
2024-05-30T11:00,3600,0.8155812153668259,0.92961834244,0.8155812153668259,0.0,0.0,0.11403712707317404,1134.40770852,929.61834244,609.90701279
2024-05-30T12:00,3600,0.7018692290454636,0.5706757635,0.5706757635,0.13119346554546352,0.0,0.0,697.6703123,570.6757635,366.57510952
2024-05-30T13:00,3600,0.7571251176470588,0.65918506909,0.65918506909,0.09794004855705885,0.0,0.0,805.02870189,659.18506909,424.97204946
2024-05-30T14:00,3600,0.7018126205882352,0.47380206495,0.47380206495,0.22801055563823525,0.0,0.0,580.4141036,473.80206495,303.44391184
2024-05-30T15:00,3600,0.6206582029411765,0.22936568779,0.22936568779,0.39129251515117647,0.0,0.0,285.68791867,229.36568779,147.24373792
2024-05-30T16:00,3600,0.5711140558823529,0.15089047031000002,0.15089047031000002,0.42022358557235284,0.0,0.0,191.41047612,150.89047031,97.84735798
2024-05-30T17:00,3600,0.5376408573495933,0.05952404061,0.05952404061,0.47811681673959333,0.0,0.0,81.85412825,59.52404061,41.61734306
2024-05-30T18:00,3600,0.0,0.024987369069999998,0.0,0.0,0.0,0.024987369069999998,40.49969779,24.98736907,20.39583689
2024-05-30T19:00,3600,0.0,0.0,0.0,0.0,0.0,0.0,0.0,0.0,0.0
2024-05-30T20:00,3600,0.0,0.0,0.0,0.0,0.0,0.0,0.0,0.0,0.0
2024-05-30T21:00,3600,0.0,0.0,0.0,0.0,0.0,0.0,0.0,0.0,0.0
2024-05-30T22:00,3600,0.0,0.0,0.0,0.0,0.0,0.0,0.0,0.0,0.0
2024-05-30T23:00,3600,0.0,0.0,0.0,0.0,0.0,0.0,0.0,0.0,0.0
2024-05-31T00:00,3600,0.0,0.0,0.0,0.0,0.0,0.0,0.0,0.0,0.0
2024-05-31T01:00,3600,0.0,0.0,0.0,0.0,0.0,0.0,0.0,0.0,0.0
2024-05-31T02:00,3600,0.0,0.0,0.0,0.0,0.0,0.0,0.0,0.0,0.0
2024-05-31T03:00,3600,0.0,0.0,0.0,0.0,0.0,0.0,0.0,0.0,0.0
2024-05-31T04:00,3600,0.0,0.0,0.0,0.0,0.0,0.0,0.0,0.0,0.0
2024-05-31T05:00,3600,0.0,0.0,0.0,0.0,0.0,0.0,1.92945432,0.0,0.96820194
2024-05-31T06:00,3600,0.0,0.039428827129999997,0.0,0.0,0.0,0.039428827129999997,57.78812619,39.42882713,29.15565461
2024-05-31T07:00,3600,0.0,0.20524420384,0.0,0.0,0.0,0.20524420384,256.69154839,205.24420384,130.75364794
2024-05-31T08:00,3600,0.7577343433004501,0.34976678245,0.34976678245,0.4079675608504501,0.0,0.0,430.65696941,349.76678245,221.72109838
2024-05-31T09:00,3600,0.6822133,0.5589087351199999,0.5589087351199999,0.12330456488000008,0.0,0.0,683.41367606,558.90873512,356.72405588
2024-05-31T10:00,3600,0.7910295352941177,0.7338377510699999,0.7338377510699999,0.05719178422411775,0.0,0.0,895.74865602,733.83775107,475.6521566
2024-05-31T11:00,3600,0.8796839588235295,0.9711253792000001,0.8796839588235295,0.0,0.0,0.09144142037647063,1185.14419277,971.1253792,637.95575285
2024-05-31T12:00,3600,0.7370598588235294,0.49897397514999997,0.49897397514999997,0.23808588367352945,0.0,0.0,610.85743722,498.97397515,320.89961971
2024-05-31T13:00,3600,0.6896802617647058,0.45119864016,0.45119864016,0.23848162160470576,0.0,0.0,553.09194981,451.19864016,288.15987731
2024-05-31T14:00,3600,0.6327243499999999,0.35180173306,0.35180173306,0.2809226169399999,0.0,0.0,433.11053275,351.80173306,223.72694728
2024-05-31T15:00,3600,0.6249486058823529,0.35380443125,0.35380443125,0.2711441746323529,0.0,0.0,435.52531893,353.80443125,224.63940763
2024-05-31T16:00,3600,0.5290699147058824,0.0819235301,0.0819235301,0.4471463846058824,0.0,0.0,108.692423,81.9235301,55.18751066
2024-05-31T17:00,3600,0.5337905088235294,0.07918185644,0.07918185644,0.45460865238352943,0.0,0.0,105.40672489,79.18185644,53.55837597
2024-05-31T18:00,3600,0.0,0.01686997123,0.0,0.0,0.0,0.01686997123,30.78448344,16.86997123,15.52302912
2024-05-31T19:00,3600,0.0,0.0,0.0,0.0,0.0,0.0,0.0,0.0,0.0
2024-05-31T20:00,3600,0.0,0.0,0.0,0.0,0.0,0.0,0.0,0.0,0.0
2024-05-31T21:00,3600,0.0,0.0,0.0,0.0,0.0,0.0,0.0,0.0,0.0
2024-05-31T22:00,3600,0.0,0.0,0.0,0.0,0.0,0.0,0.0,0.0,0.0
2024-05-31T23:00,3600,0.0,0.0,0.0,0.0,0.0,0.0,0.0,0.0,0.0
2024-06-01T00:00,3600,0.0,0.0,0.0,0.0,0.0,0.0,0.0,0.0,0.0
2024-06-01T01:00,3600,0.0,0.0,0.0,0.0,0.0,0.0,0.0,0.0,0.0
2024-06-01T02:00,3600,0.0,0.0,0.0,0.0,0.0,0.0,0.0,0.0,0.0
2024-06-01T03:00,3600,0.0,0.0,0.0,0.0,0.0,0.0,0.0,0.0,0.0
2024-06-01T04:00,3600,0.0,0.0,0.0,0.0,0.0,0.0,0.0,0.0,0.0
2024-06-01T05:00,3600,0.0,0.0,0.0,0.0,0.0,0.0,0.0,0.0,0.0
2024-06-01T06:00,3600,0.0,0.00402223248,0.0,0.0,0.0,0.00402223248,15.41139646,4.02223248,7.74561553
2024-06-01T07:00,3600,0.0,0.0104438563,0.0,0.0,0.0,0.0104438563,23.09470448,10.4438563,11.6184233
2024-06-01T08:00,3600,0.0,0.040962117560000004,0.0,0.0,0.0,0.040962117560000004,59.62401363,40.96211756,30.01426018
2024-06-01T09:00,3600,0.0,0.13290081923,0.0,0.0,0.0,0.13290081923,169.82164095,132.90081923,85.79943085
2024-06-01T10:00,3600,0.0,0.15250226230999997,0.0,0.0,0.0,0.15250226230999997,193.34516262,152.50226231,98.27288721
2024-06-01T11:00,3600,0.0,0.35621033659,0.0,0.0,0.0,0.35621033659,438.42642304,356.21033659,225.3517632
2024-06-01T12:00,3600,0.0,0.20872333759,0.0,0.0,0.0,0.20872333759,260.87283785,208.72333759,133.2551008
2024-06-01T13:00,3600,0.0,0.1479497845,0.0,0.0,0.0,0.1479497845,187.88085467,147.9497845,95.56415429
2024-06-01T14:00,3600,0.0,0.17031122704,0.0,0.0,0.0,0.17031122704,214.72648669,170.31122704,109.21511179
2024-06-01T15:00,3600,0.0,0.0646843674,0.0,0.0,0.0,0.0646843674,88.03586652,64.6843674,44.5372893
2024-06-01T16:00,3600,0.0,0.05290227342,0.0,0.0,0.0,0.05290227342,73.92271919,52.90227342,37.31073345
2024-06-01T17:00,3600,0.0,0.020096631559999998,0.0,0.0,0.0,0.020096631559999998,34.64606488,20.09663156,17.42763494
2024-06-01T18:00,3600,0.0,0.0,0.0,0.0,0.0,0.0,5.82738772,0.0,2.92050485
2024-06-01T19:00,3600,0.0,0.0,0.0,0.0,0.0,0.0,0.0,0.0,0.0
2024-06-01T20:00,3600,0.0,0.0,0.0,0.0,0.0,0.0,0.0,0.0,0.0
2024-06-01T21:00,3600,0.0,0.0,0.0,0.0,0.0,0.0,0.0,0.0,0.0
2024-06-01T22:00,3600,0.0,0.0,0.0,0.0,0.0,0.0,0.0,0.0,0.0
2024-06-01T23:00,3600,0.0,0.0,0.0,0.0,0.0,0.0,0.0,0.0,0.0
2024-06-02T00:00,3600,0.0,0.0,0.0,0.0,0.0,0.0,0.0,0.0,0.0
2024-06-02T01:00,3600,0.0,0.0,0.0,0.0,0.0,0.0,0.0,0.0,0.0
2024-06-02T02:00,3600,0.0,0.0,0.0,0.0,0.0,0.0,0.0,0.0,0.0
2024-06-02T03:00,3600,0.0,0.0,0.0,0.0,0.0,0.0,0.0,0.0,0.0
2024-06-02T04:00,3600,0.0,0.0,0.0,0.0,0.0,0.0,0.0,0.0,0.0
2024-06-02T05:00,3600,0.0,0.0,0.0,0.0,0.0,0.0,3.87345001,0.0,1.93640388
2024-06-02T06:00,3600,0.0,0.07084961589,0.0,0.0,0.0,0.07084961589,95.42236759,70.84961589,48.12464178
2024-06-02T07:00,3600,0.0,0.30643053460999997,0.0,0.0,0.0,0.30643053460999997,378.43267082,306.43053461,194.00404065
2024-06-02T08:00,3600,0.0,0.62931949773,0.0,0.0,0.0,0.62931949773,768.77865124,629.31949773,403.49434807
2024-06-02T09:00,3600,0.0,0.9031715620799999,0.0,0.0,0.0,0.9031715620799999,1102.10569799,903.17156208,590.97042357
2024-06-02T10:00,3600,0.0,1.09642494048,0.0,0.0,0.0,1.09642494048,1338.60238133,1096.42494048,736.63445383
2024-06-02T11:00,3600,0.0,1.1868612701399999,0.0,0.0,0.0,1.1868612701399999,1449.64159478,1186.86127014,803.75817186
2024-06-02T12:00,3600,0.0,0.9314142048999999,0.0,0.0,0.0,0.9314142048999999,1136.60188631,931.4142049,618.02076413
2024-06-02T13:00,3600,0.0,0.75833884181,0.0,0.0,0.0,0.75833884181,925.5569181,758.33884181,499.98558796
2024-06-02T14:00,3600,0.0,0.6707366067599999,0.0,0.0,0.0,0.6707366067599999,819.05629864,670.73660676,439.76421007
2024-06-02T15:00,3600,0.0,0.60850804702,0.0,0.0,0.0,0.60850804702,743.53287665,608.50804702,397.45413055
2024-06-02T16:00,3600,0.0,0.38888008742,0.0,0.0,0.0,0.38888008742,477.83607067,388.88008742,251.68100594
2024-06-02T17:00,3600,0.0,0.20029243069,0.0,0.0,0.0,0.20029243069,250.74097493,200.29243069,130.6556345
2024-06-02T18:00,3600,0.0,0.03719960241999999,0.0,0.0,0.0,0.03719960241999999,55.11907257,37.19960242,28.23684659
2024-06-02T19:00,3600,0.0,0.0,0.0,0.0,0.0,0.0,0.0,0.0,0.0
2024-06-02T20:00,3600,0.0,0.0,0.0,0.0,0.0,0.0,0.0,0.0,0.0
2024-06-02T21:00,3600,0.0,0.0,0.0,0.0,0.0,0.0,0.0,0.0,0.0
2024-06-02T22:00,3600,0.0,0.0,0.0,0.0,0.0,0.0,0.0,0.0,0.0
2024-06-02T23:00,3600,0.0,0.0,0.0,0.0,0.0,0.0,0.0,0.0,0.0
2024-06-03T00:00,3600,0.0,0.0,0.0,0.0,0.0,0.0,0.0,0.0,0.0
2024-06-03T01:00,3600,0.0,0.0,0.0,0.0,0.0,0.0,0.0,0.0,0.0
2024-06-03T02:00,3600,0.0,0.0,0.0,0.0,0.0,0.0,0.0,0.0,0.0
2024-06-03T03:00,3600,0.0,0.0,0.0,0.0,0.0,0.0,0.0,0.0,0.0
2024-06-03T04:00,3600,0.0,0.0,0.0,0.0,0.0,0.0,0.0,0.0,0.0
2024-06-03T05:00,3600,0.0,0.0,0.0,0.0,0.0,0.0,1.92402153,0.0,0.96820194
2024-06-03T06:00,3600,0.0,0.047843509709999996,0.0,0.0,0.0,0.047843509709999996,67.86422948,47.84350971,34.25812285
2024-06-03T07:00,3600,0.0,0.20459456993,0.0,0.0,0.0,0.20459456993,255.91084206,204.59456993,130.39239857
2024-06-03T08:00,3600,1.0870588235294116,0.42212120066,0.42212120066,0.6649376228694117,0.0,0.0,517.96482874,422.12120066,267.36991455
2024-06-03T09:00,3600,1.0870588235294116,0.32287725397000006,0.32287725397000006,0.7641815695594116,0.0,0.0,398.24652674,322.87725397,204.3225068
2024-06-03T10:00,3600,1.0870588235294116,0.49327381285000005,0.49327381285000005,0.5937850106794116,0.0,0.0,603.96204093,493.27381285,312.86626823
2024-06-03T11:00,3600,1.0870588235294116,0.5504648131400001,0.5504648131400001,0.5365940103894116,0.0,0.0,673.18558632,550.46481314,349.65595904
2024-06-03T12:00,3600,1.0870588235294116,0.38827671713,0.38827671713,0.6987821063994116,0.0,0.0,477.10795913,388.27671713,245.31028458
2024-06-03T13:00,3600,1.0870588235294116,0.45255464562,0.45255464562,0.6345041779094116,0.0,0.0,554.73064254,452.55464562,286.07030181
2024-06-03T14:00,3600,1.0870588235294116,0.21771804336,0.21771804336,0.8693407801694116,0.0,0.0,271.68435874,217.71804336,138.45287762
2024-06-03T15:00,3600,1.0870588235294116,0.10107393265999999,0.10107393265999999,0.9859848908694117,0.0,0.0,131.64840054,101.07393266,66.80593396
2024-06-03T16:00,3600,0.575527995640174,0.25727557928,0.25727557928,0.318252416360174,0.0,0.0,319.25791326,257.27557928,163.1320138
2024-06-03T17:00,3600,0.5105625323529412,0.09518018177000001,0.09518018177000001,0.41538235058294126,0.0,0.0,124.58239706,95.18018177,63.10883526
2024-06-03T18:00,3600,0.0,0.01372273841,0.0,0.0,0.0,0.01372273841,27.0182255,13.72273841,13.55482718
2024-06-03T19:00,3600,0.0,0.0,0.0,0.0,0.0,0.0,0.0,0.0,0.0
2024-06-03T20:00,3600,0.0,0.0,0.0,0.0,0.0,0.0,0.0,0.0,0.0
2024-06-03T21:00,3600,0.0,0.0,0.0,0.0,0.0,0.0,0.0,0.0,0.0
2024-06-03T22:00,3600,0.0,0.0,0.0,0.0,0.0,0.0,0.0,0.0,0.0
2024-06-03T23:00,3600,0.0,0.0,0.0,0.0,0.0,0.0,0.0,0.0,0.0
2024-06-04T00:00,3600,0.0,0.0,0.0,0.0,0.0,0.0,0.0,0.0,0.0
2024-06-04T01:00,3600,0.0,0.0,0.0,0.0,0.0,0.0,0.0,0.0,0.0
2024-06-04T02:00,3600,0.0,0.0,0.0,0.0,0.0,0.0,0.0,0.0,0.0
2024-06-04T03:00,3600,0.0,0.0,0.0,0.0,0.0,0.0,0.0,0.0,0.0
2024-06-04T04:00,3600,0.0,0.0,0.0,0.0,0.0,0.0,0.0,0.0,0.0
2024-06-04T05:00,3600,0.0,0.0,0.0,0.0,0.0,0.0,1.94438085,0.0,0.96820194
2024-06-04T06:00,3600,0.0,0.01710048116,0.0,0.0,0.0,0.01710048116,31.06034243,17.10048116,15.49123106
2024-06-04T07:00,3600,0.0,0.09267797998999999,0.0,0.0,0.0,0.09267797998999999,121.58279434,92.67797999,60.89816501
2024-06-04T08:00,3600,0.0,0.12110819022,0.0,0.0,0.0,0.12110819022,155.67437165,121.10819022,78.13537748
2024-06-04T09:00,3600,0.0,0.40285173785,0.0,0.0,0.0,0.40285173785,494.69900851,402.85173785,252.15148399
2024-06-04T10:00,3600,0.6641105428631402,0.51444046512,0.51444046512,0.14967007774314023,0.0,0.0,629.57150402,514.44046512,324.19610792
2024-06-04T11:00,3600,0.5781591796731854,0.60931524661,0.5781591796731854,0.0,0.0,0.031156066936814608,744.51184374,609.31524661,386.52767554
2024-06-04T12:00,3600,0.5126006947921432,0.32300545795999996,0.32300545795999996,0.18959523683214324,0.0,0.0,398.40100676,323.00545796,203.68049418
2024-06-04T13:00,3600,0.5501927252389629,0.39451444116,0.39451444116,0.1556782840789629,0.0,0.0,484.6357544,394.51444116,248.58647293
2024-06-04T14:00,3600,0.4746278152578758,0.13775012952,0.13775012952,0.3368776857378758,0.0,0.0,175.64029689,137.75012952,89.07457861
2024-06-04T15:00,3600,0.4859780969792835,0.13943283047,0.13943283047,0.3465452665092835,0.0,0.0,177.65950617,139.43283047,90.00888337
2024-06-04T16:00,3600,0.45996811246892166,0.06760919294,0.06760919294,0.39235891952892166,0.0,0.0,91.53993409,67.60919294,46.16384632
2024-06-04T17:00,3600,0.44945431464276786,0.04580358813,0.04580358813,0.40365072651276784,0.0,0.0,65.42136629,45.80358813,32.91886601
2024-06-04T18:00,3600,0.0,0.00573086057,0.0,0.0,0.0,0.00573086057,17.45561908,5.73086057,8.71381747
2024-06-04T19:00,3600,0.0,0.0,0.0,0.0,0.0,0.0,0.0,0.0,0.0
2024-06-04T20:00,3600,0.0,0.0,0.0,0.0,0.0,0.0,0.0,0.0,0.0
2024-06-04T21:00,3600,0.0,0.0,0.0,0.0,0.0,0.0,0.0,0.0,0.0
2024-06-04T22:00,3600,0.0,0.0,0.0,0.0,0.0,0.0,0.0,0.0,0.0
2024-06-04T23:00,3600,0.0,0.0,0.0,0.0,0.0,0.0,0.0,0.0,0.0
2024-06-05T00:00,3600,0.0,0.0,0.0,0.0,0.0,0.0,0.0,0.0,0.0
2024-06-05T01:00,3600,0.0,0.0,0.0,0.0,0.0,0.0,0.0,0.0,0.0
2024-06-05T02:00,3600,0.0,0.0,0.0,0.0,0.0,0.0,0.0,0.0,0.0
2024-06-05T03:00,3600,0.0,0.0,0.0,0.0,0.0,0.0,0.0,0.0,0.0
2024-06-05T04:00,3600,0.0,0.0,0.0,0.0,0.0,0.0,0.0,0.0,0.0
2024-06-05T05:00,3600,0.0,0.0,0.0,0.0,0.0,0.0,1.95181428,0.0,0.96820194
2024-06-05T06:00,3600,0.0,0.037595027760000004,0.0,0.0,0.0,0.037595027760000004,55.59250618,37.59502776,27.64747606
2024-06-05T07:00,3600,0.0,0.1575255246,0.0,0.0,0.0,0.1575255246,199.37519546,157.5255246,99.91689521
2024-06-05T08:00,3600,0.0,0.30084371509,0.0,0.0,0.0,0.30084371509,371.70373132,300.84371509,188.11052769
2024-06-05T09:00,3600,0.0,0.63619895385,0.0,0.0,0.0,0.63619895385,777.12656185,636.19895385,401.78098586
2024-06-05T10:00,3600,0.0,0.6251292736399999,0.0,0.0,0.0,0.6251292736399999,763.69464569,625.12927364,397.83169033
2024-06-05T11:00,3600,0.954490743588029,0.57266335544,0.57266335544,0.38182738814802897,0.0,0.0,700.07880612,572.66335544,363.68353832
2024-06-05T12:00,3600,0.533225982265463,0.33335804904000005,0.33335804904000005,0.19986793322546298,0.0,0.0,410.87688519,333.35804904,210.81935826
2024-06-05T13:00,3600,0.5290889002809136,0.20434805295000003,0.20434805295000003,0.3247408473309136,0.0,0.0,255.61458992,204.34805295,130.32908087
2024-06-05T14:00,3600,0.5113952019758516,0.17501700854000002,0.17501700854000002,0.3363781934358516,0.0,0.0,220.37763956,175.01700854,112.02494459
2024-06-05T15:00,3600,0.4901139676470589,0.14327719415,0.14327719415,0.3468367734970589,0.0,0.0,182.27295471,143.27719415,92.32154772
2024-06-05T16:00,3600,0.45694852352941173,0.03939181356,0.03939181356,0.41755670996941174,0.0,0.0,57.74380871,39.39181356,29.04605824
2024-06-05T17:00,3600,0.4541691117647059,0.029784568839999997,0.029784568839999997,0.42438454292470595,0.0,0.0,46.24199547,29.78456884,23.23684659
2024-06-05T18:00,3600,0.0,0.0,0.0,0.0,0.0,0.0,5.81578943,0.0,2.90460582
2024-06-05T19:00,3600,0.0,0.0,0.0,0.0,0.0,0.0,0.0,0.0,0.0
2024-06-05T20:00,3600,0.0,0.0,0.0,0.0,0.0,0.0,0.0,0.0,0.0
2024-06-05T21:00,3600,0.0,0.0,0.0,0.0,0.0,0.0,0.0,0.0,0.0
2024-06-05T22:00,3600,0.0,0.0,0.0,0.0,0.0,0.0,0.0,0.0,0.0
2024-06-05T23:00,3600,0.0,0.0,0.0,0.0,0.0,0.0,0.0,0.0,0.0
2024-06-06T00:00,3600,0.0,0.0,0.0,0.0,0.0,0.0,0.0,0.0,0.0
2024-06-06T01:00,3600,0.0,0.0,0.0,0.0,0.0,0.0,0.0,0.0,0.0
2024-06-06T02:00,3600,0.0,0.0,0.0,0.0,0.0,0.0,0.0,0.0,0.0
2024-06-06T03:00,3600,0.0,0.0,0.0,0.0,0.0,0.0,0.0,0.0,0.0
2024-06-06T04:00,3600,0.0,0.0,0.0,0.0,0.0,0.0,0.0,0.0,0.0
2024-06-06T05:00,3600,0.0,0.0,0.0,0.0,0.0,0.0,1.9430043,0.0,0.96820194
2024-06-06T06:00,3600,0.0,0.01220083385,0.0,0.0,0.0,0.01220083385,25.197074,12.20083385,12.58662524
2024-06-06T07:00,3600,0.0,0.044492024070000004,0.0,0.0,0.0,0.044492024070000004,63.85079019,44.49202407,31.95066407
2024-06-06T08:00,3600,0.0,0.10222672484,0.0,0.0,0.0,0.10222672484,133.03058889,102.22672484,66.80593396
2024-06-06T09:00,3600,0.0,0.18636343338,0.0,0.0,0.0,0.18636343338,234.00596079,186.36343338,118.12063685
2024-06-06T10:00,3600,0.5393884731929639,0.40341890604999997,0.40341890604999997,0.13596956714296393,0.0,0.0,495.38365875,403.41890605,254.55342991
2024-06-06T11:00,3600,0.542399757828243,0.44081168623,0.44081168623,0.10158807159824301,0.0,0.0,540.54129127,440.81168623,279.10322372
2024-06-06T12:00,3600,0.5633413300345727,0.49630837842000003,0.49630837842000003,0.06703295161457262,0.0,0.0,607.63279587,496.30837842,315.19594852
2024-06-06T13:00,3600,0.5970581876926512,0.44191306664,0.44191306664,0.15514512105265116,0.0,0.0,541.87196008,441.91306664,281.45701505
2024-06-06T14:00,3600,0.5980647613541162,0.42180877798,0.42180877798,0.17625598337411624,0.0,0.0,517.58753079,421.80877798,268.7954601
2024-06-06T15:00,3600,0.5598654176393664,0.28137767087,0.28137767087,0.2784877467693664,0.0,0.0,348.26482908,281.37767087,179.45682455
2024-06-06T16:00,3600,0.5472070548269261,0.18418863214000003,0.18418863214000003,0.3630184226869261,0.0,0.0,231.39351385,184.18863214,118.43105497
2024-06-06T17:00,3600,0.5092619057208685,0.08795599047000001,0.08795599047000001,0.42130591525086847,0.0,0.0,115.9225986,87.95599047,58.9872493
2024-06-06T18:00,3600,0.0,0.01686028091,0.0,0.0,0.0,0.01686028091,30.77288674,16.86028091,15.53097864
2024-06-06T19:00,3600,0.0,0.0,0.0,0.0,0.0,0.0,0.0,0.0,0.0
2024-06-06T20:00,3600,0.0,0.0,0.0,0.0,0.0,0.0,0.0,0.0,0.0
2024-06-06T21:00,3600,0.0,0.0,0.0,0.0,0.0,0.0,0.0,0.0,0.0
2024-06-06T22:00,3600,0.0,0.0,0.0,0.0,0.0,0.0,0.0,0.0,0.0
2024-06-06T23:00,3600,0.0,0.0,0.0,0.0,0.0,0.0,0.0,0.0,0.0
2024-06-07T00:00,3600,0.0,0.0,0.0,0.0,0.0,0.0,0.0,0.0,0.0
2024-06-07T01:00,3600,0.0,0.0,0.0,0.0,0.0,0.0,0.0,0.0,0.0
2024-06-07T02:00,3600,0.0,0.0,0.0,0.0,0.0,0.0,0.0,0.0,0.0
2024-06-07T03:00,3600,0.0,0.0,0.0,0.0,0.0,0.0,0.0,0.0,0.0
2024-06-07T04:00,3600,0.0,0.0,0.0,0.0,0.0,0.0,0.0,0.0,0.0
2024-06-07T05:00,3600,0.0,0.0,0.0,0.0,0.0,0.0,1.93893082,0.0,0.96820194
2024-06-07T06:00,3600,0.0,0.018628918129999998,0.0,0.0,0.0,0.018628918129999998,32.88951007,18.62891813,16.459433
2024-06-07T07:00,3600,0.0,0.1395871346,0.0,0.0,0.0,0.1395871346,177.84467201,139.5871346,89.54100818
2024-06-07T08:00,3600,0.0,0.26174060418,0.0,0.0,0.0,0.26174060418,324.63039405,261.74060418,164.87168577
2024-06-07T09:00,3600,0.6806985037205584,0.35224296829,0.35224296829,0.3284555354305584,0.0,0.0,433.64254999,352.24296829,221.53228219
2024-06-07T10:00,3600,0.5901753008124709,0.48085723091,0.48085723091,0.10931806990247095,0.0,0.0,588.94498642,480.85723091,305.02145249
2024-06-07T11:00,3600,0.5695751637349183,0.42000007713,0.42000007713,0.14957508660491836,0.0,0.0,515.40330158,420.00007713,265.6703756
2024-06-07T12:00,3600,0.552212652126532,0.38335553991,0.38335553991,0.16885711221653205,0.0,0.0,471.16974451,383.35553991,242.31892938
2024-06-07T13:00,3600,0.6297597001185457,0.52622567425,0.52622567425,0.10353402586854565,0.0,0.0,643.83572914,526.22567425,334.39003275
2024-06-07T14:00,3600,0.5138680215988811,0.14817534518,0.14817534518,0.36569267641888115,0.0,0.0,188.15158051,148.17534518,95.56345672
2024-06-07T15:00,3600,0.5286917325116153,0.21034490451,0.21034490451,0.3183468280016153,0.0,0.0,262.8217794,210.34490451,134.04806623
2024-06-07T16:00,3600,0.5099967822705782,0.14227387467,0.14227387467,0.36772290760057824,0.0,0.0,181.06887775,142.27387467,91.97918443
2024-06-07T17:00,3600,0.4887132470588235,0.08859019107999999,0.08859019107999999,0.4001230559788235,0.0,0.0,116.6827731,88.59019108,58.95289259
2024-06-07T18:00,3600,0.0,0.02195206376,0.0,0.0,0.0,0.02195206376,36.86672231,21.95206376,18.49123106
2024-06-07T19:00,3600,0.0,0.0,0.0,0.0,0.0,0.0,0.0,0.0,0.0
2024-06-07T20:00,3600,0.0,0.0,0.0,0.0,0.0,0.0,0.0,0.0,0.0
2024-06-07T21:00,3600,0.0,0.0,0.0,0.0,0.0,0.0,0.0,0.0,0.0
2024-06-07T22:00,3600,0.0,0.0,0.0,0.0,0.0,0.0,0.0,0.0,0.0
2024-06-07T23:00,3600,0.0,0.0,0.0,0.0,0.0,0.0,0.0,0.0,0.0
2024-06-08T00:00,3600,0.0,0.0,0.0,0.0,0.0,0.0,0.0,0.0,0.0
2024-06-08T01:00,3600,0.0,0.0,0.0,0.0,0.0,0.0,0.0,0.0,0.0
2024-06-08T02:00,3600,0.0,0.0,0.0,0.0,0.0,0.0,0.0,0.0,0.0
2024-06-08T03:00,3600,0.0,0.0,0.0,0.0,0.0,0.0,0.0,0.0,0.0
2024-06-08T04:00,3600,0.0,0.0,0.0,0.0,0.0,0.0,0.0,0.0,0.0
2024-06-08T05:00,3600,0.0,0.0,0.0,0.0,0.0,0.0,1.93689998,0.0,0.96820194
2024-06-08T06:00,3600,0.0,0.050513787170000005,0.0,0.0,0.0,0.050513787170000005,71.06212909,50.51378717,35.68030799
2024-06-08T07:00,3600,0.0,0.16256517423,0.0,0.0,0.0,0.16256517423,205.42558078,162.56517423,103.87881494
2024-06-08T08:00,3600,0.0,0.31512579928000006,0.0,0.0,0.0,0.31512579928000006,388.90720246,315.12579928,198.63003106
2024-06-08T09:00,3600,0.0,0.25157942883,0.0,0.0,0.0,0.25157942883,312.40487949,251.57942883,159.17831345
2024-06-08T10:00,3600,0.0,0.26501080225,0.0,0.0,0.0,0.26501080225,328.56555757,265.01080225,168.32239584
2024-06-08T11:00,3600,0.0,0.33402794818000003,0.0,0.0,0.0,0.33402794818000003,411.68427904,334.02794818,211.67421757
2024-06-08T12:00,3600,0.0,0.6515778176600001,0.0,0.0,0.0,0.6515778176600001,795.79286908,651.57781766,418.04280929
2024-06-08T13:00,3600,0.0,0.5713598148900001,0.0,0.0,0.0,0.5713598148900001,698.49920934,571.35981489,367.71530894
2024-06-08T14:00,3600,0.0,0.57634399523,0.0,0.0,0.0,0.57634399523,704.53916367,576.34399523,372.51971424
2024-06-08T15:00,3600,0.0,0.23471197509,0.0,0.0,0.0,0.23471197509,292.11680026,234.71197509,151.07204388
2024-06-08T16:00,3600,0.0,0.23986694971,0.0,0.0,0.0,0.23986694971,298.31635986,239.86694971,153.68900499
2024-06-08T17:00,3600,0.0,0.15857205399,0.0,0.0,0.0,0.15857205399,200.63155726,158.57205399,102.34514129
2024-06-08T18:00,3600,0.0,0.00723004565,0.0,0.0,0.0,0.00723004565,19.24932556,7.23004565,9.69791844
2024-06-08T19:00,3600,0.0,0.0,0.0,0.0,0.0,0.0,0.0,0.0,0.0
2024-06-08T20:00,3600,0.0,0.0,0.0,0.0,0.0,0.0,0.0,0.0,0.0
2024-06-08T21:00,3600,0.0,0.0,0.0,0.0,0.0,0.0,0.0,0.0,0.0
2024-06-08T22:00,3600,0.0,0.0,0.0,0.0,0.0,0.0,0.0,0.0,0.0
2024-06-08T23:00,3600,0.0,0.0,0.0,0.0,0.0,0.0,0.0,0.0,0.0
2024-06-09T00:00,3600,0.0,0.0,0.0,0.0,0.0,0.0,0.0,0.0,0.0
2024-06-09T01:00,3600,0.0,0.0,0.0,0.0,0.0,0.0,0.0,0.0,0.0
2024-06-09T02:00,3600,0.0,0.0,0.0,0.0,0.0,0.0,0.0,0.0,0.0
2024-06-09T03:00,3600,0.0,0.0,0.0,0.0,0.0,0.0,0.0,0.0,0.0
2024-06-09T04:00,3600,0.0,0.0,0.0,0.0,0.0,0.0,0.0,0.0,0.0
2024-06-09T05:00,3600,0.0,0.0,0.0,0.0,0.0,0.0,0.0,0.0,0.0
2024-06-09T06:00,3600,0.0,0.018512652980000002,0.0,0.0,0.0,0.018512652980000002,32.75036676,18.51265298,16.459433
2024-06-09T07:00,3600,0.0,0.06517596813,0.0,0.0,0.0,0.06517596813,88.62480951,65.17596813,44.68149041
2024-06-09T08:00,3600,0.0,0.13674999249999997,0.0,0.0,0.0,0.13674999249999997,174.44018736,136.7499925,88.31053192
2024-06-09T09:00,3600,0.0,0.28319561340000005,0.0,0.0,0.0,0.28319561340000005,350.4533641,283.1956134,178.86793113
2024-06-09T10:00,3600,0.0,0.43951540425,0.0,0.0,0.0,0.43951540425,538.97518827,439.51540425,279.45816798
2024-06-09T11:00,3600,0.0,0.44137267863,0.0,0.0,0.0,0.44137267863,541.21906846,441.37267863,281.40700429
2024-06-09T12:00,3600,0.0,0.6497472521800001,0.0,0.0,0.0,0.6497472521800001,793.57065095,649.74725218,418.36656514
2024-06-09T13:00,3600,0.0,0.73012119184,0.0,0.0,0.0,0.73012119184,891.22851913,730.12119184,472.23917423
2024-06-09T14:00,3600,0.0,0.48522054373,0.0,0.0,0.0,0.48522054373,594.22164937,485.22054373,308.97463892
2024-06-09T15:00,3600,0.0,0.27101304058,0.0,0.0,0.0,0.27101304058,335.78904981,271.01304058,172.2495768
2024-06-09T16:00,3600,0.0,0.18901814239999998,0.0,0.0,0.0,0.18901814239999998,237.19506212,189.0181424,120.97478927
2024-06-09T17:00,3600,0.0,0.09779657933,0.0,0.0,0.0,0.09779657933,127.71907503,97.79657933,64.81439182
2024-06-09T18:00,3600,0.0,0.02483402469,0.0,0.0,0.0,0.02483402469,40.31615308,24.83402469,20.33224077
2024-06-09T19:00,3600,0.0,0.0,0.0,0.0,0.0,0.0,0.0,0.0,0.0
2024-06-09T20:00,3600,0.0,0.0,0.0,0.0,0.0,0.0,0.0,0.0,0.0
2024-06-09T21:00,3600,0.0,0.0,0.0,0.0,0.0,0.0,0.0,0.0,0.0
2024-06-09T22:00,3600,0.0,0.0,0.0,0.0,0.0,0.0,0.0,0.0,0.0
2024-06-09T23:00,3600,0.0,0.0,0.0,0.0,0.0,0.0,0.0,0.0,0.0
2024-06-10T00:00,3600,0.0,0.0,0.0,0.0,0.0,0.0,0.0,0.0,0.0
2024-06-10T01:00,3600,0.0,0.0,0.0,0.0,0.0,0.0,0.0,0.0,0.0
2024-06-10T02:00,3600,0.0,0.0,0.0,0.0,0.0,0.0,0.0,0.0,0.0
2024-06-10T03:00,3600,0.0,0.0,0.0,0.0,0.0,0.0,0.0,0.0,0.0
2024-06-10T04:00,3600,0.0,0.0,0.0,0.0,0.0,0.0,0.0,0.0,0.0
2024-06-10T05:00,3600,0.0,0.0,0.0,0.0,0.0,0.0,1.92877752,0.0,0.96820194
2024-06-10T06:00,3600,0.0,0.03777792443,0.0,0.0,0.0,0.03777792443,55.81148554,37.77792443,28.18110979
2024-06-10T07:00,3600,0.0,0.16254034605999998,0.0,0.0,0.0,0.16254034605999998,205.39577149,162.54034606,104.52463823
2024-06-10T08:00,3600,1.0870588235294116,0.30535578687,0.30535578687,0.7817030366594117,0.0,0.0,377.13814542,305.35578687,193.80057528
2024-06-10T09:00,3600,1.0870588235294116,0.58433177437,0.58433177437,0.5027270491594117,0.0,0.0,714.22038517,584.33177437,373.60874766
2024-06-10T10:00,3600,1.0870588235294116,0.7418774588799999,0.7418774588799999,0.34518136464941174,0.0,0.0,905.52799275,741.87745888,482.97341686
2024-06-10T11:00,3600,1.086230588235294,0.90588501818,0.90588501818,0.18034557005529406,0.0,0.0,1105.41899412,905.88501818,597.53282104
2024-06-10T12:00,3600,1.0800188235294121,0.9596689988,0.9596689988,0.12034982472941214,0.0,0.0,1171.13550774,959.6689988,637.61137811
2024-06-10T13:00,3600,1.0663529411764705,0.87008587003,0.87008587003,0.19626707114647046,0.0,0.0,1061.72275887,870.08587003,576.00028773
2024-06-10T14:00,3600,1.07008,0.7650106484299999,0.7650106484299999,0.30506935157000004,0.0,0.0,933.67680918,765.01064843,501.35453746
2024-06-10T15:00,3600,1.0750494117647058,0.35875595975999997,0.35875595975999997,0.7162934520047058,0.0,0.0,441.49617408,358.75595976,230.80976626
2024-06-10T16:00,3600,0.8676092505365731,0.22860200882,0.22860200882,0.6390072417165731,0.0,0.0,284.76966178,228.60200882,146.93513687
2024-06-10T17:00,3600,0.6011030647058823,0.13580453353,0.13580453353,0.46529853117588227,0.0,0.0,173.30571316,135.80453353,88.99721602
2024-06-10T18:00,3600,0.0,0.03900362472,0.0,0.0,0.0,0.03900362472,57.27902057,39.00362472,29.10170484
2024-06-10T19:00,3600,0.0,0.0,0.0,0.0,0.0,0.0,0.0,0.0,0.0
2024-06-10T20:00,3600,0.0,0.0,0.0,0.0,0.0,0.0,0.0,0.0,0.0
2024-06-10T21:00,3600,0.0,0.0,0.0,0.0,0.0,0.0,0.0,0.0,0.0
2024-06-10T22:00,3600,0.0,0.0,0.0,0.0,0.0,0.0,0.0,0.0,0.0
2024-06-10T23:00,3600,0.0,0.0,0.0,0.0,0.0,0.0,0.0,0.0,0.0
2024-06-11T00:00,3600,0.0,0.0,0.0,0.0,0.0,0.0,0.0,0.0,0.0
2024-06-11T01:00,3600,0.0,0.0,0.0,0.0,0.0,0.0,0.0,0.0,0.0
2024-06-11T02:00,3600,0.0,0.0,0.0,0.0,0.0,0.0,0.0,0.0,0.0
2024-06-11T03:00,3600,0.0,0.0,0.0,0.0,0.0,0.0,0.0,0.0,0.0
2024-06-11T04:00,3600,0.0,0.0,0.0,0.0,0.0,0.0,0.0,0.0,0.0
2024-06-11T05:00,3600,0.0,0.0,0.0,0.0,0.0,0.0,3.84360652,0.0,1.93640388
2024-06-11T06:00,3600,0.0,0.06118968095999999,0.0,0.0,0.0,0.06118968095999999,83.84938019,61.18968096,42.51624164
2024-06-11T07:00,3600,0.0,0.2191253215,0.0,0.0,0.0,0.2191253215,273.37608627,219.1253215,140.11522655
2024-06-11T08:00,3600,1.0802304226425063,0.32635249504,0.32635249504,0.7538779276025063,0.0,0.0,402.43419337,326.35249504,207.88934553
2024-06-11T09:00,3600,0.7062905205882353,0.59112430068,0.59112430068,0.11516621990823528,0.0,0.0,722.45434246,591.12430068,379.87764628
2024-06-11T10:00,3600,0.7462897147058823,0.5160686473199999,0.5160686473199999,0.23022106738588244,0.0,0.0,631.54194647,516.06864732,333.22062738
2024-06-11T11:00,3600,0.7036720676470589,0.38385954644,0.38385954644,0.31981252120705894,0.0,0.0,471.77788144,383.85954644,246.72681159
2024-06-11T12:00,3600,0.737007488235294,0.5446125106399999,0.5446125106399999,0.19239497759529411,0.0,0.0,666.09786858,544.61251064,350.73076527
2024-06-11T13:00,3600,0.7031042823529413,0.3637576226,0.3637576226,0.3393466597529413,0.0,0.0,447.52816166,363.7576226,233.84889124
2024-06-11T14:00,3600,0.7432663529411764,0.45735952787999995,0.45735952787999995,0.28590682506117643,0.0,0.0,560.53760684,457.35952788,295.23026894
2024-06-11T15:00,3600,0.6747772294117648,0.25426512193,0.25426512193,0.42051210748176476,0.0,0.0,315.63592533,254.26512193,164.2654067
2024-06-11T16:00,3600,0.5827721647058823,0.12969448650999998,0.12969448650999998,0.45307767819588235,0.0,0.0,165.9747293,129.69448651,85.03012653
2024-06-11T17:00,3600,0.5714670205882353,0.08014717115,0.08014717115,0.49131984943823526,0.0,0.0,106.56356204,80.14717115,54.46079446
2024-06-11T18:00,3600,0.0,0.0167143484,0.0,0.0,0.0,0.0167143484,30.59824517,16.7143484,15.50713009
2024-06-11T19:00,3600,0.0,0.0,0.0,0.0,0.0,0.0,0.0,0.0,0.0
2024-06-11T20:00,3600,0.0,0.0,0.0,0.0,0.0,0.0,0.0,0.0,0.0
2024-06-11T21:00,3600,0.0,0.0,0.0,0.0,0.0,0.0,0.0,0.0,0.0
2024-06-11T22:00,3600,0.0,0.0,0.0,0.0,0.0,0.0,0.0,0.0,0.0
2024-06-11T23:00,3600,0.0,0.0,0.0,0.0,0.0,0.0,0.0,0.0,0.0
2024-06-12T00:00,3600,0.0,0.0,0.0,0.0,0.0,0.0,0.0,0.0,0.0
2024-06-12T01:00,3600,0.0,0.0,0.0,0.0,0.0,0.0,0.0,0.0,0.0
2024-06-12T02:00,3600,0.0,0.0,0.0,0.0,0.0,0.0,0.0,0.0,0.0
2024-06-12T03:00,3600,0.0,0.0,0.0,0.0,0.0,0.0,0.0,0.0,0.0
2024-06-12T04:00,3600,0.0,0.0,0.0,0.0,0.0,0.0,0.0,0.0,0.0
2024-06-12T05:00,3600,0.0,0.0,0.0,0.0,0.0,0.0,3.83951495,0.0,1.93640388
2024-06-12T06:00,3600,0.0,0.06467762404,0.0,0.0,0.0,0.06467762404,88.02778794,64.67762404,44.72401079
2024-06-12T07:00,3600,0.0,0.18365785077000002,0.0,0.0,0.0,0.18365785077000002,230.7559401,183.65785077,118.24575546
2024-06-12T08:00,3600,1.0870588235294116,0.35736852765,0.35736852765,0.7296902958794116,0.0,0.0,439.82305652,357.36852765,228.1205486
2024-06-12T09:00,3600,0.7167682007654211,0.56479223484,0.56479223484,0.15197596592542117,0.0,0.0,690.54149898,564.79223484,363.83744227
2024-06-12T10:00,3600,0.8532622176470588,0.8227637027299999,0.8227637027299999,0.030498514917058905,0.0,0.0,1004.01700869,822.76370273,542.85800362
2024-06-12T11:00,3600,0.8882590000000001,0.89215836025,0.8882590000000001,0.0,0.0,0.003899360249999817,1088.6600387,892.15836025,591.51522948
2024-06-12T12:00,3600,0.9266029794117645,0.98670422959,0.9266029794117645,0.0,0.0,0.06010125017823553,1204.1997481,986.70422959,657.76490972
2024-06-12T13:00,3600,0.8993519823529411,0.8315267199199999,0.8315267199199999,0.06782526243294118,0.0,0.0,1014.69808322,831.52671992,549.18084123
2024-06-12T14:00,3600,0.8242033147058825,0.57655646643,0.57655646643,0.24764684827588246,0.0,0.0,704.79665683,576.55646643,376.07218287
2024-06-12T15:00,3600,0.8338964058823528,0.58442478803,0.58442478803,0.24947161785235283,0.0,0.0,714.33312849,584.42478803,381.9000616
2024-06-12T16:00,3600,0.7273667676470589,0.44380481399,0.44380481399,0.2835619536570589,0.0,0.0,544.15761406,443.80481399,285.54463955
2024-06-12T17:00,3600,0.6232085264705882,0.14089162260000002,0.14089162260000002,0.48231690387058823,0.0,0.0,179.41009056,140.8916226,92.38263979
2024-06-12T18:00,3600,0.0,0.01188466589,0.0,0.0,0.0,0.01188466589,24.81874673,11.88466589,12.58662524
2024-06-12T19:00,3600,0.0,0.0,0.0,0.0,0.0,0.0,0.0,0.0,0.0
2024-06-12T20:00,3600,0.0,0.0,0.0,0.0,0.0,0.0,0.0,0.0,0.0
2024-06-12T21:00,3600,0.0,0.0,0.0,0.0,0.0,0.0,0.0,0.0,0.0
2024-06-12T22:00,3600,0.0,0.0,0.0,0.0,0.0,0.0,0.0,0.0,0.0
2024-06-12T23:00,3600,0.0,0.0,0.0,0.0,0.0,0.0,0.0,0.0,0.0
2024-06-13T00:00,3600,0.0,0.0,0.0,0.0,0.0,0.0,0.0,0.0,0.0
2024-06-13T01:00,3600,0.0,0.0,0.0,0.0,0.0,0.0,0.0,0.0,0.0
2024-06-13T02:00,3600,0.0,0.0,0.0,0.0,0.0,0.0,0.0,0.0,0.0
2024-06-13T03:00,3600,0.0,0.0,0.0,0.0,0.0,0.0,0.0,0.0,0.0
2024-06-13T04:00,3600,0.0,0.0,0.0,0.0,0.0,0.0,0.0,0.0,0.0
2024-06-13T05:00,3600,0.0,0.0,0.0,0.0,0.0,0.0,1.91656501,0.0,0.96820194
2024-06-13T06:00,3600,0.0,0.05511241752,0.0,0.0,0.0,0.05511241752,76.56985185,55.11241752,38.90472377
2024-06-13T07:00,3600,0.0,0.15110721409,0.0,0.0,0.0,0.15110721409,191.67063669,151.10721409,98.03156016
2024-06-13T08:00,3600,1.0870588235294116,0.21149696843999996,0.21149696843999996,0.8755618550894116,0.0,0.0,264.20647405,211.49696844,135.87970391
2024-06-13T09:00,3600,0.6792743642038527,0.31415523482999996,0.31415523482999996,0.3651191293738527,0.0,0.0,387.73793474,314.15523483,200.63656346
2024-06-13T10:00,3600,0.6382501294117647,0.24678998302,0.24678998302,0.39146014639176474,0.0,0.0,306.64337973,246.78998302,158.78511839
2024-06-13T11:00,3600,0.661411894117647,0.32258147031,0.32258147031,0.338830423807647,0.0,0.0,397.89012248,322.58147031,206.96547646
2024-06-13T12:00,3600,0.6875295529411765,0.37242708413000003,0.37242708413000003,0.31510246881117643,0.0,0.0,457.9851148,372.42708413,239.33227797
2024-06-13T13:00,3600,0.7393862205882352,0.411252053,0.411252053,0.3281341675882352,0.0,0.0,504.84024583,411.252053,266.23043475
2024-06-13T14:00,3600,0.7391422705882355,0.35877989817999995,0.35877989817999995,0.3803623724082355,0.0,0.0,441.52504211,358.77989818,232.38129078
2024-06-13T15:00,3600,0.7411694617647058,0.40113316286999995,0.40113316286999995,0.3400362988947058,0.0,0.0,492.62450506,401.13316287,259.57417614
2024-06-13T16:00,3600,0.6568156029411766,0.21774405697,0.21774405697,0.4390715459711766,0.0,0.0,271.71562994,217.74405697,141.00604089
2024-06-13T17:00,3600,0.6032197088235294,0.07091002473000001,0.07091002473000001,0.5323096840935294,0.0,0.0,95.49474762,70.91002473,49.03509188
2024-06-13T18:00,3600,0.0,0.00864603297,0.0,0.0,0.0,0.00864603297,20.94354455,8.64603297,10.65022136
2024-06-13T19:00,3600,0.0,0.0,0.0,0.0,0.0,0.0,0.0,0.0,0.0
2024-06-13T20:00,3600,0.0,0.0,0.0,0.0,0.0,0.0,0.0,0.0,0.0
2024-06-13T21:00,3600,0.0,0.0,0.0,0.0,0.0,0.0,0.0,0.0,0.0
2024-06-13T22:00,3600,0.0,0.0,0.0,0.0,0.0,0.0,0.0,0.0,0.0
2024-06-13T23:00,3600,0.0,0.0,0.0,0.0,0.0,0.0,0.0,0.0,0.0
2024-06-14T00:00,3600,0.0,0.0,0.0,0.0,0.0,0.0,0.0,0.0,0.0
2024-06-14T01:00,3600,0.0,0.0,0.0,0.0,0.0,0.0,0.0,0.0,0.0
2024-06-14T02:00,3600,0.0,0.0,0.0,0.0,0.0,0.0,0.0,0.0,0.0
2024-06-14T03:00,3600,0.0,0.0,0.0,0.0,0.0,0.0,0.0,0.0,0.0
2024-06-14T04:00,3600,0.0,0.0,0.0,0.0,0.0,0.0,0.0,0.0,0.0
2024-06-14T05:00,3600,0.0,0.0,0.0,0.0,0.0,0.0,1.91251205,0.0,0.96820194
2024-06-14T06:00,3600,0.0,0.01186055629,0.0,0.0,0.0,0.01186055629,24.78989724,11.86055629,12.58662524
2024-06-14T07:00,3600,0.0,0.08319260377,0.0,0.0,0.0,0.08319260377,110.21338423,83.19260377,56.1557126
2024-06-14T08:00,3600,1.0870588235294116,0.19033981541,0.19033981541,0.8967190081194116,0.0,0.0,238.78285829,190.33981541,122.47946353
2024-06-14T09:00,3600,0.7583029809025077,0.28644585063,0.28644585063,0.4718571302725077,0.0,0.0,354.36639398,286.44585063,182.9482379
2024-06-14T10:00,3600,0.7212685029411765,0.53899435427,0.53899435427,0.18227414867117653,0.0,0.0,659.29461304,538.99435427,346.25347226
2024-06-14T11:00,3600,0.7770332205882353,0.6806302700600001,0.6806302700600001,0.09640295052823522,0.0,0.0,831.07360651,680.63027006,439.76882459
2024-06-14T12:00,3600,0.802886155882353,0.77827596305,0.77827596305,0.024610192832352995,0.0,0.0,949.82499891,778.27596305,504.17689058
2024-06-14T13:00,3600,0.7850074764705882,0.72850791889,0.72850791889,0.05649955758058822,0.0,0.0,889.26655158,728.50791889,471.8385436
2024-06-14T14:00,3600,0.6847611558823531,0.40533276844,0.40533276844,0.2794283874423531,0.0,0.0,497.69401946,405.33276844,259.79696952
2024-06-14T15:00,3600,0.6487170441176471,0.27268163537,0.27268163537,0.37603540874764707,0.0,0.0,337.79732071,272.68163537,175.06200879
2024-06-14T16:00,3600,0.6213971764705882,0.21990646721999998,0.21990646721999998,0.4014907092505883,0.0,0.0,274.31514595,219.90646722,141.44296451
2024-06-14T17:00,3600,0.5392610911764706,0.11281249746,0.11281249746,0.4264485937164706,0.0,0.0,145.72450541,112.81249746,74.16838354
2024-06-14T18:00,3600,0.0,0.04065112686,0.0,0.0,0.0,0.04065112686,59.25164342,40.65112686,30.0222097
2024-06-14T19:00,3600,0.0,0.0,0.0,0.0,0.0,0.0,0.0,0.0,0.0
2024-06-14T20:00,3600,0.0,0.0,0.0,0.0,0.0,0.0,0.0,0.0,0.0
2024-06-14T21:00,3600,0.0,0.0,0.0,0.0,0.0,0.0,0.0,0.0,0.0
2024-06-14T22:00,3600,0.0,0.0,0.0,0.0,0.0,0.0,0.0,0.0,0.0
2024-06-14T23:00,3600,0.0,0.0,0.0,0.0,0.0,0.0,0.0,0.0,0.0
2024-06-15T00:00,3600,0.0,0.0,0.0,0.0,0.0,0.0,0.0,0.0,0.0
2024-06-15T01:00,3600,0.0,0.0,0.0,0.0,0.0,0.0,0.0,0.0,0.0
2024-06-15T02:00,3600,0.0,0.0,0.0,0.0,0.0,0.0,0.0,0.0,0.0
2024-06-15T03:00,3600,0.0,0.0,0.0,0.0,0.0,0.0,0.0,0.0,0.0
2024-06-15T04:00,3600,0.0,0.0,0.0,0.0,0.0,0.0,0.0,0.0,0.0
2024-06-15T05:00,3600,0.0,0.0,0.0,0.0,0.0,0.0,0.0,0.0,0.0
2024-06-15T06:00,3600,0.0,0.020049787790000002,0.0,0.0,0.0,0.020049787790000002,34.59000152,20.04978779,17.42763494
2024-06-15T07:00,3600,0.0,0.09351620526,0.0,0.0,0.0,0.09351620526,122.58762783,93.51620526,61.99443461
2024-06-15T08:00,3600,0.0,0.19201026766,0.0,0.0,0.0,0.19201026766,240.78972879,192.01026766,122.35445336
2024-06-15T09:00,3600,0.0,0.31870790281000005,0.0,0.0,0.0,0.31870790281000005,393.22288988,318.70790281,201.84205062
2024-06-15T10:00,3600,0.0,0.3598542517,0.0,0.0,0.0,0.3598542517,442.8206519,359.8542517,229.03266564
2024-06-15T11:00,3600,0.0,0.44881676876,0.0,0.0,0.0,0.44881676876,550.21365018,448.81676876,286.65106201
2024-06-15T12:00,3600,0.0,0.66251276512,0.0,0.0,0.0,0.66251276512,809.0693056,662.51276512,427.40432149
2024-06-15T13:00,3600,0.0,0.47264911655999997,0.0,0.0,0.0,0.47264911655999997,579.0201248,472.64911656,303.0500657
2024-06-15T14:00,3600,0.0,0.18476760064000003,0.0,0.0,0.0,0.18476760064000003,232.08897853,184.76760064,118.99981143
2024-06-15T15:00,3600,0.0,0.040520675939999994,0.0,0.0,0.0,0.040520675939999994,59.09544646,40.52067594,30.01426018
2024-06-15T16:00,3600,0.0,0.06305086892,0.0,0.0,0.0,0.06305086892,86.07896398,63.05086892,43.56908736
2024-06-15T17:00,3600,0.0,0.054493757440000005,0.0,0.0,0.0,0.054493757440000005,75.82885748,54.49375744,38.3889435
2024-06-15T18:00,3600,0.0,0.02819023779,0.0,0.0,0.0,0.02819023779,44.33349677,28.19023779,22.26864465
2024-06-15T19:00,3600,0.0,0.0,0.0,0.0,0.0,0.0,0.0,0.0,0.0
2024-06-15T20:00,3600,0.0,0.0,0.0,0.0,0.0,0.0,0.0,0.0,0.0
2024-06-15T21:00,3600,0.0,0.0,0.0,0.0,0.0,0.0,0.0,0.0,0.0
2024-06-15T22:00,3600,0.0,0.0,0.0,0.0,0.0,0.0,0.0,0.0,0.0
2024-06-15T23:00,3600,0.0,0.0,0.0,0.0,0.0,0.0,0.0,0.0,0.0
2024-06-16T00:00,3600,0.0,0.0,0.0,0.0,0.0,0.0,0.0,0.0,0.0
2024-06-16T01:00,3600,0.0,0.0,0.0,0.0,0.0,0.0,0.0,0.0,0.0
2024-06-16T02:00,3600,0.0,0.0,0.0,0.0,0.0,0.0,0.0,0.0,0.0
2024-06-16T03:00,3600,0.0,0.0,0.0,0.0,0.0,0.0,0.0,0.0,0.0
2024-06-16T04:00,3600,0.0,0.0,0.0,0.0,0.0,0.0,0.0,0.0,0.0
2024-06-16T05:00,3600,0.0,0.0,0.0,0.0,0.0,0.0,0.0,0.0,0.0
2024-06-16T06:00,3600,0.0,0.00243110496,0.0,0.0,0.0,0.00243110496,13.50782266,2.43110496,6.77741359
2024-06-16T07:00,3600,0.0,0.0056683763799999995,0.0,0.0,0.0,0.0056683763799999995,17.3808609,5.66837638,8.71381747
2024-06-16T08:00,3600,0.0,0.029842649960000002,0.0,0.0,0.0,0.029842649960000002,46.31152292,29.84264996,23.23684659
2024-06-16T09:00,3600,0.0,0.055532158809999996,0.0,0.0,0.0,0.055532158809999996,77.07259888,55.53215881,38.72807766
2024-06-16T10:00,3600,0.0,0.14375322365,0.0,0.0,0.0,0.14375322365,182.84424395,143.75322365,92.94738637
2024-06-16T11:00,3600,0.0,0.19052825898,0.0,0.0,0.0,0.19052825898,239.00924942,190.52825898,121.92392863
2024-06-16T12:00,3600,0.0,0.29724466844,0.0,0.0,0.0,0.29724466844,367.36937553,297.24466844,188.55599959
2024-06-16T13:00,3600,0.0,0.4210533109,0.0,0.0,0.0,0.4210533109,516.6752003,421.0533109,267.30067617
2024-06-16T14:00,3600,0.0,0.19910958485,0.0,0.0,0.0,0.19910958485,249.31964017,199.10958485,127.70433751
2024-06-16T15:00,3600,0.0,0.15032169526000003,0.0,0.0,0.0,0.15032169526000003,190.72777351,150.32169526,97.78839608
2024-06-16T16:00,3600,0.0,0.13796550514,0.0,0.0,0.0,0.13796550514,175.89873932,137.96550514,89.86185073
2024-06-16T17:00,3600,0.0,0.08580706926000001,0.0,0.0,0.0,0.08580706926000001,113.34690821,85.80706926,57.73526998
2024-06-16T18:00,3600,0.0,0.03908478354,0.0,0.0,0.0,0.03908478354,57.37619372,39.08478354,29.05400776
2024-06-16T19:00,3600,0.0,0.0,0.0,0.0,0.0,0.0,1.91791842,0.0,0.96820194
2024-06-16T20:00,3600,0.0,0.0,0.0,0.0,0.0,0.0,0.0,0.0,0.0
2024-06-16T21:00,3600,0.0,0.0,0.0,0.0,0.0,0.0,0.0,0.0,0.0
2024-06-16T22:00,3600,0.0,0.0,0.0,0.0,0.0,0.0,0.0,0.0,0.0
2024-06-16T23:00,3600,0.0,0.0,0.0,0.0,0.0,0.0,0.0,0.0,0.0
2024-06-17T00:00,3600,0.0,0.0,0.0,0.0,0.0,0.0,0.0,0.0,0.0
2024-06-17T01:00,3600,0.0,0.0,0.0,0.0,0.0,0.0,0.0,0.0,0.0
2024-06-17T02:00,3600,0.0,0.0,0.0,0.0,0.0,0.0,0.0,0.0,0.0
2024-06-17T03:00,3600,0.0,0.0,0.0,0.0,0.0,0.0,0.0,0.0,0.0
2024-06-17T04:00,3600,0.0,0.0,0.0,0.0,0.0,0.0,0.0,0.0,0.0
2024-06-17T05:00,3600,0.0,0.0,0.0,0.0,0.0,0.0,1.92200199,0.0,0.96820194
2024-06-17T06:00,3600,0.0,0.04668292765,0.0,0.0,0.0,0.04668292765,66.47438638,46.68292765,33.67425187
2024-06-17T07:00,3600,0.0,0.17992967247000002,0.0,0.0,0.0,0.17992967247000002,226.27787171,179.92967247,115.71309095
2024-06-17T08:00,3600,1.0870588235294116,0.38280787092999996,0.38280787092999996,0.7042509525994116,0.0,0.0,470.50893209,382.80787093,244.11481743
2024-06-17T09:00,3600,1.0870588235294116,0.6904407854200001,0.6904407854200001,0.39661803810941154,0.0,0.0,842.99260771,690.44078542,446.92419392
2024-06-17T10:00,3600,1.0738070588235296,0.8605289103200001,0.8605289103200001,0.21327814850352944,0.0,0.0,1050.06370073,860.52891032,568.11648291
2024-06-17T11:00,3600,1.0713223529411764,0.88877795764,0.88877795764,0.1825443953011764,0.0,0.0,1084.53370213,888.77795764,587.70207796
2024-06-17T12:00,3600,1.0663529411764705,0.8744488302900001,0.8744488302900001,0.1919041108864704,0.0,0.0,1067.04622859,874.44883029,577.73621042
2024-06-17T13:00,3600,1.0675952941176472,0.57725234689,0.57725234689,0.49034294722764715,0.0,0.0,705.64000083,577.25234689,374.22366852
2024-06-17T14:00,3600,1.065110588235294,0.6436116023999999,0.6436116023999999,0.4214989858352941,0.0,0.0,786.1229466,643.6116024,418.8330914
2024-06-17T15:00,3600,1.0825035294117646,0.52199666913,0.52199666913,0.5605068602817647,0.0,0.0,638.71671415,521.99666913,336.43405589
2024-06-17T16:00,3600,0.7355429391810776,0.35992927658,0.35992927658,0.3756136626010776,0.0,0.0,442.91112886,359.92927658,231.15322232
2024-06-17T17:00,3600,0.6442734000000001,0.16289524961000001,0.16289524961000001,0.4813781503900001,0.0,0.0,205.8218788,162.89524961,106.38932164
2024-06-17T18:00,3600,0.0,0.0356960871,0.0,0.0,0.0,0.0356960871,53.31898647,35.6960871,27.12555339
2024-06-17T19:00,3600,0.0,0.0,0.0,0.0,0.0,0.0,1.90708885,0.0,0.96820194
2024-06-17T20:00,3600,0.0,0.0,0.0,0.0,0.0,0.0,0.0,0.0,0.0
2024-06-17T21:00,3600,0.0,0.0,0.0,0.0,0.0,0.0,0.0,0.0,0.0
2024-06-17T22:00,3600,0.0,0.0,0.0,0.0,0.0,0.0,0.0,0.0,0.0
2024-06-17T23:00,3600,0.0,0.0,0.0,0.0,0.0,0.0,0.0,0.0,0.0
2024-06-18T00:00,3600,0.0,0.0,0.0,0.0,0.0,0.0,0.0,0.0,0.0
2024-06-18T01:00,3600,0.0,0.0,0.0,0.0,0.0,0.0,0.0,0.0,0.0
2024-06-18T02:00,3600,0.0,0.0,0.0,0.0,0.0,0.0,0.0,0.0,0.0
2024-06-18T03:00,3600,0.0,0.0,0.0,0.0,0.0,0.0,0.0,0.0,0.0
2024-06-18T04:00,3600,0.0,0.0,0.0,0.0,0.0,0.0,0.0,0.0,0.0
2024-06-18T05:00,3600,0.0,0.0,0.0,0.0,0.0,0.0,1.91657304,0.0,0.96820194
2024-06-18T06:00,3600,0.0,0.060123531839999994,0.0,0.0,0.0,0.060123531839999994,82.57224356,60.12353184,41.9509729
2024-06-18T07:00,3600,0.0,0.2223533419,0.0,0.0,0.0,0.2223533419,277.25677955,222.3533419,142.29069281
2024-06-18T08:00,3600,1.0870588235294116,0.36418402278000006,0.36418402278000006,0.7228748007494116,0.0,0.0,448.04243026,364.18402278,232.38868518
2024-06-18T09:00,3600,0.9300912253571118,0.5881428668900001,0.5881428668900001,0.3419483584671117,0.0,0.0,718.84006641,588.14286689,378.18476922
2024-06-18T10:00,3600,0.8185195705882352,0.72293372593,0.72293372593,0.09558584465823516,0.0,0.0,882.48810549,722.93372593,472.30717281
2024-06-18T11:00,3600,0.8682353323529409,0.80885131844,0.80885131844,0.0593840139129409,0.0,0.0,987.06389935,808.85131844,532.83403744
2024-06-18T12:00,3600,0.8951029794117646,0.89109044206,0.89109044206,0.004012537351764656,0.0,0.0,1087.3564343,891.09044206,587.79518491
2024-06-18T13:00,3600,0.8047270617647058,0.7122183129799999,0.7122183129799999,0.09250874878470583,0.0,0.0,869.4601607,712.21831298,462.96922882
2024-06-18T14:00,3600,0.7593997029411765,0.5874493157,0.5874493157,0.1719503872411765,0.0,0.0,717.99933654,587.4493157,379.41255472
2024-06-18T15:00,3600,0.6868898352941177,0.39873170963000004,0.39873170963000004,0.2881581256641177,0.0,0.0,489.72582967,398.73170963,254.91133783
2024-06-18T16:00,3600,0.6491148529411764,0.2266133122,0.2266133122,0.4225015407411764,0.0,0.0,282.37850258,226.6133122,146.11032143
2024-06-18T17:00,3600,0.6444128,0.19247809793,0.19247809793,0.45193470206999997,0.0,0.0,241.35179049,192.47809793,124.7880869
2024-06-18T18:00,3600,0.0,0.04830661932,0.0,0.0,0.0,0.04830661932,68.41883165,48.30661932,34.88706795
2024-06-18T19:00,3600,0.0,0.0,0.0,0.0,0.0,0.0,1.90709779,0.0,0.96820194
2024-06-18T20:00,3600,0.0,0.0,0.0,0.0,0.0,0.0,0.0,0.0,0.0
2024-06-18T21:00,3600,0.0,0.0,0.0,0.0,0.0,0.0,0.0,0.0,0.0
2024-06-18T22:00,3600,0.0,0.0,0.0,0.0,0.0,0.0,0.0,0.0,0.0
2024-06-18T23:00,3600,0.0,0.0,0.0,0.0,0.0,0.0,0.0,0.0,0.0
2024-06-19T00:00,3600,0.0,0.0,0.0,0.0,0.0,0.0,0.0,0.0,0.0
2024-06-19T01:00,3600,0.0,0.0,0.0,0.0,0.0,0.0,0.0,0.0,0.0
2024-06-19T02:00,3600,0.0,0.0,0.0,0.0,0.0,0.0,0.0,0.0,0.0
2024-06-19T03:00,3600,0.0,0.0,0.0,0.0,0.0,0.0,0.0,0.0,0.0
2024-06-19T04:00,3600,0.0,0.0,0.0,0.0,0.0,0.0,0.0,0.0,0.0
2024-06-19T05:00,3600,0.0,0.0,0.0,0.0,0.0,0.0,1.91657402,0.0,0.96820194
2024-06-19T06:00,3600,0.0,0.06712970632,0.0,0.0,0.0,0.06712970632,90.96547272,67.12970632,46.26679178
2024-06-19T07:00,3600,0.0,0.27261959429,0.0,0.0,0.0,0.27261959429,337.72264858,272.61959429,174.21869498
2024-06-19T08:00,3600,1.0870588235294116,0.41820320758999996,0.41820320758999996,0.6688556159394117,0.0,0.0,513.23344866,418.20320759,267.59115582
2024-06-19T09:00,3600,1.0301226147605747,0.7197142169,0.7197142169,0.3104083978605746,0.0,0.0,878.57344609,719.7142169,467.03515313
2024-06-19T10:00,3600,0.894744294117647,0.8990377117599999,0.894744294117647,0.0,0.0,0.004293417642352915,1097.05841329,899.03771176,595.02409478
2024-06-19T11:00,3600,0.9460588617647059,1.0346268774499998,0.9460588617647059,0.0,0.0,0.08856801568529393,1262.86047585,1034.62687745,691.40437648
2024-06-19T12:00,3600,0.8935390235294117,0.85450156551,0.85450156551,0.03903745801941172,0.0,0.0,1042.71193588,854.50156551,564.27781184
2024-06-19T13:00,3600,0.9575802294117647,0.9693520867900001,0.9575802294117647,0.0,0.0,0.011771857378235384,1182.97559459,969.35208679,647.53582231
2024-06-19T14:00,3600,0.8753334470588235,0.76635942005,0.76635942005,0.10897402700882353,0.0,0.0,935.31847671,766.35942005,503.5486424
2024-06-19T15:00,3600,0.7828606382352942,0.52344906812,0.52344906812,0.25941157011529414,0.0,0.0,640.47472041,523.44906812,338.50410737
2024-06-19T16:00,3600,0.7183561970588236,0.39359921689,0.39359921689,0.3247569801688236,0.0,0.0,483.53117918,393.59921689,253.3200335
2024-06-19T17:00,3600,0.650828394117647,0.19336838187,0.19336838187,0.45746001224764704,0.0,0.0,242.42141371,193.36838187,125.37246548
2024-06-19T18:00,3600,0.0,0.0513069993,0.0,0.0,0.0,0.0513069993,72.01210923,51.3069993,36.83937086
2024-06-19T19:00,3600,0.0,0.0,0.0,0.0,0.0,0.0,1.90165742,0.0,0.96820194
2024-06-19T20:00,3600,0.0,0.0,0.0,0.0,0.0,0.0,0.0,0.0,0.0
2024-06-19T21:00,3600,0.0,0.0,0.0,0.0,0.0,0.0,0.0,0.0,0.0
2024-06-19T22:00,3600,0.0,0.0,0.0,0.0,0.0,0.0,0.0,0.0,0.0
2024-06-19T23:00,3600,0.0,0.0,0.0,0.0,0.0,0.0,0.0,0.0,0.0
2024-06-20T00:00,3600,0.0,0.0,0.0,0.0,0.0,0.0,0.0,0.0,0.0
2024-06-20T01:00,3600,0.0,0.0,0.0,0.0,0.0,0.0,0.0,0.0,0.0
2024-06-20T02:00,3600,0.0,0.0,0.0,0.0,0.0,0.0,0.0,0.0,0.0
2024-06-20T03:00,3600,0.0,0.0,0.0,0.0,0.0,0.0,0.0,0.0,0.0
2024-06-20T04:00,3600,0.0,0.0,0.0,0.0,0.0,0.0,0.0,0.0,0.0
2024-06-20T05:00,3600,0.0,0.0,0.0,0.0,0.0,0.0,3.83143137,0.0,1.93640388
2024-06-20T06:00,3600,0.0,0.05099947643,0.0,0.0,0.0,0.05099947643,71.6438065,50.99947643,36.51763206
2024-06-20T07:00,3600,0.0,0.24191460114,0.0,0.0,0.0,0.24191460114,300.77913885,241.91460114,155.07297288
2024-06-20T08:00,3600,1.0870588235294116,0.45838829914,0.45838829914,0.6286705243894116,0.0,0.0,561.78101566,458.38829914,293.82803853
2024-06-20T09:00,3600,1.0870588235294116,0.6957432225500001,0.6957432225500001,0.39131560097941154,0.0,0.0,849.43576522,695.74322255,451.61751586
2024-06-20T10:00,3600,0.9470279700161307,0.82350529036,0.82350529036,0.12352267965613073,0.0,0.0,1004.92083213,823.50529036,543.32605134
2024-06-20T11:00,3600,0.9695096117647058,1.06485085741,0.9695096117647058,0.0,0.0,0.09534124564529411,1299.89042936,1064.85085741,714.27243603
2024-06-20T12:00,3600,0.9054437411764705,0.8592663178000001,0.8592663178000001,0.04617742337647046,0.0,0.0,1048.52358743,859.2663178,569.21108922
2024-06-20T13:00,3600,0.921980811764706,0.87524487347,0.87524487347,0.046735938294706014,0.0,0.0,1068.01757925,875.24487347,580.92790869
2024-06-20T14:00,3600,0.9112915500000001,0.8312823126900001,0.8312823126900001,0.08000923730999998,0.0,0.0,1014.40015066,831.28231269,550.04794884
2024-06-20T15:00,3600,0.8756921323529412,0.7148648906,0.7148648906,0.16082724175294116,0.0,0.0,872.67760801,714.8648906,469.4056992
2024-06-20T16:00,3600,0.8145799235294118,0.5193001718100001,0.5193001718100001,0.2952797517194117,0.0,0.0,635.45298587,519.30017181,337.2776409
2024-06-20T17:00,3600,0.7510121382352941,0.29267161729999996,0.29267161729999996,0.45834052093529415,0.0,0.0,361.86252604,292.6716173,189.75344573
2024-06-20T18:00,3600,0.0,0.059203283530000005,0.0,0.0,0.0,0.059203283530000005,81.46990544,59.20328353,41.89501746
2024-06-20T19:00,3600,0.0,0.0,0.0,0.0,0.0,0.0,1.8928521,0.0,0.96820194
2024-06-20T20:00,3600,0.0,0.0,0.0,0.0,0.0,0.0,0.0,0.0,0.0
2024-06-20T21:00,3600,0.0,0.0,0.0,0.0,0.0,0.0,0.0,0.0,0.0
2024-06-20T22:00,3600,0.0,0.0,0.0,0.0,0.0,0.0,0.0,0.0,0.0
2024-06-20T23:00,3600,0.0,0.0,0.0,0.0,0.0,0.0,0.0,0.0,0.0
2024-06-21T00:00,3600,0.0,0.0,0.0,0.0,0.0,0.0,0.0,0.0,0.0
2024-06-21T01:00,3600,0.0,0.0,0.0,0.0,0.0,0.0,0.0,0.0,0.0
2024-06-21T02:00,3600,0.0,0.0,0.0,0.0,0.0,0.0,0.0,0.0,0.0
2024-06-21T03:00,3600,0.0,0.0,0.0,0.0,0.0,0.0,0.0,0.0,0.0
2024-06-21T04:00,3600,0.0,0.0,0.0,0.0,0.0,0.0,0.0,0.0,0.0
2024-06-21T05:00,3600,0.0,0.0,0.0,0.0,0.0,0.0,3.82735428,0.0,1.93640388
2024-06-21T06:00,3600,0.0,0.0740690007,0.0,0.0,0.0,0.0740690007,99.27987232,74.0690007,50.63214008
2024-06-21T07:00,3600,0.0,0.31107766693000005,0.0,0.0,0.0,0.31107766693000005,384.03046661,311.07766693,199.10832239
2024-06-21T08:00,3600,1.0870588235294116,0.50129410352,0.50129410352,0.5857647200094116,0.0,0.0,613.66431545,501.29410352,322.70425179
2024-06-21T09:00,3600,1.0870588235294116,0.7351172701199999,0.7351172701199999,0.3519415534094117,0.0,0.0,897.30491613,735.11727012,478.79406694
2024-06-21T10:00,3600,1.0601411764705884,0.79854641874,0.79854641874,0.2615947577305884,0.0,0.0,974.51023753,798.54641874,525.89033624
2024-06-21T11:00,3600,1.058898823529412,1.12370863815,1.058898823529412,0.0,0.0,0.06480981462058821,1372.07701914,1123.70863815,755.13745816
2024-06-21T12:00,3600,1.052687058823529,1.12128499409,1.052687058823529,0.0,0.0,0.06859793526647096,1369.10256272,1121.28499409,753.12646161
2024-06-21T13:00,3600,1.0267622277996298,1.0953746180200001,1.0267622277996298,0.0,0.0,0.06861239022037036,1337.31415664,1095.37461802,737.37980237
2024-06-21T14:00,3600,1.0105386382352943,1.03251208723,1.0105386382352943,0.0,0.0,0.021973448994705658,1260.27044301,1032.51208723,693.06679307
2024-06-21T15:00,3600,0.9534482747453336,0.8215597477100001,0.8215597477100001,0.1318885270353335,0.0,0.0,1002.54969946,821.55974771,545.07451842
2024-06-21T16:00,3600,0.8465881941176471,0.52228451378,0.52228451378,0.3243036803376471,0.0,0.0,639.06512117,522.28451378,340.68181756
2024-06-21T17:00,3600,0.7710111411764705,0.27525239892000003,0.27525239892000003,0.4957587422564705,0.0,0.0,340.89156246,275.25239892,179.24678747
2024-06-21T18:00,3600,0.0,0.06233161775,0.0,0.0,0.0,0.06233161775,85.21733625,62.33161775,43.83937086
2024-06-21T19:00,3600,0.0,0.0,0.0,0.0,0.0,0.0,1.89150487,0.0,0.96820194
2024-06-21T20:00,3600,0.0,0.0,0.0,0.0,0.0,0.0,0.0,0.0,0.0
2024-06-21T21:00,3600,0.0,0.0,0.0,0.0,0.0,0.0,0.0,0.0,0.0
2024-06-21T22:00,3600,0.0,0.0,0.0,0.0,0.0,0.0,0.0,0.0,0.0
2024-06-21T23:00,3600,0.0,0.0,0.0,0.0,0.0,0.0,0.0,0.0,0.0
2024-06-22T00:00,3600,0.0,0.0,0.0,0.0,0.0,0.0,0.0,0.0,0.0
2024-06-22T01:00,3600,0.0,0.0,0.0,0.0,0.0,0.0,0.0,0.0,0.0
2024-06-22T02:00,3600,0.0,0.0,0.0,0.0,0.0,0.0,0.0,0.0,0.0
2024-06-22T03:00,3600,0.0,0.0,0.0,0.0,0.0,0.0,0.0,0.0,0.0
2024-06-22T04:00,3600,0.0,0.0,0.0,0.0,0.0,0.0,0.0,0.0,0.0
2024-06-22T05:00,3600,0.0,0.0,0.0,0.0,0.0,0.0,3.82464062,0.0,1.93640388
2024-06-22T06:00,3600,0.0,0.06119646105999999,0.0,0.0,0.0,0.06119646105999999,83.85750215,61.19646106,42.79467386
2024-06-22T07:00,3600,0.0,0.26949133415,0.0,0.0,0.0,0.26949133415,333.95763501,269.49133415,172.89519996
2024-06-22T08:00,3600,0.0,0.5387499488299999,0.0,0.0,0.0,0.5387499488299999,658.99867223,538.74994883,347.63520898
2024-06-22T09:00,3600,0.0,0.84386841783,0.0,0.0,0.0,0.84386841783,1029.74480449,843.86841783,552.91003694
2024-06-22T10:00,3600,0.0,0.9006199920100001,0.0,0.0,0.0,0.9006199920100001,1098.99026437,900.61999201,597.97762922
2024-06-22T11:00,3600,0.0,0.8781120909200001,0.0,0.0,0.0,0.8781120909200001,1071.51637367,878.11209092,582.43717933
2024-06-22T12:00,3600,0.0,0.9167842908400001,0.0,0.0,0.0,0.9167842908400001,1118.72977019,916.78429084,609.84040152
2024-06-22T13:00,3600,0.0,0.99184358125,0.0,0.0,0.0,0.99184358125,1210.48755228,991.84358125,664.0348536
2024-06-22T14:00,3600,0.0,0.7413296199000001,0.0,0.0,0.0,0.7413296199000001,904.86155527,741.3296199,488.45684883
2024-06-22T15:00,3600,0.0,0.63590173273,0.0,0.0,0.0,0.63590173273,776.76587027,635.90173273,416.42631482
2024-06-22T16:00,3600,0.0,0.35218680157,0.0,0.0,0.0,0.35218680157,433.57482694,352.18680157,228.53042259
2024-06-22T17:00,3600,0.0,0.26439793808,0.0,0.0,0.0,0.26439793808,327.82805095,264.39793808,171.46478426
2024-06-22T18:00,3600,0.0,0.07009731132,0.0,0.0,0.0,0.07009731132,94.5209873,70.09731132,48.56908736
2024-06-22T19:00,3600,0.0,0.0,0.0,0.0,0.0,0.0,1.89488855,0.0,0.96820194
2024-06-22T20:00,3600,0.0,0.0,0.0,0.0,0.0,0.0,0.0,0.0,0.0
2024-06-22T21:00,3600,0.0,0.0,0.0,0.0,0.0,0.0,0.0,0.0,0.0
2024-06-22T22:00,3600,0.0,0.0,0.0,0.0,0.0,0.0,0.0,0.0,0.0
2024-06-22T23:00,3600,0.0,0.0,0.0,0.0,0.0,0.0,0.0,0.0,0.0
2024-06-23T00:00,3600,0.0,0.0,0.0,0.0,0.0,0.0,0.0,0.0,0.0
2024-06-23T01:00,3600,0.0,0.0,0.0,0.0,0.0,0.0,0.0,0.0,0.0
2024-06-23T02:00,3600,0.0,0.0,0.0,0.0,0.0,0.0,0.0,0.0,0.0
2024-06-23T03:00,3600,0.0,0.0,0.0,0.0,0.0,0.0,0.0,0.0,0.0
2024-06-23T04:00,3600,0.0,0.0,0.0,0.0,0.0,0.0,0.0,0.0,0.0
2024-06-23T05:00,3600,0.0,0.0,0.0,0.0,0.0,0.0,1.92130782,0.0,0.96820194
2024-06-23T06:00,3600,0.0,0.056213442450000005,0.0,0.0,0.0,0.056213442450000005,77.88861945,56.21344245,39.59801742
2024-06-23T07:00,3600,0.0,0.27374656053,0.0,0.0,0.0,0.27374656053,339.07907225,273.74656053,174.7208302
2024-06-23T08:00,3600,0.0,0.52633601026,0.0,0.0,0.0,0.52633601026,643.96929236,526.33601026,337.57205884
2024-06-23T09:00,3600,0.0,0.7755163447500001,0.0,0.0,0.0,0.7755163447500001,946.4652427,775.51634475,505.14493991
2024-06-23T10:00,3600,0.0,0.9001143478100001,0.0,0.0,0.0,0.9001143478100001,1098.37290125,900.11434781,595.64170219
2024-06-23T11:00,3600,0.0,1.15756320203,0.0,0.0,0.0,1.15756320203,1413.64321031,1157.56320203,780.77532836
2024-06-23T12:00,3600,0.0,0.96176078096,0.0,0.0,0.0,0.96176078096,1173.6930288,961.76078096,641.26749827
2024-06-23T13:00,3600,0.0,0.79345500914,0.0,0.0,0.0,0.79345500914,968.30886658,793.45500914,522.64321709
2024-06-23T14:00,3600,0.0,0.59740208354,0.0,0.0,0.0,0.59740208354,730.0654577,597.40208354,387.75786928
2024-06-23T15:00,3600,0.0,0.57819631019,0.0,0.0,0.0,0.57819631019,706.78402011,578.19631019,376.32184736
2024-06-23T16:00,3600,0.0,0.53126380491,0.0,0.0,0.0,0.53126380491,649.93479574,531.26380491,344.52926298
2024-06-23T17:00,3600,0.0,0.24589554737000002,0.0,0.0,0.0,0.24589554737000002,305.56748031,245.89554737,159.2976556
2024-06-23T18:00,3600,0.0,0.07182140317,0.0,0.0,0.0,0.07182140317,96.58674539,71.82140317,49.54523882
2024-06-23T19:00,3600,0.0,0.0,0.0,0.0,0.0,0.0,1.8989488,0.0,0.96820194
2024-06-23T20:00,3600,0.0,0.0,0.0,0.0,0.0,0.0,0.0,0.0,0.0
2024-06-23T21:00,3600,0.0,0.0,0.0,0.0,0.0,0.0,0.0,0.0,0.0
2024-06-23T22:00,3600,0.0,0.0,0.0,0.0,0.0,0.0,0.0,0.0,0.0
2024-06-23T23:00,3600,0.0,0.0,0.0,0.0,0.0,0.0,0.0,0.0,0.0
2024-06-24T00:00,3600,0.0,0.0,0.0,0.0,0.0,0.0,0.0,0.0,0.0
2024-06-24T01:00,3600,0.0,0.0,0.0,0.0,0.0,0.0,0.0,0.0,0.0
2024-06-24T02:00,3600,0.0,0.0,0.0,0.0,0.0,0.0,0.0,0.0,0.0
2024-06-24T03:00,3600,0.0,0.0,0.0,0.0,0.0,0.0,0.0,0.0,0.0
2024-06-24T04:00,3600,0.0,0.0,0.0,0.0,0.0,0.0,0.0,0.0,0.0
2024-06-24T05:00,3600,0.0,0.0,0.0,0.0,0.0,0.0,1.91860561,0.0,0.96820194
2024-06-24T06:00,3600,0.0,0.05554779786999999,0.0,0.0,0.0,0.05554779786999999,77.09133073,55.54779787,39.18461276
2024-06-24T07:00,3600,0.0,0.14950069813,0.0,0.0,0.0,0.14950069813,189.74234322,149.50069813,96.94096109
2024-06-24T08:00,3600,1.0870588235294116,0.24680022265,0.24680022265,0.8402586008794116,0.0,0.0,306.6556969,246.80022265,157.47181496
2024-06-24T09:00,3600,1.0870588235294116,0.44546790778000006,0.44546790778000006,0.6415909157494115,0.0,0.0,546.1670843,445.46790778,283.82350062
2024-06-24T10:00,3600,1.0787764705882352,0.6849496627800001,0.6849496627800001,0.3938268078082351,0.0,0.0,836.32099746,684.94966278,446.0398561
2024-06-24T11:00,3600,1.0713223529411764,0.91286272918,0.91286272918,0.1584596237611764,0.0,0.0,1113.94016214,912.86272918,603.36781795
2024-06-24T12:00,3600,1.0738070588235296,1.18910367083,1.0738070588235296,0.0,0.0,0.11529661200647046,1452.39783921,1189.10367083,800.14833689
2024-06-24T13:00,3600,1.0502023529411766,0.6036597527500001,0.6036597527500001,0.44654260019117653,0.0,0.0,737.65327223,603.65975275,394.11650868
2024-06-24T14:00,3600,1.065110588235294,0.6903343081600001,0.6903343081600001,0.37477628007529395,0.0,0.0,842.86323187,690.33430816,450.16902847
2024-06-24T15:00,3600,1.0713223529411764,0.52863473791,0.52863473791,0.5426876150311764,0.0,0.0,646.75200929,528.63473791,341.82114221
2024-06-24T16:00,3600,1.0638682352941178,0.26893703288,0.26893703288,0.7949312024141177,0.0,0.0,333.29053403,268.93703288,173.94806877
2024-06-24T17:00,3600,1.072564705882353,0.12213180614,0.12213180614,0.9504328997423531,0.0,0.0,156.90222583,122.13180614,81.00597018
2024-06-24T18:00,3600,0.0,0.02781101,0.0,0.0,0.0,0.02781101,43.87955099,27.81101,22.28454368
2024-06-24T19:00,3600,0.0,0.0,0.0,0.0,0.0,0.0,1.90708335,0.0,0.96820194
2024-06-24T20:00,3600,0.0,0.0,0.0,0.0,0.0,0.0,0.0,0.0,0.0
2024-06-24T21:00,3600,0.0,0.0,0.0,0.0,0.0,0.0,0.0,0.0,0.0
2024-06-24T22:00,3600,0.0,0.0,0.0,0.0,0.0,0.0,0.0,0.0,0.0
2024-06-24T23:00,3600,0.0,0.0,0.0,0.0,0.0,0.0,0.0,0.0,0.0
2024-06-25T00:00,3600,0.0,0.0,0.0,0.0,0.0,0.0,0.0,0.0,0.0
2024-06-25T01:00,3600,0.0,0.0,0.0,0.0,0.0,0.0,0.0,0.0,0.0
2024-06-25T02:00,3600,0.0,0.0,0.0,0.0,0.0,0.0,0.0,0.0,0.0
2024-06-25T03:00,3600,0.0,0.0,0.0,0.0,0.0,0.0,0.0,0.0,0.0
2024-06-25T04:00,3600,0.0,0.0,0.0,0.0,0.0,0.0,0.0,0.0,0.0
2024-06-25T05:00,3600,0.0,0.0,0.0,0.0,0.0,0.0,0.0,0.0,0.0
2024-06-25T06:00,3600,0.0,0.027902414969999997,0.0,0.0,0.0,0.027902414969999997,43.98896482,27.90241497,22.26864465
2024-06-25T07:00,3600,0.0,0.08817395835000001,0.0,0.0,0.0,0.08817395835000001,116.18386113,88.17395835,59.07221692
2024-06-25T08:00,3600,1.0870588235294116,0.22904862651,0.22904862651,0.8580101970194116,0.0,0.0,285.30667842,229.04862651,146.33653311
2024-06-25T09:00,3600,1.0870588235294116,0.30470966161,0.30470966161,0.7823491619194116,0.0,0.0,376.35990757,304.70966161,194.56111364
2024-06-25T10:00,3600,1.0870588235294116,0.54731191937,0.54731191937,0.5397469041594116,0.0,0.0,669.36700251,547.31191937,352.14891784
2024-06-25T11:00,3600,1.0870588235294116,0.8083746767400001,0.8083746767400001,0.27868414678941156,0.0,0.0,986.48317793,808.37467674,525.70819691
2024-06-25T12:00,3600,1.0870588235294116,0.88607701243,0.88607701243,0.2009818110994116,0.0,0.0,1081.23698668,886.07701243,580.80123372
2024-06-25T13:00,3600,1.0750494117647058,0.639752333,0.639752333,0.4352970787647058,0.0,0.0,781.43894167,639.752333,416.30887351
2024-06-25T14:00,3600,1.0837458823529413,0.73405960134,0.73405960134,0.3496862810129413,0.0,0.0,896.01848595,734.05960134,478.61350497
2024-06-25T15:00,3600,1.072564705882353,0.65722845661,0.65722845661,0.41533624927235313,0.0,0.0,802.65305889,657.22845661,428.73495277
2024-06-25T16:00,3600,1.0870588235294116,0.50002310656,0.50002310656,0.5870357169694116,0.0,0.0,612.12665218,500.02310656,322.13095696
2024-06-25T17:00,3600,1.0870588235294116,0.25420155939,0.25420155939,0.8328572641394116,0.0,0.0,315.55945363,254.20155939,163.3995366
2024-06-25T18:00,3600,0.0,0.054641835970000004,0.0,0.0,0.0,0.054641835970000004,76.00621624,54.64183597,38.84235086
2024-06-25T19:00,3600,0.0,0.0,0.0,0.0,0.0,0.0,1.90842547,0.0,0.96820194
2024-06-25T20:00,3600,0.0,0.0,0.0,0.0,0.0,0.0,0.0,0.0,0.0
2024-06-25T21:00,3600,0.0,0.0,0.0,0.0,0.0,0.0,0.0,0.0,0.0
2024-06-25T22:00,3600,0.0,0.0,0.0,0.0,0.0,0.0,0.0,0.0,0.0
2024-06-25T23:00,3600,0.0,0.0,0.0,0.0,0.0,0.0,0.0,0.0,0.0
2024-06-26T00:00,3600,0.0,0.0,0.0,0.0,0.0,0.0,0.0,0.0,0.0
2024-06-26T01:00,3600,0.0,0.0,0.0,0.0,0.0,0.0,0.0,0.0,0.0
2024-06-26T02:00,3600,0.0,0.0,0.0,0.0,0.0,0.0,0.0,0.0,0.0
2024-06-26T03:00,3600,0.0,0.0,0.0,0.0,0.0,0.0,0.0,0.0,0.0
2024-06-26T04:00,3600,0.0,0.0,0.0,0.0,0.0,0.0,0.0,0.0,0.0
2024-06-26T05:00,3600,0.0,0.0,0.0,0.0,0.0,0.0,1.92605408,0.0,0.96820194
2024-06-26T06:00,3600,0.0,0.045655498110000005,0.0,0.0,0.0,0.045655498110000005,65.24402866,45.65549811,33.05156455
2024-06-26T07:00,3600,0.0,0.17790537446,0.0,0.0,0.0,0.17790537446,223.84656061,177.90537446,114.28286126
2024-06-26T08:00,3600,1.0870588235294116,0.37475575075,0.37475575075,0.7123030727794116,0.0,0.0,460.79426058,374.75575075,238.63907724
2024-06-26T09:00,3600,1.0870588235294116,0.55391586155,0.55391586155,0.5331429619794116,0.0,0.0,677.36559019,553.91586155,355.43770407
2024-06-26T10:00,3600,1.0849882352941176,0.7190755656500001,0.7190755656500001,0.3659126696441175,0.0,0.0,877.79693282,719.07556565,470.06672605
2024-06-26T11:00,3600,1.0825035294117646,0.7060175775099999,0.7060175775099999,0.3764859519017647,0.0,0.0,861.92268447,706.01757751,461.11508855
2024-06-26T12:00,3600,0.9748070929670356,0.81530721152,0.81530721152,0.15949988144703564,0.0,0.0,994.93013254,815.30721152,537.8462965
2024-06-26T13:00,3600,0.7887432970588236,0.51626586707,0.51626586707,0.2724774299888236,0.0,0.0,631.78062875,516.26586707,336.63381496
2024-06-26T14:00,3600,0.8543731235294117,0.76880588961,0.76880588961,0.08556723391941179,0.0,0.0,938.29634544,768.80588961,507.22031138
2024-06-26T15:00,3600,0.7960054764705882,0.5890327310200001,0.5890327310200001,0.20697274545058808,0.0,0.0,719.9187883,589.03273102,382.46591795
2024-06-26T16:00,3600,0.6996729264705883,0.41543681722000003,0.41543681722000003,0.2842361092505883,0.0,0.0,509.89300005,415.43681722,266.38981041
2024-06-26T17:00,3600,0.6536251352941176,0.23822840982000001,0.23822840982000001,0.41539672547411755,0.0,0.0,296.34571454,238.22840982,153.51012573
2024-06-26T18:00,3600,0.0,0.050657795740000004,0.0,0.0,0.0,0.050657795740000004,71.23459783,50.65779574,36.32816482
2024-06-26T19:00,3600,0.0,0.0,0.0,0.0,0.0,0.0,1.90910986,0.0,0.96820194
2024-06-26T20:00,3600,0.0,0.0,0.0,0.0,0.0,0.0,0.0,0.0,0.0
2024-06-26T21:00,3600,0.0,0.0,0.0,0.0,0.0,0.0,0.0,0.0,0.0
2024-06-26T22:00,3600,0.0,0.0,0.0,0.0,0.0,0.0,0.0,0.0,0.0
2024-06-26T23:00,3600,0.0,0.0,0.0,0.0,0.0,0.0,0.0,0.0,0.0
2024-06-27T00:00,3600,0.0,0.0,0.0,0.0,0.0,0.0,0.0,0.0,0.0
2024-06-27T01:00,3600,0.0,0.0,0.0,0.0,0.0,0.0,0.0,0.0,0.0
2024-06-27T02:00,3600,0.0,0.0,0.0,0.0,0.0,0.0,0.0,0.0,0.0
2024-06-27T03:00,3600,0.0,0.0,0.0,0.0,0.0,0.0,0.0,0.0,0.0
2024-06-27T04:00,3600,0.0,0.0,0.0,0.0,0.0,0.0,0.0,0.0,0.0
2024-06-27T05:00,3600,0.0,0.0,0.0,0.0,0.0,0.0,1.9260527,0.0,0.96820194
2024-06-27T06:00,3600,0.0,0.04936816148,0.0,0.0,0.0,0.04936816148,69.69011507,49.36816148,35.3609063
2024-06-27T07:00,3600,0.0,0.20589936054,0.0,0.0,0.0,0.20589936054,257.47890332,205.89936054,131.79374261
2024-06-27T08:00,3600,1.0870588235294116,0.40942790077,0.40942790077,0.6776309227594116,0.0,0.0,502.63788364,409.42790077,260.91072311
2024-06-27T09:00,3600,0.7752104032066389,0.65365365646,0.65365365646,0.12155674674663897,0.0,0.0,798.31294975,653.65365646,421.59394789
2024-06-27T10:00,3600,0.9065342764705883,0.96159172285,0.9065342764705883,0.0,0.0,0.05505744637941179,1173.48632501,961.59172285,639.63402359
2024-06-27T11:00,3600,0.9714671029411764,1.0818467274399999,0.9714671029411764,0.0,0.0,0.11037962449882344,1320.72496721,1081.84672744,728.48576156
2024-06-27T12:00,3600,0.9926016764705883,1.11479478776,0.9926016764705883,0.0,0.0,0.12219311128941168,1361.13818147,1114.79478776,754.44259837
2024-06-27T13:00,3600,1.0352643588235297,1.1382755641000002,1.0352643588235297,0.0,0.0,0.10301120527647045,1389.95806596,1138.2755641,777.9005065
2024-06-27T14:00,3600,0.9693803970588236,0.92674992106,0.92674992106,0.042630475998823636,0.0,0.0,1130.90327171,926.74992106,624.07811997
2024-06-27T15:00,3600,0.9239833382352941,0.78285029823,0.78285029823,0.14113304000529414,0.0,0.0,955.39459072,782.85029823,521.20071423
2024-06-27T16:00,3600,0.767250038235294,0.4681279962,0.4681279962,0.299122042035294,0.0,0.0,573.55419024,468.1279962,303.33606295
2024-06-27T17:00,3600,0.6856509264705882,0.20283809285,0.20283809285,0.48281283362058824,0.0,0.0,253.80002889,202.83809285,131.96308309
2024-06-27T18:00,3600,0.0,0.0538148968,0.0,0.0,0.0,0.0538148968,75.01577021,53.8148968,38.41135603
2024-06-27T19:00,3600,0.0,0.0,0.0,0.0,0.0,0.0,1.89894339,0.0,0.96820194
2024-06-27T20:00,3600,0.0,0.0,0.0,0.0,0.0,0.0,0.0,0.0,0.0
2024-06-27T21:00,3600,0.0,0.0,0.0,0.0,0.0,0.0,0.0,0.0,0.0
2024-06-27T22:00,3600,0.0,0.0,0.0,0.0,0.0,0.0,0.0,0.0,0.0
2024-06-27T23:00,3600,0.0,0.0,0.0,0.0,0.0,0.0,0.0,0.0,0.0
2024-06-28T00:00,3600,0.0,0.0,0.0,0.0,0.0,0.0,0.0,0.0,0.0
2024-06-28T01:00,3600,0.0,0.0,0.0,0.0,0.0,0.0,0.0,0.0,0.0
2024-06-28T02:00,3600,0.0,0.0,0.0,0.0,0.0,0.0,0.0,0.0,0.0
2024-06-28T03:00,3600,0.0,0.0,0.0,0.0,0.0,0.0,0.0,0.0,0.0
2024-06-28T04:00,3600,0.0,0.0,0.0,0.0,0.0,0.0,0.0,0.0,0.0
2024-06-28T05:00,3600,0.0,0.0,0.0,0.0,0.0,0.0,1.919942,0.0,0.96820194
2024-06-28T06:00,3600,0.0,0.051820710900000004,0.0,0.0,0.0,0.051820710900000004,72.62735815,51.8207109,36.95390101
2024-06-28T07:00,3600,0.0,0.18384012784999998,0.0,0.0,0.0,0.18384012784999998,230.97489018,183.84012785,118.52948888
2024-06-28T08:00,3600,1.0870588235294116,0.47211141346,0.47211141346,0.6149474100694117,0.0,0.0,578.37002426,472.11141346,302.55005813
2024-06-28T09:00,3600,1.075378709629773,0.63612737451,0.63612737451,0.4392513351197731,0.0,0.0,777.03969679,636.12737451,411.44310122
2024-06-28T10:00,3600,0.9373270911764705,1.00036233221,0.9373270911764705,0.0,0.0,0.06303524103352942,1220.91157853,1000.36233221,667.43241291
2024-06-28T11:00,3600,0.8625022588235294,0.7546979530100001,0.7546979530100001,0.10780430581352929,0.0,0.0,921.12631649,754.69795301,495.28384828
2024-06-28T12:00,3600,0.9969450441176468,1.1616784554000001,0.9969450441176468,0.0,0.0,0.1647334112823533,1418.69810964,1161.6784554,781.8241649
2024-06-28T13:00,3600,1.0000584764705884,1.04969035194,1.0000584764705884,0.0,0.0,0.04963187546941161,1281.31275348,1049.69035194,705.91917339
2024-06-28T14:00,3600,0.9559814235294118,0.9062377014999999,0.9062377014999999,0.04974372202941191,0.0,0.0,1105.84965734,906.2377015,603.89340486
2024-06-28T15:00,3600,0.8823967117647059,0.69162540215,0.69162540215,0.1907713096147059,0.0,0.0,844.43200472,691.62540215,454.36458489
2024-06-28T16:00,3600,0.8415623058823529,0.53311431234,0.53311431234,0.30844799354235297,0.0,0.0,652.17516085,533.11431234,347.63058843
2024-06-28T17:00,3600,0.762882005882353,0.28976397147,0.28976397147,0.473118034412353,0.0,0.0,358.36144548,289.76397147,188.30275597
2024-06-28T18:00,3600,0.0,0.05885025913,0.0,0.0,0.0,0.05885025913,81.04703398,58.85025913,41.74372678
2024-06-28T19:00,3600,0.0,0.0,0.0,0.0,0.0,0.0,1.8908308,0.0,0.96820194
2024-06-28T20:00,3600,0.0,0.0,0.0,0.0,0.0,0.0,0.0,0.0,0.0
2024-06-28T21:00,3600,0.0,0.0,0.0,0.0,0.0,0.0,0.0,0.0,0.0
2024-06-28T22:00,3600,0.0,0.0,0.0,0.0,0.0,0.0,0.0,0.0,0.0
2024-06-28T23:00,3600,0.0,0.0,0.0,0.0,0.0,0.0,0.0,0.0,0.0
2024-06-29T00:00,3600,0.0,0.0,0.0,0.0,0.0,0.0,0.0,0.0,0.0
2024-06-29T01:00,3600,0.0,0.0,0.0,0.0,0.0,0.0,0.0,0.0,0.0
2024-06-29T02:00,3600,0.0,0.0,0.0,0.0,0.0,0.0,0.0,0.0,0.0
2024-06-29T03:00,3600,0.0,0.0,0.0,0.0,0.0,0.0,0.0,0.0,0.0
2024-06-29T04:00,3600,0.0,0.0,0.0,0.0,0.0,0.0,0.0,0.0,0.0
2024-06-29T05:00,3600,0.0,0.0,0.0,0.0,0.0,0.0,1.9186023,0.0,0.96820194
2024-06-29T06:00,3600,0.0,0.05358411002999999,0.0,0.0,0.0,0.05358411002999999,74.7393543,53.58411003,38.00631067
2024-06-29T07:00,3600,0.0,0.29910790800000003,0.0,0.0,0.0,0.29910790800000003,369.61324349,299.107908,190.98846273
2024-06-29T08:00,3600,0.0,0.54465458403,0.0,0.0,0.0,0.54465458403,666.14882026,544.65458403,350.66898183
2024-06-29T09:00,3600,0.0,0.8005326521099999,0.0,0.0,0.0,0.8005326521099999,976.92968018,800.53265211,522.85686285
2024-06-29T10:00,3600,0.0,0.97245687087,0.0,0.0,0.0,0.97245687087,1186.7725618,972.45687087,644.78557493
2024-06-29T11:00,3600,0.0,1.01721225006,0.0,0.0,0.0,1.01721225006,1241.53617232,1017.21225006,675.34219806
2024-06-29T12:00,3600,0.0,0.9277254964999999,0.0,0.0,0.0,0.9277254964999999,1132.09513547,927.7254965,612.78299293
2024-06-29T13:00,3600,0.0,1.05250108863,0.0,0.0,0.0,1.05250108863,1284.75653331,1052.50108863,704.18852537
2024-06-29T14:00,3600,0.0,0.99625446416,0.0,0.0,0.0,0.99625446416,1215.88470089,996.25446416,663.79083196
2024-06-29T15:00,3600,0.0,0.7427594609999999,0.0,0.0,0.0,0.7427594609999999,906.60095206,742.759461,487.93656685
2024-06-29T16:00,3600,0.0,0.45508055890000004,0.0,0.0,0.0,0.45508055890000004,557.78326873,455.0805589,294.64567015
2024-06-29T17:00,3600,0.0,0.27654223191,0.0,0.0,0.0,0.27654223191,342.44410831,276.54223191,179.37127995
2024-06-29T18:00,3600,0.0,0.06244843647,0.0,0.0,0.0,0.06244843647,85.35727843,62.44843647,43.87177545
2024-06-29T19:00,3600,0.0,0.0,0.0,0.0,0.0,0.0,3.78805592,0.0,1.93640388
2024-06-29T20:00,3600,0.0,0.0,0.0,0.0,0.0,0.0,0.0,0.0,0.0
2024-06-29T21:00,3600,0.0,0.0,0.0,0.0,0.0,0.0,0.0,0.0,0.0
2024-06-29T22:00,3600,0.0,0.0,0.0,0.0,0.0,0.0,0.0,0.0,0.0
2024-06-29T23:00,3600,0.0,0.0,0.0,0.0,0.0,0.0,0.0,0.0,0.0
2024-06-30T00:00,3600,0.0,0.0,0.0,0.0,0.0,0.0,0.0,0.0,0.0
2024-06-30T01:00,3600,0.0,0.0,0.0,0.0,0.0,0.0,0.0,0.0,0.0
2024-06-30T02:00,3600,0.0,0.0,0.0,0.0,0.0,0.0,0.0,0.0,0.0
2024-06-30T03:00,3600,0.0,0.0,0.0,0.0,0.0,0.0,0.0,0.0,0.0
2024-06-30T04:00,3600,0.0,0.0,0.0,0.0,0.0,0.0,0.0,0.0,0.0
2024-06-30T05:00,3600,0.0,0.0,0.0,0.0,0.0,0.0,1.90709809,0.0,0.96820194
2024-06-30T06:00,3600,0.0,0.05806412754,0.0,0.0,0.0,0.05806412754,80.10537558,58.06412754,40.76782523
2024-06-30T07:00,3600,0.0,0.21749351324000002,0.0,0.0,0.0,0.21749351324000002,271.41444988,217.49351324,139.50612581
2024-06-30T08:00,3600,0.0,0.49448755421999996,0.0,0.0,0.0,0.49448755421999996,605.43020991,494.48755422,316.04225106
2024-06-30T09:00,3600,0.0,0.7405004557,0.0,0.0,0.0,0.7405004557,903.85290603,740.5004557,480.13535653
2024-06-30T10:00,3600,0.0,0.81956713455,0.0,0.0,0.0,0.81956713455,1000.12130974,819.56713455,539.20305923
2024-06-30T11:00,3600,0.0,1.0574974076599999,0.0,0.0,0.0,1.0574974076599999,1290.87869606,1057.49740766,705.59576081
2024-06-30T12:00,3600,0.0,0.8643535693500001,0.0,0.0,0.0,0.8643535693500001,1054.72930273,864.35356935,570.05154825
2024-06-30T13:00,3600,0.0,0.9398258492,0.0,0.0,0.0,0.9398258492,1146.88041607,939.8258492,624.81610463
2024-06-30T14:00,3600,0.0,0.55336356669,0.0,0.0,0.0,0.55336356669,676.69661353,553.36356669,358.62332014
2024-06-30T15:00,3600,0.0,0.37831455191999996,0.0,0.0,0.0,0.37831455191999996,465.08764284,378.31455192,243.96189583
2024-06-30T16:00,3600,0.0,0.20727845713,0.0,0.0,0.0,0.20727845713,259.1363133,207.27845713,134.73860469
2024-06-30T17:00,3600,0.0,0.15033530663,0.0,0.0,0.0,0.15033530663,190.74411119,150.33530663,98.78550593
2024-06-30T18:00,3600,0.0,0.04486217126,0.0,0.0,0.0,0.04486217126,64.29403063,44.86217126,32.95706586
2024-06-30T19:00,3600,0.0,0.0,0.0,0.0,0.0,0.0,1.89557101,0.0,0.96820194
2024-06-30T20:00,3600,0.0,0.0,0.0,0.0,0.0,0.0,0.0,0.0,0.0
2024-06-30T21:00,3600,0.0,0.0,0.0,0.0,0.0,0.0,0.0,0.0,0.0
2024-06-30T22:00,3600,0.0,0.0,0.0,0.0,0.0,0.0,0.0,0.0,0.0
2024-06-30T23:00,3600,0.0,0.0,0.0,0.0,0.0,0.0,0.0,0.0,0.0
2024-07-01T00:00,3600,0.0,0.0,0.0,0.0,0.0,0.0,0.0,0.0,0.0
2024-07-01T01:00,3600,0.0,0.0,0.0,0.0,0.0,0.0,0.0,0.0,0.0
2024-07-01T02:00,3600,0.0,0.0,0.0,0.0,0.0,0.0,0.0,0.0,0.0
2024-07-01T03:00,3600,0.0,0.0,0.0,0.0,0.0,0.0,0.0,0.0,0.0
2024-07-01T04:00,3600,0.0,0.0,0.0,0.0,0.0,0.0,0.0,0.0,0.0
2024-07-01T05:00,3600,0.0,0.0,0.0,0.0,0.0,0.0,1.90370484,0.0,0.96820194
2024-07-01T06:00,3600,0.0,0.05303833504,0.0,0.0,0.0,0.05303833504,74.08567908,53.03833504,37.88706795
2024-07-01T07:00,3600,0.0,0.26840084018,0.0,0.0,0.0,0.26840084018,332.6452346,268.40084018,172.48289222
2024-07-01T08:00,3600,1.0870588235294116,0.56550190899,0.56550190899,0.5215569145394117,0.0,0.0,691.40132931,565.50190899,365.393064
2024-07-01T09:00,3600,1.0812611764705882,0.7565392318,0.7565392318,0.3247219446705881,0.0,0.0,923.36692436,756.5392318,493.43444934
2024-07-01T10:00,3600,1.051444705882353,0.87818868332,0.87818868332,0.17325602256235306,0.0,0.0,1071.60984065,878.18868332,581.42265511
2024-07-01T11:00,3600,1.052687058823529,0.9118063547499999,0.9118063547499999,0.14088070407352915,0.0,0.0,1112.65003121,911.80635475,603.489964
2024-07-01T12:00,3600,1.0675952941176472,0.9535160263200001,0.9535160263200001,0.1140792677976471,0.0,0.0,1163.6132846,953.51602632,629.55061191
2024-07-01T13:00,3600,1.0502023529411766,0.9434246064799999,0.9434246064799999,0.10677774646117666,0.0,0.0,1151.27849572,943.42460648,625.2500588
2024-07-01T14:00,3600,1.0415058823529413,0.8082556109600001,0.8082556109600001,0.2332502713929412,0.0,0.0,986.33811388,808.25561096,533.58090623
2024-07-01T15:00,3600,1.0477176470588236,0.48653883772,0.48653883772,0.5611788093388237,0.0,0.0,595.81599795,486.53883772,315.89100824
2024-07-01T16:00,3600,1.0576564705882354,0.37780272811,0.37780272811,0.6798537424782354,0.0,0.0,464.47015095,377.80272811,244.22804204
2024-07-01T17:00,3600,1.0613835294117648,0.20709067941999998,0.20709067941999998,0.8542928499917648,0.0,0.0,258.91063745,207.09067942,134.71777262
2024-07-01T18:00,3600,0.0,0.05005302728,0.0,0.0,0.0,0.05005302728,70.51031374,50.05302728,36.19496682
2024-07-01T19:00,3600,0.0,0.0,0.0,0.0,0.0,0.0,1.89219015,0.0,0.96820194
2024-07-01T20:00,3600,0.0,0.0,0.0,0.0,0.0,0.0,0.0,0.0,0.0
2024-07-01T21:00,3600,0.0,0.0,0.0,0.0,0.0,0.0,0.0,0.0,0.0
2024-07-01T22:00,3600,0.0,0.0,0.0,0.0,0.0,0.0,0.0,0.0,0.0
2024-07-01T23:00,3600,0.0,0.0,0.0,0.0,0.0,0.0,0.0,0.0,0.0
2024-07-02T00:00,3600,0.0,0.0,0.0,0.0,0.0,0.0,0.0,0.0,0.0
2024-07-02T01:00,3600,0.0,0.0,0.0,0.0,0.0,0.0,0.0,0.0,0.0
2024-07-02T02:00,3600,0.0,0.0,0.0,0.0,0.0,0.0,0.0,0.0,0.0
2024-07-02T03:00,3600,0.0,0.0,0.0,0.0,0.0,0.0,0.0,0.0,0.0
2024-07-02T04:00,3600,0.0,0.0,0.0,0.0,0.0,0.0,0.0,0.0,0.0
2024-07-02T05:00,3600,0.0,0.0,0.0,0.0,0.0,0.0,1.90980786,0.0,0.96820194
2024-07-02T06:00,3600,0.0,0.04690456974,0.0,0.0,0.0,0.04690456974,66.73980881,46.90456974,33.95066407
2024-07-02T07:00,3600,0.0,0.15177144758,0.0,0.0,0.0,0.15177144758,192.46793322,151.77144758,98.48034863
2024-07-02T08:00,3600,1.0870588235294116,0.34663517380000003,0.34663517380000003,0.7404236497294117,0.0,0.0,426.8813729,346.6351738,221.36381327
2024-07-02T09:00,3600,1.0870588235294116,0.57168477596,0.57168477596,0.5153740475694116,0.0,0.0,698.89298438,571.68477596,368.41334236
2024-07-02T10:00,3600,1.086230588235294,0.74626811075,0.74626811075,0.33996247748529407,0.0,0.0,910.86945448,746.26811075,486.59290231
2024-07-02T11:00,3600,1.0837458823529413,0.5405917690700001,0.5405917690700001,0.5431541132829413,0.0,0.0,661.22889953,540.59176907,348.6882766
2024-07-02T12:00,3600,1.0870588235294116,0.80102514631,0.80102514631,0.28603367721941164,0.0,0.0,977.52960741,801.02514631,521.36777889
2024-07-02T13:00,3600,1.0800188235294121,0.89864074355,0.89864074355,0.18137807997941213,0.0,0.0,1096.57375457,898.64074355,588.34004182
2024-07-02T14:00,3600,1.0688376470588234,0.54845226931,0.54845226931,0.5203853777488234,0.0,0.0,670.74808998,548.45226931,355.06602492
2024-07-02T15:00,3600,1.0870588235294116,0.58444176879,0.58444176879,0.5026170547394117,0.0,0.0,714.35371117,584.44176879,376.16216343
2024-07-02T16:00,3600,1.0849882352941176,0.46925367621999997,0.46925367621999997,0.6157345590741177,0.0,0.0,574.9150601,469.25367622,301.51793714
2024-07-02T17:00,3600,1.0812611764705882,0.21589969014,0.21589969014,0.8653614863305882,0.0,0.0,269.49854567,215.89969014,139.53611392
2024-07-02T18:00,3600,0.0,0.049043829659999996,0.0,0.0,0.0,0.049043829659999996,69.30169805,49.04382966,35.28646818
2024-07-02T19:00,3600,0.0,0.0,0.0,0.0,0.0,0.0,1.90776044,0.0,0.96820194
2024-07-02T20:00,3600,0.0,0.0,0.0,0.0,0.0,0.0,0.0,0.0,0.0
2024-07-02T21:00,3600,0.0,0.0,0.0,0.0,0.0,0.0,0.0,0.0,0.0
2024-07-02T22:00,3600,0.0,0.0,0.0,0.0,0.0,0.0,0.0,0.0,0.0
2024-07-02T23:00,3600,0.0,0.0,0.0,0.0,0.0,0.0,0.0,0.0,0.0
2024-07-03T00:00,3600,0.0,0.0,0.0,0.0,0.0,0.0,0.0,0.0,0.0
2024-07-03T01:00,3600,0.0,0.0,0.0,0.0,0.0,0.0,0.0,0.0,0.0
2024-07-03T02:00,3600,0.0,0.0,0.0,0.0,0.0,0.0,0.0,0.0,0.0
2024-07-03T03:00,3600,0.0,0.0,0.0,0.0,0.0,0.0,0.0,0.0,0.0
2024-07-03T04:00,3600,0.0,0.0,0.0,0.0,0.0,0.0,0.0,0.0,0.0
2024-07-03T05:00,3600,0.0,0.0,0.0,0.0,0.0,0.0,1.91454808,0.0,0.96820194
2024-07-03T06:00,3600,0.0,0.0672935589,0.0,0.0,0.0,0.0672935589,91.16177986,67.2935589,46.55318833
2024-07-03T07:00,3600,0.0,0.21882163284999998,0.0,0.0,0.0,0.21882163284999998,273.01100932,218.82163285,140.79644959
2024-07-03T08:00,3600,1.0870588235294116,0.49249723557999997,0.49249723557999997,0.5945615879494117,0.0,0.0,603.02269675,492.49723558,316.4715417
2024-07-03T09:00,3600,1.0870588235294116,0.69616717221,0.69616717221,0.3908916513194116,0.0,0.0,849.95095354,696.16717221,451.65145284
2024-07-03T10:00,3600,1.0601411764705884,0.85092888553,0.85092888553,0.20921229094058835,0.0,0.0,1038.35469505,850.92888553,562.81730416
2024-07-03T11:00,3600,1.056414117647059,1.01720427749,1.01720427749,0.03920984015705886,0.0,0.0,1241.52641184,1017.20427749,682.5041884
2024-07-03T12:00,3600,1.052687058823529,1.14866129283,1.052687058823529,0.0,0.0,0.09597423400647087,1402.71037207,1148.66129283,778.88862312
2024-07-03T13:00,3600,1.0415058823529413,0.89439856827,0.89439856827,0.1471073140829413,0.0,0.0,1091.39475822,894.39856827,596.97199973
2024-07-03T14:00,3600,1.0713223529411764,0.85121677517,0.85121677517,0.22010557777117634,0.0,0.0,1038.70579198,851.21677517,560.03058338
2024-07-03T15:00,3600,1.0601411764705884,0.77719990991,0.77719990991,0.2829412665605884,0.0,0.0,948.51490967,777.19990991,511.63452136
2024-07-03T16:00,3600,1.0688376470588234,0.47414551687999995,0.47414551687999995,0.5946921301788235,0.0,0.0,580.82936316,474.14551688,306.43693787
2024-07-03T17:00,3600,1.0713223529411764,0.24693901347,0.24693901347,0.8243833394711764,0.0,0.0,306.82264768,246.93901347,159.60750186
2024-07-03T18:00,3600,0.0,0.04611211545999999,0.0,0.0,0.0,0.04611211545999999,65.79082929,46.11211546,33.63262943
2024-07-03T19:00,3600,0.0,0.0,0.0,0.0,0.0,0.0,1.90640161,0.0,0.96820194
2024-07-03T20:00,3600,0.0,0.0,0.0,0.0,0.0,0.0,0.0,0.0,0.0
2024-07-03T21:00,3600,0.0,0.0,0.0,0.0,0.0,0.0,0.0,0.0,0.0
2024-07-03T22:00,3600,0.0,0.0,0.0,0.0,0.0,0.0,0.0,0.0,0.0
2024-07-03T23:00,3600,0.0,0.0,0.0,0.0,0.0,0.0,0.0,0.0,0.0
2024-07-04T00:00,3600,0.0,0.0,0.0,0.0,0.0,0.0,0.0,0.0,0.0
2024-07-04T01:00,3600,0.0,0.0,0.0,0.0,0.0,0.0,0.0,0.0,0.0
2024-07-04T02:00,3600,0.0,0.0,0.0,0.0,0.0,0.0,0.0,0.0,0.0
2024-07-04T03:00,3600,0.0,0.0,0.0,0.0,0.0,0.0,0.0,0.0,0.0
2024-07-04T04:00,3600,0.0,0.0,0.0,0.0,0.0,0.0,0.0,0.0,0.0
2024-07-04T05:00,3600,0.0,0.0,0.0,0.0,0.0,0.0,1.92536829,0.0,0.96820194
2024-07-04T06:00,3600,0.0,0.04090026443,0.0,0.0,0.0,0.04090026443,59.54995248,40.90026443,30.19709902
2024-07-04T07:00,3600,0.0,0.15684787401,0.0,0.0,0.0,0.15684787401,198.56168949,156.84787401,101.40757843
2024-07-04T08:00,3600,1.0870588235294116,0.40562117009,0.40562117009,0.6814376534394117,0.0,0.0,498.04217847,405.62117009,258.97464828
2024-07-04T09:00,3600,1.0870588235294116,0.57320920181,0.57320920181,0.5138496217194116,0.0,0.0,700.74026259,573.20920181,368.88220653
2024-07-04T10:00,3600,1.0775341176470588,0.73636495974,0.73636495974,0.3411691579070587,0.0,0.0,898.82250661,736.36495974,483.62537421
2024-07-04T11:00,3600,1.0713223529411764,1.00326108373,1.00326108373,0.06806126921117639,0.0,0.0,1224.45912567,1003.26108373,674.46370952
2024-07-04T12:00,3600,1.065110588235294,1.16812127888,1.065110588235294,0.0,0.0,0.10301069064470592,1426.61301724,1168.12127888,793.13491053
2024-07-04T13:00,3600,1.0551717647058825,0.93560130305,0.93560130305,0.11957046165588248,0.0,0.0,1141.71802117,935.60130305,622.78329302
2024-07-04T14:00,3600,0.90854137184377,0.53457604264,0.53457604264,0.37396532920377,0.0,0.0,653.94490946,534.57604264,347.64300033
2024-07-04T15:00,3600,0.8295080029411764,0.62742878768,0.62742878768,0.20207921526117645,0.0,0.0,766.48458947,627.42878768,411.01626775
2024-07-04T16:00,3600,0.743659888235294,0.42335213457,0.42335213457,0.32030775366529407,0.0,0.0,519.45139481,423.35213457,273.85543201
2024-07-04T17:00,3600,0.7009725411764706,0.26238441681,0.26238441681,0.43858812436647054,0.0,0.0,325.40509735,262.38441681,169.87072611
2024-07-04T18:00,3600,0.0,0.0673136532,0.0,0.0,0.0,0.0673136532,91.18585433,67.3136532,46.76083549
2024-07-04T19:00,3600,0.0,0.0,0.0,0.0,0.0,0.0,1.89961871,0.0,0.96820194
2024-07-04T20:00,3600,0.0,0.0,0.0,0.0,0.0,0.0,0.0,0.0,0.0
2024-07-04T21:00,3600,0.0,0.0,0.0,0.0,0.0,0.0,0.0,0.0,0.0
2024-07-04T22:00,3600,0.0,0.0,0.0,0.0,0.0,0.0,0.0,0.0,0.0
2024-07-04T23:00,3600,0.0,0.0,0.0,0.0,0.0,0.0,0.0,0.0,0.0
2024-07-05T00:00,3600,0.0,0.0,0.0,0.0,0.0,0.0,0.0,0.0,0.0
2024-07-05T01:00,3600,0.0,0.0,0.0,0.0,0.0,0.0,0.0,0.0,0.0
2024-07-05T02:00,3600,0.0,0.0,0.0,0.0,0.0,0.0,0.0,0.0,0.0
2024-07-05T03:00,3600,0.0,0.0,0.0,0.0,0.0,0.0,0.0,0.0,0.0
2024-07-05T04:00,3600,0.0,0.0,0.0,0.0,0.0,0.0,0.0,0.0,0.0
2024-07-05T05:00,3600,0.0,0.0,0.0,0.0,0.0,0.0,1.92332624,0.0,0.96820194
2024-07-05T06:00,3600,0.0,0.040835176630000004,0.0,0.0,0.0,0.040835176630000004,59.47201834,40.83517663,30.22094756
2024-07-05T07:00,3600,0.0,0.24659051296,0.0,0.0,0.0,0.24659051296,306.40343916,246.59051296,157.8492752
2024-07-05T08:00,3600,1.0870588235294116,0.56337026064,0.56337026064,0.5236885628894117,0.0,0.0,688.81869865,563.37026064,363.71812841
2024-07-05T09:00,3600,1.0870588235294116,0.77655038534,0.77655038534,0.31050843818941165,0.0,0.0,947.7241325,776.55038534,507.75807505
2024-07-05T10:00,3600,0.9413076913560923,0.89341636654,0.89341636654,0.04789132481609226,0.0,0.0,1090.19572433,893.41636654,593.80472321
2024-07-05T11:00,3600,0.973320044117647,1.08919370026,0.973320044117647,0.0,0.0,0.11587365614235301,1329.73387612,1089.19370026,733.52907382
2024-07-05T12:00,3600,0.9908184352941176,1.12159255064,0.9908184352941176,0.0,0.0,0.13077411534588235,1369.48000713,1121.59255064,756.85042668
2024-07-05T13:00,3600,1.0233247911764707,1.13585120587,1.0233247911764707,0.0,0.0,0.11252641469352942,1386.98171956,1135.85120587,770.61369011
2024-07-05T14:00,3600,0.9597570058823529,0.92580978174,0.92580978174,0.03394722414235296,0.0,0.0,1129.75472583,925.80978174,619.40867577
2024-07-05T15:00,3600,0.8845386382352942,0.6602460769199999,0.6602460769199999,0.2242925613152943,0.0,0.0,806.31698092,660.24607692,434.90861204
2024-07-05T16:00,3600,0.8544283441176471,0.54746326717,0.54746326717,0.3069650769476471,0.0,0.0,669.55029904,547.46326717,358.18683635
2024-07-05T17:00,3600,0.7720421617647057,0.28995599132,0.28995599132,0.48208617044470575,0.0,0.0,358.59264848,289.95599132,188.78821512
2024-07-05T18:00,3600,0.0,0.05137528342,0.0,0.0,0.0,0.05137528342,72.0938896,51.37528342,37.12788678
2024-07-05T19:00,3600,0.0,0.0,0.0,0.0,0.0,0.0,3.77992038,0.0,1.93640388
2024-07-05T20:00,3600,0.0,0.0,0.0,0.0,0.0,0.0,0.0,0.0,0.0
2024-07-05T21:00,3600,0.0,0.0,0.0,0.0,0.0,0.0,0.0,0.0,0.0
2024-07-05T22:00,3600,0.0,0.0,0.0,0.0,0.0,0.0,0.0,0.0,0.0
2024-07-05T23:00,3600,0.0,0.0,0.0,0.0,0.0,0.0,0.0,0.0,0.0
2024-07-06T00:00,3600,0.0,0.0,0.0,0.0,0.0,0.0,0.0,0.0,0.0
2024-07-06T01:00,3600,0.0,0.0,0.0,0.0,0.0,0.0,0.0,0.0,0.0
2024-07-06T02:00,3600,0.0,0.0,0.0,0.0,0.0,0.0,0.0,0.0,0.0
2024-07-06T03:00,3600,0.0,0.0,0.0,0.0,0.0,0.0,0.0,0.0,0.0
2024-07-06T04:00,3600,0.0,0.0,0.0,0.0,0.0,0.0,0.0,0.0,0.0
2024-07-06T05:00,3600,0.0,0.0,0.0,0.0,0.0,0.0,1.91926536,0.0,0.96820194
2024-07-06T06:00,3600,0.0,0.039124353,0.0,0.0,0.0,0.039124353,57.42357112,39.124353,29.26069514
2024-07-06T07:00,3600,0.0,0.22561870993,0.0,0.0,0.0,0.22561870993,281.18265765,225.61870993,144.95656322
2024-07-06T08:00,3600,0.0,0.55692444171,0.0,0.0,0.0,0.55692444171,681.00993244,556.92444171,359.45695154
2024-07-06T09:00,3600,0.0,0.82667579421,0.0,0.0,0.0,0.82667579421,1008.78511575,826.67579421,544.40786705
2024-07-06T10:00,3600,0.0,0.9688557261399999,0.0,0.0,0.0,0.9688557261399999,1182.36860026,968.85572614,650.29638377
2024-07-06T11:00,3600,0.0,1.0947655247099999,0.0,0.0,0.0,1.0947655247099999,1336.56711575,1094.76552471,742.36665032
2024-07-06T12:00,3600,0.0,1.1488695978499999,0.0,0.0,0.0,1.1488695978499999,1402.96617488,1148.86959785,780.40621634
2024-07-06T13:00,3600,0.0,1.1122966347199998,0.0,0.0,0.0,1.1122966347199998,1358.07292391,1112.29663472,756.67281331
2024-07-06T14:00,3600,0.0,0.95917038125,0.0,0.0,0.0,0.95917038125,1170.52589044,959.17038125,645.34389586
2024-07-06T15:00,3600,0.0,0.72830993678,0.0,0.0,0.0,0.72830993678,889.02578241,728.30993678,482.49378176
2024-07-06T16:00,3600,0.0,0.52434815484,0.0,0.0,0.0,0.52434815484,641.56301802,524.34815484,344.06180583
2024-07-06T17:00,3600,0.0,0.28713007905,0.0,0.0,0.0,0.28713007905,355.1901876,287.13007905,187.47920939
2024-07-06T18:00,3600,0.0,0.05727782769,0.0,0.0,0.0,0.05727782769,79.16353211,57.27782769,40.82965376
2024-07-06T19:00,3600,0.0,0.0,0.0,0.0,0.0,0.0,3.77312551,0.0,1.93640388
2024-07-06T20:00,3600,0.0,0.0,0.0,0.0,0.0,0.0,0.0,0.0,0.0
2024-07-06T21:00,3600,0.0,0.0,0.0,0.0,0.0,0.0,0.0,0.0,0.0
2024-07-06T22:00,3600,0.0,0.0,0.0,0.0,0.0,0.0,0.0,0.0,0.0
2024-07-06T23:00,3600,0.0,0.0,0.0,0.0,0.0,0.0,0.0,0.0,0.0
2024-07-07T00:00,3600,0.0,0.0,0.0,0.0,0.0,0.0,0.0,0.0,0.0
2024-07-07T01:00,3600,0.0,0.0,0.0,0.0,0.0,0.0,0.0,0.0,0.0
2024-07-07T02:00,3600,0.0,0.0,0.0,0.0,0.0,0.0,0.0,0.0,0.0
2024-07-07T03:00,3600,0.0,0.0,0.0,0.0,0.0,0.0,0.0,0.0,0.0
2024-07-07T04:00,3600,0.0,0.0,0.0,0.0,0.0,0.0,0.0,0.0,0.0
2024-07-07T05:00,3600,0.0,0.0,0.0,0.0,0.0,0.0,1.91927768,0.0,0.96820194
2024-07-07T06:00,3600,0.0,0.04704703199,0.0,0.0,0.0,0.04704703199,66.91041192,47.04703199,34.10965436
2024-07-07T07:00,3600,0.0,0.28538354946,0.0,0.0,0.0,0.28538354946,353.08743549,285.38354946,183.29751536
2024-07-07T08:00,3600,0.0,0.52882419451,0.0,0.0,0.0,0.52882419451,646.98136182,528.82419451,342.01371636
2024-07-07T09:00,3600,0.0,0.81571847987,0.0,0.0,0.0,0.81571847987,995.4312853,815.71847987,534.88189706
2024-07-07T10:00,3600,0.0,0.94591937239,0.0,0.0,0.0,0.94591937239,1154.32759105,945.91937239,632.04547174
2024-07-07T11:00,3600,0.0,0.94417986166,0.0,0.0,0.0,0.94417986166,1152.2015477,944.17986166,631.74569167
2024-07-07T12:00,3600,0.0,0.9822490862200001,0.0,0.0,0.0,0.9822490862200001,1198.74965442,982.24908622,659.8330139
2024-07-07T13:00,3600,0.0,1.06367983233,0.0,0.0,0.0,1.06367983233,1298.4552219,1063.67983233,722.09794113
2024-07-07T14:00,3600,0.0,0.98832789426,0.0,0.0,0.0,0.98832789426,1206.18615987,988.32789426,666.91193759
2024-07-07T15:00,3600,0.0,0.75508263284,0.0,0.0,0.0,0.75508263284,921.59441628,755.08263284,501.20615465
2024-07-07T16:00,3600,0.0,0.47712813432,0.0,0.0,0.0,0.47712813432,584.43571102,477.12813432,309.35500146
2024-07-07T17:00,3600,0.0,0.21351834628000002,0.0,0.0,0.0,0.21351834628000002,266.63610542,213.51834628,138.43212166
2024-07-07T18:00,3600,0.0,0.05767254635999999,0.0,0.0,0.0,0.05767254635999999,79.63633085,57.67254636,40.89200623
2024-07-07T19:00,3600,0.0,0.0,0.0,0.0,0.0,0.0,1.89216215,0.0,0.96820194
2024-07-07T20:00,3600,0.0,0.0,0.0,0.0,0.0,0.0,0.0,0.0,0.0
2024-07-07T21:00,3600,0.0,0.0,0.0,0.0,0.0,0.0,0.0,0.0,0.0
2024-07-07T22:00,3600,0.0,0.0,0.0,0.0,0.0,0.0,0.0,0.0,0.0
2024-07-07T23:00,3600,0.0,0.0,0.0,0.0,0.0,0.0,0.0,0.0,0.0
2024-07-08T00:00,3600,0.0,0.0,0.0,0.0,0.0,0.0,0.0,0.0,0.0
2024-07-08T01:00,3600,0.0,0.0,0.0,0.0,0.0,0.0,0.0,0.0,0.0
2024-07-08T02:00,3600,0.0,0.0,0.0,0.0,0.0,0.0,0.0,0.0,0.0
2024-07-08T03:00,3600,0.0,0.0,0.0,0.0,0.0,0.0,0.0,0.0,0.0
2024-07-08T04:00,3600,0.0,0.0,0.0,0.0,0.0,0.0,0.0,0.0,0.0
2024-07-08T05:00,3600,0.0,0.0,0.0,0.0,0.0,0.0,1.915892,0.0,0.96820194
2024-07-08T06:00,3600,0.0,0.040588001740000004,0.0,0.0,0.0,0.040588001740000004,59.17605975,40.58800174,30.19709902
2024-07-08T07:00,3600,0.0,0.23417453975000002,0.0,0.0,0.0,0.23417453975000002,291.4705023,234.17453975,150.79177363
2024-07-08T08:00,3600,1.0870588235294116,0.54666057209,0.54666057209,0.5403982514394117,0.0,0.0,668.57816638,546.66057209,354.04149599
2024-07-08T09:00,3600,1.086230588235294,0.68206855909,0.68206855909,0.4041620291452941,0.0,0.0,832.82084653,682.06855909,445.1230864
2024-07-08T10:00,3600,1.052687058823529,0.9566891278299999,0.9566891278299999,0.09599793099352916,0.0,0.0,1167.49237764,956.68912783,642.06228195
2024-07-08T11:00,3600,1.051444705882353,1.1298450668400002,1.051444705882353,0.0,0.0,0.07840036095764713,1379.60880415,1129.84506684,768.06573174
2024-07-08T12:00,3600,1.056414117647059,0.9010154880699999,0.9010154880699999,0.15539862957705908,0.0,0.0,1099.47314783,901.01548807,600.08049125
2024-07-08T13:00,3600,1.051444705882353,0.84203172137,0.84203172137,0.20941298451235302,0.0,0.0,1027.50527404,842.03172137,558.28062351
2024-07-08T14:00,3600,1.0502023529411766,0.8086386616200001,0.8086386616200001,0.2415636913211765,0.0,0.0,986.80480589,808.63866162,534.46820286
2024-07-08T15:00,3600,1.043990588235294,0.7540766950600001,0.7540766950600001,0.2899138931752939,0.0,0.0,920.37034401,754.07669506,497.04857207
2024-07-08T16:00,3600,1.042748235294118,0.39155049004,0.39155049004,0.651197745254118,0.0,0.0,481.05867364,391.55049004,254.31475478
2024-07-08T17:00,3600,1.043990588235294,0.20991607879000002,0.20991607879000002,0.8340745094452939,0.0,0.0,262.30637209,209.91607879,137.31215849
2024-07-08T18:00,3600,0.0,0.05786642863,0.0,0.0,0.0,0.05786642863,79.86856688,57.86642863,40.94243334
2024-07-08T19:00,3600,0.0,0.0,0.0,0.0,0.0,0.0,1.89555809,0.0,0.96820194
2024-07-08T20:00,3600,0.0,0.0,0.0,0.0,0.0,0.0,0.0,0.0,0.0
2024-07-08T21:00,3600,0.0,0.0,0.0,0.0,0.0,0.0,0.0,0.0,0.0
2024-07-08T22:00,3600,0.0,0.0,0.0,0.0,0.0,0.0,0.0,0.0,0.0
2024-07-08T23:00,3600,0.0,0.0,0.0,0.0,0.0,0.0,0.0,0.0,0.0
2024-07-09T00:00,3600,0.0,0.0,0.0,0.0,0.0,0.0,0.0,0.0,0.0
2024-07-09T01:00,3600,0.0,0.0,0.0,0.0,0.0,0.0,0.0,0.0,0.0
2024-07-09T02:00,3600,0.0,0.0,0.0,0.0,0.0,0.0,0.0,0.0,0.0
2024-07-09T03:00,3600,0.0,0.0,0.0,0.0,0.0,0.0,0.0,0.0,0.0
2024-07-09T04:00,3600,0.0,0.0,0.0,0.0,0.0,0.0,0.0,0.0,0.0
2024-07-09T05:00,3600,0.0,0.0,0.0,0.0,0.0,0.0,1.91791773,0.0,0.96820194
2024-07-09T06:00,3600,0.0,0.04393760506,0.0,0.0,0.0,0.04393760506,63.18689644,43.93760506,32.14145242
2024-07-09T07:00,3600,0.0,0.28539921706,0.0,0.0,0.0,0.28539921706,353.10629829,285.39921706,182.88636469
2024-07-09T08:00,3600,1.0870588235294116,0.57638562648,0.57638562648,0.5106731970494116,0.0,0.0,704.58961635,576.38562648,373.40076754
2024-07-09T09:00,3600,1.0870588235294116,0.81080720636,0.81080720636,0.2762516171694116,0.0,0.0,989.44694269,810.80720636,531.65436766
2024-07-09T10:00,3600,1.0601411764705884,1.01050520293,1.01050520293,0.04963597354058846,0.0,0.0,1233.32566148,1010.50520293,679.32729173
2024-07-09T11:00,3600,1.0551717647058825,1.09486360182,1.0551717647058825,0.0,0.0,0.0396918371141175,1336.68740466,1094.86360182,742.27802762
2024-07-09T12:00,3600,1.052687058823529,1.09250670289,1.052687058823529,0.0,0.0,0.03981964406647087,1333.79680817,1092.50670289,740.93086703
2024-07-09T13:00,3600,1.0365364705882352,0.92685326766,0.92685326766,0.10968320292823519,0.0,0.0,1131.02952931,926.85326766,623.57679242
2024-07-09T14:00,3600,1.0352941176470587,0.85307917158,0.85307917158,0.18221494606705868,0.0,0.0,1040.97714107,853.07917158,570.50910888
2024-07-09T15:00,3600,1.0377788235294119,0.82621876454,0.82621876454,0.21156005898941188,0.0,0.0,1008.22805997,826.21876454,550.99319874
2024-07-09T16:00,3600,1.0415058823529413,0.47471094778,0.47471094778,0.5667949345729413,0.0,0.0,581.51301926,474.71094778,309.64818446
2024-07-09T17:00,3600,1.0477176470588236,0.24386330735000003,0.24386330735000003,0.8038543397088236,0.0,0.0,303.12301825,243.86330735,158.78582245
2024-07-09T18:00,3600,0.0,0.060505705849999994,0.0,0.0,0.0,0.060505705849999994,83.03004511,60.50570585,42.41546695
2024-07-09T19:00,3600,0.0,0.0,0.0,0.0,0.0,0.0,3.80162638,0.0,1.93640388
2024-07-09T20:00,3600,0.0,0.0,0.0,0.0,0.0,0.0,0.0,0.0,0.0
2024-07-09T21:00,3600,0.0,0.0,0.0,0.0,0.0,0.0,0.0,0.0,0.0
2024-07-09T22:00,3600,0.0,0.0,0.0,0.0,0.0,0.0,0.0,0.0,0.0
2024-07-09T23:00,3600,0.0,0.0,0.0,0.0,0.0,0.0,0.0,0.0,0.0
2024-07-10T00:00,3600,0.0,0.0,0.0,0.0,0.0,0.0,0.0,0.0,0.0
2024-07-10T01:00,3600,0.0,0.0,0.0,0.0,0.0,0.0,0.0,0.0,0.0
2024-07-10T02:00,3600,0.0,0.0,0.0,0.0,0.0,0.0,0.0,0.0,0.0
2024-07-10T03:00,3600,0.0,0.0,0.0,0.0,0.0,0.0,0.0,0.0,0.0
2024-07-10T04:00,3600,0.0,0.0,0.0,0.0,0.0,0.0,0.0,0.0,0.0
2024-07-10T05:00,3600,0.0,0.0,0.0,0.0,0.0,0.0,0.0,0.0,0.0
2024-07-10T06:00,3600,0.0,0.04388899394,0.0,0.0,0.0,0.04388899394,63.12868703,43.88899394,32.18914951
2024-07-10T07:00,3600,0.0,0.26899069146,0.0,0.0,0.0,0.26899069146,333.35511171,268.99069146,172.60019832
2024-07-10T08:00,3600,1.0870588235294116,0.57932419504,0.57932419504,0.5077346284894116,0.0,0.0,708.15097208,579.32419504,375.22070975
2024-07-10T09:00,3600,1.0870588235294116,0.6685759321399999,0.6685759321399999,0.41848289138941175,0.0,0.0,816.43220391,668.57593214,436.08628222
2024-07-10T10:00,3600,1.0638682352941178,1.00363675836,1.00363675836,0.06023147693411768,0.0,0.0,1224.91890091,1003.63675836,675.24679431
2024-07-10T11:00,3600,1.0576564705882354,1.1972085291799999,1.0576564705882354,0.0,0.0,0.13955205859176445,1462.36112585,1197.20852918,818.71374814
2024-07-10T12:00,3600,1.0576564705882354,1.19727590556,1.0576564705882354,0.0,0.0,0.13961943497176454,1462.44395945,1197.27590556,817.33530195
2024-07-10T13:00,3600,1.0352941176470587,1.05823212737,1.0352941176470587,0.0,0.0,0.022938009722941244,1291.77903369,1058.23212737,719.38447541
2024-07-10T14:00,3600,1.0348791701049156,0.98691067652,0.98691067652,0.04796849358491562,0.0,0.0,1204.45231372,986.91067652,668.05228187
2024-07-10T15:00,3600,1.0340442655935616,0.6738716002,0.6738716002,0.3601726653935615,0.0,0.0,822.86391423,673.8716002,446.43061039
2024-07-10T16:00,3600,1.0344625561067802,0.48256061252,0.48256061252,0.5519019435867802,0.0,0.0,591.0048661,482.56061252,315.9707338
2024-07-10T17:00,3600,1.0352941176470587,0.23518233161000002,0.23518233161000002,0.8001117860370587,0.0,0.0,292.68243836,235.18233161,153.82374508
2024-07-10T18:00,3600,0.0,0.05447368023,0.0,0.0,0.0,0.05447368023,75.80481037,54.47368023,38.91740242
2024-07-10T19:00,3600,0.0,0.0,0.0,0.0,0.0,0.0,1.89150206,0.0,0.96820194
2024-07-10T20:00,3600,0.0,0.0,0.0,0.0,0.0,0.0,0.0,0.0,0.0
2024-07-10T21:00,3600,0.0,0.0,0.0,0.0,0.0,0.0,0.0,0.0,0.0
2024-07-10T22:00,3600,0.0,0.0,0.0,0.0,0.0,0.0,0.0,0.0,0.0
2024-07-10T23:00,3600,0.0,0.0,0.0,0.0,0.0,0.0,0.0,0.0,0.0
2024-07-11T00:00,3600,0.0,0.0,0.0,0.0,0.0,0.0,0.0,0.0,0.0
2024-07-11T01:00,3600,0.0,0.0,0.0,0.0,0.0,0.0,0.0,0.0,0.0
2024-07-11T02:00,3600,0.0,0.0,0.0,0.0,0.0,0.0,0.0,0.0,0.0
2024-07-11T03:00,3600,0.0,0.0,0.0,0.0,0.0,0.0,0.0,0.0,0.0
2024-07-11T04:00,3600,0.0,0.0,0.0,0.0,0.0,0.0,0.0,0.0,0.0
2024-07-11T05:00,3600,0.0,0.0,0.0,0.0,0.0,0.0,1.91656155,0.0,0.96820194
2024-07-11T06:00,3600,0.0,0.05338193922,0.0,0.0,0.0,0.05338193922,74.49721321,53.38193922,37.98246212
2024-07-11T07:00,3600,0.0,0.27983403759,0.0,0.0,0.0,0.27983403759,346.40659225,279.83403759,179.53594737
2024-07-11T08:00,3600,1.0870588235294116,0.49803908749000003,0.49803908749000003,0.5890197360394116,0.0,0.0,609.7264572,498.03908749,320.84472297
2024-07-11T09:00,3600,1.0870588235294116,0.75568457292,0.75568457292,0.3313742506094116,0.0,0.0,922.32689873,755.68457292,493.62362386
2024-07-11T10:00,3600,1.07008,1.0540478662900001,1.0540478662900001,0.016032133709999785,0.0,0.0,1286.65177738,1054.04786629,706.74802189
2024-07-11T11:00,3600,1.062625882352941,1.01205817616,1.01205817616,0.05056770619294104,0.0,0.0,1235.22663804,1012.05817616,677.84477834
2024-07-11T12:00,3600,1.0613835294117648,0.93850707,0.93850707,0.12287645941176484,0.0,0.0,1145.26881378,938.50707,627.66738893
2024-07-11T13:00,3600,1.0477176470588236,0.8583108200799999,0.8583108200799999,0.18940682697882372,0.0,0.0,1047.35809894,858.31082008,573.28637964
2024-07-11T14:00,3600,1.056414117647059,0.5790595638999999,0.5790595638999999,0.47735455374705904,0.0,0.0,707.83024641,579.0595639,378.35449037
2024-07-11T15:00,3600,1.0539294117647058,0.62538824531,0.62538824531,0.42854116645470575,0.0,0.0,764.00884232,625.38824531,409.818894
2024-07-11T16:00,3600,1.0762917647058825,0.53857381393,0.53857381393,0.5377179507758825,0.0,0.0,658.78539852,538.57381393,348.58236651
2024-07-11T17:00,3600,1.0638682352941178,0.24796292260999997,0.24796292260999997,0.8159053126841178,0.0,0.0,308.05431891,247.96292261,160.72669132
2024-07-11T18:00,3600,0.0,0.06495197981,0.0,0.0,0.0,0.06495197981,88.35646828,64.95197981,45.32139899
2024-07-11T19:00,3600,0.0,0.0,0.0,0.0,0.0,0.0,1.89693256,0.0,0.96820194
2024-07-11T20:00,3600,0.0,0.0,0.0,0.0,0.0,0.0,0.0,0.0,0.0
2024-07-11T21:00,3600,0.0,0.0,0.0,0.0,0.0,0.0,0.0,0.0,0.0
2024-07-11T22:00,3600,0.0,0.0,0.0,0.0,0.0,0.0,0.0,0.0,0.0
2024-07-11T23:00,3600,0.0,0.0,0.0,0.0,0.0,0.0,0.0,0.0,0.0
2024-07-12T00:00,3600,0.0,0.0,0.0,0.0,0.0,0.0,0.0,0.0,0.0
2024-07-12T01:00,3600,0.0,0.0,0.0,0.0,0.0,0.0,0.0,0.0,0.0
2024-07-12T02:00,3600,0.0,0.0,0.0,0.0,0.0,0.0,0.0,0.0,0.0
2024-07-12T03:00,3600,0.0,0.0,0.0,0.0,0.0,0.0,0.0,0.0,0.0
2024-07-12T04:00,3600,0.0,0.0,0.0,0.0,0.0,0.0,0.0,0.0,0.0
2024-07-12T05:00,3600,0.0,0.0,0.0,0.0,0.0,0.0,0.0,0.0,0.0
2024-07-12T06:00,3600,0.0,0.042269052609999996,0.0,0.0,0.0,0.042269052609999996,61.18892358,42.26905261,31.14145242
2024-07-12T07:00,3600,0.0,0.24665940380999998,0.0,0.0,0.0,0.24665940380999998,306.48630716,246.65940381,158.02868894
2024-07-12T08:00,3600,1.0870588235294116,0.48266333940999995,0.48266333940999995,0.6043954841194117,0.0,0.0,591.12909508,482.66333941,309.84638876
2024-07-12T09:00,3600,1.0870588235294116,0.7640145896599999,0.7640145896599999,0.3230442338694117,0.0,0.0,932.46448143,764.01458966,498.11159911
2024-07-12T10:00,3600,1.0787764705882352,0.8407916574700001,0.8407916574700001,0.23798481311823516,0.0,0.0,1025.99328644,840.79165747,553.91340305
2024-07-12T11:00,3600,1.0775341176470588,1.1324079397999998,1.0775341176470588,0.0,0.0,0.05487382215294101,1382.75476608,1132.4079398,761.74074126
2024-07-12T12:00,3600,1.0713223529411764,1.1891960593799997,1.0713223529411764,0.0,0.0,0.11787370643882333,1452.51140161,1189.19605938,806.19022454
2024-07-12T13:00,3600,1.0477176470588236,0.9608552431099999,0.9608552431099999,0.08686240394882372,0.0,0.0,1172.58585615,960.85524311,642.41998474
2024-07-12T14:00,3600,1.0713223529411764,0.43058860725000003,0.43058860725000003,0.6407337456911764,0.0,0.0,528.19152744,430.58860725,277.56672427
2024-07-12T15:00,3600,1.07008,0.39605101736000003,0.39605101736000003,0.6740289826399999,0.0,0.0,486.49028454,396.05101736,255.65848982
2024-07-12T16:00,3600,1.072564705882353,0.32124193143000007,0.32124193143000007,0.751322774452353,0.0,0.0,396.276076,321.24193143,207.12404499
2024-07-12T17:00,3600,1.0675952941176472,0.23620971278,0.23620971278,0.8313855813376472,0.0,0.0,293.91796006,236.20971278,153.07397117
2024-07-12T18:00,3600,0.0,0.07110851917,0.0,0.0,0.0,0.07110851917,95.73257831,71.10851917,49.03468822
2024-07-12T19:00,3600,0.0,0.0,0.0,0.0,0.0,0.0,1.90097454,0.0,0.96820194
2024-07-12T20:00,3600,0.0,0.0,0.0,0.0,0.0,0.0,0.0,0.0,0.0
2024-07-12T21:00,3600,0.0,0.0,0.0,0.0,0.0,0.0,0.0,0.0,0.0
2024-07-12T22:00,3600,0.0,0.0,0.0,0.0,0.0,0.0,0.0,0.0,0.0
2024-07-12T23:00,3600,0.0,0.0,0.0,0.0,0.0,0.0,0.0,0.0,0.0
2024-07-13T00:00,3600,0.0,0.0,0.0,0.0,0.0,0.0,0.0,0.0,0.0
2024-07-13T01:00,3600,0.0,0.0,0.0,0.0,0.0,0.0,0.0,0.0,0.0
2024-07-13T02:00,3600,0.0,0.0,0.0,0.0,0.0,0.0,0.0,0.0,0.0
2024-07-13T03:00,3600,0.0,0.0,0.0,0.0,0.0,0.0,0.0,0.0,0.0
2024-07-13T04:00,3600,0.0,0.0,0.0,0.0,0.0,0.0,0.0,0.0,0.0
2024-07-13T05:00,3600,0.0,0.0,0.0,0.0,0.0,0.0,0.0,0.0,0.0
2024-07-13T06:00,3600,0.0,0.04068992504,0.0,0.0,0.0,0.04068992504,59.29809895,40.68992504,30.17325048
2024-07-13T07:00,3600,0.0,0.21225711696,0.0,0.0,0.0,0.21225711696,265.12013529,212.25711696,136.56699928
2024-07-13T08:00,3600,0.0,0.49896164677000004,0.0,0.0,0.0,0.49896164677000004,610.84252281,498.96164677,321.46319832
2024-07-13T09:00,3600,0.0,0.71268057611,0.0,0.0,0.0,0.71268057611,870.02212041,712.68057611,465.29482793
2024-07-13T10:00,3600,0.0,0.87538542789,0.0,0.0,0.0,0.87538542789,1068.18908893,875.38542789,580.9432547
2024-07-13T11:00,3600,0.0,0.85072642179,0.0,0.0,0.0,0.85072642179,1038.10778102,850.72642179,565.34040911
2024-07-13T12:00,3600,0.0,0.8297829025600001,0.0,0.0,0.0,0.8297829025600001,1012.57240551,829.78290256,547.97474622
2024-07-13T13:00,3600,0.0,0.87275660959,0.0,0.0,0.0,0.87275660959,1064.98140035,872.75660959,577.02365917
2024-07-13T14:00,3600,0.0,0.9250581086199999,0.0,0.0,0.0,0.9250581086199999,1128.83644263,925.05810862,615.60219085
2024-07-13T15:00,3600,0.0,0.5971075353099999,0.0,0.0,0.0,0.5971075353099999,729.70832628,597.10753531,389.29279551
2024-07-13T16:00,3600,0.0,0.47212840056,0.0,0.0,0.0,0.47212840056,578.39056211,472.12840056,305.79979948
2024-07-13T17:00,3600,0.0,0.25724993226,0.0,0.0,0.0,0.25724993226,319.22705539,257.24993226,166.63001866
2024-07-13T18:00,3600,0.0,0.06362102661999999,0.0,0.0,0.0,0.06362102661999999,86.76199482,63.62102662,44.33604771
2024-07-13T19:00,3600,0.0,0.0,0.0,0.0,0.0,0.0,1.90370046,0.0,0.96820194
2024-07-13T20:00,3600,0.0,0.0,0.0,0.0,0.0,0.0,0.0,0.0,0.0
2024-07-13T21:00,3600,0.0,0.0,0.0,0.0,0.0,0.0,0.0,0.0,0.0
2024-07-13T22:00,3600,0.0,0.0,0.0,0.0,0.0,0.0,0.0,0.0,0.0
2024-07-13T23:00,3600,0.0,0.0,0.0,0.0,0.0,0.0,0.0,0.0,0.0
2024-07-14T00:00,3600,0.0,0.0,0.0,0.0,0.0,0.0,0.0,0.0,0.0
2024-07-14T01:00,3600,0.0,0.0,0.0,0.0,0.0,0.0,0.0,0.0,0.0
2024-07-14T02:00,3600,0.0,0.0,0.0,0.0,0.0,0.0,0.0,0.0,0.0
2024-07-14T03:00,3600,0.0,0.0,0.0,0.0,0.0,0.0,0.0,0.0,0.0
2024-07-14T04:00,3600,0.0,0.0,0.0,0.0,0.0,0.0,0.0,0.0,0.0
2024-07-14T05:00,3600,0.0,0.0,0.0,0.0,0.0,0.0,0.0,0.0,0.0
2024-07-14T06:00,3600,0.0,0.05022954078,0.0,0.0,0.0,0.05022954078,70.72170921,50.22954078,35.98246212
2024-07-14T07:00,3600,0.0,0.28440249325,0.0,0.0,0.0,0.28440249325,351.90631909,284.40249325,181.77494218
2024-07-14T08:00,3600,0.0,0.5318226866300001,0.0,0.0,0.0,0.5318226866300001,650.61141053,531.82268663,342.47352074
2024-07-14T09:00,3600,0.0,0.78086900558,0.0,0.0,0.0,0.78086900558,952.98214825,780.86900558,510.16854971
2024-07-14T10:00,3600,0.0,0.8102456119,0.0,0.0,0.0,0.8102456119,988.76268803,810.2456119,537.18739202
2024-07-14T11:00,3600,0.0,1.1453888427899999,0.0,0.0,0.0,1.1453888427899999,1398.69190035,1145.38884279,778.08937885
2024-07-14T12:00,3600,0.0,1.0489022471599998,0.0,0.0,0.0,1.0489022471599998,1280.34718969,1048.90224716,709.69338773
2024-07-14T13:00,3600,0.0,1.10107951674,0.0,0.0,0.0,1.10107951674,1344.31161783,1101.07951674,755.13398628
2024-07-14T14:00,3600,0.0,1.0681409771700001,0.0,0.0,0.0,1.0681409771700001,1303.92300738,1068.14097717,731.4186771
2024-07-14T15:00,3600,0.0,0.7899089873899999,0.0,0.0,0.0,0.7899089873899999,963.99021772,789.90898739,528.60667378
2024-07-14T16:00,3600,0.0,0.49765471560999996,0.0,0.0,0.0,0.49765471560999996,609.26147041,497.65471561,326.72735818
2024-07-14T17:00,3600,0.0,0.27546345221,0.0,0.0,0.0,0.27546345221,341.14559995,275.46345221,179.53100173
2024-07-14T18:00,3600,0.0,0.06254763932,0.0,0.0,0.0,0.06254763932,85.47611808,62.54763932,43.8925504
2024-07-14T19:00,3600,0.0,0.0,0.0,0.0,0.0,0.0,1.89555708,0.0,0.96820194
2024-07-14T20:00,3600,0.0,0.0,0.0,0.0,0.0,0.0,0.0,0.0,0.0
2024-07-14T21:00,3600,0.0,0.0,0.0,0.0,0.0,0.0,0.0,0.0,0.0
2024-07-14T22:00,3600,0.0,0.0,0.0,0.0,0.0,0.0,0.0,0.0,0.0
2024-07-14T23:00,3600,0.0,0.0,0.0,0.0,0.0,0.0,0.0,0.0,0.0
2024-07-15T00:00,3600,0.0,0.0,0.0,0.0,0.0,0.0,0.0,0.0,0.0
2024-07-15T01:00,3600,0.0,0.0,0.0,0.0,0.0,0.0,0.0,0.0,0.0
2024-07-15T02:00,3600,0.0,0.0,0.0,0.0,0.0,0.0,0.0,0.0,0.0
2024-07-15T03:00,3600,0.0,0.0,0.0,0.0,0.0,0.0,0.0,0.0,0.0
2024-07-15T04:00,3600,0.0,0.0,0.0,0.0,0.0,0.0,0.0,0.0,0.0
2024-07-15T05:00,3600,0.0,0.0,0.0,0.0,0.0,0.0,0.0,0.0,0.0
2024-07-15T06:00,3600,0.0,0.03900873074,0.0,0.0,0.0,0.03900873074,57.28513411,39.00873074,29.19709902
2024-07-15T07:00,3600,0.0,0.26682489083000005,0.0,0.0,0.0,0.26682489083000005,330.74864951,266.82489083,170.81404638
2024-07-15T08:00,3600,1.0870588235294116,0.48617995,0.48617995,0.6008788735294116,0.0,0.0,595.38195337,486.17995,312.03228893
2024-07-15T09:00,3600,1.0870588235294116,0.7437251164500001,0.7437251164500001,0.3433337070794116,0.0,0.0,907.77570091,743.72511645,482.17596126
2024-07-15T10:00,3600,1.0663529411764705,0.99859997979,0.99859997979,0.06775296138647047,0.0,0.0,1218.75489498,998.59997979,664.49422712
2024-07-15T11:00,3600,1.062625882352941,1.09697540538,1.062625882352941,0.0,0.0,0.03434952302705896,1339.27754134,1096.97540538,736.34478805
2024-07-15T12:00,3600,1.052687058823529,1.13450644707,1.052687058823529,0.0,0.0,0.08181938824647084,1385.33085314,1134.50644707,767.05643712
2024-07-15T13:00,3600,1.03508685155744,1.15270004931,1.03508685155744,0.0,0.0,0.11761319775255985,1407.67026969,1152.70004931,785.84939915
2024-07-15T14:00,3600,1.033202614379085,0.98171132157,0.98171132157,0.05149129280908493,0.0,0.0,1198.09183095,981.71132157,664.00860274
2024-07-15T15:00,3600,1.0377788235294119,0.83331599526,0.83331599526,0.20446282826941187,0.0,0.0,1016.87926213,833.31599526,555.15361307
2024-07-15T16:00,3600,1.051444705882353,0.51066940397,0.51066940397,0.540775301912353,0.0,0.0,625.00800791,510.66940397,331.83348201
2024-07-15T17:00,3600,1.0539294117647058,0.24296804242,0.24296804242,0.8109613693447058,0.0,0.0,302.04619208,242.96804242,157.98760608
2024-07-15T18:00,3600,0.0,0.06747792124,0.0,0.0,0.0,0.06747792124,91.38266002,67.47792124,46.79430332
2024-07-15T19:00,3600,0.0,0.0,0.0,0.0,0.0,0.0,1.898275,0.0,0.96820194
2024-07-15T20:00,3600,0.0,0.0,0.0,0.0,0.0,0.0,0.0,0.0,0.0
2024-07-15T21:00,3600,0.0,0.0,0.0,0.0,0.0,0.0,0.0,0.0,0.0
2024-07-15T22:00,3600,0.0,0.0,0.0,0.0,0.0,0.0,0.0,0.0,0.0
2024-07-15T23:00,3600,0.0,0.0,0.0,0.0,0.0,0.0,0.0,0.0,0.0
2024-07-16T00:00,3600,0.0,0.0,0.0,0.0,0.0,0.0,0.0,0.0,0.0
2024-07-16T01:00,3600,0.0,0.0,0.0,0.0,0.0,0.0,0.0,0.0,0.0
2024-07-16T02:00,3600,0.0,0.0,0.0,0.0,0.0,0.0,0.0,0.0,0.0
2024-07-16T03:00,3600,0.0,0.0,0.0,0.0,0.0,0.0,0.0,0.0,0.0
2024-07-16T04:00,3600,0.0,0.0,0.0,0.0,0.0,0.0,0.0,0.0,0.0
2024-07-16T05:00,3600,0.0,0.0,0.0,0.0,0.0,0.0,0.0,0.0,0.0
2024-07-16T06:00,3600,0.0,0.048545974430000007,0.0,0.0,0.0,0.048545974430000007,68.70547631,48.54597443,34.99836115
2024-07-16T07:00,3600,0.0,0.24384507333,0.0,0.0,0.0,0.24384507333,303.10108613,243.84507333,156.22734889
2024-07-16T08:00,3600,1.0870588235294116,0.51228552693,0.51228552693,0.5747732965994117,0.0,0.0,626.96368827,512.28552693,329.28791349
2024-07-16T09:00,3600,1.0870588235294116,0.70840784164,0.70840784164,0.3786509818894116,0.0,0.0,864.8281095,708.40784164,459.61298305
2024-07-16T10:00,3600,1.0663529411764705,0.9075171166699999,0.9075171166699999,0.1588358245064706,0.0,0.0,1107.41198656,907.51711667,600.65210392
2024-07-16T11:00,3600,1.0613835294117648,0.97517462842,0.97517462842,0.08620890099176481,0.0,0.0,1190.09644306,975.17462842,650.74856631
2024-07-16T12:00,3600,1.0688376470588234,1.1496968358,1.0688376470588234,0.0,0.0,0.08085918874117648,1403.98205226,1149.6968358,773.4517673
2024-07-16T13:00,3600,1.0502023529411766,0.85015134239,0.85015134239,0.20005101055117658,0.0,0.0,1037.40645098,850.15134239,562.00591052
2024-07-16T14:00,3600,1.0775341176470588,0.63940739591,0.63940739591,0.4381267217370588,0.0,0.0,781.02031078,639.40739591,414.65163809
2024-07-16T15:00,3600,1.058898823529412,0.5228860926600001,0.5228860926600001,0.5360127308694118,0.0,0.0,639.7932793,522.88609266,339.32235622
2024-07-16T16:00,3600,1.0849882352941176,0.45001250323,0.45001250323,0.6349757320641176,0.0,0.0,551.6585795,450.01250323,289.23404729
2024-07-16T17:00,3600,1.0849882352941176,0.18864788936000002,0.18864788936000002,0.8963403459341176,0.0,0.0,236.75026585,188.64788936,122.30794036
2024-07-16T18:00,3600,0.0,0.06026992344,0.0,0.0,0.0,0.06026992344,82.7476038,60.26992344,42.1039555
2024-07-16T19:00,3600,0.0,0.0,0.0,0.0,0.0,0.0,1.90912144,0.0,0.96820194
2024-07-16T20:00,3600,0.0,0.0,0.0,0.0,0.0,0.0,0.0,0.0,0.0
2024-07-16T21:00,3600,0.0,0.0,0.0,0.0,0.0,0.0,0.0,0.0,0.0
2024-07-16T22:00,3600,0.0,0.0,0.0,0.0,0.0,0.0,0.0,0.0,0.0
2024-07-16T23:00,3600,0.0,0.0,0.0,0.0,0.0,0.0,0.0,0.0,0.0
2024-07-17T00:00,3600,0.0,0.0,0.0,0.0,0.0,0.0,0.0,0.0,0.0
2024-07-17T01:00,3600,0.0,0.0,0.0,0.0,0.0,0.0,0.0,0.0,0.0
2024-07-17T02:00,3600,0.0,0.0,0.0,0.0,0.0,0.0,0.0,0.0,0.0
2024-07-17T03:00,3600,0.0,0.0,0.0,0.0,0.0,0.0,0.0,0.0,0.0
2024-07-17T04:00,3600,0.0,0.0,0.0,0.0,0.0,0.0,0.0,0.0,0.0
2024-07-17T05:00,3600,0.0,0.0,0.0,0.0,0.0,0.0,0.0,0.0,0.0
2024-07-17T06:00,3600,0.0,0.04567067994,0.0,0.0,0.0,0.04567067994,65.26220886,45.67067994,33.09375533
2024-07-17T07:00,3600,0.0,0.21278924620000003,0.0,0.0,0.0,0.21278924620000003,265.7597378,212.7892462,136.07628626
2024-07-17T08:00,3600,1.0870588235294116,0.41657475073,0.41657475073,0.6704840727994117,0.0,0.0,511.26704271,416.57475073,265.18672665
2024-07-17T09:00,3600,1.0870588235294116,0.74288421414,0.74288421414,0.3441746093894116,0.0,0.0,906.75271653,742.88421414,479.99842599
2024-07-17T10:00,3600,1.0713223529411764,0.78561672612,0.78561672612,0.2857056268211764,0.0,0.0,958.76320597,785.61672612,516.84439103
2024-07-17T11:00,3600,1.0613835294117648,0.83797342294,0.83797342294,0.22341010647176485,0.0,0.0,1022.5572246,837.97342294,554.30282968
2024-07-17T12:00,3600,1.0601411764705884,0.7109851182600001,0.7109851182600001,0.34915605821058826,0.0,0.0,867.96103124,710.98511826,466.08120574
2024-07-17T13:00,3600,1.0800188235294121,0.9884279361300001,0.9884279361300001,0.09159088739941201,0.0,0.0,1206.3085548,988.42793613,654.57523274
2024-07-17T14:00,3600,1.056414117647059,0.8761039691099999,0.8761039691099999,0.18031014853705907,0.0,0.0,1069.06588805,876.10396911,580.51066327
2024-07-17T15:00,3600,1.052687058823529,0.60328448202,0.60328448202,0.44940257680352913,0.0,0.0,737.19820252,603.28448202,393.67145788
2024-07-17T16:00,3600,1.0750494117647058,0.45920095800000005,0.45920095800000005,0.6158484537647058,0.0,0.0,562.76324399,459.200958,295.60582546
2024-07-17T17:00,3600,1.0787764705882352,0.19391472655999997,0.19391472655999997,0.8848617440282353,0.0,0.0,243.07782494,193.91472656,125.80790822
2024-07-17T18:00,3600,0.0,0.0461457492,0.0,0.0,0.0,0.0461457492,65.831106,46.1457492,33.44661062
2024-07-17T19:00,3600,0.0,0.0,0.0,0.0,0.0,0.0,1.91251639,0.0,0.96820194
2024-07-17T20:00,3600,0.0,0.0,0.0,0.0,0.0,0.0,0.0,0.0,0.0
2024-07-17T21:00,3600,0.0,0.0,0.0,0.0,0.0,0.0,0.0,0.0,0.0
2024-07-17T22:00,3600,0.0,0.0,0.0,0.0,0.0,0.0,0.0,0.0,0.0
2024-07-17T23:00,3600,0.0,0.0,0.0,0.0,0.0,0.0,0.0,0.0,0.0
2024-07-18T00:00,3600,0.0,0.0,0.0,0.0,0.0,0.0,0.0,0.0,0.0
2024-07-18T01:00,3600,0.0,0.0,0.0,0.0,0.0,0.0,0.0,0.0,0.0
2024-07-18T02:00,3600,0.0,0.0,0.0,0.0,0.0,0.0,0.0,0.0,0.0
2024-07-18T03:00,3600,0.0,0.0,0.0,0.0,0.0,0.0,0.0,0.0,0.0
2024-07-18T04:00,3600,0.0,0.0,0.0,0.0,0.0,0.0,0.0,0.0,0.0
2024-07-18T05:00,3600,0.0,0.0,0.0,0.0,0.0,0.0,0.0,0.0,0.0
2024-07-18T06:00,3600,0.0,0.03444052491,0.0,0.0,0.0,0.03444052491,51.81580877,34.44052491,26.32429125
2024-07-18T07:00,3600,0.0,0.22832352128,0.0,0.0,0.0,0.22832352128,284.43480889,228.32352128,146.09085931
2024-07-18T08:00,3600,1.0870588235294116,0.49924351335,0.49924351335,0.5878153101794117,0.0,0.0,611.18351542,499.24351335,319.7809987
2024-07-18T09:00,3600,1.0870588235294116,0.74578988193,0.74578988193,0.3412689415994117,0.0,0.0,910.28763753,745.78988193,484.97898439
2024-07-18T10:00,3600,1.07008,0.7957264578600001,0.7957264578600001,0.27435354213999985,0.0,0.0,971.07541652,795.72645786,523.47963275
2024-07-18T11:00,3600,1.072564705882353,0.9033374861100001,0.9033374861100001,0.169227219772353,0.0,0.0,1102.30829543,903.33748611,596.71470562
2024-07-18T12:00,3600,1.0870588235294116,0.7996419378999999,0.7996419378999999,0.2874168856294117,0.0,0.0,975.84468223,799.6419379,519.94786463
2024-07-18T13:00,3600,1.0870588235294116,0.8020059484,0.8020059484,0.2850528751294117,0.0,0.0,978.72438261,802.0059484,520.5193877
2024-07-18T14:00,3600,0.6599738813254854,0.31682771786999997,0.31682771786999997,0.34314616345548543,0.0,0.0,390.95761587,316.82771787,201.68553461
2024-07-18T15:00,3600,0.6183860852941178,0.38999670074,0.38999670074,0.22838938455411778,0.0,0.0,479.1835597,389.99670074,247.70921421
2024-07-18T16:00,3600,0.5729890264705882,0.24505956661999997,0.24505956661999997,0.3279294598505883,0.0,0.0,304.5619147,245.05956662,156.0901264
2024-07-18T17:00,3600,0.5697353647058823,0.18477911806,0.18477911806,0.38495624664588224,0.0,0.0,232.1028135,184.77911806,118.70423066
2024-07-18T18:00,3600,0.0,0.0452258122,0.0,0.0,0.0,0.0452258122,64.72948358,45.2258122,32.68368391
2024-07-18T19:00,3600,0.0,0.0,0.0,0.0,0.0,0.0,1.92266296,0.0,0.96820194
2024-07-18T20:00,3600,0.0,0.0,0.0,0.0,0.0,0.0,0.0,0.0,0.0
2024-07-18T21:00,3600,0.0,0.0,0.0,0.0,0.0,0.0,0.0,0.0,0.0
2024-07-18T22:00,3600,0.0,0.0,0.0,0.0,0.0,0.0,0.0,0.0,0.0
2024-07-18T23:00,3600,0.0,0.0,0.0,0.0,0.0,0.0,0.0,0.0,0.0
2024-07-19T00:00,3600,0.0,0.0,0.0,0.0,0.0,0.0,0.0,0.0,0.0
2024-07-19T01:00,3600,0.0,0.0,0.0,0.0,0.0,0.0,0.0,0.0,0.0
2024-07-19T02:00,3600,0.0,0.0,0.0,0.0,0.0,0.0,0.0,0.0,0.0
2024-07-19T03:00,3600,0.0,0.0,0.0,0.0,0.0,0.0,0.0,0.0,0.0
2024-07-19T04:00,3600,0.0,0.0,0.0,0.0,0.0,0.0,0.0,0.0,0.0
2024-07-19T05:00,3600,0.0,0.0,0.0,0.0,0.0,0.0,0.0,0.0,0.0
2024-07-19T06:00,3600,0.0,0.03779547639,0.0,0.0,0.0,0.03779547639,55.83250027,37.79547639,28.26069514
2024-07-19T07:00,3600,0.0,0.24010638130999998,0.0,0.0,0.0,0.24010638130999998,298.60432642,240.10638131,153.07247975
2024-07-19T08:00,3600,0.9440261479846405,0.46720644048999993,0.46720644048999993,0.47681970749464053,0.0,0.0,572.44011852,467.20644049,297.74254648
2024-07-19T09:00,3600,0.7454890382352942,0.7322774076499999,0.7322774076499999,0.013211630585294287,0.0,0.0,893.85089522,732.27740765,471.70893323
2024-07-19T10:00,3600,0.9028980941176471,0.98552805936,0.9028980941176471,0.0,0.0,0.08262996524235289,1202.76085344,985.52805936,651.92156484
2024-07-19T11:00,3600,0.9616244264705883,1.14466585315,0.9616244264705883,0.0,0.0,0.1830414266794117,1397.80413198,1144.66585315,765.39472003
2024-07-19T12:00,3600,0.9574204588235296,1.1283206147,0.9574204588235296,0.0,0.0,0.17090015587647045,1377.7376075,1128.3206147,755.25011496
2024-07-19T13:00,3600,0.8163529794117647,0.66542631051,0.66542631051,0.15092666890176465,0.0,0.0,812.60728588,665.42631051,433.96858188
2024-07-19T14:00,3600,0.6805810235294117,0.34634388971999996,0.34634388971999996,0.3342371338094118,0.0,0.0,426.53020236,346.34388972,222.13351153
2024-07-19T15:00,3600,0.670677811764706,0.25486717886,0.25486717886,0.415810632904706,0.0,0.0,316.36026177,254.86717886,164.48720491
2024-07-19T16:00,3600,0.6267750088235294,0.13529781094,0.13529781094,0.4914771978835294,0.0,0.0,172.69769695,135.29781094,89.07457861
2024-07-19T17:00,3600,0.6086391323529413,0.058836187160000004,0.058836187160000004,0.5498029451929413,0.0,0.0,81.0301779,58.83618716,41.63268348
2024-07-19T18:00,3600,0.0,0.024627764899999998,0.0,0.0,0.0,0.024627764899999998,40.06927255,24.6277649,20.33224077
2024-07-19T19:00,3600,0.0,0.0,0.0,0.0,0.0,0.0,1.91317596,0.0,0.96820194
2024-07-19T20:00,3600,0.0,0.0,0.0,0.0,0.0,0.0,0.0,0.0,0.0
2024-07-19T21:00,3600,0.0,0.0,0.0,0.0,0.0,0.0,0.0,0.0,0.0
2024-07-19T22:00,3600,0.0,0.0,0.0,0.0,0.0,0.0,0.0,0.0,0.0
2024-07-19T23:00,3600,0.0,0.0,0.0,0.0,0.0,0.0,0.0,0.0,0.0
2024-07-20T00:00,3600,0.0,0.0,0.0,0.0,0.0,0.0,0.0,0.0,0.0
2024-07-20T01:00,3600,0.0,0.0,0.0,0.0,0.0,0.0,0.0,0.0,0.0
2024-07-20T02:00,3600,0.0,0.0,0.0,0.0,0.0,0.0,0.0,0.0,0.0
2024-07-20T03:00,3600,0.0,0.0,0.0,0.0,0.0,0.0,0.0,0.0,0.0
2024-07-20T04:00,3600,0.0,0.0,0.0,0.0,0.0,0.0,0.0,0.0,0.0
2024-07-20T05:00,3600,0.0,0.0,0.0,0.0,0.0,0.0,0.0,0.0,0.0
2024-07-20T06:00,3600,0.0,0.04234851625,0.0,0.0,0.0,0.04234851625,61.28407394,42.34851625,31.16530096
2024-07-20T07:00,3600,0.0,0.25858725273,0.0,0.0,0.0,0.25858725273,320.83611069,258.58725273,165.47823933
2024-07-20T08:00,3600,0.0,0.56124325493,0.0,0.0,0.0,0.56124325493,686.24181784,561.24325493,361.19730705
2024-07-20T09:00,3600,0.0,0.8360552562799999,0.0,0.0,0.0,0.8360552562799999,1020.21867571,836.05525628,546.51492471
2024-07-20T10:00,3600,0.0,1.04912857603,0.0,0.0,0.0,1.04912857603,1280.62447963,1049.12857603,702.53740609
2024-07-20T11:00,3600,0.0,1.14181146043,0.0,0.0,0.0,1.14181146043,1394.29933277,1141.81146043,770.21888937
2024-07-20T12:00,3600,0.0,1.16311095025,0.0,0.0,0.0,1.16311095025,1420.45780386,1163.11095025,787.55062039
2024-07-20T13:00,3600,0.0,0.88521039402,0.0,0.0,0.0,0.88521039402,1080.17925456,885.21039402,591.98145095
2024-07-20T14:00,3600,0.0,0.70057225966,0.0,0.0,0.0,0.70057225966,855.30436074,700.57225966,461.27229217
2024-07-20T15:00,3600,0.0,0.5870625009300001,0.0,0.0,0.0,0.5870625009300001,717.53044149,587.06250093,380.43293544
2024-07-20T16:00,3600,0.0,0.48115231788,0.0,0.0,0.0,0.48115231788,589.30182598,481.15231788,309.53157085
2024-07-20T17:00,3600,0.0,0.23792527251,0.0,0.0,0.0,0.23792527251,295.98114418,237.92527251,153.88952996
2024-07-20T18:00,3600,0.0,0.06652751587,0.0,0.0,0.0,0.06652751587,90.24401155,66.52751587,46.17078301
2024-07-20T19:00,3600,0.0,0.0,0.0,0.0,0.0,0.0,1.9023408,0.0,0.96820194
2024-07-20T20:00,3600,0.0,0.0,0.0,0.0,0.0,0.0,0.0,0.0,0.0
2024-07-20T21:00,3600,0.0,0.0,0.0,0.0,0.0,0.0,0.0,0.0,0.0
2024-07-20T22:00,3600,0.0,0.0,0.0,0.0,0.0,0.0,0.0,0.0,0.0
2024-07-20T23:00,3600,0.0,0.0,0.0,0.0,0.0,0.0,0.0,0.0,0.0
2024-07-21T00:00,3600,0.0,0.0,0.0,0.0,0.0,0.0,0.0,0.0,0.0
2024-07-21T01:00,3600,0.0,0.0,0.0,0.0,0.0,0.0,0.0,0.0,0.0
2024-07-21T02:00,3600,0.0,0.0,0.0,0.0,0.0,0.0,0.0,0.0,0.0
2024-07-21T03:00,3600,0.0,0.0,0.0,0.0,0.0,0.0,0.0,0.0,0.0
2024-07-21T04:00,3600,0.0,0.0,0.0,0.0,0.0,0.0,0.0,0.0,0.0
2024-07-21T05:00,3600,0.0,0.0,0.0,0.0,0.0,0.0,0.0,0.0,0.0
2024-07-21T06:00,3600,0.0,0.034273991180000005,0.0,0.0,0.0,0.034273991180000005,51.61643527,34.27399118,26.26069514
2024-07-21T07:00,3600,0.0,0.24592154897000001,0.0,0.0,0.0,0.24592154897000001,305.59875683,245.92154897,157.42293424
2024-07-21T08:00,3600,0.0,0.39868003564999993,0.0,0.0,0.0,0.39868003564999993,489.66345829,398.68003565,254.75870903
2024-07-21T09:00,3600,0.0,0.5140814165800001,0.0,0.0,0.0,0.5140814165800001,629.13698968,514.08141658,329.53838108
2024-07-21T10:00,3600,0.0,0.8218134868399999,0.0,0.0,0.0,0.8218134868399999,1002.85893833,821.81348684,539.15390962
2024-07-21T11:00,3600,0.0,0.86147446717,0.0,0.0,0.0,0.86147446717,1051.21712258,861.47446717,568.62077723
2024-07-21T12:00,3600,0.0,0.9260157596,0.0,0.0,0.0,0.9260157596,1130.00636195,926.0157596,614.42733915
2024-07-21T13:00,3600,0.0,0.9213586916000001,0.0,0.0,0.0,0.9213586916000001,1124.31727419,921.3586916,614.39935464
2024-07-21T14:00,3600,0.0,0.93654205338,0.0,0.0,0.0,0.93654205338,1142.86757422,936.54205338,625.47909548
2024-07-21T15:00,3600,0.0,0.6572382537900001,0.0,0.0,0.0,0.6572382537900001,802.66495398,657.23825379,430.48023939
2024-07-21T16:00,3600,0.0,0.21754995783,0.0,0.0,0.0,0.21754995783,271.48230211,217.54995783,141.55028294
2024-07-21T17:00,3600,0.0,0.1432372292,0.0,0.0,0.0,0.1432372292,182.22499252,143.2372292,94.68161662
2024-07-21T18:00,3600,0.0,0.04994020917,0.0,0.0,0.0,0.04994020917,70.37520136,49.94020917,35.93321945
2024-07-21T19:00,3600,0.0,0.0,0.0,0.0,0.0,0.0,1.90165709,0.0,0.96820194
2024-07-21T20:00,3600,0.0,0.0,0.0,0.0,0.0,0.0,0.0,0.0,0.0
2024-07-21T21:00,3600,0.0,0.0,0.0,0.0,0.0,0.0,0.0,0.0,0.0
2024-07-21T22:00,3600,0.0,0.0,0.0,0.0,0.0,0.0,0.0,0.0,0.0
2024-07-21T23:00,3600,0.0,0.0,0.0,0.0,0.0,0.0,0.0,0.0,0.0
2024-07-22T00:00,3600,0.0,0.0,0.0,0.0,0.0,0.0,0.0,0.0,0.0
2024-07-22T01:00,3600,0.0,0.0,0.0,0.0,0.0,0.0,0.0,0.0,0.0
2024-07-22T02:00,3600,0.0,0.0,0.0,0.0,0.0,0.0,0.0,0.0,0.0
2024-07-22T03:00,3600,0.0,0.0,0.0,0.0,0.0,0.0,0.0,0.0,0.0
2024-07-22T04:00,3600,0.0,0.0,0.0,0.0,0.0,0.0,0.0,0.0,0.0
2024-07-22T05:00,3600,0.0,0.0,0.0,0.0,0.0,0.0,0.0,0.0,0.0
2024-07-22T06:00,3600,0.0,0.03269197557,0.0,0.0,0.0,0.03269197557,49.72248948,32.69197557,25.28454368
2024-07-22T07:00,3600,0.0,0.15358489181999999,0.0,0.0,0.0,0.15358489181999999,194.64471727,153.58489182,99.59430265
2024-07-22T08:00,3600,1.0870588235294116,0.37145487034,0.37145487034,0.7156039531894116,0.0,0.0,456.8123456,371.45487034,236.75654062
2024-07-22T09:00,3600,1.0870588235294116,0.68839295499,0.68839295499,0.39866586853941166,0.0,0.0,840.5044343,688.39295499,444.0042289
2024-07-22T10:00,3600,1.0688376470588234,0.9281876497199999,0.9281876497199999,0.14064999733882355,0.0,0.0,1132.65975901,928.18764972,615.28310825
2024-07-22T11:00,3600,1.0663529411764705,0.8791317887599999,0.8791317887599999,0.18722115241647064,0.0,0.0,1072.76074155,879.13178876,581.50240569
2024-07-22T12:00,3600,1.0601411764705884,1.0628327023,1.0601411764705884,0.0,0.0,0.0026915258294115674,1297.41700437,1062.8327023,713.11496937
2024-07-22T13:00,3600,1.0464752941176472,1.0552278151099999,1.0464752941176472,0.0,0.0,0.008752520992352686,1288.09759736,1055.22781511,709.89271323
2024-07-22T14:00,3600,1.0551717647058825,0.9338435868300001,0.9338435868300001,0.12132817787588235,0.0,0.0,1139.57024102,933.84358683,621.68041983
2024-07-22T15:00,3600,1.0576564705882354,0.81772380465,0.81772380465,0.23993266593823537,0.0,0.0,997.87495023,817.72380465,539.22106357
2024-07-22T16:00,3600,1.065110588235294,0.43734013082,0.43734013082,0.627770457415294,0.0,0.0,536.34723513,437.34013082,282.53705077
2024-07-22T17:00,3600,1.062625882352941,0.21991645066999999,0.21991645066999999,0.8427094316829411,0.0,0.0,274.32714772,219.91645067,142.78199189
2024-07-22T18:00,3600,0.0,0.057591140990000005,0.0,0.0,0.0,0.057591140990000005,79.53882219,57.59114099,40.61806398
2024-07-22T19:00,3600,0.0,0.0,0.0,0.0,0.0,0.0,1.90436703,0.0,0.96820194
2024-07-22T20:00,3600,0.0,0.0,0.0,0.0,0.0,0.0,0.0,0.0,0.0
2024-07-22T21:00,3600,0.0,0.0,0.0,0.0,0.0,0.0,0.0,0.0,0.0
2024-07-22T22:00,3600,0.0,0.0,0.0,0.0,0.0,0.0,0.0,0.0,0.0
2024-07-22T23:00,3600,0.0,0.0,0.0,0.0,0.0,0.0,0.0,0.0,0.0
2024-07-23T00:00,3600,0.0,0.0,0.0,0.0,0.0,0.0,0.0,0.0,0.0
2024-07-23T01:00,3600,0.0,0.0,0.0,0.0,0.0,0.0,0.0,0.0,0.0
2024-07-23T02:00,3600,0.0,0.0,0.0,0.0,0.0,0.0,0.0,0.0,0.0
2024-07-23T03:00,3600,0.0,0.0,0.0,0.0,0.0,0.0,0.0,0.0,0.0
2024-07-23T04:00,3600,0.0,0.0,0.0,0.0,0.0,0.0,0.0,0.0,0.0
2024-07-23T05:00,3600,0.0,0.0,0.0,0.0,0.0,0.0,0.0,0.0,0.0
2024-07-23T06:00,3600,0.0,0.03743617279,0.0,0.0,0.0,0.03743617279,55.4023123,37.43617279,28.20504853
2024-07-23T07:00,3600,0.0,0.24361902724999998,0.0,0.0,0.0,0.24361902724999998,302.8291956,243.61902725,156.1168056
2024-07-23T08:00,3600,1.0870588235294116,0.4837798971,0.4837798971,0.6032789264294116,0.0,0.0,592.47938171,483.7798971,310.60516349
2024-07-23T09:00,3600,1.0870588235294116,0.7352767109799999,0.7352767109799999,0.3517821125494117,0.0,0.0,897.49884491,735.27671098,478.61162017
2024-07-23T10:00,3600,1.0663529411764705,1.00404858657,1.00404858657,0.06230435460647055,0.0,0.0,1225.4229279,1004.04858657,675.06882793
2024-07-23T11:00,3600,1.0613835294117648,1.13348440829,1.0613835294117648,0.0,0.0,0.07210087887823513,1384.07620225,1133.48440829,772.85636941
2024-07-23T12:00,3600,1.0613835294117648,1.0451492363400001,1.0451492363400001,0.016234293071764716,0.0,0.0,1275.74934963,1045.14923634,706.90086326
2024-07-23T13:00,3600,1.0415058823529413,0.9955800468800001,0.9955800468800001,0.04592583547294116,0.0,0.0,1215.05944927,995.58004688,674.81960823
2024-07-23T14:00,3600,1.0477176470588236,0.96391260212,0.96391260212,0.08380504493882368,0.0,0.0,1176.32408617,963.91260212,650.59108739
2024-07-23T15:00,3600,1.065110588235294,0.74541547816,0.74541547816,0.31969511007529405,0.0,0.0,909.83213941,745.41547816,492.54101859
2024-07-23T16:00,3600,1.0551717647058825,0.53733481856,0.53733481856,0.5178369461458825,0.0,0.0,657.28517969,537.33481856,351.65116411
2024-07-23T17:00,3600,1.0464752941176472,0.30183982930000003,0.30183982930000003,0.7446354648176472,0.0,0.0,372.90342033,301.8398293,196.74561029
2024-07-23T18:00,3600,0.0,0.06236371794,0.0,0.0,0.0,0.06236371794,85.25579042,62.36371794,43.91953892
2024-07-23T19:00,3600,0.0,0.0,0.0,0.0,0.0,0.0,1.89080312,0.0,0.96820194
2024-07-23T20:00,3600,0.0,0.0,0.0,0.0,0.0,0.0,0.0,0.0,0.0
2024-07-23T21:00,3600,0.0,0.0,0.0,0.0,0.0,0.0,0.0,0.0,0.0
2024-07-23T22:00,3600,0.0,0.0,0.0,0.0,0.0,0.0,0.0,0.0,0.0
2024-07-23T23:00,3600,0.0,0.0,0.0,0.0,0.0,0.0,0.0,0.0,0.0
2024-07-24T00:00,3600,0.0,0.0,0.0,0.0,0.0,0.0,0.0,0.0,0.0
2024-07-24T01:00,3600,0.0,0.0,0.0,0.0,0.0,0.0,0.0,0.0,0.0
2024-07-24T02:00,3600,0.0,0.0,0.0,0.0,0.0,0.0,0.0,0.0,0.0
2024-07-24T03:00,3600,0.0,0.0,0.0,0.0,0.0,0.0,0.0,0.0,0.0
2024-07-24T04:00,3600,0.0,0.0,0.0,0.0,0.0,0.0,0.0,0.0,0.0
2024-07-24T05:00,3600,0.0,0.0,0.0,0.0,0.0,0.0,0.0,0.0,0.0
2024-07-24T06:00,3600,0.0,0.05470744598,0.0,0.0,0.0,0.05470744598,76.0847998,54.70744598,38.81552232
2024-07-24T07:00,3600,0.0,0.23378321024999998,0.0,0.0,0.0,0.23378321024999998,290.99991021,233.78321025,150.17249349
2024-07-24T08:00,3600,1.0870588235294116,0.5332885870799999,0.5332885870799999,0.5537702364494117,0.0,0.0,652.38615597,533.28858708,343.67866536
2024-07-24T09:00,3600,1.0870588235294116,0.8683079850800001,0.8683079850800001,0.21875083844941157,0.0,0.0,1059.55362489,868.30798508,572.24435698
2024-07-24T10:00,3600,1.062625882352941,1.0939188101100001,1.062625882352941,0.0,0.0,0.03129292775705905,1335.52865467,1093.91881011,742.39013548
2024-07-24T11:00,3600,1.0576564705882354,1.1663517319099999,1.0576564705882354,0.0,0.0,0.10869526132176444,1424.43903758,1166.35173191,797.11879562
2024-07-24T12:00,3600,1.0551717647058825,1.1171445276899998,1.0551717647058825,0.0,0.0,0.06197276298411736,1364.02149802,1117.14452769,761.47474355
2024-07-24T13:00,3600,1.03508685155744,1.1726372458899998,1.03508685155744,0.0,0.0,0.13755039433255978,1432.16152394,1172.63724589,807.50169362
2024-07-24T14:00,3600,1.0342536210464086,0.85451427098,0.85451427098,0.17973935006640862,0.0,0.0,1042.72743211,854.51427098,574.23835839
2024-07-24T15:00,3600,1.0342536210464086,0.71679010184,0.71679010184,0.3174635192064086,0.0,0.0,875.01821212,716.79010184,476.81599371
2024-07-24T16:00,3600,1.033202614379085,0.5303733292499999,0.5303733292499999,0.502829285129085,0.0,0.0,648.85675174,530.37332925,349.54249783
2024-07-24T17:00,3600,1.0334136641538554,0.26536050737,0.26536050737,0.7680531567838553,0.0,0.0,328.98638921,265.36050737,174.08871627
2024-07-24T18:00,3600,0.0,0.047201821760000005,0.0,0.0,0.0,0.047201821760000005,67.09577824,47.20182176,34.55093963
2024-07-24T19:00,3600,0.0,0.0,0.0,0.0,0.0,0.0,1.88878034,0.0,0.96820194
2024-07-24T20:00,3600,0.0,0.0,0.0,0.0,0.0,0.0,0.0,0.0,0.0
2024-07-24T21:00,3600,0.0,0.0,0.0,0.0,0.0,0.0,0.0,0.0,0.0
2024-07-24T22:00,3600,0.0,0.0,0.0,0.0,0.0,0.0,0.0,0.0,0.0
2024-07-24T23:00,3600,0.0,0.0,0.0,0.0,0.0,0.0,0.0,0.0,0.0
2024-07-25T00:00,3600,0.0,0.0,0.0,0.0,0.0,0.0,0.0,0.0,0.0
2024-07-25T01:00,3600,0.0,0.0,0.0,0.0,0.0,0.0,0.0,0.0,0.0
2024-07-25T02:00,3600,0.0,0.0,0.0,0.0,0.0,0.0,0.0,0.0,0.0
2024-07-25T03:00,3600,0.0,0.0,0.0,0.0,0.0,0.0,0.0,0.0,0.0
2024-07-25T04:00,3600,0.0,0.0,0.0,0.0,0.0,0.0,0.0,0.0,0.0
2024-07-25T05:00,3600,0.0,0.0,0.0,0.0,0.0,0.0,0.0,0.0,0.0
2024-07-25T06:00,3600,0.0,0.04353337358,0.0,0.0,0.0,0.04353337358,62.70285118,43.53337358,32.09375533
2024-07-25T07:00,3600,0.0,0.2598349615,0.0,0.0,0.0,0.2598349615,322.33738936,259.8349615,166.83530614
2024-07-25T08:00,3600,1.0870588235294116,0.57481291215,0.57481291215,0.5122459113794117,0.0,0.0,702.68368592,574.81291215,370.01914143
2024-07-25T09:00,3600,1.0870588235294116,0.8519308476899999,0.8519308476899999,0.2351279758394117,0.0,0.0,1039.57665195,851.93084769,556.08061146
2024-07-25T10:00,3600,1.052687058823529,1.10030574195,1.052687058823529,0.0,0.0,0.047618683126470884,1343.36247377,1100.30574195,738.27514552
2024-07-25T11:00,3600,1.0464752941176472,1.27355309599,1.0464752941176472,0.0,0.0,0.22707780187235294,1556.30445732,1273.55309599,866.38855644
2024-07-25T12:00,3600,1.042748235294118,1.29120212658,1.042748235294118,0.0,0.0,0.24845389128588202,1578.04591306,1291.20212658,880.65127453
2024-07-25T13:00,3600,1.0321409375933115,1.2087834635799999,1.0321409375933115,0.0,0.0,0.1766425259866884,1476.59345476,1208.78346358,826.56072307
2024-07-25T14:00,3600,1.0308526107072045,1.11569899815,1.0308526107072045,0.0,0.0,0.0848463874427956,1362.24770032,1115.69899815,759.36464614
2024-07-25T15:00,3600,1.0306363527005897,0.88317013746,0.88317013746,0.14746621524058978,0.0,0.0,1077.68914777,883.17013746,591.85892426
2024-07-25T16:00,3600,1.032991137810028,0.61222812719,0.61222812719,0.4207630106200281,0.0,0.0,748.04471883,612.22812719,402.54254213
2024-07-25T17:00,3600,1.0327792331507502,0.30234783808,0.30234783808,0.7304313950707502,0.0,0.0,373.51526068,302.34783808,197.65626811
2024-07-25T18:00,3600,0.0,0.06540186266,0.0,0.0,0.0,0.06540186266,88.89543576,65.40186266,46.12472022
2024-07-25T19:00,3600,0.0,0.0,0.0,0.0,0.0,0.0,1.87455947,0.0,0.96820194
2024-07-25T20:00,3600,0.0,0.0,0.0,0.0,0.0,0.0,0.0,0.0,0.0
2024-07-25T21:00,3600,0.0,0.0,0.0,0.0,0.0,0.0,0.0,0.0,0.0
2024-07-25T22:00,3600,0.0,0.0,0.0,0.0,0.0,0.0,0.0,0.0,0.0
2024-07-25T23:00,3600,0.0,0.0,0.0,0.0,0.0,0.0,0.0,0.0,0.0
2024-07-26T00:00,3600,0.0,0.0,0.0,0.0,0.0,0.0,0.0,0.0,0.0
2024-07-26T01:00,3600,0.0,0.0,0.0,0.0,0.0,0.0,0.0,0.0,0.0
2024-07-26T02:00,3600,0.0,0.0,0.0,0.0,0.0,0.0,0.0,0.0,0.0
2024-07-26T03:00,3600,0.0,0.0,0.0,0.0,0.0,0.0,0.0,0.0,0.0
2024-07-26T04:00,3600,0.0,0.0,0.0,0.0,0.0,0.0,0.0,0.0,0.0
2024-07-26T05:00,3600,0.0,0.0,0.0,0.0,0.0,0.0,0.0,0.0,0.0
2024-07-26T06:00,3600,0.0,0.03561591836,0.0,0.0,0.0,0.03561591836,53.22300601,35.61591836,27.16530096
2024-07-26T07:00,3600,0.0,0.17587393748,0.0,0.0,0.0,0.17587393748,221.40678592,175.87393748,113.7947476
2024-07-26T08:00,3600,1.0870588235294116,0.27660404389000004,0.27660404389000004,0.8104547796394116,0.0,0.0,342.51851127,276.60404389,177.08611698
2024-07-26T09:00,3600,1.0870588235294116,0.52571088149,0.52571088149,0.5613479420394116,0.0,0.0,643.21257001,525.71088149,337.19019563
2024-07-26T10:00,3600,1.0638682352941178,0.55348465102,0.55348465102,0.5103835842741178,0.0,0.0,676.8432783,553.48465102,359.37323647
2024-07-26T11:00,3600,1.062625882352941,0.80867850402,0.80867850402,0.2539473783329411,0.0,0.0,986.85334835,808.67850402,532.87617469
2024-07-26T12:00,3600,1.058898823529412,0.8084446468,0.8084446468,0.25045417672941184,0.0,0.0,986.5684263,808.4446468,534.90938943
2024-07-26T13:00,3600,1.0390211764705881,0.81590657851,0.81590657851,0.22311459796058808,0.0,0.0,995.66049527,815.90657851,544.21447661
2024-07-26T14:00,3600,1.0352941176470587,0.52210389407,0.52210389407,0.5131902235770587,0.0,0.0,638.84649889,522.10389407,342.37018939
2024-07-26T15:00,3600,1.043990588235294,0.56384272045,0.56384272045,0.48014786778529406,0.0,0.0,689.39110364,563.84272045,370.06571455
2024-07-26T16:00,3600,1.072564705882353,0.39493367269,0.39493367269,0.6776310331923531,0.0,0.0,485.14172845,394.93367269,254.92923422
2024-07-26T17:00,3600,1.0738070588235296,0.25602971172000005,0.25602971172000005,0.8177773471035295,0.0,0.0,317.75893615,256.02971172,165.45125345
2024-07-26T18:00,3600,0.0,0.041663716079999996,0.0,0.0,0.0,0.041663716079999996,60.46409448,41.66371608,31.09607097
2024-07-26T19:00,3600,0.0,0.0,0.0,0.0,0.0,0.0,0.0,0.0,0.0
2024-07-26T20:00,3600,0.0,0.0,0.0,0.0,0.0,0.0,0.0,0.0,0.0
2024-07-26T21:00,3600,0.0,0.0,0.0,0.0,0.0,0.0,0.0,0.0,0.0
2024-07-26T22:00,3600,0.0,0.0,0.0,0.0,0.0,0.0,0.0,0.0,0.0
2024-07-26T23:00,3600,0.0,0.0,0.0,0.0,0.0,0.0,0.0,0.0,0.0
2024-07-27T00:00,3600,0.0,0.0,0.0,0.0,0.0,0.0,0.0,0.0,0.0
2024-07-27T01:00,3600,0.0,0.0,0.0,0.0,0.0,0.0,0.0,0.0,0.0
2024-07-27T02:00,3600,0.0,0.0,0.0,0.0,0.0,0.0,0.0,0.0,0.0
2024-07-27T03:00,3600,0.0,0.0,0.0,0.0,0.0,0.0,0.0,0.0,0.0
2024-07-27T04:00,3600,0.0,0.0,0.0,0.0,0.0,0.0,0.0,0.0,0.0
2024-07-27T05:00,3600,0.0,0.0,0.0,0.0,0.0,0.0,0.0,0.0,0.0
2024-07-27T06:00,3600,0.0,0.0,0.0,0.0,0.0,0.0,7.672309,0.0,3.87280777
2024-07-27T07:00,3600,0.0,0.01039109314,0.0,0.0,0.0,0.01039109314,23.03157025,10.39109314,11.6184233
2024-07-27T08:00,3600,0.0,0.031214376510000003,0.0,0.0,0.0,0.031214376510000003,47.95360851,31.21437651,24.20504853
2024-07-27T09:00,3600,0.0,0.05676366064,0.0,0.0,0.0,0.05676366064,78.5476629,56.76366064,39.6962796
2024-07-27T10:00,3600,0.0,0.07738597280000001,0.0,0.0,0.0,0.07738597280000001,103.2545967,77.3859728,52.28290483
2024-07-27T11:00,3600,0.0,0.10116172548,0.0,0.0,0.0,0.10116172548,131.75366216,101.16172548,66.80593396
2024-07-27T12:00,3600,0.0,0.14517238234000002,0.0,0.0,0.0,0.14517238234000002,184.54743098,145.17238234,93.91558831
2024-07-27T13:00,3600,0.0,0.17107776696,0.0,0.0,0.0,0.17107776696,215.64698062,171.07776696,110.37502132
2024-07-27T14:00,3600,0.0,0.11306243968,0.0,0.0,0.0,0.11306243968,146.02425956,113.06243968,74.55154949
2024-07-27T15:00,3600,0.0,0.10522900335,0.0,0.0,0.0,0.10522900335,136.63046296,105.22900335,69.71053978
2024-07-27T16:00,3600,0.0,0.069066701,0.0,0.0,0.0,0.069066701,93.28617704,69.066701,47.44189513
2024-07-27T17:00,3600,0.0,0.03416011998,0.0,0.0,0.0,0.03416011998,51.48010956,34.16011998,26.14145242
2024-07-27T18:00,3600,0.0,0.005562388529999999,0.0,0.0,0.0,0.005562388529999999,17.25405372,5.56238853,8.71381747
2024-07-27T19:00,3600,0.0,0.0,0.0,0.0,0.0,0.0,0.0,0.0,0.0
2024-07-27T20:00,3600,0.0,0.0,0.0,0.0,0.0,0.0,0.0,0.0,0.0
2024-07-27T21:00,3600,0.0,0.0,0.0,0.0,0.0,0.0,0.0,0.0,0.0
2024-07-27T22:00,3600,0.0,0.0,0.0,0.0,0.0,0.0,0.0,0.0,0.0
2024-07-27T23:00,3600,0.0,0.0,0.0,0.0,0.0,0.0,0.0,0.0,0.0
2024-07-28T00:00,3600,0.0,0.0,0.0,0.0,0.0,0.0,0.0,0.0,0.0
2024-07-28T01:00,3600,0.0,0.0,0.0,0.0,0.0,0.0,0.0,0.0,0.0
2024-07-28T02:00,3600,0.0,0.0,0.0,0.0,0.0,0.0,0.0,0.0,0.0
2024-07-28T03:00,3600,0.0,0.0,0.0,0.0,0.0,0.0,0.0,0.0,0.0
2024-07-28T04:00,3600,0.0,0.0,0.0,0.0,0.0,0.0,0.0,0.0,0.0
2024-07-28T05:00,3600,0.0,0.0,0.0,0.0,0.0,0.0,0.0,0.0,0.0
2024-07-28T06:00,3600,0.0,0.00079557278,0.0,0.0,0.0,0.00079557278,11.55119464,0.79557278,5.80921165
2024-07-28T07:00,3600,0.0,0.026490549819999997,0.0,0.0,0.0,0.026490549819999997,42.29895478,26.49054982,21.30044271
2024-07-28T08:00,3600,0.0,0.05048489762,0.0,0.0,0.0,0.05048489762,71.02753022,50.48489762,35.82347183
2024-07-28T09:00,3600,0.0,0.12419580468000001,0.0,0.0,0.0,0.12419580468000001,159.37813164,124.19580468,80.63026801
2024-07-28T10:00,3600,0.0,0.13581940963,0.0,0.0,0.0,0.13581940963,173.3235631,135.81940963,87.99124962
2024-07-28T11:00,3600,0.0,0.22982565816,0.0,0.0,0.0,0.22982565816,286.24100024,229.82565816,146.19212495
2024-07-28T12:00,3600,0.0,0.34070754371999995,0.0,0.0,0.0,0.34070754371999995,419.73550772,340.70754372,215.87673725
2024-07-28T13:00,3600,0.0,0.34708838596,0.0,0.0,0.0,0.34708838596,427.42776767,347.08838596,220.65555726
2024-07-28T14:00,3600,0.0,0.15583487269,0.0,0.0,0.0,0.15583487269,197.34562467,155.83487269,100.6930019
2024-07-28T15:00,3600,0.0,0.2287396229,0.0,0.0,0.0,0.2287396229,284.93512947,228.7396229,146.11611889
2024-07-28T16:00,3600,0.0,0.11820498838,0.0,0.0,0.0,0.11820498838,152.19205745,118.20498838,77.32401373
2024-07-28T17:00,3600,0.0,0.09793232768,0.0,0.0,0.0,0.09793232768,127.88182243,97.93232768,64.86953007
2024-07-28T18:00,3600,0.0,0.0298054115,0.0,0.0,0.0,0.0298054115,46.26694568,29.8054115,23.35112029
2024-07-28T19:00,3600,0.0,0.0,0.0,0.0,0.0,0.0,0.0,0.0,0.0
2024-07-28T20:00,3600,0.0,0.0,0.0,0.0,0.0,0.0,0.0,0.0,0.0
2024-07-28T21:00,3600,0.0,0.0,0.0,0.0,0.0,0.0,0.0,0.0,0.0
2024-07-28T22:00,3600,0.0,0.0,0.0,0.0,0.0,0.0,0.0,0.0,0.0
2024-07-28T23:00,3600,0.0,0.0,0.0,0.0,0.0,0.0,0.0,0.0,0.0
2024-07-29T00:00,3600,0.0,0.0,0.0,0.0,0.0,0.0,0.0,0.0,0.0
2024-07-29T01:00,3600,0.0,0.0,0.0,0.0,0.0,0.0,0.0,0.0,0.0
2024-07-29T02:00,3600,0.0,0.0,0.0,0.0,0.0,0.0,0.0,0.0,0.0
2024-07-29T03:00,3600,0.0,0.0,0.0,0.0,0.0,0.0,0.0,0.0,0.0
2024-07-29T04:00,3600,0.0,0.0,0.0,0.0,0.0,0.0,0.0,0.0,0.0
2024-07-29T05:00,3600,0.0,0.0,0.0,0.0,0.0,0.0,0.0,0.0,0.0
2024-07-29T06:00,3600,0.0,0.010500630980000002,0.0,0.0,0.0,0.010500630980000002,23.16263882,10.50063098,11.65022136
2024-07-29T07:00,3600,0.0,0.08046839425,0.0,0.0,0.0,0.08046839425,106.94852265,80.46839425,53.99073118
2024-07-29T08:00,3600,1.0870588235294116,0.21340005637999998,0.21340005637999998,0.8736587671494116,0.0,0.0,266.49392172,213.40005638,135.61739711
2024-07-29T09:00,3600,1.0870588235294116,0.40326385734000003,0.40326385734000003,0.6837949661894116,0.0,0.0,495.1964927,403.26385734,254.83319266
2024-07-29T10:00,3600,1.0870588235294116,0.68780068527,0.68780068527,0.3992581382594116,0.0,0.0,839.78483117,687.80068527,443.67746483
2024-07-29T11:00,3600,1.0870588235294116,0.60091992549,0.60091992549,0.4861388980394117,0.0,0.0,734.33092733,600.91992549,386.80649584
2024-07-29T12:00,3600,1.0870588235294116,0.61572545569,0.61572545569,0.4713333678394116,0.0,0.0,752.28674952,615.72545569,394.85448862
2024-07-29T13:00,3600,0.9021500849187051,0.24120151564,0.24120151564,0.660948569278705,0.0,0.0,299.92147418,241.20151564,153.86114965
2024-07-29T14:00,3600,0.611536811764706,0.39986114937,0.39986114937,0.21167566239470598,0.0,0.0,491.08910089,399.86114937,253.5364736
2024-07-29T15:00,3600,0.5997574176470589,0.3080814347,0.3080814347,0.29167598294705893,0.0,0.0,380.42122832,308.0814347,195.57657308
2024-07-29T16:00,3600,0.5660184676470588,0.13655469915000001,0.13655469915000001,0.42946376849705875,0.0,0.0,174.2058492,136.55469915,88.99214427
2024-07-29T17:00,3600,0.577025844117647,0.10299267514999999,0.10299267514999999,0.474033168967647,0.0,0.0,133.94897667,102.99267515,68.51163075
2024-07-29T18:00,3600,0.0,0.03120991034,0.0,0.0,0.0,0.03120991034,47.948262,31.20991034,24.20504853
2024-07-29T19:00,3600,0.0,0.0,0.0,0.0,0.0,0.0,0.0,0.0,0.0
2024-07-29T20:00,3600,0.0,0.0,0.0,0.0,0.0,0.0,0.0,0.0,0.0
2024-07-29T21:00,3600,0.0,0.0,0.0,0.0,0.0,0.0,0.0,0.0,0.0
2024-07-29T22:00,3600,0.0,0.0,0.0,0.0,0.0,0.0,0.0,0.0,0.0
2024-07-29T23:00,3600,0.0,0.0,0.0,0.0,0.0,0.0,0.0,0.0,0.0
2024-07-30T00:00,3600,0.0,0.0,0.0,0.0,0.0,0.0,0.0,0.0,0.0
2024-07-30T01:00,3600,0.0,0.0,0.0,0.0,0.0,0.0,0.0,0.0,0.0
2024-07-30T02:00,3600,0.0,0.0,0.0,0.0,0.0,0.0,0.0,0.0,0.0
2024-07-30T03:00,3600,0.0,0.0,0.0,0.0,0.0,0.0,0.0,0.0,0.0
2024-07-30T04:00,3600,0.0,0.0,0.0,0.0,0.0,0.0,0.0,0.0,0.0
2024-07-30T05:00,3600,0.0,0.0,0.0,0.0,0.0,0.0,0.0,0.0,0.0
2024-07-30T06:00,3600,0.0,0.02647621935,0.0,0.0,0.0,0.02647621935,42.28180141,26.47621935,21.34019028
2024-07-30T07:00,3600,0.0,0.11950157737000001,0.0,0.0,0.0,0.11950157737000001,153.74725393,119.50157737,78.03999188
2024-07-30T08:00,3600,0.7424301380383875,0.21028594430999997,0.21028594430999997,0.5321441937283875,0.0,0.0,262.75091461,210.28594431,134.1932968
2024-07-30T09:00,3600,0.5835551970588235,0.29538040825,0.29538040825,0.2881747888088235,0.0,0.0,365.12437261,295.38040825,187.54026144
2024-07-30T10:00,3600,0.718775844117647,0.56258048903,0.56258048903,0.15619535508764693,0.0,0.0,687.8618708,562.58048903,361.36964416
2024-07-30T11:00,3600,0.7130295235294117,0.5403008890800001,0.5403008890800001,0.17272863444941167,0.0,0.0,660.87667192,540.30088908,346.86088356
2024-07-30T12:00,3600,0.8486582088235295,0.9345144357699999,0.8486582088235295,0.0,0.0,0.08585622694647044,1140.38995122,934.51443577,613.47043674
2024-07-30T13:00,3600,0.8089658794117647,0.74860366236,0.74860366236,0.0603622170517647,0.0,0.0,913.71099683,748.60366236,487.10884596
2024-07-30T14:00,3600,0.6980074823529412,0.43940937202999997,0.43940937202999997,0.2585981103229412,0.0,0.0,538.8470875,439.40937203,281.50529382
2024-07-30T15:00,3600,0.7240892705882354,0.45190306592,0.45190306592,0.27218620466823534,0.0,0.0,553.94322135,451.90306592,290.94402932
2024-07-30T16:00,3600,0.630386144117647,0.2598857672,0.2598857672,0.37050037691764703,0.0,0.0,322.39852112,259.8857672,166.6003837
2024-07-30T17:00,3600,0.5638897882352942,0.13045065221,0.13045065221,0.43343913602529427,0.0,0.0,166.88194114,130.45065221,85.25635793
2024-07-30T18:00,3600,0.0,0.01534769483,0.0,0.0,0.0,0.01534769483,28.96275959,15.34769483,14.6352749
2024-07-30T19:00,3600,0.0,0.0,0.0,0.0,0.0,0.0,0.0,0.0,0.0
2024-07-30T20:00,3600,0.0,0.0,0.0,0.0,0.0,0.0,0.0,0.0,0.0
2024-07-30T21:00,3600,0.0,0.0,0.0,0.0,0.0,0.0,0.0,0.0,0.0
2024-07-30T22:00,3600,0.0,0.0,0.0,0.0,0.0,0.0,0.0,0.0,0.0
2024-07-30T23:00,3600,0.0,0.0,0.0,0.0,0.0,0.0,0.0,0.0,0.0
2024-07-31T00:00,3600,0.0,0.0,0.0,0.0,0.0,0.0,0.0,0.0,0.0
2024-07-31T01:00,3600,0.0,0.0,0.0,0.0,0.0,0.0,0.0,0.0,0.0
2024-07-31T02:00,3600,0.0,0.0,0.0,0.0,0.0,0.0,0.0,0.0,0.0
2024-07-31T03:00,3600,0.0,0.0,0.0,0.0,0.0,0.0,0.0,0.0,0.0
2024-07-31T04:00,3600,0.0,0.0,0.0,0.0,0.0,0.0,0.0,0.0,0.0
2024-07-31T05:00,3600,0.0,0.0,0.0,0.0,0.0,0.0,0.0,0.0,0.0
2024-07-31T06:00,3600,0.0,0.01531771024,0.0,0.0,0.0,0.01531771024,28.92687735,15.31771024,14.58662524
2024-07-31T07:00,3600,0.0,0.18027781407,0.0,0.0,0.0,0.18027781407,226.6960231,180.27781407,115.52832753
2024-07-31T08:00,3600,0.8196416304659603,0.39787432901,0.39787432901,0.42176730145596025,0.0,0.0,488.69096607,397.87432901,252.59000903
2024-07-31T09:00,3600,0.7240037323529411,0.71398349807,0.71398349807,0.010020234282941187,0.0,0.0,871.60607645,713.98349807,459.14568277
2024-07-31T10:00,3600,0.7130761735294117,0.44717032594,0.44717032594,0.26590584758941166,0.0,0.0,548.22414752,447.17032594,286.89455479
2024-07-31T11:00,3600,0.7428420499999999,0.55936169807,0.55936169807,0.1834803519299999,0.0,0.0,683.96240389,559.36169807,360.32890101
2024-07-31T12:00,3600,0.7185883470588236,0.55786939605,0.55786939605,0.1607189510088236,0.0,0.0,682.15462257,557.86939605,358.8625035
2024-07-31T13:00,3600,0.7928824764705882,0.75385940152,0.75385940152,0.03902307495058821,0.0,0.0,920.10593476,753.85940152,491.24270878
2024-07-31T14:00,3600,0.8435691264705882,0.8161111407299999,0.8161111407299999,0.02745798574058833,0.0,0.0,995.90976828,816.11114073,536.85002488
2024-07-31T15:00,3600,0.7245993911764707,0.5270513752,0.5270513752,0.19754801597647065,0.0,0.0,644.83525936,527.0513752,338.81482859
2024-07-31T16:00,3600,0.6158603823529412,0.2853695287,0.2853695287,0.3304908536529412,0.0,0.0,353.07055538,285.3695287,181.93432113
2024-07-31T17:00,3600,0.5867537852941177,0.13277081036000002,0.13277081036000002,0.45398297493411766,0.0,0.0,169.66565283,132.77081036,86.95430812
2024-07-31T18:00,3600,0.0,0.028748107109999997,0.0,0.0,0.0,0.028748107109999997,45.0012882,28.74810711,22.82886444
2024-07-31T19:00,3600,0.0,0.0,0.0,0.0,0.0,0.0,0.0,0.0,0.0
2024-07-31T20:00,3600,0.0,0.0,0.0,0.0,0.0,0.0,0.0,0.0,0.0
2024-07-31T21:00,3600,0.0,0.0,0.0,0.0,0.0,0.0,0.0,0.0,0.0
2024-07-31T22:00,3600,0.0,0.0,0.0,0.0,0.0,0.0,0.0,0.0,0.0
2024-07-31T23:00,3600,0.0,0.0,0.0,0.0,0.0,0.0,0.0,0.0,0.0
2024-08-01T00:00,3600,0.0,0.0,0.0,0.0,0.0,0.0,0.0,0.0,0.0
2024-08-01T01:00,3600,0.0,0.0,0.0,0.0,0.0,0.0,0.0,0.0,0.0
2024-08-01T02:00,3600,0.0,0.0,0.0,0.0,0.0,0.0,0.0,0.0,0.0
2024-08-01T03:00,3600,0.0,0.0,0.0,0.0,0.0,0.0,0.0,0.0,0.0
2024-08-01T04:00,3600,0.0,0.0,0.0,0.0,0.0,0.0,0.0,0.0,0.0
2024-08-01T05:00,3600,0.0,0.0,0.0,0.0,0.0,0.0,0.0,0.0,0.0
2024-08-01T06:00,3600,0.0,0.031151258169999998,0.0,0.0,0.0,0.031151258169999998,47.87804882,31.15125817,24.26864465
2024-08-01T07:00,3600,0.0,0.18907605985000003,0.0,0.0,0.0,0.18907605985000003,237.26464045,189.07605985,121.4261621
2024-08-01T08:00,3600,1.0870588235294116,0.37625795973,0.37625795973,0.7108008637994117,0.0,0.0,462.6065022,376.25795973,239.61908438
2024-08-01T09:00,3600,0.7451388416109346,0.673226537,0.673226537,0.07191230461093456,0.0,0.0,822.08042848,673.226537,434.87159056
2024-08-01T10:00,3600,0.8809866352941177,0.9061001183299999,0.8809866352941177,0.0,0.0,0.025113483035882234,1105.68165348,906.10011833,598.82108336
2024-08-01T11:00,3600,0.8919300323529411,0.9115213623499999,0.8919300323529411,0.0,0.0,0.019591329997058815,1112.30198056,911.52136235,603.13462375
2024-08-01T12:00,3600,0.9239629676470589,1.02433845739,0.9239629676470589,0.0,0.0,0.10037548974294119,1250.26120654,1024.33845739,681.27856484
2024-08-01T13:00,3600,0.9217266764705883,0.9379251000600001,0.9217266764705883,0.0,0.0,0.016198423589411814,1144.55763831,937.92510006,622.85631046
2024-08-01T14:00,3600,0.8378709029411765,0.77446217658,0.77446217658,0.06340872636117645,0.0,0.0,945.18187944,774.46217658,505.96319457
2024-08-01T15:00,3600,0.804692211764706,0.69694676312,0.69694676312,0.10774544864470592,0.0,0.0,850.8983341,696.94676312,452.6244703
2024-08-01T16:00,3600,0.7383101647058824,0.45004332722999996,0.45004332722999996,0.28826683747588244,0.0,0.0,551.69582785,450.04332723,289.47908993
2024-08-01T17:00,3600,0.682328394117647,0.27087570128,0.27087570128,0.411452692837647,0.0,0.0,335.62375568,270.87570128,174.32366659
2024-08-01T18:00,3600,0.0,0.03844158386,0.0,0.0,0.0,0.03844158386,56.60608222,38.44158386,28.91435379
2024-08-01T19:00,3600,0.0,0.0,0.0,0.0,0.0,0.0,0.0,0.0,0.0
2024-08-01T20:00,3600,0.0,0.0,0.0,0.0,0.0,0.0,0.0,0.0,0.0
2024-08-01T21:00,3600,0.0,0.0,0.0,0.0,0.0,0.0,0.0,0.0,0.0
2024-08-01T22:00,3600,0.0,0.0,0.0,0.0,0.0,0.0,0.0,0.0,0.0
2024-08-01T23:00,3600,0.0,0.0,0.0,0.0,0.0,0.0,0.0,0.0,0.0
2024-08-02T00:00,3600,0.0,0.0,0.0,0.0,0.0,0.0,0.0,0.0,0.0
2024-08-02T01:00,3600,0.0,0.0,0.0,0.0,0.0,0.0,0.0,0.0,0.0
2024-08-02T02:00,3600,0.0,0.0,0.0,0.0,0.0,0.0,0.0,0.0,0.0
2024-08-02T03:00,3600,0.0,0.0,0.0,0.0,0.0,0.0,0.0,0.0,0.0
2024-08-02T04:00,3600,0.0,0.0,0.0,0.0,0.0,0.0,0.0,0.0,0.0
2024-08-02T05:00,3600,0.0,0.0,0.0,0.0,0.0,0.0,0.0,0.0,0.0
2024-08-02T06:00,3600,0.0,0.02163978366,0.0,0.0,0.0,0.02163978366,36.49296626,21.63978366,18.50713009
2024-08-02T07:00,3600,0.0,0.22027567067,0.0,0.0,0.0,0.22027567067,274.75899213,220.27567067,141.11587042
2024-08-02T08:00,3600,1.0870588235294116,0.40141148854,0.40141148854,0.6856473349894117,0.0,0.0,492.96046838,401.41148854,257.06974243
2024-08-02T09:00,3600,0.9961093781994977,0.67098933727,0.67098933727,0.32512004092949776,0.0,0.0,819.3632431,670.98933727,434.29473122
2024-08-02T10:00,3600,0.8809866352941177,0.9055039691,0.8809866352941177,0.0,0.0,0.02451733380588228,1104.9536973,905.5039691,599.89583666
2024-08-02T11:00,3600,0.9250738735294118,0.96544213001,0.9250738735294118,0.0,0.0,0.04036825648058817,1178.19433799,965.44213001,644.3803312
2024-08-02T12:00,3600,0.9889654941176469,1.1462604816200002,0.9889654941176469,0.0,0.0,0.15729498750235327,1399.76221695,1146.26048162,775.18744593
2024-08-02T13:00,3600,1.0026636382352945,1.0513530710299999,1.0026636382352945,0.0,0.0,0.04868943279470539,1283.34992826,1051.35307103,711.25769949
2024-08-02T14:00,3600,0.9165715735294118,0.8085762707899999,0.8085762707899999,0.10799530273941182,0.0,0.0,986.72879138,808.57627079,537.35775132
2024-08-02T15:00,3600,0.9396287882352939,0.8364673580299999,0.8364673580299999,0.103161430205294,0.0,0.0,1020.72108427,836.46735803,558.02706366
2024-08-02T16:00,3600,0.7924143294117647,0.49603893958999995,0.49603893958999995,0.29637538982176476,0.0,0.0,607.3068596,496.03893959,322.46405319
2024-08-02T17:00,3600,0.7109546176470588,0.25165430878,0.25165430878,0.4593003088670588,0.0,0.0,312.4949618,251.65430878,163.29554626
2024-08-02T18:00,3600,0.0,0.0482715943,0.0,0.0,0.0,0.0482715943,68.37688684,48.2715943,34.90624069
2024-08-02T19:00,3600,0.0,0.0,0.0,0.0,0.0,0.0,0.0,0.0,0.0
2024-08-02T20:00,3600,0.0,0.0,0.0,0.0,0.0,0.0,0.0,0.0,0.0
2024-08-02T21:00,3600,0.0,0.0,0.0,0.0,0.0,0.0,0.0,0.0,0.0
2024-08-02T22:00,3600,0.0,0.0,0.0,0.0,0.0,0.0,0.0,0.0,0.0
2024-08-02T23:00,3600,0.0,0.0,0.0,0.0,0.0,0.0,0.0,0.0,0.0
2024-08-03T00:00,3600,0.0,0.0,0.0,0.0,0.0,0.0,0.0,0.0,0.0
2024-08-03T01:00,3600,0.0,0.0,0.0,0.0,0.0,0.0,0.0,0.0,0.0
2024-08-03T02:00,3600,0.0,0.0,0.0,0.0,0.0,0.0,0.0,0.0,0.0
2024-08-03T03:00,3600,0.0,0.0,0.0,0.0,0.0,0.0,0.0,0.0,0.0
2024-08-03T04:00,3600,0.0,0.0,0.0,0.0,0.0,0.0,0.0,0.0,0.0
2024-08-03T05:00,3600,0.0,0.0,0.0,0.0,0.0,0.0,0.0,0.0,0.0
2024-08-03T06:00,3600,0.0,0.03604158049,0.0,0.0,0.0,0.03604158049,53.73262365,36.04158049,27.28454368
2024-08-03T07:00,3600,0.0,0.27487613159,0.0,0.0,0.0,0.27487613159,340.43866558,274.87613159,175.7640175
2024-08-03T08:00,3600,0.0,0.5562975331400001,0.0,0.0,0.0,0.5562975331400001,680.25052726,556.29753314,359.23024161
2024-08-03T09:00,3600,0.0,0.81117555428,0.0,0.0,0.0,0.81117555428,989.89574783,811.17555428,533.80417996
2024-08-03T10:00,3600,0.0,0.965124328,0.0,0.0,0.0,0.965124328,1177.80573563,965.124328,650.99304085
2024-08-03T11:00,3600,0.0,0.97847377991,0.0,0.0,0.0,0.97847377991,1194.13166452,978.47377991,659.47254322
2024-08-03T12:00,3600,0.0,1.01435383505,0.0,0.0,0.0,1.01435383505,1238.03685328,1014.35383505,684.05998051
2024-08-03T13:00,3600,0.0,1.1081159602000001,0.0,0.0,0.0,1.1081159602000001,1352.94359663,1108.1159602,757.76978194
2024-08-03T14:00,3600,0.0,0.9422546831499999,0.0,0.0,0.0,0.9422546831499999,1149.8486797,942.25468315,635.68617377
2024-08-03T15:00,3600,0.0,0.7060721422499999,0.0,0.0,0.0,0.7060721422499999,861.98900748,706.07214225,468.6974832
2024-08-03T16:00,3600,0.0,0.50455067819,0.0,0.0,0.0,0.50455067819,617.60435069,504.55067819,331.49381236
2024-08-03T17:00,3600,0.0,0.26783220755000003,0.0,0.0,0.0,0.26783220755000003,331.96090272,267.83220755,175.36855334
2024-08-03T18:00,3600,0.0,0.044706165400000004,0.0,0.0,0.0,0.044706165400000004,64.10721772,44.7061654,33.03037177
2024-08-03T19:00,3600,0.0,0.0,0.0,0.0,0.0,0.0,0.0,0.0,0.0
2024-08-03T20:00,3600,0.0,0.0,0.0,0.0,0.0,0.0,0.0,0.0,0.0
2024-08-03T21:00,3600,0.0,0.0,0.0,0.0,0.0,0.0,0.0,0.0,0.0
2024-08-03T22:00,3600,0.0,0.0,0.0,0.0,0.0,0.0,0.0,0.0,0.0
2024-08-03T23:00,3600,0.0,0.0,0.0,0.0,0.0,0.0,0.0,0.0,0.0
2024-08-04T00:00,3600,0.0,0.0,0.0,0.0,0.0,0.0,0.0,0.0,0.0
2024-08-04T01:00,3600,0.0,0.0,0.0,0.0,0.0,0.0,0.0,0.0,0.0
2024-08-04T02:00,3600,0.0,0.0,0.0,0.0,0.0,0.0,0.0,0.0,0.0
2024-08-04T03:00,3600,0.0,0.0,0.0,0.0,0.0,0.0,0.0,0.0,0.0
2024-08-04T04:00,3600,0.0,0.0,0.0,0.0,0.0,0.0,0.0,0.0,0.0
2024-08-04T05:00,3600,0.0,0.0,0.0,0.0,0.0,0.0,0.0,0.0,0.0
2024-08-04T06:00,3600,0.0,0.034297257809999995,0.0,0.0,0.0,0.034297257809999995,51.64428994,34.29725781,26.3481398
2024-08-04T07:00,3600,0.0,0.28901587028,0.0,0.0,0.0,0.28901587028,357.46069794,289.01587028,185.3699774
2024-08-04T08:00,3600,0.0,0.61286087512,0.0,0.0,0.0,0.61286087512,748.81217558,612.86087512,398.19902955
2024-08-04T09:00,3600,0.0,0.90971558526,0.0,0.0,0.0,0.90971558526,1110.09670534,909.71558526,604.07940876
2024-08-04T10:00,3600,0.0,1.12781184446,0.0,0.0,0.0,1.12781184446,1377.11312969,1127.81184446,774.29403612
2024-08-04T11:00,3600,0.0,1.23305926392,0.0,0.0,0.0,1.23305926392,1506.45509927,1233.05926392,855.07655334
2024-08-04T12:00,3600,0.0,1.2153710278999998,0.0,0.0,0.0,1.2153710278999998,1484.69513031,1215.3710279,841.61579586
2024-08-04T13:00,3600,0.0,1.15019070888,0.0,0.0,0.0,1.15019070888,1404.5885552,1150.19070888,798.66799636
2024-08-04T14:00,3600,0.0,1.09285831628,0.0,0.0,0.0,1.09285831628,1334.228031,1092.85831628,754.98025382
2024-08-04T15:00,3600,0.0,0.81228878143,0.0,0.0,0.0,0.81228878143,991.25215727,812.28878143,548.11522335
2024-08-04T16:00,3600,0.0,0.57821880116,0.0,0.0,0.0,0.57821880116,706.81127794,578.21880116,383.79780712
2024-08-04T17:00,3600,0.0,0.29864416388,0.0,0.0,0.0,0.29864416388,369.05475546,298.64416388,196.42707781
2024-08-04T18:00,3600,0.0,0.041452009889999995,0.0,0.0,0.0,0.041452009889999995,60.2106001,41.45200989,31.0381163
2024-08-04T19:00,3600,0.0,0.0,0.0,0.0,0.0,0.0,0.0,0.0,0.0
2024-08-04T20:00,3600,0.0,0.0,0.0,0.0,0.0,0.0,0.0,0.0,0.0
2024-08-04T21:00,3600,0.0,0.0,0.0,0.0,0.0,0.0,0.0,0.0,0.0
2024-08-04T22:00,3600,0.0,0.0,0.0,0.0,0.0,0.0,0.0,0.0,0.0
2024-08-04T23:00,3600,0.0,0.0,0.0,0.0,0.0,0.0,0.0,0.0,0.0
2024-08-05T00:00,3600,0.0,0.0,0.0,0.0,0.0,0.0,0.0,0.0,0.0
2024-08-05T01:00,3600,0.0,0.0,0.0,0.0,0.0,0.0,0.0,0.0,0.0
2024-08-05T02:00,3600,0.0,0.0,0.0,0.0,0.0,0.0,0.0,0.0,0.0
2024-08-05T03:00,3600,0.0,0.0,0.0,0.0,0.0,0.0,0.0,0.0,0.0
2024-08-05T04:00,3600,0.0,0.0,0.0,0.0,0.0,0.0,0.0,0.0,0.0
2024-08-05T05:00,3600,0.0,0.0,0.0,0.0,0.0,0.0,0.0,0.0,0.0
2024-08-05T06:00,3600,0.0,0.03268850483,0.0,0.0,0.0,0.03268850483,49.71833448,32.68850483,25.38788737
2024-08-05T07:00,3600,0.0,0.2924971458,0.0,0.0,0.0,0.2924971458,361.65243939,292.4971458,188.22491975
2024-08-05T08:00,3600,1.0870588235294116,0.6149995126600001,0.6149995126600001,0.47205931086941155,0.0,0.0,751.40620026,614.99951266,400.07145133
2024-08-05T09:00,3600,1.0849882352941176,0.9111937999399999,0.9111937999399999,0.17379443535411765,0.0,0.0,1111.90194358,911.19379994,605.07478406
2024-08-05T10:00,3600,1.0377788235294119,1.12913083882,1.0377788235294119,0.0,0.0,0.09135201529058823,1378.73211297,1129.13083882,772.7735166
2024-08-05T11:00,3600,1.0365364705882352,1.27354121385,1.0365364705882352,0.0,0.0,0.2370047432617648,1556.28982301,1273.54121385,880.8360762
2024-08-05T12:00,3600,1.0352941176470587,1.25372825372,1.0352941176470587,0.0,0.0,0.21843413607294138,1531.89343499,1253.72825372,865.54109419
2024-08-05T13:00,3600,1.0310684273709485,1.1990691357999999,1.0310684273709485,0.0,0.0,0.16800070842905135,1464.64863325,1199.0691358,830.83912518
2024-08-05T14:00,3600,1.0308526107072045,0.9765809391699999,0.9765809391699999,0.05427167153720458,0.0,0.0,1191.81647642,976.58093917,664.88393921
2024-08-05T15:00,3600,1.0302025072324013,0.8439225218699999,0.8439225218699999,0.1862799853624013,0.0,0.0,1029.81077635,843.92252187,569.68457331
2024-08-05T16:00,3600,1.0314987420630168,0.5705878678499999,0.5705878678499999,0.4609108742130169,0.0,0.0,697.56380596,570.58786785,377.50726901
2024-08-05T17:00,3600,1.0321409375933115,0.29000433148,0.29000433148,0.7421366061133114,0.0,0.0,358.65085298,290.00433148,190.32444364
2024-08-05T18:00,3600,0.0,0.05084287865999999,0.0,0.0,0.0,0.05084287865999999,71.45625918,50.84287866,36.8201606
2024-08-05T19:00,3600,0.0,0.0,0.0,0.0,0.0,0.0,0.0,0.0,0.0
2024-08-05T20:00,3600,0.0,0.0,0.0,0.0,0.0,0.0,0.0,0.0,0.0
2024-08-05T21:00,3600,0.0,0.0,0.0,0.0,0.0,0.0,0.0,0.0,0.0
2024-08-05T22:00,3600,0.0,0.0,0.0,0.0,0.0,0.0,0.0,0.0,0.0
2024-08-05T23:00,3600,0.0,0.0,0.0,0.0,0.0,0.0,0.0,0.0,0.0
2024-08-06T00:00,3600,0.0,0.0,0.0,0.0,0.0,0.0,0.0,0.0,0.0
2024-08-06T01:00,3600,0.0,0.0,0.0,0.0,0.0,0.0,0.0,0.0,0.0
2024-08-06T02:00,3600,0.0,0.0,0.0,0.0,0.0,0.0,0.0,0.0,0.0
2024-08-06T03:00,3600,0.0,0.0,0.0,0.0,0.0,0.0,0.0,0.0,0.0
2024-08-06T04:00,3600,0.0,0.0,0.0,0.0,0.0,0.0,0.0,0.0,0.0
2024-08-06T05:00,3600,0.0,0.0,0.0,0.0,0.0,0.0,0.0,0.0,0.0
2024-08-06T06:00,3600,0.0,0.034140142949999994,0.0,0.0,0.0,0.034140142949999994,51.45619326,34.14014295,26.33224077
2024-08-06T07:00,3600,0.0,0.29261508092999994,0.0,0.0,0.0,0.29261508092999994,361.79444872,292.61508093,188.18645567
2024-08-06T08:00,3600,1.0870588235294116,0.5965994222800001,0.5965994222800001,0.49045940124941156,0.0,0.0,729.09225921,596.59942228,387.64764732
2024-08-06T09:00,3600,1.086230588235294,0.91032307418,0.91032307418,0.17590751405529403,0.0,0.0,1110.83858078,910.32307418,606.40229404
2024-08-06T10:00,3600,1.0352941176470587,1.1169934710699998,1.0352941176470587,0.0,0.0,0.0816993534229411,1363.83613485,1116.99347107,771.43123678
2024-08-06T11:00,3600,1.0346710720396486,1.2262950985199998,1.0346710720396486,0.0,0.0,0.19162402648035126,1498.13279342,1226.29509852,855.80771018
2024-08-06T12:00,3600,1.0344625561067802,1.2659242316400001,1.0344625561067802,0.0,0.0,0.23146167553321995,1546.90942176,1265.92423164,887.34560895
2024-08-06T13:00,3600,1.0342536210464086,1.16294324649,1.0342536210464086,0.0,0.0,0.12868962544359142,1420.25179145,1162.94324649,803.84937328
2024-08-06T14:00,3600,1.0344625561067802,0.9797228199700001,0.9797228199700001,0.05473973613678007,0.0,0.0,1195.65945717,979.72281997,665.71489448
2024-08-06T15:00,3600,1.03508685155744,0.48811380710999996,0.48811380710999996,0.5469730444474401,0.0,0.0,597.72083304,488.11380711,321.46780535
2024-08-06T16:00,3600,1.056414117647059,0.2238059716,0.2238059716,0.8326081460470589,0.0,0.0,279.00320787,223.8059716,145.8710861
2024-08-06T17:00,3600,1.058898823529412,0.12562854341,0.12562854341,0.9332702801194119,0.0,0.0,161.09686572,125.62854341,83.59675542
2024-08-06T18:00,3600,0.0,0.03570480977,0.0,0.0,0.0,0.03570480977,53.32942953,35.70480977,27.10965436
2024-08-06T19:00,3600,0.0,0.0,0.0,0.0,0.0,0.0,0.0,0.0,0.0
2024-08-06T20:00,3600,0.0,0.0,0.0,0.0,0.0,0.0,0.0,0.0,0.0
2024-08-06T21:00,3600,0.0,0.0,0.0,0.0,0.0,0.0,0.0,0.0,0.0
2024-08-06T22:00,3600,0.0,0.0,0.0,0.0,0.0,0.0,0.0,0.0,0.0
2024-08-06T23:00,3600,0.0,0.0,0.0,0.0,0.0,0.0,0.0,0.0,0.0
2024-08-07T00:00,3600,0.0,0.0,0.0,0.0,0.0,0.0,0.0,0.0,0.0
2024-08-07T01:00,3600,0.0,0.0,0.0,0.0,0.0,0.0,0.0,0.0,0.0
2024-08-07T02:00,3600,0.0,0.0,0.0,0.0,0.0,0.0,0.0,0.0,0.0
2024-08-07T03:00,3600,0.0,0.0,0.0,0.0,0.0,0.0,0.0,0.0,0.0
2024-08-07T04:00,3600,0.0,0.0,0.0,0.0,0.0,0.0,0.0,0.0,0.0
2024-08-07T05:00,3600,0.0,0.0,0.0,0.0,0.0,0.0,0.0,0.0,0.0
2024-08-07T06:00,3600,0.0,0.02650625999,0.0,0.0,0.0,0.02650625999,42.31775964,26.50625999,21.47533203
2024-08-07T07:00,3600,0.0,0.25667537635000004,0.0,0.0,0.0,0.25667537635000004,318.5357683,256.67537635,163.73018911
2024-08-07T08:00,3600,1.0870588235294116,0.49916716472,0.49916716472,0.5878916588094116,0.0,0.0,611.09115122,499.16716472,319.7180608
2024-08-07T09:00,3600,1.0870588235294116,0.8726918275400001,0.8726918275400001,0.21436699598941156,0.0,0.0,1064.90235564,872.69182754,575.54733542
2024-08-07T10:00,3600,1.0638682352941178,1.0992539418399998,1.0638682352941178,0.0,0.0,0.03538570654588202,1342.07231989,1099.25394184,751.79426303
2024-08-07T11:00,3600,1.056414117647059,1.24360786054,1.056414117647059,0.0,0.0,0.1871937428929411,1519.43622838,1243.60786054,864.28445001
2024-08-07T12:00,3600,1.0551717647058825,1.28595060001,1.0551717647058825,0.0,0.0,0.23077883530411758,1571.57572764,1285.95060001,895.52489994
2024-08-07T13:00,3600,1.0336242884250475,1.1678441807500002,1.0336242884250475,0.0,0.0,0.13421989232495268,1426.27258197,1167.84418075,811.11180447
2024-08-07T14:00,3600,1.033202614379085,1.0345347417400002,1.033202614379085,0.0,0.0,0.0013321273609152584,1262.74763243,1034.53474174,710.86346739
2024-08-07T15:00,3600,1.0338344884781707,0.8034144114299999,0.8034144114299999,0.2304200770481708,0.0,0.0,980.44016503,803.41441143,541.06272196
2024-08-07T16:00,3600,1.0365364705882352,0.5804261971,0.5804261971,0.4561102734882352,0.0,0.0,709.48658906,580.4261971,382.67468644
2024-08-07T17:00,3600,1.03508685155744,0.25502847579,0.25502847579,0.7800583757674401,0.0,0.0,316.55432023,255.02847579,166.95307977
2024-08-07T18:00,3600,0.0,0.031943806150000004,0.0,0.0,0.0,0.031943806150000004,48.82682473,31.94380615,25.09484815
2024-08-07T19:00,3600,0.0,0.0,0.0,0.0,0.0,0.0,0.0,0.0,0.0
2024-08-07T20:00,3600,0.0,0.0,0.0,0.0,0.0,0.0,0.0,0.0,0.0
2024-08-07T21:00,3600,0.0,0.0,0.0,0.0,0.0,0.0,0.0,0.0,0.0
2024-08-07T22:00,3600,0.0,0.0,0.0,0.0,0.0,0.0,0.0,0.0,0.0
2024-08-07T23:00,3600,0.0,0.0,0.0,0.0,0.0,0.0,0.0,0.0,0.0
2024-08-08T00:00,3600,0.0,0.0,0.0,0.0,0.0,0.0,0.0,0.0,0.0
2024-08-08T01:00,3600,0.0,0.0,0.0,0.0,0.0,0.0,0.0,0.0,0.0
2024-08-08T02:00,3600,0.0,0.0,0.0,0.0,0.0,0.0,0.0,0.0,0.0
2024-08-08T03:00,3600,0.0,0.0,0.0,0.0,0.0,0.0,0.0,0.0,0.0
2024-08-08T04:00,3600,0.0,0.0,0.0,0.0,0.0,0.0,0.0,0.0,0.0
2024-08-08T05:00,3600,0.0,0.0,0.0,0.0,0.0,0.0,0.0,0.0,0.0
2024-08-08T06:00,3600,0.0,0.02791068638,0.0,0.0,0.0,0.02791068638,43.9988659,27.91068638,22.43558446
2024-08-08T07:00,3600,0.0,0.27533942333,0.0,0.0,0.0,0.27533942333,340.99631056,275.33942333,176.67684864
2024-08-08T08:00,3600,1.0870588235294116,0.57502268483,0.57502268483,0.5120361386994117,0.0,0.0,702.93789987,575.02268483,372.20122002
2024-08-08T09:00,3600,1.0870588235294116,0.89116759995,0.89116759995,0.1958912235794117,0.0,0.0,1087.45061962,891.16759995,589.50326671
2024-08-08T10:00,3600,1.0452329411764707,1.1290203337999998,1.0452329411764707,0.0,0.0,0.08378739262352908,1378.59647303,1129.0203338,772.40550995
2024-08-08T11:00,3600,1.042748235294118,1.20192199101,1.042748235294118,0.0,0.0,0.1591737557158821,1468.15624637,1201.92199101,826.68246759
2024-08-08T12:00,3600,1.0402635294117646,1.2877443378,1.0402635294117646,0.0,0.0,0.24748080838823538,1573.78562667,1287.7443378,892.19038734
2024-08-08T13:00,3600,1.032991137810028,1.11993969737,1.032991137810028,0.0,0.0,0.08694855955997194,1367.45159824,1119.93969737,769.6025202
2024-08-08T14:00,3600,1.032991137810028,1.07609185944,1.032991137810028,0.0,0.0,0.043100721629971916,1313.66938661,1076.09185944,736.23069597
2024-08-08T15:00,3600,1.032991137810028,0.85949741344,0.85949741344,0.17349372437002808,0.0,0.0,1048.80547508,859.49741344,578.46624597
2024-08-08T16:00,3600,1.0323541343515097,0.5738005337900001,0.5738005337900001,0.4585536005615096,0.0,0.0,701.4568478,573.80053379,379.69746863
2024-08-08T17:00,3600,1.0317132427742204,0.30095733598999996,0.30095733598999996,0.7307559067842204,0.0,0.0,371.84057144,300.95733599,197.81137366
2024-08-08T18:00,3600,0.0,0.04185508707,0.0,0.0,0.0,0.04185508707,60.69324077,41.85508707,31.29079152
2024-08-08T19:00,3600,0.0,0.0,0.0,0.0,0.0,0.0,0.0,0.0,0.0
2024-08-08T20:00,3600,0.0,0.0,0.0,0.0,0.0,0.0,0.0,0.0,0.0
2024-08-08T21:00,3600,0.0,0.0,0.0,0.0,0.0,0.0,0.0,0.0,0.0
2024-08-08T22:00,3600,0.0,0.0,0.0,0.0,0.0,0.0,0.0,0.0,0.0
2024-08-08T23:00,3600,0.0,0.0,0.0,0.0,0.0,0.0,0.0,0.0,0.0
2024-08-09T00:00,3600,0.0,0.0,0.0,0.0,0.0,0.0,0.0,0.0,0.0
2024-08-09T01:00,3600,0.0,0.0,0.0,0.0,0.0,0.0,0.0,0.0,0.0
2024-08-09T02:00,3600,0.0,0.0,0.0,0.0,0.0,0.0,0.0,0.0,0.0
2024-08-09T03:00,3600,0.0,0.0,0.0,0.0,0.0,0.0,0.0,0.0,0.0
2024-08-09T04:00,3600,0.0,0.0,0.0,0.0,0.0,0.0,0.0,0.0,0.0
2024-08-09T05:00,3600,0.0,0.0,0.0,0.0,0.0,0.0,0.0,0.0,0.0
2024-08-09T06:00,3600,0.0,0.03271138633,0.0,0.0,0.0,0.03271138633,49.74572711,32.71138633,25.36403883
2024-08-09T07:00,3600,0.0,0.29326458216,0.0,0.0,0.0,0.29326458216,362.57653993,293.26458216,188.00123266
2024-08-09T08:00,3600,1.0870588235294116,0.6237445383399999,0.6237445383399999,0.46331428518941176,0.0,0.0,762.01465112,623.74453834,404.38909047
2024-08-09T09:00,3600,1.0870588235294116,0.89931148475,0.89931148475,0.18774733877941163,0.0,0.0,1097.39266548,899.31148475,593.88537365
2024-08-09T10:00,3600,1.051444705882353,1.08389586695,1.051444705882353,0.0,0.0,0.032451161067647005,1323.23748097,1083.89586695,736.34617205
2024-08-09T11:00,3600,1.0477176470588236,1.1768914248399998,1.0477176470588236,0.0,0.0,0.1291737777811761,1437.38892381,1176.89142484,805.55861744
2024-08-09T12:00,3600,1.0452329411764707,1.1427157515900002,1.0452329411764707,0.0,0.0,0.09748281041352946,1395.40965184,1142.71575159,780.44290111
2024-08-09T13:00,3600,1.0334136641538554,1.1144257799800001,1.0334136641538554,0.0,0.0,0.08101211582614476,1360.68539414,1114.42577998,764.10452239
2024-08-09T14:00,3600,1.0336242884250475,0.9922725377399999,0.9922725377399999,0.041351750685047595,0.0,0.0,1211.0123984,992.27253774,672.72642941
2024-08-09T15:00,3600,1.032991137810028,0.8580667524100001,0.8580667524100001,0.17492438540002797,0.0,0.0,1047.06039638,858.06675241,576.30434908
2024-08-09T16:00,3600,1.0338344884781707,0.55356609561,0.55356609561,0.4802683928681707,0.0,0.0,676.94192919,553.56609561,364.40123887
2024-08-09T17:00,3600,1.0344625561067802,0.29208953531,0.29208953531,0.7423730207967802,0.0,0.0,361.16162594,292.08953531,190.93271629
2024-08-09T18:00,3600,0.0,0.037935087529999995,0.0,0.0,0.0,0.037935087529999995,55.99965521,37.93508753,28.8668518
2024-08-09T19:00,3600,0.0,0.0,0.0,0.0,0.0,0.0,0.0,0.0,0.0
2024-08-09T20:00,3600,0.0,0.0,0.0,0.0,0.0,0.0,0.0,0.0,0.0
2024-08-09T21:00,3600,0.0,0.0,0.0,0.0,0.0,0.0,0.0,0.0,0.0
2024-08-09T22:00,3600,0.0,0.0,0.0,0.0,0.0,0.0,0.0,0.0,0.0
2024-08-09T23:00,3600,0.0,0.0,0.0,0.0,0.0,0.0,0.0,0.0,0.0
2024-08-10T00:00,3600,0.0,0.0,0.0,0.0,0.0,0.0,0.0,0.0,0.0
2024-08-10T01:00,3600,0.0,0.0,0.0,0.0,0.0,0.0,0.0,0.0,0.0
2024-08-10T02:00,3600,0.0,0.0,0.0,0.0,0.0,0.0,0.0,0.0,0.0
2024-08-10T03:00,3600,0.0,0.0,0.0,0.0,0.0,0.0,0.0,0.0,0.0
2024-08-10T04:00,3600,0.0,0.0,0.0,0.0,0.0,0.0,0.0,0.0,0.0
2024-08-10T05:00,3600,0.0,0.0,0.0,0.0,0.0,0.0,0.0,0.0,0.0
2024-08-10T06:00,3600,0.0,0.027789459099999997,0.0,0.0,0.0,0.027789459099999997,43.8537541,27.7894591,22.37993786
2024-08-10T07:00,3600,0.0,0.15185883473,0.0,0.0,0.0,0.15185883473,192.57282715,151.85883473,99.13324128
2024-08-10T08:00,3600,0.0,0.41671690389000005,0.0,0.0,0.0,0.41671690389000005,511.43869363,416.71690389,267.63459058
2024-08-10T09:00,3600,0.0,0.72186925811,0.0,0.0,0.0,0.72186925811,881.19376777,721.86925811,471.07561714
2024-08-10T10:00,3600,0.0,0.79466114036,0.0,0.0,0.0,0.79466114036,969.77787678,794.66114036,528.6233924
2024-08-10T11:00,3600,0.0,1.10087530307,0.0,0.0,0.0,1.10087530307,1344.06111927,1100.87530307,753.58055458
2024-08-10T12:00,3600,0.0,1.0658961989500002,0.0,0.0,0.0,1.0658961989500002,1301.17163227,1065.89619895,730.75704809
2024-08-10T13:00,3600,0.0,0.9474698363399999,0.0,0.0,0.0,0.9474698363399999,1156.22265223,947.46983634,644.63418989
2024-08-10T14:00,3600,0.0,0.7340861868099999,0.0,0.0,0.0,0.7340861868099999,896.05082117,734.08618681,490.36321049
2024-08-10T15:00,3600,0.0,0.41715736616,0.0,0.0,0.0,0.41715736616,511.97055836,417.15736616,273.82680445
2024-08-10T16:00,3600,0.0,0.34815140111,0.0,0.0,0.0,0.34815140111,428.70936575,348.15140111,226.44369773
2024-08-10T17:00,3600,0.0,0.18013212662000003,0.0,0.0,0.0,0.18013212662000003,226.52103813,180.13212662,118.33696887
2024-08-10T18:00,3600,0.0,0.03492428646,0.0,0.0,0.0,0.03492428646,52.39497032,34.92428646,26.83695467
2024-08-10T19:00,3600,0.0,0.0,0.0,0.0,0.0,0.0,0.0,0.0,0.0
2024-08-10T20:00,3600,0.0,0.0,0.0,0.0,0.0,0.0,0.0,0.0,0.0
2024-08-10T21:00,3600,0.0,0.0,0.0,0.0,0.0,0.0,0.0,0.0,0.0
2024-08-10T22:00,3600,0.0,0.0,0.0,0.0,0.0,0.0,0.0,0.0,0.0
2024-08-10T23:00,3600,0.0,0.0,0.0,0.0,0.0,0.0,0.0,0.0,0.0
2024-08-11T00:00,3600,0.0,0.0,0.0,0.0,0.0,0.0,0.0,0.0,0.0
2024-08-11T01:00,3600,0.0,0.0,0.0,0.0,0.0,0.0,0.0,0.0,0.0
2024-08-11T02:00,3600,0.0,0.0,0.0,0.0,0.0,0.0,0.0,0.0,0.0
2024-08-11T03:00,3600,0.0,0.0,0.0,0.0,0.0,0.0,0.0,0.0,0.0
2024-08-11T04:00,3600,0.0,0.0,0.0,0.0,0.0,0.0,0.0,0.0,0.0
2024-08-11T05:00,3600,0.0,0.0,0.0,0.0,0.0,0.0,0.0,0.0,0.0
2024-08-11T06:00,3600,0.0,0.01024016213,0.0,0.0,0.0,0.01024016213,22.8509728,10.24016213,11.6184233
2024-08-11T07:00,3600,0.0,0.09775873228,0.0,0.0,0.0,0.09775873228,127.67370065,97.75873228,65.20579733
2024-08-11T08:00,3600,0.0,0.28940761299,0.0,0.0,0.0,0.28940761299,357.93237193,289.40761299,185.23745563
2024-08-11T09:00,3600,0.0,0.56505241566,0.0,0.0,0.0,0.56505241566,690.85672846,565.05241566,365.09113862
2024-08-11T10:00,3600,0.0,0.9195858176,0.0,0.0,0.0,0.9195858176,1122.15168741,919.5858176,617.6537397
2024-08-11T11:00,3600,0.0,0.98454688626,0.0,0.0,0.0,0.98454688626,1201.56054303,984.54688626,664.75508025
2024-08-11T12:00,3600,0.0,1.0643965446199999,0.0,0.0,0.0,1.0643965446199999,1299.33361929,1064.39654462,723.63435412
2024-08-11T13:00,3600,0.0,0.83141605783,0.0,0.0,0.0,0.83141605783,1014.56318585,831.41605783,556.27319947
2024-08-11T14:00,3600,0.0,0.86123940118,0.0,0.0,0.0,0.86123940118,1050.93037887,861.23940118,572.6267866
2024-08-11T15:00,3600,0.0,0.39902850665,0.0,0.0,0.0,0.39902850665,490.08407014,399.02850665,256.06467446
2024-08-11T16:00,3600,0.0,0.15157611702999998,0.0,0.0,0.0,0.15157611702999998,192.23347172,151.57611703,98.45644006
2024-08-11T17:00,3600,0.0,0.09109461466999999,0.0,0.0,0.0,0.09109461466999999,119.68476572,91.09461467,61.18962884
2024-08-11T18:00,3600,0.0,0.0185318161,0.0,0.0,0.0,0.0185318161,32.77330068,18.5318161,16.62481467
2024-08-11T19:00,3600,0.0,0.0,0.0,0.0,0.0,0.0,0.0,0.0,0.0
2024-08-11T20:00,3600,0.0,0.0,0.0,0.0,0.0,0.0,0.0,0.0,0.0
2024-08-11T21:00,3600,0.0,0.0,0.0,0.0,0.0,0.0,0.0,0.0,0.0
2024-08-11T22:00,3600,0.0,0.0,0.0,0.0,0.0,0.0,0.0,0.0,0.0
2024-08-11T23:00,3600,0.0,0.0,0.0,0.0,0.0,0.0,0.0,0.0,0.0
2024-08-12T00:00,3600,0.0,0.0,0.0,0.0,0.0,0.0,0.0,0.0,0.0
2024-08-12T01:00,3600,0.0,0.0,0.0,0.0,0.0,0.0,0.0,0.0,0.0
2024-08-12T02:00,3600,0.0,0.0,0.0,0.0,0.0,0.0,0.0,0.0,0.0
2024-08-12T03:00,3600,0.0,0.0,0.0,0.0,0.0,0.0,0.0,0.0,0.0
2024-08-12T04:00,3600,0.0,0.0,0.0,0.0,0.0,0.0,0.0,0.0,0.0
2024-08-12T05:00,3600,0.0,0.0,0.0,0.0,0.0,0.0,0.0,0.0,0.0
2024-08-12T06:00,3600,0.0,0.01196194614,0.0,0.0,0.0,0.01196194614,24.9112202,11.96194614,12.58662524
2024-08-12T07:00,3600,0.0,0.18155287892000002,0.0,0.0,0.0,0.18155287892000002,228.22752584,181.55287892,116.57391282
2024-08-12T08:00,3600,1.0870588235294116,0.45453052096,0.45453052096,0.6325283025694116,0.0,0.0,557.11851993,454.53052096,290.33773496
2024-08-12T09:00,3600,1.0870588235294116,0.70687554124,0.70687554124,0.3801832822894117,0.0,0.0,862.96554223,706.87554124,459.47812127
2024-08-12T10:00,3600,1.086230588235294,0.9573007491700001,0.9573007491700001,0.12892983906529398,0.0,0.0,1168.24011301,957.30074917,639.90787598
2024-08-12T11:00,3600,1.0800188235294121,0.94977373912,0.94977373912,0.13024508440941218,0.0,0.0,1159.03873308,949.77373912,634.87708017
2024-08-12T12:00,3600,1.07008,0.7735466585,0.7735466585,0.2965333414999999,0.0,0.0,944.06733654,773.5466585,511.00980669
2024-08-12T13:00,3600,1.0638682352941178,0.7224789117300001,0.7224789117300001,0.34138932356411766,0.0,0.0,881.93507112,722.47891173,475.34797839
2024-08-12T14:00,3600,1.0762917647058825,0.31098775139,0.31098775139,0.7653040133158825,0.0,0.0,383.92215149,310.98775139,200.41941869
2024-08-12T15:00,3600,1.0800188235294121,0.12901433885,0.12901433885,0.9510044846794121,0.0,0.0,165.15873339,129.01433885,85.20177084
2024-08-12T16:00,3600,1.0870588235294116,0.22103608051,0.22103608051,0.8660227430194116,0.0,0.0,275.67314738,221.03608051,141.28252758
2024-08-12T17:00,3600,1.0870588235294116,0.16391050711,0.16391050711,0.9231483164194116,0.0,0.0,207.04084458,163.91050711,105.75552438
2024-08-12T18:00,3600,0.0,0.02640592525,0.0,0.0,0.0,0.02640592525,42.19766041,26.40592525,21.37822845
2024-08-12T19:00,3600,0.0,0.0,0.0,0.0,0.0,0.0,0.0,0.0,0.0
2024-08-12T20:00,3600,0.0,0.0,0.0,0.0,0.0,0.0,0.0,0.0,0.0
2024-08-12T21:00,3600,0.0,0.0,0.0,0.0,0.0,0.0,0.0,0.0,0.0
2024-08-12T22:00,3600,0.0,0.0,0.0,0.0,0.0,0.0,0.0,0.0,0.0
2024-08-12T23:00,3600,0.0,0.0,0.0,0.0,0.0,0.0,0.0,0.0,0.0
2024-08-13T00:00,3600,0.0,0.0,0.0,0.0,0.0,0.0,0.0,0.0,0.0
2024-08-13T01:00,3600,0.0,0.0,0.0,0.0,0.0,0.0,0.0,0.0,0.0
2024-08-13T02:00,3600,0.0,0.0,0.0,0.0,0.0,0.0,0.0,0.0,0.0
2024-08-13T03:00,3600,0.0,0.0,0.0,0.0,0.0,0.0,0.0,0.0,0.0
2024-08-13T04:00,3600,0.0,0.0,0.0,0.0,0.0,0.0,0.0,0.0,0.0
2024-08-13T05:00,3600,0.0,0.0,0.0,0.0,0.0,0.0,0.0,0.0,0.0
2024-08-13T06:00,3600,0.0,0.02160471532,0.0,0.0,0.0,0.02160471532,36.45099447,21.60471532,18.39583689
2024-08-13T07:00,3600,0.0,0.11499828565,0.0,0.0,0.0,0.11499828565,148.34596424,114.99828565,75.31540735
2024-08-13T08:00,3600,1.0870588235294116,0.2053248826,0.2053248826,0.8817339409294116,0.0,0.0,256.78850597,205.3248826,131.32361003
2024-08-13T09:00,3600,1.0870588235294116,0.23440973355,0.23440973355,0.8526490899794117,0.0,0.0,291.75333588,234.40973355,149.58003009
2024-08-13T10:00,3600,1.0870588235294116,0.24125031338,0.24125031338,0.8458085101494116,0.0,0.0,299.9801653,241.25031338,155.00118765
2024-08-13T11:00,3600,1.0870588235294116,0.18557038725,0.18557038725,0.9014884362794117,0.0,0.0,233.05331144,185.57038725,120.03083845
2024-08-13T12:00,3600,1.0870588235294116,0.26492290965,0.26492290965,0.8221359138794117,0.0,0.0,328.45978901,264.92290965,169.88567673
2024-08-13T13:00,3600,1.0825035294117646,0.14453900920999999,0.14453900920999999,0.9379645202017647,0.0,0.0,183.7872888,144.53900921,94.91144482
2024-08-13T14:00,3600,1.0849882352941176,0.92054571056,0.92054571056,0.16444252473411758,0.0,0.0,1123.3241971,920.54571056,614.94055586
2024-08-13T15:00,3600,1.0812611764705882,0.8597203408499999,0.8597203408499999,0.22154083562058824,0.0,0.0,1049.07740064,859.72034085,572.10462137
2024-08-13T16:00,3600,1.0870588235294116,0.51677117923,0.51677117923,0.5702876442994116,0.0,0.0,632.39218016,516.77117923,334.69436881
2024-08-13T17:00,3600,1.0849882352941176,0.17034460231,0.17034460231,0.9146436329841175,0.0,0.0,214.76656481,170.34460231,111.06269418
2024-08-13T18:00,3600,0.0,0.01646620499,0.0,0.0,0.0,0.01646620499,30.30128622,16.46620499,15.39464669
2024-08-13T19:00,3600,0.0,0.0,0.0,0.0,0.0,0.0,0.0,0.0,0.0
2024-08-13T20:00,3600,0.0,0.0,0.0,0.0,0.0,0.0,0.0,0.0,0.0
2024-08-13T21:00,3600,0.0,0.0,0.0,0.0,0.0,0.0,0.0,0.0,0.0
2024-08-13T22:00,3600,0.0,0.0,0.0,0.0,0.0,0.0,0.0,0.0,0.0
2024-08-13T23:00,3600,0.0,0.0,0.0,0.0,0.0,0.0,0.0,0.0,0.0
2024-08-14T00:00,3600,0.0,0.0,0.0,0.0,0.0,0.0,0.0,0.0,0.0
2024-08-14T01:00,3600,0.0,0.0,0.0,0.0,0.0,0.0,0.0,0.0,0.0
2024-08-14T02:00,3600,0.0,0.0,0.0,0.0,0.0,0.0,0.0,0.0,0.0
2024-08-14T03:00,3600,0.0,0.0,0.0,0.0,0.0,0.0,0.0,0.0,0.0
2024-08-14T04:00,3600,0.0,0.0,0.0,0.0,0.0,0.0,0.0,0.0,0.0
2024-08-14T05:00,3600,0.0,0.0,0.0,0.0,0.0,0.0,0.0,0.0,0.0
2024-08-14T06:00,3600,0.0,0.02957711761,0.0,0.0,0.0,0.02957711761,45.99366152,29.57711761,23.30044271
2024-08-14T07:00,3600,0.0,0.21580347534,0.0,0.0,0.0,0.21580347534,269.3828899,215.80347534,138.09129116
2024-08-14T08:00,3600,1.0870588235294116,0.44903757117,0.44903757117,0.6380212523594117,0.0,0.0,550.48046556,449.03757117,287.05770952
2024-08-14T09:00,3600,1.0870588235294116,0.69754717662,0.69754717662,0.38951164690941165,0.0,0.0,851.62798482,697.54717662,453.75691216
2024-08-14T10:00,3600,1.0762917647058825,0.8845639933899999,0.8845639933899999,0.1917277713158826,0.0,0.0,1079.39031823,884.56399339,589.92847332
2024-08-14T11:00,3600,1.0688376470588234,0.95456002572,0.95456002572,0.11427762133882347,0.0,0.0,1164.88953461,954.56002572,639.89470554
2024-08-14T12:00,3600,1.0663529411764705,0.89944433174,0.89944433174,0.16690860943647046,0.0,0.0,1097.55486046,899.44433174,600.39561572
2024-08-14T13:00,3600,1.062625882352941,0.84501441711,0.84501441711,0.21761146524294106,0.0,0.0,1031.14219848,845.01441711,561.79827024
2024-08-14T14:00,3600,1.086230588235294,0.8882316067599999,0.8882316067599999,0.19799898147529416,0.0,0.0,1083.86682142,888.23160676,588.01494227
2024-08-14T15:00,3600,0.9965203837784921,0.57751089442,0.57751089442,0.419009489358492,0.0,0.0,705.95334039,577.51089442,373.20896119
2024-08-14T16:00,3600,0.5744559588235295,0.18870617722,0.18870617722,0.3857497816035295,0.0,0.0,236.82028859,188.70617722,121.22881562
2024-08-14T17:00,3600,0.5735184735294118,0.14010990128,0.14010990128,0.43340857224941176,0.0,0.0,178.47199974,140.10990128,91.35969007
2024-08-14T18:00,3600,0.0,0.020367403649999997,0.0,0.0,0.0,0.020367403649999997,34.97013033,20.36740365,17.69641263
2024-08-14T19:00,3600,0.0,0.0,0.0,0.0,0.0,0.0,0.0,0.0,0.0
2024-08-14T20:00,3600,0.0,0.0,0.0,0.0,0.0,0.0,0.0,0.0,0.0
2024-08-14T21:00,3600,0.0,0.0,0.0,0.0,0.0,0.0,0.0,0.0,0.0
2024-08-14T22:00,3600,0.0,0.0,0.0,0.0,0.0,0.0,0.0,0.0,0.0
2024-08-14T23:00,3600,0.0,0.0,0.0,0.0,0.0,0.0,0.0,0.0,0.0
2024-08-15T00:00,3600,0.0,0.0,0.0,0.0,0.0,0.0,0.0,0.0,0.0
2024-08-15T01:00,3600,0.0,0.0,0.0,0.0,0.0,0.0,0.0,0.0,0.0
2024-08-15T02:00,3600,0.0,0.0,0.0,0.0,0.0,0.0,0.0,0.0,0.0
2024-08-15T03:00,3600,0.0,0.0,0.0,0.0,0.0,0.0,0.0,0.0,0.0
2024-08-15T04:00,3600,0.0,0.0,0.0,0.0,0.0,0.0,0.0,0.0,0.0
2024-08-15T05:00,3600,0.0,0.0,0.0,0.0,0.0,0.0,0.0,0.0,0.0
2024-08-15T06:00,3600,0.0,0.005569904529999999,0.0,0.0,0.0,0.005569904529999999,17.26304609,5.56990453,8.72176699
2024-08-15T07:00,3600,0.0,0.06674799532999999,0.0,0.0,0.0,0.06674799532999999,90.50815837,66.74799533,45.91046475
2024-08-15T08:00,3600,0.8549431981925588,0.08338125266999999,0.08338125266999999,0.7715619455225589,0.0,0.0,110.43948012,83.38125267,56.10892424
2024-08-15T09:00,3600,0.5454816617647059,0.18987482276,0.18987482276,0.3556068390047059,0.0,0.0,238.22423249,189.87482276,121.78849186
2024-08-15T10:00,3600,0.6219596676470589,0.25314595247,0.25314595247,0.3688137151770589,0.0,0.0,314.28947534,253.14595247,162.66587011
2024-08-15T11:00,3600,0.6384486411764706,0.299555139,0.299555139,0.3388935021764706,0.0,0.0,370.15185023,299.555139,192.1998264
2024-08-15T12:00,3600,0.6885773088235294,0.4884917294,0.4884917294,0.2000855794235294,0.0,0.0,598.1779185,488.4917294,314.41329607
2024-08-15T13:00,3600,0.7793714264705883,0.7777020977,0.7777020977,0.0016693287705883408,0.0,0.0,949.12631673,777.7020977,508.45890976
2024-08-15T14:00,3600,0.7047685147058824,0.45607632365,0.45607632365,0.24869219105588242,0.0,0.0,558.98672211,456.07632365,293.53904843
2024-08-15T15:00,3600,0.6699376264705883,0.35868839487,0.35868839487,0.3112492316005883,0.0,0.0,441.41469573,358.68839487,229.84907442
2024-08-15T16:00,3600,0.5677831676470588,0.15876322215,0.15876322215,0.40901994549705883,0.0,0.0,200.86105842,158.76322215,102.76523935
2024-08-15T17:00,3600,0.5025000352941177,0.06925209986,0.06925209986,0.43324793543411766,0.0,0.0,93.50830781,69.25209986,47.34652907
2024-08-15T18:00,3600,0.0,0.01360927225,0.0,0.0,0.0,0.01360927225,26.88244676,13.60927225,13.55482718
2024-08-15T19:00,3600,0.0,0.0,0.0,0.0,0.0,0.0,0.0,0.0,0.0
2024-08-15T20:00,3600,0.0,0.0,0.0,0.0,0.0,0.0,0.0,0.0,0.0
2024-08-15T21:00,3600,0.0,0.0,0.0,0.0,0.0,0.0,0.0,0.0,0.0
2024-08-15T22:00,3600,0.0,0.0,0.0,0.0,0.0,0.0,0.0,0.0,0.0
2024-08-15T23:00,3600,0.0,0.0,0.0,0.0,0.0,0.0,0.0,0.0,0.0
2024-08-16T00:00,3600,0.0,0.0,0.0,0.0,0.0,0.0,0.0,0.0,0.0
2024-08-16T01:00,3600,0.0,0.0,0.0,0.0,0.0,0.0,0.0,0.0,0.0
2024-08-16T02:00,3600,0.0,0.0,0.0,0.0,0.0,0.0,0.0,0.0,0.0
2024-08-16T03:00,3600,0.0,0.0,0.0,0.0,0.0,0.0,0.0,0.0,0.0
2024-08-16T04:00,3600,0.0,0.0,0.0,0.0,0.0,0.0,0.0,0.0,0.0
2024-08-16T05:00,3600,0.0,0.0,0.0,0.0,0.0,0.0,0.0,0.0,0.0
2024-08-16T06:00,3600,0.0,0.00564740263,0.0,0.0,0.0,0.00564740263,17.35576723,5.64740263,8.73766602
2024-08-16T07:00,3600,0.0,0.07278557635999999,0.0,0.0,0.0,0.07278557635999999,97.74202503,72.78557636,49.4257831
2024-08-16T08:00,3600,0.716100850779985,0.28252299163,0.28252299163,0.433577859149985,0.0,0.0,349.64361615,282.52299163,179.3633397
2024-08-16T09:00,3600,0.6213529941176472,0.41393754899,0.41393754899,0.2074154451276472,0.0,0.0,508.08270356,413.93754899,263.66997171
2024-08-16T10:00,3600,0.7016141088235294,0.4280168038,0.4280168038,0.27359730502352936,0.0,0.0,525.08516733,428.0168038,275.7475975
2024-08-16T11:00,3600,0.7255835264705881,0.4889306183,0.4889306183,0.2366529081705881,0.0,0.0,598.70874612,488.9306183,315.89404626
2024-08-16T12:00,3600,0.8083632441176472,0.7203145403600001,0.7203145403600001,0.08804870375764706,0.0,0.0,879.30336834,720.31454036,472.75965908
2024-08-16T13:00,3600,0.7640073911764705,0.50877634029,0.50877634029,0.2552310508864706,0.0,0.0,622.7172912,508.77634029,330.80935494
2024-08-16T14:00,3600,0.7712347205882353,0.59062316908,0.59062316908,0.18061155150823527,0.0,0.0,721.84682297,590.62316908,383.82339234
2024-08-16T15:00,3600,0.7118012029411765,0.36908856905,0.36908856905,0.34271263389117657,0.0,0.0,453.95801386,369.08856905,237.7412271
2024-08-16T16:00,3600,0.5674081735294118,0.14125516618,0.14125516618,0.42615300734941175,0.0,0.0,179.84636016,141.25516618,91.97918443
2024-08-16T17:00,3600,0.5558272911764706,0.10206140951,0.10206140951,0.4537658816664706,0.0,0.0,132.83237499,102.06140951,67.7741359
2024-08-16T18:00,3600,0.0,0.03428660658,0.0,0.0,0.0,0.03428660658,51.63153835,34.28660658,26.14145242
2024-08-16T19:00,3600,0.0,0.0,0.0,0.0,0.0,0.0,0.0,0.0,0.0
2024-08-16T20:00,3600,0.0,0.0,0.0,0.0,0.0,0.0,0.0,0.0,0.0
2024-08-16T21:00,3600,0.0,0.0,0.0,0.0,0.0,0.0,0.0,0.0,0.0
2024-08-16T22:00,3600,0.0,0.0,0.0,0.0,0.0,0.0,0.0,0.0,0.0
2024-08-16T23:00,3600,0.0,0.0,0.0,0.0,0.0,0.0,0.0,0.0,0.0
2024-08-17T00:00,3600,0.0,0.0,0.0,0.0,0.0,0.0,0.0,0.0,0.0
2024-08-17T01:00,3600,0.0,0.0,0.0,0.0,0.0,0.0,0.0,0.0,0.0
2024-08-17T02:00,3600,0.0,0.0,0.0,0.0,0.0,0.0,0.0,0.0,0.0
2024-08-17T03:00,3600,0.0,0.0,0.0,0.0,0.0,0.0,0.0,0.0,0.0
2024-08-17T04:00,3600,0.0,0.0,0.0,0.0,0.0,0.0,0.0,0.0,0.0
2024-08-17T05:00,3600,0.0,0.0,0.0,0.0,0.0,0.0,0.0,0.0,0.0
2024-08-17T06:00,3600,0.0,0.0024035676000000003,0.0,0.0,0.0,0.0024035676000000003,13.47487843,2.4035676,6.77741359
2024-08-17T07:00,3600,0.0,0.036110063340000005,0.0,0.0,0.0,0.036110063340000005,53.81461417,36.11006334,27.10965436
2024-08-17T08:00,3600,0.0,0.08877247165,0.0,0.0,0.0,0.08877247165,116.9012628,88.77247165,59.06031842
2024-08-17T09:00,3600,0.0,0.12049786686,0.0,0.0,0.0,0.12049786686,154.94228611,120.49786686,78.42435725
2024-08-17T10:00,3600,0.0,0.20304006397,0.0,0.0,0.0,0.20304006397,254.04273965,203.04006397,129.73906015
2024-08-17T11:00,3600,0.0,0.26389748086,0.0,0.0,0.0,0.26389748086,327.2258198,263.89748086,167.71233981
2024-08-17T12:00,3600,0.0,0.37488121893,0.0,0.0,0.0,0.37488121893,460.9456211,374.88121893,238.15619343
2024-08-17T13:00,3600,0.0,0.30230622804,0.0,0.0,0.0,0.30230622804,373.46514572,302.30622804,192.81317998
2024-08-17T14:00,3600,0.0,0.4065825643,0.0,0.0,0.0,0.4065825643,499.20279174,406.5825643,259.75076533
2024-08-17T15:00,3600,0.0,0.50303259543,0.0,0.0,0.0,0.50303259543,615.76763013,503.03259543,322.94453562
2024-08-17T16:00,3600,0.0,0.14508793815,0.0,0.0,0.0,0.14508793815,184.44608474,145.08793815,94.27049057
2024-08-17T17:00,3600,0.0,0.04809284424,0.0,0.0,0.0,0.04809284424,68.16282217,48.09284424,34.69181057
2024-08-17T18:00,3600,0.0,0.00406848364,0.0,0.0,0.0,0.00406848364,15.46673087,4.06848364,7.79375257
2024-08-17T19:00,3600,0.0,0.0,0.0,0.0,0.0,0.0,0.0,0.0,0.0
2024-08-17T20:00,3600,0.0,0.0,0.0,0.0,0.0,0.0,0.0,0.0,0.0
2024-08-17T21:00,3600,0.0,0.0,0.0,0.0,0.0,0.0,0.0,0.0,0.0
2024-08-17T22:00,3600,0.0,0.0,0.0,0.0,0.0,0.0,0.0,0.0,0.0
2024-08-17T23:00,3600,0.0,0.0,0.0,0.0,0.0,0.0,0.0,0.0,0.0
2024-08-18T00:00,3600,0.0,0.0,0.0,0.0,0.0,0.0,0.0,0.0,0.0
2024-08-18T01:00,3600,0.0,0.0,0.0,0.0,0.0,0.0,0.0,0.0,0.0
2024-08-18T02:00,3600,0.0,0.0,0.0,0.0,0.0,0.0,0.0,0.0,0.0
2024-08-18T03:00,3600,0.0,0.0,0.0,0.0,0.0,0.0,0.0,0.0,0.0
2024-08-18T04:00,3600,0.0,0.0,0.0,0.0,0.0,0.0,0.0,0.0,0.0
2024-08-18T05:00,3600,0.0,0.0,0.0,0.0,0.0,0.0,0.0,0.0,0.0
2024-08-18T06:00,3600,0.0,0.0007881487700000001,0.0,0.0,0.0,0.0007881487700000001,11.54231328,0.78814877,5.80921165
2024-08-18T07:00,3600,0.0,0.02587613818,0.0,0.0,0.0,0.02587613818,41.56351737,25.87613818,20.95216732
2024-08-18T08:00,3600,0.0,0.11154735255,0.0,0.0,0.0,0.11154735255,144.20725064,111.54735255,73.09849909
2024-08-18T09:00,3600,0.0,0.23885832400999998,0.0,0.0,0.0,0.23885832400999998,297.10329353,238.85832401,151.94571545
2024-08-18T10:00,3600,0.0,0.35072195663000005,0.0,0.0,0.0,0.35072195663000005,431.80861987,350.72195663,223.86894348
2024-08-18T11:00,3600,0.0,0.43414190602999997,0.0,0.0,0.0,0.43414190602999997,532.48368705,434.14190603,277.96854073
2024-08-18T12:00,3600,0.0,0.22926484572,0.0,0.0,0.0,0.22926484572,285.56666404,229.26484572,147.3407978
2024-08-18T13:00,3600,0.0,0.32965865078,0.0,0.0,0.0,0.32965865078,406.41841652,329.65865078,211.930718
2024-08-18T14:00,3600,0.0,0.37518353280999994,0.0,0.0,0.0,0.37518353280999994,461.31032396,375.18353281,240.63542672
2024-08-18T15:00,3600,0.0,0.28380729412,0.0,0.0,0.0,0.28380729412,351.18975771,283.80729412,181.99578452
2024-08-18T16:00,3600,0.0,0.13984233624999998,0.0,0.0,0.0,0.13984233624999998,178.15091684,139.84233625,91.01098249
2024-08-18T17:00,3600,0.0,0.05018334303,0.0,0.0,0.0,0.05018334303,70.66638195,50.18334303,35.82347183
2024-08-18T18:00,3600,0.0,0.0023749689500000004,0.0,0.0,0.0,0.0023749689500000004,13.44066456,2.37496895,6.77741359
2024-08-18T19:00,3600,0.0,0.0,0.0,0.0,0.0,0.0,0.0,0.0,0.0
2024-08-18T20:00,3600,0.0,0.0,0.0,0.0,0.0,0.0,0.0,0.0,0.0
2024-08-18T21:00,3600,0.0,0.0,0.0,0.0,0.0,0.0,0.0,0.0,0.0
2024-08-18T22:00,3600,0.0,0.0,0.0,0.0,0.0,0.0,0.0,0.0,0.0
2024-08-18T23:00,3600,0.0,0.0,0.0,0.0,0.0,0.0,0.0,0.0,0.0
2024-08-19T00:00,3600,0.0,0.0,0.0,0.0,0.0,0.0,0.0,0.0,0.0
2024-08-19T01:00,3600,0.0,0.0,0.0,0.0,0.0,0.0,0.0,0.0,0.0
2024-08-19T02:00,3600,0.0,0.0,0.0,0.0,0.0,0.0,0.0,0.0,0.0
2024-08-19T03:00,3600,0.0,0.0,0.0,0.0,0.0,0.0,0.0,0.0,0.0
2024-08-19T04:00,3600,0.0,0.0,0.0,0.0,0.0,0.0,0.0,0.0,0.0
2024-08-19T05:00,3600,0.0,0.0,0.0,0.0,0.0,0.0,0.0,0.0,0.0
2024-08-19T06:00,3600,0.0,0.00880084564,0.0,0.0,0.0,0.00880084564,21.12878007,8.80084564,10.65022136
2024-08-19T07:00,3600,0.0,0.09925874695,0.0,0.0,0.0,0.09925874695,129.47207987,99.25874695,65.65203135
2024-08-19T08:00,3600,1.0870588235294116,0.1617485565,0.1617485565,0.9253102670294117,0.0,0.0,204.44513856,161.7485565,104.24609906
2024-08-19T09:00,3600,1.0870588235294116,0.32619013456,0.32619013456,0.7608686889694116,0.0,0.0,402.23854163,326.19013456,207.24469367
2024-08-19T10:00,3600,1.0870588235294116,0.41093524135000004,0.41093524135000004,0.6761235821794116,0.0,0.0,504.45774163,410.93524135,263.45984645
2024-08-19T11:00,3600,1.0870588235294116,0.38872314292,0.38872314292,0.6983356806094116,0.0,0.0,477.64667839,388.72314292,249.39828601
2024-08-19T12:00,3600,1.0870588235294116,0.48197196818,0.48197196818,0.6050868553494116,0.0,0.0,590.29301629,481.97196818,309.82315683
2024-08-19T13:00,3600,1.0116904972727023,0.54931931627,0.54931931627,0.46237118100270236,0.0,0.0,671.79820188,549.31931627,355.15550777
2024-08-19T14:00,3600,0.7519182382352941,0.56113218804,0.56113218804,0.19078605019529415,0.0,0.0,686.10726303,561.13218804,362.86310328
2024-08-19T15:00,3600,0.7201742882352942,0.40428883842,0.40428883842,0.31588544981529415,0.0,0.0,496.43380418,404.28883842,260.51260119
2024-08-19T16:00,3600,0.6168530647058822,0.19276713651000002,0.19276713651000002,0.4240859281958822,0.0,0.0,241.69905082,192.76713651,124.60798225
2024-08-19T17:00,3600,0.5911876264705883,0.09809969042,0.09809969042,0.4930879360505883,0.0,0.0,128.08247272,98.09969042,65.67034042
2024-08-19T18:00,3600,0.0,0.01190288639,0.0,0.0,0.0,0.01190288639,24.84054935,11.90288639,12.58662524
2024-08-19T19:00,3600,0.0,0.0,0.0,0.0,0.0,0.0,0.0,0.0,0.0
2024-08-19T20:00,3600,0.0,0.0,0.0,0.0,0.0,0.0,0.0,0.0,0.0
2024-08-19T21:00,3600,0.0,0.0,0.0,0.0,0.0,0.0,0.0,0.0,0.0
2024-08-19T22:00,3600,0.0,0.0,0.0,0.0,0.0,0.0,0.0,0.0,0.0
2024-08-19T23:00,3600,0.0,0.0,0.0,0.0,0.0,0.0,0.0,0.0,0.0
2024-08-20T00:00,3600,0.0,0.0,0.0,0.0,0.0,0.0,0.0,0.0,0.0
2024-08-20T01:00,3600,0.0,0.0,0.0,0.0,0.0,0.0,0.0,0.0,0.0
2024-08-20T02:00,3600,0.0,0.0,0.0,0.0,0.0,0.0,0.0,0.0,0.0
2024-08-20T03:00,3600,0.0,0.0,0.0,0.0,0.0,0.0,0.0,0.0,0.0
2024-08-20T04:00,3600,0.0,0.0,0.0,0.0,0.0,0.0,0.0,0.0,0.0
2024-08-20T05:00,3600,0.0,0.0,0.0,0.0,0.0,0.0,0.0,0.0,0.0
2024-08-20T06:00,3600,0.0,0.010369083170000001,0.0,0.0,0.0,0.010369083170000001,23.00523405,10.36908317,11.6184233
2024-08-20T07:00,3600,0.0,0.05187036182,0.0,0.0,0.0,0.05187036182,72.68682316,51.87036182,36.79167377
2024-08-20T08:00,3600,0.9084385311676875,0.08185710651,0.08185710651,0.8265814246576875,0.0,0.0,108.61281675,81.85710651,55.12106878
2024-08-20T09:00,3600,0.5513162235294118,0.20115665230000002,0.20115665230000002,0.35015957122941177,0.0,0.0,251.7794673,201.1566523,128.80357556
2024-08-20T10:00,3600,0.6467978911764707,0.36971387132000005,0.36971387132000005,0.27708401985647063,0.0,0.0,454.71226483,369.71387132,236.77920253
2024-08-20T11:00,3600,0.7046030470588234,0.53141092541,0.53141092541,0.17319212164882336,0.0,0.0,650.11290756,531.41092541,342.57378635
2024-08-20T12:00,3600,0.7173751235294118,0.52132552551,0.52132552551,0.1960495980194118,0.0,0.0,637.9043711,521.32552551,336.62413546
2024-08-20T13:00,3600,0.7666720676470588,0.5910015270200001,0.5910015270200001,0.17567054062705867,0.0,0.0,722.30550388,591.00152702,384.13385402
2024-08-20T14:00,3600,0.7346391323529412,0.47453032898999997,0.47453032898999997,0.26010880336294123,0.0,0.0,581.29463418,474.53032899,306.43443303
2024-08-20T15:00,3600,0.7113031176470588,0.36052843387000005,0.36052843387000005,0.3507746837770587,0.0,0.0,443.63369365,360.52843387,232.42624947
2024-08-20T16:00,3600,0.6167758382352941,0.25336745814,0.25336745814,0.36340838009529414,0.0,0.0,314.55596162,253.36745814,162.06322382
2024-08-20T17:00,3600,0.5596214147058823,0.09703764119,0.09703764119,0.4625837735158823,0.0,0.0,126.80920036,97.03764119,64.72548634
2024-08-20T18:00,3600,0.0,0.01832328801,0.0,0.0,0.0,0.01832328801,32.52374011,18.32328801,16.459433
2024-08-20T19:00,3600,0.0,0.0,0.0,0.0,0.0,0.0,0.0,0.0,0.0
2024-08-20T20:00,3600,0.0,0.0,0.0,0.0,0.0,0.0,0.0,0.0,0.0
2024-08-20T21:00,3600,0.0,0.0,0.0,0.0,0.0,0.0,0.0,0.0,0.0
2024-08-20T22:00,3600,0.0,0.0,0.0,0.0,0.0,0.0,0.0,0.0,0.0
2024-08-20T23:00,3600,0.0,0.0,0.0,0.0,0.0,0.0,0.0,0.0,0.0
2024-08-21T00:00,3600,0.0,0.0,0.0,0.0,0.0,0.0,0.0,0.0,0.0
2024-08-21T01:00,3600,0.0,0.0,0.0,0.0,0.0,0.0,0.0,0.0,0.0
2024-08-21T02:00,3600,0.0,0.0,0.0,0.0,0.0,0.0,0.0,0.0,0.0
2024-08-21T03:00,3600,0.0,0.0,0.0,0.0,0.0,0.0,0.0,0.0,0.0
2024-08-21T04:00,3600,0.0,0.0,0.0,0.0,0.0,0.0,0.0,0.0,0.0
2024-08-21T05:00,3600,0.0,0.0,0.0,0.0,0.0,0.0,0.0,0.0,0.0
2024-08-21T06:00,3600,0.0,0.01682033822,0.0,0.0,0.0,0.01682033822,30.72508613,16.82033822,15.49123106
2024-08-21T07:00,3600,0.0,0.1143592097,0.0,0.0,0.0,0.1143592097,147.57949463,114.3592097,74.92205654
2024-08-21T08:00,3600,0.8405271918398189,0.22328855460000002,0.22328855460000002,0.6172386372398189,0.0,0.0,278.38113523,223.2885546,142.47872012
2024-08-21T09:00,3600,0.6265368235294118,0.41565026625,0.41565026625,0.21088655727941175,0.0,0.0,510.15073479,415.65026625,264.7754582
2024-08-21T10:00,3600,0.6751434852941176,0.44624273189,0.44624273189,0.22890075340411759,0.0,0.0,547.10330871,446.24273189,286.15134519
2024-08-21T11:00,3600,0.7039633294117648,0.56597017979,0.56597017979,0.1379931496217648,0.0,0.0,691.96868665,565.97017979,364.13645153
2024-08-21T12:00,3600,0.6313236294117647,0.31192154104,0.31192154104,0.31940208837176465,0.0,0.0,385.04703481,311.92154104,199.42599038
2024-08-21T13:00,3600,0.6208677294117647,0.32992434102999996,0.32992434102999996,0.29094338838176476,0.0,0.0,406.7386107,329.92434103,210.36476315
2024-08-21T14:00,3600,0.5413015294117647,0.13233380424000002,0.13233380424000002,0.40896772517176466,0.0,0.0,169.14132451,132.33380424,86.16997278
2024-08-21T15:00,3600,0.539547844117647,0.15292295804,0.15292295804,0.386624886077647,0.0,0.0,193.8501489,152.92295804,98.7961796
2024-08-21T16:00,3600,0.5064926705882353,0.1202019211,0.1202019211,0.38629074948823533,0.0,0.0,154.58730146,120.2019211,78.36714331
2024-08-21T17:00,3600,0.5065698970588235,0.057272362029999996,0.057272362029999996,0.4492975350288235,0.0,0.0,79.15698531,57.27236203,40.07887582
2024-08-21T18:00,3600,0.0,0.00560798913,0.0,0.0,0.0,0.00560798913,17.30861167,5.60798913,8.71381747
2024-08-21T19:00,3600,0.0,0.0,0.0,0.0,0.0,0.0,0.0,0.0,0.0
2024-08-21T20:00,3600,0.0,0.0,0.0,0.0,0.0,0.0,0.0,0.0,0.0
2024-08-21T21:00,3600,0.0,0.0,0.0,0.0,0.0,0.0,0.0,0.0,0.0
2024-08-21T22:00,3600,0.0,0.0,0.0,0.0,0.0,0.0,0.0,0.0,0.0
2024-08-21T23:00,3600,0.0,0.0,0.0,0.0,0.0,0.0,0.0,0.0,0.0
2024-08-22T00:00,3600,0.0,0.0,0.0,0.0,0.0,0.0,0.0,0.0,0.0
2024-08-22T01:00,3600,0.0,0.0,0.0,0.0,0.0,0.0,0.0,0.0,0.0
2024-08-22T02:00,3600,0.0,0.0,0.0,0.0,0.0,0.0,0.0,0.0,0.0
2024-08-22T03:00,3600,0.0,0.0,0.0,0.0,0.0,0.0,0.0,0.0,0.0
2024-08-22T04:00,3600,0.0,0.0,0.0,0.0,0.0,0.0,0.0,0.0,0.0
2024-08-22T05:00,3600,0.0,0.0,0.0,0.0,0.0,0.0,0.0,0.0,0.0
2024-08-22T06:00,3600,0.0,0.0023672796699999994,0.0,0.0,0.0,0.0023672796699999994,13.43146553,2.36727967,6.77741359
2024-08-22T07:00,3600,0.0,0.07524977343000001,0.0,0.0,0.0,0.07524977343000001,100.69475743,75.24977343,51.02437951
2024-08-22T08:00,3600,0.6694446282977996,0.0898804996,0.0898804996,0.5795641286977996,0.0,0.0,118.22941411,89.8804996,59.97351571
2024-08-22T09:00,3600,0.5573492970588236,0.26606423979,0.26606423979,0.29128505726882364,0.0,0.0,329.83326377,266.06423979,168.91757251
2024-08-22T10:00,3600,0.6221471647058825,0.26320780497,0.26320780497,0.3589393597358825,0.0,0.0,326.3959012,263.20780497,168.6840299
2024-08-22T11:00,3600,0.6946876088235293,0.49485192042,0.49485192042,0.19983568840352933,0.0,0.0,605.87096339,494.85192042,317.65830476
2024-08-22T12:00,3600,0.7322868941176469,0.55549840476,0.55549840476,0.1767884893576469,0.0,0.0,679.28251948,555.49840476,358.28763999
2024-08-22T13:00,3600,0.6917426852941175,0.27472454045,0.27472454045,0.41701814484411753,0.0,0.0,340.25620289,274.72454045,177.68313149
2024-08-22T14:00,3600,0.685177505882353,0.33656910533000006,0.33656910533000006,0.348608400552353,0.0,0.0,414.74711163,336.56910533,216.41848052
2024-08-22T15:00,3600,0.698217794117647,0.3932675624,0.3932675624,0.30495023171764696,0.0,0.0,483.13091427,393.2675624,253.05880348
2024-08-22T16:00,3600,0.6184302676470588,0.2065545165,0.2065545165,0.41187575114705877,0.0,0.0,258.26626892,206.5545165,133.25997176
2024-08-22T17:00,3600,0.5879449794117647,0.08740200751,0.08740200751,0.5005429719017647,0.0,0.0,115.25858451,87.40200751,59.06031842
2024-08-22T18:00,3600,0.0,0.01513509272,0.0,0.0,0.0,0.01513509272,28.70834136,15.13509272,14.52302912
2024-08-22T19:00,3600,0.0,0.0,0.0,0.0,0.0,0.0,0.0,0.0,0.0
2024-08-22T20:00,3600,0.0,0.0,0.0,0.0,0.0,0.0,0.0,0.0,0.0
2024-08-22T21:00,3600,0.0,0.0,0.0,0.0,0.0,0.0,0.0,0.0,0.0
2024-08-22T22:00,3600,0.0,0.0,0.0,0.0,0.0,0.0,0.0,0.0,0.0
2024-08-22T23:00,3600,0.0,0.0,0.0,0.0,0.0,0.0,0.0,0.0,0.0
2024-08-23T00:00,3600,0.0,0.0,0.0,0.0,0.0,0.0,0.0,0.0,0.0
2024-08-23T01:00,3600,0.0,0.0,0.0,0.0,0.0,0.0,0.0,0.0,0.0
2024-08-23T02:00,3600,0.0,0.0,0.0,0.0,0.0,0.0,0.0,0.0,0.0
2024-08-23T03:00,3600,0.0,0.0,0.0,0.0,0.0,0.0,0.0,0.0,0.0
2024-08-23T04:00,3600,0.0,0.0,0.0,0.0,0.0,0.0,0.0,0.0,0.0
2024-08-23T05:00,3600,0.0,0.0,0.0,0.0,0.0,0.0,0.0,0.0,0.0
2024-08-23T06:00,3600,0.0,0.010421259930000001,0.0,0.0,0.0,0.010421259930000001,23.06766659,10.42125993,11.64542076
2024-08-23T07:00,3600,0.0,0.12339218112000001,0.0,0.0,0.0,0.12339218112000001,158.41411727,123.39218112,80.49216503
2024-08-23T08:00,3600,0.8548433546162666,0.22980746713,0.22980746713,0.6250358874862666,0.0,0.0,286.21912671,229.80746713,146.5026192
2024-08-23T09:00,3600,0.5847684205882353,0.34013394969000005,0.34013394969000005,0.24463447089823526,0.0,0.0,419.04408044,340.13394969,216.01526799
2024-08-23T10:00,3600,0.6857868823529413,0.44037182051000007,0.44037182051000007,0.2454150618429412,0.0,0.0,540.00986238,440.37182051,283.26730843
2024-08-23T11:00,3600,0.7233089411764706,0.56266508155,0.56266508155,0.16064385962647065,0.0,0.0,687.9643559,562.66508155,363.8940297
2024-08-23T12:00,3600,0.6877280647058823,0.43203912977,0.43203912977,0.25568893493588235,0.0,0.0,529.94362496,432.03912977,278.16414119
2024-08-23T13:00,3600,0.7091960411764706,0.40051344535999994,0.40051344535999994,0.3086825958164707,0.0,0.0,491.87645964,400.51344536,258.99687528
2024-08-23T14:00,3600,0.6920563352941176,0.34287700819999994,0.34287700819999994,0.34917932709411764,0.0,0.0,422.35072553,342.8770082,221.29348376
2024-08-23T15:00,3600,0.6800470676470588,0.31135425778000003,0.31135425778000003,0.36869280986705877,0.0,0.0,384.36365809,311.35425778,200.8951748
2024-08-23T16:00,3600,0.6534486529411764,0.31188761037,0.31188761037,0.34156104257117637,0.0,0.0,385.00616005,311.88761037,200.48991507
2024-08-23T17:00,3600,0.609342044117647,0.14019429987999998,0.14019429987999998,0.46914774423764705,0.0,0.0,178.57328,140.19429988,91.9880184
2024-08-23T18:00,3600,0.0,0.018271779200000005,0.0,0.0,0.0,0.018271779200000005,32.46209599,18.2717792,16.46738252
2024-08-23T19:00,3600,0.0,0.0,0.0,0.0,0.0,0.0,0.0,0.0,0.0
2024-08-23T20:00,3600,0.0,0.0,0.0,0.0,0.0,0.0,0.0,0.0,0.0
2024-08-23T21:00,3600,0.0,0.0,0.0,0.0,0.0,0.0,0.0,0.0,0.0
2024-08-23T22:00,3600,0.0,0.0,0.0,0.0,0.0,0.0,0.0,0.0,0.0
2024-08-23T23:00,3600,0.0,0.0,0.0,0.0,0.0,0.0,0.0,0.0,0.0
2024-08-24T00:00,3600,0.0,0.0,0.0,0.0,0.0,0.0,0.0,0.0,0.0
2024-08-24T01:00,3600,0.0,0.0,0.0,0.0,0.0,0.0,0.0,0.0,0.0
2024-08-24T02:00,3600,0.0,0.0,0.0,0.0,0.0,0.0,0.0,0.0,0.0
2024-08-24T03:00,3600,0.0,0.0,0.0,0.0,0.0,0.0,0.0,0.0,0.0
2024-08-24T04:00,3600,0.0,0.0,0.0,0.0,0.0,0.0,0.0,0.0,0.0
2024-08-24T05:00,3600,0.0,0.0,0.0,0.0,0.0,0.0,0.0,0.0,0.0
2024-08-24T06:00,3600,0.0,0.023782513640000003,0.0,0.0,0.0,0.023782513640000003,39.05756962,23.78251364,19.76362949
2024-08-24T07:00,3600,0.0,0.23703901935,0.0,0.0,0.0,0.23703901935,294.91529935,237.03901935,151.5280817
2024-08-24T08:00,3600,0.0,0.4750452753,0.0,0.0,0.0,0.4750452753,581.917255,475.0452753,304.50729055
2024-08-24T09:00,3600,0.0,0.7215664454699999,0.0,0.0,0.0,0.7215664454699999,880.82556906,721.56644547,469.47769777
2024-08-24T10:00,3600,0.0,0.9504889347800001,0.0,0.0,0.0,0.9504889347800001,1159.91295367,950.48893478,638.19101636
2024-08-24T11:00,3600,0.0,0.89446397458,0.0,0.0,0.0,0.89446397458,1091.47460467,894.46397458,597.50775218
2024-08-24T12:00,3600,0.0,0.86342792216,0.0,0.0,0.0,0.86342792216,1053.60009203,863.42792216,576.08389937
2024-08-24T13:00,3600,0.0,1.1494146988099998,0.0,0.0,0.0,1.1494146988099998,1403.63557588,1149.41469881,794.36768711
2024-08-24T14:00,3600,0.0,0.98674825213,0.0,0.0,0.0,0.98674825213,1204.25360484,986.74825213,673.25430036
2024-08-24T15:00,3600,0.0,0.8257893371599999,0.0,0.0,0.0,0.8257893371599999,1007.7046529,825.78933716,555.75633379
2024-08-24T16:00,3600,0.0,0.52451254396,0.0,0.0,0.0,0.52451254396,641.76200488,524.51254396,343.47645577
2024-08-24T17:00,3600,0.0,0.19072466128,0.0,0.0,0.0,0.19072466128,239.24520297,190.72466128,125.31996174
2024-08-24T18:00,3600,0.0,0.02279749655,0.0,0.0,0.0,0.02279749655,37.87860134,22.79749655,19.41173592
2024-08-24T19:00,3600,0.0,0.0,0.0,0.0,0.0,0.0,0.0,0.0,0.0
2024-08-24T20:00,3600,0.0,0.0,0.0,0.0,0.0,0.0,0.0,0.0,0.0
2024-08-24T21:00,3600,0.0,0.0,0.0,0.0,0.0,0.0,0.0,0.0,0.0
2024-08-24T22:00,3600,0.0,0.0,0.0,0.0,0.0,0.0,0.0,0.0,0.0
2024-08-24T23:00,3600,0.0,0.0,0.0,0.0,0.0,0.0,0.0,0.0,0.0
2024-08-25T00:00,3600,0.0,0.0,0.0,0.0,0.0,0.0,0.0,0.0,0.0
2024-08-25T01:00,3600,0.0,0.0,0.0,0.0,0.0,0.0,0.0,0.0,0.0
2024-08-25T02:00,3600,0.0,0.0,0.0,0.0,0.0,0.0,0.0,0.0,0.0
2024-08-25T03:00,3600,0.0,0.0,0.0,0.0,0.0,0.0,0.0,0.0,0.0
2024-08-25T04:00,3600,0.0,0.0,0.0,0.0,0.0,0.0,0.0,0.0,0.0
2024-08-25T05:00,3600,0.0,0.0,0.0,0.0,0.0,0.0,0.0,0.0,0.0
2024-08-25T06:00,3600,0.0,0.0287872566,0.0,0.0,0.0,0.0287872566,45.04815198,28.7872566,22.86637032
2024-08-25T07:00,3600,0.0,0.27643874789,0.0,0.0,0.0,0.27643874789,342.31954503,276.43874789,176.77308802
2024-08-25T08:00,3600,0.0,0.55694488471,0.0,0.0,0.0,0.55694488471,681.03469624,556.94488471,359.81307586
2024-08-25T09:00,3600,0.0,0.8269192293600001,0.0,0.0,0.0,0.8269192293600001,1009.08183183,826.91922936,544.581328
2024-08-25T10:00,3600,0.0,0.97644061467,0.0,0.0,0.0,0.97644061467,1191.64484553,976.44061467,658.51619405
2024-08-25T11:00,3600,0.0,1.1456595995299999,0.0,0.0,0.0,1.1456595995299999,1399.02436993,1145.65959953,782.67284442
2024-08-25T12:00,3600,0.0,0.99845584543,0.0,0.0,0.0,0.99845584543,1218.57851409,998.45584543,674.0294782
2024-08-25T13:00,3600,0.0,0.99470022176,0.0,0.0,0.0,0.99470022176,1213.9828695,994.70022176,674.1477093
2024-08-25T14:00,3600,0.0,0.88722452201,0.0,0.0,0.0,0.88722452201,1082.63758695,887.22452201,596.14167379
2024-08-25T15:00,3600,0.0,0.76311226119,0.0,0.0,0.0,0.76311226119,931.36625911,763.11226119,507.99147975
2024-08-25T16:00,3600,0.0,0.42703182146999996,0.0,0.0,0.0,0.42703182146999996,523.89550152,427.03182147,276.03446211
2024-08-25T17:00,3600,0.0,0.15067146997,0.0,0.0,0.0,0.15067146997,191.14760825,150.67146997,98.6262907
2024-08-25T18:00,3600,0.0,0.007160321,0.0,0.0,0.0,0.007160321,19.16590187,7.160321,9.69791844
2024-08-25T19:00,3600,0.0,0.0,0.0,0.0,0.0,0.0,0.0,0.0,0.0
2024-08-25T20:00,3600,0.0,0.0,0.0,0.0,0.0,0.0,0.0,0.0,0.0
2024-08-25T21:00,3600,0.0,0.0,0.0,0.0,0.0,0.0,0.0,0.0,0.0
2024-08-25T22:00,3600,0.0,0.0,0.0,0.0,0.0,0.0,0.0,0.0,0.0
2024-08-25T23:00,3600,0.0,0.0,0.0,0.0,0.0,0.0,0.0,0.0,0.0
2024-08-26T00:00,3600,0.0,0.0,0.0,0.0,0.0,0.0,0.0,0.0,0.0
2024-08-26T01:00,3600,0.0,0.0,0.0,0.0,0.0,0.0,0.0,0.0,0.0
2024-08-26T02:00,3600,0.0,0.0,0.0,0.0,0.0,0.0,0.0,0.0,0.0
2024-08-26T03:00,3600,0.0,0.0,0.0,0.0,0.0,0.0,0.0,0.0,0.0
2024-08-26T04:00,3600,0.0,0.0,0.0,0.0,0.0,0.0,0.0,0.0,0.0
2024-08-26T05:00,3600,0.0,0.0,0.0,0.0,0.0,0.0,0.0,0.0,0.0
2024-08-26T06:00,3600,0.0,0.023713768609999998,0.0,0.0,0.0,0.023713768609999998,38.97528775,23.71376861,19.69970445
2024-08-26T07:00,3600,0.0,0.23747709997000002,0.0,0.0,0.0,0.23747709997000002,295.44215063,237.47709997,151.44041128
2024-08-26T08:00,3600,1.0870588235294116,0.56496301673,0.56496301673,0.5220958067994116,0.0,0.0,690.74841444,564.96301673,362.82853592
2024-08-26T09:00,3600,1.0870588235294116,0.88626800239,0.88626800239,0.2007908211394116,0.0,0.0,1081.47009813,886.26800239,584.11770348
2024-08-26T10:00,3600,1.07008,1.0953483702,1.07008,0.0,0.0,0.025268370200000057,1337.281964,1095.3483702,747.88672788
2024-08-26T11:00,3600,1.0675952941176472,1.10208929715,1.0675952941176472,0.0,0.0,0.03449400303235284,1345.55028191,1102.08929715,752.96172675
2024-08-26T12:00,3600,1.0675952941176472,1.2896496807200002,1.0675952941176472,0.0,0.0,0.222054386602353,1576.13312636,1289.64968072,894.24496457
2024-08-26T13:00,3600,1.0477176470588236,0.9955978867499999,0.9955978867499999,0.052119760308823704,0.0,0.0,1215.08127888,995.59788675,674.85551794
2024-08-26T14:00,3600,1.0477176470588236,1.0425369615,1.0425369615,0.005180685558823672,0.0,0.0,1272.54927048,1042.5369615,709.19330148
2024-08-26T15:00,3600,1.0415058823529413,0.8598446418800001,0.8598446418800001,0.1816612404729412,0.0,0.0,1049.22902292,859.84464188,577.93773153
2024-08-26T16:00,3600,1.0415058823529413,0.57389815542,0.57389815542,0.4676077269329413,0.0,0.0,701.57514813,573.89815542,377.28102797
2024-08-26T17:00,3600,1.0551717647058825,0.22878582318000001,0.22878582318000001,0.8263859415258825,0.0,0.0,284.99068097,228.78582318,149.03370782
2024-08-26T18:00,3600,0.0,0.018227582309999997,0.0,0.0,0.0,0.018227582309999997,32.4092026,18.22758231,16.53097864
2024-08-26T19:00,3600,0.0,0.0,0.0,0.0,0.0,0.0,0.0,0.0,0.0
2024-08-26T20:00,3600,0.0,0.0,0.0,0.0,0.0,0.0,0.0,0.0,0.0
2024-08-26T21:00,3600,0.0,0.0,0.0,0.0,0.0,0.0,0.0,0.0,0.0
2024-08-26T22:00,3600,0.0,0.0,0.0,0.0,0.0,0.0,0.0,0.0,0.0
2024-08-26T23:00,3600,0.0,0.0,0.0,0.0,0.0,0.0,0.0,0.0,0.0
2024-08-27T00:00,3600,0.0,0.0,0.0,0.0,0.0,0.0,0.0,0.0,0.0
2024-08-27T01:00,3600,0.0,0.0,0.0,0.0,0.0,0.0,0.0,0.0,0.0
2024-08-27T02:00,3600,0.0,0.0,0.0,0.0,0.0,0.0,0.0,0.0,0.0
2024-08-27T03:00,3600,0.0,0.0,0.0,0.0,0.0,0.0,0.0,0.0,0.0
2024-08-27T04:00,3600,0.0,0.0,0.0,0.0,0.0,0.0,0.0,0.0,0.0
2024-08-27T05:00,3600,0.0,0.0,0.0,0.0,0.0,0.0,0.0,0.0,0.0
2024-08-27T06:00,3600,0.0,0.02468179765,0.0,0.0,0.0,0.02468179765,40.13394638,24.68179765,20.35835535
2024-08-27T07:00,3600,0.0,0.27269663334,0.0,0.0,0.0,0.27269663334,337.81537216,272.69663334,174.10461198
2024-08-27T08:00,3600,1.0870588235294116,0.62490709995,0.62490709995,0.4621517235794116,0.0,0.0,763.42509558,624.90709995,403.7930881
2024-08-27T09:00,3600,1.0870588235294116,0.9147017899700001,0.9147017899700001,0.17235703355941157,0.0,0.0,1116.18624899,914.70178997,604.60190817
2024-08-27T10:00,3600,1.0551717647058825,1.15274299853,1.0551717647058825,0.0,0.0,0.09757123382411748,1407.72301709,1152.74299853,786.53588646
2024-08-27T11:00,3600,1.052687058823529,1.2908059022899998,1.052687058823529,0.0,0.0,0.23811884346647072,1577.55771383,1290.80590229,889.79081553
2024-08-27T12:00,3600,1.051444705882353,1.3104343200400002,1.051444705882353,0.0,0.0,0.2589896141576471,1601.74792758,1310.43432004,905.44492592
2024-08-27T13:00,3600,1.0336242884250475,1.21855305965,1.0336242884250475,0.0,0.0,0.18492877122495255,1488.60898127,1218.55305965,842.40112018
2024-08-27T14:00,3600,1.0334136641538554,1.07468522678,1.0334136641538554,0.0,0.0,0.04127156262614462,1311.94497152,1074.68522678,734.64435525
2024-08-27T15:00,3600,1.033202614379085,0.86343930242,0.86343930242,0.1697633119590849,0.0,0.0,1053.61397482,863.43930242,580.84333883
2024-08-27T16:00,3600,1.0352941176470587,0.49740462677,0.49740462677,0.5378894908770586,0.0,0.0,608.95893223,497.40462677,325.8170221
2024-08-27T17:00,3600,1.03508685155744,0.2396876253,0.2396876253,0.7953992262574401,0.0,0.0,298.10068578,239.6876253,156.95003163
2024-08-27T18:00,3600,0.0,0.01803055129,0.0,0.0,0.0,0.01803055129,32.17340296,18.03055129,16.55482718
2024-08-27T19:00,3600,0.0,0.0,0.0,0.0,0.0,0.0,0.0,0.0,0.0
2024-08-27T20:00,3600,0.0,0.0,0.0,0.0,0.0,0.0,0.0,0.0,0.0
2024-08-27T21:00,3600,0.0,0.0,0.0,0.0,0.0,0.0,0.0,0.0,0.0
2024-08-27T22:00,3600,0.0,0.0,0.0,0.0,0.0,0.0,0.0,0.0,0.0
2024-08-27T23:00,3600,0.0,0.0,0.0,0.0,0.0,0.0,0.0,0.0,0.0
2024-08-28T00:00,3600,0.0,0.0,0.0,0.0,0.0,0.0,0.0,0.0,0.0
2024-08-28T01:00,3600,0.0,0.0,0.0,0.0,0.0,0.0,0.0,0.0,0.0
2024-08-28T02:00,3600,0.0,0.0,0.0,0.0,0.0,0.0,0.0,0.0,0.0
2024-08-28T03:00,3600,0.0,0.0,0.0,0.0,0.0,0.0,0.0,0.0,0.0
2024-08-28T04:00,3600,0.0,0.0,0.0,0.0,0.0,0.0,0.0,0.0,0.0
2024-08-28T05:00,3600,0.0,0.0,0.0,0.0,0.0,0.0,0.0,0.0,0.0
2024-08-28T06:00,3600,0.0,0.026260025509999996,0.0,0.0,0.0,0.026260025509999996,42.023021,26.26002551,21.40953539
2024-08-28T07:00,3600,0.0,0.27864425951,0.0,0.0,0.0,0.27864425951,344.97437284,278.64425951,178.87764003
2024-08-28T08:00,3600,1.0870588235294116,0.61235121812,0.61235121812,0.4747076054094116,0.0,0.0,748.19401433,612.35121812,397.4771612
2024-08-28T09:00,3600,1.0870588235294116,0.9253573260900001,0.9253573260900001,0.16170149743941153,0.0,0.0,1129.20198042,925.35732609,614.48501091
2024-08-28T10:00,3600,1.0415058823529413,1.02046124747,1.02046124747,0.02104463488294117,0.0,0.0,1245.51393131,1020.46124747,691.27400072
2024-08-28T11:00,3600,1.0390211764705881,1.1598082315,1.0390211764705881,0.0,0.0,0.1207870550294119,1416.40079252,1159.8082315,794.22634239
2024-08-28T12:00,3600,1.0402635294117646,1.2468613544,1.0402635294117646,0.0,0.0,0.20659782498823542,1523.44063541,1246.8613544,858.33533303
2024-08-28T13:00,3600,1.0415058823529413,1.12991558813,1.0415058823529413,0.0,0.0,0.08840970577705876,1379.69536747,1129.91558813,769.26537529
2024-08-28T14:00,3600,1.0477176470588236,0.95546385676,0.95546385676,0.09225379029882363,0.0,0.0,1165.99445903,955.46385676,640.49642289
2024-08-28T15:00,3600,1.0477176470588236,0.5625938662800001,0.5625938662800001,0.48512378077882357,0.0,0.0,687.87807753,562.59386628,368.23364656
2024-08-28T16:00,3600,1.0849882352941176,0.23525305769,0.23525305769,0.8497351776041175,0.0,0.0,292.76749215,235.25305769,151.80438623
2024-08-28T17:00,3600,1.0812611764705882,0.13076442076,0.13076442076,0.9504967557105881,0.0,0.0,167.25839032,130.76442076,86.37097388
2024-08-28T18:00,3600,0.0,0.01342047447,0.0,0.0,0.0,0.01342047447,26.65652353,13.42047447,13.57072621
2024-08-28T19:00,3600,0.0,0.0,0.0,0.0,0.0,0.0,0.0,0.0,0.0
2024-08-28T20:00,3600,0.0,0.0,0.0,0.0,0.0,0.0,0.0,0.0,0.0
2024-08-28T21:00,3600,0.0,0.0,0.0,0.0,0.0,0.0,0.0,0.0,0.0
2024-08-28T22:00,3600,0.0,0.0,0.0,0.0,0.0,0.0,0.0,0.0,0.0
2024-08-28T23:00,3600,0.0,0.0,0.0,0.0,0.0,0.0,0.0,0.0,0.0
2024-08-29T00:00,3600,0.0,0.0,0.0,0.0,0.0,0.0,0.0,0.0,0.0
2024-08-29T01:00,3600,0.0,0.0,0.0,0.0,0.0,0.0,0.0,0.0,0.0
2024-08-29T02:00,3600,0.0,0.0,0.0,0.0,0.0,0.0,0.0,0.0,0.0
2024-08-29T03:00,3600,0.0,0.0,0.0,0.0,0.0,0.0,0.0,0.0,0.0
2024-08-29T04:00,3600,0.0,0.0,0.0,0.0,0.0,0.0,0.0,0.0,0.0
2024-08-29T05:00,3600,0.0,0.0,0.0,0.0,0.0,0.0,0.0,0.0,0.0
2024-08-29T06:00,3600,0.0,0.026182301639999996,0.0,0.0,0.0,0.026182301639999996,41.92998713,26.18230164,21.29960724
2024-08-29T07:00,3600,0.0,0.24879258609,0.0,0.0,0.0,0.24879258609,309.05235073,248.79258609,159.10090084
2024-08-29T08:00,3600,1.0870588235294116,0.50275872417,0.50275872417,0.5843000993594116,0.0,0.0,615.43628144,502.75872417,322.41186583
2024-08-29T09:00,3600,1.0870588235294116,0.85359518575,0.85359518575,0.2334636377794116,0.0,0.0,1041.60648103,853.59518575,558.20881903
2024-08-29T10:00,3600,1.058898823529412,0.8645054471,0.8645054471,0.1943933764294119,0.0,0.0,1054.91458295,864.5054471,572.97101486
2024-08-29T11:00,3600,1.058898823529412,0.97794139374,0.97794139374,0.0809574297894119,0.0,0.0,1193.48047736,977.94139374,655.78021595
2024-08-29T12:00,3600,1.058898823529412,1.15247622409,1.058898823529412,0.0,0.0,0.09357740056058805,1407.39538317,1152.47622409,785.06361922
2024-08-29T13:00,3600,1.052687058823529,1.11055646553,1.052687058823529,0.0,0.0,0.057869406706470894,1355.93782545,1110.55646553,756.19297974
2024-08-29T14:00,3600,1.052687058823529,0.9776806236800001,0.9776806236800001,0.075006435143529,0.0,0.0,1193.16151988,977.68062368,659.7197957
2024-08-29T15:00,3600,1.052687058823529,0.63659842588,0.63659842588,0.41608863294352905,0.0,0.0,777.61134352,636.59842588,419.34475345
2024-08-29T16:00,3600,1.0812611764705882,0.39124142479,0.39124142479,0.6900197516805882,0.0,0.0,480.68568824,391.24142479,252.43837502
2024-08-29T17:00,3600,1.0870588235294116,0.12800121432,0.12800121432,0.9590576092094116,0.0,0.0,163.94327696,128.00121432,84.36232698
2024-08-29T18:00,3600,0.0,0.00560669774,0.0,0.0,0.0,0.00560669774,17.30706661,5.60669774,8.72176699
2024-08-29T19:00,3600,0.0,0.0,0.0,0.0,0.0,0.0,0.0,0.0,0.0
2024-08-29T20:00,3600,0.0,0.0,0.0,0.0,0.0,0.0,0.0,0.0,0.0
2024-08-29T21:00,3600,0.0,0.0,0.0,0.0,0.0,0.0,0.0,0.0,0.0
2024-08-29T22:00,3600,0.0,0.0,0.0,0.0,0.0,0.0,0.0,0.0,0.0
2024-08-29T23:00,3600,0.0,0.0,0.0,0.0,0.0,0.0,0.0,0.0,0.0
2024-08-30T00:00,3600,0.0,0.0,0.0,0.0,0.0,0.0,0.0,0.0,0.0
2024-08-30T01:00,3600,0.0,0.0,0.0,0.0,0.0,0.0,0.0,0.0,0.0
2024-08-30T02:00,3600,0.0,0.0,0.0,0.0,0.0,0.0,0.0,0.0,0.0
2024-08-30T03:00,3600,0.0,0.0,0.0,0.0,0.0,0.0,0.0,0.0,0.0
2024-08-30T04:00,3600,0.0,0.0,0.0,0.0,0.0,0.0,0.0,0.0,0.0
2024-08-30T05:00,3600,0.0,0.0,0.0,0.0,0.0,0.0,0.0,0.0,0.0
2024-08-30T06:00,3600,0.0,0.02445898951,0.0,0.0,0.0,0.02445898951,39.86725943,24.45898951,20.15739333
2024-08-30T07:00,3600,0.0,0.21404058844999999,0.0,0.0,0.0,0.21404058844999999,267.26384167,214.04058845,136.74061576
2024-08-30T08:00,3600,1.0870588235294116,0.5225193259300001,0.5225193259300001,0.5645394975994116,0.0,0.0,639.34933935,522.51932593,334.0898589
2024-08-30T09:00,3600,0.9283397572806719,0.6977234978599999,0.6977234978599999,0.230616259420672,0.0,0.0,851.84226059,697.72349786,450.69815649
2024-08-30T10:00,3600,0.868374732352941,0.88457164227,0.868374732352941,0.0,0.0,0.01619690991705891,1079.39965367,884.57164227,586.38164114
2024-08-30T11:00,3600,0.9734594441176471,1.19430923609,0.9734594441176471,0.0,0.0,0.220849791972353,1458.79681295,1194.30923609,811.78336934
2024-08-30T12:00,3600,0.9058619411764706,0.99607265649,0.9058619411764706,0.0,0.0,0.09021071531352942,1215.66223041,996.07265649,666.66777434
2024-08-30T13:00,3600,0.9400818382352942,0.99115228584,0.9400818382352942,0.0,0.0,0.051070447604705804,1209.64173454,991.15228584,667.6287255
2024-08-30T14:00,3600,0.9032423,0.8206041590300001,0.8206041590300001,0.08263814097,0.0,0.0,1001.38511342,820.60415903,547.91288777
2024-08-30T15:00,3600,0.8806134705882352,0.75707725357,0.75707725357,0.12353621701823525,0.0,0.0,924.021648,757.07725357,504.16002775
2024-08-30T16:00,3600,0.7955974617647059,0.42918758523000006,0.42918758523000006,0.36640987653470586,0.0,0.0,526.49927657,429.18758523,280.2643187
2024-08-30T17:00,3600,0.7072937705882354,0.17237488547000002,0.17237488547000002,0.5349188851182354,0.0,0.0,217.204652,172.37488547,113.50651599
2024-08-30T18:00,3600,0.0,0.011864466990000001,0.0,0.0,0.0,0.011864466990000001,24.79457677,11.86446699,12.63432233
2024-08-30T19:00,3600,0.0,0.0,0.0,0.0,0.0,0.0,0.0,0.0,0.0
2024-08-30T20:00,3600,0.0,0.0,0.0,0.0,0.0,0.0,0.0,0.0,0.0
2024-08-30T21:00,3600,0.0,0.0,0.0,0.0,0.0,0.0,0.0,0.0,0.0
2024-08-30T22:00,3600,0.0,0.0,0.0,0.0,0.0,0.0,0.0,0.0,0.0
2024-08-30T23:00,3600,0.0,0.0,0.0,0.0,0.0,0.0,0.0,0.0,0.0
2024-08-31T00:00,3600,0.0,0.0,0.0,0.0,0.0,0.0,0.0,0.0,0.0
2024-08-31T01:00,3600,0.0,0.0,0.0,0.0,0.0,0.0,0.0,0.0,0.0
2024-08-31T02:00,3600,0.0,0.0,0.0,0.0,0.0,0.0,0.0,0.0,0.0
2024-08-31T03:00,3600,0.0,0.0,0.0,0.0,0.0,0.0,0.0,0.0,0.0
2024-08-31T04:00,3600,0.0,0.0,0.0,0.0,0.0,0.0,0.0,0.0,0.0
2024-08-31T05:00,3600,0.0,0.0,0.0,0.0,0.0,0.0,0.0,0.0,0.0
2024-08-31T06:00,3600,0.0,0.01418024363,0.0,0.0,0.0,0.01418024363,27.56570047,14.18024363,13.99846149
2024-08-31T07:00,3600,0.0,0.14107754423,0.0,0.0,0.0,0.14107754423,179.63320492,141.07754423,91.9681189
2024-08-31T08:00,3600,0.0,0.42326966432,0.0,0.0,0.0,0.42326966432,519.35179638,423.26966432,270.64120759
2024-08-31T09:00,3600,0.0,0.6592756281800001,0.0,0.0,0.0,0.6592756281800001,805.1386578,659.27562818,426.53777935
2024-08-31T10:00,3600,0.0,0.9255002759800001,0.0,0.0,0.0,0.9255002759800001,1129.37661547,925.50027598,615.4772825
2024-08-31T11:00,3600,0.0,0.92710795764,0.0,0.0,0.0,0.92710795764,1131.34068305,927.10795764,616.76857668
2024-08-31T12:00,3600,0.0,0.74409942275,0.0,0.0,0.0,0.74409942275,908.23106277,744.09942275,489.84353933
2024-08-31T13:00,3600,0.0,0.76712884017,0.0,0.0,0.0,0.76712884017,936.25500499,767.12884017,506.38496739
2024-08-31T14:00,3600,0.0,0.72574108184,0.0,0.0,0.0,0.72574108184,885.90185646,725.74108184,478.87555895
2024-08-31T15:00,3600,0.0,0.53204957574,0.0,0.0,0.0,0.53204957574,650.88609817,532.04957574,345.67284246
2024-08-31T16:00,3600,0.0,0.42425180878999996,0.0,0.0,0.0,0.42425180878999996,520.53793356,424.25180879,272.00536046
2024-08-31T17:00,3600,0.0,0.16452094656000002,0.0,0.0,0.0,0.16452094656000002,207.77378014,164.52094656,106.97311148
2024-08-31T18:00,3600,0.0,0.01187481296,0.0,0.0,0.0,0.01187481296,24.80695674,11.87481296,12.62637281
2024-08-31T19:00,3600,0.0,0.0,0.0,0.0,0.0,0.0,0.0,0.0,0.0
2024-08-31T20:00,3600,0.0,0.0,0.0,0.0,0.0,0.0,0.0,0.0,0.0
2024-08-31T21:00,3600,0.0,0.0,0.0,0.0,0.0,0.0,0.0,0.0,0.0
2024-08-31T22:00,3600,0.0,0.0,0.0,0.0,0.0,0.0,0.0,0.0,0.0
2024-08-31T23:00,3600,0.0,0.0,0.0,0.0,0.0,0.0,0.0,0.0,0.0
2024-09-01T00:00,3600,0.0,0.0,0.0,0.0,0.0,0.0,0.0,0.0,0.0
2024-09-01T01:00,3600,0.0,0.0,0.0,0.0,0.0,0.0,0.0,0.0,0.0
2024-09-01T02:00,3600,0.0,0.0,0.0,0.0,0.0,0.0,0.0,0.0,0.0
2024-09-01T03:00,3600,0.0,0.0,0.0,0.0,0.0,0.0,0.0,0.0,0.0
2024-09-01T04:00,3600,0.0,0.0,0.0,0.0,0.0,0.0,0.0,0.0,0.0
2024-09-01T05:00,3600,0.0,0.0,0.0,0.0,0.0,0.0,0.0,0.0,0.0
2024-09-01T06:00,3600,0.0,0.02626348693,0.0,0.0,0.0,0.02626348693,42.02716425,26.26348693,21.31340855
2024-09-01T07:00,3600,0.0,0.23246493835999998,0.0,0.0,0.0,0.23246493835999998,289.41465678,232.46493836,148.6950902
2024-09-01T08:00,3600,0.0,0.5036721916100001,0.0,0.0,0.0,0.5036721916100001,616.54146655,503.67219161,322.38380639
2024-09-01T09:00,3600,0.0,0.71784361673,0.0,0.0,0.0,0.71784361673,876.29908222,717.84361673,465.59311554
2024-09-01T10:00,3600,0.0,0.97944190466,0.0,0.0,0.0,0.97944190466,1195.31584515,979.44190466,659.05678471
2024-09-01T11:00,3600,0.0,0.9913438772800001,0.0,0.0,0.0,0.9913438772800001,1209.87615025,991.34387728,670.44732597
2024-09-01T12:00,3600,0.0,1.0763607427300002,0.0,0.0,0.0,1.0763607427300002,1313.99902169,1076.36074273,735.19261547
2024-09-01T13:00,3600,0.0,0.99036325674,0.0,0.0,0.0,0.99036325674,1208.67635373,990.36325674,675.96321028
2024-09-01T14:00,3600,0.0,0.83511718021,0.0,0.0,0.0,0.83511718021,1019.07505011,835.11718021,561.71407802
2024-09-01T15:00,3600,0.0,0.64395774907,0.0,0.0,0.0,0.64395774907,786.54308587,643.95774907,426.40821364
2024-09-01T16:00,3600,0.0,0.45299245841999997,0.0,0.0,0.0,0.45299245841999997,555.25973718,452.99245842,296.52758213
2024-09-01T17:00,3600,0.0,0.18502083137,0.0,0.0,0.0,0.18502083137,232.3931655,185.02083137,121.81808283
2024-09-01T18:00,3600,0.0,0.011754669720000001,0.0,0.0,0.0,0.011754669720000001,24.6631938,11.75466972,12.63432233
2024-09-01T19:00,3600,0.0,0.0,0.0,0.0,0.0,0.0,0.0,0.0,0.0
2024-09-01T20:00,3600,0.0,0.0,0.0,0.0,0.0,0.0,0.0,0.0,0.0
2024-09-01T21:00,3600,0.0,0.0,0.0,0.0,0.0,0.0,0.0,0.0,0.0
2024-09-01T22:00,3600,0.0,0.0,0.0,0.0,0.0,0.0,0.0,0.0,0.0
2024-09-01T23:00,3600,0.0,0.0,0.0,0.0,0.0,0.0,0.0,0.0,0.0
2024-09-02T00:00,3600,0.0,0.0,0.0,0.0,0.0,0.0,0.0,0.0,0.0
2024-09-02T01:00,3600,0.0,0.0,0.0,0.0,0.0,0.0,0.0,0.0,0.0
2024-09-02T02:00,3600,0.0,0.0,0.0,0.0,0.0,0.0,0.0,0.0,0.0
2024-09-02T03:00,3600,0.0,0.0,0.0,0.0,0.0,0.0,0.0,0.0,0.0
2024-09-02T04:00,3600,0.0,0.0,0.0,0.0,0.0,0.0,0.0,0.0,0.0
2024-09-02T05:00,3600,0.0,0.0,0.0,0.0,0.0,0.0,0.0,0.0,0.0
2024-09-02T06:00,3600,0.0,0.02601329508,0.0,0.0,0.0,0.02601329508,41.72769033,26.01329508,21.25201971
2024-09-02T07:00,3600,0.0,0.28414553693,0.0,0.0,0.0,0.28414553693,351.5969677,284.14553693,182.32029398
2024-09-02T08:00,3600,1.0870588235294116,0.61495802729,0.61495802729,0.4721007962394116,0.0,0.0,751.35588006,614.95802729,399.68577782
2024-09-02T09:00,3600,1.0870588235294116,0.88142674184,0.88142674184,0.2056320816894116,0.0,0.0,1075.56144897,881.42674184,585.04728053
2024-09-02T10:00,3600,1.0464752941176472,1.02013673006,1.02013673006,0.02633856405764723,0.0,0.0,1245.11660998,1020.13673006,694.57524597
2024-09-02T11:00,3600,1.051444705882353,1.05311665892,1.051444705882353,0.0,0.0,0.0016719530376470004,1285.51077441,1053.11665892,720.34628101
2024-09-02T12:00,3600,1.04896,1.1618125826499999,1.04896,0.0,0.0,0.11285258264999998,1418.86287069,1161.81258265,800.67468885
2024-09-02T13:00,3600,1.0336242884250475,1.13726802311,1.0336242884250475,0.0,0.0,0.10364373468495258,1388.72110326,1137.26802311,786.8281479
2024-09-02T14:00,3600,1.0336242884250475,1.06390930192,1.0336242884250475,0.0,0.0,0.030285013494952606,1298.73645656,1063.90930192,730.99171369
2024-09-02T15:00,3600,1.0308526107072045,0.7650253478,0.7650253478,0.2658272629072045,0.0,0.0,933.69470035,765.0253478,515.03847136
2024-09-02T16:00,3600,1.0340442655935616,0.43622284189,0.43622284189,0.5978214237035615,0.0,0.0,534.99748599,436.22284189,286.0514859
2024-09-02T17:00,3600,1.0390211764705881,0.17687157772,0.17687157772,0.862149598750588,0.0,0.0,222.60494726,176.87157772,116.65982859
2024-09-02T18:00,3600,0.0,0.00861071911,0.0,0.0,0.0,0.00861071911,20.90129112,8.61071911,10.68996893
2024-09-02T19:00,3600,0.0,0.0,0.0,0.0,0.0,0.0,0.0,0.0,0.0
2024-09-02T20:00,3600,0.0,0.0,0.0,0.0,0.0,0.0,0.0,0.0,0.0
2024-09-02T21:00,3600,0.0,0.0,0.0,0.0,0.0,0.0,0.0,0.0,0.0
2024-09-02T22:00,3600,0.0,0.0,0.0,0.0,0.0,0.0,0.0,0.0,0.0
2024-09-02T23:00,3600,0.0,0.0,0.0,0.0,0.0,0.0,0.0,0.0,0.0
2024-09-03T00:00,3600,0.0,0.0,0.0,0.0,0.0,0.0,0.0,0.0,0.0
2024-09-03T01:00,3600,0.0,0.0,0.0,0.0,0.0,0.0,0.0,0.0,0.0
2024-09-03T02:00,3600,0.0,0.0,0.0,0.0,0.0,0.0,0.0,0.0,0.0
2024-09-03T03:00,3600,0.0,0.0,0.0,0.0,0.0,0.0,0.0,0.0,0.0
2024-09-03T04:00,3600,0.0,0.0,0.0,0.0,0.0,0.0,0.0,0.0,0.0
2024-09-03T05:00,3600,0.0,0.0,0.0,0.0,0.0,0.0,0.0,0.0,0.0
2024-09-03T06:00,3600,0.0,0.02635758376,0.0,0.0,0.0,0.02635758376,42.13979643,26.35758376,21.27894227
2024-09-03T07:00,3600,0.0,0.28602289492,0.0,0.0,0.0,0.28602289492,353.85717239,286.02289492,181.7379594
2024-09-03T08:00,3600,1.0710222128037585,0.54537498997,0.54537498997,0.5256472228337585,0.0,0.0,667.02125306,545.37498997,349.0796614
2024-09-03T09:00,3600,1.0870588235294116,0.9132012082400001,0.9132012082400001,0.17385761528941157,0.0,0.0,1114.35354714,913.20120824,598.89958671
2024-09-03T10:00,3600,1.0713223529411764,1.06723198353,1.06723198353,0.004090369411176464,0.0,0.0,1302.80885659,1067.23198353,721.90771659
2024-09-03T11:00,3600,1.07008,1.2680389590899999,1.07008,0.0,0.0,0.19795895908999994,1549.51356433,1268.03895909,876.2597383
2024-09-03T12:00,3600,1.065110588235294,1.2516650184299998,1.065110588235294,0.0,0.0,0.18655443019470574,1529.35355511,1251.66501843,866.38839104
2024-09-03T13:00,3600,1.0344625561067802,1.2051748048,1.0344625561067802,0.0,0.0,0.17071224869321977,1472.15589886,1205.1748048,841.83652589
2024-09-03T14:00,3600,1.0338344884781707,0.9775152369100001,0.9775152369100001,0.056319251568170636,0.0,0.0,1192.95923022,977.51523691,668.31006728
2024-09-03T15:00,3600,1.0338344884781707,0.7349327552800001,0.7349327552800001,0.2989017331981706,0.0,0.0,897.08049065,734.93275528,492.80886077
2024-09-03T16:00,3600,1.0336242884250475,0.5209078677600001,0.5209078677600001,0.5127164206650474,0.0,0.0,637.39885013,520.90786776,344.67833722
2024-09-03T17:00,3600,1.0325668991000656,0.18881347359,0.18881347359,0.8437534255100656,0.0,0.0,236.94918678,188.81347359,125.11311716
2024-09-03T18:00,3600,0.0,0.01172397124,0.0,0.0,0.0,0.01172397124,24.62646018,11.72397124,12.62637281
2024-09-03T19:00,3600,0.0,0.0,0.0,0.0,0.0,0.0,0.0,0.0,0.0
2024-09-03T20:00,3600,0.0,0.0,0.0,0.0,0.0,0.0,0.0,0.0,0.0
2024-09-03T21:00,3600,0.0,0.0,0.0,0.0,0.0,0.0,0.0,0.0,0.0
2024-09-03T22:00,3600,0.0,0.0,0.0,0.0,0.0,0.0,0.0,0.0,0.0
2024-09-03T23:00,3600,0.0,0.0,0.0,0.0,0.0,0.0,0.0,0.0,0.0
2024-09-04T00:00,3600,0.0,0.0,0.0,0.0,0.0,0.0,0.0,0.0,0.0
2024-09-04T01:00,3600,0.0,0.0,0.0,0.0,0.0,0.0,0.0,0.0,0.0
2024-09-04T02:00,3600,0.0,0.0,0.0,0.0,0.0,0.0,0.0,0.0,0.0
2024-09-04T03:00,3600,0.0,0.0,0.0,0.0,0.0,0.0,0.0,0.0,0.0
2024-09-04T04:00,3600,0.0,0.0,0.0,0.0,0.0,0.0,0.0,0.0,0.0
2024-09-04T05:00,3600,0.0,0.0,0.0,0.0,0.0,0.0,0.0,0.0,0.0
2024-09-04T06:00,3600,0.0,0.02128524229,0.0,0.0,0.0,0.02128524229,36.06863245,21.28524229,18.2281116
2024-09-04T07:00,3600,0.0,0.20319297033,0.0,0.0,0.0,0.20319297033,254.2264895,203.19297033,129.88443861
2024-09-04T08:00,3600,1.0870588235294116,0.40017922689,0.40017922689,0.6868795966394117,0.0,0.0,491.47303729,400.17922689,253.86555083
2024-09-04T09:00,3600,1.0870588235294116,0.75336403967,0.75336403967,0.33369478385941165,0.0,0.0,919.50316864,753.36403967,487.66953952
2024-09-04T10:00,3600,1.0787764705882352,0.9752347193900001,0.9752347193900001,0.10354175119823517,0.0,0.0,1190.16993809,975.23471939,653.55393712
2024-09-04T11:00,3600,1.072564705882353,1.20954106918,1.072564705882353,0.0,0.0,0.13697636329764684,1477.52512762,1209.54106918,829.63910089
2024-09-04T12:00,3600,1.0663529411764705,1.30379473198,1.0663529411764705,0.0,0.0,0.23744179080352956,1593.56399535,1303.79473198,901.58487378
2024-09-04T13:00,3600,1.0377788235294119,1.19421840384,1.0377788235294119,0.0,0.0,0.15643958031058824,1458.68515014,1194.21840384,824.67282298
2024-09-04T14:00,3600,1.0348791701049156,0.9592900457700001,0.9592900457700001,0.07558912433491549,0.0,0.0,1170.67219344,959.29004577,649.01531648
2024-09-04T15:00,3600,1.0365364705882352,0.64424482177,0.64424482177,0.3922916488182352,0.0,0.0,786.891526,644.24482177,425.81988944
2024-09-04T16:00,3600,1.0352941176470587,0.49892542179999994,0.49892542179999994,0.5363686958470588,0.0,0.0,610.79869923,498.9254218,327.09948001
2024-09-04T17:00,3600,1.04896,0.21687499789,0.21687499789,0.8320850021099999,0.0,0.0,270.67093631,216.87499789,141.72548778
2024-09-04T18:00,3600,0.0,0.01339338485,0.0,0.0,0.0,0.01339338485,26.62410704,13.39338485,13.60252427
2024-09-04T19:00,3600,0.0,0.0,0.0,0.0,0.0,0.0,0.0,0.0,0.0
2024-09-04T20:00,3600,0.0,0.0,0.0,0.0,0.0,0.0,0.0,0.0,0.0
2024-09-04T21:00,3600,0.0,0.0,0.0,0.0,0.0,0.0,0.0,0.0,0.0
2024-09-04T22:00,3600,0.0,0.0,0.0,0.0,0.0,0.0,0.0,0.0,0.0
2024-09-04T23:00,3600,0.0,0.0,0.0,0.0,0.0,0.0,0.0,0.0,0.0
2024-09-05T00:00,3600,0.0,0.0,0.0,0.0,0.0,0.0,0.0,0.0,0.0
2024-09-05T01:00,3600,0.0,0.0,0.0,0.0,0.0,0.0,0.0,0.0,0.0
2024-09-05T02:00,3600,0.0,0.0,0.0,0.0,0.0,0.0,0.0,0.0,0.0
2024-09-05T03:00,3600,0.0,0.0,0.0,0.0,0.0,0.0,0.0,0.0,0.0
2024-09-05T04:00,3600,0.0,0.0,0.0,0.0,0.0,0.0,0.0,0.0,0.0
2024-09-05T05:00,3600,0.0,0.0,0.0,0.0,0.0,0.0,0.0,0.0,0.0
2024-09-05T06:00,3600,0.0,0.02158239327,0.0,0.0,0.0,0.02158239327,36.42427818,21.58239327,18.53822843
2024-09-05T07:00,3600,0.0,0.24917109039,0.0,0.0,0.0,0.24917109039,309.50767323,249.17109039,159.89167358
2024-09-05T08:00,3600,1.0870588235294116,0.6054746270299999,0.6054746270299999,0.48158419649941175,0.0,0.0,739.85412328,605.47462703,391.03255471
2024-09-05T09:00,3600,1.0870588235294116,0.92150237604,0.92150237604,0.16555644748941167,0.0,0.0,1124.49279035,921.50237604,605.75681484
2024-09-05T10:00,3600,1.0452329411764707,1.01474933924,1.01474933924,0.030483601936470706,0.0,0.0,1238.52102221,1014.74933924,679.38584965
2024-09-05T11:00,3600,1.0464752941176472,1.2461256053499998,1.0464752941176472,0.0,0.0,0.19965031123235266,1522.53504715,1246.12560535,844.91989164
2024-09-05T12:00,3600,1.0415058823529413,1.06806190224,1.0415058823529413,0.0,0.0,0.02655601988705869,1303.82608454,1068.06190224,716.03263596
2024-09-05T13:00,3600,1.0323541343515097,1.13734329905,1.0323541343515097,0.0,0.0,0.1049891646984904,1388.81351887,1137.34329905,772.48802619
2024-09-05T14:00,3600,1.032991137810028,0.88627640385,0.88627640385,0.1467147339600281,0.0,0.0,1081.4803525,886.27640385,592.12024215
2024-09-05T15:00,3600,1.0338344884781707,0.8097907456499999,0.8097907456499999,0.22404374282817086,0.0,0.0,988.20847902,809.79074565,537.63264158
2024-09-05T16:00,3600,1.0415058823529413,0.47413228614,0.47413228614,0.5673735962129413,0.0,0.0,580.81336614,474.13228614,308.61877269
2024-09-05T17:00,3600,1.0402635294117646,0.18650876781,0.18650876781,0.8537547616017646,0.0,0.0,234.18054611,186.50876781,122.50079086
2024-09-05T18:00,3600,0.0,0.00704507744,0.0,0.0,0.0,0.00704507744,19.0280163,7.04507744,9.71381747
2024-09-05T19:00,3600,0.0,0.0,0.0,0.0,0.0,0.0,0.0,0.0,0.0
2024-09-05T20:00,3600,0.0,0.0,0.0,0.0,0.0,0.0,0.0,0.0,0.0
2024-09-05T21:00,3600,0.0,0.0,0.0,0.0,0.0,0.0,0.0,0.0,0.0
2024-09-05T22:00,3600,0.0,0.0,0.0,0.0,0.0,0.0,0.0,0.0,0.0
2024-09-05T23:00,3600,0.0,0.0,0.0,0.0,0.0,0.0,0.0,0.0,0.0
2024-09-06T00:00,3600,0.0,0.0,0.0,0.0,0.0,0.0,0.0,0.0,0.0
2024-09-06T01:00,3600,0.0,0.0,0.0,0.0,0.0,0.0,0.0,0.0,0.0
2024-09-06T02:00,3600,0.0,0.0,0.0,0.0,0.0,0.0,0.0,0.0,0.0
2024-09-06T03:00,3600,0.0,0.0,0.0,0.0,0.0,0.0,0.0,0.0,0.0
2024-09-06T04:00,3600,0.0,0.0,0.0,0.0,0.0,0.0,0.0,0.0,0.0
2024-09-06T05:00,3600,0.0,0.0,0.0,0.0,0.0,0.0,0.0,0.0,0.0
2024-09-06T06:00,3600,0.0,0.0,0.0,0.0,0.0,0.0,7.66180074,0.0,3.87280777
2024-09-06T07:00,3600,0.0,0.011946614789999999,0.0,0.0,0.0,0.011946614789999999,24.89287471,11.94661479,12.58662524
2024-09-06T08:00,3600,1.0870588235294116,0.12652208546,0.12652208546,0.9605367380694116,0.0,0.0,162.16879952,126.52208546,82.38421976
2024-09-06T09:00,3600,1.0870588235294116,0.15680468871,0.15680468871,0.9302541348194117,0.0,0.0,198.50984682,156.80468871,100.98549405
2024-09-06T10:00,3600,1.0870588235294116,0.1879833444,0.1879833444,0.8990754791294117,0.0,0.0,235.95193698,187.9833444,120.56647291
2024-09-06T11:00,3600,0.6028314497999719,0.21343890762,0.21343890762,0.38939254217997193,0.0,0.0,266.54062062,213.43890762,136.27293574
2024-09-06T12:00,3600,0.5682574176470588,0.20622486991,0.20622486991,0.36203254773705884,0.0,0.0,257.87009862,206.22486991,131.709502
2024-09-06T13:00,3600,0.5773456411764706,0.27199471333,0.27199471333,0.30535092784647055,0.0,0.0,336.97055271,271.99471333,172.33994557
2024-09-06T14:00,3600,0.645617711764706,0.46992345962000004,0.46992345962000004,0.1756942521447059,0.0,0.0,575.72479872,469.92345962,297.92782735
2024-09-06T15:00,3600,0.5738052264705882,0.18220011251999998,0.18220011251999998,0.39160511395058817,0.0,0.0,229.0049462,182.20011252,117.06536967
2024-09-06T16:00,3600,0.5460331382352942,0.17541936375,0.17541936375,0.3706137744852942,0.0,0.0,220.86085383,175.41936375,112.45043479
2024-09-06T17:00,3600,0.5045294588235295,0.042252737000000005,0.042252737000000005,0.4622767218235295,0.0,0.0,61.16938716,42.252737,30.949163
2024-09-06T18:00,3600,0.0,0.0,0.0,0.0,0.0,0.0,9.62392307,0.0,4.84100971
2024-09-06T19:00,3600,0.0,0.0,0.0,0.0,0.0,0.0,0.0,0.0,0.0
2024-09-06T20:00,3600,0.0,0.0,0.0,0.0,0.0,0.0,0.0,0.0,0.0
2024-09-06T21:00,3600,0.0,0.0,0.0,0.0,0.0,0.0,0.0,0.0,0.0
2024-09-06T22:00,3600,0.0,0.0,0.0,0.0,0.0,0.0,0.0,0.0,0.0
2024-09-06T23:00,3600,0.0,0.0,0.0,0.0,0.0,0.0,0.0,0.0,0.0
2024-09-07T00:00,3600,0.0,0.0,0.0,0.0,0.0,0.0,0.0,0.0,0.0
2024-09-07T01:00,3600,0.0,0.0,0.0,0.0,0.0,0.0,0.0,0.0,0.0
2024-09-07T02:00,3600,0.0,0.0,0.0,0.0,0.0,0.0,0.0,0.0,0.0
2024-09-07T03:00,3600,0.0,0.0,0.0,0.0,0.0,0.0,0.0,0.0,0.0
2024-09-07T04:00,3600,0.0,0.0,0.0,0.0,0.0,0.0,0.0,0.0,0.0
2024-09-07T05:00,3600,0.0,0.0,0.0,0.0,0.0,0.0,0.0,0.0,0.0
2024-09-07T06:00,3600,0.0,0.01072098126,0.0,0.0,0.0,0.01072098126,23.42630206,10.72098126,11.81942106
2024-09-07T07:00,3600,0.0,0.12411740931,0.0,0.0,0.0,0.12411740931,159.28408901,124.11740931,80.82526175
2024-09-07T08:00,3600,0.0,0.29393647773,0.0,0.0,0.0,0.29393647773,363.38560911,293.93647773,186.07287074
2024-09-07T09:00,3600,0.0,0.36836141991000004,0.0,0.0,0.0,0.36836141991000004,453.08092674,368.36141991,233.3219135
2024-09-07T10:00,3600,0.0,0.50981551328,0.0,0.0,0.0,0.50981551328,623.97473852,509.81551328,325.11506153
2024-09-07T11:00,3600,0.0,0.62346791149,0.0,0.0,0.0,0.62346791149,761.67904705,623.46791149,399.42172359
2024-09-07T12:00,3600,0.0,0.88792328991,0.0,0.0,0.0,0.88792328991,1083.49049086,887.92328991,576.10295943
2024-09-07T13:00,3600,0.0,0.6922493427299999,0.0,0.0,0.0,0.6922493427299999,845.19015441,692.24934273,447.37216846
2024-09-07T14:00,3600,0.0,0.44251069574,0.0,0.0,0.0,0.44251069574,542.59401913,442.51069574,283.3920048
2024-09-07T15:00,3600,0.0,0.3883295188,0.0,0.0,0.0,0.3883295188,477.17167667,388.3295188,248.8467945
2024-09-07T16:00,3600,0.0,0.2425304171,0.0,0.0,0.0,0.2425304171,301.51982349,242.5304171,155.84350576
2024-09-07T17:00,3600,0.0,0.09161609087,0.0,0.0,0.0,0.09161609087,120.30986785,91.61609087,61.68147595
2024-09-07T18:00,3600,0.0,0.00715085401,0.0,0.0,0.0,0.00715085401,19.15457488,7.15085401,9.69791844
2024-09-07T19:00,3600,0.0,0.0,0.0,0.0,0.0,0.0,0.0,0.0,0.0
2024-09-07T20:00,3600,0.0,0.0,0.0,0.0,0.0,0.0,0.0,0.0,0.0
2024-09-07T21:00,3600,0.0,0.0,0.0,0.0,0.0,0.0,0.0,0.0,0.0
2024-09-07T22:00,3600,0.0,0.0,0.0,0.0,0.0,0.0,0.0,0.0,0.0
2024-09-07T23:00,3600,0.0,0.0,0.0,0.0,0.0,0.0,0.0,0.0,0.0
2024-09-08T00:00,3600,0.0,0.0,0.0,0.0,0.0,0.0,0.0,0.0,0.0
2024-09-08T01:00,3600,0.0,0.0,0.0,0.0,0.0,0.0,0.0,0.0,0.0
2024-09-08T02:00,3600,0.0,0.0,0.0,0.0,0.0,0.0,0.0,0.0,0.0
2024-09-08T03:00,3600,0.0,0.0,0.0,0.0,0.0,0.0,0.0,0.0,0.0
2024-09-08T04:00,3600,0.0,0.0,0.0,0.0,0.0,0.0,0.0,0.0,0.0
2024-09-08T05:00,3600,0.0,0.0,0.0,0.0,0.0,0.0,0.0,0.0,0.0
2024-09-08T06:00,3600,0.0,0.01194155006,0.0,0.0,0.0,0.01194155006,24.88681425,11.94155006,12.58662524
2024-09-08T07:00,3600,0.0,0.13079141446,0.0,0.0,0.0,0.13079141446,167.29077659,130.79141446,85.05296025
2024-09-08T08:00,3600,0.0,0.28109439641,0.0,0.0,0.0,0.28109439641,347.92381642,281.09439641,178.50301862
2024-09-08T09:00,3600,0.0,0.5777723323599999,0.0,0.0,0.0,0.5777723323599999,706.27018479,577.77233236,368.83064095
2024-09-08T10:00,3600,0.0,0.86392181316,0.0,0.0,0.0,0.86392181316,1054.20259396,863.92181316,566.58310361
2024-09-08T11:00,3600,0.0,0.9654487040799999,0.0,0.0,0.0,0.9654487040799999,1178.20237667,965.44870408,637.59746019
2024-09-08T12:00,3600,0.0,1.03006664753,0.0,0.0,0.0,1.03006664753,1257.27561499,1030.06664753,683.18576369
2024-09-08T13:00,3600,0.0,0.8389162393,0.0,0.0,0.0,0.8389162393,1023.70670495,838.9162393,551.75797502
2024-09-08T14:00,3600,0.0,0.44175183367,0.0,0.0,0.0,0.44175183367,541.6771591,441.75183367,284.94886125
2024-09-08T15:00,3600,0.0,0.40145294497999995,0.0,0.0,0.0,0.40145294497999995,493.01051009,401.45294498,258.46298129
2024-09-08T16:00,3600,0.0,0.21730699391,0.0,0.0,0.0,0.21730699391,271.19023504,217.30699391,139.30780972
2024-09-08T17:00,3600,0.0,0.06888776294999999,0.0,0.0,0.0,0.06888776294999999,93.071788,68.88776295,47.35818945
2024-09-08T18:00,3600,0.0,0.0,0.0,0.0,0.0,0.0,7.69365114,0.0,3.87280777
2024-09-08T19:00,3600,0.0,0.0,0.0,0.0,0.0,0.0,0.0,0.0,0.0
2024-09-08T20:00,3600,0.0,0.0,0.0,0.0,0.0,0.0,0.0,0.0,0.0
2024-09-08T21:00,3600,0.0,0.0,0.0,0.0,0.0,0.0,0.0,0.0,0.0
2024-09-08T22:00,3600,0.0,0.0,0.0,0.0,0.0,0.0,0.0,0.0,0.0
2024-09-08T23:00,3600,0.0,0.0,0.0,0.0,0.0,0.0,0.0,0.0,0.0
2024-09-09T00:00,3600,0.0,0.0,0.0,0.0,0.0,0.0,0.0,0.0,0.0
2024-09-09T01:00,3600,0.0,0.0,0.0,0.0,0.0,0.0,0.0,0.0,0.0
2024-09-09T02:00,3600,0.0,0.0,0.0,0.0,0.0,0.0,0.0,0.0,0.0
2024-09-09T03:00,3600,0.0,0.0,0.0,0.0,0.0,0.0,0.0,0.0,0.0
2024-09-09T04:00,3600,0.0,0.0,0.0,0.0,0.0,0.0,0.0,0.0,0.0
2024-09-09T05:00,3600,0.0,0.0,0.0,0.0,0.0,0.0,0.0,0.0,0.0
2024-09-09T06:00,3600,0.0,0.0211729393,0.0,0.0,0.0,0.0211729393,35.93422301,21.1729393,18.11385789
2024-09-09T07:00,3600,0.0,0.17517003747,0.0,0.0,0.0,0.17517003747,220.56142134,175.17003747,112.28832835
2024-09-09T08:00,3600,1.0870588235294116,0.34443722704,0.34443722704,0.7426215964894116,0.0,0.0,424.23159693,344.43722704,218.80815164
2024-09-09T09:00,3600,1.0870588235294116,0.56633281237,0.56633281237,0.5207260111594116,0.0,0.0,692.40805678,566.33281237,362.732082
2024-09-09T10:00,3600,1.086230588235294,0.53083109012,0.53083109012,0.5553994981152941,0.0,0.0,649.41093188,530.83109012,343.48775718
2024-09-09T11:00,3600,1.0870588235294116,1.02173887515,1.02173887515,0.06531994837941157,0.0,0.0,1247.07821773,1021.73887515,684.01969873
2024-09-09T12:00,3600,1.0787764705882352,1.1773639751400002,1.0787764705882352,0.0,0.0,0.09858750455176502,1437.96961076,1177.36397514,800.72425215
2024-09-09T13:00,3600,1.0750494117647058,0.99730255502,0.99730255502,0.07774685674470583,0.0,0.0,1217.16722437,997.30255502,668.33390096
2024-09-09T14:00,3600,1.072564705882353,0.7204360789800001,0.7204360789800001,0.352128626902353,0.0,0.0,879.45114613,720.43607898,473.13139663
2024-09-09T15:00,3600,1.072564705882353,0.47770851420999993,0.47770851420999993,0.5948561916723532,0.0,0.0,585.13748938,477.70851421,309.36994384
2024-09-09T16:00,3600,1.0870588235294116,0.28531346872,0.28531346872,0.8017453548094116,0.0,0.0,353.00306279,285.31346872,183.20772786
2024-09-09T17:00,3600,1.0870588235294116,0.11224311917,0.11224311917,0.9748157043594117,0.0,0.0,145.04165981,112.24311917,74.23729722
2024-09-09T18:00,3600,0.0,0.005605302289999999,0.0,0.0,0.0,0.005605302289999999,17.30539705,5.60530229,8.72176699
2024-09-09T19:00,3600,0.0,0.0,0.0,0.0,0.0,0.0,0.0,0.0,0.0
2024-09-09T20:00,3600,0.0,0.0,0.0,0.0,0.0,0.0,0.0,0.0,0.0
2024-09-09T21:00,3600,0.0,0.0,0.0,0.0,0.0,0.0,0.0,0.0,0.0
2024-09-09T22:00,3600,0.0,0.0,0.0,0.0,0.0,0.0,0.0,0.0,0.0
2024-09-09T23:00,3600,0.0,0.0,0.0,0.0,0.0,0.0,0.0,0.0,0.0
2024-09-10T00:00,3600,0.0,0.0,0.0,0.0,0.0,0.0,0.0,0.0,0.0
2024-09-10T01:00,3600,0.0,0.0,0.0,0.0,0.0,0.0,0.0,0.0,0.0
2024-09-10T02:00,3600,0.0,0.0,0.0,0.0,0.0,0.0,0.0,0.0,0.0
2024-09-10T03:00,3600,0.0,0.0,0.0,0.0,0.0,0.0,0.0,0.0,0.0
2024-09-10T04:00,3600,0.0,0.0,0.0,0.0,0.0,0.0,0.0,0.0,0.0
2024-09-10T05:00,3600,0.0,0.0,0.0,0.0,0.0,0.0,0.0,0.0,0.0
2024-09-10T06:00,3600,0.0,0.02401481631,0.0,0.0,0.0,0.02401481631,39.33561675,24.01481631,19.85344336
2024-09-10T07:00,3600,0.0,0.23834890322000002,0.0,0.0,0.0,0.23834890322000002,296.49062753,238.34890322,151.64240844
2024-09-10T08:00,3600,1.0870588235294116,0.5165460674500001,0.5165460674500001,0.5705127560794115,0.0,0.0,632.11973893,516.54606745,329.53158048
2024-09-10T09:00,3600,1.0870588235294116,0.8330306215,0.8330306215,0.2540282020294117,0.0,0.0,1016.53137715,833.0306215,542.46571349
2024-09-10T10:00,3600,1.0787764705882352,1.07089682918,1.07089682918,0.00787964140823516,0.0,0.0,1307.30099125,1070.89682918,722.66787612
2024-09-10T11:00,3600,1.0268020101269244,1.1577596317299998,1.0268020101269244,0.0,0.0,0.13095762160307545,1413.88448022,1157.75963173,788.55224334
2024-09-10T12:00,3600,0.9619482617647059,1.19306524625,0.9619482617647059,0.0,0.0,0.23111698448529405,1457.2675596,1193.06524625,815.75697199
2024-09-10T13:00,3600,0.9401515382352941,1.01906842382,0.9401515382352941,0.0,0.0,0.078916885584706,1243.80865559,1019.06842382,690.62344565
2024-09-10T14:00,3600,0.8873427147058823,0.8529627793800001,0.8529627793800001,0.03437993532588224,0.0,0.0,1040.83518813,852.96277938,571.20969209
2024-09-10T15:00,3600,0.8289053676470588,0.6473369422299999,0.6473369422299999,0.18156842541705887,0.0,0.0,790.64479288,647.33694223,427.10865855
2024-09-10T16:00,3600,0.7549619705882353,0.43675177213,0.43675177213,0.31821019845823534,0.0,0.0,535.63645982,436.75177213,284.3483889
2024-09-10T17:00,3600,0.6373945705882351,0.16209816536,0.16209816536,0.47529640522823513,0.0,0.0,204.86488146,162.09816536,105.97487791
2024-09-10T18:00,3600,0.0,0.00553501012,0.0,0.0,0.0,0.00553501012,17.22129738,5.53501012,8.72176699
2024-09-10T19:00,3600,0.0,0.0,0.0,0.0,0.0,0.0,0.0,0.0,0.0
2024-09-10T20:00,3600,0.0,0.0,0.0,0.0,0.0,0.0,0.0,0.0,0.0
2024-09-10T21:00,3600,0.0,0.0,0.0,0.0,0.0,0.0,0.0,0.0,0.0
2024-09-10T22:00,3600,0.0,0.0,0.0,0.0,0.0,0.0,0.0,0.0,0.0
2024-09-10T23:00,3600,0.0,0.0,0.0,0.0,0.0,0.0,0.0,0.0,0.0
2024-09-11T00:00,3600,0.0,0.0,0.0,0.0,0.0,0.0,0.0,0.0,0.0
2024-09-11T01:00,3600,0.0,0.0,0.0,0.0,0.0,0.0,0.0,0.0,0.0
2024-09-11T02:00,3600,0.0,0.0,0.0,0.0,0.0,0.0,0.0,0.0,0.0
2024-09-11T03:00,3600,0.0,0.0,0.0,0.0,0.0,0.0,0.0,0.0,0.0
2024-09-11T04:00,3600,0.0,0.0,0.0,0.0,0.0,0.0,0.0,0.0,0.0
2024-09-11T05:00,3600,0.0,0.0,0.0,0.0,0.0,0.0,0.0,0.0,0.0
2024-09-11T06:00,3600,0.0,0.02649353687,0.0,0.0,0.0,0.02649353687,42.30253023,26.49353687,21.36340908
2024-09-11T07:00,3600,0.0,0.22746477046000002,0.0,0.0,0.0,0.22746477046000002,283.4022617,227.46477046,144.98755949
2024-09-11T08:00,3600,1.0038175126709075,0.50931914801,0.50931914801,0.49449836466090746,0.0,0.0,623.37410991,509.31914801,326.05577259
2024-09-11T09:00,3600,0.7585588823529412,0.8681465302200001,0.7585588823529412,0.0,0.0,0.10958764786705888,1059.35664398,868.14653022,570.93904079
2024-09-11T10:00,3600,0.9367244558823529,1.06501240678,0.9367244558823529,0.0,0.0,0.1282879508976471,1300.08842722,1065.01240678,725.16637842
2024-09-11T11:00,3600,0.9649121088235295,1.1368773699,0.9649121088235295,0.0,0.0,0.1719652610764706,1388.24150437,1136.8773699,779.11901838
2024-09-11T12:00,3600,0.9547209323529413,1.1072946321600001,0.9547209323529413,0.0,0.0,0.15257369980705882,1351.9359568,1107.29463216,756.14727677
2024-09-11T13:00,3600,0.9921137764705882,1.0974054928900001,0.9921137764705882,0.0,0.0,0.10529171641941193,1339.80506127,1097.40549289,754.07382526
2024-09-11T14:00,3600,0.9466470176470588,0.94637280205,0.94637280205,0.0002742155970588689,0.0,0.0,1154.88179035,946.37280205,643.23009777
2024-09-11T15:00,3600,0.8826159970588234,0.72055189333,0.72055189333,0.1620641037288234,0.0,0.0,879.59196421,720.55189333,480.64595298
2024-09-11T16:00,3600,0.7883947970588235,0.46832653646,0.46832653646,0.32006826059882354,0.0,0.0,573.79420926,468.32653646,306.18288347
2024-09-11T17:00,3600,0.697241994117647,0.17796634159000002,0.17796634159000002,0.519275652527647,0.0,0.0,223.91978442,177.96634159,117.006378
2024-09-11T18:00,3600,0.0,0.00225960454,0.0,0.0,0.0,0.00225960454,13.30264908,2.25960454,6.80126213
2024-09-11T19:00,3600,0.0,0.0,0.0,0.0,0.0,0.0,0.0,0.0,0.0
2024-09-11T20:00,3600,0.0,0.0,0.0,0.0,0.0,0.0,0.0,0.0,0.0
2024-09-11T21:00,3600,0.0,0.0,0.0,0.0,0.0,0.0,0.0,0.0,0.0
2024-09-11T22:00,3600,0.0,0.0,0.0,0.0,0.0,0.0,0.0,0.0,0.0
2024-09-11T23:00,3600,0.0,0.0,0.0,0.0,0.0,0.0,0.0,0.0,0.0
2024-09-12T00:00,3600,0.0,0.0,0.0,0.0,0.0,0.0,0.0,0.0,0.0
2024-09-12T01:00,3600,0.0,0.0,0.0,0.0,0.0,0.0,0.0,0.0,0.0
2024-09-12T02:00,3600,0.0,0.0,0.0,0.0,0.0,0.0,0.0,0.0,0.0
2024-09-12T03:00,3600,0.0,0.0,0.0,0.0,0.0,0.0,0.0,0.0,0.0
2024-09-12T04:00,3600,0.0,0.0,0.0,0.0,0.0,0.0,0.0,0.0,0.0
2024-09-12T05:00,3600,0.0,0.0,0.0,0.0,0.0,0.0,0.0,0.0,0.0
2024-09-12T06:00,3600,0.0,0.02011665685,0.0,0.0,0.0,0.02011665685,34.67003148,20.11665685,17.55098072
2024-09-12T07:00,3600,0.0,0.22466840894,0.0,0.0,0.0,0.22466840894,280.0401026,224.66840894,143.71547129
2024-09-12T08:00,3600,1.0870588235294116,0.5277403456099999,0.5277403456099999,0.5593184779194117,0.0,0.0,645.66928845,527.74034561,337.80555951
2024-09-12T09:00,3600,0.9489992817538648,0.90184878331,0.90184878331,0.047150498443864874,0.0,0.0,1100.49057949,901.84878331,591.75551882
2024-09-12T10:00,3600,0.9449232911764707,1.07885032189,0.9449232911764707,0.0,0.0,0.1339270307135294,1317.05119729,1078.85032189,730.87626359
2024-09-12T11:00,3600,0.9656643294117647,1.1174565888599999,0.9656643294117647,0.0,0.0,0.15179225944823516,1364.40443363,1117.45658886,762.62654487
2024-09-12T12:00,3600,0.9498794794117646,1.0618558327,0.9498794794117646,0.0,0.0,0.11197635328823541,1296.21980733,1061.8558327,721.70802664
2024-09-12T13:00,3600,0.9432998205882352,0.92361167474,0.92361167474,0.019688145848235195,0.0,0.0,1127.06944831,923.61167474,622.51177926
2024-09-12T14:00,3600,0.8484062852941178,0.6212593943,0.6212593943,0.22714689099411778,0.0,0.0,758.99974712,621.2593943,408.97120791
2024-09-12T15:00,3600,0.7974155529411763,0.44624642742,0.44624642742,0.3511691255211763,0.0,0.0,547.10777408,446.24642742,291.9938397
2024-09-12T16:00,3600,0.6912446,0.26877119871000005,0.26877119871000005,0.42247340128999994,0.0,0.0,333.0909544,268.77119871,174.18290489
2024-09-12T17:00,3600,0.6359700147058824,0.15092611808,0.15092611808,0.48504389662588243,0.0,0.0,191.45326454,150.92611808,99.01426309
2024-09-12T18:00,3600,0.0,0.0054989434,0.0,0.0,0.0,0.0054989434,17.17814612,5.4989434,8.72176699
2024-09-12T19:00,3600,0.0,0.0,0.0,0.0,0.0,0.0,0.0,0.0,0.0
2024-09-12T20:00,3600,0.0,0.0,0.0,0.0,0.0,0.0,0.0,0.0,0.0
2024-09-12T21:00,3600,0.0,0.0,0.0,0.0,0.0,0.0,0.0,0.0,0.0
2024-09-12T22:00,3600,0.0,0.0,0.0,0.0,0.0,0.0,0.0,0.0,0.0
2024-09-12T23:00,3600,0.0,0.0,0.0,0.0,0.0,0.0,0.0,0.0,0.0
2024-09-13T00:00,3600,0.0,0.0,0.0,0.0,0.0,0.0,0.0,0.0,0.0
2024-09-13T01:00,3600,0.0,0.0,0.0,0.0,0.0,0.0,0.0,0.0,0.0
2024-09-13T02:00,3600,0.0,0.0,0.0,0.0,0.0,0.0,0.0,0.0,0.0
2024-09-13T03:00,3600,0.0,0.0,0.0,0.0,0.0,0.0,0.0,0.0,0.0
2024-09-13T04:00,3600,0.0,0.0,0.0,0.0,0.0,0.0,0.0,0.0,0.0
2024-09-13T05:00,3600,0.0,0.0,0.0,0.0,0.0,0.0,0.0,0.0,0.0
2024-09-13T06:00,3600,0.0,0.00969511881,0.0,0.0,0.0,0.00969511881,22.19880285,9.69511881,11.22663343
2024-09-13T07:00,3600,0.0,0.13197960898,0.0,0.0,0.0,0.13197960898,168.716358,131.97960898,85.93616181
2024-09-13T08:00,3600,1.0860967850656331,0.39172054759999997,0.39172054759999997,0.6943762374656332,0.0,0.0,481.26390321,391.7205476,249.18095672
2024-09-13T09:00,3600,0.6949301794117648,0.7452836641,0.6949301794117648,0.0,0.0,0.050353484688235195,909.67177588,745.2836641,482.1450844
2024-09-13T10:00,3600,0.855752644117647,0.93628860565,0.855752644117647,0.0,0.0,0.0805359615323531,1142.55787045,936.28860565,623.12040736
2024-09-13T11:00,3600,0.9075652970588237,1.0933940738599999,0.9075652970588237,0.0,0.0,0.18582877680117615,1334.88509727,1093.39407386,738.33502772
2024-09-13T12:00,3600,0.9300547264705882,1.1104573117699998,0.9300547264705882,0.0,0.0,0.18040258529941167,1355.81617148,1110.45731177,754.07025915
2024-09-13T13:00,3600,0.9298558117647059,0.9604643829300001,0.9298558117647059,0.0,0.0,0.03060857116529425,1172.10797089,960.46438293,649.47436788
2024-09-13T14:00,3600,0.9201975705882354,0.953514082,0.9201975705882354,0.0,0.0,0.033316511411764616,1163.61090777,953.514082,644.04272219
2024-09-13T15:00,3600,0.8579846411764706,0.72707564637,0.72707564637,0.13090899480647056,0.0,0.0,887.52476699,727.07564637,482.57593099
2024-09-13T16:00,3600,0.7348932676470589,0.44447956756,0.44447956756,0.29041370008705886,0.0,0.0,544.97289102,444.47956756,288.13729911
2024-09-13T17:00,3600,0.6339776735294117,0.11357905594,0.11357905594,0.5203986175894117,0.0,0.0,146.64383953,113.57905594,75.7417515
2024-09-13T18:00,3600,0.0,0.00230391915,0.0,0.0,0.0,0.00230391915,13.35566454,2.30391915,6.77741359
2024-09-13T19:00,3600,0.0,0.0,0.0,0.0,0.0,0.0,0.0,0.0,0.0
2024-09-13T20:00,3600,0.0,0.0,0.0,0.0,0.0,0.0,0.0,0.0,0.0
2024-09-13T21:00,3600,0.0,0.0,0.0,0.0,0.0,0.0,0.0,0.0,0.0
2024-09-13T22:00,3600,0.0,0.0,0.0,0.0,0.0,0.0,0.0,0.0,0.0
2024-09-13T23:00,3600,0.0,0.0,0.0,0.0,0.0,0.0,0.0,0.0,0.0
2024-09-14T00:00,3600,0.0,0.0,0.0,0.0,0.0,0.0,0.0,0.0,0.0
2024-09-14T01:00,3600,0.0,0.0,0.0,0.0,0.0,0.0,0.0,0.0,0.0
2024-09-14T02:00,3600,0.0,0.0,0.0,0.0,0.0,0.0,0.0,0.0,0.0
2024-09-14T03:00,3600,0.0,0.0,0.0,0.0,0.0,0.0,0.0,0.0,0.0
2024-09-14T04:00,3600,0.0,0.0,0.0,0.0,0.0,0.0,0.0,0.0,0.0
2024-09-14T05:00,3600,0.0,0.0,0.0,0.0,0.0,0.0,0.0,0.0,0.0
2024-09-14T06:00,3600,0.0,0.01552039819,0.0,0.0,0.0,0.01552039819,29.16943238,15.52039819,14.70952321
2024-09-14T07:00,3600,0.0,0.20638624919,0.0,0.0,0.0,0.20638624919,258.06404438,206.38624919,131.71910413
2024-09-14T08:00,3600,0.0,0.5032252255299999,0.0,0.0,0.0,0.5032252255299999,616.00068879,503.22522553,320.90082453
2024-09-14T09:00,3600,0.0,0.77118446755,0.0,0.0,0.0,0.77118446755,941.19173638,771.18446755,499.71963087
2024-09-14T10:00,3600,0.0,1.0275519212,0.0,0.0,0.0,1.0275519212,1254.19611227,1027.5519212,688.78688278
2024-09-14T11:00,3600,0.0,0.96930712726,0.0,0.0,0.0,0.96930712726,1182.92061376,969.30712726,645.98560744
2024-09-14T12:00,3600,0.0,1.18545782093,0.0,0.0,0.0,1.18545782093,1447.91662039,1185.45782093,805.58608829
2024-09-14T13:00,3600,0.0,1.0637849601999998,0.0,0.0,0.0,1.0637849601999998,1298.58406493,1063.7849602,716.32263285
2024-09-14T14:00,3600,0.0,0.7102116701,0.0,0.0,0.0,0.7102116701,867.02081293,710.2116701,468.17244054
2024-09-14T15:00,3600,0.0,0.41749807569,0.0,0.0,0.0,0.41749807569,512.38197382,417.49807569,270.20082983
2024-09-14T16:00,3600,0.0,0.16409506902999998,0.0,0.0,0.0,0.16409506902999998,207.26244125,164.09506903,106.72769136
2024-09-14T17:00,3600,0.0,0.08347409813999998,0.0,0.0,0.0,0.08347409813999998,110.55075584,83.47409814,56.43308339
2024-09-14T18:00,3600,0.0,0.0,0.0,0.0,0.0,0.0,9.57896247,0.0,4.84100971
2024-09-14T19:00,3600,0.0,0.0,0.0,0.0,0.0,0.0,0.0,0.0,0.0
2024-09-14T20:00,3600,0.0,0.0,0.0,0.0,0.0,0.0,0.0,0.0,0.0
2024-09-14T21:00,3600,0.0,0.0,0.0,0.0,0.0,0.0,0.0,0.0,0.0
2024-09-14T22:00,3600,0.0,0.0,0.0,0.0,0.0,0.0,0.0,0.0,0.0
2024-09-14T23:00,3600,0.0,0.0,0.0,0.0,0.0,0.0,0.0,0.0,0.0
2024-09-15T00:00,3600,0.0,0.0,0.0,0.0,0.0,0.0,0.0,0.0,0.0
2024-09-15T01:00,3600,0.0,0.0,0.0,0.0,0.0,0.0,0.0,0.0,0.0
2024-09-15T02:00,3600,0.0,0.0,0.0,0.0,0.0,0.0,0.0,0.0,0.0
2024-09-15T03:00,3600,0.0,0.0,0.0,0.0,0.0,0.0,0.0,0.0,0.0
2024-09-15T04:00,3600,0.0,0.0,0.0,0.0,0.0,0.0,0.0,0.0,0.0
2024-09-15T05:00,3600,0.0,0.0,0.0,0.0,0.0,0.0,0.0,0.0,0.0
2024-09-15T06:00,3600,0.0,0.01682962419,0.0,0.0,0.0,0.01682962419,30.73619893,16.82962419,15.47970772
2024-09-15T07:00,3600,0.0,0.2515229679,0.0,0.0,0.0,0.2515229679,312.33695577,251.5229679,159.76598345
2024-09-15T08:00,3600,0.0,0.6361706381499999,0.0,0.0,0.0,0.6361706381499999,777.09219933,636.17063815,408.95803205
2024-09-15T09:00,3600,0.0,0.8307220958,0.0,0.0,0.0,0.8307220958,1013.71725225,830.7220958,541.24280442
2024-09-15T10:00,3600,0.0,1.0681363008,0.0,0.0,0.0,1.0681363008,1303.91727551,1068.1363008,717.24893725
2024-09-15T11:00,3600,0.0,1.20574497482,0.0,0.0,0.0,1.20574497482,1472.85701007,1205.74497482,818.74203652
2024-09-15T12:00,3600,0.0,1.12073846923,0.0,0.0,0.0,1.12073846923,1368.43185451,1120.73846923,756.63543305
2024-09-15T13:00,3600,0.0,1.0739827853700001,0.0,0.0,0.0,1.0739827853700001,1311.08385772,1073.98278537,727.83158478
2024-09-15T14:00,3600,0.0,0.9130803968500001,0.0,0.0,0.0,0.9130803968500001,1114.20599964,913.08039685,612.17729606
2024-09-15T15:00,3600,0.0,0.68675448435,0.0,0.0,0.0,0.68675448435,838.51372898,686.75448435,449.98479649
2024-09-15T16:00,3600,0.0,0.42704113109,0.0,0.0,0.0,0.42704113109,523.90674559,427.04113109,272.49472536
2024-09-15T17:00,3600,0.0,0.1482124698,0.0,0.0,0.0,0.1482124698,188.19613891,148.2124698,96.68404128
2024-09-15T18:00,3600,0.0,0.0007567781300000001,0.0,0.0,0.0,0.0007567781300000001,11.50478449,0.75677813,5.82511068
2024-09-15T19:00,3600,0.0,0.0,0.0,0.0,0.0,0.0,0.0,0.0,0.0
2024-09-15T20:00,3600,0.0,0.0,0.0,0.0,0.0,0.0,0.0,0.0,0.0
2024-09-15T21:00,3600,0.0,0.0,0.0,0.0,0.0,0.0,0.0,0.0,0.0
2024-09-15T22:00,3600,0.0,0.0,0.0,0.0,0.0,0.0,0.0,0.0,0.0
2024-09-15T23:00,3600,0.0,0.0,0.0,0.0,0.0,0.0,0.0,0.0,0.0
2024-09-16T00:00,3600,0.0,0.0,0.0,0.0,0.0,0.0,0.0,0.0,0.0
2024-09-16T01:00,3600,0.0,0.0,0.0,0.0,0.0,0.0,0.0,0.0,0.0
2024-09-16T02:00,3600,0.0,0.0,0.0,0.0,0.0,0.0,0.0,0.0,0.0
2024-09-16T03:00,3600,0.0,0.0,0.0,0.0,0.0,0.0,0.0,0.0,0.0
2024-09-16T04:00,3600,0.0,0.0,0.0,0.0,0.0,0.0,0.0,0.0,0.0
2024-09-16T05:00,3600,0.0,0.0,0.0,0.0,0.0,0.0,0.0,0.0,0.0
2024-09-16T06:00,3600,0.0,0.008322592759999999,0.0,0.0,0.0,0.008322592759999999,20.55654589,8.32259276,10.38708048
2024-09-16T07:00,3600,0.0,0.17807527032,0.0,0.0,0.0,0.17807527032,224.05061215,178.07527032,114.48092825
2024-09-16T08:00,3600,1.0870588235294116,0.46650240771,0.46650240771,0.6205564158194117,0.0,0.0,571.58902668,466.50240771,297.2292365
2024-09-16T09:00,3600,1.0870588235294116,0.7229544408499999,0.7229544408499999,0.3641043826794117,0.0,0.0,882.51329407,722.95444085,466.25760086
2024-09-16T10:00,3600,1.0825035294117646,0.9941937724,0.9941937724,0.08830975701176469,0.0,0.0,1213.36317321,994.1937724,660.00027688
2024-09-16T11:00,3600,1.0775341176470588,0.73265924666,0.73265924666,0.3448748709870587,0.0,0.0,894.31529895,732.65924666,478.89435315
2024-09-16T12:00,3600,1.0812611764705882,1.137455221,1.0812611764705882,0.0,0.0,0.05619404452941179,1388.95092476,1137.455221,764.94500755
2024-09-16T13:00,3600,1.058898823529412,0.9828626617499999,0.9828626617499999,0.07603616177941197,0.0,0.0,1199.50022396,982.86266175,659.60215058
2024-09-16T14:00,3600,1.056414117647059,0.86541871872,0.86541871872,0.19099539892705897,0.0,0.0,1056.02872409,865.41871872,576.012213
2024-09-16T15:00,3600,1.052687058823529,0.66850089864,0.66850089864,0.38418616018352914,0.0,0.0,816.3410796,668.50089864,439.38754446
2024-09-16T16:00,3600,1.052687058823529,0.47227366854,0.47227366854,0.5804133902835291,0.0,0.0,578.5661951,472.27366854,307.35410725
2024-09-16T17:00,3600,1.0551717647058825,0.16640415764,0.16640415764,0.8887676070658825,0.0,0.0,210.03495587,166.40415764,109.35521765
2024-09-16T18:00,3600,0.0,0.00067574102,0.0,0.0,0.0,0.00067574102,11.4078397,0.67574102,5.81716116
2024-09-16T19:00,3600,0.0,0.0,0.0,0.0,0.0,0.0,0.0,0.0,0.0
2024-09-16T20:00,3600,0.0,0.0,0.0,0.0,0.0,0.0,0.0,0.0,0.0
2024-09-16T21:00,3600,0.0,0.0,0.0,0.0,0.0,0.0,0.0,0.0,0.0
2024-09-16T22:00,3600,0.0,0.0,0.0,0.0,0.0,0.0,0.0,0.0,0.0
2024-09-16T23:00,3600,0.0,0.0,0.0,0.0,0.0,0.0,0.0,0.0,0.0
2024-09-17T00:00,3600,0.0,0.0,0.0,0.0,0.0,0.0,0.0,0.0,0.0
2024-09-17T01:00,3600,0.0,0.0,0.0,0.0,0.0,0.0,0.0,0.0,0.0
2024-09-17T02:00,3600,0.0,0.0,0.0,0.0,0.0,0.0,0.0,0.0,0.0
2024-09-17T03:00,3600,0.0,0.0,0.0,0.0,0.0,0.0,0.0,0.0,0.0
2024-09-17T04:00,3600,0.0,0.0,0.0,0.0,0.0,0.0,0.0,0.0,0.0
2024-09-17T05:00,3600,0.0,0.0,0.0,0.0,0.0,0.0,0.0,0.0,0.0
2024-09-17T06:00,3600,0.0,0.021712192519999996,0.0,0.0,0.0,0.021712192519999996,36.5796294,21.71219252,18.56430351
2024-09-17T07:00,3600,0.0,0.23165226065,0.0,0.0,0.0,0.23165226065,288.43741579,231.65226065,148.31606922
2024-09-17T08:00,3600,1.0870588235294116,0.5227998459200001,0.5227998459200001,0.5642589776094116,0.0,0.0,639.68888461,522.79984592,334.76982976
2024-09-17T09:00,3600,1.0870588235294116,0.8300272111199999,0.8300272111199999,0.25703161240941175,0.0,0.0,1012.8702075,830.02721112,539.8421187
2024-09-17T10:00,3600,1.0663529411764705,1.02290693518,1.02290693518,0.04344600599647053,0.0,0.0,1248.50839372,1022.90693518,680.32893582
2024-09-17T11:00,3600,1.0638682352941178,1.08294754814,1.0638682352941178,0.0,0.0,0.019079312845882157,1322.07470282,1082.94754814,722.35545303
2024-09-17T12:00,3600,1.0638682352941178,1.13354837163,1.0638682352941178,0.0,0.0,0.06968013633588233,1384.15472252,1133.54837163,758.51456555
2024-09-17T13:00,3600,1.0402635294117646,1.0910356412000002,1.0402635294117646,0.0,0.0,0.0507721117882356,1331.992719,1091.0356412,734.40351099
2024-09-17T14:00,3600,1.0402635294117646,0.99464058928,0.99464058928,0.0456229401317646,0.0,0.0,1213.90990225,994.64058928,666.45511894
2024-09-17T15:00,3600,1.0402635294117646,0.7500343282799999,0.7500343282799999,0.29022920113176465,0.0,0.0,915.45168781,750.03432828,495.47328278
2024-09-17T16:00,3600,1.0502023529411766,0.46970080838,0.46970080838,0.5805015445611765,0.0,0.0,575.45562182,469.70080838,305.67498675
2024-09-17T17:00,3600,1.058898823529412,0.14102703660000002,0.14102703660000002,0.9178717869294118,0.0,0.0,179.57259339,141.0270366,93.27402015
2024-09-17T18:00,3600,0.0,0.0,0.0,0.0,0.0,0.0,9.51668733,0.0,4.84895922
2024-09-17T19:00,3600,0.0,0.0,0.0,0.0,0.0,0.0,0.0,0.0,0.0
2024-09-17T20:00,3600,0.0,0.0,0.0,0.0,0.0,0.0,0.0,0.0,0.0
2024-09-17T21:00,3600,0.0,0.0,0.0,0.0,0.0,0.0,0.0,0.0,0.0
2024-09-17T22:00,3600,0.0,0.0,0.0,0.0,0.0,0.0,0.0,0.0,0.0
2024-09-17T23:00,3600,0.0,0.0,0.0,0.0,0.0,0.0,0.0,0.0,0.0
2024-09-18T00:00,3600,0.0,0.0,0.0,0.0,0.0,0.0,0.0,0.0,0.0
2024-09-18T01:00,3600,0.0,0.0,0.0,0.0,0.0,0.0,0.0,0.0,0.0
2024-09-18T02:00,3600,0.0,0.0,0.0,0.0,0.0,0.0,0.0,0.0,0.0
2024-09-18T03:00,3600,0.0,0.0,0.0,0.0,0.0,0.0,0.0,0.0,0.0
2024-09-18T04:00,3600,0.0,0.0,0.0,0.0,0.0,0.0,0.0,0.0,0.0
2024-09-18T05:00,3600,0.0,0.0,0.0,0.0,0.0,0.0,0.0,0.0,0.0
2024-09-18T06:00,3600,0.0,0.01490847728,0.0,0.0,0.0,0.01490847728,28.43715488,14.90847728,14.42096256
2024-09-18T07:00,3600,0.0,0.24326080371000003,0.0,0.0,0.0,0.24326080371000003,302.39832348,243.26080371,155.42638034
2024-09-18T08:00,3600,1.0870588235294116,0.58916331215,0.58916331215,0.4978955113794117,0.0,0.0,720.07708479,589.16331215,378.62134063
2024-09-18T09:00,3600,1.0870588235294116,0.9271003597799999,0.9271003597799999,0.1599584637494117,0.0,0.0,1131.33140076,927.10035978,609.0648117
2024-09-18T10:00,3600,1.058898823529412,0.9342490498199999,0.9342490498199999,0.12464977370941199,0.0,0.0,1140.06567465,934.24904982,622.55690879
2024-09-18T11:00,3600,1.058898823529412,1.05513823671,1.05513823671,0.0037605868194119374,0.0,0.0,1287.98783338,1055.13823671,707.5566199
2024-09-18T12:00,3600,1.0601411764705884,1.21899178463,1.0601411764705884,0.0,0.0,0.15885060815941165,1489.14862931,1218.99178463,826.24562781
2024-09-18T13:00,3600,1.0377788235294119,1.07733234962,1.0377788235294119,0.0,0.0,0.039553526090588154,1315.19017175,1077.33234962,727.85062488
2024-09-18T14:00,3600,1.0352941176470587,1.06010725106,1.0352941176470587,0.0,0.0,0.024813133412941335,1294.07691097,1060.10725106,716.28578624
2024-09-18T15:00,3600,1.0344536916897966,0.7563831255999999,0.7563831255999999,0.27807056608979674,0.0,0.0,923.1769588,756.3831256,501.89418374
2024-09-18T16:00,3600,1.0365364705882352,0.50687920009,0.50687920009,0.5296572704982352,0.0,0.0,620.42174051,506.87920009,331.77731219
2024-09-18T17:00,3600,0.9051293796359791,0.19262352882,0.19262352882,0.7125058508159791,0.0,0.0,241.5265156,192.62352882,126.67141235
2024-09-18T18:00,3600,0.0,0.0,0.0,0.0,0.0,0.0,9.50843814,0.0,4.85690874
2024-09-18T19:00,3600,0.0,0.0,0.0,0.0,0.0,0.0,0.0,0.0,0.0
2024-09-18T20:00,3600,0.0,0.0,0.0,0.0,0.0,0.0,0.0,0.0,0.0
2024-09-18T21:00,3600,0.0,0.0,0.0,0.0,0.0,0.0,0.0,0.0,0.0
2024-09-18T22:00,3600,0.0,0.0,0.0,0.0,0.0,0.0,0.0,0.0,0.0
2024-09-18T23:00,3600,0.0,0.0,0.0,0.0,0.0,0.0,0.0,0.0,0.0
2024-09-19T00:00,3600,0.0,0.0,0.0,0.0,0.0,0.0,0.0,0.0,0.0
2024-09-19T01:00,3600,0.0,0.0,0.0,0.0,0.0,0.0,0.0,0.0,0.0
2024-09-19T02:00,3600,0.0,0.0,0.0,0.0,0.0,0.0,0.0,0.0,0.0
2024-09-19T03:00,3600,0.0,0.0,0.0,0.0,0.0,0.0,0.0,0.0,0.0
2024-09-19T04:00,3600,0.0,0.0,0.0,0.0,0.0,0.0,0.0,0.0,0.0
2024-09-19T05:00,3600,0.0,0.0,0.0,0.0,0.0,0.0,0.0,0.0,0.0
2024-09-19T06:00,3600,0.0,0.01893846704,0.0,0.0,0.0,0.01893846704,33.25997246,18.93846704,16.84139874
2024-09-19T07:00,3600,0.0,0.21689519064,0.0,0.0,0.0,0.21689519064,270.69520973,216.89519064,138.85251165
2024-09-19T08:00,3600,1.0870588235294116,0.56793843536,0.56793843536,0.5191203881694116,0.0,0.0,694.35349312,567.93843536,365.57947939
2024-09-19T09:00,3600,1.0249319289441894,0.92329433651,0.92329433651,0.10163759243418935,0.0,0.0,1126.68178911,923.29433651,611.36049898
2024-09-19T10:00,3600,0.9757858058823529,1.14488981679,0.9757858058823529,0.0,0.0,0.16910401090764704,1398.07913824,1144.88981679,787.09888965
2024-09-19T11:00,3600,0.9473890529411764,1.0347703477499999,0.9473890529411764,0.0,0.0,0.0873812948088235,1263.03619188,1034.77034775,699.92876704
2024-09-19T12:00,3600,0.963602288235294,1.08253315572,0.963602288235294,0.0,0.0,0.11893086748470594,1321.56660493,1082.53315572,733.71343911
2024-09-19T13:00,3600,1.0119757596318366,1.11743475753,1.0119757596318366,0.0,0.0,0.10545899789816349,1364.37764394,1117.43475753,762.67695299
2024-09-19T14:00,3600,0.9259128180849806,0.8089838280999999,0.8089838280999999,0.11692898998498069,0.0,0.0,987.22534502,808.9838281,540.26098812
2024-09-19T15:00,3600,0.8855205941412709,0.6948330300500001,0.6948330300500001,0.19068756409127086,0.0,0.0,848.32970614,694.83303005,460.81589271
2024-09-19T16:00,3600,0.7984814235294119,0.49399593721,0.49399593721,0.30448548631941186,0.0,0.0,604.835534,493.99593721,323.18965206
2024-09-19T17:00,3600,0.709077011764706,0.1805100996,0.1805100996,0.528566912164706,0.0,0.0,226.97502206,180.5100996,118.84916451
2024-09-19T18:00,3600,0.0,0.0,0.0,0.0,0.0,0.0,7.59531876,0.0,3.88075728
2024-09-19T19:00,3600,0.0,0.0,0.0,0.0,0.0,0.0,0.0,0.0,0.0
2024-09-19T20:00,3600,0.0,0.0,0.0,0.0,0.0,0.0,0.0,0.0,0.0
2024-09-19T21:00,3600,0.0,0.0,0.0,0.0,0.0,0.0,0.0,0.0,0.0
2024-09-19T22:00,3600,0.0,0.0,0.0,0.0,0.0,0.0,0.0,0.0,0.0
2024-09-19T23:00,3600,0.0,0.0,0.0,0.0,0.0,0.0,0.0,0.0,0.0
2024-09-20T00:00,3600,0.0,0.0,0.0,0.0,0.0,0.0,0.0,0.0,0.0
2024-09-20T01:00,3600,0.0,0.0,0.0,0.0,0.0,0.0,0.0,0.0,0.0
2024-09-20T02:00,3600,0.0,0.0,0.0,0.0,0.0,0.0,0.0,0.0,0.0
2024-09-20T03:00,3600,0.0,0.0,0.0,0.0,0.0,0.0,0.0,0.0,0.0
2024-09-20T04:00,3600,0.0,0.0,0.0,0.0,0.0,0.0,0.0,0.0,0.0
2024-09-20T05:00,3600,0.0,0.0,0.0,0.0,0.0,0.0,0.0,0.0,0.0
2024-09-20T06:00,3600,0.0,0.020337243520000003,0.0,0.0,0.0,0.020337243520000003,34.93403399,20.33724352,17.72219758
2024-09-20T07:00,3600,0.0,0.26276059604,0.0,0.0,0.0,0.26276059604,325.85776108,262.76059604,168.00293967
2024-09-20T08:00,3600,1.0870588235294116,0.55005241022,0.55005241022,0.5370064133094117,0.0,0.0,672.68609463,550.05241022,353.79527361
2024-09-20T09:00,3600,1.0870588235294116,0.8993591304599999,0.8993591304599999,0.1876996930694117,0.0,0.0,1097.45083682,899.35913046,590.38615809
2024-09-20T10:00,3600,0.9447738043275171,1.06185279485,0.9447738043275171,0.0,0.0,0.11707899052248294,1296.21608435,1061.85279485,714.36921939
2024-09-20T11:00,3600,0.9727522588235293,1.19232311591,0.9727522588235293,0.0,0.0,0.21957085708647073,1456.35527011,1192.32311591,812.50686033
2024-09-20T12:00,3600,0.9680502058823529,1.15474887937,0.9680502058823529,0.0,0.0,0.18669867348764713,1410.18656681,1154.74887937,787.30572415
2024-09-20T13:00,3600,0.9014590588235294,0.87123047009,0.87123047009,0.030228588733529405,0.0,0.0,1063.1192917,871.23047009,583.06951073
2024-09-20T14:00,3600,0.9520214058823527,1.04725084895,0.9520214058823527,0.0,0.0,0.09522944306764736,1278.32400057,1047.25084895,710.58334221
2024-09-20T15:00,3600,0.8745217117647061,0.76913342301,0.76913342301,0.10538828875470607,0.0,0.0,938.69503529,769.13342301,511.27954405
2024-09-20T16:00,3600,0.798053038235294,0.50151209534,0.50151209534,0.2965409428952941,0.0,0.0,613.92804834,501.51209534,328.1338035
2024-09-20T17:00,3600,0.6720080029411764,0.15594297405,0.15594297405,0.5160650288911763,0.0,0.0,197.47539442,155.94297405,102.67970867
2024-09-20T18:00,3600,0.0,0.0,0.0,0.0,0.0,0.0,7.60637112,0.0,3.88075728
2024-09-20T19:00,3600,0.0,0.0,0.0,0.0,0.0,0.0,0.0,0.0,0.0
2024-09-20T20:00,3600,0.0,0.0,0.0,0.0,0.0,0.0,0.0,0.0,0.0
2024-09-20T21:00,3600,0.0,0.0,0.0,0.0,0.0,0.0,0.0,0.0,0.0
2024-09-20T22:00,3600,0.0,0.0,0.0,0.0,0.0,0.0,0.0,0.0,0.0
2024-09-20T23:00,3600,0.0,0.0,0.0,0.0,0.0,0.0,0.0,0.0,0.0
2024-09-21T00:00,3600,0.0,0.0,0.0,0.0,0.0,0.0,0.0,0.0,0.0
2024-09-21T01:00,3600,0.0,0.0,0.0,0.0,0.0,0.0,0.0,0.0,0.0
2024-09-21T02:00,3600,0.0,0.0,0.0,0.0,0.0,0.0,0.0,0.0,0.0
2024-09-21T03:00,3600,0.0,0.0,0.0,0.0,0.0,0.0,0.0,0.0,0.0
2024-09-21T04:00,3600,0.0,0.0,0.0,0.0,0.0,0.0,0.0,0.0,0.0
2024-09-21T05:00,3600,0.0,0.0,0.0,0.0,0.0,0.0,0.0,0.0,0.0
2024-09-21T06:00,3600,0.0,0.00532436568,0.0,0.0,0.0,0.00532436568,16.96927681,5.32436568,8.57950628
2024-09-21T07:00,3600,0.0,0.07387517643,0.0,0.0,0.0,0.07387517643,99.04762197,73.87517643,50.28855959
2024-09-21T08:00,3600,0.0,0.28600548126,0.0,0.0,0.0,0.28600548126,353.83620715,286.00548126,181.99231992
2024-09-21T09:00,3600,0.0,0.45100980883999997,0.0,0.0,0.0,0.45100980883999997,552.86375672,451.00980884,287.62191599
2024-09-21T10:00,3600,0.0,0.5207110071900001,0.0,0.0,0.0,0.5207110071900001,637.16057741,520.71100719,334.50936471
2024-09-21T11:00,3600,0.0,0.5404815280899999,0.0,0.0,0.0,0.5404815280899999,661.09540806,540.48152809,346.99604321
2024-09-21T12:00,3600,0.0,0.386075829,0.0,0.0,0.0,0.386075829,474.45214181,386.075829,247.43170594
2024-09-21T13:00,3600,0.0,0.5791442501999999,0.0,0.0,0.0,0.5791442501999999,707.93288366,579.1442502,373.70335816
2024-09-21T14:00,3600,0.0,0.46283582637000004,0.0,0.0,0.0,0.46283582637000004,567.15678584,462.83582637,297.39698514
2024-09-21T15:00,3600,0.0,0.38418477298,0.0,0.0,0.0,0.38418477298,472.17030516,384.18477298,246.7694041
2024-09-21T16:00,3600,0.0,0.12807490732,0.0,0.0,0.0,0.12807490732,164.03168632,128.07490732,84.11165237
2024-09-21T17:00,3600,0.0,0.043661721179999995,0.0,0.0,0.0,0.043661721179999995,62.85654,43.66172118,31.95066407
2024-09-21T18:00,3600,0.0,0.0,0.0,0.0,0.0,0.0,1.9125066,0.0,0.96820194
2024-09-21T19:00,3600,0.0,0.0,0.0,0.0,0.0,0.0,0.0,0.0,0.0
2024-09-21T20:00,3600,0.0,0.0,0.0,0.0,0.0,0.0,0.0,0.0,0.0
2024-09-21T21:00,3600,0.0,0.0,0.0,0.0,0.0,0.0,0.0,0.0,0.0
2024-09-21T22:00,3600,0.0,0.0,0.0,0.0,0.0,0.0,0.0,0.0,0.0
2024-09-21T23:00,3600,0.0,0.0,0.0,0.0,0.0,0.0,0.0,0.0,0.0
2024-09-22T00:00,3600,0.0,0.0,0.0,0.0,0.0,0.0,0.0,0.0,0.0
2024-09-22T01:00,3600,0.0,0.0,0.0,0.0,0.0,0.0,0.0,0.0,0.0
2024-09-22T02:00,3600,0.0,0.0,0.0,0.0,0.0,0.0,0.0,0.0,0.0
2024-09-22T03:00,3600,0.0,0.0,0.0,0.0,0.0,0.0,0.0,0.0,0.0
2024-09-22T04:00,3600,0.0,0.0,0.0,0.0,0.0,0.0,0.0,0.0,0.0
2024-09-22T05:00,3600,0.0,0.0,0.0,0.0,0.0,0.0,0.0,0.0,0.0
2024-09-22T06:00,3600,0.0,0.00626441953,0.0,0.0,0.0,0.00626441953,18.09399117,6.26441953,9.1473565
2024-09-22T07:00,3600,0.0,0.10119181342999999,0.0,0.0,0.0,0.10119181342999999,131.78973699,101.19181343,66.97669499
2024-09-22T08:00,3600,0.0,0.21539165557999998,0.0,0.0,0.0,0.21539165557999998,268.88786145,215.39165558,137.38673099
2024-09-22T09:00,3600,0.0,0.37894220434,0.0,0.0,0.0,0.37894220434,465.84488637,378.94220434,240.02386053
2024-09-22T10:00,3600,0.0,0.50613420004,0.0,0.0,0.0,0.50613420004,619.52031316,506.13420004,322.81991571
2024-09-22T11:00,3600,0.0,0.44025193856,0.0,0.0,0.0,0.44025193856,539.86502652,440.25193856,280.37525402
2024-09-22T12:00,3600,0.0,0.34185753887,0.0,0.0,0.0,0.34185753887,421.12177298,341.85753887,216.90636105
2024-09-22T13:00,3600,0.0,0.49256964565,0.0,0.0,0.0,0.49256964565,603.11028293,492.56964565,311.89161735
2024-09-22T14:00,3600,0.0,0.46188921698,0.0,0.0,0.0,0.46188921698,566.0125643,461.88921698,291.97539842
2024-09-22T15:00,3600,0.0,0.34328849311000004,0.0,0.0,0.0,0.34328849311000004,422.84677144,343.28849311,216.42742651
2024-09-22T16:00,3600,0.0,0.14277022292,0.0,0.0,0.0,0.14277022292,181.66453857,142.77022292,91.54073898
2024-09-22T17:00,3600,0.0,0.044409540530000007,0.0,0.0,0.0,0.044409540530000007,63.75201905,44.40954053,31.95066407
2024-09-22T18:00,3600,0.0,0.0,0.0,0.0,0.0,0.0,3.85996387,0.0,1.93640388
2024-09-22T19:00,3600,0.0,0.0,0.0,0.0,0.0,0.0,0.0,0.0,0.0
2024-09-22T20:00,3600,0.0,0.0,0.0,0.0,0.0,0.0,0.0,0.0,0.0
2024-09-22T21:00,3600,0.0,0.0,0.0,0.0,0.0,0.0,0.0,0.0,0.0
2024-09-22T22:00,3600,0.0,0.0,0.0,0.0,0.0,0.0,0.0,0.0,0.0
2024-09-22T23:00,3600,0.0,0.0,0.0,0.0,0.0,0.0,0.0,0.0,0.0
2024-09-23T00:00,3600,0.0,0.0,0.0,0.0,0.0,0.0,0.0,0.0,0.0
2024-09-23T01:00,3600,0.0,0.0,0.0,0.0,0.0,0.0,0.0,0.0,0.0
2024-09-23T02:00,3600,0.0,0.0,0.0,0.0,0.0,0.0,0.0,0.0,0.0
2024-09-23T03:00,3600,0.0,0.0,0.0,0.0,0.0,0.0,0.0,0.0,0.0
2024-09-23T04:00,3600,0.0,0.0,0.0,0.0,0.0,0.0,0.0,0.0,0.0
2024-09-23T05:00,3600,0.0,0.0,0.0,0.0,0.0,0.0,0.0,0.0,0.0
2024-09-23T06:00,3600,0.0,0.0,0.0,0.0,0.0,0.0,9.75937841,0.0,4.84100971
2024-09-23T07:00,3600,0.0,0.04830417056,0.0,0.0,0.0,0.04830417056,68.4158991,48.30417056,34.01879419
2024-09-23T08:00,3600,0.9130425996299651,0.09826674416999999,0.09826674416999999,0.8147758554599651,0.0,0.0,128.28275331,98.26674417,63.87463372
2024-09-23T09:00,3600,0.9378652227855163,0.12117150179,0.12117150179,0.8166937209955163,0.0,0.0,155.75031474,121.17150179,77.60471876
2024-09-23T10:00,3600,0.9527291297293189,0.15553503558,0.15553503558,0.7971940941493189,0.0,0.0,196.98568831,155.53503558,98.75659802
2024-09-23T11:00,3600,0.949589885902378,0.23024143528,0.23024143528,0.7193484506223781,0.0,0.0,286.74094748,230.24143528,144.33408813
2024-09-23T12:00,3600,0.42383988342544077,0.25745817273,0.25745817273,0.16638171069544078,0.0,0.0,319.4776058,257.45817273,161.04108342
2024-09-23T13:00,3600,0.29903421011060094,0.16790416834,0.16790416834,0.13113004177060095,0.0,0.0,211.83609023,167.90416834,106.34618883
2024-09-23T14:00,3600,0.26896524780287673,0.09630910557000001,0.09630910557000001,0.17265614223287673,0.0,0.0,125.93578912,96.30910557,62.93312619
2024-09-23T15:00,3600,0.2638821078000644,0.05760976231,0.05760976231,0.20627234549006437,0.0,0.0,79.56112709,57.60976231,39.6962796
2024-09-23T16:00,3600,0.2361573611981993,0.031872992780000005,0.031872992780000005,0.2042843684181993,0.0,0.0,48.74205188,31.87299278,24.20504853
2024-09-23T17:00,3600,0.2289166535531114,0.00584015033,0.00584015033,0.2230765032231114,0.0,0.0,17.58637727,5.84015033,8.71381747
2024-09-23T18:00,3600,0.0,0.0,0.0,0.0,0.0,0.0,0.0,0.0,0.0
2024-09-23T19:00,3600,0.0,0.0,0.0,0.0,0.0,0.0,0.0,0.0,0.0
2024-09-23T20:00,3600,0.0,0.0,0.0,0.0,0.0,0.0,0.0,0.0,0.0
2024-09-23T21:00,3600,0.0,0.0,0.0,0.0,0.0,0.0,0.0,0.0,0.0
2024-09-23T22:00,3600,0.0,0.0,0.0,0.0,0.0,0.0,0.0,0.0,0.0
2024-09-23T23:00,3600,0.0,0.0,0.0,0.0,0.0,0.0,0.0,0.0,0.0
2024-09-24T00:00,3600,0.0,0.0,0.0,0.0,0.0,0.0,0.0,0.0,0.0
2024-09-24T01:00,3600,0.0,0.0,0.0,0.0,0.0,0.0,0.0,0.0,0.0
2024-09-24T02:00,3600,0.0,0.0,0.0,0.0,0.0,0.0,0.0,0.0,0.0
2024-09-24T03:00,3600,0.0,0.0,0.0,0.0,0.0,0.0,0.0,0.0,0.0
2024-09-24T04:00,3600,0.0,0.0,0.0,0.0,0.0,0.0,0.0,0.0,0.0
2024-09-24T05:00,3600,0.0,0.0,0.0,0.0,0.0,0.0,0.0,0.0,0.0
2024-09-24T06:00,3600,0.0,0.0,0.0,0.0,0.0,0.0,3.91687375,0.0,1.93640388
2024-09-24T07:00,3600,0.0,0.015666040739999998,0.0,0.0,0.0,0.015666040739999998,29.34372232,15.66604074,14.52302912
2024-09-24T08:00,3600,0.0,0.04030164046,0.0,0.0,0.0,0.04030164046,58.83318276,40.30164046,29.16760192
2024-09-24T09:00,3600,0.0,0.049830135600000006,0.0,0.0,0.0,0.049830135600000006,70.24337619,49.8301356,34.85526989
2024-09-24T10:00,3600,0.0,0.0769358221,0.0,0.0,0.0,0.0769358221,102.71516434,76.9358221,51.31470289
2024-09-24T11:00,3600,0.0,0.16465151167,0.0,0.0,0.0,0.16465151167,207.93054688,164.65151167,104.38306889
2024-09-24T12:00,3600,0.0,0.1816898682,0.0,0.0,0.0,0.1816898682,228.39206867,181.6898682,114.80126932
2024-09-24T13:00,3600,0.0,0.15703722708,0.0,0.0,0.0,0.15703722708,198.78900281,157.03722708,99.99426807
2024-09-24T14:00,3600,0.0,0.24500505484000001,0.0,0.0,0.0,0.24500505484000001,304.49634547,245.00505484,154.04160992
2024-09-24T15:00,3600,0.4908924468869997,0.23862221944999998,0.23862221944999998,0.25227022743699967,0.0,0.0,296.81933637,238.62221945,150.15707185
2024-09-24T16:00,3600,0.41915676328655466,0.08052718005,0.08052718005,0.3386295832365547,0.0,0.0,107.01897311,80.52718005,53.66268578
2024-09-24T17:00,3600,0.40265640169245415,0.023494568679999998,0.023494568679999998,0.37916183301245415,0.0,0.0,38.71292524,23.49456868,19.36403883
2024-09-24T18:00,3600,0.0,0.0,0.0,0.0,0.0,0.0,1.93826779,0.0,0.96820194
2024-09-24T19:00,3600,0.0,0.0,0.0,0.0,0.0,0.0,0.0,0.0,0.0
2024-09-24T20:00,3600,0.0,0.0,0.0,0.0,0.0,0.0,0.0,0.0,0.0
2024-09-24T21:00,3600,0.0,0.0,0.0,0.0,0.0,0.0,0.0,0.0,0.0
2024-09-24T22:00,3600,0.0,0.0,0.0,0.0,0.0,0.0,0.0,0.0,0.0
2024-09-24T23:00,3600,0.0,0.0,0.0,0.0,0.0,0.0,0.0,0.0,0.0
2024-09-25T00:00,3600,0.0,0.0,0.0,0.0,0.0,0.0,0.0,0.0,0.0
2024-09-25T01:00,3600,0.0,0.0,0.0,0.0,0.0,0.0,0.0,0.0,0.0
2024-09-25T02:00,3600,0.0,0.0,0.0,0.0,0.0,0.0,0.0,0.0,0.0
2024-09-25T03:00,3600,0.0,0.0,0.0,0.0,0.0,0.0,0.0,0.0,0.0
2024-09-25T04:00,3600,0.0,0.0,0.0,0.0,0.0,0.0,0.0,0.0,0.0
2024-09-25T05:00,3600,0.0,0.0,0.0,0.0,0.0,0.0,0.0,0.0,0.0
2024-09-25T06:00,3600,0.0,0.012175659890000001,0.0,0.0,0.0,0.012175659890000001,25.16695068,12.17565989,12.59039655
2024-09-25T07:00,3600,0.0,0.15290158980000002,0.0,0.0,0.0,0.15290158980000002,193.82449921,152.9015898,97.82795772
2024-09-25T08:00,3600,0.0,0.49322243323,0.0,0.0,0.0,0.49322243323,603.89989188,493.22243323,311.76068809
2024-09-25T09:00,3600,0.0,0.75805423799,0.0,0.0,0.0,0.75805423799,925.21057005,758.05423799,488.39145355
2024-09-25T10:00,3600,1.0870588235294116,0.8720082662,0.8720082662,0.21505055732941158,0.0,0.0,1064.06830609,872.0082662,572.0062718
2024-09-25T11:00,3600,0.8809036254970897,1.07999793885,0.8809036254970897,0.0,0.0,0.1990943133529104,1318.45821302,1079.99793885,723.62011686
2024-09-25T12:00,3600,0.8594339058823529,1.1653701862099999,0.8594339058823529,0.0,0.0,0.30593628032764697,1423.23319694,1165.37018621,783.05587868
2024-09-25T13:00,3600,0.8796839588235295,1.07795398032,0.8796839588235295,0.0,0.0,0.19827002149647055,1315.95227955,1077.95398032,721.75930209
2024-09-25T14:00,3600,0.8032501352941176,0.82425210915,0.8032501352941176,0.0,0.0,0.021001973855882428,1005.83104677,824.25210915,541.50320625
2024-09-25T15:00,3600,0.7160736588235292,0.54117594944,0.54117594944,0.17489770938352922,0.0,0.0,661.93629265,541.17594944,349.27238953
2024-09-25T16:00,3600,0.6602096852941177,0.35434685166,0.35434685166,0.3058628336341177,0.0,0.0,436.17937002,354.34685166,227.44749658
2024-09-25T17:00,3600,0.5910993852941177,0.12477575902,0.12477575902,0.46632362627411766,0.0,0.0,160.07384662,124.77575902,82.1857364
2024-09-25T18:00,3600,0.0,0.0,0.0,0.0,0.0,0.0,3.83272895,0.0,1.93640388
2024-09-25T19:00,3600,0.0,0.0,0.0,0.0,0.0,0.0,0.0,0.0,0.0
2024-09-25T20:00,3600,0.0,0.0,0.0,0.0,0.0,0.0,0.0,0.0,0.0
2024-09-25T21:00,3600,0.0,0.0,0.0,0.0,0.0,0.0,0.0,0.0,0.0
2024-09-25T22:00,3600,0.0,0.0,0.0,0.0,0.0,0.0,0.0,0.0,0.0
2024-09-25T23:00,3600,0.0,0.0,0.0,0.0,0.0,0.0,0.0,0.0,0.0
2024-09-26T00:00,3600,0.0,0.0,0.0,0.0,0.0,0.0,0.0,0.0,0.0
2024-09-26T01:00,3600,0.0,0.0,0.0,0.0,0.0,0.0,0.0,0.0,0.0
2024-09-26T02:00,3600,0.0,0.0,0.0,0.0,0.0,0.0,0.0,0.0,0.0
2024-09-26T03:00,3600,0.0,0.0,0.0,0.0,0.0,0.0,0.0,0.0,0.0
2024-09-26T04:00,3600,0.0,0.0,0.0,0.0,0.0,0.0,0.0,0.0,0.0
2024-09-26T05:00,3600,0.0,0.0,0.0,0.0,0.0,0.0,0.0,0.0,0.0
2024-09-26T06:00,3600,0.0,0.01871663025,0.0,0.0,0.0,0.01871663025,32.99448205,18.71663025,16.56610485
2024-09-26T07:00,3600,0.0,0.24057001015,0.0,0.0,0.0,0.24057001015,299.16194145,240.57001015,152.53437739
2024-09-26T08:00,3600,0.7414415609398967,0.54549994356,0.54549994356,0.19594161737989668,0.0,0.0,667.172577,545.49994356,348.21869322
2024-09-26T09:00,3600,0.7169889911764706,0.88214080608,0.7169889911764706,0.0,0.0,0.16515181490352937,1076.43290668,882.14080608,577.53566152
2024-09-26T10:00,3600,0.8716324764705882,1.08464625641,0.8716324764705882,0.0,0.0,0.21301377993941173,1324.1575869,1084.64625641,732.66272507
2024-09-26T11:00,3600,0.9009045411764706,1.15948624369,0.9009045411764706,0.0,0.0,0.2585817025135294,1416.0052842,1159.48624369,785.33272005
2024-09-26T12:00,3600,0.8858935147058824,1.10532167142,0.8858935147058824,0.0,0.0,0.21942815671411764,1349.51552443,1105.32167142,743.53962315
2024-09-26T13:00,3600,0.918473844117647,1.1198661526599998,0.918473844117647,0.0,0.0,0.2013923085423528,1367.36134478,1119.86615266,756.40138922
2024-09-26T14:00,3600,0.8738987058823529,0.9469798373,0.8738987058823529,0.0,0.0,0.07308113141764716,1155.62374146,946.9798373,630.43273003
2024-09-26T15:00,3600,0.7830697382352941,0.6371970542900001,0.6371970542900001,0.14587268394529407,0.0,0.0,778.33782087,637.19705429,415.65477431
2024-09-26T16:00,3600,0.6951595823529412,0.35380100163999995,0.35380100163999995,0.34135858071294123,0.0,0.0,435.52118354,353.80100164,228.09157792
2024-09-26T17:00,3600,0.6404978176470588,0.15858418151,0.15858418151,0.48191363613705884,0.0,0.0,200.64611657,158.58418151,103.86380926
2024-09-26T18:00,3600,0.0,0.0,0.0,0.0,0.0,0.0,5.73431555,0.0,2.90460582
2024-09-26T19:00,3600,0.0,0.0,0.0,0.0,0.0,0.0,0.0,0.0,0.0
2024-09-26T20:00,3600,0.0,0.0,0.0,0.0,0.0,0.0,0.0,0.0,0.0
2024-09-26T21:00,3600,0.0,0.0,0.0,0.0,0.0,0.0,0.0,0.0,0.0
2024-09-26T22:00,3600,0.0,0.0,0.0,0.0,0.0,0.0,0.0,0.0,0.0
2024-09-26T23:00,3600,0.0,0.0,0.0,0.0,0.0,0.0,0.0,0.0,0.0
2024-09-27T00:00,3600,0.0,0.0,0.0,0.0,0.0,0.0,0.0,0.0,0.0
2024-09-27T01:00,3600,0.0,0.0,0.0,0.0,0.0,0.0,0.0,0.0,0.0
2024-09-27T02:00,3600,0.0,0.0,0.0,0.0,0.0,0.0,0.0,0.0,0.0
2024-09-27T03:00,3600,0.0,0.0,0.0,0.0,0.0,0.0,0.0,0.0,0.0
2024-09-27T04:00,3600,0.0,0.0,0.0,0.0,0.0,0.0,0.0,0.0,0.0
2024-09-27T05:00,3600,0.0,0.0,0.0,0.0,0.0,0.0,0.0,0.0,0.0
2024-09-27T06:00,3600,0.0,0.020554126420000002,0.0,0.0,0.0,0.020554126420000002,35.193605,20.55412642,17.71552503
2024-09-27T07:00,3600,0.0,0.29319302663,0.0,0.0,0.0,0.29319302663,362.4903764,293.19302663,185.87962613
2024-09-27T08:00,3600,0.8870029986190047,0.6422564601,0.6422564601,0.24474653851900463,0.0,0.0,784.47815993,642.2564601,413.2749707
2024-09-27T09:00,3600,0.7497684264705884,0.9284261873599999,0.7497684264705884,0.0,0.0,0.17865776088941154,1132.95118847,928.42618736,611.43599039
2024-09-27T10:00,3600,0.8753581117647058,0.95977398281,0.8753581117647058,0.0,0.0,0.08441587104529424,1171.26386366,959.77398281,645.05827819
2024-09-27T11:00,3600,0.8929959029411764,1.01495924109,0.8929959029411764,0.0,0.0,0.12196333814882354,1238.77798198,1014.95924109,683.42020589
2024-09-27T12:00,3600,0.9388561970588236,1.1731181024099997,0.9388561970588236,0.0,0.0,0.23426190535117608,1432.75235904,1173.11810241,799.4329797
2024-09-27T13:00,3600,0.9563647735294117,1.10992571024,0.9563647735294117,0.0,0.0,0.15356093671058824,1355.16394245,1109.92571024,754.93817648
2024-09-27T14:00,3600,0.8789696294117646,0.8569841796900001,0.8569841796900001,0.021985449721764527,0.0,0.0,1045.73994398,856.98417969,571.17997403
2024-09-27T15:00,3600,0.810410805882353,0.62689122744,0.62689122744,0.183519578442353,0.0,0.0,765.83236774,626.89122744,411.27474554
2024-09-27T16:00,3600,0.7346144676470588,0.40550496857,0.40550496857,0.32910949907705883,0.0,0.0,497.90189951,405.50496857,263.01803686
2024-09-27T17:00,3600,0.6545096117647057,0.12465893209,0.12465893209,0.5298506796747057,0.0,0.0,159.93369995,124.65893209,82.96063544
2024-09-27T18:00,3600,0.0,0.0,0.0,0.0,0.0,0.0,3.81242353,0.0,1.93640388
2024-09-27T19:00,3600,0.0,0.0,0.0,0.0,0.0,0.0,0.0,0.0,0.0
2024-09-27T20:00,3600,0.0,0.0,0.0,0.0,0.0,0.0,0.0,0.0,0.0
2024-09-27T21:00,3600,0.0,0.0,0.0,0.0,0.0,0.0,0.0,0.0,0.0
2024-09-27T22:00,3600,0.0,0.0,0.0,0.0,0.0,0.0,0.0,0.0,0.0
2024-09-27T23:00,3600,0.0,0.0,0.0,0.0,0.0,0.0,0.0,0.0,0.0
2024-09-28T00:00,3600,0.0,0.0,0.0,0.0,0.0,0.0,0.0,0.0,0.0
2024-09-28T01:00,3600,0.0,0.0,0.0,0.0,0.0,0.0,0.0,0.0,0.0
2024-09-28T02:00,3600,0.0,0.0,0.0,0.0,0.0,0.0,0.0,0.0,0.0
2024-09-28T03:00,3600,0.0,0.0,0.0,0.0,0.0,0.0,0.0,0.0,0.0
2024-09-28T04:00,3600,0.0,0.0,0.0,0.0,0.0,0.0,0.0,0.0,0.0
2024-09-28T05:00,3600,0.0,0.0,0.0,0.0,0.0,0.0,0.0,0.0,0.0
2024-09-28T06:00,3600,0.0,0.01500092706,0.0,0.0,0.0,0.01500092706,28.54778765,15.00092706,14.41094305
2024-09-28T07:00,3600,0.0,0.23044753241000002,0.0,0.0,0.0,0.23044753241000002,286.98876875,230.44753241,146.89841157
2024-09-28T08:00,3600,0.0,0.47593941708000004,0.0,0.0,0.0,0.47593941708000004,582.99837781,475.93941708,303.98145767
2024-09-28T09:00,3600,0.0,0.76683021985,0.0,0.0,0.0,0.76683021985,935.89152621,766.83021985,498.64231169
2024-09-28T10:00,3600,0.0,0.8504970601899999,0.0,0.0,0.0,0.8504970601899999,1037.82806517,850.49706019,564.93808767
2024-09-28T11:00,3600,0.0,0.9350043394800001,0.0,0.0,0.0,0.9350043394800001,1140.98857251,935.00433948,626.81565219
2024-09-28T12:00,3600,0.0,1.10895134276,0.0,0.0,0.0,1.10895134276,1353.96849899,1108.95134276,756.18606477
2024-09-28T13:00,3600,0.0,0.8922360619299999,0.0,0.0,0.0,0.8922360619299999,1088.75489015,892.23606193,602.6536104
2024-09-28T14:00,3600,0.0,0.8316800391800001,0.0,0.0,0.0,0.8316800391800001,1014.88498036,831.68003918,558.59585648
2024-09-28T15:00,3600,0.0,0.72075302938,0.0,0.0,0.0,0.72075302938,879.83652542,720.75302938,480.34194466
2024-09-28T16:00,3600,0.0,0.42545809073999996,0.0,0.0,0.0,0.42545809073999996,521.99479795,425.45809074,277.71399528
2024-09-28T17:00,3600,0.0,0.10694192627,0.0,0.0,0.0,0.10694192627,138.68444668,106.94192627,71.77967715
2024-09-28T18:00,3600,0.0,0.0,0.0,0.0,0.0,0.0,3.81512051,0.0,1.93640388
2024-09-28T19:00,3600,0.0,0.0,0.0,0.0,0.0,0.0,0.0,0.0,0.0
2024-09-28T20:00,3600,0.0,0.0,0.0,0.0,0.0,0.0,0.0,0.0,0.0
2024-09-28T21:00,3600,0.0,0.0,0.0,0.0,0.0,0.0,0.0,0.0,0.0
2024-09-28T22:00,3600,0.0,0.0,0.0,0.0,0.0,0.0,0.0,0.0,0.0
2024-09-28T23:00,3600,0.0,0.0,0.0,0.0,0.0,0.0,0.0,0.0,0.0
2024-09-29T00:00,3600,0.0,0.0,0.0,0.0,0.0,0.0,0.0,0.0,0.0
2024-09-29T01:00,3600,0.0,0.0,0.0,0.0,0.0,0.0,0.0,0.0,0.0
2024-09-29T02:00,3600,0.0,0.0,0.0,0.0,0.0,0.0,0.0,0.0,0.0
2024-09-29T03:00,3600,0.0,0.0,0.0,0.0,0.0,0.0,0.0,0.0,0.0
2024-09-29T04:00,3600,0.0,0.0,0.0,0.0,0.0,0.0,0.0,0.0,0.0
2024-09-29T05:00,3600,0.0,0.0,0.0,0.0,0.0,0.0,0.0,0.0,0.0
2024-09-29T06:00,3600,0.0,0.009260057359999999,0.0,0.0,0.0,0.009260057359999999,21.67823704,9.26005736,10.93559846
2024-09-29T07:00,3600,0.0,0.18719398649,0.0,0.0,0.0,0.18719398649,235.00368367,187.19398649,119.84894847
2024-09-29T08:00,3600,0.0,0.46719568928,0.0,0.0,0.0,0.46719568928,572.42712148,467.19568928,297.4643208
2024-09-29T09:00,3600,0.0,0.8364381806699999,0.0,0.0,0.0,0.8364381806699999,1020.6855129,836.43818067,546.1446834
2024-09-29T10:00,3600,0.0,1.02169914795,0.0,0.0,0.0,1.02169914795,1247.02957632,1021.69914795,690.75691169
2024-09-29T11:00,3600,0.0,1.19693684764,0.0,0.0,0.0,1.19693684764,1462.02711759,1196.93684764,820.81888072
2024-09-29T12:00,3600,0.0,1.18819640369,0.0,0.0,0.0,1.18819640369,1451.28265531,1188.19640369,814.07097031
2024-09-29T13:00,3600,0.0,1.07055526055,0.0,0.0,0.0,1.07055526055,1306.88230192,1070.55526055,731.08401236
2024-09-29T14:00,3600,0.0,0.9943936752099999,0.0,0.0,0.0,0.9943936752099999,1213.60777533,994.39367521,673.81708523
2024-09-29T15:00,3600,0.0,0.75605034023,0.0,0.0,0.0,0.75605034023,922.77199472,756.05034023,502.86256513
2024-09-29T16:00,3600,0.0,0.45523302846,0.0,0.0,0.0,0.45523302846,557.96753741,455.23302846,297.09168717
2024-09-29T17:00,3600,0.0,0.14953102241,0.0,0.0,0.0,0.14953102241,189.77874067,149.53102241,98.85074125
2024-09-29T18:00,3600,0.0,0.0,0.0,0.0,0.0,0.0,3.80293238,0.0,1.93640388
2024-09-29T19:00,3600,0.0,0.0,0.0,0.0,0.0,0.0,0.0,0.0,0.0
2024-09-29T20:00,3600,0.0,0.0,0.0,0.0,0.0,0.0,0.0,0.0,0.0
2024-09-29T21:00,3600,0.0,0.0,0.0,0.0,0.0,0.0,0.0,0.0,0.0
2024-09-29T22:00,3600,0.0,0.0,0.0,0.0,0.0,0.0,0.0,0.0,0.0
2024-09-29T23:00,3600,0.0,0.0,0.0,0.0,0.0,0.0,0.0,0.0,0.0
2024-09-30T00:00,3600,0.0,0.0,0.0,0.0,0.0,0.0,0.0,0.0,0.0
2024-09-30T01:00,3600,0.0,0.0,0.0,0.0,0.0,0.0,0.0,0.0,0.0
2024-09-30T02:00,3600,0.0,0.0,0.0,0.0,0.0,0.0,0.0,0.0,0.0
2024-09-30T03:00,3600,0.0,0.0,0.0,0.0,0.0,0.0,0.0,0.0,0.0
2024-09-30T04:00,3600,0.0,0.0,0.0,0.0,0.0,0.0,0.0,0.0,0.0
2024-09-30T05:00,3600,0.0,0.0,0.0,0.0,0.0,0.0,0.0,0.0,0.0
2024-09-30T06:00,3600,0.0,0.01952757809,0.0,0.0,0.0,0.01952757809,33.96501668,19.52757809,17.17413532
2024-09-30T07:00,3600,0.0,0.3000821936,0.0,0.0,0.0,0.3000821936,370.78659666,300.0821936,190.97166157
2024-09-30T08:00,3600,1.0870588235294116,0.65223782731,0.65223782731,0.4348209962194116,0.0,0.0,796.59411175,652.23782731,420.78222143
2024-09-30T09:00,3600,1.0870588235294116,0.98221836779,0.98221836779,0.10484045573941159,0.0,0.0,1198.71207771,982.21836779,649.56104047
2024-09-30T10:00,3600,1.0613835294117648,1.1865393767,1.0613835294117648,0.0,0.0,0.12515584728823526,1449.2459517,1186.5393767,807.21830979
2024-09-30T11:00,3600,1.058898823529412,1.3395570946600002,1.058898823529412,0.0,0.0,0.2806582711305883,1637.65969872,1339.55709466,920.46394618
2024-09-30T12:00,3600,1.0576564705882354,1.34671784638,1.0576564705882354,0.0,0.0,0.2890613757917646,1646.49352098,1346.71784638,924.84989887
2024-09-30T13:00,3600,1.0348791701049156,1.0803315940099998,1.0348791701049156,0.0,0.0,0.045452423905084194,1318.86729217,1080.33159401,732.35630365
2024-09-30T14:00,3600,1.0365364705882352,1.10349019,1.0365364705882352,0.0,0.0,0.06695371941176487,1347.26875899,1103.49019,748.41220676
2024-09-30T15:00,3600,1.0377788235294119,0.84226587886,0.84226587886,0.19551294466941183,0.0,0.0,1027.79078292,842.26587886,560.35027982
2024-09-30T16:00,3600,1.0477176470588236,0.46625588067,0.46625588067,0.5814617663888236,0.0,0.0,571.29100803,466.25588067,303.32857149
2024-09-30T17:00,3600,1.0464752941176472,0.16442297575,0.16442297575,0.8820523183676472,0.0,0.0,207.65614898,164.42297575,108.37859315
2024-09-30T18:00,3600,0.0,0.0,0.0,0.0,0.0,0.0,3.8002473,0.0,1.93640388
2024-09-30T19:00,3600,0.0,0.0,0.0,0.0,0.0,0.0,0.0,0.0,0.0
2024-09-30T20:00,3600,0.0,0.0,0.0,0.0,0.0,0.0,0.0,0.0,0.0
2024-09-30T21:00,3600,0.0,0.0,0.0,0.0,0.0,0.0,0.0,0.0,0.0
2024-09-30T22:00,3600,0.0,0.0,0.0,0.0,0.0,0.0,0.0,0.0,0.0
2024-09-30T23:00,3600,0.0,0.0,0.0,0.0,0.0,0.0,0.0,0.0,0.0
2024-10-01T00:00,3600,0.0,0.0,0.0,0.0,0.0,0.0,0.0,0.0,0.0
2024-10-01T01:00,3600,0.0,0.0,0.0,0.0,0.0,0.0,0.0,0.0,0.0
2024-10-01T02:00,3600,0.0,0.0,0.0,0.0,0.0,0.0,0.0,0.0,0.0
2024-10-01T03:00,3600,0.0,0.0,0.0,0.0,0.0,0.0,0.0,0.0,0.0
2024-10-01T04:00,3600,0.0,0.0,0.0,0.0,0.0,0.0,0.0,0.0,0.0
2024-10-01T05:00,3600,0.0,0.0,0.0,0.0,0.0,0.0,0.0,0.0,0.0
2024-10-01T06:00,3600,0.0,0.020554783,0.0,0.0,0.0,0.020554783,35.19439081,20.554783,17.90921061
2024-10-01T07:00,3600,0.0,0.31216863991000005,0.0,0.0,0.0,0.31216863991000005,385.34470474,312.16863991,199.1075193
2024-10-01T08:00,3600,1.0393979356655718,0.67033905197,0.67033905197,0.3690588836955718,0.0,0.0,818.57346681,670.33905197,430.92603017
2024-10-01T09:00,3600,1.0394913375797687,0.9927638286300001,0.9927638286300001,0.046727508949768626,0.0,0.0,1211.6135197,992.76382863,648.19151881
2024-10-01T10:00,3600,1.0304455872089657,1.2305742847199999,1.0304455872089657,0.0,0.0,0.20012869751103413,1503.39754596,1230.57428472,820.43960042
2024-10-01T11:00,3600,1.0329810387836826,1.33065072278,1.0329810387836826,0.0,0.0,0.2976696839963173,1626.6744856,1330.65072278,890.52325716
2024-10-01T12:00,3600,1.0380496696773664,1.24146728087,1.0380496696773664,0.0,0.0,0.20341761119263357,1516.80176548,1241.46728087,825.3968652
2024-10-01T13:00,3600,1.013493576798807,1.2737112409799998,1.013493576798807,0.0,0.0,0.26021766418119285,1556.49923257,1273.71124098,848.03185785
2024-10-01T14:00,3600,1.0140626659433654,1.12768618937,1.0140626659433654,0.0,0.0,0.11362352342663473,1376.95889852,1127.68618937,744.37917025
2024-10-01T15:00,3600,1.0117570753734262,0.84451346487,0.84451346487,0.16724361050342618,0.0,0.0,1030.53134917,844.51346487,548.67138817
2024-10-01T16:00,3600,0.9831952737087384,0.5001383968900001,0.5001383968900001,0.4830568768187383,0.0,0.0,612.2661296,500.13839689,318.40642071
2024-10-01T17:00,3600,0.976728030875992,0.16348906693,0.16348906693,0.813238963945992,0.0,0.0,206.53484037,163.48906693,105.69242544
2024-10-01T18:00,3600,0.0,0.0,0.0,0.0,0.0,0.0,1.92473218,0.0,0.96820194
2024-10-01T19:00,3600,0.0,0.0,0.0,0.0,0.0,0.0,0.0,0.0,0.0
2024-10-01T20:00,3600,0.0,0.0,0.0,0.0,0.0,0.0,0.0,0.0,0.0
2024-10-01T21:00,3600,0.0,0.0,0.0,0.0,0.0,0.0,0.0,0.0,0.0
2024-10-01T22:00,3600,0.0,0.0,0.0,0.0,0.0,0.0,0.0,0.0,0.0
2024-10-01T23:00,3600,0.0,0.0,0.0,0.0,0.0,0.0,0.0,0.0,0.0
2024-10-02T00:00,3600,0.0,0.0,0.0,0.0,0.0,0.0,0.0,0.0,0.0
2024-10-02T01:00,3600,0.0,0.0,0.0,0.0,0.0,0.0,0.0,0.0,0.0
2024-10-02T02:00,3600,0.0,0.0,0.0,0.0,0.0,0.0,0.0,0.0,0.0
2024-10-02T03:00,3600,0.0,0.0,0.0,0.0,0.0,0.0,0.0,0.0,0.0
2024-10-02T04:00,3600,0.0,0.0,0.0,0.0,0.0,0.0,0.0,0.0,0.0
2024-10-02T05:00,3600,0.0,0.0,0.0,0.0,0.0,0.0,0.0,0.0,0.0
2024-10-02T06:00,3600,0.0,0.017868066989999997,0.0,0.0,0.0,0.017868066989999997,31.97894837,17.86806699,15.8820755
2024-10-02T07:00,3600,0.0,0.29543588349,0.0,0.0,0.0,0.29543588349,365.19117634,295.43588349,183.80323765
2024-10-02T08:00,3600,0.824370718908555,0.6604659594000001,0.6604659594000001,0.16390475950855488,0.0,0.0,806.58396683,660.4659594,413.48163545
2024-10-02T09:00,3600,0.815294117647059,0.99638081462,0.815294117647059,0.0,0.0,0.1810866969729411,1216.03931124,996.38081462,632.72898025
2024-10-02T10:00,3600,0.8248326111165744,1.24148531282,0.8248326111165744,0.0,0.0,0.4166527017034257,1516.82395727,1241.48531282,807.30350108
2024-10-02T11:00,3600,0.8199447640006405,1.3435913578300003,0.8199447640006405,0.0,0.0,0.5236465938293597,1642.63636172,1343.59135783,880.16553794
2024-10-02T12:00,3600,0.7192329602316057,1.4440726443200003,0.7192329602316057,0.0,0.0,0.7248396840883946,1766.74331089,1444.07264432,953.35349399
2024-10-02T13:00,3600,0.6352184926975428,1.34947773608,0.6352184926975428,0.0,0.0,0.7142592433824573,1649.89864274,1349.47773608,893.48242825
2024-10-02T14:00,3600,0.5787283130452625,1.1418578709,0.5787283130452625,0.0,0.0,0.5631295578547375,1394.35631653,1141.8578709,747.18574691
2024-10-02T15:00,3600,0.4924079926715119,0.84131953072,0.4924079926715119,0.0,0.0,0.34891153804848807,1026.63690751,841.31953072,541.36090319
2024-10-02T16:00,3600,0.38043867377801643,0.49457000803,0.38043867377801643,0.0,0.0,0.11413133425198357,605.52994937,494.57000803,313.51164353
2024-10-02T17:00,3600,0.29265545370817436,0.15152141381,0.15152141381,0.14113403989817436,0.0,0.0,192.16780988,151.52141381,97.85349833
2024-10-02T18:00,3600,0.0,0.0,0.0,0.0,0.0,0.0,1.93013426,0.0,0.96820194
2024-10-02T19:00,3600,0.0,0.0,0.0,0.0,0.0,0.0,0.0,0.0,0.0
2024-10-02T20:00,3600,0.0,0.0,0.0,0.0,0.0,0.0,0.0,0.0,0.0
2024-10-02T21:00,3600,0.0,0.0,0.0,0.0,0.0,0.0,0.0,0.0,0.0
2024-10-02T22:00,3600,0.0,0.0,0.0,0.0,0.0,0.0,0.0,0.0,0.0
2024-10-02T23:00,3600,0.0,0.0,0.0,0.0,0.0,0.0,0.0,0.0,0.0
2024-10-03T00:00,3600,0.0,0.0,0.0,0.0,0.0,0.0,0.0,0.0,0.0
2024-10-03T01:00,3600,0.0,0.0,0.0,0.0,0.0,0.0,0.0,0.0,0.0
2024-10-03T02:00,3600,0.0,0.0,0.0,0.0,0.0,0.0,0.0,0.0,0.0
2024-10-03T03:00,3600,0.0,0.0,0.0,0.0,0.0,0.0,0.0,0.0,0.0
2024-10-03T04:00,3600,0.0,0.0,0.0,0.0,0.0,0.0,0.0,0.0,0.0
2024-10-03T05:00,3600,0.0,0.0,0.0,0.0,0.0,0.0,0.0,0.0,0.0
2024-10-03T06:00,3600,0.0,0.02131249714,0.0,0.0,0.0,0.02131249714,36.10125237,21.31249714,17.94780175
2024-10-03T07:00,3600,0.0,0.32894390775,0.0,0.0,0.0,0.32894390775,405.55705997,328.94390775,204.82023473
2024-10-03T08:00,3600,0.0,0.68845076097,0.0,0.0,0.0,0.68845076097,840.57466864,688.45076097,432.42516591
2024-10-03T09:00,3600,0.0,1.03364947932,0.0,0.0,0.0,1.03364947932,1261.66341774,1033.64947932,658.85362638
2024-10-03T10:00,3600,0.815294117647059,1.24350663522,0.815294117647059,0.0,0.0,0.428212517572941,1519.31164496,1243.50663522,811.31820448
2024-10-03T11:00,3600,0.5919798328693485,1.42581267306,0.5919798328693485,0.0,0.0,0.8338328401906515,1744.16799809,1425.81267306,941.75870596
2024-10-03T12:00,3600,0.5884632470588235,1.44706474414,0.5884632470588235,0.0,0.0,0.8586014970811765,1770.44346015,1447.06474414,959.16434764
2024-10-03T13:00,3600,0.6077868294117647,1.34657540233,0.6077868294117647,0.0,0.0,0.7387885729182354,1646.31778109,1346.57540233,893.49959307
2024-10-03T14:00,3600,0.5594228617647059,1.17915403321,0.5594228617647059,0.0,0.0,0.619731171445294,1440.16935735,1179.15403321,774.81219197
2024-10-03T15:00,3600,0.4765037441176471,0.8931862346699999,0.4765037441176471,0.0,0.0,0.4166824905523528,1089.91479219,893.18623467,577.95690471
2024-10-03T16:00,3600,0.37172432647058823,0.53576221127,0.37172432647058823,0.0,0.0,0.16403788479941178,655.38107281,535.76221127,341.0441752
2024-10-03T17:00,3600,0.27138976470588233,0.16325048354000002,0.16325048354000002,0.10813928116588231,0.0,0.0,206.24838617,163.25048354,105.27091994
2024-10-03T18:00,3600,0.0,0.0,0.0,0.0,0.0,0.0,1.94029069,0.0,0.96820194
2024-10-03T19:00,3600,0.0,0.0,0.0,0.0,0.0,0.0,0.0,0.0,0.0
2024-10-03T20:00,3600,0.0,0.0,0.0,0.0,0.0,0.0,0.0,0.0,0.0
2024-10-03T21:00,3600,0.0,0.0,0.0,0.0,0.0,0.0,0.0,0.0,0.0
2024-10-03T22:00,3600,0.0,0.0,0.0,0.0,0.0,0.0,0.0,0.0,0.0
2024-10-03T23:00,3600,0.0,0.0,0.0,0.0,0.0,0.0,0.0,0.0,0.0
2024-10-04T00:00,3600,0.0,0.0,0.0,0.0,0.0,0.0,0.0,0.0,0.0
2024-10-04T01:00,3600,0.0,0.0,0.0,0.0,0.0,0.0,0.0,0.0,0.0
2024-10-04T02:00,3600,0.0,0.0,0.0,0.0,0.0,0.0,0.0,0.0,0.0
2024-10-04T03:00,3600,0.0,0.0,0.0,0.0,0.0,0.0,0.0,0.0,0.0
2024-10-04T04:00,3600,0.0,0.0,0.0,0.0,0.0,0.0,0.0,0.0,0.0
2024-10-04T05:00,3600,0.0,0.0,0.0,0.0,0.0,0.0,0.0,0.0,0.0
2024-10-04T06:00,3600,0.0,0.0084987824,0.0,0.0,0.0,0.0084987824,20.76735778,8.4987824,10.33128135
2024-10-04T07:00,3600,0.0,0.15333571141,0.0,0.0,0.0,0.15333571141,194.3456061,153.33571141,97.3338559
2024-10-04T08:00,3600,0.0,0.47622613004,0.0,0.0,0.0,0.47622613004,583.34505221,476.22613004,296.71375256
2024-10-04T09:00,3600,0.0,0.9900012322899999,0.0,0.0,0.0,0.9900012322899999,1208.23342105,990.00123229,632.36809466
2024-10-04T10:00,3600,0.5335557776506864,1.2186689204799999,0.5335557776506864,0.0,0.0,0.6851131428293135,1488.75149386,1218.66892048,801.57149271
2024-10-04T11:00,3600,0.5703088294117645,1.39409302273,0.5703088294117645,0.0,0.0,0.8237841933182354,1704.97533001,1394.09302273,929.97190384
2024-10-04T12:00,3600,0.5772573588235294,1.4147888980199999,0.5772573588235294,0.0,0.0,0.8375315391964705,1730.54372788,1414.78889802,945.58434814
2024-10-04T13:00,3600,0.6360829189931447,1.30747735305,0.6360829189931447,0.0,0.0,0.6713944340568552,1598.10302254,1307.47735305,876.49664037
2024-10-04T14:00,3600,0.5841132964502422,1.13810306374,0.5841132964502422,0.0,0.0,0.5539897672897578,1389.74628441,1138.10306374,754.14333717
2024-10-04T15:00,3600,0.5067298834967808,0.85853952279,0.5067298834967808,0.0,0.0,0.3518096392932192,1047.63706156,858.53952279,558.38890292
2024-10-04T16:00,3600,0.42433761197286635,0.51013555004,0.42433761197286635,0.0,0.0,0.08579793806713365,624.36200376,510.13555004,325.61600747
2024-10-04T17:00,3600,0.34181120499456086,0.15130727352,0.15130727352,0.19050393147456085,0.0,0.0,191.91077193,151.30727352,98.09304622
2024-10-04T18:00,3600,0.0,0.0,0.0,0.0,0.0,0.0,1.93689794,0.0,0.96820194
2024-10-04T19:00,3600,0.0,0.0,0.0,0.0,0.0,0.0,0.0,0.0,0.0
2024-10-04T20:00,3600,0.0,0.0,0.0,0.0,0.0,0.0,0.0,0.0,0.0
2024-10-04T21:00,3600,0.0,0.0,0.0,0.0,0.0,0.0,0.0,0.0,0.0
2024-10-04T22:00,3600,0.0,0.0,0.0,0.0,0.0,0.0,0.0,0.0,0.0
2024-10-04T23:00,3600,0.0,0.0,0.0,0.0,0.0,0.0,0.0,0.0,0.0
2024-10-05T00:00,3600,0.0,0.0,0.0,0.0,0.0,0.0,0.0,0.0,0.0
2024-10-05T01:00,3600,0.0,0.0,0.0,0.0,0.0,0.0,0.0,0.0,0.0
2024-10-05T02:00,3600,0.0,0.0,0.0,0.0,0.0,0.0,0.0,0.0,0.0
2024-10-05T03:00,3600,0.0,0.0,0.0,0.0,0.0,0.0,0.0,0.0,0.0
2024-10-05T04:00,3600,0.0,0.0,0.0,0.0,0.0,0.0,0.0,0.0,0.0
2024-10-05T05:00,3600,0.0,0.0,0.0,0.0,0.0,0.0,0.0,0.0,0.0
2024-10-05T06:00,3600,0.0,0.010692701609999999,0.0,0.0,0.0,0.010692701609999999,23.39246357,10.69270161,11.67580614
2024-10-05T07:00,3600,0.0,0.21891885987,0.0,0.0,0.0,0.21891885987,273.12788976,218.91885987,137.67248125
2024-10-05T08:00,3600,0.0,0.45633293622,0.0,0.0,0.0,0.45633293622,559.29686127,456.33293622,285.0656488
2024-10-05T09:00,3600,0.0,0.71072101533,0.0,0.0,0.0,0.71072101533,867.63998081,710.72101533,447.928896
2024-10-05T10:00,3600,0.0,0.81974716214,0.0,0.0,0.0,0.81974716214,1000.34070407,819.74716214,527.89474921
2024-10-05T11:00,3600,0.0,1.12156755581,0.0,0.0,0.0,1.12156755581,1369.44933249,1121.56755581,736.70389863
2024-10-05T12:00,3600,0.0,1.2604814947299998,0.0,0.0,0.0,1.2604814947299998,1540.20765846,1260.48149473,836.89164871
2024-10-05T13:00,3600,0.0,1.25282190372,0.0,0.0,0.0,1.25282190372,1530.7776866,1252.82190372,840.87500773
2024-10-05T14:00,3600,0.0,1.07314603861,0.0,0.0,0.0,1.07314603861,1310.05811916,1073.14603861,711.28863604
2024-10-05T15:00,3600,0.0,0.7953433120700001,0.0,0.0,0.0,0.7953433120700001,970.60874738,795.34331207,517.5810652
2024-10-05T16:00,3600,0.0,0.48626538171999995,0.0,0.0,0.0,0.48626538171999995,595.48527555,486.26538172,311.56903725
2024-10-05T17:00,3600,0.0,0.13683602572,0.0,0.0,0.0,0.13683602572,174.54342145,136.83602572,89.58456986
2024-10-05T18:00,3600,0.0,0.0,0.0,0.0,0.0,0.0,0.0,0.0,0.0
2024-10-05T19:00,3600,0.0,0.0,0.0,0.0,0.0,0.0,0.0,0.0,0.0
2024-10-05T20:00,3600,0.0,0.0,0.0,0.0,0.0,0.0,0.0,0.0,0.0
2024-10-05T21:00,3600,0.0,0.0,0.0,0.0,0.0,0.0,0.0,0.0,0.0
2024-10-05T22:00,3600,0.0,0.0,0.0,0.0,0.0,0.0,0.0,0.0,0.0
2024-10-05T23:00,3600,0.0,0.0,0.0,0.0,0.0,0.0,0.0,0.0,0.0
2024-10-06T00:00,3600,0.0,0.0,0.0,0.0,0.0,0.0,0.0,0.0,0.0
2024-10-06T01:00,3600,0.0,0.0,0.0,0.0,0.0,0.0,0.0,0.0,0.0
2024-10-06T02:00,3600,0.0,0.0,0.0,0.0,0.0,0.0,0.0,0.0,0.0
2024-10-06T03:00,3600,0.0,0.0,0.0,0.0,0.0,0.0,0.0,0.0,0.0
2024-10-06T04:00,3600,0.0,0.0,0.0,0.0,0.0,0.0,0.0,0.0,0.0
2024-10-06T05:00,3600,0.0,0.0,0.0,0.0,0.0,0.0,0.0,0.0,0.0
2024-10-06T06:00,3600,0.0,0.0058146439,0.0,0.0,0.0,0.0058146439,17.55586044,5.8146439,8.82218306
2024-10-06T07:00,3600,0.0,0.16601335448,0.0,0.0,0.0,0.16601335448,209.56570982,166.01335448,106.17444001
2024-10-06T08:00,3600,0.0,0.35653164412000005,0.0,0.0,0.0,0.35653164412000005,438.81387606,356.53164412,224.52177332
2024-10-06T09:00,3600,0.0,0.7113331083900001,0.0,0.0,0.0,0.7113331083900001,868.3840601,711.33310839,453.5421146
2024-10-06T10:00,3600,0.0,0.9949650817000001,0.0,0.0,0.0,0.9949650817000001,1214.30695756,994.9650817,655.71535005
2024-10-06T11:00,3600,0.0,1.22528777258,0.0,0.0,0.0,1.22528777258,1496.89354083,1225.28777258,822.02010145
2024-10-06T12:00,3600,0.0,1.2788863091400002,0.0,0.0,0.0,1.2788863091400002,1562.87337363,1278.88630914,862.92861236
2024-10-06T13:00,3600,0.0,1.1166081864200001,0.0,0.0,0.0,1.1166081864200001,1363.36335096,1116.60818642,752.21127012
2024-10-06T14:00,3600,0.0,0.9343959980500001,0.0,0.0,0.0,0.9343959980500001,1140.24523125,934.39599805,621.36459923
2024-10-06T15:00,3600,0.0,0.6216307467700001,0.0,0.0,0.0,0.6216307467700001,759.4502502,621.63074677,404.61253122
2024-10-06T16:00,3600,0.0,0.34568266282000004,0.0,0.0,0.0,0.34568266282000004,425.73303929,345.68266282,222.63891706
2024-10-06T17:00,3600,0.0,0.10417441599999999,0.0,0.0,0.0,0.10417441599999999,135.36593533,104.174416,69.73539937
2024-10-06T18:00,3600,0.0,0.0,0.0,0.0,0.0,0.0,0.0,0.0,0.0
2024-10-06T19:00,3600,0.0,0.0,0.0,0.0,0.0,0.0,0.0,0.0,0.0
2024-10-06T20:00,3600,0.0,0.0,0.0,0.0,0.0,0.0,0.0,0.0,0.0
2024-10-06T21:00,3600,0.0,0.0,0.0,0.0,0.0,0.0,0.0,0.0,0.0
2024-10-06T22:00,3600,0.0,0.0,0.0,0.0,0.0,0.0,0.0,0.0,0.0
2024-10-06T23:00,3600,0.0,0.0,0.0,0.0,0.0,0.0,0.0,0.0,0.0
2024-10-07T00:00,3600,0.0,0.0,0.0,0.0,0.0,0.0,0.0,0.0,0.0
2024-10-07T01:00,3600,0.0,0.0,0.0,0.0,0.0,0.0,0.0,0.0,0.0
2024-10-07T02:00,3600,0.0,0.0,0.0,0.0,0.0,0.0,0.0,0.0,0.0
2024-10-07T03:00,3600,0.0,0.0,0.0,0.0,0.0,0.0,0.0,0.0,0.0
2024-10-07T04:00,3600,0.0,0.0,0.0,0.0,0.0,0.0,0.0,0.0,0.0
2024-10-07T05:00,3600,0.0,0.0,0.0,0.0,0.0,0.0,0.0,0.0,0.0
2024-10-07T06:00,3600,0.0,0.011382527310000001,0.0,0.0,0.0,0.011382527310000001,24.21789207,11.38252731,12.21674483
2024-10-07T07:00,3600,0.0,0.18103896259000002,0.0,0.0,0.0,0.18103896259000002,227.61024667,181.03896259,115.79276641
2024-10-07T08:00,3600,0.9257237260326474,0.45505565708,0.45505565708,0.4706680689526474,0.0,0.0,557.75317343,455.05565708,287.72105111
2024-10-07T09:00,3600,0.9358870426062356,0.8080364511499999,0.8080364511499999,0.12785059145623567,0.0,0.0,986.07110111,808.03645115,519.41072047
2024-10-07T10:00,3600,0.935350985451778,1.1953057269200003,0.935350985451778,0.0,0.0,0.2599547414682223,1460.02184462,1195.30572692,797.28573102
2024-10-07T11:00,3600,0.9384560998508209,1.34769968464,0.9384560998508209,0.0,0.0,0.4092435847891791,1647.70487685,1347.69968464,906.59046634
2024-10-07T12:00,3600,0.9479101250587396,1.37228024775,0.9479101250587396,0.0,0.0,0.4243701226912604,1678.04063129,1372.28024775,925.97083041
2024-10-07T13:00,3600,0.9514344089364483,1.2751896948000003,0.9514344089364483,0.0,0.0,0.32375528586355207,1558.32016765,1275.1896948,862.54967753
2024-10-07T14:00,3600,0.9498835243211848,1.10884359377,0.9498835243211848,0.0,0.0,0.15896006944881524,1353.83630431,1108.84359377,741.7955423
2024-10-07T15:00,3600,0.950085052191998,0.8299471781300001,0.8299471781300001,0.12013787406199794,0.0,0.0,1012.77265042,829.94717813,545.00526991
2024-10-07T16:00,3600,0.9505605093551789,0.48341275262,0.48341275262,0.4671477567351789,0.0,0.0,592.03537913,483.41275262,310.83783418
2024-10-07T17:00,3600,0.9657961711528323,0.13225756997,0.13225756997,0.8335386011828323,0.0,0.0,169.04985769,132.25756997,87.00394308
2024-10-07T18:00,3600,0.0,0.0,0.0,0.0,0.0,0.0,0.0,0.0,0.0
2024-10-07T19:00,3600,0.0,0.0,0.0,0.0,0.0,0.0,0.0,0.0,0.0
2024-10-07T20:00,3600,0.0,0.0,0.0,0.0,0.0,0.0,0.0,0.0,0.0
2024-10-07T21:00,3600,0.0,0.0,0.0,0.0,0.0,0.0,0.0,0.0,0.0
2024-10-07T22:00,3600,0.0,0.0,0.0,0.0,0.0,0.0,0.0,0.0,0.0
2024-10-07T23:00,3600,0.0,0.0,0.0,0.0,0.0,0.0,0.0,0.0,0.0
2024-10-08T00:00,3600,0.0,0.0,0.0,0.0,0.0,0.0,0.0,0.0,0.0
2024-10-08T01:00,3600,0.0,0.0,0.0,0.0,0.0,0.0,0.0,0.0,0.0
2024-10-08T02:00,3600,0.0,0.0,0.0,0.0,0.0,0.0,0.0,0.0,0.0
2024-10-08T03:00,3600,0.0,0.0,0.0,0.0,0.0,0.0,0.0,0.0,0.0
2024-10-08T04:00,3600,0.0,0.0,0.0,0.0,0.0,0.0,0.0,0.0,0.0
2024-10-08T05:00,3600,0.0,0.0,0.0,0.0,0.0,0.0,0.0,0.0,0.0
2024-10-08T06:00,3600,0.0,0.019008036659999998,0.0,0.0,0.0,0.019008036659999998,33.34323244,19.00803666,16.65465218
2024-10-08T07:00,3600,0.0,0.3136471244,0.0,0.0,0.0,0.3136471244,387.12580926,313.6471244,196.5015093
2024-10-08T08:00,3600,0.864028208820454,0.6845094549499999,0.6845094549499999,0.17951875387045402,0.0,0.0,835.78618959,684.50945495,432.93254806
2024-10-08T09:00,3600,0.8623839690578435,1.00695625549,0.8623839690578435,0.0,0.0,0.14457228643215647,1228.9816936,1006.95625549,647.14479578
2024-10-08T10:00,3600,0.8912997974719827,1.24596916547,0.8912997974719827,0.0,0.0,0.3546693679980173,1522.34249694,1245.96916547,822.74435455
2024-10-08T11:00,3600,0.8966310493873443,1.3755908237599999,0.8966310493873443,0.0,0.0,0.4789597743726556,1682.12767902,1375.59082376,919.69867216
2024-10-08T12:00,3600,0.848599429268577,1.39675618474,0.848599429268577,0.0,0.0,0.5481567554714231,1708.26478968,1396.75618474,937.38394723
2024-10-08T13:00,3600,0.7409170996897533,1.30568242761,0.7409170996897533,0.0,0.0,0.5647653279202468,1595.89063182,1305.68242761,878.2972142
2024-10-08T14:00,3600,0.6778616493560208,1.09431648592,0.6778616493560208,0.0,0.0,0.4164548365639793,1336.01638535,1094.31648592,725.34630813
2024-10-08T15:00,3600,0.5936989242304939,0.82427545249,0.5936989242304939,0.0,0.0,0.23057652825950614,1005.85949763,824.27545249,536.82218779
2024-10-08T16:00,3600,0.4609637851148613,0.45981754984000006,0.45981754984000006,0.0011462352748612403,0.0,0.0,563.50850602,459.81754984,292.97426586
2024-10-08T17:00,3600,0.37966059765839566,0.11568874941,0.11568874941,0.26397184824839565,0.0,0.0,149.17407761,115.68874941,76.06316423
2024-10-08T18:00,3600,0.0,0.0,0.0,0.0,0.0,0.0,0.0,0.0,0.0
2024-10-08T19:00,3600,0.0,0.0,0.0,0.0,0.0,0.0,0.0,0.0,0.0
2024-10-08T20:00,3600,0.0,0.0,0.0,0.0,0.0,0.0,0.0,0.0,0.0
2024-10-08T21:00,3600,0.0,0.0,0.0,0.0,0.0,0.0,0.0,0.0,0.0
2024-10-08T22:00,3600,0.0,0.0,0.0,0.0,0.0,0.0,0.0,0.0,0.0
2024-10-08T23:00,3600,0.0,0.0,0.0,0.0,0.0,0.0,0.0,0.0,0.0
2024-10-09T00:00,3600,0.0,0.0,0.0,0.0,0.0,0.0,0.0,0.0,0.0
2024-10-09T01:00,3600,0.0,0.0,0.0,0.0,0.0,0.0,0.0,0.0,0.0
2024-10-09T02:00,3600,0.0,0.0,0.0,0.0,0.0,0.0,0.0,0.0,0.0
2024-10-09T03:00,3600,0.0,0.0,0.0,0.0,0.0,0.0,0.0,0.0,0.0
2024-10-09T04:00,3600,0.0,0.0,0.0,0.0,0.0,0.0,0.0,0.0,0.0
2024-10-09T05:00,3600,0.0,0.0,0.0,0.0,0.0,0.0,0.0,0.0,0.0
2024-10-09T06:00,3600,0.0,0.012756436880000001,0.0,0.0,0.0,0.012756436880000001,25.86191623,12.75643688,12.864802
2024-10-09T07:00,3600,0.0,0.20036271035,0.0,0.0,0.0,0.20036271035,250.82542576,200.36271035,126.06400501
2024-10-09T08:00,3600,0.0,0.50179444611,0.0,0.0,0.0,0.50179444611,614.26964649,501.79444611,313.95835822
2024-10-09T09:00,3600,0.0,0.8508038607199999,0.0,0.0,0.0,0.8508038607199999,1038.20222129,850.80386072,540.71208925
2024-10-09T10:00,3600,0.8204878390368301,1.1531700433099998,0.8204878390368301,0.0,0.0,0.33268220427316975,1408.24748823,1153.17004331,757.08871028
2024-10-09T11:00,3600,0.6722996211260617,1.38567944339,0.6722996211260617,0.0,0.0,0.7133798222639383,1694.58448563,1385.67944339,928.02837726
2024-10-09T12:00,3600,0.68829274213259,1.40365835355,0.68829274213259,0.0,0.0,0.7153656114174101,1716.79111184,1403.65835355,945.35426999
2024-10-09T13:00,3600,0.6368138417896713,1.0423787465099998,0.6368138417896713,0.0,0.0,0.4055649047203286,1272.35546079,1042.37874651,688.82891933
2024-10-09T14:00,3600,0.48943816177651117,0.49179258437999995,0.48943816177651117,0.0,0.0,0.0023544226034887816,602.17036834,491.79258438,314.44775014
2024-10-09T15:00,3600,0.4580363546336928,0.41964818038,0.41964818038,0.038388174253692786,0.0,0.0,514.97835327,419.64818038,267.35659562
2024-10-09T16:00,3600,0.3875973337931332,0.20596947549,0.20596947549,0.18162785830313322,0.0,0.0,257.56316683,205.96947549,131.60522466
2024-10-09T17:00,3600,0.34257017930066525,0.044999073279999996,0.044999073279999996,0.2975711060206653,0.0,0.0,64.45796773,44.99907328,32.63043332
2024-10-09T18:00,3600,0.0,0.0,0.0,0.0,0.0,0.0,0.0,0.0,0.0
2024-10-09T19:00,3600,0.0,0.0,0.0,0.0,0.0,0.0,0.0,0.0,0.0
2024-10-09T20:00,3600,0.0,0.0,0.0,0.0,0.0,0.0,0.0,0.0,0.0
2024-10-09T21:00,3600,0.0,0.0,0.0,0.0,0.0,0.0,0.0,0.0,0.0
2024-10-09T22:00,3600,0.0,0.0,0.0,0.0,0.0,0.0,0.0,0.0,0.0
2024-10-09T23:00,3600,0.0,0.0,0.0,0.0,0.0,0.0,0.0,0.0,0.0
2024-10-10T00:00,3600,0.0,0.0,0.0,0.0,0.0,0.0,0.0,0.0,0.0
2024-10-10T01:00,3600,0.0,0.0,0.0,0.0,0.0,0.0,0.0,0.0,0.0
2024-10-10T02:00,3600,0.0,0.0,0.0,0.0,0.0,0.0,0.0,0.0,0.0
2024-10-10T03:00,3600,0.0,0.0,0.0,0.0,0.0,0.0,0.0,0.0,0.0
2024-10-10T04:00,3600,0.0,0.0,0.0,0.0,0.0,0.0,0.0,0.0,0.0
2024-10-10T05:00,3600,0.0,0.0,0.0,0.0,0.0,0.0,0.0,0.0,0.0
2024-10-10T06:00,3600,0.0,0.0082511598,0.0,0.0,0.0,0.0082511598,20.47107618,8.2511598,10.22733391
2024-10-10T07:00,3600,0.0,0.18873388929999999,0.0,0.0,0.0,0.18873388929999999,236.85357988,188.7338893,119.43926984
2024-10-10T08:00,3600,0.0,0.43706998026999994,0.0,0.0,0.0,0.43706998026999994,536.02087464,437.06998027,273.99858662
2024-10-10T09:00,3600,0.41357585323827795,0.80295102829,0.41357585323827795,0.0,0.0,0.38937517505172203,979.87566794,802.95102829,510.7204
2024-10-10T10:00,3600,0.6127605377699051,1.16934783666,0.6127605377699051,0.0,0.0,0.556587298890095,1428.11995958,1169.34783666,773.44761029
2024-10-10T11:00,3600,0.6663993798969186,1.3282910423699998,0.6663993798969186,0.0,0.0,0.6618916624730813,1623.76441785,1328.29104237,890.30298674
2024-10-10T12:00,3600,0.6858202780997892,1.3756301925600003,0.6858202780997892,0.0,0.0,0.6898099144602111,1682.17628342,1375.63019256,927.019435
2024-10-10T13:00,3600,0.7011368341265756,1.2209590758700002,0.7011368341265756,0.0,0.0,0.5198222417434246,1491.568539,1220.95907587,820.40273571
2024-10-10T14:00,3600,0.6306114523509823,1.00463896496,0.6306114523509823,0.0,0.0,0.3740275126090178,1226.1454867,1004.63896496,664.55730846
2024-10-10T15:00,3600,0.5307969863242472,0.60705179278,0.5307969863242472,0.0,0.0,0.07625480645575278,741.76678536,607.05179278,391.68838965
2024-10-10T16:00,3600,0.42791788095444744,0.38428695114999994,0.38428695114999994,0.043630929804447494,0.0,0.0,472.29359563,384.28695115,244.60695117
2024-10-10T17:00,3600,0.3507589895471312,0.08116147107,0.08116147107,0.2695975184771312,0.0,0.0,107.77913008,81.16147107,54.80507009
2024-10-10T18:00,3600,0.0,0.0,0.0,0.0,0.0,0.0,0.0,0.0,0.0
2024-10-10T19:00,3600,0.0,0.0,0.0,0.0,0.0,0.0,0.0,0.0,0.0
2024-10-10T20:00,3600,0.0,0.0,0.0,0.0,0.0,0.0,0.0,0.0,0.0
2024-10-10T21:00,3600,0.0,0.0,0.0,0.0,0.0,0.0,0.0,0.0,0.0
2024-10-10T22:00,3600,0.0,0.0,0.0,0.0,0.0,0.0,0.0,0.0,0.0
2024-10-10T23:00,3600,0.0,0.0,0.0,0.0,0.0,0.0,0.0,0.0,0.0
2024-10-11T00:00,3600,0.0,0.0,0.0,0.0,0.0,0.0,0.0,0.0,0.0
2024-10-11T01:00,3600,0.0,0.0,0.0,0.0,0.0,0.0,0.0,0.0,0.0
2024-10-11T02:00,3600,0.0,0.0,0.0,0.0,0.0,0.0,0.0,0.0,0.0
2024-10-11T03:00,3600,0.0,0.0,0.0,0.0,0.0,0.0,0.0,0.0,0.0
2024-10-11T04:00,3600,0.0,0.0,0.0,0.0,0.0,0.0,0.0,0.0,0.0
2024-10-11T05:00,3600,0.0,0.0,0.0,0.0,0.0,0.0,0.0,0.0,0.0
2024-10-11T06:00,3600,0.0,0.012249278240000001,0.0,0.0,0.0,0.012249278240000001,25.2550429,12.24927824,12.58947056
2024-10-11T07:00,3600,0.0,0.28299259578999997,0.0,0.0,0.0,0.28299259578999997,350.20895637,282.99259579,177.03375999
2024-10-11T08:00,3600,0.0,0.60943713032,0.0,0.0,0.0,0.60943713032,744.65966518,609.43713032,383.92394638
2024-10-11T09:00,3600,0.0,0.90447962216,0.0,0.0,0.0,0.90447962216,1103.70289352,904.47962216,579.63505315
2024-10-11T10:00,3600,0.8500832151001287,1.14971159798,0.8500832151001287,0.0,0.0,0.29962838287987137,1404.00018092,1149.71159798,762.74501409
2024-10-11T11:00,3600,0.6474753329507704,1.2725551789299998,0.6474753329507704,0.0,0.0,0.6250798459792294,1555.07541491,1272.55517893,854.68272618
2024-10-11T12:00,3600,0.654384602025684,1.22904128651,0.654384602025684,0.0,0.0,0.574656684484316,1501.51141243,1229.04128651,825.71528842
2024-10-11T13:00,3600,0.6680888896782313,1.05910611548,0.6680888896782313,0.0,0.0,0.3910172258017688,1292.85005316,1059.10611548,708.36247197
2024-10-11T14:00,3600,0.5820481218061909,0.73221817112,0.5820481218061909,0.0,0.0,0.15017004931380906,893.77885039,732.21817112,478.91748792
2024-10-11T15:00,3600,0.4982390313460376,0.48259801253,0.48259801253,0.015641018816037577,0.0,0.0,591.05009438,482.59801253,310.98520505
2024-10-11T16:00,3600,0.4258206550042173,0.28066667614,0.28066667614,0.14515397886421727,0.0,0.0,347.40892051,280.66667614,179.88458282
2024-10-11T17:00,3600,0.38291166851895775,0.06564779772,0.06564779772,0.31726387079895774,0.0,0.0,89.19007252,65.64779772,45.50045391
2024-10-11T18:00,3600,0.0,0.0,0.0,0.0,0.0,0.0,0.0,0.0,0.0
2024-10-11T19:00,3600,0.0,0.0,0.0,0.0,0.0,0.0,0.0,0.0,0.0
2024-10-11T20:00,3600,0.0,0.0,0.0,0.0,0.0,0.0,0.0,0.0,0.0
2024-10-11T21:00,3600,0.0,0.0,0.0,0.0,0.0,0.0,0.0,0.0,0.0
2024-10-11T22:00,3600,0.0,0.0,0.0,0.0,0.0,0.0,0.0,0.0,0.0
2024-10-11T23:00,3600,0.0,0.0,0.0,0.0,0.0,0.0,0.0,0.0,0.0
2024-10-12T00:00,3600,0.0,0.0,0.0,0.0,0.0,0.0,0.0,0.0,0.0
2024-10-12T01:00,3600,0.0,0.0,0.0,0.0,0.0,0.0,0.0,0.0,0.0
2024-10-12T02:00,3600,0.0,0.0,0.0,0.0,0.0,0.0,0.0,0.0,0.0
2024-10-12T03:00,3600,0.0,0.0,0.0,0.0,0.0,0.0,0.0,0.0,0.0
2024-10-12T04:00,3600,0.0,0.0,0.0,0.0,0.0,0.0,0.0,0.0,0.0
2024-10-12T05:00,3600,0.0,0.0,0.0,0.0,0.0,0.0,0.0,0.0,0.0
2024-10-12T06:00,3600,0.0,0.01134921735,0.0,0.0,0.0,0.01134921735,24.1780339,11.34921735,12.06187544
2024-10-12T07:00,3600,0.0,0.26083116476,0.0,0.0,0.0,0.26083116476,323.53607967,260.83116476,163.91136167
2024-10-12T08:00,3600,0.0,0.58640627431,0.0,0.0,0.0,0.58640627431,716.73497611,586.40627431,371.38234486
2024-10-12T09:00,3600,0.0,0.9238873399099999,0.0,0.0,0.0,0.9238873399099999,1127.40620216,923.88733991,598.68183323
2024-10-12T10:00,3600,0.0,1.0971384939100002,0.0,0.0,0.0,1.0971384939100002,1339.47757547,1097.13849391,735.70034962
2024-10-12T11:00,3600,0.0,1.06940950286,0.0,0.0,0.0,1.06940950286,1305.47787498,1069.40950286,714.89349561
2024-10-12T12:00,3600,0.0,0.9724405283600001,0.0,0.0,0.0,0.9724405283600001,1186.75257517,972.44052836,645.63107426
2024-10-12T13:00,3600,0.0,0.87849498047,0.0,0.0,0.0,0.87849498047,1071.98362184,878.49498047,583.83735655
2024-10-12T14:00,3600,0.0,0.55996248314,0.0,0.0,0.0,0.55996248314,684.69021495,559.96248314,364.11644804
2024-10-12T15:00,3600,0.0,0.49783906157,0.0,0.0,0.0,0.49783906157,609.48447903,497.83906157,322.3936861
2024-10-12T16:00,3600,0.0,0.35868864422,0.0,0.0,0.0,0.35868864422,441.41499642,358.68864422,230.80281922
2024-10-12T17:00,3600,0.0,0.09541775254,0.0,0.0,0.0,0.09541775254,124.86720211,95.41775254,64.1486358
2024-10-12T18:00,3600,0.0,0.0,0.0,0.0,0.0,0.0,0.0,0.0,0.0
2024-10-12T19:00,3600,0.0,0.0,0.0,0.0,0.0,0.0,0.0,0.0,0.0
2024-10-12T20:00,3600,0.0,0.0,0.0,0.0,0.0,0.0,0.0,0.0,0.0
2024-10-12T21:00,3600,0.0,0.0,0.0,0.0,0.0,0.0,0.0,0.0,0.0
2024-10-12T22:00,3600,0.0,0.0,0.0,0.0,0.0,0.0,0.0,0.0,0.0
2024-10-12T23:00,3600,0.0,0.0,0.0,0.0,0.0,0.0,0.0,0.0,0.0
2024-10-13T00:00,3600,0.0,0.0,0.0,0.0,0.0,0.0,0.0,0.0,0.0
2024-10-13T01:00,3600,0.0,0.0,0.0,0.0,0.0,0.0,0.0,0.0,0.0
2024-10-13T02:00,3600,0.0,0.0,0.0,0.0,0.0,0.0,0.0,0.0,0.0
2024-10-13T03:00,3600,0.0,0.0,0.0,0.0,0.0,0.0,0.0,0.0,0.0
2024-10-13T04:00,3600,0.0,0.0,0.0,0.0,0.0,0.0,0.0,0.0,0.0
2024-10-13T05:00,3600,0.0,0.0,0.0,0.0,0.0,0.0,0.0,0.0,0.0
2024-10-13T06:00,3600,0.0,0.01583506787,0.0,0.0,0.0,0.01583506787,29.54599722,15.83506787,14.71337375
2024-10-13T07:00,3600,0.0,0.30021274826,0.0,0.0,0.0,0.30021274826,370.9438284,300.21274826,188.36409627
2024-10-13T08:00,3600,0.0,0.6642448932099999,0.0,0.0,0.0,0.6642448932099999,811.17263723,664.24489321,422.83436505
2024-10-13T09:00,3600,0.0,0.9842387686499999,0.0,0.0,0.0,0.9842387686499999,1201.18361542,984.23876865,642.0973526
2024-10-13T10:00,3600,0.0,1.1832171379399998,0.0,0.0,0.0,1.1832171379399998,1445.1627226,1183.21713794,802.55345571
2024-10-13T11:00,3600,0.0,1.28623885556,0.0,0.0,0.0,1.28623885556,1571.93085445,1286.23885556,878.85741359
2024-10-13T12:00,3600,0.0,1.25856904452,0.0,0.0,0.0,1.25856904452,1537.8530196,1258.56904452,858.73898546
2024-10-13T13:00,3600,0.0,1.11193969308,0.0,0.0,0.0,1.11193969308,1357.63496773,1111.93969308,755.20337235
2024-10-13T14:00,3600,0.0,0.87546910383,0.0,0.0,0.0,0.87546910383,1068.29119364,875.46910383,583.9603377
2024-10-13T15:00,3600,0.0,0.64457624096,0.0,0.0,0.0,0.64457624096,787.29379539,644.57624096,423.35116335
2024-10-13T16:00,3600,0.0,0.39551236275,0.0,0.0,0.0,0.39551236275,485.84016223,395.51236275,255.73239803
2024-10-13T17:00,3600,0.0,0.09844189525000001,0.0,0.0,0.0,0.09844189525000001,128.49274256,98.44189525,66.34167217
2024-10-13T18:00,3600,0.0,0.0,0.0,0.0,0.0,0.0,0.0,0.0,0.0
2024-10-13T19:00,3600,0.0,0.0,0.0,0.0,0.0,0.0,0.0,0.0,0.0
2024-10-13T20:00,3600,0.0,0.0,0.0,0.0,0.0,0.0,0.0,0.0,0.0
2024-10-13T21:00,3600,0.0,0.0,0.0,0.0,0.0,0.0,0.0,0.0,0.0
2024-10-13T22:00,3600,0.0,0.0,0.0,0.0,0.0,0.0,0.0,0.0,0.0
2024-10-13T23:00,3600,0.0,0.0,0.0,0.0,0.0,0.0,0.0,0.0,0.0
2024-10-14T00:00,3600,0.0,0.0,0.0,0.0,0.0,0.0,0.0,0.0,0.0
2024-10-14T01:00,3600,0.0,0.0,0.0,0.0,0.0,0.0,0.0,0.0,0.0
2024-10-14T02:00,3600,0.0,0.0,0.0,0.0,0.0,0.0,0.0,0.0,0.0
2024-10-14T03:00,3600,0.0,0.0,0.0,0.0,0.0,0.0,0.0,0.0,0.0
2024-10-14T04:00,3600,0.0,0.0,0.0,0.0,0.0,0.0,0.0,0.0,0.0
2024-10-14T05:00,3600,0.0,0.0,0.0,0.0,0.0,0.0,0.0,0.0,0.0
2024-10-14T06:00,3600,0.0,0.01421190664,0.0,0.0,0.0,0.01421190664,27.60359031,14.21190664,13.84072671
2024-10-14T07:00,3600,0.0,0.2699777801,0.0,0.0,0.0,0.2699777801,334.54307905,269.9777801,170.65122903
2024-10-14T08:00,3600,1.0641395038237598,0.6508870191,0.6508870191,0.41325248472375975,0.0,0.0,794.95426205,650.8870191,416.14976664
2024-10-14T09:00,3600,1.0682164157953047,0.95208882427,0.95208882427,0.11612759152530472,0.0,0.0,1161.86863375,952.08882427,624.05060676
2024-10-14T10:00,3600,1.0755266055196921,1.08154255756,1.0755266055196921,0.0,0.0,0.006015952040307804,1320.3520253,1081.54255756,727.21678053
2024-10-14T11:00,3600,1.063942379686871,1.18934542739,1.063942379686871,0.0,0.0,0.12540304770312893,1452.69500268,1189.34542739,807.8497782
2024-10-14T12:00,3600,1.0612256675757712,1.22604054335,1.0612256675757712,0.0,0.0,0.1648148757742287,1497.81962671,1226.04054335,838.40269462
2024-10-14T13:00,3600,1.0341022017058499,0.9833959764600001,0.9833959764600001,0.05070622524584978,0.0,0.0,1200.15262141,983.39597646,664.10202925
2024-10-14T14:00,3600,1.0322402371604495,0.88225691924,0.88225691924,0.1499833179204495,0.0,0.0,1076.57461477,882.25691924,590.37811231
2024-10-14T15:00,3600,1.0377180382470517,0.550630246,0.550630246,0.4870877922470517,0.0,0.0,673.38595561,550.630246,359.52756251
2024-10-14T16:00,3600,1.0591914624668881,0.31104751799,0.31104751799,0.748143944476888,0.0,0.0,383.99414821,311.04751799,200.88740439
2024-10-14T17:00,3600,1.046101545173903,0.05107930291,0.05107930291,0.9950222422639031,0.0,0.0,71.73940991,51.07930291,36.95217841
2024-10-14T18:00,3600,0.0,0.0,0.0,0.0,0.0,0.0,0.0,0.0,0.0
2024-10-14T19:00,3600,0.0,0.0,0.0,0.0,0.0,0.0,0.0,0.0,0.0
2024-10-14T20:00,3600,0.0,0.0,0.0,0.0,0.0,0.0,0.0,0.0,0.0
2024-10-14T21:00,3600,0.0,0.0,0.0,0.0,0.0,0.0,0.0,0.0,0.0
2024-10-14T22:00,3600,0.0,0.0,0.0,0.0,0.0,0.0,0.0,0.0,0.0
2024-10-14T23:00,3600,0.0,0.0,0.0,0.0,0.0,0.0,0.0,0.0,0.0
2024-10-15T00:00,3600,0.0,0.0,0.0,0.0,0.0,0.0,0.0,0.0,0.0
2024-10-15T01:00,3600,0.0,0.0,0.0,0.0,0.0,0.0,0.0,0.0,0.0
2024-10-15T02:00,3600,0.0,0.0,0.0,0.0,0.0,0.0,0.0,0.0,0.0
2024-10-15T03:00,3600,0.0,0.0,0.0,0.0,0.0,0.0,0.0,0.0,0.0
2024-10-15T04:00,3600,0.0,0.0,0.0,0.0,0.0,0.0,0.0,0.0,0.0
2024-10-15T05:00,3600,0.0,0.0,0.0,0.0,0.0,0.0,0.0,0.0,0.0
2024-10-15T06:00,3600,0.0,0.01115977631,0.0,0.0,0.0,0.01115977631,23.95135232,11.15977631,11.99855284
2024-10-15T07:00,3600,0.0,0.28978843313999997,0.0,0.0,0.0,0.28978843313999997,358.39089869,289.78843314,182.87880906
2024-10-15T08:00,3600,1.0574872022599546,0.60634950195,0.60634950195,0.4511377003099546,0.0,0.0,740.91509399,606.34950195,387.83717174
2024-10-15T09:00,3600,1.055279846567576,0.8456857438500001,0.8456857438500001,0.20959410271757584,0.0,0.0,1031.96080947,845.68574385,550.90149633
2024-10-15T10:00,3600,0.9710671912794576,0.9512543133,0.9512543133,0.019812877979457633,0.0,0.0,1160.84853145,951.2543133,633.83466032
2024-10-15T11:00,3600,0.7502820041204825,0.75303123137,0.7502820041204825,0.0,0.0,0.0027492272495175385,919.09820476,753.03123137,495.13202262
2024-10-15T12:00,3600,0.7983664234728989,0.9418960332699999,0.7983664234728989,0.0,0.0,0.14352960979710105,1149.41036527,941.89603327,628.20604728
2024-10-15T13:00,3600,0.8160528327494324,0.9592612054399999,0.8160528327494324,0.0,0.0,0.14320837269056752,1170.63693293,959.26120544,642.98078065
2024-10-15T14:00,3600,0.739176009045606,0.64116160367,0.64116160367,0.09801440537560602,0.0,0.0,783.14932913,641.16160367,420.04530919
2024-10-15T15:00,3600,0.7072248717645533,0.53859946454,0.53859946454,0.16862540722455333,0.0,0.0,658.81645761,538.59946454,350.77262644
2024-10-15T16:00,3600,0.5935962275378861,0.17061707647,0.17061707647,0.4229791510678861,0.0,0.0,215.09376187,170.61707647,111.25106617
2024-10-15T17:00,3600,0.5593838292146608,0.06447857769,0.06447857769,0.4949052515246608,0.0,0.0,87.78933013,64.47857769,45.05266757
2024-10-15T18:00,3600,0.0,0.0,0.0,0.0,0.0,0.0,0.0,0.0,0.0
2024-10-15T19:00,3600,0.0,0.0,0.0,0.0,0.0,0.0,0.0,0.0,0.0
2024-10-15T20:00,3600,0.0,0.0,0.0,0.0,0.0,0.0,0.0,0.0,0.0
2024-10-15T21:00,3600,0.0,0.0,0.0,0.0,0.0,0.0,0.0,0.0,0.0
2024-10-15T22:00,3600,0.0,0.0,0.0,0.0,0.0,0.0,0.0,0.0,0.0
2024-10-15T23:00,3600,0.0,0.0,0.0,0.0,0.0,0.0,0.0,0.0,0.0
2024-10-16T00:00,3600,0.0,0.0,0.0,0.0,0.0,0.0,0.0,0.0,0.0
2024-10-16T01:00,3600,0.0,0.0,0.0,0.0,0.0,0.0,0.0,0.0,0.0
2024-10-16T02:00,3600,0.0,0.0,0.0,0.0,0.0,0.0,0.0,0.0,0.0
2024-10-16T03:00,3600,0.0,0.0,0.0,0.0,0.0,0.0,0.0,0.0,0.0
2024-10-16T04:00,3600,0.0,0.0,0.0,0.0,0.0,0.0,0.0,0.0,0.0
2024-10-16T05:00,3600,0.0,0.0,0.0,0.0,0.0,0.0,0.0,0.0,0.0
2024-10-16T06:00,3600,0.0,0.0053191778700000004,0.0,0.0,0.0,0.0053191778700000004,16.96307,5.31917787,8.51866162
2024-10-16T07:00,3600,0.0,0.23067379605,0.0,0.0,0.0,0.23067379605,287.26084053,230.67379605,146.20951158
2024-10-16T08:00,3600,0.6589242643118012,0.4910489733,0.4910489733,0.16787529101180115,0.0,0.0,601.27092982,491.0489733,311.58621777
2024-10-16T09:00,3600,0.6701397718418701,0.8396499480499999,0.6701397718418701,0.0,0.0,0.1695101762081298,1024.60125891,839.64994805,543.56686691
2024-10-16T10:00,3600,0.7856078034639552,0.91387244151,0.7856078034639552,0.0,0.0,0.12826463804604482,1115.17333497,913.87244151,601.79371089
2024-10-16T11:00,3600,0.8439134011698127,1.0874621679700003,0.8439134011698127,0.0,0.0,0.24354876680018755,1327.61052015,1087.46216797,725.41742167
2024-10-16T12:00,3600,0.7642501294117646,0.70842864575,0.70842864575,0.05582148366176465,0.0,0.0,864.8533981,708.42864575,460.81577021
2024-10-16T13:00,3600,0.7612664537939816,0.65233992184,0.65233992184,0.10892653195398161,0.0,0.0,796.71805419,652.33992184,426.30084641
2024-10-16T14:00,3600,0.745843958476957,0.54820339281,0.54820339281,0.19764056566695698,0.0,0.0,670.44667049,548.20339281,357.12594115
2024-10-16T15:00,3600,0.7321291738243033,0.5005088770599999,0.5005088770599999,0.2316202967643034,0.0,0.0,612.71433635,500.50887706,325.50997719
2024-10-16T16:00,3600,0.6076891428892597,0.27749128127,0.27749128127,0.3301978616192597,0.0,0.0,343.58648856,277.49128127,178.47059468
2024-10-16T17:00,3600,0.5542390735294118,0.05251350935,0.05251350935,0.5017255641794118,0.0,0.0,73.45710237,52.51350935,37.45646027
2024-10-16T18:00,3600,0.0,0.0,0.0,0.0,0.0,0.0,0.0,0.0,0.0
2024-10-16T19:00,3600,0.0,0.0,0.0,0.0,0.0,0.0,0.0,0.0,0.0
2024-10-16T20:00,3600,0.0,0.0,0.0,0.0,0.0,0.0,0.0,0.0,0.0
2024-10-16T21:00,3600,0.0,0.0,0.0,0.0,0.0,0.0,0.0,0.0,0.0
2024-10-16T22:00,3600,0.0,0.0,0.0,0.0,0.0,0.0,0.0,0.0,0.0
2024-10-16T23:00,3600,0.0,0.0,0.0,0.0,0.0,0.0,0.0,0.0,0.0
2024-10-17T00:00,3600,0.0,0.0,0.0,0.0,0.0,0.0,0.0,0.0,0.0
2024-10-17T01:00,3600,0.0,0.0,0.0,0.0,0.0,0.0,0.0,0.0,0.0
2024-10-17T02:00,3600,0.0,0.0,0.0,0.0,0.0,0.0,0.0,0.0,0.0
2024-10-17T03:00,3600,0.0,0.0,0.0,0.0,0.0,0.0,0.0,0.0,0.0
2024-10-17T04:00,3600,0.0,0.0,0.0,0.0,0.0,0.0,0.0,0.0,0.0
2024-10-17T05:00,3600,0.0,0.0,0.0,0.0,0.0,0.0,0.0,0.0,0.0
2024-10-17T06:00,3600,0.0,0.00540461655,0.0,0.0,0.0,0.00540461655,17.06529093,5.40461655,8.55212626
2024-10-17T07:00,3600,0.0,0.19208528530000002,0.0,0.0,0.0,0.19208528530000002,240.87985624,192.0852853,122.07804929
2024-10-17T08:00,3600,0.5777480706784267,0.52066256314,0.52066256314,0.05708550753842667,0.0,0.0,637.1019427,520.66256314,330.38711261
2024-10-17T09:00,3600,0.666073806570885,0.8568137998600001,0.666073806570885,0.0,0.0,0.19073999328911506,1045.53212864,856.81379986,555.83947418
2024-10-17T10:00,3600,0.8466801843730059,1.12798816262,0.8466801843730059,0.0,0.0,0.28130797824699405,1377.32954634,1127.98816262,755.43051696
2024-10-17T11:00,3600,0.8614881774639479,1.18934505234,0.8614881774639479,0.0,0.0,0.3278568748760521,1452.69454169,1189.34505234,797.0497471
2024-10-17T12:00,3600,0.8646672693990975,1.1895178277,0.8646672693990975,0.0,0.0,0.3248505583009025,1452.90691555,1189.5178277,797.26416533
2024-10-17T13:00,3600,0.8176886324112387,0.9424554377500001,0.8176886324112387,0.0,0.0,0.12476680533876139,1150.09402819,942.45543775,624.59498073
2024-10-17T14:00,3600,0.7478882585975944,0.7234737726199999,0.7234737726199999,0.024414485977594547,0.0,0.0,883.14478637,723.47377262,473.79282122
2024-10-17T15:00,3600,0.7145746285211939,0.6006277786,0.6006277786,0.11394684992119386,0.0,0.0,733.97667904,600.6277786,391.30866287
2024-10-17T16:00,3600,0.5816792167469025,0.19038145019000002,0.19038145019000002,0.39129776655690246,0.0,0.0,238.83287713,190.38145019,123.5693733
2024-10-17T17:00,3600,0.5491907709335043,0.04484744242,0.04484744242,0.5043433285135043,0.0,0.0,64.2763932,44.84744242,32.92368155
2024-10-17T18:00,3600,0.0,0.0,0.0,0.0,0.0,0.0,0.0,0.0,0.0
2024-10-17T19:00,3600,0.0,0.0,0.0,0.0,0.0,0.0,0.0,0.0,0.0
2024-10-17T20:00,3600,0.0,0.0,0.0,0.0,0.0,0.0,0.0,0.0,0.0
2024-10-17T21:00,3600,0.0,0.0,0.0,0.0,0.0,0.0,0.0,0.0,0.0
2024-10-17T22:00,3600,0.0,0.0,0.0,0.0,0.0,0.0,0.0,0.0,0.0
2024-10-17T23:00,3600,0.0,0.0,0.0,0.0,0.0,0.0,0.0,0.0,0.0
2024-10-18T00:00,3600,0.0,0.0,0.0,0.0,0.0,0.0,0.0,0.0,0.0
2024-10-18T01:00,3600,0.0,0.0,0.0,0.0,0.0,0.0,0.0,0.0,0.0
2024-10-18T02:00,3600,0.0,0.0,0.0,0.0,0.0,0.0,0.0,0.0,0.0
2024-10-18T03:00,3600,0.0,0.0,0.0,0.0,0.0,0.0,0.0,0.0,0.0
2024-10-18T04:00,3600,0.0,0.0,0.0,0.0,0.0,0.0,0.0,0.0,0.0
2024-10-18T05:00,3600,0.0,0.0,0.0,0.0,0.0,0.0,0.0,0.0,0.0
2024-10-18T06:00,3600,0.0,0.00224052665,0.0,0.0,0.0,0.00224052665,13.2798254,2.24052665,6.65599102
2024-10-18T07:00,3600,0.0,0.09130398769,0.0,0.0,0.0,0.09130398769,119.93574374,91.30398769,60.44101488
2024-10-18T08:00,3600,0.5070234918382784,0.24216474571000002,0.24216474571000002,0.2648587461282784,0.0,0.0,301.08000387,242.16474571,153.28279844
2024-10-18T09:00,3600,0.5426470529411765,0.35101314873,0.35101314873,0.19163390421117654,0.0,0.0,432.15971418,351.01314873,221.56389141
2024-10-18T10:00,3600,0.6625589058823529,0.5185686050499999,0.5185686050499999,0.14399030083235298,0.0,0.0,634.56756237,518.56860505,332.30246101
2024-10-18T11:00,3600,0.7336707236848352,0.76851815112,0.7336707236848352,0.0,0.0,0.03484742743516478,937.9460984,768.51815112,500.01476287
2024-10-18T12:00,3600,0.7088841518670951,0.62098182426,0.62098182426,0.08790232760709504,0.0,0.0,758.6630179,620.98182426,401.81930874
2024-10-18T13:00,3600,0.7121453385491927,0.6222229733399999,0.6222229733399999,0.08992236520919283,0.0,0.0,760.1687127,622.22297334,403.81118375
2024-10-18T14:00,3600,0.592771332061434,0.21324342296,0.21324342296,0.37952790910143397,0.0,0.0,266.30564993,213.24342296,137.48467568
2024-10-18T15:00,3600,0.5700451097489232,0.12658866744,0.12658866744,0.4434564423089232,0.0,0.0,162.24867515,126.58866744,83.26536696
2024-10-18T16:00,3600,0.5366474649537859,0.08312483841,0.08312483841,0.4535226265437859,0.0,0.0,110.13216762,83.12483841,56.1557126
2024-10-18T17:00,3600,0.5335928027763639,0.02138909146,0.02138909146,0.5122037113163639,0.0,0.0,36.19292427,21.38909146,18.39583689
2024-10-18T18:00,3600,0.0,0.0,0.0,0.0,0.0,0.0,0.0,0.0,0.0
2024-10-18T19:00,3600,0.0,0.0,0.0,0.0,0.0,0.0,0.0,0.0,0.0
2024-10-18T20:00,3600,0.0,0.0,0.0,0.0,0.0,0.0,0.0,0.0,0.0
2024-10-18T21:00,3600,0.0,0.0,0.0,0.0,0.0,0.0,0.0,0.0,0.0
2024-10-18T22:00,3600,0.0,0.0,0.0,0.0,0.0,0.0,0.0,0.0,0.0
2024-10-18T23:00,3600,0.0,0.0,0.0,0.0,0.0,0.0,0.0,0.0,0.0
2024-10-19T00:00,3600,0.0,0.0,0.0,0.0,0.0,0.0,0.0,0.0,0.0
2024-10-19T01:00,3600,0.0,0.0,0.0,0.0,0.0,0.0,0.0,0.0,0.0
2024-10-19T02:00,3600,0.0,0.0,0.0,0.0,0.0,0.0,0.0,0.0,0.0
2024-10-19T03:00,3600,0.0,0.0,0.0,0.0,0.0,0.0,0.0,0.0,0.0
2024-10-19T04:00,3600,0.0,0.0,0.0,0.0,0.0,0.0,0.0,0.0,0.0
2024-10-19T05:00,3600,0.0,0.0,0.0,0.0,0.0,0.0,0.0,0.0,0.0
2024-10-19T06:00,3600,0.0,0.0087385276,0.0,0.0,0.0,0.0087385276,21.0542156,8.7385276,10.56835919
2024-10-19T07:00,3600,0.0,0.23556945794999998,0.0,0.0,0.0,0.23556945794999998,293.14799055,235.56945795,149.21224741
2024-10-19T08:00,3600,0.0,0.5329443846299999,0.0,0.0,0.0,0.5329443846299999,651.9694295,532.94438463,338.98934333
2024-10-19T09:00,3600,0.0,0.82856316592,0.0,0.0,0.0,0.82856316592,1011.08562228,828.56316592,537.58854086
2024-10-19T10:00,3600,0.0,1.12427153835,0.0,0.0,0.0,1.12427153835,1372.76787164,1124.27153835,756.37775481
2024-10-19T11:00,3600,0.0,1.1235594675699998,0.0,0.0,0.0,1.1235594675699998,1371.89394227,1123.55946757,754.60956244
2024-10-19T12:00,3600,0.0,1.11845137087,0.0,0.0,0.0,1.11845137087,1365.62516636,1118.45137087,751.64901675
2024-10-19T13:00,3600,0.0,1.0673804640400002,0.0,0.0,0.0,1.0673804640400002,1302.9908471,1067.38046404,722.36008703
2024-10-19T14:00,3600,0.0,0.75944690758,0.0,0.0,0.0,0.75944690758,926.90539815,759.44690758,503.06432137
2024-10-19T15:00,3600,0.0,0.6409906653699999,0.0,0.0,0.0,0.6409906653699999,782.94186376,640.99066537,421.29751413
2024-10-19T16:00,3600,0.0,0.30292345093,0.0,0.0,0.0,0.30292345093,374.2085311,302.92345093,196.16077866
2024-10-19T17:00,3600,0.0,0.08104570091,0.0,0.0,0.0,0.08104570091,107.64038619,81.04570091,55.69634335
2024-10-19T18:00,3600,0.0,0.0,0.0,0.0,0.0,0.0,0.0,0.0,0.0
2024-10-19T19:00,3600,0.0,0.0,0.0,0.0,0.0,0.0,0.0,0.0,0.0
2024-10-19T20:00,3600,0.0,0.0,0.0,0.0,0.0,0.0,0.0,0.0,0.0
2024-10-19T21:00,3600,0.0,0.0,0.0,0.0,0.0,0.0,0.0,0.0,0.0
2024-10-19T22:00,3600,0.0,0.0,0.0,0.0,0.0,0.0,0.0,0.0,0.0
2024-10-19T23:00,3600,0.0,0.0,0.0,0.0,0.0,0.0,0.0,0.0,0.0
2024-10-20T00:00,3600,0.0,0.0,0.0,0.0,0.0,0.0,0.0,0.0,0.0
2024-10-20T01:00,3600,0.0,0.0,0.0,0.0,0.0,0.0,0.0,0.0,0.0
2024-10-20T02:00,3600,0.0,0.0,0.0,0.0,0.0,0.0,0.0,0.0,0.0
2024-10-20T03:00,3600,0.0,0.0,0.0,0.0,0.0,0.0,0.0,0.0,0.0
2024-10-20T04:00,3600,0.0,0.0,0.0,0.0,0.0,0.0,0.0,0.0,0.0
2024-10-20T05:00,3600,0.0,0.0,0.0,0.0,0.0,0.0,0.0,0.0,0.0
2024-10-20T06:00,3600,0.0,0.00397165709,0.0,0.0,0.0,0.00397165709,15.35088866,3.97165709,7.70253008
2024-10-20T07:00,3600,0.0,0.18437199916,0.0,0.0,0.0,0.18437199916,231.61377578,184.37199916,117.25666548
2024-10-20T08:00,3600,0.0,0.38673853128,0.0,0.0,0.0,0.38673853128,475.25181244,386.73853128,242.86257226
2024-10-20T09:00,3600,0.0,0.46372864266999997,0.0,0.0,0.0,0.46372864266999997,568.23600706,463.72864267,291.24983841
2024-10-20T10:00,3600,0.0,0.66759388382,0.0,0.0,0.0,0.66759388382,815.23956938,667.59388382,425.34664838
2024-10-20T11:00,3600,0.0,0.8980183418800001,0.0,0.0,0.0,0.8980183418800001,1095.81387297,898.01834188,580.96885023
2024-10-20T12:00,3600,0.0,1.00466197407,0.0,0.0,0.0,1.00466197407,1226.17364755,1004.66197407,656.233136
2024-10-20T13:00,3600,0.0,0.72102209572,0.0,0.0,0.0,0.72102209572,880.16368479,721.02209572,466.81726114
2024-10-20T14:00,3600,0.0,0.76789827844,0.0,0.0,0.0,0.76789827844,937.19157195,767.89827844,499.26331777
2024-10-20T15:00,3600,0.0,0.72691243052,0.0,0.0,0.0,0.72691243052,887.32628405,726.91243052,471.13794184
2024-10-20T16:00,3600,0.0,0.37575517648,0.0,0.0,0.0,0.37575517648,461.99994544,375.75517648,239.55396732
2024-10-20T17:00,3600,0.0,0.07974406159000001,0.0,0.0,0.0,0.07974406159000001,106.08047084,79.74406159,54.11369243
2024-10-20T18:00,3600,0.0,0.0,0.0,0.0,0.0,0.0,0.0,0.0,0.0
2024-10-20T19:00,3600,0.0,0.0,0.0,0.0,0.0,0.0,0.0,0.0,0.0
2024-10-20T20:00,3600,0.0,0.0,0.0,0.0,0.0,0.0,0.0,0.0,0.0
2024-10-20T21:00,3600,0.0,0.0,0.0,0.0,0.0,0.0,0.0,0.0,0.0
2024-10-20T22:00,3600,0.0,0.0,0.0,0.0,0.0,0.0,0.0,0.0,0.0
2024-10-20T23:00,3600,0.0,0.0,0.0,0.0,0.0,0.0,0.0,0.0,0.0
2024-10-21T00:00,3600,0.0,0.0,0.0,0.0,0.0,0.0,0.0,0.0,0.0
2024-10-21T01:00,3600,0.0,0.0,0.0,0.0,0.0,0.0,0.0,0.0,0.0
2024-10-21T02:00,3600,0.0,0.0,0.0,0.0,0.0,0.0,0.0,0.0,0.0
2024-10-21T03:00,3600,0.0,0.0,0.0,0.0,0.0,0.0,0.0,0.0,0.0
2024-10-21T04:00,3600,0.0,0.0,0.0,0.0,0.0,0.0,0.0,0.0,0.0
2024-10-21T05:00,3600,0.0,0.0,0.0,0.0,0.0,0.0,0.0,0.0,0.0
2024-10-21T06:00,3600,0.0,0.008913715659999998,0.0,0.0,0.0,0.008913715659999998,21.26383102,8.91371566,10.64247044
2024-10-21T07:00,3600,0.0,0.21663916922999998,0.0,0.0,0.0,0.21663916922999998,270.3874508,216.63916923,136.88279656
2024-10-21T08:00,3600,0.9537175322622639,0.62960212932,0.62960212932,0.3241154029422638,0.0,0.0,769.12158612,629.60212932,398.59654676
2024-10-21T09:00,3600,0.9595821062370333,0.98788464705,0.9595821062370333,0.0,0.0,0.02830254081296668,1205.64387823,987.88464705,638.79269348
2024-10-21T10:00,3600,0.9838975671892366,1.20576106236,0.9838975671892366,0.0,0.0,0.22186349517076331,1472.8767923,1205.76106236,803.33200089
2024-10-21T11:00,3600,0.993568629852304,1.3401534961800001,0.993568629852304,0.0,0.0,0.34658486632769614,1638.39538918,1340.15349618,903.99714575
2024-10-21T12:00,3600,1.0036210042029396,1.33423787937,1.0036210042029396,0.0,0.0,0.3306168751670604,1631.09864462,1334.23787937,901.91553056
2024-10-21T13:00,3600,1.0127181026718945,1.24415066428,1.0127181026718945,0.0,0.0,0.23143256160810544,1520.10429107,1244.15066428,841.2874941
2024-10-21T14:00,3600,1.0082041315566819,0.70295251546,0.70295251546,0.30525161609668183,0.0,0.0,858.1972589,702.95251546,457.87854801
2024-10-21T15:00,3600,0.9989693889095844,0.61938341293,0.61938341293,0.37958597597958443,0.0,0.0,756.72397478,619.38341293,401.64703265
2024-10-21T16:00,3600,1.0047758879289457,0.35007709379,0.35007709379,0.6546987941389457,0.0,0.0,431.03110808,350.07709379,224.35213871
2024-10-21T17:00,3600,1.0166318804688563,0.07984378218999999,0.07984378218999999,0.9367880982788563,0.0,0.0,106.19997677,79.84378219,54.37665744
2024-10-21T18:00,3600,0.0,0.0,0.0,0.0,0.0,0.0,0.0,0.0,0.0
2024-10-21T19:00,3600,0.0,0.0,0.0,0.0,0.0,0.0,0.0,0.0,0.0
2024-10-21T20:00,3600,0.0,0.0,0.0,0.0,0.0,0.0,0.0,0.0,0.0
2024-10-21T21:00,3600,0.0,0.0,0.0,0.0,0.0,0.0,0.0,0.0,0.0
2024-10-21T22:00,3600,0.0,0.0,0.0,0.0,0.0,0.0,0.0,0.0,0.0
2024-10-21T23:00,3600,0.0,0.0,0.0,0.0,0.0,0.0,0.0,0.0,0.0
2024-10-22T00:00,3600,0.0,0.0,0.0,0.0,0.0,0.0,0.0,0.0,0.0
2024-10-22T01:00,3600,0.0,0.0,0.0,0.0,0.0,0.0,0.0,0.0,0.0
2024-10-22T02:00,3600,0.0,0.0,0.0,0.0,0.0,0.0,0.0,0.0,0.0
2024-10-22T03:00,3600,0.0,0.0,0.0,0.0,0.0,0.0,0.0,0.0,0.0
2024-10-22T04:00,3600,0.0,0.0,0.0,0.0,0.0,0.0,0.0,0.0,0.0
2024-10-22T05:00,3600,0.0,0.0,0.0,0.0,0.0,0.0,0.0,0.0,0.0
2024-10-22T06:00,3600,0.0,0.010688306810000001,0.0,0.0,0.0,0.010688306810000001,23.38720491,10.68830681,11.68990099
2024-10-22T07:00,3600,0.0,0.30445123414999997,0.0,0.0,0.0,0.30445123414999997,376.04864288,304.45123415,190.88393671
2024-10-22T08:00,3600,0.9453523341064969,0.67769559123,0.67769559123,0.2676567428764969,0.0,0.0,827.50872387,677.69559123,429.80571431
2024-10-22T09:00,3600,0.7192326856341906,0.9872365442399998,0.7192326856341906,0.0,0.0,0.2680038586058092,1204.85098028,987.23654424,638.59796261
2024-10-22T10:00,3600,0.7144976460563206,1.2232126693099998,0.7144976460563206,0.0,0.0,0.5087150232536792,1494.34075836,1223.21266931,814.47566412
2024-10-22T11:00,3600,0.7658000935418235,1.3146771956699999,0.7658000935418235,0.0,0.0,0.5488771021281763,1606.97835175,1314.67719567,882.74793082
2024-10-22T12:00,3600,0.7636557830268451,1.26858345733,0.7636557830268451,0.0,0.0,0.504927674303155,1550.18409774,1268.58345733,846.60952751
2024-10-22T13:00,3600,0.7293139928096556,1.04613661627,0.7293139928096556,0.0,0.0,0.3168226234603445,1276.95895679,1046.13661627,688.67156619
2024-10-22T14:00,3600,0.6968724778863956,0.94634195254,0.6968724778863956,0.0,0.0,0.24946947465360436,1154.84408469,946.34195254,619.07688161
2024-10-22T15:00,3600,0.6376817890105705,0.77496533822,0.6376817890105705,0.0,0.0,0.13728354920942953,945.79443357,774.96533822,502.50472786
2024-10-22T16:00,3600,0.5118101464783573,0.43226366621,0.43226366621,0.07954648026835731,0.0,0.0,530.21484942,432.26366621,276.03834718
2024-10-22T17:00,3600,0.4326184628069285,0.08107571102,0.08107571102,0.3515427517869285,0.0,0.0,107.67635154,81.07571102,55.08497504
2024-10-22T18:00,3600,0.0,0.0,0.0,0.0,0.0,0.0,0.0,0.0,0.0
2024-10-22T19:00,3600,0.0,0.0,0.0,0.0,0.0,0.0,0.0,0.0,0.0
2024-10-22T20:00,3600,0.0,0.0,0.0,0.0,0.0,0.0,0.0,0.0,0.0
2024-10-22T21:00,3600,0.0,0.0,0.0,0.0,0.0,0.0,0.0,0.0,0.0
2024-10-22T22:00,3600,0.0,0.0,0.0,0.0,0.0,0.0,0.0,0.0,0.0
2024-10-22T23:00,3600,0.0,0.0,0.0,0.0,0.0,0.0,0.0,0.0,0.0
2024-10-23T00:00,3600,0.0,0.0,0.0,0.0,0.0,0.0,0.0,0.0,0.0
2024-10-23T01:00,3600,0.0,0.0,0.0,0.0,0.0,0.0,0.0,0.0,0.0
2024-10-23T02:00,3600,0.0,0.0,0.0,0.0,0.0,0.0,0.0,0.0,0.0
2024-10-23T03:00,3600,0.0,0.0,0.0,0.0,0.0,0.0,0.0,0.0,0.0
2024-10-23T04:00,3600,0.0,0.0,0.0,0.0,0.0,0.0,0.0,0.0,0.0
2024-10-23T05:00,3600,0.0,0.0,0.0,0.0,0.0,0.0,0.0,0.0,0.0
2024-10-23T06:00,3600,0.0,0.00927569349,0.0,0.0,0.0,0.00927569349,21.69694611,9.27569349,10.75981081
2024-10-23T07:00,3600,0.0,0.29896179818,0.0,0.0,0.0,0.29896179818,369.43728249,298.96179818,185.81931073
2024-10-23T08:00,3600,0.0,0.6846676486100001,0.0,0.0,0.0,0.6846676486100001,835.97837822,684.66764861,428.41624702
2024-10-23T09:00,3600,0.38837095368821084,1.0247599692199998,0.38837095368821084,0.0,0.0,0.636389015531789,1250.77733354,1024.75996922,649.86140164
2024-10-23T10:00,3600,0.49417043960971957,1.26797064644,0.49417043960971957,0.0,0.0,0.7738002068302805,1549.42943994,1267.97064644,822.51697155
2024-10-23T11:00,3600,0.5288660274670137,1.40167479248,0.5288660274670137,0.0,0.0,0.8728087650129862,1714.34065516,1401.67479248,917.4686001
2024-10-23T12:00,3600,0.529692210580483,1.3991853874999998,0.529692210580483,0.0,0.0,0.8694931769195168,1711.26545063,1399.1853875,917.808902
2024-10-23T13:00,3600,0.5328750117647059,1.32729990893,0.5328750117647059,0.0,0.0,0.7944248971652941,1622.54215426,1327.29990893,871.6383443
2024-10-23T14:00,3600,0.4689485411764705,1.10234670154,0.4689485411764705,0.0,0.0,0.6333981603635295,1345.866036,1102.34670154,714.15699264
2024-10-23T15:00,3600,0.3786176588235294,0.7734239371099999,0.3786176588235294,0.0,0.0,0.3948062782864705,943.91793848,773.42393711,492.62432254
2024-10-23T16:00,3600,0.26986763529411767,0.44068611225,0.26986763529411767,0.0,0.0,0.17081847695588231,540.38957707,440.68611225,276.68960725
2024-10-23T17:00,3600,0.18222792352941175,0.0822969617,0.0822969617,0.09993096182941175,0.0,0.0,109.13996938,82.2969617,54.91371293
2024-10-23T18:00,3600,0.0,0.0,0.0,0.0,0.0,0.0,0.0,0.0,0.0
2024-10-23T19:00,3600,0.0,0.0,0.0,0.0,0.0,0.0,0.0,0.0,0.0
2024-10-23T20:00,3600,0.0,0.0,0.0,0.0,0.0,0.0,0.0,0.0,0.0
2024-10-23T21:00,3600,0.0,0.0,0.0,0.0,0.0,0.0,0.0,0.0,0.0
2024-10-23T22:00,3600,0.0,0.0,0.0,0.0,0.0,0.0,0.0,0.0,0.0
2024-10-23T23:00,3600,0.0,0.0,0.0,0.0,0.0,0.0,0.0,0.0,0.0
2024-10-24T00:00,3600,0.0,0.0,0.0,0.0,0.0,0.0,0.0,0.0,0.0
2024-10-24T01:00,3600,0.0,0.0,0.0,0.0,0.0,0.0,0.0,0.0,0.0
2024-10-24T02:00,3600,0.0,0.0,0.0,0.0,0.0,0.0,0.0,0.0,0.0
2024-10-24T03:00,3600,0.0,0.0,0.0,0.0,0.0,0.0,0.0,0.0,0.0
2024-10-24T04:00,3600,0.0,0.0,0.0,0.0,0.0,0.0,0.0,0.0,0.0
2024-10-24T05:00,3600,0.0,0.0,0.0,0.0,0.0,0.0,0.0,0.0,0.0
2024-10-24T06:00,3600,0.0,0.01117171579,0.0,0.0,0.0,0.01117171579,23.96563885,11.17171579,11.79231661
2024-10-24T07:00,3600,0.0,0.32240016115,0.0,0.0,0.0,0.32240016115,397.67165533,322.40016115,198.48815067
2024-10-24T08:00,3600,0.0,0.7242897313,0.0,0.0,0.0,0.7242897313,884.13698355,724.2897313,450.40255853
2024-10-24T09:00,3600,0.0,1.08870579362,0.0,0.0,0.0,1.08870579362,1329.13555375,1088.70579362,688.49067865
2024-10-24T10:00,3600,0.0,1.32933456831,0.0,0.0,0.0,1.32933456831,1625.05132263,1329.33456831,866.78327145
2024-10-24T11:00,3600,0.5195922370974032,1.44738,0.5195922370974032,0.0,0.0,0.9277877629025969,1791.92666128,1447.38,961.93983633
2024-10-24T12:00,3600,0.5062499352941177,1.44738,0.5062499352941177,0.0,0.0,0.9411300647058825,1808.0614993,1447.38,970.89568863
2024-10-24T13:00,3600,0.5432536852941178,1.3684996632,0.5432536852941178,0.0,0.0,0.8252459779058822,1673.37372922,1368.4996632,902.56279911
2024-10-24T14:00,3600,0.4851617764705882,1.1663608176,0.4851617764705882,0.0,0.0,0.6811990411294118,1424.4501996,1166.3608176,760.29580284
2024-10-24T15:00,3600,0.4015919264705883,0.8626126756600001,0.4015919264705883,0.0,0.0,0.4610207491894118,1052.60558073,862.61267566,552.52479872
2024-10-24T16:00,3600,0.2928308882352941,0.47829185254,0.2928308882352941,0.0,0.0,0.18546096430470593,585.8428543,478.29185254,301.49188443
2024-10-24T17:00,3600,0.1987058823529412,0.08813376594999998,0.08813376594999998,0.11057211640294122,0.0,0.0,116.13568528,88.13376595,58.58570995
2024-10-24T18:00,3600,0.0,0.0,0.0,0.0,0.0,0.0,0.0,0.0,0.0
2024-10-24T19:00,3600,0.0,0.0,0.0,0.0,0.0,0.0,0.0,0.0,0.0
2024-10-24T20:00,3600,0.0,0.0,0.0,0.0,0.0,0.0,0.0,0.0,0.0
2024-10-24T21:00,3600,0.0,0.0,0.0,0.0,0.0,0.0,0.0,0.0,0.0
2024-10-24T22:00,3600,0.0,0.0,0.0,0.0,0.0,0.0,0.0,0.0,0.0
2024-10-24T23:00,3600,0.0,0.0,0.0,0.0,0.0,0.0,0.0,0.0,0.0
2024-10-25T00:00,3600,0.0,0.0,0.0,0.0,0.0,0.0,0.0,0.0,0.0
2024-10-25T01:00,3600,0.0,0.0,0.0,0.0,0.0,0.0,0.0,0.0,0.0
2024-10-25T02:00,3600,0.0,0.0,0.0,0.0,0.0,0.0,0.0,0.0,0.0
2024-10-25T03:00,3600,0.0,0.0,0.0,0.0,0.0,0.0,0.0,0.0,0.0
2024-10-25T04:00,3600,0.0,0.0,0.0,0.0,0.0,0.0,0.0,0.0,0.0
2024-10-25T05:00,3600,0.0,0.0,0.0,0.0,0.0,0.0,0.0,0.0,0.0
2024-10-25T06:00,3600,0.0,0.007705207309999999,0.0,0.0,0.0,0.007705207309999999,19.81784724,7.70520731,9.83443191
2024-10-25T07:00,3600,0.0,0.23874463383000002,0.0,0.0,0.0,0.23874463383000002,296.96656096,238.74463383,148.94971768
2024-10-25T08:00,3600,0.0,0.5557471185099999,0.0,0.0,0.0,0.5557471185099999,679.5837919,555.74711851,346.00458338
2024-10-25T09:00,3600,0.0,0.82634486754,0.0,0.0,0.0,0.82634486754,1008.38176146,826.34486754,518.98792357
2024-10-25T10:00,3600,0.0,0.8492123995499999,0.0,0.0,0.0,0.8492123995499999,1036.26139638,849.21239955,540.74987134
2024-10-25T11:00,3600,0.6783651703012407,1.20927416629,0.6783651703012407,0.0,0.0,0.5309089959887593,1477.1968993,1209.27416629,784.84471912
2024-10-25T12:00,3600,0.5067793823529412,1.36875061346,0.5067793823529412,0.0,0.0,0.8619712311070589,1673.68349916,1368.75061346,897.48574618
2024-10-25T13:00,3600,0.5483162294117648,1.2429514273,0.5483162294117648,0.0,0.0,0.6946351978882351,1518.62832611,1242.9514273,817.46661674
2024-10-25T14:00,3600,0.47744122941176476,0.98939607488,0.47744122941176476,0.0,0.0,0.5119548454682352,1207.49302633,989.39607488,640.7240794
2024-10-25T15:00,3600,0.40850741176470584,0.7234658078,0.40850741176470584,0.0,0.0,0.3149583960352942,883.13510133,723.4658078,462.46125842
2024-10-25T16:00,3600,0.2999338705882353,0.33582420956,0.2999338705882353,0.0,0.0,0.03589033897176469,413.84927765,335.82420956,212.30696582
2024-10-25T17:00,3600,0.2402647588235294,0.0641327033,0.0641327033,0.1761320555235294,0.0,0.0,87.37497463,64.1327033,44.27722726
2024-10-25T18:00,3600,0.0,0.0,0.0,0.0,0.0,0.0,0.0,0.0,0.0
2024-10-25T19:00,3600,0.0,0.0,0.0,0.0,0.0,0.0,0.0,0.0,0.0
2024-10-25T20:00,3600,0.0,0.0,0.0,0.0,0.0,0.0,0.0,0.0,0.0
2024-10-25T21:00,3600,0.0,0.0,0.0,0.0,0.0,0.0,0.0,0.0,0.0
2024-10-25T22:00,3600,0.0,0.0,0.0,0.0,0.0,0.0,0.0,0.0,0.0
2024-10-25T23:00,3600,0.0,0.0,0.0,0.0,0.0,0.0,0.0,0.0,0.0
2024-10-26T00:00,3600,0.0,0.0,0.0,0.0,0.0,0.0,0.0,0.0,0.0
2024-10-26T01:00,3600,0.0,0.0,0.0,0.0,0.0,0.0,0.0,0.0,0.0
2024-10-26T02:00,3600,0.0,0.0,0.0,0.0,0.0,0.0,0.0,0.0,0.0
2024-10-26T03:00,3600,0.0,0.0,0.0,0.0,0.0,0.0,0.0,0.0,0.0
2024-10-26T04:00,3600,0.0,0.0,0.0,0.0,0.0,0.0,0.0,0.0,0.0
2024-10-26T05:00,3600,0.0,0.0,0.0,0.0,0.0,0.0,0.0,0.0,0.0
2024-10-26T06:00,3600,0.0,0.00103281607,0.0,0.0,0.0,0.00103281607,11.83501032,1.03281607,5.9057294
2024-10-26T07:00,3600,0.0,0.09640405917,0.0,0.0,0.0,0.09640405917,126.04962426,96.40405917,63.17547218
2024-10-26T08:00,3600,0.0,0.3274075883,0.0,0.0,0.0,0.3274075883,403.70564598,327.4075883,204.41835335
2024-10-26T09:00,3600,0.0,0.45030749051999996,0.0,0.0,0.0,0.45030749051999996,552.0150491,450.30749052,280.60773588
2024-10-26T10:00,3600,0.0,0.8021328783899999,0.0,0.0,0.0,0.8021328783899999,978.87900579,802.13287839,509.21488437
2024-10-26T11:00,3600,0.0,0.5693392604699999,0.0,0.0,0.0,0.5693392604699999,696.05084638,569.33926047,358.12629957
2024-10-26T12:00,3600,0.0,0.59916742361,0.0,0.0,0.0,0.59916742361,732.20593304,599.16742361,377.88275397
2024-10-26T13:00,3600,0.0,0.53734987117,0.0,0.0,0.0,0.53734987117,657.30340566,537.34987117,339.18747003
2024-10-26T14:00,3600,0.0,0.32874859202999995,0.0,0.0,0.0,0.32874859202999995,405.32168202,328.74859203,206.80473127
2024-10-26T15:00,3600,0.0,0.23585887364000002,0.0,0.0,0.0,0.23585887364000002,293.49604005,235.85887364,149.38844049
2024-10-26T16:00,3600,0.0,0.06573503124,0.0,0.0,0.0,0.06573503124,89.29458099,65.73503124,44.98759957
2024-10-26T17:00,3600,0.0,0.00562584163,0.0,0.0,0.0,0.00562584163,17.32997096,5.62584163,8.71381747
2024-10-26T18:00,3600,0.0,0.0,0.0,0.0,0.0,0.0,0.0,0.0,0.0
2024-10-26T19:00,3600,0.0,0.0,0.0,0.0,0.0,0.0,0.0,0.0,0.0
2024-10-26T20:00,3600,0.0,0.0,0.0,0.0,0.0,0.0,0.0,0.0,0.0
2024-10-26T21:00,3600,0.0,0.0,0.0,0.0,0.0,0.0,0.0,0.0,0.0
2024-10-26T22:00,3600,0.0,0.0,0.0,0.0,0.0,0.0,0.0,0.0,0.0
2024-10-26T23:00,3600,0.0,0.0,0.0,0.0,0.0,0.0,0.0,0.0,0.0
2024-10-27T00:00,3600,0.0,0.0,0.0,0.0,0.0,0.0,0.0,0.0,0.0
2024-10-27T01:00,3600,0.0,0.0,0.0,0.0,0.0,0.0,0.0,0.0,0.0
2024-10-27T02:00,3600,0.0,0.0,0.0,0.0,0.0,0.0,0.0,0.0,0.0
2024-10-27T03:00,3600,0.0,0.0,0.0,0.0,0.0,0.0,0.0,0.0,0.0
2024-10-27T04:00,3600,0.0,0.0,0.0,0.0,0.0,0.0,0.0,0.0,0.0
2024-10-27T05:00,3600,0.0,0.0,0.0,0.0,0.0,0.0,0.0,0.0,0.0
2024-10-27T06:00,3600,0.0,0.00458990849,0.0,0.0,0.0,0.00458990849,16.09056207,4.58990849,7.97804253
2024-10-27T07:00,3600,0.0,0.22631997247000002,0.0,0.0,0.0,0.22631997247000002,282.02580724,226.31997247,141.43300369
2024-10-27T08:00,3600,0.0,0.5664787812900001,0.0,0.0,0.0,0.5664787812900001,692.58491556,566.47878129,353.63303317
2024-10-27T09:00,3600,0.0,0.8942492392599999,0.0,0.0,0.0,0.8942492392599999,1091.21246138,894.24923926,567.32841459
2024-10-27T10:00,3600,0.0,1.12466072143,0.0,0.0,0.0,1.12466072143,1373.24552487,1124.66072143,730.62473032
2024-10-27T11:00,3600,0.0,1.10160794005,0.0,0.0,0.0,1.10160794005,1344.95981352,1101.60794005,716.12780295
2024-10-27T12:00,3600,0.0,1.1811922994200001,0.0,0.0,0.0,1.1811922994200001,1442.67423153,1181.19229942,770.99668425
2024-10-27T13:00,3600,0.0,0.7395789203900001,0.0,0.0,0.0,0.7395789203900001,902.7319131,739.57892039,474.84745276
2024-10-27T14:00,3600,0.0,0.34048758831000003,0.0,0.0,0.0,0.34048758831000003,419.47036588,340.48758831,216.40431792
2024-10-27T15:00,3600,0.0,0.27170076997,0.0,0.0,0.0,0.27170076997,336.61677126,271.70076997,172.86914568
2024-10-27T16:00,3600,0.0,0.15395424463,0.0,0.0,0.0,0.15395424463,195.08808405,153.95424463,99.02100645
2024-10-27T17:00,3600,0.0,0.02850973107,0.0,0.0,0.0,0.02850973107,44.71594172,28.50973107,22.52510168
2024-10-27T18:00,3600,0.0,0.0,0.0,0.0,0.0,0.0,0.0,0.0,0.0
2024-10-27T19:00,3600,0.0,0.0,0.0,0.0,0.0,0.0,0.0,0.0,0.0
2024-10-27T20:00,3600,0.0,0.0,0.0,0.0,0.0,0.0,0.0,0.0,0.0
2024-10-27T21:00,3600,0.0,0.0,0.0,0.0,0.0,0.0,0.0,0.0,0.0
2024-10-27T22:00,3600,0.0,0.0,0.0,0.0,0.0,0.0,0.0,0.0,0.0
2024-10-27T23:00,3600,0.0,0.0,0.0,0.0,0.0,0.0,0.0,0.0,0.0
2024-10-28T00:00,3600,0.0,0.0,0.0,0.0,0.0,0.0,0.0,0.0,0.0
2024-10-28T01:00,3600,0.0,0.0,0.0,0.0,0.0,0.0,0.0,0.0,0.0
2024-10-28T02:00,3600,0.0,0.0,0.0,0.0,0.0,0.0,0.0,0.0,0.0
2024-10-28T03:00,3600,0.0,0.0,0.0,0.0,0.0,0.0,0.0,0.0,0.0
2024-10-28T04:00,3600,0.0,0.0,0.0,0.0,0.0,0.0,0.0,0.0,0.0
2024-10-28T05:00,3600,0.0,0.0,0.0,0.0,0.0,0.0,0.0,0.0,0.0
2024-10-28T06:00,3600,0.0,0.0,0.0,0.0,0.0,0.0,5.84237308,0.0,2.90460582
2024-10-28T07:00,3600,0.0,0.14760522522,0.0,0.0,0.0,0.14760522522,187.46730516,147.60522522,93.71903112
2024-10-28T08:00,3600,0.8793840893753055,0.39763971831999995,0.39763971831999995,0.4817443710553056,0.0,0.0,488.40779304,397.63971832,247.05772847
2024-10-28T09:00,3600,0.8837115702835794,0.59437025099,0.59437025099,0.2893413192935794,0.0,0.0,726.38956103,594.37025099,371.0581726
2024-10-28T10:00,3600,0.5575450478396808,0.7915153936,0.5575450478396808,0.0,0.0,0.23397034576031916,965.94659306,791.5153936,501.79267949
2024-10-28T11:00,3600,0.4070178262886667,0.6499812895699999,0.4070178262886667,0.0,0.0,0.24296346328133323,793.85475586,649.98128957,410.08021908
2024-10-28T12:00,3600,0.45006762545740414,0.8435397717299999,0.45006762545740414,0.0,0.0,0.3934721462725958,1029.34407101,843.53977173,537.8080374
2024-10-28T13:00,3600,0.4947110651757222,0.8068078639799999,0.4947110651757222,0.0,0.0,0.3120967988042777,984.5742801,806.80786398,516.3499885
2024-10-28T14:00,3600,0.39158831633780705,0.36420420018,0.36420420018,0.02738411615780706,0.0,0.0,448.06676574,364.20420018,229.78426565
2024-10-28T15:00,3600,0.34955249680885364,0.25239149952,0.25239149952,0.09716099728885363,0.0,0.0,313.38182746,252.39149952,159.53242581
2024-10-28T16:00,3600,0.3156446631251989,0.16843000040999997,0.16843000040999997,0.14721466271519892,0.0,0.0,212.46749617,168.43000041,107.50477992
2024-10-28T17:00,3600,0.28220722985103264,0.0189305757,0.0189305757,0.26327665415103263,0.0,0.0,33.25052823,18.9305757,16.68422558
2024-10-28T18:00,3600,0.0,0.0,0.0,0.0,0.0,0.0,0.0,0.0,0.0
2024-10-28T19:00,3600,0.0,0.0,0.0,0.0,0.0,0.0,0.0,0.0,0.0
2024-10-28T20:00,3600,0.0,0.0,0.0,0.0,0.0,0.0,0.0,0.0,0.0
2024-10-28T21:00,3600,0.0,0.0,0.0,0.0,0.0,0.0,0.0,0.0,0.0
2024-10-28T22:00,3600,0.0,0.0,0.0,0.0,0.0,0.0,0.0,0.0,0.0
2024-10-28T23:00,3600,0.0,0.0,0.0,0.0,0.0,0.0,0.0,0.0,0.0
2024-10-29T00:00,3600,0.0,0.0,0.0,0.0,0.0,0.0,0.0,0.0,0.0
2024-10-29T01:00,3600,0.0,0.0,0.0,0.0,0.0,0.0,0.0,0.0,0.0
2024-10-29T02:00,3600,0.0,0.0,0.0,0.0,0.0,0.0,0.0,0.0,0.0
2024-10-29T03:00,3600,0.0,0.0,0.0,0.0,0.0,0.0,0.0,0.0,0.0
2024-10-29T04:00,3600,0.0,0.0,0.0,0.0,0.0,0.0,0.0,0.0,0.0
2024-10-29T05:00,3600,0.0,0.0,0.0,0.0,0.0,0.0,0.0,0.0,0.0
2024-10-29T06:00,3600,0.0,0.0,0.0,0.0,0.0,0.0,5.87686964,0.0,2.90460582
2024-10-29T07:00,3600,0.0,0.06777292865,0.0,0.0,0.0,0.06777292865,91.7361033,67.77292865,45.50549124
2024-10-29T08:00,3600,0.0,0.18704787856,0.0,0.0,0.0,0.18704787856,234.82816649,187.04787856,117.08472892
2024-10-29T09:00,3600,0.0,0.23644231165,0.0,0.0,0.0,0.23644231165,294.19768585,236.44231165,146.8363652
2024-10-29T10:00,3600,0.0,0.27629220033,0.0,0.0,0.0,0.27629220033,342.14314685,276.29220033,172.33994557
2024-10-29T11:00,3600,0.0,0.40052841692,0.0,0.0,0.0,0.40052841692,491.89453131,400.52841692,249.28158928
2024-10-29T12:00,3600,0.0,0.38180533049,0.0,0.0,0.0,0.38180533049,469.29929708,381.80533049,237.8690614
2024-10-29T13:00,3600,0.48339953239657896,0.28359698759,0.28359698759,0.19980254480657894,0.0,0.0,350.93657157,283.59698759,177.84837918
2024-10-29T14:00,3600,0.26528297312208976,0.18901310746,0.18901310746,0.07626986566208976,0.0,0.0,237.18901347,189.01310746,119.63806108
2024-10-29T15:00,3600,0.2693252155148129,0.16386775392,0.16386775392,0.10545746159481292,0.0,0.0,206.98951253,163.86775392,104.33637779
2024-10-29T16:00,3600,0.21185771037470943,0.07766720485000002,0.07766720485000002,0.1341905055247094,0.0,0.0,103.59161031,77.66720485,51.79714559
2024-10-29T17:00,3600,0.19328536183830614,0.01226095562,0.01226095562,0.18102440621830612,0.0,0.0,25.26901614,12.26095562,12.58662524
2024-10-29T18:00,3600,0.0,0.0,0.0,0.0,0.0,0.0,0.0,0.0,0.0
2024-10-29T19:00,3600,0.0,0.0,0.0,0.0,0.0,0.0,0.0,0.0,0.0
2024-10-29T20:00,3600,0.0,0.0,0.0,0.0,0.0,0.0,0.0,0.0,0.0
2024-10-29T21:00,3600,0.0,0.0,0.0,0.0,0.0,0.0,0.0,0.0,0.0
2024-10-29T22:00,3600,0.0,0.0,0.0,0.0,0.0,0.0,0.0,0.0,0.0
2024-10-29T23:00,3600,0.0,0.0,0.0,0.0,0.0,0.0,0.0,0.0,0.0
2024-10-30T00:00,3600,0.0,0.0,0.0,0.0,0.0,0.0,0.0,0.0,0.0
2024-10-30T01:00,3600,0.0,0.0,0.0,0.0,0.0,0.0,0.0,0.0,0.0
2024-10-30T02:00,3600,0.0,0.0,0.0,0.0,0.0,0.0,0.0,0.0,0.0
2024-10-30T03:00,3600,0.0,0.0,0.0,0.0,0.0,0.0,0.0,0.0,0.0
2024-10-30T04:00,3600,0.0,0.0,0.0,0.0,0.0,0.0,0.0,0.0,0.0
2024-10-30T05:00,3600,0.0,0.0,0.0,0.0,0.0,0.0,0.0,0.0,0.0
2024-10-30T06:00,3600,0.0,0.0,0.0,0.0,0.0,0.0,7.82689592,0.0,3.87280777
2024-10-30T07:00,3600,0.0,0.17536273458999999,0.0,0.0,0.0,0.17536273458999999,220.79284397,175.36273459,110.35214447
2024-10-30T08:00,3600,0.0,0.56393562287,0.0,0.0,0.0,0.56393562287,689.50365956,563.93562287,352.03769535
2024-10-30T09:00,3600,0.0,0.5894854297900001,0.0,0.0,0.0,0.5894854297900001,720.4675727,589.48542979,368.65200616
2024-10-30T10:00,3600,0.0,0.8777845743,0.0,0.0,0.0,0.8777845743,1071.11670152,877.7845743,563.10931586
2024-10-30T11:00,3600,0.7342502729935297,1.3504841025999998,0.7342502729935297,0.0,0.0,0.6162338296064701,1651.14034199,1350.4841026,894.47923589
2024-10-30T12:00,3600,0.5445998846761223,1.2721692241000002,0.5445998846761223,0.0,0.0,0.7275693394238779,1554.60007768,1272.1692241,838.65208913
2024-10-30T13:00,3600,0.4898750444310345,0.8540734412900001,0.4898750444310345,0.0,0.0,0.36419839685896555,1042.18977659,854.07344129,551.9244572
2024-10-30T14:00,3600,0.42054244043053884,0.5891785791199999,0.42054244043053884,0.0,0.0,0.1686361386894611,720.09559215,589.17857912,375.1420878
2024-10-30T15:00,3600,0.36943037871535,0.4682946937,0.36943037871535,0.0,0.0,0.09886431498464998,573.75571387,468.2946937,296.47095261
2024-10-30T16:00,3600,0.2592754499043613,0.10994860029999999,0.10994860029999999,0.14932684960436132,0.0,0.0,142.28997069,109.9486003,71.79893437
2024-10-30T17:00,3600,0.23564395662807872,0.019072835399999998,0.019072835399999998,0.21657112122807873,0.0,0.0,33.42078281,19.0728354,16.80162922
2024-10-30T18:00,3600,0.0,0.0,0.0,0.0,0.0,0.0,0.0,0.0,0.0
2024-10-30T19:00,3600,0.0,0.0,0.0,0.0,0.0,0.0,0.0,0.0,0.0
2024-10-30T20:00,3600,0.0,0.0,0.0,0.0,0.0,0.0,0.0,0.0,0.0
2024-10-30T21:00,3600,0.0,0.0,0.0,0.0,0.0,0.0,0.0,0.0,0.0
2024-10-30T22:00,3600,0.0,0.0,0.0,0.0,0.0,0.0,0.0,0.0,0.0
2024-10-30T23:00,3600,0.0,0.0,0.0,0.0,0.0,0.0,0.0,0.0,0.0
2024-10-31T00:00,3600,0.0,0.0,0.0,0.0,0.0,0.0,0.0,0.0,0.0
2024-10-31T01:00,3600,0.0,0.0,0.0,0.0,0.0,0.0,0.0,0.0,0.0
2024-10-31T02:00,3600,0.0,0.0,0.0,0.0,0.0,0.0,0.0,0.0,0.0
2024-10-31T03:00,3600,0.0,0.0,0.0,0.0,0.0,0.0,0.0,0.0,0.0
2024-10-31T04:00,3600,0.0,0.0,0.0,0.0,0.0,0.0,0.0,0.0,0.0
2024-10-31T05:00,3600,0.0,0.0,0.0,0.0,0.0,0.0,0.0,0.0,0.0
2024-10-31T06:00,3600,0.0,0.00486319268,0.0,0.0,0.0,0.00486319268,16.41752139,4.86319268,8.13789394
2024-10-31T07:00,3600,0.0,0.28821630351,0.0,0.0,0.0,0.28821630351,356.49800029,288.21630351,179.26431058
2024-10-31T08:00,3600,0.0,0.6707854124599999,0.0,0.0,0.0,0.6707854124599999,819.11557365,670.78541246,419.8790083
2024-10-31T09:00,3600,0.0,1.00628574758,0.0,0.0,0.0,1.00628574758,1228.16102156,1006.28574758,639.64115798
2024-10-31T10:00,3600,0.0,1.22675591583,0.0,0.0,0.0,1.22675591583,1498.69971905,1226.75591583,803.12040773
2024-10-31T11:00,3600,0.815294117647059,1.3610253741399998,0.815294117647059,0.0,0.0,0.5457312564929409,1664.14840074,1361.02537414,898.30870976
2024-10-31T12:00,3600,0.6538931853290109,1.3796306188399998,0.6538931853290109,0.0,0.0,0.725737433510989,1687.11541246,1379.63061884,912.07940457
2024-10-31T13:00,3600,0.6178971459548414,1.2725620343,0.6178971459548414,0.0,0.0,0.6546648883451586,1555.08385794,1272.5620343,844.89371584
2024-10-31T14:00,3600,0.5614196336471101,1.07294404034,0.5614196336471101,0.0,0.0,0.5115244066928898,1309.81049955,1072.94404034,704.08688243
2024-10-31T15:00,3600,0.48524677747728323,0.77821507541,0.48524677747728323,0.0,0.0,0.2929682979327168,949.75086766,778.21507541,502.73568034
2024-10-31T16:00,3600,0.3806113452637747,0.41506987235000004,0.3806113452637747,0.0,0.0,0.03445852708622532,509.44992556,415.06987235,264.57888474
2024-10-31T17:00,3600,0.30090616190482566,0.059538171130000005,0.059538171130000005,0.24136799077482565,0.0,0.0,81.87105473,59.53817113,41.72806781
2024-10-31T18:00,3600,0.0,0.0,0.0,0.0,0.0,0.0,0.0,0.0,0.0
2024-10-31T19:00,3600,0.0,0.0,0.0,0.0,0.0,0.0,0.0,0.0,0.0
2024-10-31T20:00,3600,0.0,0.0,0.0,0.0,0.0,0.0,0.0,0.0,0.0
2024-10-31T21:00,3600,0.0,0.0,0.0,0.0,0.0,0.0,0.0,0.0,0.0
2024-10-31T22:00,3600,0.0,0.0,0.0,0.0,0.0,0.0,0.0,0.0,0.0
2024-10-31T23:00,3600,0.0,0.0,0.0,0.0,0.0,0.0,0.0,0.0,0.0
2024-11-01T00:00,3600,0.0,0.0,0.0,0.0,0.0,0.0,0.0,0.0,0.0
2024-11-01T01:00,3600,0.0,0.0,0.0,0.0,0.0,0.0,0.0,0.0,0.0
2024-11-01T02:00,3600,0.0,0.0,0.0,0.0,0.0,0.0,0.0,0.0,0.0
2024-11-01T03:00,3600,0.0,0.0,0.0,0.0,0.0,0.0,0.0,0.0,0.0
2024-11-01T04:00,3600,0.0,0.0,0.0,0.0,0.0,0.0,0.0,0.0,0.0
2024-11-01T05:00,3600,0.0,0.0,0.0,0.0,0.0,0.0,0.0,0.0,0.0
2024-11-01T06:00,3600,0.0,0.00486901398,0.0,0.0,0.0,0.00486901398,16.42448605,4.86901398,8.17804653
2024-11-01T07:00,3600,0.0,0.27862488987,0.0,0.0,0.0,0.27862488987,344.95105657,278.62488987,174.11042421
2024-11-01T08:00,3600,0.0,0.6491740152700001,0.0,0.0,0.0,0.6491740152700001,792.87478813,649.17401527,408.6073817
2024-11-01T09:00,3600,0.4804251037414705,0.9822505408500001,0.4804251037414705,0.0,0.0,0.5018254371085296,1198.75143381,982.25054085,627.83727598
2024-11-01T10:00,3600,0.5154046010032333,1.20817316087,0.5154046010032333,0.0,0.0,0.6927685598667667,1475.84294111,1208.17316087,790.53841852
2024-11-01T11:00,3600,0.5677229660050904,1.33695522048,0.5677229660050904,0.0,0.0,0.7692322544749095,1634.45028081,1336.95522048,883.21305661
2024-11-01T12:00,3600,0.5852017197596683,1.35319901146,0.5852017197596683,0.0,0.0,0.7679972917003318,1654.49026314,1353.19901146,896.76660569
2024-11-01T13:00,3600,0.6136365871441215,1.25506966385,0.6136365871441215,0.0,0.0,0.6414330767058786,1533.54480116,1255.06966385,829.83372599
2024-11-01T14:00,3600,0.5545435374526078,1.05028226139,0.5545435374526078,0.0,0.0,0.49573872393739227,1282.03795593,1050.28226139,684.6968096
2024-11-01T15:00,3600,0.47506833801959203,0.7620128671,0.47506833801959203,0.0,0.0,0.286944529080408,930.02821937,762.0128671,489.35132018
2024-11-01T16:00,3600,0.34568345155607616,0.39703951484,0.34568345155607616,0.0,0.0,0.051356063283923836,487.68335959,397.03951484,250.81622768
2024-11-01T17:00,3600,0.27084622941827685,0.056338681950000004,0.056338681950000004,0.21450754746827685,0.0,0.0,78.03862882,56.33868195,39.43183305
2024-11-01T18:00,3600,0.0,0.0,0.0,0.0,0.0,0.0,0.0,0.0,0.0
2024-11-01T19:00,3600,0.0,0.0,0.0,0.0,0.0,0.0,0.0,0.0,0.0
2024-11-01T20:00,3600,0.0,0.0,0.0,0.0,0.0,0.0,0.0,0.0,0.0
2024-11-01T21:00,3600,0.0,0.0,0.0,0.0,0.0,0.0,0.0,0.0,0.0
2024-11-01T22:00,3600,0.0,0.0,0.0,0.0,0.0,0.0,0.0,0.0,0.0
2024-11-01T23:00,3600,0.0,0.0,0.0,0.0,0.0,0.0,0.0,0.0,0.0
2024-11-02T00:00,3600,0.0,0.0,0.0,0.0,0.0,0.0,0.0,0.0,0.0
2024-11-02T01:00,3600,0.0,0.0,0.0,0.0,0.0,0.0,0.0,0.0,0.0
2024-11-02T02:00,3600,0.0,0.0,0.0,0.0,0.0,0.0,0.0,0.0,0.0
2024-11-02T03:00,3600,0.0,0.0,0.0,0.0,0.0,0.0,0.0,0.0,0.0
2024-11-02T04:00,3600,0.0,0.0,0.0,0.0,0.0,0.0,0.0,0.0,0.0
2024-11-02T05:00,3600,0.0,0.0,0.0,0.0,0.0,0.0,0.0,0.0,0.0
2024-11-02T06:00,3600,0.0,0.0029596164800000002,0.0,0.0,0.0,0.0029596164800000002,14.14010938,2.95961648,7.01285022
2024-11-02T07:00,3600,0.0,0.25872893900000005,0.0,0.0,0.0,0.25872893900000005,321.00658952,258.728939,161.27111687
2024-11-02T08:00,3600,0.0,0.55398421939,0.0,0.0,0.0,0.55398421939,677.44839039,553.98421939,345.97504666
2024-11-02T09:00,3600,0.0,0.7839838482,0.0,0.0,0.0,0.7839838482,956.77486237,783.9838482,494.0737216
2024-11-02T10:00,3600,0.0,1.0900666516,0.0,0.0,0.0,1.0900666516,1330.80439776,1090.0666516,704.90657498
2024-11-02T11:00,3600,0.0,0.9930772551,0.0,0.0,0.0,0.9930772551,1211.99701773,993.0772551,637.88332345
2024-11-02T12:00,3600,0.0,1.1377022741200002,0.0,0.0,0.0,1.1377022741200002,1389.25423165,1137.70227412,736.59023985
2024-11-02T13:00,3600,0.0,1.0066620639900001,0.0,0.0,0.0,1.0066620639900001,1228.62161464,1006.66206399,650.83384655
2024-11-02T14:00,3600,0.0,0.38963746083,0.0,0.0,0.0,0.38963746083,478.75003811,389.63746083,245.20288197
2024-11-02T15:00,3600,0.0,0.30037663615,0.0,0.0,0.0,0.30037663615,371.14120523,300.37663615,189.41648762
2024-11-02T16:00,3600,0.0,0.13179924494,0.0,0.0,0.0,0.13179924494,168.49995697,131.79924494,85.06315886
2024-11-02T17:00,3600,0.0,0.014627154989999998,0.0,0.0,0.0,0.014627154989999998,28.10050363,14.62715499,14.09308508
2024-11-02T18:00,3600,0.0,0.0,0.0,0.0,0.0,0.0,0.0,0.0,0.0
2024-11-02T19:00,3600,0.0,0.0,0.0,0.0,0.0,0.0,0.0,0.0,0.0
2024-11-02T20:00,3600,0.0,0.0,0.0,0.0,0.0,0.0,0.0,0.0,0.0
2024-11-02T21:00,3600,0.0,0.0,0.0,0.0,0.0,0.0,0.0,0.0,0.0
2024-11-02T22:00,3600,0.0,0.0,0.0,0.0,0.0,0.0,0.0,0.0,0.0
2024-11-02T23:00,3600,0.0,0.0,0.0,0.0,0.0,0.0,0.0,0.0,0.0
2024-11-03T00:00,3600,0.0,0.0,0.0,0.0,0.0,0.0,0.0,0.0,0.0
2024-11-03T01:00,3600,0.0,0.0,0.0,0.0,0.0,0.0,0.0,0.0,0.0
2024-11-03T02:00,3600,0.0,0.0,0.0,0.0,0.0,0.0,0.0,0.0,0.0
2024-11-03T03:00,3600,0.0,0.0,0.0,0.0,0.0,0.0,0.0,0.0,0.0
2024-11-03T04:00,3600,0.0,0.0,0.0,0.0,0.0,0.0,0.0,0.0,0.0
2024-11-03T05:00,3600,0.0,0.0,0.0,0.0,0.0,0.0,0.0,0.0,0.0
2024-11-03T06:00,3600,0.0,0.0,0.0,0.0,0.0,0.0,10.24978478,0.0,5.09880252
2024-11-03T07:00,3600,0.0,0.16166948798,0.0,0.0,0.0,0.16166948798,204.35020878,161.66948798,102.52334065
2024-11-03T08:00,3600,0.0,0.51102106718,0.0,0.0,0.0,0.51102106718,625.43355162,511.02106718,319.83644659
2024-11-03T09:00,3600,0.0,0.86628234,0.0,0.0,0.0,0.86628234,1057.08231616,866.28234,550.86743216
2024-11-03T10:00,3600,0.0,1.1551408356500001,0.0,0.0,0.0,1.1551408356500001,1410.66796674,1155.14083565,759.61736701
2024-11-03T11:00,3600,0.0,1.14532606098,0.0,0.0,0.0,1.14532606098,1398.61480915,1145.32606098,755.12791541
2024-11-03T12:00,3600,0.0,0.94558970351,0.0,0.0,0.0,0.94558970351,1153.92466064,945.58970351,615.82308863
2024-11-03T13:00,3600,0.0,0.95460348211,0.0,0.0,0.0,0.95460348211,1164.94265908,954.60348211,624.99206568
2024-11-03T14:00,3600,0.0,0.7461810238700001,0.0,0.0,0.0,0.7461810238700001,910.76350342,746.18102387,483.23157979
2024-11-03T15:00,3600,0.0,0.47371858979,0.0,0.0,0.0,0.47371858979,580.31317627,473.71858979,302.86773673
2024-11-03T16:00,3600,0.0,0.25391750478999997,0.0,0.0,0.0,0.25391750478999997,315.21771061,253.91750479,161.4630762
2024-11-03T17:00,3600,0.0,0.030525646930000004,0.0,0.0,0.0,0.030525646930000004,47.12912822,30.52564693,23.82066637
2024-11-03T18:00,3600,0.0,0.0,0.0,0.0,0.0,0.0,0.0,0.0,0.0
2024-11-03T19:00,3600,0.0,0.0,0.0,0.0,0.0,0.0,0.0,0.0,0.0
2024-11-03T20:00,3600,0.0,0.0,0.0,0.0,0.0,0.0,0.0,0.0,0.0
2024-11-03T21:00,3600,0.0,0.0,0.0,0.0,0.0,0.0,0.0,0.0,0.0
2024-11-03T22:00,3600,0.0,0.0,0.0,0.0,0.0,0.0,0.0,0.0,0.0
2024-11-03T23:00,3600,0.0,0.0,0.0,0.0,0.0,0.0,0.0,0.0,0.0
2024-11-04T00:00,3600,0.0,0.0,0.0,0.0,0.0,0.0,0.0,0.0,0.0
2024-11-04T01:00,3600,0.0,0.0,0.0,0.0,0.0,0.0,0.0,0.0,0.0
2024-11-04T02:00,3600,0.0,0.0,0.0,0.0,0.0,0.0,0.0,0.0,0.0
2024-11-04T03:00,3600,0.0,0.0,0.0,0.0,0.0,0.0,0.0,0.0,0.0
2024-11-04T04:00,3600,0.0,0.0,0.0,0.0,0.0,0.0,0.0,0.0,0.0
2024-11-04T05:00,3600,0.0,0.0,0.0,0.0,0.0,0.0,0.0,0.0,0.0
2024-11-04T06:00,3600,0.0,0.0,0.0,0.0,0.0,0.0,5.83003628,0.0,2.90460582
2024-11-04T07:00,3600,0.0,0.07748646858,0.0,0.0,0.0,0.07748646858,103.37502528,77.48646858,51.78650649
2024-11-04T08:00,3600,0.8613443256372054,0.21193157444,0.21193157444,0.6494127511972054,0.0,0.0,264.72884724,211.93157444,133.5068945
2024-11-04T09:00,3600,0.8720463548150449,0.53638650532,0.53638650532,0.3356598494950449,0.0,0.0,656.13695751,536.38650532,337.7078954
2024-11-04T10:00,3600,0.860650282630479,0.81662446259,0.81662446259,0.04402582004047906,0.0,0.0,996.5352911,816.62446259,526.64017507
2024-11-04T11:00,3600,0.6745456017876547,0.96381958729,0.6745456017876547,0.0,0.0,0.2892739855023453,1176.21035311,963.81958729,627.53347825
2024-11-04T12:00,3600,0.5962919490523885,1.19622374365,0.5962919490523885,0.0,0.0,0.5999317945976116,1461.15042984,1196.22374365,792.96012831
2024-11-04T13:00,3600,0.593696109451158,1.0508989476,0.593696109451158,0.0,0.0,0.4572028381488419,1282.7935253,1050.8989476,691.58255921
2024-11-04T14:00,3600,0.47407169928678516,0.52850416931,0.47407169928678516,0.0,0.0,0.05443247002321483,646.59394602,528.50416931,337.0856976
2024-11-04T15:00,3600,0.40262034496612054,0.34372860565,0.34372860565,0.05889173931612052,0.0,0.0,423.37733311,343.72860565,218.20222132
2024-11-04T16:00,3600,0.33118161280959263,0.14532089681,0.14532089681,0.18586071599959264,0.0,0.0,184.72567204,145.32089681,93.81454587
2024-11-04T17:00,3600,0.29176766531560555,0.01789792412,0.01789792412,0.27386974119560553,0.0,0.0,32.01468012,17.89792412,16.14755348
2024-11-04T18:00,3600,0.0,0.0,0.0,0.0,0.0,0.0,0.0,0.0,0.0
2024-11-04T19:00,3600,0.0,0.0,0.0,0.0,0.0,0.0,0.0,0.0,0.0
2024-11-04T20:00,3600,0.0,0.0,0.0,0.0,0.0,0.0,0.0,0.0,0.0
2024-11-04T21:00,3600,0.0,0.0,0.0,0.0,0.0,0.0,0.0,0.0,0.0
2024-11-04T22:00,3600,0.0,0.0,0.0,0.0,0.0,0.0,0.0,0.0,0.0
2024-11-04T23:00,3600,0.0,0.0,0.0,0.0,0.0,0.0,0.0,0.0,0.0
2024-11-05T00:00,3600,0.0,0.0,0.0,0.0,0.0,0.0,0.0,0.0,0.0
2024-11-05T01:00,3600,0.0,0.0,0.0,0.0,0.0,0.0,0.0,0.0,0.0
2024-11-05T02:00,3600,0.0,0.0,0.0,0.0,0.0,0.0,0.0,0.0,0.0
2024-11-05T03:00,3600,0.0,0.0,0.0,0.0,0.0,0.0,0.0,0.0,0.0
2024-11-05T04:00,3600,0.0,0.0,0.0,0.0,0.0,0.0,0.0,0.0,0.0
2024-11-05T05:00,3600,0.0,0.0,0.0,0.0,0.0,0.0,0.0,0.0,0.0
2024-11-05T06:00,3600,0.0,0.0,0.0,0.0,0.0,0.0,5.83822755,0.0,2.90460582
2024-11-05T07:00,3600,0.0,0.16614852879,0.0,0.0,0.0,0.16614852879,209.72801616,166.14852879,105.26547487
2024-11-05T08:00,3600,0.0,0.51286834069,0.0,0.0,0.0,0.51286834069,627.66897243,512.86834069,321.10687007
2024-11-05T09:00,3600,0.0,0.84115583116,0.0,0.0,0.0,0.84115583116,1026.43731237,841.15583116,533.67485664
2024-11-05T10:00,3600,0.6063324559596243,1.03784193872,0.6063324559596243,0.0,0.0,0.4315094827603757,1266.79828051,1037.84193872,672.6319846
2024-11-05T11:00,3600,0.5137439657379459,1.14746492564,0.5137439657379459,0.0,0.0,0.6337209599020541,1401.24123291,1147.46492564,750.06229305
2024-11-05T12:00,3600,0.5386734049718268,1.17389916046,0.5386734049718268,0.0,0.0,0.6352257554881732,1433.7120701,1173.89916046,769.76931925
2024-11-05T13:00,3600,0.5259317180989889,0.95955200132,0.5259317180989889,0.0,0.0,0.4336202832210111,1170.99246423,959.55200132,624.62068042
2024-11-05T14:00,3600,0.3892929565009642,0.44954033078999994,0.3892929565009642,0.0,0.0,0.06024737428903576,551.08800015,449.54033079,285.37969771
2024-11-05T15:00,3600,0.3162016559524919,0.19881486046,0.19881486046,0.1173867954924919,0.0,0.0,248.96549842,198.81486046,127.1502854
2024-11-05T16:00,3600,0.2842124568519004,0.21148509155,0.21148509155,0.07272736530190038,0.0,0.0,264.19219874,211.48509155,134.69249403
2024-11-05T17:00,3600,0.2473728027580494,0.04116960696,0.04116960696,0.2062031957980494,0.0,0.0,59.87245616,41.16960696,30.24999169
2024-11-05T18:00,3600,0.0,0.0,0.0,0.0,0.0,0.0,0.0,0.0,0.0
2024-11-05T19:00,3600,0.0,0.0,0.0,0.0,0.0,0.0,0.0,0.0,0.0
2024-11-05T20:00,3600,0.0,0.0,0.0,0.0,0.0,0.0,0.0,0.0,0.0
2024-11-05T21:00,3600,0.0,0.0,0.0,0.0,0.0,0.0,0.0,0.0,0.0
2024-11-05T22:00,3600,0.0,0.0,0.0,0.0,0.0,0.0,0.0,0.0,0.0
2024-11-05T23:00,3600,0.0,0.0,0.0,0.0,0.0,0.0,0.0,0.0,0.0
2024-11-06T00:00,3600,0.0,0.0,0.0,0.0,0.0,0.0,0.0,0.0,0.0
2024-11-06T01:00,3600,0.0,0.0,0.0,0.0,0.0,0.0,0.0,0.0,0.0
2024-11-06T02:00,3600,0.0,0.0,0.0,0.0,0.0,0.0,0.0,0.0,0.0
2024-11-06T03:00,3600,0.0,0.0,0.0,0.0,0.0,0.0,0.0,0.0,0.0
2024-11-06T04:00,3600,0.0,0.0,0.0,0.0,0.0,0.0,0.0,0.0,0.0
2024-11-06T05:00,3600,0.0,0.0,0.0,0.0,0.0,0.0,0.0,0.0,0.0
2024-11-06T06:00,3600,0.0,0.0,0.0,0.0,0.0,0.0,10.42002225,0.0,5.15992621
2024-11-06T07:00,3600,0.0,0.22204348242000002,0.0,0.0,0.0,0.22204348242000002,276.88425745,222.04348242,138.59023523
2024-11-06T08:00,3600,0.0,0.5884544911899999,0.0,0.0,0.0,0.5884544911899999,719.21782491,588.45449119,366.62905276
2024-11-06T09:00,3600,0.0,0.95690832718,0.0,0.0,0.0,0.95690832718,1167.76035777,956.90832718,605.90724207
2024-11-06T10:00,3600,0.0,1.1888541406300002,0.0,0.0,0.0,1.1888541406300002,1452.09112226,1188.85414063,775.14798971
2024-11-06T11:00,3600,0.815294117647059,1.32258854223,0.815294117647059,0.0,0.0,0.5072944245829412,1616.73249808,1322.58854223,872.21855194
2024-11-06T12:00,3600,0.5868468752695176,1.30823340434,0.5868468752695176,0.0,0.0,0.7213865290704823,1599.0349449,1308.23340434,865.00936997
2024-11-06T13:00,3600,0.5453885979152021,1.2391763065899999,0.5453885979152021,0.0,0.0,0.6937877086747978,1513.98235515,1239.17630659,821.21194879
2024-11-06T14:00,3600,0.4958984271310311,1.05057663064,0.4958984271310311,0.0,0.0,0.5546782035089688,1282.39861837,1050.57663064,687.84372709
2024-11-06T15:00,3600,0.4050990059891405,0.73470559991,0.4050990059891405,0.0,0.0,0.32960659392085945,896.80420276,734.70559991,472.13734508
2024-11-06T16:00,3600,0.29938239411764705,0.3935180033,0.29938239411764705,0.0,0.0,0.09413560918235292,483.4331644,393.5180033,249.07297743
2024-11-06T17:00,3600,0.22526474705882352,0.047975674770000004,0.047975674770000004,0.1772890722888235,0.0,0.0,68.02250467,47.97567477,34.40839627
2024-11-06T18:00,3600,0.0,0.0,0.0,0.0,0.0,0.0,0.0,0.0,0.0
2024-11-06T19:00,3600,0.0,0.0,0.0,0.0,0.0,0.0,0.0,0.0,0.0
2024-11-06T20:00,3600,0.0,0.0,0.0,0.0,0.0,0.0,0.0,0.0,0.0
2024-11-06T21:00,3600,0.0,0.0,0.0,0.0,0.0,0.0,0.0,0.0,0.0
2024-11-06T22:00,3600,0.0,0.0,0.0,0.0,0.0,0.0,0.0,0.0,0.0
2024-11-06T23:00,3600,0.0,0.0,0.0,0.0,0.0,0.0,0.0,0.0,0.0
2024-11-07T00:00,3600,0.0,0.0,0.0,0.0,0.0,0.0,0.0,0.0,0.0
2024-11-07T01:00,3600,0.0,0.0,0.0,0.0,0.0,0.0,0.0,0.0,0.0
2024-11-07T02:00,3600,0.0,0.0,0.0,0.0,0.0,0.0,0.0,0.0,0.0
2024-11-07T03:00,3600,0.0,0.0,0.0,0.0,0.0,0.0,0.0,0.0,0.0
2024-11-07T04:00,3600,0.0,0.0,0.0,0.0,0.0,0.0,0.0,0.0,0.0
2024-11-07T05:00,3600,0.0,0.0,0.0,0.0,0.0,0.0,0.0,0.0,0.0
2024-11-07T06:00,3600,0.0,0.0,0.0,0.0,0.0,0.0,10.52184573,0.0,5.17815928
2024-11-07T07:00,3600,0.0,0.27868548425,0.0,0.0,0.0,0.27868548425,345.02399732,278.68548425,172.25385336
2024-11-07T08:00,3600,0.0,0.6518147427000001,0.0,0.0,0.0,0.6518147427000001,796.08049144,651.8147427,405.3396378
2024-11-07T09:00,3600,0.0,1.0069683846100002,0.0,0.0,0.0,1.0069683846100002,1228.99653923,1006.96838461,638.35392802
2024-11-07T10:00,3600,0.0,1.2393115894899998,0.0,0.0,0.0,1.2393115894899998,1514.14883818,1239.31158949,808.57378774
2024-11-07T11:00,3600,0.5775895230414307,1.37410698938,0.5775895230414307,0.0,0.0,0.7965174663385692,1680.29578242,1374.10698938,906.50595583
2024-11-07T12:00,3600,0.5053896764705883,1.39591190242,0.5053896764705883,0.0,0.0,0.8905222259494117,1707.22193444,1395.91190242,923.75345386
2024-11-07T13:00,3600,0.5273051735294118,1.29506895621,0.5273051735294118,0.0,0.0,0.7677637826805882,1582.81058324,1295.06895621,857.61691589
2024-11-07T14:00,3600,0.4658823764705882,1.09229197813,0.4658823764705882,0.0,0.0,0.6264096016594118,1333.5334689,1092.29197813,713.37733502
2024-11-07T15:00,3600,0.3829632588235294,0.7908336612000001,0.3829632588235294,0.0,0.0,0.4078704023764707,965.11633067,790.8336612,507.2966768
2024-11-07T16:00,3600,0.2564338117647059,0.41884680322999995,0.2564338117647059,0.0,0.0,0.16241299146529403,514.01062786,418.84680323,263.52214044
2024-11-07T17:00,3600,0.17694483823529408,0.05305609092000001,0.05305609092000001,0.12388874731529408,0.0,0.0,74.1069452,53.05609092,37.26207485
2024-11-07T18:00,3600,0.0,0.0,0.0,0.0,0.0,0.0,0.0,0.0,0.0
2024-11-07T19:00,3600,0.0,0.0,0.0,0.0,0.0,0.0,0.0,0.0,0.0
2024-11-07T20:00,3600,0.0,0.0,0.0,0.0,0.0,0.0,0.0,0.0,0.0
2024-11-07T21:00,3600,0.0,0.0,0.0,0.0,0.0,0.0,0.0,0.0,0.0
2024-11-07T22:00,3600,0.0,0.0,0.0,0.0,0.0,0.0,0.0,0.0,0.0
2024-11-07T23:00,3600,0.0,0.0,0.0,0.0,0.0,0.0,0.0,0.0,0.0
2024-11-08T00:00,3600,0.0,0.0,0.0,0.0,0.0,0.0,0.0,0.0,0.0
2024-11-08T01:00,3600,0.0,0.0,0.0,0.0,0.0,0.0,0.0,0.0,0.0
2024-11-08T02:00,3600,0.0,0.0,0.0,0.0,0.0,0.0,0.0,0.0,0.0
2024-11-08T03:00,3600,0.0,0.0,0.0,0.0,0.0,0.0,0.0,0.0,0.0
2024-11-08T04:00,3600,0.0,0.0,0.0,0.0,0.0,0.0,0.0,0.0,0.0
2024-11-08T05:00,3600,0.0,0.0,0.0,0.0,0.0,0.0,0.0,0.0,0.0
2024-11-08T06:00,3600,0.0,3.395831e-05,0.0,0.0,0.0,3.395831e-05,10.64008048,0.03395831,5.19524429
2024-11-08T07:00,3600,0.0,0.28894315838,0.0,0.0,0.0,0.28894315838,357.37315034,288.94315838,177.15989622
2024-11-08T08:00,3600,0.0,0.68112441679,0.0,0.0,0.0,0.68112441679,831.6738917,681.12441679,421.48111953
2024-11-08T09:00,3600,0.0,1.02288290751,0.0,0.0,0.0,1.02288290751,1248.47897378,1022.88290751,645.56303981
2024-11-08T10:00,3600,0.0,1.24743349806,0.0,0.0,0.0,1.24743349806,1524.14486268,1247.43349806,813.16860743
2024-11-08T11:00,3600,0.0,1.37694928776,0.0,0.0,0.0,1.37694928776,1683.80485357,1376.94928776,907.25433024
2024-11-08T12:00,3600,0.0,1.39434703009,0.0,0.0,0.0,1.39434703009,1705.28906351,1394.34703009,922.06735136
2024-11-08T13:00,3600,0.815294117647059,1.28820231089,0.815294117647059,0.0,0.0,0.4729081932429411,1574.34986807,1288.20231089,854.56864658
2024-11-08T14:00,3600,0.5153158933563811,1.0844305273,0.5153158933563811,0.0,0.0,0.5691146339436188,1323.89306443,1084.4305273,709.82623709
2024-11-08T15:00,3600,0.3862941470588236,0.78439193939,0.3862941470588236,0.0,0.0,0.39809779233117637,957.27178505,784.39193939,503.97099075
2024-11-08T16:00,3600,0.2774448676470588,0.40904787359,0.2774448676470588,0.0,0.0,0.13160300594294122,502.1790751,409.04787359,258.33543477
2024-11-08T17:00,3600,0.19416177058823525,0.04889890935,0.04889890935,0.14526286123823526,0.0,0.0,69.12814363,48.89890935,34.8417597
2024-11-08T18:00,3600,0.0,0.0,0.0,0.0,0.0,0.0,0.0,0.0,0.0
2024-11-08T19:00,3600,0.0,0.0,0.0,0.0,0.0,0.0,0.0,0.0,0.0
2024-11-08T20:00,3600,0.0,0.0,0.0,0.0,0.0,0.0,0.0,0.0,0.0
2024-11-08T21:00,3600,0.0,0.0,0.0,0.0,0.0,0.0,0.0,0.0,0.0
2024-11-08T22:00,3600,0.0,0.0,0.0,0.0,0.0,0.0,0.0,0.0,0.0
2024-11-08T23:00,3600,0.0,0.0,0.0,0.0,0.0,0.0,0.0,0.0,0.0
2024-11-09T00:00,3600,0.0,0.0,0.0,0.0,0.0,0.0,0.0,0.0,0.0
2024-11-09T01:00,3600,0.0,0.0,0.0,0.0,0.0,0.0,0.0,0.0,0.0
2024-11-09T02:00,3600,0.0,0.0,0.0,0.0,0.0,0.0,0.0,0.0,0.0
2024-11-09T03:00,3600,0.0,0.0,0.0,0.0,0.0,0.0,0.0,0.0,0.0
2024-11-09T04:00,3600,0.0,0.0,0.0,0.0,0.0,0.0,0.0,0.0,0.0
2024-11-09T05:00,3600,0.0,0.0,0.0,0.0,0.0,0.0,0.0,0.0,0.0
2024-11-09T06:00,3600,0.0,0.0,0.0,0.0,0.0,0.0,5.87470919,0.0,2.90460582
2024-11-09T07:00,3600,0.0,0.20666223732,0.0,0.0,0.0,0.20666223732,258.39572878,206.66223732,129.26756688
2024-11-09T08:00,3600,0.0,0.54170009359,0.0,0.0,0.0,0.54170009359,662.57099498,541.70009359,337.07580241
2024-11-09T09:00,3600,0.0,0.84535648955,0.0,0.0,0.0,0.84535648955,1031.55931756,845.35648955,533.6539811
2024-11-09T10:00,3600,0.0,0.96371307718,0.0,0.0,0.0,0.96371307718,1176.08011912,963.71307718,622.20892602
2024-11-09T11:00,3600,0.0,1.07611527391,0.0,0.0,0.0,1.07611527391,1313.6980913,1076.11527391,700.09726412
2024-11-09T12:00,3600,0.0,0.9376184318399999,0.0,0.0,0.0,0.9376184318399999,1144.18288928,937.61843184,604.8639535
2024-11-09T13:00,3600,0.0,0.9935487166,0.0,0.0,0.0,0.9935487166,1212.57388732,993.5487166,650.78517873
2024-11-09T14:00,3600,0.0,0.58473098652,0.0,0.0,0.0,0.58473098652,714.70427821,584.73098652,374.14414178
2024-11-09T15:00,3600,0.0,0.5655159238899999,0.0,0.0,0.0,0.5655159238899999,691.41830969,565.51592389,361.69732367
2024-11-09T16:00,3600,0.0,0.18438720802,0.0,0.0,0.0,0.18438720802,231.63204483,184.38720802,118.03373462
2024-11-09T17:00,3600,0.0,0.028969455329999998,0.0,0.0,0.0,0.028969455329999998,45.26625297,28.96945533,22.85939839
2024-11-09T18:00,3600,0.0,0.0,0.0,0.0,0.0,0.0,0.0,0.0,0.0
2024-11-09T19:00,3600,0.0,0.0,0.0,0.0,0.0,0.0,0.0,0.0,0.0
2024-11-09T20:00,3600,0.0,0.0,0.0,0.0,0.0,0.0,0.0,0.0,0.0
2024-11-09T21:00,3600,0.0,0.0,0.0,0.0,0.0,0.0,0.0,0.0,0.0
2024-11-09T22:00,3600,0.0,0.0,0.0,0.0,0.0,0.0,0.0,0.0,0.0
2024-11-09T23:00,3600,0.0,0.0,0.0,0.0,0.0,0.0,0.0,0.0,0.0
2024-11-10T00:00,3600,0.0,0.0,0.0,0.0,0.0,0.0,0.0,0.0,0.0
2024-11-10T01:00,3600,0.0,0.0,0.0,0.0,0.0,0.0,0.0,0.0,0.0
2024-11-10T02:00,3600,0.0,0.0,0.0,0.0,0.0,0.0,0.0,0.0,0.0
2024-11-10T03:00,3600,0.0,0.0,0.0,0.0,0.0,0.0,0.0,0.0,0.0
2024-11-10T04:00,3600,0.0,0.0,0.0,0.0,0.0,0.0,0.0,0.0,0.0
2024-11-10T05:00,3600,0.0,0.0,0.0,0.0,0.0,0.0,0.0,0.0,0.0
2024-11-10T06:00,3600,0.0,0.0,0.0,0.0,0.0,0.0,1.94505101,0.0,0.96820194
2024-11-10T07:00,3600,0.0,0.0536586451,0.0,0.0,0.0,0.0536586451,74.82862563,53.6586451,37.34924015
2024-11-10T08:00,3600,0.0,0.16357916520000002,0.0,0.0,0.0,0.16357916520000002,206.64301689,163.5791652,103.64768906
2024-11-10T09:00,3600,0.0,0.28971247305000003,0.0,0.0,0.0,0.28971247305000003,358.29943857,289.71247305,180.99744234
2024-11-10T10:00,3600,0.0,0.59260435472,0.0,0.0,0.0,0.59260435472,724.2486456,592.60435472,374.11559575
2024-11-10T11:00,3600,0.0,0.59979006209,0.0,0.0,0.0,0.59979006209,732.96090294,599.79006209,379.54615663
2024-11-10T12:00,3600,0.0,0.54260601404,0.0,0.0,0.0,0.54260601404,663.66801987,542.60601404,342.57148301
2024-11-10T13:00,3600,0.0,0.54958024586,0.0,0.0,0.0,0.54958024586,672.1142272,549.58024586,348.82388198
2024-11-10T14:00,3600,0.0,0.15380128959,0.0,0.0,0.0,0.15380128959,194.90447816,153.80128959,99.02123688
2024-11-10T15:00,3600,0.0,0.13386217587,0.0,0.0,0.0,0.13386217587,170.97511644,133.86217587,86.71768768
2024-11-10T16:00,3600,0.0,0.04897922062,0.0,0.0,0.0,0.04897922062,69.22432315,48.97922062,34.85526989
2024-11-10T17:00,3600,0.0,0.00404348057,0.0,0.0,0.0,0.00404348057,15.43681745,4.04348057,7.74561553
2024-11-10T18:00,3600,0.0,0.0,0.0,0.0,0.0,0.0,0.0,0.0,0.0
2024-11-10T19:00,3600,0.0,0.0,0.0,0.0,0.0,0.0,0.0,0.0,0.0
2024-11-10T20:00,3600,0.0,0.0,0.0,0.0,0.0,0.0,0.0,0.0,0.0
2024-11-10T21:00,3600,0.0,0.0,0.0,0.0,0.0,0.0,0.0,0.0,0.0
2024-11-10T22:00,3600,0.0,0.0,0.0,0.0,0.0,0.0,0.0,0.0,0.0
2024-11-10T23:00,3600,0.0,0.0,0.0,0.0,0.0,0.0,0.0,0.0,0.0
2024-11-11T00:00,3600,0.0,0.0,0.0,0.0,0.0,0.0,0.0,0.0,0.0
2024-11-11T01:00,3600,0.0,0.0,0.0,0.0,0.0,0.0,0.0,0.0,0.0
2024-11-11T02:00,3600,0.0,0.0,0.0,0.0,0.0,0.0,0.0,0.0,0.0
2024-11-11T03:00,3600,0.0,0.0,0.0,0.0,0.0,0.0,0.0,0.0,0.0
2024-11-11T04:00,3600,0.0,0.0,0.0,0.0,0.0,0.0,0.0,0.0,0.0
2024-11-11T05:00,3600,0.0,0.0,0.0,0.0,0.0,0.0,0.0,0.0,0.0
2024-11-11T06:00,3600,0.0,0.0,0.0,0.0,0.0,0.0,3.89651784,0.0,1.93640388
2024-11-11T07:00,3600,0.0,0.0874442896,0.0,0.0,0.0,0.0874442896,115.30926431,87.4442896,57.60994251
2024-11-11T08:00,3600,0.8850360596951015,0.27411863319999996,0.27411863319999996,0.6109174264951015,0.0,0.0,339.52690879,274.1186332,171.23732502
2024-11-11T09:00,3600,0.4041147022307111,0.5920759345200001,0.4041147022307111,0.0,0.0,0.18796123228928896,723.60802284,592.07593452,371.56766093
2024-11-11T10:00,3600,0.5565664466142268,1.02260712303,0.5565664466142268,0.0,0.0,0.4660406764157732,1248.14129917,1022.60712303,667.93200059
2024-11-11T11:00,3600,0.6410036001451316,1.26214530829,0.6410036001451316,0.0,0.0,0.6211417081448685,1542.25625812,1262.14530829,842.30514966
2024-11-11T12:00,3600,0.6711332006577126,1.2937511600899998,0.6711332006577126,0.0,0.0,0.6226179594322871,1581.18675881,1293.75116009,867.8988339
2024-11-11T13:00,3600,0.7084902256355455,1.20194797959,0.7084902256355455,0.0,0.0,0.49345775395445457,1468.18820065,1201.94797959,808.63219726
2024-11-11T14:00,3600,0.6381802328246782,0.88491173425,0.6381802328246782,0.0,0.0,0.24673150142532185,1079.81473682,884.91173425,582.80901704
2024-11-11T15:00,3600,0.53729993967803,0.49211911885000004,0.49211911885000004,0.04518082082802999,0.0,0.0,602.56533455,492.11911885,316.96895809
2024-11-11T16:00,3600,0.44223441759250476,0.20662836859,0.20662836859,0.23560604900250476,0.0,0.0,258.355025,206.62836859,133.0335982
2024-11-11T17:00,3600,0.41277980560293814,0.02042662421,0.02042662421,0.3923531813929381,0.0,0.0,35.04100693,20.42662421,17.83336108
2024-11-11T18:00,3600,0.0,0.0,0.0,0.0,0.0,0.0,0.0,0.0,0.0
2024-11-11T19:00,3600,0.0,0.0,0.0,0.0,0.0,0.0,0.0,0.0,0.0
2024-11-11T20:00,3600,0.0,0.0,0.0,0.0,0.0,0.0,0.0,0.0,0.0
2024-11-11T21:00,3600,0.0,0.0,0.0,0.0,0.0,0.0,0.0,0.0,0.0
2024-11-11T22:00,3600,0.0,0.0,0.0,0.0,0.0,0.0,0.0,0.0,0.0
2024-11-11T23:00,3600,0.0,0.0,0.0,0.0,0.0,0.0,0.0,0.0,0.0
2024-11-12T00:00,3600,0.0,0.0,0.0,0.0,0.0,0.0,0.0,0.0,0.0
2024-11-12T01:00,3600,0.0,0.0,0.0,0.0,0.0,0.0,0.0,0.0,0.0
2024-11-12T02:00,3600,0.0,0.0,0.0,0.0,0.0,0.0,0.0,0.0,0.0
2024-11-12T03:00,3600,0.0,0.0,0.0,0.0,0.0,0.0,0.0,0.0,0.0
2024-11-12T04:00,3600,0.0,0.0,0.0,0.0,0.0,0.0,0.0,0.0,0.0
2024-11-12T05:00,3600,0.0,0.0,0.0,0.0,0.0,0.0,0.0,0.0,0.0
2024-11-12T06:00,3600,0.0,0.0,0.0,0.0,0.0,0.0,7.80769562,0.0,3.87280777
2024-11-12T07:00,3600,0.0,0.23515597257,0.0,0.0,0.0,0.23515597257,292.65073952,235.15597257,147.18182007
2024-11-12T08:00,3600,0.0,0.60965272907,0.0,0.0,0.0,0.60965272907,744.92114592,609.65272907,382.93849477
2024-11-12T09:00,3600,0.0,0.9361916492599999,0.0,0.0,0.0,0.9361916492599999,1142.4393938,936.19164926,599.11201624
2024-11-12T10:00,3600,0.7376521783246983,1.15343135887,0.7376521783246983,0.0,0.0,0.4157791805453017,1408.56842313,1153.43135887,761.38873207
2024-11-12T11:00,3600,0.6511124552238478,1.27657773447,0.6511124552238478,0.0,0.0,0.6254652792461523,1560.02980198,1276.57773447,852.02052723
2024-11-12T12:00,3600,0.6650494874085432,1.2936950373300002,0.6650494874085432,0.0,0.0,0.628645549921457,1581.11760393,1293.69503733,866.90650394
2024-11-12T13:00,3600,0.7266708386226719,1.19121170203,0.7266708386226719,0.0,0.0,0.46454086340732803,1454.98905567,1191.21170203,802.08275233
2024-11-12T14:00,3600,0.6784626936512632,1.00799081501,0.6784626936512632,0.0,0.0,0.3295281213587369,1230.24797383,1007.99081501,670.22704713
2024-11-12T15:00,3600,0.5920335574347925,0.71234850453,0.5920335574347925,0.0,0.0,0.12031494709520751,869.61843014,712.34850453,464.40170354
2024-11-12T16:00,3600,0.487948440959032,0.36295417772000005,0.36295417772000005,0.12499426323903196,0.0,0.0,446.55916409,362.95417772,232.50242519
2024-11-12T17:00,3600,0.41777337904074396,0.03803069778,0.03803069778,0.37974268126074395,0.0,0.0,56.11412864,38.03069778,28.64076964
2024-11-12T18:00,3600,0.0,0.0,0.0,0.0,0.0,0.0,0.0,0.0,0.0
2024-11-12T19:00,3600,0.0,0.0,0.0,0.0,0.0,0.0,0.0,0.0,0.0
2024-11-12T20:00,3600,0.0,0.0,0.0,0.0,0.0,0.0,0.0,0.0,0.0
2024-11-12T21:00,3600,0.0,0.0,0.0,0.0,0.0,0.0,0.0,0.0,0.0
2024-11-12T22:00,3600,0.0,0.0,0.0,0.0,0.0,0.0,0.0,0.0,0.0
2024-11-12T23:00,3600,0.0,0.0,0.0,0.0,0.0,0.0,0.0,0.0,0.0
2024-11-13T00:00,3600,0.0,0.0,0.0,0.0,0.0,0.0,0.0,0.0,0.0
2024-11-13T01:00,3600,0.0,0.0,0.0,0.0,0.0,0.0,0.0,0.0,0.0
2024-11-13T02:00,3600,0.0,0.0,0.0,0.0,0.0,0.0,0.0,0.0,0.0
2024-11-13T03:00,3600,0.0,0.0,0.0,0.0,0.0,0.0,0.0,0.0,0.0
2024-11-13T04:00,3600,0.0,0.0,0.0,0.0,0.0,0.0,0.0,0.0,0.0
2024-11-13T05:00,3600,0.0,0.0,0.0,0.0,0.0,0.0,0.0,0.0,0.0
2024-11-13T06:00,3600,0.0,0.0,0.0,0.0,0.0,0.0,5.85836427,0.0,2.90460582
2024-11-13T07:00,3600,0.0,0.21328709801,0.0,0.0,0.0,0.21328709801,266.35814683,213.28709801,133.79937458
2024-11-13T08:00,3600,0.0,0.56268481699,0.0,0.0,0.0,0.56268481699,687.98826571,562.68481699,353.52186058
2024-11-13T09:00,3600,0.0,0.79211377886,0.0,0.0,0.0,0.79211377886,966.67536008,792.11377886,504.99133406
2024-11-13T10:00,3600,0.6560290962442665,0.9396424092600001,0.6560290962442665,0.0,0.0,0.28361331301573356,1146.65624199,939.64240926,613.61762969
2024-11-13T11:00,3600,0.6327545397233678,1.00305542304,0.6327545397233678,0.0,0.0,0.37030088331663213,1224.20742635,1003.05542304,660.06514906
2024-11-13T12:00,3600,0.5997674833585073,0.8249279861000001,0.5997674833585073,0.0,0.0,0.2251605027414928,1006.65481176,824.9279861,536.92303222
2024-11-13T13:00,3600,0.5918634856197593,0.65055228076,0.5918634856197593,0.0,0.0,0.058688795140240724,794.54790533,650.55228076,421.16729188
2024-11-13T14:00,3600,0.5511921963752242,0.53046344048,0.53046344048,0.02072875589522416,0.0,0.0,648.96584285,530.46344048,339.83763183
2024-11-13T15:00,3600,0.4965601802522689,0.34950799115000003,0.34950799115000003,0.14705218910226886,0.0,0.0,430.34494984,349.50799115,221.81642721
2024-11-13T16:00,3600,0.43488252437012836,0.23119619948999998,0.23119619948999998,0.2036863248801284,0.0,0.0,287.88901228,231.19619949,146.03646447
2024-11-13T17:00,3600,0.3633666708787703,0.01189936223,0.01189936223,0.3514673086487703,0.0,0.0,24.83633234,11.89936223,12.43278579
2024-11-13T18:00,3600,0.0,0.0,0.0,0.0,0.0,0.0,0.0,0.0,0.0
2024-11-13T19:00,3600,0.0,0.0,0.0,0.0,0.0,0.0,0.0,0.0,0.0
2024-11-13T20:00,3600,0.0,0.0,0.0,0.0,0.0,0.0,0.0,0.0,0.0
2024-11-13T21:00,3600,0.0,0.0,0.0,0.0,0.0,0.0,0.0,0.0,0.0
2024-11-13T22:00,3600,0.0,0.0,0.0,0.0,0.0,0.0,0.0,0.0,0.0
2024-11-13T23:00,3600,0.0,0.0,0.0,0.0,0.0,0.0,0.0,0.0,0.0
2024-11-14T00:00,3600,0.0,0.0,0.0,0.0,0.0,0.0,0.0,0.0,0.0
2024-11-14T01:00,3600,0.0,0.0,0.0,0.0,0.0,0.0,0.0,0.0,0.0
2024-11-14T02:00,3600,0.0,0.0,0.0,0.0,0.0,0.0,0.0,0.0,0.0
2024-11-14T03:00,3600,0.0,0.0,0.0,0.0,0.0,0.0,0.0,0.0,0.0
2024-11-14T04:00,3600,0.0,0.0,0.0,0.0,0.0,0.0,0.0,0.0,0.0
2024-11-14T05:00,3600,0.0,0.0,0.0,0.0,0.0,0.0,0.0,0.0,0.0
2024-11-14T06:00,3600,0.0,0.0,0.0,0.0,0.0,0.0,1.93554483,0.0,0.96820194
2024-11-14T07:00,3600,0.0,0.05069107206000001,0.0,0.0,0.0,0.05069107206000001,71.27445057,50.69107206,35.77031408
2024-11-14T08:00,3600,0.0,0.12511236914,0.0,0.0,0.0,0.12511236914,160.47764927,125.11236914,80.94608698
2024-11-14T09:00,3600,0.6356374922615684,0.28992916064999996,0.28992916064999996,0.34570833161156844,0.0,0.0,358.56034274,289.92916065,182.64336001
2024-11-14T10:00,3600,0.5325637868755048,0.28491581157,0.28491581157,0.24764797530550475,0.0,0.0,352.52431171,284.91581157,181.15981986
2024-11-14T11:00,3600,0.6097080539447336,0.6077445268799999,0.6077445268799999,0.0019635270647336833,0.0,0.0,742.60690034,607.74452688,387.91897678
2024-11-14T12:00,3600,0.6360383626240488,0.6666005901300001,0.6360383626240488,0.0,0.0,0.030562227505951278,814.03330534,666.60059013,427.3670903
2024-11-14T13:00,3600,0.6471248924300492,0.56336167621,0.56336167621,0.08376321622004923,0.0,0.0,688.80829831,563.36167621,361.36611297
2024-11-14T14:00,3600,0.5576017106304316,0.21902917093,0.21902917093,0.33857253970043166,0.0,0.0,273.26049934,219.02917093,140.76719938
2024-11-14T15:00,3600,0.5193417627196217,0.14019980243,0.14019980243,0.37914196028962177,0.0,0.0,178.57988319,140.19980243,91.37623543
2024-11-14T16:00,3600,0.47591974684151744,0.06644387888999999,0.06644387888999999,0.40947586795151747,0.0,0.0,90.14381007,66.44387889,45.67527114
2024-11-14T17:00,3600,0.44147521984745186,0.0005476589600000001,0.0005476589600000001,0.4409275608874519,0.0,0.0,11.25461535,0.54765896,5.67599062
2024-11-14T18:00,3600,0.0,0.0,0.0,0.0,0.0,0.0,0.0,0.0,0.0
2024-11-14T19:00,3600,0.0,0.0,0.0,0.0,0.0,0.0,0.0,0.0,0.0
2024-11-14T20:00,3600,0.0,0.0,0.0,0.0,0.0,0.0,0.0,0.0,0.0
2024-11-14T21:00,3600,0.0,0.0,0.0,0.0,0.0,0.0,0.0,0.0,0.0
2024-11-14T22:00,3600,0.0,0.0,0.0,0.0,0.0,0.0,0.0,0.0,0.0
2024-11-14T23:00,3600,0.0,0.0,0.0,0.0,0.0,0.0,0.0,0.0,0.0
2024-11-15T00:00,3600,0.0,0.0,0.0,0.0,0.0,0.0,0.0,0.0,0.0
2024-11-15T01:00,3600,0.0,0.0,0.0,0.0,0.0,0.0,0.0,0.0,0.0
2024-11-15T02:00,3600,0.0,0.0,0.0,0.0,0.0,0.0,0.0,0.0,0.0
2024-11-15T03:00,3600,0.0,0.0,0.0,0.0,0.0,0.0,0.0,0.0,0.0
2024-11-15T04:00,3600,0.0,0.0,0.0,0.0,0.0,0.0,0.0,0.0,0.0
2024-11-15T05:00,3600,0.0,0.0,0.0,0.0,0.0,0.0,0.0,0.0,0.0
2024-11-15T06:00,3600,0.0,0.0,0.0,0.0,0.0,0.0,0.0,0.0,0.0
2024-11-15T07:00,3600,0.0,0.00086310252,0.0,0.0,0.0,0.00086310252,11.63198075,0.86310252,5.80921165
2024-11-15T08:00,3600,0.0,0.03967736396,0.0,0.0,0.0,0.03967736396,58.08570785,39.67736396,29.05704813
2024-11-15T09:00,3600,0.0,0.06666520445,0.0,0.0,0.0,0.06666520445,90.40897007,66.66520445,45.28275153
2024-11-15T10:00,3600,0.5630528628746468,0.14971974737,0.14971974737,0.41333311550464685,0.0,0.0,190.0052629,149.71974737,96.25751465
2024-11-15T11:00,3600,0.4944436751172233,0.15998985146000003,0.15998985146000003,0.3344538236572233,0.0,0.0,202.33367447,159.98985146,102.59697736
2024-11-15T12:00,3600,0.47760661470588234,0.10163247633,0.10163247633,0.37597413837588234,0.0,0.0,132.31808537,101.63247633,66.80593396
2024-11-15T13:00,3600,0.4879742735294118,0.10146139967000001,0.10146139967000001,0.3865128738594118,0.0,0.0,132.11296634,101.46139967,66.80593396
2024-11-15T14:00,3600,0.49862868529411764,0.13781298912,0.13781298912,0.36081569617411763,0.0,0.0,175.71572585,137.81298912,89.07457861
2024-11-15T15:00,3600,0.4863088294117646,0.10816466907999998,0.10816466907999998,0.3781441603317646,0.0,0.0,140.15069835,108.16466908,70.92720095
2024-11-15T16:00,3600,0.4551948382352941,0.06924379510999999,0.06924379510999999,0.3859510431252941,0.0,0.0,93.49835767,69.24379511,47.0768198
2024-11-15T17:00,3600,0.44111028235294125,0.00386058061,0.00386058061,0.43724970174294125,0.0,0.0,15.21799829,3.86058061,7.63369474
2024-11-15T18:00,3600,0.0,0.0,0.0,0.0,0.0,0.0,0.0,0.0,0.0
2024-11-15T19:00,3600,0.0,0.0,0.0,0.0,0.0,0.0,0.0,0.0,0.0
2024-11-15T20:00,3600,0.0,0.0,0.0,0.0,0.0,0.0,0.0,0.0,0.0
2024-11-15T21:00,3600,0.0,0.0,0.0,0.0,0.0,0.0,0.0,0.0,0.0
2024-11-15T22:00,3600,0.0,0.0,0.0,0.0,0.0,0.0,0.0,0.0,0.0
2024-11-15T23:00,3600,0.0,0.0,0.0,0.0,0.0,0.0,0.0,0.0,0.0
2024-11-16T00:00,3600,0.0,0.0,0.0,0.0,0.0,0.0,0.0,0.0,0.0
2024-11-16T01:00,3600,0.0,0.0,0.0,0.0,0.0,0.0,0.0,0.0,0.0
2024-11-16T02:00,3600,0.0,0.0,0.0,0.0,0.0,0.0,0.0,0.0,0.0
2024-11-16T03:00,3600,0.0,0.0,0.0,0.0,0.0,0.0,0.0,0.0,0.0
2024-11-16T04:00,3600,0.0,0.0,0.0,0.0,0.0,0.0,0.0,0.0,0.0
2024-11-16T05:00,3600,0.0,0.0,0.0,0.0,0.0,0.0,0.0,0.0,0.0
2024-11-16T06:00,3600,0.0,0.0,0.0,0.0,0.0,0.0,1.93961295,0.0,0.96820194
2024-11-16T07:00,3600,0.0,0.06390477309,0.0,0.0,0.0,0.06390477309,87.10191731,63.90477309,43.63512986
2024-11-16T08:00,3600,0.0,0.16437080007000002,0.0,0.0,0.0,0.16437080007000002,207.59350301,164.37080007,104.65596399
2024-11-16T09:00,3600,0.0,0.28069771844,0.0,0.0,0.0,0.28069771844,347.44628951,280.69771844,176.48367028
2024-11-16T10:00,3600,0.0,0.27764132746000003,0.0,0.0,0.0,0.27764132746000003,343.7671029,277.64132746,175.90197096
2024-11-16T11:00,3600,0.0,0.44466341461000003,0.0,0.0,0.0,0.44466341461000003,545.195028,444.66341461,281.93354512
2024-11-16T12:00,3600,0.0,0.50688926359,0.0,0.0,0.0,0.50688926359,620.43391715,506.88926359,322.45412752
2024-11-16T13:00,3600,0.0,0.43853807122,0.0,0.0,0.0,0.43853807122,537.79445385,438.53807122,279.27457062
2024-11-16T14:00,3600,0.0,0.40330396192,0.0,0.0,0.0,0.40330396192,495.24490462,403.30396192,256.70238612
2024-11-16T15:00,3600,0.0,0.39360324523,0.0,0.0,0.0,0.39360324523,483.5360409,393.60324523,250.55785638
2024-11-16T16:00,3600,0.0,0.19221815509999998,0.0,0.0,0.0,0.19221815509999998,241.03948865,192.2181551,123.03354069
2024-11-16T17:00,3600,0.0,0.030236945789999997,0.0,0.0,0.0,0.030236945789999997,46.78352695,30.23694579,23.63148199
2024-11-16T18:00,3600,0.0,0.0,0.0,0.0,0.0,0.0,0.0,0.0,0.0
2024-11-16T19:00,3600,0.0,0.0,0.0,0.0,0.0,0.0,0.0,0.0,0.0
2024-11-16T20:00,3600,0.0,0.0,0.0,0.0,0.0,0.0,0.0,0.0,0.0
2024-11-16T21:00,3600,0.0,0.0,0.0,0.0,0.0,0.0,0.0,0.0,0.0
2024-11-16T22:00,3600,0.0,0.0,0.0,0.0,0.0,0.0,0.0,0.0,0.0
2024-11-16T23:00,3600,0.0,0.0,0.0,0.0,0.0,0.0,0.0,0.0,0.0
2024-11-17T00:00,3600,0.0,0.0,0.0,0.0,0.0,0.0,0.0,0.0,0.0
2024-11-17T01:00,3600,0.0,0.0,0.0,0.0,0.0,0.0,0.0,0.0,0.0
2024-11-17T02:00,3600,0.0,0.0,0.0,0.0,0.0,0.0,0.0,0.0,0.0
2024-11-17T03:00,3600,0.0,0.0,0.0,0.0,0.0,0.0,0.0,0.0,0.0
2024-11-17T04:00,3600,0.0,0.0,0.0,0.0,0.0,0.0,0.0,0.0,0.0
2024-11-17T05:00,3600,0.0,0.0,0.0,0.0,0.0,0.0,0.0,0.0,0.0
2024-11-17T06:00,3600,0.0,0.0,0.0,0.0,0.0,0.0,3.8843185,0.0,1.93640388
2024-11-17T07:00,3600,0.0,0.13723414427,0.0,0.0,0.0,0.13723414427,175.02113956,137.23414427,87.91121956
2024-11-17T08:00,3600,0.0,0.40623400011000005,0.0,0.0,0.0,0.40623400011000005,498.78199555,406.23400011,254.46215459
2024-11-17T09:00,3600,0.0,0.78428138146,0.0,0.0,0.0,0.78428138146,957.13716089,784.28138146,500.43652319
2024-11-17T10:00,3600,0.0,0.9215839643199999,0.0,0.0,0.0,0.9215839643199999,1124.59245388,921.58396432,597.17081423
2024-11-17T11:00,3600,0.0,0.9268561053900001,0.0,0.0,0.0,0.9268561053900001,1131.03299614,926.85610539,600.42046679
2024-11-17T12:00,3600,0.0,0.76270371643,0.0,0.0,0.0,0.76270371643,930.86902752,762.70371643,489.93126975
2024-11-17T13:00,3600,0.0,0.44981467143,0.0,0.0,0.0,0.44981467143,551.41951623,449.81467143,286.09128553
2024-11-17T14:00,3600,0.0,0.46457506196000004,0.0,0.0,0.0,0.46457506196000004,569.25916456,464.57506196,295.4148806
2024-11-17T15:00,3600,0.0,0.35870992216,0.0,0.0,0.0,0.35870992216,441.44065607,358.70992216,227.80350866
2024-11-17T16:00,3600,0.0,0.24542574552,0.0,0.0,0.0,0.24542574552,305.00237337,245.42574552,156.21993185
2024-11-17T17:00,3600,0.0,0.02411840353,0.0,0.0,0.0,0.02411840353,39.45960257,24.11840353,19.96208761
2024-11-17T18:00,3600,0.0,0.0,0.0,0.0,0.0,0.0,0.0,0.0,0.0
2024-11-17T19:00,3600,0.0,0.0,0.0,0.0,0.0,0.0,0.0,0.0,0.0
2024-11-17T20:00,3600,0.0,0.0,0.0,0.0,0.0,0.0,0.0,0.0,0.0
2024-11-17T21:00,3600,0.0,0.0,0.0,0.0,0.0,0.0,0.0,0.0,0.0
2024-11-17T22:00,3600,0.0,0.0,0.0,0.0,0.0,0.0,0.0,0.0,0.0
2024-11-17T23:00,3600,0.0,0.0,0.0,0.0,0.0,0.0,0.0,0.0,0.0
2024-11-18T00:00,3600,0.0,0.0,0.0,0.0,0.0,0.0,0.0,0.0,0.0
2024-11-18T01:00,3600,0.0,0.0,0.0,0.0,0.0,0.0,0.0,0.0,0.0
2024-11-18T02:00,3600,0.0,0.0,0.0,0.0,0.0,0.0,0.0,0.0,0.0
2024-11-18T03:00,3600,0.0,0.0,0.0,0.0,0.0,0.0,0.0,0.0,0.0
2024-11-18T04:00,3600,0.0,0.0,0.0,0.0,0.0,0.0,0.0,0.0,0.0
2024-11-18T05:00,3600,0.0,0.0,0.0,0.0,0.0,0.0,0.0,0.0,0.0
2024-11-18T06:00,3600,0.0,0.0,0.0,0.0,0.0,0.0,1.95319457,0.0,0.96820194
2024-11-18T07:00,3600,0.0,0.15601222149,0.0,0.0,0.0,0.15601222149,197.55852234,156.01222149,98.69410094
2024-11-18T08:00,3600,0.8475629191523509,0.42584147354999996,0.42584147354999996,0.421721445602351,0.0,0.0,522.45782968,425.84147355,264.32090854
2024-11-18T09:00,3600,0.8452164139798726,0.8470405146199999,0.8452164139798726,0.0,0.0,0.0018241006401272797,1033.61284583,847.04051462,533.36836146
2024-11-18T10:00,3600,0.6150882545160841,1.06468362724,0.6150882545160841,0.0,0.0,0.4495953727239159,1299.6854698,1064.68362724,684.02687588
2024-11-18T11:00,3600,0.5087262151452577,1.2830056294,0.5087262151452577,0.0,0.0,0.7742794142547423,1567.94770322,1283.0056294,834.87004685
2024-11-18T12:00,3600,0.5243717862665314,1.2854286757,0.5243717862665314,0.0,0.0,0.7610568894334686,1570.93273033,1285.4286757,838.01299174
2024-11-18T13:00,3600,0.5009640612689276,1.05359556972,0.5009640612689276,0.0,0.0,0.5526315084510723,1286.09757793,1053.59556972,679.52015327
2024-11-18T14:00,3600,0.36089233893937933,0.46391213982999996,0.36089233893937933,0.0,0.0,0.10301980089062063,568.45781803,463.91213983,291.5952393
2024-11-18T15:00,3600,0.2842329860411599,0.19286548963000003,0.19286548963000003,0.09136749641115985,0.0,0.0,241.81721597,192.86548963,122.4666412
2024-11-18T16:00,3600,0.21486538763431876,0.10187636941,0.10187636941,0.11298901822431875,0.0,0.0,132.61051185,101.87636941,66.62470941
2024-11-18T17:00,3600,0.18817635573983726,0.0024762212899999995,0.0024762212899999995,0.18570013444983727,0.0,0.0,13.56179745,2.47622129,6.77741359
2024-11-18T18:00,3600,0.0,0.0,0.0,0.0,0.0,0.0,0.0,0.0,0.0
2024-11-18T19:00,3600,0.0,0.0,0.0,0.0,0.0,0.0,0.0,0.0,0.0
2024-11-18T20:00,3600,0.0,0.0,0.0,0.0,0.0,0.0,0.0,0.0,0.0
2024-11-18T21:00,3600,0.0,0.0,0.0,0.0,0.0,0.0,0.0,0.0,0.0
2024-11-18T22:00,3600,0.0,0.0,0.0,0.0,0.0,0.0,0.0,0.0,0.0
2024-11-18T23:00,3600,0.0,0.0,0.0,0.0,0.0,0.0,0.0,0.0,0.0
2024-11-19T00:00,3600,0.0,0.0,0.0,0.0,0.0,0.0,0.0,0.0,0.0
2024-11-19T01:00,3600,0.0,0.0,0.0,0.0,0.0,0.0,0.0,0.0,0.0
2024-11-19T02:00,3600,0.0,0.0,0.0,0.0,0.0,0.0,0.0,0.0,0.0
2024-11-19T03:00,3600,0.0,0.0,0.0,0.0,0.0,0.0,0.0,0.0,0.0
2024-11-19T04:00,3600,0.0,0.0,0.0,0.0,0.0,0.0,0.0,0.0,0.0
2024-11-19T05:00,3600,0.0,0.0,0.0,0.0,0.0,0.0,0.0,0.0,0.0
2024-11-19T06:00,3600,0.0,0.0,0.0,0.0,0.0,0.0,0.0,0.0,0.0
2024-11-19T07:00,3600,0.0,0.020947509010000004,0.0,0.0,0.0,0.020947509010000004,35.66441858,20.94750901,17.5256099
2024-11-19T08:00,3600,0.0,0.07197032266,0.0,0.0,0.0,0.07197032266,96.76518022,71.97032266,47.61289847
2024-11-19T09:00,3600,0.0,0.11264514025,0.0,0.0,0.0,0.11264514025,145.52379588,112.64514025,71.64694366
2024-11-19T10:00,3600,0.0,0.10334292100000002,0.0,0.0,0.0,0.10334292100000002,134.36893278,103.342921,66.15011353
2024-11-19T11:00,3600,0.0,0.14368589961999997,0.0,0.0,0.0,0.14368589961999997,182.76344713,143.68589962,90.04278055
2024-11-19T12:00,3600,0.0,0.09979012093,0.0,0.0,0.0,0.09979012093,130.10916268,99.79012093,63.90132813
2024-11-19T13:00,3600,0.0,0.10458278533,0.0,0.0,0.0,0.10458278533,135.8555966,104.58278533,66.80593396
2024-11-19T14:00,3600,0.0,0.12013800543,0.0,0.0,0.0,0.12013800543,154.51063542,120.13800543,76.06459164
2024-11-19T15:00,3600,0.0,0.04384916758,0.0,0.0,0.0,0.04384916758,63.08099698,43.84916758,30.98246212
2024-11-19T16:00,3600,0.0,0.01757121437,0.0,0.0,0.0,0.01757121437,31.62368906,17.57121437,15.49123106
2024-11-19T17:00,3600,0.0,0.0,0.0,0.0,0.0,0.0,3.95619364,0.0,1.93640388
2024-11-19T18:00,3600,0.0,0.0,0.0,0.0,0.0,0.0,0.0,0.0,0.0
2024-11-19T19:00,3600,0.0,0.0,0.0,0.0,0.0,0.0,0.0,0.0,0.0
2024-11-19T20:00,3600,0.0,0.0,0.0,0.0,0.0,0.0,0.0,0.0,0.0
2024-11-19T21:00,3600,0.0,0.0,0.0,0.0,0.0,0.0,0.0,0.0,0.0
2024-11-19T22:00,3600,0.0,0.0,0.0,0.0,0.0,0.0,0.0,0.0,0.0
2024-11-19T23:00,3600,0.0,0.0,0.0,0.0,0.0,0.0,0.0,0.0,0.0
2024-11-20T00:00,3600,0.0,0.0,0.0,0.0,0.0,0.0,0.0,0.0,0.0
2024-11-20T01:00,3600,0.0,0.0,0.0,0.0,0.0,0.0,0.0,0.0,0.0
2024-11-20T02:00,3600,0.0,0.0,0.0,0.0,0.0,0.0,0.0,0.0,0.0
2024-11-20T03:00,3600,0.0,0.0,0.0,0.0,0.0,0.0,0.0,0.0,0.0
2024-11-20T04:00,3600,0.0,0.0,0.0,0.0,0.0,0.0,0.0,0.0,0.0
2024-11-20T05:00,3600,0.0,0.0,0.0,0.0,0.0,0.0,0.0,0.0,0.0
2024-11-20T06:00,3600,0.0,0.0,0.0,0.0,0.0,0.0,0.0,0.0,0.0
2024-11-20T07:00,3600,0.0,0.00613539676,0.0,0.0,0.0,0.00613539676,17.93962228,6.13539676,8.71381747
2024-11-20T08:00,3600,0.0,0.02110688053,0.0,0.0,0.0,0.02110688053,35.85516096,21.10688053,17.42763494
2024-11-20T09:00,3600,0.0,0.07250515875,0.0,0.0,0.0,0.07250515875,97.40602396,72.50515875,47.44189513
2024-11-20T10:00,3600,0.0,0.06952052605999999,0.0,0.0,0.0,0.06952052605999999,93.82991722,69.52052606,45.90010056
2024-11-20T11:00,3600,0.0,0.08030092766,0.0,0.0,0.0,0.08030092766,106.74782677,80.30092766,52.28290483
2024-11-20T12:00,3600,0.0,0.08525695424,0.0,0.0,0.0,0.08525695424,112.68756186,85.25695424,55.18751066
2024-11-20T13:00,3600,0.0,0.07850572311000001,0.0,0.0,0.0,0.07850572311000001,104.59645872,78.50572311,51.31470289
2024-11-20T14:00,3600,0.0,0.03910399017,0.0,0.0,0.0,0.03910399017,57.39919024,39.10399017,28.0778563
2024-11-20T15:00,3600,0.0,0.04973220452,0.0,0.0,0.0,0.04973220452,70.12609326,49.73220452,34.33337502
2024-11-20T16:00,3600,0.0,0.03586469069999999,0.0,0.0,0.0,0.03586469069999999,53.5208444,35.8646907,26.14145242
2024-11-20T17:00,3600,0.0,0.0,0.0,0.0,0.0,0.0,5.96027427,0.0,2.90460582
2024-11-20T18:00,3600,0.0,0.0,0.0,0.0,0.0,0.0,0.0,0.0,0.0
2024-11-20T19:00,3600,0.0,0.0,0.0,0.0,0.0,0.0,0.0,0.0,0.0
2024-11-20T20:00,3600,0.0,0.0,0.0,0.0,0.0,0.0,0.0,0.0,0.0
2024-11-20T21:00,3600,0.0,0.0,0.0,0.0,0.0,0.0,0.0,0.0,0.0
2024-11-20T22:00,3600,0.0,0.0,0.0,0.0,0.0,0.0,0.0,0.0,0.0
2024-11-20T23:00,3600,0.0,0.0,0.0,0.0,0.0,0.0,0.0,0.0,0.0
2024-11-21T00:00,3600,0.0,0.0,0.0,0.0,0.0,0.0,0.0,0.0,0.0
2024-11-21T01:00,3600,0.0,0.0,0.0,0.0,0.0,0.0,0.0,0.0,0.0
2024-11-21T02:00,3600,0.0,0.0,0.0,0.0,0.0,0.0,0.0,0.0,0.0
2024-11-21T03:00,3600,0.0,0.0,0.0,0.0,0.0,0.0,0.0,0.0,0.0
2024-11-21T04:00,3600,0.0,0.0,0.0,0.0,0.0,0.0,0.0,0.0,0.0
2024-11-21T05:00,3600,0.0,0.0,0.0,0.0,0.0,0.0,0.0,0.0,0.0
2024-11-21T06:00,3600,0.0,0.0,0.0,0.0,0.0,0.0,1.98978402,0.0,0.96820194
2024-11-21T07:00,3600,0.0,0.09089244189,0.0,0.0,0.0,0.09089244189,119.44241983,90.89244189,58.43716028
2024-11-21T08:00,3600,0.0,0.34076931859000004,0.0,0.0,0.0,0.34076931859000004,419.80997352,340.76931859,207.98346643
2024-11-21T09:00,3600,0.0,0.62250264938,0.0,0.0,0.0,0.62250264938,760.50800639,622.50264938,382.06634638
2024-11-21T10:00,3600,0.0,1.12368926711,0.0,0.0,0.0,1.12368926711,1372.05324505,1123.68926711,716.24392488
2024-11-21T11:00,3600,0.0,1.26778025339,0.0,0.0,0.0,1.26778025339,1549.19497896,1267.78025339,817.19893948
2024-11-21T12:00,3600,0.0,1.2710431610000001,0.0,0.0,0.0,1.2710431610000001,1553.21325686,1271.043161,820.66904122
2024-11-21T13:00,3600,0.0,1.1866978234299999,0.0,0.0,0.0,1.1866978234299999,1449.44070009,1186.69782343,766.14608609
2024-11-21T14:00,3600,0.0,0.83009870846,0.0,0.0,0.0,0.83009870846,1012.95736011,830.09870846,524.63297882
2024-11-21T15:00,3600,0.0,0.58382590249,0.0,0.0,0.0,0.58382590249,713.60721406,583.82590249,364.73233111
2024-11-21T16:00,3600,0.0,0.31883445408000005,0.0,0.0,0.0,0.31883445408000005,393.37536412,318.83445408,197.83015871
2024-11-21T17:00,3600,0.0,0.03037082881,0.0,0.0,0.0,0.03037082881,46.94379671,30.37082881,23.25058827
2024-11-21T18:00,3600,0.0,0.0,0.0,0.0,0.0,0.0,0.0,0.0,0.0
2024-11-21T19:00,3600,0.0,0.0,0.0,0.0,0.0,0.0,0.0,0.0,0.0
2024-11-21T20:00,3600,0.0,0.0,0.0,0.0,0.0,0.0,0.0,0.0,0.0
2024-11-21T21:00,3600,0.0,0.0,0.0,0.0,0.0,0.0,0.0,0.0,0.0
2024-11-21T22:00,3600,0.0,0.0,0.0,0.0,0.0,0.0,0.0,0.0,0.0
2024-11-21T23:00,3600,0.0,0.0,0.0,0.0,0.0,0.0,0.0,0.0,0.0
2024-11-22T00:00,3600,0.0,0.0,0.0,0.0,0.0,0.0,0.0,0.0,0.0
2024-11-22T01:00,3600,0.0,0.0,0.0,0.0,0.0,0.0,0.0,0.0,0.0
2024-11-22T02:00,3600,0.0,0.0,0.0,0.0,0.0,0.0,0.0,0.0,0.0
2024-11-22T03:00,3600,0.0,0.0,0.0,0.0,0.0,0.0,0.0,0.0,0.0
2024-11-22T04:00,3600,0.0,0.0,0.0,0.0,0.0,0.0,0.0,0.0,0.0
2024-11-22T05:00,3600,0.0,0.0,0.0,0.0,0.0,0.0,0.0,0.0,0.0
2024-11-22T06:00,3600,0.0,0.0,0.0,0.0,0.0,0.0,1.98910775,0.0,0.96820194
2024-11-22T07:00,3600,0.0,0.12298274979,0.0,0.0,0.0,0.12298274979,157.92297646,122.98274979,77.29682607
2024-11-22T08:00,3600,0.0,0.35971037035,0.0,0.0,0.0,0.35971037035,442.64713729,359.71037035,219.17964267
2024-11-22T09:00,3600,0.0,0.6099136557000001,0.0,0.0,0.0,0.6099136557000001,745.23760255,609.9136557,373.69894185
2024-11-22T10:00,3600,0.0,0.7359048119399999,0.0,0.0,0.0,0.7359048119399999,898.26281434,735.90481194,457.04938635
2024-11-22T11:00,3600,0.0,1.13024361159,0.0,0.0,0.0,1.13024361159,1380.09801095,1130.24361159,717.36358035
2024-11-22T12:00,3600,0.0,1.30027303981,0.0,0.0,0.0,1.30027303981,1589.22369018,1300.27303981,836.7069567
2024-11-22T13:00,3600,0.0,1.2090378874999999,0.0,0.0,0.0,1.2090378874999999,1476.90633319,1209.0378875,778.93966704
2024-11-22T14:00,3600,0.0,0.9570593522699999,0.0,0.0,0.0,0.9570593522699999,1167.94499288,957.05935227,607.15578302
2024-11-22T15:00,3600,0.0,0.68200419673,0.0,0.0,0.0,0.68200419673,832.74265761,682.00419673,426.22441093
2024-11-22T16:00,3600,0.0,0.3533426406,0.0,0.0,0.0,0.3533426406,434.9684976,353.3426406,218.01299135
2024-11-22T17:00,3600,0.0,0.03407869912,0.0,0.0,0.0,0.03407869912,51.38263336,34.07869912,25.31610434
2024-11-22T18:00,3600,0.0,0.0,0.0,0.0,0.0,0.0,0.0,0.0,0.0
2024-11-22T19:00,3600,0.0,0.0,0.0,0.0,0.0,0.0,0.0,0.0,0.0
2024-11-22T20:00,3600,0.0,0.0,0.0,0.0,0.0,0.0,0.0,0.0,0.0
2024-11-22T21:00,3600,0.0,0.0,0.0,0.0,0.0,0.0,0.0,0.0,0.0
2024-11-22T22:00,3600,0.0,0.0,0.0,0.0,0.0,0.0,0.0,0.0,0.0
2024-11-22T23:00,3600,0.0,0.0,0.0,0.0,0.0,0.0,0.0,0.0,0.0
2024-11-23T00:00,3600,0.0,0.0,0.0,0.0,0.0,0.0,0.0,0.0,0.0
2024-11-23T01:00,3600,0.0,0.0,0.0,0.0,0.0,0.0,0.0,0.0,0.0
2024-11-23T02:00,3600,0.0,0.0,0.0,0.0,0.0,0.0,0.0,0.0,0.0
2024-11-23T03:00,3600,0.0,0.0,0.0,0.0,0.0,0.0,0.0,0.0,0.0
2024-11-23T04:00,3600,0.0,0.0,0.0,0.0,0.0,0.0,0.0,0.0,0.0
2024-11-23T05:00,3600,0.0,0.0,0.0,0.0,0.0,0.0,0.0,0.0,0.0
2024-11-23T06:00,3600,0.0,0.0,0.0,0.0,0.0,0.0,1.9843542,0.0,0.96820194
2024-11-23T07:00,3600,0.0,0.04265767031,0.0,0.0,0.0,0.04265767031,61.65425899,42.65767031,30.16711561
2024-11-23T08:00,3600,0.0,0.23854016036,0.0,0.0,0.0,0.23854016036,296.72064628,238.54016036,146.32291548
2024-11-23T09:00,3600,0.0,0.47330258037999995,0.0,0.0,0.0,0.47330258037999995,579.81019447,473.30258038,289.03859853
2024-11-23T10:00,3600,0.0,0.9394255767199999,0.0,0.0,0.0,0.9394255767199999,1146.39126148,939.42557672,590.96432838
2024-11-23T11:00,3600,0.0,1.11434055796,0.0,0.0,0.0,1.11434055796,1360.58082387,1114.34055796,710.12965558
2024-11-23T12:00,3600,0.0,1.13946465197,0.0,0.0,0.0,1.13946465197,1391.41795209,1139.46465197,728.78983818
2024-11-23T13:00,3600,0.0,0.90121257535,0.0,0.0,0.0,0.90121257535,1099.71378447,901.21257535,572.27323802
2024-11-23T14:00,3600,0.0,0.86300861673,0.0,0.0,0.0,0.86300861673,1053.08858306,863.00861673,547.71357043
2024-11-23T15:00,3600,0.0,0.56195085954,0.0,0.0,0.0,0.56195085954,687.09907142,561.95085954,350.73171425
2024-11-23T16:00,3600,0.0,0.25020628579000004,0.0,0.0,0.0,0.25020628579000004,310.7529834,250.20628579,155.48624679
2024-11-23T17:00,3600,0.0,0.025889599059999997,0.0,0.0,0.0,0.025889599059999997,41.57962964,25.88959906,20.53009353
2024-11-23T18:00,3600,0.0,0.0,0.0,0.0,0.0,0.0,0.0,0.0,0.0
2024-11-23T19:00,3600,0.0,0.0,0.0,0.0,0.0,0.0,0.0,0.0,0.0
2024-11-23T20:00,3600,0.0,0.0,0.0,0.0,0.0,0.0,0.0,0.0,0.0
2024-11-23T21:00,3600,0.0,0.0,0.0,0.0,0.0,0.0,0.0,0.0,0.0
2024-11-23T22:00,3600,0.0,0.0,0.0,0.0,0.0,0.0,0.0,0.0,0.0
2024-11-23T23:00,3600,0.0,0.0,0.0,0.0,0.0,0.0,0.0,0.0,0.0
2024-11-24T00:00,3600,0.0,0.0,0.0,0.0,0.0,0.0,0.0,0.0,0.0
2024-11-24T01:00,3600,0.0,0.0,0.0,0.0,0.0,0.0,0.0,0.0,0.0
2024-11-24T02:00,3600,0.0,0.0,0.0,0.0,0.0,0.0,0.0,0.0,0.0
2024-11-24T03:00,3600,0.0,0.0,0.0,0.0,0.0,0.0,0.0,0.0,0.0
2024-11-24T04:00,3600,0.0,0.0,0.0,0.0,0.0,0.0,0.0,0.0,0.0
2024-11-24T05:00,3600,0.0,0.0,0.0,0.0,0.0,0.0,0.0,0.0,0.0
2024-11-24T06:00,3600,0.0,0.0,0.0,0.0,0.0,0.0,0.0,0.0,0.0
2024-11-24T07:00,3600,0.0,0.03981995276,0.0,0.0,0.0,0.03981995276,58.25643505,39.81995276,28.53578431
2024-11-24T08:00,3600,0.0,0.14881581563000001,0.0,0.0,0.0,0.14881581563000001,188.92030307,148.81581563,93.05687584
2024-11-24T09:00,3600,0.0,0.32274580078000004,0.0,0.0,0.0,0.32274580078000004,398.08813204,322.74580078,197.9284095
2024-11-24T10:00,3600,0.0,0.37523700096,0.0,0.0,0.0,0.37523700096,461.37482668,375.23700096,232.1056723
2024-11-24T11:00,3600,0.0,0.26426500012000004,0.0,0.0,0.0,0.26426500012000004,327.66807782,264.26500012,163.78869559
2024-11-24T12:00,3600,0.0,0.36607891426,0.0,0.0,0.0,0.36607891426,450.32786249,366.07891426,226.1665303
2024-11-24T13:00,3600,0.0,0.45484658660000005,0.0,0.0,0.0,0.45484658660000005,557.50050031,454.8465866,282.73396766
2024-11-24T14:00,3600,0.0,0.23772562663,0.0,0.0,0.0,0.23772562663,295.7410399,237.72562663,148.08581657
2024-11-24T15:00,3600,0.0,0.29075563069,0.0,0.0,0.0,0.29075563069,359.55547123,290.75563069,180.69853946
2024-11-24T16:00,3600,0.0,0.10423325697,0.0,0.0,0.0,0.10423325697,135.43648919,104.23325697,67.13508819
2024-11-24T17:00,3600,0.0,0.00272765409,0.0,0.0,0.0,0.00272765409,13.86259939,2.72765409,6.83786951
2024-11-24T18:00,3600,0.0,0.0,0.0,0.0,0.0,0.0,0.0,0.0,0.0
2024-11-24T19:00,3600,0.0,0.0,0.0,0.0,0.0,0.0,0.0,0.0,0.0
2024-11-24T20:00,3600,0.0,0.0,0.0,0.0,0.0,0.0,0.0,0.0,0.0
2024-11-24T21:00,3600,0.0,0.0,0.0,0.0,0.0,0.0,0.0,0.0,0.0
2024-11-24T22:00,3600,0.0,0.0,0.0,0.0,0.0,0.0,0.0,0.0,0.0
2024-11-24T23:00,3600,0.0,0.0,0.0,0.0,0.0,0.0,0.0,0.0,0.0
2024-11-25T00:00,3600,0.0,0.0,0.0,0.0,0.0,0.0,0.0,0.0,0.0
2024-11-25T01:00,3600,0.0,0.0,0.0,0.0,0.0,0.0,0.0,0.0,0.0
2024-11-25T02:00,3600,0.0,0.0,0.0,0.0,0.0,0.0,0.0,0.0,0.0
2024-11-25T03:00,3600,0.0,0.0,0.0,0.0,0.0,0.0,0.0,0.0,0.0
2024-11-25T04:00,3600,0.0,0.0,0.0,0.0,0.0,0.0,0.0,0.0,0.0
2024-11-25T05:00,3600,0.0,0.0,0.0,0.0,0.0,0.0,0.0,0.0,0.0
2024-11-25T06:00,3600,0.0,0.0,0.0,0.0,0.0,0.0,1.9829809,0.0,0.96820194
2024-11-25T07:00,3600,0.0,0.16523748555,0.0,0.0,0.0,0.16523748555,208.63411887,165.23748555,102.91702992
2024-11-25T08:00,3600,0.0,0.34761338043,0.0,0.0,0.0,0.34761338043,428.06071051,347.61338043,213.6424772
2024-11-25T09:00,3600,0.0,0.46846265749999993,0.0,0.0,0.0,0.46846265749999993,573.95876915,468.4626575,288.83594622
2024-11-25T10:00,3600,0.0,0.82255638417,0.0,0.0,0.0,0.82255638417,1003.76433818,822.55638417,519.97335721
2024-11-25T11:00,3600,0.0,0.92151519347,0.0,0.0,0.0,0.92151519347,1124.50844737,921.51519347,588.01552105
2024-11-25T12:00,3600,0.0,0.90062155776,0.0,0.0,0.0,0.90062155776,1098.99217607,900.62155776,574.23247151
2024-11-25T13:00,3600,0.0,0.62752844032,0.0,0.0,0.0,0.62752844032,766.60549889,627.52844032,395.47625082
2024-11-25T14:00,3600,0.0,0.43599787679999996,0.0,0.0,0.0,0.43599787679999996,534.72571938,435.9978768,272.18504496
2024-11-25T15:00,3600,0.0,0.34260511036,0.0,0.0,0.0,0.34260511036,422.02295465,342.60511036,213.65607542
2024-11-25T16:00,3600,0.0,0.20743581148999998,0.0,0.0,0.0,0.20743581148999998,259.32542636,207.43581149,129.67943974
2024-11-25T17:00,3600,0.0,0.011032997709999999,0.0,0.0,0.0,0.011032997709999999,23.79965195,11.03299771,11.7613243
2024-11-25T18:00,3600,0.0,0.0,0.0,0.0,0.0,0.0,0.0,0.0,0.0
2024-11-25T19:00,3600,0.0,0.0,0.0,0.0,0.0,0.0,0.0,0.0,0.0
2024-11-25T20:00,3600,0.0,0.0,0.0,0.0,0.0,0.0,0.0,0.0,0.0
2024-11-25T21:00,3600,0.0,0.0,0.0,0.0,0.0,0.0,0.0,0.0,0.0
2024-11-25T22:00,3600,0.0,0.0,0.0,0.0,0.0,0.0,0.0,0.0,0.0
2024-11-25T23:00,3600,0.0,0.0,0.0,0.0,0.0,0.0,0.0,0.0,0.0
2024-11-26T00:00,3600,0.0,0.0,0.0,0.0,0.0,0.0,0.0,0.0,0.0
2024-11-26T01:00,3600,0.0,0.0,0.0,0.0,0.0,0.0,0.0,0.0,0.0
2024-11-26T02:00,3600,0.0,0.0,0.0,0.0,0.0,0.0,0.0,0.0,0.0
2024-11-26T03:00,3600,0.0,0.0,0.0,0.0,0.0,0.0,0.0,0.0,0.0
2024-11-26T04:00,3600,0.0,0.0,0.0,0.0,0.0,0.0,0.0,0.0,0.0
2024-11-26T05:00,3600,0.0,0.0,0.0,0.0,0.0,0.0,0.0,0.0,0.0
2024-11-26T06:00,3600,0.0,0.0,0.0,0.0,0.0,0.0,0.0,0.0,0.0
2024-11-26T07:00,3600,0.0,0.12499113015999999,0.0,0.0,0.0,0.12499113015999999,160.33220878,124.99113016,78.47952949
2024-11-26T08:00,3600,0.0,0.38333263673,0.0,0.0,0.0,0.38333263673,471.14210957,383.33263673,233.27807061
2024-11-26T09:00,3600,0.0,0.86984163432,0.0,0.0,0.0,0.86984163432,1061.42477032,869.84163432,537.24267986
2024-11-26T10:00,3600,0.0,1.1254729397099998,0.0,0.0,0.0,1.1254729397099998,1374.24239278,1125.47293971,710.79098013
2024-11-26T11:00,3600,0.0,1.3196807550799998,0.0,0.0,0.0,1.3196807550799998,1613.14718488,1319.68075508,842.60371804
2024-11-26T12:00,3600,0.0,1.2717373326899999,0.0,0.0,0.0,1.2717373326899999,1554.06817064,1271.73733269,810.69574696
2024-11-26T13:00,3600,0.0,1.2132173496,0.0,0.0,0.0,1.2132173496,1482.04630445,1213.2173496,776.569247
2024-11-26T14:00,3600,0.0,1.04510201594,0.0,0.0,0.0,1.04510201594,1275.69150215,1045.10201594,662.88055147
2024-11-26T15:00,3600,0.0,0.74228159989,0.0,0.0,0.0,0.74228159989,906.0196293,742.28159989,463.77551088
2024-11-26T16:00,3600,0.0,0.39049406375,0.0,0.0,0.0,0.39049406375,479.78377053,390.49406375,240.80068184
2024-11-26T17:00,3600,0.0,0.03657117191999999,0.0,0.0,0.0,0.03657117191999999,54.36667584,36.57117192,26.79400655
2024-11-26T18:00,3600,0.0,0.0,0.0,0.0,0.0,0.0,0.0,0.0,0.0
2024-11-26T19:00,3600,0.0,0.0,0.0,0.0,0.0,0.0,0.0,0.0,0.0
2024-11-26T20:00,3600,0.0,0.0,0.0,0.0,0.0,0.0,0.0,0.0,0.0
2024-11-26T21:00,3600,0.0,0.0,0.0,0.0,0.0,0.0,0.0,0.0,0.0
2024-11-26T22:00,3600,0.0,0.0,0.0,0.0,0.0,0.0,0.0,0.0,0.0
2024-11-26T23:00,3600,0.0,0.0,0.0,0.0,0.0,0.0,0.0,0.0,0.0
2024-11-27T00:00,3600,0.0,0.0,0.0,0.0,0.0,0.0,0.0,0.0,0.0
2024-11-27T01:00,3600,0.0,0.0,0.0,0.0,0.0,0.0,0.0,0.0,0.0
2024-11-27T02:00,3600,0.0,0.0,0.0,0.0,0.0,0.0,0.0,0.0,0.0
2024-11-27T03:00,3600,0.0,0.0,0.0,0.0,0.0,0.0,0.0,0.0,0.0
2024-11-27T04:00,3600,0.0,0.0,0.0,0.0,0.0,0.0,0.0,0.0,0.0
2024-11-27T05:00,3600,0.0,0.0,0.0,0.0,0.0,0.0,0.0,0.0,0.0
2024-11-27T06:00,3600,0.0,0.0,0.0,0.0,0.0,0.0,2.01282484,0.0,0.96820194
2024-11-27T07:00,3600,0.0,0.18206545904000002,0.0,0.0,0.0,0.18206545904000002,228.84320713,182.06545904,111.20885857
2024-11-27T08:00,3600,0.0,0.40170410409999996,0.0,0.0,0.0,0.40170410409999996,493.31368312,401.7041041,242.63243639
2024-11-27T09:00,3600,0.0,0.6518445446400001,0.0,0.0,0.0,0.6518445446400001,796.11667053,651.84454464,396.86941189
2024-11-27T10:00,3600,0.0,0.79207420083,0.0,0.0,0.0,0.79207420083,966.62715811,792.07420083,490.56128377
2024-11-27T11:00,3600,0.0,0.96583058916,0.0,0.0,0.0,0.96583058916,1178.66934248,965.83058916,603.92019054
2024-11-27T12:00,3600,0.0,0.92500000279,0.0,0.0,0.0,0.92500000279,1128.76545816,925.00000279,578.02922972
2024-11-27T13:00,3600,0.0,1.11141753731,0.0,0.0,0.0,1.11141753731,1356.99430557,1111.41753731,706.59550607
2024-11-27T14:00,3600,0.0,1.05589889159,0.0,0.0,0.0,1.05589889159,1288.91990143,1055.89889159,669.90836636
2024-11-27T15:00,3600,0.0,0.77203022982,0.0,0.0,0.0,0.77203022982,942.22130248,772.03022982,482.89666607
2024-11-27T16:00,3600,0.0,0.39577051523,0.0,0.0,0.0,0.39577051523,486.15173509,395.77051523,244.24449421
2024-11-27T17:00,3600,0.0,0.036745328120000004,0.0,0.0,0.0,0.036745328120000004,54.57518559,36.74532812,26.91561258
2024-11-27T18:00,3600,0.0,0.0,0.0,0.0,0.0,0.0,0.0,0.0,0.0
2024-11-27T19:00,3600,0.0,0.0,0.0,0.0,0.0,0.0,0.0,0.0,0.0
2024-11-27T20:00,3600,0.0,0.0,0.0,0.0,0.0,0.0,0.0,0.0,0.0
2024-11-27T21:00,3600,0.0,0.0,0.0,0.0,0.0,0.0,0.0,0.0,0.0
2024-11-27T22:00,3600,0.0,0.0,0.0,0.0,0.0,0.0,0.0,0.0,0.0
2024-11-27T23:00,3600,0.0,0.0,0.0,0.0,0.0,0.0,0.0,0.0,0.0
2024-11-28T00:00,3600,0.0,0.0,0.0,0.0,0.0,0.0,0.0,0.0,0.0
2024-11-28T01:00,3600,0.0,0.0,0.0,0.0,0.0,0.0,0.0,0.0,0.0
2024-11-28T02:00,3600,0.0,0.0,0.0,0.0,0.0,0.0,0.0,0.0,0.0
2024-11-28T03:00,3600,0.0,0.0,0.0,0.0,0.0,0.0,0.0,0.0,0.0
2024-11-28T04:00,3600,0.0,0.0,0.0,0.0,0.0,0.0,0.0,0.0,0.0
2024-11-28T05:00,3600,0.0,0.0,0.0,0.0,0.0,0.0,0.0,0.0,0.0
2024-11-28T06:00,3600,0.0,0.0,0.0,0.0,0.0,0.0,0.0,0.0,0.0
2024-11-28T07:00,3600,0.0,0.13797595184,0.0,0.0,0.0,0.13797595184,175.91127498,137.97595184,85.65178085
2024-11-28T08:00,3600,0.0,0.46914232133,0.0,0.0,0.0,0.46914232133,574.78043813,469.14232133,284.61367825
2024-11-28T09:00,3600,0.0,0.79904812757,0.0,0.0,0.0,0.79904812757,975.12136159,799.04812757,492.53373783
2024-11-28T10:00,3600,0.0,1.0216366081000001,0.0,0.0,0.0,1.0216366081000001,1246.95300352,1021.6366081,644.75330849
2024-11-28T11:00,3600,0.0,1.2574387906500002,0.0,0.0,0.0,1.2574387906500002,1536.46148301,1257.43879065,804.37117106
2024-11-28T12:00,3600,0.0,1.36569957127,0.0,0.0,0.0,1.36569957127,1669.91745467,1365.69957127,880.00966251
2024-11-28T13:00,3600,0.0,1.28401983816,0.0,0.0,0.0,1.28401983816,1569.19711823,1284.01983816,828.51807256
2024-11-28T14:00,3600,0.0,1.03603530294,0.0,0.0,0.0,1.03603530294,1264.58547807,1036.03530294,658.71238957
2024-11-28T15:00,3600,0.0,0.75864954353,0.0,0.0,0.0,0.75864954353,925.93502854,758.64954353,475.42096881
2024-11-28T16:00,3600,0.0,0.39904645226,0.0,0.0,0.0,0.39904645226,490.10573097,399.04645226,246.67000791
2024-11-28T17:00,3600,0.0,0.03684341133,0.0,0.0,0.0,0.03684341133,54.69261678,36.84341133,27.02374753
2024-11-28T18:00,3600,0.0,0.0,0.0,0.0,0.0,0.0,0.0,0.0,0.0
2024-11-28T19:00,3600,0.0,0.0,0.0,0.0,0.0,0.0,0.0,0.0,0.0
2024-11-28T20:00,3600,0.0,0.0,0.0,0.0,0.0,0.0,0.0,0.0,0.0
2024-11-28T21:00,3600,0.0,0.0,0.0,0.0,0.0,0.0,0.0,0.0,0.0
2024-11-28T22:00,3600,0.0,0.0,0.0,0.0,0.0,0.0,0.0,0.0,0.0
2024-11-28T23:00,3600,0.0,0.0,0.0,0.0,0.0,0.0,0.0,0.0,0.0
2024-11-29T00:00,3600,0.0,0.0,0.0,0.0,0.0,0.0,0.0,0.0,0.0
2024-11-29T01:00,3600,0.0,0.0,0.0,0.0,0.0,0.0,0.0,0.0,0.0
2024-11-29T02:00,3600,0.0,0.0,0.0,0.0,0.0,0.0,0.0,0.0,0.0
2024-11-29T03:00,3600,0.0,0.0,0.0,0.0,0.0,0.0,0.0,0.0,0.0
2024-11-29T04:00,3600,0.0,0.0,0.0,0.0,0.0,0.0,0.0,0.0,0.0
2024-11-29T05:00,3600,0.0,0.0,0.0,0.0,0.0,0.0,0.0,0.0,0.0
2024-11-29T06:00,3600,0.0,0.0,0.0,0.0,0.0,0.0,0.0,0.0,0.0
2024-11-29T07:00,3600,0.0,0.21350460137,0.0,0.0,0.0,0.21350460137,266.61958411,213.50460137,129.68255786
2024-11-29T08:00,3600,0.0,0.6250306648999999,0.0,0.0,0.0,0.6250306648999999,763.5750094,625.0306649,379.24561469
2024-11-29T09:00,3600,0.0,0.98233066366,0.0,0.0,0.0,0.98233066366,1198.84944516,982.33066366,608.44073005
2024-11-29T10:00,3600,0.0,1.22563793315,0.0,0.0,0.0,1.22563793315,1497.32431902,1225.63793315,782.1052722
2024-11-29T11:00,3600,0.0,1.3736527365800002,0.0,0.0,0.0,1.3736527365800002,1679.73498865,1373.65273658,884.39084012
2024-11-29T12:00,3600,0.0,1.39752863466,0.0,0.0,0.0,1.39752863466,1709.21893599,1397.52863466,903.89137051
2024-11-29T13:00,3600,0.0,1.2950358871699998,0.0,0.0,0.0,1.2950358871699998,1582.76983405,1295.03588717,840.79159255
2024-11-29T14:00,3600,0.0,1.08564011119,0.0,0.0,0.0,1.08564011119,1325.37624779,1085.64011119,696.69406891
2024-11-29T15:00,3600,0.0,0.7836126214,0.0,0.0,0.0,0.7836126214,956.3228326,783.6126214,494.09213741
2024-11-29T16:00,3600,0.0,0.40645642679,0.0,0.0,0.0,0.40645642679,499.05051472,406.45642679,251.6697016
2024-11-29T17:00,3600,0.0,0.03898631384,0.0,0.0,0.0,0.03898631384,57.25829392,38.98631384,28.26198659
2024-11-29T18:00,3600,0.0,0.0,0.0,0.0,0.0,0.0,0.0,0.0,0.0
2024-11-29T19:00,3600,0.0,0.0,0.0,0.0,0.0,0.0,0.0,0.0,0.0
2024-11-29T20:00,3600,0.0,0.0,0.0,0.0,0.0,0.0,0.0,0.0,0.0
2024-11-29T21:00,3600,0.0,0.0,0.0,0.0,0.0,0.0,0.0,0.0,0.0
2024-11-29T22:00,3600,0.0,0.0,0.0,0.0,0.0,0.0,0.0,0.0,0.0
2024-11-29T23:00,3600,0.0,0.0,0.0,0.0,0.0,0.0,0.0,0.0,0.0
2024-11-30T00:00,3600,0.0,0.0,0.0,0.0,0.0,0.0,0.0,0.0,0.0
2024-11-30T01:00,3600,0.0,0.0,0.0,0.0,0.0,0.0,0.0,0.0,0.0
2024-11-30T02:00,3600,0.0,0.0,0.0,0.0,0.0,0.0,0.0,0.0,0.0
2024-11-30T03:00,3600,0.0,0.0,0.0,0.0,0.0,0.0,0.0,0.0,0.0
2024-11-30T04:00,3600,0.0,0.0,0.0,0.0,0.0,0.0,0.0,0.0,0.0
2024-11-30T05:00,3600,0.0,0.0,0.0,0.0,0.0,0.0,0.0,0.0,0.0
2024-11-30T06:00,3600,0.0,0.0,0.0,0.0,0.0,0.0,0.0,0.0,0.0
2024-11-30T07:00,3600,0.0,0.16792047328,0.0,0.0,0.0,0.16792047328,211.85566868,167.92047328,102.41279039
2024-11-30T08:00,3600,0.0,0.54593986434,0.0,0.0,0.0,0.54593986434,667.70534256,545.93986434,329.59196837
2024-11-30T09:00,3600,0.0,0.86666998475,0.0,0.0,0.0,0.86666998475,1057.55523797,866.66998475,534.66463138
2024-11-30T10:00,3600,0.0,1.10905883407,0.0,0.0,0.0,1.10905883407,1354.10037785,1109.05883407,708.54634475
2024-11-30T11:00,3600,0.0,1.20795773839,0.0,0.0,0.0,1.20795773839,1475.57803003,1207.95773839,778.6516709
2024-11-30T12:00,3600,0.0,1.21506007942,0.0,0.0,0.0,1.21506007942,1484.31268405,1215.06007942,787.39764252
2024-11-30T13:00,3600,0.0,1.21386778056,0.0,0.0,0.0,1.21386778056,1482.84626048,1213.86778056,796.60464576
2024-11-30T14:00,3600,0.0,0.95799544034,0.0,0.0,0.0,0.95799544034,1169.08941795,957.99544034,616.8363427
2024-11-30T15:00,3600,0.0,0.71928188733,0.0,0.0,0.0,0.71928188733,878.04779075,719.28188733,455.38111582
2024-11-30T16:00,3600,0.0,0.38438986206,0.0,0.0,0.0,0.38438986206,472.41777054,384.38986206,239.15567891
2024-11-30T17:00,3600,0.0,0.03716775938,0.0,0.0,0.0,0.03716775938,55.08094781,37.16775938,27.25270268
2024-11-30T18:00,3600,0.0,0.0,0.0,0.0,0.0,0.0,0.0,0.0,0.0
2024-11-30T19:00,3600,0.0,0.0,0.0,0.0,0.0,0.0,0.0,0.0,0.0
2024-11-30T20:00,3600,0.0,0.0,0.0,0.0,0.0,0.0,0.0,0.0,0.0
2024-11-30T21:00,3600,0.0,0.0,0.0,0.0,0.0,0.0,0.0,0.0,0.0
2024-11-30T22:00,3600,0.0,0.0,0.0,0.0,0.0,0.0,0.0,0.0,0.0
2024-11-30T23:00,3600,0.0,0.0,0.0,0.0,0.0,0.0,0.0,0.0,0.0
2024-12-01T00:00,3600,0.0,0.0,0.0,0.0,0.0,0.0,0.0,0.0,0.0
2024-12-01T01:00,3600,0.0,0.0,0.0,0.0,0.0,0.0,0.0,0.0,0.0
2024-12-01T02:00,3600,0.0,0.0,0.0,0.0,0.0,0.0,0.0,0.0,0.0
2024-12-01T03:00,3600,0.0,0.0,0.0,0.0,0.0,0.0,0.0,0.0,0.0
2024-12-01T04:00,3600,0.0,0.0,0.0,0.0,0.0,0.0,0.0,0.0,0.0
2024-12-01T05:00,3600,0.0,0.0,0.0,0.0,0.0,0.0,0.0,0.0,0.0
2024-12-01T06:00,3600,0.0,0.0,0.0,0.0,0.0,0.0,0.0,0.0,0.0
2024-12-01T07:00,3600,0.0,0.20067909480999999,0.0,0.0,0.0,0.20067909480999999,251.2056076,200.67909481,120.8451597
2024-12-01T08:00,3600,0.0,0.6054849544199999,0.0,0.0,0.0,0.6054849544199999,739.8666473,605.48495442,366.04067975
2024-12-01T09:00,3600,0.0,0.9520662069100001,0.0,0.0,0.0,0.9520662069100001,1161.84098613,952.06620691,590.30316395
2024-12-01T10:00,3600,0.0,1.1733930851399998,0.0,0.0,0.0,1.1733930851399998,1433.09023712,1173.39308514,762.66738091
2024-12-01T11:00,3600,0.0,1.3102800284499998,0.0,0.0,0.0,1.3102800284499998,1601.55773379,1310.28002845,863.00531492
2024-12-01T12:00,3600,0.0,1.33478374578,0.0,0.0,0.0,1.33478374578,1631.77191259,1334.78374578,883.4447548
2024-12-01T13:00,3600,0.0,1.23179550859,0.0,0.0,0.0,1.23179550859,1504.90013465,1231.79550859,820.84732542
2024-12-01T14:00,3600,0.0,1.0457816872999999,0.0,0.0,0.0,1.0457816872999999,1276.52414162,1045.7816873,685.85839685
2024-12-01T15:00,3600,0.0,0.75973867561,0.0,0.0,0.0,0.75973867561,927.26047607,759.73867561,487.39256856
2024-12-01T16:00,3600,0.0,0.39611145628,0.0,0.0,0.0,0.39611145628,486.56323103,396.11145628,248.37958889
2024-12-01T17:00,3600,0.0,0.03887962445,0.0,0.0,0.0,0.03887962445,57.13055282,38.87962445,28.4912669
2024-12-01T18:00,3600,0.0,0.0,0.0,0.0,0.0,0.0,0.0,0.0,0.0
2024-12-01T19:00,3600,0.0,0.0,0.0,0.0,0.0,0.0,0.0,0.0,0.0
2024-12-01T20:00,3600,0.0,0.0,0.0,0.0,0.0,0.0,0.0,0.0,0.0
2024-12-01T21:00,3600,0.0,0.0,0.0,0.0,0.0,0.0,0.0,0.0,0.0
2024-12-01T22:00,3600,0.0,0.0,0.0,0.0,0.0,0.0,0.0,0.0,0.0
2024-12-01T23:00,3600,0.0,0.0,0.0,0.0,0.0,0.0,0.0,0.0,0.0
2024-12-02T00:00,3600,0.0,0.0,0.0,0.0,0.0,0.0,0.0,0.0,0.0
2024-12-02T01:00,3600,0.0,0.0,0.0,0.0,0.0,0.0,0.0,0.0,0.0
2024-12-02T02:00,3600,0.0,0.0,0.0,0.0,0.0,0.0,0.0,0.0,0.0
2024-12-02T03:00,3600,0.0,0.0,0.0,0.0,0.0,0.0,0.0,0.0,0.0
2024-12-02T04:00,3600,0.0,0.0,0.0,0.0,0.0,0.0,0.0,0.0,0.0
2024-12-02T05:00,3600,0.0,0.0,0.0,0.0,0.0,0.0,0.0,0.0,0.0
2024-12-02T06:00,3600,0.0,0.0,0.0,0.0,0.0,0.0,0.0,0.0,0.0
2024-12-02T07:00,3600,0.0,0.18688979843000003,0.0,0.0,0.0,0.18688979843000003,234.63826794,186.88979843,113.74173068
2024-12-02T08:00,3600,0.0,0.5844238612100001,0.0,0.0,0.0,0.5844238612100001,714.33200509,584.42386121,355.19479193
2024-12-02T09:00,3600,0.0,0.9227582340799999,0.0,0.0,0.0,0.9227582340799999,1126.02689485,922.75823408,574.45682191
2024-12-02T10:00,3600,0.0,1.1405262690100002,0.0,0.0,0.0,1.1405262690100002,1392.72137199,1140.52626901,743.46283941
2024-12-02T11:00,3600,0.0,1.2900852966499998,0.0,0.0,0.0,1.2900852966499998,1576.66984678,1290.08529665,852.20569376
2024-12-02T12:00,3600,0.0,1.31009683587,0.0,0.0,0.0,1.31009683587,1601.33191491,1310.09683587,869.34566993
2024-12-02T13:00,3600,0.0,1.2002094413299997,0.0,0.0,0.0,1.2002094413299997,1466.05062179,1200.20944133,801.15547811
2024-12-02T14:00,3600,0.0,1.02538706167,0.0,0.0,0.0,1.02538706167,1251.54519644,1025.38706167,674.92153421
2024-12-02T15:00,3600,0.0,0.7446549395300001,0.0,0.0,0.0,0.7446549395300001,908.90688323,744.65493953,479.71072314
2024-12-02T16:00,3600,0.0,0.38613679001000006,0.0,0.0,0.0,0.38613679001000006,474.52570184,386.13679001,243.48494276
2024-12-02T17:00,3600,0.0,0.03693890754,0.0,0.0,0.0,0.03693890754,54.8069509,36.93890754,27.46094258
2024-12-02T18:00,3600,0.0,0.0,0.0,0.0,0.0,0.0,0.0,0.0,0.0
2024-12-02T19:00,3600,0.0,0.0,0.0,0.0,0.0,0.0,0.0,0.0,0.0
2024-12-02T20:00,3600,0.0,0.0,0.0,0.0,0.0,0.0,0.0,0.0,0.0
2024-12-02T21:00,3600,0.0,0.0,0.0,0.0,0.0,0.0,0.0,0.0,0.0
2024-12-02T22:00,3600,0.0,0.0,0.0,0.0,0.0,0.0,0.0,0.0,0.0
2024-12-02T23:00,3600,0.0,0.0,0.0,0.0,0.0,0.0,0.0,0.0,0.0
2024-12-03T00:00,3600,0.0,0.0,0.0,0.0,0.0,0.0,0.0,0.0,0.0
2024-12-03T01:00,3600,0.0,0.0,0.0,0.0,0.0,0.0,0.0,0.0,0.0
2024-12-03T02:00,3600,0.0,0.0,0.0,0.0,0.0,0.0,0.0,0.0,0.0
2024-12-03T03:00,3600,0.0,0.0,0.0,0.0,0.0,0.0,0.0,0.0,0.0
2024-12-03T04:00,3600,0.0,0.0,0.0,0.0,0.0,0.0,0.0,0.0,0.0
2024-12-03T05:00,3600,0.0,0.0,0.0,0.0,0.0,0.0,0.0,0.0,0.0
2024-12-03T06:00,3600,0.0,0.0,0.0,0.0,0.0,0.0,0.0,0.0,0.0
2024-12-03T07:00,3600,0.0,0.17198099972,0.0,0.0,0.0,0.17198099972,216.73164144,171.98099972,105.40439346
2024-12-03T08:00,3600,0.0,0.53839643421,0.0,0.0,0.0,0.53839643421,658.57061837,538.39643421,327.90356595
2024-12-03T09:00,3600,0.0,0.90626154558,0.0,0.0,0.0,0.90626154558,1105.87877359,906.26154558,566.11393049
2024-12-03T10:00,3600,0.0,1.12623487607,0.0,0.0,0.0,1.12623487607,1375.17756491,1126.23487607,735.74421548
2024-12-03T11:00,3600,0.0,1.21980472096,0.0,0.0,0.0,1.21980472096,1490.1485859,1219.80472096,802.92686376
2024-12-03T12:00,3600,0.0,1.30073504157,0.0,0.0,0.0,1.30073504157,1589.79306315,1300.73504157,862.31715471
2024-12-03T13:00,3600,0.0,1.2051859150200002,0.0,0.0,0.0,1.2051859150200002,1472.16956048,1205.18591502,804.27569008
2024-12-03T14:00,3600,0.0,0.99747374715,0.0,0.0,0.0,0.99747374715,1217.376711,997.47374715,655.76798335
2024-12-03T15:00,3600,0.0,0.72246945794,0.0,0.0,0.0,0.72246945794,881.92357578,722.46945794,465.48015921
2024-12-03T16:00,3600,0.0,0.37904007838,0.0,0.0,0.0,0.37904007838,465.96296939,379.04007838,239.32791617
2024-12-03T17:00,3600,0.0,0.03701118633,0.0,0.0,0.0,0.03701118633,54.89348781,37.01118633,27.55186961
2024-12-03T18:00,3600,0.0,0.0,0.0,0.0,0.0,0.0,0.0,0.0,0.0
2024-12-03T19:00,3600,0.0,0.0,0.0,0.0,0.0,0.0,0.0,0.0,0.0
2024-12-03T20:00,3600,0.0,0.0,0.0,0.0,0.0,0.0,0.0,0.0,0.0
2024-12-03T21:00,3600,0.0,0.0,0.0,0.0,0.0,0.0,0.0,0.0,0.0
2024-12-03T22:00,3600,0.0,0.0,0.0,0.0,0.0,0.0,0.0,0.0,0.0
2024-12-03T23:00,3600,0.0,0.0,0.0,0.0,0.0,0.0,0.0,0.0,0.0
2024-12-04T00:00,3600,0.0,0.0,0.0,0.0,0.0,0.0,0.0,0.0,0.0
2024-12-04T01:00,3600,0.0,0.0,0.0,0.0,0.0,0.0,0.0,0.0,0.0
2024-12-04T02:00,3600,0.0,0.0,0.0,0.0,0.0,0.0,0.0,0.0,0.0
2024-12-04T03:00,3600,0.0,0.0,0.0,0.0,0.0,0.0,0.0,0.0,0.0
2024-12-04T04:00,3600,0.0,0.0,0.0,0.0,0.0,0.0,0.0,0.0,0.0
2024-12-04T05:00,3600,0.0,0.0,0.0,0.0,0.0,0.0,0.0,0.0,0.0
2024-12-04T06:00,3600,0.0,0.0,0.0,0.0,0.0,0.0,0.0,0.0,0.0
2024-12-04T07:00,3600,0.0,0.10512682782,0.0,0.0,0.0,0.10512682782,136.5079457,105.12682782,66.74639216
2024-12-04T08:00,3600,0.0,0.34912970464,0.0,0.0,0.0,0.34912970464,429.88886053,349.12970464,213.18797799
2024-12-04T09:00,3600,0.0,0.61567434983,0.0,0.0,0.0,0.61567434983,752.22475901,615.67434983,379.88012936
2024-12-04T10:00,3600,0.0,0.7123852676,0.0,0.0,0.0,0.7123852676,869.66312184,712.3852676,453.04790618
2024-12-04T11:00,3600,0.0,1.1864012203299998,0.0,0.0,0.0,1.1864012203299998,1449.07614296,1186.40122033,779.24128443
2024-12-04T12:00,3600,0.0,1.2825921699,0.0,0.0,0.0,1.2825921699,1567.43836643,1282.5921699,850.62076097
2024-12-04T13:00,3600,0.0,1.19893405974,0.0,0.0,0.0,1.19893405974,1464.48256174,1198.93405974,800.5693643
2024-12-04T14:00,3600,0.0,1.01419254372,0.0,0.0,0.0,1.01419254372,1237.8394047,1014.19254372,668.78211776
2024-12-04T15:00,3600,0.0,0.7023232430100002,0.0,0.0,0.0,0.7023232430100002,857.43244293,702.32324301,452.73830703
2024-12-04T16:00,3600,0.0,0.34473384047000005,0.0,0.0,0.0,0.34473384047000005,424.58917715,344.73384047,218.23896628
2024-12-04T17:00,3600,0.0,0.03346156888,0.0,0.0,0.0,0.03346156888,50.6438172,33.46156888,25.47585686
2024-12-04T18:00,3600,0.0,0.0,0.0,0.0,0.0,0.0,0.0,0.0,0.0
2024-12-04T19:00,3600,0.0,0.0,0.0,0.0,0.0,0.0,0.0,0.0,0.0
2024-12-04T20:00,3600,0.0,0.0,0.0,0.0,0.0,0.0,0.0,0.0,0.0
2024-12-04T21:00,3600,0.0,0.0,0.0,0.0,0.0,0.0,0.0,0.0,0.0
2024-12-04T22:00,3600,0.0,0.0,0.0,0.0,0.0,0.0,0.0,0.0,0.0
2024-12-04T23:00,3600,0.0,0.0,0.0,0.0,0.0,0.0,0.0,0.0,0.0
2024-12-05T00:00,3600,0.0,0.0,0.0,0.0,0.0,0.0,0.0,0.0,0.0
2024-12-05T01:00,3600,0.0,0.0,0.0,0.0,0.0,0.0,0.0,0.0,0.0
2024-12-05T02:00,3600,0.0,0.0,0.0,0.0,0.0,0.0,0.0,0.0,0.0
2024-12-05T03:00,3600,0.0,0.0,0.0,0.0,0.0,0.0,0.0,0.0,0.0
2024-12-05T04:00,3600,0.0,0.0,0.0,0.0,0.0,0.0,0.0,0.0,0.0
2024-12-05T05:00,3600,0.0,0.0,0.0,0.0,0.0,0.0,0.0,0.0,0.0
2024-12-05T06:00,3600,0.0,0.0,0.0,0.0,0.0,0.0,0.0,0.0,0.0
2024-12-05T07:00,3600,0.0,0.11344006473999999,0.0,0.0,0.0,0.11344006473999999,146.47714613,113.44006474,71.97893276
2024-12-05T08:00,3600,0.0,0.37869587549,0.0,0.0,0.0,0.37869587549,465.54769684,378.69587549,232.22631322
2024-12-05T09:00,3600,0.0,0.68088775442,0.0,0.0,0.0,0.68088775442,831.38639544,680.88775442,420.82843743
2024-12-05T10:00,3600,0.0,1.0508779292500001,0.0,0.0,0.0,1.0508779292500001,1282.76777325,1050.87792925,671.84070811
2024-12-05T11:00,3600,0.0,1.27450900862,0.0,0.0,0.0,1.27450900862,1557.48179383,1274.50900862,827.52833302
2024-12-05T12:00,3600,0.0,1.30610187435,0.0,0.0,0.0,1.30610187435,1596.40762547,1306.10187435,852.89357618
2024-12-05T13:00,3600,0.0,1.1231128748900001,0.0,0.0,0.0,1.1231128748900001,1371.34584342,1123.11287489,732.01738052
2024-12-05T14:00,3600,0.0,0.31439938875,0.0,0.0,0.0,0.31439938875,388.03207179,314.39938875,197.19019471
2024-12-05T15:00,3600,0.0,0.25252656989,0.0,0.0,0.0,0.25252656989,313.54432331,252.52656989,159.02372127
2024-12-05T16:00,3600,0.0,0.15937642731,0.0,0.0,0.0,0.15937642731,201.59722993,159.37642731,101.22826229
2024-12-05T17:00,3600,0.0,0.021924090110000002,0.0,0.0,0.0,0.021924090110000002,36.83324161,21.92409011,18.33479171
2024-12-05T18:00,3600,0.0,0.0,0.0,0.0,0.0,0.0,0.0,0.0,0.0
2024-12-05T19:00,3600,0.0,0.0,0.0,0.0,0.0,0.0,0.0,0.0,0.0
2024-12-05T20:00,3600,0.0,0.0,0.0,0.0,0.0,0.0,0.0,0.0,0.0
2024-12-05T21:00,3600,0.0,0.0,0.0,0.0,0.0,0.0,0.0,0.0,0.0
2024-12-05T22:00,3600,0.0,0.0,0.0,0.0,0.0,0.0,0.0,0.0,0.0
2024-12-05T23:00,3600,0.0,0.0,0.0,0.0,0.0,0.0,0.0,0.0,0.0
2024-12-06T00:00,3600,0.0,0.0,0.0,0.0,0.0,0.0,0.0,0.0,0.0
2024-12-06T01:00,3600,0.0,0.0,0.0,0.0,0.0,0.0,0.0,0.0,0.0
2024-12-06T02:00,3600,0.0,0.0,0.0,0.0,0.0,0.0,0.0,0.0,0.0
2024-12-06T03:00,3600,0.0,0.0,0.0,0.0,0.0,0.0,0.0,0.0,0.0
2024-12-06T04:00,3600,0.0,0.0,0.0,0.0,0.0,0.0,0.0,0.0,0.0
2024-12-06T05:00,3600,0.0,0.0,0.0,0.0,0.0,0.0,0.0,0.0,0.0
2024-12-06T06:00,3600,0.0,0.0,0.0,0.0,0.0,0.0,0.0,0.0,0.0
2024-12-06T07:00,3600,0.0,0.13446853869,0.0,0.0,0.0,0.13446853869,171.70266839,134.46853869,84.06640656
2024-12-06T08:00,3600,0.0,0.5271853595699999,0.0,0.0,0.0,0.5271853595699999,644.99745233,527.18535957,322.0417771
2024-12-06T09:00,3600,0.0,0.82316972302,0.0,0.0,0.0,0.82316972302,1004.51185141,823.16972302,509.25678378
2024-12-06T10:00,3600,0.0,1.0493909480699999,0.0,0.0,0.0,1.0493909480699999,1280.9459302,1049.39094807,665.82954429
2024-12-06T11:00,3600,0.0,1.14236670277,0.0,0.0,0.0,1.14236670277,1394.98107519,1142.36670277,731.75847435
2024-12-06T12:00,3600,0.0,1.24784179863,0.0,0.0,0.0,1.24784179863,1524.64742827,1247.84179863,806.70521108
2024-12-06T13:00,3600,0.0,1.07371808713,0.0,0.0,0.0,1.07371808713,1310.75937125,1073.71808713,692.86119102
2024-12-06T14:00,3600,0.0,0.8289831730699999,0.0,0.0,0.0,0.8289831730699999,1011.5975802,828.98317307,526.75701902
2024-12-06T15:00,3600,0.2800442533488525,0.7389319225700001,0.2800442533488525,0.0,0.0,0.45888766922114754,901.94489289,738.93192257,466.98294776
2024-12-06T16:00,3600,0.13709546470588235,0.35200932637,0.13709546470588235,0.0,0.0,0.21491386166411763,433.36083671,352.00932637,218.43361611
2024-12-06T17:00,3600,0.07076457647058829,0.03474145608,0.03474145608,0.03602312039058829,0.0,0.0,52.17608421,34.74145608,25.84960468
2024-12-06T18:00,3600,0.0,0.0,0.0,0.0,0.0,0.0,0.0,0.0,0.0
2024-12-06T19:00,3600,0.0,0.0,0.0,0.0,0.0,0.0,0.0,0.0,0.0
2024-12-06T20:00,3600,0.0,0.0,0.0,0.0,0.0,0.0,0.0,0.0,0.0
2024-12-06T21:00,3600,0.0,0.0,0.0,0.0,0.0,0.0,0.0,0.0,0.0
2024-12-06T22:00,3600,0.0,0.0,0.0,0.0,0.0,0.0,0.0,0.0,0.0
2024-12-06T23:00,3600,0.0,0.0,0.0,0.0,0.0,0.0,0.0,0.0,0.0
2024-12-07T00:00,3600,0.0,0.0,0.0,0.0,0.0,0.0,0.0,0.0,0.0
2024-12-07T01:00,3600,0.0,0.0,0.0,0.0,0.0,0.0,0.0,0.0,0.0
2024-12-07T02:00,3600,0.0,0.0,0.0,0.0,0.0,0.0,0.0,0.0,0.0
2024-12-07T03:00,3600,0.0,0.0,0.0,0.0,0.0,0.0,0.0,0.0,0.0
2024-12-07T04:00,3600,0.0,0.0,0.0,0.0,0.0,0.0,0.0,0.0,0.0
2024-12-07T05:00,3600,0.0,0.0,0.0,0.0,0.0,0.0,0.0,0.0,0.0
2024-12-07T06:00,3600,0.0,0.0,0.0,0.0,0.0,0.0,0.0,0.0,0.0
2024-12-07T07:00,3600,0.0,0.12969024157,0.0,0.0,0.0,0.12969024157,165.96963647,129.69024157,80.8365436
2024-12-07T08:00,3600,0.0,0.47860361734999995,0.0,0.0,0.0,0.47860361734999995,586.21983998,478.60361735,290.70156139
2024-12-07T09:00,3600,0.0,0.87825386694,0.0,0.0,0.0,0.87825386694,1071.68938544,878.25386694,542.75477677
2024-12-07T10:00,3600,0.0,1.10762050042,0.0,0.0,0.0,1.10762050042,1352.3357434,1107.62050042,703.21937863
2024-12-07T11:00,3600,0.0,1.24423786508,0.0,0.0,0.0,1.24423786508,1520.21161538,1244.23786508,797.74534723
2024-12-07T12:00,3600,0.0,1.29977481403,0.0,0.0,0.0,1.29977481403,1588.60968153,1299.77481403,836.81945213
2024-12-07T13:00,3600,0.0,1.23964288636,0.0,0.0,0.0,1.23964288636,1514.55654388,1239.64288636,800.34571567
2024-12-07T14:00,3600,0.0,1.04087835452,0.0,0.0,0.0,1.04087835452,1270.51755099,1040.87835452,664.11099816
2024-12-07T15:00,3600,0.0,0.7667434707399999,0.0,0.0,0.0,0.7667434707399999,935.7859362,766.74347074,481.0005773
2024-12-07T16:00,3600,0.0,0.36086753293,0.0,0.0,0.0,0.36086753293,444.04264075,360.86753293,222.17138022
2024-12-07T17:00,3600,0.0,0.04212221379000001,0.0,0.0,0.0,0.04212221379000001,61.01309808,42.12221379,30.05241612
2024-12-07T18:00,3600,0.0,0.0,0.0,0.0,0.0,0.0,0.0,0.0,0.0
2024-12-07T19:00,3600,0.0,0.0,0.0,0.0,0.0,0.0,0.0,0.0,0.0
2024-12-07T20:00,3600,0.0,0.0,0.0,0.0,0.0,0.0,0.0,0.0,0.0
2024-12-07T21:00,3600,0.0,0.0,0.0,0.0,0.0,0.0,0.0,0.0,0.0
2024-12-07T22:00,3600,0.0,0.0,0.0,0.0,0.0,0.0,0.0,0.0,0.0
2024-12-07T23:00,3600,0.0,0.0,0.0,0.0,0.0,0.0,0.0,0.0,0.0
2024-12-08T00:00,3600,0.0,0.0,0.0,0.0,0.0,0.0,0.0,0.0,0.0
2024-12-08T01:00,3600,0.0,0.0,0.0,0.0,0.0,0.0,0.0,0.0,0.0
2024-12-08T02:00,3600,0.0,0.0,0.0,0.0,0.0,0.0,0.0,0.0,0.0
2024-12-08T03:00,3600,0.0,0.0,0.0,0.0,0.0,0.0,0.0,0.0,0.0
2024-12-08T04:00,3600,0.0,0.0,0.0,0.0,0.0,0.0,0.0,0.0,0.0
2024-12-08T05:00,3600,0.0,0.0,0.0,0.0,0.0,0.0,0.0,0.0,0.0
2024-12-08T06:00,3600,0.0,0.0,0.0,0.0,0.0,0.0,0.0,0.0,0.0
2024-12-08T07:00,3600,0.0,0.09986218653000001,0.0,0.0,0.0,0.09986218653000001,130.19556523,99.86218653,62.93923108
2024-12-08T08:00,3600,0.0,0.25903330799,0.0,0.0,0.0,0.25903330799,321.37281223,259.03330799,156.32595089
2024-12-08T09:00,3600,0.0,0.62407879641,0.0,0.0,0.0,0.62407879641,762.42017628,624.07879641,376.95122239
2024-12-08T10:00,3600,0.0,0.89266861374,0.0,0.0,0.0,0.89266861374,1089.2829149,892.66861374,551.91429087
2024-12-08T11:00,3600,0.0,1.25823417438,0.0,0.0,0.0,1.25823417438,1537.44073311,1258.23417438,794.85937982
2024-12-08T12:00,3600,0.0,1.2892610107800002,0.0,0.0,0.0,1.2892610107800002,1575.65425253,1289.26101078,816.74408287
2024-12-08T13:00,3600,0.0,1.19065776922,0.0,0.0,0.0,1.19065776922,1454.30814262,1190.65776922,757.18872124
2024-12-08T14:00,3600,0.0,1.03083100649,0.0,0.0,0.0,1.03083100649,1258.21167522,1030.83100649,649.98031449
2024-12-08T15:00,3600,0.0,0.74489586335,0.0,0.0,0.0,0.74489586335,909.19998461,744.89586335,462.96794305
2024-12-08T16:00,3600,0.0,0.39854496429999997,0.0,0.0,0.0,0.39854496429999997,489.50042521,398.5449643,244.22227308
2024-12-08T17:00,3600,0.0,0.0387747715,0.0,0.0,0.0,0.0387747715,57.00501081,38.7747715,27.93528868
2024-12-08T18:00,3600,0.0,0.0,0.0,0.0,0.0,0.0,0.0,0.0,0.0
2024-12-08T19:00,3600,0.0,0.0,0.0,0.0,0.0,0.0,0.0,0.0,0.0
2024-12-08T20:00,3600,0.0,0.0,0.0,0.0,0.0,0.0,0.0,0.0,0.0
2024-12-08T21:00,3600,0.0,0.0,0.0,0.0,0.0,0.0,0.0,0.0,0.0
2024-12-08T22:00,3600,0.0,0.0,0.0,0.0,0.0,0.0,0.0,0.0,0.0
2024-12-08T23:00,3600,0.0,0.0,0.0,0.0,0.0,0.0,0.0,0.0,0.0
2024-12-09T00:00,3600,0.0,0.0,0.0,0.0,0.0,0.0,0.0,0.0,0.0
2024-12-09T01:00,3600,0.0,0.0,0.0,0.0,0.0,0.0,0.0,0.0,0.0
2024-12-09T02:00,3600,0.0,0.0,0.0,0.0,0.0,0.0,0.0,0.0,0.0
2024-12-09T03:00,3600,0.0,0.0,0.0,0.0,0.0,0.0,0.0,0.0,0.0
2024-12-09T04:00,3600,0.0,0.0,0.0,0.0,0.0,0.0,0.0,0.0,0.0
2024-12-09T05:00,3600,0.0,0.0,0.0,0.0,0.0,0.0,0.0,0.0,0.0
2024-12-09T06:00,3600,0.0,0.0,0.0,0.0,0.0,0.0,0.0,0.0,0.0
2024-12-09T07:00,3600,0.0,0.11508529764,0.0,0.0,0.0,0.11508529764,148.45032208,115.08529764,72.06836136
2024-12-09T08:00,3600,0.0,0.47190695092999996,0.0,0.0,0.0,0.47190695092999996,578.1228245,471.90695093,285.760433
2024-12-09T09:00,3600,0.0,0.7456346559299999,0.0,0.0,0.0,0.7456346559299999,910.09878972,745.63465593,456.75264986
2024-12-09T10:00,3600,0.0,0.80543033848,0.0,0.0,0.0,0.80543033848,982.89605385,805.43033848,499.57764901
2024-12-09T11:00,3600,0.0,1.02817841718,0.0,0.0,0.0,1.02817841718,1254.96329463,1028.17841718,647.5567652
2024-12-09T12:00,3600,0.0,1.1385031086500002,0.0,0.0,0.0,1.1385031086500002,1390.23742748,1138.50310865,725.51179854
2024-12-09T13:00,3600,0.0,1.0636672914,0.0,0.0,0.0,1.0636672914,1298.43985195,1063.6672914,682.85530008
2024-12-09T14:00,3600,0.0,0.9531413991700001,0.0,0.0,0.0,0.9531413991700001,1163.15532452,953.14139917,609.23906396
2024-12-09T15:00,3600,0.0,0.69114198094,0.0,0.0,0.0,0.69114198094,843.84460745,691.14198094,434.98748002
2024-12-09T16:00,3600,0.0,0.39691766439000004,0.0,0.0,0.0,0.39691766439000004,487.53628976,396.91766439,245.97238997
2024-12-09T17:00,3600,0.0,0.04232189652,0.0,0.0,0.0,0.04232189652,61.25219925,42.32189652,30.20281849
2024-12-09T18:00,3600,0.0,0.0,0.0,0.0,0.0,0.0,0.0,0.0,0.0
2024-12-09T19:00,3600,0.0,0.0,0.0,0.0,0.0,0.0,0.0,0.0,0.0
2024-12-09T20:00,3600,0.0,0.0,0.0,0.0,0.0,0.0,0.0,0.0,0.0
2024-12-09T21:00,3600,0.0,0.0,0.0,0.0,0.0,0.0,0.0,0.0,0.0
2024-12-09T22:00,3600,0.0,0.0,0.0,0.0,0.0,0.0,0.0,0.0,0.0
2024-12-09T23:00,3600,0.0,0.0,0.0,0.0,0.0,0.0,0.0,0.0,0.0
2024-12-10T00:00,3600,0.0,0.0,0.0,0.0,0.0,0.0,0.0,0.0,0.0
2024-12-10T01:00,3600,0.0,0.0,0.0,0.0,0.0,0.0,0.0,0.0,0.0
2024-12-10T02:00,3600,0.0,0.0,0.0,0.0,0.0,0.0,0.0,0.0,0.0
2024-12-10T03:00,3600,0.0,0.0,0.0,0.0,0.0,0.0,0.0,0.0,0.0
2024-12-10T04:00,3600,0.0,0.0,0.0,0.0,0.0,0.0,0.0,0.0,0.0
2024-12-10T05:00,3600,0.0,0.0,0.0,0.0,0.0,0.0,0.0,0.0,0.0
2024-12-10T06:00,3600,0.0,0.0,0.0,0.0,0.0,0.0,0.0,0.0,0.0
2024-12-10T07:00,3600,0.0,0.1277606963,0.0,0.0,0.0,0.1277606963,163.65472894,127.7606963,79.40551489
2024-12-10T08:00,3600,0.0,0.45933615646000003,0.0,0.0,0.0,0.45933615646000003,562.92665473,459.33615646,278.80477192
2024-12-10T09:00,3600,0.0,0.69073464316,0.0,0.0,0.0,0.69073464316,843.34966297,690.73464316,425.91853332
2024-12-10T10:00,3600,0.0,0.93556128997,0.0,0.0,0.0,0.93556128997,1141.66912761,935.56128997,593.70154822
2024-12-10T11:00,3600,0.0,0.8675350025799999,0.0,0.0,0.0,0.8675350025799999,1058.6105643,867.53500258,548.66511814
2024-12-10T12:00,3600,0.0,1.0668263271799998,0.0,0.0,0.0,1.0668263271799998,1302.31165244,1066.82632718,683.98377193
2024-12-10T13:00,3600,0.0,1.1578201802099999,0.0,0.0,0.0,1.1578201802099999,1413.95885069,1157.82018021,754.8608588
2024-12-10T14:00,3600,0.0,0.8434962779999999,0.0,0.0,0.0,0.8434962779999999,1029.29103731,843.496278,539.41924688
2024-12-10T15:00,3600,0.0,0.71016001138,0.0,0.0,0.0,0.71016001138,866.95801619,710.16001138,450.3398414
2024-12-10T16:00,3600,0.0,0.34457859301,0.0,0.0,0.0,0.34457859301,424.40201937,344.57859301,215.01641419
2024-12-10T17:00,3600,0.0,0.036661807049999995,0.0,0.0,0.0,0.036661807049999995,54.4751893,36.66180705,27.08496447
2024-12-10T18:00,3600,0.0,0.0,0.0,0.0,0.0,0.0,0.0,0.0,0.0
2024-12-10T19:00,3600,0.0,0.0,0.0,0.0,0.0,0.0,0.0,0.0,0.0
2024-12-10T20:00,3600,0.0,0.0,0.0,0.0,0.0,0.0,0.0,0.0,0.0
2024-12-10T21:00,3600,0.0,0.0,0.0,0.0,0.0,0.0,0.0,0.0,0.0
2024-12-10T22:00,3600,0.0,0.0,0.0,0.0,0.0,0.0,0.0,0.0,0.0
2024-12-10T23:00,3600,0.0,0.0,0.0,0.0,0.0,0.0,0.0,0.0,0.0
2024-12-11T00:00,3600,0.0,0.0,0.0,0.0,0.0,0.0,0.0,0.0,0.0
2024-12-11T01:00,3600,0.0,0.0,0.0,0.0,0.0,0.0,0.0,0.0,0.0
2024-12-11T02:00,3600,0.0,0.0,0.0,0.0,0.0,0.0,0.0,0.0,0.0
2024-12-11T03:00,3600,0.0,0.0,0.0,0.0,0.0,0.0,0.0,0.0,0.0
2024-12-11T04:00,3600,0.0,0.0,0.0,0.0,0.0,0.0,0.0,0.0,0.0
2024-12-11T05:00,3600,0.0,0.0,0.0,0.0,0.0,0.0,0.0,0.0,0.0
2024-12-11T06:00,3600,0.0,0.0,0.0,0.0,0.0,0.0,0.0,0.0,0.0
2024-12-11T07:00,3600,0.0,0.02462221156,0.0,0.0,0.0,0.02462221156,40.06262556,24.62221156,19.65666168
2024-12-11T08:00,3600,0.0,0.12798095416,0.0,0.0,0.0,0.12798095416,163.91897091,127.98095416,80.91808435
2024-12-11T09:00,3600,0.0,0.2194646322,0.0,0.0,0.0,0.2194646322,273.78398893,219.4646322,135.76768478
2024-12-11T10:00,3600,0.0,0.29953219503000006,0.0,0.0,0.0,0.29953219503000006,370.12421834,299.53219503,185.23072303
2024-12-11T11:00,3600,0.0,0.48794389072000005,0.0,0.0,0.0,0.48794389072000005,597.51532564,487.94389072,301.60221385
2024-12-11T12:00,3600,0.0,0.77386890696,0.0,0.0,0.0,0.77386890696,944.45963604,773.86890696,484.0385191
2024-12-11T13:00,3600,0.0,0.8928689693699999,0.0,0.0,0.0,0.8928689693699999,1089.52749487,892.86896937,562.88416891
2024-12-11T14:00,3600,0.0,0.7014500005700001,0.0,0.0,0.0,0.7014500005700001,856.3711248,701.45000057,438.54823416
2024-12-11T15:00,3600,0.0,0.5841403778699998,0.0,0.0,0.0,0.5841403778699998,713.9883912,584.14037787,363.60940779
2024-12-11T16:00,3600,0.0,0.34583463884999993,0.0,0.0,0.0,0.34583463884999993,425.91625776,345.83463885,212.64999251
2024-12-11T17:00,3600,0.0,0.040554459699999997,0.0,0.0,0.0,0.040554459699999997,59.1358978,40.5544597,29.0725233
2024-12-11T18:00,3600,0.0,0.0,0.0,0.0,0.0,0.0,0.0,0.0,0.0
2024-12-11T19:00,3600,0.0,0.0,0.0,0.0,0.0,0.0,0.0,0.0,0.0
2024-12-11T20:00,3600,0.0,0.0,0.0,0.0,0.0,0.0,0.0,0.0,0.0
2024-12-11T21:00,3600,0.0,0.0,0.0,0.0,0.0,0.0,0.0,0.0,0.0
2024-12-11T22:00,3600,0.0,0.0,0.0,0.0,0.0,0.0,0.0,0.0,0.0
2024-12-11T23:00,3600,0.0,0.0,0.0,0.0,0.0,0.0,0.0,0.0,0.0
2024-12-12T00:00,3600,0.0,0.0,0.0,0.0,0.0,0.0,0.0,0.0,0.0
2024-12-12T01:00,3600,0.0,0.0,0.0,0.0,0.0,0.0,0.0,0.0,0.0
2024-12-12T02:00,3600,0.0,0.0,0.0,0.0,0.0,0.0,0.0,0.0,0.0
2024-12-12T03:00,3600,0.0,0.0,0.0,0.0,0.0,0.0,0.0,0.0,0.0
2024-12-12T04:00,3600,0.0,0.0,0.0,0.0,0.0,0.0,0.0,0.0,0.0
2024-12-12T05:00,3600,0.0,0.0,0.0,0.0,0.0,0.0,0.0,0.0,0.0
2024-12-12T06:00,3600,0.0,0.0,0.0,0.0,0.0,0.0,0.0,0.0,0.0
2024-12-12T07:00,3600,0.0,0.09973872819,0.0,0.0,0.0,0.09973872819,130.04754581,99.73872819,62.82280728
2024-12-12T08:00,3600,0.0,0.32337601895,0.0,0.0,0.0,0.32337601895,398.84751855,323.37601895,194.72863617
2024-12-12T09:00,3600,0.0,0.52155385278,0.0,0.0,0.0,0.52155385278,638.1807339,521.55385278,314.52506608
2024-12-12T10:00,3600,0.0,0.7776164800300001,0.0,0.0,0.0,0.7776164800300001,949.02207784,777.61648003,477.45600847
2024-12-12T11:00,3600,0.0,0.8824304690599999,0.0,0.0,0.0,0.8824304690599999,1076.78642105,882.43046906,545.54767788
2024-12-12T12:00,3600,0.0,0.8630471169,0.0,0.0,0.0,0.8630471169,1053.13554905,863.0471169,534.14907589
2024-12-12T13:00,3600,0.0,1.04004966173,0.0,0.0,0.0,1.04004966173,1269.50246872,1040.04966173,655.36620102
2024-12-12T14:00,3600,0.0,0.86886306954,0.0,0.0,0.0,0.86886306954,1060.23085406,868.86306954,543.42769478
2024-12-12T15:00,3600,0.0,0.6722214671900001,0.0,0.0,0.0,0.6722214671900001,820.85970623,672.22146719,415.91062185
2024-12-12T16:00,3600,0.0,0.29006670712,0.0,0.0,0.0,0.29006670712,358.72595715,290.06670712,177.71227659
2024-12-12T17:00,3600,0.0,0.04086880851,0.0,0.0,0.0,0.04086880851,59.51228811,40.86880851,29.12475955
2024-12-12T18:00,3600,0.0,0.0,0.0,0.0,0.0,0.0,0.0,0.0,0.0
2024-12-12T19:00,3600,0.0,0.0,0.0,0.0,0.0,0.0,0.0,0.0,0.0
2024-12-12T20:00,3600,0.0,0.0,0.0,0.0,0.0,0.0,0.0,0.0,0.0
2024-12-12T21:00,3600,0.0,0.0,0.0,0.0,0.0,0.0,0.0,0.0,0.0
2024-12-12T22:00,3600,0.0,0.0,0.0,0.0,0.0,0.0,0.0,0.0,0.0
2024-12-12T23:00,3600,0.0,0.0,0.0,0.0,0.0,0.0,0.0,0.0,0.0
2024-12-13T00:00,3600,0.0,0.0,0.0,0.0,0.0,0.0,0.0,0.0,0.0
2024-12-13T01:00,3600,0.0,0.0,0.0,0.0,0.0,0.0,0.0,0.0,0.0
2024-12-13T02:00,3600,0.0,0.0,0.0,0.0,0.0,0.0,0.0,0.0,0.0
2024-12-13T03:00,3600,0.0,0.0,0.0,0.0,0.0,0.0,0.0,0.0,0.0
2024-12-13T04:00,3600,0.0,0.0,0.0,0.0,0.0,0.0,0.0,0.0,0.0
2024-12-13T05:00,3600,0.0,0.0,0.0,0.0,0.0,0.0,0.0,0.0,0.0
2024-12-13T06:00,3600,0.0,0.0,0.0,0.0,0.0,0.0,0.0,0.0,0.0
2024-12-13T07:00,3600,0.0,0.06943494801,0.0,0.0,0.0,0.06943494801,93.7273834,69.43494801,45.22710267
2024-12-13T08:00,3600,0.0,0.39287384623000005,0.0,0.0,0.0,0.39287384623000005,482.65575267,392.87384623,236.37654637
2024-12-13T09:00,3600,0.0,0.6308446172,0.0,0.0,0.0,0.6308446172,770.62920192,630.8446172,381.87637762
2024-12-13T10:00,3600,0.0,1.09046547488,0.0,0.0,0.0,1.09046547488,1331.29349178,1090.46547488,677.35059886
2024-12-13T11:00,3600,0.0,1.14379446261,0.0,0.0,0.0,1.14379446261,1396.73416018,1143.79446261,713.94433481
2024-12-13T12:00,3600,0.0,1.1445734375899999,0.0,0.0,0.0,1.1445734375899999,1397.69065479,1144.57343759,714.68192204
2024-12-13T13:00,3600,0.0,1.16260910048,0.0,0.0,0.0,1.16260910048,1419.84131874,1162.60910048,729.23006894
2024-12-13T14:00,3600,0.0,0.71376410877,0.0,0.0,0.0,0.71376410877,871.33936261,713.76410877,438.43112448
2024-12-13T15:00,3600,0.0,0.5658715389200001,0.0,0.0,0.0,0.5658715389200001,691.84917278,565.87153892,345.52915345
2024-12-13T16:00,3600,0.0,0.25406864184,0.0,0.0,0.0,0.25406864184,315.39954169,254.06864184,154.79391511
2024-12-13T17:00,3600,0.0,0.03249546049,0.0,0.0,0.0,0.03249546049,49.48723165,32.49546049,24.03856337
2024-12-13T18:00,3600,0.0,0.0,0.0,0.0,0.0,0.0,0.0,0.0,0.0
2024-12-13T19:00,3600,0.0,0.0,0.0,0.0,0.0,0.0,0.0,0.0,0.0
2024-12-13T20:00,3600,0.0,0.0,0.0,0.0,0.0,0.0,0.0,0.0,0.0
2024-12-13T21:00,3600,0.0,0.0,0.0,0.0,0.0,0.0,0.0,0.0,0.0
2024-12-13T22:00,3600,0.0,0.0,0.0,0.0,0.0,0.0,0.0,0.0,0.0
2024-12-13T23:00,3600,0.0,0.0,0.0,0.0,0.0,0.0,0.0,0.0,0.0
2024-12-14T00:00,3600,0.0,0.0,0.0,0.0,0.0,0.0,0.0,0.0,0.0
2024-12-14T01:00,3600,0.0,0.0,0.0,0.0,0.0,0.0,0.0,0.0,0.0
2024-12-14T02:00,3600,0.0,0.0,0.0,0.0,0.0,0.0,0.0,0.0,0.0
2024-12-14T03:00,3600,0.0,0.0,0.0,0.0,0.0,0.0,0.0,0.0,0.0
2024-12-14T04:00,3600,0.0,0.0,0.0,0.0,0.0,0.0,0.0,0.0,0.0
2024-12-14T05:00,3600,0.0,0.0,0.0,0.0,0.0,0.0,0.0,0.0,0.0
2024-12-14T06:00,3600,0.0,0.0,0.0,0.0,0.0,0.0,0.0,0.0,0.0
2024-12-14T07:00,3600,0.0,0.06833915777,0.0,0.0,0.0,0.06833915777,92.41449915,68.33915777,44.30830785
2024-12-14T08:00,3600,0.0,0.35799023282,0.0,0.0,0.0,0.35799023282,440.57277021,357.99023282,213.71948319
2024-12-14T09:00,3600,0.0,0.6214946451200001,0.0,0.0,0.0,0.6214946451200001,759.28513919,621.49464512,372.52053245
2024-12-14T10:00,3600,0.0,1.04257524701,0.0,0.0,0.0,1.04257524701,1272.59616945,1042.57524701,641.22074068
2024-12-14T11:00,3600,0.0,1.10649724694,0.0,0.0,0.0,1.10649724694,1350.9577095,1106.49724694,684.93435916
2024-12-14T12:00,3600,0.0,0.91508418526,0.0,0.0,0.0,0.91508418526,1116.65328907,915.08418526,561.93204011
2024-12-14T13:00,3600,0.0,0.93626666375,0.0,0.0,0.0,0.93626666375,1142.53105834,936.26666375,579.66241219
2024-12-14T14:00,3600,0.0,0.95439044633,0.0,0.0,0.0,0.95439044633,1164.68222808,954.39044633,592.19896991
2024-12-14T15:00,3600,0.0,0.6670619820299999,0.0,0.0,0.0,0.6670619820299999,814.59362006,667.06198203,408.61690082
2024-12-14T16:00,3600,0.0,0.36579583010999994,0.0,0.0,0.0,0.36579583010999994,449.98642795,365.79583011,222.09666873
2024-12-14T17:00,3600,0.0,0.04349738668,0.0,0.0,0.0,0.04349738668,62.65975904,43.49738668,30.47703003
2024-12-14T18:00,3600,0.0,0.0,0.0,0.0,0.0,0.0,0.0,0.0,0.0
2024-12-14T19:00,3600,0.0,0.0,0.0,0.0,0.0,0.0,0.0,0.0,0.0
2024-12-14T20:00,3600,0.0,0.0,0.0,0.0,0.0,0.0,0.0,0.0,0.0
2024-12-14T21:00,3600,0.0,0.0,0.0,0.0,0.0,0.0,0.0,0.0,0.0
2024-12-14T22:00,3600,0.0,0.0,0.0,0.0,0.0,0.0,0.0,0.0,0.0
2024-12-14T23:00,3600,0.0,0.0,0.0,0.0,0.0,0.0,0.0,0.0,0.0
2024-12-15T00:00,3600,0.0,0.0,0.0,0.0,0.0,0.0,0.0,0.0,0.0
2024-12-15T01:00,3600,0.0,0.0,0.0,0.0,0.0,0.0,0.0,0.0,0.0
2024-12-15T02:00,3600,0.0,0.0,0.0,0.0,0.0,0.0,0.0,0.0,0.0
2024-12-15T03:00,3600,0.0,0.0,0.0,0.0,0.0,0.0,0.0,0.0,0.0
2024-12-15T04:00,3600,0.0,0.0,0.0,0.0,0.0,0.0,0.0,0.0,0.0
2024-12-15T05:00,3600,0.0,0.0,0.0,0.0,0.0,0.0,0.0,0.0,0.0
2024-12-15T06:00,3600,0.0,0.0,0.0,0.0,0.0,0.0,0.0,0.0,0.0
2024-12-15T07:00,3600,0.0,0.0098012033,0.0,0.0,0.0,0.0098012033,22.32573731,9.8012033,10.65022136
2024-12-15T08:00,3600,0.0,0.06426426410000001,0.0,0.0,0.0,0.06426426410000001,87.53258332,64.2642641,41.85562216
2024-12-15T09:00,3600,0.0,0.28074923404999996,0.0,0.0,0.0,0.28074923404999996,347.50830454,280.74923405,167.59845043
2024-12-15T10:00,3600,0.0,0.5915473237600001,0.0,0.0,0.0,0.5915473237600001,722.96717676,591.54732376,356.68506417
2024-12-15T11:00,3600,0.0,0.5221373426599999,0.0,0.0,0.0,0.5221373426599999,638.88698502,522.13734266,314.7735898
2024-12-15T12:00,3600,0.0,0.5271304348700001,0.0,0.0,0.0,0.5271304348700001,644.93096391,527.13043487,318.23188616
2024-12-15T13:00,3600,0.0,0.43967700173999996,0.0,0.0,0.0,0.43967700173999996,539.17041977,439.67700174,266.97082709
2024-12-15T14:00,3600,0.0,0.31345998345,0.0,0.0,0.0,0.31345998345,386.90036054,313.45998345,190.56856651
2024-12-15T15:00,3600,0.0,0.25180670015,0.0,0.0,0.0,0.25180670015,312.67829262,251.80670015,153.49393028
2024-12-15T16:00,3600,0.0,0.22612924008,0.0,0.0,0.0,0.22612924008,281.79648249,226.12924008,138.01880404
2024-12-15T17:00,3600,0.0,0.03099078217,0.0,0.0,0.0,0.03099078217,47.68594166,30.99078217,23.13985247
2024-12-15T18:00,3600,0.0,0.0,0.0,0.0,0.0,0.0,0.0,0.0,0.0
2024-12-15T19:00,3600,0.0,0.0,0.0,0.0,0.0,0.0,0.0,0.0,0.0
2024-12-15T20:00,3600,0.0,0.0,0.0,0.0,0.0,0.0,0.0,0.0,0.0
2024-12-15T21:00,3600,0.0,0.0,0.0,0.0,0.0,0.0,0.0,0.0,0.0
2024-12-15T22:00,3600,0.0,0.0,0.0,0.0,0.0,0.0,0.0,0.0,0.0
2024-12-15T23:00,3600,0.0,0.0,0.0,0.0,0.0,0.0,0.0,0.0,0.0
2024-12-16T00:00,3600,0.0,0.0,0.0,0.0,0.0,0.0,0.0,0.0,0.0
2024-12-16T01:00,3600,0.0,0.0,0.0,0.0,0.0,0.0,0.0,0.0,0.0
2024-12-16T02:00,3600,0.0,0.0,0.0,0.0,0.0,0.0,0.0,0.0,0.0
2024-12-16T03:00,3600,0.0,0.0,0.0,0.0,0.0,0.0,0.0,0.0,0.0
2024-12-16T04:00,3600,0.0,0.0,0.0,0.0,0.0,0.0,0.0,0.0,0.0
2024-12-16T05:00,3600,0.0,0.0,0.0,0.0,0.0,0.0,0.0,0.0,0.0
2024-12-16T06:00,3600,0.0,0.0,0.0,0.0,0.0,0.0,0.0,0.0,0.0
2024-12-16T07:00,3600,0.0,0.027076620359999998,0.0,0.0,0.0,0.027076620359999998,43.00047788,27.07662036,20.61680744
2024-12-16T08:00,3600,0.0,0.30772298912,0.0,0.0,0.0,0.30772298912,379.98946384,307.72298912,184.68902532
2024-12-16T09:00,3600,0.0,0.60829876341,0.0,0.0,0.0,0.60829876341,743.27906162,608.29876341,366.81438077
2024-12-16T10:00,3600,0.0,0.86092850429,0.0,0.0,0.0,0.86092850429,1050.55113574,860.92850429,534.17454951
2024-12-16T11:00,3600,0.0,1.0612481140299999,0.0,0.0,0.0,1.0612481140299999,1295.47503487,1061.24811403,668.00411876
2024-12-16T12:00,3600,0.0,1.1931160789500002,0.0,0.0,0.0,1.1931160789500002,1457.33004805,1193.11607895,759.83371156
2024-12-16T13:00,3600,0.0,1.2640896522200002,0.0,0.0,0.0,1.2640896522200002,1544.65036733,1264.08965222,818.30556055
2024-12-16T14:00,3600,0.0,0.9478378745700001,0.0,0.0,0.0,0.9478378745700001,1156.67249854,947.83787457,601.17902839
2024-12-16T15:00,3600,0.0,0.72452465589,0.0,0.0,0.0,0.72452465589,884.42265283,724.52465589,453.64476014
2024-12-16T16:00,3600,0.0,0.42249811012999994,0.0,0.0,0.0,0.42249811012999994,518.42000786,422.49811013,260.98639213
2024-12-16T17:00,3600,0.0,0.05611304194,0.0,0.0,0.0,0.05611304194,77.76836204,56.11304194,38.26773283
2024-12-16T18:00,3600,0.0,0.0,0.0,0.0,0.0,0.0,0.0,0.0,0.0
2024-12-16T19:00,3600,0.0,0.0,0.0,0.0,0.0,0.0,0.0,0.0,0.0
2024-12-16T20:00,3600,0.0,0.0,0.0,0.0,0.0,0.0,0.0,0.0,0.0
2024-12-16T21:00,3600,0.0,0.0,0.0,0.0,0.0,0.0,0.0,0.0,0.0
2024-12-16T22:00,3600,0.0,0.0,0.0,0.0,0.0,0.0,0.0,0.0,0.0
2024-12-16T23:00,3600,0.0,0.0,0.0,0.0,0.0,0.0,0.0,0.0,0.0
2024-12-17T00:00,3600,0.0,0.0,0.0,0.0,0.0,0.0,0.0,0.0,0.0
2024-12-17T01:00,3600,0.0,0.0,0.0,0.0,0.0,0.0,0.0,0.0,0.0
2024-12-17T02:00,3600,0.0,0.0,0.0,0.0,0.0,0.0,0.0,0.0,0.0
2024-12-17T03:00,3600,0.0,0.0,0.0,0.0,0.0,0.0,0.0,0.0,0.0
2024-12-17T04:00,3600,0.0,0.0,0.0,0.0,0.0,0.0,0.0,0.0,0.0
2024-12-17T05:00,3600,0.0,0.0,0.0,0.0,0.0,0.0,0.0,0.0,0.0
2024-12-17T06:00,3600,0.0,0.0,0.0,0.0,0.0,0.0,0.0,0.0,0.0
2024-12-17T07:00,3600,0.0,0.14162832281999999,0.0,0.0,0.0,0.14162832281999999,180.29416959,141.62832282,85.90764155
2024-12-17T08:00,3600,0.0,0.56584781868,0.0,0.0,0.0,0.56584781868,691.82043323,565.84781868,337.50744445
2024-12-17T09:00,3600,0.0,0.9328092326199999,0.0,0.0,0.0,0.9328092326199999,1138.30638879,932.80923262,570.3529346
2024-12-17T10:00,3600,0.0,1.1807491234399998,0.0,0.0,0.0,1.1807491234399998,1442.12959177,1180.74912344,751.84733569
2024-12-17T11:00,3600,0.0,1.3350099247400002,0.0,0.0,0.0,1.3350099247400002,1632.05088275,1335.00992474,861.86065914
2024-12-17T12:00,3600,0.0,1.37429439786,0.0,0.0,0.0,1.37429439786,1680.52714766,1374.29439786,891.60414468
2024-12-17T13:00,3600,0.0,1.2864974945399998,0.0,0.0,0.0,1.2864974945399998,1572.2494961,1286.49749454,839.57558471
2024-12-17T14:00,3600,0.0,1.10192111758,0.0,0.0,0.0,1.10192111758,1345.34397959,1101.92111758,708.59798011
2024-12-17T15:00,3600,0.0,0.8101035822899999,0.0,0.0,0.0,0.8101035822899999,988.58963854,810.10358229,510.90035365
2024-12-17T16:00,3600,0.0,0.44332498502999995,0.0,0.0,0.0,0.44332498502999995,543.57786407,443.32498503,274.20224172
2024-12-17T17:00,3600,0.0,0.057655735980000004,0.0,0.0,0.0,0.057655735980000004,79.61619509,57.65573598,39.28639875
2024-12-17T18:00,3600,0.0,0.0,0.0,0.0,0.0,0.0,0.0,0.0,0.0
2024-12-17T19:00,3600,0.0,0.0,0.0,0.0,0.0,0.0,0.0,0.0,0.0
2024-12-17T20:00,3600,0.0,0.0,0.0,0.0,0.0,0.0,0.0,0.0,0.0
2024-12-17T21:00,3600,0.0,0.0,0.0,0.0,0.0,0.0,0.0,0.0,0.0
2024-12-17T22:00,3600,0.0,0.0,0.0,0.0,0.0,0.0,0.0,0.0,0.0
2024-12-17T23:00,3600,0.0,0.0,0.0,0.0,0.0,0.0,0.0,0.0,0.0
2024-12-18T00:00,3600,0.0,0.0,0.0,0.0,0.0,0.0,0.0,0.0,0.0
2024-12-18T01:00,3600,0.0,0.0,0.0,0.0,0.0,0.0,0.0,0.0,0.0
2024-12-18T02:00,3600,0.0,0.0,0.0,0.0,0.0,0.0,0.0,0.0,0.0
2024-12-18T03:00,3600,0.0,0.0,0.0,0.0,0.0,0.0,0.0,0.0,0.0
2024-12-18T04:00,3600,0.0,0.0,0.0,0.0,0.0,0.0,0.0,0.0,0.0
2024-12-18T05:00,3600,0.0,0.0,0.0,0.0,0.0,0.0,0.0,0.0,0.0
2024-12-18T06:00,3600,0.0,0.0,0.0,0.0,0.0,0.0,0.0,0.0,0.0
2024-12-18T07:00,3600,0.0,0.10110690954,0.0,0.0,0.0,0.10110690954,131.68793906,101.10690954,64.06276728
2024-12-18T08:00,3600,0.0,0.47905244174,0.0,0.0,0.0,0.47905244174,586.76256264,479.05244174,290.64160471
2024-12-18T09:00,3600,0.0,0.8871782237400001,0.0,0.0,0.0,0.8871782237400001,1082.58107659,887.17822374,548.26039724
2024-12-18T10:00,3600,0.0,1.12216691887,0.0,0.0,0.0,1.12216691887,1370.18489969,1122.16691887,708.75081874
2024-12-18T11:00,3600,0.0,1.30560253805,0.0,0.0,0.0,1.30560253805,1595.79216366,1305.60253805,834.43131422
2024-12-18T12:00,3600,0.0,1.37236511769,0.0,0.0,0.0,1.37236511769,1678.14540286,1372.36511769,883.74285909
2024-12-18T13:00,3600,0.0,1.29362545951,0.0,0.0,0.0,1.29362545951,1581.03186975,1293.62545951,836.6074569
2024-12-18T14:00,3600,0.0,0.94017573445,0.0,0.0,0.0,0.94017573445,1147.30799847,940.17573445,594.96884968
2024-12-18T15:00,3600,0.0,0.7613239910299999,0.0,0.0,0.0,0.7613239910299999,929.18982609,761.32399103,476.62411075
2024-12-18T16:00,3600,0.0,0.41889082448,0.0,0.0,0.0,0.41889082448,514.06378651,418.89082448,257.91674093
2024-12-18T17:00,3600,0.0,0.05560547179,0.0,0.0,0.0,0.05560547179,77.16041032,55.60547179,38.03362169
2024-12-18T18:00,3600,0.0,0.0,0.0,0.0,0.0,0.0,0.0,0.0,0.0
2024-12-18T19:00,3600,0.0,0.0,0.0,0.0,0.0,0.0,0.0,0.0,0.0
2024-12-18T20:00,3600,0.0,0.0,0.0,0.0,0.0,0.0,0.0,0.0,0.0
2024-12-18T21:00,3600,0.0,0.0,0.0,0.0,0.0,0.0,0.0,0.0,0.0
2024-12-18T22:00,3600,0.0,0.0,0.0,0.0,0.0,0.0,0.0,0.0,0.0
2024-12-18T23:00,3600,0.0,0.0,0.0,0.0,0.0,0.0,0.0,0.0,0.0
2024-12-19T00:00,3600,0.0,0.0,0.0,0.0,0.0,0.0,0.0,0.0,0.0
2024-12-19T01:00,3600,0.0,0.0,0.0,0.0,0.0,0.0,0.0,0.0,0.0
2024-12-19T02:00,3600,0.0,0.0,0.0,0.0,0.0,0.0,0.0,0.0,0.0
2024-12-19T03:00,3600,0.0,0.0,0.0,0.0,0.0,0.0,0.0,0.0,0.0
2024-12-19T04:00,3600,0.0,0.0,0.0,0.0,0.0,0.0,0.0,0.0,0.0
2024-12-19T05:00,3600,0.0,0.0,0.0,0.0,0.0,0.0,0.0,0.0,0.0
2024-12-19T06:00,3600,0.0,0.0,0.0,0.0,0.0,0.0,0.0,0.0,0.0
2024-12-19T07:00,3600,0.0,0.13154071287,0.0,0.0,0.0,0.13154071287,168.18977134,131.54071287,80.48678116
2024-12-19T08:00,3600,0.0,0.5443265579300001,0.0,0.0,0.0,0.5443265579300001,665.75157574,544.32655793,324.84375248
2024-12-19T09:00,3600,0.0,0.89042645952,0.0,0.0,0.0,0.89042645952,1086.54592912,890.42645952,538.63780543
2024-12-19T10:00,3600,0.0,1.14858060179,0.0,0.0,0.0,1.14858060179,1402.61128216,1148.58060179,714.00451304
2024-12-19T11:00,3600,0.0,1.3603720600399998,0.0,0.0,0.0,1.3603720600399998,1663.34210891,1360.37206004,859.2742324
2024-12-19T12:00,3600,0.0,1.40343288912,0.0,0.0,0.0,1.40343288912,1716.51257123,1403.43288912,892.50658829
2024-12-19T13:00,3600,0.0,1.32223538524,0.0,0.0,0.0,1.32223538524,1616.29704097,1322.23538524,846.13763999
2024-12-19T14:00,3600,0.0,1.1350591675900001,0.0,0.0,0.0,1.1350591675900001,1386.00938322,1135.05916759,718.43574882
2024-12-19T15:00,3600,0.0,0.8440511427699999,0.0,0.0,0.0,0.8440511427699999,1029.96761082,844.05114277,524.72885064
2024-12-19T16:00,3600,0.0,0.46631189726000005,0.0,0.0,0.0,0.46631189726000005,571.35872455,466.31189726,284.45608456
2024-12-19T17:00,3600,0.0,0.06410384824000001,0.0,0.0,0.0,0.06410384824000001,87.34040659,64.10384824,42.58175438
2024-12-19T18:00,3600,0.0,0.0,0.0,0.0,0.0,0.0,0.0,0.0,0.0
2024-12-19T19:00,3600,0.0,0.0,0.0,0.0,0.0,0.0,0.0,0.0,0.0
2024-12-19T20:00,3600,0.0,0.0,0.0,0.0,0.0,0.0,0.0,0.0,0.0
2024-12-19T21:00,3600,0.0,0.0,0.0,0.0,0.0,0.0,0.0,0.0,0.0
2024-12-19T22:00,3600,0.0,0.0,0.0,0.0,0.0,0.0,0.0,0.0,0.0
2024-12-19T23:00,3600,0.0,0.0,0.0,0.0,0.0,0.0,0.0,0.0,0.0
2024-12-20T00:00,3600,0.0,0.0,0.0,0.0,0.0,0.0,0.0,0.0,0.0
2024-12-20T01:00,3600,0.0,0.0,0.0,0.0,0.0,0.0,0.0,0.0,0.0
2024-12-20T02:00,3600,0.0,0.0,0.0,0.0,0.0,0.0,0.0,0.0,0.0
2024-12-20T03:00,3600,0.0,0.0,0.0,0.0,0.0,0.0,0.0,0.0,0.0
2024-12-20T04:00,3600,0.0,0.0,0.0,0.0,0.0,0.0,0.0,0.0,0.0
2024-12-20T05:00,3600,0.0,0.0,0.0,0.0,0.0,0.0,0.0,0.0,0.0
2024-12-20T06:00,3600,0.0,0.0,0.0,0.0,0.0,0.0,0.0,0.0,0.0
2024-12-20T07:00,3600,0.0,0.13242903502,0.0,0.0,0.0,0.13242903502,169.25558378,132.42903502,80.50542778
2024-12-20T08:00,3600,0.0,0.56672342941,0.0,0.0,0.0,0.56672342941,692.8813373,566.72342941,336.54817332
2024-12-20T09:00,3600,0.0,0.9470231322099999,0.0,0.0,0.0,0.9470231322099999,1155.67665922,947.02313221,573.59305059
2024-12-20T10:00,3600,0.0,1.20890998182,0.0,0.0,0.0,1.20890998182,1476.74904063,1208.90998182,758.34680007
2024-12-20T11:00,3600,0.0,1.37036175258,0.0,0.0,0.0,1.37036175258,1675.67231336,1370.36175258,871.01765524
2024-12-20T12:00,3600,0.0,1.41296638668,0.0,0.0,0.0,1.41296638668,1728.29163119,1412.96638668,904.16164758
2024-12-20T13:00,3600,0.0,1.32254306826,0.0,0.0,0.0,1.32254306826,1616.6764266,1322.54306826,854.30473059
2024-12-20T14:00,3600,0.0,1.13587402347,0.0,0.0,0.0,1.13587402347,1387.00973158,1135.87402347,725.31296837
2024-12-20T15:00,3600,0.0,0.84555256484,0.0,0.0,0.0,0.84555256484,1031.79841094,845.55256484,529.93993706
2024-12-20T16:00,3600,0.0,0.46850741865999995,0.0,0.0,0.0,0.46850741865999995,574.01288206,468.50741866,287.59815106
2024-12-20T17:00,3600,0.0,0.06768194736,0.0,0.0,0.0,0.06768194736,91.62709995,67.68194736,44.85452286
2024-12-20T18:00,3600,0.0,0.0,0.0,0.0,0.0,0.0,0.0,0.0,0.0
2024-12-20T19:00,3600,0.0,0.0,0.0,0.0,0.0,0.0,0.0,0.0,0.0
2024-12-20T20:00,3600,0.0,0.0,0.0,0.0,0.0,0.0,0.0,0.0,0.0
2024-12-20T21:00,3600,0.0,0.0,0.0,0.0,0.0,0.0,0.0,0.0,0.0
2024-12-20T22:00,3600,0.0,0.0,0.0,0.0,0.0,0.0,0.0,0.0,0.0
2024-12-20T23:00,3600,0.0,0.0,0.0,0.0,0.0,0.0,0.0,0.0,0.0
2024-12-21T00:00,3600,0.0,0.0,0.0,0.0,0.0,0.0,0.0,0.0,0.0
2024-12-21T01:00,3600,0.0,0.0,0.0,0.0,0.0,0.0,0.0,0.0,0.0
2024-12-21T02:00,3600,0.0,0.0,0.0,0.0,0.0,0.0,0.0,0.0,0.0
2024-12-21T03:00,3600,0.0,0.0,0.0,0.0,0.0,0.0,0.0,0.0,0.0
2024-12-21T04:00,3600,0.0,0.0,0.0,0.0,0.0,0.0,0.0,0.0,0.0
2024-12-21T05:00,3600,0.0,0.0,0.0,0.0,0.0,0.0,0.0,0.0,0.0
2024-12-21T06:00,3600,0.0,0.0,0.0,0.0,0.0,0.0,0.0,0.0,0.0
2024-12-21T07:00,3600,0.0,0.12608602259,0.0,0.0,0.0,0.12608602259,161.64567594,126.08602259,77.27517463
2024-12-21T08:00,3600,0.0,0.5305705521999999,0.0,0.0,0.0,0.5305705521999999,649.09551553,530.5705522,316.3673996
2024-12-21T09:00,3600,0.0,0.91606952882,0.0,0.0,0.0,0.91606952882,1117.85676161,916.06952882,557.70223144
2024-12-21T10:00,3600,0.0,1.16955645207,0.0,0.0,0.0,1.16955645207,1428.37626766,1169.55645207,736.88915036
2024-12-21T11:00,3600,0.0,1.3323129135599998,0.0,0.0,0.0,1.3323129135599998,1628.72447397,1332.31291356,847.51673823
2024-12-21T12:00,3600,0.0,1.3789298081999999,0.0,0.0,0.0,1.3789298081999999,1686.25012236,1378.9298082,880.08693084
2024-12-21T13:00,3600,0.0,1.3117892053200002,0.0,0.0,0.0,1.3117892053200002,1603.41811168,1311.78920532,842.3629936
2024-12-21T14:00,3600,0.0,1.12602372913,0.0,0.0,0.0,1.12602372913,1374.9184094,1126.02372913,715.39054873
2024-12-21T15:00,3600,0.0,0.8364245588500001,0.0,0.0,0.0,0.8364245588500001,1020.66890598,836.42455885,522.68829035
2024-12-21T16:00,3600,0.0,0.46464667547,0.0,0.0,0.0,0.46464667547,569.34573236,464.64667547,285.33343888
2024-12-21T17:00,3600,0.0,0.06732674206,0.0,0.0,0.0,0.06732674206,91.20153575,67.32674206,44.85512959
2024-12-21T18:00,3600,0.0,0.0,0.0,0.0,0.0,0.0,0.0,0.0,0.0
2024-12-21T19:00,3600,0.0,0.0,0.0,0.0,0.0,0.0,0.0,0.0,0.0
2024-12-21T20:00,3600,0.0,0.0,0.0,0.0,0.0,0.0,0.0,0.0,0.0
2024-12-21T21:00,3600,0.0,0.0,0.0,0.0,0.0,0.0,0.0,0.0,0.0
2024-12-21T22:00,3600,0.0,0.0,0.0,0.0,0.0,0.0,0.0,0.0,0.0
2024-12-21T23:00,3600,0.0,0.0,0.0,0.0,0.0,0.0,0.0,0.0,0.0
2024-12-22T00:00,3600,0.0,0.0,0.0,0.0,0.0,0.0,0.0,0.0,0.0
2024-12-22T01:00,3600,0.0,0.0,0.0,0.0,0.0,0.0,0.0,0.0,0.0
2024-12-22T02:00,3600,0.0,0.0,0.0,0.0,0.0,0.0,0.0,0.0,0.0
2024-12-22T03:00,3600,0.0,0.0,0.0,0.0,0.0,0.0,0.0,0.0,0.0
2024-12-22T04:00,3600,0.0,0.0,0.0,0.0,0.0,0.0,0.0,0.0,0.0
2024-12-22T05:00,3600,0.0,0.0,0.0,0.0,0.0,0.0,0.0,0.0,0.0
2024-12-22T06:00,3600,0.0,0.0,0.0,0.0,0.0,0.0,0.0,0.0,0.0
2024-12-22T07:00,3600,0.0,0.11805874774,0.0,0.0,0.0,0.11805874774,152.01665163,118.05874774,72.75853039
2024-12-22T08:00,3600,0.0,0.5337315540900001,0.0,0.0,0.0,0.5337315540900001,652.92246166,533.73155409,318.75031551
2024-12-22T09:00,3600,0.0,0.89666872681,0.0,0.0,0.0,0.89666872681,1094.16618417,896.66872681,544.10050034
2024-12-22T10:00,3600,0.0,1.17678857109,0.0,0.0,0.0,1.17678857109,1437.26253425,1176.78857109,735.59010722
2024-12-22T11:00,3600,0.0,1.32862602759,0.0,0.0,0.0,1.32862602759,1624.17752735,1328.62602759,840.77526704
2024-12-22T12:00,3600,0.0,1.35766309025,0.0,0.0,0.0,1.35766309025,1659.99894911,1357.66309025,863.02522925
2024-12-22T13:00,3600,0.0,1.27822896704,0.0,0.0,0.0,1.27822896704,1562.06368108,1278.22896704,816.15047456
2024-12-22T14:00,3600,0.0,1.0906432608699999,0.0,0.0,0.0,1.0906432608699999,1331.5115198,1090.64326087,688.77104029
2024-12-22T15:00,3600,0.0,0.8094295578299999,0.0,0.0,0.0,0.8094295578299999,987.76841194,809.42955783,503.30304942
2024-12-22T16:00,3600,0.0,0.45593128541,0.0,0.0,0.0,0.45593128541,558.81143127,455.93128541,278.9297582
2024-12-22T17:00,3600,0.0,0.061155384039999997,0.0,0.0,0.0,0.061155384039999997,83.80829555,61.15538404,40.98370126
2024-12-22T18:00,3600,0.0,0.0,0.0,0.0,0.0,0.0,0.0,0.0,0.0
2024-12-22T19:00,3600,0.0,0.0,0.0,0.0,0.0,0.0,0.0,0.0,0.0
2024-12-22T20:00,3600,0.0,0.0,0.0,0.0,0.0,0.0,0.0,0.0,0.0
2024-12-22T21:00,3600,0.0,0.0,0.0,0.0,0.0,0.0,0.0,0.0,0.0
2024-12-22T22:00,3600,0.0,0.0,0.0,0.0,0.0,0.0,0.0,0.0,0.0
2024-12-22T23:00,3600,0.0,0.0,0.0,0.0,0.0,0.0,0.0,0.0,0.0
2024-12-23T00:00,3600,0.0,0.0,0.0,0.0,0.0,0.0,0.0,0.0,0.0
2024-12-23T01:00,3600,0.0,0.0,0.0,0.0,0.0,0.0,0.0,0.0,0.0
2024-12-23T02:00,3600,0.0,0.0,0.0,0.0,0.0,0.0,0.0,0.0,0.0
2024-12-23T03:00,3600,0.0,0.0,0.0,0.0,0.0,0.0,0.0,0.0,0.0
2024-12-23T04:00,3600,0.0,0.0,0.0,0.0,0.0,0.0,0.0,0.0,0.0
2024-12-23T05:00,3600,0.0,0.0,0.0,0.0,0.0,0.0,0.0,0.0,0.0
2024-12-23T06:00,3600,0.0,0.0,0.0,0.0,0.0,0.0,0.0,0.0,0.0
2024-12-23T07:00,3600,0.0,0.09043212691,0.0,0.0,0.0,0.09043212691,118.89064119,90.43212691,56.99469853
2024-12-23T08:00,3600,0.0,0.41769053147,0.0,0.0,0.0,0.41769053147,512.61437048,417.69053147,249.48361121
2024-12-23T09:00,3600,0.0,0.6463256217800001,0.0,0.0,0.0,0.6463256217800001,789.41720622,646.32562178,388.84522178
2024-12-23T10:00,3600,0.0,0.8773029024,0.0,0.0,0.0,0.8773029024,1070.52891748,877.3029024,540.69847616
2024-12-23T11:00,3600,0.0,0.94850581152,0.0,0.0,0.0,0.94850581152,1157.48891529,948.50581152,588.38170734
2024-12-23T12:00,3600,0.0,0.98827586312,0.0,0.0,0.0,0.98827586312,1206.12250316,988.27586312,615.83879747
2024-12-23T13:00,3600,0.0,0.75334315174,0.0,0.0,0.0,0.75334315174,919.47775194,753.34315174,468.31182263
2024-12-23T14:00,3600,0.0,0.43662541687,0.0,0.0,0.0,0.43662541687,535.48381573,436.62541687,268.29862073
2024-12-23T15:00,3600,0.0,0.27058042113,0.0,0.0,0.0,0.27058042113,335.26837424,270.58042113,166.71013789
2024-12-23T16:00,3600,0.0,0.16434896363999998,0.0,0.0,0.0,0.16434896363999998,207.56728461,164.34896364,102.45695643
2024-12-23T17:00,3600,0.0,0.02415524991,0.0,0.0,0.0,0.02415524991,39.50370488,24.15524991,19.35460372
2024-12-23T18:00,3600,0.0,0.0,0.0,0.0,0.0,0.0,0.0,0.0,0.0
2024-12-23T19:00,3600,0.0,0.0,0.0,0.0,0.0,0.0,0.0,0.0,0.0
2024-12-23T20:00,3600,0.0,0.0,0.0,0.0,0.0,0.0,0.0,0.0,0.0
2024-12-23T21:00,3600,0.0,0.0,0.0,0.0,0.0,0.0,0.0,0.0,0.0
2024-12-23T22:00,3600,0.0,0.0,0.0,0.0,0.0,0.0,0.0,0.0,0.0
2024-12-23T23:00,3600,0.0,0.0,0.0,0.0,0.0,0.0,0.0,0.0,0.0
2024-12-24T00:00,3600,0.0,0.0,0.0,0.0,0.0,0.0,0.0,0.0,0.0
2024-12-24T01:00,3600,0.0,0.0,0.0,0.0,0.0,0.0,0.0,0.0,0.0
2024-12-24T02:00,3600,0.0,0.0,0.0,0.0,0.0,0.0,0.0,0.0,0.0
2024-12-24T03:00,3600,0.0,0.0,0.0,0.0,0.0,0.0,0.0,0.0,0.0
2024-12-24T04:00,3600,0.0,0.0,0.0,0.0,0.0,0.0,0.0,0.0,0.0
2024-12-24T05:00,3600,0.0,0.0,0.0,0.0,0.0,0.0,0.0,0.0,0.0
2024-12-24T06:00,3600,0.0,0.0,0.0,0.0,0.0,0.0,0.0,0.0,0.0
2024-12-24T07:00,3600,0.0,0.08435145493,0.0,0.0,0.0,0.08435145493,111.60228342,84.35145493,53.432713
2024-12-24T08:00,3600,0.0,0.41454071567,0.0,0.0,0.0,0.41454071567,508.81099182,414.54071567,247.32388713
2024-12-24T09:00,3600,0.0,0.70911488386,0.0,0.0,0.0,0.70911488386,865.68756728,709.11488386,426.5421003
2024-12-24T10:00,3600,0.0,1.01812228123,0.0,0.0,0.0,1.01812228123,1242.65029638,1018.12228123,630.87152042
2024-12-24T11:00,3600,0.0,1.0321265966200002,0.0,0.0,0.0,1.0321265966200002,1259.79833742,1032.12659662,641.83926116
2024-12-24T12:00,3600,0.0,1.25952927595,0.0,0.0,0.0,1.25952927595,1539.03525843,1259.52927595,795.71203565
2024-12-24T13:00,3600,0.0,1.1861491515,0.0,0.0,0.0,1.1861491515,1448.76632522,1186.1491515,757.42281721
2024-12-24T14:00,3600,0.0,1.09831006895,0.0,0.0,0.0,1.09831006895,1340.91457813,1098.31006895,698.11215234
2024-12-24T15:00,3600,0.0,0.83369114171,0.0,0.0,0.0,0.83369114171,1017.33658802,833.69114171,521.75370091
2024-12-24T16:00,3600,0.0,0.45399340465000004,0.0,0.0,0.0,0.45399340465000004,556.46939558,453.99340465,279.08034618
2024-12-24T17:00,3600,0.0,0.07057798656999999,0.0,0.0,0.0,0.07057798656999999,95.0969108,70.57798657,46.7326872
2024-12-24T18:00,3600,0.0,0.0,0.0,0.0,0.0,0.0,0.0,0.0,0.0
2024-12-24T19:00,3600,0.0,0.0,0.0,0.0,0.0,0.0,0.0,0.0,0.0
2024-12-24T20:00,3600,0.0,0.0,0.0,0.0,0.0,0.0,0.0,0.0,0.0
2024-12-24T21:00,3600,0.0,0.0,0.0,0.0,0.0,0.0,0.0,0.0,0.0
2024-12-24T22:00,3600,0.0,0.0,0.0,0.0,0.0,0.0,0.0,0.0,0.0
2024-12-24T23:00,3600,0.0,0.0,0.0,0.0,0.0,0.0,0.0,0.0,0.0
2024-12-25T00:00,3600,0.0,0.0,0.0,0.0,0.0,0.0,0.0,0.0,0.0
2024-12-25T01:00,3600,0.0,0.0,0.0,0.0,0.0,0.0,0.0,0.0,0.0
2024-12-25T02:00,3600,0.0,0.0,0.0,0.0,0.0,0.0,0.0,0.0,0.0
2024-12-25T03:00,3600,0.0,0.0,0.0,0.0,0.0,0.0,0.0,0.0,0.0
2024-12-25T04:00,3600,0.0,0.0,0.0,0.0,0.0,0.0,0.0,0.0,0.0
2024-12-25T05:00,3600,0.0,0.0,0.0,0.0,0.0,0.0,0.0,0.0,0.0
2024-12-25T06:00,3600,0.0,0.0,0.0,0.0,0.0,0.0,0.0,0.0,0.0
2024-12-25T07:00,3600,0.0,0.01230575711,0.0,0.0,0.0,0.01230575711,25.32262599,12.30575711,12.23738027
2024-12-25T08:00,3600,0.0,0.09719399246,0.0,0.0,0.0,0.09719399246,126.99664528,97.19399246,61.59792553
2024-12-25T09:00,3600,0.0,0.26871249829,0.0,0.0,0.0,0.26871249829,333.02030926,268.71249829,162.71595874
2024-12-25T10:00,3600,0.0,0.50251987165,0.0,0.0,0.0,0.50251987165,615.14730256,502.51987165,306.62478198
2024-12-25T11:00,3600,0.0,0.71396172645,0.0,0.0,0.0,0.71396172645,871.57960841,713.96172645,439.08095058
2024-12-25T12:00,3600,0.0,1.0811411794099999,0.0,0.0,0.0,1.0811411794099999,1319.85990061,1081.14117941,679.62809051
2024-12-25T13:00,3600,0.0,1.13595477104,0.0,0.0,0.0,1.13595477104,1387.10886143,1135.95477104,723.69790227
2024-12-25T14:00,3600,0.0,0.17842903385,0.0,0.0,0.0,0.17842903385,224.4754984,178.42903385,111.22048499
2024-12-25T15:00,3600,0.0,0.17161641434,0.0,0.0,0.0,0.17161641434,216.29382089,171.61641434,107.17355569
2024-12-25T16:00,3600,0.0,0.07936966533,0.0,0.0,0.0,0.07936966533,105.63179389,79.36966533,52.05719191
2024-12-25T17:00,3600,0.0,0.00488171518,0.0,0.0,0.0,0.00488171518,16.43968192,4.88171518,8.06775619
2024-12-25T18:00,3600,0.0,0.0,0.0,0.0,0.0,0.0,0.0,0.0,0.0
2024-12-25T19:00,3600,0.0,0.0,0.0,0.0,0.0,0.0,0.0,0.0,0.0
2024-12-25T20:00,3600,0.0,0.0,0.0,0.0,0.0,0.0,0.0,0.0,0.0
2024-12-25T21:00,3600,0.0,0.0,0.0,0.0,0.0,0.0,0.0,0.0,0.0
2024-12-25T22:00,3600,0.0,0.0,0.0,0.0,0.0,0.0,0.0,0.0,0.0
2024-12-25T23:00,3600,0.0,0.0,0.0,0.0,0.0,0.0,0.0,0.0,0.0
2024-12-26T00:00,3600,0.0,0.0,0.0,0.0,0.0,0.0,0.0,0.0,0.0
2024-12-26T01:00,3600,0.0,0.0,0.0,0.0,0.0,0.0,0.0,0.0,0.0
2024-12-26T02:00,3600,0.0,0.0,0.0,0.0,0.0,0.0,0.0,0.0,0.0
2024-12-26T03:00,3600,0.0,0.0,0.0,0.0,0.0,0.0,0.0,0.0,0.0
2024-12-26T04:00,3600,0.0,0.0,0.0,0.0,0.0,0.0,0.0,0.0,0.0
2024-12-26T05:00,3600,0.0,0.0,0.0,0.0,0.0,0.0,0.0,0.0,0.0
2024-12-26T06:00,3600,0.0,0.0,0.0,0.0,0.0,0.0,0.0,0.0,0.0
2024-12-26T07:00,3600,0.0,0.03976537299,0.0,0.0,0.0,0.03976537299,58.19108447,39.76537299,28.3011209
2024-12-26T08:00,3600,0.0,0.17276817144,0.0,0.0,0.0,0.17276817144,217.67694646,172.76817144,106.65409736
2024-12-26T09:00,3600,0.0,0.34276691611,0.0,0.0,0.0,0.34276691611,422.21801007,342.76691611,208.74344217
2024-12-26T10:00,3600,0.0,0.5000784862,0.0,0.0,0.0,0.5000784862,612.19365002,500.0784862,307.80168473
2024-12-26T11:00,3600,0.0,0.70256748583,0.0,0.0,0.0,0.70256748583,857.72929366,702.56748583,435.76466812
2024-12-26T12:00,3600,0.0,0.71922031286,0.0,0.0,0.0,0.71922031286,877.97292479,719.22031286,447.07703673
2024-12-26T13:00,3600,0.0,0.81826113668,0.0,0.0,0.0,0.81826113668,998.52975583,818.26113668,514.43636864
2024-12-26T14:00,3600,0.0,0.36771971325999997,0.0,0.0,0.0,0.36771971325999997,452.3069123,367.71971326,227.77364426
2024-12-26T15:00,3600,0.0,0.32344408467,0.0,0.0,0.0,0.32344408467,398.92953554,323.44408467,200.47074661
2024-12-26T16:00,3600,0.0,0.1415200035,0.0,0.0,0.0,0.1415200035,180.16417979,141.5200035,89.37982568
2024-12-26T17:00,3600,0.0,0.026108339560000002,0.0,0.0,0.0,0.026108339560000002,41.8414562,26.10833956,20.6184287
2024-12-26T18:00,3600,0.0,0.0,0.0,0.0,0.0,0.0,0.0,0.0,0.0
2024-12-26T19:00,3600,0.0,0.0,0.0,0.0,0.0,0.0,0.0,0.0,0.0
2024-12-26T20:00,3600,0.0,0.0,0.0,0.0,0.0,0.0,0.0,0.0,0.0
2024-12-26T21:00,3600,0.0,0.0,0.0,0.0,0.0,0.0,0.0,0.0,0.0
2024-12-26T22:00,3600,0.0,0.0,0.0,0.0,0.0,0.0,0.0,0.0,0.0
2024-12-26T23:00,3600,0.0,0.0,0.0,0.0,0.0,0.0,0.0,0.0,0.0
2024-12-27T00:00,3600,0.0,0.0,0.0,0.0,0.0,0.0,0.0,0.0,0.0
2024-12-27T01:00,3600,0.0,0.0,0.0,0.0,0.0,0.0,0.0,0.0,0.0
2024-12-27T02:00,3600,0.0,0.0,0.0,0.0,0.0,0.0,0.0,0.0,0.0
2024-12-27T03:00,3600,0.0,0.0,0.0,0.0,0.0,0.0,0.0,0.0,0.0
2024-12-27T04:00,3600,0.0,0.0,0.0,0.0,0.0,0.0,0.0,0.0,0.0
2024-12-27T05:00,3600,0.0,0.0,0.0,0.0,0.0,0.0,0.0,0.0,0.0
2024-12-27T06:00,3600,0.0,0.0,0.0,0.0,0.0,0.0,0.0,0.0,0.0
2024-12-27T07:00,3600,0.0,0.08741830523,0.0,0.0,0.0,0.08741830523,115.27811914,87.41830523,56.22096763
2024-12-27T08:00,3600,0.0,0.45400312077,0.0,0.0,0.0,0.45400312077,556.48113778,454.00312077,276.40236561
2024-12-27T09:00,3600,0.0,0.73105359401,0.0,0.0,0.0,0.73105359401,892.36248485,731.05359401,451.00998079
2024-12-27T10:00,3600,0.0,1.01641673259,0.0,0.0,0.0,1.01641673259,1240.56226328,1016.41673259,642.86727693
2024-12-27T11:00,3600,0.0,1.22868770423,0.0,0.0,0.0,1.22868770423,1501.07639,1228.68770423,788.42998032
2024-12-27T12:00,3600,0.0,1.0978977586399998,0.0,0.0,0.0,1.0978977586399998,1340.40885187,1097.89775864,699.30235887
2024-12-27T13:00,3600,0.0,1.08787727416,0.0,0.0,0.0,1.08787727416,1328.11955176,1087.87727416,695.6675036
2024-12-27T14:00,3600,0.0,0.73239162736,0.0,0.0,0.0,0.73239162736,893.98981214,732.39162736,458.8601719
2024-12-27T15:00,3600,0.0,0.38148926325999993,0.0,0.0,0.0,0.38148926325999993,468.91794558,381.48926326,235.86653291
2024-12-27T16:00,3600,0.0,0.16714331482,0.0,0.0,0.0,0.16714331482,210.92248958,167.14331482,104.4305644
2024-12-27T17:00,3600,0.0,0.0174376968,0.0,0.0,0.0,0.0174376968,31.46390225,17.4376968,15.44833932
2024-12-27T18:00,3600,0.0,0.0,0.0,0.0,0.0,0.0,0.0,0.0,0.0
2024-12-27T19:00,3600,0.0,0.0,0.0,0.0,0.0,0.0,0.0,0.0,0.0
2024-12-27T20:00,3600,0.0,0.0,0.0,0.0,0.0,0.0,0.0,0.0,0.0
2024-12-27T21:00,3600,0.0,0.0,0.0,0.0,0.0,0.0,0.0,0.0,0.0
2024-12-27T22:00,3600,0.0,0.0,0.0,0.0,0.0,0.0,0.0,0.0,0.0
2024-12-27T23:00,3600,0.0,0.0,0.0,0.0,0.0,0.0,0.0,0.0,0.0
2024-12-28T00:00,3600,0.0,0.0,0.0,0.0,0.0,0.0,0.0,0.0,0.0
2024-12-28T01:00,3600,0.0,0.0,0.0,0.0,0.0,0.0,0.0,0.0,0.0
2024-12-28T02:00,3600,0.0,0.0,0.0,0.0,0.0,0.0,0.0,0.0,0.0
2024-12-28T03:00,3600,0.0,0.0,0.0,0.0,0.0,0.0,0.0,0.0,0.0
2024-12-28T04:00,3600,0.0,0.0,0.0,0.0,0.0,0.0,0.0,0.0,0.0
2024-12-28T05:00,3600,0.0,0.0,0.0,0.0,0.0,0.0,0.0,0.0,0.0
2024-12-28T06:00,3600,0.0,0.0,0.0,0.0,0.0,0.0,0.0,0.0,0.0
2024-12-28T07:00,3600,0.0,0.04632211802,0.0,0.0,0.0,0.04632211802,66.04230983,46.32211802,31.83921627
2024-12-28T08:00,3600,0.0,0.41874183764999995,0.0,0.0,0.0,0.41874183764999995,513.88387505,418.74183765,251.60761152
2024-12-28T09:00,3600,0.0,0.88349929426,0.0,0.0,0.0,0.88349929426,1078.09087145,883.49929426,538.05242874
2024-12-28T10:00,3600,0.0,1.1737978079,0.0,0.0,0.0,1.1737978079,1433.58753397,1173.7978079,731.96404284
2024-12-28T11:00,3600,0.0,1.35230334405,0.0,0.0,0.0,1.35230334405,1653.38507699,1352.30334405,852.21446511
2024-12-28T12:00,3600,0.0,1.41071041884,0.0,0.0,0.0,1.41071041884,1725.50404237,1410.71041884,894.02233928
2024-12-28T13:00,3600,0.0,1.3366631634800001,0.0,0.0,0.0,1.3366631634800001,1634.09004011,1336.66316348,851.81832073
2024-12-28T14:00,3600,0.0,1.14507410294,0.0,0.0,0.0,1.14507410294,1398.30542536,1145.07410294,722.87923423
2024-12-28T15:00,3600,0.0,0.86972296133,0.0,0.0,0.0,0.86972296133,1061.27997968,869.72296133,541.33248761
2024-12-28T16:00,3600,0.0,0.49894371714,0.0,0.0,0.0,0.49894371714,610.82083223,498.94371714,304.90330269
2024-12-28T17:00,3600,0.0,0.08902752637000001,0.0,0.0,0.0,0.08902752637000001,117.20698436,89.02752637,57.41077643
2024-12-28T18:00,3600,0.0,0.0,0.0,0.0,0.0,0.0,0.0,0.0,0.0
2024-12-28T19:00,3600,0.0,0.0,0.0,0.0,0.0,0.0,0.0,0.0,0.0
2024-12-28T20:00,3600,0.0,0.0,0.0,0.0,0.0,0.0,0.0,0.0,0.0
2024-12-28T21:00,3600,0.0,0.0,0.0,0.0,0.0,0.0,0.0,0.0,0.0
2024-12-28T22:00,3600,0.0,0.0,0.0,0.0,0.0,0.0,0.0,0.0,0.0
2024-12-28T23:00,3600,0.0,0.0,0.0,0.0,0.0,0.0,0.0,0.0,0.0
2024-12-29T00:00,3600,0.0,0.0,0.0,0.0,0.0,0.0,0.0,0.0,0.0
2024-12-29T01:00,3600,0.0,0.0,0.0,0.0,0.0,0.0,0.0,0.0,0.0
2024-12-29T02:00,3600,0.0,0.0,0.0,0.0,0.0,0.0,0.0,0.0,0.0
2024-12-29T03:00,3600,0.0,0.0,0.0,0.0,0.0,0.0,0.0,0.0,0.0
2024-12-29T04:00,3600,0.0,0.0,0.0,0.0,0.0,0.0,0.0,0.0,0.0
2024-12-29T05:00,3600,0.0,0.0,0.0,0.0,0.0,0.0,0.0,0.0,0.0
2024-12-29T06:00,3600,0.0,0.0,0.0,0.0,0.0,0.0,0.0,0.0,0.0
2024-12-29T07:00,3600,0.0,0.10940007072999999,0.0,0.0,0.0,0.10940007072999999,141.63217049,109.40007073,67.27806691
2024-12-29T08:00,3600,0.0,0.54399777067,0.0,0.0,0.0,0.54399777067,665.35341241,543.99777067,323.1587452
2024-12-29T09:00,3600,0.0,0.92777297681,0.0,0.0,0.0,0.92777297681,1132.15314302,927.77297681,562.61952113
2024-12-29T10:00,3600,0.0,1.1952283454200001,0.0,0.0,0.0,1.1952283454200001,1459.92671499,1195.22834542,753.97540971
2024-12-29T11:00,3600,0.0,1.36129249774,0.0,0.0,0.0,1.36129249774,1664.47807664,1361.29249774,872.56790404
2024-12-29T12:00,3600,0.0,1.4087323985000002,0.0,0.0,0.0,1.4087323985000002,1723.06002223,1408.7323985,911.1655031
2024-12-29T13:00,3600,0.0,1.3210169121500002,0.0,0.0,0.0,1.3210169121500002,1614.79464136,1321.01691215,862.00481152
2024-12-29T14:00,3600,0.0,1.12568841875,0.0,0.0,0.0,1.12568841875,1374.50686199,1125.68841875,724.09502697
2024-12-29T15:00,3600,0.0,0.84782754794,0.0,0.0,0.0,0.84782754794,1034.57259475,847.82754794,533.50594889
2024-12-29T16:00,3600,0.0,0.48495435207000004,0.0,0.0,0.0,0.48495435207000004,593.8997222,484.95435207,298.92610443
2024-12-29T17:00,3600,0.0,0.08856415990000001,0.0,0.0,0.0,0.08856415990000001,116.65157102,88.5641599,57.31891444
2024-12-29T18:00,3600,0.0,0.0,0.0,0.0,0.0,0.0,0.0,0.0,0.0
2024-12-29T19:00,3600,0.0,0.0,0.0,0.0,0.0,0.0,0.0,0.0,0.0
2024-12-29T20:00,3600,0.0,0.0,0.0,0.0,0.0,0.0,0.0,0.0,0.0
2024-12-29T21:00,3600,0.0,0.0,0.0,0.0,0.0,0.0,0.0,0.0,0.0
2024-12-29T22:00,3600,0.0,0.0,0.0,0.0,0.0,0.0,0.0,0.0,0.0
2024-12-29T23:00,3600,0.0,0.0,0.0,0.0,0.0,0.0,0.0,0.0,0.0
2024-12-30T00:00,3600,0.0,0.0,0.0,0.0,0.0,0.0,0.0,0.0,0.0
2024-12-30T01:00,3600,0.0,0.0,0.0,0.0,0.0,0.0,0.0,0.0,0.0
2024-12-30T02:00,3600,0.0,0.0,0.0,0.0,0.0,0.0,0.0,0.0,0.0
2024-12-30T03:00,3600,0.0,0.0,0.0,0.0,0.0,0.0,0.0,0.0,0.0
2024-12-30T04:00,3600,0.0,0.0,0.0,0.0,0.0,0.0,0.0,0.0,0.0
2024-12-30T05:00,3600,0.0,0.0,0.0,0.0,0.0,0.0,0.0,0.0,0.0
2024-12-30T06:00,3600,0.0,0.0,0.0,0.0,0.0,0.0,0.0,0.0,0.0
2024-12-30T07:00,3600,0.0,0.09723624169999999,0.0,0.0,0.0,0.09723624169999999,127.04729676,97.2362417,60.50226684
2024-12-30T08:00,3600,0.0,0.5110918636,0.0,0.0,0.0,0.5110918636,625.51922198,511.0918636,305.31223508
2024-12-30T09:00,3600,0.0,0.88232612632,0.0,0.0,0.0,0.88232612632,1076.65907741,882.32612632,541.33854227
2024-12-30T10:00,3600,0.0,1.1369782961900001,0.0,0.0,0.0,1.1369782961900001,1388.3654096,1136.97829619,724.17769693
2024-12-30T11:00,3600,0.0,1.31030676565,0.0,0.0,0.0,1.31030676565,1601.59069243,1310.30676565,845.63478394
2024-12-30T12:00,3600,0.0,1.36524989991,0.0,0.0,0.0,1.36524989991,1669.36242719,1365.24989991,886.25767021
2024-12-30T13:00,3600,0.0,1.29335747322,0.0,0.0,0.0,1.29335747322,1580.70165686,1293.35747322,846.48762174
2024-12-30T14:00,3600,0.0,1.1291023318,0.0,0.0,0.0,1.1291023318,1378.69712186,1129.1023318,729.76348993
2024-12-30T15:00,3600,0.0,0.8510312812499999,0.0,0.0,0.0,0.8510312812499999,1038.47957188,851.03128125,539.70322208
2024-12-30T16:00,3600,0.0,0.48832024833,0.0,0.0,0.0,0.48832024833,597.9705169,488.32024833,303.92916694
2024-12-30T17:00,3600,0.0,0.09108280969000002,0.0,0.0,0.0,0.09108280969000002,119.67061498,91.08280969,59.46048085
2024-12-30T18:00,3600,0.0,0.0,0.0,0.0,0.0,0.0,0.0,0.0,0.0
2024-12-30T19:00,3600,0.0,0.0,0.0,0.0,0.0,0.0,0.0,0.0,0.0
2024-12-30T20:00,3600,0.0,0.0,0.0,0.0,0.0,0.0,0.0,0.0,0.0
2024-12-30T21:00,3600,0.0,0.0,0.0,0.0,0.0,0.0,0.0,0.0,0.0
2024-12-30T22:00,3600,0.0,0.0,0.0,0.0,0.0,0.0,0.0,0.0,0.0
2024-12-30T23:00,3600,0.0,0.0,0.0,0.0,0.0,0.0,0.0,0.0,0.0
2024-12-31T00:00,3600,0.0,0.0,0.0,0.0,0.0,0.0,0.0,0.0,0.0
2024-12-31T01:00,3600,0.0,0.0,0.0,0.0,0.0,0.0,0.0,0.0,0.0
2024-12-31T02:00,3600,0.0,0.0,0.0,0.0,0.0,0.0,0.0,0.0,0.0
2024-12-31T03:00,3600,0.0,0.0,0.0,0.0,0.0,0.0,0.0,0.0,0.0
2024-12-31T04:00,3600,0.0,0.0,0.0,0.0,0.0,0.0,0.0,0.0,0.0
2024-12-31T05:00,3600,0.0,0.0,0.0,0.0,0.0,0.0,0.0,0.0,0.0
2024-12-31T06:00,3600,0.0,0.0,0.0,0.0,0.0,0.0,0.0,0.0,0.0
2024-12-31T07:00,3600,0.0,0.09770812732999999,0.0,0.0,0.0,0.09770812732999999,127.61303103,97.70812733,61.66356855
2024-12-31T08:00,3600,0.0,0.51439131658,0.0,0.0,0.0,0.51439131658,629.51202509,514.39131658,310.34041575
2024-12-31T09:00,3600,0.0,0.89120559649,0.0,0.0,0.0,0.89120559649,1087.4970014,891.20559649,548.04225576
2024-12-31T10:00,3600,0.0,1.1553076315000002,0.0,0.0,0.0,1.1553076315000002,1410.87282641,1155.3076315,733.89336047
2024-12-31T11:00,3600,0.0,1.313463209,0.0,0.0,0.0,1.313463209,1605.48175072,1313.463209,843.24366902
2024-12-31T12:00,3600,0.0,1.37458895605,0.0,0.0,0.0,1.37458895605,1680.8907967,1374.58895605,888.3419382
2024-12-31T13:00,3600,0.0,1.30987989086,0.0,0.0,0.0,1.30987989086,1601.06449115,1309.87989086,852.93487029
2024-12-31T14:00,3600,0.0,1.06863162401,0.0,0.0,0.0,1.06863162401,1304.52440155,1068.63162401,686.58733433
2024-12-31T15:00,3600,0.0,0.80586648519,0.0,0.0,0.0,0.80586648519,983.4274015,805.86648519,510.10095195
2024-12-31T16:00,3600,0.0,0.45857604363,0.0,0.0,0.0,0.45857604363,562.00793332,458.57604363,284.96601204
2024-12-31T17:00,3600,0.0,0.08880625987,0.0,0.0,0.0,0.08880625987,116.94176298,88.80625987,58.08141502
2024-12-31T18:00,3600,0.0,0.0,0.0,0.0,0.0,0.0,0.0,0.0,0.0
2024-12-31T19:00,3600,0.0,0.0,0.0,0.0,0.0,0.0,0.0,0.0,0.0
2024-12-31T20:00,3600,0.0,0.0,0.0,0.0,0.0,0.0,0.0,0.0,0.0
2024-12-31T21:00,3600,0.0,0.0,0.0,0.0,0.0,0.0,0.0,0.0,0.0
2024-12-31T22:00,3600,0.0,0.0,0.0,0.0,0.0,0.0,0.0,0.0,0.0
2024-12-31T23:00,3600,0.0,0.0,0.0,0.0,0.0,0.0,0.0,0.0,0.0
