timestamp,interval_seconds,load_kwh,pv_generation_kwh,self_use_kwh,grid_import_kwh,grid_export_kwh,curtailment_kwh,pv_dc_power_w,pv_ac_power_w,poa_w_m2
2024-01-01T00:00,3600,0.0,0.0,0.0,0.0,0.0,0.0,0.0,0.0,0.0
2024-01-01T01:00,3600,0.0,0.0,0.0,0.0,0.0,0.0,0.0,0.0,0.0
2024-01-01T02:00,3600,0.0,0.0,0.0,0.0,0.0,0.0,0.0,0.0,0.0
2024-01-01T03:00,3600,0.0,0.0,0.0,0.0,0.0,0.0,0.0,0.0,0.0
2024-01-01T04:00,3600,0.0,0.0,0.0,0.0,0.0,0.0,0.0,0.0,0.0
2024-01-01T05:00,3600,0.0,0.0,0.0,0.0,0.0,0.0,0.0,0.0,0.0
2024-01-01T06:00,3600,0.0,0.0,0.0,0.0,0.0,0.0,0.0,0.0,0.0
2024-01-01T07:00,3600,0.0,0.08554684731000001,0.0,0.0,0.0,0.08554684731000001,118.30223761,85.54684731,38.68704621
2024-01-01T08:00,3600,0.0,0.40316481579999996,0.0,0.0,0.0,0.40316481579999996,499.64608084,403.1648158,165.27642041
2024-01-01T09:00,3600,0.0,0.93619788564,0.0,0.0,0.0,0.93619788564,1143.72694677,936.19788564,386.75733247
2024-01-01T10:00,3600,0.0,1.22152462073,0.0,0.0,0.0,1.22152462073,1490.6451431,1221.52462073,517.14128714
2024-01-01T11:00,3600,0.0,1.3288725460799997,0.0,0.0,0.0,1.3288725460799997,1621.55892275,1328.87254608,565.49410412
2024-01-01T12:00,3600,0.0,1.60423781452,0.0,0.0,0.0,1.60423781452,1958.36826611,1604.23781452,691.5425951
2024-01-01T13:00,3600,0.6869167119558518,1.61609374122,0.6869167119558518,0.0,0.0,0.9291770292641482,1972.90199089,1616.09374122,704.01906365
2024-01-01T14:00,3600,0.3618833187591797,1.36167507284,0.3618833187591797,0.0,0.0,0.9997917540808203,1661.6057043,1361.67507284,586.06442511
2024-01-01T15:00,3600,0.3098942647733626,1.00221246918,0.3098942647733626,0.0,0.0,0.6923182044066374,1223.85718223,1002.21246918,425.02811989
2024-01-01T16:00,3600,0.19071066583111013,0.36597299600999994,0.19071066583111013,0.0,0.0,0.1752623301788898,454.89867061,365.97299601,153.45670805
2024-01-01T17:00,3600,0.15326137157467634,0.07733803700000001,0.07733803700000001,0.07592333457467633,0.0,0.0,108.47032261,77.338037,36.17541181
2024-01-01T18:00,3600,0.0,0.0,0.0,0.0,0.0,0.0,0.0,0.0,0.0
2024-01-01T19:00,3600,0.0,0.0,0.0,0.0,0.0,0.0,0.0,0.0,0.0
2024-01-01T20:00,3600,0.0,0.0,0.0,0.0,0.0,0.0,0.0,0.0,0.0
2024-01-01T21:00,3600,0.0,0.0,0.0,0.0,0.0,0.0,0.0,0.0,0.0
2024-01-01T22:00,3600,0.0,0.0,0.0,0.0,0.0,0.0,0.0,0.0,0.0
2024-01-01T23:00,3600,0.0,0.0,0.0,0.0,0.0,0.0,0.0,0.0,0.0
2024-01-02T00:00,3600,0.0,0.0,0.0,0.0,0.0,0.0,0.0,0.0,0.0
2024-01-02T01:00,3600,0.0,0.0,0.0,0.0,0.0,0.0,0.0,0.0,0.0
2024-01-02T02:00,3600,0.0,0.0,0.0,0.0,0.0,0.0,0.0,0.0,0.0
2024-01-02T03:00,3600,0.0,0.0,0.0,0.0,0.0,0.0,0.0,0.0,0.0
2024-01-02T04:00,3600,0.0,0.0,0.0,0.0,0.0,0.0,0.0,0.0,0.0
2024-01-02T05:00,3600,0.0,0.0,0.0,0.0,0.0,0.0,0.0,0.0,0.0
2024-01-02T06:00,3600,0.0,0.0,0.0,0.0,0.0,0.0,0.0,0.0,0.0
2024-01-02T07:00,3600,0.0,0.053148353429999996,0.0,0.0,0.0,0.053148353429999996,79.50464411,53.14835343,25.87987272
2024-01-02T08:00,3600,0.0,0.39337672367000004,0.0,0.0,0.0,0.39337672367000004,487.867102,393.37672367,160.75154091
2024-01-02T09:00,3600,0.0,0.79555940033,0.0,0.0,0.0,0.79555940033,973.28440904,795.55940033,325.53046797
2024-01-02T10:00,3600,0.0,1.0683826007,0.0,0.0,0.0,1.0683826007,1304.25726215,1068.3826007,444.11772551
2024-01-02T11:00,3600,0.0,1.70261175937,0.0,0.0,0.0,1.70261175937,2079.04232005,1702.61175937,729.30596011
2024-01-02T12:00,3600,0.0,1.75895410846,0.0,0.0,0.0,1.75895410846,2148.24012293,1758.95410846,758.86055009
2024-01-02T13:00,3600,0.0,1.4336035108399998,0.0,0.0,0.0,1.4336035108399998,1749.49013593,1433.60351084,611.04031666
2024-01-02T14:00,3600,0.0,0.80059206602,0.0,0.0,0.0,0.80059206602,979.37731792,800.59206602,332.66198268
2024-01-02T15:00,3600,0.0,0.43457174349000005,0.0,0.0,0.0,0.43457174349000005,537.45281086,434.57174349,180.05185616
2024-01-02T16:00,3600,0.0,0.26891112564,0.0,0.0,0.0,0.26891112564,338.23568366,268.91112564,112.4888751
2024-01-02T17:00,3600,0.06866238373096607,0.045986306319999996,0.045986306319999996,0.022676077410966076,0.0,0.0,70.93052085,45.98630632,23.39082758
2024-01-02T18:00,3600,0.0,0.0,0.0,0.0,0.0,0.0,0.0,0.0,0.0
2024-01-02T19:00,3600,0.0,0.0,0.0,0.0,0.0,0.0,0.0,0.0,0.0
2024-01-02T20:00,3600,0.0,0.0,0.0,0.0,0.0,0.0,0.0,0.0,0.0
2024-01-02T21:00,3600,0.0,0.0,0.0,0.0,0.0,0.0,0.0,0.0,0.0
2024-01-02T22:00,3600,0.0,0.0,0.0,0.0,0.0,0.0,0.0,0.0,0.0
2024-01-02T23:00,3600,0.0,0.0,0.0,0.0,0.0,0.0,0.0,0.0,0.0
2024-01-03T00:00,3600,0.0,0.0,0.0,0.0,0.0,0.0,0.0,0.0,0.0
2024-01-03T01:00,3600,0.0,0.0,0.0,0.0,0.0,0.0,0.0,0.0,0.0
2024-01-03T02:00,3600,0.0,0.0,0.0,0.0,0.0,0.0,0.0,0.0,0.0
2024-01-03T03:00,3600,0.0,0.0,0.0,0.0,0.0,0.0,0.0,0.0,0.0
2024-01-03T04:00,3600,0.0,0.0,0.0,0.0,0.0,0.0,0.0,0.0,0.0
2024-01-03T05:00,3600,0.0,0.0,0.0,0.0,0.0,0.0,0.0,0.0,0.0
2024-01-03T06:00,3600,0.0,0.0,0.0,0.0,0.0,0.0,0.0,0.0,0.0
2024-01-03T07:00,3600,0.0,0.04281354607,0.0,0.0,0.0,0.04281354607,67.13250709,42.81354607,21.70038509
2024-01-03T08:00,3600,0.0,0.37464943489,0.0,0.0,0.0,0.37464943489,465.33551633,374.64943489,151.90249827
2024-01-03T09:00,3600,0.0,0.75870159044,0.0,0.0,0.0,0.75870159044,928.67584375,758.70159044,306.57532619
2024-01-03T10:00,3600,0.0,1.19626225317,0.0,0.0,0.0,1.19626225317,1459.8683747,1196.26225317,490.45653975
2024-01-03T11:00,3600,0.0,1.62095671016,0.0,0.0,0.0,1.62095671016,1978.86409242,1620.95671016,674.4022196
2024-01-03T12:00,3600,0.0,1.92652262366,0.0,0.0,0.0,1.92652262366,2354.40285456,1926.52262366,811.76675636
2024-01-03T13:00,3600,0.0,1.8873593773200001,0.0,0.0,0.0,1.8873593773200001,2306.17109158,1887.35937732,799.77704836
2024-01-03T14:00,3600,0.0,1.7040955833999998,0.0,0.0,0.0,1.7040955833999998,2080.86392376,1704.0955834,717.09182036
2024-01-03T15:00,3600,0.0,1.2992234372,0.0,0.0,0.0,1.2992234372,1585.37938936,1299.2234372,538.75348975
2024-01-03T16:00,3600,0.0,0.75667635936,0.0,0.0,0.0,0.75667635936,926.22545276,756.67635936,308.63394445
2024-01-03T17:00,3600,0.0,0.15702418547,0.0,0.0,0.0,0.15702418547,203.9632646,157.02418547,66.70901275
2024-01-03T18:00,3600,0.0,0.0,0.0,0.0,0.0,0.0,0.0,0.0,0.0
2024-01-03T19:00,3600,0.0,0.0,0.0,0.0,0.0,0.0,0.0,0.0,0.0
2024-01-03T20:00,3600,0.0,0.0,0.0,0.0,0.0,0.0,0.0,0.0,0.0
2024-01-03T21:00,3600,0.0,0.0,0.0,0.0,0.0,0.0,0.0,0.0,0.0
2024-01-03T22:00,3600,0.0,0.0,0.0,0.0,0.0,0.0,0.0,0.0,0.0
2024-01-03T23:00,3600,0.0,0.0,0.0,0.0,0.0,0.0,0.0,0.0,0.0
2024-01-04T00:00,3600,0.0,0.0,0.0,0.0,0.0,0.0,0.0,0.0,0.0
2024-01-04T01:00,3600,0.0,0.0,0.0,0.0,0.0,0.0,0.0,0.0,0.0
2024-01-04T02:00,3600,0.0,0.0,0.0,0.0,0.0,0.0,0.0,0.0,0.0
2024-01-04T03:00,3600,0.0,0.0,0.0,0.0,0.0,0.0,0.0,0.0,0.0
2024-01-04T04:00,3600,0.0,0.0,0.0,0.0,0.0,0.0,0.0,0.0,0.0
2024-01-04T05:00,3600,0.0,0.0,0.0,0.0,0.0,0.0,0.0,0.0,0.0
2024-01-04T06:00,3600,0.0,0.0,0.0,0.0,0.0,0.0,0.0,0.0,0.0
2024-01-04T07:00,3600,0.0,0.13027719121000003,0.0,0.0,0.0,0.13027719121000003,171.89804597,130.27719121,54.58035279
2024-01-04T08:00,3600,0.0,0.69863527905,0.0,0.0,0.0,0.69863527905,856.03163132,698.63527905,277.40004874
2024-01-04T09:00,3600,0.0,1.07016944858,0.0,0.0,0.0,1.07016944858,1306.42950064,1070.16944858,429.99883881
2024-01-04T10:00,3600,0.0,1.40059764759,0.0,0.0,0.0,1.40059764759,1709.15041089,1400.59764759,579.76382433
2024-01-04T11:00,3600,0.0,1.68477391898,0.0,0.0,0.0,1.68477391898,2057.14714727,1684.77391898,707.75358588
2024-01-04T12:00,3600,0.0,1.8177149532599999,0.0,0.0,0.0,1.8177149532599999,2220.47314219,1817.71495326,770.1375006
2024-01-04T13:00,3600,0.0,1.7885413315799998,0.0,0.0,0.0,1.7885413315799998,2184.60255305,1788.54133158,769.45811555
2024-01-04T14:00,3600,0.0,1.3536310199300001,0.0,0.0,0.0,1.3536310199300001,1651.78329249,1353.63101993,572.33854247
2024-01-04T15:00,3600,0.0,1.11515363382,0.0,0.0,0.0,1.11515363382,1361.13552353,1115.15363382,467.59771552
2024-01-04T16:00,3600,0.0,0.6740127714699999,0.0,0.0,0.0,0.6740127714699999,826.27222853,674.01277147,278.10833379
2024-01-04T17:00,3600,0.0,0.13022586428,0.0,0.0,0.0,0.13022586428,171.83652573,130.22586428,56.50096808
2024-01-04T18:00,3600,0.0,0.0,0.0,0.0,0.0,0.0,0.0,0.0,0.0
2024-01-04T19:00,3600,0.0,0.0,0.0,0.0,0.0,0.0,0.0,0.0,0.0
2024-01-04T20:00,3600,0.0,0.0,0.0,0.0,0.0,0.0,0.0,0.0,0.0
2024-01-04T21:00,3600,0.0,0.0,0.0,0.0,0.0,0.0,0.0,0.0,0.0
2024-01-04T22:00,3600,0.0,0.0,0.0,0.0,0.0,0.0,0.0,0.0,0.0
2024-01-04T23:00,3600,0.0,0.0,0.0,0.0,0.0,0.0,0.0,0.0,0.0
2024-01-05T00:00,3600,0.0,0.0,0.0,0.0,0.0,0.0,0.0,0.0,0.0
2024-01-05T01:00,3600,0.0,0.0,0.0,0.0,0.0,0.0,0.0,0.0,0.0
2024-01-05T02:00,3600,0.0,0.0,0.0,0.0,0.0,0.0,0.0,0.0,0.0
2024-01-05T03:00,3600,0.0,0.0,0.0,0.0,0.0,0.0,0.0,0.0,0.0
2024-01-05T04:00,3600,0.0,0.0,0.0,0.0,0.0,0.0,0.0,0.0,0.0
2024-01-05T05:00,3600,0.0,0.0,0.0,0.0,0.0,0.0,0.0,0.0,0.0
2024-01-05T06:00,3600,0.0,0.0,0.0,0.0,0.0,0.0,0.0,0.0,0.0
2024-01-05T07:00,3600,0.0,0.06775252886,0.0,0.0,0.0,0.06775252886,96.99101485,67.75252886,31.11103412
2024-01-05T08:00,3600,0.0,0.44108966898999996,0.0,0.0,0.0,0.44108966898999996,545.30112777,441.08966899,177.60409879
2024-01-05T09:00,3600,0.0,0.99835558202,0.0,0.0,0.0,0.99835558202,1219.17337258,998.35558202,407.62913942
2024-01-05T10:00,3600,0.0,1.2740720461100001,0.0,0.0,0.0,1.2740720461100001,1554.7011739,1274.07204611,535.87354088
2024-01-05T11:00,3600,0.0,1.4558885064799998,0.0,0.0,0.0,1.4558885064799998,1776.73847279,1455.88850648,619.58828474
2024-01-05T12:00,3600,0.0,1.5009859447,0.0,0.0,0.0,1.5009859447,1831.9088257,1500.9859447,641.34975809
2024-01-05T13:00,3600,0.0,1.6965123428500002,0.0,0.0,0.0,1.6965123428500002,2071.55486679,1696.51234285,741.55745535
2024-01-05T14:00,3600,0.0,1.49438384868,0.0,0.0,0.0,1.49438384868,1823.82968518,1494.38384868,646.52263798
2024-01-05T15:00,3600,0.0,0.95870850837,0.0,0.0,0.0,0.95870850837,1171.04187406,958.70850837,403.99013029
2024-01-05T16:00,3600,0.0,0.6067716498,0.0,0.0,0.0,0.6067716498,745.059204,606.7716498,252.72556004
2024-01-05T17:00,3600,0.0,0.12287555053,0.0,0.0,0.0,0.12287555053,163.02695592,122.87555053,54.17410582
2024-01-05T18:00,3600,0.0,0.0,0.0,0.0,0.0,0.0,0.0,0.0,0.0
2024-01-05T19:00,3600,0.0,0.0,0.0,0.0,0.0,0.0,0.0,0.0,0.0
2024-01-05T20:00,3600,0.0,0.0,0.0,0.0,0.0,0.0,0.0,0.0,0.0
2024-01-05T21:00,3600,0.0,0.0,0.0,0.0,0.0,0.0,0.0,0.0,0.0
2024-01-05T22:00,3600,0.0,0.0,0.0,0.0,0.0,0.0,0.0,0.0,0.0
2024-01-05T23:00,3600,0.0,0.0,0.0,0.0,0.0,0.0,0.0,0.0,0.0
2024-01-06T00:00,3600,0.0,0.0,0.0,0.0,0.0,0.0,0.0,0.0,0.0
2024-01-06T01:00,3600,0.0,0.0,0.0,0.0,0.0,0.0,0.0,0.0,0.0
2024-01-06T02:00,3600,0.0,0.0,0.0,0.0,0.0,0.0,0.0,0.0,0.0
2024-01-06T03:00,3600,0.0,0.0,0.0,0.0,0.0,0.0,0.0,0.0,0.0
2024-01-06T04:00,3600,0.0,0.0,0.0,0.0,0.0,0.0,0.0,0.0,0.0
2024-01-06T05:00,3600,0.0,0.0,0.0,0.0,0.0,0.0,0.0,0.0,0.0
2024-01-06T06:00,3600,0.0,0.0,0.0,0.0,0.0,0.0,0.0,0.0,0.0
2024-01-06T07:00,3600,0.0,0.11376356802,0.0,0.0,0.0,0.11376356802,152.10730928,113.76356802,48.99131456
2024-01-06T08:00,3600,0.0,0.55378395786,0.0,0.0,0.0,0.55378395786,681.11928445,553.78395786,223.63462104
2024-01-06T09:00,3600,0.0,1.13467119334,0.0,0.0,0.0,1.13467119334,1384.88287489,1134.67119334,468.23691186
2024-01-06T10:00,3600,0.0,1.4992447693700002,0.0,0.0,0.0,1.4992447693700002,1829.77802817,1499.24476937,640.82306214
2024-01-06T11:00,3600,0.0,1.76958890682,0.0,0.0,0.0,1.76958890682,2161.30825893,1769.58890682,767.21393485
2024-01-06T12:00,3600,0.0,1.87768564689,0.0,0.0,0.0,1.87768564689,2294.26190558,1877.68564689,819.60381477
2024-01-06T13:00,3600,0.0,1.66786976349,0.0,0.0,0.0,1.66786976349,2036.40364775,1667.86976349,728.06131702
2024-01-06T14:00,3600,0.0,0.7093756730699999,0.0,0.0,0.0,0.7093756730699999,869.01622056,709.37567307,297.77705287
2024-01-06T15:00,3600,0.0,0.66319263653,0.0,0.0,0.0,0.66319263653,813.19823314,663.19263653,277.94300899
2024-01-06T16:00,3600,0.0,0.37778208898000004,0.0,0.0,0.0,0.37778208898000004,469.10410364,377.78208898,157.92705673
2024-01-06T17:00,3600,0.0,0.07497335669,0.0,0.0,0.0,0.07497335669,105.63830299,74.97335669,35.14860471
2024-01-06T18:00,3600,0.0,0.0,0.0,0.0,0.0,0.0,0.0,0.0,0.0
2024-01-06T19:00,3600,0.0,0.0,0.0,0.0,0.0,0.0,0.0,0.0,0.0
2024-01-06T20:00,3600,0.0,0.0,0.0,0.0,0.0,0.0,0.0,0.0,0.0
2024-01-06T21:00,3600,0.0,0.0,0.0,0.0,0.0,0.0,0.0,0.0,0.0
2024-01-06T22:00,3600,0.0,0.0,0.0,0.0,0.0,0.0,0.0,0.0,0.0
2024-01-06T23:00,3600,0.0,0.0,0.0,0.0,0.0,0.0,0.0,0.0,0.0
2024-01-07T00:00,3600,0.0,0.0,0.0,0.0,0.0,0.0,0.0,0.0,0.0
2024-01-07T01:00,3600,0.0,0.0,0.0,0.0,0.0,0.0,0.0,0.0,0.0
2024-01-07T02:00,3600,0.0,0.0,0.0,0.0,0.0,0.0,0.0,0.0,0.0
2024-01-07T03:00,3600,0.0,0.0,0.0,0.0,0.0,0.0,0.0,0.0,0.0
2024-01-07T04:00,3600,0.0,0.0,0.0,0.0,0.0,0.0,0.0,0.0,0.0
2024-01-07T05:00,3600,0.0,0.0,0.0,0.0,0.0,0.0,0.0,0.0,0.0
2024-01-07T06:00,3600,0.0,0.0,0.0,0.0,0.0,0.0,0.0,0.0,0.0
2024-01-07T07:00,3600,0.0,0.09673903457,0.0,0.0,0.0,0.09673903457,131.70935447,96.73903457,42.8008257
2024-01-07T08:00,3600,0.0,0.6296278430300001,0.0,0.0,0.0,0.6296278430300001,772.6553977,629.62784303,255.95427906
2024-01-07T09:00,3600,0.0,1.18760247507,0.0,0.0,0.0,1.18760247507,1449.3210419,1187.60247507,491.86215887
2024-01-07T10:00,3600,0.0,1.50414335899,0.0,0.0,0.0,1.50414335899,1835.7729201,1504.14335899,639.62672447
2024-01-07T11:00,3600,0.0,1.80061096205,0.0,0.0,0.0,1.80061096205,2199.44084962,1800.61096205,779.41811025
2024-01-07T12:00,3600,0.0,1.9011494518399998,0.0,0.0,0.0,1.9011494518399998,2323.1509714,1901.14945184,828.6280959
2024-01-07T13:00,3600,0.0,1.75495691873,0.0,0.0,0.0,1.75495691873,2143.32890143,1754.95691873,768.06977111
2024-01-07T14:00,3600,0.0,1.4702329710700002,0.0,0.0,0.0,1.4702329710700002,1794.28272415,1470.23297107,635.10779116
2024-01-07T15:00,3600,0.0,0.42099567526,0.0,0.0,0.0,0.42099567526,521.10815749,420.99567526,176.33385621
2024-01-07T16:00,3600,0.0,0.22498761182000002,0.0,0.0,0.0,0.22498761182000002,285.49759882,224.98761182,95.52158599
2024-01-07T17:00,3600,0.0,0.07477996552,0.0,0.0,0.0,0.07477996552,105.4066957,74.77996552,35.0772421
2024-01-07T18:00,3600,0.0,0.0,0.0,0.0,0.0,0.0,0.0,0.0,0.0
2024-01-07T19:00,3600,0.0,0.0,0.0,0.0,0.0,0.0,0.0,0.0,0.0
2024-01-07T20:00,3600,0.0,0.0,0.0,0.0,0.0,0.0,0.0,0.0,0.0
2024-01-07T21:00,3600,0.0,0.0,0.0,0.0,0.0,0.0,0.0,0.0,0.0
2024-01-07T22:00,3600,0.0,0.0,0.0,0.0,0.0,0.0,0.0,0.0,0.0
2024-01-07T23:00,3600,0.0,0.0,0.0,0.0,0.0,0.0,0.0,0.0,0.0
2024-01-08T00:00,3600,0.0,0.0,0.0,0.0,0.0,0.0,0.0,0.0,0.0
2024-01-08T01:00,3600,0.0,0.0,0.0,0.0,0.0,0.0,0.0,0.0,0.0
2024-01-08T02:00,3600,0.0,0.0,0.0,0.0,0.0,0.0,0.0,0.0,0.0
2024-01-08T03:00,3600,0.0,0.0,0.0,0.0,0.0,0.0,0.0,0.0,0.0
2024-01-08T04:00,3600,0.0,0.0,0.0,0.0,0.0,0.0,0.0,0.0,0.0
2024-01-08T05:00,3600,0.0,0.0,0.0,0.0,0.0,0.0,0.0,0.0,0.0
2024-01-08T06:00,3600,0.0,0.0,0.0,0.0,0.0,0.0,0.0,0.0,0.0
2024-01-08T07:00,3600,0.0,0.11270031272999999,0.0,0.0,0.0,0.11270031272999999,150.83321832,112.70031273,48.95594454
2024-01-08T08:00,3600,0.0,0.67364543727,0.0,0.0,0.0,0.67364543727,825.82834268,673.64543727,274.05691779
2024-01-08T09:00,3600,0.0,1.20891221991,0.0,0.0,0.0,1.20891221991,1475.27814965,1208.91221991,501.17782819
2024-01-08T10:00,3600,0.0,1.2771013427000002,0.0,0.0,0.0,1.2771013427000002,1558.39550612,1277.1013427,537.75620964
2024-01-08T11:00,3600,0.0,1.7807334459000002,0.0,0.0,0.0,1.7807334459000002,2175.00509905,1780.7334459,769.36609842
2024-01-08T12:00,3600,0.0,1.66170215087,0.0,0.0,0.0,1.66170215087,2028.83658038,1661.70215087,717.13747523
2024-01-08T13:00,3600,0.0,1.5471660965,0.0,0.0,0.0,1.5471660965,1888.44368841,1547.1660965,667.71694443
2024-01-08T14:00,3600,0.0,0.90904130553,0.0,0.0,0.0,0.90904130553,1110.78696152,909.04130553,381.67894079
2024-01-08T15:00,3600,0.0,0.56989730415,0.0,0.0,0.0,0.56989730415,700.55776022,569.89730415,237.14470292
2024-01-08T16:00,3600,0.0,0.22925297529,0.0,0.0,0.0,0.22925297529,290.61742132,229.25297529,96.78430966
2024-01-08T17:00,3600,0.0,0.07201167255999999,0.0,0.0,0.0,0.07201167255999999,102.09143194,72.01167256,33.80164875
2024-01-08T18:00,3600,0.0,0.0,0.0,0.0,0.0,0.0,0.0,0.0,0.0
2024-01-08T19:00,3600,0.0,0.0,0.0,0.0,0.0,0.0,0.0,0.0,0.0
2024-01-08T20:00,3600,0.0,0.0,0.0,0.0,0.0,0.0,0.0,0.0,0.0
2024-01-08T21:00,3600,0.0,0.0,0.0,0.0,0.0,0.0,0.0,0.0,0.0
2024-01-08T22:00,3600,0.0,0.0,0.0,0.0,0.0,0.0,0.0,0.0,0.0
2024-01-08T23:00,3600,0.0,0.0,0.0,0.0,0.0,0.0,0.0,0.0,0.0
2024-01-09T00:00,3600,0.0,0.0,0.0,0.0,0.0,0.0,0.0,0.0,0.0
2024-01-09T01:00,3600,0.0,0.0,0.0,0.0,0.0,0.0,0.0,0.0,0.0
2024-01-09T02:00,3600,0.0,0.0,0.0,0.0,0.0,0.0,0.0,0.0,0.0
2024-01-09T03:00,3600,0.0,0.0,0.0,0.0,0.0,0.0,0.0,0.0,0.0
2024-01-09T04:00,3600,0.0,0.0,0.0,0.0,0.0,0.0,0.0,0.0,0.0
2024-01-09T05:00,3600,0.0,0.0,0.0,0.0,0.0,0.0,0.0,0.0,0.0
2024-01-09T06:00,3600,0.0,0.0,0.0,0.0,0.0,0.0,0.0,0.0,0.0
2024-01-09T07:00,3600,0.0,0.06261484916,0.0,0.0,0.0,0.06261484916,90.83896063,62.61484916,29.60142461
2024-01-09T08:00,3600,0.0,0.38888151565,0.0,0.0,0.0,0.38888151565,482.45815254,388.88151565,159.2632282
2024-01-09T09:00,3600,0.0,0.6529674910400001,0.0,0.0,0.0,0.6529674910400001,800.84512813,652.96749104,267.88330725
2024-01-09T10:00,3600,0.0,0.90137916621,0.0,0.0,0.0,0.90137916621,1101.49551549,901.37916621,375.79161464
2024-01-09T11:00,3600,0.0,0.9399259128299999,0.0,0.0,0.0,0.9399259128299999,1148.24997696,939.92591283,393.13780038
2024-01-09T12:00,3600,0.0,0.66550450755,0.0,0.0,0.0,0.66550450755,815.99149304,665.50450755,276.34554066
2024-01-09T13:00,3600,0.0,0.67059004935,0.0,0.0,0.0,0.67059004935,822.13631402,670.59004935,278.97946264
2024-01-09T14:00,3600,0.0,1.2669904731700001,0.0,0.0,0.0,1.2669904731700001,1546.06562184,1266.99047317,537.81712367
2024-01-09T15:00,3600,0.0,0.85348773689,0.0,0.0,0.0,0.85348773689,1043.44478979,853.48773689,356.41717124
2024-01-09T16:00,3600,0.0,0.42136889497,0.0,0.0,0.0,0.42136889497,521.55744391,421.36889497,174.3560804
2024-01-09T17:00,3600,0.0,0.11270490044,0.0,0.0,0.0,0.11270490044,150.8387157,112.70490044,49.78433877
2024-01-09T18:00,3600,0.0,0.0,0.0,0.0,0.0,0.0,0.0,0.0,0.0
2024-01-09T19:00,3600,0.0,0.0,0.0,0.0,0.0,0.0,0.0,0.0,0.0
2024-01-09T20:00,3600,0.0,0.0,0.0,0.0,0.0,0.0,0.0,0.0,0.0
2024-01-09T21:00,3600,0.0,0.0,0.0,0.0,0.0,0.0,0.0,0.0,0.0
2024-01-09T22:00,3600,0.0,0.0,0.0,0.0,0.0,0.0,0.0,0.0,0.0
2024-01-09T23:00,3600,0.0,0.0,0.0,0.0,0.0,0.0,0.0,0.0,0.0
2024-01-10T00:00,3600,0.0,0.0,0.0,0.0,0.0,0.0,0.0,0.0,0.0
2024-01-10T01:00,3600,0.0,0.0,0.0,0.0,0.0,0.0,0.0,0.0,0.0
2024-01-10T02:00,3600,0.0,0.0,0.0,0.0,0.0,0.0,0.0,0.0,0.0
2024-01-10T03:00,3600,0.0,0.0,0.0,0.0,0.0,0.0,0.0,0.0,0.0
2024-01-10T04:00,3600,0.0,0.0,0.0,0.0,0.0,0.0,0.0,0.0,0.0
2024-01-10T05:00,3600,0.0,0.0,0.0,0.0,0.0,0.0,0.0,0.0,0.0
2024-01-10T06:00,3600,0.0,0.0,0.0,0.0,0.0,0.0,0.0,0.0,0.0
2024-01-10T07:00,3600,0.0,0.09755502958,0.0,0.0,0.0,0.09755502958,132.68692172,97.55502958,43.15884953
2024-01-10T08:00,3600,0.0,0.55517609476,0.0,0.0,0.0,0.55517609476,682.79851484,555.17609476,225.46163219
2024-01-10T09:00,3600,0.0,1.10421072261,0.0,0.0,0.0,1.10421072261,1347.82419932,1104.21072261,454.96033997
2024-01-10T10:00,3600,0.0,1.5665896035999998,0.0,0.0,0.0,1.5665896035999998,1912.23451861,1566.5896036,660.12123572
2024-01-10T11:00,3600,0.0,1.8825601962,0.0,0.0,0.0,1.8825601962,2300.26266515,1882.5601962,805.03760835
2024-01-10T12:00,3600,0.0,1.92186560382,0.0,0.0,0.0,1.92186560382,2348.665917,1921.86560382,824.84025655
2024-01-10T13:00,3600,0.0,1.86795372471,0.0,0.0,0.0,1.86795372471,2282.2829028,1867.95372471,804.18671417
2024-01-10T14:00,3600,0.0,1.63567331132,0.0,0.0,0.0,1.63567331132,1996.90970038,1635.67331132,698.60666963
2024-01-10T15:00,3600,0.0,1.15640943941,0.0,0.0,0.0,1.15640943941,1411.34053371,1156.40943941,485.63496729
2024-01-10T16:00,3600,0.0,0.6997672490200001,0.0,0.0,0.0,0.6997672490200001,857.40002595,699.76724902,289.4247496
2024-01-10T17:00,3600,0.0,0.17513801497,0.0,0.0,0.0,0.17513801497,225.68599323,175.13801497,74.79411986
2024-01-10T18:00,3600,0.0,0.0,0.0,0.0,0.0,0.0,0.0,0.0,0.0
2024-01-10T19:00,3600,0.0,0.0,0.0,0.0,0.0,0.0,0.0,0.0,0.0
2024-01-10T20:00,3600,0.0,0.0,0.0,0.0,0.0,0.0,0.0,0.0,0.0
2024-01-10T21:00,3600,0.0,0.0,0.0,0.0,0.0,0.0,0.0,0.0,0.0
2024-01-10T22:00,3600,0.0,0.0,0.0,0.0,0.0,0.0,0.0,0.0,0.0
2024-01-10T23:00,3600,0.0,0.0,0.0,0.0,0.0,0.0,0.0,0.0,0.0
2024-01-11T00:00,3600,0.0,0.0,0.0,0.0,0.0,0.0,0.0,0.0,0.0
2024-01-11T01:00,3600,0.0,0.0,0.0,0.0,0.0,0.0,0.0,0.0,0.0
2024-01-11T02:00,3600,0.0,0.0,0.0,0.0,0.0,0.0,0.0,0.0,0.0
2024-01-11T03:00,3600,0.0,0.0,0.0,0.0,0.0,0.0,0.0,0.0,0.0
2024-01-11T04:00,3600,0.0,0.0,0.0,0.0,0.0,0.0,0.0,0.0,0.0
2024-01-11T05:00,3600,0.0,0.0,0.0,0.0,0.0,0.0,0.0,0.0,0.0
2024-01-11T06:00,3600,0.0,0.0,0.0,0.0,0.0,0.0,0.0,0.0,0.0
2024-01-11T07:00,3600,0.0,0.07705627579,0.0,0.0,0.0,0.07705627579,108.13287082,77.05627579,34.87373786
2024-01-11T08:00,3600,0.0,0.49269967909,0.0,0.0,0.0,0.49269967909,607.47251022,492.69967909,198.77801328
2024-01-11T09:00,3600,0.0,0.66006800172,0.0,0.0,0.0,0.66006800172,809.42312684,660.06800172,267.45566
2024-01-11T10:00,3600,0.0,0.7023457527,0.0,0.0,0.0,0.7023457527,860.51716655,702.3457527,287.88325883
2024-01-11T11:00,3600,0.0,0.97757065436,0.0,0.0,0.0,0.97757065436,1193.93686778,977.57065436,403.99938516
2024-01-11T12:00,3600,0.0,0.9833173136,0.0,0.0,0.0,0.9833173136,1200.91350807,983.3173136,406.64193323
2024-01-11T13:00,3600,0.0,1.4745074863299998,0.0,0.0,0.0,1.4745074863299998,1799.51149903,1474.50748633,627.03624747
2024-01-11T14:00,3600,0.0,1.0560427665,0.0,0.0,0.0,1.0560427665,1289.25756964,1056.0427665,442.05481511
2024-01-11T15:00,3600,0.0,1.084511628,0.0,0.0,0.0,1.084511628,1323.86717779,1084.511628,454.87446156
2024-01-11T16:00,3600,0.0,0.66147797283,0.0,0.0,0.0,0.66147797283,811.12659692,661.47797283,273.59163069
2024-01-11T17:00,3600,0.0,0.1541812192,0.0,0.0,0.0,0.1541812192,200.55441289,154.1812192,66.22383847
2024-01-11T18:00,3600,0.0,0.0,0.0,0.0,0.0,0.0,0.0,0.0,0.0
2024-01-11T19:00,3600,0.0,0.0,0.0,0.0,0.0,0.0,0.0,0.0,0.0
2024-01-11T20:00,3600,0.0,0.0,0.0,0.0,0.0,0.0,0.0,0.0,0.0
2024-01-11T21:00,3600,0.0,0.0,0.0,0.0,0.0,0.0,0.0,0.0,0.0
2024-01-11T22:00,3600,0.0,0.0,0.0,0.0,0.0,0.0,0.0,0.0,0.0
2024-01-11T23:00,3600,0.0,0.0,0.0,0.0,0.0,0.0,0.0,0.0,0.0
2024-01-12T00:00,3600,0.0,0.0,0.0,0.0,0.0,0.0,0.0,0.0,0.0
2024-01-12T01:00,3600,0.0,0.0,0.0,0.0,0.0,0.0,0.0,0.0,0.0
2024-01-12T02:00,3600,0.0,0.0,0.0,0.0,0.0,0.0,0.0,0.0,0.0
2024-01-12T03:00,3600,0.0,0.0,0.0,0.0,0.0,0.0,0.0,0.0,0.0
2024-01-12T04:00,3600,0.0,0.0,0.0,0.0,0.0,0.0,0.0,0.0,0.0
2024-01-12T05:00,3600,0.0,0.0,0.0,0.0,0.0,0.0,0.0,0.0,0.0
2024-01-12T06:00,3600,0.0,0.0,0.0,0.0,0.0,0.0,0.0,0.0,0.0
2024-01-12T07:00,3600,0.0,0.044707599109999996,0.0,0.0,0.0,0.044707599109999996,69.39979827,44.70759911,22.39277138
2024-01-12T08:00,3600,0.0,0.28861742407999996,0.0,0.0,0.0,0.28861742407999996,361.90787598,288.61742408,117.83845416
2024-01-12T09:00,3600,0.0,0.87263769814,0.0,0.0,0.0,0.87263769814,1066.65199734,872.63769814,355.60220143
2024-01-12T10:00,3600,0.0,1.0843553936099999,0.0,0.0,0.0,1.0843553936099999,1323.67720246,1084.35539361,452.68244367
2024-01-12T11:00,3600,0.0,1.3360373939899999,0.0,0.0,0.0,1.3360373939899999,1630.30435862,1336.03739399,565.61467005
2024-01-12T12:00,3600,0.0,1.44208396518,0.0,0.0,0.0,1.44208396518,1759.85826041,1442.08396518,614.64156546
2024-01-12T13:00,3600,0.0,1.4887612423099998,0.0,0.0,0.0,1.4887612423099998,1816.9498207,1488.76124231,641.72733105
2024-01-12T14:00,3600,0.0,0.6309960645,0.0,0.0,0.0,0.6309960645,774.30766773,630.9960645,262.84240555
2024-01-12T15:00,3600,0.0,0.32367202734,0.0,0.0,0.0,0.32367202734,404.0344438,323.67202734,135.2711726
2024-01-12T16:00,3600,0.0,0.20187213817000002,0.0,0.0,0.0,0.20187213817000002,257.75717709,201.87213817,85.85736251
2024-01-12T17:00,3600,0.0,0.05311135985,0.0,0.0,0.0,0.05311135985,79.4603545,53.11135985,26.32625819
2024-01-12T18:00,3600,0.0,0.0,0.0,0.0,0.0,0.0,0.0,0.0,0.0
2024-01-12T19:00,3600,0.0,0.0,0.0,0.0,0.0,0.0,0.0,0.0,0.0
2024-01-12T20:00,3600,0.0,0.0,0.0,0.0,0.0,0.0,0.0,0.0,0.0
2024-01-12T21:00,3600,0.0,0.0,0.0,0.0,0.0,0.0,0.0,0.0,0.0
2024-01-12T22:00,3600,0.0,0.0,0.0,0.0,0.0,0.0,0.0,0.0,0.0
2024-01-12T23:00,3600,0.0,0.0,0.0,0.0,0.0,0.0,0.0,0.0,0.0
2024-01-13T00:00,3600,0.0,0.0,0.0,0.0,0.0,0.0,0.0,0.0,0.0
2024-01-13T01:00,3600,0.0,0.0,0.0,0.0,0.0,0.0,0.0,0.0,0.0
2024-01-13T02:00,3600,0.0,0.0,0.0,0.0,0.0,0.0,0.0,0.0,0.0
2024-01-13T03:00,3600,0.0,0.0,0.0,0.0,0.0,0.0,0.0,0.0,0.0
2024-01-13T04:00,3600,0.0,0.0,0.0,0.0,0.0,0.0,0.0,0.0,0.0
2024-01-13T05:00,3600,0.0,0.0,0.0,0.0,0.0,0.0,0.0,0.0,0.0
2024-01-13T06:00,3600,0.0,0.0,0.0,0.0,0.0,0.0,0.0,0.0,0.0
2024-01-13T07:00,3600,0.0,0.00169222805,0.0,0.0,0.0,0.00169222805,17.92359263,1.69222805,5.80921165
2024-01-13T08:00,3600,0.0,0.06897909137000001,0.0,0.0,0.0,0.06897909137000001,98.45981706,68.97909137,31.95066407
2024-01-13T09:00,3600,0.0,0.12869766147000003,0.0,0.0,0.0,0.12869766147000003,170.00484993,128.69766147,55.18751066
2024-01-13T10:00,3600,0.0,0.14839249871000001,0.0,0.0,0.0,0.14839249871000001,193.61390733,148.39249871,63.59306627
2024-01-13T11:00,3600,0.0,0.2535933702,0.0,0.0,0.0,0.2535933702,319.84003739,253.5933702,105.53401161
2024-01-13T12:00,3600,0.0,0.31862885716,0.0,0.0,0.0,0.31862885716,397.97249845,318.62885716,131.67546403
2024-01-13T13:00,3600,0.0,0.51319136351,0.0,0.0,0.0,0.51319136351,632.17094235,513.19136351,212.93608703
2024-01-13T14:00,3600,0.0,0.68264666336,0.0,0.0,0.0,0.68264666336,836.70611413,682.64666336,284.35363637
2024-01-13T15:00,3600,0.0,0.56733776902,0.0,0.0,0.0,0.56733776902,697.46972763,567.33776902,236.64326675
2024-01-13T16:00,3600,0.0,0.34102947289,0.0,0.0,0.0,0.34102947289,424.90177582,341.02947289,142.76904846
2024-01-13T17:00,3600,0.0,0.10213979415999999,0.0,0.0,0.0,0.10213979415999999,138.17971927,102.13979416,45.97359337
2024-01-13T18:00,3600,0.0,0.0,0.0,0.0,0.0,0.0,0.0,0.0,0.0
2024-01-13T19:00,3600,0.0,0.0,0.0,0.0,0.0,0.0,0.0,0.0,0.0
2024-01-13T20:00,3600,0.0,0.0,0.0,0.0,0.0,0.0,0.0,0.0,0.0
2024-01-13T21:00,3600,0.0,0.0,0.0,0.0,0.0,0.0,0.0,0.0,0.0
2024-01-13T22:00,3600,0.0,0.0,0.0,0.0,0.0,0.0,0.0,0.0,0.0
2024-01-13T23:00,3600,0.0,0.0,0.0,0.0,0.0,0.0,0.0,0.0,0.0
2024-01-14T00:00,3600,0.0,0.0,0.0,0.0,0.0,0.0,0.0,0.0,0.0
2024-01-14T01:00,3600,0.0,0.0,0.0,0.0,0.0,0.0,0.0,0.0,0.0
2024-01-14T02:00,3600,0.0,0.0,0.0,0.0,0.0,0.0,0.0,0.0,0.0
2024-01-14T03:00,3600,0.0,0.0,0.0,0.0,0.0,0.0,0.0,0.0,0.0
2024-01-14T04:00,3600,0.0,0.0,0.0,0.0,0.0,0.0,0.0,0.0,0.0
2024-01-14T05:00,3600,0.0,0.0,0.0,0.0,0.0,0.0,0.0,0.0,0.0
2024-01-14T06:00,3600,0.0,0.0,0.0,0.0,0.0,0.0,0.0,0.0,0.0
2024-01-14T07:00,3600,0.0,0.06232507298,0.0,0.0,0.0,0.06232507298,90.49198553,62.32507298,29.15831806
2024-01-14T08:00,3600,0.0,0.48800476016,0.0,0.0,0.0,0.48800476016,601.81483988,488.00476016,197.16781703
2024-01-14T09:00,3600,0.0,1.10052637861,0.0,0.0,0.0,1.10052637861,1343.3429414,1100.52637861,452.11515188
2024-01-14T10:00,3600,0.0,1.5334726754299999,0.0,0.0,0.0,1.5334726754299999,1871.67564744,1533.47267543,659.46986662
2024-01-14T11:00,3600,0.0,1.88543920458,0.0,0.0,0.0,1.88543920458,2303.80705173,1885.43920458,829.76826873
2024-01-14T12:00,3600,0.0,1.9358832529199999,0.0,0.0,0.0,1.9358832529199999,2365.93539198,1935.88325292,853.87219292
2024-01-14T13:00,3600,0.0,1.7296955614,0.0,0.0,0.0,1.7296955614,2112.29815326,1729.6955614,765.55955209
2024-01-14T14:00,3600,0.0,1.62670197186,0.0,0.0,0.0,1.62670197186,1985.90848435,1626.70197186,715.67363299
2024-01-14T15:00,3600,0.0,1.2976123383,0.0,0.0,0.0,1.2976123383,1583.41390783,1297.6123383,561.76230433
2024-01-14T16:00,3600,0.0,0.80776196424,0.0,0.0,0.0,0.80776196424,988.05851817,807.76196424,341.75347298
2024-01-14T17:00,3600,0.0,0.21868142172,0.0,0.0,0.0,0.21868142172,277.92871734,218.68142172,93.7292379
2024-01-14T18:00,3600,0.0,0.0,0.0,0.0,0.0,0.0,0.0,0.0,0.0
2024-01-14T19:00,3600,0.0,0.0,0.0,0.0,0.0,0.0,0.0,0.0,0.0
2024-01-14T20:00,3600,0.0,0.0,0.0,0.0,0.0,0.0,0.0,0.0,0.0
2024-01-14T21:00,3600,0.0,0.0,0.0,0.0,0.0,0.0,0.0,0.0,0.0
2024-01-14T22:00,3600,0.0,0.0,0.0,0.0,0.0,0.0,0.0,0.0,0.0
2024-01-14T23:00,3600,0.0,0.0,0.0,0.0,0.0,0.0,0.0,0.0,0.0
2024-01-15T00:00,3600,0.0,0.0,0.0,0.0,0.0,0.0,0.0,0.0,0.0
2024-01-15T01:00,3600,0.0,0.0,0.0,0.0,0.0,0.0,0.0,0.0,0.0
2024-01-15T02:00,3600,0.0,0.0,0.0,0.0,0.0,0.0,0.0,0.0,0.0
2024-01-15T03:00,3600,0.0,0.0,0.0,0.0,0.0,0.0,0.0,0.0,0.0
2024-01-15T04:00,3600,0.0,0.0,0.0,0.0,0.0,0.0,0.0,0.0,0.0
2024-01-15T05:00,3600,0.0,0.0,0.0,0.0,0.0,0.0,0.0,0.0,0.0
2024-01-15T06:00,3600,0.0,0.0,0.0,0.0,0.0,0.0,0.0,0.0,0.0
2024-01-15T07:00,3600,0.0,0.11027077913,0.0,0.0,0.0,0.11027077913,147.92200167,110.27077913,47.46444146
2024-01-15T08:00,3600,0.0,0.63163921014,0.0,0.0,0.0,0.63163921014,775.08434491,631.63921014,253.77597005
2024-01-15T09:00,3600,0.0,1.20744749726,0.0,0.0,0.0,1.20744749726,1473.49371931,1207.44749726,499.04761064
2024-01-15T10:00,3600,0.0,1.62091839449,0.0,0.0,0.0,1.62091839449,1978.81711484,1620.91839449,702.42631889
2024-01-15T11:00,3600,0.0,1.93110041248,0.0,0.0,0.0,1.93110041248,2360.04259703,1931.10041248,852.68960701
2024-01-15T12:00,3600,0.0,2.03054267468,0.0,0.0,0.0,2.03054267468,2482.65364414,2030.54267468,903.01945459
2024-01-15T13:00,3600,0.0,1.93555239586,0.0,0.0,0.0,1.93555239586,2365.52773863,1935.55239586,867.00421457
2024-01-15T14:00,3600,0.0,1.6190370525599997,0.0,0.0,0.0,1.6190370525599997,1976.51049823,1619.03705256,713.7595813
2024-01-15T15:00,3600,0.0,1.23919039229,0.0,0.0,0.0,1.23919039229,1512.17418736,1239.19039229,536.77492016
2024-01-15T16:00,3600,0.0,0.78864916101,0.0,0.0,0.0,0.78864916101,964.91913122,788.64916101,334.86875987
2024-01-15T17:00,3600,0.0,0.21470437835000003,0.0,0.0,0.0,0.21470437835000003,273.15571444,214.70437835,92.445232
2024-01-15T18:00,3600,0.0,0.0,0.0,0.0,0.0,0.0,0.0,0.0,0.0
2024-01-15T19:00,3600,0.0,0.0,0.0,0.0,0.0,0.0,0.0,0.0,0.0
2024-01-15T20:00,3600,0.0,0.0,0.0,0.0,0.0,0.0,0.0,0.0,0.0
2024-01-15T21:00,3600,0.0,0.0,0.0,0.0,0.0,0.0,0.0,0.0,0.0
2024-01-15T22:00,3600,0.0,0.0,0.0,0.0,0.0,0.0,0.0,0.0,0.0
2024-01-15T23:00,3600,0.0,0.0,0.0,0.0,0.0,0.0,0.0,0.0,0.0
2024-01-16T00:00,3600,0.0,0.0,0.0,0.0,0.0,0.0,0.0,0.0,0.0
2024-01-16T01:00,3600,0.0,0.0,0.0,0.0,0.0,0.0,0.0,0.0,0.0
2024-01-16T02:00,3600,0.0,0.0,0.0,0.0,0.0,0.0,0.0,0.0,0.0
2024-01-16T03:00,3600,0.0,0.0,0.0,0.0,0.0,0.0,0.0,0.0,0.0
2024-01-16T04:00,3600,0.0,0.0,0.0,0.0,0.0,0.0,0.0,0.0,0.0
2024-01-16T05:00,3600,0.0,0.0,0.0,0.0,0.0,0.0,0.0,0.0,0.0
2024-01-16T06:00,3600,0.0,0.0,0.0,0.0,0.0,0.0,0.0,0.0,0.0
2024-01-16T07:00,3600,0.0,0.11414104195000001,0.0,0.0,0.0,0.11414104195000001,152.55963834,114.14104195,49.33801651
2024-01-16T08:00,3600,0.0,0.6562558234900001,0.0,0.0,0.0,0.6562558234900001,804.81758884,656.25582349,266.24416271
2024-01-16T09:00,3600,0.0,1.19481913265,0.0,0.0,0.0,1.19481913265,1458.11060272,1194.81913265,495.15049346
2024-01-16T10:00,3600,0.0,1.62880710063,0.0,0.0,0.0,1.62880710063,1988.48978669,1628.80710063,699.50808674
2024-01-16T11:00,3600,0.0,1.9526832383100001,0.0,0.0,0.0,1.9526832383100001,2386.63766141,1952.68323831,852.2703581
2024-01-16T12:00,3600,0.0,2.0569633932299998,0.0,0.0,0.0,2.0569633932299998,2515.26233584,2056.96339323,903.97235265
2024-01-16T13:00,3600,0.0,1.98139912663,0.0,0.0,0.0,1.98139912663,2422.03630623,1981.39912663,879.56002715
2024-01-16T14:00,3600,0.0,1.70330496442,0.0,0.0,0.0,1.70330496442,2079.89332197,1703.30496442,747.09673134
2024-01-16T15:00,3600,0.0,1.3630292190000002,0.0,0.0,0.0,1.3630292190000002,1663.25934154,1363.029219,587.6056525
2024-01-16T16:00,3600,0.0,0.81871570699,0.0,0.0,0.0,0.81871570699,1001.3229611,818.71570699,344.69135137
2024-01-16T17:00,3600,0.0,0.23824374603,0.0,0.0,0.0,0.23824374603,301.41033474,238.24374603,101.28308652
2024-01-16T18:00,3600,0.0,0.0,0.0,0.0,0.0,0.0,0.0,0.0,0.0
2024-01-16T19:00,3600,0.0,0.0,0.0,0.0,0.0,0.0,0.0,0.0,0.0
2024-01-16T20:00,3600,0.0,0.0,0.0,0.0,0.0,0.0,0.0,0.0,0.0
2024-01-16T21:00,3600,0.0,0.0,0.0,0.0,0.0,0.0,0.0,0.0,0.0
2024-01-16T22:00,3600,0.0,0.0,0.0,0.0,0.0,0.0,0.0,0.0,0.0
2024-01-16T23:00,3600,0.0,0.0,0.0,0.0,0.0,0.0,0.0,0.0,0.0
2024-01-17T00:00,3600,0.0,0.0,0.0,0.0,0.0,0.0,0.0,0.0,0.0
2024-01-17T01:00,3600,0.0,0.0,0.0,0.0,0.0,0.0,0.0,0.0,0.0
2024-01-17T02:00,3600,0.0,0.0,0.0,0.0,0.0,0.0,0.0,0.0,0.0
2024-01-17T03:00,3600,0.0,0.0,0.0,0.0,0.0,0.0,0.0,0.0,0.0
2024-01-17T04:00,3600,0.0,0.0,0.0,0.0,0.0,0.0,0.0,0.0,0.0
2024-01-17T05:00,3600,0.0,0.0,0.0,0.0,0.0,0.0,0.0,0.0,0.0
2024-01-17T06:00,3600,0.0,0.0,0.0,0.0,0.0,0.0,0.0,0.0,0.0
2024-01-17T07:00,3600,0.0,0.11399553855000001,0.0,0.0,0.0,0.11399553855000001,152.38528053,113.99553855,49.09707659
2024-01-17T08:00,3600,0.0,0.65285014537,0.0,0.0,0.0,0.65285014537,800.70337266,652.85014537,264.07773008
2024-01-17T09:00,3600,0.0,1.20594926975,0.0,0.0,0.0,1.20594926975,1471.66851247,1205.94926975,498.02129237
2024-01-17T10:00,3600,0.0,1.6115573348699999,0.0,0.0,0.0,1.6115573348699999,1967.34066833,1611.55733487,692.38670703
2024-01-17T11:00,3600,0.0,1.88284480593,0.0,0.0,0.0,1.88284480593,2300.61304495,1882.84480593,822.42082314
2024-01-17T12:00,3600,0.0,1.9696511810800001,0.0,0.0,0.0,1.9696511810800001,2407.55244927,1969.65118108,864.84325614
2024-01-17T13:00,3600,0.0,1.8332729455699999,0.0,0.0,0.0,1.8332729455699999,2239.60925299,1833.27294557,802.70151818
2024-01-17T14:00,3600,0.0,0.37801071738,0.0,0.0,0.0,0.37801071738,469.37915085,378.01071738,158.2610574
2024-01-17T15:00,3600,0.0,0.23319985331999998,0.0,0.0,0.0,0.23319985331999998,295.35524776,233.19985332,99.22185842
2024-01-17T16:00,3600,0.0,0.05238449253000001,0.0,0.0,0.0,0.05238449253000001,78.59013629,52.38449253,26.14145242
2024-01-17T17:00,3600,0.0,0.011085440569999999,0.0,0.0,0.0,0.011085440569999999,29.16158786,11.08544057,9.68201941
2024-01-17T18:00,3600,0.0,0.0,0.0,0.0,0.0,0.0,0.0,0.0,0.0
2024-01-17T19:00,3600,0.0,0.0,0.0,0.0,0.0,0.0,0.0,0.0,0.0
2024-01-17T20:00,3600,0.0,0.0,0.0,0.0,0.0,0.0,0.0,0.0,0.0
2024-01-17T21:00,3600,0.0,0.0,0.0,0.0,0.0,0.0,0.0,0.0,0.0
2024-01-17T22:00,3600,0.0,0.0,0.0,0.0,0.0,0.0,0.0,0.0,0.0
2024-01-17T23:00,3600,0.0,0.0,0.0,0.0,0.0,0.0,0.0,0.0,0.0
2024-01-18T00:00,3600,0.0,0.0,0.0,0.0,0.0,0.0,0.0,0.0,0.0
2024-01-18T01:00,3600,0.0,0.0,0.0,0.0,0.0,0.0,0.0,0.0,0.0
2024-01-18T02:00,3600,0.0,0.0,0.0,0.0,0.0,0.0,0.0,0.0,0.0
2024-01-18T03:00,3600,0.0,0.0,0.0,0.0,0.0,0.0,0.0,0.0,0.0
2024-01-18T04:00,3600,0.0,0.0,0.0,0.0,0.0,0.0,0.0,0.0,0.0
2024-01-18T05:00,3600,0.0,0.0,0.0,0.0,0.0,0.0,0.0,0.0,0.0
2024-01-18T06:00,3600,0.0,0.0,0.0,0.0,0.0,0.0,0.0,0.0,0.0
2024-01-18T07:00,3600,0.0,0.08094588605,0.0,0.0,0.0,0.08094588605,112.79139385,80.94588605,36.77171769
2024-01-18T08:00,3600,0.0,0.5322068435999999,0.0,0.0,0.0,0.5322068435999999,655.09692649,532.2068436,217.27529702
2024-01-18T09:00,3600,0.0,0.92201299734,0.0,0.0,0.0,0.92201299734,1126.51947309,922.01299734,381.36651958
2024-01-18T10:00,3600,0.0,1.32009659297,0.0,0.0,0.0,1.32009659297,1610.84828251,1320.09659297,564.55484165
2024-01-18T11:00,3600,0.0,1.32191220682,0.0,0.0,0.0,1.32191220682,1613.06403546,1321.91220682,566.28332271
2024-01-18T12:00,3600,0.0,1.05032555227,0.0,0.0,0.0,1.05032555227,1282.30896554,1050.32555227,443.43071734
2024-01-18T13:00,3600,0.0,1.13785716497,0.0,0.0,0.0,1.13785716497,1388.75997559,1137.85716497,484.81084513
2024-01-18T14:00,3600,0.0,1.00541813784,0.0,0.0,0.0,1.00541813784,1227.75036092,1005.41813784,426.2099094
2024-01-18T15:00,3600,0.0,0.79079639664,0.0,0.0,0.0,0.79079639664,967.5184007,790.79639664,333.36783349
2024-01-18T16:00,3600,0.0,0.43324039207000004,0.0,0.0,0.0,0.43324039207000004,535.84980807,433.24039207,181.76461654
2024-01-18T17:00,3600,0.0,0.18297295061,0.0,0.0,0.0,0.18297295061,235.08373227,182.97295061,78.99346171
2024-01-18T18:00,3600,0.0,0.0,0.0,0.0,0.0,0.0,0.0,0.0,0.0
2024-01-18T19:00,3600,0.0,0.0,0.0,0.0,0.0,0.0,0.0,0.0,0.0
2024-01-18T20:00,3600,0.0,0.0,0.0,0.0,0.0,0.0,0.0,0.0,0.0
2024-01-18T21:00,3600,0.0,0.0,0.0,0.0,0.0,0.0,0.0,0.0,0.0
2024-01-18T22:00,3600,0.0,0.0,0.0,0.0,0.0,0.0,0.0,0.0,0.0
2024-01-18T23:00,3600,0.0,0.0,0.0,0.0,0.0,0.0,0.0,0.0,0.0
2024-01-19T00:00,3600,0.0,0.0,0.0,0.0,0.0,0.0,0.0,0.0,0.0
2024-01-19T01:00,3600,0.0,0.0,0.0,0.0,0.0,0.0,0.0,0.0,0.0
2024-01-19T02:00,3600,0.0,0.0,0.0,0.0,0.0,0.0,0.0,0.0,0.0
2024-01-19T03:00,3600,0.0,0.0,0.0,0.0,0.0,0.0,0.0,0.0,0.0
2024-01-19T04:00,3600,0.0,0.0,0.0,0.0,0.0,0.0,0.0,0.0,0.0
2024-01-19T05:00,3600,0.0,0.0,0.0,0.0,0.0,0.0,0.0,0.0,0.0
2024-01-19T06:00,3600,0.0,0.0,0.0,0.0,0.0,0.0,0.0,0.0,0.0
2024-01-19T07:00,3600,0.0,0.09371446549,0.0,0.0,0.0,0.09371446549,128.08600467,93.71446549,41.61843934
2024-01-19T08:00,3600,0.0,0.5502180825399999,0.0,0.0,0.0,0.5502180825399999,676.81819682,550.21808254,224.26540743
2024-01-19T09:00,3600,0.0,1.05415954125,0.0,0.0,0.0,1.05415954125,1286.96866293,1054.15954125,437.27728755
2024-01-19T10:00,3600,0.0,1.53218225621,0.0,0.0,0.0,1.53218225621,1870.0956706,1532.18225621,663.48430197
2024-01-19T11:00,3600,0.0,1.87902513464,0.0,0.0,0.0,1.87902513464,2295.91082134,1879.02513464,831.13630455
2024-01-19T12:00,3600,0.0,1.83806408785,0.0,0.0,0.0,1.83806408785,2245.50322892,1838.06408785,811.91541735
2024-01-19T13:00,3600,0.0,1.83984106921,0.0,0.0,0.0,1.83984106921,2247.6893514,1839.84106921,819.10412762
2024-01-19T14:00,3600,0.0,1.53357263488,0.0,0.0,0.0,1.53357263488,1871.79803815,1533.57263488,670.44677405
2024-01-19T15:00,3600,0.5165754605554085,0.85407296134,0.5165754605554085,0.0,0.0,0.3374975007845915,1044.15390402,854.07296134,362.37348639
2024-01-19T16:00,3600,0.2746222140339603,0.48460114883,0.2746222140339603,0.0,0.0,0.20997893479603968,597.71352527,484.60114883,204.03967951
2024-01-19T17:00,3600,0.20943733598783337,0.15572792068,0.15572792068,0.05370941530783338,0.0,0.0,202.40896361,155.72792068,68.16690256
2024-01-19T18:00,3600,0.0,0.0,0.0,0.0,0.0,0.0,0.0,0.0,0.0
2024-01-19T19:00,3600,0.0,0.0,0.0,0.0,0.0,0.0,0.0,0.0,0.0
2024-01-19T20:00,3600,0.0,0.0,0.0,0.0,0.0,0.0,0.0,0.0,0.0
2024-01-19T21:00,3600,0.0,0.0,0.0,0.0,0.0,0.0,0.0,0.0,0.0
2024-01-19T22:00,3600,0.0,0.0,0.0,0.0,0.0,0.0,0.0,0.0,0.0
2024-01-19T23:00,3600,0.0,0.0,0.0,0.0,0.0,0.0,0.0,0.0,0.0
2024-01-20T00:00,3600,0.0,0.0,0.0,0.0,0.0,0.0,0.0,0.0,0.0
2024-01-20T01:00,3600,0.0,0.0,0.0,0.0,0.0,0.0,0.0,0.0,0.0
2024-01-20T02:00,3600,0.0,0.0,0.0,0.0,0.0,0.0,0.0,0.0,0.0
2024-01-20T03:00,3600,0.0,0.0,0.0,0.0,0.0,0.0,0.0,0.0,0.0
2024-01-20T04:00,3600,0.0,0.0,0.0,0.0,0.0,0.0,0.0,0.0,0.0
2024-01-20T05:00,3600,0.0,0.0,0.0,0.0,0.0,0.0,0.0,0.0,0.0
2024-01-20T06:00,3600,0.0,0.0,0.0,0.0,0.0,0.0,0.0,0.0,0.0
2024-01-20T07:00,3600,0.0,0.02689284459,0.0,0.0,0.0,0.02689284459,48.07702129,26.89284459,15.68749391
2024-01-20T08:00,3600,0.0,0.19970854222,0.0,0.0,0.0,0.19970854222,255.16117734,199.70854222,83.92075947
2024-01-20T09:00,3600,0.0,0.41248242552000003,0.0,0.0,0.0,0.41248242552000003,510.86048677,412.48242552,169.09824638
2024-01-20T10:00,3600,0.0,0.7051401825200001,0.0,0.0,0.0,0.7051401825200001,863.89547642,705.14018252,289.07230194
2024-01-20T11:00,3600,0.0,0.9281710115599999,0.0,0.0,0.0,0.9281710115599999,1133.98921068,928.17101156,381.50358521
2024-01-20T12:00,3600,0.0,1.02145517373,0.0,0.0,0.0,1.02145517373,1247.22967121,1021.45517373,420.59576672
2024-01-20T13:00,3600,0.0,1.03647462585,0.0,0.0,0.0,1.03647462585,1265.47730348,1036.47462585,426.98582811
2024-01-20T14:00,3600,0.0,0.49081145522999997,0.0,0.0,0.0,0.49081145522999997,605.19703464,490.81145523,200.44065073
2024-01-20T15:00,3600,0.0,0.45411824990999994,0.0,0.0,0.0,0.45411824990999994,560.99130787,454.11824991,185.68012872
2024-01-20T16:00,3600,0.0,0.36423950138999994,0.0,0.0,0.0,0.36423950138999994,452.81362089,364.23950139,148.91023876
2024-01-20T17:00,3600,0.0,0.14776450718,0.0,0.0,0.0,0.14776450718,192.86099988,147.76450718,62.97713085
2024-01-20T18:00,3600,0.0,0.0,0.0,0.0,0.0,0.0,0.0,0.0,0.0
2024-01-20T19:00,3600,0.0,0.0,0.0,0.0,0.0,0.0,0.0,0.0,0.0
2024-01-20T20:00,3600,0.0,0.0,0.0,0.0,0.0,0.0,0.0,0.0,0.0
2024-01-20T21:00,3600,0.0,0.0,0.0,0.0,0.0,0.0,0.0,0.0,0.0
2024-01-20T22:00,3600,0.0,0.0,0.0,0.0,0.0,0.0,0.0,0.0,0.0
2024-01-20T23:00,3600,0.0,0.0,0.0,0.0,0.0,0.0,0.0,0.0,0.0
2024-01-21T00:00,3600,0.0,0.0,0.0,0.0,0.0,0.0,0.0,0.0,0.0
2024-01-21T01:00,3600,0.0,0.0,0.0,0.0,0.0,0.0,0.0,0.0,0.0
2024-01-21T02:00,3600,0.0,0.0,0.0,0.0,0.0,0.0,0.0,0.0,0.0
2024-01-21T03:00,3600,0.0,0.0,0.0,0.0,0.0,0.0,0.0,0.0,0.0
2024-01-21T04:00,3600,0.0,0.0,0.0,0.0,0.0,0.0,0.0,0.0,0.0
2024-01-21T05:00,3600,0.0,0.0,0.0,0.0,0.0,0.0,0.0,0.0,0.0
2024-01-21T06:00,3600,0.0,0.0,0.0,0.0,0.0,0.0,0.0,0.0,0.0
2024-01-21T07:00,3600,0.0,0.10206997712999999,0.0,0.0,0.0,0.10206997712999999,138.09607186,102.06997713,44.17200199
2024-01-21T08:00,3600,0.0,0.50183962148,0.0,0.0,0.0,0.50183962148,618.48785607,501.83962148,200.40566203
2024-01-21T09:00,3600,0.0,1.121265509,0.0,0.0,0.0,1.121265509,1368.57118415,1121.265509,452.93863018
2024-01-21T10:00,3600,0.0,1.55052170424,0.0,0.0,0.0,1.55052170424,1892.55328305,1550.52170424,642.29825246
2024-01-21T11:00,3600,0.0,1.8999944786200003,0.0,0.0,0.0,1.8999944786200003,2321.72869846,1899.99447862,799.42538677
2024-01-21T12:00,3600,0.0,1.8438631668999999,0.0,0.0,0.0,1.8438631668999999,2252.63774177,1843.8631669,775.80015606
2024-01-21T13:00,3600,0.0,1.75245729411,0.0,0.0,0.0,1.75245729411,2140.25784696,1752.45729411,738.75444937
2024-01-21T14:00,3600,0.0,1.6142340914199997,0.0,0.0,0.0,1.6142340914199997,1970.62214053,1614.23409142,677.30614107
2024-01-21T15:00,3600,0.0,0.96609510403,0.0,0.0,0.0,0.96609510403,1180.00698714,966.09510403,396.70046898
2024-01-21T16:00,3600,0.0,0.7566073665,0.0,0.0,0.0,0.7566073665,926.14197744,756.6073665,308.89663546
2024-01-21T17:00,3600,0.0,0.18783030547000001,0.0,0.0,0.0,0.18783030547000001,240.91051475,187.83030547,78.84821387
2024-01-21T18:00,3600,0.0,0.0,0.0,0.0,0.0,0.0,0.0,0.0,0.0
2024-01-21T19:00,3600,0.0,0.0,0.0,0.0,0.0,0.0,0.0,0.0,0.0
2024-01-21T20:00,3600,0.0,0.0,0.0,0.0,0.0,0.0,0.0,0.0,0.0
2024-01-21T21:00,3600,0.0,0.0,0.0,0.0,0.0,0.0,0.0,0.0,0.0
2024-01-21T22:00,3600,0.0,0.0,0.0,0.0,0.0,0.0,0.0,0.0,0.0
2024-01-21T23:00,3600,0.0,0.0,0.0,0.0,0.0,0.0,0.0,0.0,0.0
2024-01-22T00:00,3600,0.0,0.0,0.0,0.0,0.0,0.0,0.0,0.0,0.0
2024-01-22T01:00,3600,0.0,0.0,0.0,0.0,0.0,0.0,0.0,0.0,0.0
2024-01-22T02:00,3600,0.0,0.0,0.0,0.0,0.0,0.0,0.0,0.0,0.0
2024-01-22T03:00,3600,0.0,0.0,0.0,0.0,0.0,0.0,0.0,0.0,0.0
2024-01-22T04:00,3600,0.0,0.0,0.0,0.0,0.0,0.0,0.0,0.0,0.0
2024-01-22T05:00,3600,0.0,0.0,0.0,0.0,0.0,0.0,0.0,0.0,0.0
2024-01-22T06:00,3600,0.0,0.0,0.0,0.0,0.0,0.0,0.0,0.0,0.0
2024-01-22T07:00,3600,0.0,0.004634424610000001,0.0,0.0,0.0,0.004634424610000001,21.44345462,4.63442461,6.81283683
2024-01-22T08:00,3600,0.0,0.11548857853000001,0.0,0.0,0.0,0.11548857853000001,154.17441944,115.48857853,49.13016996
2024-01-22T09:00,3600,0.0,0.16156003485,0.0,0.0,0.0,0.16156003485,209.40226211,161.56003485,66.80593396
2024-01-22T10:00,3600,0.0,0.17950087105,0.0,0.0,0.0,0.17950087105,230.91895562,179.50087105,73.58334754
2024-01-22T11:00,3600,0.0,0.32067124166999994,0.0,0.0,0.0,0.32067124166999994,400.42741177,320.67124167,127.85735009
2024-01-22T12:00,3600,0.0,0.30814518792000006,0.0,0.0,0.0,0.30814518792000006,385.37247612,308.14518792,122.96171702
2024-01-22T13:00,3600,0.0,0.30643449042,0.0,0.0,0.0,0.30643449042,383.31662502,306.43449042,121.99344461
2024-01-22T14:00,3600,0.0,0.23368846464,0.0,0.0,0.0,0.23368846464,295.94179543,233.68846464,93.91558831
2024-01-22T15:00,3600,0.0,0.12325427474,0.0,0.0,0.0,0.12325427474,163.48084465,123.25427474,51.73006034
2024-01-22T16:00,3600,0.0,0.12551722966,0.0,0.0,0.0,0.12551722966,166.19297622,125.51722966,52.48529471
2024-01-22T17:00,3600,0.0,0.017543603829999997,0.0,0.0,0.0,0.017543603829999997,36.88901092,17.54360383,11.6184233
2024-01-22T18:00,3600,0.0,0.0,0.0,0.0,0.0,0.0,0.0,0.0,0.0
2024-01-22T19:00,3600,0.0,0.0,0.0,0.0,0.0,0.0,0.0,0.0,0.0
2024-01-22T20:00,3600,0.0,0.0,0.0,0.0,0.0,0.0,0.0,0.0,0.0
2024-01-22T21:00,3600,0.0,0.0,0.0,0.0,0.0,0.0,0.0,0.0,0.0
2024-01-22T22:00,3600,0.0,0.0,0.0,0.0,0.0,0.0,0.0,0.0,0.0
2024-01-22T23:00,3600,0.0,0.0,0.0,0.0,0.0,0.0,0.0,0.0,0.0
2024-01-23T00:00,3600,0.0,0.0,0.0,0.0,0.0,0.0,0.0,0.0,0.0
2024-01-23T01:00,3600,0.0,0.0,0.0,0.0,0.0,0.0,0.0,0.0,0.0
2024-01-23T02:00,3600,0.0,0.0,0.0,0.0,0.0,0.0,0.0,0.0,0.0
2024-01-23T03:00,3600,0.0,0.0,0.0,0.0,0.0,0.0,0.0,0.0,0.0
2024-01-23T04:00,3600,0.0,0.0,0.0,0.0,0.0,0.0,0.0,0.0,0.0
2024-01-23T05:00,3600,0.0,0.0,0.0,0.0,0.0,0.0,0.0,0.0,0.0
2024-01-23T06:00,3600,0.0,0.0,0.0,0.0,0.0,0.0,0.0,0.0,0.0
2024-01-23T07:00,3600,0.0,0.01017216377,0.0,0.0,0.0,0.01017216377,28.06887919,10.17216377,8.72120065
2024-01-23T08:00,3600,0.0,0.30506683278999996,0.0,0.0,0.0,0.30506683278999996,381.67306397,305.06683279,119.60040971
2024-01-23T09:00,3600,0.0,0.50439000332,0.0,0.0,0.0,0.50439000332,621.5618148,504.39000332,196.05152512
2024-01-23T10:00,3600,0.0,0.7416566557500001,0.0,0.0,0.0,0.7416566557500001,908.0549844,741.65665575,289.45804679
2024-01-23T11:00,3600,0.0,0.97546680315,0.0,0.0,0.0,0.97546680315,1191.38287351,975.46680315,382.8009025
2024-01-23T12:00,3600,0.0,1.2932531327599999,0.0,0.0,0.0,1.2932531327599999,1578.09608149,1293.25313276,512.84952419
2024-01-23T13:00,3600,0.0,1.0601254247899998,0.0,0.0,0.0,1.0601254247899998,1294.21993408,1060.12542479,419.497825
2024-01-23T14:00,3600,0.0,0.52679782487,0.0,0.0,0.0,0.52679782487,648.57488422,526.79782487,206.86838716
2024-01-23T15:00,3600,0.0,0.46111612401999996,0.0,0.0,0.0,0.46111612401999996,569.42003888,461.11612402,181.3957792
2024-01-23T16:00,3600,0.0,0.37094509399,0.0,0.0,0.0,0.37094509399,460.87941702,370.94509399,146.64933686
2024-01-23T17:00,3600,0.0,0.10174247704,0.0,0.0,0.0,0.10174247704,137.70369692,101.74247704,43.50379546
2024-01-23T18:00,3600,0.0,0.0,0.0,0.0,0.0,0.0,0.0,0.0,0.0
2024-01-23T19:00,3600,0.0,0.0,0.0,0.0,0.0,0.0,0.0,0.0,0.0
2024-01-23T20:00,3600,0.0,0.0,0.0,0.0,0.0,0.0,0.0,0.0,0.0
2024-01-23T21:00,3600,0.0,0.0,0.0,0.0,0.0,0.0,0.0,0.0,0.0
2024-01-23T22:00,3600,0.0,0.0,0.0,0.0,0.0,0.0,0.0,0.0,0.0
2024-01-23T23:00,3600,0.0,0.0,0.0,0.0,0.0,0.0,0.0,0.0,0.0
2024-01-24T00:00,3600,0.0,0.0,0.0,0.0,0.0,0.0,0.0,0.0,0.0
2024-01-24T01:00,3600,0.0,0.0,0.0,0.0,0.0,0.0,0.0,0.0,0.0
2024-01-24T02:00,3600,0.0,0.0,0.0,0.0,0.0,0.0,0.0,0.0,0.0
2024-01-24T03:00,3600,0.0,0.0,0.0,0.0,0.0,0.0,0.0,0.0,0.0
2024-01-24T04:00,3600,0.0,0.0,0.0,0.0,0.0,0.0,0.0,0.0,0.0
2024-01-24T05:00,3600,0.0,0.0,0.0,0.0,0.0,0.0,0.0,0.0,0.0
2024-01-24T06:00,3600,0.0,0.0,0.0,0.0,0.0,0.0,0.0,0.0,0.0
2024-01-24T07:00,3600,0.0,0.00495347145,0.0,0.0,0.0,0.00495347145,21.82515175,4.95347145,6.77814918
2024-01-24T08:00,3600,0.0,0.03877131317,0.0,0.0,0.0,0.03877131317,62.29393311,38.77131317,19.36403883
2024-01-24T09:00,3600,0.0,0.0932979688,0.0,0.0,0.0,0.0932979688,127.58706594,93.2979688,39.6962796
2024-01-24T10:00,3600,0.0,0.19264754650000002,0.0,0.0,0.0,0.19264754650000002,246.68959368,192.6475465,77.45615531
2024-01-24T11:00,3600,0.0,0.25136577223,0.0,0.0,0.0,0.25136577223,317.16518456,251.36577223,99.72479996
2024-01-24T12:00,3600,0.0,0.25736340777,0.0,0.0,0.0,0.25736340777,324.36722178,257.36340777,102.01896352
2024-01-24T13:00,3600,0.0,0.35331759898000004,0.0,0.0,0.0,0.35331759898000004,439.67798554,353.31759898,139.13532866
2024-01-24T14:00,3600,0.0,0.49108617984999997,0.0,0.0,0.0,0.49108617984999997,605.52809793,491.08617985,192.43462954
2024-01-24T15:00,3600,0.0,0.24394694813,0.0,0.0,0.0,0.24394694813,308.25745733,243.94694813,97.24250225
2024-01-24T16:00,3600,0.0,0.21475921303,0.0,0.0,0.0,0.21475921303,273.22152173,214.75921303,86.16997278
2024-01-24T17:00,3600,0.0,0.09348039928999999,0.0,0.0,0.0,0.09348039928999999,127.80560664,93.48039929,40.20394401
2024-01-24T18:00,3600,0.0,0.0,0.0,0.0,0.0,0.0,0.0,0.0,0.0
2024-01-24T19:00,3600,0.0,0.0,0.0,0.0,0.0,0.0,0.0,0.0,0.0
2024-01-24T20:00,3600,0.0,0.0,0.0,0.0,0.0,0.0,0.0,0.0,0.0
2024-01-24T21:00,3600,0.0,0.0,0.0,0.0,0.0,0.0,0.0,0.0,0.0
2024-01-24T22:00,3600,0.0,0.0,0.0,0.0,0.0,0.0,0.0,0.0,0.0
2024-01-24T23:00,3600,0.0,0.0,0.0,0.0,0.0,0.0,0.0,0.0,0.0
2024-01-25T00:00,3600,0.0,0.0,0.0,0.0,0.0,0.0,0.0,0.0,0.0
2024-01-25T01:00,3600,0.0,0.0,0.0,0.0,0.0,0.0,0.0,0.0,0.0
2024-01-25T02:00,3600,0.0,0.0,0.0,0.0,0.0,0.0,0.0,0.0,0.0
2024-01-25T03:00,3600,0.0,0.0,0.0,0.0,0.0,0.0,0.0,0.0,0.0
2024-01-25T04:00,3600,0.0,0.0,0.0,0.0,0.0,0.0,0.0,0.0,0.0
2024-01-25T05:00,3600,0.0,0.0,0.0,0.0,0.0,0.0,0.0,0.0,0.0
2024-01-25T06:00,3600,0.0,0.0,0.0,0.0,0.0,0.0,0.0,0.0,0.0
2024-01-25T07:00,3600,0.0,0.012487518290000001,0.0,0.0,0.0,0.012487518290000001,30.83916113,12.48751829,9.65593123
2024-01-25T08:00,3600,0.0,0.10253206960999998,0.0,0.0,0.0,0.10253206960999998,138.64970398,102.53206961,43.53064832
2024-01-25T09:00,3600,0.0,0.22760599883000002,0.0,0.0,0.0,0.22760599883000002,288.6404757,227.60599883,90.95847061
2024-01-25T10:00,3600,0.0,0.33990546074,0.0,0.0,0.0,0.33990546074,423.55031074,339.90546074,134.79641834
2024-01-25T11:00,3600,0.0,0.48348592238,0.0,0.0,0.0,0.48348592238,596.36973515,483.48592238,190.75624108
2024-01-25T12:00,3600,0.0,0.63265730754,0.0,0.0,0.0,0.63265730754,776.31383769,632.65730754,249.64303104
2024-01-25T13:00,3600,0.0,0.9016817657399999,0.0,0.0,0.0,0.9016817657399999,1101.86244041,901.68176574,360.79258636
2024-01-25T14:00,3600,0.0,1.5080178279500003,0.0,0.0,0.0,1.5080178279500003,1840.51481588,1508.01782795,617.75428247
2024-01-25T15:00,3600,0.0,1.15663232182,0.0,0.0,0.0,1.15663232182,1411.61184995,1156.63232182,467.91289824
2024-01-25T16:00,3600,0.0,0.79101626738,0.0,0.0,0.0,0.79101626738,967.78456318,791.01626738,317.00332654
2024-01-25T17:00,3600,0.0,0.24472924001000002,0.0,0.0,0.0,0.24472924001000002,309.19670292,244.72924001,99.37834729
2024-01-25T18:00,3600,0.0,0.0,0.0,0.0,0.0,0.0,0.0,0.0,0.0
2024-01-25T19:00,3600,0.0,0.0,0.0,0.0,0.0,0.0,0.0,0.0,0.0
2024-01-25T20:00,3600,0.0,0.0,0.0,0.0,0.0,0.0,0.0,0.0,0.0
2024-01-25T21:00,3600,0.0,0.0,0.0,0.0,0.0,0.0,0.0,0.0,0.0
2024-01-25T22:00,3600,0.0,0.0,0.0,0.0,0.0,0.0,0.0,0.0,0.0
2024-01-25T23:00,3600,0.0,0.0,0.0,0.0,0.0,0.0,0.0,0.0,0.0
2024-01-26T00:00,3600,0.0,0.0,0.0,0.0,0.0,0.0,0.0,0.0,0.0
2024-01-26T01:00,3600,0.0,0.0,0.0,0.0,0.0,0.0,0.0,0.0,0.0
2024-01-26T02:00,3600,0.0,0.0,0.0,0.0,0.0,0.0,0.0,0.0,0.0
2024-01-26T03:00,3600,0.0,0.0,0.0,0.0,0.0,0.0,0.0,0.0,0.0
2024-01-26T04:00,3600,0.0,0.0,0.0,0.0,0.0,0.0,0.0,0.0,0.0
2024-01-26T05:00,3600,0.0,0.0,0.0,0.0,0.0,0.0,0.0,0.0,0.0
2024-01-26T06:00,3600,0.0,0.0,0.0,0.0,0.0,0.0,0.0,0.0,0.0
2024-01-26T07:00,3600,0.0,0.012250841299999999,0.0,0.0,0.0,0.012250841299999999,30.55597682,12.2508413,9.68201941
2024-01-26T08:00,3600,0.0,0.14666947151,0.0,0.0,0.0,0.14666947151,191.54816379,146.66947151,60.91061022
2024-01-26T09:00,3600,0.0,0.40287635433,0.0,0.0,0.0,0.40287635433,499.29892193,402.87635433,160.15389987
2024-01-26T10:00,3600,0.0,0.61454809049,0.0,0.0,0.0,0.61454809049,754.44728367,614.54809049,244.67701437
2024-01-26T11:00,3600,0.0,0.6338553030099999,0.0,0.0,0.0,0.6338553030099999,777.76060635,633.85530301,252.51335031
2024-01-26T12:00,3600,0.0,0.6153118249799999,0.0,0.0,0.0,0.6153118249799999,755.36935871,615.31182498,245.1161922
2024-01-26T13:00,3600,0.0,0.49501300418,0.0,0.0,0.0,0.49501300418,610.26035811,495.01300418,197.84520095
2024-01-26T14:00,3600,0.0,0.31696638157,0.0,0.0,0.0,0.31696638157,395.97428487,316.96638157,127.59277441
2024-01-26T15:00,3600,0.0,0.3205051239,0.0,0.0,0.0,0.3205051239,400.22773809,320.5051239,129.05115857
2024-01-26T16:00,3600,0.0,0.17561198362,0.0,0.0,0.0,0.17561198362,226.25447138,175.61198362,72.38320675
2024-01-26T17:00,3600,0.0,0.06054009132,0.0,0.0,0.0,0.06054009132,88.35469912,60.54009132,28.15210981
2024-01-26T18:00,3600,0.0,0.0,0.0,0.0,0.0,0.0,0.0,0.0,0.0
2024-01-26T19:00,3600,0.0,0.0,0.0,0.0,0.0,0.0,0.0,0.0,0.0
2024-01-26T20:00,3600,0.0,0.0,0.0,0.0,0.0,0.0,0.0,0.0,0.0
2024-01-26T21:00,3600,0.0,0.0,0.0,0.0,0.0,0.0,0.0,0.0,0.0
2024-01-26T22:00,3600,0.0,0.0,0.0,0.0,0.0,0.0,0.0,0.0,0.0
2024-01-26T23:00,3600,0.0,0.0,0.0,0.0,0.0,0.0,0.0,0.0,0.0
2024-01-27T00:00,3600,0.0,0.0,0.0,0.0,0.0,0.0,0.0,0.0,0.0
2024-01-27T01:00,3600,0.0,0.0,0.0,0.0,0.0,0.0,0.0,0.0,0.0
2024-01-27T02:00,3600,0.0,0.0,0.0,0.0,0.0,0.0,0.0,0.0,0.0
2024-01-27T03:00,3600,0.0,0.0,0.0,0.0,0.0,0.0,0.0,0.0,0.0
2024-01-27T04:00,3600,0.0,0.0,0.0,0.0,0.0,0.0,0.0,0.0,0.0
2024-01-27T05:00,3600,0.0,0.0,0.0,0.0,0.0,0.0,0.0,0.0,0.0
2024-01-27T06:00,3600,0.0,0.0,0.0,0.0,0.0,0.0,0.0,0.0,0.0
2024-01-27T07:00,3600,0.0,0.00206542783,0.0,0.0,0.0,0.00206542783,18.37005728,2.06542783,5.80921165
2024-01-27T08:00,3600,0.0,0.06076125886,0.0,0.0,0.0,0.06076125886,88.61951579,60.76125886,28.0778563
2024-01-27T09:00,3600,0.0,0.1268392672,0.0,0.0,0.0,0.1268392672,167.77746879,126.8392672,53.25110678
2024-01-27T10:00,3600,0.0,0.17187294531000002,0.0,0.0,0.0,0.17187294531000002,221.76997661,171.87294531,70.67874172
2024-01-27T11:00,3600,0.0,0.22040275678,0.0,0.0,0.0,0.22040275678,279.99464554,220.40275678,89.39041694
2024-01-27T12:00,3600,0.0,0.2759642564,0.0,0.0,0.0,0.2759642564,346.7074573,275.9642564,110.96869812
2024-01-27T13:00,3600,0.0,0.22900311277000002,0.0,0.0,0.0,0.22900311277000002,290.31749611,229.00311277,92.88306133
2024-01-27T14:00,3600,0.0,0.09841510898,0.0,0.0,0.0,0.09841510898,133.71731516,98.41510898,42.60088542
2024-01-27T15:00,3600,0.0,0.05541742096,0.0,0.0,0.0,0.05541742096,82.22127314,55.41742096,26.14145242
2024-01-27T16:00,3600,0.0,0.027538113769999997,0.0,0.0,0.0,0.027538113769999997,48.84925648,27.53811377,15.49123106
2024-01-27T17:00,3600,0.0,0.0,0.0,0.0,0.0,0.0,15.31482425,0.0,4.84100971
2024-01-27T18:00,3600,0.0,0.0,0.0,0.0,0.0,0.0,0.0,0.0,0.0
2024-01-27T19:00,3600,0.0,0.0,0.0,0.0,0.0,0.0,0.0,0.0,0.0
2024-01-27T20:00,3600,0.0,0.0,0.0,0.0,0.0,0.0,0.0,0.0,0.0
2024-01-27T21:00,3600,0.0,0.0,0.0,0.0,0.0,0.0,0.0,0.0,0.0
2024-01-27T22:00,3600,0.0,0.0,0.0,0.0,0.0,0.0,0.0,0.0,0.0
2024-01-27T23:00,3600,0.0,0.0,0.0,0.0,0.0,0.0,0.0,0.0,0.0
2024-01-28T00:00,3600,0.0,0.0,0.0,0.0,0.0,0.0,0.0,0.0,0.0
2024-01-28T01:00,3600,0.0,0.0,0.0,0.0,0.0,0.0,0.0,0.0,0.0
2024-01-28T02:00,3600,0.0,0.0,0.0,0.0,0.0,0.0,0.0,0.0,0.0
2024-01-28T03:00,3600,0.0,0.0,0.0,0.0,0.0,0.0,0.0,0.0,0.0
2024-01-28T04:00,3600,0.0,0.0,0.0,0.0,0.0,0.0,0.0,0.0,0.0
2024-01-28T05:00,3600,0.0,0.0,0.0,0.0,0.0,0.0,0.0,0.0,0.0
2024-01-28T06:00,3600,0.0,0.0,0.0,0.0,0.0,0.0,0.0,0.0,0.0
2024-01-28T07:00,3600,0.0,0.0,0.0,0.0,0.0,0.0,9.23004542,0.0,2.90460582
2024-01-28T08:00,3600,0.0,0.04231366658999999,0.0,0.0,0.0,0.04231366658999999,66.53413302,42.31366659,20.94805225
2024-01-28T09:00,3600,0.0,0.09694901082,0.0,0.0,0.0,0.09694901082,131.96090624,96.94901082,41.63268348
2024-01-28T10:00,3600,0.0,0.24133319541,0.0,0.0,0.0,0.24133319541,305.11937855,241.33319541,97.06608183
2024-01-28T11:00,3600,0.0,0.30987554354999997,0.0,0.0,0.0,0.30987554354999997,387.45200507,309.87554355,123.61166502
2024-01-28T12:00,3600,0.0,0.34512564500000004,0.0,0.0,0.0,0.34512564500000004,429.82703369,345.125645,137.33508128
2024-01-28T13:00,3600,0.0,0.47606229963999996,0.0,0.0,0.0,0.47606229963999996,587.42522771,476.06229964,189.13437298
2024-01-28T14:00,3600,0.0,0.55580842537,0.0,0.0,0.0,0.55580842537,683.56125949,555.80842537,220.97997666
2024-01-28T15:00,3600,0.0,0.50784069232,0.0,0.0,0.0,0.50784069232,625.7210955,507.84069232,202.10386167
2024-01-28T16:00,3600,0.0,0.34018858454000006,0.0,0.0,0.0,0.34018858454000006,423.89072479,340.18858454,136.43595766
2024-01-28T17:00,3600,0.0,0.11376212327000002,0.0,0.0,0.0,0.11376212327000002,152.10557804,113.76212327,48.58312564
2024-01-28T18:00,3600,0.0,0.0,0.0,0.0,0.0,0.0,0.0,0.0,0.0
2024-01-28T19:00,3600,0.0,0.0,0.0,0.0,0.0,0.0,0.0,0.0,0.0
2024-01-28T20:00,3600,0.0,0.0,0.0,0.0,0.0,0.0,0.0,0.0,0.0
2024-01-28T21:00,3600,0.0,0.0,0.0,0.0,0.0,0.0,0.0,0.0,0.0
2024-01-28T22:00,3600,0.0,0.0,0.0,0.0,0.0,0.0,0.0,0.0,0.0
2024-01-28T23:00,3600,0.0,0.0,0.0,0.0,0.0,0.0,0.0,0.0,0.0
2024-01-29T00:00,3600,0.0,0.0,0.0,0.0,0.0,0.0,0.0,0.0,0.0
2024-01-29T01:00,3600,0.0,0.0,0.0,0.0,0.0,0.0,0.0,0.0,0.0
2024-01-29T02:00,3600,0.0,0.0,0.0,0.0,0.0,0.0,0.0,0.0,0.0
2024-01-29T03:00,3600,0.0,0.0,0.0,0.0,0.0,0.0,0.0,0.0,0.0
2024-01-29T04:00,3600,0.0,0.0,0.0,0.0,0.0,0.0,0.0,0.0,0.0
2024-01-29T05:00,3600,0.0,0.0,0.0,0.0,0.0,0.0,0.0,0.0,0.0
2024-01-29T06:00,3600,0.0,0.0,0.0,0.0,0.0,0.0,0.0,0.0,0.0
2024-01-29T07:00,3600,0.0,0.03500525528,0.0,0.0,0.0,0.03500525528,57.78620291,35.00525528,18.30947127
2024-01-29T08:00,3600,0.0,0.25203691481,0.0,0.0,0.0,0.25203691481,317.97106911,252.03691481,101.6532758
2024-01-29T09:00,3600,0.0,0.36850024538000004,0.0,0.0,0.0,0.36850024538000004,457.93854655,368.50024538,147.18437775
2024-01-29T10:00,3600,0.0,0.58097571651,0.0,0.0,0.0,0.58097571651,713.92503594,580.97571651,232.7921065
2024-01-29T11:00,3600,0.0,0.5792159467400001,0.0,0.0,0.0,0.5792159467400001,711.80153864,579.21594674,232.26662608
2024-01-29T12:00,3600,0.0,0.48985626568,0.0,0.0,0.0,0.48985626568,604.04597194,489.85626568,196.37880845
2024-01-29T13:00,3600,0.0,0.34716856546,0.0,0.0,0.0,0.34716856546,432.28356429,347.16856546,140.3892815
2024-01-29T14:00,3600,0.0,0.52115488609,0.0,0.0,0.0,0.52115488609,641.7713532,521.15488609,209.660975
2024-01-29T15:00,3600,0.0,0.3346950293,0.0,0.0,0.0,0.3346950293,417.28580315,334.6950293,135.5044202
2024-01-29T16:00,3600,0.0,0.13634190859,0.0,0.0,0.0,0.13634190859,179.16752044,136.34190859,57.7070824
2024-01-29T17:00,3600,0.0,0.039634865639999996,0.0,0.0,0.0,0.039634865639999996,63.32758559,39.63486564,20.33224077
2024-01-29T18:00,3600,0.0,0.0,0.0,0.0,0.0,0.0,0.0,0.0,0.0
2024-01-29T19:00,3600,0.0,0.0,0.0,0.0,0.0,0.0,0.0,0.0,0.0
2024-01-29T20:00,3600,0.0,0.0,0.0,0.0,0.0,0.0,0.0,0.0,0.0
2024-01-29T21:00,3600,0.0,0.0,0.0,0.0,0.0,0.0,0.0,0.0,0.0
2024-01-29T22:00,3600,0.0,0.0,0.0,0.0,0.0,0.0,0.0,0.0,0.0
2024-01-29T23:00,3600,0.0,0.0,0.0,0.0,0.0,0.0,0.0,0.0,0.0
2024-01-30T00:00,3600,0.0,0.0,0.0,0.0,0.0,0.0,0.0,0.0,0.0
2024-01-30T01:00,3600,0.0,0.0,0.0,0.0,0.0,0.0,0.0,0.0,0.0
2024-01-30T02:00,3600,0.0,0.0,0.0,0.0,0.0,0.0,0.0,0.0,0.0
2024-01-30T03:00,3600,0.0,0.0,0.0,0.0,0.0,0.0,0.0,0.0,0.0
2024-01-30T04:00,3600,0.0,0.0,0.0,0.0,0.0,0.0,0.0,0.0,0.0
2024-01-30T05:00,3600,0.0,0.0,0.0,0.0,0.0,0.0,0.0,0.0,0.0
2024-01-30T06:00,3600,0.0,0.0,0.0,0.0,0.0,0.0,0.0,0.0,0.0
2024-01-30T07:00,3600,0.0,0.0066531297000000005,0.0,0.0,0.0,0.0066531297000000005,23.85859724,6.6531297,7.63530789
2024-01-30T08:00,3600,0.0,0.12174366325000001,0.0,0.0,0.0,0.12174366325000001,161.67044082,121.74366325,51.97387933
2024-01-30T09:00,3600,0.0,0.18817761483999998,0.0,0.0,0.0,0.18817761483999998,241.32715603,188.17761484,77.83810264
2024-01-30T10:00,3600,0.0,0.39580771049,0.0,0.0,0.0,0.39580771049,490.79238754,395.80771049,160.5367105
2024-01-30T11:00,3600,0.0,0.71946694273,0.0,0.0,0.0,0.71946694273,881.2179733,719.46694273,292.46618457
2024-01-30T12:00,3600,0.0,0.74568756133,0.0,0.0,0.0,0.74568756133,912.93106928,745.68756133,303.87162913
2024-01-30T13:00,3600,0.0,1.0032395543300001,0.0,0.0,0.0,1.0032395543300001,1225.10452249,1003.23955433,416.77348111
2024-01-30T14:00,3600,0.0,0.7803270074499999,0.0,0.0,0.0,0.7803270074499999,954.84580577,780.32700745,322.13802135
2024-01-30T15:00,3600,0.0,0.45724898007000003,0.0,0.0,0.0,0.45724898007000003,564.76206971,457.24898007,188.16933732
2024-01-30T16:00,3600,0.0,0.28269836801000003,0.0,0.0,0.0,0.28269836801000003,354.79687773,282.69836801,117.51356272
2024-01-30T17:00,3600,0.0,0.08746137621,0.0,0.0,0.0,0.08746137621,120.59549313,87.46137621,39.63747255
2024-01-30T18:00,3600,0.0,0.0,0.0,0.0,0.0,0.0,0.0,0.0,0.0
2024-01-30T19:00,3600,0.0,0.0,0.0,0.0,0.0,0.0,0.0,0.0,0.0
2024-01-30T20:00,3600,0.0,0.0,0.0,0.0,0.0,0.0,0.0,0.0,0.0
2024-01-30T21:00,3600,0.0,0.0,0.0,0.0,0.0,0.0,0.0,0.0,0.0
2024-01-30T22:00,3600,0.0,0.0,0.0,0.0,0.0,0.0,0.0,0.0,0.0
2024-01-30T23:00,3600,0.0,0.0,0.0,0.0,0.0,0.0,0.0,0.0,0.0
2024-01-31T00:00,3600,0.0,0.0,0.0,0.0,0.0,0.0,0.0,0.0,0.0
2024-01-31T01:00,3600,0.0,0.0,0.0,0.0,0.0,0.0,0.0,0.0,0.0
2024-01-31T02:00,3600,0.0,0.0,0.0,0.0,0.0,0.0,0.0,0.0,0.0
2024-01-31T03:00,3600,0.0,0.0,0.0,0.0,0.0,0.0,0.0,0.0,0.0
2024-01-31T04:00,3600,0.0,0.0,0.0,0.0,0.0,0.0,0.0,0.0,0.0
2024-01-31T05:00,3600,0.0,0.0,0.0,0.0,0.0,0.0,0.0,0.0,0.0
2024-01-31T06:00,3600,0.0,0.0,0.0,0.0,0.0,0.0,0.0,0.0,0.0
2024-01-31T07:00,3600,0.0,0.014172341709999998,0.0,0.0,0.0,0.014172341709999998,32.85508314,14.17234171,10.65022136
2024-01-31T08:00,3600,0.0,0.16022668858,0.0,0.0,0.0,0.16022668858,207.80339072,160.22668858,67.81990995
2024-01-31T09:00,3600,0.0,0.3005668357,0.0,0.0,0.0,0.3005668357,376.26550023,300.5668357,123.61414039
2024-01-31T10:00,3600,0.0,0.49478583233,0.0,0.0,0.0,0.49478583233,609.98658314,494.78583233,203.98471604
2024-01-31T11:00,3600,0.0,0.39048474065,0.0,0.0,0.0,0.39048474065,484.38722349,390.48474065,161.15902692
2024-01-31T12:00,3600,0.0,0.40450290768999997,0.0,0.0,0.0,0.40450290768999997,501.25647331,404.50290769,166.71929061
2024-01-31T13:00,3600,0.0,0.45641461343999995,0.0,0.0,0.0,0.45641461343999995,563.75711179,456.41461344,189.3847806
2024-01-31T14:00,3600,0.0,0.37461089886000004,0.0,0.0,0.0,0.37461089886000004,465.28915853,374.61089886,155.95088284
2024-01-31T15:00,3600,0.0,0.25062228825,0.0,0.0,0.0,0.25062228825,316.27244441,250.62228825,105.62797398
2024-01-31T16:00,3600,0.0,0.13987182707,0.0,0.0,0.0,0.13987182707,183.39895953,139.87182707,61.13065444
2024-01-31T17:00,3600,0.0,0.037868542750000005,0.0,0.0,0.0,0.037868542750000005,61.21335178,37.86854275,20.33224077
2024-01-31T18:00,3600,0.0,0.0,0.0,0.0,0.0,0.0,0.0,0.0,0.0
2024-01-31T19:00,3600,0.0,0.0,0.0,0.0,0.0,0.0,0.0,0.0,0.0
2024-01-31T20:00,3600,0.0,0.0,0.0,0.0,0.0,0.0,0.0,0.0,0.0
2024-01-31T21:00,3600,0.0,0.0,0.0,0.0,0.0,0.0,0.0,0.0,0.0
2024-01-31T22:00,3600,0.0,0.0,0.0,0.0,0.0,0.0,0.0,0.0,0.0
2024-01-31T23:00,3600,0.0,0.0,0.0,0.0,0.0,0.0,0.0,0.0,0.0
2024-02-01T00:00,3600,0.0,0.0,0.0,0.0,0.0,0.0,0.0,0.0,0.0
2024-02-01T01:00,3600,0.0,0.0,0.0,0.0,0.0,0.0,0.0,0.0,0.0
2024-02-01T02:00,3600,0.0,0.0,0.0,0.0,0.0,0.0,0.0,0.0,0.0
2024-02-01T03:00,3600,0.0,0.0,0.0,0.0,0.0,0.0,0.0,0.0,0.0
2024-02-01T04:00,3600,0.0,0.0,0.0,0.0,0.0,0.0,0.0,0.0,0.0
2024-02-01T05:00,3600,0.0,0.0,0.0,0.0,0.0,0.0,0.0,0.0,0.0
2024-02-01T06:00,3600,0.0,0.0,0.0,0.0,0.0,0.0,0.0,0.0,0.0
2024-02-01T07:00,3600,0.0,0.01143220757,0.0,0.0,0.0,0.01143220757,29.57648819,11.43220757,9.68201941
2024-02-01T08:00,3600,0.0,0.09747116302000002,0.0,0.0,0.0,0.09747116302000002,132.5864485,97.47116302,43.56908736
2024-02-01T09:00,3600,0.0,0.2672129001,0.0,0.0,0.0,0.2672129001,336.19601597,267.2129001,111.22545927
2024-02-01T10:00,3600,0.0,0.39222146175,0.0,0.0,0.0,0.39222146175,486.47697509,392.22146175,163.58911052
2024-02-01T11:00,3600,0.0,0.82224698317,0.0,0.0,0.0,0.82224698317,1005.59963252,822.24698317,343.839829
2024-02-01T12:00,3600,0.0,0.8796658847800001,0.0,0.0,0.0,0.8796658847800001,1075.17091955,879.66588478,368.873554
2024-02-01T13:00,3600,0.0,1.19569844878,0.0,0.0,0.0,1.19569844878,1459.18163633,1195.69844878,511.32022226
2024-02-01T14:00,3600,0.0,0.96516164178,0.0,0.0,0.0,0.96516164178,1178.87398805,965.16164178,409.16314304
2024-02-01T15:00,3600,0.0,0.80171358617,0.0,0.0,0.0,0.80171358617,980.73517464,801.71358617,338.26555243
2024-02-01T16:00,3600,0.0,0.43385343109,0.0,0.0,0.0,0.43385343109,536.58792871,433.85343109,182.13385347
2024-02-01T17:00,3600,0.0,0.18204609445,0.0,0.0,0.0,0.18204609445,233.97194265,182.04609445,78.66454012
2024-02-01T18:00,3600,0.0,0.0,0.0,0.0,0.0,0.0,2.92262674,0.0,0.96820194
2024-02-01T19:00,3600,0.0,0.0,0.0,0.0,0.0,0.0,0.0,0.0,0.0
2024-02-01T20:00,3600,0.0,0.0,0.0,0.0,0.0,0.0,0.0,0.0,0.0
2024-02-01T21:00,3600,0.0,0.0,0.0,0.0,0.0,0.0,0.0,0.0,0.0
2024-02-01T22:00,3600,0.0,0.0,0.0,0.0,0.0,0.0,0.0,0.0,0.0
2024-02-01T23:00,3600,0.0,0.0,0.0,0.0,0.0,0.0,0.0,0.0,0.0
2024-02-02T00:00,3600,0.0,0.0,0.0,0.0,0.0,0.0,0.0,0.0,0.0
2024-02-02T01:00,3600,0.0,0.0,0.0,0.0,0.0,0.0,0.0,0.0,0.0
2024-02-02T02:00,3600,0.0,0.0,0.0,0.0,0.0,0.0,0.0,0.0,0.0
2024-02-02T03:00,3600,0.0,0.0,0.0,0.0,0.0,0.0,0.0,0.0,0.0
2024-02-02T04:00,3600,0.0,0.0,0.0,0.0,0.0,0.0,0.0,0.0,0.0
2024-02-02T05:00,3600,0.0,0.0,0.0,0.0,0.0,0.0,0.0,0.0,0.0
2024-02-02T06:00,3600,0.0,0.0,0.0,0.0,0.0,0.0,0.0,0.0,0.0
2024-02-02T07:00,3600,0.0,0.02579379258,0.0,0.0,0.0,0.02579379258,46.76173194,25.79379258,15.33268568
2024-02-02T08:00,3600,0.0,0.19741131225999997,0.0,0.0,0.0,0.19741131225999997,252.40492782,197.41131226,83.36298618
2024-02-02T09:00,3600,0.0,0.51420857283,0.0,0.0,0.0,0.51420857283,633.39717325,514.20857283,212.26576673
2024-02-02T10:00,3600,0.0,0.77355844558,0.0,0.0,0.0,0.77355844558,946.65392013,773.55844558,324.32591168
2024-02-02T11:00,3600,0.0,1.31552386911,0.0,0.0,0.0,1.31552386911,1605.26806082,1315.52386911,564.55181941
2024-02-02T12:00,3600,0.0,1.3492286333899999,0.0,0.0,0.0,1.3492286333899999,1646.40815341,1349.22863339,579.88259483
2024-02-02T13:00,3600,0.0,1.3430432278900002,0.0,0.0,0.0,1.3430432278900002,1638.8566355,1343.04322789,580.00692413
2024-02-02T14:00,3600,0.0,1.1047731084699999,0.0,0.0,0.0,1.1047731084699999,1348.50824999,1104.77310847,472.7583503
2024-02-02T15:00,3600,0.0,0.92884328239,0.0,0.0,0.0,0.92884328239,1134.80472484,928.84328239,394.50433157
2024-02-02T16:00,3600,0.0,0.63851295756,0.0,0.0,0.0,0.63851295756,783.38570802,638.51295756,268.79333378
2024-02-02T17:00,3600,0.0,0.27517041571,0.0,0.0,0.0,0.27517041571,345.75390164,275.17041571,117.01672844
2024-02-02T18:00,3600,0.0,0.0,0.0,0.0,0.0,0.0,2.915526,0.0,0.96820194
2024-02-02T19:00,3600,0.0,0.0,0.0,0.0,0.0,0.0,0.0,0.0,0.0
2024-02-02T20:00,3600,0.0,0.0,0.0,0.0,0.0,0.0,0.0,0.0,0.0
2024-02-02T21:00,3600,0.0,0.0,0.0,0.0,0.0,0.0,0.0,0.0,0.0
2024-02-02T22:00,3600,0.0,0.0,0.0,0.0,0.0,0.0,0.0,0.0,0.0
2024-02-02T23:00,3600,0.0,0.0,0.0,0.0,0.0,0.0,0.0,0.0,0.0
2024-02-03T00:00,3600,0.0,0.0,0.0,0.0,0.0,0.0,0.0,0.0,0.0
2024-02-03T01:00,3600,0.0,0.0,0.0,0.0,0.0,0.0,0.0,0.0,0.0
2024-02-03T02:00,3600,0.0,0.0,0.0,0.0,0.0,0.0,0.0,0.0,0.0
2024-02-03T03:00,3600,0.0,0.0,0.0,0.0,0.0,0.0,0.0,0.0,0.0
2024-02-03T04:00,3600,0.0,0.0,0.0,0.0,0.0,0.0,0.0,0.0,0.0
2024-02-03T05:00,3600,0.0,0.0,0.0,0.0,0.0,0.0,0.0,0.0,0.0
2024-02-03T06:00,3600,0.0,0.0,0.0,0.0,0.0,0.0,0.0,0.0,0.0
2024-02-03T07:00,3600,0.0,0.018315349940000003,0.0,0.0,0.0,0.018315349940000003,37.81248215,18.31534994,12.40622363
2024-02-03T08:00,3600,0.0,0.19477608952,0.0,0.0,0.0,0.19477608952,249.24326582,194.77608952,82.32830664
2024-02-03T09:00,3600,0.0,0.46635411269,0.0,0.0,0.0,0.46635411269,575.72961965,466.35411269,192.31819749
2024-02-03T10:00,3600,0.0,0.8662244024399999,0.0,0.0,0.0,0.8662244024399999,1058.87918342,866.22440244,361.73570762
2024-02-03T11:00,3600,0.0,1.16687227489,0.0,0.0,0.0,1.16687227489,1424.07801284,1166.87227489,493.3059309
2024-02-03T12:00,3600,0.0,0.8735142376799999,0.0,0.0,0.0,0.8735142376799999,1067.71440839,873.51423768,365.97297307
2024-02-03T13:00,3600,0.0,0.63014133196,0.0,0.0,0.0,0.63014133196,773.27548511,630.14133196,263.98789668
2024-02-03T14:00,3600,0.0,1.11547038264,0.0,0.0,0.0,1.11547038264,1361.52086062,1115.47038264,473.69370744
2024-02-03T15:00,3600,0.0,0.68073809133,0.0,0.0,0.0,0.68073809133,834.39952583,680.73809133,285.85662576
2024-02-03T16:00,3600,0.0,0.38960330297,0.0,0.0,0.0,0.38960330297,483.32663311,389.60330297,163.51287689
2024-02-03T17:00,3600,0.0,0.11107151939,0.0,0.0,0.0,0.11107151939,148.88148631,111.07151939,49.79270555
2024-02-03T18:00,3600,0.0,0.0,0.0,0.0,0.0,0.0,2.92365986,0.0,0.96820194
2024-02-03T19:00,3600,0.0,0.0,0.0,0.0,0.0,0.0,0.0,0.0,0.0
2024-02-03T20:00,3600,0.0,0.0,0.0,0.0,0.0,0.0,0.0,0.0,0.0
2024-02-03T21:00,3600,0.0,0.0,0.0,0.0,0.0,0.0,0.0,0.0,0.0
2024-02-03T22:00,3600,0.0,0.0,0.0,0.0,0.0,0.0,0.0,0.0,0.0
2024-02-03T23:00,3600,0.0,0.0,0.0,0.0,0.0,0.0,0.0,0.0,0.0
2024-02-04T00:00,3600,0.0,0.0,0.0,0.0,0.0,0.0,0.0,0.0,0.0
2024-02-04T01:00,3600,0.0,0.0,0.0,0.0,0.0,0.0,0.0,0.0,0.0
2024-02-04T02:00,3600,0.0,0.0,0.0,0.0,0.0,0.0,0.0,0.0,0.0
2024-02-04T03:00,3600,0.0,0.0,0.0,0.0,0.0,0.0,0.0,0.0,0.0
2024-02-04T04:00,3600,0.0,0.0,0.0,0.0,0.0,0.0,0.0,0.0,0.0
2024-02-04T05:00,3600,0.0,0.0,0.0,0.0,0.0,0.0,0.0,0.0,0.0
2024-02-04T06:00,3600,0.0,0.0,0.0,0.0,0.0,0.0,0.0,0.0,0.0
2024-02-04T07:00,3600,0.0,0.024827117109999998,0.0,0.0,0.0,0.024827117109999998,45.60488178,24.82711711,14.92654329
2024-02-04T08:00,3600,0.0,0.12986233376999998,0.0,0.0,0.0,0.12986233376999998,171.40080097,129.86233377,56.32328104
2024-02-04T09:00,3600,0.0,0.22069826535,0.0,0.0,0.0,0.22069826535,280.34931714,220.69826535,92.50943179
2024-02-04T10:00,3600,0.0,0.32206872852,0.0,0.0,0.0,0.32206872852,402.10721166,322.06872852,133.65039624
2024-02-04T11:00,3600,0.0,0.47734592148,0.0,0.0,0.0,0.47734592148,588.97175507,477.34592148,197.43628468
2024-02-04T12:00,3600,0.0,0.5995797318,0.0,0.0,0.0,0.5995797318,736.3777668,599.5797318,248.82281312
2024-02-04T13:00,3600,0.0,0.6977319721699999,0.0,0.0,0.0,0.6977319721699999,854.93967544,697.73197217,289.80559419
2024-02-04T14:00,3600,0.0,0.54998765986,0.0,0.0,0.0,0.54998765986,676.54027352,549.98765986,228.17663337
2024-02-04T15:00,3600,0.0,0.47029240076,0.0,0.0,0.0,0.47029240076,580.47393276,470.29240076,194.68527276
2024-02-04T16:00,3600,0.0,0.43099266215,0.0,0.0,0.0,0.43099266215,533.14351986,430.99266215,178.22548871
2024-02-04T17:00,3600,0.0,0.16187240008,0.0,0.0,0.0,0.16187240008,209.77683693,161.87240008,69.28582708
2024-02-04T18:00,3600,0.0,0.0,0.0,0.0,0.0,0.0,2.97043808,0.0,0.96820194
2024-02-04T19:00,3600,0.0,0.0,0.0,0.0,0.0,0.0,0.0,0.0,0.0
2024-02-04T20:00,3600,0.0,0.0,0.0,0.0,0.0,0.0,0.0,0.0,0.0
2024-02-04T21:00,3600,0.0,0.0,0.0,0.0,0.0,0.0,0.0,0.0,0.0
2024-02-04T22:00,3600,0.0,0.0,0.0,0.0,0.0,0.0,0.0,0.0,0.0
2024-02-04T23:00,3600,0.0,0.0,0.0,0.0,0.0,0.0,0.0,0.0,0.0
2024-02-05T00:00,3600,0.0,0.0,0.0,0.0,0.0,0.0,0.0,0.0,0.0
2024-02-05T01:00,3600,0.0,0.0,0.0,0.0,0.0,0.0,0.0,0.0,0.0
2024-02-05T02:00,3600,0.0,0.0,0.0,0.0,0.0,0.0,0.0,0.0,0.0
2024-02-05T03:00,3600,0.0,0.0,0.0,0.0,0.0,0.0,0.0,0.0,0.0
2024-02-05T04:00,3600,0.0,0.0,0.0,0.0,0.0,0.0,0.0,0.0,0.0
2024-02-05T05:00,3600,0.0,0.0,0.0,0.0,0.0,0.0,0.0,0.0,0.0
2024-02-05T06:00,3600,0.0,0.0,0.0,0.0,0.0,0.0,0.0,0.0,0.0
2024-02-05T07:00,3600,0.0,0.00440991381,0.0,0.0,0.0,0.00440991381,21.17485839,4.40991381,6.77741359
2024-02-05T08:00,3600,0.0,0.08645011049,0.0,0.0,0.0,0.08645011049,119.38417361,86.45011049,38.29236524
2024-02-05T09:00,3600,0.0,0.23616966103999998,0.0,0.0,0.0,0.23616966103999998,298.92038426,236.16966104,96.3966483
2024-02-05T10:00,3600,0.0,0.30568584829,0.0,0.0,0.0,0.30568584829,382.41695195,305.68584829,124.20494665
2024-02-05T11:00,3600,0.0,0.39767657294000003,0.0,0.0,0.0,0.39767657294000003,493.04132295,397.67657294,160.51809798
2024-02-05T12:00,3600,0.0,0.5185614355699999,0.0,0.0,0.0,0.5185614355699999,638.64469719,518.56143557,208.64282353
2024-02-05T13:00,3600,0.0,0.49706935812999997,0.0,0.0,0.0,0.49706935812999997,612.73860477,497.06935813,200.73477828
2024-02-05T14:00,3600,0.0,0.34824369525,0.0,0.0,0.0,0.34824369525,433.57639524,348.24369525,141.34655635
2024-02-05T15:00,3600,0.0,0.30283797886999997,0.0,0.0,0.0,0.30283797886999997,378.99464576,302.83797887,123.51601184
2024-02-05T16:00,3600,0.0,0.11637854779,0.0,0.0,0.0,0.11637854779,155.24090583,116.37854779,50.21917124
2024-02-05T17:00,3600,0.0,0.04408420016,0.0,0.0,0.0,0.04408420016,68.65354659,44.08420016,22.17613185
2024-02-05T18:00,3600,0.0,0.0,0.0,0.0,0.0,0.0,3.02024137,0.0,0.96820194
2024-02-05T19:00,3600,0.0,0.0,0.0,0.0,0.0,0.0,0.0,0.0,0.0
2024-02-05T20:00,3600,0.0,0.0,0.0,0.0,0.0,0.0,0.0,0.0,0.0
2024-02-05T21:00,3600,0.0,0.0,0.0,0.0,0.0,0.0,0.0,0.0,0.0
2024-02-05T22:00,3600,0.0,0.0,0.0,0.0,0.0,0.0,0.0,0.0,0.0
2024-02-05T23:00,3600,0.0,0.0,0.0,0.0,0.0,0.0,0.0,0.0,0.0
2024-02-06T00:00,3600,0.0,0.0,0.0,0.0,0.0,0.0,0.0,0.0,0.0
2024-02-06T01:00,3600,0.0,0.0,0.0,0.0,0.0,0.0,0.0,0.0,0.0
2024-02-06T02:00,3600,0.0,0.0,0.0,0.0,0.0,0.0,0.0,0.0,0.0
2024-02-06T03:00,3600,0.0,0.0,0.0,0.0,0.0,0.0,0.0,0.0,0.0
2024-02-06T04:00,3600,0.0,0.0,0.0,0.0,0.0,0.0,0.0,0.0,0.0
2024-02-06T05:00,3600,0.0,0.0,0.0,0.0,0.0,0.0,0.0,0.0,0.0
2024-02-06T06:00,3600,0.0,0.0,0.0,0.0,0.0,0.0,0.0,0.0,0.0
2024-02-06T07:00,3600,0.0,0.0094612664,0.0,0.0,0.0,0.0094612664,27.21832176,9.4612664,8.71381747
2024-02-06T08:00,3600,0.0,0.12386608626000001,0.0,0.0,0.0,0.12386608626000001,164.21408638,123.86608626,52.81666406
2024-02-06T09:00,3600,0.0,0.346535088,0.0,0.0,0.0,0.346535088,431.5218248,346.535088,140.11374259
2024-02-06T10:00,3600,0.0,0.65105805427,0.0,0.0,0.0,0.65105805427,798.53852893,651.05805427,264.16888247
2024-02-06T11:00,3600,0.0,0.77880114796,0.0,0.0,0.0,0.77880114796,952.99900829,778.80114796,317.78119994
2024-02-06T12:00,3600,0.0,1.16174043987,0.0,0.0,0.0,1.16174043987,1417.83025018,1161.74043987,480.66069797
2024-02-06T13:00,3600,0.0,1.31043760522,0.0,0.0,0.0,1.31043760522,1599.06161378,1310.43760522,549.28927928
2024-02-06T14:00,3600,0.0,0.9438987358900001,0.0,0.0,0.0,0.9438987358900001,1153.07028848,943.89873589,391.07267515
2024-02-06T15:00,3600,0.0,0.74137689999,0.0,0.0,0.0,0.74137689999,907.71658195,741.37689999,305.55066727
2024-02-06T16:00,3600,0.0,0.42641971849,0.0,0.0,0.0,0.42641971849,527.63793375,426.41971849,174.96540677
2024-02-06T17:00,3600,0.0,0.08993764847,0.0,0.0,0.0,0.08993764847,123.56171112,89.93764847,40.40628217
2024-02-06T18:00,3600,0.0,0.0,0.0,0.0,0.0,0.0,2.99991937,0.0,0.96820194
2024-02-06T19:00,3600,0.0,0.0,0.0,0.0,0.0,0.0,0.0,0.0,0.0
2024-02-06T20:00,3600,0.0,0.0,0.0,0.0,0.0,0.0,0.0,0.0,0.0
2024-02-06T21:00,3600,0.0,0.0,0.0,0.0,0.0,0.0,0.0,0.0,0.0
2024-02-06T22:00,3600,0.0,0.0,0.0,0.0,0.0,0.0,0.0,0.0,0.0
2024-02-06T23:00,3600,0.0,0.0,0.0,0.0,0.0,0.0,0.0,0.0,0.0
2024-02-07T00:00,3600,0.0,0.0,0.0,0.0,0.0,0.0,0.0,0.0,0.0
2024-02-07T01:00,3600,0.0,0.0,0.0,0.0,0.0,0.0,0.0,0.0,0.0
2024-02-07T02:00,3600,0.0,0.0,0.0,0.0,0.0,0.0,0.0,0.0,0.0
2024-02-07T03:00,3600,0.0,0.0,0.0,0.0,0.0,0.0,0.0,0.0,0.0
2024-02-07T04:00,3600,0.0,0.0,0.0,0.0,0.0,0.0,0.0,0.0,0.0
2024-02-07T05:00,3600,0.0,0.0,0.0,0.0,0.0,0.0,0.0,0.0,0.0
2024-02-07T06:00,3600,0.0,0.0,0.0,0.0,0.0,0.0,0.0,0.0,0.0
2024-02-07T07:00,3600,0.0,0.00202006549,0.0,0.0,0.0,0.00202006549,18.31578948,2.02006549,5.80921165
2024-02-07T08:00,3600,0.0,0.0631463188,0.0,0.0,0.0,0.0631463188,91.47534097,63.1463188,29.04605824
2024-02-07T09:00,3600,0.0,0.16734858252,0.0,0.0,0.0,0.16734858252,216.34391991,167.34858252,68.83739967
2024-02-07T10:00,3600,0.0,0.23163387242999997,0.0,0.0,0.0,0.23163387242999997,293.4754133,231.63387243,93.47866922
2024-02-07T11:00,3600,0.0,0.30422230644000003,0.0,0.0,0.0,0.30422230644000003,380.65818447,304.22230644,121.44683212
2024-02-07T12:00,3600,0.0,0.22751426789999998,0.0,0.0,0.0,0.22751426789999998,288.53036804,227.5142679,91.87988696
2024-02-07T13:00,3600,0.0,0.24554704516999998,0.0,0.0,0.0,0.24554704516999998,310.17859866,245.54704517,98.75659802
2024-02-07T14:00,3600,0.0,0.18329841392,0.0,0.0,0.0,0.18329841392,235.47413817,183.29841392,74.87500974
2024-02-07T15:00,3600,0.0,0.10158309491999999,0.0,0.0,0.0,0.10158309491999999,137.51274333,101.58309492,43.63874413
2024-02-07T16:00,3600,0.0,0.08880944391000001,0.0,0.0,0.0,0.08880944391000001,122.21027081,88.80944391,38.72807766
2024-02-07T17:00,3600,0.0,0.02981916645,0.0,0.0,0.0,0.02981916645,51.57919835,29.81916645,16.31787178
2024-02-07T18:00,3600,0.0,0.0,0.0,0.0,0.0,0.0,0.0,0.0,0.0
2024-02-07T19:00,3600,0.0,0.0,0.0,0.0,0.0,0.0,0.0,0.0,0.0
2024-02-07T20:00,3600,0.0,0.0,0.0,0.0,0.0,0.0,0.0,0.0,0.0
2024-02-07T21:00,3600,0.0,0.0,0.0,0.0,0.0,0.0,0.0,0.0,0.0
2024-02-07T22:00,3600,0.0,0.0,0.0,0.0,0.0,0.0,0.0,0.0,0.0
2024-02-07T23:00,3600,0.0,0.0,0.0,0.0,0.0,0.0,0.0,0.0,0.0
2024-02-08T00:00,3600,0.0,0.0,0.0,0.0,0.0,0.0,0.0,0.0,0.0
2024-02-08T01:00,3600,0.0,0.0,0.0,0.0,0.0,0.0,0.0,0.0,0.0
2024-02-08T02:00,3600,0.0,0.0,0.0,0.0,0.0,0.0,0.0,0.0,0.0
2024-02-08T03:00,3600,0.0,0.0,0.0,0.0,0.0,0.0,0.0,0.0,0.0
2024-02-08T04:00,3600,0.0,0.0,0.0,0.0,0.0,0.0,0.0,0.0,0.0
2024-02-08T05:00,3600,0.0,0.0,0.0,0.0,0.0,0.0,0.0,0.0,0.0
2024-02-08T06:00,3600,0.0,0.0,0.0,0.0,0.0,0.0,0.0,0.0,0.0
2024-02-08T07:00,3600,0.0,0.00214762297,0.0,0.0,0.0,0.00214762297,18.46838891,2.14762297,5.80921165
2024-02-08T08:00,3600,0.0,0.12289737485,0.0,0.0,0.0,0.12289737485,163.0531116,122.89737485,51.48910853
2024-02-08T09:00,3600,0.0,0.09179541872,0.0,0.0,0.0,0.09179541872,125.78712427,91.79541872,39.6962796
2024-02-08T10:00,3600,0.0,0.29555538578999996,0.0,0.0,0.0,0.29555538578999996,370.24376083,295.55538579,117.6736619
2024-02-08T11:00,3600,0.0,0.28336402927000004,0.0,0.0,0.0,0.28336402927000004,355.59655429,283.36402927,113.01670158
2024-02-08T12:00,3600,0.0,0.16362317814,0.0,0.0,0.0,0.16362317814,211.87632618,163.62317814,67.09745488
2024-02-08T13:00,3600,0.0,0.19601286826,0.0,0.0,0.0,0.19601286826,250.72710078,196.01286826,79.39255919
2024-02-08T14:00,3600,0.0,0.12311922853,0.0,0.0,0.0,0.12311922853,163.31899585,123.11922853,51.64027761
2024-02-08T15:00,3600,0.0,0.10613920419,0.0,0.0,0.0,0.10613920419,142.97153559,106.13920419,45.1861728
2024-02-08T16:00,3600,0.0,0.06870962886,0.0,0.0,0.0,0.06870962886,98.13713482,68.70962886,30.98246212
2024-02-08T17:00,3600,0.0,0.007255957320000001,0.0,0.0,0.0,0.007255957320000001,24.5798234,7.25595732,7.74561553
2024-02-08T18:00,3600,0.0,0.0,0.0,0.0,0.0,0.0,0.0,0.0,0.0
2024-02-08T19:00,3600,0.0,0.0,0.0,0.0,0.0,0.0,0.0,0.0,0.0
2024-02-08T20:00,3600,0.0,0.0,0.0,0.0,0.0,0.0,0.0,0.0,0.0
2024-02-08T21:00,3600,0.0,0.0,0.0,0.0,0.0,0.0,0.0,0.0,0.0
2024-02-08T22:00,3600,0.0,0.0,0.0,0.0,0.0,0.0,0.0,0.0,0.0
2024-02-08T23:00,3600,0.0,0.0,0.0,0.0,0.0,0.0,0.0,0.0,0.0
2024-02-09T00:00,3600,0.0,0.0,0.0,0.0,0.0,0.0,0.0,0.0,0.0
2024-02-09T01:00,3600,0.0,0.0,0.0,0.0,0.0,0.0,0.0,0.0,0.0
2024-02-09T02:00,3600,0.0,0.0,0.0,0.0,0.0,0.0,0.0,0.0,0.0
2024-02-09T03:00,3600,0.0,0.0,0.0,0.0,0.0,0.0,0.0,0.0,0.0
2024-02-09T04:00,3600,0.0,0.0,0.0,0.0,0.0,0.0,0.0,0.0,0.0
2024-02-09T05:00,3600,0.0,0.0,0.0,0.0,0.0,0.0,0.0,0.0,0.0
2024-02-09T06:00,3600,0.0,0.0,0.0,0.0,0.0,0.0,0.0,0.0,0.0
2024-02-09T07:00,3600,0.0,0.030725053439999997,0.0,0.0,0.0,0.030725053439999997,52.66338078,30.72505344,16.62338683
2024-02-09T08:00,3600,0.0,0.19078351776,0.0,0.0,0.0,0.19078351776,244.45333314,190.78351776,77.55649019
2024-02-09T09:00,3600,0.0,0.45436730662999997,0.0,0.0,0.0,0.45436730662999997,561.29127408,454.36730663,179.51268283
2024-02-09T10:00,3600,0.0,1.2968505012099998,0.0,0.0,0.0,1.2968505012099998,1582.48451153,1296.85050121,523.01080862
2024-02-09T11:00,3600,0.0,1.78780260147,0.0,0.0,0.0,1.78780260147,2183.69445574,1787.80260147,735.92868602
2024-02-09T12:00,3600,0.0,1.96773887568,0.0,0.0,0.0,1.96773887568,2405.19505128,1967.73887568,817.71777997
2024-02-09T13:00,3600,0.0,1.7313876425200003,0.0,0.0,0.0,1.7313876425200003,2114.37630309,1731.38764252,718.5775854
2024-02-09T14:00,3600,0.0,0.15753694316,0.0,0.0,0.0,0.15753694316,204.57810078,157.53694316,65.83773201
2024-02-09T15:00,3600,0.0,0.08759838237999999,0.0,0.0,0.0,0.08759838237999999,120.75960397,87.59838238,38.72807766
2024-02-09T16:00,3600,0.0,0.04488368535,0.0,0.0,0.0,0.04488368535,69.61058693,44.88368535,22.26864465
2024-02-09T17:00,3600,0.0,0.09166650427,0.0,0.0,0.0,0.09166650427,125.63269634,91.66650427,40.25583708
2024-02-09T18:00,3600,0.0,0.0,0.0,0.0,0.0,0.0,6.09278919,0.0,1.93640388
2024-02-09T19:00,3600,0.0,0.0,0.0,0.0,0.0,0.0,0.0,0.0,0.0
2024-02-09T20:00,3600,0.0,0.0,0.0,0.0,0.0,0.0,0.0,0.0,0.0
2024-02-09T21:00,3600,0.0,0.0,0.0,0.0,0.0,0.0,0.0,0.0,0.0
2024-02-09T22:00,3600,0.0,0.0,0.0,0.0,0.0,0.0,0.0,0.0,0.0
2024-02-09T23:00,3600,0.0,0.0,0.0,0.0,0.0,0.0,0.0,0.0,0.0
2024-02-10T00:00,3600,0.0,0.0,0.0,0.0,0.0,0.0,0.0,0.0,0.0
2024-02-10T01:00,3600,0.0,0.0,0.0,0.0,0.0,0.0,0.0,0.0,0.0
2024-02-10T02:00,3600,0.0,0.0,0.0,0.0,0.0,0.0,0.0,0.0,0.0
2024-02-10T03:00,3600,0.0,0.0,0.0,0.0,0.0,0.0,0.0,0.0,0.0
2024-02-10T04:00,3600,0.0,0.0,0.0,0.0,0.0,0.0,0.0,0.0,0.0
2024-02-10T05:00,3600,0.0,0.0,0.0,0.0,0.0,0.0,0.0,0.0,0.0
2024-02-10T06:00,3600,0.0,0.0,0.0,0.0,0.0,0.0,0.0,0.0,0.0
2024-02-10T07:00,3600,0.0,0.07189952712,0.0,0.0,0.0,0.07189952712,101.95713121,71.89952712,32.44586508
2024-02-10T08:00,3600,0.0,0.62148629271,0.0,0.0,0.0,0.62148629271,762.82433233,621.48629271,247.06593648
2024-02-10T09:00,3600,0.0,1.17860781872,0.0,0.0,0.0,1.17860781872,1438.36732188,1178.60781872,474.91701399
2024-02-10T10:00,3600,0.0,1.6841187811399998,0.0,0.0,0.0,1.6841187811399998,2056.34310997,1684.11878114,702.28835838
2024-02-10T11:00,3600,0.0,2.03625529546,0.0,0.0,0.0,2.03625529546,2489.70306251,2036.25529546,862.83209631
2024-02-10T12:00,3600,0.0,2.1710700000000003,0.0,0.0,0.0,2.1710700000000003,2712.39981693,2171.07,950.66106101
2024-02-10T13:00,3600,0.0,2.14420514068,0.0,0.0,0.0,2.14420514068,2623.03347986,2144.20514068,932.1592996
2024-02-10T14:00,3600,0.0,1.91670162718,0.0,0.0,0.0,1.91670162718,2342.30495464,1916.70162718,824.5857549
2024-02-10T15:00,3600,0.0,1.5274446390999998,0.0,0.0,0.0,1.5274446390999998,1864.29524912,1527.4446391,645.39962983
2024-02-10T16:00,3600,0.0,0.9934633386599999,0.0,0.0,0.0,0.9934633386599999,1213.23262124,993.46333866,412.29577075
2024-02-10T17:00,3600,0.0,0.39252591058,0.0,0.0,0.0,0.39252591058,486.8433161,392.52591058,161.78338553
2024-02-10T18:00,3600,0.0,0.0,0.0,0.0,0.0,0.0,9.02251577,0.0,2.90460582
2024-02-10T19:00,3600,0.0,0.0,0.0,0.0,0.0,0.0,0.0,0.0,0.0
2024-02-10T20:00,3600,0.0,0.0,0.0,0.0,0.0,0.0,0.0,0.0,0.0
2024-02-10T21:00,3600,0.0,0.0,0.0,0.0,0.0,0.0,0.0,0.0,0.0
2024-02-10T22:00,3600,0.0,0.0,0.0,0.0,0.0,0.0,0.0,0.0,0.0
2024-02-10T23:00,3600,0.0,0.0,0.0,0.0,0.0,0.0,0.0,0.0,0.0
2024-02-11T00:00,3600,0.0,0.0,0.0,0.0,0.0,0.0,0.0,0.0,0.0
2024-02-11T01:00,3600,0.0,0.0,0.0,0.0,0.0,0.0,0.0,0.0,0.0
2024-02-11T02:00,3600,0.0,0.0,0.0,0.0,0.0,0.0,0.0,0.0,0.0
2024-02-11T03:00,3600,0.0,0.0,0.0,0.0,0.0,0.0,0.0,0.0,0.0
2024-02-11T04:00,3600,0.0,0.0,0.0,0.0,0.0,0.0,0.0,0.0,0.0
2024-02-11T05:00,3600,0.0,0.0,0.0,0.0,0.0,0.0,0.0,0.0,0.0
2024-02-11T06:00,3600,0.0,0.0,0.0,0.0,0.0,0.0,0.0,0.0,0.0
2024-02-11T07:00,3600,0.0,0.18762827821999997,0.0,0.0,0.0,0.18762827821999997,240.66815864,187.62827822,76.14417057
2024-02-11T08:00,3600,0.0,0.84693043329,0.0,0.0,0.0,0.84693043329,1035.49976093,846.93043329,335.46398772
2024-02-11T09:00,3600,0.0,1.45008093919,0.0,0.0,0.0,1.45008093919,1769.63653216,1450.08093919,592.77865908
2024-02-11T10:00,3600,0.0,1.8744748322099998,0.0,0.0,0.0,1.8744748322099998,2290.30951848,1874.47483221,802.49322719
2024-02-11T11:00,3600,0.0,2.1625010959699997,0.0,0.0,0.0,2.1625010959699997,2645.65361635,2162.50109597,940.69496722
2024-02-11T12:00,3600,0.0,2.1710700000000003,0.0,0.0,0.0,2.1710700000000003,2787.01653975,2171.07,999.20869079
2024-02-11T13:00,3600,0.0,2.1710700000000003,0.0,0.0,0.0,2.1710700000000003,2674.11806613,2171.07,969.81584617
2024-02-11T14:00,3600,0.0,1.9451309228,0.0,0.0,0.0,1.9451309228,2377.33042549,1945.1309228,853.80984679
2024-02-11T15:00,3600,0.0,1.5523867365000001,0.0,0.0,0.0,1.5523867365000001,1894.83747049,1552.3867365,669.22309642
2024-02-11T16:00,3600,0.0,1.01375710447,0.0,0.0,0.0,1.01375710447,1237.87865251,1013.75710447,428.21562901
2024-02-11T17:00,3600,0.0,0.40819671085,0.0,0.0,0.0,0.40819671085,505.7021299,408.19671085,170.68801659
2024-02-11T18:00,3600,0.0,0.0,0.0,0.0,0.0,0.0,11.60745929,0.0,3.75871549
2024-02-11T19:00,3600,0.0,0.0,0.0,0.0,0.0,0.0,0.0,0.0,0.0
2024-02-11T20:00,3600,0.0,0.0,0.0,0.0,0.0,0.0,0.0,0.0,0.0
2024-02-11T21:00,3600,0.0,0.0,0.0,0.0,0.0,0.0,0.0,0.0,0.0
2024-02-11T22:00,3600,0.0,0.0,0.0,0.0,0.0,0.0,0.0,0.0,0.0
2024-02-11T23:00,3600,0.0,0.0,0.0,0.0,0.0,0.0,0.0,0.0,0.0
2024-02-12T00:00,3600,0.0,0.0,0.0,0.0,0.0,0.0,0.0,0.0,0.0
2024-02-12T01:00,3600,0.0,0.0,0.0,0.0,0.0,0.0,0.0,0.0,0.0
2024-02-12T02:00,3600,0.0,0.0,0.0,0.0,0.0,0.0,0.0,0.0,0.0
2024-02-12T03:00,3600,0.0,0.0,0.0,0.0,0.0,0.0,0.0,0.0,0.0
2024-02-12T04:00,3600,0.0,0.0,0.0,0.0,0.0,0.0,0.0,0.0,0.0
2024-02-12T05:00,3600,0.0,0.0,0.0,0.0,0.0,0.0,0.0,0.0,0.0
2024-02-12T06:00,3600,0.0,0.0,0.0,0.0,0.0,0.0,0.0,0.0,0.0
2024-02-12T07:00,3600,0.0,0.17949691286999997,0.0,0.0,0.0,0.17949691286999997,230.91420789,179.49691287,73.09550315
2024-02-12T08:00,3600,0.0,0.8130097727500001,0.0,0.0,0.0,0.8130097727500001,994.41308076,813.00977275,323.51647217
2024-02-12T09:00,3600,0.0,1.3893500541700001,0.0,0.0,0.0,1.3893500541700001,1695.40831465,1389.35005417,573.58490439
2024-02-12T10:00,3600,0.0,1.8099979023000001,0.0,0.0,0.0,1.8099979023000001,2210.98300692,1809.9979023,780.2175415
2024-02-12T11:00,3600,0.0,2.0997497234399995,0.0,0.0,0.0,2.0997497234399995,2568.09843598,2099.74972344,922.18418288
2024-02-12T12:00,3600,0.0,2.1710700000000003,0.0,0.0,0.0,2.1710700000000003,2710.32277071,2171.07,979.22209969
2024-02-12T13:00,3600,0.0,2.13189863741,0.0,0.0,0.0,2.13189863741,2607.82206037,2131.89863741,952.54353089
2024-02-12T14:00,3600,0.0,1.9139131767300002,0.0,0.0,0.0,1.9139131767300002,2338.87036873,1913.91317673,842.65285797
2024-02-12T15:00,3600,0.0,1.52681456729,0.0,0.0,0.0,1.52681456729,1863.52386344,1526.81456729,657.98739534
2024-02-12T16:00,3600,0.0,1.00358454685,0.0,0.0,0.0,1.00358454685,1225.52350193,1003.58454685,423.04701541
2024-02-12T17:00,3600,0.0,0.40251459972,0.0,0.0,0.0,0.40251459972,498.863558,402.51459972,168.15903604
2024-02-12T18:00,3600,0.0,0.0,0.0,0.0,0.0,0.0,11.4851052,0.0,3.74192747
2024-02-12T19:00,3600,0.0,0.0,0.0,0.0,0.0,0.0,0.0,0.0,0.0
2024-02-12T20:00,3600,0.0,0.0,0.0,0.0,0.0,0.0,0.0,0.0,0.0
2024-02-12T21:00,3600,0.0,0.0,0.0,0.0,0.0,0.0,0.0,0.0,0.0
2024-02-12T22:00,3600,0.0,0.0,0.0,0.0,0.0,0.0,0.0,0.0,0.0
2024-02-12T23:00,3600,0.0,0.0,0.0,0.0,0.0,0.0,0.0,0.0,0.0
2024-02-13T00:00,3600,0.0,0.0,0.0,0.0,0.0,0.0,0.0,0.0,0.0
2024-02-13T01:00,3600,0.0,0.0,0.0,0.0,0.0,0.0,0.0,0.0,0.0
2024-02-13T02:00,3600,0.0,0.0,0.0,0.0,0.0,0.0,0.0,0.0,0.0
2024-02-13T03:00,3600,0.0,0.0,0.0,0.0,0.0,0.0,0.0,0.0,0.0
2024-02-13T04:00,3600,0.0,0.0,0.0,0.0,0.0,0.0,0.0,0.0,0.0
2024-02-13T05:00,3600,0.0,0.0,0.0,0.0,0.0,0.0,0.0,0.0,0.0
2024-02-13T06:00,3600,0.0,0.0,0.0,0.0,0.0,0.0,0.0,0.0,0.0
2024-02-13T07:00,3600,0.0,0.15768565716,0.0,0.0,0.0,0.15768565716,204.75642126,157.68565716,65.60026272
2024-02-13T08:00,3600,0.0,0.67546351153,0.0,0.0,0.0,0.67546351153,828.02532374,675.46351153,271.282141
2024-02-13T09:00,3600,0.0,1.2324633273799999,0.0,0.0,0.0,1.2324633273799999,1503.97531257,1232.46332738,508.41337027
2024-02-13T10:00,3600,0.0,1.66623815257,0.0,0.0,0.0,1.66623815257,2034.40174741,1666.23815257,715.52380363
2024-02-13T11:00,3600,0.0,1.97457491645,0.0,0.0,0.0,1.97457491645,2413.62251933,1974.57491645,862.58676286
2024-02-13T12:00,3600,0.0,2.0150877156,0.0,0.0,0.0,2.0150877156,2463.58528359,2015.0877156,883.47410252
2024-02-13T13:00,3600,0.0,1.37670628952,0.0,0.0,0.0,1.37670628952,1679.96325184,1376.70628952,589.17331141
2024-02-13T14:00,3600,0.0,1.31873618939,0.0,0.0,0.0,1.31873618939,1609.18810323,1318.73618939,561.26436876
2024-02-13T15:00,3600,0.0,0.82908170681,0.0,0.0,0.0,0.82908170681,1013.87770673,829.08170681,347.27879814
2024-02-13T16:00,3600,0.0,0.73477954788,0.0,0.0,0.0,0.73477954788,899.73660714,734.77954788,307.51170593
2024-02-13T17:00,3600,0.0,0.24407838993,0.0,0.0,0.0,0.24407838993,308.41526996,244.07838993,103.56796225
2024-02-13T18:00,3600,0.0,0.0,0.0,0.0,0.0,0.0,8.83343034,0.0,2.90460582
2024-02-13T19:00,3600,0.0,0.0,0.0,0.0,0.0,0.0,0.0,0.0,0.0
2024-02-13T20:00,3600,0.0,0.0,0.0,0.0,0.0,0.0,0.0,0.0,0.0
2024-02-13T21:00,3600,0.0,0.0,0.0,0.0,0.0,0.0,0.0,0.0,0.0
2024-02-13T22:00,3600,0.0,0.0,0.0,0.0,0.0,0.0,0.0,0.0,0.0
2024-02-13T23:00,3600,0.0,0.0,0.0,0.0,0.0,0.0,0.0,0.0,0.0
2024-02-14T00:00,3600,0.0,0.0,0.0,0.0,0.0,0.0,0.0,0.0,0.0
2024-02-14T01:00,3600,0.0,0.0,0.0,0.0,0.0,0.0,0.0,0.0,0.0
2024-02-14T02:00,3600,0.0,0.0,0.0,0.0,0.0,0.0,0.0,0.0,0.0
2024-02-14T03:00,3600,0.0,0.0,0.0,0.0,0.0,0.0,0.0,0.0,0.0
2024-02-14T04:00,3600,0.0,0.0,0.0,0.0,0.0,0.0,0.0,0.0,0.0
2024-02-14T05:00,3600,0.0,0.0,0.0,0.0,0.0,0.0,0.0,0.0,0.0
2024-02-14T06:00,3600,0.0,0.0,0.0,0.0,0.0,0.0,0.0,0.0,0.0
2024-02-14T07:00,3600,0.0,0.12368634093,0.0,0.0,0.0,0.12368634093,163.99866513,123.68634093,52.87724714
2024-02-14T08:00,3600,0.0,0.6063651874299999,0.0,0.0,0.0,0.6063651874299999,744.56853405,606.36518743,244.99282466
2024-02-14T09:00,3600,0.0,1.13191470015,0.0,0.0,0.0,1.13191470015,1381.52857156,1131.91470015,467.23908555
2024-02-14T10:00,3600,0.0,1.56904652951,0.0,0.0,0.0,1.56904652951,1915.24438875,1569.04652951,677.66838464
2024-02-14T11:00,3600,0.0,1.76693308893,0.0,0.0,0.0,1.76693308893,2158.0445626,1766.93308893,771.70836127
2024-02-14T12:00,3600,0.0,1.22276359641,0.0,0.0,0.0,1.22276359641,1492.154876,1222.76359641,518.29553975
2024-02-14T13:00,3600,0.0,1.0981094522500001,0.0,0.0,0.0,1.0981094522500001,1340.40337746,1098.10945225,467.34792371
2024-02-14T14:00,3600,0.0,0.76108266643,0.0,0.0,0.0,0.76108266643,931.55687886,761.08266643,320.80035689
2024-02-14T15:00,3600,0.0,0.5848534816400001,0.0,0.0,0.0,0.5848534816400001,718.6044966,584.85348164,246.14263843
2024-02-14T16:00,3600,0.0,0.33796065597,0.0,0.0,0.0,0.33796065597,421.21201269,337.96065597,142.67259783
2024-02-14T17:00,3600,0.0,0.20707089662999997,0.0,0.0,0.0,0.20707089662999997,263.99527143,207.07089663,89.09499422
2024-02-14T18:00,3600,0.0,0.0,0.0,0.0,0.0,0.0,8.77850222,0.0,2.90460582
2024-02-14T19:00,3600,0.0,0.0,0.0,0.0,0.0,0.0,0.0,0.0,0.0
2024-02-14T20:00,3600,0.0,0.0,0.0,0.0,0.0,0.0,0.0,0.0,0.0
2024-02-14T21:00,3600,0.0,0.0,0.0,0.0,0.0,0.0,0.0,0.0,0.0
2024-02-14T22:00,3600,0.0,0.0,0.0,0.0,0.0,0.0,0.0,0.0,0.0
2024-02-14T23:00,3600,0.0,0.0,0.0,0.0,0.0,0.0,0.0,0.0,0.0
2024-02-15T00:00,3600,0.0,0.0,0.0,0.0,0.0,0.0,0.0,0.0,0.0
2024-02-15T01:00,3600,0.0,0.0,0.0,0.0,0.0,0.0,0.0,0.0,0.0
2024-02-15T02:00,3600,0.0,0.0,0.0,0.0,0.0,0.0,0.0,0.0,0.0
2024-02-15T03:00,3600,0.0,0.0,0.0,0.0,0.0,0.0,0.0,0.0,0.0
2024-02-15T04:00,3600,0.0,0.0,0.0,0.0,0.0,0.0,0.0,0.0,0.0
2024-02-15T05:00,3600,0.0,0.0,0.0,0.0,0.0,0.0,0.0,0.0,0.0
2024-02-15T06:00,3600,0.0,0.0,0.0,0.0,0.0,0.0,0.0,0.0,0.0
2024-02-15T07:00,3600,0.0,0.12124243796999999,0.0,0.0,0.0,0.12124243796999999,161.06975256,121.24243797,52.29263883
2024-02-15T08:00,3600,0.0,0.5260542019700001,0.0,0.0,0.0,0.5260542019700001,647.67828618,526.05420197,214.34654364
2024-02-15T09:00,3600,0.0,0.96568950133,0.0,0.0,0.0,0.96568950133,1179.51468085,965.68950133,398.60073744
2024-02-15T10:00,3600,0.0,1.38108850599,0.0,0.0,0.0,1.38108850599,1685.31603202,1381.08850599,591.92656399
2024-02-15T11:00,3600,0.0,1.4915194369900002,0.0,0.0,0.0,1.4915194369900002,1820.3246941,1491.51943699,644.479439
2024-02-15T12:00,3600,0.0,1.5944809694600002,0.0,0.0,0.0,1.5944809694600002,1946.40973367,1594.48096946,692.72491426
2024-02-15T13:00,3600,0.0,1.73977414064,0.0,0.0,0.0,1.73977414064,2124.67709198,1739.77414064,769.89763475
2024-02-15T14:00,3600,0.0,1.3435442656499998,0.0,0.0,0.0,1.3435442656499998,1639.46830596,1343.54426565,583.03530335
2024-02-15T15:00,3600,0.0,0.82037047482,0.0,0.0,0.0,0.82037047482,1003.32699511,820.37047482,348.87274747
2024-02-15T16:00,3600,0.0,0.48805039749,0.0,0.0,0.0,0.48805039749,601.86983378,488.05039749,205.7275711
2024-02-15T17:00,3600,0.0,0.18764635674,0.0,0.0,0.0,0.18764635674,240.68984598,187.64635674,81.24367988
2024-02-15T18:00,3600,0.0,0.0,0.0,0.0,0.0,0.0,8.76312887,0.0,2.90460582
2024-02-15T19:00,3600,0.0,0.0,0.0,0.0,0.0,0.0,0.0,0.0,0.0
2024-02-15T20:00,3600,0.0,0.0,0.0,0.0,0.0,0.0,0.0,0.0,0.0
2024-02-15T21:00,3600,0.0,0.0,0.0,0.0,0.0,0.0,0.0,0.0,0.0
2024-02-15T22:00,3600,0.0,0.0,0.0,0.0,0.0,0.0,0.0,0.0,0.0
2024-02-15T23:00,3600,0.0,0.0,0.0,0.0,0.0,0.0,0.0,0.0,0.0
2024-02-16T00:00,3600,0.0,0.0,0.0,0.0,0.0,0.0,0.0,0.0,0.0
2024-02-16T01:00,3600,0.0,0.0,0.0,0.0,0.0,0.0,0.0,0.0,0.0
2024-02-16T02:00,3600,0.0,0.0,0.0,0.0,0.0,0.0,0.0,0.0,0.0
2024-02-16T03:00,3600,0.0,0.0,0.0,0.0,0.0,0.0,0.0,0.0,0.0
2024-02-16T04:00,3600,0.0,0.0,0.0,0.0,0.0,0.0,0.0,0.0,0.0
2024-02-16T05:00,3600,0.0,0.0,0.0,0.0,0.0,0.0,0.0,0.0,0.0
2024-02-16T06:00,3600,0.0,0.0,0.0,0.0,0.0,0.0,0.0,0.0,0.0
2024-02-16T07:00,3600,0.0,0.11692839162999999,0.0,0.0,0.0,0.11692839162999999,155.89981313,116.92839163,50.73101405
2024-02-16T08:00,3600,0.0,0.38727032437000003,0.0,0.0,0.0,0.38727032437000003,480.51954288,387.27032437,157.63956255
2024-02-16T09:00,3600,0.0,0.73467139791,0.0,0.0,0.0,0.73467139791,899.60579855,734.67139791,298.72139893
2024-02-16T10:00,3600,0.0,1.19608728732,0.0,0.0,0.0,1.19608728732,1459.65525802,1196.08728732,498.92764869
2024-02-16T11:00,3600,0.0,1.8074513971500001,0.0,0.0,0.0,1.8074513971500001,2207.85166331,1807.45139715,776.77970643
2024-02-16T12:00,3600,0.0,2.01845261377,0.0,0.0,0.0,2.01845261377,2467.73650672,2018.45261377,882.28531643
2024-02-16T13:00,3600,0.0,1.90959741684,0.0,0.0,0.0,1.90959741684,2333.55486392,1909.59741684,840.74657615
2024-02-16T14:00,3600,0.0,1.66963968743,0.0,0.0,0.0,1.66963968743,2038.57530837,1669.63968743,728.27435536
2024-02-16T15:00,3600,0.0,1.24971219192,0.0,0.0,0.0,1.24971219192,1524.99974423,1249.71219192,535.4367635
2024-02-16T16:00,3600,0.0,0.8016480266700001,0.0,0.0,0.0,0.8016480266700001,980.65579923,801.64802667,336.86132916
2024-02-16T17:00,3600,0.0,0.27538338653,0.0,0.0,0.0,0.27538338653,346.00971953,275.38338653,116.18851572
2024-02-16T18:00,3600,0.0,0.0,0.0,0.0,0.0,0.0,11.75208087,0.0,3.87280777
2024-02-16T19:00,3600,0.0,0.0,0.0,0.0,0.0,0.0,0.0,0.0,0.0
2024-02-16T20:00,3600,0.0,0.0,0.0,0.0,0.0,0.0,0.0,0.0,0.0
2024-02-16T21:00,3600,0.0,0.0,0.0,0.0,0.0,0.0,0.0,0.0,0.0
2024-02-16T22:00,3600,0.0,0.0,0.0,0.0,0.0,0.0,0.0,0.0,0.0
2024-02-16T23:00,3600,0.0,0.0,0.0,0.0,0.0,0.0,0.0,0.0,0.0
2024-02-17T00:00,3600,0.0,0.0,0.0,0.0,0.0,0.0,0.0,0.0,0.0
2024-02-17T01:00,3600,0.0,0.0,0.0,0.0,0.0,0.0,0.0,0.0,0.0
2024-02-17T02:00,3600,0.0,0.0,0.0,0.0,0.0,0.0,0.0,0.0,0.0
2024-02-17T03:00,3600,0.0,0.0,0.0,0.0,0.0,0.0,0.0,0.0,0.0
2024-02-17T04:00,3600,0.0,0.0,0.0,0.0,0.0,0.0,0.0,0.0,0.0
2024-02-17T05:00,3600,0.0,0.0,0.0,0.0,0.0,0.0,0.0,0.0,0.0
2024-02-17T06:00,3600,0.0,0.0,0.0,0.0,0.0,0.0,0.0,0.0,0.0
2024-02-17T07:00,3600,0.0,0.04463184378,0.0,0.0,0.0,0.04463184378,69.30911352,44.63184378,22.63696387
2024-02-17T08:00,3600,0.0,0.22401040123000002,0.0,0.0,0.0,0.22401040123000002,284.32467433,224.01040123,93.40816146
2024-02-17T09:00,3600,0.0,0.4287994872,0.0,0.0,0.0,0.4287994872,530.50300428,428.7994872,175.40264707
2024-02-17T10:00,3600,0.0,0.92890493828,0.0,0.0,0.0,0.92890493828,1134.87951841,928.90493828,385.21061678
2024-02-17T11:00,3600,0.0,1.1785046526299998,0.0,0.0,0.0,1.1785046526299998,1438.24169467,1178.50465263,494.56348496
2024-02-17T12:00,3600,0.0,0.85405777946,0.0,0.0,0.0,0.85405777946,1044.13550812,854.05777946,354.09793947
2024-02-17T13:00,3600,0.0,0.6359813327399999,0.0,0.0,0.0,0.6359813327399999,780.32818727,635.98133274,264.14392805
2024-02-17T14:00,3600,0.0,0.6255668543899999,0.0,0.0,0.0,0.6255668543899999,767.75153148,625.56685439,259.79448354
2024-02-17T15:00,3600,0.0,0.5802874714,0.0,0.0,0.0,0.5802874714,713.09453047,580.2874714,240.95499202
2024-02-17T16:00,3600,0.0,0.35378010358,0.0,0.0,0.0,0.35378010358,440.23419051,353.78010358,147.51217985
2024-02-17T17:00,3600,0.0,0.16664355908999998,0.0,0.0,0.0,0.16664355908999998,215.49842002,166.64355909,71.8252555
2024-02-17T18:00,3600,0.0,0.0,0.0,0.0,0.0,0.0,5.86719046,0.0,1.93640388
2024-02-17T19:00,3600,0.0,0.0,0.0,0.0,0.0,0.0,0.0,0.0,0.0
2024-02-17T20:00,3600,0.0,0.0,0.0,0.0,0.0,0.0,0.0,0.0,0.0
2024-02-17T21:00,3600,0.0,0.0,0.0,0.0,0.0,0.0,0.0,0.0,0.0
2024-02-17T22:00,3600,0.0,0.0,0.0,0.0,0.0,0.0,0.0,0.0,0.0
2024-02-17T23:00,3600,0.0,0.0,0.0,0.0,0.0,0.0,0.0,0.0,0.0
2024-02-18T00:00,3600,0.0,0.0,0.0,0.0,0.0,0.0,0.0,0.0,0.0
2024-02-18T01:00,3600,0.0,0.0,0.0,0.0,0.0,0.0,0.0,0.0,0.0
2024-02-18T02:00,3600,0.0,0.0,0.0,0.0,0.0,0.0,0.0,0.0,0.0
2024-02-18T03:00,3600,0.0,0.0,0.0,0.0,0.0,0.0,0.0,0.0,0.0
2024-02-18T04:00,3600,0.0,0.0,0.0,0.0,0.0,0.0,0.0,0.0,0.0
2024-02-18T05:00,3600,0.0,0.0,0.0,0.0,0.0,0.0,0.0,0.0,0.0
2024-02-18T06:00,3600,0.0,0.0,0.0,0.0,0.0,0.0,0.0,0.0,0.0
2024-02-18T07:00,3600,0.0,0.04760606033,0.0,0.0,0.0,0.04760606033,72.86954746,47.60606033,23.95850768
2024-02-18T08:00,3600,0.0,0.16944481179999998,0.0,0.0,0.0,0.16944481179999998,218.8578769,169.4448118,72.31040439
2024-02-18T09:00,3600,0.0,0.28232551772,0.0,0.0,0.0,0.28232551772,354.34896623,282.32551772,117.72927165
2024-02-18T10:00,3600,0.0,0.8495380496400001,0.0,0.0,0.0,0.8495380496400001,1038.65913361,849.53804964,354.45066072
2024-02-18T11:00,3600,0.0,1.3564100395299998,0.0,0.0,0.0,1.3564100395299998,1655.17655293,1356.41003953,577.02408735
2024-02-18T12:00,3600,0.0,1.26602122583,0.0,0.0,0.0,1.26602122583,1544.88375622,1266.02122583,537.66080408
2024-02-18T13:00,3600,0.0,1.2217142411200002,0.0,0.0,0.0,1.2217142411200002,1490.87619996,1221.71424112,521.2948592
2024-02-18T14:00,3600,0.0,1.17947503256,0.0,0.0,0.0,1.17947503256,1439.42335171,1179.47503256,503.10842675
2024-02-18T15:00,3600,0.0,0.9863930182,0.0,0.0,0.0,0.9863930182,1204.64776952,986.3930182,418.29799119
2024-02-18T16:00,3600,0.0,0.7007349856399999,0.0,0.0,0.0,0.7007349856399999,858.56990381,700.73498564,294.2778756
2024-02-18T17:00,3600,0.0,0.33866488258,0.0,0.0,0.0,0.33866488258,422.05871794,338.66488258,142.7309261
2024-02-18T18:00,3600,0.0,0.0,0.0,0.0,0.0,0.0,13.85423715,0.0,4.60378412
2024-02-18T19:00,3600,0.0,0.0,0.0,0.0,0.0,0.0,0.0,0.0,0.0
2024-02-18T20:00,3600,0.0,0.0,0.0,0.0,0.0,0.0,0.0,0.0,0.0
2024-02-18T21:00,3600,0.0,0.0,0.0,0.0,0.0,0.0,0.0,0.0,0.0
2024-02-18T22:00,3600,0.0,0.0,0.0,0.0,0.0,0.0,0.0,0.0,0.0
2024-02-18T23:00,3600,0.0,0.0,0.0,0.0,0.0,0.0,0.0,0.0,0.0
2024-02-19T00:00,3600,0.0,0.0,0.0,0.0,0.0,0.0,0.0,0.0,0.0
2024-02-19T01:00,3600,0.0,0.0,0.0,0.0,0.0,0.0,0.0,0.0,0.0
2024-02-19T02:00,3600,0.0,0.0,0.0,0.0,0.0,0.0,0.0,0.0,0.0
2024-02-19T03:00,3600,0.0,0.0,0.0,0.0,0.0,0.0,0.0,0.0,0.0
2024-02-19T04:00,3600,0.0,0.0,0.0,0.0,0.0,0.0,0.0,0.0,0.0
2024-02-19T05:00,3600,0.0,0.0,0.0,0.0,0.0,0.0,0.0,0.0,0.0
2024-02-19T06:00,3600,0.0,0.0,0.0,0.0,0.0,0.0,0.0,0.0,0.0
2024-02-19T07:00,3600,0.0,0.06445750414,0.0,0.0,0.0,0.06445750414,93.04537228,64.45750414,30.70830956
2024-02-19T08:00,3600,0.0,0.3327073526,0.0,0.0,0.0,0.3327073526,414.89614583,332.7073526,138.43729162
2024-02-19T09:00,3600,0.0,0.56944104845,0.0,0.0,0.0,0.56944104845,700.00728729,569.44104845,235.70076307
2024-02-19T10:00,3600,0.0,0.77544983464,0.0,0.0,0.0,0.77544983464,948.94295444,775.44983464,323.88980184
2024-02-19T11:00,3600,0.0,0.84723016463,0.0,0.0,0.0,0.84723016463,1035.8629073,847.23016463,354.46415328
2024-02-19T12:00,3600,0.0,0.9427068226699999,0.0,0.0,0.0,0.9427068226699999,1151.62408395,942.70682267,395.4959322
2024-02-19T13:00,3600,0.0,0.75391345979,0.0,0.0,0.0,0.75391345979,922.88265459,753.91345979,316.92581602
2024-02-19T14:00,3600,0.0,0.83533809392,0.0,0.0,0.0,0.83533809392,1021.45606467,835.33809392,352.50977315
2024-02-19T15:00,3600,0.0,0.5571964714,0.0,0.0,0.0,0.5571964714,685.23560635,557.1964714,234.20588599
2024-02-19T16:00,3600,0.0,0.39737697434999997,0.0,0.0,0.0,0.39737697434999997,492.68079038,397.37697435,167.15944354
2024-02-19T17:00,3600,0.0,0.18211629766999998,0.0,0.0,0.0,0.18211629766999998,234.05615282,182.11629767,78.7793003
2024-02-19T18:00,3600,0.0,0.0,0.0,0.0,0.0,0.0,13.76614844,0.0,4.58569208
2024-02-19T19:00,3600,0.0,0.0,0.0,0.0,0.0,0.0,0.0,0.0,0.0
2024-02-19T20:00,3600,0.0,0.0,0.0,0.0,0.0,0.0,0.0,0.0,0.0
2024-02-19T21:00,3600,0.0,0.0,0.0,0.0,0.0,0.0,0.0,0.0,0.0
2024-02-19T22:00,3600,0.0,0.0,0.0,0.0,0.0,0.0,0.0,0.0,0.0
2024-02-19T23:00,3600,0.0,0.0,0.0,0.0,0.0,0.0,0.0,0.0,0.0
2024-02-20T00:00,3600,0.0,0.0,0.0,0.0,0.0,0.0,0.0,0.0,0.0
2024-02-20T01:00,3600,0.0,0.0,0.0,0.0,0.0,0.0,0.0,0.0,0.0
2024-02-20T02:00,3600,0.0,0.0,0.0,0.0,0.0,0.0,0.0,0.0,0.0
2024-02-20T03:00,3600,0.0,0.0,0.0,0.0,0.0,0.0,0.0,0.0,0.0
2024-02-20T04:00,3600,0.0,0.0,0.0,0.0,0.0,0.0,0.0,0.0,0.0
2024-02-20T05:00,3600,0.0,0.0,0.0,0.0,0.0,0.0,0.0,0.0,0.0
2024-02-20T06:00,3600,0.0,0.0,0.0,0.0,0.0,0.0,0.0,0.0,0.0
2024-02-20T07:00,3600,0.0,0.02952049061,0.0,0.0,0.0,0.02952049061,51.22174074,29.52049061,16.9976096
2024-02-20T08:00,3600,0.0,0.22133292230999999,0.0,0.0,0.0,0.22133292230999999,281.11104247,221.33292231,93.83506306
2024-02-20T09:00,3600,0.0,0.88738643574,0.0,0.0,0.0,0.88738643574,1084.53011126,887.38643574,371.14146956
2024-02-20T10:00,3600,0.0,1.26354325675,0.0,0.0,0.0,1.26354325675,1541.86228925,1263.54325675,538.97581655
2024-02-20T11:00,3600,0.0,1.3483293405399999,0.0,0.0,0.0,1.3483293405399999,1645.31019744,1348.32934054,577.43180583
2024-02-20T12:00,3600,0.0,1.0712269732800002,0.0,0.0,0.0,1.0712269732800002,1307.71514216,1071.22697328,454.69300357
2024-02-20T13:00,3600,0.0,1.3450854940399999,0.0,0.0,0.0,1.3450854940399999,1641.34987815,1345.08549404,577.36871627
2024-02-20T14:00,3600,0.0,1.0600544004799999,0.0,0.0,0.0,1.0600544004799999,1294.13360323,1060.05440048,450.46171507
2024-02-20T15:00,3600,0.0,0.96977107715,0.0,0.0,0.0,0.96977107715,1184.46889279,969.77107715,410.67209942
2024-02-20T16:00,3600,0.0,0.58461865901,0.0,0.0,0.0,0.58461865901,718.32111857,584.61865901,245.92678096
2024-02-20T17:00,3600,0.0,0.25370516524000003,0.0,0.0,0.0,0.25370516524000003,319.97428086,253.70516524,108.35466627
2024-02-20T18:00,3600,0.0,0.0,0.0,0.0,0.0,0.0,13.6518453,0.0,4.57150686
2024-02-20T19:00,3600,0.0,0.0,0.0,0.0,0.0,0.0,0.0,0.0,0.0
2024-02-20T20:00,3600,0.0,0.0,0.0,0.0,0.0,0.0,0.0,0.0,0.0
2024-02-20T21:00,3600,0.0,0.0,0.0,0.0,0.0,0.0,0.0,0.0,0.0
2024-02-20T22:00,3600,0.0,0.0,0.0,0.0,0.0,0.0,0.0,0.0,0.0
2024-02-20T23:00,3600,0.0,0.0,0.0,0.0,0.0,0.0,0.0,0.0,0.0
2024-02-21T00:00,3600,0.0,0.0,0.0,0.0,0.0,0.0,0.0,0.0,0.0
2024-02-21T01:00,3600,0.0,0.0,0.0,0.0,0.0,0.0,0.0,0.0,0.0
2024-02-21T02:00,3600,0.0,0.0,0.0,0.0,0.0,0.0,0.0,0.0,0.0
2024-02-21T03:00,3600,0.0,0.0,0.0,0.0,0.0,0.0,0.0,0.0,0.0
2024-02-21T04:00,3600,0.0,0.0,0.0,0.0,0.0,0.0,0.0,0.0,0.0
2024-02-21T05:00,3600,0.0,0.0,0.0,0.0,0.0,0.0,0.0,0.0,0.0
2024-02-21T06:00,3600,0.0,0.0,0.0,0.0,0.0,0.0,0.0,0.0,0.0
2024-02-21T07:00,3600,0.0,0.07248078110999999,0.0,0.0,0.0,0.07248078110999999,102.65321932,72.48078111,34.23552509
2024-02-21T08:00,3600,0.0,0.35712290058,0.0,0.0,0.0,0.35712290058,444.25433048,357.12290058,149.61455513
2024-02-21T09:00,3600,0.0,0.96821656888,0.0,0.0,0.0,0.96821656888,1182.58199614,968.21656888,406.55013224
2024-02-21T10:00,3600,0.0,1.2540607025500001,0.0,0.0,0.0,1.2540607025500001,1530.30097095,1254.06070255,535.83899648
2024-02-21T11:00,3600,0.0,1.44067404334,0.0,0.0,0.0,1.44067404334,1758.13440887,1440.67404334,620.80145939
2024-02-21T12:00,3600,0.6852861224017425,1.43694357686,0.6852861224017425,0.0,0.0,0.7516574544582576,1753.57350725,1436.94357686,619.05595572
2024-02-21T13:00,3600,0.6672374484014711,1.35126044156,0.6672374484014711,0.0,0.0,0.6840229931585289,1648.88886511,1351.26044156,584.77193703
2024-02-21T14:00,3600,0.6020134903695628,1.0104415911900002,0.6020134903695628,0.0,0.0,0.40842810082043746,1233.85156211,1010.44159119,432.35355858
2024-02-21T15:00,3600,0.6480395524945566,1.2493071627,0.6480395524945566,0.0,0.0,0.6012676102054435,1524.50599511,1249.3071627,539.01306714
2024-02-21T16:00,3600,0.5002421913583285,0.80052427082,0.5002421913583285,0.0,0.0,0.3002820794616715,979.29523707,800.52427082,339.20090631
2024-02-21T17:00,3600,0.4206137098310966,0.34383728591,0.34383728591,0.07677642392109657,0.0,0.0,428.27787175,343.83728591,146.31621973
2024-02-21T18:00,3600,0.0,0.0029153409199999996,0.0,0.0,0.0,0.0029153409199999996,19.38683059,2.91534092,6.48862555
2024-02-21T19:00,3600,0.0,0.0,0.0,0.0,0.0,0.0,0.0,0.0,0.0
2024-02-21T20:00,3600,0.0,0.0,0.0,0.0,0.0,0.0,0.0,0.0,0.0
2024-02-21T21:00,3600,0.0,0.0,0.0,0.0,0.0,0.0,0.0,0.0,0.0
2024-02-21T22:00,3600,0.0,0.0,0.0,0.0,0.0,0.0,0.0,0.0,0.0
2024-02-21T23:00,3600,0.0,0.0,0.0,0.0,0.0,0.0,0.0,0.0,0.0
2024-02-22T00:00,3600,0.0,0.0,0.0,0.0,0.0,0.0,0.0,0.0,0.0
2024-02-22T01:00,3600,0.0,0.0,0.0,0.0,0.0,0.0,0.0,0.0,0.0
2024-02-22T02:00,3600,0.0,0.0,0.0,0.0,0.0,0.0,0.0,0.0,0.0
2024-02-22T03:00,3600,0.0,0.0,0.0,0.0,0.0,0.0,0.0,0.0,0.0
2024-02-22T04:00,3600,0.0,0.0,0.0,0.0,0.0,0.0,0.0,0.0,0.0
2024-02-22T05:00,3600,0.0,0.0,0.0,0.0,0.0,0.0,0.0,0.0,0.0
2024-02-22T06:00,3600,0.0,0.0,0.0,0.0,0.0,0.0,0.0,0.0,0.0
2024-02-22T07:00,3600,0.0,0.01116140636,0.0,0.0,0.0,0.01116140636,29.25247935,11.16140636,9.68201941
2024-02-22T08:00,3600,0.0,0.09160199593999999,0.0,0.0,0.0,0.09160199593999999,125.55542127,91.60199594,41.63268348
2024-02-22T09:00,3600,0.0,0.15299422369000001,0.0,0.0,0.0,0.15299422369000001,199.1311915,152.99422369,65.83773201
2024-02-22T10:00,3600,0.0,0.65119481607,0.0,0.0,0.0,0.65119481607,798.70373494,651.19481607,267.56309964
2024-02-22T11:00,3600,0.0,0.7754462569599999,0.0,0.0,0.0,0.7754462569599999,948.93862453,775.44625696,318.24540516
2024-02-22T12:00,3600,0.0,0.71579319479,0.0,0.0,0.0,0.71579319479,876.77568396,715.79319479,292.76764935
2024-02-22T13:00,3600,0.18997139577508704,0.7370124810199999,0.18997139577508704,0.0,0.0,0.5470410852449129,902.43741216,737.01248102,301.25829071
2024-02-22T14:00,3600,0.09232698529411763,0.61445963292,0.09232698529411763,0.0,0.0,0.5221326476258824,754.3404874,614.45963292,250.49360358
2024-02-22T15:00,3600,0.0957461147058823,0.58666078026,0.0957461147058823,0.0,0.0,0.4909146655541177,720.7855325,586.66078026,239.53683661
2024-02-22T16:00,3600,0.0,0.60723504167,0.0,0.0,0.0,0.60723504167,745.6186013,607.23504167,247.0885518
2024-02-22T17:00,3600,0.0,0.18582702702,0.0,0.0,0.0,0.18582702702,238.50737229,185.82702702,77.98383645
2024-02-22T18:00,3600,0.0,0.0,0.0,0.0,0.0,0.0,15.01565113,0.0,4.84100971
2024-02-22T19:00,3600,0.0,0.0,0.0,0.0,0.0,0.0,0.0,0.0,0.0
2024-02-22T20:00,3600,0.0,0.0,0.0,0.0,0.0,0.0,0.0,0.0,0.0
2024-02-22T21:00,3600,0.0,0.0,0.0,0.0,0.0,0.0,0.0,0.0,0.0
2024-02-22T22:00,3600,0.0,0.0,0.0,0.0,0.0,0.0,0.0,0.0,0.0
2024-02-22T23:00,3600,0.0,0.0,0.0,0.0,0.0,0.0,0.0,0.0,0.0
2024-02-23T00:00,3600,0.0,0.0,0.0,0.0,0.0,0.0,0.0,0.0,0.0
2024-02-23T01:00,3600,0.0,0.0,0.0,0.0,0.0,0.0,0.0,0.0,0.0
2024-02-23T02:00,3600,0.0,0.0,0.0,0.0,0.0,0.0,0.0,0.0,0.0
2024-02-23T03:00,3600,0.0,0.0,0.0,0.0,0.0,0.0,0.0,0.0,0.0
2024-02-23T04:00,3600,0.0,0.0,0.0,0.0,0.0,0.0,0.0,0.0,0.0
2024-02-23T05:00,3600,0.0,0.0,0.0,0.0,0.0,0.0,0.0,0.0,0.0
2024-02-23T06:00,3600,0.0,0.0,0.0,0.0,0.0,0.0,0.0,0.0,0.0
2024-02-23T07:00,3600,0.0,0.01212669463,0.0,0.0,0.0,0.01212669463,30.40743556,12.12669463,9.68201941
2024-02-23T08:00,3600,0.0,0.10325407708,0.0,0.0,0.0,0.10325407708,139.51474735,103.25407708,44.5372893
2024-02-23T09:00,3600,0.0,0.34853305225000003,0.0,0.0,0.0,0.34853305225000003,433.92434718,348.53305225,139.57547381
2024-02-23T10:00,3600,0.0,0.5198355716399999,0.0,0.0,0.0,0.5198355716399999,640.1807765,519.83557164,207.5669999
2024-02-23T11:00,3600,0.0,0.6702470277899999,0.0,0.0,0.0,0.6702470277899999,821.72182886,670.24702779,267.72458063
2024-02-23T12:00,3600,0.0,0.84533952197,0.0,0.0,0.0,0.84533952197,1033.57228356,845.33952197,339.04591769
2024-02-23T13:00,3600,0.0,0.6275400088799999,0.0,0.0,0.0,0.6275400088799999,770.13418609,627.54000888,251.3281612
2024-02-23T14:00,3600,0.0,0.5826955676699999,0.0,0.0,0.0,0.5826955676699999,716.00041821,582.69556767,233.0170563
2024-02-23T15:00,3600,0.0,0.44291435923,0.0,0.0,0.0,0.44291435923,547.49839794,442.91435923,177.35968055
2024-02-23T16:00,3600,0.0,0.27787904392,0.0,0.0,0.0,0.27787904392,349.00753265,277.87904392,112.36609763
2024-02-23T17:00,3600,0.0,0.14704321544,0.0,0.0,0.0,0.14704321544,191.99624224,147.04321544,61.54267527
2024-02-23T18:00,3600,0.0,0.0,0.0,0.0,0.0,0.0,11.17866652,0.0,3.54842137
2024-02-23T19:00,3600,0.0,0.0,0.0,0.0,0.0,0.0,0.0,0.0,0.0
2024-02-23T20:00,3600,0.0,0.0,0.0,0.0,0.0,0.0,0.0,0.0,0.0
2024-02-23T21:00,3600,0.0,0.0,0.0,0.0,0.0,0.0,0.0,0.0,0.0
2024-02-23T22:00,3600,0.0,0.0,0.0,0.0,0.0,0.0,0.0,0.0,0.0
2024-02-23T23:00,3600,0.0,0.0,0.0,0.0,0.0,0.0,0.0,0.0,0.0
2024-02-24T00:00,3600,0.0,0.0,0.0,0.0,0.0,0.0,0.0,0.0,0.0
2024-02-24T01:00,3600,0.0,0.0,0.0,0.0,0.0,0.0,0.0,0.0,0.0
2024-02-24T02:00,3600,0.0,0.0,0.0,0.0,0.0,0.0,0.0,0.0,0.0
2024-02-24T03:00,3600,0.0,0.0,0.0,0.0,0.0,0.0,0.0,0.0,0.0
2024-02-24T04:00,3600,0.0,0.0,0.0,0.0,0.0,0.0,0.0,0.0,0.0
2024-02-24T05:00,3600,0.0,0.0,0.0,0.0,0.0,0.0,0.0,0.0,0.0
2024-02-24T06:00,3600,0.0,0.0,0.0,0.0,0.0,0.0,0.0,0.0,0.0
2024-02-24T07:00,3600,0.0,0.03780064180000001,0.0,0.0,0.0,0.03780064180000001,61.13207755,37.8006418,19.39008637
2024-02-24T08:00,3600,0.0,0.12157623934,0.0,0.0,0.0,0.12157623934,161.46979286,121.57623934,51.36291006
2024-02-24T09:00,3600,0.0,0.22534093339,0.0,0.0,0.0,0.22534093339,285.92168718,225.34093339,91.2462667
2024-02-24T10:00,3600,0.0,0.38871762917999997,0.0,0.0,0.0,0.38871762917999997,482.26095973,388.71762918,155.31981252
2024-02-24T11:00,3600,0.0,0.3980318320999999,0.0,0.0,0.0,0.3980318320999999,493.46883876,398.0318321,159.07787576
2024-02-24T12:00,3600,0.0,0.31072902491000004,0.0,0.0,0.0,0.31072902491000004,388.47773263,310.72902491,124.89805044
2024-02-24T13:00,3600,0.0,0.39018571808999997,0.0,0.0,0.0,0.39018571808999997,484.02742285,390.18571809,156.17434211
2024-02-24T14:00,3600,0.0,0.26682864839,0.0,0.0,0.0,0.26682864839,335.73451449,266.82864839,107.91054779
2024-02-24T15:00,3600,0.0,0.30378955842,0.0,0.0,0.0,0.30378955842,380.13814989,303.78955842,122.26900473
2024-02-24T16:00,3600,0.0,0.13847820187999998,0.0,0.0,0.0,0.13847820187999998,181.72834482,138.47820188,58.09211648
2024-02-24T17:00,3600,0.0,0.040045192349999995,0.0,0.0,0.0,0.040045192349999995,63.81874188,40.04519235,20.33224077
2024-02-24T18:00,3600,0.0,0.0,0.0,0.0,0.0,0.0,3.05279771,0.0,0.96820194
2024-02-24T19:00,3600,0.0,0.0,0.0,0.0,0.0,0.0,0.0,0.0,0.0
2024-02-24T20:00,3600,0.0,0.0,0.0,0.0,0.0,0.0,0.0,0.0,0.0
2024-02-24T21:00,3600,0.0,0.0,0.0,0.0,0.0,0.0,0.0,0.0,0.0
2024-02-24T22:00,3600,0.0,0.0,0.0,0.0,0.0,0.0,0.0,0.0,0.0
2024-02-24T23:00,3600,0.0,0.0,0.0,0.0,0.0,0.0,0.0,0.0,0.0
2024-02-25T00:00,3600,0.0,0.0,0.0,0.0,0.0,0.0,0.0,0.0,0.0
2024-02-25T01:00,3600,0.0,0.0,0.0,0.0,0.0,0.0,0.0,0.0,0.0
2024-02-25T02:00,3600,0.0,0.0,0.0,0.0,0.0,0.0,0.0,0.0,0.0
2024-02-25T03:00,3600,0.0,0.0,0.0,0.0,0.0,0.0,0.0,0.0,0.0
2024-02-25T04:00,3600,0.0,0.0,0.0,0.0,0.0,0.0,0.0,0.0,0.0
2024-02-25T05:00,3600,0.0,0.0,0.0,0.0,0.0,0.0,0.0,0.0,0.0
2024-02-25T06:00,3600,0.0,0.0,0.0,0.0,0.0,0.0,0.0,0.0,0.0
2024-02-25T07:00,3600,0.0,0.00983022355,0.0,0.0,0.0,0.00983022355,27.65976164,9.83022355,8.71381747
2024-02-25T08:00,3600,0.0,0.0712686939,0.0,0.0,0.0,0.0712686939,101.20167565,71.2686939,31.95066407
2024-02-25T09:00,3600,0.0,0.31967419995999996,0.0,0.0,0.0,0.31967419995999996,399.22897431,319.67419996,126.92642881
2024-02-25T10:00,3600,0.0,0.31696052686000004,0.0,0.0,0.0,0.31696052686000004,395.96724788,316.96052686,126.55954364
2024-02-25T11:00,3600,0.0,0.38913387347000006,0.0,0.0,0.0,0.38913387347000006,482.76179751,389.13387347,154.63631968
2024-02-25T12:00,3600,0.0,0.39473073815,0.0,0.0,0.0,0.39473073815,489.49641854,394.73073815,156.8487145
2024-02-25T13:00,3600,0.0,0.35809833863999996,0.0,0.0,0.0,0.35809833863999996,445.42745712,358.09833864,143.29388732
2024-02-25T14:00,3600,0.0,0.30908503985999997,0.0,0.0,0.0,0.30908503985999997,386.50197676,309.08503986,124.1102613
2024-02-25T15:00,3600,0.0,0.21247566078,0.0,0.0,0.0,0.21247566078,270.48106833,212.47566078,86.64963355
2024-02-25T16:00,3600,0.0,0.16847412566,0.0,0.0,0.0,0.16847412566,217.69374678,168.47412566,69.71053978
2024-02-25T17:00,3600,0.0,0.0813480698,0.0,0.0,0.0,0.0813480698,113.27309813,81.3480698,36.17283406
2024-02-25T18:00,3600,0.0,0.0,0.0,0.0,0.0,0.0,6.09897981,0.0,1.93640388
2024-02-25T19:00,3600,0.0,0.0,0.0,0.0,0.0,0.0,0.0,0.0,0.0
2024-02-25T20:00,3600,0.0,0.0,0.0,0.0,0.0,0.0,0.0,0.0,0.0
2024-02-25T21:00,3600,0.0,0.0,0.0,0.0,0.0,0.0,0.0,0.0,0.0
2024-02-25T22:00,3600,0.0,0.0,0.0,0.0,0.0,0.0,0.0,0.0,0.0
2024-02-25T23:00,3600,0.0,0.0,0.0,0.0,0.0,0.0,0.0,0.0,0.0
2024-02-26T00:00,3600,0.0,0.0,0.0,0.0,0.0,0.0,0.0,0.0,0.0
2024-02-26T01:00,3600,0.0,0.0,0.0,0.0,0.0,0.0,0.0,0.0,0.0
2024-02-26T02:00,3600,0.0,0.0,0.0,0.0,0.0,0.0,0.0,0.0,0.0
2024-02-26T03:00,3600,0.0,0.0,0.0,0.0,0.0,0.0,0.0,0.0,0.0
2024-02-26T04:00,3600,0.0,0.0,0.0,0.0,0.0,0.0,0.0,0.0,0.0
2024-02-26T05:00,3600,0.0,0.0,0.0,0.0,0.0,0.0,0.0,0.0,0.0
2024-02-26T06:00,3600,0.0,0.0,0.0,0.0,0.0,0.0,0.0,0.0,0.0
2024-02-26T07:00,3600,0.0,0.035025933610000004,0.0,0.0,0.0,0.035025933610000004,57.81095286,35.02593361,18.36119572
2024-02-26T08:00,3600,0.0,0.16315829645000002,0.0,0.0,0.0,0.16315829645000002,211.31884636,163.15829645,67.40845883
2024-02-26T09:00,3600,0.0,0.35219341488,0.0,0.0,0.0,0.35219341488,438.32606524,352.19341488,140.73362961
2024-02-26T10:00,3600,0.0,0.48362790918000004,0.0,0.0,0.0,0.48362790918000004,596.54082063,483.62790918,193.39513877
2024-02-26T11:00,3600,0.0,0.6517479374699999,0.0,0.0,0.0,0.6517479374699999,799.3719,651.74793747,260.80239089
2024-02-26T12:00,3600,0.0,0.71088827752,0.0,0.0,0.0,0.71088827752,870.8450517,710.88827752,285.16909001
2024-02-26T13:00,3600,0.0,0.96003350684,0.0,0.0,0.0,0.96003350684,1172.64995078,960.03350684,389.04219922
2024-02-26T14:00,3600,0.0,0.8615147131499999,0.0,0.0,0.0,0.8615147131499999,1053.17159612,861.51471315,348.62672931
2024-02-26T15:00,3600,0.0,0.5496617363399999,0.0,0.0,0.0,0.5496617363399999,676.14716395,549.66173634,221.48294734
2024-02-26T16:00,3600,0.0,0.43963347955,0.0,0.0,0.0,0.43963347955,543.54764499,439.63347955,176.78529287
2024-02-26T17:00,3600,0.0,0.22704958319000001,0.0,0.0,0.0,0.22704958319000001,287.97259401,227.04958319,92.89922003
2024-02-26T18:00,3600,0.0,0.0,0.0,0.0,0.0,0.0,14.05562074,0.0,4.46647899
2024-02-26T19:00,3600,0.0,0.0,0.0,0.0,0.0,0.0,0.0,0.0,0.0
2024-02-26T20:00,3600,0.0,0.0,0.0,0.0,0.0,0.0,0.0,0.0,0.0
2024-02-26T21:00,3600,0.0,0.0,0.0,0.0,0.0,0.0,0.0,0.0,0.0
2024-02-26T22:00,3600,0.0,0.0,0.0,0.0,0.0,0.0,0.0,0.0,0.0
2024-02-26T23:00,3600,0.0,0.0,0.0,0.0,0.0,0.0,0.0,0.0,0.0
2024-02-27T00:00,3600,0.0,0.0,0.0,0.0,0.0,0.0,0.0,0.0,0.0
2024-02-27T01:00,3600,0.0,0.0,0.0,0.0,0.0,0.0,0.0,0.0,0.0
2024-02-27T02:00,3600,0.0,0.0,0.0,0.0,0.0,0.0,0.0,0.0,0.0
2024-02-27T03:00,3600,0.0,0.0,0.0,0.0,0.0,0.0,0.0,0.0,0.0
2024-02-27T04:00,3600,0.0,0.0,0.0,0.0,0.0,0.0,0.0,0.0,0.0
2024-02-27T05:00,3600,0.0,0.0,0.0,0.0,0.0,0.0,0.0,0.0,0.0
2024-02-27T06:00,3600,0.0,0.0,0.0,0.0,0.0,0.0,0.0,0.0,0.0
2024-02-27T07:00,3600,0.0,0.02624826156,0.0,0.0,0.0,0.02624826156,47.30561462,26.24826156,14.97470901
2024-02-27T08:00,3600,0.0,0.12001546086,0.0,0.0,0.0,0.12001546086,159.59931337,120.01546086,50.66433107
2024-02-27T09:00,3600,0.0,0.26090262376,0.0,0.0,0.0,0.26090262376,328.61745979,260.90262376,104.80697628
2024-02-27T10:00,3600,0.0,0.43611755971,0.0,0.0,0.0,0.43611755971,539.31407841,436.11755971,173.72195859
2024-02-27T11:00,3600,0.0,0.70928088618,0.0,0.0,0.0,0.70928088618,868.90161882,709.28088618,282.44110367
2024-02-27T12:00,3600,0.0,1.32619887554,0.0,0.0,0.0,1.32619887554,1618.29567951,1326.19887554,538.16806622
2024-02-27T13:00,3600,0.0,1.23457287322,0.0,0.0,0.0,1.23457287322,1506.54631327,1234.57287322,503.37057907
2024-02-27T14:00,3600,0.0,0.32077340175,0.0,0.0,0.0,0.32077340175,400.55020851,320.77340175,129.73906015
2024-02-27T15:00,3600,0.0,0.41409620241,0.0,0.0,0.0,0.41409620241,512.80294113,414.09620241,166.67089608
2024-02-27T16:00,3600,0.0,0.24488534922,0.0,0.0,0.0,0.24488534922,309.38413413,244.88534922,99.78501416
2024-02-27T17:00,3600,0.0,0.11033756723,0.0,0.0,0.0,0.11033756723,148.00202987,110.33756723,47.45851023
2024-02-27T18:00,3600,0.0,0.0,0.0,0.0,0.0,0.0,7.92398739,0.0,2.51261683
2024-02-27T19:00,3600,0.0,0.0,0.0,0.0,0.0,0.0,0.0,0.0,0.0
2024-02-27T20:00,3600,0.0,0.0,0.0,0.0,0.0,0.0,0.0,0.0,0.0
2024-02-27T21:00,3600,0.0,0.0,0.0,0.0,0.0,0.0,0.0,0.0,0.0
2024-02-27T22:00,3600,0.0,0.0,0.0,0.0,0.0,0.0,0.0,0.0,0.0
2024-02-27T23:00,3600,0.0,0.0,0.0,0.0,0.0,0.0,0.0,0.0,0.0
2024-02-28T00:00,3600,0.0,0.0,0.0,0.0,0.0,0.0,0.0,0.0,0.0
2024-02-28T01:00,3600,0.0,0.0,0.0,0.0,0.0,0.0,0.0,0.0,0.0
2024-02-28T02:00,3600,0.0,0.0,0.0,0.0,0.0,0.0,0.0,0.0,0.0
2024-02-28T03:00,3600,0.0,0.0,0.0,0.0,0.0,0.0,0.0,0.0,0.0
2024-02-28T04:00,3600,0.0,0.0,0.0,0.0,0.0,0.0,0.0,0.0,0.0
2024-02-28T05:00,3600,0.0,0.0,0.0,0.0,0.0,0.0,0.0,0.0,0.0
2024-02-28T06:00,3600,0.0,0.0,0.0,0.0,0.0,0.0,0.0,0.0,0.0
2024-02-28T07:00,3600,0.0,0.014736652239999998,0.0,0.0,0.0,0.014736652239999998,33.53030224,14.73665224,10.65022136
2024-02-28T08:00,3600,0.0,0.17101973326,0.0,0.0,0.0,0.17101973326,220.74669363,171.01973326,70.48030603
2024-02-28T09:00,3600,0.0,0.30424749237,0.0,0.0,0.0,0.30424749237,380.68845058,304.24749237,122.24570582
2024-02-28T10:00,3600,0.0,0.35033474740000004,0.0,0.0,0.0,0.35033474740000004,436.09092045,350.3347474,140.85633967
2024-02-28T11:00,3600,0.0,0.90790415274,0.0,0.0,0.0,0.90790415274,1109.40793176,907.90415274,365.64811045
2024-02-28T12:00,3600,0.0,1.1847225712300002,0.0,0.0,0.0,1.1847225712300002,1445.81372168,1184.72257123,483.26288043
2024-02-28T13:00,3600,0.0,1.4325348076600002,0.0,0.0,0.0,1.4325348076600002,1748.18364583,1432.53480766,594.90099654
2024-02-28T14:00,3600,0.0,0.70554503039,0.0,0.0,0.0,0.70554503039,864.38492678,705.54503039,286.11649528
2024-02-28T15:00,3600,0.0,0.49235351647,0.0,0.0,0.0,0.49235351647,607.05534904,492.35351647,199.66696603
2024-02-28T16:00,3600,0.0,0.32361840537000003,0.0,0.0,0.0,0.32361840537000003,403.9699872,323.61840537,132.14916826
2024-02-28T17:00,3600,0.0,0.12387697657,0.0,0.0,0.0,0.12387697657,164.22713822,123.87697657,53.36704636
2024-02-28T18:00,3600,0.0,0.0,0.0,0.0,0.0,0.0,9.06832851,0.0,2.90460582
2024-02-28T19:00,3600,0.0,0.0,0.0,0.0,0.0,0.0,0.0,0.0,0.0
2024-02-28T20:00,3600,0.0,0.0,0.0,0.0,0.0,0.0,0.0,0.0,0.0
2024-02-28T21:00,3600,0.0,0.0,0.0,0.0,0.0,0.0,0.0,0.0,0.0
2024-02-28T22:00,3600,0.0,0.0,0.0,0.0,0.0,0.0,0.0,0.0,0.0
2024-02-28T23:00,3600,0.0,0.0,0.0,0.0,0.0,0.0,0.0,0.0,0.0
2024-02-29T00:00,3600,0.0,0.0,0.0,0.0,0.0,0.0,0.0,0.0,0.0
2024-02-29T01:00,3600,0.0,0.0,0.0,0.0,0.0,0.0,0.0,0.0,0.0
2024-02-29T02:00,3600,0.0,0.0,0.0,0.0,0.0,0.0,0.0,0.0,0.0
2024-02-29T03:00,3600,0.0,0.0,0.0,0.0,0.0,0.0,0.0,0.0,0.0
2024-02-29T04:00,3600,0.0,0.0,0.0,0.0,0.0,0.0,0.0,0.0,0.0
2024-02-29T05:00,3600,0.0,0.0,0.0,0.0,0.0,0.0,0.0,0.0,0.0
2024-02-29T06:00,3600,0.0,0.0,0.0,0.0,0.0,0.0,0.0,0.0,0.0
2024-02-29T07:00,3600,0.0,0.01958061016,0.0,0.0,0.0,0.01958061016,39.32651512,19.58061016,12.58662524
2024-02-29T08:00,3600,0.0,0.16034797338999998,0.0,0.0,0.0,0.16034797338999998,207.94882711,160.34797339,66.91000809
2024-02-29T09:00,3600,0.0,0.29638845000999997,0.0,0.0,0.0,0.29638845000999997,371.24473644,296.38845001,120.17053323
2024-02-29T10:00,3600,0.0,0.42581364157,0.0,0.0,0.0,0.42581364157,526.90827703,425.81364157,171.36915626
2024-02-29T11:00,3600,0.0,0.35441678129,0.0,0.0,0.0,0.35441678129,440.99986121,354.41678129,142.94130286
2024-02-29T12:00,3600,0.0,0.31629274806,0.0,0.0,0.0,0.31629274806,395.16462479,316.29274806,127.48385719
2024-02-29T13:00,3600,0.0,0.38767209846,0.0,0.0,0.0,0.38767209846,481.00295915,387.67209846,154.82393515
2024-02-29T14:00,3600,0.0,0.12372237304,0.0,0.0,0.0,0.12372237304,164.04184886,123.72237304,52.28290483
2024-02-29T15:00,3600,0.0,0.18437571222,0.0,0.0,0.0,0.18437571222,236.76641284,184.37571222,75.51975143
2024-02-29T16:00,3600,0.0,0.14693759267,0.0,0.0,0.0,0.14693759267,191.86961174,146.93759267,61.06065362
2024-02-29T17:00,3600,0.0,0.0376837721,0.0,0.0,0.0,0.0376837721,60.99219023,37.6837721,19.36403883
2024-02-29T18:00,3600,0.0,0.0,0.0,0.0,0.0,0.0,3.04364521,0.0,0.96820194
2024-02-29T19:00,3600,0.0,0.0,0.0,0.0,0.0,0.0,0.0,0.0,0.0
2024-02-29T20:00,3600,0.0,0.0,0.0,0.0,0.0,0.0,0.0,0.0,0.0
2024-02-29T21:00,3600,0.0,0.0,0.0,0.0,0.0,0.0,0.0,0.0,0.0
2024-02-29T22:00,3600,0.0,0.0,0.0,0.0,0.0,0.0,0.0,0.0,0.0
2024-02-29T23:00,3600,0.0,0.0,0.0,0.0,0.0,0.0,0.0,0.0,0.0
2024-03-01T00:00,3600,0.0,0.0,0.0,0.0,0.0,0.0,0.0,0.0,0.0
2024-03-01T01:00,3600,0.0,0.0,0.0,0.0,0.0,0.0,0.0,0.0,0.0
2024-03-01T02:00,3600,0.0,0.0,0.0,0.0,0.0,0.0,0.0,0.0,0.0
2024-03-01T03:00,3600,0.0,0.0,0.0,0.0,0.0,0.0,0.0,0.0,0.0
2024-03-01T04:00,3600,0.0,0.0,0.0,0.0,0.0,0.0,0.0,0.0,0.0
2024-03-01T05:00,3600,0.0,0.0,0.0,0.0,0.0,0.0,0.0,0.0,0.0
2024-03-01T06:00,3600,0.0,0.0,0.0,0.0,0.0,0.0,0.0,0.0,0.0
2024-03-01T07:00,3600,0.0,0.018272653,0.0,0.0,0.0,0.018272653,37.76139072,18.272653,11.93456256
2024-03-01T08:00,3600,0.0,0.12306278802000001,0.0,0.0,0.0,0.12306278802000001,163.25135368,123.06278802,51.78879085
2024-03-01T09:00,3600,0.0,0.29480855530999994,0.0,0.0,0.0,0.29480855530999994,369.34641073,294.80855531,117.84758874
2024-03-01T10:00,3600,0.0,0.36501844956,0.0,0.0,0.0,0.36501844956,453.75053413,365.01844956,145.4230261
2024-03-01T11:00,3600,0.0,0.53397580672,0.0,0.0,0.0,0.53397580672,657.23000748,533.97580672,211.6171561
2024-03-01T12:00,3600,0.0,0.73802395034,0.0,0.0,0.0,0.73802395034,903.66084712,738.02395034,292.88589732
2024-03-01T13:00,3600,0.0,0.61335187149,0.0,0.0,0.0,0.61335187149,753.003081,613.35187149,243.34529956
2024-03-01T14:00,3600,0.0,0.27226909623,0.0,0.0,0.0,0.27226909623,342.26895388,272.26909623,109.40681938
2024-03-01T15:00,3600,0.0,0.26882712543000004,0.0,0.0,0.0,0.26882712543000004,338.1347933,268.82712543,108.01105447
2024-03-01T16:00,3600,0.0,0.10280248910999999,0.0,0.0,0.0,0.10280248910999999,138.97369482,102.80248911,44.0841566
2024-03-01T17:00,3600,0.0,0.02507084901,0.0,0.0,0.0,0.02507084901,45.89656165,25.07084901,14.52302912
2024-03-01T18:00,3600,0.0,0.0,0.0,0.0,0.0,0.0,3.07007408,0.0,0.96820194
2024-03-01T19:00,3600,0.0,0.0,0.0,0.0,0.0,0.0,0.0,0.0,0.0
2024-03-01T20:00,3600,0.0,0.0,0.0,0.0,0.0,0.0,0.0,0.0,0.0
2024-03-01T21:00,3600,0.0,0.0,0.0,0.0,0.0,0.0,0.0,0.0,0.0
2024-03-01T22:00,3600,0.0,0.0,0.0,0.0,0.0,0.0,0.0,0.0,0.0
2024-03-01T23:00,3600,0.0,0.0,0.0,0.0,0.0,0.0,0.0,0.0,0.0
2024-03-02T00:00,3600,0.0,0.0,0.0,0.0,0.0,0.0,0.0,0.0,0.0
2024-03-02T01:00,3600,0.0,0.0,0.0,0.0,0.0,0.0,0.0,0.0,0.0
2024-03-02T02:00,3600,0.0,0.0,0.0,0.0,0.0,0.0,0.0,0.0,0.0
2024-03-02T03:00,3600,0.0,0.0,0.0,0.0,0.0,0.0,0.0,0.0,0.0
2024-03-02T04:00,3600,0.0,0.0,0.0,0.0,0.0,0.0,0.0,0.0,0.0
2024-03-02T05:00,3600,0.0,0.0,0.0,0.0,0.0,0.0,0.0,0.0,0.0
2024-03-02T06:00,3600,0.0,0.0,0.0,0.0,0.0,0.0,0.0,0.0,0.0
2024-03-02T07:00,3600,0.0,0.013491130079999998,0.0,0.0,0.0,0.013491130079999998,32.03999492,13.49113008,10.09510151
2024-03-02T08:00,3600,0.0,0.10830226021999999,0.0,0.0,0.0,0.10830226021999999,145.56327824,108.30226022,46.02890649
2024-03-02T09:00,3600,0.0,0.43646944759,0.0,0.0,0.0,0.43646944759,539.73778131,436.46944759,172.48084549
2024-03-02T10:00,3600,0.0,1.02726778485,0.0,0.0,0.0,1.02726778485,1254.29110952,1027.26778485,411.50577358
2024-03-02T11:00,3600,0.0,1.78230585339,0.0,0.0,0.0,1.78230585339,2176.93780833,1782.30585339,736.80327924
2024-03-02T12:00,3600,0.0,2.09055106956,0.0,0.0,0.0,2.09055106956,2556.73616713,2090.55106956,878.47411479
2024-03-02T13:00,3600,0.0,1.9961137855500002,0.0,0.0,0.0,1.9961137855500002,2440.18155308,1996.11378555,842.94264117
2024-03-02T14:00,3600,0.0,0.9626741931100001,0.0,0.0,0.0,0.9626741931100001,1175.8549012,962.67419311,390.63853
2024-03-02T15:00,3600,0.0,0.7207770034000001,0.0,0.0,0.0,0.7207770034000001,882.80215599,720.7770034,290.65189408
2024-03-02T16:00,3600,0.0,0.53665560612,0.0,0.0,0.0,0.53665560612,660.46151661,536.65560612,216.19978499
2024-03-02T17:00,3600,0.0,0.2091101119,0.0,0.0,0.0,0.2091101119,266.44229855,209.1101119,86.16917883
2024-03-02T18:00,3600,0.0,0.00321803652,0.0,0.0,0.0,0.00321803652,19.74895638,3.21803652,6.31303758
2024-03-02T19:00,3600,0.0,0.0,0.0,0.0,0.0,0.0,0.0,0.0,0.0
2024-03-02T20:00,3600,0.0,0.0,0.0,0.0,0.0,0.0,0.0,0.0,0.0
2024-03-02T21:00,3600,0.0,0.0,0.0,0.0,0.0,0.0,0.0,0.0,0.0
2024-03-02T22:00,3600,0.0,0.0,0.0,0.0,0.0,0.0,0.0,0.0,0.0
2024-03-02T23:00,3600,0.0,0.0,0.0,0.0,0.0,0.0,0.0,0.0,0.0
2024-03-03T00:00,3600,0.0,0.0,0.0,0.0,0.0,0.0,0.0,0.0,0.0
2024-03-03T01:00,3600,0.0,0.0,0.0,0.0,0.0,0.0,0.0,0.0,0.0
2024-03-03T02:00,3600,0.0,0.0,0.0,0.0,0.0,0.0,0.0,0.0,0.0
2024-03-03T03:00,3600,0.0,0.0,0.0,0.0,0.0,0.0,0.0,0.0,0.0
2024-03-03T04:00,3600,0.0,0.0,0.0,0.0,0.0,0.0,0.0,0.0,0.0
2024-03-03T05:00,3600,0.0,0.0,0.0,0.0,0.0,0.0,0.0,0.0,0.0
2024-03-03T06:00,3600,0.0,0.0,0.0,0.0,0.0,0.0,0.0,0.0,0.0
2024-03-03T07:00,3600,0.0,0.024782330600000003,0.0,0.0,0.0,0.024782330600000003,45.55128479,24.7823306,14.52302912
2024-03-03T08:00,3600,0.0,0.12278365112999999,0.0,0.0,0.0,0.12278365112999999,162.91681785,122.78365113,52.08624487
2024-03-03T09:00,3600,0.0,0.28184778323,0.0,0.0,0.0,0.28184778323,353.77505919,281.84778323,113.71821341
2024-03-03T10:00,3600,0.0,0.32185531285,0.0,0.0,0.0,0.32185531285,401.8506806,321.85531285,129.97939425
2024-03-03T11:00,3600,0.0,0.5596484454599999,0.0,0.0,0.0,0.5596484454599999,688.19341439,559.64844546,224.60172679
2024-03-03T12:00,3600,0.0,0.48231600568,0.0,0.0,0.0,0.48231600568,594.9600703,482.31600568,193.57743605
2024-03-03T13:00,3600,0.0,0.48409957533,0.0,0.0,0.0,0.48409957533,597.1091524,484.09957533,195.09841007
2024-03-03T14:00,3600,0.0,0.6527514732099999,0.0,0.0,0.0,0.6527514732099999,800.5841753,652.75147321,263.31666058
2024-03-03T15:00,3600,0.0,0.32761420253,0.0,0.0,0.0,0.32761420253,408.77329945,327.61420253,132.62695596
2024-03-03T16:00,3600,0.0,0.22717039151,0.0,0.0,0.0,0.22717039151,288.11760324,227.17039151,93.20719424
2024-03-03T17:00,3600,0.0,0.04543466703,0.0,0.0,0.0,0.04543466703,70.27015759,45.43466703,22.62803741
2024-03-03T18:00,3600,0.0,0.0,0.0,0.0,0.0,0.0,6.02771198,0.0,1.93640388
2024-03-03T19:00,3600,0.0,0.0,0.0,0.0,0.0,0.0,0.0,0.0,0.0
2024-03-03T20:00,3600,0.0,0.0,0.0,0.0,0.0,0.0,0.0,0.0,0.0
2024-03-03T21:00,3600,0.0,0.0,0.0,0.0,0.0,0.0,0.0,0.0,0.0
2024-03-03T22:00,3600,0.0,0.0,0.0,0.0,0.0,0.0,0.0,0.0,0.0
2024-03-03T23:00,3600,0.0,0.0,0.0,0.0,0.0,0.0,0.0,0.0,0.0
2024-03-04T00:00,3600,0.0,0.0,0.0,0.0,0.0,0.0,0.0,0.0,0.0
2024-03-04T01:00,3600,0.0,0.0,0.0,0.0,0.0,0.0,0.0,0.0,0.0
2024-03-04T02:00,3600,0.0,0.0,0.0,0.0,0.0,0.0,0.0,0.0,0.0
2024-03-04T03:00,3600,0.0,0.0,0.0,0.0,0.0,0.0,0.0,0.0,0.0
2024-03-04T04:00,3600,0.0,0.0,0.0,0.0,0.0,0.0,0.0,0.0,0.0
2024-03-04T05:00,3600,0.0,0.0,0.0,0.0,0.0,0.0,0.0,0.0,0.0
2024-03-04T06:00,3600,0.0,0.0,0.0,0.0,0.0,0.0,0.0,0.0,0.0
2024-03-04T07:00,3600,0.0,0.01161439141,0.0,0.0,0.0,0.01161439141,29.79446864,11.61439141,9.68201941
2024-03-04T08:00,3600,0.0,0.12276960647999999,0.0,0.0,0.0,0.12276960647999999,162.89998587,122.76960648,53.06400355
2024-03-04T09:00,3600,0.0,0.22870356229,0.0,0.0,0.0,0.22870356229,289.95792889,228.70356229,94.60678004
2024-03-04T10:00,3600,0.0,0.67436593312,0.0,0.0,0.0,0.67436593312,826.69899063,674.36593312,274.77122886
2024-03-04T11:00,3600,0.0,0.58769659087,0.0,0.0,0.0,0.58769659087,722.03556859,587.69659087,240.07972456
2024-03-04T12:00,3600,0.0,0.94277419594,0.0,0.0,0.0,0.94277419594,1151.70583042,942.77419594,388.58757158
2024-03-04T13:00,3600,0.0,0.77301883172,0.0,0.0,0.0,0.77301883172,946.00086998,773.01883172,318.71518986
2024-03-04T14:00,3600,0.0,0.6780395772900001,0.0,0.0,0.0,0.6780395772900001,831.13837344,678.03957729,278.53139467
2024-03-04T15:00,3600,0.0,0.37961615892,0.0,0.0,0.0,0.37961615892,471.31057442,379.61615892,156.48699438
2024-03-04T16:00,3600,0.0,0.25705235951,0.0,0.0,0.0,0.25705235951,323.99369522,257.05235951,107.31312913
2024-03-04T17:00,3600,0.0,0.15941068538,0.0,0.0,0.0,0.15941068538,206.82490273,159.41068538,68.32791395
2024-03-04T18:00,3600,0.0,0.0026641054799999998,0.0,0.0,0.0,0.0026641054799999998,19.08626972,2.66410548,6.27956533
2024-03-04T19:00,3600,0.0,0.0,0.0,0.0,0.0,0.0,0.0,0.0,0.0
2024-03-04T20:00,3600,0.0,0.0,0.0,0.0,0.0,0.0,0.0,0.0,0.0
2024-03-04T21:00,3600,0.0,0.0,0.0,0.0,0.0,0.0,0.0,0.0,0.0
2024-03-04T22:00,3600,0.0,0.0,0.0,0.0,0.0,0.0,0.0,0.0,0.0
2024-03-04T23:00,3600,0.0,0.0,0.0,0.0,0.0,0.0,0.0,0.0,0.0
2024-03-05T00:00,3600,0.0,0.0,0.0,0.0,0.0,0.0,0.0,0.0,0.0
2024-03-05T01:00,3600,0.0,0.0,0.0,0.0,0.0,0.0,0.0,0.0,0.0
2024-03-05T02:00,3600,0.0,0.0,0.0,0.0,0.0,0.0,0.0,0.0,0.0
2024-03-05T03:00,3600,0.0,0.0,0.0,0.0,0.0,0.0,0.0,0.0,0.0
2024-03-05T04:00,3600,0.0,0.0,0.0,0.0,0.0,0.0,0.0,0.0,0.0
2024-03-05T05:00,3600,0.0,0.0,0.0,0.0,0.0,0.0,0.0,0.0,0.0
2024-03-05T06:00,3600,0.0,0.0,0.0,0.0,0.0,0.0,0.0,0.0,0.0
2024-03-05T07:00,3600,0.0,0.03322558999999999,0.0,0.0,0.0,0.03322558999999999,55.65614504,33.22559,18.39583689
2024-03-05T08:00,3600,0.0,0.23769728922,0.0,0.0,0.0,0.23769728922,300.75430285,237.69728922,99.99880047
2024-03-05T09:00,3600,0.0,0.43736136942,0.0,0.0,0.0,0.43736136942,540.81174096,437.36136942,181.10265205
2024-03-05T10:00,3600,0.0,0.89333596984,0.0,0.0,0.0,0.89333596984,1091.74314793,893.33596984,375.16273366
2024-03-05T11:00,3600,0.0,1.29665608778,0.0,0.0,0.0,1.29665608778,1582.24734035,1296.65608778,550.63866298
2024-03-05T12:00,3600,0.0,1.14265172554,0.0,0.0,0.0,1.14265172554,1394.59497127,1142.65172554,484.06218674
2024-03-05T13:00,3600,0.0,1.1144606486200002,0.0,0.0,0.0,1.1144606486200002,1360.29248696,1114.46064862,476.66703394
2024-03-05T14:00,3600,0.0,0.79998231297,0.0,0.0,0.0,0.79998231297,978.63908205,799.98231297,339.92710608
2024-03-05T15:00,3600,0.0,0.65553625108,0.0,0.0,0.0,0.65553625108,803.94829456,655.53625108,277.99840749
2024-03-05T16:00,3600,0.0,0.56218892731,0.0,0.0,0.0,0.56218892731,691.25810426,562.18892731,238.47052534
2024-03-05T17:00,3600,0.0,0.26539235997,0.0,0.0,0.0,0.26539235997,334.00949877,265.39235997,114.13138653
2024-03-05T18:00,3600,0.0,0.00832147086,0.0,0.0,0.0,0.00832147086,25.85462521,8.32147086,8.65237579
2024-03-05T19:00,3600,0.0,0.0,0.0,0.0,0.0,0.0,0.0,0.0,0.0
2024-03-05T20:00,3600,0.0,0.0,0.0,0.0,0.0,0.0,0.0,0.0,0.0
2024-03-05T21:00,3600,0.0,0.0,0.0,0.0,0.0,0.0,0.0,0.0,0.0
2024-03-05T22:00,3600,0.0,0.0,0.0,0.0,0.0,0.0,0.0,0.0,0.0
2024-03-05T23:00,3600,0.0,0.0,0.0,0.0,0.0,0.0,0.0,0.0,0.0
2024-03-06T00:00,3600,0.0,0.0,0.0,0.0,0.0,0.0,0.0,0.0,0.0
2024-03-06T01:00,3600,0.0,0.0,0.0,0.0,0.0,0.0,0.0,0.0,0.0
2024-03-06T02:00,3600,0.0,0.0,0.0,0.0,0.0,0.0,0.0,0.0,0.0
2024-03-06T03:00,3600,0.0,0.0,0.0,0.0,0.0,0.0,0.0,0.0,0.0
2024-03-06T04:00,3600,0.0,0.0,0.0,0.0,0.0,0.0,0.0,0.0,0.0
2024-03-06T05:00,3600,0.0,0.0,0.0,0.0,0.0,0.0,0.0,0.0,0.0
2024-03-06T06:00,3600,0.0,0.0,0.0,0.0,0.0,0.0,2.97554914,0.0,0.96820194
2024-03-06T07:00,3600,0.0,0.04125940017,0.0,0.0,0.0,0.04125940017,65.272152,41.25940017,21.30044271
2024-03-06T08:00,3600,0.0,0.15548536069000002,0.0,0.0,0.0,0.15548536069000002,202.11812264,155.48536069,66.29367337
2024-03-06T09:00,3600,0.0,0.35087724870000003,0.0,0.0,0.0,0.35087724870000003,436.7433002,350.8772487,144.32086012
2024-03-06T10:00,3600,0.0,0.5049654700699999,0.0,0.0,0.0,0.5049654700699999,622.25543745,504.96547007,206.79695861
2024-03-06T11:00,3600,0.0,0.7113230566500001,0.0,0.0,0.0,0.7113230566500001,871.37073396,711.32305665,290.99385727
2024-03-06T12:00,3600,0.0,0.6500984472400001,0.0,0.0,0.0,0.6500984472400001,797.37934896,650.09844724,265.74511415
2024-03-06T13:00,3600,0.0,0.57373404976,0.0,0.0,0.0,0.57373404976,705.18694696,573.73404976,233.96580672
2024-03-06T14:00,3600,0.0,0.26211838672,0.0,0.0,0.0,0.26211838672,330.07751911,262.11838672,108.38163594
2024-03-06T15:00,3600,0.0,0.33046427972,0.0,0.0,0.0,0.33046427972,412.19952722,330.46427972,135.60528298
2024-03-06T16:00,3600,0.0,0.15960478434,0.0,0.0,0.0,0.15960478434,207.05765013,159.60478434,67.60014682
2024-03-06T17:00,3600,0.0,0.04870314177,0.0,0.0,0.0,0.04870314177,74.18290304,48.70314177,24.14126626
2024-03-06T18:00,3600,0.0,0.0,0.0,0.0,0.0,0.0,8.9891207,0.0,2.90460582
2024-03-06T19:00,3600,0.0,0.0,0.0,0.0,0.0,0.0,0.0,0.0,0.0
2024-03-06T20:00,3600,0.0,0.0,0.0,0.0,0.0,0.0,0.0,0.0,0.0
2024-03-06T21:00,3600,0.0,0.0,0.0,0.0,0.0,0.0,0.0,0.0,0.0
2024-03-06T22:00,3600,0.0,0.0,0.0,0.0,0.0,0.0,0.0,0.0,0.0
2024-03-06T23:00,3600,0.0,0.0,0.0,0.0,0.0,0.0,0.0,0.0,0.0
2024-03-07T00:00,3600,0.0,0.0,0.0,0.0,0.0,0.0,0.0,0.0,0.0
2024-03-07T01:00,3600,0.0,0.0,0.0,0.0,0.0,0.0,0.0,0.0,0.0
2024-03-07T02:00,3600,0.0,0.0,0.0,0.0,0.0,0.0,0.0,0.0,0.0
2024-03-07T03:00,3600,0.0,0.0,0.0,0.0,0.0,0.0,0.0,0.0,0.0
2024-03-07T04:00,3600,0.0,0.0,0.0,0.0,0.0,0.0,0.0,0.0,0.0
2024-03-07T05:00,3600,0.0,0.0,0.0,0.0,0.0,0.0,0.0,0.0,0.0
2024-03-07T06:00,3600,0.0,0.0,0.0,0.0,0.0,0.0,0.0,0.0,0.0
2024-03-07T07:00,3600,0.0,0.021860880420000003,0.0,0.0,0.0,0.021860880420000003,42.05519886,21.86088042,13.55482718
2024-03-07T08:00,3600,0.0,0.13780443577,0.0,0.0,0.0,0.13780443577,180.92067696,137.80443577,58.55433518
2024-03-07T09:00,3600,0.0,0.24502954525,0.0,0.0,0.0,0.24502954525,309.55726228,245.02954525,100.57342978
2024-03-07T10:00,3600,0.0,0.31003467927999995,0.0,0.0,0.0,0.31003467927999995,387.64325595,310.03467928,126.80638594
2024-03-07T11:00,3600,0.0,0.42530059348,0.0,0.0,0.0,0.42530059348,526.29062301,425.30059348,172.73517694
2024-03-07T12:00,3600,0.0,0.46589149672,0.0,0.0,0.0,0.46589149672,575.17234135,465.89149672,189.1063808
2024-03-07T13:00,3600,0.0,0.58646904266,0.0,0.0,0.0,0.58646904266,720.55414202,586.46904266,238.70697718
2024-03-07T14:00,3600,0.0,0.7068493706,0.0,0.0,0.0,0.7068493706,865.9618599,706.8493706,288.28883939
2024-03-07T15:00,3600,0.0,0.50764154779,0.0,0.0,0.0,0.50764154779,625.4810512,507.64154779,207.05901167
2024-03-07T16:00,3600,0.0,0.40426950487,0.0,0.0,0.0,0.40426950487,500.97557088,404.26950487,165.10668464
2024-03-07T17:00,3600,0.0,0.1500522329,0.0,0.0,0.0,0.1500522329,195.60381869,150.0522329,63.90994293
2024-03-07T18:00,3600,0.0,0.0016879809599999998,0.0,0.0,0.0,0.0016879809599999998,17.91851178,1.68798096,5.80921165
2024-03-07T19:00,3600,0.0,0.0,0.0,0.0,0.0,0.0,0.0,0.0,0.0
2024-03-07T20:00,3600,0.0,0.0,0.0,0.0,0.0,0.0,0.0,0.0,0.0
2024-03-07T21:00,3600,0.0,0.0,0.0,0.0,0.0,0.0,0.0,0.0,0.0
2024-03-07T22:00,3600,0.0,0.0,0.0,0.0,0.0,0.0,0.0,0.0,0.0
2024-03-07T23:00,3600,0.0,0.0,0.0,0.0,0.0,0.0,0.0,0.0,0.0
2024-03-08T00:00,3600,0.0,0.0,0.0,0.0,0.0,0.0,0.0,0.0,0.0
2024-03-08T01:00,3600,0.0,0.0,0.0,0.0,0.0,0.0,0.0,0.0,0.0
2024-03-08T02:00,3600,0.0,0.0,0.0,0.0,0.0,0.0,0.0,0.0,0.0
2024-03-08T03:00,3600,0.0,0.0,0.0,0.0,0.0,0.0,0.0,0.0,0.0
2024-03-08T04:00,3600,0.0,0.0,0.0,0.0,0.0,0.0,0.0,0.0,0.0
2024-03-08T05:00,3600,0.0,0.0,0.0,0.0,0.0,0.0,0.0,0.0,0.0
2024-03-08T06:00,3600,0.0,0.0,0.0,0.0,0.0,0.0,2.99586052,0.0,0.96820194
2024-03-08T07:00,3600,0.0,0.09158645838,0.0,0.0,0.0,0.09158645838,125.53680872,91.58645838,40.70476955
2024-03-08T08:00,3600,0.0,0.30260055497,0.0,0.0,0.0,0.30260055497,378.70933825,302.60055497,123.42289246
2024-03-08T09:00,3600,0.0,0.80541909083,0.0,0.0,0.0,0.80541909083,985.22169998,805.41909083,326.20442868
2024-03-08T10:00,3600,0.0,0.99895897726,0.0,0.0,0.0,0.99895897726,1219.90611849,998.95897726,411.59862456
2024-03-08T11:00,3600,0.0,1.4576655603900002,0.0,0.0,0.0,1.4576655603900002,1778.9117187,1457.66556039,612.20971606
2024-03-08T12:00,3600,0.0,1.7731041597399997,0.0,0.0,0.0,1.7731041597399997,2165.62831084,1773.10415974,757.85417496
2024-03-08T13:00,3600,0.0,1.5956521635599998,0.0,0.0,0.0,1.5956521635599998,1947.8451186,1595.65216356,685.56872132
2024-03-08T14:00,3600,0.0,1.6423301405600002,0.0,0.0,0.0,1.6423301405600002,2005.07371206,1642.33014056,708.70381144
2024-03-08T15:00,3600,0.0,1.3225732639699999,0.0,0.0,0.0,1.3225732639699999,1613.87079691,1322.57326397,563.75821046
2024-03-08T16:00,3600,0.0,0.84507170605,0.0,0.0,0.0,0.84507170605,1033.24781428,845.07170605,353.58132293
2024-03-08T17:00,3600,0.0,0.37959927069,0.0,0.0,0.0,0.37959927069,471.29025683,379.59927069,158.0747876
2024-03-08T18:00,3600,0.0,0.008132587810000001,0.0,0.0,0.0,0.008132587810000001,25.62864026,8.13258781,8.39150903
2024-03-08T19:00,3600,0.0,0.0,0.0,0.0,0.0,0.0,0.0,0.0,0.0
2024-03-08T20:00,3600,0.0,0.0,0.0,0.0,0.0,0.0,0.0,0.0,0.0
2024-03-08T21:00,3600,0.0,0.0,0.0,0.0,0.0,0.0,0.0,0.0,0.0
2024-03-08T22:00,3600,0.0,0.0,0.0,0.0,0.0,0.0,0.0,0.0,0.0
2024-03-08T23:00,3600,0.0,0.0,0.0,0.0,0.0,0.0,0.0,0.0,0.0
2024-03-09T00:00,3600,0.0,0.0,0.0,0.0,0.0,0.0,0.0,0.0,0.0
2024-03-09T01:00,3600,0.0,0.0,0.0,0.0,0.0,0.0,0.0,0.0,0.0
2024-03-09T02:00,3600,0.0,0.0,0.0,0.0,0.0,0.0,0.0,0.0,0.0
2024-03-09T03:00,3600,0.0,0.0,0.0,0.0,0.0,0.0,0.0,0.0,0.0
2024-03-09T04:00,3600,0.0,0.0,0.0,0.0,0.0,0.0,0.0,0.0,0.0
2024-03-09T05:00,3600,0.0,0.0,0.0,0.0,0.0,0.0,0.0,0.0,0.0
2024-03-09T06:00,3600,0.0,0.0,0.0,0.0,0.0,0.0,0.0,0.0,0.0
2024-03-09T07:00,3600,0.0,0.03002890835,0.0,0.0,0.0,0.03002890835,51.83022008,30.02890835,16.76486156
2024-03-09T08:00,3600,0.0,0.08166947607,0.0,0.0,0.0,0.08166947607,113.65805553,81.66947607,36.79167377
2024-03-09T09:00,3600,0.0,0.17958858552,0.0,0.0,0.0,0.17958858552,231.02416692,179.58858552,74.94746684
2024-03-09T10:00,3600,0.0,0.35539576502000003,0.0,0.0,0.0,0.35539576502000003,442.17720446,355.39576502,144.33264711
2024-03-09T11:00,3600,0.0,0.39517814505000004,0.0,0.0,0.0,0.39517814505000004,490.03480074,395.17814505,160.15293991
2024-03-09T12:00,3600,0.0,0.31262246996000004,0.0,0.0,0.0,0.31262246996000004,390.75335191,312.62246996,127.38620539
2024-03-09T13:00,3600,0.0,0.20159581304,0.0,0.0,0.0,0.20159581304,257.42562256,201.59581304,83.46999932
2024-03-09T14:00,3600,0.0,0.24321590673,0.0,0.0,0.0,0.24321590673,307.37975467,243.21590673,99.72479996
2024-03-09T15:00,3600,0.0,0.26877289764,0.0,0.0,0.0,0.26877289764,338.06966186,268.77289764,109.74079773
2024-03-09T16:00,3600,0.0,0.08960254240999999,0.0,0.0,0.0,0.08960254240999999,123.16029588,89.60254241,39.6962796
2024-03-09T17:00,3600,0.0,0.03272187572,0.0,0.0,0.0,0.03272187572,55.05326627,32.72187572,17.67997225
2024-03-09T18:00,3600,0.0,0.0,0.0,0.0,0.0,0.0,3.0212594,0.0,0.96820194
2024-03-09T19:00,3600,0.0,0.0,0.0,0.0,0.0,0.0,0.0,0.0,0.0
2024-03-09T20:00,3600,0.0,0.0,0.0,0.0,0.0,0.0,0.0,0.0,0.0
2024-03-09T21:00,3600,0.0,0.0,0.0,0.0,0.0,0.0,0.0,0.0,0.0
2024-03-09T22:00,3600,0.0,0.0,0.0,0.0,0.0,0.0,0.0,0.0,0.0
2024-03-09T23:00,3600,0.0,0.0,0.0,0.0,0.0,0.0,0.0,0.0,0.0
2024-03-10T00:00,3600,0.0,0.0,0.0,0.0,0.0,0.0,0.0,0.0,0.0
2024-03-10T01:00,3600,0.0,0.0,0.0,0.0,0.0,0.0,0.0,0.0,0.0
2024-03-10T02:00,3600,0.0,0.0,0.0,0.0,0.0,0.0,0.0,0.0,0.0
2024-03-10T03:00,3600,0.0,0.0,0.0,0.0,0.0,0.0,0.0,0.0,0.0
2024-03-10T04:00,3600,0.0,0.0,0.0,0.0,0.0,0.0,0.0,0.0,0.0
2024-03-10T05:00,3600,0.0,0.0,0.0,0.0,0.0,0.0,0.0,0.0,0.0
2024-03-10T06:00,3600,0.0,0.0,0.0,0.0,0.0,0.0,0.0,0.0,0.0
2024-03-10T07:00,3600,0.0,0.03447369572,0.0,0.0,0.0,0.03447369572,57.14998041,34.47369572,18.31892652
2024-03-10T08:00,3600,0.0,0.07239862428,0.0,0.0,0.0,0.07239862428,102.55483099,72.39862428,32.91886601
2024-03-10T09:00,3600,0.0,0.15941405176999998,0.0,0.0,0.0,0.15941405176999998,206.82893942,159.41405177,66.56931514
2024-03-10T10:00,3600,0.0,0.26562085571,0.0,0.0,0.0,0.26562085571,334.28392498,265.62085571,108.22175422
2024-03-10T11:00,3600,0.0,0.18039415524000002,0.0,0.0,0.0,0.18039415524000002,231.99043387,180.39415524,74.87580711
2024-03-10T12:00,3600,0.0,0.32875008454000004,0.0,0.0,0.0,0.32875008454000004,410.13878548,328.75008454,133.01401263
2024-03-10T13:00,3600,0.0,0.3040706187,0.0,0.0,0.0,0.3040706187,380.47590048,304.0706187,123.44948598
2024-03-10T14:00,3600,0.0,0.13007864557,0.0,0.0,0.0,0.13007864557,171.66007028,130.07864557,55.36983775
2024-03-10T15:00,3600,0.0,0.06217544792000001,0.0,0.0,0.0,0.06217544792000001,90.31282655,62.17544792,29.04605824
2024-03-10T16:00,3600,0.0,0.07468474028,0.0,0.0,0.0,0.07468474028,105.2926532,74.68474028,33.88706795
2024-03-10T17:00,3600,0.0,0.009400056090000001,0.0,0.0,0.0,0.009400056090000001,27.14508673,9.40005609,8.71381747
2024-03-10T18:00,3600,0.0,0.0,0.0,0.0,0.0,0.0,6.03582446,0.0,1.93640388
2024-03-10T19:00,3600,0.0,0.0,0.0,0.0,0.0,0.0,0.0,0.0,0.0
2024-03-10T20:00,3600,0.0,0.0,0.0,0.0,0.0,0.0,0.0,0.0,0.0
2024-03-10T21:00,3600,0.0,0.0,0.0,0.0,0.0,0.0,0.0,0.0,0.0
2024-03-10T22:00,3600,0.0,0.0,0.0,0.0,0.0,0.0,0.0,0.0,0.0
2024-03-10T23:00,3600,0.0,0.0,0.0,0.0,0.0,0.0,0.0,0.0,0.0
2024-03-11T00:00,3600,0.0,0.0,0.0,0.0,0.0,0.0,0.0,0.0,0.0
2024-03-11T01:00,3600,0.0,0.0,0.0,0.0,0.0,0.0,0.0,0.0,0.0
2024-03-11T02:00,3600,0.0,0.0,0.0,0.0,0.0,0.0,0.0,0.0,0.0
2024-03-11T03:00,3600,0.0,0.0,0.0,0.0,0.0,0.0,0.0,0.0,0.0
2024-03-11T04:00,3600,0.0,0.0,0.0,0.0,0.0,0.0,0.0,0.0,0.0
2024-03-11T05:00,3600,0.0,0.0,0.0,0.0,0.0,0.0,0.0,0.0,0.0
2024-03-11T06:00,3600,0.0,0.0,0.0,0.0,0.0,0.0,0.0,0.0,0.0
2024-03-11T07:00,3600,0.0,0.01511012464,0.0,0.0,0.0,0.01511012464,33.97717934,15.11012464,10.92366821
2024-03-11T08:00,3600,0.0,0.08705783441,0.0,0.0,0.0,0.08705783441,120.11211842,87.05783441,38.72807766
2024-03-11T09:00,3600,0.0,0.12807615214,0.0,0.0,0.0,0.12807615214,169.25993218,128.07615214,54.75674326
2024-03-11T10:00,3600,0.0,0.25901745717,0.0,0.0,0.0,0.25901745717,326.35353875,259.01745717,106.50221355
2024-03-11T11:00,3600,0.0,0.25497428335,0.0,0.0,0.0,0.25497428335,321.4982535,254.97428335,104.84299365
2024-03-11T12:00,3600,0.0,0.29285010958999996,0.0,0.0,0.0,0.29285010958999996,366.99329844,292.85010959,119.60410166
2024-03-11T13:00,3600,0.0,0.6456951816,0.0,0.0,0.0,0.6456951816,792.06053552,645.6951816,263.34076762
2024-03-11T14:00,3600,0.0,0.7589736754399999,0.0,0.0,0.0,0.7589736754399999,929.00505371,758.97367544,310.64811251
2024-03-11T15:00,3600,0.0,1.16724004349,0.0,0.0,0.0,1.16724004349,1424.52577234,1167.24004349,484.43769594
2024-03-11T16:00,3600,0.0,0.55037324784,0.0,0.0,0.0,0.55037324784,677.0053493,550.37324784,226.38301913
2024-03-11T17:00,3600,0.0,0.2615034258,0.0,0.0,0.0,0.2615034258,329.33898414,261.5034258,109.32596159
2024-03-11T18:00,3600,0.0,0.012689578160000001,0.0,0.0,0.0,0.012689578160000001,31.0809268,12.68957816,10.12908543
2024-03-11T19:00,3600,0.0,0.0,0.0,0.0,0.0,0.0,0.0,0.0,0.0
2024-03-11T20:00,3600,0.0,0.0,0.0,0.0,0.0,0.0,0.0,0.0,0.0
2024-03-11T21:00,3600,0.0,0.0,0.0,0.0,0.0,0.0,0.0,0.0,0.0
2024-03-11T22:00,3600,0.0,0.0,0.0,0.0,0.0,0.0,0.0,0.0,0.0
2024-03-11T23:00,3600,0.0,0.0,0.0,0.0,0.0,0.0,0.0,0.0,0.0
2024-03-12T00:00,3600,0.0,0.0,0.0,0.0,0.0,0.0,0.0,0.0,0.0
2024-03-12T01:00,3600,0.0,0.0,0.0,0.0,0.0,0.0,0.0,0.0,0.0
2024-03-12T02:00,3600,0.0,0.0,0.0,0.0,0.0,0.0,0.0,0.0,0.0
2024-03-12T03:00,3600,0.0,0.0,0.0,0.0,0.0,0.0,0.0,0.0,0.0
2024-03-12T04:00,3600,0.0,0.0,0.0,0.0,0.0,0.0,0.0,0.0,0.0
2024-03-12T05:00,3600,0.0,0.0,0.0,0.0,0.0,0.0,0.0,0.0,0.0
2024-03-12T06:00,3600,0.0,0.0,0.0,0.0,0.0,0.0,9.11448709,0.0,2.91255534
2024-03-12T07:00,3600,0.0,0.3165163396699999,0.0,0.0,0.0,0.3165163396699999,395.43336526,316.51633967,127.85590267
2024-03-12T08:00,3600,0.0,0.9498104322800001,0.0,0.0,0.0,0.9498104322800001,1160.24361656,949.81043228,385.11972728
2024-03-12T09:00,3600,0.0,1.57063562453,0.0,0.0,0.0,1.57063562453,1917.19117919,1570.63562453,655.96794519
2024-03-12T10:00,3600,0.0,1.9876572459900002,0.0,0.0,0.0,1.9876572459900002,2429.75293548,1987.65724599,861.57943064
2024-03-12T11:00,3600,0.0,2.1710700000000003,0.0,0.0,0.0,2.1710700000000003,2769.42399473,2171.07,993.99895227
2024-03-12T12:00,3600,0.0,2.1710700000000003,0.0,0.0,0.0,2.1710700000000003,2881.91812672,2171.07,1042.13417803
2024-03-12T13:00,3600,0.0,2.1710700000000003,0.0,0.0,0.0,2.1710700000000003,2738.77532757,2171.07,1003.48800414
2024-03-12T14:00,3600,0.0,1.99082735885,0.0,0.0,0.0,1.99082735885,2433.66216097,1990.82735885,884.10234485
2024-03-12T15:00,3600,0.0,1.5940327889600001,0.0,0.0,0.0,1.5940327889600001,1945.86046226,1594.03278896,694.38210519
2024-03-12T16:00,3600,0.0,1.06258127642,0.0,0.0,0.0,1.06258127642,1297.2051067,1062.58127642,453.1259074
2024-03-12T17:00,3600,0.0,0.46876379529,0.0,0.0,0.0,0.46876379529,578.63244376,468.76379529,197.1180048
2024-03-12T18:00,3600,0.0,0.01651102288,0.0,0.0,0.0,0.01651102288,35.65344128,16.51102288,11.70520464
2024-03-12T19:00,3600,0.0,0.0,0.0,0.0,0.0,0.0,0.0,0.0,0.0
2024-03-12T20:00,3600,0.0,0.0,0.0,0.0,0.0,0.0,0.0,0.0,0.0
2024-03-12T21:00,3600,0.0,0.0,0.0,0.0,0.0,0.0,0.0,0.0,0.0
2024-03-12T22:00,3600,0.0,0.0,0.0,0.0,0.0,0.0,0.0,0.0,0.0
2024-03-12T23:00,3600,0.0,0.0,0.0,0.0,0.0,0.0,0.0,0.0,0.0
2024-03-13T00:00,3600,0.0,0.0,0.0,0.0,0.0,0.0,0.0,0.0,0.0
2024-03-13T01:00,3600,0.0,0.0,0.0,0.0,0.0,0.0,0.0,0.0,0.0
2024-03-13T02:00,3600,0.0,0.0,0.0,0.0,0.0,0.0,0.0,0.0,0.0
2024-03-13T03:00,3600,0.0,0.0,0.0,0.0,0.0,0.0,0.0,0.0,0.0
2024-03-13T04:00,3600,0.0,0.0,0.0,0.0,0.0,0.0,0.0,0.0,0.0
2024-03-13T05:00,3600,0.0,0.0,0.0,0.0,0.0,0.0,0.0,0.0,0.0
2024-03-13T06:00,3600,0.0,0.0,0.0,0.0,0.0,0.0,6.07693754,0.0,1.9443534
2024-03-13T07:00,3600,0.0,0.21773419297000002,0.0,0.0,0.0,0.21773419297000002,276.79188598,217.73419297,89.46268796
2024-03-13T08:00,3600,0.0,0.54766708571,0.0,0.0,0.0,0.54766708571,673.74137699,547.66708571,221.26009885
2024-03-13T09:00,3600,0.0,0.80042238007,0.0,0.0,0.0,0.80042238007,979.17187626,800.42238007,326.12114588
2024-03-13T10:00,3600,0.0,1.06161402965,0.0,0.0,0.0,1.06161402965,1296.02937141,1061.61402965,440.29226391
2024-03-13T11:00,3600,0.0,1.50375939214,0.0,0.0,0.0,1.50375939214,1835.30300519,1503.75939214,633.80809075
2024-03-13T12:00,3600,0.0,1.35698681696,0.0,0.0,0.0,1.35698681696,1655.88083248,1356.98681696,569.40927234
2024-03-13T13:00,3600,0.0,0.98246607447,0.0,0.0,0.0,0.98246607447,1199.88003617,982.46607447,408.52034156
2024-03-13T14:00,3600,0.0,0.74482813358,0.0,0.0,0.0,0.74482813358,911.89141623,744.82813358,307.53898245
2024-03-13T15:00,3600,0.0,0.43754496354000005,0.0,0.0,0.0,0.43754496354000005,541.03280773,437.54496354,180.57088592
2024-03-13T16:00,3600,0.0,0.12827538178,0.0,0.0,0.0,0.12827538178,169.4987206,128.27538178,55.89674538
2024-03-13T17:00,3600,0.0,0.02856912114,0.0,0.0,0.0,0.02856912114,50.08314475,28.56912114,16.459433
2024-03-13T18:00,3600,0.0,0.0,0.0,0.0,0.0,0.0,8.90658638,0.0,2.90460582
2024-03-13T19:00,3600,0.0,0.0,0.0,0.0,0.0,0.0,0.0,0.0,0.0
2024-03-13T20:00,3600,0.0,0.0,0.0,0.0,0.0,0.0,0.0,0.0,0.0
2024-03-13T21:00,3600,0.0,0.0,0.0,0.0,0.0,0.0,0.0,0.0,0.0
2024-03-13T22:00,3600,0.0,0.0,0.0,0.0,0.0,0.0,0.0,0.0,0.0
2024-03-13T23:00,3600,0.0,0.0,0.0,0.0,0.0,0.0,0.0,0.0,0.0
2024-03-14T00:00,3600,0.0,0.0,0.0,0.0,0.0,0.0,0.0,0.0,0.0
2024-03-14T01:00,3600,0.0,0.0,0.0,0.0,0.0,0.0,0.0,0.0,0.0
2024-03-14T02:00,3600,0.0,0.0,0.0,0.0,0.0,0.0,0.0,0.0,0.0
2024-03-14T03:00,3600,0.0,0.0,0.0,0.0,0.0,0.0,0.0,0.0,0.0
2024-03-14T04:00,3600,0.0,0.0,0.0,0.0,0.0,0.0,0.0,0.0,0.0
2024-03-14T05:00,3600,0.0,0.0,0.0,0.0,0.0,0.0,0.0,0.0,0.0
2024-03-14T06:00,3600,0.0,0.0,0.0,0.0,0.0,0.0,2.991766,0.0,0.96820194
2024-03-14T07:00,3600,0.0,0.04640446567,0.0,0.0,0.0,0.04640446567,71.43109987,46.40446567,23.16499566
2024-03-14T08:00,3600,0.0,0.14088271802,0.0,0.0,0.0,0.14088271802,184.61079144,140.88271802,60.1034389
2024-03-14T09:00,3600,0.0,0.24682032937999998,0.0,0.0,0.0,0.24682032937999998,311.70738801,246.82032938,101.94233017
2024-03-14T10:00,3600,0.0,0.34338504654,0.0,0.0,0.0,0.34338504654,427.73409251,343.38504654,141.1138739
2024-03-14T11:00,3600,0.0,0.51802276141,0.0,0.0,0.0,0.51802276141,637.99528857,518.02276141,212.22498977
2024-03-14T12:00,3600,0.0,0.38120711420000003,0.0,0.0,0.0,0.38120711420000003,473.22461613,381.2071142,156.77005365
2024-03-14T13:00,3600,0.0,0.5300172023899999,0.0,0.0,0.0,0.5300172023899999,652.45665494,530.01720239,218.09135921
2024-03-14T14:00,3600,0.0,0.34704520648,0.0,0.0,0.0,0.34704520648,432.13522788,347.04520648,143.48855784
2024-03-14T15:00,3600,0.0,0.21357558627,0.0,0.0,0.0,0.21357558627,271.80105913,213.57558627,89.85480905
2024-03-14T16:00,3600,0.0,0.12478345336,0.0,0.0,0.0,0.12478345336,165.31354179,124.78345336,54.41425883
2024-03-14T17:00,3600,0.0,0.05448579505,0.0,0.0,0.0,0.05448579505,81.10587791,54.48579505,26.57031089
2024-03-14T18:00,3600,0.0,0.0,0.0,0.0,0.0,0.0,6.87263606,0.0,2.24043094
2024-03-14T19:00,3600,0.0,0.0,0.0,0.0,0.0,0.0,0.0,0.0,0.0
2024-03-14T20:00,3600,0.0,0.0,0.0,0.0,0.0,0.0,0.0,0.0,0.0
2024-03-14T21:00,3600,0.0,0.0,0.0,0.0,0.0,0.0,0.0,0.0,0.0
2024-03-14T22:00,3600,0.0,0.0,0.0,0.0,0.0,0.0,0.0,0.0,0.0
2024-03-14T23:00,3600,0.0,0.0,0.0,0.0,0.0,0.0,0.0,0.0,0.0
2024-03-15T00:00,3600,0.0,0.0,0.0,0.0,0.0,0.0,0.0,0.0,0.0
2024-03-15T01:00,3600,0.0,0.0,0.0,0.0,0.0,0.0,0.0,0.0,0.0
2024-03-15T02:00,3600,0.0,0.0,0.0,0.0,0.0,0.0,0.0,0.0,0.0
2024-03-15T03:00,3600,0.0,0.0,0.0,0.0,0.0,0.0,0.0,0.0,0.0
2024-03-15T04:00,3600,0.0,0.0,0.0,0.0,0.0,0.0,0.0,0.0,0.0
2024-03-15T05:00,3600,0.0,0.0,0.0,0.0,0.0,0.0,0.0,0.0,0.0
2024-03-15T06:00,3600,0.0,0.0,0.0,0.0,0.0,0.0,5.95851981,0.0,1.93640388
2024-03-15T07:00,3600,0.0,0.06222684539,0.0,0.0,0.0,0.06222684539,90.37436912,62.22684539,29.4605036
2024-03-15T08:00,3600,0.0,0.2740364543,0.0,0.0,0.0,0.2740364543,344.39181504,274.0364543,113.22602312
2024-03-15T09:00,3600,0.0,0.4892879431,0.0,0.0,0.0,0.4892879431,603.36111579,489.2879431,200.36642793
2024-03-15T10:00,3600,0.0,0.7885673731099999,0.0,0.0,0.0,0.7885673731099999,964.82012709,788.56737311,326.28876427
2024-03-15T11:00,3600,0.0,0.94326157613,0.0,0.0,0.0,0.94326157613,1152.29718923,943.26157613,392.66028238
2024-03-15T12:00,3600,0.0,0.71879508714,0.0,0.0,0.0,0.71879508714,880.40554829,718.79508714,297.78708505
2024-03-15T13:00,3600,0.0,0.5182022359899999,0.0,0.0,0.0,0.5182022359899999,638.2116569,518.20223599,214.43522095
2024-03-15T14:00,3600,0.0,0.52405843711,0.0,0.0,0.0,0.52405843711,645.2720101,524.05843711,216.77659256
2024-03-15T15:00,3600,0.0,0.1478060157,0.0,0.0,0.0,0.1478060157,192.91076479,147.8060157,63.90132813
2024-03-15T16:00,3600,0.0,0.07253400079,0.0,0.0,0.0,0.07253400079,102.71695352,72.53400079,33.88706795
2024-03-15T17:00,3600,0.0,0.01869698767,0.0,0.0,0.0,0.01869698767,38.26915368,18.69698767,12.58662524
2024-03-15T18:00,3600,0.0,0.0,0.0,0.0,0.0,0.0,2.95718205,0.0,0.96820194
2024-03-15T19:00,3600,0.0,0.0,0.0,0.0,0.0,0.0,0.0,0.0,0.0
2024-03-15T20:00,3600,0.0,0.0,0.0,0.0,0.0,0.0,0.0,0.0,0.0
2024-03-15T21:00,3600,0.0,0.0,0.0,0.0,0.0,0.0,0.0,0.0,0.0
2024-03-15T22:00,3600,0.0,0.0,0.0,0.0,0.0,0.0,0.0,0.0,0.0
2024-03-15T23:00,3600,0.0,0.0,0.0,0.0,0.0,0.0,0.0,0.0,0.0
2024-03-16T00:00,3600,0.0,0.0,0.0,0.0,0.0,0.0,0.0,0.0,0.0
2024-03-16T01:00,3600,0.0,0.0,0.0,0.0,0.0,0.0,0.0,0.0,0.0
2024-03-16T02:00,3600,0.0,0.0,0.0,0.0,0.0,0.0,0.0,0.0,0.0
2024-03-16T03:00,3600,0.0,0.0,0.0,0.0,0.0,0.0,0.0,0.0,0.0
2024-03-16T04:00,3600,0.0,0.0,0.0,0.0,0.0,0.0,0.0,0.0,0.0
2024-03-16T05:00,3600,0.0,0.0,0.0,0.0,0.0,0.0,0.0,0.0,0.0
2024-03-16T06:00,3600,0.0,0.0,0.0,0.0,0.0,0.0,2.96429887,0.0,0.96820194
2024-03-16T07:00,3600,0.0,0.046995329329999995,0.0,0.0,0.0,0.046995329329999995,72.13842871,46.99532933,23.61711633
2024-03-16T08:00,3600,0.0,0.22725829241,0.0,0.0,0.0,0.22725829241,288.22311303,227.25829241,95.00406452
2024-03-16T09:00,3600,0.0,0.5031176618100001,0.0,0.0,0.0,0.5031176618100001,620.02825509,503.11766181,206.8278345
2024-03-16T10:00,3600,0.0,0.47511329865999996,0.0,0.0,0.0,0.47511329865999996,586.28187586,475.11329866,196.75055293
2024-03-16T11:00,3600,0.0,0.73711540783,0.0,0.0,0.0,0.73711540783,902.56190766,737.11540783,306.10644936
2024-03-16T12:00,3600,0.0,1.1014610554200002,0.0,0.0,0.0,1.1014610554200002,1344.47976243,1101.46105542,464.34548284
2024-03-16T13:00,3600,0.0,0.8633103013,0.0,0.0,0.0,0.8633103013,1055.34758876,863.3103013,364.81090879
2024-03-16T14:00,3600,0.0,0.9785208940200001,0.0,0.0,0.0,0.9785208940200001,1195.09044895,978.52089402,414.54967303
2024-03-16T15:00,3600,0.0,0.61663830762,0.0,0.0,0.0,0.61663830762,756.97087839,616.63830762,258.70824328
2024-03-16T16:00,3600,0.0,0.47388542162,0.0,0.0,0.0,0.47388542162,584.80255966,473.88542162,198.67090352
2024-03-16T17:00,3600,0.0,0.16602797046,0.0,0.0,0.0,0.16602797046,214.76018212,166.02797046,72.07625277
2024-03-16T18:00,3600,0.0,0.00519281539,0.0,0.0,0.0,0.00519281539,22.11149612,5.19281539,7.32201334
2024-03-16T19:00,3600,0.0,0.0,0.0,0.0,0.0,0.0,0.0,0.0,0.0
2024-03-16T20:00,3600,0.0,0.0,0.0,0.0,0.0,0.0,0.0,0.0,0.0
2024-03-16T21:00,3600,0.0,0.0,0.0,0.0,0.0,0.0,0.0,0.0,0.0
2024-03-16T22:00,3600,0.0,0.0,0.0,0.0,0.0,0.0,0.0,0.0,0.0
2024-03-16T23:00,3600,0.0,0.0,0.0,0.0,0.0,0.0,0.0,0.0,0.0
2024-03-17T00:00,3600,0.0,0.0,0.0,0.0,0.0,0.0,0.0,0.0,0.0
2024-03-17T01:00,3600,0.0,0.0,0.0,0.0,0.0,0.0,0.0,0.0,0.0
2024-03-17T02:00,3600,0.0,0.0,0.0,0.0,0.0,0.0,0.0,0.0,0.0
2024-03-17T03:00,3600,0.0,0.0,0.0,0.0,0.0,0.0,0.0,0.0,0.0
2024-03-17T04:00,3600,0.0,0.0,0.0,0.0,0.0,0.0,0.0,0.0,0.0
2024-03-17T05:00,3600,0.0,0.0,0.0,0.0,0.0,0.0,0.0,0.0,0.0
2024-03-17T06:00,3600,0.0,0.0,0.0,0.0,0.0,0.0,5.88123776,0.0,1.93640388
2024-03-17T07:00,3600,0.0,0.09171555145,0.0,0.0,0.0,0.09171555145,125.69145042,91.71555145,41.55216074
2024-03-17T08:00,3600,0.0,0.27272551535999995,0.0,0.0,0.0,0.27272551535999995,342.8171761,272.72551536,114.10159362
2024-03-17T09:00,3600,0.0,0.75230943711,0.0,0.0,0.0,0.75230943711,920.94203145,752.30943711,312.16581436
2024-03-17T10:00,3600,0.0,0.89729496252,0.0,0.0,0.0,0.89729496252,1096.54327351,897.29496252,378.2677563
2024-03-17T11:00,3600,0.0,1.0117955732000001,0.0,0.0,0.0,1.0117955732000001,1235.49611179,1011.7955732,428.80377439
2024-03-17T12:00,3600,0.0,1.15271336277,0.0,0.0,0.0,1.15271336277,1406.84141014,1152.71336277,491.43583498
2024-03-17T13:00,3600,0.0,0.7973011585299999,0.0,0.0,0.0,0.7973011585299999,975.39305482,797.30115853,337.98480963
2024-03-17T14:00,3600,0.0,0.34253187701000004,0.0,0.0,0.0,0.34253187701000004,426.70823903,342.53187701,145.23029121
2024-03-17T15:00,3600,0.0,0.23858590197999996,0.0,0.0,0.0,0.23858590197999996,301.82110224,238.58590198,102.39815127
2024-03-17T16:00,3600,0.0,0.10276920309,0.0,0.0,0.0,0.10276920309,138.93381462,102.76920309,46.78671229
2024-03-17T17:00,3600,0.0,0.09645025601000001,0.0,0.0,0.0,0.09645025601000001,131.36339875,96.45025601,44.25365038
2024-03-17T18:00,3600,0.0,0.00508066697,0.0,0.0,0.0,0.00508066697,21.97732477,5.08066697,7.29041476
2024-03-17T19:00,3600,0.0,0.0,0.0,0.0,0.0,0.0,0.0,0.0,0.0
2024-03-17T20:00,3600,0.0,0.0,0.0,0.0,0.0,0.0,0.0,0.0,0.0
2024-03-17T21:00,3600,0.0,0.0,0.0,0.0,0.0,0.0,0.0,0.0,0.0
2024-03-17T22:00,3600,0.0,0.0,0.0,0.0,0.0,0.0,0.0,0.0,0.0
2024-03-17T23:00,3600,0.0,0.0,0.0,0.0,0.0,0.0,0.0,0.0,0.0
2024-03-18T00:00,3600,0.0,0.0,0.0,0.0,0.0,0.0,0.0,0.0,0.0
2024-03-18T01:00,3600,0.0,0.0,0.0,0.0,0.0,0.0,0.0,0.0,0.0
2024-03-18T02:00,3600,0.0,0.0,0.0,0.0,0.0,0.0,0.0,0.0,0.0
2024-03-18T03:00,3600,0.0,0.0,0.0,0.0,0.0,0.0,0.0,0.0,0.0
2024-03-18T04:00,3600,0.0,0.0,0.0,0.0,0.0,0.0,0.0,0.0,0.0
2024-03-18T05:00,3600,0.0,0.0,0.0,0.0,0.0,0.0,0.0,0.0,0.0
2024-03-18T06:00,3600,0.0,0.0,0.0,0.0,0.0,0.0,11.76830343,0.0,3.87280777
2024-03-18T07:00,3600,0.0,0.15466720686,0.0,0.0,0.0,0.15466720686,201.13712498,154.66720686,66.63773141
2024-03-18T08:00,3600,0.0,0.44728222407999996,0.0,0.0,0.0,0.44728222407999996,552.75837292,447.28222408,185.55932544
2024-03-18T09:00,3600,0.0,0.77564656168,0.0,0.0,0.0,0.77564656168,949.18104509,775.64656168,321.88884619
2024-03-18T10:00,3600,0.0,0.92924821537,0.0,0.0,0.0,0.92924821537,1135.29594247,929.24821537,391.80421812
2024-03-18T11:00,3600,0.0,1.16403648851,0.0,0.0,0.0,1.16403648851,1420.62551836,1164.03648851,495.61545134
2024-03-18T12:00,3600,0.0,1.2077938481700001,0.0,0.0,0.0,1.2077938481700001,1473.91566524,1207.79384817,514.01334388
2024-03-18T13:00,3600,0.0,1.22047427356,0.0,0.0,0.0,1.22047427356,1489.36528279,1220.47427356,521.30383176
2024-03-18T14:00,3600,0.0,0.44081626209,0.0,0.0,0.0,0.44081626209,544.97189963,440.81626209,185.16745374
2024-03-18T15:00,3600,0.0,0.58745836609,0.0,0.0,0.0,0.58745836609,721.74807264,587.45836609,246.59899723
2024-03-18T16:00,3600,0.0,0.49445101618000004,0.0,0.0,0.0,0.49445101618000004,609.58308292,494.45101618,206.97574354
2024-03-18T17:00,3600,0.0,0.16867201154,0.0,0.0,0.0,0.16867201154,217.93106714,168.67201154,73.19170368
2024-03-18T18:00,3600,0.0,0.00742705933,0.0,0.0,0.0,0.00742705933,24.78453193,7.42705933,8.22716612
2024-03-18T19:00,3600,0.0,0.0,0.0,0.0,0.0,0.0,0.0,0.0,0.0
2024-03-18T20:00,3600,0.0,0.0,0.0,0.0,0.0,0.0,0.0,0.0,0.0
2024-03-18T21:00,3600,0.0,0.0,0.0,0.0,0.0,0.0,0.0,0.0,0.0
2024-03-18T22:00,3600,0.0,0.0,0.0,0.0,0.0,0.0,0.0,0.0,0.0
2024-03-18T23:00,3600,0.0,0.0,0.0,0.0,0.0,0.0,0.0,0.0,0.0
2024-03-19T00:00,3600,0.0,0.0,0.0,0.0,0.0,0.0,0.0,0.0,0.0
2024-03-19T01:00,3600,0.0,0.0,0.0,0.0,0.0,0.0,0.0,0.0,0.0
2024-03-19T02:00,3600,0.0,0.0,0.0,0.0,0.0,0.0,0.0,0.0,0.0
2024-03-19T03:00,3600,0.0,0.0,0.0,0.0,0.0,0.0,0.0,0.0,0.0
2024-03-19T04:00,3600,0.0,0.0,0.0,0.0,0.0,0.0,0.0,0.0,0.0
2024-03-19T05:00,3600,0.0,0.0,0.0,0.0,0.0,0.0,0.0,0.0,0.0
2024-03-19T06:00,3600,0.0,0.0,0.0,0.0,0.0,0.0,5.95875649,0.0,1.93640388
2024-03-19T07:00,3600,0.0,0.024026040980000003,0.0,0.0,0.0,0.024026040980000003,44.64622198,24.02604098,14.52302912
2024-03-19T08:00,3600,0.0,0.06624857031,0.0,0.0,0.0,0.06624857031,95.19006882,66.24857031,30.98246212
2024-03-19T09:00,3600,0.0,0.16775255907999997,0.0,0.0,0.0,0.16775255907999997,216.82839311,167.75255908,70.67874172
2024-03-19T10:00,3600,0.0,0.18929262521999998,0.0,0.0,0.0,0.18929262521999998,242.66476582,189.29262522,79.39255919
2024-03-19T11:00,3600,0.0,0.34487505195,0.0,0.0,0.0,0.34487505195,429.52571069,344.87505195,141.22520726
2024-03-19T12:00,3600,0.0,0.76221318302,0.0,0.0,0.0,0.76221318302,932.92480857,762.21318302,310.90678739
2024-03-19T13:00,3600,0.0,0.7921691427900001,0.0,0.0,0.0,0.7921691427900001,969.1801803,792.16914279,326.56203701
2024-03-19T14:00,3600,0.0,1.63321123532,0.0,0.0,0.0,1.63321123532,1993.89039635,1633.21123532,692.9646574
2024-03-19T15:00,3600,0.0,1.42663642942,0.0,0.0,0.0,1.42663642942,1740.97326423,1426.63642942,601.04112451
2024-03-19T16:00,3600,0.0,0.9615326534399999,0.0,0.0,0.0,0.9615326534399999,1174.46942051,961.53265344,400.20111032
2024-03-19T17:00,3600,0.0,0.43006403019,0.0,0.0,0.0,0.43006403019,532.02546478,430.06403019,178.40364103
2024-03-19T18:00,3600,0.0,0.019713239730000002,0.0,0.0,0.0,0.019713239730000002,39.48522367,19.71323973,12.97332978
2024-03-19T19:00,3600,0.0,0.0,0.0,0.0,0.0,0.0,0.0,0.0,0.0
2024-03-19T20:00,3600,0.0,0.0,0.0,0.0,0.0,0.0,0.0,0.0,0.0
2024-03-19T21:00,3600,0.0,0.0,0.0,0.0,0.0,0.0,0.0,0.0,0.0
2024-03-19T22:00,3600,0.0,0.0,0.0,0.0,0.0,0.0,0.0,0.0,0.0
2024-03-19T23:00,3600,0.0,0.0,0.0,0.0,0.0,0.0,0.0,0.0,0.0
2024-03-20T00:00,3600,0.0,0.0,0.0,0.0,0.0,0.0,0.0,0.0,0.0
2024-03-20T01:00,3600,0.0,0.0,0.0,0.0,0.0,0.0,0.0,0.0,0.0
2024-03-20T02:00,3600,0.0,0.0,0.0,0.0,0.0,0.0,0.0,0.0,0.0
2024-03-20T03:00,3600,0.0,0.0,0.0,0.0,0.0,0.0,0.0,0.0,0.0
2024-03-20T04:00,3600,0.0,0.0,0.0,0.0,0.0,0.0,0.0,0.0,0.0
2024-03-20T05:00,3600,0.0,0.0,0.0,0.0,0.0,0.0,0.0,0.0,0.0
2024-03-20T06:00,3600,0.0,0.00430744515,0.0,0.0,0.0,0.00430744515,21.05226904,4.30744515,6.79331262
2024-03-20T07:00,3600,0.0,0.355141925,0.0,0.0,0.0,0.355141925,441.87193027,355.141925,144.36239603
2024-03-20T08:00,3600,0.0,0.8764062788,0.0,0.0,0.0,0.8764062788,1071.21981147,876.4062788,357.15402691
2024-03-20T09:00,3600,0.0,1.46329784433,0.0,0.0,0.0,1.46329784433,1785.80010833,1463.29784433,609.00661653
2024-03-20T10:00,3600,0.0,1.87056406209,0.0,0.0,0.0,1.87056406209,2285.49578233,1870.56406209,806.22932583
2024-03-20T11:00,3600,0.0,2.1151617501,0.0,0.0,0.0,2.1151617501,2587.13922346,2115.1617501,924.87053208
2024-03-20T12:00,3600,0.0,2.1710700000000003,0.0,0.0,0.0,2.1710700000000003,2687.97080855,2171.07,968.26961719
2024-03-20T13:00,3600,0.0,2.1327034603799997,0.0,0.0,0.0,2.1327034603799997,2608.81676918,2132.70346038,949.5986143
2024-03-20T14:00,3600,0.0,1.8759398968299998,0.0,0.0,0.0,1.8759398968299998,2292.11293096,1875.93989683,827.77469731
2024-03-20T15:00,3600,0.0,1.40306596145,0.0,0.0,0.0,1.40306596145,1712.16646936,1403.06596145,605.55173403
2024-03-20T16:00,3600,0.0,0.84287032577,0.0,0.0,0.0,0.84287032577,1030.58080752,842.87032577,355.50013352
2024-03-20T17:00,3600,0.0,0.36935459730000003,0.0,0.0,0.0,0.36935459730000003,458.96622099,369.3545973,155.20800506
2024-03-20T18:00,3600,0.0,0.02266465212,0.0,0.0,0.0,0.02266465212,43.01705365,22.66465212,14.18563222
2024-03-20T19:00,3600,0.0,0.0,0.0,0.0,0.0,0.0,0.0,0.0,0.0
2024-03-20T20:00,3600,0.0,0.0,0.0,0.0,0.0,0.0,0.0,0.0,0.0
2024-03-20T21:00,3600,0.0,0.0,0.0,0.0,0.0,0.0,0.0,0.0,0.0
2024-03-20T22:00,3600,0.0,0.0,0.0,0.0,0.0,0.0,0.0,0.0,0.0
2024-03-20T23:00,3600,0.0,0.0,0.0,0.0,0.0,0.0,0.0,0.0,0.0
2024-03-21T00:00,3600,0.0,0.0,0.0,0.0,0.0,0.0,0.0,0.0,0.0
2024-03-21T01:00,3600,0.0,0.0,0.0,0.0,0.0,0.0,0.0,0.0,0.0
2024-03-21T02:00,3600,0.0,0.0,0.0,0.0,0.0,0.0,0.0,0.0,0.0
2024-03-21T03:00,3600,0.0,0.0,0.0,0.0,0.0,0.0,0.0,0.0,0.0
2024-03-21T04:00,3600,0.0,0.0,0.0,0.0,0.0,0.0,0.0,0.0,0.0
2024-03-21T05:00,3600,0.0,0.0,0.0,0.0,0.0,0.0,0.0,0.0,0.0
2024-03-21T06:00,3600,0.0,0.0016824461,0.0,0.0,0.0,0.0016824461,17.91189037,1.6824461,5.82511068
2024-03-21T07:00,3600,0.0,0.28273750082,0.0,0.0,0.0,0.28273750082,354.84388879,282.73750082,116.49254317
2024-03-21T08:00,3600,0.0,0.79434238761,0.0,0.0,0.0,0.79434238761,971.81107528,794.34238761,325.64465984
2024-03-21T09:00,3600,0.0,1.1946923427500002,0.0,0.0,0.0,1.1946923427500002,1457.95616998,1194.69234275,496.14315528
2024-03-21T10:00,3600,0.0,1.52719793749,0.0,0.0,0.0,1.52719793749,1863.99321583,1527.19793749,654.13918164
2024-03-21T11:00,3600,0.0,1.66313004673,0.0,0.0,0.0,1.66313004673,2030.58840659,1663.13004673,717.69738581
2024-03-21T12:00,3600,0.0,1.84976032605,0.0,0.0,0.0,1.84976032605,2259.89358545,1849.76032605,804.69282367
2024-03-21T13:00,3600,0.0,1.95751844755,0.0,0.0,0.0,1.95751844755,2392.59700104,1957.51844755,859.17244528
2024-03-21T14:00,3600,0.0,1.7332317027,0.0,0.0,0.0,1.7332317027,2116.64117034,1733.2317027,752.65056756
2024-03-21T15:00,3600,0.0,1.08897984627,0.0,0.0,0.0,1.08897984627,1329.30056097,1088.97984627,460.89875639
2024-03-21T16:00,3600,0.0,0.72970513596,0.0,0.0,0.0,0.72970513596,893.59928078,729.70513596,305.33554937
2024-03-21T17:00,3600,0.0,0.31266368906,0.0,0.0,0.0,0.31266368906,390.80289141,312.66368906,131.41375537
2024-03-21T18:00,3600,0.0,0.01610004784,0.0,0.0,0.0,0.01610004784,35.16168046,16.10004784,11.62687493
2024-03-21T19:00,3600,0.0,0.0,0.0,0.0,0.0,0.0,0.0,0.0,0.0
2024-03-21T20:00,3600,0.0,0.0,0.0,0.0,0.0,0.0,0.0,0.0,0.0
2024-03-21T21:00,3600,0.0,0.0,0.0,0.0,0.0,0.0,0.0,0.0,0.0
2024-03-21T22:00,3600,0.0,0.0,0.0,0.0,0.0,0.0,0.0,0.0,0.0
2024-03-21T23:00,3600,0.0,0.0,0.0,0.0,0.0,0.0,0.0,0.0,0.0
2024-03-22T00:00,3600,0.0,0.0,0.0,0.0,0.0,0.0,0.0,0.0,0.0
2024-03-22T01:00,3600,0.0,0.0,0.0,0.0,0.0,0.0,0.0,0.0,0.0
2024-03-22T02:00,3600,0.0,0.0,0.0,0.0,0.0,0.0,0.0,0.0,0.0
2024-03-22T03:00,3600,0.0,0.0,0.0,0.0,0.0,0.0,0.0,0.0,0.0
2024-03-22T04:00,3600,0.0,0.0,0.0,0.0,0.0,0.0,0.0,0.0,0.0
2024-03-22T05:00,3600,0.0,0.0,0.0,0.0,0.0,0.0,0.0,0.0,0.0
2024-03-22T06:00,3600,0.0,0.0,0.0,0.0,0.0,0.0,14.79472699,0.0,4.84895922
2024-03-22T07:00,3600,0.0,0.20412002631999998,0.0,0.0,0.0,0.20412002631999998,260.45440379,204.12002632,86.03883588
2024-03-22T08:00,3600,0.0,0.55079817922,0.0,0.0,0.0,0.55079817922,677.51788213,550.79817922,226.90467996
2024-03-22T09:00,3600,0.0,0.93753544118,0.0,0.0,0.0,0.93753544118,1145.34970693,937.53544118,390.11369591
2024-03-22T10:00,3600,0.0,1.1304676777,0.0,0.0,0.0,1.1304676777,1379.76778509,1130.4676777,474.50183421
2024-03-22T11:00,3600,0.0,0.91863258575,0.0,0.0,0.0,0.91863258575,1122.41929507,918.63258575,384.41610222
2024-03-22T12:00,3600,0.0,0.8855915969699999,0.0,0.0,0.0,0.8855915969699999,1082.35423069,885.59159697,369.39880722
2024-03-22T13:00,3600,0.0,0.98953891709,0.0,0.0,0.0,0.98953891709,1208.46743616,989.53891709,415.80950795
2024-03-22T14:00,3600,0.0,0.7822586879499999,0.0,0.0,0.0,0.7822586879499999,957.1838429,782.25868795,327.30082263
2024-03-22T15:00,3600,0.4817253452028874,0.34773783443,0.34773783443,0.1339875107728874,0.0,0.0,432.96810095,347.73783443,145.85363483
2024-03-22T16:00,3600,0.32014935185757964,0.46601376605000006,0.32014935185757964,0.0,0.0,0.1458644141924204,575.31962955,466.01376605,194.51712163
2024-03-22T17:00,3600,0.265207696070841,0.25438661264,0.25438661264,0.010821083430840983,0.0,0.0,320.7925677,254.38661264,107.71571396
2024-03-22T18:00,3600,0.0,0.01926116583,0.0,0.0,0.0,0.01926116583,38.94425964,19.26116583,12.94641042
2024-03-22T19:00,3600,0.0,0.0,0.0,0.0,0.0,0.0,0.0,0.0,0.0
2024-03-22T20:00,3600,0.0,0.0,0.0,0.0,0.0,0.0,0.0,0.0,0.0
2024-03-22T21:00,3600,0.0,0.0,0.0,0.0,0.0,0.0,0.0,0.0,0.0
2024-03-22T22:00,3600,0.0,0.0,0.0,0.0,0.0,0.0,0.0,0.0,0.0
2024-03-22T23:00,3600,0.0,0.0,0.0,0.0,0.0,0.0,0.0,0.0,0.0
2024-03-23T00:00,3600,0.0,0.0,0.0,0.0,0.0,0.0,0.0,0.0,0.0
2024-03-23T01:00,3600,0.0,0.0,0.0,0.0,0.0,0.0,0.0,0.0,0.0
2024-03-23T02:00,3600,0.0,0.0,0.0,0.0,0.0,0.0,0.0,0.0,0.0
2024-03-23T03:00,3600,0.0,0.0,0.0,0.0,0.0,0.0,0.0,0.0,0.0
2024-03-23T04:00,3600,0.0,0.0,0.0,0.0,0.0,0.0,0.0,0.0,0.0
2024-03-23T05:00,3600,0.0,0.0,0.0,0.0,0.0,0.0,0.0,0.0,0.0
2024-03-23T06:00,3600,0.0,0.0014276822300000002,0.0,0.0,0.0,0.0014276822300000002,17.60711389,1.42768223,5.80921165
2024-03-23T07:00,3600,0.0,0.12927619598999998,0.0,0.0,0.0,0.12927619598999998,170.69826588,129.27619599,56.60366267
2024-03-23T08:00,3600,0.0,0.45751257050999994,0.0,0.0,0.0,0.45751257050999994,565.07955542,457.51257051,189.84486224
2024-03-23T09:00,3600,0.0,0.64289447404,0.0,0.0,0.0,0.64289447404,788.67767555,642.89447404,266.72096229
2024-03-23T10:00,3600,0.0,0.9297689340199999,0.0,0.0,0.0,0.9297689340199999,1135.92762227,929.76893402,390.74906047
2024-03-23T11:00,3600,0.0,0.9870603211400001,0.0,0.0,0.0,0.9870603211400001,1205.45797566,987.06032114,416.21620084
2024-03-23T12:00,3600,0.0,1.0456545220400002,0.0,0.0,0.0,1.0456545220400002,1276.63232608,1045.65452204,441.09345758
2024-03-23T13:00,3600,0.0,0.95499495758,0.0,0.0,0.0,0.95499495758,1166.53511765,954.99495758,404.72481047
2024-03-23T14:00,3600,0.0,0.76923598978,0.0,0.0,0.0,0.76923598978,941.42295835,769.23598978,324.55922724
2024-03-23T15:00,3600,0.0,0.56068107968,0.0,0.0,0.0,0.56068107968,689.43911025,560.68107968,236.11845466
2024-03-23T16:00,3600,0.0,0.56154855536,0.0,0.0,0.0,0.56154855536,690.48558565,561.54855536,236.50164391
2024-03-23T17:00,3600,0.0,0.23574421328,0.0,0.0,0.0,0.23574421328,298.40964139,235.74421328,100.91060616
2024-03-23T18:00,3600,0.0,0.01173575833,0.0,0.0,0.0,0.01173575833,29.93968283,11.73575833,10.01315499
2024-03-23T19:00,3600,0.0,0.0,0.0,0.0,0.0,0.0,0.0,0.0,0.0
2024-03-23T20:00,3600,0.0,0.0,0.0,0.0,0.0,0.0,0.0,0.0,0.0
2024-03-23T21:00,3600,0.0,0.0,0.0,0.0,0.0,0.0,0.0,0.0,0.0
2024-03-23T22:00,3600,0.0,0.0,0.0,0.0,0.0,0.0,0.0,0.0,0.0
2024-03-23T23:00,3600,0.0,0.0,0.0,0.0,0.0,0.0,0.0,0.0,0.0
2024-03-24T00:00,3600,0.0,0.0,0.0,0.0,0.0,0.0,0.0,0.0,0.0
2024-03-24T01:00,3600,0.0,0.0,0.0,0.0,0.0,0.0,0.0,0.0,0.0
2024-03-24T02:00,3600,0.0,0.0,0.0,0.0,0.0,0.0,0.0,0.0,0.0
2024-03-24T03:00,3600,0.0,0.0,0.0,0.0,0.0,0.0,0.0,0.0,0.0
2024-03-24T04:00,3600,0.0,0.0,0.0,0.0,0.0,0.0,0.0,0.0,0.0
2024-03-24T05:00,3600,0.0,0.0,0.0,0.0,0.0,0.0,0.0,0.0,0.0
2024-03-24T06:00,3600,0.0,0.0,0.0,0.0,0.0,0.0,8.72053286,0.0,2.90460582
2024-03-24T07:00,3600,0.0,0.09602237142,0.0,0.0,0.0,0.09602237142,130.85079721,96.02237142,43.73131436
2024-03-24T08:00,3600,0.0,0.45214315520000004,0.0,0.0,0.0,0.45214315520000004,558.61252527,452.1431552,189.10897473
2024-03-24T09:00,3600,0.0,1.1108786315,0.0,0.0,0.0,1.1108786315,1355.93500192,1110.8786315,470.45036198
2024-03-24T10:00,3600,0.0,1.3049698283800002,0.0,0.0,0.0,1.3049698283800002,1592.3901728,1304.96982838,562.18456516
2024-03-24T11:00,3600,0.0,1.59555265701,0.0,0.0,0.0,1.59555265701,1947.72316494,1595.55265701,695.92234616
2024-03-24T12:00,3600,0.0,1.51850181765,0.0,0.0,0.0,1.51850181765,1853.3474179,1518.50181765,660.07663697
2024-03-24T13:00,3600,0.0,1.56317317553,0.0,0.0,0.0,1.56317317553,1908.04939606,1563.17317553,683.94297077
2024-03-24T14:00,3600,0.0,1.31084571051,0.0,0.0,0.0,1.31084571051,1599.55958098,1310.84571051,568.51248054
2024-03-24T15:00,3600,0.0,0.88528917714,0.0,0.0,0.0,0.88528917714,1081.9876134,885.28917714,378.92087044
2024-03-24T16:00,3600,0.0,0.56240073335,0.0,0.0,0.0,0.56240073335,691.51362007,562.40073335,239.0235479
2024-03-24T17:00,3600,0.0,0.30778092077999997,0.0,0.0,0.0,0.30778092077999997,384.93470935,307.78092078,131.90499738
2024-03-24T18:00,3600,0.0,0.0177894794,0.0,0.0,0.0,0.0177894794,37.18322443,17.7894794,12.52223861
2024-03-24T19:00,3600,0.0,0.0,0.0,0.0,0.0,0.0,0.0,0.0,0.0
2024-03-24T20:00,3600,0.0,0.0,0.0,0.0,0.0,0.0,0.0,0.0,0.0
2024-03-24T21:00,3600,0.0,0.0,0.0,0.0,0.0,0.0,0.0,0.0,0.0
2024-03-24T22:00,3600,0.0,0.0,0.0,0.0,0.0,0.0,0.0,0.0,0.0
2024-03-24T23:00,3600,0.0,0.0,0.0,0.0,0.0,0.0,0.0,0.0,0.0
2024-03-25T00:00,3600,0.0,0.0,0.0,0.0,0.0,0.0,0.0,0.0,0.0
2024-03-25T01:00,3600,0.0,0.0,0.0,0.0,0.0,0.0,0.0,0.0,0.0
2024-03-25T02:00,3600,0.0,0.0,0.0,0.0,0.0,0.0,0.0,0.0,0.0
2024-03-25T03:00,3600,0.0,0.0,0.0,0.0,0.0,0.0,0.0,0.0,0.0
2024-03-25T04:00,3600,0.0,0.0,0.0,0.0,0.0,0.0,0.0,0.0,0.0
2024-03-25T05:00,3600,0.0,0.0,0.0,0.0,0.0,0.0,0.0,0.0,0.0
2024-03-25T06:00,3600,0.0,0.0,0.0,0.0,0.0,0.0,11.6461719,0.0,3.88075728
2024-03-25T07:00,3600,0.0,0.11708250112,0.0,0.0,0.0,0.11708250112,156.08449175,117.08250112,52.22942549
2024-03-25T08:00,3600,1.0281228337594417,0.43939900405,0.43939900405,0.5887238297094417,0.0,0.0,543.26530293,439.39900405,183.76356426
2024-03-25T09:00,3600,1.0149339213029493,0.70621447887,0.70621447887,0.30871944243294935,0.0,0.0,865.19427881,706.21447887,296.12428568
2024-03-25T10:00,3600,1.0295165199075822,1.09012094138,1.0295165199075822,0.0,0.0,0.060604421472417735,1330.68819976,1090.12094138,466.58172531
2024-03-25T11:00,3600,1.016926339828301,1.09672339321,1.016926339828301,0.0,0.0,0.07979705338169896,1338.71764526,1096.72339321,468.76982992
2024-03-25T12:00,3600,0.8667375121760272,1.2245586448599999,0.8667375121760272,0.0,0.0,0.35782113268397264,1494.34225295,1224.55864486,525.449203
2024-03-25T13:00,3600,0.7139082767127631,1.35735059775,0.7139082767127631,0.0,0.0,0.6434423210372369,1656.32503369,1357.35059775,587.95758242
2024-03-25T14:00,3600,0.7258629495416615,1.3070770523300002,0.7258629495416615,0.0,0.0,0.5812141027883386,1594.96120977,1307.07705233,567.4576351
2024-03-25T15:00,3600,0.6728803786685171,1.06581527414,0.6728803786685171,0.0,0.0,0.39293489547148286,1301.13631378,1065.81527414,459.05474408
2024-03-25T16:00,3600,0.5789258003081732,0.64483973615,0.5789258003081732,0.0,0.0,0.06591393584182681,791.02726283,644.83973615,275.33466912
2024-03-25T17:00,3600,0.5306215063689605,0.30018070374,0.30018070374,0.23044080262896055,0.0,0.0,375.80150949,300.18070374,129.31183012
2024-03-25T18:00,3600,0.0,0.01242237796,0.0,0.0,0.0,0.01242237796,30.76122054,12.42237796,10.36292298
2024-03-25T19:00,3600,0.0,0.0,0.0,0.0,0.0,0.0,0.0,0.0,0.0
2024-03-25T20:00,3600,0.0,0.0,0.0,0.0,0.0,0.0,0.0,0.0,0.0
2024-03-25T21:00,3600,0.0,0.0,0.0,0.0,0.0,0.0,0.0,0.0,0.0
2024-03-25T22:00,3600,0.0,0.0,0.0,0.0,0.0,0.0,0.0,0.0,0.0
2024-03-25T23:00,3600,0.0,0.0,0.0,0.0,0.0,0.0,0.0,0.0,0.0
2024-03-26T00:00,3600,0.0,0.0,0.0,0.0,0.0,0.0,0.0,0.0,0.0
2024-03-26T01:00,3600,0.0,0.0,0.0,0.0,0.0,0.0,0.0,0.0,0.0
2024-03-26T02:00,3600,0.0,0.0,0.0,0.0,0.0,0.0,0.0,0.0,0.0
2024-03-26T03:00,3600,0.0,0.0,0.0,0.0,0.0,0.0,0.0,0.0,0.0
2024-03-26T04:00,3600,0.0,0.0,0.0,0.0,0.0,0.0,0.0,0.0,0.0
2024-03-26T05:00,3600,0.0,0.0,0.0,0.0,0.0,0.0,0.0,0.0,0.0
2024-03-26T06:00,3600,0.0,0.0,0.0,0.0,0.0,0.0,8.78190031,0.0,2.90460582
2024-03-26T07:00,3600,0.0,0.07710204744,0.0,0.0,0.0,0.07710204744,108.18768921,77.10204744,35.87811554
2024-03-26T08:00,3600,0.0,0.20114838493999998,0.0,0.0,0.0,0.20114838493999998,256.88876941,201.14838494,85.50413855
2024-03-26T09:00,3600,0.0,0.39240288134000006,0.0,0.0,0.0,0.39240288134000006,486.69527574,392.40288134,162.95506832
2024-03-26T10:00,3600,0.385615265424849,0.73046084993,0.385615265424849,0.0,0.0,0.34484558450515107,894.51326092,730.46084993,306.16750443
2024-03-26T11:00,3600,0.3719769973659171,0.77381028609,0.3719769973659171,0.0,0.0,0.4018332887240829,946.95870374,773.81028609,324.8339429
2024-03-26T12:00,3600,0.41534738715070074,1.0356047149,0.41534738715070074,0.0,0.0,0.6202573277492993,1264.42030553,1035.6047149,438.05697664
2024-03-26T13:00,3600,0.5858894629844094,1.48630809908,0.5858894629844094,0.0,0.0,0.9004186360955906,1813.94832344,1486.30809908,647.38543811
2024-03-26T14:00,3600,0.6622474013646177,1.74893105371,0.6622474013646177,0.0,0.0,1.0866836523453824,2135.92568973,1748.93105371,775.35453197
2024-03-26T15:00,3600,0.6155139433246648,1.4111051385299997,0.6155139433246648,0.0,0.0,0.795591195205335,1721.990421,1411.10513853,617.13360863
2024-03-26T16:00,3600,0.5233677277879745,0.9166770213700001,0.5233677277879745,0.0,0.0,0.3933092935820256,1120.0474429,916.67702137,392.92968822
2024-03-26T17:00,3600,0.43441765469745547,0.39027933057,0.39027933057,0.04413832412745544,0.0,0.0,484.14006244,390.27933057,166.32573391
2024-03-26T18:00,3600,0.0,0.01992149583,0.0,0.0,0.0,0.01992149583,39.73442985,19.92149583,13.31882282
2024-03-26T19:00,3600,0.0,0.0,0.0,0.0,0.0,0.0,0.0,0.0,0.0
2024-03-26T20:00,3600,0.0,0.0,0.0,0.0,0.0,0.0,0.0,0.0,0.0
2024-03-26T21:00,3600,0.0,0.0,0.0,0.0,0.0,0.0,0.0,0.0,0.0
2024-03-26T22:00,3600,0.0,0.0,0.0,0.0,0.0,0.0,0.0,0.0,0.0
2024-03-26T23:00,3600,0.0,0.0,0.0,0.0,0.0,0.0,0.0,0.0,0.0
2024-03-27T00:00,3600,0.0,0.0,0.0,0.0,0.0,0.0,0.0,0.0,0.0
2024-03-27T01:00,3600,0.0,0.0,0.0,0.0,0.0,0.0,0.0,0.0,0.0
2024-03-27T02:00,3600,0.0,0.0,0.0,0.0,0.0,0.0,0.0,0.0,0.0
2024-03-27T03:00,3600,0.0,0.0,0.0,0.0,0.0,0.0,0.0,0.0,0.0
2024-03-27T04:00,3600,0.0,0.0,0.0,0.0,0.0,0.0,0.0,0.0,0.0
2024-03-27T05:00,3600,0.0,0.0,0.0,0.0,0.0,0.0,0.0,0.0,0.0
2024-03-27T06:00,3600,0.0,0.00870996587,0.0,0.0,0.0,0.00870996587,26.31943344,8.70996587,8.72176699
2024-03-27T07:00,3600,0.0,0.27989198019000006,0.0,0.0,0.0,0.27989198019000006,351.42557683,279.89198019,117.40555573
2024-03-27T08:00,3600,0.0,0.62728171631,0.0,0.0,0.0,0.62728171631,769.82228454,627.28171631,260.22153243
2024-03-27T09:00,3600,0.0,0.97360937792,0.0,0.0,0.0,0.97360937792,1189.12809898,973.60937792,406.84826388
2024-03-27T10:00,3600,0.5587273141434282,0.91330389785,0.5587273141434282,0.0,0.0,0.35457658370657175,1115.95643674,913.30389785,384.7304829
2024-03-27T11:00,3600,0.43111894436882603,0.88016209157,0.43111894436882603,0.0,0.0,0.449043147201174,1075.77241024,880.16209157,370.26588958
2024-03-27T12:00,3600,0.45089826787891585,0.94510105131,0.45089826787891585,0.0,0.0,0.49420278343108415,1154.52914107,945.10105131,398.38438874
2024-03-27T13:00,3600,0.4689600469889475,0.73669898541,0.4689600469889475,0.0,0.0,0.2677389384210525,902.05822355,736.69898541,310.61747461
2024-03-27T14:00,3600,0.4698392067542503,0.67727642816,0.4698392067542503,0.0,0.0,0.20743722140574972,830.21613234,677.27642816,285.42460227
2024-03-27T15:00,3600,0.48514820479473003,0.73159875387,0.48514820479473003,0.0,0.0,0.24645054907526992,895.88949127,731.59875387,308.83640766
2024-03-27T16:00,3600,0.4317788203947053,0.47778777821,0.4317788203947053,0.0,0.0,0.04600895781529474,589.50411777,477.78777821,201.17684613
2024-03-27T17:00,3600,0.37531801068314385,0.1989134594,0.1989134594,0.17640455128314386,0.0,0.0,254.20721487,198.9134594,85.96926111
2024-03-27T18:00,3600,0.0,0.020854844459999997,0.0,0.0,0.0,0.020854844459999997,40.8513153,20.85484446,13.66309821
2024-03-27T19:00,3600,0.0,0.0,0.0,0.0,0.0,0.0,0.0,0.0,0.0
2024-03-27T20:00,3600,0.0,0.0,0.0,0.0,0.0,0.0,0.0,0.0,0.0
2024-03-27T21:00,3600,0.0,0.0,0.0,0.0,0.0,0.0,0.0,0.0,0.0
2024-03-27T22:00,3600,0.0,0.0,0.0,0.0,0.0,0.0,0.0,0.0,0.0
2024-03-27T23:00,3600,0.0,0.0,0.0,0.0,0.0,0.0,0.0,0.0,0.0
2024-03-28T00:00,3600,0.0,0.0,0.0,0.0,0.0,0.0,0.0,0.0,0.0
2024-03-28T01:00,3600,0.0,0.0,0.0,0.0,0.0,0.0,0.0,0.0,0.0
2024-03-28T02:00,3600,0.0,0.0,0.0,0.0,0.0,0.0,0.0,0.0,0.0
2024-03-28T03:00,3600,0.0,0.0,0.0,0.0,0.0,0.0,0.0,0.0,0.0
2024-03-28T04:00,3600,0.0,0.0,0.0,0.0,0.0,0.0,0.0,0.0,0.0
2024-03-28T05:00,3600,0.0,0.0,0.0,0.0,0.0,0.0,0.0,0.0,0.0
2024-03-28T06:00,3600,0.0,0.00140099026,0.0,0.0,0.0,0.00140099026,17.57518209,1.40099026,5.81716116
2024-03-28T07:00,3600,0.0,0.08181875259999999,0.0,0.0,0.0,0.08181875259999999,113.83684888,81.8187526,37.83932378
2024-03-28T08:00,3600,0.0,0.13017465663,0.0,0.0,0.0,0.13017465663,171.77514851,130.17465663,57.1963478
2024-03-28T09:00,3600,0.0,0.35517075124999997,0.0,0.0,0.0,0.35517075124999997,441.90659737,355.17075125,148.40340511
2024-03-28T10:00,3600,0.0,1.07647948344,0.0,0.0,0.0,1.07647948344,1314.10097021,1076.47948344,459.10955504
2024-03-28T11:00,3600,0.8037156496925082,1.4606932251,0.8037156496925082,0.0,0.0,0.6569775754074918,1782.6145352,1460.6932251,634.96664335
2024-03-28T12:00,3600,0.6638880096100463,1.4356534753999999,0.6638880096100463,0.0,0.0,0.7717654657899535,1751.99627891,1435.6534754,625.35019564
2024-03-28T13:00,3600,0.6655674240631401,1.30044083033,0.6655674240631401,0.0,0.0,0.6348734062668598,1586.86459663,1300.44083033,565.37586867
2024-03-28T14:00,3600,0.6405206268829008,1.27174204881,0.6405206268829008,0.0,0.0,0.6312214219270992,1551.85977856,1271.74204881,551.18204067
2024-03-28T15:00,3600,0.577691890788987,0.89796017023,0.577691890788987,0.0,0.0,0.320268279441013,1097.34984051,897.96017023,384.00245079
2024-03-28T16:00,3600,0.5137327346806297,0.52105181557,0.5137327346806297,0.0,0.0,0.0073190808893702775,641.64708936,521.05181557,221.39701527
2024-03-28T17:00,3600,0.4535705066492432,0.19696691415000003,0.19696691415000003,0.25660359249924314,0.0,0.0,251.87174346,196.96691415,85.65394242
2024-03-28T18:00,3600,0.0,0.021250014860000003,0.0,0.0,0.0,0.021250014860000003,41.32419799,21.25001486,13.83754073
2024-03-28T19:00,3600,0.0,0.0,0.0,0.0,0.0,0.0,0.0,0.0,0.0
2024-03-28T20:00,3600,0.0,0.0,0.0,0.0,0.0,0.0,0.0,0.0,0.0
2024-03-28T21:00,3600,0.0,0.0,0.0,0.0,0.0,0.0,0.0,0.0,0.0
2024-03-28T22:00,3600,0.0,0.0,0.0,0.0,0.0,0.0,0.0,0.0,0.0
2024-03-28T23:00,3600,0.0,0.0,0.0,0.0,0.0,0.0,0.0,0.0,0.0
2024-03-29T00:00,3600,0.0,0.0,0.0,0.0,0.0,0.0,0.0,0.0,0.0
2024-03-29T01:00,3600,0.0,0.0,0.0,0.0,0.0,0.0,0.0,0.0,0.0
2024-03-29T02:00,3600,0.0,0.0,0.0,0.0,0.0,0.0,0.0,0.0,0.0
2024-03-29T03:00,3600,0.0,0.0,0.0,0.0,0.0,0.0,0.0,0.0,0.0
2024-03-29T04:00,3600,0.0,0.0,0.0,0.0,0.0,0.0,0.0,0.0,0.0
2024-03-29T05:00,3600,0.0,0.0,0.0,0.0,0.0,0.0,0.0,0.0,0.0
2024-03-29T06:00,3600,0.0,0.00877144326,0.0,0.0,0.0,0.00877144326,26.39298727,8.77144326,8.71381747
2024-03-29T07:00,3600,0.0,0.22775906427000003,0.0,0.0,0.0,0.22775906427000003,288.82420551,227.75906427,96.2050517
2024-03-29T08:00,3600,0.0,0.64616830189,0.0,0.0,0.0,0.64616830189,792.63201227,646.16830189,268.78866504
2024-03-29T09:00,3600,0.0,1.109381441,0.0,0.0,0.0,1.109381441,1354.11375671,1109.381441,469.11612824
2024-03-29T10:00,3600,0.0,1.33290272701,0.0,0.0,0.0,1.33290272701,1626.47805542,1332.90272701,579.0434969
2024-03-29T11:00,3600,0.9462357569357325,1.6543765455500001,0.9462357569357325,0.0,0.0,0.7081407886142677,2019.8497115,1654.37654555,733.44001399
2024-03-29T12:00,3600,0.8934874596375418,1.83649360728,0.8934874596375418,0.0,0.0,0.9430061476424582,2243.57120363,1836.49360728,828.7477307
2024-03-29T13:00,3600,0.7356313720990406,1.49004095073,0.7356313720990406,0.0,0.0,0.7544095786309595,1818.51562912,1490.04095073,666.76823758
2024-03-29T14:00,3600,0.7446095406708159,1.55912706818,0.7446095406708159,0.0,0.0,0.8145175275091842,1903.09320382,1559.12706818,699.01518679
2024-03-29T15:00,3600,0.6440213716104057,1.04301209269,0.6440213716104057,0.0,0.0,0.3989907210795942,1273.42119707,1043.01209269,454.6884797
2024-03-29T16:00,3600,0.5355302777224717,0.50693923154,0.50693923154,0.02859104618247177,0.0,0.0,624.63450084,506.93923154,216.73721083
2024-03-29T17:00,3600,0.4594265439963578,0.15081074170999997,0.15081074170999997,0.3086158022863578,0.0,0.0,196.51323687,150.81074171,66.91878557
2024-03-29T18:00,3600,0.0,0.0158561408,0.0,0.0,0.0,0.0158561408,34.86982979,15.8561408,11.69893067
2024-03-29T19:00,3600,0.0,0.0,0.0,0.0,0.0,0.0,0.0,0.0,0.0
2024-03-29T20:00,3600,0.0,0.0,0.0,0.0,0.0,0.0,0.0,0.0,0.0
2024-03-29T21:00,3600,0.0,0.0,0.0,0.0,0.0,0.0,0.0,0.0,0.0
2024-03-29T22:00,3600,0.0,0.0,0.0,0.0,0.0,0.0,0.0,0.0,0.0
2024-03-29T23:00,3600,0.0,0.0,0.0,0.0,0.0,0.0,0.0,0.0,0.0
2024-03-30T00:00,3600,0.0,0.0,0.0,0.0,0.0,0.0,0.0,0.0,0.0
2024-03-30T01:00,3600,0.0,0.0,0.0,0.0,0.0,0.0,0.0,0.0,0.0
2024-03-30T02:00,3600,0.0,0.0,0.0,0.0,0.0,0.0,0.0,0.0,0.0
2024-03-30T03:00,3600,0.0,0.0,0.0,0.0,0.0,0.0,0.0,0.0,0.0
2024-03-30T04:00,3600,0.0,0.0,0.0,0.0,0.0,0.0,0.0,0.0,0.0
2024-03-30T05:00,3600,0.0,0.0,0.0,0.0,0.0,0.0,0.0,0.0,0.0
2024-03-30T06:00,3600,0.0,0.01118005055,0.0,0.0,0.0,0.01118005055,29.27478675,11.18005055,9.68996893
2024-03-30T07:00,3600,0.0,0.20054612008999997,0.0,0.0,0.0,0.20054612008999997,256.16613876,200.54612009,85.53399423
2024-03-30T08:00,3600,0.0,0.43260503070999995,0.0,0.0,0.0,0.43260503070999995,535.0848177,432.60503071,180.5607186
2024-03-30T09:00,3600,0.0,0.96065528142,0.0,0.0,0.0,0.96065528142,1173.40457509,960.65528142,404.30496883
2024-03-30T10:00,3600,0.0,1.28100833987,0.0,0.0,0.0,1.28100833987,1563.1604789,1281.00833987,550.57417515
2024-03-30T11:00,3600,0.0,1.41726518767,0.0,0.0,0.0,1.41726518767,1729.51888599,1417.26518767,612.9126629
2024-03-30T12:00,3600,0.0,1.50670781955,0.0,0.0,0.0,1.50670781955,1838.91148732,1506.70781955,653.75044468
2024-03-30T13:00,3600,0.0,1.4581094101199998,0.0,0.0,0.0,1.4581094101199998,1779.45453351,1458.10941012,633.75505626
2024-03-30T14:00,3600,0.0,0.7629712445699999,0.0,0.0,0.0,0.7629712445699999,933.84207928,762.97124457,324.36757452
2024-03-30T15:00,3600,0.0,0.32912179506,0.0,0.0,0.0,0.32912179506,410.58563757,329.12179506,140.35715777
2024-03-30T16:00,3600,0.0,0.25347876933,0.0,0.0,0.0,0.25347876933,319.7024249,253.47876933,108.92511993
2024-03-30T17:00,3600,0.0,0.11098494818,0.0,0.0,0.0,0.11098494818,148.77775207,110.98494818,50.36307731
2024-03-30T18:00,3600,0.0,0.02573438486,0.0,0.0,0.0,0.02573438486,46.69063642,25.73438486,15.62602066
2024-03-30T19:00,3600,0.0,0.0,0.0,0.0,0.0,0.0,0.0,0.0,0.0
2024-03-30T20:00,3600,0.0,0.0,0.0,0.0,0.0,0.0,0.0,0.0,0.0
2024-03-30T21:00,3600,0.0,0.0,0.0,0.0,0.0,0.0,0.0,0.0,0.0
2024-03-30T22:00,3600,0.0,0.0,0.0,0.0,0.0,0.0,0.0,0.0,0.0
2024-03-30T23:00,3600,0.0,0.0,0.0,0.0,0.0,0.0,0.0,0.0,0.0
2024-03-31T00:00,3600,0.0,0.0,0.0,0.0,0.0,0.0,0.0,0.0,0.0
2024-03-31T01:00,3600,0.0,0.0,0.0,0.0,0.0,0.0,0.0,0.0,0.0
2024-03-31T02:00,3600,0.0,0.0,0.0,0.0,0.0,0.0,0.0,0.0,0.0
2024-03-31T03:00,3600,0.0,0.0,0.0,0.0,0.0,0.0,0.0,0.0,0.0
2024-03-31T04:00,3600,0.0,0.0,0.0,0.0,0.0,0.0,0.0,0.0,0.0
2024-03-31T05:00,3600,0.0,0.0,0.0,0.0,0.0,0.0,0.0,0.0,0.0
2024-03-31T06:00,3600,0.0,0.0,0.0,0.0,0.0,0.0,14.44009661,0.0,4.84100971
2024-03-31T07:00,3600,0.0,0.06852748768,0.0,0.0,0.0,0.06852748768,97.91902089,68.52748768,32.91886601
2024-03-31T08:00,3600,0.0,0.2827927579,0.0,0.0,0.0,0.2827927579,354.91027033,282.7927579,120.42875547
2024-03-31T09:00,3600,0.0,0.70499828474,0.0,0.0,0.0,0.70499828474,863.72392649,704.99828474,297.5372562
2024-03-31T10:00,3600,0.0,0.69472408788,0.0,0.0,0.0,0.69472408788,851.30372412,694.72408788,295.25860498
2024-03-31T11:00,3600,0.0,1.00343184202,0.0,0.0,0.0,1.00343184202,1225.33804782,1003.43184202,430.71817531
2024-03-31T12:00,3600,0.0,1.4707928800699999,0.0,0.0,0.0,1.4707928800699999,1794.96760975,1470.79288007,645.69113366
2024-03-31T13:00,3600,0.0,1.4844137904599999,0.0,0.0,0.0,1.4844137904599999,1811.63065579,1484.41379046,658.98859481
2024-03-31T14:00,3600,0.0,1.21885167112,0.0,0.0,0.0,1.21885167112,1487.38816333,1218.85167112,536.32973441
2024-03-31T15:00,3600,0.0,0.6866781349300001,0.0,0.0,0.0,0.6866781349300001,841.57853304,686.67813493,295.98687803
2024-03-31T16:00,3600,0.0,0.45162987589,0.0,0.0,0.0,0.45162987589,557.99434879,451.62987589,192.58433872
2024-03-31T17:00,3600,0.0,0.16127580308,0.0,0.0,0.0,0.16127580308,209.06142522,161.27580308,70.94983813
2024-03-31T18:00,3600,0.0,0.00625250929,0.0,0.0,0.0,0.00625250929,23.3792964,6.25250929,7.85459449
2024-03-31T19:00,3600,0.0,0.0,0.0,0.0,0.0,0.0,0.0,0.0,0.0
2024-03-31T20:00,3600,0.0,0.0,0.0,0.0,0.0,0.0,0.0,0.0,0.0
2024-03-31T21:00,3600,0.0,0.0,0.0,0.0,0.0,0.0,0.0,0.0,0.0
2024-03-31T22:00,3600,0.0,0.0,0.0,0.0,0.0,0.0,0.0,0.0,0.0
2024-03-31T23:00,3600,0.0,0.0,0.0,0.0,0.0,0.0,0.0,0.0,0.0
2024-04-01T00:00,3600,0.0,0.0,0.0,0.0,0.0,0.0,0.0,0.0,0.0
2024-04-01T01:00,3600,0.0,0.0,0.0,0.0,0.0,0.0,0.0,0.0,0.0
2024-04-01T02:00,3600,0.0,0.0,0.0,0.0,0.0,0.0,0.0,0.0,0.0
2024-04-01T03:00,3600,0.0,0.0,0.0,0.0,0.0,0.0,0.0,0.0,0.0
2024-04-01T04:00,3600,0.0,0.0,0.0,0.0,0.0,0.0,0.0,0.0,0.0
2024-04-01T05:00,3600,0.0,0.0,0.0,0.0,0.0,0.0,0.0,0.0,0.0
2024-04-01T06:00,3600,0.0,0.0,0.0,0.0,0.0,0.0,11.62221278,0.0,3.87280777
2024-04-01T07:00,3600,0.0,0.07141451798000001,0.0,0.0,0.0,0.07141451798000001,101.37630693,71.41451798,33.88451091
2024-04-01T08:00,3600,1.0870588235294116,0.18725674973,0.18725674973,0.8998020737994117,0.0,0.0,240.22246721,187.25674973,80.77432012
2024-04-01T09:00,3600,1.0870588235294116,0.54853376104,0.54853376104,0.5385250624894117,0.0,0.0,674.7866821,548.53376104,230.14631881
2024-04-01T10:00,3600,1.0870588235294116,0.59358179215,0.59358179215,0.4934770313794117,0.0,0.0,729.13831265,593.58179215,251.09560609
2024-04-01T11:00,3600,1.0870588235294116,0.83045303507,0.83045303507,0.2566057884594116,0.0,0.0,1015.53873425,830.45303507,351.91155477
2024-04-01T12:00,3600,1.0870588235294116,0.8594690783800001,0.8594690783800001,0.22758974514941155,0.0,0.0,1050.69265554,859.46907838,364.7046278
2024-04-01T13:00,3600,1.0870588235294116,0.9168657438300001,0.9168657438300001,0.17019307969941155,0.0,0.0,1120.27633629,916.86574383,389.37151789
2024-04-01T14:00,3600,0.8915821651561665,1.42484380224,0.8915821651561665,0.0,0.0,0.5332616370838336,1738.78202502,1424.84380224,612.95514691
2024-04-01T15:00,3600,0.6955478676470589,0.93569435473,0.6955478676470589,0.0,0.0,0.24014648708294106,1143.11605741,935.69435473,396.37306177
2024-04-01T16:00,3600,0.621753007654869,0.64609813492,0.621753007654869,0.0,0.0,0.02434512726513105,792.54725811,646.09813492,271.76654152
2024-04-01T17:00,3600,0.5437746672088254,0.32674556952,0.32674556952,0.2170290976888254,0.0,0.0,407.72909902,326.74556952,138.44626268
2024-04-01T18:00,3600,0.0,0.01580185199,0.0,0.0,0.0,0.01580185199,34.80486982,15.80185199,11.78530766
2024-04-01T19:00,3600,0.0,0.0,0.0,0.0,0.0,0.0,0.0,0.0,0.0
2024-04-01T20:00,3600,0.0,0.0,0.0,0.0,0.0,0.0,0.0,0.0,0.0
2024-04-01T21:00,3600,0.0,0.0,0.0,0.0,0.0,0.0,0.0,0.0,0.0
2024-04-01T22:00,3600,0.0,0.0,0.0,0.0,0.0,0.0,0.0,0.0,0.0
2024-04-01T23:00,3600,0.0,0.0,0.0,0.0,0.0,0.0,0.0,0.0,0.0
2024-04-02T00:00,3600,0.0,0.0,0.0,0.0,0.0,0.0,0.0,0.0,0.0
2024-04-02T01:00,3600,0.0,0.0,0.0,0.0,0.0,0.0,0.0,0.0,0.0
2024-04-02T02:00,3600,0.0,0.0,0.0,0.0,0.0,0.0,0.0,0.0,0.0
2024-04-02T03:00,3600,0.0,0.0,0.0,0.0,0.0,0.0,0.0,0.0,0.0
2024-04-02T04:00,3600,0.0,0.0,0.0,0.0,0.0,0.0,0.0,0.0,0.0
2024-04-02T05:00,3600,0.0,0.0,0.0,0.0,0.0,0.0,0.0,0.0,0.0
2024-04-02T06:00,3600,0.0,0.01083521508,0.0,0.0,0.0,0.01083521508,28.86219899,10.83521508,9.68996893
2024-04-02T07:00,3600,0.0,0.22272054484,0.0,0.0,0.0,0.22272054484,282.77651408,222.72054484,95.66740104
2024-04-02T08:00,3600,0.9063742040782629,0.57192339955,0.57192339955,0.3344508045282628,0.0,0.0,703.00229186,571.92339955,240.3107856
2024-04-02T09:00,3600,0.6349770031158586,0.9780596768700001,0.6349770031158586,0.0,0.0,0.3430826737541415,1194.53053399,978.05967687,413.29217947
2024-04-02T10:00,3600,0.7437046567593573,1.24842326866,0.7437046567593573,0.0,0.0,0.5047186119006428,1523.4284986,1248.42326866,535.48250217
2024-04-02T11:00,3600,0.7625717965712965,1.3612116103599998,0.7625717965712965,0.0,0.0,0.5986398137887033,1661.03974762,1361.21161036,586.03738575
2024-04-02T12:00,3600,0.7888181116636633,1.48252494857,0.7888181116636633,0.0,0.0,0.6937068369063367,1809.31974433,1482.52494857,641.79923953
2024-04-02T13:00,3600,0.7883499494777947,1.4112658700799998,0.7883499494777947,0.0,0.0,0.6229159206022051,1722.18684894,1411.26587008,612.35931779
2024-04-02T14:00,3600,0.7439096639374694,1.1510969340700001,0.7439096639374694,0.0,0.0,0.40718727013253075,1404.87385994,1151.09693407,495.2339154
2024-04-02T15:00,3600,0.7003906959026629,0.92313986937,0.7003906959026629,0.0,0.0,0.22274917346733714,1127.88632866,923.13986937,394.78643657
2024-04-02T16:00,3600,0.6398543369909724,0.61183184906,0.61183184906,0.028022487930972395,0.0,0.0,751.16798601,611.83184906,260.03911602
2024-04-02T17:00,3600,0.5596942222408993,0.25437670403,0.25437670403,0.30531751821089925,0.0,0.0,320.78066931,254.37670403,109.87821813
2024-04-02T18:00,3600,0.0,0.01812071398,0.0,0.0,0.0,0.01812071398,37.57957981,18.12071398,12.70363622
2024-04-02T19:00,3600,0.0,0.0,0.0,0.0,0.0,0.0,0.0,0.0,0.0
2024-04-02T20:00,3600,0.0,0.0,0.0,0.0,0.0,0.0,0.0,0.0,0.0
2024-04-02T21:00,3600,0.0,0.0,0.0,0.0,0.0,0.0,0.0,0.0,0.0
2024-04-02T22:00,3600,0.0,0.0,0.0,0.0,0.0,0.0,0.0,0.0,0.0
2024-04-02T23:00,3600,0.0,0.0,0.0,0.0,0.0,0.0,0.0,0.0,0.0
2024-04-03T00:00,3600,0.0,0.0,0.0,0.0,0.0,0.0,0.0,0.0,0.0
2024-04-03T01:00,3600,0.0,0.0,0.0,0.0,0.0,0.0,0.0,0.0,0.0
2024-04-03T02:00,3600,0.0,0.0,0.0,0.0,0.0,0.0,0.0,0.0,0.0
2024-04-03T03:00,3600,0.0,0.0,0.0,0.0,0.0,0.0,0.0,0.0,0.0
2024-04-03T04:00,3600,0.0,0.0,0.0,0.0,0.0,0.0,0.0,0.0,0.0
2024-04-03T05:00,3600,0.0,0.0,0.0,0.0,0.0,0.0,0.0,0.0,0.0
2024-04-03T06:00,3600,0.0,0.01092896084,0.0,0.0,0.0,0.01092896084,28.97436345,10.92896084,9.69791844
2024-04-03T07:00,3600,0.0,0.13785572861,0.0,0.0,0.0,0.13785572861,180.98216326,137.85572861,60.87827343
2024-04-03T08:00,3600,0.6808625315046728,0.34891332776,0.34891332776,0.3319492037446728,0.0,0.0,434.38163098,348.91332776,147.19274584
2024-04-03T09:00,3600,0.551564821669661,0.6458430587599999,0.551564821669661,0.0,0.0,0.09427823709033889,792.23915427,645.84305876,270.97075228
2024-04-03T10:00,3600,0.7149229199626225,1.14295085747,0.7149229199626225,0.0,0.0,0.42802793750737755,1394.95903,1142.95085747,488.55356067
2024-04-03T11:00,3600,0.6510636431522813,0.80133497992,0.6510636431522813,0.0,0.0,0.15027133676771876,980.27678258,801.33497992,339.91617438
2024-04-03T12:00,3600,0.7599055612265992,1.4141934552200002,0.7599055612265992,0.0,0.0,0.6542878939934009,1725.76469808,1414.19345522,611.16466477
2024-04-03T13:00,3600,0.816411812923565,1.52309350776,0.816411812923565,0.0,0.0,0.7066816948364351,1858.96839031,1523.09350776,663.04777565
2024-04-03T14:00,3600,0.7258878762935586,1.1018283885,0.7258878762935586,0.0,0.0,0.3759405122064414,1344.92654373,1101.8283885,471.71177606
2024-04-03T15:00,3600,0.6841241249950893,0.86815795073,0.6841241249950893,0.0,0.0,0.18403382573491067,1061.2225339,868.15795073,369.32848219
2024-04-03T16:00,3600,0.6574920572967924,0.67171739086,0.6574920572967924,0.0,0.0,0.014225333563207654,823.49853598,671.71739086,284.8569274
2024-04-03T17:00,3600,0.5949547248144224,0.27947199102,0.27947199102,0.3154827337944224,0.0,0.0,350.9210579,279.47199102,120.04740475
2024-04-03T18:00,3600,0.0,0.0180419888,0.0,0.0,0.0,0.0180419888,37.48537706,18.0419888,12.65510724
2024-04-03T19:00,3600,0.0,0.0,0.0,0.0,0.0,0.0,0.0,0.0,0.0
2024-04-03T20:00,3600,0.0,0.0,0.0,0.0,0.0,0.0,0.0,0.0,0.0
2024-04-03T21:00,3600,0.0,0.0,0.0,0.0,0.0,0.0,0.0,0.0,0.0
2024-04-03T22:00,3600,0.0,0.0,0.0,0.0,0.0,0.0,0.0,0.0,0.0
2024-04-03T23:00,3600,0.0,0.0,0.0,0.0,0.0,0.0,0.0,0.0,0.0
2024-04-04T00:00,3600,0.0,0.0,0.0,0.0,0.0,0.0,0.0,0.0,0.0
2024-04-04T01:00,3600,0.0,0.0,0.0,0.0,0.0,0.0,0.0,0.0,0.0
2024-04-04T02:00,3600,0.0,0.0,0.0,0.0,0.0,0.0,0.0,0.0,0.0
2024-04-04T03:00,3600,0.0,0.0,0.0,0.0,0.0,0.0,0.0,0.0,0.0
2024-04-04T04:00,3600,0.0,0.0,0.0,0.0,0.0,0.0,0.0,0.0,0.0
2024-04-04T05:00,3600,0.0,0.0,0.0,0.0,0.0,0.0,0.0,0.0,0.0
2024-04-04T06:00,3600,0.0,0.0036792295300000005,0.0,0.0,0.0,0.0036792295300000005,20.3007015,3.67922953,6.8023511
2024-04-04T07:00,3600,0.0,0.11314457756,0.0,0.0,0.0,0.11314457756,151.36557514,113.14457756,50.94705239
2024-04-04T08:00,3600,0.6805824761975368,0.28241865129000004,0.28241865129000004,0.3981638249075367,0.0,0.0,354.46084897,282.41865129,120.16283366
2024-04-04T09:00,3600,0.6163786911764706,0.79492005905,0.6163786911764706,0.0,0.0,0.17854136787352937,972.51040956,794.92005905,336.59357336
2024-04-04T10:00,3600,0.7481691941176472,1.1800138067600001,0.7481691941176472,0.0,0.0,0.43184461264235297,1440.07943875,1180.01380676,510.67480427
2024-04-04T11:00,3600,0.7680933341150031,1.14221751749,0.7680933341150031,0.0,0.0,0.37412418337499687,1394.06652101,1142.21751749,495.00144141
2024-04-04T12:00,3600,0.7982250864004612,1.2595788972,0.7982250864004612,0.0,0.0,0.46135381079953874,1537.02865831,1259.5788972,547.86957368
2024-04-04T13:00,3600,0.8670451193917489,1.5577726581100002,0.8670451193917489,0.0,0.0,0.6907275387182513,1901.43421785,1557.77265811,689.00364525
2024-04-04T14:00,3600,0.6828083756583623,0.64422063927,0.64422063927,0.038587736388362326,0.0,0.0,790.2794784,644.22063927,275.62413311
2024-04-04T15:00,3600,0.6466328165920281,0.47086010523,0.47086010523,0.1757727113620281,0.0,0.0,581.15784892,470.86010523,201.48239832
2024-04-04T16:00,3600,0.5847905693429307,0.32954744596999996,0.32954744596999996,0.25524312337293076,0.0,0.0,411.09733719,329.54744597,141.34260901
2024-04-04T17:00,3600,0.5500094894514536,0.13932463659000002,0.13932463659000002,0.4106848528614535,0.0,0.0,182.74300826,139.32463659,62.27367516
2024-04-04T18:00,3600,0.0,0.00124277914,0.0,0.0,0.0,0.00124277914,17.38591326,1.24277914,5.81716116
2024-04-04T19:00,3600,0.0,0.0,0.0,0.0,0.0,0.0,0.0,0.0,0.0
2024-04-04T20:00,3600,0.0,0.0,0.0,0.0,0.0,0.0,0.0,0.0,0.0
2024-04-04T21:00,3600,0.0,0.0,0.0,0.0,0.0,0.0,0.0,0.0,0.0
2024-04-04T22:00,3600,0.0,0.0,0.0,0.0,0.0,0.0,0.0,0.0,0.0
2024-04-04T23:00,3600,0.0,0.0,0.0,0.0,0.0,0.0,0.0,0.0,0.0
2024-04-05T00:00,3600,0.0,0.0,0.0,0.0,0.0,0.0,0.0,0.0,0.0
2024-04-05T01:00,3600,0.0,0.0,0.0,0.0,0.0,0.0,0.0,0.0,0.0
2024-04-05T02:00,3600,0.0,0.0,0.0,0.0,0.0,0.0,0.0,0.0,0.0
2024-04-05T03:00,3600,0.0,0.0,0.0,0.0,0.0,0.0,0.0,0.0,0.0
2024-04-05T04:00,3600,0.0,0.0,0.0,0.0,0.0,0.0,0.0,0.0,0.0
2024-04-05T05:00,3600,0.0,0.0,0.0,0.0,0.0,0.0,0.0,0.0,0.0
2024-04-05T06:00,3600,0.0,0.0,0.0,0.0,0.0,0.0,5.87536218,0.0,1.93640388
2024-04-05T07:00,3600,0.0,0.038242530870000006,0.0,0.0,0.0,0.038242530870000006,61.66099936,38.24253087,20.33224077
2024-04-05T08:00,3600,0.0,0.08017474178,0.0,0.0,0.0,0.08017474178,111.86778551,80.17474178,36.90343829
2024-04-05T09:00,3600,0.0,0.14395575438,0.0,0.0,0.0,0.14395575438,188.29478583,143.95575438,62.20974667
2024-04-05T10:00,3600,0.0,0.24302470202,0.0,0.0,0.0,0.24302470202,307.15019213,243.02470202,102.03282689
2024-04-05T11:00,3600,0.0,0.65377779133,0.0,0.0,0.0,0.65377779133,801.82399078,653.77779133,271.40463612
2024-04-05T12:00,3600,0.5243099221570664,0.69190266009,0.5243099221570664,0.0,0.0,0.1675927379329336,847.89331296,691.90266009,289.66586384
2024-04-05T13:00,3600,0.4698324039651654,0.7170589648100001,0.4698324039651654,0.0,0.0,0.2472265608448347,878.30622289,717.05896481,301.24134886
2024-04-05T14:00,3600,0.44862466424242625,0.50888235793,0.44862466424242625,0.0,0.0,0.06025769368757378,626.97670734,508.88235793,213.22063316
2024-04-05T15:00,3600,0.3857233359592133,0.30563666429,0.30563666429,0.0800866716692133,0.0,0.0,382.35784592,305.63666429,128.47246703
2024-04-05T16:00,3600,0.3472363287997662,0.23445922315999998,0.23445922315999998,0.1127771056397662,0.0,0.0,296.86705208,234.45922316,99.21164663
2024-04-05T17:00,3600,0.3208527664727729,0.12347271365,0.12347271365,0.19738005282277288,0.0,0.0,163.74263778,123.47271365,54.44404927
2024-04-05T18:00,3600,0.0,0.00141123512,0.0,0.0,0.0,0.00141123512,17.58743809,1.41123512,5.81716116
2024-04-05T19:00,3600,0.0,0.0,0.0,0.0,0.0,0.0,0.0,0.0,0.0
2024-04-05T20:00,3600,0.0,0.0,0.0,0.0,0.0,0.0,0.0,0.0,0.0
2024-04-05T21:00,3600,0.0,0.0,0.0,0.0,0.0,0.0,0.0,0.0,0.0
2024-04-05T22:00,3600,0.0,0.0,0.0,0.0,0.0,0.0,0.0,0.0,0.0
2024-04-05T23:00,3600,0.0,0.0,0.0,0.0,0.0,0.0,0.0,0.0,0.0
2024-04-06T00:00,3600,0.0,0.0,0.0,0.0,0.0,0.0,0.0,0.0,0.0
2024-04-06T01:00,3600,0.0,0.0,0.0,0.0,0.0,0.0,0.0,0.0,0.0
2024-04-06T02:00,3600,0.0,0.0,0.0,0.0,0.0,0.0,0.0,0.0,0.0
2024-04-06T03:00,3600,0.0,0.0,0.0,0.0,0.0,0.0,0.0,0.0,0.0
2024-04-06T04:00,3600,0.0,0.0,0.0,0.0,0.0,0.0,0.0,0.0,0.0
2024-04-06T05:00,3600,0.0,0.0,0.0,0.0,0.0,0.0,0.0,0.0,0.0
2024-04-06T06:00,3600,0.0,0.0063745424000000005,0.0,0.0,0.0,0.0063745424000000005,23.52529608,6.3745424,7.78148307
2024-04-06T07:00,3600,0.0,0.08368906696,0.0,0.0,0.0,0.08368906696,116.07701878,83.68906696,38.48059803
2024-04-06T08:00,3600,0.0,0.18623709116,0.0,0.0,0.0,0.18623709116,238.99928137,186.23709116,79.43126323
2024-04-06T09:00,3600,0.0,0.35540438472,0.0,0.0,0.0,0.35540438472,442.18757075,355.40438472,147.78419223
2024-04-06T10:00,3600,0.0,0.45246971691,0.0,0.0,0.0,0.45246971691,559.00582778,452.46971691,187.90355109
2024-04-06T11:00,3600,0.0,0.6560264537399999,0.0,0.0,0.0,0.6560264537399999,804.54049297,656.02645374,272.93301823
2024-04-06T12:00,3600,0.0,1.12110921399,0.0,0.0,0.0,1.12110921399,1368.38102817,1121.10921399,474.2200155
2024-04-06T13:00,3600,0.0,0.8371826962300001,0.0,0.0,0.0,0.8371826962300001,1023.69056772,837.18269623,352.81746081
2024-04-06T14:00,3600,0.0,0.31694003390000003,0.0,0.0,0.0,0.31694003390000003,395.94261667,316.9400339,133.1391316
2024-04-06T15:00,3600,0.0,0.43211761911999996,0.0,0.0,0.0,0.43211761911999996,534.49796735,432.11761912,180.42078459
2024-04-06T16:00,3600,0.0,0.12760419803,0.0,0.0,0.0,0.12760419803,168.6942703,127.60419803,56.21290877
2024-04-06T17:00,3600,0.0,0.047604239560000004,0.0,0.0,0.0,0.047604239560000004,72.86736777,47.60423956,24.20504853
2024-04-06T18:00,3600,0.0,0.0,0.0,0.0,0.0,0.0,8.82419085,0.0,2.90460582
2024-04-06T19:00,3600,0.0,0.0,0.0,0.0,0.0,0.0,0.0,0.0,0.0
2024-04-06T20:00,3600,0.0,0.0,0.0,0.0,0.0,0.0,0.0,0.0,0.0
2024-04-06T21:00,3600,0.0,0.0,0.0,0.0,0.0,0.0,0.0,0.0,0.0
2024-04-06T22:00,3600,0.0,0.0,0.0,0.0,0.0,0.0,0.0,0.0,0.0
2024-04-06T23:00,3600,0.0,0.0,0.0,0.0,0.0,0.0,0.0,0.0,0.0
2024-04-07T00:00,3600,0.0,0.0,0.0,0.0,0.0,0.0,0.0,0.0,0.0
2024-04-07T01:00,3600,0.0,0.0,0.0,0.0,0.0,0.0,0.0,0.0,0.0
2024-04-07T02:00,3600,0.0,0.0,0.0,0.0,0.0,0.0,0.0,0.0,0.0
2024-04-07T03:00,3600,0.0,0.0,0.0,0.0,0.0,0.0,0.0,0.0,0.0
2024-04-07T04:00,3600,0.0,0.0,0.0,0.0,0.0,0.0,0.0,0.0,0.0
2024-04-07T05:00,3600,0.0,0.0,0.0,0.0,0.0,0.0,0.0,0.0,0.0
2024-04-07T06:00,3600,0.0,0.0,0.0,0.0,0.0,0.0,8.83950787,0.0,2.90460582
2024-04-07T07:00,3600,0.0,0.09426525557,0.0,0.0,0.0,0.09426525557,128.74582378,94.26525557,42.46161545
2024-04-07T08:00,3600,0.0,0.25057859291,0.0,0.0,0.0,0.25057859291,316.21997743,250.57859291,104.86658863
2024-04-07T09:00,3600,0.0,0.36607333578,0.0,0.0,0.0,0.36607333578,455.01936107,366.07333578,151.68881243
2024-04-07T10:00,3600,0.0,0.66588229272,0.0,0.0,0.0,0.66588229272,816.44795173,665.88229272,276.19100361
2024-04-07T11:00,3600,0.0,0.9885502667099999,0.0,0.0,0.0,0.9885502667099999,1207.26702346,988.55026671,414.02212584
2024-04-07T12:00,3600,0.0,0.93881911027,0.0,0.0,0.0,0.93881911027,1146.9071216,938.81911027,395.28159588
2024-04-07T13:00,3600,0.0,0.83073879366,0.0,0.0,0.0,0.83073879366,1015.88486497,830.73879366,350.17863491
2024-04-07T14:00,3600,0.0,0.15561364295,0.0,0.0,0.0,0.15561364295,202.27193904,155.61364295,67.7741359
2024-04-07T15:00,3600,0.0,0.34265182521,0.0,0.0,0.0,0.34265182521,426.85246429,342.65182521,143.68357337
2024-04-07T16:00,3600,0.0,0.21769652844,0.0,0.0,0.0,0.21769652844,276.74668264,217.69652844,92.57209132
2024-04-07T17:00,3600,0.0,0.11199112266,0.0,0.0,0.0,0.11199112266,149.98341229,111.99112266,49.95428836
2024-04-07T18:00,3600,0.0,0.00151470375,0.0,0.0,0.0,0.00151470375,17.71121845,1.51470375,5.81716116
2024-04-07T19:00,3600,0.0,0.0,0.0,0.0,0.0,0.0,0.0,0.0,0.0
2024-04-07T20:00,3600,0.0,0.0,0.0,0.0,0.0,0.0,0.0,0.0,0.0
2024-04-07T21:00,3600,0.0,0.0,0.0,0.0,0.0,0.0,0.0,0.0,0.0
2024-04-07T22:00,3600,0.0,0.0,0.0,0.0,0.0,0.0,0.0,0.0,0.0
2024-04-07T23:00,3600,0.0,0.0,0.0,0.0,0.0,0.0,0.0,0.0,0.0
2024-04-08T00:00,3600,0.0,0.0,0.0,0.0,0.0,0.0,0.0,0.0,0.0
2024-04-08T01:00,3600,0.0,0.0,0.0,0.0,0.0,0.0,0.0,0.0,0.0
2024-04-08T02:00,3600,0.0,0.0,0.0,0.0,0.0,0.0,0.0,0.0,0.0
2024-04-08T03:00,3600,0.0,0.0,0.0,0.0,0.0,0.0,0.0,0.0,0.0
2024-04-08T04:00,3600,0.0,0.0,0.0,0.0,0.0,0.0,0.0,0.0,0.0
2024-04-08T05:00,3600,0.0,0.0,0.0,0.0,0.0,0.0,0.0,0.0,0.0
2024-04-08T06:00,3600,0.0,0.0039687939,0.0,0.0,0.0,0.0039687939,20.64712179,3.9687939,6.77741359
2024-04-08T07:00,3600,0.0,0.13076815500999997,0.0,0.0,0.0,0.13076815500999997,172.48651542,130.76815501,56.899379
2024-04-08T08:00,3600,0.0,0.28766692970999996,0.0,0.0,0.0,0.28766692970999996,360.7659347,287.66692971,119.86227157
2024-04-08T09:00,3600,0.0,0.43628670337000003,0.0,0.0,0.0,0.43628670337000003,539.51774147,436.28670337,180.82166224
2024-04-08T10:00,3600,0.0,0.23841810922999998,0.0,0.0,0.0,0.23841810922999998,301.61966223,238.41810923,100.6930019
2024-04-08T11:00,3600,0.0,0.33511878752,0.0,0.0,0.0,0.33511878752,417.79526991,335.11878752,139.61223177
2024-04-08T12:00,3600,0.0,0.24694240066,0.0,0.0,0.0,0.24694240066,311.8539564,246.94240066,103.59760773
2024-04-08T13:00,3600,0.0,0.31036439524,0.0,0.0,0.0,0.31036439524,388.03951326,310.36439524,128.86337523
2024-04-08T14:00,3600,0.0,0.27904477931999994,0.0,0.0,0.0,0.27904477931999994,350.40786604,279.04477932,116.18423297
2024-04-08T15:00,3600,0.0,0.23372075173,0.0,0.0,0.0,0.23372075173,295.98055425,233.72075173,97.89178393
2024-04-08T16:00,3600,0.0,0.12682564359,0.0,0.0,0.0,0.12682564359,167.76114042,126.82564359,55.18751066
2024-04-08T17:00,3600,0.0,0.0580614894,0.0,0.0,0.0,0.0580614894,85.38698533,58.0614894,28.0242683
2024-04-08T18:00,3600,0.0,0.0,0.0,0.0,0.0,0.0,11.82578484,0.0,3.87280777
2024-04-08T19:00,3600,0.0,0.0,0.0,0.0,0.0,0.0,0.0,0.0,0.0
2024-04-08T20:00,3600,0.0,0.0,0.0,0.0,0.0,0.0,0.0,0.0,0.0
2024-04-08T21:00,3600,0.0,0.0,0.0,0.0,0.0,0.0,0.0,0.0,0.0
2024-04-08T22:00,3600,0.0,0.0,0.0,0.0,0.0,0.0,0.0,0.0,0.0
2024-04-08T23:00,3600,0.0,0.0,0.0,0.0,0.0,0.0,0.0,0.0,0.0
2024-04-09T00:00,3600,0.0,0.0,0.0,0.0,0.0,0.0,0.0,0.0,0.0
2024-04-09T01:00,3600,0.0,0.0,0.0,0.0,0.0,0.0,0.0,0.0,0.0
2024-04-09T02:00,3600,0.0,0.0,0.0,0.0,0.0,0.0,0.0,0.0,0.0
2024-04-09T03:00,3600,0.0,0.0,0.0,0.0,0.0,0.0,0.0,0.0,0.0
2024-04-09T04:00,3600,0.0,0.0,0.0,0.0,0.0,0.0,0.0,0.0,0.0
2024-04-09T05:00,3600,0.0,0.0,0.0,0.0,0.0,0.0,0.0,0.0,0.0
2024-04-09T06:00,3600,0.0,0.0067884235400000005,0.0,0.0,0.0,0.0067884235400000005,24.02046294,6.78842354,7.88016779
2024-04-09T07:00,3600,0.0,0.14923888170000002,0.0,0.0,0.0,0.14923888170000002,194.62865833,149.2388817,64.16937213
2024-04-09T08:00,3600,0.0,0.47418019642000003,0.0,0.0,0.0,0.47418019642000003,585.15769463,474.18019642,194.94872744
2024-04-09T09:00,3600,0.0,0.7473480834099999,0.0,0.0,0.0,0.7473480834099999,914.93984752,747.34808341,307.69279738
2024-04-09T10:00,3600,0.0,0.84016665394,0.0,0.0,0.0,0.84016665394,1027.30538863,840.16665394,350.67218829
2024-04-09T11:00,3600,0.0,1.31344796804,0.0,0.0,0.0,1.31344796804,1602.73491094,1313.44796804,558.42787588
2024-04-09T12:00,3600,0.0,1.29933016857,0.0,0.0,0.0,1.29933016857,1585.50959944,1299.33016857,553.72582205
2024-04-09T13:00,3600,0.0,1.29572596246,0.0,0.0,0.0,1.29572596246,1581.11266051,1295.72596246,555.10023923
2024-04-09T14:00,3600,0.0,0.71302234396,0.0,0.0,0.0,0.71302234396,873.42533948,713.02234396,299.60578691
2024-04-09T15:00,3600,0.3058691379365358,0.39072944773,0.3058691379365358,0.0,0.0,0.0848603097934642,484.6816699,390.72944773,164.12263453
2024-04-09T16:00,3600,0.2347661104210735,0.24667827392999997,0.2347661104210735,0.0,0.0,0.01191216350892646,311.53682538,246.67827393,104.64629988
2024-04-09T17:00,3600,0.21037886868487585,0.11262740694,0.11262740694,0.09775146174487585,0.0,0.0,150.74585658,112.62740694,50.34650095
2024-04-09T18:00,3600,0.0,0.0038314697,0.0,0.0,0.0,0.0038314697,20.48283381,3.8314697,6.77741359
2024-04-09T19:00,3600,0.0,0.0,0.0,0.0,0.0,0.0,0.0,0.0,0.0
2024-04-09T20:00,3600,0.0,0.0,0.0,0.0,0.0,0.0,0.0,0.0,0.0
2024-04-09T21:00,3600,0.0,0.0,0.0,0.0,0.0,0.0,0.0,0.0,0.0
2024-04-09T22:00,3600,0.0,0.0,0.0,0.0,0.0,0.0,0.0,0.0,0.0
2024-04-09T23:00,3600,0.0,0.0,0.0,0.0,0.0,0.0,0.0,0.0,0.0
2024-04-10T00:00,3600,0.0,0.0,0.0,0.0,0.0,0.0,0.0,0.0,0.0
2024-04-10T01:00,3600,0.0,0.0,0.0,0.0,0.0,0.0,0.0,0.0,0.0
2024-04-10T02:00,3600,0.0,0.0,0.0,0.0,0.0,0.0,0.0,0.0,0.0
2024-04-10T03:00,3600,0.0,0.0,0.0,0.0,0.0,0.0,0.0,0.0,0.0
2024-04-10T04:00,3600,0.0,0.0,0.0,0.0,0.0,0.0,0.0,0.0,0.0
2024-04-10T05:00,3600,0.0,0.0,0.0,0.0,0.0,0.0,0.0,0.0,0.0
2024-04-10T06:00,3600,0.0,0.006383058479999999,0.0,0.0,0.0,0.006383058479999999,23.53548469,6.38305848,7.74561553
2024-04-10T07:00,3600,0.0,0.08889304366999999,0.0,0.0,0.0,0.08889304366999999,122.31041153,88.89304367,40.38629442
2024-04-10T08:00,3600,0.0,0.28627850900999996,0.0,0.0,0.0,0.28627850900999996,359.09788984,286.27850901,119.57947851
2024-04-10T09:00,3600,0.0,0.39626995906,0.0,0.0,0.0,0.39626995906,491.34863834,396.26995906,164.51156713
2024-04-10T10:00,3600,0.0,0.50105595035,0.0,0.0,0.0,0.50105595035,617.54332599,501.05595035,209.33521437
2024-04-10T11:00,3600,0.0,0.83662885126,0.0,0.0,0.0,0.83662885126,1023.01964782,836.62885126,351.68354115
2024-04-10T12:00,3600,0.0,1.24611382208,0.0,0.0,0.0,1.24611382208,1520.61327476,1246.11382208,532.02705076
2024-04-10T13:00,3600,0.8380021650617433,1.43518353327,0.8380021650617433,0.0,0.0,0.5971813682082567,1751.42175358,1435.18353327,623.93221512
2024-04-10T14:00,3600,0.527366392055531,0.9839899021999999,0.527366392055531,0.0,0.0,0.4566235101444689,1201.73009353,983.9899022,420.92020181
2024-04-10T15:00,3600,0.46269514787043114,0.62747000426,0.46269514787043114,0.0,0.0,0.16477485638956885,770.0496518,627.47000426,265.90265031
2024-04-10T16:00,3600,0.42179760741052086,0.43632210801000004,0.42179760741052086,0.0,0.0,0.014524500599479184,539.56037166,436.32210801,184.65972239
2024-04-10T17:00,3600,0.3844675120049012,0.2407067383,0.2407067383,0.1437607737049012,0.0,0.0,304.36727056,240.7067383,103.37098969
2024-04-10T18:00,3600,0.0,0.01337034042,0.0,0.0,0.0,0.01337034042,31.89546767,13.37034042,10.66612038
2024-04-10T19:00,3600,0.0,0.0,0.0,0.0,0.0,0.0,0.0,0.0,0.0
2024-04-10T20:00,3600,0.0,0.0,0.0,0.0,0.0,0.0,0.0,0.0,0.0
2024-04-10T21:00,3600,0.0,0.0,0.0,0.0,0.0,0.0,0.0,0.0,0.0
2024-04-10T22:00,3600,0.0,0.0,0.0,0.0,0.0,0.0,0.0,0.0,0.0
2024-04-10T23:00,3600,0.0,0.0,0.0,0.0,0.0,0.0,0.0,0.0,0.0
2024-04-11T00:00,3600,0.0,0.0,0.0,0.0,0.0,0.0,0.0,0.0,0.0
2024-04-11T01:00,3600,0.0,0.0,0.0,0.0,0.0,0.0,0.0,0.0,0.0
2024-04-11T02:00,3600,0.0,0.0,0.0,0.0,0.0,0.0,0.0,0.0,0.0
2024-04-11T03:00,3600,0.0,0.0,0.0,0.0,0.0,0.0,0.0,0.0,0.0
2024-04-11T04:00,3600,0.0,0.0,0.0,0.0,0.0,0.0,0.0,0.0,0.0
2024-04-11T05:00,3600,0.0,0.0,0.0,0.0,0.0,0.0,0.0,0.0,0.0
2024-04-11T06:00,3600,0.0,0.01430729208,0.0,0.0,0.0,0.01430729208,33.0165559,14.30729208,10.90729945
2024-04-11T07:00,3600,0.0,0.14121461168,0.0,0.0,0.0,0.14121461168,185.0086616,141.21461168,61.43927898
2024-04-11T08:00,3600,0.0,0.34632307287999997,0.0,0.0,0.0,0.34632307287999997,431.26688399,346.32307288,144.42691764
2024-04-11T09:00,3600,0.0,0.61625841487,0.0,0.0,0.0,0.61625841487,756.51221423,616.25841487,255.99981601
2024-04-11T10:00,3600,0.0,1.1250550516200002,0.0,0.0,0.0,1.1250550516200002,1373.18186226,1125.05505162,479.62917882
2024-04-11T11:00,3600,0.756668382596763,1.5829147917099997,0.756668382596763,0.0,0.0,0.8262464091132368,1932.23593061,1582.91479171,690.98797719
2024-04-11T12:00,3600,0.6668702526220885,1.57485365427,0.6668702526220885,0.0,0.0,0.9079834016479115,1922.35889423,1574.85365427,690.17938654
2024-04-11T13:00,3600,0.6295755060910482,1.0402996941,0.6295755060910482,0.0,0.0,0.41072418800895183,1270.12517496,1040.2996941,448.37264912
2024-04-11T14:00,3600,0.5695632370368913,0.79933577689,0.5695632370368913,0.0,0.0,0.22977253985310875,977.85631994,799.33577689,341.33371728
2024-04-11T15:00,3600,0.5653220102577955,0.76422155791,0.5653220102577955,0.0,0.0,0.19889954765220452,935.35500821,764.22155791,325.81461713
2024-04-11T16:00,3600,0.502982407433437,0.39660932539999993,0.39660932539999993,0.1063730820334371,0.0,0.0,491.7570202,396.6093254,168.67556277
2024-04-11T17:00,3600,0.4799842667474758,0.2714034148,0.2714034148,0.20858085194747578,0.0,0.0,341.22916155,271.4034148,116.47309888
2024-04-11T18:00,3600,0.0,0.0229598395,0.0,0.0,0.0,0.0229598395,43.37030036,22.9598395,14.57072621
2024-04-11T19:00,3600,0.0,0.0,0.0,0.0,0.0,0.0,0.0,0.0,0.0
2024-04-11T20:00,3600,0.0,0.0,0.0,0.0,0.0,0.0,0.0,0.0,0.0
2024-04-11T21:00,3600,0.0,0.0,0.0,0.0,0.0,0.0,0.0,0.0,0.0
2024-04-11T22:00,3600,0.0,0.0,0.0,0.0,0.0,0.0,0.0,0.0,0.0
2024-04-11T23:00,3600,0.0,0.0,0.0,0.0,0.0,0.0,0.0,0.0,0.0
2024-04-12T00:00,3600,0.0,0.0,0.0,0.0,0.0,0.0,0.0,0.0,0.0
2024-04-12T01:00,3600,0.0,0.0,0.0,0.0,0.0,0.0,0.0,0.0,0.0
2024-04-12T02:00,3600,0.0,0.0,0.0,0.0,0.0,0.0,0.0,0.0,0.0
2024-04-12T03:00,3600,0.0,0.0,0.0,0.0,0.0,0.0,0.0,0.0,0.0
2024-04-12T04:00,3600,0.0,0.0,0.0,0.0,0.0,0.0,0.0,0.0,0.0
2024-04-12T05:00,3600,0.0,0.0,0.0,0.0,0.0,0.0,0.0,0.0,0.0
2024-04-12T06:00,3600,0.0,0.03201125366,0.0,0.0,0.0,0.03201125366,54.20275416,32.01125366,17.99351087
2024-04-12T07:00,3600,0.0,0.29899332818,0.0,0.0,0.0,0.29899332818,374.37473095,298.99332818,125.55683079
2024-04-12T08:00,3600,0.0,0.60250118064,0.0,0.0,0.0,0.60250118064,739.90416384,602.50118064,251.43201605
2024-04-12T09:00,3600,0.0,1.08100798919,0.0,0.0,0.0,1.08100798919,1319.60698943,1081.00798919,457.2182904
2024-04-12T10:00,3600,0.8890614475139391,1.29453451238,0.8890614475139391,0.0,0.0,0.40547306486606094,1579.65920871,1294.53451238,558.46090768
2024-04-12T11:00,3600,0.6885458903220399,1.2534282134999999,0.6885458903220399,0.0,0.0,0.5648823231779599,1529.52988771,1253.4282135,540.70419249
2024-04-12T12:00,3600,0.7762531598464486,1.65678934278,0.7762531598464486,0.0,0.0,0.8805361829335514,2022.80955743,1656.78934278,728.79242616
2024-04-12T13:00,3600,0.7638492404363849,1.30973077072,0.7638492404363849,0.0,0.0,0.5458815302836152,1598.1991467,1309.73077072,570.43661869
2024-04-12T14:00,3600,0.7757927894369293,1.3793458187799998,0.7757927894369293,0.0,0.0,0.6035530293430705,1683.18733489,1379.34581878,602.80239482
2024-04-12T15:00,3600,0.7363982465932212,1.1637292028300001,0.7363982465932212,0.0,0.0,0.42733095623677897,1420.25141522,1163.72920283,504.34046875
2024-04-12T16:00,3600,0.6417939658181362,0.61524307988,0.61524307988,0.02655088593813615,0.0,0.0,755.28636067,615.24307988,262.43721009
2024-04-12T17:00,3600,0.5914930611878776,0.33275362742000003,0.33275362742000003,0.25873943376787756,0.0,0.0,414.9517783,332.75362742,142.54520469
2024-04-12T18:00,3600,0.0,0.020419245620000002,0.0,0.0,0.0,0.020419245620000002,40.33005691,20.41924562,13.61047378
2024-04-12T19:00,3600,0.0,0.0,0.0,0.0,0.0,0.0,0.0,0.0,0.0
2024-04-12T20:00,3600,0.0,0.0,0.0,0.0,0.0,0.0,0.0,0.0,0.0
2024-04-12T21:00,3600,0.0,0.0,0.0,0.0,0.0,0.0,0.0,0.0,0.0
2024-04-12T22:00,3600,0.0,0.0,0.0,0.0,0.0,0.0,0.0,0.0,0.0
2024-04-12T23:00,3600,0.0,0.0,0.0,0.0,0.0,0.0,0.0,0.0,0.0
2024-04-13T00:00,3600,0.0,0.0,0.0,0.0,0.0,0.0,0.0,0.0,0.0
2024-04-13T01:00,3600,0.0,0.0,0.0,0.0,0.0,0.0,0.0,0.0,0.0
2024-04-13T02:00,3600,0.0,0.0,0.0,0.0,0.0,0.0,0.0,0.0,0.0
2024-04-13T03:00,3600,0.0,0.0,0.0,0.0,0.0,0.0,0.0,0.0,0.0
2024-04-13T04:00,3600,0.0,0.0,0.0,0.0,0.0,0.0,0.0,0.0,0.0
2024-04-13T05:00,3600,0.0,0.0,0.0,0.0,0.0,0.0,0.0,0.0,0.0
2024-04-13T06:00,3600,0.0,0.04744425235,0.0,0.0,0.0,0.04744425235,72.67584313,47.44425235,24.15791365
2024-04-13T07:00,3600,0.0,0.34228805464999995,0.0,0.0,0.0,0.34228805464999995,426.41506873,342.28805465,143.79608581
2024-04-13T08:00,3600,0.0,0.7125746593899999,0.0,0.0,0.0,0.7125746593899999,872.88403966,712.57465939,299.36224831
2024-04-13T09:00,3600,0.0,1.17134554123,0.0,0.0,0.0,1.17134554123,1429.52440087,1171.34554123,500.76491317
2024-04-13T10:00,3600,0.0,1.3132980829299998,0.0,0.0,0.0,1.3132980829299998,1602.55201449,1313.29808293,573.69218853
2024-04-13T11:00,3600,0.0,1.16500168919,0.0,0.0,0.0,1.16500168919,1421.80060766,1165.00168919,505.04223367
2024-04-13T12:00,3600,0.0,1.02101035794,0.0,0.0,0.0,1.02101035794,1246.68931351,1021.01035794,440.06847435
2024-04-13T13:00,3600,0.0,1.0585174868199998,0.0,0.0,0.0,1.0585174868199998,1292.26549054,1058.51748682,457.90819654
2024-04-13T14:00,3600,0.0,1.0649459814100002,0.0,0.0,0.0,1.0649459814100002,1300.07959333,1064.94598141,460.47351689
2024-04-13T15:00,3600,0.0,0.89355631638,0.0,0.0,0.0,0.89355631638,1092.01030199,893.55631638,384.0778987
2024-04-13T16:00,3600,0.0,0.62580716507,0.0,0.0,0.0,0.62580716507,768.04171143,625.80716507,267.77448351
2024-04-13T17:00,3600,0.0,0.2802369185,0.0,0.0,0.0,0.2802369185,351.83994203,280.2369185,121.10086993
2024-04-13T18:00,3600,0.0,0.0346097383,0.0,0.0,0.0,0.0346097383,57.31280901,34.6097383,19.39583689
2024-04-13T19:00,3600,0.0,0.0,0.0,0.0,0.0,0.0,0.0,0.0,0.0
2024-04-13T20:00,3600,0.0,0.0,0.0,0.0,0.0,0.0,0.0,0.0,0.0
2024-04-13T21:00,3600,0.0,0.0,0.0,0.0,0.0,0.0,0.0,0.0,0.0
2024-04-13T22:00,3600,0.0,0.0,0.0,0.0,0.0,0.0,0.0,0.0,0.0
2024-04-13T23:00,3600,0.0,0.0,0.0,0.0,0.0,0.0,0.0,0.0,0.0
2024-04-14T00:00,3600,0.0,0.0,0.0,0.0,0.0,0.0,0.0,0.0,0.0
2024-04-14T01:00,3600,0.0,0.0,0.0,0.0,0.0,0.0,0.0,0.0,0.0
2024-04-14T02:00,3600,0.0,0.0,0.0,0.0,0.0,0.0,0.0,0.0,0.0
2024-04-14T03:00,3600,0.0,0.0,0.0,0.0,0.0,0.0,0.0,0.0,0.0
2024-04-14T04:00,3600,0.0,0.0,0.0,0.0,0.0,0.0,0.0,0.0,0.0
2024-04-14T05:00,3600,0.0,0.0,0.0,0.0,0.0,0.0,0.0,0.0,0.0
2024-04-14T06:00,3600,0.0,0.025901349710000004,0.0,0.0,0.0,0.025901349710000004,46.89044988,25.90134971,15.71071276
2024-04-14T07:00,3600,0.0,0.25899730864000003,0.0,0.0,0.0,0.25899730864000003,326.32934246,258.99730864,110.4723144
2024-04-14T08:00,3600,0.0,0.66611076736,0.0,0.0,0.0,0.66611076736,816.72400732,666.11076736,281.31593449
2024-04-14T09:00,3600,0.0,1.0335190478699998,0.0,0.0,0.0,1.0335190478699998,1261.88614266,1033.51904787,439.78666039
2024-04-14T10:00,3600,0.0,1.32657249017,0.0,0.0,0.0,1.32657249017,1618.75167205,1326.57249017,575.3765316
2024-04-14T11:00,3600,0.0,1.3123493630299998,0.0,0.0,0.0,1.3123493630299998,1601.39435423,1312.34936303,569.85321786
2024-04-14T12:00,3600,0.0,1.05433765186,0.0,0.0,0.0,1.05433765186,1287.18513903,1054.33765186,454.1073388
2024-04-14T13:00,3600,0.0,1.24752731151,0.0,0.0,0.0,1.24752731151,1522.33631168,1247.52731151,543.0685042
2024-04-14T14:00,3600,0.0,1.0658570817600002,0.0,0.0,0.0,1.0658570817600002,1301.18713588,1065.85708176,461.13439281
2024-04-14T15:00,3600,0.0,0.7514025012100001,0.0,0.0,0.0,0.7514025012100001,919.84479801,751.40250121,321.92123533
2024-04-14T16:00,3600,0.0,0.48799092826999996,0.0,0.0,0.0,0.48799092826999996,601.79817217,487.99092827,208.37467402
2024-04-14T17:00,3600,0.0,0.2848694168,0.0,0.0,0.0,0.2848694168,357.40504565,284.8694168,122.96450442
2024-04-14T18:00,3600,0.0,0.02752966252,0.0,0.0,0.0,0.02752966252,48.83914228,27.52966252,16.51507961
2024-04-14T19:00,3600,0.0,0.0,0.0,0.0,0.0,0.0,0.0,0.0,0.0
2024-04-14T20:00,3600,0.0,0.0,0.0,0.0,0.0,0.0,0.0,0.0,0.0
2024-04-14T21:00,3600,0.0,0.0,0.0,0.0,0.0,0.0,0.0,0.0,0.0
2024-04-14T22:00,3600,0.0,0.0,0.0,0.0,0.0,0.0,0.0,0.0,0.0
2024-04-14T23:00,3600,0.0,0.0,0.0,0.0,0.0,0.0,0.0,0.0,0.0
2024-04-15T00:00,3600,0.0,0.0,0.0,0.0,0.0,0.0,0.0,0.0,0.0
2024-04-15T01:00,3600,0.0,0.0,0.0,0.0,0.0,0.0,0.0,0.0,0.0
2024-04-15T02:00,3600,0.0,0.0,0.0,0.0,0.0,0.0,0.0,0.0,0.0
2024-04-15T03:00,3600,0.0,0.0,0.0,0.0,0.0,0.0,0.0,0.0,0.0
2024-04-15T04:00,3600,0.0,0.0,0.0,0.0,0.0,0.0,0.0,0.0,0.0
2024-04-15T05:00,3600,0.0,0.0,0.0,0.0,0.0,0.0,0.0,0.0,0.0
2024-04-15T06:00,3600,0.0,0.01810008294,0.0,0.0,0.0,0.01810008294,37.55489264,18.10008294,12.58662524
2024-04-15T07:00,3600,0.0,0.16169648949,0.0,0.0,0.0,0.16169648949,209.56589237,161.69648949,70.57603994
2024-04-15T08:00,3600,1.0870588235294116,0.56681597105,0.56681597105,0.5202428524794116,0.0,0.0,696.84020248,566.81597105,238.5928598
2024-04-15T09:00,3600,1.0870588235294116,0.9280996439499999,0.9280996439499999,0.15895917957941175,0.0,0.0,1133.90263699,928.09964395,394.36712053
2024-04-15T10:00,3600,1.0870588235294116,1.08284702873,1.08284702873,0.004211794799411583,0.0,0.0,1321.84310895,1082.84702873,468.06671391
2024-04-15T11:00,3600,1.0844699480099849,1.12338982785,1.0844699480099849,0.0,0.0,0.038919879840015215,1371.1557772,1123.38982785,486.62372415
2024-04-15T12:00,3600,1.0784632307533255,1.3404783760899999,1.0784632307533255,0.0,0.0,0.26201514533667436,1635.72552021,1340.47837609,585.08402595
2024-04-15T13:00,3600,1.0622040670855002,1.3224122691899998,1.0622040670855002,0.0,0.0,0.2602082021044996,1613.67431634,1322.41226919,577.7995582
2024-04-15T14:00,3600,1.0606040841828848,0.86223078847,0.86223078847,0.19837329571288476,0.0,0.0,1054.03936852,862.23078847,371.93721697
2024-04-15T15:00,3600,1.0588772700459017,1.00904131488,1.00904131488,0.04983595516590178,0.0,0.0,1232.15081899,1009.04131488,437.17999235
2024-04-15T16:00,3600,1.05924526616279,0.74478767245,0.74478767245,0.31445759371279003,0.0,0.0,911.84247058,744.78767245,320.01387391
2024-04-15T17:00,3600,1.056733661549824,0.36429004337,0.36429004337,0.6924436181798239,0.0,0.0,452.87441209,364.29004337,156.59682781
2024-04-15T18:00,3600,0.0,0.032199359329999996,0.0,0.0,0.0,0.032199359329999996,54.42788865,32.19935933,18.459433
2024-04-15T19:00,3600,0.0,0.0,0.0,0.0,0.0,0.0,0.0,0.0,0.0
2024-04-15T20:00,3600,0.0,0.0,0.0,0.0,0.0,0.0,0.0,0.0,0.0
2024-04-15T21:00,3600,0.0,0.0,0.0,0.0,0.0,0.0,0.0,0.0,0.0
2024-04-15T22:00,3600,0.0,0.0,0.0,0.0,0.0,0.0,0.0,0.0,0.0
2024-04-15T23:00,3600,0.0,0.0,0.0,0.0,0.0,0.0,0.0,0.0,0.0
2024-04-16T00:00,3600,0.0,0.0,0.0,0.0,0.0,0.0,0.0,0.0,0.0
2024-04-16T01:00,3600,0.0,0.0,0.0,0.0,0.0,0.0,0.0,0.0,0.0
2024-04-16T02:00,3600,0.0,0.0,0.0,0.0,0.0,0.0,0.0,0.0,0.0
2024-04-16T03:00,3600,0.0,0.0,0.0,0.0,0.0,0.0,0.0,0.0,0.0
2024-04-16T04:00,3600,0.0,0.0,0.0,0.0,0.0,0.0,0.0,0.0,0.0
2024-04-16T05:00,3600,0.0,0.0,0.0,0.0,0.0,0.0,0.0,0.0,0.0
2024-04-16T06:00,3600,0.0,0.028784390229999998,0.0,0.0,0.0,0.028784390229999998,50.34077671,28.78439023,16.83253114
2024-04-16T07:00,3600,0.0,0.17759362975,0.0,0.0,0.0,0.17759362975,228.6313018,177.59362975,77.01147355
2024-04-16T08:00,3600,1.0870588235294116,0.60268735216,0.60268735216,0.4843714713694116,0.0,0.0,740.1288914,602.68735216,253.43863913
2024-04-16T09:00,3600,0.9062819221031794,0.91398862877,0.9062819221031794,0.0,0.0,0.007706706666820606,1116.78687805,913.98862877,386.85412327
2024-04-16T10:00,3600,0.7413536746460561,1.15151549803,0.7413536746460561,0.0,0.0,0.4101618233839439,1405.38333991,1151.51549803,496.62859478
2024-04-16T11:00,3600,0.7832179103258317,1.3084816254299998,0.7832179103258317,0.0,0.0,0.5252637151041681,1596.67498444,1308.48162543,568.63212737
2024-04-16T12:00,3600,0.83171469917671,1.49304443617,0.83171469917671,0.0,0.0,0.6613297369932899,1822.19071534,1493.04443617,655.19756254
2024-04-16T13:00,3600,0.8398275729573649,1.24183643781,0.8398275729573649,0.0,0.0,0.4020088648526351,1515.39939164,1241.83643781,544.24540143
2024-04-16T14:00,3600,0.866092982061,1.37497895348,0.866092982061,0.0,0.0,0.508885971419,1677.85344867,1374.97895348,607.78028391
2024-04-16T15:00,3600,0.8486975316628952,1.2733574700199999,0.8486975316628952,0.0,0.0,0.4246599383571047,1553.82974868,1273.35747002,561.67370024
2024-04-16T16:00,3600,0.7723103766416374,0.9448899480999999,0.7723103766416374,0.0,0.0,0.17257957145836256,1154.27299299,944.8899481,411.2877532
2024-04-16T17:00,3600,0.6848680901811989,0.42430772821,0.42430772821,0.26056036197119886,0.0,0.0,525.09533484,424.30772821,183.14960105
2024-04-16T18:00,3600,0.0,0.032233688960000006,0.0,0.0,0.0,0.032233688960000006,54.46897617,32.23368896,18.49918058
2024-04-16T19:00,3600,0.0,0.0,0.0,0.0,0.0,0.0,0.0,0.0,0.0
2024-04-16T20:00,3600,0.0,0.0,0.0,0.0,0.0,0.0,0.0,0.0,0.0
2024-04-16T21:00,3600,0.0,0.0,0.0,0.0,0.0,0.0,0.0,0.0,0.0
2024-04-16T22:00,3600,0.0,0.0,0.0,0.0,0.0,0.0,0.0,0.0,0.0
2024-04-16T23:00,3600,0.0,0.0,0.0,0.0,0.0,0.0,0.0,0.0,0.0
2024-04-17T00:00,3600,0.0,0.0,0.0,0.0,0.0,0.0,0.0,0.0,0.0
2024-04-17T01:00,3600,0.0,0.0,0.0,0.0,0.0,0.0,0.0,0.0,0.0
2024-04-17T02:00,3600,0.0,0.0,0.0,0.0,0.0,0.0,0.0,0.0,0.0
2024-04-17T03:00,3600,0.0,0.0,0.0,0.0,0.0,0.0,0.0,0.0,0.0
2024-04-17T04:00,3600,0.0,0.0,0.0,0.0,0.0,0.0,0.0,0.0,0.0
2024-04-17T05:00,3600,0.0,0.0,0.0,0.0,0.0,0.0,0.0,0.0,0.0
2024-04-17T06:00,3600,0.0,0.036518956289999994,0.0,0.0,0.0,0.036518956289999994,59.59797588,36.51895629,20.01816746
2024-04-17T07:00,3600,0.0,0.22770229404,0.0,0.0,0.0,0.22770229404,288.75606217,227.70229404,97.66013822
2024-04-17T08:00,3600,0.8765513737415642,0.7657313434899999,0.7657313434899999,0.11082003025156428,0.0,0.0,937.18194707,765.73134349,323.36301526
2024-04-17T09:00,3600,0.7031170611545471,1.16903868591,0.7031170611545471,0.0,0.0,0.46592162475545285,1426.71566181,1169.03868591,500.72252192
2024-04-17T10:00,3600,0.8207339647544329,1.4899467411,0.8207339647544329,0.0,0.0,0.6692127763455671,1818.4003563,1489.9467411,652.9372886
2024-04-17T11:00,3600,0.8781835320365534,1.75954971071,0.8781835320365534,0.0,0.0,0.8813661786734466,2148.97194695,1759.54971071,780.64093259
2024-04-17T12:00,3600,0.8499513853770759,1.6223441726699999,0.8499513853770759,0.0,0.0,0.7723927872929239,1980.56523312,1622.34417267,714.36560313
2024-04-17T13:00,3600,0.8780175065831274,1.6016712165900002,0.8780175065831274,0.0,0.0,0.7236537100068728,1955.22232505,1601.67121659,706.27615292
2024-04-17T14:00,3600,0.7327521112047195,1.01753266926,0.7327521112047195,0.0,0.0,0.28478055805528046,1242.46477909,1017.53266926,439.2203543
2024-04-17T15:00,3600,0.7215383017967273,0.99628803683,0.7215383017967273,0.0,0.0,0.2747497350332727,1216.662656,996.28803683,430.66144122
2024-04-17T16:00,3600,0.640578064165429,0.6795963315,0.640578064165429,0.0,0.0,0.03901826733457103,833.01969362,679.5963315,290.78895219
2024-04-17T17:00,3600,0.5634582091319068,0.26259389892,0.26259389892,0.3008643102119068,0.0,0.0,330.6485883,262.59389892,113.49328469
2024-04-17T18:00,3600,0.0,0.02758371929,0.0,0.0,0.0,0.02758371929,48.90383582,27.58371929,16.49123106
2024-04-17T19:00,3600,0.0,0.0,0.0,0.0,0.0,0.0,0.0,0.0,0.0
2024-04-17T20:00,3600,0.0,0.0,0.0,0.0,0.0,0.0,0.0,0.0,0.0
2024-04-17T21:00,3600,0.0,0.0,0.0,0.0,0.0,0.0,0.0,0.0,0.0
2024-04-17T22:00,3600,0.0,0.0,0.0,0.0,0.0,0.0,0.0,0.0,0.0
2024-04-17T23:00,3600,0.0,0.0,0.0,0.0,0.0,0.0,0.0,0.0,0.0
2024-04-18T00:00,3600,0.0,0.0,0.0,0.0,0.0,0.0,0.0,0.0,0.0
2024-04-18T01:00,3600,0.0,0.0,0.0,0.0,0.0,0.0,0.0,0.0,0.0
2024-04-18T02:00,3600,0.0,0.0,0.0,0.0,0.0,0.0,0.0,0.0,0.0
2024-04-18T03:00,3600,0.0,0.0,0.0,0.0,0.0,0.0,0.0,0.0,0.0
2024-04-18T04:00,3600,0.0,0.0,0.0,0.0,0.0,0.0,0.0,0.0,0.0
2024-04-18T05:00,3600,0.0,0.0,0.0,0.0,0.0,0.0,0.0,0.0,0.0
2024-04-18T06:00,3600,0.0,0.023913789,0.0,0.0,0.0,0.023913789,44.51188926,23.913789,14.79660126
2024-04-18T07:00,3600,0.0,0.22111229807999996,0.0,0.0,0.0,0.22111229807999996,280.84624496,221.11229808,94.15442724
2024-04-18T08:00,3600,0.0,0.40259637752,0.0,0.0,0.0,0.40259637752,498.96197562,402.59637752,168.76966801
2024-04-18T09:00,3600,0.5863793371091757,0.5286818762200001,0.5286818762200001,0.0576974608891756,0.0,0.0,650.84655999,528.68187622,221.49958657
2024-04-18T10:00,3600,0.5206737904561473,0.7563864788,0.5206737904561473,0.0,0.0,0.23571268834385273,925.87472327,756.3864788,319.63507212
2024-04-18T11:00,3600,0.5787771262161968,0.97890377472,0.5787771262161968,0.0,0.0,0.4001266485038032,1195.5552669,978.90377472,417.46829291
2024-04-18T12:00,3600,0.6056719114239044,1.08744185521,0.6056719114239044,0.0,0.0,0.4817699437860956,1327.43031168,1087.44185521,464.08776976
2024-04-18T13:00,3600,0.6297954305528433,1.17118680341,0.6297954305528433,0.0,0.0,0.5413913728571567,1429.33112457,1171.18680341,504.14179344
2024-04-18T14:00,3600,0.4970702958361953,0.6438259621900001,0.4970702958361953,0.0,0.0,0.14675566635380483,789.80276607,643.82596219,271.29933026
2024-04-18T15:00,3600,0.49861294064590117,0.75634430866,0.49861294064590117,0.0,0.0,0.25773136801409885,925.82370131,756.34430866,317.35366283
2024-04-18T16:00,3600,0.5235094636060793,0.66929381355,0.5235094636060793,0.0,0.0,0.14578434994392064,820.57003746,669.29381355,280.51889059
2024-04-18T17:00,3600,0.46050284222333304,0.23275961083000002,0.23275961083000002,0.22774323139333302,0.0,0.0,294.82676752,232.75961083,99.34237039
2024-04-18T18:00,3600,0.0,0.03269247746,0.0,0.0,0.0,0.03269247746,55.01808062,32.69247746,18.41173592
2024-04-18T19:00,3600,0.0,0.0,0.0,0.0,0.0,0.0,0.0,0.0,0.0
2024-04-18T20:00,3600,0.0,0.0,0.0,0.0,0.0,0.0,0.0,0.0,0.0
2024-04-18T21:00,3600,0.0,0.0,0.0,0.0,0.0,0.0,0.0,0.0,0.0
2024-04-18T22:00,3600,0.0,0.0,0.0,0.0,0.0,0.0,0.0,0.0,0.0
2024-04-18T23:00,3600,0.0,0.0,0.0,0.0,0.0,0.0,0.0,0.0,0.0
2024-04-19T00:00,3600,0.0,0.0,0.0,0.0,0.0,0.0,0.0,0.0,0.0
2024-04-19T01:00,3600,0.0,0.0,0.0,0.0,0.0,0.0,0.0,0.0,0.0
2024-04-19T02:00,3600,0.0,0.0,0.0,0.0,0.0,0.0,0.0,0.0,0.0
2024-04-19T03:00,3600,0.0,0.0,0.0,0.0,0.0,0.0,0.0,0.0,0.0
2024-04-19T04:00,3600,0.0,0.0,0.0,0.0,0.0,0.0,0.0,0.0,0.0
2024-04-19T05:00,3600,0.0,0.0,0.0,0.0,0.0,0.0,0.0,0.0,0.0
2024-04-19T06:00,3600,0.0,0.01758216688,0.0,0.0,0.0,0.01758216688,36.9351552,17.58216688,12.33337768
2024-04-19T07:00,3600,0.0,0.16576598642,0.0,0.0,0.0,0.16576598642,214.44600269,165.76598642,72.0172969
2024-04-19T08:00,3600,0.0,0.36049277288000003,0.0,0.0,0.0,0.36049277288000003,448.30723548,360.49277288,151.67118429
2024-04-19T09:00,3600,0.7247623426455718,0.69794743837,0.69794743837,0.02681490427557187,0.0,0.0,855.20013881,697.94743837,292.72565699
2024-04-19T10:00,3600,0.6099706235294118,0.6543485419999999,0.6099706235294118,0.0,0.0,0.04437791847058814,802.5134788,654.348542,275.12187756
2024-04-19T11:00,3600,0.6545837847379513,0.9809685436800001,0.6545837847379513,0.0,0.0,0.32638475894204877,1198.06194743,980.96854368,415.3139612
2024-04-19T12:00,3600,0.7256990047011567,1.31948524886,0.7256990047011567,0.0,0.0,0.5937862441588433,1610.10221958,1319.48524886,563.52126181
2024-04-19T13:00,3600,0.6914865310941375,1.27209520291,0.6914865310941375,0.0,0.0,0.5806086718158624,1552.29043792,1272.09520291,542.30468579
2024-04-19T14:00,3600,0.5865058835198874,0.76733260655,0.5865058835198874,0.0,0.0,0.1808267230301126,939.1196253,767.33260655,322.82359624
2024-04-19T15:00,3600,0.5684021711674595,0.6239549534300001,0.5684021711674595,0.0,0.0,0.05555278226254057,765.80515607,623.95495343,262.65671857
2024-04-19T16:00,3600,0.5306764444311565,0.39818026864,0.39818026864,0.13249617579115647,0.0,0.0,493.64746668,398.18026864,167.94353885
2024-04-19T17:00,3600,0.4879374220018065,0.14842151318,0.14842151318,0.3395159088218065,0.0,0.0,193.64869334,148.42151318,65.42614653
2024-04-19T18:00,3600,0.0,0.00836786759,0.0,0.0,0.0,0.00836786759,25.91013564,8.36786759,8.71381747
2024-04-19T19:00,3600,0.0,0.0,0.0,0.0,0.0,0.0,0.0,0.0,0.0
2024-04-19T20:00,3600,0.0,0.0,0.0,0.0,0.0,0.0,0.0,0.0,0.0
2024-04-19T21:00,3600,0.0,0.0,0.0,0.0,0.0,0.0,0.0,0.0,0.0
2024-04-19T22:00,3600,0.0,0.0,0.0,0.0,0.0,0.0,0.0,0.0,0.0
2024-04-19T23:00,3600,0.0,0.0,0.0,0.0,0.0,0.0,0.0,0.0,0.0
2024-04-20T00:00,3600,0.0,0.0,0.0,0.0,0.0,0.0,0.0,0.0,0.0
2024-04-20T01:00,3600,0.0,0.0,0.0,0.0,0.0,0.0,0.0,0.0,0.0
2024-04-20T02:00,3600,0.0,0.0,0.0,0.0,0.0,0.0,0.0,0.0,0.0
2024-04-20T03:00,3600,0.0,0.0,0.0,0.0,0.0,0.0,0.0,0.0,0.0
2024-04-20T04:00,3600,0.0,0.0,0.0,0.0,0.0,0.0,0.0,0.0,0.0
2024-04-20T05:00,3600,0.0,0.0,0.0,0.0,0.0,0.0,0.0,0.0,0.0
2024-04-20T06:00,3600,0.0,0.01957833381,0.0,0.0,0.0,0.01957833381,39.32379117,19.57833381,13.17935118
2024-04-20T07:00,3600,0.0,0.16169671191,0.0,0.0,0.0,0.16169671191,209.56615909,161.69671191,70.63233636
2024-04-20T08:00,3600,0.0,0.36729677985000003,0.0,0.0,0.0,0.36729677985000003,456.49095606,367.29677985,154.98803203
2024-04-20T09:00,3600,0.0,0.47278890994,0.0,0.0,0.0,0.47278890994,583.48153229,472.78890994,198.87576939
2024-04-20T10:00,3600,0.0,0.76550642651,0.0,0.0,0.0,0.76550642651,936.90978023,765.50642651,322.41968671
2024-04-20T11:00,3600,0.0,1.22778637031,0.0,0.0,0.0,1.22778637031,1498.27558671,1227.78637031,526.74167375
2024-04-20T12:00,3600,0.0,1.09284243493,0.0,0.0,0.0,1.09284243493,1333.99779381,1092.84243493,467.89634366
2024-04-20T13:00,3600,0.0,0.8771114578200001,0.0,0.0,0.0,0.8771114578200001,1072.07457259,877.11145782,373.32858355
2024-04-20T14:00,3600,0.0,0.26532151241,0.0,0.0,0.0,0.26532151241,333.92441016,265.32151241,113.27962714
2024-04-20T15:00,3600,0.0,0.16643767205,0.0,0.0,0.0,0.16643767205,215.25151149,166.43767205,72.6151456
2024-04-20T16:00,3600,0.0,0.12616166421,0.0,0.0,0.0,0.12616166421,166.96534204,126.16166421,56.1557126
2024-04-20T17:00,3600,0.0,0.025496940460000003,0.0,0.0,0.0,0.025496940460000003,46.40647814,25.49694046,15.49123106
2024-04-20T18:00,3600,0.0,0.0,0.0,0.0,0.0,0.0,8.81213799,0.0,2.90460582
2024-04-20T19:00,3600,0.0,0.0,0.0,0.0,0.0,0.0,0.0,0.0,0.0
2024-04-20T20:00,3600,0.0,0.0,0.0,0.0,0.0,0.0,0.0,0.0,0.0
2024-04-20T21:00,3600,0.0,0.0,0.0,0.0,0.0,0.0,0.0,0.0,0.0
2024-04-20T22:00,3600,0.0,0.0,0.0,0.0,0.0,0.0,0.0,0.0,0.0
2024-04-20T23:00,3600,0.0,0.0,0.0,0.0,0.0,0.0,0.0,0.0,0.0
2024-04-21T00:00,3600,0.0,0.0,0.0,0.0,0.0,0.0,0.0,0.0,0.0
2024-04-21T01:00,3600,0.0,0.0,0.0,0.0,0.0,0.0,0.0,0.0,0.0
2024-04-21T02:00,3600,0.0,0.0,0.0,0.0,0.0,0.0,0.0,0.0,0.0
2024-04-21T03:00,3600,0.0,0.0,0.0,0.0,0.0,0.0,0.0,0.0,0.0
2024-04-21T04:00,3600,0.0,0.0,0.0,0.0,0.0,0.0,0.0,0.0,0.0
2024-04-21T05:00,3600,0.0,0.0,0.0,0.0,0.0,0.0,0.0,0.0,0.0
2024-04-21T06:00,3600,0.0,0.01121456054,0.0,0.0,0.0,0.01121456054,29.31607727,11.21456054,9.68201941
2024-04-21T07:00,3600,0.0,0.06730215319,0.0,0.0,0.0,0.06730215319,96.45169905,67.30215319,31.95066407
2024-04-21T08:00,3600,0.0,0.18346291039,0.0,0.0,0.0,0.18346291039,235.67145879,183.46291039,78.42435725
2024-04-21T09:00,3600,0.0,0.23634252165,0.0,0.0,0.0,0.23634252165,299.12790144,236.34252165,99.72479996
2024-04-21T10:00,3600,0.0,0.24257240390999998,0.0,0.0,0.0,0.24257240390999998,306.60716047,242.57240391,102.62940579
2024-04-21T11:00,3600,0.0,0.21369863935000002,0.0,0.0,0.0,0.21369863935000002,271.94873315,213.69863935,91.01098249
2024-04-21T12:00,3600,0.0,0.55590534531,0.0,0.0,0.0,0.55590534531,683.67816917,555.90534531,231.44975478
2024-04-21T13:00,3600,0.0,0.75788458819,0.0,0.0,0.0,0.75788458819,927.6873179,757.88458819,317.11401253
2024-04-21T14:00,3600,0.0,0.27773004727,0.0,0.0,0.0,0.27773004727,348.82855298,277.73004727,117.45102056
2024-04-21T15:00,3600,0.0,0.74732114743,0.0,0.0,0.0,0.74732114743,914.90726193,747.32114743,313.47033104
2024-04-21T16:00,3600,0.0,0.40936587348,0.0,0.0,0.0,0.40936587348,507.10932046,409.36587348,171.44115081
2024-04-21T17:00,3600,0.0,0.12625922897,0.0,0.0,0.0,0.12625922897,167.08227572,126.25922897,55.81556725
2024-04-21T18:00,3600,0.0,0.00864336316,0.0,0.0,0.0,0.00864336316,26.23974758,8.64336316,8.71381747
2024-04-21T19:00,3600,0.0,0.0,0.0,0.0,0.0,0.0,0.0,0.0,0.0
2024-04-21T20:00,3600,0.0,0.0,0.0,0.0,0.0,0.0,0.0,0.0,0.0
2024-04-21T21:00,3600,0.0,0.0,0.0,0.0,0.0,0.0,0.0,0.0,0.0
2024-04-21T22:00,3600,0.0,0.0,0.0,0.0,0.0,0.0,0.0,0.0,0.0
2024-04-21T23:00,3600,0.0,0.0,0.0,0.0,0.0,0.0,0.0,0.0,0.0
2024-04-22T00:00,3600,0.0,0.0,0.0,0.0,0.0,0.0,0.0,0.0,0.0
2024-04-22T01:00,3600,0.0,0.0,0.0,0.0,0.0,0.0,0.0,0.0,0.0
2024-04-22T02:00,3600,0.0,0.0,0.0,0.0,0.0,0.0,0.0,0.0,0.0
2024-04-22T03:00,3600,0.0,0.0,0.0,0.0,0.0,0.0,0.0,0.0,0.0
2024-04-22T04:00,3600,0.0,0.0,0.0,0.0,0.0,0.0,0.0,0.0,0.0
2024-04-22T05:00,3600,0.0,0.0,0.0,0.0,0.0,0.0,0.0,0.0,0.0
2024-04-22T06:00,3600,0.0,0.03554860468,0.0,0.0,0.0,0.03554860468,58.43654183,35.54860468,19.34755303
2024-04-22T07:00,3600,0.0,0.25585610363,0.0,0.0,0.0,0.25585610363,322.55717113,255.85610363,107.73492665
2024-04-22T08:00,3600,0.47262287996197677,0.64093321023,0.47262287996197677,0.0,0.0,0.16831033026802328,786.30883042,640.93321023,267.39535634
2024-04-22T09:00,3600,0.4827240549186873,0.7315235539899999,0.4827240549186873,0.0,0.0,0.2487994990713126,895.79854054,731.52355399,306.77522046
2024-04-22T10:00,3600,0.5874312082718625,0.90884630393,0.5874312082718625,0.0,0.0,0.32141509565813753,1110.5504806,908.84630393,386.57774563
2024-04-22T11:00,3600,0.5730355826324363,0.7739731352000001,0.5730355826324363,0.0,0.0,0.20093755256756385,947.15578839,773.9731352,328.08283605
2024-04-22T12:00,3600,0.5855327018406066,0.89760953668,0.5855327018406066,0.0,0.0,0.3120768348393934,1096.92469491,897.60953668,381.83909217
2024-04-22T13:00,3600,0.5704321744288048,0.7212449487,0.5704321744288048,0.0,0.0,0.15081277427119522,883.36802354,721.2449487,304.8142786
2024-04-22T14:00,3600,0.536988867637563,0.66867115553,0.536988867637563,0.0,0.0,0.13168228789243697,819.81767394,668.67115553,281.38049833
2024-04-22T15:00,3600,0.5309536792438604,0.6306777646,0.5309536792438604,0.0,0.0,0.09972408535613964,773.92328438,630.6777646,264.44114237
2024-04-22T16:00,3600,0.5095844743976476,0.47436348701000003,0.47436348701000003,0.03522098738764762,0.0,0.0,585.3785179,474.36348701,198.62803514
2024-04-22T17:00,3600,0.48349202946140013,0.22825823809,0.22825823809,0.2552337913714001,0.0,0.0,289.42338427,228.25823809,97.62160983
2024-04-22T18:00,3600,0.0,0.02563154102,0.0,0.0,0.0,0.02563154102,46.56755937,25.63154102,15.53892815
2024-04-22T19:00,3600,0.0,0.0,0.0,0.0,0.0,0.0,0.0,0.0,0.0
2024-04-22T20:00,3600,0.0,0.0,0.0,0.0,0.0,0.0,0.0,0.0,0.0
2024-04-22T21:00,3600,0.0,0.0,0.0,0.0,0.0,0.0,0.0,0.0,0.0
2024-04-22T22:00,3600,0.0,0.0,0.0,0.0,0.0,0.0,0.0,0.0,0.0
2024-04-22T23:00,3600,0.0,0.0,0.0,0.0,0.0,0.0,0.0,0.0,0.0
2024-04-23T00:00,3600,0.0,0.0,0.0,0.0,0.0,0.0,0.0,0.0,0.0
2024-04-23T01:00,3600,0.0,0.0,0.0,0.0,0.0,0.0,0.0,0.0,0.0
2024-04-23T02:00,3600,0.0,0.0,0.0,0.0,0.0,0.0,0.0,0.0,0.0
2024-04-23T03:00,3600,0.0,0.0,0.0,0.0,0.0,0.0,0.0,0.0,0.0
2024-04-23T04:00,3600,0.0,0.0,0.0,0.0,0.0,0.0,0.0,0.0,0.0
2024-04-23T05:00,3600,0.0,0.0,0.0,0.0,0.0,0.0,0.0,0.0,0.0
2024-04-23T06:00,3600,0.0,0.0305090881,0.0,0.0,0.0,0.0305090881,52.40490811,30.5090881,17.43750934
2024-04-23T07:00,3600,0.0,0.19175195951000001,0.0,0.0,0.0,0.19175195951000001,245.61515729,191.75195951,82.19424341
2024-04-23T08:00,3600,0.0,0.25353794935,0.0,0.0,0.0,0.25353794935,319.77348811,253.53794935,107.32325982
2024-04-23T09:00,3600,0.0,0.35812971583000003,0.0,0.0,0.0,0.35812971583000003,445.4651937,358.12971583,150.12680479
2024-04-23T10:00,3600,0.5058522536343126,0.47434368767999996,0.47434368767999996,0.03150856595431267,0.0,0.0,585.35466421,474.34368768,198.84420008
2024-04-23T11:00,3600,0.47019785156717303,0.38197509950999997,0.38197509950999997,0.08822275205717306,0.0,0.0,474.14857791,381.97509951,160.45133485
2024-04-23T12:00,3600,0.4760417274731375,0.44297146406000004,0.44297146406000004,0.03307026341313746,0.0,0.0,547.56716387,442.97146406,185.67073761
2024-04-23T13:00,3600,0.561039533696335,0.6557931489100001,0.561039533696335,0.0,0.0,0.0947536152136651,804.2586442,655.79314891,276.49483631
2024-04-23T14:00,3600,0.5506116075038877,0.51615105242,0.51615105242,0.03446055508388768,0.0,0.0,635.73885597,516.15105242,217.77886575
2024-04-23T15:00,3600,0.6120747306487788,0.80911893356,0.6120747306487788,0.0,0.0,0.19704420291122116,989.70162156,809.11893356,344.34367484
2024-04-23T16:00,3600,0.5643088520580362,0.57280486462,0.5643088520580362,0.0,0.0,0.008496012561963862,704.06582345,572.80486462,242.19777252
2024-04-23T17:00,3600,0.49710884770661207,0.22312887636,0.22312887636,0.27397997134661206,0.0,0.0,283.26661396,223.12887636,95.75509639
2024-04-23T18:00,3600,0.0,0.00120307927,0.0,0.0,0.0,0.00120307927,17.33842015,1.20307927,5.80921165
2024-04-23T19:00,3600,0.0,0.0,0.0,0.0,0.0,0.0,0.0,0.0,0.0
2024-04-23T20:00,3600,0.0,0.0,0.0,0.0,0.0,0.0,0.0,0.0,0.0
2024-04-23T21:00,3600,0.0,0.0,0.0,0.0,0.0,0.0,0.0,0.0,0.0
2024-04-23T22:00,3600,0.0,0.0,0.0,0.0,0.0,0.0,0.0,0.0,0.0
2024-04-23T23:00,3600,0.0,0.0,0.0,0.0,0.0,0.0,0.0,0.0,0.0
2024-04-24T00:00,3600,0.0,0.0,0.0,0.0,0.0,0.0,0.0,0.0,0.0
2024-04-24T01:00,3600,0.0,0.0,0.0,0.0,0.0,0.0,0.0,0.0,0.0
2024-04-24T02:00,3600,0.0,0.0,0.0,0.0,0.0,0.0,0.0,0.0,0.0
2024-04-24T03:00,3600,0.0,0.0,0.0,0.0,0.0,0.0,0.0,0.0,0.0
2024-04-24T04:00,3600,0.0,0.0,0.0,0.0,0.0,0.0,0.0,0.0,0.0
2024-04-24T05:00,3600,0.0,0.0,0.0,0.0,0.0,0.0,0.0,0.0,0.0
2024-04-24T06:00,3600,0.0,0.035656452500000005,0.0,0.0,0.0,0.035656452500000005,58.5656263,35.6564525,19.53176863
2024-04-24T07:00,3600,0.0,0.22820932690999998,0.0,0.0,0.0,0.22820932690999998,289.36467399,228.20932691,97.20538564
2024-04-24T08:00,3600,0.0,0.52670493843,0.0,0.0,0.0,0.52670493843,648.462889,526.70493843,220.32557984
2024-04-24T09:00,3600,0.6013664239432466,0.73390338268,0.6013664239432466,0.0,0.0,0.13253695873675342,898.67688185,733.90338268,307.92615772
2024-04-24T10:00,3600,0.6602288807652407,1.08766279555,0.6602288807652407,0.0,0.0,0.42743391478475934,1327.69897992,1087.66279555,466.69571703
2024-04-24T11:00,3600,0.7159163375449172,1.3880523568,0.7159163375449172,0.0,0.0,0.6721360192550828,1693.8229662,1388.0523568,605.38833607
2024-04-24T12:00,3600,0.6775994463766505,1.13055942531,0.6775994463766505,0.0,0.0,0.4529599789333495,1379.87942555,1130.55942531,490.14704476
2024-04-24T13:00,3600,0.6539717388303735,0.79245869766,0.6539717388303735,0.0,0.0,0.13848695882962647,969.53070572,792.45869766,340.2328038
2024-04-24T14:00,3600,0.7041664547210771,1.0038324592699999,0.7041664547210771,0.0,0.0,0.2996660045489228,1225.82458288,1003.83245927,433.06084976
2024-04-24T15:00,3600,0.6614035643280757,0.73244142199,0.6614035643280757,0.0,0.0,0.07103785766192428,896.90866589,732.44142199,313.26311655
2024-04-24T16:00,3600,0.5768230467715738,0.4371691336,0.4371691336,0.13965391317157383,0.0,0.0,540.58026934,437.1691336,185.77746407
2024-04-24T17:00,3600,0.5138051794117647,0.16892747981,0.16892747981,0.34487769960176473,0.0,0.0,218.23744589,168.92747981,73.87254929
2024-04-24T18:00,3600,0.0,0.0132384256,0.0,0.0,0.0,0.0132384256,31.73762923,13.2384256,10.65817087
2024-04-24T19:00,3600,0.0,0.0,0.0,0.0,0.0,0.0,0.0,0.0,0.0
2024-04-24T20:00,3600,0.0,0.0,0.0,0.0,0.0,0.0,0.0,0.0,0.0
2024-04-24T21:00,3600,0.0,0.0,0.0,0.0,0.0,0.0,0.0,0.0,0.0
2024-04-24T22:00,3600,0.0,0.0,0.0,0.0,0.0,0.0,0.0,0.0,0.0
2024-04-24T23:00,3600,0.0,0.0,0.0,0.0,0.0,0.0,0.0,0.0,0.0
2024-04-25T00:00,3600,0.0,0.0,0.0,0.0,0.0,0.0,0.0,0.0,0.0
2024-04-25T01:00,3600,0.0,0.0,0.0,0.0,0.0,0.0,0.0,0.0,0.0
2024-04-25T02:00,3600,0.0,0.0,0.0,0.0,0.0,0.0,0.0,0.0,0.0
2024-04-25T03:00,3600,0.0,0.0,0.0,0.0,0.0,0.0,0.0,0.0,0.0
2024-04-25T04:00,3600,0.0,0.0,0.0,0.0,0.0,0.0,0.0,0.0,0.0
2024-04-25T05:00,3600,0.0,0.0,0.0,0.0,0.0,0.0,0.0,0.0,0.0
2024-04-25T06:00,3600,0.0,0.0037537064500000003,0.0,0.0,0.0,0.0037537064500000003,20.3898018,3.75370645,6.77741359
2024-04-25T07:00,3600,0.0,0.09464811022000001,0.0,0.0,0.0,0.09464811022000001,129.20446777,94.64811022,43.0949392
2024-04-25T08:00,3600,0.0,0.14127397173,0.0,0.0,0.0,0.14127397173,185.07982193,141.27397173,61.81669849
2024-04-25T09:00,3600,0.0,0.14616844863,0.0,0.0,0.0,0.14616844863,190.94749558,146.16844863,63.86257791
2024-04-25T10:00,3600,0.604336846815173,0.41328984292000004,0.41328984292000004,0.19104700389517293,0.0,0.0,511.83234477,413.28984292,173.37623132
2024-04-25T11:00,3600,0.4922536617647059,0.28118934971,0.28118934971,0.21106431205470594,0.0,0.0,352.98408337,281.18934971,119.08883879
2024-04-25T12:00,3600,0.5937021911764706,0.7922695863999999,0.5937021911764706,0.0,0.0,0.19856739522352929,969.30177379,792.2695864,332.88274054
2024-04-25T13:00,3600,0.7138235705882353,1.13702052749,0.7138235705882353,0.0,0.0,0.42319695690176473,1387.74182901,1137.02052749,485.68113994
2024-04-25T14:00,3600,0.7118551283583794,0.9440846009099999,0.7118551283583794,0.0,0.0,0.23222947255162052,1153.29580963,944.08460091,402.68743755
2024-04-25T15:00,3600,0.6710611230948182,0.7377497002300001,0.6710611230948182,0.0,0.0,0.06668857713518184,903.32912273,737.74970023,314.30437466
2024-04-25T16:00,3600,0.5852868529411764,0.28625442352,0.28625442352,0.2990324294211764,0.0,0.0,359.0689539,286.25442352,122.69169698
2024-04-25T17:00,3600,0.5375156119366504,0.13157721361,0.13157721361,0.40593839832665046,0.0,0.0,173.45626286,131.57721361,58.84552325
2024-04-25T18:00,3600,0.0,0.01809518664,0.0,0.0,0.0,0.01809518664,37.54903372,18.09518664,12.61047378
2024-04-25T19:00,3600,0.0,0.0,0.0,0.0,0.0,0.0,0.0,0.0,0.0
2024-04-25T20:00,3600,0.0,0.0,0.0,0.0,0.0,0.0,0.0,0.0,0.0
2024-04-25T21:00,3600,0.0,0.0,0.0,0.0,0.0,0.0,0.0,0.0,0.0
2024-04-25T22:00,3600,0.0,0.0,0.0,0.0,0.0,0.0,0.0,0.0,0.0
2024-04-25T23:00,3600,0.0,0.0,0.0,0.0,0.0,0.0,0.0,0.0,0.0
2024-04-26T00:00,3600,0.0,0.0,0.0,0.0,0.0,0.0,0.0,0.0,0.0
2024-04-26T01:00,3600,0.0,0.0,0.0,0.0,0.0,0.0,0.0,0.0,0.0
2024-04-26T02:00,3600,0.0,0.0,0.0,0.0,0.0,0.0,0.0,0.0,0.0
2024-04-26T03:00,3600,0.0,0.0,0.0,0.0,0.0,0.0,0.0,0.0,0.0
2024-04-26T04:00,3600,0.0,0.0,0.0,0.0,0.0,0.0,0.0,0.0,0.0
2024-04-26T05:00,3600,0.0,0.0,0.0,0.0,0.0,0.0,0.0,0.0,0.0
2024-04-26T06:00,3600,0.0,0.006181527260000001,0.0,0.0,0.0,0.006181527260000001,23.29437406,6.18152726,7.74561553
2024-04-26T07:00,3600,0.0,0.08777888208000001,0.0,0.0,0.0,0.08777888208000001,120.9758134,87.77888208,40.33210524
2024-04-26T08:00,3600,0.0,0.2362080382,0.0,0.0,0.0,0.2362080382,298.96645556,236.2080382,100.19797588
2024-04-26T09:00,3600,0.0,0.44433540523,0.0,0.0,0.0,0.44433540523,549.20964621,444.33540523,184.80447848
2024-04-26T10:00,3600,0.6609903281604417,0.50216796957,0.50216796957,0.1588223585904417,0.0,0.0,618.8836053,502.16796957,210.63063735
2024-04-26T11:00,3600,0.5469086031430483,0.6224570842399999,0.5469086031430483,0.0,0.0,0.07554848109695156,763.9965168,622.45708424,261.77027213
2024-04-26T12:00,3600,0.5347052406284507,0.61308120691,0.5347052406284507,0.0,0.0,0.0783759662815493,752.67630958,613.08120691,257.88273935
2024-04-26T13:00,3600,0.6400257393345871,0.6480046094499999,0.6400257393345871,0.0,0.0,0.007978870115412873,794.85010644,648.00460945,274.85778688
2024-04-26T14:00,3600,0.7732721411764707,1.2288992106899999,0.7732721411764707,0.0,0.0,0.45562706951352916,1499.6317487,1228.89921069,531.25308902
2024-04-26T15:00,3600,0.7426103705882352,1.09340546215,0.7426103705882352,0.0,0.0,0.3507950915617648,1334.68250548,1093.40546215,470.62776518
2024-04-26T16:00,3600,0.6885993382352943,0.82346267473,0.6885993382352943,0.0,0.0,0.13486333649470572,1007.07198991,823.46267473,351.10547431
2024-04-26T17:00,3600,0.5775221235294117,0.31374841452999996,0.31374841452999996,0.2637737089994117,0.0,0.0,392.10658842,313.74841453,133.86988669
2024-04-26T18:00,3600,0.0,0.022731151760000002,0.0,0.0,0.0,0.022731151760000002,43.09663272,22.73115176,14.57072621
2024-04-26T19:00,3600,0.0,0.0,0.0,0.0,0.0,0.0,0.0,0.0,0.0
2024-04-26T20:00,3600,0.0,0.0,0.0,0.0,0.0,0.0,0.0,0.0,0.0
2024-04-26T21:00,3600,0.0,0.0,0.0,0.0,0.0,0.0,0.0,0.0,0.0
2024-04-26T22:00,3600,0.0,0.0,0.0,0.0,0.0,0.0,0.0,0.0,0.0
2024-04-26T23:00,3600,0.0,0.0,0.0,0.0,0.0,0.0,0.0,0.0,0.0
2024-04-27T00:00,3600,0.0,0.0,0.0,0.0,0.0,0.0,0.0,0.0,0.0
2024-04-27T01:00,3600,0.0,0.0,0.0,0.0,0.0,0.0,0.0,0.0,0.0
2024-04-27T02:00,3600,0.0,0.0,0.0,0.0,0.0,0.0,0.0,0.0,0.0
2024-04-27T03:00,3600,0.0,0.0,0.0,0.0,0.0,0.0,0.0,0.0,0.0
2024-04-27T04:00,3600,0.0,0.0,0.0,0.0,0.0,0.0,0.0,0.0,0.0
2024-04-27T05:00,3600,0.0,0.0,0.0,0.0,0.0,0.0,0.0,0.0,0.0
2024-04-27T06:00,3600,0.0,0.03291800414,0.0,0.0,0.0,0.03291800414,55.28800528,32.91800414,18.49702376
2024-04-27T07:00,3600,0.0,0.21641321432,0.0,0.0,0.0,0.21641321432,275.20651964,216.41321432,92.876076
2024-04-27T08:00,3600,0.0,0.40196181561,0.0,0.0,0.0,0.40196181561,498.19829869,401.96181561,169.7308166
2024-04-27T09:00,3600,0.0,0.6396786878499999,0.0,0.0,0.0,0.6396786878499999,784.79363543,639.67868785,269.57279005
2024-04-27T10:00,3600,0.0,0.7984681021500001,0.0,0.0,0.0,0.7984681021500001,976.80583702,798.46810215,339.00214459
2024-04-27T11:00,3600,0.0,0.96677894245,0.0,0.0,0.0,0.96677894245,1180.83701305,966.77894245,413.19481562
2024-04-27T12:00,3600,0.0,1.04031208647,0.0,0.0,0.0,1.04031208647,1270.14023347,1040.31208647,444.53553156
2024-04-27T13:00,3600,0.0,1.03989671111,0.0,0.0,0.0,1.03989671111,1269.63549425,1039.89671111,447.84191512
2024-04-27T14:00,3600,0.0,0.8546746818800001,0.0,0.0,0.0,0.8546746818800001,1044.88301308,854.67468188,365.79852141
2024-04-27T15:00,3600,0.0,0.6729886049299999,0.0,0.0,0.0,0.6729886049299999,825.03463405,672.98860493,287.24813283
2024-04-27T16:00,3600,0.0,0.33983742422,0.0,0.0,0.0,0.33983742422,423.46850721,339.83742422,144.91913951
2024-04-27T17:00,3600,0.0,0.22581850914,0.0,0.0,0.0,0.22581850914,286.49492014,225.81850914,97.71201511
2024-04-27T18:00,3600,0.0,0.025218634410000003,0.0,0.0,0.0,0.025218634410000003,46.07342054,25.21863441,15.52302912
2024-04-27T19:00,3600,0.0,0.0,0.0,0.0,0.0,0.0,0.0,0.0,0.0
2024-04-27T20:00,3600,0.0,0.0,0.0,0.0,0.0,0.0,0.0,0.0,0.0
2024-04-27T21:00,3600,0.0,0.0,0.0,0.0,0.0,0.0,0.0,0.0,0.0
2024-04-27T22:00,3600,0.0,0.0,0.0,0.0,0.0,0.0,0.0,0.0,0.0
2024-04-27T23:00,3600,0.0,0.0,0.0,0.0,0.0,0.0,0.0,0.0,0.0
2024-04-28T00:00,3600,0.0,0.0,0.0,0.0,0.0,0.0,0.0,0.0,0.0
2024-04-28T01:00,3600,0.0,0.0,0.0,0.0,0.0,0.0,0.0,0.0,0.0
2024-04-28T02:00,3600,0.0,0.0,0.0,0.0,0.0,0.0,0.0,0.0,0.0
2024-04-28T03:00,3600,0.0,0.0,0.0,0.0,0.0,0.0,0.0,0.0,0.0
2024-04-28T04:00,3600,0.0,0.0,0.0,0.0,0.0,0.0,0.0,0.0,0.0
2024-04-28T05:00,3600,0.0,0.0,0.0,0.0,0.0,0.0,0.0,0.0,0.0
2024-04-28T06:00,3600,0.0,0.0,0.0,0.0,0.0,0.0,14.59752089,0.0,4.84100971
2024-04-28T07:00,3600,0.0,0.05735384533,0.0,0.0,0.0,0.05735384533,84.53971921,57.35384533,28.0778563
2024-04-28T08:00,3600,0.0,0.32056565228,0.0,0.0,0.0,0.32056565228,400.30049319,320.56565228,134.14882827
2024-04-28T09:00,3600,0.0,0.88181874628,0.0,0.0,0.0,0.88181874628,1077.78060258,881.81874628,368.68793723
2024-04-28T10:00,3600,0.0,0.83189241113,0.0,0.0,0.0,0.83189241113,1017.28222215,831.89241113,350.98841076
2024-04-28T11:00,3600,0.0,1.09200418867,0.0,0.0,0.0,1.09200418867,1332.97839224,1092.00418867,463.38749925
2024-04-28T12:00,3600,0.0,0.86055355295,0.0,0.0,0.0,0.86055355295,1052.00683363,860.55355295,362.39463427
2024-04-28T13:00,3600,0.0,1.0120537517700001,0.0,0.0,0.0,1.0120537517700001,1235.80969994,1012.05375177,430.62064441
2024-04-28T14:00,3600,0.0,0.57739874795,0.0,0.0,0.0,0.57739874795,709.60880139,577.39874795,243.56116251
2024-04-28T15:00,3600,0.0,0.24180186889000002,0.0,0.0,0.0,0.24180186889000002,305.68206024,241.80186889,103.50472658
2024-04-28T16:00,3600,0.0,0.14048869672,0.0,0.0,0.0,0.14048869672,184.13844596,140.48869672,61.62687511
2024-04-28T17:00,3600,0.0,0.04530516671,0.0,0.0,0.0,0.04530516671,70.11513451,45.30516671,23.34022802
2024-04-28T18:00,3600,0.0,0.0013407115700000002,0.0,0.0,0.0,0.0013407115700000002,17.50307031,1.34071157,5.82511068
2024-04-28T19:00,3600,0.0,0.0,0.0,0.0,0.0,0.0,0.0,0.0,0.0
2024-04-28T20:00,3600,0.0,0.0,0.0,0.0,0.0,0.0,0.0,0.0,0.0
2024-04-28T21:00,3600,0.0,0.0,0.0,0.0,0.0,0.0,0.0,0.0,0.0
2024-04-28T22:00,3600,0.0,0.0,0.0,0.0,0.0,0.0,0.0,0.0,0.0
2024-04-28T23:00,3600,0.0,0.0,0.0,0.0,0.0,0.0,0.0,0.0,0.0
2024-04-29T00:00,3600,0.0,0.0,0.0,0.0,0.0,0.0,0.0,0.0,0.0
2024-04-29T01:00,3600,0.0,0.0,0.0,0.0,0.0,0.0,0.0,0.0,0.0
2024-04-29T02:00,3600,0.0,0.0,0.0,0.0,0.0,0.0,0.0,0.0,0.0
2024-04-29T03:00,3600,0.0,0.0,0.0,0.0,0.0,0.0,0.0,0.0,0.0
2024-04-29T04:00,3600,0.0,0.0,0.0,0.0,0.0,0.0,0.0,0.0,0.0
2024-04-29T05:00,3600,0.0,0.0,0.0,0.0,0.0,0.0,0.0,0.0,0.0
2024-04-29T06:00,3600,0.0,0.03729229471000001,0.0,0.0,0.0,0.03729229471000001,60.5236127,37.29229471,20.28351777
2024-04-29T07:00,3600,0.0,0.12993993465,0.0,0.0,0.0,0.12993993465,171.49381257,129.93993465,57.66620927
2024-04-29T08:00,3600,1.0870588235294116,0.37235527473,0.37235527473,0.7147035487994116,0.0,0.0,462.57575051,372.35527473,156.88772084
2024-04-29T09:00,3600,1.0870588235294116,0.7892650601399999,0.7892650601399999,0.29779376338941177,0.0,0.0,965.66468016,789.26506014,332.23330006
2024-04-29T10:00,3600,1.0870588235294116,1.21581186665,1.0870588235294116,0.0,0.0,0.12875304312058833,1483.68433469,1215.81186665,522.61079959
2024-04-29T11:00,3600,1.0870588235294116,1.66739728749,1.0870588235294116,0.0,0.0,0.5803384639605884,2035.82393944,1667.39728749,727.97371822
2024-04-29T12:00,3600,1.0870588235294116,1.7153607734599998,1.0870588235294116,0.0,0.0,0.6283019499305882,2094.69491152,1715.36077346,751.25695224
2024-04-29T13:00,3600,1.0849882352941176,1.53241200052,1.0849882352941176,0.0,0.0,0.44742376522588234,1870.37696501,1532.41200052,670.16809808
2024-04-29T14:00,3600,1.0825035294117646,1.39921579275,1.0825035294117646,0.0,0.0,0.3167122633382353,1707.46195825,1399.21579275,609.14102209
2024-04-29T15:00,3600,0.7629665343724318,0.6359309859700001,0.6359309859700001,0.1270355484024317,0.0,0.0,780.26738311,635.93098597,271.31569607
2024-04-29T16:00,3600,0.6945467617647059,0.56529551696,0.56529551696,0.12925124480470584,0.0,0.0,695.00587304,565.29551696,240.92972127
2024-04-29T17:00,3600,0.6237905794117646,0.2333198653,0.2333198653,0.3904707141117646,0.0,0.0,295.49931433,233.3198653,101.31574216
2024-04-29T18:00,3600,0.0,0.02505629635,0.0,0.0,0.0,0.02505629635,45.87914611,25.05629635,15.54687766
2024-04-29T19:00,3600,0.0,0.0,0.0,0.0,0.0,0.0,0.0,0.0,0.0
2024-04-29T20:00,3600,0.0,0.0,0.0,0.0,0.0,0.0,0.0,0.0,0.0
2024-04-29T21:00,3600,0.0,0.0,0.0,0.0,0.0,0.0,0.0,0.0,0.0
2024-04-29T22:00,3600,0.0,0.0,0.0,0.0,0.0,0.0,0.0,0.0,0.0
2024-04-29T23:00,3600,0.0,0.0,0.0,0.0,0.0,0.0,0.0,0.0,0.0
2024-04-30T00:00,3600,0.0,0.0,0.0,0.0,0.0,0.0,0.0,0.0,0.0
2024-04-30T01:00,3600,0.0,0.0,0.0,0.0,0.0,0.0,0.0,0.0,0.0
2024-04-30T02:00,3600,0.0,0.0,0.0,0.0,0.0,0.0,0.0,0.0,0.0
2024-04-30T03:00,3600,0.0,0.0,0.0,0.0,0.0,0.0,0.0,0.0,0.0
2024-04-30T04:00,3600,0.0,0.0,0.0,0.0,0.0,0.0,0.0,0.0,0.0
2024-04-30T05:00,3600,0.0,0.0,0.0,0.0,0.0,0.0,0.0,0.0,0.0
2024-04-30T06:00,3600,0.0,0.0280731139,0.0,0.0,0.0,0.0280731139,49.4895312,28.0731139,16.60866441
2024-04-30T07:00,3600,0.0,0.21033533328999998,0.0,0.0,0.0,0.21033533328999998,267.91258123,210.33533329,90.57595209
2024-04-30T08:00,3600,1.0870588235294116,0.51157679544,0.51157679544,0.5754820280894116,0.0,0.0,630.22464275,511.57679544,216.05208507
2024-04-30T09:00,3600,0.7404309960470626,1.21385724426,0.7404309960470626,0.0,0.0,0.47342624821293733,1481.30282996,1213.85724426,524.94877282
2024-04-30T10:00,3600,0.740696699283261,1.13861759895,0.740696699283261,0.0,0.0,0.39792089966673905,1389.6853976,1138.61759895,491.74539395
2024-04-30T11:00,3600,0.7621544941176471,1.1776831459300001,0.7621544941176471,0.0,0.0,0.415528651812353,1437.2413382,1177.68314593,508.85961804
2024-04-30T12:00,3600,0.7778162529411764,1.2749560310299999,0.7778162529411764,0.0,0.0,0.4971397780888235,1555.77920637,1274.95603103,553.900636
2024-04-30T13:00,3600,0.7504853705882352,1.1430192182,0.7504853705882352,0.0,0.0,0.3925338476117649,1395.0422287,1143.0192182,494.31267268
2024-04-30T14:00,3600,0.5725257911764705,0.36916123044,0.36916123044,0.20336456073647052,0.0,0.0,458.73362461,369.16123044,156.86547189
2024-04-30T15:00,3600,0.488665517942004,0.19918573764999997,0.19918573764999997,0.28947978029200405,0.0,0.0,254.53390062,199.18573765,86.16997278
2024-04-30T16:00,3600,0.4582171400463095,0.21796298463,0.21796298463,0.24025415541630948,0.0,0.0,277.0664724,217.96298463,93.42854416
2024-04-30T17:00,3600,0.46141326012524175,0.13711277854,0.13711277854,0.3243004815852417,0.0,0.0,180.09157077,137.11277854,60.55336045
2024-04-30T18:00,3600,0.0,0.01829017482,0.0,0.0,0.0,0.01829017482,37.78235745,18.29017482,12.61047378
2024-04-30T19:00,3600,0.0,0.0,0.0,0.0,0.0,0.0,0.0,0.0,0.0
2024-04-30T20:00,3600,0.0,0.0,0.0,0.0,0.0,0.0,0.0,0.0,0.0
2024-04-30T21:00,3600,0.0,0.0,0.0,0.0,0.0,0.0,0.0,0.0,0.0
2024-04-30T22:00,3600,0.0,0.0,0.0,0.0,0.0,0.0,0.0,0.0,0.0
2024-04-30T23:00,3600,0.0,0.0,0.0,0.0,0.0,0.0,0.0,0.0,0.0
2024-05-01T00:00,3600,0.0,0.0,0.0,0.0,0.0,0.0,0.0,0.0,0.0
2024-05-01T01:00,3600,0.0,0.0,0.0,0.0,0.0,0.0,0.0,0.0,0.0
2024-05-01T02:00,3600,0.0,0.0,0.0,0.0,0.0,0.0,0.0,0.0,0.0
2024-05-01T03:00,3600,0.0,0.0,0.0,0.0,0.0,0.0,0.0,0.0,0.0
2024-05-01T04:00,3600,0.0,0.0,0.0,0.0,0.0,0.0,0.0,0.0,0.0
2024-05-01T05:00,3600,0.0,0.0,0.0,0.0,0.0,0.0,0.0,0.0,0.0
2024-05-01T06:00,3600,0.0,0.01124884905,0.0,0.0,0.0,0.01124884905,29.35710283,11.24884905,9.68201941
2024-05-01T07:00,3600,0.0,0.04549651383,0.0,0.0,0.0,0.04549651383,70.34419366,45.49651383,23.23684659
2024-05-01T08:00,3600,0.0,0.1210448854,0.0,0.0,0.0,0.1210448854,160.83299894,121.0448854,53.25110678
2024-05-01T09:00,3600,0.0,0.15732905697,0.0,0.0,0.0,0.15732905697,204.32882858,157.32905697,67.7741359
2024-05-01T10:00,3600,0.0,0.22740178983999998,0.0,0.0,0.0,0.22740178983999998,288.39535713,227.40178984,95.85811008
2024-05-01T11:00,3600,0.0,0.29011457096,0.0,0.0,0.0,0.29011457096,363.70660845,290.11457096,121.08797522
2024-05-01T12:00,3600,0.0,0.31625284943,0.0,0.0,0.0,0.31625284943,395.11666969,316.25284943,131.67546403
2024-05-01T13:00,3600,0.27932386597194203,0.15709758607,0.15709758607,0.12222627990194204,0.0,0.0,204.05127731,157.09758607,67.7741359
2024-05-01T14:00,3600,0.49797588360585826,1.37953341372,0.49797588360585826,0.0,0.0,0.8815575301141416,1683.41647987,1379.53341372,582.97906028
2024-05-01T15:00,3600,0.31123488570284,0.57611233681,0.31123488570284,0.0,0.0,0.26487745110715993,708.05657951,576.11233681,238.23542407
2024-05-01T16:00,3600,0.22025001882283182,0.3352392776,0.22025001882283182,0.0,0.0,0.11498925877716817,417.94013066,335.2392776,139.19375137
2024-05-01T17:00,3600,0.15807266351834864,0.10138947915,0.10138947915,0.05668318436834864,0.0,0.0,137.28077544,101.38947915,45.26992702
2024-05-01T18:00,3600,0.0,0.00875784852,0.0,0.0,0.0,0.00875784852,26.37672201,8.75784852,8.71381747
2024-05-01T19:00,3600,0.0,0.0,0.0,0.0,0.0,0.0,0.0,0.0,0.0
2024-05-01T20:00,3600,0.0,0.0,0.0,0.0,0.0,0.0,0.0,0.0,0.0
2024-05-01T21:00,3600,0.0,0.0,0.0,0.0,0.0,0.0,0.0,0.0,0.0
2024-05-01T22:00,3600,0.0,0.0,0.0,0.0,0.0,0.0,0.0,0.0,0.0
2024-05-01T23:00,3600,0.0,0.0,0.0,0.0,0.0,0.0,0.0,0.0,0.0
2024-05-02T00:00,3600,0.0,0.0,0.0,0.0,0.0,0.0,0.0,0.0,0.0
2024-05-02T01:00,3600,0.0,0.0,0.0,0.0,0.0,0.0,0.0,0.0,0.0
2024-05-02T02:00,3600,0.0,0.0,0.0,0.0,0.0,0.0,0.0,0.0,0.0
2024-05-02T03:00,3600,0.0,0.0,0.0,0.0,0.0,0.0,0.0,0.0,0.0
2024-05-02T04:00,3600,0.0,0.0,0.0,0.0,0.0,0.0,0.0,0.0,0.0
2024-05-02T05:00,3600,0.0,0.0,0.0,0.0,0.0,0.0,0.0,0.0,0.0
2024-05-02T06:00,3600,0.0,0.02615037243,0.0,0.0,0.0,0.02615037243,47.18846616,26.15037243,15.49123106
2024-05-02T07:00,3600,0.0,0.17487788478,0.0,0.0,0.0,0.17487788478,225.37399471,174.87788478,74.40530995
2024-05-02T08:00,3600,0.0,0.34086582103,0.0,0.0,0.0,0.34086582103,424.70500627,340.86582103,141.19106151
2024-05-02T09:00,3600,0.0,0.24453783569,0.0,0.0,0.0,0.24453783569,308.96689554,244.53783569,102.47031551
2024-05-02T10:00,3600,0.0,0.41179603100999995,0.0,0.0,0.0,0.41179603100999995,510.03430873,411.79603101,170.52807173
2024-05-02T11:00,3600,0.0,0.39555696554,0.0,0.0,0.0,0.39555696554,490.49065305,395.55696554,163.78072121
2024-05-02T12:00,3600,0.0,0.57129039454,0.0,0.0,0.0,0.57129039454,702.23854845,571.29039454,236.04547737
2024-05-02T13:00,3600,0.0,0.8753073782599999,0.0,0.0,0.0,0.8753073782599999,1069.88783116,875.30737826,366.09431513
2024-05-02T14:00,3600,0.0,0.41004644619999997,0.0,0.0,0.0,0.41004644619999997,507.92846123,410.0464462,171.34092754
2024-05-02T15:00,3600,0.5191070387534776,0.27937531616000005,0.27937531616000005,0.23973172259347758,0.0,0.0,350.80492608,279.37531616,117.84605758
2024-05-02T16:00,3600,0.3197009785325492,0.14085109191,0.14085109191,0.1788498866225492,0.0,0.0,184.57287854,140.85109191,61.7093053
2024-05-02T17:00,3600,0.3138990261172361,0.07109504647,0.07109504647,0.24280397964723607,0.0,0.0,100.99372506,71.09504647,33.64910322
2024-05-02T18:00,3600,0.0,0.00883281165,0.0,0.0,0.0,0.00883281165,26.46641074,8.83281165,8.73766602
2024-05-02T19:00,3600,0.0,0.0,0.0,0.0,0.0,0.0,0.0,0.0,0.0
2024-05-02T20:00,3600,0.0,0.0,0.0,0.0,0.0,0.0,0.0,0.0,0.0
2024-05-02T21:00,3600,0.0,0.0,0.0,0.0,0.0,0.0,0.0,0.0,0.0
2024-05-02T22:00,3600,0.0,0.0,0.0,0.0,0.0,0.0,0.0,0.0,0.0
2024-05-02T23:00,3600,0.0,0.0,0.0,0.0,0.0,0.0,0.0,0.0,0.0
2024-05-03T00:00,3600,0.0,0.0,0.0,0.0,0.0,0.0,0.0,0.0,0.0
2024-05-03T01:00,3600,0.0,0.0,0.0,0.0,0.0,0.0,0.0,0.0,0.0
2024-05-03T02:00,3600,0.0,0.0,0.0,0.0,0.0,0.0,0.0,0.0,0.0
2024-05-03T03:00,3600,0.0,0.0,0.0,0.0,0.0,0.0,0.0,0.0,0.0
2024-05-03T04:00,3600,0.0,0.0,0.0,0.0,0.0,0.0,0.0,0.0,0.0
2024-05-03T05:00,3600,0.0,0.0,0.0,0.0,0.0,0.0,0.0,0.0,0.0
2024-05-03T06:00,3600,0.0,0.02004029274,0.0,0.0,0.0,0.02004029274,39.87658652,20.04029274,13.161294
2024-05-03T07:00,3600,0.0,0.20328590295,0.0,0.0,0.0,0.20328590295,259.45353393,203.28590295,86.19425291
2024-05-03T08:00,3600,0.0,0.36611879732,0.0,0.0,0.0,0.36611879732,455.07404308,366.11879732,152.32758385
2024-05-03T09:00,3600,0.0,0.7527533168,0.0,0.0,0.0,0.7527533168,921.47905356,752.7533168,313.55355053
2024-05-03T10:00,3600,0.0,0.7392474560000001,0.0,0.0,0.0,0.7392474560000001,905.14077825,739.247456,309.80712642
2024-05-03T11:00,3600,0.0,0.9929348301500001,0.0,0.0,0.0,0.9929348301500001,1212.59086906,992.93483015,419.73341279
2024-05-03T12:00,3600,0.6219778194475135,0.80930776142,0.6219778194475135,0.0,0.0,0.18732994197248654,989.93026884,809.30776142,340.67778262
2024-05-03T13:00,3600,0.44976567464423206,0.47783077618,0.44976567464423206,0.0,0.0,0.028065101535767967,589.55592325,477.83077618,200.62466658
2024-05-03T14:00,3600,0.39948448707205503,0.3309269955,0.3309269955,0.06855749157205504,0.0,0.0,412.75579598,330.9269955,139.35027521
2024-05-03T15:00,3600,0.35894813177420737,0.059354751659999996,0.059354751659999996,0.2995933801142074,0.0,0.0,86.93543831,59.35475166,29.04605824
2024-05-03T16:00,3600,0.3572155132915933,0.06914019495,0.06914019495,0.2880753183415933,0.0,0.0,98.65273974,69.14019495,32.91886601
2024-05-03T17:00,3600,0.3460696431539815,0.037773124080000005,0.037773124080000005,0.3082965190739815,0.0,0.0,61.09914017,37.77312408,20.33224077
2024-05-03T18:00,3600,0.0,0.0,0.0,0.0,0.0,0.0,8.75990733,0.0,2.90460582
2024-05-03T19:00,3600,0.0,0.0,0.0,0.0,0.0,0.0,0.0,0.0,0.0
2024-05-03T20:00,3600,0.0,0.0,0.0,0.0,0.0,0.0,0.0,0.0,0.0
2024-05-03T21:00,3600,0.0,0.0,0.0,0.0,0.0,0.0,0.0,0.0,0.0
2024-05-03T22:00,3600,0.0,0.0,0.0,0.0,0.0,0.0,0.0,0.0,0.0
2024-05-03T23:00,3600,0.0,0.0,0.0,0.0,0.0,0.0,0.0,0.0,0.0
2024-05-04T00:00,3600,0.0,0.0,0.0,0.0,0.0,0.0,0.0,0.0,0.0
2024-05-04T01:00,3600,0.0,0.0,0.0,0.0,0.0,0.0,0.0,0.0,0.0
2024-05-04T02:00,3600,0.0,0.0,0.0,0.0,0.0,0.0,0.0,0.0,0.0
2024-05-04T03:00,3600,0.0,0.0,0.0,0.0,0.0,0.0,0.0,0.0,0.0
2024-05-04T04:00,3600,0.0,0.0,0.0,0.0,0.0,0.0,0.0,0.0,0.0
2024-05-04T05:00,3600,0.0,0.0,0.0,0.0,0.0,0.0,0.0,0.0,0.0
2024-05-04T06:00,3600,0.0,0.03404882401,0.0,0.0,0.0,0.03404882401,56.64145597,34.04882401,18.78237439
2024-05-04T07:00,3600,0.0,0.19060215463,0.0,0.0,0.0,0.19060215463,244.23575654,190.60215463,81.47855653
2024-05-04T08:00,3600,0.0,0.23060316941999998,0.0,0.0,0.0,0.23060316941999998,292.23816095,230.60316942,97.6323001
2024-05-04T09:00,3600,0.0,0.25975466648999995,0.0,0.0,0.0,0.25975466648999995,327.23885541,259.75466649,109.40681938
2024-05-04T10:00,3600,0.0,0.45174273521999997,0.0,0.0,0.0,0.45174273521999997,558.13027239,451.74273522,188.73801594
2024-05-04T11:00,3600,0.0,0.7247699895499999,0.0,0.0,0.0,0.7247699895499999,887.63084328,724.76998955,303.8179583
2024-05-04T12:00,3600,0.0,0.51320705941,0.0,0.0,0.0,0.51320705941,632.18986338,513.20705941,214.72912852
2024-05-04T13:00,3600,0.0,0.73531333518,0.0,0.0,0.0,0.73531333518,900.38223188,735.31333518,307.65031914
2024-05-04T14:00,3600,0.0,0.17688892352,0.0,0.0,0.0,0.17688892352,227.78605346,176.88892352,76.51138865
2024-05-04T15:00,3600,0.0,0.09324025617000001,0.0,0.0,0.0,0.09324025617000001,127.51792982,93.24025617,42.60088542
2024-05-04T16:00,3600,0.0,0.04265893073,0.0,0.0,0.0,0.04265893073,66.94742638,42.65893073,22.26864465
2024-05-04T17:00,3600,0.0,0.03290937677,0.0,0.0,0.0,0.03290937677,55.27767949,32.90937677,18.39583689
2024-05-04T18:00,3600,0.0,0.0013766947100000001,0.0,0.0,0.0,0.0013766947100000001,17.54611717,1.37669471,5.80921165
2024-05-04T19:00,3600,0.0,0.0,0.0,0.0,0.0,0.0,0.0,0.0,0.0
2024-05-04T20:00,3600,0.0,0.0,0.0,0.0,0.0,0.0,0.0,0.0,0.0
2024-05-04T21:00,3600,0.0,0.0,0.0,0.0,0.0,0.0,0.0,0.0,0.0
2024-05-04T22:00,3600,0.0,0.0,0.0,0.0,0.0,0.0,0.0,0.0,0.0
2024-05-04T23:00,3600,0.0,0.0,0.0,0.0,0.0,0.0,0.0,0.0,0.0
2024-05-05T00:00,3600,0.0,0.0,0.0,0.0,0.0,0.0,0.0,0.0,0.0
2024-05-05T01:00,3600,0.0,0.0,0.0,0.0,0.0,0.0,0.0,0.0,0.0
2024-05-05T02:00,3600,0.0,0.0,0.0,0.0,0.0,0.0,0.0,0.0,0.0
2024-05-05T03:00,3600,0.0,0.0,0.0,0.0,0.0,0.0,0.0,0.0,0.0
2024-05-05T04:00,3600,0.0,0.0,0.0,0.0,0.0,0.0,0.0,0.0,0.0
2024-05-05T05:00,3600,0.0,0.0,0.0,0.0,0.0,0.0,0.0,0.0,0.0
2024-05-05T06:00,3600,0.0,0.024887052759999997,0.0,0.0,0.0,0.024887052759999997,45.67660813,24.88705276,15.10705104
2024-05-05T07:00,3600,0.0,0.07946538291,0.0,0.0,0.0,0.07946538291,111.01818759,79.46538291,36.79167377
2024-05-05T08:00,3600,0.0,0.23281879413999998,0.0,0.0,0.0,0.23281879413999998,294.89781273,232.81879414,98.28405257
2024-05-05T09:00,3600,0.0,0.33805145139000004,0.0,0.0,0.0,0.33805145139000004,421.32117727,338.05145139,141.004914
2024-05-05T10:00,3600,0.0,0.51857048183,0.0,0.0,0.0,0.51857048183,638.65560312,518.57048183,217.7240558
2024-05-05T11:00,3600,0.0,0.76348037571,0.0,0.0,0.0,0.76348037571,934.45814478,763.48037571,322.90034926
2024-05-05T12:00,3600,0.0,1.11402989554,0.0,0.0,0.0,1.11402989554,1359.76846785,1114.02989554,477.88928698
2024-05-05T13:00,3600,0.0,1.16960059449,0.0,0.0,0.0,1.16960059449,1427.39981111,1169.60059449,508.14186932
2024-05-05T14:00,3600,0.0,0.8933998173600001,0.0,0.0,0.0,0.8933998173600001,1091.82055828,893.39981736,384.54726446
2024-05-05T15:00,3600,0.0,1.03586231792,0.0,0.0,0.0,1.03586231792,1264.73330836,1035.86231792,449.75275045
2024-05-05T16:00,3600,0.0,0.6113810271700001,0.0,0.0,0.0,0.6113810271700001,750.62372517,611.38102717,262.55480417
2024-05-05T17:00,3600,0.0,0.31297352085,0.0,0.0,0.0,0.31297352085,391.17526623,312.97352085,135.0528889
2024-05-05T18:00,3600,0.0,0.03260021982,0.0,0.0,0.0,0.03260021982,54.90766108,32.60021982,18.50713009
2024-05-05T19:00,3600,0.0,0.0,0.0,0.0,0.0,0.0,0.0,0.0,0.0
2024-05-05T20:00,3600,0.0,0.0,0.0,0.0,0.0,0.0,0.0,0.0,0.0
2024-05-05T21:00,3600,0.0,0.0,0.0,0.0,0.0,0.0,0.0,0.0,0.0
2024-05-05T22:00,3600,0.0,0.0,0.0,0.0,0.0,0.0,0.0,0.0,0.0
2024-05-05T23:00,3600,0.0,0.0,0.0,0.0,0.0,0.0,0.0,0.0,0.0
2024-05-06T00:00,3600,0.0,0.0,0.0,0.0,0.0,0.0,0.0,0.0,0.0
2024-05-06T01:00,3600,0.0,0.0,0.0,0.0,0.0,0.0,0.0,0.0,0.0
2024-05-06T02:00,3600,0.0,0.0,0.0,0.0,0.0,0.0,0.0,0.0,0.0
2024-05-06T03:00,3600,0.0,0.0,0.0,0.0,0.0,0.0,0.0,0.0,0.0
2024-05-06T04:00,3600,0.0,0.0,0.0,0.0,0.0,0.0,0.0,0.0,0.0
2024-05-06T05:00,3600,0.0,0.0,0.0,0.0,0.0,0.0,0.0,0.0,0.0
2024-05-06T06:00,3600,0.0,0.07677955189999999,0.0,0.0,0.0,0.07677955189999999,107.80145335,76.7795519,36.03920504
2024-05-06T07:00,3600,0.0,0.28031189851,0.0,0.0,0.0,0.28031189851,351.93001381,280.31189851,118.81713964
2024-05-06T08:00,3600,1.0780386634101153,0.5994161051,0.5994161051,0.47862255831011535,0.0,0.0,736.1802623,599.4161051,252.22375975
2024-05-06T09:00,3600,0.6305229561280293,0.89255305529,0.6305229561280293,0.0,0.0,0.2620300991619706,1090.79392853,892.55305529,379.0212697
2024-05-06T10:00,3600,0.7465919911764706,1.09770725115,0.7465919911764706,0.0,0.0,0.3511152599735293,1339.91421471,1097.70725115,475.63278864
2024-05-06T11:00,3600,0.8177427294117647,1.41406517803,0.8177427294117647,0.0,0.0,0.5963224486182352,1725.60792507,1414.06517803,622.19315855
2024-05-06T12:00,3600,0.879805244117647,1.6265911414399998,0.879805244117647,0.0,0.0,0.7467858973223528,1985.77258677,1626.59114144,726.66026986
2024-05-06T13:00,3600,0.8986592764705883,1.4612189741800001,0.8986592764705883,0.0,0.0,0.5625596977094118,1783.25754097,1461.21897418,653.76720287
2024-05-06T14:00,3600,0.8948488441176471,1.3992629309500002,0.8948488441176471,0.0,0.0,0.5044140868323531,1707.5195546,1399.26293095,625.61887172
2024-05-06T15:00,3600,0.8359831117647059,1.1149747721399998,0.8359831117647059,0.0,0.0,0.278991660375294,1360.91793226,1114.97477214,491.35505563
2024-05-06T16:00,3600,0.6755192647058824,0.47108085479,0.47108085479,0.2044384099158824,0.0,0.0,581.4237885,471.08085479,202.34772564
2024-05-06T17:00,3600,0.5711030411764706,0.16129258232,0.16129258232,0.4098104588564706,0.0,0.0,209.08154602,161.29258232,71.33887808
2024-05-06T18:00,3600,0.0,0.02283340369,0.0,0.0,0.0,0.02283340369,43.21899616,22.83340369,14.53097864
2024-05-06T19:00,3600,0.0,0.0,0.0,0.0,0.0,0.0,0.0,0.0,0.0
2024-05-06T20:00,3600,0.0,0.0,0.0,0.0,0.0,0.0,0.0,0.0,0.0
2024-05-06T21:00,3600,0.0,0.0,0.0,0.0,0.0,0.0,0.0,0.0,0.0
2024-05-06T22:00,3600,0.0,0.0,0.0,0.0,0.0,0.0,0.0,0.0,0.0
2024-05-06T23:00,3600,0.0,0.0,0.0,0.0,0.0,0.0,0.0,0.0,0.0
2024-05-07T00:00,3600,0.0,0.0,0.0,0.0,0.0,0.0,0.0,0.0,0.0
2024-05-07T01:00,3600,0.0,0.0,0.0,0.0,0.0,0.0,0.0,0.0,0.0
2024-05-07T02:00,3600,0.0,0.0,0.0,0.0,0.0,0.0,0.0,0.0,0.0
2024-05-07T03:00,3600,0.0,0.0,0.0,0.0,0.0,0.0,0.0,0.0,0.0
2024-05-07T04:00,3600,0.0,0.0,0.0,0.0,0.0,0.0,0.0,0.0,0.0
2024-05-07T05:00,3600,0.0,0.0,0.0,0.0,0.0,0.0,0.0,0.0,0.0
2024-05-07T06:00,3600,0.0,0.06048978839,0.0,0.0,0.0,0.06048978839,88.29446863,60.48978839,29.45738198
2024-05-07T07:00,3600,0.0,0.35986809198999997,0.0,0.0,0.0,0.35986809198999997,447.55592383,359.86809199,151.14828195
2024-05-07T08:00,3600,0.0,0.76587010867,0.0,0.0,0.0,0.76587010867,937.34986407,765.87010867,322.86466382
2024-05-07T09:00,3600,0.7605845816156065,1.0585733768,0.7605845816156065,0.0,0.0,0.2979887951843936,1292.33342384,1058.5733768,451.29331721
2024-05-07T10:00,3600,0.7601595389918961,1.3379164489000002,0.7601595389918961,0.0,0.0,0.577756909908104,1632.59809881,1337.9164489,584.64816335
2024-05-07T11:00,3600,0.7389863479591084,1.2368309243700002,0.7389863479591084,0.0,0.0,0.49784457641089175,1509.29839658,1236.83092437,539.96547763
2024-05-07T12:00,3600,0.8104764173555727,1.43629086663,0.8104764173555727,0.0,0.0,0.6258144492744273,1752.77552493,1436.29086663,634.2935796
2024-05-07T13:00,3600,0.8093604352941176,1.12976138558,0.8093604352941176,0.0,0.0,0.32040095028588234,1378.90835881,1129.76138558,495.02937748
2024-05-07T14:00,3600,0.8528698986505066,1.2673735244300002,0.8528698986505066,0.0,0.0,0.4145036257794936,1546.53270573,1267.37352443,561.28191776
2024-05-07T15:00,3600,0.8290345823529411,1.0759453957600003,0.8290345823529411,0.0,0.0,0.24691081340705912,1313.45162065,1075.94539576,473.11182042
2024-05-07T16:00,3600,0.7393411852941175,0.7002629128999999,0.7002629128999999,0.03907827239411765,0.0,0.0,857.99922217,700.2629129,302.23605663
2024-05-07T17:00,3600,0.6531097205882352,0.27136046222,0.27136046222,0.38174925836823526,0.0,0.0,341.17757045,271.36046222,117.85561563
2024-05-07T18:00,3600,0.0,0.03475733031,0.0,0.0,0.0,0.03475733031,57.48946143,34.75733031,19.41173592
2024-05-07T19:00,3600,0.0,0.0,0.0,0.0,0.0,0.0,0.0,0.0,0.0
2024-05-07T20:00,3600,0.0,0.0,0.0,0.0,0.0,0.0,0.0,0.0,0.0
2024-05-07T21:00,3600,0.0,0.0,0.0,0.0,0.0,0.0,0.0,0.0,0.0
2024-05-07T22:00,3600,0.0,0.0,0.0,0.0,0.0,0.0,0.0,0.0,0.0
2024-05-07T23:00,3600,0.0,0.0,0.0,0.0,0.0,0.0,0.0,0.0,0.0
2024-05-08T00:00,3600,0.0,0.0,0.0,0.0,0.0,0.0,0.0,0.0,0.0
2024-05-08T01:00,3600,0.0,0.0,0.0,0.0,0.0,0.0,0.0,0.0,0.0
2024-05-08T02:00,3600,0.0,0.0,0.0,0.0,0.0,0.0,0.0,0.0,0.0
2024-05-08T03:00,3600,0.0,0.0,0.0,0.0,0.0,0.0,0.0,0.0,0.0
2024-05-08T04:00,3600,0.0,0.0,0.0,0.0,0.0,0.0,0.0,0.0,0.0
2024-05-08T05:00,3600,0.0,0.0,0.0,0.0,0.0,0.0,0.0,0.0,0.0
2024-05-08T06:00,3600,0.0,0.01438234558,0.0,0.0,0.0,0.01438234558,33.10636013,14.38234558,11.04347054
2024-05-08T07:00,3600,0.0,0.06668566408,0.0,0.0,0.0,0.06668566408,95.71347158,66.68566408,31.95066407
2024-05-08T08:00,3600,0.0,0.19220032939999998,0.0,0.0,0.0,0.19220032939999998,246.1530652,192.2003294,82.45869112
2024-05-08T09:00,3600,0.4921665615876121,0.39802718571,0.39802718571,0.09413937587761206,0.0,0.0,493.46324732,398.02718571,166.54910333
2024-05-08T10:00,3600,0.5541513970425037,0.60357446622,0.5541513970425037,0.0,0.0,0.04942306917749628,741.19973505,603.57446622,254.66382536
2024-05-08T11:00,3600,0.6414286402251063,0.9774783479200001,0.6414286402251063,0.0,0.0,0.33604970769489384,1193.8248096,977.47834792,417.45626586
2024-05-08T12:00,3600,0.6969918013622638,1.20506619969,0.6969918013622638,0.0,0.0,0.5080743983277363,1470.59273723,1205.06619969,521.13371078
2024-05-08T13:00,3600,0.741681694751195,1.09979109528,0.741681694751195,0.0,0.0,0.358109400528805,1342.44864846,1099.79109528,477.08906798
2024-05-08T14:00,3600,0.7711909821966015,1.18105566274,0.7711909821966015,0.0,0.0,0.4098646805433984,1441.34816412,1181.05566274,513.87356617
2024-05-08T15:00,3600,0.670436962171447,0.7400642184399999,0.670436962171447,0.0,0.0,0.06962725626855293,906.12873511,740.06421844,316.02023663
2024-05-08T16:00,3600,0.5247337003217297,0.28101278219,0.28101278219,0.24372091813172975,0.0,0.0,352.77197422,281.01278219,120.18361654
2024-05-08T17:00,3600,0.4804825370422657,0.11219949026,0.11219949026,0.36828304678226564,0.0,0.0,150.23309343,112.19949026,50.79298866
2024-05-08T18:00,3600,0.0,0.02774908385,0.0,0.0,0.0,0.02774908385,49.10173957,27.74908385,16.459433
2024-05-08T19:00,3600,0.0,0.0,0.0,0.0,0.0,0.0,0.0,0.0,0.0
2024-05-08T20:00,3600,0.0,0.0,0.0,0.0,0.0,0.0,0.0,0.0,0.0
2024-05-08T21:00,3600,0.0,0.0,0.0,0.0,0.0,0.0,0.0,0.0,0.0
2024-05-08T22:00,3600,0.0,0.0,0.0,0.0,0.0,0.0,0.0,0.0,0.0
2024-05-08T23:00,3600,0.0,0.0,0.0,0.0,0.0,0.0,0.0,0.0,0.0
2024-05-09T00:00,3600,0.0,0.0,0.0,0.0,0.0,0.0,0.0,0.0,0.0
2024-05-09T01:00,3600,0.0,0.0,0.0,0.0,0.0,0.0,0.0,0.0,0.0
2024-05-09T02:00,3600,0.0,0.0,0.0,0.0,0.0,0.0,0.0,0.0,0.0
2024-05-09T03:00,3600,0.0,0.0,0.0,0.0,0.0,0.0,0.0,0.0,0.0
2024-05-09T04:00,3600,0.0,0.0,0.0,0.0,0.0,0.0,0.0,0.0,0.0
2024-05-09T05:00,3600,0.0,0.0,0.0,0.0,0.0,0.0,0.0,0.0,0.0
2024-05-09T06:00,3600,0.0,0.02602239348,0.0,0.0,0.0,0.02602239348,47.03530806,26.02239348,15.68760784
2024-05-09T07:00,3600,0.0,0.08233433361,0.0,0.0,0.0,0.08233433361,114.45438006,82.33433361,38.2896867
2024-05-09T08:00,3600,0.0,0.17639753847,0.0,0.0,0.0,0.17639753847,227.19667495,176.39753847,76.32353102
2024-05-09T09:00,3600,0.0,0.24772448211,0.0,0.0,0.0,0.24772448211,312.79299129,247.72448211,105.37586231
2024-05-09T10:00,3600,0.6743195150415634,0.50889971275,0.50889971275,0.1654198022915634,0.0,0.0,626.9976268,508.89971275,214.83855726
2024-05-09T11:00,3600,0.4731621337336377,0.35165619814000004,0.35165619814000004,0.12150593559363765,0.0,0.0,437.68002764,351.65619814,149.10309897
2024-05-09T12:00,3600,0.48870459135912764,0.39848442781,0.39848442781,0.09022016354912765,0.0,0.0,494.01349181,398.48442781,168.45607282
2024-05-09T13:00,3600,0.4746279746398938,0.33256008881999993,0.33256008881999993,0.14206788581989388,0.0,0.0,414.71910278,332.56008882,141.35748344
2024-05-09T14:00,3600,0.5199271771736335,0.6211223767999999,0.5199271771736335,0.0,0.0,0.10119519962636647,762.38492564,621.1223768,262.9497106
2024-05-09T15:00,3600,0.442048342319707,0.32439524636,0.32439524636,0.11765309595970702,0.0,0.0,404.90379838,324.39524636,138.24366091
2024-05-09T16:00,3600,0.41737032451505623,0.29222233151,0.29222233151,0.12514799300505625,0.0,0.0,366.2390249,292.22233151,124.42001955
2024-05-09T17:00,3600,0.3499789525759376,0.06371661377,0.06371661377,0.2862623388059376,0.0,0.0,92.15821624,63.71661377,30.98246212
2024-05-09T18:00,3600,0.0,0.00611064269,0.0,0.0,0.0,0.00611064269,23.2095684,6.11064269,7.74561553
2024-05-09T19:00,3600,0.0,0.0,0.0,0.0,0.0,0.0,0.0,0.0,0.0
2024-05-09T20:00,3600,0.0,0.0,0.0,0.0,0.0,0.0,0.0,0.0,0.0
2024-05-09T21:00,3600,0.0,0.0,0.0,0.0,0.0,0.0,0.0,0.0,0.0
2024-05-09T22:00,3600,0.0,0.0,0.0,0.0,0.0,0.0,0.0,0.0,0.0
2024-05-09T23:00,3600,0.0,0.0,0.0,0.0,0.0,0.0,0.0,0.0,0.0
2024-05-10T00:00,3600,0.0,0.0,0.0,0.0,0.0,0.0,0.0,0.0,0.0
2024-05-10T01:00,3600,0.0,0.0,0.0,0.0,0.0,0.0,0.0,0.0,0.0
2024-05-10T02:00,3600,0.0,0.0,0.0,0.0,0.0,0.0,0.0,0.0,0.0
2024-05-10T03:00,3600,0.0,0.0,0.0,0.0,0.0,0.0,0.0,0.0,0.0
2024-05-10T04:00,3600,0.0,0.0,0.0,0.0,0.0,0.0,0.0,0.0,0.0
2024-05-10T05:00,3600,0.0,0.0,0.0,0.0,0.0,0.0,2.92261884,0.0,0.96820194
2024-05-10T06:00,3600,0.0,0.08610107084999999,0.0,0.0,0.0,0.08610107084999999,118.96608936,86.10107085,39.72122398
2024-05-10T07:00,3600,0.0,0.32835148176,0.0,0.0,0.0,0.32835148176,409.6596076,328.35148176,138.13999098
2024-05-10T08:00,3600,0.0,0.61647854649,0.0,0.0,0.0,0.61647854649,756.7779902,616.47854649,258.39081534
2024-05-10T09:00,3600,0.0,0.8412599651499999,0.0,0.0,0.0,0.8412599651499999,1028.62988681,841.25996515,354.22211557
2024-05-10T10:00,3600,0.8245320444397739,1.11754210621,0.8245320444397739,0.0,0.0,0.29301006177022604,1364.04123795,1117.54210621,478.81575575
2024-05-10T11:00,3600,0.5747583665084197,1.03979918076,0.5747583665084197,0.0,0.0,0.4650408142515803,1269.51698169,1039.79918076,444.91960966
2024-05-10T12:00,3600,0.6132881681696463,1.15689303273,0.6132881681696463,0.0,0.0,0.5436048645603537,1411.92921626,1156.89303273,497.70950708
2024-05-10T13:00,3600,0.6049119179578022,0.9348188886700001,0.6049119179578022,0.0,0.0,0.3299069707121979,1142.05394331,934.81888867,400.11951332
2024-05-10T14:00,3600,0.46973864753261735,0.20290114408,0.20290114408,0.26683750345261736,0.0,0.0,258.99186353,202.90114408,88.12050142
2024-05-10T15:00,3600,0.5663244146166622,0.69063352273,0.5663244146166622,0.0,0.0,0.12430910811333784,846.35928596,690.63352273,294.03179548
2024-05-10T16:00,3600,0.5447826555164746,0.57197887126,0.5447826555164746,0.0,0.0,0.027196215743525376,703.06922084,571.97887126,242.566624
2024-05-10T17:00,3600,0.4976534793699529,0.29983959987,0.29983959987,0.19781387949995294,0.0,0.0,375.39162842,299.83959987,128.19906577
2024-05-10T18:00,3600,0.0,0.04456871019999999,0.0,0.0,0.0,0.04456871019999999,69.23353803,44.5687102,23.27659417
2024-05-10T19:00,3600,0.0,0.0,0.0,0.0,0.0,0.0,0.0,0.0,0.0
2024-05-10T20:00,3600,0.0,0.0,0.0,0.0,0.0,0.0,0.0,0.0,0.0
2024-05-10T21:00,3600,0.0,0.0,0.0,0.0,0.0,0.0,0.0,0.0,0.0
2024-05-10T22:00,3600,0.0,0.0,0.0,0.0,0.0,0.0,0.0,0.0,0.0
2024-05-10T23:00,3600,0.0,0.0,0.0,0.0,0.0,0.0,0.0,0.0,0.0
2024-05-11T00:00,3600,0.0,0.0,0.0,0.0,0.0,0.0,0.0,0.0,0.0
2024-05-11T01:00,3600,0.0,0.0,0.0,0.0,0.0,0.0,0.0,0.0,0.0
2024-05-11T02:00,3600,0.0,0.0,0.0,0.0,0.0,0.0,0.0,0.0,0.0
2024-05-11T03:00,3600,0.0,0.0,0.0,0.0,0.0,0.0,0.0,0.0,0.0
2024-05-11T04:00,3600,0.0,0.0,0.0,0.0,0.0,0.0,0.0,0.0,0.0
2024-05-11T05:00,3600,0.0,0.0,0.0,0.0,0.0,0.0,2.91652603,0.0,0.96820194
2024-05-11T06:00,3600,0.0,0.10337993928999999,0.0,0.0,0.0,0.10337993928999999,139.6655449,103.37993929,46.711268
2024-05-11T07:00,3600,0.0,0.45494033345,0.0,0.0,0.0,0.45494033345,561.98143714,454.94033345,191.17389431
2024-05-11T08:00,3600,0.0,0.8187227351199999,0.0,0.0,0.0,0.8187227351199999,1001.33147253,818.72273512,347.31941724
2024-05-11T09:00,3600,0.0,1.06574590991,0.0,0.0,0.0,1.06574590991,1301.05199345,1065.74590991,457.00496559
2024-05-11T10:00,3600,0.0,1.2648170907199998,0.0,0.0,0.0,1.2648170907199998,1543.41550138,1264.81709072,551.00542427
2024-05-11T11:00,3600,0.0,1.5768063291799999,0.0,0.0,0.0,1.5768063291799999,1924.75132661,1576.80632918,696.6349562
2024-05-11T12:00,3600,0.0,1.51140551926,0.0,0.0,0.0,1.51140551926,1844.66118619,1511.40551926,666.44077631
2024-05-11T13:00,3600,0.0,1.5984984247699998,0.0,0.0,0.0,1.5984984247699998,1951.33353093,1598.49842477,711.13125347
2024-05-11T14:00,3600,0.0,1.0823949773400001,0.0,0.0,0.0,1.0823949773400001,1321.29344612,1082.39497734,470.54750003
2024-05-11T15:00,3600,0.0,0.86803952681,0.0,0.0,0.0,0.86803952681,1061.07900886,868.03952681,371.87470878
2024-05-11T16:00,3600,0.0,0.73961136662,0.0,0.0,0.0,0.73961136662,905.58096348,739.61136662,315.02150651
2024-05-11T17:00,3600,0.0,0.27727452426000004,0.0,0.0,0.0,0.27727452426000004,348.28136625,277.27452426,119.41549342
2024-05-11T18:00,3600,0.0,0.029917568,0.0,0.0,0.0,0.029917568,51.69696646,29.917568,17.47533203
2024-05-11T19:00,3600,0.0,0.0,0.0,0.0,0.0,0.0,0.0,0.0,0.0
2024-05-11T20:00,3600,0.0,0.0,0.0,0.0,0.0,0.0,0.0,0.0,0.0
2024-05-11T21:00,3600,0.0,0.0,0.0,0.0,0.0,0.0,0.0,0.0,0.0
2024-05-11T22:00,3600,0.0,0.0,0.0,0.0,0.0,0.0,0.0,0.0,0.0
2024-05-11T23:00,3600,0.0,0.0,0.0,0.0,0.0,0.0,0.0,0.0,0.0
2024-05-12T00:00,3600,0.0,0.0,0.0,0.0,0.0,0.0,0.0,0.0,0.0
2024-05-12T01:00,3600,0.0,0.0,0.0,0.0,0.0,0.0,0.0,0.0,0.0
2024-05-12T02:00,3600,0.0,0.0,0.0,0.0,0.0,0.0,0.0,0.0,0.0
2024-05-12T03:00,3600,0.0,0.0,0.0,0.0,0.0,0.0,0.0,0.0,0.0
2024-05-12T04:00,3600,0.0,0.0,0.0,0.0,0.0,0.0,0.0,0.0,0.0
2024-05-12T05:00,3600,0.0,0.0,0.0,0.0,0.0,0.0,0.0,0.0,0.0
2024-05-12T06:00,3600,0.0,0.049645924790000004,0.0,0.0,0.0,0.049645924790000004,75.3115595,49.64592479,25.1882169
2024-05-12T07:00,3600,0.0,0.24187173448,0.0,0.0,0.0,0.24187173448,305.76594005,241.87173448,103.1281515
2024-05-12T08:00,3600,0.0,0.5230289834899999,0.0,0.0,0.0,0.5230289834899999,644.03083517,523.02898349,220.22292165
2024-05-12T09:00,3600,0.0,1.03481588758,0.0,0.0,0.0,1.03481588758,1263.46184155,1034.81588758,442.03373618
2024-05-12T10:00,3600,0.0,1.2870504205200002,0.0,0.0,0.0,1.2870504205200002,1570.5299631,1287.05042052,560.10185187
2024-05-12T11:00,3600,0.0,1.47980492629,0.0,0.0,0.0,1.47980492629,1805.9920405,1479.80492629,651.97469312
2024-05-12T12:00,3600,0.0,1.36982903934,0.0,0.0,0.0,1.36982903934,1671.56357321,1369.82903934,599.94625285
2024-05-12T13:00,3600,0.0,1.2088730518,0.0,0.0,0.0,1.2088730518,1475.23043172,1208.8730518,525.94985841
2024-05-12T14:00,3600,0.0,0.89022525221,0.0,0.0,0.0,0.89022525221,1087.97172579,890.22525221,382.0777571
2024-05-12T15:00,3600,0.0,1.0585625346899998,0.0,0.0,0.0,1.0585625346899998,1292.32024544,1058.56253469,457.77305493
2024-05-12T16:00,3600,0.0,0.52298139954,0.0,0.0,0.0,0.52298139954,643.9734654,522.98139954,220.96937519
2024-05-12T17:00,3600,0.0,0.27432164936,0.0,0.0,0.0,0.27432164936,344.73438217,274.32164936,116.99716293
2024-05-12T18:00,3600,0.0,0.03510497906,0.0,0.0,0.0,0.03510497906,57.90556265,35.10497906,19.41968543
2024-05-12T19:00,3600,0.0,0.0,0.0,0.0,0.0,0.0,0.0,0.0,0.0
2024-05-12T20:00,3600,0.0,0.0,0.0,0.0,0.0,0.0,0.0,0.0,0.0
2024-05-12T21:00,3600,0.0,0.0,0.0,0.0,0.0,0.0,0.0,0.0,0.0
2024-05-12T22:00,3600,0.0,0.0,0.0,0.0,0.0,0.0,0.0,0.0,0.0
2024-05-12T23:00,3600,0.0,0.0,0.0,0.0,0.0,0.0,0.0,0.0,0.0
2024-05-13T00:00,3600,0.0,0.0,0.0,0.0,0.0,0.0,0.0,0.0,0.0
2024-05-13T01:00,3600,0.0,0.0,0.0,0.0,0.0,0.0,0.0,0.0,0.0
2024-05-13T02:00,3600,0.0,0.0,0.0,0.0,0.0,0.0,0.0,0.0,0.0
2024-05-13T03:00,3600,0.0,0.0,0.0,0.0,0.0,0.0,0.0,0.0,0.0
2024-05-13T04:00,3600,0.0,0.0,0.0,0.0,0.0,0.0,0.0,0.0,0.0
2024-05-13T05:00,3600,0.0,0.0,0.0,0.0,0.0,0.0,2.9084053,0.0,0.96820194
2024-05-13T06:00,3600,0.0,0.05103155444,0.0,0.0,0.0,0.05103155444,76.9704002,51.03155444,25.7570186
2024-05-13T07:00,3600,0.0,0.13851936807999998,0.0,0.0,0.0,0.13851936807999998,181.77769249,138.51936808,61.04864563
2024-05-13T08:00,3600,0.981775947418957,0.28552832787,0.28552832787,0.6962476195489571,0.0,0.0,358.19663865,285.52832787,120.93102624
2024-05-13T09:00,3600,0.9511655114506918,0.54253011761,0.54253011761,0.4086353938406918,0.0,0.0,667.5459122,542.53011761,227.43427561
2024-05-13T10:00,3600,0.8883298729029007,0.8248809652,0.8248809652,0.06344890770290068,0.0,0.0,1008.78975473,824.8809652,349.59477153
2024-05-13T11:00,3600,0.8782756600545756,1.3162674246500001,0.8782756600545756,0.0,0.0,0.43799176459542455,1606.1754155,1316.26742465,566.55302667
2024-05-13T12:00,3600,0.880904163515578,1.36012514361,0.880904163515578,0.0,0.0,0.47922098009442193,1659.71302584,1360.12514361,588.11622349
2024-05-13T13:00,3600,0.886815301881028,1.53005479973,0.886815301881028,0.0,0.0,0.643239497848972,1867.49090248,1530.05479973,670.93852207
2024-05-13T14:00,3600,0.902294298612324,1.28575262324,0.902294298612324,0.0,0.0,0.38345832462767604,1568.94699089,1285.75262324,559.29982269
2024-05-13T15:00,3600,0.9146143845601151,1.26209566945,0.9146143845601151,0.0,0.0,0.34748128488988494,1540.09725305,1262.09566945,550.45577609
2024-05-13T16:00,3600,0.9266783259928493,0.8491830374,0.8491830374,0.07749528859284927,0.0,0.0,1038.2289955,849.1830374,364.56076023
2024-05-13T17:00,3600,0.9202978511222177,0.43189034599,0.43189034599,0.48840750513221776,0.0,0.0,534.2243288,431.89034599,184.53130517
2024-05-13T18:00,3600,0.0,0.0543524002,0.0,0.0,0.0,0.0543524002,80.94617132,54.3524002,27.27659417
2024-05-13T19:00,3600,0.0,0.0,0.0,0.0,0.0,0.0,0.0,0.0,0.0
2024-05-13T20:00,3600,0.0,0.0,0.0,0.0,0.0,0.0,0.0,0.0,0.0
2024-05-13T21:00,3600,0.0,0.0,0.0,0.0,0.0,0.0,0.0,0.0,0.0
2024-05-13T22:00,3600,0.0,0.0,0.0,0.0,0.0,0.0,0.0,0.0,0.0
2024-05-13T23:00,3600,0.0,0.0,0.0,0.0,0.0,0.0,0.0,0.0,0.0
2024-05-14T00:00,3600,0.0,0.0,0.0,0.0,0.0,0.0,0.0,0.0,0.0
2024-05-14T01:00,3600,0.0,0.0,0.0,0.0,0.0,0.0,0.0,0.0,0.0
2024-05-14T02:00,3600,0.0,0.0,0.0,0.0,0.0,0.0,0.0,0.0,0.0
2024-05-14T03:00,3600,0.0,0.0,0.0,0.0,0.0,0.0,0.0,0.0,0.0
2024-05-14T04:00,3600,0.0,0.0,0.0,0.0,0.0,0.0,0.0,0.0,0.0
2024-05-14T05:00,3600,0.0,0.0,0.0,0.0,0.0,0.0,2.92668476,0.0,0.96820194
2024-05-14T06:00,3600,0.0,0.07005671939,0.0,0.0,0.0,0.07005671939,99.75029304,70.05671939,33.30740782
2024-05-14T07:00,3600,0.0,0.33650701817,0.0,0.0,0.0,0.33650701817,419.46430406,336.50701817,141.37102282
2024-05-14T08:00,3600,0.4993391475998616,0.74494936952,0.4993391475998616,0.0,0.0,0.24561022192013843,912.03807499,744.94936952,312.7742867
2024-05-14T09:00,3600,0.5445955702049288,1.15995586489,0.5445955702049288,0.0,0.0,0.6153602946850711,1415.65773105,1159.95586489,496.021441
2024-05-14T10:00,3600,0.7090788627105971,1.5256582080799999,0.7090788627105971,0.0,0.0,0.8165793453694028,1862.1081731,1525.65820808,675.42041057
2024-05-14T11:00,3600,0.7184776618868125,1.59062767565,0.7184776618868125,0.0,0.0,0.8721500137631875,1941.68742167,1590.62767565,706.92150835
2024-05-14T12:00,3600,0.7623578522275429,1.8109075912300001,0.7623578522275429,0.0,0.0,1.0485497390024572,2212.10164814,1810.90759123,817.74583189
2024-05-14T13:00,3600,0.7951969359066652,1.75686785343,0.7951969359066652,0.0,0.0,0.9616709175233348,2145.67676864,1756.86785343,800.38069776
2024-05-14T14:00,3600,0.7827126713049505,1.6333860310400001,0.7827126713049505,0.0,0.0,0.8506733597350497,1994.1047488,1633.38603104,741.31638582
2024-05-14T15:00,3600,0.6767231379709611,1.2236053534499998,0.6767231379709611,0.0,0.0,0.5468822154790387,1493.18060122,1223.60535345,542.60446829
2024-05-14T16:00,3600,0.6017081085687334,0.8718437937700001,0.6017081085687334,0.0,0.0,0.27013568520126674,1065.68975661,871.84379377,380.78005959
2024-05-14T17:00,3600,0.49982788052633703,0.41182827252000004,0.41182827252000004,0.087999608006337,0.0,0.0,510.073116,411.82827252,178.00697008
2024-05-14T18:00,3600,0.0,0.0493682119,0.0,0.0,0.0,0.0493682119,74.97909275,49.3682119,25.37993786
2024-05-14T19:00,3600,0.0,0.0,0.0,0.0,0.0,0.0,0.0,0.0,0.0
2024-05-14T20:00,3600,0.0,0.0,0.0,0.0,0.0,0.0,0.0,0.0,0.0
2024-05-14T21:00,3600,0.0,0.0,0.0,0.0,0.0,0.0,0.0,0.0,0.0
2024-05-14T22:00,3600,0.0,0.0,0.0,0.0,0.0,0.0,0.0,0.0,0.0
2024-05-14T23:00,3600,0.0,0.0,0.0,0.0,0.0,0.0,0.0,0.0,0.0
2024-05-15T00:00,3600,0.0,0.0,0.0,0.0,0.0,0.0,0.0,0.0,0.0
2024-05-15T01:00,3600,0.0,0.0,0.0,0.0,0.0,0.0,0.0,0.0,0.0
2024-05-15T02:00,3600,0.0,0.0,0.0,0.0,0.0,0.0,0.0,0.0,0.0
2024-05-15T03:00,3600,0.0,0.0,0.0,0.0,0.0,0.0,0.0,0.0,0.0
2024-05-15T04:00,3600,0.0,0.0,0.0,0.0,0.0,0.0,0.0,0.0,0.0
2024-05-15T05:00,3600,0.0,0.0,0.0,0.0,0.0,0.0,2.94803891,0.0,0.96820194
2024-05-15T06:00,3600,0.0,0.1067141694,0.0,0.0,0.0,0.1067141694,143.66044252,106.7141694,47.78065474
2024-05-15T07:00,3600,0.0,0.54665426647,0.0,0.0,0.0,0.54665426647,672.51982363,546.65426647,228.35889201
2024-05-15T08:00,3600,0.0,1.0242505670400002,0.0,0.0,0.0,1.0242505670400002,1250.62557064,1024.25056704,435.2958037
2024-05-15T09:00,3600,0.6538779704368557,1.43858861936,0.6538779704368557,0.0,0.0,0.7847106489231442,1755.58471846,1438.58861936,625.80794356
2024-05-15T10:00,3600,0.7570781818143136,1.73959073577,0.7570781818143136,0.0,0.0,0.9825125539556864,2124.45180894,1739.59073577,785.01018101
2024-05-15T11:00,3600,0.8168247834203408,1.84884897613,0.8168247834203408,0.0,0.0,1.0320241927096592,2258.77221996,1848.84897613,842.73069581
2024-05-15T12:00,3600,0.8545835063690196,1.9221223155299998,0.8545835063690196,0.0,0.0,1.0675388091609803,2348.98214674,1922.12231553,881.19787225
2024-05-15T13:00,3600,0.8343128773748784,1.59495856277,0.8343128773748784,0.0,0.0,0.7606456853951217,1946.99505641,1594.95856277,719.26964892
2024-05-15T14:00,3600,0.7646021969555633,1.36289274561,0.7646021969555633,0.0,0.0,0.5982905486544366,1663.09268331,1362.89274561,605.83109067
2024-05-15T15:00,3600,0.6814431237016149,0.95993804835,0.6814431237016149,0.0,0.0,0.2784949246483851,1172.53409705,959.93804835,418.18871152
2024-05-15T16:00,3600,0.5701475257555608,0.6385521841299999,0.5701475257555608,0.0,0.0,0.0684046583744391,783.43308406,638.55218413,275.71765009
2024-05-15T17:00,3600,0.5168448679088369,0.3581003149,0.3581003149,0.1587445530088369,0.0,0.0,445.42983391,358.1003149,154.97675123
2024-05-15T18:00,3600,0.0,0.06318904394,0.0,0.0,0.0,0.06318904394,91.52650016,63.18904394,31.05400776
2024-05-15T19:00,3600,0.0,0.0,0.0,0.0,0.0,0.0,0.0,0.0,0.0
2024-05-15T20:00,3600,0.0,0.0,0.0,0.0,0.0,0.0,0.0,0.0,0.0
2024-05-15T21:00,3600,0.0,0.0,0.0,0.0,0.0,0.0,0.0,0.0,0.0
2024-05-15T22:00,3600,0.0,0.0,0.0,0.0,0.0,0.0,0.0,0.0,0.0
2024-05-15T23:00,3600,0.0,0.0,0.0,0.0,0.0,0.0,0.0,0.0,0.0
2024-05-16T00:00,3600,0.0,0.0,0.0,0.0,0.0,0.0,0.0,0.0,0.0
2024-05-16T01:00,3600,0.0,0.0,0.0,0.0,0.0,0.0,0.0,0.0,0.0
2024-05-16T02:00,3600,0.0,0.0,0.0,0.0,0.0,0.0,0.0,0.0,0.0
2024-05-16T03:00,3600,0.0,0.0,0.0,0.0,0.0,0.0,0.0,0.0,0.0
2024-05-16T04:00,3600,0.0,0.0,0.0,0.0,0.0,0.0,0.0,0.0,0.0
2024-05-16T05:00,3600,0.0,0.0,0.0,0.0,0.0,0.0,2.93482085,0.0,0.96820194
2024-05-16T06:00,3600,0.0,0.08161092077,0.0,0.0,0.0,0.08161092077,113.58792205,81.61092077,37.92792603
2024-05-16T07:00,3600,0.0,0.41698308215999996,0.0,0.0,0.0,0.41698308215999996,516.27790803,416.98308216,174.71139548
2024-05-16T08:00,3600,0.0,0.97397062792,0.0,0.0,0.0,0.97397062792,1189.56662431,973.97062792,413.2811167
2024-05-16T09:00,3600,0.7471546046111102,1.24013250286,0.7471546046111102,0.0,0.0,0.49297789824888993,1513.32248932,1240.13250286,534.12307105
2024-05-16T10:00,3600,0.6310063313094635,1.3811094751300002,0.6310063313094635,0.0,0.0,0.7501031438205367,1685.34164622,1381.10947513,609.51818238
2024-05-16T11:00,3600,0.6055884581675928,1.37231710394,0.6055884581675928,0.0,0.0,0.7667286457724072,1674.60232194,1372.31710394,605.20885238
2024-05-16T12:00,3600,0.5843301668700968,1.31979469494,0.5843301668700968,0.0,0.0,0.7354645280699031,1610.47985586,1319.79469494,580.38907998
2024-05-16T13:00,3600,0.6399791298498368,1.49709333432,0.6399791298498368,0.0,0.0,0.8571142044701631,1827.14524665,1497.09333432,669.09638019
2024-05-16T14:00,3600,0.6022501588235294,1.31599682645,0.6022501588235294,0.0,0.0,0.7137466676264705,1605.84520555,1315.99682645,583.8139769
2024-05-16T15:00,3600,0.5875148705882354,1.2032687990000002,0.5875148705882354,0.0,0.0,0.6157539284117648,1468.40314951,1203.268799,530.5042538
2024-05-16T16:00,3600,0.513003860095663,0.85584583984,0.513003860095663,0.0,0.0,0.34284197974433694,1046.30213263,855.84583984,370.45104801
2024-05-16T17:00,3600,0.42145709341928245,0.41038866158,0.41038866158,0.011068431839282467,0.0,0.0,508.34035656,410.38866158,176.13029111
2024-05-16T18:00,3600,0.0,0.049719992,0.0,0.0,0.0,0.049719992,75.40023002,49.719992,25.4037864
2024-05-16T19:00,3600,0.0,0.0,0.0,0.0,0.0,0.0,0.0,0.0,0.0
2024-05-16T20:00,3600,0.0,0.0,0.0,0.0,0.0,0.0,0.0,0.0,0.0
2024-05-16T21:00,3600,0.0,0.0,0.0,0.0,0.0,0.0,0.0,0.0,0.0
2024-05-16T22:00,3600,0.0,0.0,0.0,0.0,0.0,0.0,0.0,0.0,0.0
2024-05-16T23:00,3600,0.0,0.0,0.0,0.0,0.0,0.0,0.0,0.0,0.0
2024-05-17T00:00,3600,0.0,0.0,0.0,0.0,0.0,0.0,0.0,0.0,0.0
2024-05-17T01:00,3600,0.0,0.0,0.0,0.0,0.0,0.0,0.0,0.0,0.0
2024-05-17T02:00,3600,0.0,0.0,0.0,0.0,0.0,0.0,0.0,0.0,0.0
2024-05-17T03:00,3600,0.0,0.0,0.0,0.0,0.0,0.0,0.0,0.0,0.0
2024-05-17T04:00,3600,0.0,0.0,0.0,0.0,0.0,0.0,0.0,0.0,0.0
2024-05-17T05:00,3600,0.0,0.0,0.0,0.0,0.0,0.0,2.94397088,0.0,0.96820194
2024-05-17T06:00,3600,0.0,0.09081928840000002,0.0,0.0,0.0,0.09081928840000002,124.61781527,90.8192884,41.49951493
2024-05-17T07:00,3600,0.0,0.45012504243,0.0,0.0,0.0,0.45012504243,556.182005,450.12504243,187.98716901
2024-05-17T08:00,3600,0.0,0.8898190003399999,0.0,0.0,0.0,0.8898190003399999,1087.47920075,889.81900034,374.40154253
2024-05-17T09:00,3600,0.0,1.03638124169,0.0,0.0,0.0,1.03638124169,1265.36383502,1036.38124169,439.77800189
2024-05-17T10:00,3600,0.934053053273871,1.19260227359,0.934053053273871,0.0,0.0,0.2585492203161289,1455.41046559,1192.60227359,517.788038
2024-05-17T11:00,3600,0.6297437738586625,1.2227467036800002,0.6297437738586625,0.0,0.0,0.5930029298213376,1492.13429145,1222.74670368,534.04962274
2024-05-17T12:00,3600,0.6052220048934097,1.1493915209399999,0.6052220048934097,0.0,0.0,0.5441695160465901,1402.79804891,1149.39152094,499.45118526
2024-05-17T13:00,3600,0.6547131531595437,1.24702106723,0.6547131531595437,0.0,0.0,0.5923079140704562,1521.719198,1247.02106723,543.98470236
2024-05-17T14:00,3600,0.5043006755832796,0.5053892343399999,0.5043006755832796,0.0,0.0,0.0010885587567203148,622.76621362,505.38923434,215.48314711
2024-05-17T15:00,3600,0.5455847981579283,0.76196431257,0.5455847981579283,0.0,0.0,0.2163795144120717,932.62367229,761.96431257,326.75630665
2024-05-17T16:00,3600,0.4290299748956566,0.19764500380000002,0.19764500380000002,0.23138497109565656,0.0,0.0,252.68530997,197.6450038,85.7597067
2024-05-17T17:00,3600,0.42147615361064716,0.09860349394000001,0.09860349394000001,0.32287265967064716,0.0,0.0,133.94300612,98.60349394,45.20275071
2024-05-17T18:00,3600,0.0,0.03512328979,0.0,0.0,0.0,0.03512328979,57.92747884,35.12328979,19.38788737
2024-05-17T19:00,3600,0.0,0.0,0.0,0.0,0.0,0.0,0.0,0.0,0.0
2024-05-17T20:00,3600,0.0,0.0,0.0,0.0,0.0,0.0,0.0,0.0,0.0
2024-05-17T21:00,3600,0.0,0.0,0.0,0.0,0.0,0.0,0.0,0.0,0.0
2024-05-17T22:00,3600,0.0,0.0,0.0,0.0,0.0,0.0,0.0,0.0,0.0
2024-05-17T23:00,3600,0.0,0.0,0.0,0.0,0.0,0.0,0.0,0.0,0.0
2024-05-18T00:00,3600,0.0,0.0,0.0,0.0,0.0,0.0,0.0,0.0,0.0
2024-05-18T01:00,3600,0.0,0.0,0.0,0.0,0.0,0.0,0.0,0.0,0.0
2024-05-18T02:00,3600,0.0,0.0,0.0,0.0,0.0,0.0,0.0,0.0,0.0
2024-05-18T03:00,3600,0.0,0.0,0.0,0.0,0.0,0.0,0.0,0.0,0.0
2024-05-18T04:00,3600,0.0,0.0,0.0,0.0,0.0,0.0,0.0,0.0,0.0
2024-05-18T05:00,3600,0.0,0.0,0.0,0.0,0.0,0.0,2.92974405,0.0,0.96820194
2024-05-18T06:00,3600,0.0,0.02864492361,0.0,0.0,0.0,0.02864492361,50.17386431,28.64492361,16.646251
2024-05-18T07:00,3600,0.0,0.08403305948999999,0.0,0.0,0.0,0.08403305948999999,116.48904276,84.03305949,38.72807766
2024-05-18T08:00,3600,0.0,0.10345039893,0.0,0.0,0.0,0.10345039893,139.74996385,103.45039893,46.47369319
2024-05-18T09:00,3600,0.0,0.28808815535000004,0.0,0.0,0.0,0.28808815535000004,361.27200087,288.08815535,120.82083437
2024-05-18T10:00,3600,0.0,0.3659770109,0.0,0.0,0.0,0.3659770109,454.90349978,365.9770109,153.43053254
2024-05-18T11:00,3600,0.0,0.31073724424000004,0.0,0.0,0.0,0.31073724424000004,388.48761082,310.73724424,130.70726209
2024-05-18T12:00,3600,0.0,0.49872918489999996,0.0,0.0,0.0,0.49872918489999996,614.73902644,498.7291849,208.06587634
2024-05-18T13:00,3600,0.0,0.6065915689800001,0.0,0.0,0.0,0.6065915689800001,744.84181512,606.59156898,253.91218551
2024-05-18T14:00,3600,0.0,0.62020185684,0.0,0.0,0.0,0.62020185684,761.27346364,620.20185684,259.7365165
2024-05-18T15:00,3600,0.0,0.39804121308999996,0.0,0.0,0.0,0.39804121308999996,493.48012779,398.04121309,167.39271144
2024-05-18T16:00,3600,0.0,0.21247429619,0.0,0.0,0.0,0.21247429619,270.47943073,212.47429619,90.8584449
2024-05-18T17:00,3600,0.0,0.08512401638,0.0,0.0,0.0,0.08512401638,117.79577226,85.12401638,39.39317727
2024-05-18T18:00,3600,0.0,0.0234169078,0.0,0.0,0.0,0.0234169078,43.9172708,23.4169078,14.53097864
2024-05-18T19:00,3600,0.0,0.0,0.0,0.0,0.0,0.0,0.0,0.0,0.0
2024-05-18T20:00,3600,0.0,0.0,0.0,0.0,0.0,0.0,0.0,0.0,0.0
2024-05-18T21:00,3600,0.0,0.0,0.0,0.0,0.0,0.0,0.0,0.0,0.0
2024-05-18T22:00,3600,0.0,0.0,0.0,0.0,0.0,0.0,0.0,0.0,0.0
2024-05-18T23:00,3600,0.0,0.0,0.0,0.0,0.0,0.0,0.0,0.0,0.0
2024-05-19T00:00,3600,0.0,0.0,0.0,0.0,0.0,0.0,0.0,0.0,0.0
2024-05-19T01:00,3600,0.0,0.0,0.0,0.0,0.0,0.0,0.0,0.0,0.0
2024-05-19T02:00,3600,0.0,0.0,0.0,0.0,0.0,0.0,0.0,0.0,0.0
2024-05-19T03:00,3600,0.0,0.0,0.0,0.0,0.0,0.0,0.0,0.0,0.0
2024-05-19T04:00,3600,0.0,0.0,0.0,0.0,0.0,0.0,0.0,0.0,0.0
2024-05-19T05:00,3600,0.0,0.0,0.0,0.0,0.0,0.0,2.93177676,0.0,0.96820194
2024-05-19T06:00,3600,0.0,0.06861078786,0.0,0.0,0.0,0.06861078786,98.01877272,68.61078786,32.51007627
2024-05-19T07:00,3600,0.0,0.18466231141,0.0,0.0,0.0,0.18466231141,237.11020678,184.66231141,79.13599998
2024-05-19T08:00,3600,0.0,0.37043801568999996,0.0,0.0,0.0,0.37043801568999996,460.26945155,370.43801569,154.85735846
2024-05-19T09:00,3600,0.0,0.26892074175,0.0,0.0,0.0,0.26892074175,338.24723331,268.92074175,113.41213062
2024-05-19T10:00,3600,0.0,0.5217667647099999,0.0,0.0,0.0,0.5217667647099999,642.50904996,521.76676471,217.43177191
2024-05-19T11:00,3600,0.0,0.56367558081,0.0,0.0,0.0,0.56367558081,693.05157114,563.67558081,235.027072
2024-05-19T12:00,3600,0.0,0.6184861566900001,0.0,0.0,0.0,0.6184861566900001,759.20191965,618.48615669,258.13703503
2024-05-19T13:00,3600,0.0,0.34906110199,0.0,0.0,0.0,0.34906110199,434.55933116,349.06110199,146.11573761
2024-05-19T14:00,3600,0.0,0.36131057328000005,0.0,0.0,0.0,0.36131057328000005,449.29082503,361.31057328,150.96403758
2024-05-19T15:00,3600,0.0,0.21411325611999998,0.0,0.0,0.0,0.21411325611999998,272.44631004,214.11325612,90.9568791
2024-05-19T16:00,3600,0.0,0.14440040102,0.0,0.0,0.0,0.14440040102,188.82784772,144.40040102,62.77985215
2024-05-19T17:00,3600,0.0,0.07210425602,0.0,0.0,0.0,0.07210425602,102.20230622,72.10425602,33.88706795
2024-05-19T18:00,3600,0.0,0.01115247953,0.0,0.0,0.0,0.01115247953,29.24179858,11.15247953,9.68201941
2024-05-19T19:00,3600,0.0,0.0,0.0,0.0,0.0,0.0,0.0,0.0,0.0
2024-05-19T20:00,3600,0.0,0.0,0.0,0.0,0.0,0.0,0.0,0.0,0.0
2024-05-19T21:00,3600,0.0,0.0,0.0,0.0,0.0,0.0,0.0,0.0,0.0
2024-05-19T22:00,3600,0.0,0.0,0.0,0.0,0.0,0.0,0.0,0.0,0.0
2024-05-19T23:00,3600,0.0,0.0,0.0,0.0,0.0,0.0,0.0,0.0,0.0
2024-05-20T00:00,3600,0.0,0.0,0.0,0.0,0.0,0.0,0.0,0.0,0.0
2024-05-20T01:00,3600,0.0,0.0,0.0,0.0,0.0,0.0,0.0,0.0,0.0
2024-05-20T02:00,3600,0.0,0.0,0.0,0.0,0.0,0.0,0.0,0.0,0.0
2024-05-20T03:00,3600,0.0,0.0,0.0,0.0,0.0,0.0,0.0,0.0,0.0
2024-05-20T04:00,3600,0.0,0.0,0.0,0.0,0.0,0.0,0.0,0.0,0.0
2024-05-20T05:00,3600,0.0,0.0,0.0,0.0,0.0,0.0,0.0,0.0,0.0
2024-05-20T06:00,3600,0.0,0.00917652236,0.0,0.0,0.0,0.00917652236,26.87764054,9.17652236,8.89783722
2024-05-20T07:00,3600,0.0,0.10120309678,0.0,0.0,0.0,0.10120309678,137.05747442,101.20309678,45.50549124
2024-05-20T08:00,3600,0.0,0.13708623326,0.0,0.0,0.0,0.13708623326,180.05975048,137.08623326,59.9079308
2024-05-20T09:00,3600,0.0,0.28274792974,0.0,0.0,0.0,0.28274792974,354.85641728,282.74792974,118.73221614
2024-05-20T10:00,3600,0.0,0.35814465667,0.0,0.0,0.0,0.35814465667,445.48316269,358.14465667,150.00529779
2024-05-20T11:00,3600,0.0,0.37446720432,0.0,0.0,0.0,0.37446720432,465.11629813,374.46720432,156.76021715
2024-05-20T12:00,3600,0.0,0.25894045714999997,0.0,0.0,0.0,0.25894045714999997,326.26106977,258.94045715,109.38691585
2024-05-20T13:00,3600,0.0,0.36999005224000003,0.0,0.0,0.0,0.36999005224000003,459.73059931,369.99005224,154.85747895
2024-05-20T14:00,3600,0.3568248726203139,0.1004805482,0.1004805482,0.2563443244203139,0.0,0.0,136.19180911,100.4805482,45.42917832
2024-05-20T15:00,3600,0.36064075280408386,0.13456145909,0.13456145909,0.22607929371408386,0.0,0.0,177.03331641,134.56145909,59.06031842
2024-05-20T16:00,3600,0.3659746298224423,0.06445490939,0.06445490939,0.3015197204324423,0.0,0.0,93.04226526,64.45490939,30.98246212
2024-05-20T17:00,3600,0.34665483145656006,0.03050606944,0.03050606944,0.31614876201656006,0.0,0.0,52.40129531,30.50606944,17.42763494
2024-05-20T18:00,3600,0.0,0.00134116531,0.0,0.0,0.0,0.00134116531,17.50361312,1.34116531,5.80921165
2024-05-20T19:00,3600,0.0,0.0,0.0,0.0,0.0,0.0,0.0,0.0,0.0
2024-05-20T20:00,3600,0.0,0.0,0.0,0.0,0.0,0.0,0.0,0.0,0.0
2024-05-20T21:00,3600,0.0,0.0,0.0,0.0,0.0,0.0,0.0,0.0,0.0
2024-05-20T22:00,3600,0.0,0.0,0.0,0.0,0.0,0.0,0.0,0.0,0.0
2024-05-20T23:00,3600,0.0,0.0,0.0,0.0,0.0,0.0,0.0,0.0,0.0
2024-05-21T00:00,3600,0.0,0.0,0.0,0.0,0.0,0.0,0.0,0.0,0.0
2024-05-21T01:00,3600,0.0,0.0,0.0,0.0,0.0,0.0,0.0,0.0,0.0
2024-05-21T02:00,3600,0.0,0.0,0.0,0.0,0.0,0.0,0.0,0.0,0.0
2024-05-21T03:00,3600,0.0,0.0,0.0,0.0,0.0,0.0,0.0,0.0,0.0
2024-05-21T04:00,3600,0.0,0.0,0.0,0.0,0.0,0.0,0.0,0.0,0.0
2024-05-21T05:00,3600,0.0,0.0,0.0,0.0,0.0,0.0,0.0,0.0,0.0
2024-05-21T06:00,3600,0.0,0.01109402013,0.0,0.0,0.0,0.01109402013,29.17185312,11.09402013,9.68201941
2024-05-21T07:00,3600,0.0,0.037858897589999996,0.0,0.0,0.0,0.037858897589999996,61.20180697,37.85889759,20.33224077
2024-05-21T08:00,3600,0.0,0.13923168728,0.0,0.0,0.0,0.13923168728,182.63158467,139.23168728,60.87469186
2024-05-21T09:00,3600,0.0,0.19681150224000002,0.0,0.0,0.0,0.19681150224000002,251.68528265,196.81150224,84.16135936
2024-05-21T10:00,3600,0.0,0.22492932773000002,0.0,0.0,0.0,0.22492932773000002,285.42764123,224.92932773,95.8519922
2024-05-21T11:00,3600,0.0,0.46798955523,0.0,0.0,0.0,0.46798955523,577.69974403,467.98955523,195.48214756
2024-05-21T12:00,3600,0.609775982565949,0.76732112062,0.609775982565949,0.0,0.0,0.15754513805405101,939.10572607,767.32112062,321.33291158
2024-05-21T13:00,3600,0.504979472507496,0.54051830873,0.504979472507496,0.0,0.0,0.03553883622250398,665.11969104,540.51830873,227.02087056
2024-05-21T14:00,3600,0.48066055048224854,0.38595240574,0.38595240574,0.09470814474224853,0.0,0.0,478.93383808,385.95240574,162.57851798
2024-05-21T15:00,3600,0.4798258273153979,0.36877835965,0.36877835965,0.11104746766539791,0.0,0.0,458.27308046,368.77835965,155.35989862
2024-05-21T16:00,3600,0.4870468991109527,0.369476544,0.369476544,0.1175703551109527,0.0,0.0,459.11290811,369.476544,155.82946029
2024-05-21T17:00,3600,0.4302757421627843,0.10645624806,0.10645624806,0.3238194941027843,0.0,0.0,143.3514078,106.45624806,48.14247144
2024-05-21T18:00,3600,0.0,0.04978891332,0.0,0.0,0.0,0.04978891332,75.48274016,49.78891332,25.21299805
2024-05-21T19:00,3600,0.0,0.0,0.0,0.0,0.0,0.0,0.0,0.0,0.0
2024-05-21T20:00,3600,0.0,0.0,0.0,0.0,0.0,0.0,0.0,0.0,0.0
2024-05-21T21:00,3600,0.0,0.0,0.0,0.0,0.0,0.0,0.0,0.0,0.0
2024-05-21T22:00,3600,0.0,0.0,0.0,0.0,0.0,0.0,0.0,0.0,0.0
2024-05-21T23:00,3600,0.0,0.0,0.0,0.0,0.0,0.0,0.0,0.0,0.0
2024-05-22T00:00,3600,0.0,0.0,0.0,0.0,0.0,0.0,0.0,0.0,0.0
2024-05-22T01:00,3600,0.0,0.0,0.0,0.0,0.0,0.0,0.0,0.0,0.0
2024-05-22T02:00,3600,0.0,0.0,0.0,0.0,0.0,0.0,0.0,0.0,0.0
2024-05-22T03:00,3600,0.0,0.0,0.0,0.0,0.0,0.0,0.0,0.0,0.0
2024-05-22T04:00,3600,0.0,0.0,0.0,0.0,0.0,0.0,0.0,0.0,0.0
2024-05-22T05:00,3600,0.0,0.0,0.0,0.0,0.0,0.0,2.91957534,0.0,0.96820194
2024-05-22T06:00,3600,0.0,0.04140665365,0.0,0.0,0.0,0.04140665365,65.44841659,41.40665365,21.83324264
2024-05-22T07:00,3600,0.0,0.25675520635,0.0,0.0,0.0,0.25675520635,323.63685639,256.75520635,108.85562114
2024-05-22T08:00,3600,0.0,0.57198378681,0.0,0.0,0.0,0.57198378681,703.07515166,571.98378681,240.19175884
2024-05-22T09:00,3600,0.0,1.0680320187599999,0.0,0.0,0.0,1.0680320187599999,1303.83107301,1068.03201876,455.88613466
2024-05-22T10:00,3600,1.071386592117738,1.0598213423300002,1.0598213423300002,0.011565249787737653,0.0,0.0,1293.85031913,1059.82134233,457.85477396
2024-05-22T11:00,3600,0.7936766113925068,1.20604021926,0.7936766113925068,0.0,0.0,0.41236360786749315,1471.77930998,1206.04021926,525.09857985
2024-05-22T12:00,3600,0.7643293836778327,1.154426567,0.7643293836778327,0.0,0.0,0.39009718332216736,1408.92681073,1154.426567,502.53073729
2024-05-22T13:00,3600,0.7584885268767748,1.00796101006,0.7584885268767748,0.0,0.0,0.24947248318322524,1230.83873066,1007.96101006,439.09643758
2024-05-22T14:00,3600,0.6730951347652996,0.6099722492799999,0.6099722492799999,0.06312288548529965,0.0,0.0,748.92298276,609.97224928,262.20901407
2024-05-22T15:00,3600,0.7173577977624809,0.75859564904,0.7173577977624809,0.0,0.0,0.04123785127751911,928.54766004,758.59564904,327.87297291
2024-05-22T16:00,3600,0.6491766423770079,0.52368205896,0.52368205896,0.12549458341700792,0.0,0.0,644.81822237,523.68205896,224.31911054
2024-05-22T17:00,3600,0.5961177470588235,0.26786610479,0.26786610479,0.3282516422688235,0.0,0.0,336.98054669,267.86610479,115.53396445
2024-05-22T18:00,3600,0.0,0.04899493245,0.0,0.0,0.0,0.04899493245,74.53221972,48.99493245,25.22094756
2024-05-22T19:00,3600,0.0,0.0,0.0,0.0,0.0,0.0,0.0,0.0,0.0
2024-05-22T20:00,3600,0.0,0.0,0.0,0.0,0.0,0.0,0.0,0.0,0.0
2024-05-22T21:00,3600,0.0,0.0,0.0,0.0,0.0,0.0,0.0,0.0,0.0
2024-05-22T22:00,3600,0.0,0.0,0.0,0.0,0.0,0.0,0.0,0.0,0.0
2024-05-22T23:00,3600,0.0,0.0,0.0,0.0,0.0,0.0,0.0,0.0,0.0
2024-05-23T00:00,3600,0.0,0.0,0.0,0.0,0.0,0.0,0.0,0.0,0.0
2024-05-23T01:00,3600,0.0,0.0,0.0,0.0,0.0,0.0,0.0,0.0,0.0
2024-05-23T02:00,3600,0.0,0.0,0.0,0.0,0.0,0.0,0.0,0.0,0.0
2024-05-23T03:00,3600,0.0,0.0,0.0,0.0,0.0,0.0,0.0,0.0,0.0
2024-05-23T04:00,3600,0.0,0.0,0.0,0.0,0.0,0.0,0.0,0.0,0.0
2024-05-23T05:00,3600,0.0,0.0,0.0,0.0,0.0,0.0,2.90533267,0.0,0.96820194
2024-05-23T06:00,3600,0.0,0.07051582720999999,0.0,0.0,0.0,0.07051582720999999,100.30008792,70.51582721,33.61803997
2024-05-23T07:00,3600,0.0,0.21391325717,0.0,0.0,0.0,0.21391325717,272.20629318,213.91325717,91.75763546
2024-05-23T08:00,3600,0.49648653113722674,0.19946175425,0.19946175425,0.2970247768872267,0.0,0.0,254.86507307,199.46175425,85.79496843
2024-05-23T09:00,3600,0.4749374735294118,0.24489252912,0.24489252912,0.23004494440941178,0.0,0.0,309.39275463,244.89252912,104.25902774
2024-05-23T10:00,3600,0.57691545,0.59294563601,0.57691545,0.0,0.0,0.016030186010000058,728.37051682,592.94563601,250.16346813
2024-05-23T11:00,3600,0.5627316382352942,0.47442980999999995,0.47442980999999995,0.0883018282352942,0.0,0.0,585.45842209,474.42981,200.33233372
2024-05-23T12:00,3600,0.6040478205882353,0.6513239569,0.6040478205882353,0.0,0.0,0.04727613631176475,798.85973526,651.3239569,275.61713889
2024-05-23T13:00,3600,0.7608750588235293,1.2405448700300001,0.7608750588235293,0.0,0.0,0.4796698112064708,1513.82511286,1240.54487003,538.4582812
2024-05-23T14:00,3600,0.688974332352941,0.86879260103,0.688974332352941,0.0,0.0,0.17981826867705897,1061.99170895,868.79260103,372.06349529
2024-05-23T15:00,3600,0.6774816911764705,0.77623505362,0.6774816911764705,0.0,0.0,0.0987533624435295,949.89327696,776.23505362,331.43014314
2024-05-23T16:00,3600,0.581503744117647,0.34110623496000003,0.34110623496000003,0.24039750915764702,0.0,0.0,424.99407215,341.10623496,145.28593724
2024-05-23T17:00,3600,0.4638794952528221,0.07574668958,0.07574668958,0.38813280567282216,0.0,0.0,106.56446118,75.74668958,35.87522844
2024-05-23T18:00,3600,0.0,0.01590191269,0.0,0.0,0.0,0.01590191269,34.92459876,15.90191269,11.65022136
2024-05-23T19:00,3600,0.0,0.0,0.0,0.0,0.0,0.0,0.0,0.0,0.0
2024-05-23T20:00,3600,0.0,0.0,0.0,0.0,0.0,0.0,0.0,0.0,0.0
2024-05-23T21:00,3600,0.0,0.0,0.0,0.0,0.0,0.0,0.0,0.0,0.0
2024-05-23T22:00,3600,0.0,0.0,0.0,0.0,0.0,0.0,0.0,0.0,0.0
2024-05-23T23:00,3600,0.0,0.0,0.0,0.0,0.0,0.0,0.0,0.0,0.0
2024-05-24T00:00,3600,0.0,0.0,0.0,0.0,0.0,0.0,0.0,0.0,0.0
2024-05-24T01:00,3600,0.0,0.0,0.0,0.0,0.0,0.0,0.0,0.0,0.0
2024-05-24T02:00,3600,0.0,0.0,0.0,0.0,0.0,0.0,0.0,0.0,0.0
2024-05-24T03:00,3600,0.0,0.0,0.0,0.0,0.0,0.0,0.0,0.0,0.0
2024-05-24T04:00,3600,0.0,0.0,0.0,0.0,0.0,0.0,0.0,0.0,0.0
2024-05-24T05:00,3600,0.0,0.0,0.0,0.0,0.0,0.0,2.91347567,0.0,0.96820194
2024-05-24T06:00,3600,0.0,0.06816996664,0.0,0.0,0.0,0.06816996664,97.49089141,68.16996664,32.63519208
2024-05-24T07:00,3600,0.0,0.29411484131,0.0,0.0,0.0,0.29411484131,368.5128914,294.11484131,124.49419
2024-05-24T08:00,3600,0.0,0.51375701487,0.0,0.0,0.0,0.51375701487,632.85282444,513.75701487,215.93092307
2024-05-24T09:00,3600,0.6888394156752046,0.70924850169,0.6888394156752046,0.0,0.0,0.020409086014795408,868.8624645,709.24850169,299.24214789
2024-05-24T10:00,3600,0.7338199147058826,1.10511869674,0.7338199147058826,0.0,0.0,0.37129878203411737,1348.92860467,1105.11869674,476.31685246
2024-05-24T11:00,3600,0.7630919794117647,1.21839672587,0.7630919794117647,0.0,0.0,0.45530474645823527,1486.83382745,1218.39672587,528.23984233
2024-05-24T12:00,3600,0.6598787500000002,0.71658747093,0.6598787500000002,0.0,0.0,0.05670872092999979,877.73610031,716.58747093,305.23664051
2024-05-24T13:00,3600,0.7200000823529412,0.9624132676299999,0.7200000823529412,0.0,0.0,0.24241318527705868,1175.5382152,962.41326763,413.31987208
2024-05-24T14:00,3600,0.642264794117647,0.5649575801600001,0.5649575801600001,0.07730721395764695,0.0,0.0,694.59817986,564.95758016,240.21010432
2024-05-24T15:00,3600,0.6028015529411763,0.39035780796,0.39035780796,0.2124437449811763,0.0,0.0,484.23449079,390.35780796,166.18326139
2024-05-24T16:00,3600,0.6001213970588236,0.39887613777,0.39887613777,0.20124525928882359,0.0,0.0,494.48487802,398.87613777,169.46837766
2024-05-24T17:00,3600,0.52953315,0.11509727507999999,0.11509727507999999,0.41443587492,0.0,0.0,153.70550905,115.09727508,52.04374151
2024-05-24T18:00,3600,0.0,0.006133626079999999,0.0,0.0,0.0,0.006133626079999999,23.23706551,6.13362608,7.74561553
2024-05-24T19:00,3600,0.0,0.0,0.0,0.0,0.0,0.0,0.0,0.0,0.0
2024-05-24T20:00,3600,0.0,0.0,0.0,0.0,0.0,0.0,0.0,0.0,0.0
2024-05-24T21:00,3600,0.0,0.0,0.0,0.0,0.0,0.0,0.0,0.0,0.0
2024-05-24T22:00,3600,0.0,0.0,0.0,0.0,0.0,0.0,0.0,0.0,0.0
2024-05-24T23:00,3600,0.0,0.0,0.0,0.0,0.0,0.0,0.0,0.0,0.0
2024-05-25T00:00,3600,0.0,0.0,0.0,0.0,0.0,0.0,0.0,0.0,0.0
2024-05-25T01:00,3600,0.0,0.0,0.0,0.0,0.0,0.0,0.0,0.0,0.0
2024-05-25T02:00,3600,0.0,0.0,0.0,0.0,0.0,0.0,0.0,0.0,0.0
2024-05-25T03:00,3600,0.0,0.0,0.0,0.0,0.0,0.0,0.0,0.0,0.0
2024-05-25T04:00,3600,0.0,0.0,0.0,0.0,0.0,0.0,0.0,0.0,0.0
2024-05-25T05:00,3600,0.0,0.0,0.0,0.0,0.0,0.0,0.0,0.0,0.0
2024-05-25T06:00,3600,0.0,0.02542385333,0.0,0.0,0.0,0.02542385333,46.31901234,25.42385333,15.49123106
2024-05-25T07:00,3600,0.0,0.17294347082,0.0,0.0,0.0,0.17294347082,223.05390855,172.94347082,75.05991531
2024-05-25T08:00,3600,0.0,0.36518544130999997,0.0,0.0,0.0,0.36518544130999997,453.95139202,365.18544131,154.03098277
2024-05-25T09:00,3600,0.0,0.7163773796399999,0.0,0.0,0.0,0.7163773796399999,877.48206272,716.37737964,302.96246477
2024-05-25T10:00,3600,0.0,1.12061023737,0.0,0.0,0.0,1.12061023737,1367.7739524,1120.61023737,487.62625307
2024-05-25T11:00,3600,0.0,1.3385323218799998,0.0,0.0,0.0,1.3385323218799998,1633.34990216,1338.53232188,588.96946263
2024-05-25T12:00,3600,0.0,1.57508326239,0.0,0.0,0.0,1.57508326239,1922.6402081,1575.08326239,702.21872804
2024-05-25T13:00,3600,0.0,1.2751845228799998,0.0,0.0,0.0,1.2751845228799998,1556.05785788,1275.18452288,562.24415104
2024-05-25T14:00,3600,0.0,1.20857916372,0.0,0.0,0.0,1.20857916372,1474.87239315,1208.57916372,530.90743813
2024-05-25T15:00,3600,0.0,0.5965045956599999,0.0,0.0,0.0,0.5965045956599999,732.66602598,596.50459566,256.73781322
2024-05-25T16:00,3600,0.0,0.43791982971,0.0,0.0,0.0,0.43791982971,541.48418818,437.91982971,187.51617417
2024-05-25T17:00,3600,0.0,0.22157223047,0.0,0.0,0.0,0.22157223047,281.39826577,221.57223047,96.56015035
2024-05-25T18:00,3600,0.0,0.06112337626000001,0.0,0.0,0.0,0.06112337626000001,89.05310174,61.12337626,30.06195727
2024-05-25T19:00,3600,0.0,0.0,0.0,0.0,0.0,0.0,0.0,0.0,0.0
2024-05-25T20:00,3600,0.0,0.0,0.0,0.0,0.0,0.0,0.0,0.0,0.0
2024-05-25T21:00,3600,0.0,0.0,0.0,0.0,0.0,0.0,0.0,0.0,0.0
2024-05-25T22:00,3600,0.0,0.0,0.0,0.0,0.0,0.0,0.0,0.0,0.0
2024-05-25T23:00,3600,0.0,0.0,0.0,0.0,0.0,0.0,0.0,0.0,0.0
2024-05-26T00:00,3600,0.0,0.0,0.0,0.0,0.0,0.0,0.0,0.0,0.0
2024-05-26T01:00,3600,0.0,0.0,0.0,0.0,0.0,0.0,0.0,0.0,0.0
2024-05-26T02:00,3600,0.0,0.0,0.0,0.0,0.0,0.0,0.0,0.0,0.0
2024-05-26T03:00,3600,0.0,0.0,0.0,0.0,0.0,0.0,0.0,0.0,0.0
2024-05-26T04:00,3600,0.0,0.0,0.0,0.0,0.0,0.0,0.0,0.0,0.0
2024-05-26T05:00,3600,0.0,0.0,0.0,0.0,0.0,0.0,2.8982484,0.0,0.96820194
2024-05-26T06:00,3600,0.0,0.06340474797000001,0.0,0.0,0.0,0.06340474797000001,91.78478519,63.40474797,30.83800265
2024-05-26T07:00,3600,0.0,0.30049098792,0.0,0.0,0.0,0.30049098792,376.17435846,300.49098792,127.59838457
2024-05-26T08:00,3600,0.0,0.37510705907999997,0.0,0.0,0.0,0.37510705907999997,465.88602785,375.10705908,158.57806612
2024-05-26T09:00,3600,0.0,0.62955507396,0.0,0.0,0.0,0.62955507396,772.56752242,629.55507396,265.28252467
2024-05-26T10:00,3600,0.0,0.5630663930700001,0.0,0.0,0.0,0.5630663930700001,692.31665527,563.06639307,239.07160955
2024-05-26T11:00,3600,0.0,0.56396050295,0.0,0.0,0.0,0.56396050295,693.39529967,563.96050295,239.27524128
2024-05-26T12:00,3600,0.0,0.48744119537,0.0,0.0,0.0,0.48744119537,601.13573595,487.44119537,206.46047513
2024-05-26T13:00,3600,0.0,0.53281961277,0.0,0.0,0.0,0.53281961277,655.83581974,532.81961277,226.03618773
2024-05-26T14:00,3600,0.0,0.22570072252,0.0,0.0,0.0,0.22570072252,286.35354078,225.70072252,97.7043465
2024-05-26T15:00,3600,0.0,0.19701348762,0.0,0.0,0.0,0.19701348762,251.92762167,197.01348762,86.16997278
2024-05-26T16:00,3600,0.0,0.12692855021,0.0,0.0,0.0,0.12692855021,167.88447766,126.92855021,56.96756526
2024-05-26T17:00,3600,0.0,0.09797322266999998,0.0,0.0,0.0,0.09797322266999998,133.1879243,97.97322267,44.85798605
2024-05-26T18:00,3600,0.0,0.02280248001,0.0,0.0,0.0,0.02280248001,43.18199021,22.80248001,14.53097864
2024-05-26T19:00,3600,0.0,0.0,0.0,0.0,0.0,0.0,0.0,0.0,0.0
2024-05-26T20:00,3600,0.0,0.0,0.0,0.0,0.0,0.0,0.0,0.0,0.0
2024-05-26T21:00,3600,0.0,0.0,0.0,0.0,0.0,0.0,0.0,0.0,0.0
2024-05-26T22:00,3600,0.0,0.0,0.0,0.0,0.0,0.0,0.0,0.0,0.0
2024-05-26T23:00,3600,0.0,0.0,0.0,0.0,0.0,0.0,0.0,0.0,0.0
2024-05-27T00:00,3600,0.0,0.0,0.0,0.0,0.0,0.0,0.0,0.0,0.0
2024-05-27T01:00,3600,0.0,0.0,0.0,0.0,0.0,0.0,0.0,0.0,0.0
2024-05-27T02:00,3600,0.0,0.0,0.0,0.0,0.0,0.0,0.0,0.0,0.0
2024-05-27T03:00,3600,0.0,0.0,0.0,0.0,0.0,0.0,0.0,0.0,0.0
2024-05-27T04:00,3600,0.0,0.0,0.0,0.0,0.0,0.0,0.0,0.0,0.0
2024-05-27T05:00,3600,0.0,0.0,0.0,0.0,0.0,0.0,2.88910866,0.0,0.96820194
2024-05-27T06:00,3600,0.0,0.028857694950000002,0.0,0.0,0.0,0.028857694950000002,50.42850727,28.85769495,16.94401468
2024-05-27T07:00,3600,0.0,0.13903494348999998,0.0,0.0,0.0,0.13903494348999998,182.39573728,139.03494349,61.58314895
2024-05-27T08:00,3600,1.0870588235294116,0.39527730986,0.39527730986,0.6917815136694117,0.0,0.0,490.15413012,395.27730986,167.32097114
2024-05-27T09:00,3600,1.0870588235294116,0.67627137849,0.67627137849,0.41078744503941167,0.0,0.0,829.00157847,676.27137849,285.91019492
2024-05-27T10:00,3600,1.0870588235294116,0.7567128126500001,0.7567128126500001,0.3303460108794115,0.0,0.0,926.26955808,756.71281265,323.03951326
2024-05-27T11:00,3600,1.0870588235294116,0.67600090126,0.67600090126,0.4110579222694116,0.0,0.0,828.67472299,676.00090126,287.74515138
2024-05-27T12:00,3600,1.0870588235294116,0.98996664578,0.98996664578,0.09709217774941159,0.0,0.0,1208.9867871,989.96664578,426.70283171
2024-05-27T13:00,3600,1.086230588235294,1.1153483399900002,1.086230588235294,0.0,0.0,0.0291177517547061,1361.37239084,1115.34833999,484.07478812
2024-05-27T14:00,3600,1.086230588235294,0.82253067709,0.82253067709,0.263699911145294,0.0,0.0,1005.94321958,822.53067709,353.16084333
2024-05-27T15:00,3600,1.0870588235294116,0.7347629207899999,0.7347629207899999,0.3522959027394117,0.0,0.0,899.71649647,734.76292079,313.19209866
2024-05-27T16:00,3600,0.697408716526077,0.51947488088,0.51947488088,0.177933835646077,0.0,0.0,639.74593016,519.47488088,220.29594282
2024-05-27T17:00,3600,0.5719522852941176,0.2464998266,0.2464998266,0.32545245869411754,0.0,0.0,311.32256841,246.4998266,106.19453085
2024-05-27T18:00,3600,0.0,0.051367102549999995,0.0,0.0,0.0,0.051367102549999995,77.37211501,51.36710255,26.18914951
2024-05-27T19:00,3600,0.0,0.0,0.0,0.0,0.0,0.0,0.0,0.0,0.0
2024-05-27T20:00,3600,0.0,0.0,0.0,0.0,0.0,0.0,0.0,0.0,0.0
2024-05-27T21:00,3600,0.0,0.0,0.0,0.0,0.0,0.0,0.0,0.0,0.0
2024-05-27T22:00,3600,0.0,0.0,0.0,0.0,0.0,0.0,0.0,0.0,0.0
2024-05-27T23:00,3600,0.0,0.0,0.0,0.0,0.0,0.0,0.0,0.0,0.0
2024-05-28T00:00,3600,0.0,0.0,0.0,0.0,0.0,0.0,0.0,0.0,0.0
2024-05-28T01:00,3600,0.0,0.0,0.0,0.0,0.0,0.0,0.0,0.0,0.0
2024-05-28T02:00,3600,0.0,0.0,0.0,0.0,0.0,0.0,0.0,0.0,0.0
2024-05-28T03:00,3600,0.0,0.0,0.0,0.0,0.0,0.0,0.0,0.0,0.0
2024-05-28T04:00,3600,0.0,0.0,0.0,0.0,0.0,0.0,0.0,0.0,0.0
2024-05-28T05:00,3600,0.0,0.0,0.0,0.0,0.0,0.0,2.89416263,0.0,0.96820194
2024-05-28T06:00,3600,0.0,0.06645342051999999,0.0,0.0,0.0,0.06645342051999999,95.43536854,66.45342052,32.10747135
2024-05-28T07:00,3600,0.0,0.26100094460999995,0.0,0.0,0.0,0.26100094460999995,328.73553633,261.00094461,111.53452479
2024-05-28T08:00,3600,0.8463813450913465,0.48409400192999996,0.48409400192999996,0.3622873431613466,0.0,0.0,597.10243673,484.09400193,204.54738315
2024-05-28T09:00,3600,0.6259081205882353,0.7158103735,0.6259081205882353,0.0,0.0,0.08990225291176468,876.79645586,715.8103735,303.36215222
2024-05-28T10:00,3600,0.7393567088235296,0.9957245475300001,0.7393567088235296,0.0,0.0,0.2563678387064705,1215.97839839,995.72454753,429.4041502
2024-05-28T11:00,3600,0.765011132352941,1.07288294363,0.765011132352941,0.0,0.0,0.307871811277059,1309.72836075,1072.88294363,464.14941948
2024-05-28T12:00,3600,0.777970705882353,1.07605197828,0.777970705882353,0.0,0.0,0.29808127239764703,1313.58120441,1076.05197828,465.66566631
2024-05-28T13:00,3600,0.8416813352941176,1.1960264878400002,0.8416813352941176,0.0,0.0,0.3543451525458826,1459.58120151,1196.02648784,522.28744555
2024-05-28T14:00,3600,0.7831742882352941,0.8897499236899999,0.7831742882352941,0.0,0.0,0.10657563545470583,1087.39545503,889.74992369,384.79017876
2024-05-28T15:00,3600,0.7626176852941176,0.7339084735200001,0.7339084735200001,0.02870921177411745,0.0,0.0,898.68303921,733.90847352,316.77844355
2024-05-28T16:00,3600,0.6748817794117649,0.41098158535,0.41098158535,0.26390019406176485,0.0,0.0,509.05401309,410.98158535,176.57417004
2024-05-28T17:00,3600,0.6339817558823528,0.26845703155,0.26845703155,0.36552472433235283,0.0,0.0,337.69028518,268.45703155,116.13973289
2024-05-28T18:00,3600,0.0,0.04175804928,0.0,0.0,0.0,0.04175804928,65.86904393,41.75804928,22.33224077
2024-05-28T19:00,3600,0.0,0.0,0.0,0.0,0.0,0.0,0.0,0.0,0.0
2024-05-28T20:00,3600,0.0,0.0,0.0,0.0,0.0,0.0,0.0,0.0,0.0
2024-05-28T21:00,3600,0.0,0.0,0.0,0.0,0.0,0.0,0.0,0.0,0.0
2024-05-28T22:00,3600,0.0,0.0,0.0,0.0,0.0,0.0,0.0,0.0,0.0
2024-05-28T23:00,3600,0.0,0.0,0.0,0.0,0.0,0.0,0.0,0.0,0.0
2024-05-29T00:00,3600,0.0,0.0,0.0,0.0,0.0,0.0,0.0,0.0,0.0
2024-05-29T01:00,3600,0.0,0.0,0.0,0.0,0.0,0.0,0.0,0.0,0.0
2024-05-29T02:00,3600,0.0,0.0,0.0,0.0,0.0,0.0,0.0,0.0,0.0
2024-05-29T03:00,3600,0.0,0.0,0.0,0.0,0.0,0.0,0.0,0.0,0.0
2024-05-29T04:00,3600,0.0,0.0,0.0,0.0,0.0,0.0,0.0,0.0,0.0
2024-05-29T05:00,3600,0.0,0.0,0.0,0.0,0.0,0.0,2.9053589,0.0,0.96820194
2024-05-29T06:00,3600,0.0,0.0509937282,0.0,0.0,0.0,0.0509937282,76.92511513,50.9937282,25.7434052
2024-05-29T07:00,3600,0.0,0.21089572078000002,0.0,0.0,0.0,0.21089572078000002,268.58506295,210.89572078,90.47389656
2024-05-29T08:00,3600,0.5975527613384619,0.32728614164,0.32728614164,0.27026661969846194,0.0,0.0,408.37892955,327.28614164,138.23743804
2024-05-29T09:00,3600,0.4517372013798542,0.5529322989800001,0.4517372013798542,0.0,0.0,0.10119509760014589,680.09200953,552.93229898,232.24666469
2024-05-29T10:00,3600,0.5034887152788802,0.68374651432,0.5034887152788802,0.0,0.0,0.18025779904111983,838.03535974,683.74651432,289.25394702
2024-05-29T11:00,3600,0.5240153188937482,0.76771465791,0.5240153188937482,0.0,0.0,0.24369933901625185,939.58195016,767.71465791,325.34964834
2024-05-29T12:00,3600,0.5605573648028797,0.9018609172300001,0.5605573648028797,0.0,0.0,0.3413035524271204,1102.079676,901.86091723,383.55978533
2024-05-29T13:00,3600,0.5910115887829102,0.9051652754399999,0.5910115887829102,0.0,0.0,0.31415368665708976,1106.08658216,905.16527544,386.96588893
2024-05-29T14:00,3600,0.7305554656460872,1.3659032782500002,0.7305554656460872,0.0,0.0,0.635347812603913,1666.76915942,1365.90327825,596.44775562
2024-05-29T15:00,3600,0.6919849468524508,1.0505889466999998,0.6919849468524508,0.0,0.0,0.358603999847549,1282.62907727,1050.5889467,453.49793326
2024-05-29T16:00,3600,0.6542188154019506,0.74598113144,0.6542188154019506,0.0,0.0,0.09176231603804941,913.28620526,745.98113144,318.93419063
2024-05-29T17:00,3600,0.5924460908287352,0.37901530488,0.37901530488,0.2134307859487352,0.0,0.0,470.58771261,379.01530488,161.77049633
2024-05-29T18:00,3600,0.0,0.06138576427,0.0,0.0,0.0,0.06138576427,89.36727686,61.38576427,30.20504853
2024-05-29T19:00,3600,0.0,0.0,0.0,0.0,0.0,0.0,0.0,0.0,0.0
2024-05-29T20:00,3600,0.0,0.0,0.0,0.0,0.0,0.0,0.0,0.0,0.0
2024-05-29T21:00,3600,0.0,0.0,0.0,0.0,0.0,0.0,0.0,0.0,0.0
2024-05-29T22:00,3600,0.0,0.0,0.0,0.0,0.0,0.0,0.0,0.0,0.0
2024-05-29T23:00,3600,0.0,0.0,0.0,0.0,0.0,0.0,0.0,0.0,0.0
2024-05-30T00:00,3600,0.0,0.0,0.0,0.0,0.0,0.0,0.0,0.0,0.0
2024-05-30T01:00,3600,0.0,0.0,0.0,0.0,0.0,0.0,0.0,0.0,0.0
2024-05-30T02:00,3600,0.0,0.0,0.0,0.0,0.0,0.0,0.0,0.0,0.0
2024-05-30T03:00,3600,0.0,0.0,0.0,0.0,0.0,0.0,0.0,0.0,0.0
2024-05-30T04:00,3600,0.0,0.0,0.0,0.0,0.0,0.0,0.0,0.0,0.0
2024-05-30T05:00,3600,0.0,0.0,0.0,0.0,0.0,0.0,2.89822016,0.0,0.96820194
2024-05-30T06:00,3600,0.0,0.07710300445000001,0.0,0.0,0.0,0.07710300445000001,108.18883538,77.10300445,36.35491294
2024-05-30T07:00,3600,0.0,0.29681406002,0.0,0.0,0.0,0.29681406002,371.75613667,296.81406002,126.08001541
2024-05-30T08:00,3600,0.6413578414408361,0.62687179049,0.62687179049,0.014486050950836105,0.0,0.0,769.32728055,626.87179049,264.53871274
2024-05-30T09:00,3600,0.6135527640571632,1.13117056301,0.6135527640571632,0.0,0.0,0.5176177989528368,1380.62307512,1131.17056301,484.77492898
2024-05-30T10:00,3600,0.8035000147372424,1.44093315476,0.8035000147372424,0.0,0.0,0.6374331400227575,1758.45121058,1440.93315476,631.49563835
2024-05-30T11:00,3600,0.8155812153668259,1.39442751366,0.8155812153668259,0.0,0.0,0.578846298293174,1701.61156278,1394.42751366,609.90701279
2024-05-30T12:00,3600,0.7018692290454636,0.85601364525,0.7018692290454636,0.0,0.0,0.15414441620453645,1046.50546844,856.01364525,366.57510952
2024-05-30T13:00,3600,0.7571251176470588,0.98877760363,0.7571251176470588,0.0,0.0,0.2316524859829412,1207.54305283,988.77760363,424.97204946
2024-05-30T14:00,3600,0.7018126205882352,0.7107030974199999,0.7018126205882352,0.0,0.0,0.008890476831764693,870.6211554,710.70309742,303.44391184
2024-05-30T15:00,3600,0.6206582029411765,0.34404853169000005,0.34404853169000005,0.2766096712511764,0.0,0.0,428.53187801,344.04853169,147.24373792
2024-05-30T16:00,3600,0.5711140558823529,0.22633570547,0.22633570547,0.34477835041235283,0.0,0.0,287.11571418,226.33570547,97.84735798
2024-05-30T17:00,3600,0.5376408573495933,0.08928606091,0.08928606091,0.4483547964395933,0.0,0.0,122.78119238,89.28606091,41.61734306
2024-05-30T18:00,3600,0.0,0.037481053609999995,0.0,0.0,0.0,0.037481053609999995,60.74954668,37.48105361,20.39583689
2024-05-30T19:00,3600,0.0,0.0,0.0,0.0,0.0,0.0,0.0,0.0,0.0
2024-05-30T20:00,3600,0.0,0.0,0.0,0.0,0.0,0.0,0.0,0.0,0.0
2024-05-30T21:00,3600,0.0,0.0,0.0,0.0,0.0,0.0,0.0,0.0,0.0
2024-05-30T22:00,3600,0.0,0.0,0.0,0.0,0.0,0.0,0.0,0.0,0.0
2024-05-30T23:00,3600,0.0,0.0,0.0,0.0,0.0,0.0,0.0,0.0,0.0
2024-05-31T00:00,3600,0.0,0.0,0.0,0.0,0.0,0.0,0.0,0.0,0.0
2024-05-31T01:00,3600,0.0,0.0,0.0,0.0,0.0,0.0,0.0,0.0,0.0
2024-05-31T02:00,3600,0.0,0.0,0.0,0.0,0.0,0.0,0.0,0.0,0.0
2024-05-31T03:00,3600,0.0,0.0,0.0,0.0,0.0,0.0,0.0,0.0,0.0
2024-05-31T04:00,3600,0.0,0.0,0.0,0.0,0.0,0.0,0.0,0.0,0.0
2024-05-31T05:00,3600,0.0,0.0,0.0,0.0,0.0,0.0,2.89418147,0.0,0.96820194
2024-05-31T06:00,3600,0.0,0.0591432407,0.0,0.0,0.0,0.0591432407,86.68218928,59.1432407,29.15565461
2024-05-31T07:00,3600,0.0,0.30786630577,0.0,0.0,0.0,0.30786630577,385.03732259,307.86630577,130.75364794
2024-05-31T08:00,3600,0.7577343433004501,0.5246501736799999,0.5246501736799999,0.2330841696204502,0.0,0.0,645.98545412,524.65017368,221.72109838
2024-05-31T09:00,3600,0.6822133,0.83836310268,0.6822133,0.0,0.0,0.15614980268,1025.12051409,838.36310268,356.72405588
2024-05-31T10:00,3600,0.7910295352941177,1.1007566266,0.7910295352941177,0.0,0.0,0.3097270913058823,1343.62298403,1100.7566266,475.6521566
2024-05-31T11:00,3600,0.8796839588235295,1.4566880688000001,0.8796839588235295,0.0,0.0,0.5770041099764707,1777.71628916,1456.6880688,637.95575285
2024-05-31T12:00,3600,0.7370598588235294,0.7484609627300001,0.7370598588235294,0.0,0.0,0.011401103906470644,916.28615583,748.46096273,320.89961971
2024-05-31T13:00,3600,0.6896802617647058,0.67679796024,0.67679796024,0.012882301524705708,0.0,0.0,829.63792472,676.79796024,288.15987731
2024-05-31T14:00,3600,0.6327243499999999,0.5277025996,0.5277025996,0.10502175039999995,0.0,0.0,649.66579912,527.7025996,223.72694728
2024-05-31T15:00,3600,0.6249486058823529,0.53070664687,0.53070664687,0.09424195901235288,0.0,0.0,653.2879784,530.70664687,224.63940763
2024-05-31T16:00,3600,0.5290699147058824,0.12288529513999999,0.12288529513999999,0.40618461956588237,0.0,0.0,163.0386345,122.88529514,55.18751066
2024-05-31T17:00,3600,0.5337905088235294,0.11877278466,0.11877278466,0.4150177241635294,0.0,0.0,158.11008733,118.77278466,53.55837597
2024-05-31T18:00,3600,0.0,0.02530495685,0.0,0.0,0.0,0.02530495685,46.17672516,25.30495685,15.52302912
2024-05-31T19:00,3600,0.0,0.0,0.0,0.0,0.0,0.0,0.0,0.0,0.0
2024-05-31T20:00,3600,0.0,0.0,0.0,0.0,0.0,0.0,0.0,0.0,0.0
2024-05-31T21:00,3600,0.0,0.0,0.0,0.0,0.0,0.0,0.0,0.0,0.0
2024-05-31T22:00,3600,0.0,0.0,0.0,0.0,0.0,0.0,0.0,0.0,0.0
2024-05-31T23:00,3600,0.0,0.0,0.0,0.0,0.0,0.0,0.0,0.0,0.0
2024-06-01T00:00,3600,0.0,0.0,0.0,0.0,0.0,0.0,0.0,0.0,0.0
2024-06-01T01:00,3600,0.0,0.0,0.0,0.0,0.0,0.0,0.0,0.0,0.0
2024-06-01T02:00,3600,0.0,0.0,0.0,0.0,0.0,0.0,0.0,0.0,0.0
2024-06-01T03:00,3600,0.0,0.0,0.0,0.0,0.0,0.0,0.0,0.0,0.0
2024-06-01T04:00,3600,0.0,0.0,0.0,0.0,0.0,0.0,0.0,0.0,0.0
2024-06-01T05:00,3600,0.0,0.0,0.0,0.0,0.0,0.0,0.0,0.0,0.0
2024-06-01T06:00,3600,0.0,0.006033348720000001,0.0,0.0,0.0,0.006033348720000001,23.1170947,6.03334872,7.74561553
2024-06-01T07:00,3600,0.0,0.01566578445,0.0,0.0,0.0,0.01566578445,34.64205673,15.66578445,11.6184233
2024-06-01T08:00,3600,0.0,0.06144317635,0.0,0.0,0.0,0.06144317635,89.43602044,61.44317635,30.01426018
2024-06-01T09:00,3600,0.0,0.19935122885000003,0.0,0.0,0.0,0.19935122885000003,254.73246143,199.35122885,85.79943085
2024-06-01T10:00,3600,0.0,0.22875339346999998,0.0,0.0,0.0,0.22875339346999998,290.01774393,228.75339347,98.27288721
2024-06-01T11:00,3600,0.0,0.53431550488,0.0,0.0,0.0,0.53431550488,657.63963456,534.31550488,225.3517632
2024-06-01T12:00,3600,0.0,0.31308500639000003,0.0,0.0,0.0,0.31308500639000003,391.30925678,313.08500639,133.2551008
2024-06-01T13:00,3600,0.0,0.22192467675,0.0,0.0,0.0,0.22192467675,281.821282,221.92467675,95.56415429
2024-06-01T14:00,3600,0.0,0.25546684056,0.0,0.0,0.0,0.25546684056,322.08973003,255.46684056,109.21511179
2024-06-01T15:00,3600,0.0,0.09702655111,0.0,0.0,0.0,0.09702655111,132.05379977,97.02655111,44.5372893
2024-06-01T16:00,3600,0.0,0.07935341013000001,0.0,0.0,0.0,0.07935341013000001,110.88407879,79.35341013,37.31073345
2024-06-01T17:00,3600,0.0,0.030144947340000002,0.0,0.0,0.0,0.030144947340000002,51.96909732,30.14494734,17.42763494
2024-06-01T18:00,3600,0.0,0.0,0.0,0.0,0.0,0.0,8.74108158,0.0,2.92050485
2024-06-01T19:00,3600,0.0,0.0,0.0,0.0,0.0,0.0,0.0,0.0,0.0
2024-06-01T20:00,3600,0.0,0.0,0.0,0.0,0.0,0.0,0.0,0.0,0.0
2024-06-01T21:00,3600,0.0,0.0,0.0,0.0,0.0,0.0,0.0,0.0,0.0
2024-06-01T22:00,3600,0.0,0.0,0.0,0.0,0.0,0.0,0.0,0.0,0.0
2024-06-01T23:00,3600,0.0,0.0,0.0,0.0,0.0,0.0,0.0,0.0,0.0
2024-06-02T00:00,3600,0.0,0.0,0.0,0.0,0.0,0.0,0.0,0.0,0.0
2024-06-02T01:00,3600,0.0,0.0,0.0,0.0,0.0,0.0,0.0,0.0,0.0
2024-06-02T02:00,3600,0.0,0.0,0.0,0.0,0.0,0.0,0.0,0.0,0.0
2024-06-02T03:00,3600,0.0,0.0,0.0,0.0,0.0,0.0,0.0,0.0,0.0
2024-06-02T04:00,3600,0.0,0.0,0.0,0.0,0.0,0.0,0.0,0.0,0.0
2024-06-02T05:00,3600,0.0,0.0,0.0,0.0,0.0,0.0,5.81017501,0.0,1.93640388
2024-06-02T06:00,3600,0.0,0.10627442382999999,0.0,0.0,0.0,0.10627442382999999,143.13355139,106.27442383,48.12464178
2024-06-02T07:00,3600,0.0,0.45964580192,0.0,0.0,0.0,0.45964580192,567.64900623,459.64580192,194.00404065
2024-06-02T08:00,3600,0.0,0.94397924659,0.0,0.0,0.0,0.94397924659,1153.16797686,943.97924659,403.49434807
2024-06-02T09:00,3600,0.0,1.3547573431200002,0.0,0.0,0.0,1.3547573431200002,1653.15854699,1354.75734312,590.97042357
2024-06-02T10:00,3600,0.0,1.6446374107300001,0.0,0.0,0.0,1.6446374107300001,2007.903572,1644.63741073,736.63445383
2024-06-02T11:00,3600,0.0,1.7802919052100001,0.0,0.0,0.0,1.7802919052100001,2174.46239217,1780.29190521,803.75817186
2024-06-02T12:00,3600,0.0,1.39712130735,0.0,0.0,0.0,1.39712130735,1704.90282947,1397.12130735,618.02076413
2024-06-02T13:00,3600,0.0,1.1375082627100002,0.0,0.0,0.0,1.1375082627100002,1388.33537715,1137.50826271,499.98558796
2024-06-02T14:00,3600,0.0,1.00610491014,0.0,0.0,0.0,1.00610491014,1228.58444796,1006.10491014,439.76421007
2024-06-02T15:00,3600,0.0,0.9127620705299999,0.0,0.0,0.0,0.9127620705299999,1115.29931497,912.76207053,397.45413055
2024-06-02T16:00,3600,0.0,0.58332013113,0.0,0.0,0.0,0.58332013113,716.75410601,583.32013113,251.68100594
2024-06-02T17:00,3600,0.0,0.30043864604,0.0,0.0,0.0,0.30043864604,376.11146239,300.43864604,130.6556345
2024-06-02T18:00,3600,0.0,0.05579940363,0.0,0.0,0.0,0.05579940363,82.67860885,55.79940363,28.23684659
2024-06-02T19:00,3600,0.0,0.0,0.0,0.0,0.0,0.0,0.0,0.0,0.0
2024-06-02T20:00,3600,0.0,0.0,0.0,0.0,0.0,0.0,0.0,0.0,0.0
2024-06-02T21:00,3600,0.0,0.0,0.0,0.0,0.0,0.0,0.0,0.0,0.0
2024-06-02T22:00,3600,0.0,0.0,0.0,0.0,0.0,0.0,0.0,0.0,0.0
2024-06-02T23:00,3600,0.0,0.0,0.0,0.0,0.0,0.0,0.0,0.0,0.0
2024-06-03T00:00,3600,0.0,0.0,0.0,0.0,0.0,0.0,0.0,0.0,0.0
2024-06-03T01:00,3600,0.0,0.0,0.0,0.0,0.0,0.0,0.0,0.0,0.0
2024-06-03T02:00,3600,0.0,0.0,0.0,0.0,0.0,0.0,0.0,0.0,0.0
2024-06-03T03:00,3600,0.0,0.0,0.0,0.0,0.0,0.0,0.0,0.0,0.0
2024-06-03T04:00,3600,0.0,0.0,0.0,0.0,0.0,0.0,0.0,0.0,0.0
2024-06-03T05:00,3600,0.0,0.0,0.0,0.0,0.0,0.0,2.8860323,0.0,0.96820194
2024-06-03T06:00,3600,0.0,0.07176526456,0.0,0.0,0.0,0.07176526456,101.79634422,71.76526456,34.25812285
2024-06-03T07:00,3600,0.0,0.3068918549,0.0,0.0,0.0,0.3068918549,383.86626309,306.8918549,130.39239857
2024-06-03T08:00,3600,1.0870588235294116,0.6331818009800001,0.6331818009800001,0.45387702254941154,0.0,0.0,776.94724311,633.18180098,267.36991455
2024-06-03T09:00,3600,1.0870588235294116,0.48431588096,0.48431588096,0.6027429425694116,0.0,0.0,597.36979012,484.31588096,204.3225068
2024-06-03T10:00,3600,1.0870588235294116,0.73991071927,0.73991071927,0.34714810425941167,0.0,0.0,905.9430614,739.91071927,312.86626823
2024-06-03T11:00,3600,1.0870588235294116,0.82569721971,0.82569721971,0.26136160381941165,0.0,0.0,1009.77837948,825.69721971,349.65595904
2024-06-03T12:00,3600,1.0870588235294116,0.58241507569,0.58241507569,0.5046437478394117,0.0,0.0,715.6619387,582.41507569,245.31028458
2024-06-03T13:00,3600,1.0870588235294116,0.67883196843,0.67883196843,0.4082268550994116,0.0,0.0,832.0959638,678.83196843,286.07030181
2024-06-03T14:00,3600,1.0870588235294116,0.32657706503999995,0.32657706503999995,0.7604817584894117,0.0,0.0,407.52653812,326.57706504,138.45287762
2024-06-03T15:00,3600,1.0870588235294116,0.15161089898,0.15161089898,0.9354479245494116,0.0,0.0,197.47260082,151.61089898,66.80593396
2024-06-03T16:00,3600,0.575527995640174,0.38591336892,0.38591336892,0.18961462672017398,0.0,0.0,478.88686989,385.91336892,163.1320138
2024-06-03T17:00,3600,0.5105625323529412,0.14277027265,0.14277027265,0.36779225970294127,0.0,0.0,186.87359558,142.77027265,63.10883526
2024-06-03T18:00,3600,0.0,0.02058410761,0.0,0.0,0.0,0.02058410761,40.52733825,20.58410761,13.55482718
2024-06-03T19:00,3600,0.0,0.0,0.0,0.0,0.0,0.0,0.0,0.0,0.0
2024-06-03T20:00,3600,0.0,0.0,0.0,0.0,0.0,0.0,0.0,0.0,0.0
2024-06-03T21:00,3600,0.0,0.0,0.0,0.0,0.0,0.0,0.0,0.0,0.0
2024-06-03T22:00,3600,0.0,0.0,0.0,0.0,0.0,0.0,0.0,0.0,0.0
2024-06-03T23:00,3600,0.0,0.0,0.0,0.0,0.0,0.0,0.0,0.0,0.0
2024-06-04T00:00,3600,0.0,0.0,0.0,0.0,0.0,0.0,0.0,0.0,0.0
2024-06-04T01:00,3600,0.0,0.0,0.0,0.0,0.0,0.0,0.0,0.0,0.0
2024-06-04T02:00,3600,0.0,0.0,0.0,0.0,0.0,0.0,0.0,0.0,0.0
2024-06-04T03:00,3600,0.0,0.0,0.0,0.0,0.0,0.0,0.0,0.0,0.0
2024-06-04T04:00,3600,0.0,0.0,0.0,0.0,0.0,0.0,0.0,0.0,0.0
2024-06-04T05:00,3600,0.0,0.0,0.0,0.0,0.0,0.0,2.91657127,0.0,0.96820194
2024-06-04T06:00,3600,0.0,0.02565072174,0.0,0.0,0.0,0.02565072174,46.59051364,25.65072174,15.49123106
2024-06-04T07:00,3600,0.0,0.13901696999000002,0.0,0.0,0.0,0.13901696999000002,182.37419151,139.01696999,60.89816501
2024-06-04T08:00,3600,0.0,0.18166228533,0.0,0.0,0.0,0.18166228533,233.51155748,181.66228533,78.13537748
2024-06-04T09:00,3600,0.0,0.60427760678,0.0,0.0,0.0,0.60427760678,742.04851276,604.27760678,252.15148399
2024-06-04T10:00,3600,0.6641105428631402,0.77166069768,0.6641105428631402,0.0,0.0,0.10755015481685981,944.35725603,771.66069768,324.19610792
2024-06-04T11:00,3600,0.5781591796731854,0.9139728699099999,0.5781591796731854,0.0,0.0,0.3358136902368145,1116.76776562,913.97286991,386.52767554
2024-06-04T12:00,3600,0.5126006947921432,0.48450818694,0.48450818694,0.028092507852143234,0.0,0.0,597.60151015,484.50818694,203.68049418
2024-06-04T13:00,3600,0.5501927252389629,0.5917716617500001,0.5501927252389629,0.0,0.0,0.04157893651103717,726.9536316,591.77166175,248.58647293
2024-06-04T14:00,3600,0.4746278152578758,0.20662519429,0.20662519429,0.26800262096787575,0.0,0.0,263.46044533,206.62519429,89.07457861
2024-06-04T15:00,3600,0.4859780969792835,0.20914924569999999,0.20914924569999999,0.2768288512792835,0.0,0.0,266.48925925,209.1492457,90.00888337
2024-06-04T16:00,3600,0.45996811246892166,0.10141378941000001,0.10141378941000001,0.35855432305892165,0.0,0.0,137.30990113,101.41378941,46.16384632
2024-06-04T17:00,3600,0.44945431464276786,0.06870538220000001,0.06870538220000001,0.38074893244276786,0.0,0.0,98.13204944,68.7053822,32.91886601
2024-06-04T18:00,3600,0.0,0.00859629085,0.0,0.0,0.0,0.00859629085,26.18342862,8.59629085,8.71381747
2024-06-04T19:00,3600,0.0,0.0,0.0,0.0,0.0,0.0,0.0,0.0,0.0
2024-06-04T20:00,3600,0.0,0.0,0.0,0.0,0.0,0.0,0.0,0.0,0.0
2024-06-04T21:00,3600,0.0,0.0,0.0,0.0,0.0,0.0,0.0,0.0,0.0
2024-06-04T22:00,3600,0.0,0.0,0.0,0.0,0.0,0.0,0.0,0.0,0.0
2024-06-04T23:00,3600,0.0,0.0,0.0,0.0,0.0,0.0,0.0,0.0,0.0
2024-06-05T00:00,3600,0.0,0.0,0.0,0.0,0.0,0.0,0.0,0.0,0.0
2024-06-05T01:00,3600,0.0,0.0,0.0,0.0,0.0,0.0,0.0,0.0,0.0
2024-06-05T02:00,3600,0.0,0.0,0.0,0.0,0.0,0.0,0.0,0.0,0.0
2024-06-05T03:00,3600,0.0,0.0,0.0,0.0,0.0,0.0,0.0,0.0,0.0
2024-06-05T04:00,3600,0.0,0.0,0.0,0.0,0.0,0.0,0.0,0.0,0.0
2024-06-05T05:00,3600,0.0,0.0,0.0,0.0,0.0,0.0,2.92772143,0.0,0.96820194
2024-06-05T06:00,3600,0.0,0.056392541639999995,0.0,0.0,0.0,0.056392541639999995,83.38875927,56.39254164,27.64747606
2024-06-05T07:00,3600,0.0,0.2362882869,0.0,0.0,0.0,0.2362882869,299.06279319,236.2882869,99.91689521
2024-06-05T08:00,3600,0.0,0.45126557263,0.0,0.0,0.0,0.45126557263,557.55559698,451.26557263,188.11052769
2024-06-05T09:00,3600,0.0,0.95429843077,0.0,0.0,0.0,0.95429843077,1165.68984278,954.29843077,401.78098586
2024-06-05T10:00,3600,0.0,0.93769391046,0.0,0.0,0.0,0.93769391046,1145.54196853,937.69391046,397.83169033
2024-06-05T11:00,3600,0.954490743588029,0.85899503317,0.85899503317,0.09549571041802896,0.0,0.0,1050.11820918,858.99503317,363.68353832
2024-06-05T12:00,3600,0.533225982265463,0.50003707356,0.50003707356,0.03318890870546298,0.0,0.0,616.31532779,500.03707356,210.81935826
2024-06-05T13:00,3600,0.5290889002809136,0.30652207942000004,0.30652207942000004,0.22256682086091356,0.0,0.0,383.42188487,306.52207942,130.32908087
2024-06-05T14:00,3600,0.5113952019758516,0.26252551281000003,0.26252551281000003,0.24886968916585162,0.0,0.0,330.56645934,262.52551281,112.02494459
2024-06-05T15:00,3600,0.4901139676470589,0.21491579123,0.21491579123,0.2751981764170589,0.0,0.0,273.40943206,214.91579123,92.32154772
2024-06-05T16:00,3600,0.45694852352941173,0.05908772034,0.05908772034,0.39786080318941175,0.0,0.0,86.61571306,59.08772034,29.04605824
2024-06-05T17:00,3600,0.4541691117647059,0.04467685327,0.04467685327,0.40949225849470594,0.0,0.0,69.3629932,44.67685327,23.23684659
2024-06-05T18:00,3600,0.0,0.0,0.0,0.0,0.0,0.0,8.72368415,0.0,2.90460582
2024-06-05T19:00,3600,0.0,0.0,0.0,0.0,0.0,0.0,0.0,0.0,0.0
2024-06-05T20:00,3600,0.0,0.0,0.0,0.0,0.0,0.0,0.0,0.0,0.0
2024-06-05T21:00,3600,0.0,0.0,0.0,0.0,0.0,0.0,0.0,0.0,0.0
2024-06-05T22:00,3600,0.0,0.0,0.0,0.0,0.0,0.0,0.0,0.0,0.0
2024-06-05T23:00,3600,0.0,0.0,0.0,0.0,0.0,0.0,0.0,0.0,0.0
2024-06-06T00:00,3600,0.0,0.0,0.0,0.0,0.0,0.0,0.0,0.0,0.0
2024-06-06T01:00,3600,0.0,0.0,0.0,0.0,0.0,0.0,0.0,0.0,0.0
2024-06-06T02:00,3600,0.0,0.0,0.0,0.0,0.0,0.0,0.0,0.0,0.0
2024-06-06T03:00,3600,0.0,0.0,0.0,0.0,0.0,0.0,0.0,0.0,0.0
2024-06-06T04:00,3600,0.0,0.0,0.0,0.0,0.0,0.0,0.0,0.0,0.0
2024-06-06T05:00,3600,0.0,0.0,0.0,0.0,0.0,0.0,2.91450645,0.0,0.96820194
2024-06-06T06:00,3600,0.0,0.01830125077,0.0,0.0,0.0,0.01830125077,37.795611,18.30125077,12.58662524
2024-06-06T07:00,3600,0.0,0.06673803611,0.0,0.0,0.0,0.06673803611,95.77618528,66.73803611,31.95066407
2024-06-06T08:00,3600,0.0,0.15334008727,0.0,0.0,0.0,0.15334008727,199.54588334,153.34008727,66.80593396
2024-06-06T09:00,3600,0.0,0.27954515006999997,0.0,0.0,0.0,0.27954515006999997,351.00894119,279.54515007,118.12063685
2024-06-06T10:00,3600,0.5393884731929639,0.60512835907,0.5393884731929639,0.0,0.0,0.06573988587703605,743.07548813,605.12835907,254.55342991
2024-06-06T11:00,3600,0.542399757828243,0.66121752935,0.542399757828243,0.0,0.0,0.11881777152175699,810.81193691,661.21752935,279.10322372
2024-06-06T12:00,3600,0.5633413300345727,0.7444625676300001,0.5633413300345727,0.0,0.0,0.18112123759542742,911.4491938,744.46256763,315.19594852
2024-06-06T13:00,3600,0.5970581876926512,0.6628695999599999,0.5970581876926512,0.0,0.0,0.06581141226734877,812.80794012,662.86959996,281.45701505
2024-06-06T14:00,3600,0.5980647613541162,0.6327131669699999,0.5980647613541162,0.0,0.0,0.03464840561588367,776.38129619,632.71316697,268.7954601
2024-06-06T15:00,3600,0.5598654176393664,0.42206650630000003,0.42206650630000003,0.13779891133936634,0.0,0.0,522.39724363,422.0665063,179.45682455
2024-06-06T16:00,3600,0.5472070548269261,0.27628294821,0.27628294821,0.2709241066169261,0.0,0.0,347.09027077,276.28294821,118.43105497
2024-06-06T17:00,3600,0.5092619057208685,0.1319339857,0.1319339857,0.37732792002086846,0.0,0.0,173.8838979,131.9339857,58.9872493
2024-06-06T18:00,3600,0.0,0.02529042136,0.0,0.0,0.0,0.02529042136,46.15933011,25.29042136,15.53097864
2024-06-06T19:00,3600,0.0,0.0,0.0,0.0,0.0,0.0,0.0,0.0,0.0
2024-06-06T20:00,3600,0.0,0.0,0.0,0.0,0.0,0.0,0.0,0.0,0.0
2024-06-06T21:00,3600,0.0,0.0,0.0,0.0,0.0,0.0,0.0,0.0,0.0
2024-06-06T22:00,3600,0.0,0.0,0.0,0.0,0.0,0.0,0.0,0.0,0.0
2024-06-06T23:00,3600,0.0,0.0,0.0,0.0,0.0,0.0,0.0,0.0,0.0
2024-06-07T00:00,3600,0.0,0.0,0.0,0.0,0.0,0.0,0.0,0.0,0.0
2024-06-07T01:00,3600,0.0,0.0,0.0,0.0,0.0,0.0,0.0,0.0,0.0
2024-06-07T02:00,3600,0.0,0.0,0.0,0.0,0.0,0.0,0.0,0.0,0.0
2024-06-07T03:00,3600,0.0,0.0,0.0,0.0,0.0,0.0,0.0,0.0,0.0
2024-06-07T04:00,3600,0.0,0.0,0.0,0.0,0.0,0.0,0.0,0.0,0.0
2024-06-07T05:00,3600,0.0,0.0,0.0,0.0,0.0,0.0,2.90839623,0.0,0.96820194
2024-06-07T06:00,3600,0.0,0.0279433772,0.0,0.0,0.0,0.0279433772,49.33426511,27.9433772,16.459433
2024-06-07T07:00,3600,0.0,0.2093807019,0.0,0.0,0.0,0.2093807019,266.76700801,209.3807019,89.54100818
2024-06-07T08:00,3600,0.0,0.39261090626,0.0,0.0,0.0,0.39261090626,486.94559107,392.61090626,164.87168577
2024-06-07T09:00,3600,0.6806985037205584,0.5283644524400001,0.5283644524400001,0.15233405128055832,0.0,0.0,650.46382498,528.36445244,221.53228219
2024-06-07T10:00,3600,0.5901753008124709,0.7212858463600001,0.5901753008124709,0.0,0.0,0.1311105455475292,883.41747964,721.28584636,305.02145249
2024-06-07T11:00,3600,0.5695751637349183,0.63000011569,0.5695751637349183,0.0,0.0,0.060424951955081685,773.10495237,630.00011569,265.6703756
2024-06-07T12:00,3600,0.552212652126532,0.57503330986,0.552212652126532,0.0,0.0,0.022820657733467975,706.75461676,575.03330986,242.31892938
2024-06-07T13:00,3600,0.6297597001185457,0.78933851138,0.6297597001185457,0.0,0.0,0.15957881126145435,965.75359371,789.33851138,334.39003275
2024-06-07T14:00,3600,0.5138680215988811,0.22226301777,0.22226301777,0.2916050038288811,0.0,0.0,282.22737076,222.26301777,95.56345672
2024-06-07T15:00,3600,0.5286917325116153,0.31551735677,0.31551735677,0.2131743757416153,0.0,0.0,394.2326691,315.51735677,134.04806623
2024-06-07T16:00,3600,0.5099967822705782,0.21341081199999998,0.21341081199999998,0.2965859702705782,0.0,0.0,271.60331662,213.410812,91.97918443
2024-06-07T17:00,3600,0.4887132470588235,0.13288528663,0.13288528663,0.35582796042882353,0.0,0.0,175.02415965,132.88528663,58.95289259
2024-06-07T18:00,3600,0.0,0.03292809564,0.0,0.0,0.0,0.03292809564,55.30008346,32.92809564,18.49123106
2024-06-07T19:00,3600,0.0,0.0,0.0,0.0,0.0,0.0,0.0,0.0,0.0
2024-06-07T20:00,3600,0.0,0.0,0.0,0.0,0.0,0.0,0.0,0.0,0.0
2024-06-07T21:00,3600,0.0,0.0,0.0,0.0,0.0,0.0,0.0,0.0,0.0
2024-06-07T22:00,3600,0.0,0.0,0.0,0.0,0.0,0.0,0.0,0.0,0.0
2024-06-07T23:00,3600,0.0,0.0,0.0,0.0,0.0,0.0,0.0,0.0,0.0
2024-06-08T00:00,3600,0.0,0.0,0.0,0.0,0.0,0.0,0.0,0.0,0.0
2024-06-08T01:00,3600,0.0,0.0,0.0,0.0,0.0,0.0,0.0,0.0,0.0
2024-06-08T02:00,3600,0.0,0.0,0.0,0.0,0.0,0.0,0.0,0.0,0.0
2024-06-08T03:00,3600,0.0,0.0,0.0,0.0,0.0,0.0,0.0,0.0,0.0
2024-06-08T04:00,3600,0.0,0.0,0.0,0.0,0.0,0.0,0.0,0.0,0.0
2024-06-08T05:00,3600,0.0,0.0,0.0,0.0,0.0,0.0,2.90534996,0.0,0.96820194
2024-06-08T06:00,3600,0.0,0.07577068075,0.0,0.0,0.0,0.07577068075,106.59319364,75.77068075,35.68030799
2024-06-08T07:00,3600,0.0,0.24384776135000003,0.0,0.0,0.0,0.24384776135000003,308.13837117,243.84776135,103.87881494
2024-06-08T08:00,3600,0.0,0.47268869891,0.0,0.0,0.0,0.47268869891,583.36080369,472.68869891,198.63003106
2024-06-08T09:00,3600,0.0,0.37736914325,0.0,0.0,0.0,0.37736914325,468.60731923,377.36914325,159.17831345
2024-06-08T10:00,3600,0.0,0.39751620337,0.0,0.0,0.0,0.39751620337,492.84833635,397.51620337,168.32239584
2024-06-08T11:00,3600,0.0,0.50104192227,0.0,0.0,0.0,0.50104192227,617.52641856,501.04192227,211.67421757
2024-06-08T12:00,3600,0.0,0.9773667264900001,0.0,0.0,0.0,0.9773667264900001,1193.68930362,977.36672649,418.04280929
2024-06-08T13:00,3600,0.0,0.85703972234,0.0,0.0,0.0,0.85703972234,1047.74881401,857.03972234,367.71530894
2024-06-08T14:00,3600,0.0,0.8645159928399999,0.0,0.0,0.0,0.8645159928399999,1056.8087455,864.51599284,372.51971424
2024-06-08T15:00,3600,0.0,0.35206796263,0.0,0.0,0.0,0.35206796263,438.17520039,352.06796263,151.07204388
2024-06-08T16:00,3600,0.0,0.35980042457000005,0.0,0.0,0.0,0.35980042457000005,447.47453979,359.80042457,153.68900499
2024-06-08T17:00,3600,0.0,0.23785808098000003,0.0,0.0,0.0,0.23785808098000003,300.94733589,237.85808098,102.34514129
2024-06-08T18:00,3600,0.0,0.010845068480000001,0.0,0.0,0.0,0.010845068480000001,28.87398834,10.84506848,9.69791844
2024-06-08T19:00,3600,0.0,0.0,0.0,0.0,0.0,0.0,0.0,0.0,0.0
2024-06-08T20:00,3600,0.0,0.0,0.0,0.0,0.0,0.0,0.0,0.0,0.0
2024-06-08T21:00,3600,0.0,0.0,0.0,0.0,0.0,0.0,0.0,0.0,0.0
2024-06-08T22:00,3600,0.0,0.0,0.0,0.0,0.0,0.0,0.0,0.0,0.0
2024-06-08T23:00,3600,0.0,0.0,0.0,0.0,0.0,0.0,0.0,0.0,0.0
2024-06-09T00:00,3600,0.0,0.0,0.0,0.0,0.0,0.0,0.0,0.0,0.0
2024-06-09T01:00,3600,0.0,0.0,0.0,0.0,0.0,0.0,0.0,0.0,0.0
2024-06-09T02:00,3600,0.0,0.0,0.0,0.0,0.0,0.0,0.0,0.0,0.0
2024-06-09T03:00,3600,0.0,0.0,0.0,0.0,0.0,0.0,0.0,0.0,0.0
2024-06-09T04:00,3600,0.0,0.0,0.0,0.0,0.0,0.0,0.0,0.0,0.0
2024-06-09T05:00,3600,0.0,0.0,0.0,0.0,0.0,0.0,0.0,0.0,0.0
2024-06-09T06:00,3600,0.0,0.02776897948,0.0,0.0,0.0,0.02776897948,49.12555014,27.76897948,16.459433
2024-06-09T07:00,3600,0.0,0.0977639522,0.0,0.0,0.0,0.0977639522,132.93721426,97.7639522,44.68149041
2024-06-09T08:00,3600,0.0,0.20512498875,0.0,0.0,0.0,0.20512498875,261.66028104,205.12498875,88.31053192
2024-06-09T09:00,3600,0.0,0.42479342009000004,0.0,0.0,0.0,0.42479342009000004,525.68004615,424.79342009,178.86793113
2024-06-09T10:00,3600,0.0,0.65927310637,0.0,0.0,0.0,0.65927310637,808.46278241,659.27310637,279.45816798
2024-06-09T11:00,3600,0.0,0.66205901794,0.0,0.0,0.0,0.66205901794,811.82860268,662.05901794,281.40700429
2024-06-09T12:00,3600,0.0,0.9746208782800001,0.0,0.0,0.0,0.9746208782800001,1190.35597642,974.62087828,418.36656514
2024-06-09T13:00,3600,0.0,1.09518178777,0.0,0.0,0.0,1.09518178777,1336.84277869,1095.18178777,472.23917423
2024-06-09T14:00,3600,0.0,0.7278308155900001,0.0,0.0,0.0,0.7278308155900001,891.33247406,727.83081559,308.97463892
2024-06-09T15:00,3600,0.0,0.40651956087,0.0,0.0,0.0,0.40651956087,503.68357471,406.51956087,172.2495768
2024-06-09T16:00,3600,0.0,0.2835272136,0.0,0.0,0.0,0.2835272136,355.79259318,283.5272136,120.97478927
2024-06-09T17:00,3600,0.0,0.14669486899,0.0,0.0,0.0,0.14669486899,191.57861254,146.69486899,64.81439182
2024-06-09T18:00,3600,0.0,0.037251037029999996,0.0,0.0,0.0,0.037251037029999996,60.47422961,37.25103703,20.33224077
2024-06-09T19:00,3600,0.0,0.0,0.0,0.0,0.0,0.0,0.0,0.0,0.0
2024-06-09T20:00,3600,0.0,0.0,0.0,0.0,0.0,0.0,0.0,0.0,0.0
2024-06-09T21:00,3600,0.0,0.0,0.0,0.0,0.0,0.0,0.0,0.0,0.0
2024-06-09T22:00,3600,0.0,0.0,0.0,0.0,0.0,0.0,0.0,0.0,0.0
2024-06-09T23:00,3600,0.0,0.0,0.0,0.0,0.0,0.0,0.0,0.0,0.0
2024-06-10T00:00,3600,0.0,0.0,0.0,0.0,0.0,0.0,0.0,0.0,0.0
2024-06-10T01:00,3600,0.0,0.0,0.0,0.0,0.0,0.0,0.0,0.0,0.0
2024-06-10T02:00,3600,0.0,0.0,0.0,0.0,0.0,0.0,0.0,0.0,0.0
2024-06-10T03:00,3600,0.0,0.0,0.0,0.0,0.0,0.0,0.0,0.0,0.0
2024-06-10T04:00,3600,0.0,0.0,0.0,0.0,0.0,0.0,0.0,0.0,0.0
2024-06-10T05:00,3600,0.0,0.0,0.0,0.0,0.0,0.0,2.89316629,0.0,0.96820194
2024-06-10T06:00,3600,0.0,0.056666886640000004,0.0,0.0,0.0,0.056666886640000004,83.71722831,56.66688664,28.18110979
2024-06-10T07:00,3600,0.0,0.24381051909999998,0.0,0.0,0.0,0.24381051909999998,308.09365723,243.8105191,104.52463823
2024-06-10T08:00,3600,1.0870588235294116,0.45803368031,0.45803368031,0.6290251432194116,0.0,0.0,565.70721812,458.03368031,193.80057528
2024-06-10T09:00,3600,1.0870588235294116,0.87649766155,0.87649766155,0.21056116197941166,0.0,0.0,1071.33057775,876.49766155,373.60874766
2024-06-10T10:00,3600,1.0870588235294116,1.1128161883099998,1.0870588235294116,0.0,0.0,0.02575736478058821,1358.29198913,1112.81618831,482.97341686
2024-06-10T11:00,3600,1.086230588235294,1.35882752727,1.086230588235294,0.0,0.0,0.27259693903470583,1658.12849118,1358.82752727,597.53282104
2024-06-10T12:00,3600,1.0800188235294121,1.4395034982,1.0800188235294121,0.0,0.0,0.35948467467058776,1756.7032616,1439.5034982,637.61137811
2024-06-10T13:00,3600,1.0663529411764705,1.30512880504,1.0663529411764705,0.0,0.0,0.23877586386352956,1592.5841383,1305.12880504,576.00028773
2024-06-10T14:00,3600,1.07008,1.1475159726500002,1.07008,0.0,0.0,0.07743597265000024,1400.51521378,1147.51597265,501.35453746
2024-06-10T15:00,3600,1.0750494117647058,0.53813393964,0.53813393964,0.5369154721247058,0.0,0.0,662.24426112,538.13393964,230.80976626
2024-06-10T16:00,3600,0.8676092505365731,0.34290301322,0.34290301322,0.5247062373165732,0.0,0.0,427.15449267,342.90301322,146.93513687
2024-06-10T17:00,3600,0.6011030647058823,0.20370680029000002,0.20370680029000002,0.39739626441588227,0.0,0.0,259.95856974,203.70680029,88.99721602
2024-06-10T18:00,3600,0.0,0.05850543708,0.0,0.0,0.0,0.05850543708,85.91853086,58.50543708,29.10170484
2024-06-10T19:00,3600,0.0,0.0,0.0,0.0,0.0,0.0,0.0,0.0,0.0
2024-06-10T20:00,3600,0.0,0.0,0.0,0.0,0.0,0.0,0.0,0.0,0.0
2024-06-10T21:00,3600,0.0,0.0,0.0,0.0,0.0,0.0,0.0,0.0,0.0
2024-06-10T22:00,3600,0.0,0.0,0.0,0.0,0.0,0.0,0.0,0.0,0.0
2024-06-10T23:00,3600,0.0,0.0,0.0,0.0,0.0,0.0,0.0,0.0,0.0
2024-06-11T00:00,3600,0.0,0.0,0.0,0.0,0.0,0.0,0.0,0.0,0.0
2024-06-11T01:00,3600,0.0,0.0,0.0,0.0,0.0,0.0,0.0,0.0,0.0
2024-06-11T02:00,3600,0.0,0.0,0.0,0.0,0.0,0.0,0.0,0.0,0.0
2024-06-11T03:00,3600,0.0,0.0,0.0,0.0,0.0,0.0,0.0,0.0,0.0
2024-06-11T04:00,3600,0.0,0.0,0.0,0.0,0.0,0.0,0.0,0.0,0.0
2024-06-11T05:00,3600,0.0,0.0,0.0,0.0,0.0,0.0,5.76540977,0.0,1.93640388
2024-06-11T06:00,3600,0.0,0.09178452144,0.0,0.0,0.0,0.09178452144,125.77407029,91.78452144,42.51624164
2024-06-11T07:00,3600,0.0,0.32868798224,0.0,0.0,0.0,0.32868798224,410.0641294,328.68798224,140.11522655
2024-06-11T08:00,3600,1.0802304226425063,0.48952874257,0.48952874257,0.5907016800725063,0.0,0.0,603.65129005,489.52874257,207.88934553
2024-06-11T09:00,3600,0.7062905205882353,0.8866864510200001,0.7062905205882353,0.0,0.0,0.18039593043176483,1083.68151368,886.68645102,379.87764628
2024-06-11T10:00,3600,0.7462897147058823,0.7741029709699999,0.7462897147058823,0.0,0.0,0.02781325626411757,947.3129197,774.10297097,333.22062738
2024-06-11T11:00,3600,0.7036720676470589,0.57578931966,0.57578931966,0.1278827479870589,0.0,0.0,707.66682216,575.78931966,246.72681159
2024-06-11T12:00,3600,0.737007488235294,0.81691876595,0.737007488235294,0.0,0.0,0.07991127771470596,999.14680288,816.91876595,350.73076527
2024-06-11T13:00,3600,0.7031042823529413,0.54563643391,0.54563643391,0.15746784844294126,0.0,0.0,671.29224249,545.63643391,233.84889124
2024-06-11T14:00,3600,0.7432663529411764,0.68603929182,0.68603929182,0.05722706112117637,0.0,0.0,840.80641026,686.03929182,295.23026894
2024-06-11T15:00,3600,0.6747772294117648,0.38139768289000003,0.38139768289000003,0.29337954652176473,0.0,0.0,473.45388799,381.39768289,164.2654067
2024-06-11T16:00,3600,0.5827721647058823,0.19454172977,0.19454172977,0.38823043493588233,0.0,0.0,248.96209395,194.54172977,85.03012653
2024-06-11T17:00,3600,0.5714670205882353,0.12022075672,0.12022075672,0.4512462638682353,0.0,0.0,159.84534305,120.22075672,54.46079446
2024-06-11T18:00,3600,0.0,0.0250715226,0.0,0.0,0.0,0.0250715226,45.89736775,25.0715226,15.50713009
2024-06-11T19:00,3600,0.0,0.0,0.0,0.0,0.0,0.0,0.0,0.0,0.0
2024-06-11T20:00,3600,0.0,0.0,0.0,0.0,0.0,0.0,0.0,0.0,0.0
2024-06-11T21:00,3600,0.0,0.0,0.0,0.0,0.0,0.0,0.0,0.0,0.0
2024-06-11T22:00,3600,0.0,0.0,0.0,0.0,0.0,0.0,0.0,0.0,0.0
2024-06-11T23:00,3600,0.0,0.0,0.0,0.0,0.0,0.0,0.0,0.0,0.0
2024-06-12T00:00,3600,0.0,0.0,0.0,0.0,0.0,0.0,0.0,0.0,0.0
2024-06-12T01:00,3600,0.0,0.0,0.0,0.0,0.0,0.0,0.0,0.0,0.0
2024-06-12T02:00,3600,0.0,0.0,0.0,0.0,0.0,0.0,0.0,0.0,0.0
2024-06-12T03:00,3600,0.0,0.0,0.0,0.0,0.0,0.0,0.0,0.0,0.0
2024-06-12T04:00,3600,0.0,0.0,0.0,0.0,0.0,0.0,0.0,0.0,0.0
2024-06-12T05:00,3600,0.0,0.0,0.0,0.0,0.0,0.0,5.75927242,0.0,1.93640388
2024-06-12T06:00,3600,0.0,0.09701643606000002,0.0,0.0,0.0,0.09701643606000002,132.0416819,97.01643606,44.72401079
2024-06-12T07:00,3600,0.0,0.27548677615000006,0.0,0.0,0.0,0.27548677615000006,346.13391015,275.48677615,118.24575546
2024-06-12T08:00,3600,1.0870588235294116,0.53605279147,0.53605279147,0.5510060320594117,0.0,0.0,659.73458478,536.05279147,228.1205486
2024-06-12T09:00,3600,0.7167682007654211,0.84718835226,0.7167682007654211,0.0,0.0,0.13042015149457886,1035.81224847,847.18835226,363.83744227
2024-06-12T10:00,3600,0.8532622176470588,1.23414555409,0.8532622176470588,0.0,0.0,0.38088333644294114,1506.02551303,1234.14555409,542.85800362
2024-06-12T11:00,3600,0.8882590000000001,1.33823754038,0.8882590000000001,0.0,0.0,0.44997854037999985,1632.99005805,1338.23754038,591.51522948
2024-06-12T12:00,3600,0.9266029794117645,1.4800563443900001,0.9266029794117645,0.0,0.0,0.5534533649782356,1806.29962216,1480.05634439,657.76490972
2024-06-12T13:00,3600,0.8993519823529411,1.2472900798799997,0.8993519823529411,0.0,0.0,0.3479380975270586,1522.04712483,1247.29007988,549.18084123
2024-06-12T14:00,3600,0.8242033147058825,0.8648346996499999,0.8242033147058825,0.0,0.0,0.040631384944117444,1057.19498525,864.83469965,376.07218287
2024-06-12T15:00,3600,0.8338964058823528,0.87663718204,0.8338964058823528,0.0,0.0,0.04274077615764715,1071.49969274,876.63718204,381.9000616
2024-06-12T16:00,3600,0.7273667676470589,0.66570722098,0.66570722098,0.06165954666705886,0.0,0.0,816.23642109,665.70722098,285.54463955
2024-06-12T17:00,3600,0.6232085264705882,0.21133743390999998,0.21133743390999998,0.41187109256058824,0.0,0.0,269.11513584,211.33743391,92.38263979
2024-06-12T18:00,3600,0.0,0.017826998840000004,0.0,0.0,0.0,0.017826998840000004,37.2281201,17.82699884,12.58662524
2024-06-12T19:00,3600,0.0,0.0,0.0,0.0,0.0,0.0,0.0,0.0,0.0
2024-06-12T20:00,3600,0.0,0.0,0.0,0.0,0.0,0.0,0.0,0.0,0.0
2024-06-12T21:00,3600,0.0,0.0,0.0,0.0,0.0,0.0,0.0,0.0,0.0
2024-06-12T22:00,3600,0.0,0.0,0.0,0.0,0.0,0.0,0.0,0.0,0.0
2024-06-12T23:00,3600,0.0,0.0,0.0,0.0,0.0,0.0,0.0,0.0,0.0
2024-06-13T00:00,3600,0.0,0.0,0.0,0.0,0.0,0.0,0.0,0.0,0.0
2024-06-13T01:00,3600,0.0,0.0,0.0,0.0,0.0,0.0,0.0,0.0,0.0
2024-06-13T02:00,3600,0.0,0.0,0.0,0.0,0.0,0.0,0.0,0.0,0.0
2024-06-13T03:00,3600,0.0,0.0,0.0,0.0,0.0,0.0,0.0,0.0,0.0
2024-06-13T04:00,3600,0.0,0.0,0.0,0.0,0.0,0.0,0.0,0.0,0.0
2024-06-13T05:00,3600,0.0,0.0,0.0,0.0,0.0,0.0,2.87484752,0.0,0.96820194
2024-06-13T06:00,3600,0.0,0.08266862629,0.0,0.0,0.0,0.08266862629,114.85477778,82.66862629,38.90472377
2024-06-13T07:00,3600,0.0,0.22666082113,0.0,0.0,0.0,0.22666082113,287.50595503,226.66082113,98.03156016
2024-06-13T08:00,3600,1.0870588235294116,0.31724545266000004,0.31724545266000004,0.7698133708694116,0.0,0.0,396.30971107,317.24545266,135.87970391
2024-06-13T09:00,3600,0.6792743642038527,0.47123285224,0.47123285224,0.20804151196385268,0.0,0.0,581.60690211,471.23285224,200.63656346
2024-06-13T10:00,3600,0.6382501294117647,0.37018497454,0.37018497454,0.26806515487176474,0.0,0.0,459.96506959,370.18497454,158.78511839
2024-06-13T11:00,3600,0.661411894117647,0.48387220547,0.48387220547,0.17753968864764702,0.0,0.0,596.83518372,483.87220547,206.96547646
2024-06-13T12:00,3600,0.6875295529411765,0.55864062619,0.55864062619,0.12888892675117647,0.0,0.0,686.97767219,558.64062619,239.33227797
2024-06-13T13:00,3600,0.7393862205882352,0.6168780795000001,0.6168780795000001,0.12250814108823516,0.0,0.0,757.26036874,616.8780795,266.23043475
2024-06-13T14:00,3600,0.7391422705882355,0.53816984728,0.53816984728,0.2009724233082355,0.0,0.0,662.28756317,538.16984728,232.38129078
2024-06-13T15:00,3600,0.7411694617647058,0.6016997443100001,0.6016997443100001,0.1394697174547057,0.0,0.0,738.93675758,601.69974431,259.57417614
2024-06-13T16:00,3600,0.6568156029411766,0.32661608546,0.32661608546,0.3301995174811766,0.0,0.0,407.5734449,326.61608546,141.00604089
2024-06-13T17:00,3600,0.6032197088235294,0.10636503709,0.10636503709,0.4968546717335294,0.0,0.0,143.24212144,106.36503709,49.03509188
2024-06-13T18:00,3600,0.0,0.01296904945,0.0,0.0,0.0,0.01296904945,31.41531683,12.96904945,10.65022136
2024-06-13T19:00,3600,0.0,0.0,0.0,0.0,0.0,0.0,0.0,0.0,0.0
2024-06-13T20:00,3600,0.0,0.0,0.0,0.0,0.0,0.0,0.0,0.0,0.0
2024-06-13T21:00,3600,0.0,0.0,0.0,0.0,0.0,0.0,0.0,0.0,0.0
2024-06-13T22:00,3600,0.0,0.0,0.0,0.0,0.0,0.0,0.0,0.0,0.0
2024-06-13T23:00,3600,0.0,0.0,0.0,0.0,0.0,0.0,0.0,0.0,0.0
2024-06-14T00:00,3600,0.0,0.0,0.0,0.0,0.0,0.0,0.0,0.0,0.0
2024-06-14T01:00,3600,0.0,0.0,0.0,0.0,0.0,0.0,0.0,0.0,0.0
2024-06-14T02:00,3600,0.0,0.0,0.0,0.0,0.0,0.0,0.0,0.0,0.0
2024-06-14T03:00,3600,0.0,0.0,0.0,0.0,0.0,0.0,0.0,0.0,0.0
2024-06-14T04:00,3600,0.0,0.0,0.0,0.0,0.0,0.0,0.0,0.0,0.0
2024-06-14T05:00,3600,0.0,0.0,0.0,0.0,0.0,0.0,2.86876807,0.0,0.96820194
2024-06-14T06:00,3600,0.0,0.01779083444,0.0,0.0,0.0,0.01779083444,37.18484586,17.79083444,12.58662524
2024-06-14T07:00,3600,0.0,0.12478890565,0.0,0.0,0.0,0.12478890565,165.32007635,124.78890565,56.1557126
2024-06-14T08:00,3600,1.0870588235294116,0.28550972310999995,0.28550972310999995,0.8015491004194117,0.0,0.0,358.17428743,285.50972311,122.47946353
2024-06-14T09:00,3600,0.7583029809025077,0.42966877595,0.42966877595,0.32863420495250767,0.0,0.0,531.54959097,429.66877595,182.9482379
2024-06-14T10:00,3600,0.7212685029411765,0.8084915314000001,0.7212685029411765,0.0,0.0,0.08722302845882357,988.94191956,808.4915314,346.25347226
2024-06-14T11:00,3600,0.7770332205882353,1.02094540509,0.7770332205882353,0.0,0.0,0.24391218450176466,1246.61040976,1020.94540509,439.76882459
2024-06-14T12:00,3600,0.802886155882353,1.1674139445799998,0.802886155882353,0.0,0.0,0.3645277886976468,1424.73749837,1167.41394458,504.17689058
2024-06-14T13:00,3600,0.7850074764705882,1.09276187833,0.7850074764705882,0.0,0.0,0.3077544018594117,1333.89982738,1092.76187833,471.8385436
2024-06-14T14:00,3600,0.6847611558823531,0.60799915266,0.60799915266,0.07676200322235305,0.0,0.0,746.54102918,607.99915266,259.79696952
2024-06-14T15:00,3600,0.6487170441176471,0.40902245305,0.40902245305,0.23969459106764707,0.0,0.0,506.69598106,409.02245305,175.06200879
2024-06-14T16:00,3600,0.6213971764705882,0.32985970083000005,0.32985970083000005,0.2915374756405882,0.0,0.0,411.47271892,329.85970083,141.44296451
2024-06-14T17:00,3600,0.5392610911764706,0.16921874618000002,0.16921874618000002,0.3700423449964706,0.0,0.0,218.58675811,169.21874618,74.16838354
2024-06-14T18:00,3600,0.0,0.060976690300000004,0.0,0.0,0.0,0.060976690300000004,88.87746512,60.9766903,30.0222097
2024-06-14T19:00,3600,0.0,0.0,0.0,0.0,0.0,0.0,0.0,0.0,0.0
2024-06-14T20:00,3600,0.0,0.0,0.0,0.0,0.0,0.0,0.0,0.0,0.0
2024-06-14T21:00,3600,0.0,0.0,0.0,0.0,0.0,0.0,0.0,0.0,0.0
2024-06-14T22:00,3600,0.0,0.0,0.0,0.0,0.0,0.0,0.0,0.0,0.0
2024-06-14T23:00,3600,0.0,0.0,0.0,0.0,0.0,0.0,0.0,0.0,0.0
2024-06-15T00:00,3600,0.0,0.0,0.0,0.0,0.0,0.0,0.0,0.0,0.0
2024-06-15T01:00,3600,0.0,0.0,0.0,0.0,0.0,0.0,0.0,0.0,0.0
2024-06-15T02:00,3600,0.0,0.0,0.0,0.0,0.0,0.0,0.0,0.0,0.0
2024-06-15T03:00,3600,0.0,0.0,0.0,0.0,0.0,0.0,0.0,0.0,0.0
2024-06-15T04:00,3600,0.0,0.0,0.0,0.0,0.0,0.0,0.0,0.0,0.0
2024-06-15T05:00,3600,0.0,0.0,0.0,0.0,0.0,0.0,0.0,0.0,0.0
2024-06-15T06:00,3600,0.0,0.030074681689999997,0.0,0.0,0.0,0.030074681689999997,51.88500228,30.07468169,17.42763494
2024-06-15T07:00,3600,0.0,0.14027430788999998,0.0,0.0,0.0,0.14027430788999998,183.88144174,140.27430789,61.99443461
2024-06-15T08:00,3600,0.0,0.2880154015,0.0,0.0,0.0,0.2880154015,361.18459318,288.0154015,122.35445336
2024-06-15T09:00,3600,0.0,0.47806185421999997,0.0,0.0,0.0,0.47806185421999997,589.83433482,478.06185422,201.84205062
2024-06-15T10:00,3600,0.0,0.53978137754,0.0,0.0,0.0,0.53978137754,664.23097785,539.78137754,229.03266564
2024-06-15T11:00,3600,0.0,0.6732251531299999,0.0,0.0,0.0,0.6732251531299999,825.32047527,673.22515313,286.65106201
2024-06-15T12:00,3600,0.0,0.9937691476799999,0.0,0.0,0.0,0.9937691476799999,1213.60395841,993.76914768,427.40432149
2024-06-15T13:00,3600,0.0,0.70897367484,0.0,0.0,0.0,0.70897367484,868.5301872,708.97367484,303.0500657
2024-06-15T14:00,3600,0.0,0.27715140095999996,0.0,0.0,0.0,0.27715140095999996,348.1334678,277.15140096,118.99981143
2024-06-15T15:00,3600,0.0,0.06078101389999999,0.0,0.0,0.0,0.06078101389999999,88.64316969,60.7810139,30.01426018
2024-06-15T16:00,3600,0.0,0.09457630337999999,0.0,0.0,0.0,0.09457630337999999,129.11844596,94.57630338,43.56908736
2024-06-15T17:00,3600,0.0,0.08174063615,0.0,0.0,0.0,0.08174063615,113.74328623,81.74063615,38.3889435
2024-06-15T18:00,3600,0.0,0.042285356690000005,0.0,0.0,0.0,0.042285356690000005,66.50024516,42.28535669,22.26864465
2024-06-15T19:00,3600,0.0,0.0,0.0,0.0,0.0,0.0,0.0,0.0,0.0
2024-06-15T20:00,3600,0.0,0.0,0.0,0.0,0.0,0.0,0.0,0.0,0.0
2024-06-15T21:00,3600,0.0,0.0,0.0,0.0,0.0,0.0,0.0,0.0,0.0
2024-06-15T22:00,3600,0.0,0.0,0.0,0.0,0.0,0.0,0.0,0.0,0.0
2024-06-15T23:00,3600,0.0,0.0,0.0,0.0,0.0,0.0,0.0,0.0,0.0
2024-06-16T00:00,3600,0.0,0.0,0.0,0.0,0.0,0.0,0.0,0.0,0.0
2024-06-16T01:00,3600,0.0,0.0,0.0,0.0,0.0,0.0,0.0,0.0,0.0
2024-06-16T02:00,3600,0.0,0.0,0.0,0.0,0.0,0.0,0.0,0.0,0.0
2024-06-16T03:00,3600,0.0,0.0,0.0,0.0,0.0,0.0,0.0,0.0,0.0
2024-06-16T04:00,3600,0.0,0.0,0.0,0.0,0.0,0.0,0.0,0.0,0.0
2024-06-16T05:00,3600,0.0,0.0,0.0,0.0,0.0,0.0,0.0,0.0,0.0
2024-06-16T06:00,3600,0.0,0.0036466574500000006,0.0,0.0,0.0,0.0036466574500000006,20.26173398,3.64665745,6.77741359
2024-06-16T07:00,3600,0.0,0.00850256457,0.0,0.0,0.0,0.00850256457,26.07129136,8.50256457,8.71381747
2024-06-16T08:00,3600,0.0,0.04476397493999999,0.0,0.0,0.0,0.04476397493999999,69.46728438,44.76397494,23.23684659
2024-06-16T09:00,3600,0.0,0.08329823822000001,0.0,0.0,0.0,0.08329823822000001,115.60889832,83.29823822,38.72807766
2024-06-16T10:00,3600,0.0,0.21562983546999998,0.0,0.0,0.0,0.21562983546999998,274.26636592,215.62983547,92.94738637
2024-06-16T11:00,3600,0.0,0.28579238847,0.0,0.0,0.0,0.28579238847,358.51387413,285.79238847,121.92392863
2024-06-16T12:00,3600,0.0,0.44586700266,0.0,0.0,0.0,0.44586700266,551.05406329,445.86700266,188.55599959
2024-06-16T13:00,3600,0.0,0.6315799663499999,0.0,0.0,0.0,0.6315799663499999,775.01280045,631.57996635,267.30067617
2024-06-16T14:00,3600,0.0,0.29866437728,0.0,0.0,0.0,0.29866437728,373.97946025,298.66437728,127.70433751
2024-06-16T15:00,3600,0.0,0.22548254288,0.0,0.0,0.0,0.22548254288,286.09166027,225.48254288,97.78839608
2024-06-16T16:00,3600,0.0,0.20694825771,0.0,0.0,0.0,0.20694825771,263.84810897,206.94825771,89.86185073
2024-06-16T17:00,3600,0.0,0.1287106039,0.0,0.0,0.0,0.1287106039,170.02036232,128.7106039,57.73526998
2024-06-16T18:00,3600,0.0,0.05862717532,0.0,0.0,0.0,0.05862717532,86.06429057,58.62717532,29.05400776
2024-06-16T19:00,3600,0.0,0.0,0.0,0.0,0.0,0.0,2.87687764,0.0,0.96820194
2024-06-16T20:00,3600,0.0,0.0,0.0,0.0,0.0,0.0,0.0,0.0,0.0
2024-06-16T21:00,3600,0.0,0.0,0.0,0.0,0.0,0.0,0.0,0.0,0.0
2024-06-16T22:00,3600,0.0,0.0,0.0,0.0,0.0,0.0,0.0,0.0,0.0
2024-06-16T23:00,3600,0.0,0.0,0.0,0.0,0.0,0.0,0.0,0.0,0.0
2024-06-17T00:00,3600,0.0,0.0,0.0,0.0,0.0,0.0,0.0,0.0,0.0
2024-06-17T01:00,3600,0.0,0.0,0.0,0.0,0.0,0.0,0.0,0.0,0.0
2024-06-17T02:00,3600,0.0,0.0,0.0,0.0,0.0,0.0,0.0,0.0,0.0
2024-06-17T03:00,3600,0.0,0.0,0.0,0.0,0.0,0.0,0.0,0.0,0.0
2024-06-17T04:00,3600,0.0,0.0,0.0,0.0,0.0,0.0,0.0,0.0,0.0
2024-06-17T05:00,3600,0.0,0.0,0.0,0.0,0.0,0.0,2.88300299,0.0,0.96820194
2024-06-17T06:00,3600,0.0,0.07002439147,0.0,0.0,0.0,0.07002439147,99.71157957,70.02439147,33.67425187
2024-06-17T07:00,3600,0.0,0.2698945087,0.0,0.0,0.0,0.2698945087,339.41680756,269.8945087,115.71309095
2024-06-17T08:00,3600,1.0870588235294116,0.57421180639,0.57421180639,0.5128470171394116,0.0,0.0,705.76339813,574.21180639,244.11481743
2024-06-17T09:00,3600,1.0870588235294116,1.03566117813,1.03566117813,0.05139764539941161,0.0,0.0,1264.48891156,1035.66117813,446.92419392
2024-06-17T10:00,3600,1.0738070588235296,1.2907933654800001,1.0738070588235296,0.0,0.0,0.21698630665647056,1575.09555109,1290.79336548,568.11648291
2024-06-17T11:00,3600,1.0713223529411764,1.33316693646,1.0713223529411764,0.0,0.0,0.26184458351882367,1626.80055319,1333.16693646,587.70207796
2024-06-17T12:00,3600,1.0663529411764705,1.31167324543,1.0663529411764705,0.0,0.0,0.24532030425352946,1600.56934288,1311.67324543,577.73621042
2024-06-17T13:00,3600,1.0675952941176472,0.86587852033,0.86587852033,0.20171677378764719,0.0,0.0,1058.46000124,865.87852033,374.22366852
2024-06-17T14:00,3600,1.065110588235294,0.9654174036,0.9654174036,0.09969318463529409,0.0,0.0,1179.18441991,965.4174036,418.8330914
2024-06-17T15:00,3600,1.0825035294117646,0.7829950037,0.7829950037,0.2995085257117647,0.0,0.0,958.07507122,782.9950037,336.43405589
2024-06-17T16:00,3600,0.7355429391810776,0.53989391487,0.53989391487,0.19564902431107756,0.0,0.0,664.36669329,539.89391487,231.15322232
2024-06-17T17:00,3600,0.6442734000000001,0.24434287441999997,0.24434287441999997,0.39993052558000014,0.0,0.0,308.7328182,244.34287442,106.38932164
2024-06-17T18:00,3600,0.0,0.05354413065,0.0,0.0,0.0,0.05354413065,79.9784797,53.54413065,27.12555339
2024-06-17T19:00,3600,0.0,0.0,0.0,0.0,0.0,0.0,2.86063328,0.0,0.96820194
2024-06-17T20:00,3600,0.0,0.0,0.0,0.0,0.0,0.0,0.0,0.0,0.0
2024-06-17T21:00,3600,0.0,0.0,0.0,0.0,0.0,0.0,0.0,0.0,0.0
2024-06-17T22:00,3600,0.0,0.0,0.0,0.0,0.0,0.0,0.0,0.0,0.0
2024-06-17T23:00,3600,0.0,0.0,0.0,0.0,0.0,0.0,0.0,0.0,0.0
2024-06-18T00:00,3600,0.0,0.0,0.0,0.0,0.0,0.0,0.0,0.0,0.0
2024-06-18T01:00,3600,0.0,0.0,0.0,0.0,0.0,0.0,0.0,0.0,0.0
2024-06-18T02:00,3600,0.0,0.0,0.0,0.0,0.0,0.0,0.0,0.0,0.0
2024-06-18T03:00,3600,0.0,0.0,0.0,0.0,0.0,0.0,0.0,0.0,0.0
2024-06-18T04:00,3600,0.0,0.0,0.0,0.0,0.0,0.0,0.0,0.0,0.0
2024-06-18T05:00,3600,0.0,0.0,0.0,0.0,0.0,0.0,2.87485957,0.0,0.96820194
2024-06-18T06:00,3600,0.0,0.09018529775,0.0,0.0,0.0,0.09018529775,123.85836535,90.18529775,41.9509729
2024-06-18T07:00,3600,0.0,0.33353001285,0.0,0.0,0.0,0.33353001285,415.88516933,333.53001285,142.29069281
2024-06-18T08:00,3600,1.0870588235294116,0.54627603417,0.54627603417,0.5407827893594116,0.0,0.0,672.06364539,546.27603417,232.38868518
2024-06-18T09:00,3600,0.9300912253571118,0.88221430034,0.88221430034,0.047876925017111716,0.0,0.0,1078.26009961,882.21430034,378.18476922
2024-06-18T10:00,3600,0.8185195705882352,1.0844005888900001,0.8185195705882352,0.0,0.0,0.2658810183017649,1323.73215823,1084.40058889,472.30717281
2024-06-18T11:00,3600,0.8682353323529409,1.21327697766,0.8682353323529409,0.0,0.0,0.34504164530705916,1480.59584903,1213.27697766,532.83403744
2024-06-18T12:00,3600,0.8951029794117646,1.33663566309,0.8951029794117646,0.0,0.0,0.4415326836782354,1631.03465146,1336.63566309,587.79518491
2024-06-18T13:00,3600,0.8047270617647058,1.06832746947,0.8047270617647058,0.0,0.0,0.26360040770529425,1304.19024106,1068.32746947,462.96922882
2024-06-18T14:00,3600,0.7593997029411765,0.8811739735499999,0.7593997029411765,0.0,0.0,0.1217742706088234,1076.99900482,881.17397355,379.41255472
2024-06-18T15:00,3600,0.6868898352941177,0.59809756445,0.59809756445,0.08879227084411778,0.0,0.0,734.58874451,598.09756445,254.91133783
2024-06-18T16:00,3600,0.6491148529411764,0.3399199683,0.3399199683,0.30919488464117645,0.0,0.0,423.56775387,339.9199683,146.11032143
2024-06-18T17:00,3600,0.6444128,0.2887171469,0.2887171469,0.3556956531,0.0,0.0,362.02768574,288.7171469,124.7880869
2024-06-18T18:00,3600,0.0,0.07245992898,0.0,0.0,0.0,0.07245992898,102.62824748,72.45992898,34.88706795
2024-06-18T19:00,3600,0.0,0.0,0.0,0.0,0.0,0.0,2.86064668,0.0,0.96820194
2024-06-18T20:00,3600,0.0,0.0,0.0,0.0,0.0,0.0,0.0,0.0,0.0
2024-06-18T21:00,3600,0.0,0.0,0.0,0.0,0.0,0.0,0.0,0.0,0.0
2024-06-18T22:00,3600,0.0,0.0,0.0,0.0,0.0,0.0,0.0,0.0,0.0
2024-06-18T23:00,3600,0.0,0.0,0.0,0.0,0.0,0.0,0.0,0.0,0.0
2024-06-19T00:00,3600,0.0,0.0,0.0,0.0,0.0,0.0,0.0,0.0,0.0
2024-06-19T01:00,3600,0.0,0.0,0.0,0.0,0.0,0.0,0.0,0.0,0.0
2024-06-19T02:00,3600,0.0,0.0,0.0,0.0,0.0,0.0,0.0,0.0,0.0
2024-06-19T03:00,3600,0.0,0.0,0.0,0.0,0.0,0.0,0.0,0.0,0.0
2024-06-19T04:00,3600,0.0,0.0,0.0,0.0,0.0,0.0,0.0,0.0,0.0
2024-06-19T05:00,3600,0.0,0.0,0.0,0.0,0.0,0.0,2.87486103,0.0,0.96820194
2024-06-19T06:00,3600,0.0,0.10069455947999999,0.0,0.0,0.0,0.10069455947999999,136.44820908,100.69455948,46.26679178
2024-06-19T07:00,3600,0.0,0.40892939144,0.0,0.0,0.0,0.40892939144,506.58397286,408.92939144,174.21869498
2024-06-19T08:00,3600,1.0870588235294116,0.62730481139,0.62730481139,0.4597540121394116,0.0,0.0,769.85017299,627.30481139,267.59115582
2024-06-19T09:00,3600,1.0301226147605747,1.07957132535,1.0301226147605747,0.0,0.0,0.04944871058942546,1317.86016913,1079.57132535,467.03515313
2024-06-19T10:00,3600,0.894744294117647,1.3485565676399998,0.894744294117647,0.0,0.0,0.45381227352235276,1645.58761993,1348.55656764,595.02409478
2024-06-19T11:00,3600,0.9460588617647059,1.55194031618,0.9460588617647059,0.0,0.0,0.6058814544152942,1894.29071377,1551.94031618,691.40437648
2024-06-19T12:00,3600,0.8935390235294117,1.28175234826,0.8935390235294117,0.0,0.0,0.3882133247305882,1564.06790382,1281.75234826,564.27781184
2024-06-19T13:00,3600,0.9575802294117647,1.4540281301800002,0.9575802294117647,0.0,0.0,0.49644790076823553,1774.46339189,1454.02813018,647.53582231
2024-06-19T14:00,3600,0.8753334470588235,1.14953913008,0.8753334470588235,0.0,0.0,0.2742056830211764,1402.97771506,1149.53913008,503.5486424
2024-06-19T15:00,3600,0.7828606382352942,0.78517360218,0.7828606382352942,0.0,0.0,0.002312963944705815,960.71208061,785.17360218,338.50410737
2024-06-19T16:00,3600,0.7183561970588236,0.5903988253300001,0.5903988253300001,0.1279573717288235,0.0,0.0,725.29676877,590.39882533,253.3200335
2024-06-19T17:00,3600,0.650828394117647,0.2900525728,0.2900525728,0.360775821317647,0.0,0.0,363.63212057,290.0525728,125.37246548
2024-06-19T18:00,3600,0.0,0.07696049895000001,0.0,0.0,0.0,0.07696049895000001,108.01816385,76.96049895,36.83937086
2024-06-19T19:00,3600,0.0,0.0,0.0,0.0,0.0,0.0,2.85248614,0.0,0.96820194
2024-06-19T20:00,3600,0.0,0.0,0.0,0.0,0.0,0.0,0.0,0.0,0.0
2024-06-19T21:00,3600,0.0,0.0,0.0,0.0,0.0,0.0,0.0,0.0,0.0
2024-06-19T22:00,3600,0.0,0.0,0.0,0.0,0.0,0.0,0.0,0.0,0.0
2024-06-19T23:00,3600,0.0,0.0,0.0,0.0,0.0,0.0,0.0,0.0,0.0
2024-06-20T00:00,3600,0.0,0.0,0.0,0.0,0.0,0.0,0.0,0.0,0.0
2024-06-20T01:00,3600,0.0,0.0,0.0,0.0,0.0,0.0,0.0,0.0,0.0
2024-06-20T02:00,3600,0.0,0.0,0.0,0.0,0.0,0.0,0.0,0.0,0.0
2024-06-20T03:00,3600,0.0,0.0,0.0,0.0,0.0,0.0,0.0,0.0,0.0
2024-06-20T04:00,3600,0.0,0.0,0.0,0.0,0.0,0.0,0.0,0.0,0.0
2024-06-20T05:00,3600,0.0,0.0,0.0,0.0,0.0,0.0,5.74714705,0.0,1.93640388
2024-06-20T06:00,3600,0.0,0.07649921465000001,0.0,0.0,0.0,0.07649921465000001,107.46570975,76.49921465,36.51763206
2024-06-20T07:00,3600,0.0,0.36287190171,0.0,0.0,0.0,0.36287190171,451.16870828,362.87190171,155.07297288
2024-06-20T08:00,3600,1.0870588235294116,0.68758244871,0.68758244871,0.3994763748194117,0.0,0.0,842.67152349,687.58244871,293.82803853
2024-06-20T09:00,3600,1.0870588235294116,1.04361483383,1.04361483383,0.043443989699411656,0.0,0.0,1274.15364783,1043.61483383,451.61751586
2024-06-20T10:00,3600,0.9470279700161307,1.23525793553,0.9470279700161307,0.0,0.0,0.28822996551386926,1507.3812482,1235.25793553,543.32605134
2024-06-20T11:00,3600,0.9695096117647058,1.59727628611,0.9695096117647058,0.0,0.0,0.6277666743452942,1949.83564404,1597.27628611,714.27243603
2024-06-20T12:00,3600,0.9054437411764705,1.28889947669,0.9054437411764705,0.0,0.0,0.3834557355135294,1572.78538114,1288.89947669,569.21108922
2024-06-20T13:00,3600,0.921980811764706,1.3128673102000001,0.921980811764706,0.0,0.0,0.3908864984352941,1602.02636887,1312.8673102,580.92790869
2024-06-20T14:00,3600,0.9112915500000001,1.2469234690400002,0.9112915500000001,0.0,0.0,0.3356319190400001,1521.60022598,1246.92346904,550.04794884
2024-06-20T15:00,3600,0.8756921323529412,1.0722973359,0.8756921323529412,0.0,0.0,0.1966052035470589,1309.01641201,1072.2973359,469.4056992
2024-06-20T16:00,3600,0.8145799235294118,0.7789502577199999,0.7789502577199999,0.03562966580941185,0.0,0.0,953.17947881,778.95025772,337.2776409
2024-06-20T17:00,3600,0.7510121382352941,0.43900742595000003,0.43900742595000003,0.3120047122852941,0.0,0.0,542.79378906,439.00742595,189.75344573
2024-06-20T18:00,3600,0.0,0.08880492529,0.0,0.0,0.0,0.08880492529,122.20485816,88.80492529,41.89501746
2024-06-20T19:00,3600,0.0,0.0,0.0,0.0,0.0,0.0,2.83927814,0.0,0.96820194
2024-06-20T20:00,3600,0.0,0.0,0.0,0.0,0.0,0.0,0.0,0.0,0.0
2024-06-20T21:00,3600,0.0,0.0,0.0,0.0,0.0,0.0,0.0,0.0,0.0
2024-06-20T22:00,3600,0.0,0.0,0.0,0.0,0.0,0.0,0.0,0.0,0.0
2024-06-20T23:00,3600,0.0,0.0,0.0,0.0,0.0,0.0,0.0,0.0,0.0
2024-06-21T00:00,3600,0.0,0.0,0.0,0.0,0.0,0.0,0.0,0.0,0.0
2024-06-21T01:00,3600,0.0,0.0,0.0,0.0,0.0,0.0,0.0,0.0,0.0
2024-06-21T02:00,3600,0.0,0.0,0.0,0.0,0.0,0.0,0.0,0.0,0.0
2024-06-21T03:00,3600,0.0,0.0,0.0,0.0,0.0,0.0,0.0,0.0,0.0
2024-06-21T04:00,3600,0.0,0.0,0.0,0.0,0.0,0.0,0.0,0.0,0.0
2024-06-21T05:00,3600,0.0,0.0,0.0,0.0,0.0,0.0,5.74103141,0.0,1.93640388
2024-06-21T06:00,3600,0.0,0.11110350105,0.0,0.0,0.0,0.11110350105,148.91980848,111.10350105,50.63214008
2024-06-21T07:00,3600,0.0,0.46661650039999997,0.0,0.0,0.0,0.46661650039999997,576.04569991,466.6165004,199.10832239
2024-06-21T08:00,3600,1.0870588235294116,0.7519411552699999,0.7519411552699999,0.3351176682594117,0.0,0.0,920.49647318,751.94115527,322.70425179
2024-06-21T09:00,3600,1.0870588235294116,1.10267590518,1.0870588235294116,0.0,0.0,0.015617081650588283,1345.9573742,1102.67590518,478.79406694
2024-06-21T10:00,3600,1.0601411764705884,1.19781962811,1.0601411764705884,0.0,0.0,0.13767845163941161,1461.7653563,1197.81962811,525.89033624
2024-06-21T11:00,3600,1.058898823529412,1.6855629572200002,1.058898823529412,0.0,0.0,0.6266641336905883,2058.11552871,1685.56295722,755.13745816
2024-06-21T12:00,3600,1.052687058823529,1.68192749113,1.052687058823529,0.0,0.0,0.6292404323064709,2053.65384407,1681.92749113,753.12646161
2024-06-21T13:00,3600,1.0267622277996298,1.6430619270300002,1.0267622277996298,0.0,0.0,0.6162996992303704,2005.97123497,1643.06192703,737.37980237
2024-06-21T14:00,3600,1.0105386382352943,1.54876813085,1.0105386382352943,0.0,0.0,0.5382294926147058,1890.40566452,1548.76813085,693.06679307
2024-06-21T15:00,3600,0.9534482747453336,1.2323396215699998,0.9534482747453336,0.0,0.0,0.2788913468246662,1503.82454919,1232.33962157,545.07451842
2024-06-21T16:00,3600,0.8465881941176471,0.78342677068,0.78342677068,0.06316142343764708,0.0,0.0,958.59768175,783.42677068,340.68181756
2024-06-21T17:00,3600,0.7710111411764705,0.41287859838,0.41287859838,0.3581325427964705,0.0,0.0,511.33734369,412.87859838,179.24678747
2024-06-21T18:00,3600,0.0,0.09349742661999999,0.0,0.0,0.0,0.09349742661999999,127.82600438,93.49742662,43.83937086
2024-06-21T19:00,3600,0.0,0.0,0.0,0.0,0.0,0.0,2.83725731,0.0,0.96820194
2024-06-21T20:00,3600,0.0,0.0,0.0,0.0,0.0,0.0,0.0,0.0,0.0
2024-06-21T21:00,3600,0.0,0.0,0.0,0.0,0.0,0.0,0.0,0.0,0.0
2024-06-21T22:00,3600,0.0,0.0,0.0,0.0,0.0,0.0,0.0,0.0,0.0
2024-06-21T23:00,3600,0.0,0.0,0.0,0.0,0.0,0.0,0.0,0.0,0.0
2024-06-22T00:00,3600,0.0,0.0,0.0,0.0,0.0,0.0,0.0,0.0,0.0
2024-06-22T01:00,3600,0.0,0.0,0.0,0.0,0.0,0.0,0.0,0.0,0.0
2024-06-22T02:00,3600,0.0,0.0,0.0,0.0,0.0,0.0,0.0,0.0,0.0
2024-06-22T03:00,3600,0.0,0.0,0.0,0.0,0.0,0.0,0.0,0.0,0.0
2024-06-22T04:00,3600,0.0,0.0,0.0,0.0,0.0,0.0,0.0,0.0,0.0
2024-06-22T05:00,3600,0.0,0.0,0.0,0.0,0.0,0.0,5.73696093,0.0,1.93640388
2024-06-22T06:00,3600,0.0,0.09179469159,0.0,0.0,0.0,0.09179469159,125.78625322,91.79469159,42.79467386
2024-06-22T07:00,3600,0.0,0.40423700122,0.0,0.0,0.0,0.40423700122,500.93645252,404.23700122,172.89519996
2024-06-22T08:00,3600,0.0,0.80812492325,0.0,0.0,0.0,0.80812492325,988.49800835,808.12492325,347.63520898
2024-06-22T09:00,3600,0.0,1.2658026267400002,0.0,0.0,0.0,1.2658026267400002,1544.61720673,1265.80262674,552.91003694
2024-06-22T10:00,3600,0.0,1.35092998802,0.0,0.0,0.0,1.35092998802,1648.48539656,1350.92998802,597.97762922
2024-06-22T11:00,3600,0.0,1.31716813639,0.0,0.0,0.0,1.31716813639,1607.2745605,1317.16813639,582.43717933
2024-06-22T12:00,3600,0.0,1.3751764362599999,0.0,0.0,0.0,1.3751764362599999,1678.09465529,1375.17643626,609.84040152
2024-06-22T13:00,3600,0.0,1.48776537188,0.0,0.0,0.0,1.48776537188,1815.73132842,1487.76537188,664.0348536
2024-06-22T14:00,3600,0.0,1.11199442984,0.0,0.0,0.0,1.11199442984,1357.2923329,1111.99442984,488.45684883
2024-06-22T15:00,3600,0.0,0.95385259909,0.0,0.0,0.0,0.95385259909,1165.1488054,953.85259909,416.42631482
2024-06-22T16:00,3600,0.0,0.52828020236,0.0,0.0,0.0,0.52828020236,650.36224041,528.28020236,228.53042259
2024-06-22T17:00,3600,0.0,0.39659690712000006,0.0,0.0,0.0,0.39659690712000006,491.74207642,396.59690712,171.46478426
2024-06-22T18:00,3600,0.0,0.10514596699,0.0,0.0,0.0,0.10514596699,141.78148095,105.14596699,48.56908736
2024-06-22T19:00,3600,0.0,0.0,0.0,0.0,0.0,0.0,2.84233283,0.0,0.96820194
2024-06-22T20:00,3600,0.0,0.0,0.0,0.0,0.0,0.0,0.0,0.0,0.0
2024-06-22T21:00,3600,0.0,0.0,0.0,0.0,0.0,0.0,0.0,0.0,0.0
2024-06-22T22:00,3600,0.0,0.0,0.0,0.0,0.0,0.0,0.0,0.0,0.0
2024-06-22T23:00,3600,0.0,0.0,0.0,0.0,0.0,0.0,0.0,0.0,0.0
2024-06-23T00:00,3600,0.0,0.0,0.0,0.0,0.0,0.0,0.0,0.0,0.0
2024-06-23T01:00,3600,0.0,0.0,0.0,0.0,0.0,0.0,0.0,0.0,0.0
2024-06-23T02:00,3600,0.0,0.0,0.0,0.0,0.0,0.0,0.0,0.0,0.0
2024-06-23T03:00,3600,0.0,0.0,0.0,0.0,0.0,0.0,0.0,0.0,0.0
2024-06-23T04:00,3600,0.0,0.0,0.0,0.0,0.0,0.0,0.0,0.0,0.0
2024-06-23T05:00,3600,0.0,0.0,0.0,0.0,0.0,0.0,2.88196174,0.0,0.96820194
2024-06-23T06:00,3600,0.0,0.08432016367,0.0,0.0,0.0,0.08432016367,116.83292918,84.32016367,39.59801742
2024-06-23T07:00,3600,0.0,0.4106198408,0.0,0.0,0.0,0.4106198408,508.61860837,410.6198408,174.7208302
2024-06-23T08:00,3600,0.0,0.7895040153899999,0.0,0.0,0.0,0.7895040153899999,965.95393854,789.50401539,337.57205884
2024-06-23T09:00,3600,0.0,1.16327451713,0.0,0.0,0.0,1.16327451713,1419.69786405,1163.27451713,505.14493991
2024-06-23T10:00,3600,0.0,1.35017152171,0.0,0.0,0.0,1.35017152171,1647.55935188,1350.17152171,595.64170219
2024-06-23T11:00,3600,0.0,1.73634480305,0.0,0.0,0.0,1.73634480305,2120.46481547,1736.34480305,780.77532836
2024-06-23T12:00,3600,0.0,1.4426411714400003,0.0,0.0,0.0,1.4426411714400003,1760.53954321,1442.64117144,641.26749827
2024-06-23T13:00,3600,0.0,1.1901825137000002,0.0,0.0,0.0,1.1901825137000002,1452.46329986,1190.1825137,522.64321709
2024-06-23T14:00,3600,0.0,0.8961031252999999,0.0,0.0,0.0,0.8961031252999999,1095.09818655,896.1031253,387.75786928
2024-06-23T15:00,3600,0.0,0.8672944652800001,0.0,0.0,0.0,0.8672944652800001,1060.17603017,867.29446528,376.32184736
2024-06-23T16:00,3600,0.0,0.79689570737,0.0,0.0,0.0,0.79689570737,974.9021936,796.89570737,344.52926298
2024-06-23T17:00,3600,0.0,0.36884332105,0.0,0.0,0.0,0.36884332105,458.35122046,368.84332105,159.2976556
2024-06-23T18:00,3600,0.0,0.10773210475999999,0.0,0.0,0.0,0.10773210475999999,144.88011808,107.73210476,49.54523882
2024-06-23T19:00,3600,0.0,0.0,0.0,0.0,0.0,0.0,2.84842321,0.0,0.96820194
2024-06-23T20:00,3600,0.0,0.0,0.0,0.0,0.0,0.0,0.0,0.0,0.0
2024-06-23T21:00,3600,0.0,0.0,0.0,0.0,0.0,0.0,0.0,0.0,0.0
2024-06-23T22:00,3600,0.0,0.0,0.0,0.0,0.0,0.0,0.0,0.0,0.0
2024-06-23T23:00,3600,0.0,0.0,0.0,0.0,0.0,0.0,0.0,0.0,0.0
2024-06-24T00:00,3600,0.0,0.0,0.0,0.0,0.0,0.0,0.0,0.0,0.0
2024-06-24T01:00,3600,0.0,0.0,0.0,0.0,0.0,0.0,0.0,0.0,0.0
2024-06-24T02:00,3600,0.0,0.0,0.0,0.0,0.0,0.0,0.0,0.0,0.0
2024-06-24T03:00,3600,0.0,0.0,0.0,0.0,0.0,0.0,0.0,0.0,0.0
2024-06-24T04:00,3600,0.0,0.0,0.0,0.0,0.0,0.0,0.0,0.0,0.0
2024-06-24T05:00,3600,0.0,0.0,0.0,0.0,0.0,0.0,2.87790842,0.0,0.96820194
2024-06-24T06:00,3600,0.0,0.08332169681000001,0.0,0.0,0.0,0.08332169681000001,115.6369961,83.32169681,39.18461276
2024-06-24T07:00,3600,0.0,0.2242510472,0.0,0.0,0.0,0.2242510472,284.61351484,224.2510472,96.94096109
2024-06-24T08:00,3600,1.0870588235294116,0.37020033396999996,0.37020033396999996,0.7168584895594117,0.0,0.0,459.98354535,370.20033397,157.47181496
2024-06-24T09:00,3600,1.0870588235294116,0.66820186167,0.66820186167,0.4188569618594117,0.0,0.0,819.25062645,668.20186167,283.82350062
2024-06-24T10:00,3600,1.0787764705882352,1.02742449417,1.02742449417,0.0513519764182353,0.0,0.0,1254.48149618,1027.42449417,446.0398561
2024-06-24T11:00,3600,1.0713223529411764,1.36929409377,1.0713223529411764,0.0,0.0,0.2979717408288236,1670.91024321,1369.29409377,603.36781795
2024-06-24T12:00,3600,1.0738070588235296,1.7836555062400001,1.0738070588235296,0.0,0.0,0.7098484474164706,2178.59675881,1783.65550624,800.14833689
2024-06-24T13:00,3600,1.0502023529411766,0.9054896291200001,0.9054896291200001,0.1447127238211765,0.0,0.0,1106.47990835,905.48962912,394.11650868
2024-06-24T14:00,3600,1.065110588235294,1.0355014622399998,1.0355014622399998,0.029609125995294194,0.0,0.0,1264.29484781,1035.50146224,450.16902847
2024-06-24T15:00,3600,1.0713223529411764,0.79295210687,0.79295210687,0.27837024607117644,0.0,0.0,970.12801394,792.95210687,341.82114221
2024-06-24T16:00,3600,1.0638682352941178,0.40340554932,0.40340554932,0.6604626859741178,0.0,0.0,499.93580105,403.40554932,173.94806877
2024-06-24T17:00,3600,1.072564705882353,0.18319770921,0.18319770921,0.8893669966723531,0.0,0.0,235.35333875,183.19770921,81.00597018
2024-06-24T18:00,3600,0.0,0.041716515,0.0,0.0,0.0,0.041716515,65.81932649,41.716515,22.28454368
2024-06-24T19:00,3600,0.0,0.0,0.0,0.0,0.0,0.0,2.86062503,0.0,0.96820194
2024-06-24T20:00,3600,0.0,0.0,0.0,0.0,0.0,0.0,0.0,0.0,0.0
2024-06-24T21:00,3600,0.0,0.0,0.0,0.0,0.0,0.0,0.0,0.0,0.0
2024-06-24T22:00,3600,0.0,0.0,0.0,0.0,0.0,0.0,0.0,0.0,0.0
2024-06-24T23:00,3600,0.0,0.0,0.0,0.0,0.0,0.0,0.0,0.0,0.0
2024-06-25T00:00,3600,0.0,0.0,0.0,0.0,0.0,0.0,0.0,0.0,0.0
2024-06-25T01:00,3600,0.0,0.0,0.0,0.0,0.0,0.0,0.0,0.0,0.0
2024-06-25T02:00,3600,0.0,0.0,0.0,0.0,0.0,0.0,0.0,0.0,0.0
2024-06-25T03:00,3600,0.0,0.0,0.0,0.0,0.0,0.0,0.0,0.0,0.0
2024-06-25T04:00,3600,0.0,0.0,0.0,0.0,0.0,0.0,0.0,0.0,0.0
2024-06-25T05:00,3600,0.0,0.0,0.0,0.0,0.0,0.0,0.0,0.0,0.0
2024-06-25T06:00,3600,0.0,0.04185362245000001,0.0,0.0,0.0,0.04185362245000001,65.98344723,41.85362245,22.26864465
2024-06-25T07:00,3600,0.0,0.13226093752,0.0,0.0,0.0,0.13226093752,174.27579169,132.26093752,59.07221692
2024-06-25T08:00,3600,1.0870588235294116,0.34357293976,0.34357293976,0.7434858837694116,0.0,0.0,427.96001763,343.57293976,146.33653311
2024-06-25T09:00,3600,1.0870588235294116,0.45706449241,0.45706449241,0.6299943311194116,0.0,0.0,564.53986135,457.06449241,194.56111364
2024-06-25T10:00,3600,1.0870588235294116,0.82096787906,0.82096787906,0.2660909444694116,0.0,0.0,1004.05050377,820.96787906,352.14891784
2024-06-25T11:00,3600,1.0870588235294116,1.2125620151,1.0870588235294116,0.0,0.0,0.12550319157058842,1479.7247669,1212.5620151,525.70819691
2024-06-25T12:00,3600,1.0870588235294116,1.3291155186499999,1.0870588235294116,0.0,0.0,0.24205669512058825,1621.85548002,1329.11551865,580.80123372
2024-06-25T13:00,3600,1.0750494117647058,0.9596284994900001,0.9596284994900001,0.11542091227470574,0.0,0.0,1172.15841251,959.62849949,416.30887351
2024-06-25T14:00,3600,1.0837458823529413,1.10108940201,1.0837458823529413,0.0,0.0,0.017343519657058604,1344.02772892,1101.08940201,478.61350497
2024-06-25T15:00,3600,1.072564705882353,0.9858426849199999,0.9858426849199999,0.08672202096235315,0.0,0.0,1203.97958834,985.84268492,428.73495277
2024-06-25T16:00,3600,1.0870588235294116,0.7500346598500001,0.7500346598500001,0.33702416367941157,0.0,0.0,918.18997827,750.03465985,322.13095696
2024-06-25T17:00,3600,1.0870588235294116,0.38130233908999994,0.38130233908999994,0.7057564844394117,0.0,0.0,473.33918045,381.30233909,163.3995366
2024-06-25T18:00,3600,0.0,0.08196275395000001,0.0,0.0,0.0,0.08196275395000001,114.00932436,81.96275395,38.84235086
2024-06-25T19:00,3600,0.0,0.0,0.0,0.0,0.0,0.0,2.8626382,0.0,0.96820194
2024-06-25T20:00,3600,0.0,0.0,0.0,0.0,0.0,0.0,0.0,0.0,0.0
2024-06-25T21:00,3600,0.0,0.0,0.0,0.0,0.0,0.0,0.0,0.0,0.0
2024-06-25T22:00,3600,0.0,0.0,0.0,0.0,0.0,0.0,0.0,0.0,0.0
2024-06-25T23:00,3600,0.0,0.0,0.0,0.0,0.0,0.0,0.0,0.0,0.0
2024-06-26T00:00,3600,0.0,0.0,0.0,0.0,0.0,0.0,0.0,0.0,0.0
2024-06-26T01:00,3600,0.0,0.0,0.0,0.0,0.0,0.0,0.0,0.0,0.0
2024-06-26T02:00,3600,0.0,0.0,0.0,0.0,0.0,0.0,0.0,0.0,0.0
2024-06-26T03:00,3600,0.0,0.0,0.0,0.0,0.0,0.0,0.0,0.0,0.0
2024-06-26T04:00,3600,0.0,0.0,0.0,0.0,0.0,0.0,0.0,0.0,0.0
2024-06-26T05:00,3600,0.0,0.0,0.0,0.0,0.0,0.0,2.88908111,0.0,0.96820194
2024-06-26T06:00,3600,0.0,0.06848324717,0.0,0.0,0.0,0.06848324717,97.866043,68.48324717,33.05156455
2024-06-26T07:00,3600,0.0,0.26685806168,0.0,0.0,0.0,0.26685806168,335.76984092,266.85806168,114.28286126
2024-06-26T08:00,3600,1.0870588235294116,0.56213362612,0.56213362612,0.5249251974094117,0.0,0.0,691.19139087,562.13362612,238.63907724
2024-06-26T09:00,3600,1.0870588235294116,0.83087379232,0.83087379232,0.2561850312094116,0.0,0.0,1016.04838528,830.87379232,355.43770407
2024-06-26T10:00,3600,1.0849882352941176,1.0786133484699998,1.0786133484699998,0.006374886824117798,0.0,0.0,1316.69539923,1078.61334847,470.06672605
2024-06-26T11:00,3600,1.0825035294117646,1.05902636626,1.05902636626,0.023477163151764735,0.0,0.0,1292.8840267,1059.02636626,461.11508855
2024-06-26T12:00,3600,0.9748070929670356,1.22296081728,0.9748070929670356,0.0,0.0,0.24815372431296434,1492.39519881,1222.96081728,537.8462965
2024-06-26T13:00,3600,0.7887432970588236,0.7743988006,0.7743988006,0.01434449645882363,0.0,0.0,947.67094312,774.3988006,336.63381496
2024-06-26T14:00,3600,0.8543731235294117,1.15320883441,0.8543731235294117,0.0,0.0,0.29883571088058825,1407.44451816,1153.20883441,507.22031138
2024-06-26T15:00,3600,0.7960054764705882,0.88354909653,0.7960054764705882,0.0,0.0,0.08754362005941185,1079.87818245,883.54909653,382.46591795
2024-06-26T16:00,3600,0.6996729264705883,0.62315522583,0.62315522583,0.07651770064058827,0.0,0.0,764.83950008,623.15522583,266.38981041
2024-06-26T17:00,3600,0.6536251352941176,0.35734261471999995,0.35734261471999995,0.29628252057411764,0.0,0.0,444.51857181,357.34261472,153.51012573
2024-06-26T18:00,3600,0.0,0.07598669361999999,0.0,0.0,0.0,0.07598669361999999,106.85189675,75.98669362,36.32816482
2024-06-26T19:00,3600,0.0,0.0,0.0,0.0,0.0,0.0,2.86366479,0.0,0.96820194
2024-06-26T20:00,3600,0.0,0.0,0.0,0.0,0.0,0.0,0.0,0.0,0.0
2024-06-26T21:00,3600,0.0,0.0,0.0,0.0,0.0,0.0,0.0,0.0,0.0
2024-06-26T22:00,3600,0.0,0.0,0.0,0.0,0.0,0.0,0.0,0.0,0.0
2024-06-26T23:00,3600,0.0,0.0,0.0,0.0,0.0,0.0,0.0,0.0,0.0
2024-06-27T00:00,3600,0.0,0.0,0.0,0.0,0.0,0.0,0.0,0.0,0.0
2024-06-27T01:00,3600,0.0,0.0,0.0,0.0,0.0,0.0,0.0,0.0,0.0
2024-06-27T02:00,3600,0.0,0.0,0.0,0.0,0.0,0.0,0.0,0.0,0.0
2024-06-27T03:00,3600,0.0,0.0,0.0,0.0,0.0,0.0,0.0,0.0,0.0
2024-06-27T04:00,3600,0.0,0.0,0.0,0.0,0.0,0.0,0.0,0.0,0.0
2024-06-27T05:00,3600,0.0,0.0,0.0,0.0,0.0,0.0,2.88907906,0.0,0.96820194
2024-06-27T06:00,3600,0.0,0.07405224221,0.0,0.0,0.0,0.07405224221,104.53517261,74.05224221,35.3609063
2024-06-27T07:00,3600,0.0,0.30884904081000003,0.0,0.0,0.0,0.30884904081000003,386.21835498,308.84904081,131.79374261
2024-06-27T08:00,3600,1.0870588235294116,0.61414185116,0.61414185116,0.47291697236941166,0.0,0.0,753.95682547,614.14185116,260.91072311
2024-06-27T09:00,3600,0.7752104032066389,0.98048048469,0.7752104032066389,0.0,0.0,0.20527008148336112,1197.46942463,980.48048469,421.59394789
2024-06-27T10:00,3600,0.9065342764705883,1.4423875842800002,0.9065342764705883,0.0,0.0,0.535853307809412,1760.22948751,1442.38758428,639.63402359
2024-06-27T11:00,3600,0.9714671029411764,1.6227700911500003,0.9714671029411764,0.0,0.0,0.6513029882088238,1981.08745082,1622.77009115,728.48576156
2024-06-27T12:00,3600,0.9926016764705883,1.6721921816399998,0.9926016764705883,0.0,0.0,0.6795905051694116,2041.7072722,1672.19218164,754.44259837
2024-06-27T13:00,3600,1.0352643588235297,1.70741334615,1.0352643588235297,0.0,0.0,0.6721489873264703,2084.93709894,1707.41334615,777.9005065
2024-06-27T14:00,3600,0.9693803970588236,1.3901248816,0.9693803970588236,0.0,0.0,0.4207444845411764,1696.35490756,1390.1248816,624.07811997
2024-06-27T15:00,3600,0.9239833382352941,1.1742754473500001,0.9239833382352941,0.0,0.0,0.250292109114706,1433.09188608,1174.27544735,521.20071423
2024-06-27T16:00,3600,0.767250038235294,0.7021919943,0.7021919943,0.06505804393529402,0.0,0.0,860.33128536,702.1919943,303.33606295
2024-06-27T17:00,3600,0.6856509264705882,0.30425713927,0.30425713927,0.38139378720058825,0.0,0.0,380.70004334,304.25713927,131.96308309
2024-06-27T18:00,3600,0.0,0.08072234520000002,0.0,0.0,0.0,0.08072234520000002,112.52365532,80.7223452,38.41135603
2024-06-27T19:00,3600,0.0,0.0,0.0,0.0,0.0,0.0,2.84841509,0.0,0.96820194
2024-06-27T20:00,3600,0.0,0.0,0.0,0.0,0.0,0.0,0.0,0.0,0.0
2024-06-27T21:00,3600,0.0,0.0,0.0,0.0,0.0,0.0,0.0,0.0,0.0
2024-06-27T22:00,3600,0.0,0.0,0.0,0.0,0.0,0.0,0.0,0.0,0.0
2024-06-27T23:00,3600,0.0,0.0,0.0,0.0,0.0,0.0,0.0,0.0,0.0
2024-06-28T00:00,3600,0.0,0.0,0.0,0.0,0.0,0.0,0.0,0.0,0.0
2024-06-28T01:00,3600,0.0,0.0,0.0,0.0,0.0,0.0,0.0,0.0,0.0
2024-06-28T02:00,3600,0.0,0.0,0.0,0.0,0.0,0.0,0.0,0.0,0.0
2024-06-28T03:00,3600,0.0,0.0,0.0,0.0,0.0,0.0,0.0,0.0,0.0
2024-06-28T04:00,3600,0.0,0.0,0.0,0.0,0.0,0.0,0.0,0.0,0.0
2024-06-28T05:00,3600,0.0,0.0,0.0,0.0,0.0,0.0,2.879913,0.0,0.96820194
2024-06-28T06:00,3600,0.0,0.07773106635,0.0,0.0,0.0,0.07773106635,108.94103723,77.73106635,36.95390101
2024-06-28T07:00,3600,0.0,0.27576019177,0.0,0.0,0.0,0.27576019177,346.46233528,275.76019177,118.52948888
2024-06-28T08:00,3600,1.0870588235294116,0.70816712018,0.70816712018,0.3788917033494116,0.0,0.0,867.55503639,708.16712018,302.55005813
2024-06-28T09:00,3600,1.075378709629773,0.95419106176,0.95419106176,0.1211876478697731,0.0,0.0,1165.55954518,954.19106176,411.44310122
2024-06-28T10:00,3600,0.9373270911764705,1.5005434983200001,0.9373270911764705,0.0,0.0,0.5632164071435296,1831.36736779,1500.54349832,667.43241291
2024-06-28T11:00,3600,0.8625022588235294,1.13204692952,0.8625022588235294,0.0,0.0,0.2695446706964706,1381.68947473,1132.04692952,495.28384828
2024-06-28T12:00,3600,0.9969450441176468,1.7425176831,0.9969450441176468,0.0,0.0,0.7455726389823532,2128.04716446,1742.5176831,781.8241649
2024-06-28T13:00,3600,1.0000584764705884,1.5745355279099997,1.0000584764705884,0.0,0.0,0.5744770514394113,1921.96913022,1574.53552791,705.91917339
2024-06-28T14:00,3600,0.9559814235294118,1.3593565522500002,0.9559814235294118,0.0,0.0,0.40337512872058834,1658.77448601,1359.35655225,603.89340486
2024-06-28T15:00,3600,0.8823967117647059,1.03743810323,0.8823967117647059,0.0,0.0,0.15504139146529405,1266.64800708,1037.43810323,454.36458489
2024-06-28T16:00,3600,0.8415623058823529,0.79967146851,0.79967146851,0.041890837372352885,0.0,0.0,978.26274128,799.67146851,347.63058843
2024-06-28T17:00,3600,0.762882005882353,0.43464595720000004,0.43464595720000004,0.32823604868235295,0.0,0.0,537.54216821,434.6459572,188.30275597
2024-06-28T18:00,3600,0.0,0.08827538869,0.0,0.0,0.0,0.08827538869,121.57055097,88.27538869,41.74372678
2024-06-28T19:00,3600,0.0,0.0,0.0,0.0,0.0,0.0,2.83624619,0.0,0.96820194
2024-06-28T20:00,3600,0.0,0.0,0.0,0.0,0.0,0.0,0.0,0.0,0.0
2024-06-28T21:00,3600,0.0,0.0,0.0,0.0,0.0,0.0,0.0,0.0,0.0
2024-06-28T22:00,3600,0.0,0.0,0.0,0.0,0.0,0.0,0.0,0.0,0.0
2024-06-28T23:00,3600,0.0,0.0,0.0,0.0,0.0,0.0,0.0,0.0,0.0
2024-06-29T00:00,3600,0.0,0.0,0.0,0.0,0.0,0.0,0.0,0.0,0.0
2024-06-29T01:00,3600,0.0,0.0,0.0,0.0,0.0,0.0,0.0,0.0,0.0
2024-06-29T02:00,3600,0.0,0.0,0.0,0.0,0.0,0.0,0.0,0.0,0.0
2024-06-29T03:00,3600,0.0,0.0,0.0,0.0,0.0,0.0,0.0,0.0,0.0
2024-06-29T04:00,3600,0.0,0.0,0.0,0.0,0.0,0.0,0.0,0.0,0.0
2024-06-29T05:00,3600,0.0,0.0,0.0,0.0,0.0,0.0,2.87790345,0.0,0.96820194
2024-06-29T06:00,3600,0.0,0.08037616505,0.0,0.0,0.0,0.08037616505,112.10903145,80.37616505,38.00631067
2024-06-29T07:00,3600,0.0,0.44866186200999997,0.0,0.0,0.0,0.44866186200999997,554.41986523,448.66186201,190.98846273
2024-06-29T08:00,3600,0.0,0.81698187604,0.0,0.0,0.0,0.81698187604,999.22323038,816.98187604,350.66898183
2024-06-29T09:00,3600,0.0,1.20079897817,0.0,0.0,0.0,1.20079897817,1465.39452027,1200.79897817,522.85686285
2024-06-29T10:00,3600,0.0,1.4586853063,0.0,0.0,0.0,1.4586853063,1780.1588427,1458.6853063,644.78557493
2024-06-29T11:00,3600,0.0,1.5258183750999998,0.0,0.0,0.0,1.5258183750999998,1862.30425848,1525.8183751,675.34219806
2024-06-29T12:00,3600,0.0,1.3915882447399999,0.0,0.0,0.0,1.3915882447399999,1698.14270321,1391.58824474,612.78299293
2024-06-29T13:00,3600,0.0,1.57875163295,0.0,0.0,0.0,1.57875163295,1927.13479996,1578.75163295,704.18852537
2024-06-29T14:00,3600,0.0,1.49438169624,0.0,0.0,0.0,1.49438169624,1823.82705133,1494.38169624,663.79083196
2024-06-29T15:00,3600,0.0,1.1141391915,0.0,0.0,0.0,1.1141391915,1359.90142809,1114.1391915,487.93656685
2024-06-29T16:00,3600,0.0,0.6826208383500001,0.0,0.0,0.0,0.6826208383500001,836.6749031,682.62083835,294.64567015
2024-06-29T17:00,3600,0.0,0.41481334786,0.0,0.0,0.0,0.41481334786,513.66616246,414.81334786,179.37127995
2024-06-29T18:00,3600,0.0,0.0936726547,0.0,0.0,0.0,0.0936726547,128.03591764,93.6726547,43.87177545
2024-06-29T19:00,3600,0.0,0.0,0.0,0.0,0.0,0.0,5.68208388,0.0,1.93640388
2024-06-29T20:00,3600,0.0,0.0,0.0,0.0,0.0,0.0,0.0,0.0,0.0
2024-06-29T21:00,3600,0.0,0.0,0.0,0.0,0.0,0.0,0.0,0.0,0.0
2024-06-29T22:00,3600,0.0,0.0,0.0,0.0,0.0,0.0,0.0,0.0,0.0
2024-06-29T23:00,3600,0.0,0.0,0.0,0.0,0.0,0.0,0.0,0.0,0.0
2024-06-30T00:00,3600,0.0,0.0,0.0,0.0,0.0,0.0,0.0,0.0,0.0
2024-06-30T01:00,3600,0.0,0.0,0.0,0.0,0.0,0.0,0.0,0.0,0.0
2024-06-30T02:00,3600,0.0,0.0,0.0,0.0,0.0,0.0,0.0,0.0,0.0
2024-06-30T03:00,3600,0.0,0.0,0.0,0.0,0.0,0.0,0.0,0.0,0.0
2024-06-30T04:00,3600,0.0,0.0,0.0,0.0,0.0,0.0,0.0,0.0,0.0
2024-06-30T05:00,3600,0.0,0.0,0.0,0.0,0.0,0.0,2.86064713,0.0,0.96820194
2024-06-30T06:00,3600,0.0,0.08709619132,0.0,0.0,0.0,0.08709619132,120.15806338,87.09619132,40.76782523
2024-06-30T07:00,3600,0.0,0.32624026985,0.0,0.0,0.0,0.32624026985,407.12167482,326.24026985,139.50612581
2024-06-30T08:00,3600,0.0,0.7417313313299999,0.0,0.0,0.0,0.7417313313299999,908.14531487,741.73133133,316.04225106
2024-06-30T09:00,3600,0.0,1.11075068355,0.0,0.0,0.0,1.11075068355,1355.77935904,1110.75068355,480.13535653
2024-06-30T10:00,3600,0.0,1.22935070182,0.0,0.0,0.0,1.22935070182,1500.1819646,1229.35070182,539.20305923
2024-06-30T11:00,3600,0.0,1.58624611149,0.0,0.0,0.0,1.58624611149,1936.31804409,1586.24611149,705.59576081
2024-06-30T12:00,3600,0.0,1.29653035403,0.0,0.0,0.0,1.29653035403,1582.0939541,1296.53035403,570.05154825
2024-06-30T13:00,3600,0.0,1.40973877379,0.0,0.0,0.0,1.40973877379,1720.3206241,1409.73877379,624.81610463
2024-06-30T14:00,3600,0.0,0.83004535004,0.0,0.0,0.0,0.83004535004,1015.0449203,830.04535004,358.62332014
2024-06-30T15:00,3600,0.0,0.56747182788,0.0,0.0,0.0,0.56747182788,697.63146426,567.47182788,243.96189583
2024-06-30T16:00,3600,0.0,0.3109176857,0.0,0.0,0.0,0.3109176857,388.70446996,310.9176857,134.73860469
2024-06-30T17:00,3600,0.0,0.22550295994000003,0.0,0.0,0.0,0.22550295994000003,286.11616678,225.50295994,98.78550593
2024-06-30T18:00,3600,0.0,0.06729325688999999,0.0,0.0,0.0,0.06729325688999999,96.44104595,67.29325689,32.95706586
2024-06-30T19:00,3600,0.0,0.0,0.0,0.0,0.0,0.0,2.84335652,0.0,0.96820194
2024-06-30T20:00,3600,0.0,0.0,0.0,0.0,0.0,0.0,0.0,0.0,0.0
2024-06-30T21:00,3600,0.0,0.0,0.0,0.0,0.0,0.0,0.0,0.0,0.0
2024-06-30T22:00,3600,0.0,0.0,0.0,0.0,0.0,0.0,0.0,0.0,0.0
2024-06-30T23:00,3600,0.0,0.0,0.0,0.0,0.0,0.0,0.0,0.0,0.0
2024-07-01T00:00,3600,0.0,0.0,0.0,0.0,0.0,0.0,0.0,0.0,0.0
2024-07-01T01:00,3600,0.0,0.0,0.0,0.0,0.0,0.0,0.0,0.0,0.0
2024-07-01T02:00,3600,0.0,0.0,0.0,0.0,0.0,0.0,0.0,0.0,0.0
2024-07-01T03:00,3600,0.0,0.0,0.0,0.0,0.0,0.0,0.0,0.0,0.0
2024-07-01T04:00,3600,0.0,0.0,0.0,0.0,0.0,0.0,0.0,0.0,0.0
2024-07-01T05:00,3600,0.0,0.0,0.0,0.0,0.0,0.0,2.85555725,0.0,0.96820194
2024-07-01T06:00,3600,0.0,0.07955750254999999,0.0,0.0,0.0,0.07955750254999999,111.12851863,79.55750255,37.88706795
2024-07-01T07:00,3600,0.0,0.40260126027,0.0,0.0,0.0,0.40260126027,498.9678519,402.60126027,172.48289222
2024-07-01T08:00,3600,1.0870588235294116,0.84825286348,0.84825286348,0.23880596004941168,0.0,0.0,1037.10199396,848.25286348,365.393064
2024-07-01T09:00,3600,1.0812611764705882,1.1348088477,1.0812611764705882,0.0,0.0,0.05354767122941184,1385.05038654,1134.8088477,493.43444934
2024-07-01T10:00,3600,1.051444705882353,1.31728302498,1.051444705882353,0.0,0.0,0.265838319097647,1607.41476097,1317.28302498,581.42265511
2024-07-01T11:00,3600,1.052687058823529,1.36770953213,1.052687058823529,0.0,0.0,0.3150224733064708,1668.97504681,1367.70953213,603.489964
2024-07-01T12:00,3600,1.0675952941176472,1.4302740394800002,1.0675952941176472,0.0,0.0,0.362678745362353,1745.4199269,1430.27403948,629.55061191
2024-07-01T13:00,3600,1.0502023529411766,1.41513690972,1.0502023529411766,0.0,0.0,0.36493455677882336,1726.91774357,1415.13690972,625.2500588
2024-07-01T14:00,3600,1.0415058823529413,1.21238341643,1.0415058823529413,0.0,0.0,0.17087753407705875,1479.50717083,1212.38341643,533.58090623
2024-07-01T15:00,3600,1.0477176470588236,0.72980825659,0.72980825659,0.3179093904688236,0.0,0.0,893.72399693,729.80825659,315.89100824
2024-07-01T16:00,3600,1.0576564705882354,0.56670409217,0.56670409217,0.49095237841823547,0.0,0.0,696.70522642,566.70409217,244.22804204
2024-07-01T17:00,3600,1.0613835294117648,0.31063601913000005,0.31063601913000005,0.7507475102817648,0.0,0.0,388.36595617,310.63601913,134.71777262
2024-07-01T18:00,3600,0.0,0.07507954091999999,0.0,0.0,0.0,0.07507954091999999,105.76547061,75.07954092,36.19496682
2024-07-01T19:00,3600,0.0,0.0,0.0,0.0,0.0,0.0,2.83828522,0.0,0.96820194
2024-07-01T20:00,3600,0.0,0.0,0.0,0.0,0.0,0.0,0.0,0.0,0.0
2024-07-01T21:00,3600,0.0,0.0,0.0,0.0,0.0,0.0,0.0,0.0,0.0
2024-07-01T22:00,3600,0.0,0.0,0.0,0.0,0.0,0.0,0.0,0.0,0.0
2024-07-01T23:00,3600,0.0,0.0,0.0,0.0,0.0,0.0,0.0,0.0,0.0
2024-07-02T00:00,3600,0.0,0.0,0.0,0.0,0.0,0.0,0.0,0.0,0.0
2024-07-02T01:00,3600,0.0,0.0,0.0,0.0,0.0,0.0,0.0,0.0,0.0
2024-07-02T02:00,3600,0.0,0.0,0.0,0.0,0.0,0.0,0.0,0.0,0.0
2024-07-02T03:00,3600,0.0,0.0,0.0,0.0,0.0,0.0,0.0,0.0,0.0
2024-07-02T04:00,3600,0.0,0.0,0.0,0.0,0.0,0.0,0.0,0.0,0.0
2024-07-02T05:00,3600,0.0,0.0,0.0,0.0,0.0,0.0,2.86471178,0.0,0.96820194
2024-07-02T06:00,3600,0.0,0.0703568546,0.0,0.0,0.0,0.0703568546,100.10971321,70.3568546,33.95066407
2024-07-02T07:00,3600,0.0,0.22765717136000002,0.0,0.0,0.0,0.22765717136000002,288.70189983,227.65717136,98.48034863
2024-07-02T08:00,3600,1.0870588235294116,0.51995276069,0.51995276069,0.5671060628394117,0.0,0.0,640.32205934,519.95276069,221.36381327
2024-07-02T09:00,3600,1.0870588235294116,0.8575271639400001,0.8575271639400001,0.22953165958941157,0.0,0.0,1048.33947657,857.52716394,368.41334236
2024-07-02T10:00,3600,1.086230588235294,1.11940216612,1.086230588235294,0.0,0.0,0.03317157788470593,1366.30418171,1119.40216612,486.59290231
2024-07-02T11:00,3600,1.0837458823529413,0.8108876536,0.8108876536,0.2728582287529413,0.0,0.0,991.8433493,810.8876536,348.6882766
2024-07-02T12:00,3600,1.0870588235294116,1.2015377194699999,1.0870588235294116,0.0,0.0,0.11447889594058824,1466.29441112,1201.53771947,521.36777889
2024-07-02T13:00,3600,1.0800188235294121,1.34796111532,1.0800188235294121,0.0,0.0,0.2679422917905878,1644.86063185,1347.96111532,588.34004182
2024-07-02T14:00,3600,1.0688376470588234,0.82267840397,0.82267840397,0.24615924308882342,0.0,0.0,1006.12213497,822.67840397,355.06602492
2024-07-02T15:00,3600,1.0870588235294116,0.87666265319,0.87666265319,0.2103961703394116,0.0,0.0,1071.53056676,876.66265319,376.16216343
2024-07-02T16:00,3600,1.0849882352941176,0.70388051434,0.70388051434,0.3811077209541176,0.0,0.0,862.37259015,703.88051434,301.51793714
2024-07-02T17:00,3600,1.0812611764705882,0.32384953521000004,0.32384953521000004,0.7574116412605881,0.0,0.0,404.24781851,323.84953521,139.53611392
2024-07-02T18:00,3600,0.0,0.07356574449,0.0,0.0,0.0,0.07356574449,103.95254708,73.56574449,35.28646818
2024-07-02T19:00,3600,0.0,0.0,0.0,0.0,0.0,0.0,2.86164065,0.0,0.96820194
2024-07-02T20:00,3600,0.0,0.0,0.0,0.0,0.0,0.0,0.0,0.0,0.0
2024-07-02T21:00,3600,0.0,0.0,0.0,0.0,0.0,0.0,0.0,0.0,0.0
2024-07-02T22:00,3600,0.0,0.0,0.0,0.0,0.0,0.0,0.0,0.0,0.0
2024-07-02T23:00,3600,0.0,0.0,0.0,0.0,0.0,0.0,0.0,0.0,0.0
2024-07-03T00:00,3600,0.0,0.0,0.0,0.0,0.0,0.0,0.0,0.0,0.0
2024-07-03T01:00,3600,0.0,0.0,0.0,0.0,0.0,0.0,0.0,0.0,0.0
2024-07-03T02:00,3600,0.0,0.0,0.0,0.0,0.0,0.0,0.0,0.0,0.0
2024-07-03T03:00,3600,0.0,0.0,0.0,0.0,0.0,0.0,0.0,0.0,0.0
2024-07-03T04:00,3600,0.0,0.0,0.0,0.0,0.0,0.0,0.0,0.0,0.0
2024-07-03T05:00,3600,0.0,0.0,0.0,0.0,0.0,0.0,2.87182212,0.0,0.96820194
2024-07-03T06:00,3600,0.0,0.10094033835,0.0,0.0,0.0,0.10094033835,136.74266979,100.94033835,46.55318833
2024-07-03T07:00,3600,0.0,0.32823244927,0.0,0.0,0.0,0.32823244927,409.51651399,328.23244927,140.79644959
2024-07-03T08:00,3600,1.0870588235294116,0.73874585336,0.73874585336,0.34831297016941165,0.0,0.0,904.53404513,738.74585336,316.4715417
2024-07-03T09:00,3600,1.0870588235294116,1.0442507583199998,1.0442507583199998,0.04280806520941183,0.0,0.0,1274.9264303,1044.25075832,451.65145284
2024-07-03T10:00,3600,1.0601411764705884,1.27639332829,1.0601411764705884,0.0,0.0,0.2162521518194116,1557.53204258,1276.39332829,562.81730416
2024-07-03T11:00,3600,1.056414117647059,1.52580641624,1.056414117647059,0.0,0.0,0.46939229859294107,1862.28961777,1525.80641624,682.5041884
2024-07-03T12:00,3600,1.052687058823529,1.72299193925,1.052687058823529,0.0,0.0,0.6703048804264709,2104.06555811,1722.99193925,778.88862312
2024-07-03T13:00,3600,1.0415058823529413,1.34159785241,1.0415058823529413,0.0,0.0,0.3000919700570588,1637.09213733,1341.59785241,596.97199973
2024-07-03T14:00,3600,1.0713223529411764,1.2768251627499998,1.0713223529411764,0.0,0.0,0.2055028098088234,1558.05868797,1276.82516275,560.03058338
2024-07-03T15:00,3600,1.0601411764705884,1.16579986486,1.0601411764705884,0.0,0.0,0.10565868838941173,1422.77236451,1165.79986486,511.63452136
2024-07-03T16:00,3600,1.0688376470588234,0.71121827532,0.71121827532,0.3576193717388234,0.0,0.0,871.24404474,711.21827532,306.43693787
2024-07-03T17:00,3600,1.0713223529411764,0.37040852021,0.37040852021,0.7009138327311764,0.0,0.0,460.23397153,370.40852021,159.60750186
2024-07-03T18:00,3600,0.0,0.06916817319,0.0,0.0,0.0,0.06916817319,98.68624393,69.16817319,33.63262943
2024-07-03T19:00,3600,0.0,0.0,0.0,0.0,0.0,0.0,2.85960242,0.0,0.96820194
2024-07-03T20:00,3600,0.0,0.0,0.0,0.0,0.0,0.0,0.0,0.0,0.0
2024-07-03T21:00,3600,0.0,0.0,0.0,0.0,0.0,0.0,0.0,0.0,0.0
2024-07-03T22:00,3600,0.0,0.0,0.0,0.0,0.0,0.0,0.0,0.0,0.0
2024-07-03T23:00,3600,0.0,0.0,0.0,0.0,0.0,0.0,0.0,0.0,0.0
2024-07-04T00:00,3600,0.0,0.0,0.0,0.0,0.0,0.0,0.0,0.0,0.0
2024-07-04T01:00,3600,0.0,0.0,0.0,0.0,0.0,0.0,0.0,0.0,0.0
2024-07-04T02:00,3600,0.0,0.0,0.0,0.0,0.0,0.0,0.0,0.0,0.0
2024-07-04T03:00,3600,0.0,0.0,0.0,0.0,0.0,0.0,0.0,0.0,0.0
2024-07-04T04:00,3600,0.0,0.0,0.0,0.0,0.0,0.0,0.0,0.0,0.0
2024-07-04T05:00,3600,0.0,0.0,0.0,0.0,0.0,0.0,2.88805243,0.0,0.96820194
2024-07-04T06:00,3600,0.0,0.06135039665,0.0,0.0,0.0,0.06135039665,89.32492873,61.35039665,30.19709902
2024-07-04T07:00,3600,0.0,0.23527181102,0.0,0.0,0.0,0.23527181102,297.84253424,235.27181102,101.40757843
2024-07-04T08:00,3600,1.0870588235294116,0.6084317551399999,0.6084317551399999,0.4786270683894117,0.0,0.0,747.06326771,608.43175514,258.97464828
2024-07-04T09:00,3600,1.0870588235294116,0.85981380271,0.85981380271,0.22724502081941167,0.0,0.0,1051.11039388,859.81380271,368.88220653
2024-07-04T10:00,3600,1.0775341176470588,1.1045474396100001,1.0775341176470588,0.0,0.0,0.027013321962941372,1348.23375992,1104.54743961,483.62537421
2024-07-04T11:00,3600,1.0713223529411764,1.50489162559,1.0713223529411764,0.0,0.0,0.4335692726488236,1836.68868851,1504.89162559,674.46370952
2024-07-04T12:00,3600,1.065110588235294,1.75218191831,1.065110588235294,0.0,0.0,0.687071330074706,2139.91952587,1752.18191831,793.13491053
2024-07-04T13:00,3600,1.0551717647058825,1.40340195457,1.0551717647058825,0.0,0.0,0.3482301898641176,1712.57703176,1403.40195457,622.78329302
2024-07-04T14:00,3600,0.90854137184377,0.80186406396,0.80186406396,0.10667730788377006,0.0,0.0,980.91736419,801.86406396,347.64300033
2024-07-04T15:00,3600,0.8295080029411764,0.94114318152,0.8295080029411764,0.0,0.0,0.11163517857882355,1149.72688421,941.14318152,411.01626775
2024-07-04T16:00,3600,0.743659888235294,0.63502820186,0.63502820186,0.10863168637529408,0.0,0.0,779.17709221,635.02820186,273.85543201
2024-07-04T17:00,3600,0.7009725411764706,0.39357662522,0.39357662522,0.3073959159564706,0.0,0.0,488.10764603,393.57662522,169.87072611
2024-07-04T18:00,3600,0.0,0.10097047980000001,0.0,0.0,0.0,0.10097047980000001,136.77878149,100.9704798,46.76083549
2024-07-04T19:00,3600,0.0,0.0,0.0,0.0,0.0,0.0,2.84942807,0.0,0.96820194
2024-07-04T20:00,3600,0.0,0.0,0.0,0.0,0.0,0.0,0.0,0.0,0.0
2024-07-04T21:00,3600,0.0,0.0,0.0,0.0,0.0,0.0,0.0,0.0,0.0
2024-07-04T22:00,3600,0.0,0.0,0.0,0.0,0.0,0.0,0.0,0.0,0.0
2024-07-04T23:00,3600,0.0,0.0,0.0,0.0,0.0,0.0,0.0,0.0,0.0
2024-07-05T00:00,3600,0.0,0.0,0.0,0.0,0.0,0.0,0.0,0.0,0.0
2024-07-05T01:00,3600,0.0,0.0,0.0,0.0,0.0,0.0,0.0,0.0,0.0
2024-07-05T02:00,3600,0.0,0.0,0.0,0.0,0.0,0.0,0.0,0.0,0.0
2024-07-05T03:00,3600,0.0,0.0,0.0,0.0,0.0,0.0,0.0,0.0,0.0
2024-07-05T04:00,3600,0.0,0.0,0.0,0.0,0.0,0.0,0.0,0.0,0.0
2024-07-05T05:00,3600,0.0,0.0,0.0,0.0,0.0,0.0,2.88498936,0.0,0.96820194
2024-07-05T06:00,3600,0.0,0.061252764939999996,0.0,0.0,0.0,0.061252764939999996,89.20802752,61.25276494,30.22094756
2024-07-05T07:00,3600,0.0,0.36988576944999996,0.0,0.0,0.0,0.36988576944999996,459.60515874,369.88576945,157.8492752
2024-07-05T08:00,3600,1.0870588235294116,0.8450553909599999,0.8450553909599999,0.2420034325694117,0.0,0.0,1033.22804797,845.05539096,363.71812841
2024-07-05T09:00,3600,1.0870588235294116,1.16482557801,1.0870588235294116,0.0,0.0,0.07776675448058845,1421.58619875,1164.82557801,507.75807505
2024-07-05T10:00,3600,0.9413076913560923,1.3401245498,0.9413076913560923,0.0,0.0,0.3988168584439078,1635.29358649,1340.1245498,593.80472321
2024-07-05T11:00,3600,0.973320044117647,1.6337905503799999,0.973320044117647,0.0,0.0,0.6604705062623528,1994.60081418,1633.79055038,733.52907382
2024-07-05T12:00,3600,0.9908184352941176,1.68238882595,0.9908184352941176,0.0,0.0,0.6915703906558823,2054.2200107,1682.38882595,756.85042668
2024-07-05T13:00,3600,1.0233247911764707,1.7037768088,1.0233247911764707,0.0,0.0,0.6804520176235294,2080.47257933,1703.7768088,770.61369011
2024-07-05T14:00,3600,0.9597570058823529,1.38871467262,0.9597570058823529,0.0,0.0,0.428957666737647,1694.63208875,1388.71467262,619.40867577
2024-07-05T15:00,3600,0.8845386382352942,0.9903691153799999,0.8845386382352942,0.0,0.0,0.10583047714470573,1209.47547139,990.36911538,434.90861204
2024-07-05T16:00,3600,0.8544283441176471,0.8211949007499999,0.8211949007499999,0.03323344336764722,0.0,0.0,1004.32544857,821.19490075,358.18683635
2024-07-05T17:00,3600,0.7720421617647057,0.43493398697999996,0.43493398697999996,0.3371081747847058,0.0,0.0,537.88897272,434.93398698,188.78821512
2024-07-05T18:00,3600,0.0,0.07706292513,0.0,0.0,0.0,0.07706292513,108.1408344,77.06292513,37.12788678
2024-07-05T19:00,3600,0.0,0.0,0.0,0.0,0.0,0.0,5.66988057,0.0,1.93640388
2024-07-05T20:00,3600,0.0,0.0,0.0,0.0,0.0,0.0,0.0,0.0,0.0
2024-07-05T21:00,3600,0.0,0.0,0.0,0.0,0.0,0.0,0.0,0.0,0.0
2024-07-05T22:00,3600,0.0,0.0,0.0,0.0,0.0,0.0,0.0,0.0,0.0
2024-07-05T23:00,3600,0.0,0.0,0.0,0.0,0.0,0.0,0.0,0.0,0.0
2024-07-06T00:00,3600,0.0,0.0,0.0,0.0,0.0,0.0,0.0,0.0,0.0
2024-07-06T01:00,3600,0.0,0.0,0.0,0.0,0.0,0.0,0.0,0.0,0.0
2024-07-06T02:00,3600,0.0,0.0,0.0,0.0,0.0,0.0,0.0,0.0,0.0
2024-07-06T03:00,3600,0.0,0.0,0.0,0.0,0.0,0.0,0.0,0.0,0.0
2024-07-06T04:00,3600,0.0,0.0,0.0,0.0,0.0,0.0,0.0,0.0,0.0
2024-07-06T05:00,3600,0.0,0.0,0.0,0.0,0.0,0.0,2.87889803,0.0,0.96820194
2024-07-06T06:00,3600,0.0,0.058686529509999995,0.0,0.0,0.0,0.058686529509999995,86.13535667,58.68652951,29.26069514
2024-07-06T07:00,3600,0.0,0.33842806489,0.0,0.0,0.0,0.33842806489,421.77398647,338.42806489,144.95656322
2024-07-06T08:00,3600,0.0,0.83538666256,0.0,0.0,0.0,0.83538666256,1021.51489865,835.38666256,359.45695154
2024-07-06T09:00,3600,0.0,1.2400136913100002,0.0,0.0,0.0,1.2400136913100002,1513.17767363,1240.01369131,544.40786705
2024-07-06T10:00,3600,0.0,1.4532835892099998,0.0,0.0,0.0,1.4532835892099998,1773.55290039,1453.28358921,650.29638377
2024-07-06T11:00,3600,0.0,1.6421482870699997,0.0,0.0,0.0,1.6421482870699997,2004.85067362,1642.14828707,742.36665032
2024-07-06T12:00,3600,0.0,1.72330439677,0.0,0.0,0.0,1.72330439677,2104.44926232,1723.30439677,780.40621634
2024-07-06T13:00,3600,0.0,1.66844495209,0.0,0.0,0.0,1.66844495209,2037.10938587,1668.44495209,756.67281331
2024-07-06T14:00,3600,0.0,1.43875557187,0.0,0.0,0.0,1.43875557187,1755.78883566,1438.75557187,645.34389586
2024-07-06T15:00,3600,0.0,1.0924649051700002,0.0,0.0,0.0,1.0924649051700002,1333.53867362,1092.46490517,482.49378176
2024-07-06T16:00,3600,0.0,0.78652223226,0.0,0.0,0.0,0.78652223226,962.34452703,786.52223226,344.06180583
2024-07-06T17:00,3600,0.0,0.43069511857,0.0,0.0,0.0,0.43069511857,532.78528139,430.69511857,187.47920939
2024-07-06T18:00,3600,0.0,0.08591674153,0.0,0.0,0.0,0.08591674153,118.74529817,85.91674153,40.82965376
2024-07-06T19:00,3600,0.0,0.0,0.0,0.0,0.0,0.0,5.65968826,0.0,1.93640388
2024-07-06T20:00,3600,0.0,0.0,0.0,0.0,0.0,0.0,0.0,0.0,0.0
2024-07-06T21:00,3600,0.0,0.0,0.0,0.0,0.0,0.0,0.0,0.0,0.0
2024-07-06T22:00,3600,0.0,0.0,0.0,0.0,0.0,0.0,0.0,0.0,0.0
2024-07-06T23:00,3600,0.0,0.0,0.0,0.0,0.0,0.0,0.0,0.0,0.0
2024-07-07T00:00,3600,0.0,0.0,0.0,0.0,0.0,0.0,0.0,0.0,0.0
2024-07-07T01:00,3600,0.0,0.0,0.0,0.0,0.0,0.0,0.0,0.0,0.0
2024-07-07T02:00,3600,0.0,0.0,0.0,0.0,0.0,0.0,0.0,0.0,0.0
2024-07-07T03:00,3600,0.0,0.0,0.0,0.0,0.0,0.0,0.0,0.0,0.0
2024-07-07T04:00,3600,0.0,0.0,0.0,0.0,0.0,0.0,0.0,0.0,0.0
2024-07-07T05:00,3600,0.0,0.0,0.0,0.0,0.0,0.0,2.87891653,0.0,0.96820194
2024-07-07T06:00,3600,0.0,0.07057054799,0.0,0.0,0.0,0.07057054799,100.36561788,70.57054799,34.10965436
2024-07-07T07:00,3600,0.0,0.42807532419,0.0,0.0,0.0,0.42807532419,529.63115323,428.07532419,183.29751536
2024-07-07T08:00,3600,0.0,0.79323629177,0.0,0.0,0.0,0.79323629177,970.47204274,793.23629177,342.01371636
2024-07-07T09:00,3600,0.0,1.2235777198000002,0.0,0.0,0.0,1.2235777198000002,1493.14692796,1223.5777198,534.88189706
2024-07-07T10:00,3600,0.0,1.4188790585900002,0.0,0.0,0.0,1.4188790585900002,1731.49138658,1418.87905859,632.04547174
2024-07-07T11:00,3600,0.0,1.41626979249,0.0,0.0,0.0,1.41626979249,1728.30232154,1416.26979249,631.74569167
2024-07-07T12:00,3600,0.0,1.47337362934,0.0,0.0,0.0,1.47337362934,1798.12448162,1473.37362934,659.8330139
2024-07-07T13:00,3600,0.0,1.5955197485000001,0.0,0.0,0.0,1.5955197485000001,1947.68283284,1595.5197485,722.09794113
2024-07-07T14:00,3600,0.0,1.48249184139,0.0,0.0,0.0,1.48249184139,1809.27923981,1482.49184139,666.91193759
2024-07-07T15:00,3600,0.0,1.1326239492599999,0.0,0.0,0.0,1.1326239492599999,1382.39162442,1132.62394926,501.20615465
2024-07-07T16:00,3600,0.0,0.71569220148,0.0,0.0,0.0,0.71569220148,876.65356652,715.69220148,309.35500146
2024-07-07T17:00,3600,0.0,0.32027751941999993,0.0,0.0,0.0,0.32027751941999993,399.95415813,320.27751942,138.43212166
2024-07-07T18:00,3600,0.0,0.08650881954,0.0,0.0,0.0,0.08650881954,119.45449628,86.50881954,40.89200623
2024-07-07T19:00,3600,0.0,0.0,0.0,0.0,0.0,0.0,2.83824323,0.0,0.96820194
2024-07-07T20:00,3600,0.0,0.0,0.0,0.0,0.0,0.0,0.0,0.0,0.0
2024-07-07T21:00,3600,0.0,0.0,0.0,0.0,0.0,0.0,0.0,0.0,0.0
2024-07-07T22:00,3600,0.0,0.0,0.0,0.0,0.0,0.0,0.0,0.0,0.0
2024-07-07T23:00,3600,0.0,0.0,0.0,0.0,0.0,0.0,0.0,0.0,0.0
2024-07-08T00:00,3600,0.0,0.0,0.0,0.0,0.0,0.0,0.0,0.0,0.0
2024-07-08T01:00,3600,0.0,0.0,0.0,0.0,0.0,0.0,0.0,0.0,0.0
2024-07-08T02:00,3600,0.0,0.0,0.0,0.0,0.0,0.0,0.0,0.0,0.0
2024-07-08T03:00,3600,0.0,0.0,0.0,0.0,0.0,0.0,0.0,0.0,0.0
2024-07-08T04:00,3600,0.0,0.0,0.0,0.0,0.0,0.0,0.0,0.0,0.0
2024-07-08T05:00,3600,0.0,0.0,0.0,0.0,0.0,0.0,2.87383801,0.0,0.96820194
2024-07-08T06:00,3600,0.0,0.06088200262,0.0,0.0,0.0,0.06088200262,88.76408963,60.88200262,30.19709902
2024-07-08T07:00,3600,0.0,0.35126180962000003,0.0,0.0,0.0,0.35126180962000003,437.20575345,351.26180962,150.79177363
2024-07-08T08:00,3600,1.0870588235294116,0.8199908581299999,0.8199908581299999,0.2670679653994117,0.0,0.0,1002.86724958,819.99085813,354.04149599
2024-07-08T09:00,3600,1.086230588235294,1.02310283864,1.02310283864,0.06312774959529399,0.0,0.0,1249.2312698,1023.10283864,445.1230864
2024-07-08T10:00,3600,1.052687058823529,1.43503369174,1.052687058823529,0.0,0.0,0.38234663291647086,1751.23856647,1435.03369174,642.06228195
2024-07-08T11:00,3600,1.051444705882353,1.69476760027,1.051444705882353,0.0,0.0,0.643322894387647,2069.41320622,1694.76760027,768.06573174
2024-07-08T12:00,3600,1.056414117647059,1.35152323211,1.056414117647059,0.0,0.0,0.29510911446294097,1649.20972175,1351.52323211,600.08049125
2024-07-08T13:00,3600,1.051444705882353,1.26304758205,1.051444705882353,0.0,0.0,0.21160287616764695,1541.25791106,1263.04758205,558.28062351
2024-07-08T14:00,3600,1.0502023529411766,1.21295799243,1.0502023529411766,0.0,0.0,0.16275563948882343,1480.20720884,1212.95799243,534.46820286
2024-07-08T15:00,3600,1.043990588235294,1.1311150425799998,1.043990588235294,0.0,0.0,0.08712445434470584,1380.55551602,1131.11504258,497.04857207
2024-07-08T16:00,3600,1.042748235294118,0.58732573507,0.58732573507,0.455422500224118,0.0,0.0,721.58801046,587.32573507,254.31475478
2024-07-08T17:00,3600,1.043990588235294,0.31487411817999994,0.31487411817999994,0.7291164700552941,0.0,0.0,393.45955813,314.87411818,137.31215849
2024-07-08T18:00,3600,0.0,0.08679964295,0.0,0.0,0.0,0.08679964295,119.80285032,86.79964295,40.94243334
2024-07-08T19:00,3600,0.0,0.0,0.0,0.0,0.0,0.0,2.84333713,0.0,0.96820194
2024-07-08T20:00,3600,0.0,0.0,0.0,0.0,0.0,0.0,0.0,0.0,0.0
2024-07-08T21:00,3600,0.0,0.0,0.0,0.0,0.0,0.0,0.0,0.0,0.0
2024-07-08T22:00,3600,0.0,0.0,0.0,0.0,0.0,0.0,0.0,0.0,0.0
2024-07-08T23:00,3600,0.0,0.0,0.0,0.0,0.0,0.0,0.0,0.0,0.0
2024-07-09T00:00,3600,0.0,0.0,0.0,0.0,0.0,0.0,0.0,0.0,0.0
2024-07-09T01:00,3600,0.0,0.0,0.0,0.0,0.0,0.0,0.0,0.0,0.0
2024-07-09T02:00,3600,0.0,0.0,0.0,0.0,0.0,0.0,0.0,0.0,0.0
2024-07-09T03:00,3600,0.0,0.0,0.0,0.0,0.0,0.0,0.0,0.0,0.0
2024-07-09T04:00,3600,0.0,0.0,0.0,0.0,0.0,0.0,0.0,0.0,0.0
2024-07-09T05:00,3600,0.0,0.0,0.0,0.0,0.0,0.0,2.87687659,0.0,0.96820194
2024-07-09T06:00,3600,0.0,0.0659064076,0.0,0.0,0.0,0.0659064076,94.78034466,65.9064076,32.14145242
2024-07-09T07:00,3600,0.0,0.42809882558999995,0.0,0.0,0.0,0.42809882558999995,529.65944743,428.09882559,182.88636469
2024-07-09T08:00,3600,1.0870588235294116,0.86457843973,0.86457843973,0.2224803837994116,0.0,0.0,1056.88442453,864.57843973,373.40076754
2024-07-09T09:00,3600,1.0870588235294116,1.21621080955,1.0870588235294116,0.0,0.0,0.1291519860205883,1484.17041404,1216.21080955,531.65436766
2024-07-09T10:00,3600,1.0601411764705884,1.5157578044,1.0601411764705884,0.0,0.0,0.4556166279294116,1849.98849222,1515.7578044,679.32729173
2024-07-09T11:00,3600,1.0551717647058825,1.6422954027299999,1.0551717647058825,0.0,0.0,0.5871236380241174,2005.03110699,1642.29540273,742.27802762
2024-07-09T12:00,3600,1.052687058823529,1.6387600543399998,1.052687058823529,0.0,0.0,0.5860729955164707,2000.69521225,1638.76005434,740.93086703
2024-07-09T13:00,3600,1.0365364705882352,1.3902799014899998,1.0365364705882352,0.0,0.0,0.35374343090176463,1696.54429397,1390.27990149,623.57679242
2024-07-09T14:00,3600,1.0352941176470587,1.27961875737,1.0352941176470587,0.0,0.0,0.24432463972294127,1561.4657116,1279.61875737,570.50910888
2024-07-09T15:00,3600,1.0377788235294119,1.23932814681,1.0377788235294119,0.0,0.0,0.20154932328058806,1512.34208996,1239.32814681,550.99319874
2024-07-09T16:00,3600,1.0415058823529413,0.71206642167,0.71206642167,0.3294394606829413,0.0,0.0,872.26952889,712.06642167,309.64818446
2024-07-09T17:00,3600,1.0477176470588236,0.36579496102000003,0.36579496102000003,0.6819226860388237,0.0,0.0,454.68452738,365.79496102,158.78582245
2024-07-09T18:00,3600,0.0,0.09075855878,0.0,0.0,0.0,0.09075855878,124.54506767,90.75855878,42.41546695
2024-07-09T19:00,3600,0.0,0.0,0.0,0.0,0.0,0.0,5.70243957,0.0,1.93640388
2024-07-09T20:00,3600,0.0,0.0,0.0,0.0,0.0,0.0,0.0,0.0,0.0
2024-07-09T21:00,3600,0.0,0.0,0.0,0.0,0.0,0.0,0.0,0.0,0.0
2024-07-09T22:00,3600,0.0,0.0,0.0,0.0,0.0,0.0,0.0,0.0,0.0
2024-07-09T23:00,3600,0.0,0.0,0.0,0.0,0.0,0.0,0.0,0.0,0.0
2024-07-10T00:00,3600,0.0,0.0,0.0,0.0,0.0,0.0,0.0,0.0,0.0
2024-07-10T01:00,3600,0.0,0.0,0.0,0.0,0.0,0.0,0.0,0.0,0.0
2024-07-10T02:00,3600,0.0,0.0,0.0,0.0,0.0,0.0,0.0,0.0,0.0
2024-07-10T03:00,3600,0.0,0.0,0.0,0.0,0.0,0.0,0.0,0.0,0.0
2024-07-10T04:00,3600,0.0,0.0,0.0,0.0,0.0,0.0,0.0,0.0,0.0
2024-07-10T05:00,3600,0.0,0.0,0.0,0.0,0.0,0.0,0.0,0.0,0.0
2024-07-10T06:00,3600,0.0,0.06583349091,0.0,0.0,0.0,0.06583349091,94.69303055,65.83349091,32.18914951
2024-07-10T07:00,3600,0.0,0.40348603719,0.0,0.0,0.0,0.40348603719,500.03266757,403.48603719,172.60019832
2024-07-10T08:00,3600,1.0870588235294116,0.86898629256,0.86898629256,0.2180725309694116,0.0,0.0,1062.22645811,868.98629256,375.22070975
2024-07-10T09:00,3600,1.0870588235294116,1.00286389821,1.00286389821,0.08419492531941164,0.0,0.0,1224.64830586,1002.86389821,436.08628222
2024-07-10T10:00,3600,1.0638682352941178,1.5054551375399998,1.0638682352941178,0.0,0.0,0.44158690224588204,1837.37835137,1505.45513754,675.24679431
2024-07-10T11:00,3600,1.0576564705882354,1.7958127937700001,1.0576564705882354,0.0,0.0,0.7381563231817647,2193.54168878,1795.81279377,818.71374814
2024-07-10T12:00,3600,1.0576564705882354,1.79591385834,1.0576564705882354,0.0,0.0,0.7382573877517646,2193.66593917,1795.91385834,817.33530195
2024-07-10T13:00,3600,1.0352941176470587,1.58734819106,1.0352941176470587,0.0,0.0,0.5520540734129413,1937.66855053,1587.34819106,719.38447541
2024-07-10T14:00,3600,1.0348791701049156,1.48036601478,1.0348791701049156,0.0,0.0,0.44548684467508437,1806.67847058,1480.36601478,668.05228187
2024-07-10T15:00,3600,1.0340442655935616,1.0108074003,1.0108074003,0.023236865293561504,0.0,0.0,1234.29587135,1010.8074003,446.43061039
2024-07-10T16:00,3600,1.0344625561067802,0.7238409187900001,0.7238409187900001,0.31062163731678005,0.0,0.0,886.50729914,723.84091879,315.9707338
2024-07-10T17:00,3600,1.0352941176470587,0.35277349741,0.35277349741,0.6825206202370586,0.0,0.0,439.02365753,352.77349741,153.82374508
2024-07-10T18:00,3600,0.0,0.08171052034,0.0,0.0,0.0,0.08171052034,113.70721555,81.71052034,38.91740242
2024-07-10T19:00,3600,0.0,0.0,0.0,0.0,0.0,0.0,2.8372531,0.0,0.96820194
2024-07-10T20:00,3600,0.0,0.0,0.0,0.0,0.0,0.0,0.0,0.0,0.0
2024-07-10T21:00,3600,0.0,0.0,0.0,0.0,0.0,0.0,0.0,0.0,0.0
2024-07-10T22:00,3600,0.0,0.0,0.0,0.0,0.0,0.0,0.0,0.0,0.0
2024-07-10T23:00,3600,0.0,0.0,0.0,0.0,0.0,0.0,0.0,0.0,0.0
2024-07-11T00:00,3600,0.0,0.0,0.0,0.0,0.0,0.0,0.0,0.0,0.0
2024-07-11T01:00,3600,0.0,0.0,0.0,0.0,0.0,0.0,0.0,0.0,0.0
2024-07-11T02:00,3600,0.0,0.0,0.0,0.0,0.0,0.0,0.0,0.0,0.0
2024-07-11T03:00,3600,0.0,0.0,0.0,0.0,0.0,0.0,0.0,0.0,0.0
2024-07-11T04:00,3600,0.0,0.0,0.0,0.0,0.0,0.0,0.0,0.0,0.0
2024-07-11T05:00,3600,0.0,0.0,0.0,0.0,0.0,0.0,2.87484232,0.0,0.96820194
2024-07-11T06:00,3600,0.0,0.08007290883000001,0.0,0.0,0.0,0.08007290883000001,111.74581981,80.07290883,37.98246212
2024-07-11T07:00,3600,0.0,0.41975105639,0.0,0.0,0.0,0.41975105639,519.60988837,419.75105639,179.53594737
2024-07-11T08:00,3600,1.0870588235294116,0.7470586312399999,0.7470586312399999,0.3400001922894117,0.0,0.0,914.5896858,747.05863124,320.84472297
2024-07-11T09:00,3600,1.0870588235294116,1.13352685937,1.0870588235294116,0.0,0.0,0.04646803584058845,1383.49034809,1133.52685937,493.62362386
2024-07-11T10:00,3600,1.07008,1.58107179943,1.07008,0.0,0.0,0.5109917994300002,1929.97766607,1581.07179943,706.74802189
2024-07-11T11:00,3600,1.062625882352941,1.5180872642399998,1.062625882352941,0.0,0.0,0.45546138188705876,1852.83995707,1518.08726424,677.84477834
2024-07-11T12:00,3600,1.0613835294117648,1.4077606049999998,1.0613835294117648,0.0,0.0,0.34637707558823494,1717.90322067,1407.760605,627.66738893
2024-07-11T13:00,3600,1.0477176470588236,1.28746623012,1.0477176470588236,0.0,0.0,0.2397485830611763,1571.0371484,1287.46623012,573.28637964
2024-07-11T14:00,3600,1.056414117647059,0.86858934585,0.86858934585,0.18782477179705892,0.0,0.0,1061.74536962,868.58934585,378.35449037
2024-07-11T15:00,3600,1.0539294117647058,0.93808236797,0.93808236797,0.11584704379470578,0.0,0.0,1146.01326348,938.08236797,409.818894
2024-07-11T16:00,3600,1.0762917647058825,0.8078607209,0.8078607209,0.26843104380588245,0.0,0.0,988.17809778,807.8607209,348.58236651
2024-07-11T17:00,3600,1.0638682352941178,0.37194438392,0.37194438392,0.6919238513741177,0.0,0.0,462.08147837,371.94438392,160.72669132
2024-07-11T18:00,3600,0.0,0.09742796972,0.0,0.0,0.0,0.09742796972,132.53470241,97.42796972,45.32139899
2024-07-11T19:00,3600,0.0,0.0,0.0,0.0,0.0,0.0,2.84539885,0.0,0.96820194
2024-07-11T20:00,3600,0.0,0.0,0.0,0.0,0.0,0.0,0.0,0.0,0.0
2024-07-11T21:00,3600,0.0,0.0,0.0,0.0,0.0,0.0,0.0,0.0,0.0
2024-07-11T22:00,3600,0.0,0.0,0.0,0.0,0.0,0.0,0.0,0.0,0.0
2024-07-11T23:00,3600,0.0,0.0,0.0,0.0,0.0,0.0,0.0,0.0,0.0
2024-07-12T00:00,3600,0.0,0.0,0.0,0.0,0.0,0.0,0.0,0.0,0.0
2024-07-12T01:00,3600,0.0,0.0,0.0,0.0,0.0,0.0,0.0,0.0,0.0
2024-07-12T02:00,3600,0.0,0.0,0.0,0.0,0.0,0.0,0.0,0.0,0.0
2024-07-12T03:00,3600,0.0,0.0,0.0,0.0,0.0,0.0,0.0,0.0,0.0
2024-07-12T04:00,3600,0.0,0.0,0.0,0.0,0.0,0.0,0.0,0.0,0.0
2024-07-12T05:00,3600,0.0,0.0,0.0,0.0,0.0,0.0,0.0,0.0,0.0
2024-07-12T06:00,3600,0.0,0.06340357892,0.0,0.0,0.0,0.06340357892,91.78338537,63.40357892,31.14145242
2024-07-12T07:00,3600,0.0,0.36998910571000004,0.0,0.0,0.0,0.36998910571000004,459.72946074,369.98910571,158.02868894
2024-07-12T08:00,3600,1.0870588235294116,0.7239950091099999,0.7239950091099999,0.3630638144194117,0.0,0.0,886.69364261,723.99500911,309.84638876
2024-07-12T09:00,3600,1.0870588235294116,1.14602188449,1.0870588235294116,0.0,0.0,0.058963060960588454,1398.69672214,1146.02188449,498.11159911
2024-07-12T10:00,3600,1.0787764705882352,1.26118748621,1.0787764705882352,0.0,0.0,0.18241101562176487,1538.98992966,1261.18748621,553.91340305
2024-07-12T11:00,3600,1.0775341176470588,1.69861190969,1.0775341176470588,0.0,0.0,0.6210777920429413,2074.13214913,1698.61190969,761.74074126
2024-07-12T12:00,3600,1.0713223529411764,1.78379408907,1.0713223529411764,0.0,0.0,0.7124717361288235,2178.76710241,1783.79408907,806.19022454
2024-07-12T13:00,3600,1.0477176470588236,1.44128286466,1.0477176470588236,0.0,0.0,0.39356521760117635,1758.87878423,1441.28286466,642.41998474
2024-07-12T14:00,3600,1.0713223529411764,0.64588291088,0.64588291088,0.42543944206117634,0.0,0.0,792.28729115,645.88291088,277.56672427
2024-07-12T15:00,3600,1.07008,0.5940765260399999,0.5940765260399999,0.47600347396,0.0,0.0,729.73542682,594.07652604,255.65848982
2024-07-12T16:00,3600,1.072564705882353,0.48186289714999997,0.48186289714999997,0.5907018087323531,0.0,0.0,594.41411401,481.86289715,207.12404499
2024-07-12T17:00,3600,1.0675952941176472,0.35431456918,0.35431456918,0.7132807249376472,0.0,0.0,440.87694009,354.31456918,153.07397117
2024-07-12T18:00,3600,0.0,0.10666277874999999,0.0,0.0,0.0,0.10666277874999999,143.59886747,106.66277875,49.03468822
2024-07-12T19:00,3600,0.0,0.0,0.0,0.0,0.0,0.0,2.85146181,0.0,0.96820194
2024-07-12T20:00,3600,0.0,0.0,0.0,0.0,0.0,0.0,0.0,0.0,0.0
2024-07-12T21:00,3600,0.0,0.0,0.0,0.0,0.0,0.0,0.0,0.0,0.0
2024-07-12T22:00,3600,0.0,0.0,0.0,0.0,0.0,0.0,0.0,0.0,0.0
2024-07-12T23:00,3600,0.0,0.0,0.0,0.0,0.0,0.0,0.0,0.0,0.0
2024-07-13T00:00,3600,0.0,0.0,0.0,0.0,0.0,0.0,0.0,0.0,0.0
2024-07-13T01:00,3600,0.0,0.0,0.0,0.0,0.0,0.0,0.0,0.0,0.0
2024-07-13T02:00,3600,0.0,0.0,0.0,0.0,0.0,0.0,0.0,0.0,0.0
2024-07-13T03:00,3600,0.0,0.0,0.0,0.0,0.0,0.0,0.0,0.0,0.0
2024-07-13T04:00,3600,0.0,0.0,0.0,0.0,0.0,0.0,0.0,0.0,0.0
2024-07-13T05:00,3600,0.0,0.0,0.0,0.0,0.0,0.0,0.0,0.0,0.0
2024-07-13T06:00,3600,0.0,0.06103488755,0.0,0.0,0.0,0.06103488755,88.94714843,61.03488755,30.17325048
2024-07-13T07:00,3600,0.0,0.31838567543999996,0.0,0.0,0.0,0.31838567543999996,397.68020293,318.38567544,136.56699928
2024-07-13T08:00,3600,0.0,0.74844247015,0.0,0.0,0.0,0.74844247015,916.26378421,748.44247015,321.46319832
2024-07-13T09:00,3600,0.0,1.0690208641599999,0.0,0.0,0.0,1.0690208641599999,1305.03318062,1069.02086416,465.29482793
2024-07-13T10:00,3600,0.0,1.31307814184,0.0,0.0,0.0,1.31307814184,1602.28363339,1313.07814184,580.9432547
2024-07-13T11:00,3600,0.0,1.27608963269,0.0,0.0,0.0,1.27608963269,1557.16167153,1276.08963269,565.34040911
2024-07-13T12:00,3600,0.0,1.24467435384,0.0,0.0,0.0,1.24467435384,1518.85860827,1244.67435384,547.97474622
2024-07-13T13:00,3600,0.0,1.30913491439,0.0,0.0,0.0,1.30913491439,1597.47210053,1309.13491439,577.02365917
2024-07-13T14:00,3600,0.0,1.38758716293,0.0,0.0,0.0,1.38758716293,1693.25466394,1387.58716293,615.60219085
2024-07-13T15:00,3600,0.0,0.8956613029599999,0.0,0.0,0.0,0.8956613029599999,1094.56248943,895.66130296,389.29279551
2024-07-13T16:00,3600,0.0,0.70819260085,0.0,0.0,0.0,0.70819260085,867.58584316,708.19260085,305.79979948
2024-07-13T17:00,3600,0.0,0.38587489839,0.0,0.0,0.0,0.38587489839,478.84058308,385.87489839,166.63001866
2024-07-13T18:00,3600,0.0,0.09543153993,0.0,0.0,0.0,0.09543153993,130.14299222,95.43153993,44.33604771
2024-07-13T19:00,3600,0.0,0.0,0.0,0.0,0.0,0.0,2.85555069,0.0,0.96820194
2024-07-13T20:00,3600,0.0,0.0,0.0,0.0,0.0,0.0,0.0,0.0,0.0
2024-07-13T21:00,3600,0.0,0.0,0.0,0.0,0.0,0.0,0.0,0.0,0.0
2024-07-13T22:00,3600,0.0,0.0,0.0,0.0,0.0,0.0,0.0,0.0,0.0
2024-07-13T23:00,3600,0.0,0.0,0.0,0.0,0.0,0.0,0.0,0.0,0.0
2024-07-14T00:00,3600,0.0,0.0,0.0,0.0,0.0,0.0,0.0,0.0,0.0
2024-07-14T01:00,3600,0.0,0.0,0.0,0.0,0.0,0.0,0.0,0.0,0.0
2024-07-14T02:00,3600,0.0,0.0,0.0,0.0,0.0,0.0,0.0,0.0,0.0
2024-07-14T03:00,3600,0.0,0.0,0.0,0.0,0.0,0.0,0.0,0.0,0.0
2024-07-14T04:00,3600,0.0,0.0,0.0,0.0,0.0,0.0,0.0,0.0,0.0
2024-07-14T05:00,3600,0.0,0.0,0.0,0.0,0.0,0.0,0.0,0.0,0.0
2024-07-14T06:00,3600,0.0,0.07534431117,0.0,0.0,0.0,0.07534431117,106.08256381,75.34431117,35.98246212
2024-07-14T07:00,3600,0.0,0.42660373987999994,0.0,0.0,0.0,0.42660373987999994,527.85947864,426.60373988,181.77494218
2024-07-14T08:00,3600,0.0,0.7977340299400001,0.0,0.0,0.0,0.7977340299400001,975.9171158,797.73402994,342.47352074
2024-07-14T09:00,3600,0.0,1.17130350837,0.0,0.0,0.0,1.17130350837,1429.47322237,1171.30350837,510.16854971
2024-07-14T10:00,3600,0.0,1.21536841785,0.0,0.0,0.0,1.21536841785,1483.14403204,1215.36841785,537.18739202
2024-07-14T11:00,3600,0.0,1.71808326419,0.0,0.0,0.0,1.71808326419,2098.03785053,1718.08326419,778.08937885
2024-07-14T12:00,3600,0.0,1.57335337075,0.0,0.0,0.0,1.57335337075,1920.52078454,1573.35337075,709.69338773
2024-07-14T13:00,3600,0.0,1.65161927511,0.0,0.0,0.0,1.65161927511,2016.46742675,1651.61927511,755.13398628
2024-07-14T14:00,3600,0.0,1.6022114657499997,0.0,0.0,0.0,1.6022114657499997,1955.88451106,1602.21146575,731.4186771
2024-07-14T15:00,3600,0.0,1.18486348109,0.0,0.0,0.0,1.18486348109,1445.98532659,1184.86348109,528.60667378
2024-07-14T16:00,3600,0.0,0.74648207341,0.0,0.0,0.0,0.74648207341,913.89220562,746.48207341,326.72735818
2024-07-14T17:00,3600,0.0,0.41319517832,0.0,0.0,0.0,0.41319517832,511.71839993,413.19517832,179.53100173
2024-07-14T18:00,3600,0.0,0.09382145898000001,0.0,0.0,0.0,0.09382145898000001,128.21417712,93.82145898,43.8925504
2024-07-14T19:00,3600,0.0,0.0,0.0,0.0,0.0,0.0,2.84333561,0.0,0.96820194
2024-07-14T20:00,3600,0.0,0.0,0.0,0.0,0.0,0.0,0.0,0.0,0.0
2024-07-14T21:00,3600,0.0,0.0,0.0,0.0,0.0,0.0,0.0,0.0,0.0
2024-07-14T22:00,3600,0.0,0.0,0.0,0.0,0.0,0.0,0.0,0.0,0.0
2024-07-14T23:00,3600,0.0,0.0,0.0,0.0,0.0,0.0,0.0,0.0,0.0
2024-07-15T00:00,3600,0.0,0.0,0.0,0.0,0.0,0.0,0.0,0.0,0.0
2024-07-15T01:00,3600,0.0,0.0,0.0,0.0,0.0,0.0,0.0,0.0,0.0
2024-07-15T02:00,3600,0.0,0.0,0.0,0.0,0.0,0.0,0.0,0.0,0.0
2024-07-15T03:00,3600,0.0,0.0,0.0,0.0,0.0,0.0,0.0,0.0,0.0
2024-07-15T04:00,3600,0.0,0.0,0.0,0.0,0.0,0.0,0.0,0.0,0.0
2024-07-15T05:00,3600,0.0,0.0,0.0,0.0,0.0,0.0,0.0,0.0,0.0
2024-07-15T06:00,3600,0.0,0.05851309611,0.0,0.0,0.0,0.05851309611,85.92770117,58.51309611,29.19709902
2024-07-15T07:00,3600,0.0,0.40023733625,0.0,0.0,0.0,0.40023733625,496.12297426,400.23733625,170.81404638
2024-07-15T08:00,3600,1.0870588235294116,0.7292699249900001,0.7292699249900001,0.35778889853941154,0.0,0.0,893.07293006,729.26992499,312.03228893
2024-07-15T09:00,3600,1.0870588235294116,1.11558767467,1.0870588235294116,0.0,0.0,0.02852885114058834,1361.66355136,1115.58767467,482.17596126
2024-07-15T10:00,3600,1.0663529411764705,1.49789996968,1.0663529411764705,0.0,0.0,0.43154702850352944,1828.13234248,1497.89996968,664.49422712
2024-07-15T11:00,3600,1.062625882352941,1.64546310808,1.062625882352941,0.0,0.0,0.5828372257270589,2008.91631201,1645.46310808,736.34478805
2024-07-15T12:00,3600,1.052687058823529,1.70175967061,1.052687058823529,0.0,0.0,0.6490726117864709,2077.9962797,1701.75967061,767.05643712
2024-07-15T13:00,3600,1.03508685155744,1.72905007397,1.03508685155744,0.0,0.0,0.69396322241256,2111.50540454,1729.05007397,785.84939915
2024-07-15T14:00,3600,1.033202614379085,1.47256698236,1.033202614379085,0.0,0.0,0.43936436798091516,1797.13774643,1472.56698236,664.00860274
2024-07-15T15:00,3600,1.0377788235294119,1.24997399289,1.0377788235294119,0.0,0.0,0.21219516936058813,1525.3188932,1249.97399289,555.15361307
2024-07-15T16:00,3600,1.051444705882353,0.7660041059500001,0.7660041059500001,0.28544059993235293,0.0,0.0,937.51201186,766.00410595,331.83348201
2024-07-15T17:00,3600,1.0539294117647058,0.36445206363,0.36445206363,0.6894773481347058,0.0,0.0,453.06928813,364.45206363,157.98760608
2024-07-15T18:00,3600,0.0,0.10121688186,0.0,0.0,0.0,0.10121688186,137.07399003,101.21688186,46.79430332
2024-07-15T19:00,3600,0.0,0.0,0.0,0.0,0.0,0.0,2.84741251,0.0,0.96820194
2024-07-15T20:00,3600,0.0,0.0,0.0,0.0,0.0,0.0,0.0,0.0,0.0
2024-07-15T21:00,3600,0.0,0.0,0.0,0.0,0.0,0.0,0.0,0.0,0.0
2024-07-15T22:00,3600,0.0,0.0,0.0,0.0,0.0,0.0,0.0,0.0,0.0
2024-07-15T23:00,3600,0.0,0.0,0.0,0.0,0.0,0.0,0.0,0.0,0.0
2024-07-16T00:00,3600,0.0,0.0,0.0,0.0,0.0,0.0,0.0,0.0,0.0
2024-07-16T01:00,3600,0.0,0.0,0.0,0.0,0.0,0.0,0.0,0.0,0.0
2024-07-16T02:00,3600,0.0,0.0,0.0,0.0,0.0,0.0,0.0,0.0,0.0
2024-07-16T03:00,3600,0.0,0.0,0.0,0.0,0.0,0.0,0.0,0.0,0.0
2024-07-16T04:00,3600,0.0,0.0,0.0,0.0,0.0,0.0,0.0,0.0,0.0
2024-07-16T05:00,3600,0.0,0.0,0.0,0.0,0.0,0.0,0.0,0.0,0.0
2024-07-16T06:00,3600,0.0,0.07281896164,0.0,0.0,0.0,0.07281896164,103.05821447,72.81896164,34.99836115
2024-07-16T07:00,3600,0.0,0.36576760999999997,0.0,0.0,0.0,0.36576760999999997,454.6516292,365.76761,156.22734889
2024-07-16T08:00,3600,1.0870588235294116,0.76842829039,0.76842829039,0.3186305331394116,0.0,0.0,940.44553241,768.42829039,329.28791349
2024-07-16T09:00,3600,1.0870588235294116,1.0626117624599998,1.0626117624599998,0.024447061069411857,0.0,0.0,1297.24216425,1062.61176246,459.61298305
2024-07-16T10:00,3600,1.0663529411764705,1.36127567501,1.0663529411764705,0.0,0.0,0.2949227338335294,1661.11797985,1361.27567501,600.65210392
2024-07-16T11:00,3600,1.0613835294117648,1.4627619426299998,1.0613835294117648,0.0,0.0,0.401378413218235,1785.14466459,1462.76194263,650.74856631
2024-07-16T12:00,3600,1.0688376470588234,1.7245452537000001,1.0688376470588234,0.0,0.0,0.6557076066411767,2105.9730784,1724.5452537,773.4517673
2024-07-16T13:00,3600,1.0502023529411766,1.2752270135900001,1.0502023529411766,0.0,0.0,0.22502466064882354,1556.10967647,1275.22701359,562.00591052
2024-07-16T14:00,3600,1.0775341176470588,0.9591110938599999,0.9591110938599999,0.11842302378705882,0.0,0.0,1171.53046618,959.11109386,414.65163809
2024-07-16T15:00,3600,1.058898823529412,0.7843291389900001,0.7843291389900001,0.2745696845394118,0.0,0.0,959.68991894,784.32913899,339.32235622
2024-07-16T16:00,3600,1.0849882352941176,0.67501875484,0.67501875484,0.40996948045411763,0.0,0.0,827.48786925,675.01875484,289.23404729
2024-07-16T17:00,3600,1.0849882352941176,0.28297183404,0.28297183404,0.8020164012541176,0.0,0.0,355.12539878,282.97183404,122.30794036
2024-07-16T18:00,3600,0.0,0.09040488516,0.0,0.0,0.0,0.09040488516,124.1214057,90.40488516,42.1039555
2024-07-16T19:00,3600,0.0,0.0,0.0,0.0,0.0,0.0,2.86368216,0.0,0.96820194
2024-07-16T20:00,3600,0.0,0.0,0.0,0.0,0.0,0.0,0.0,0.0,0.0
2024-07-16T21:00,3600,0.0,0.0,0.0,0.0,0.0,0.0,0.0,0.0,0.0
2024-07-16T22:00,3600,0.0,0.0,0.0,0.0,0.0,0.0,0.0,0.0,0.0
2024-07-16T23:00,3600,0.0,0.0,0.0,0.0,0.0,0.0,0.0,0.0,0.0
2024-07-17T00:00,3600,0.0,0.0,0.0,0.0,0.0,0.0,0.0,0.0,0.0
2024-07-17T01:00,3600,0.0,0.0,0.0,0.0,0.0,0.0,0.0,0.0,0.0
2024-07-17T02:00,3600,0.0,0.0,0.0,0.0,0.0,0.0,0.0,0.0,0.0
2024-07-17T03:00,3600,0.0,0.0,0.0,0.0,0.0,0.0,0.0,0.0,0.0
2024-07-17T04:00,3600,0.0,0.0,0.0,0.0,0.0,0.0,0.0,0.0,0.0
2024-07-17T05:00,3600,0.0,0.0,0.0,0.0,0.0,0.0,0.0,0.0,0.0
2024-07-17T06:00,3600,0.0,0.06850601991000001,0.0,0.0,0.0,0.06850601991000001,97.89331329,68.50601991,33.09375533
2024-07-17T07:00,3600,0.0,0.31918386930000003,0.0,0.0,0.0,0.31918386930000003,398.6396067,319.1838693,136.07628626
2024-07-17T08:00,3600,1.0870588235294116,0.62486212609,0.62486212609,0.4621966974394116,0.0,0.0,766.90056406,624.86212609,265.18672665
2024-07-17T09:00,3600,1.0870588235294116,1.11432632121,1.0870588235294116,0.0,0.0,0.02726749768058845,1360.1290748,1114.32632121,479.99842599
2024-07-17T10:00,3600,1.0713223529411764,1.17842508919,1.0713223529411764,0.0,0.0,0.10710273624882372,1438.14480896,1178.42508919,516.84439103
2024-07-17T11:00,3600,1.0613835294117648,1.25696013442,1.0613835294117648,0.0,0.0,0.19557660500823526,1533.8358369,1256.96013442,554.30282968
2024-07-17T12:00,3600,1.0601411764705884,1.0664776774,1.0601411764705884,0.0,0.0,0.006336500929411626,1301.94154685,1066.4776774,466.08120574
2024-07-17T13:00,3600,1.0800188235294121,1.48264190419,1.0800188235294121,0.0,0.0,0.40262308066058794,1809.4628322,1482.64190419,654.57523274
2024-07-17T14:00,3600,1.056414117647059,1.3141559536599998,1.056414117647059,0.0,0.0,0.2577418360129409,1603.59883207,1314.15595366,580.51066327
2024-07-17T15:00,3600,1.052687058823529,0.90492672303,0.90492672303,0.1477603357935291,0.0,0.0,1105.79730378,904.92672303,393.67145788
2024-07-17T16:00,3600,1.0750494117647058,0.6888014370000001,0.6888014370000001,0.38624797476470574,0.0,0.0,844.14486599,688.801437,295.60582546
2024-07-17T17:00,3600,1.0787764705882352,0.29087208984,0.29087208984,0.7879043807482352,0.0,0.0,364.61673742,290.87208984,125.80790822
2024-07-17T18:00,3600,0.0,0.0692186238,0.0,0.0,0.0,0.0692186238,98.74665901,69.2186238,33.44661062
2024-07-17T19:00,3600,0.0,0.0,0.0,0.0,0.0,0.0,2.86877459,0.0,0.96820194
2024-07-17T20:00,3600,0.0,0.0,0.0,0.0,0.0,0.0,0.0,0.0,0.0
2024-07-17T21:00,3600,0.0,0.0,0.0,0.0,0.0,0.0,0.0,0.0,0.0
2024-07-17T22:00,3600,0.0,0.0,0.0,0.0,0.0,0.0,0.0,0.0,0.0
2024-07-17T23:00,3600,0.0,0.0,0.0,0.0,0.0,0.0,0.0,0.0,0.0
2024-07-18T00:00,3600,0.0,0.0,0.0,0.0,0.0,0.0,0.0,0.0,0.0
2024-07-18T01:00,3600,0.0,0.0,0.0,0.0,0.0,0.0,0.0,0.0,0.0
2024-07-18T02:00,3600,0.0,0.0,0.0,0.0,0.0,0.0,0.0,0.0,0.0
2024-07-18T03:00,3600,0.0,0.0,0.0,0.0,0.0,0.0,0.0,0.0,0.0
2024-07-18T04:00,3600,0.0,0.0,0.0,0.0,0.0,0.0,0.0,0.0,0.0
2024-07-18T05:00,3600,0.0,0.0,0.0,0.0,0.0,0.0,0.0,0.0,0.0
2024-07-18T06:00,3600,0.0,0.05166078736,0.0,0.0,0.0,0.05166078736,77.72371316,51.66078736,26.32429125
2024-07-18T07:00,3600,0.0,0.34248528192,0.0,0.0,0.0,0.34248528192,426.65221334,342.48528192,146.09085931
2024-07-18T08:00,3600,1.0870588235294116,0.74886527003,0.74886527003,0.3381935534994116,0.0,0.0,916.77527314,748.86527003,319.7809987
2024-07-18T09:00,3600,1.0870588235294116,1.1186848229,1.0870588235294116,0.0,0.0,0.0316259993705883,1365.43145629,1118.6848229,484.97898439
2024-07-18T10:00,3600,1.07008,1.19358968679,1.07008,0.0,0.0,0.12350968679000007,1456.61312477,1193.58968679,523.47963275
2024-07-18T11:00,3600,1.072564705882353,1.35500622917,1.072564705882353,0.0,0.0,0.28244152328764693,1653.46244314,1355.00622917,596.71470562
2024-07-18T12:00,3600,1.0870588235294116,1.19946290684,1.0870588235294116,0.0,0.0,0.11240408331058838,1463.76702335,1199.46290684,519.94786463
2024-07-18T13:00,3600,1.0870588235294116,1.2030089226,1.0870588235294116,0.0,0.0,0.1159500990705884,1468.08657391,1203.0089226,520.5193877
2024-07-18T14:00,3600,0.6599738813254854,0.47524157680000007,0.47524157680000007,0.18473230452548534,0.0,0.0,586.4364238,475.2415768,201.68553461
2024-07-18T15:00,3600,0.6183860852941178,0.5849950511099999,0.5849950511099999,0.03339103418411782,0.0,0.0,718.77533954,584.99505111,247.70921421
2024-07-18T16:00,3600,0.5729890264705882,0.36758934993000003,0.36758934993000003,0.20539967654058822,0.0,0.0,456.84287206,367.58934993,156.0901264
2024-07-18T17:00,3600,0.5697353647058823,0.27716867709000004,0.27716867709000004,0.2925666876158822,0.0,0.0,348.15422025,277.16867709,118.70423066
2024-07-18T18:00,3600,0.0,0.06783871829,0.0,0.0,0.0,0.06783871829,97.09422538,67.83871829,32.68368391
2024-07-18T19:00,3600,0.0,0.0,0.0,0.0,0.0,0.0,2.88399444,0.0,0.96820194
2024-07-18T20:00,3600,0.0,0.0,0.0,0.0,0.0,0.0,0.0,0.0,0.0
2024-07-18T21:00,3600,0.0,0.0,0.0,0.0,0.0,0.0,0.0,0.0,0.0
2024-07-18T22:00,3600,0.0,0.0,0.0,0.0,0.0,0.0,0.0,0.0,0.0
2024-07-18T23:00,3600,0.0,0.0,0.0,0.0,0.0,0.0,0.0,0.0,0.0
2024-07-19T00:00,3600,0.0,0.0,0.0,0.0,0.0,0.0,0.0,0.0,0.0
2024-07-19T01:00,3600,0.0,0.0,0.0,0.0,0.0,0.0,0.0,0.0,0.0
2024-07-19T02:00,3600,0.0,0.0,0.0,0.0,0.0,0.0,0.0,0.0,0.0
2024-07-19T03:00,3600,0.0,0.0,0.0,0.0,0.0,0.0,0.0,0.0,0.0
2024-07-19T04:00,3600,0.0,0.0,0.0,0.0,0.0,0.0,0.0,0.0,0.0
2024-07-19T05:00,3600,0.0,0.0,0.0,0.0,0.0,0.0,0.0,0.0,0.0
2024-07-19T06:00,3600,0.0,0.05669321458,0.0,0.0,0.0,0.05669321458,83.74875041,56.69321458,28.26069514
2024-07-19T07:00,3600,0.0,0.36015957196,0.0,0.0,0.0,0.36015957196,447.90648963,360.15957196,153.07247975
2024-07-19T08:00,3600,0.9440261479846405,0.7008096607300001,0.7008096607300001,0.2432164872546404,0.0,0.0,858.66017778,700.80966073,297.74254648
2024-07-19T09:00,3600,0.7454890382352942,1.09841611147,0.7454890382352942,0.0,0.0,0.35292707323470573,1340.77634283,1098.41611147,471.70893323
2024-07-19T10:00,3600,0.9028980941176471,1.47829208904,0.9028980941176471,0.0,0.0,0.5753939949223529,1804.14128015,1478.29208904,651.92156484
2024-07-19T11:00,3600,0.9616244264705883,1.71699877973,0.9616244264705883,0.0,0.0,0.7553743532594116,2096.70619797,1716.99877973,765.39472003
2024-07-19T12:00,3600,0.9574204588235296,1.69248092205,0.9574204588235296,0.0,0.0,0.7350604632264703,2066.60641125,1692.48092205,755.25011496
2024-07-19T13:00,3600,0.8163529794117647,0.99813946577,0.8163529794117647,0.0,0.0,0.18178648635823536,1218.91092882,998.13946577,433.96858188
2024-07-19T14:00,3600,0.6805810235294117,0.5195158345800001,0.5195158345800001,0.1610651889494117,0.0,0.0,639.79530354,519.51583458,222.13351153
2024-07-19T15:00,3600,0.670677811764706,0.38230076829000004,0.38230076829000004,0.28837704347470594,0.0,0.0,474.54039266,382.30076829,164.48720491
2024-07-19T16:00,3600,0.6267750088235294,0.20294671641,0.20294671641,0.42382829241352943,0.0,0.0,259.04654543,202.94671641,89.07457861
2024-07-19T17:00,3600,0.6086391323529413,0.08825428074,0.08825428074,0.5203848516129413,0.0,0.0,121.54526685,88.25428074,41.63268348
2024-07-19T18:00,3600,0.0,0.03694164734000001,0.0,0.0,0.0,0.03694164734000001,60.10390882,36.94164734,20.33224077
2024-07-19T19:00,3600,0.0,0.0,0.0,0.0,0.0,0.0,2.86976394,0.0,0.96820194
2024-07-19T20:00,3600,0.0,0.0,0.0,0.0,0.0,0.0,0.0,0.0,0.0
2024-07-19T21:00,3600,0.0,0.0,0.0,0.0,0.0,0.0,0.0,0.0,0.0
2024-07-19T22:00,3600,0.0,0.0,0.0,0.0,0.0,0.0,0.0,0.0,0.0
2024-07-19T23:00,3600,0.0,0.0,0.0,0.0,0.0,0.0,0.0,0.0,0.0
2024-07-20T00:00,3600,0.0,0.0,0.0,0.0,0.0,0.0,0.0,0.0,0.0
2024-07-20T01:00,3600,0.0,0.0,0.0,0.0,0.0,0.0,0.0,0.0,0.0
2024-07-20T02:00,3600,0.0,0.0,0.0,0.0,0.0,0.0,0.0,0.0,0.0
2024-07-20T03:00,3600,0.0,0.0,0.0,0.0,0.0,0.0,0.0,0.0,0.0
2024-07-20T04:00,3600,0.0,0.0,0.0,0.0,0.0,0.0,0.0,0.0,0.0
2024-07-20T05:00,3600,0.0,0.0,0.0,0.0,0.0,0.0,0.0,0.0,0.0
2024-07-20T06:00,3600,0.0,0.06352277437,0.0,0.0,0.0,0.06352277437,91.92611091,63.52277437,31.16530096
2024-07-20T07:00,3600,0.0,0.3878808791,0.0,0.0,0.0,0.3878808791,481.25416603,387.8808791,165.47823933
2024-07-20T08:00,3600,0.0,0.8418648824,0.0,0.0,0.0,0.8418648824,1029.36272675,841.8648824,361.19730705
2024-07-20T09:00,3600,0.0,1.25408288442,0.0,0.0,0.0,1.25408288442,1530.32801356,1254.08288442,546.51492471
2024-07-20T10:00,3600,0.0,1.57369286404,0.0,0.0,0.0,1.57369286404,1920.93671945,1573.69286404,702.53740609
2024-07-20T11:00,3600,0.0,1.7127171906399998,0.0,0.0,0.0,1.7127171906399998,2091.44899916,1712.71719064,770.21888937
2024-07-20T12:00,3600,0.0,1.74466642538,0.0,0.0,0.0,1.74466642538,2130.68670579,1744.66642538,787.55062039
2024-07-20T13:00,3600,0.0,1.32781559103,0.0,0.0,0.0,1.32781559103,1620.26888184,1327.81559103,591.98145095
2024-07-20T14:00,3600,0.0,1.0508583894899999,0.0,0.0,0.0,1.0508583894899999,1282.9565411,1050.85838949,461.27229217
2024-07-20T15:00,3600,0.0,0.88059375139,0.0,0.0,0.0,0.88059375139,1076.29566223,880.59375139,380.43293544
2024-07-20T16:00,3600,0.0,0.72172847682,0.0,0.0,0.0,0.72172847682,883.95273897,721.72847682,309.53157085
2024-07-20T17:00,3600,0.0,0.35688790877000004,0.0,0.0,0.0,0.35688790877000004,443.97171626,356.88790877,153.88952996
2024-07-20T18:00,3600,0.0,0.09979127381,0.0,0.0,0.0,0.09979127381,135.36601732,99.79127381,46.17078301
2024-07-20T19:00,3600,0.0,0.0,0.0,0.0,0.0,0.0,2.8535112,0.0,0.96820194
2024-07-20T20:00,3600,0.0,0.0,0.0,0.0,0.0,0.0,0.0,0.0,0.0
2024-07-20T21:00,3600,0.0,0.0,0.0,0.0,0.0,0.0,0.0,0.0,0.0
2024-07-20T22:00,3600,0.0,0.0,0.0,0.0,0.0,0.0,0.0,0.0,0.0
2024-07-20T23:00,3600,0.0,0.0,0.0,0.0,0.0,0.0,0.0,0.0,0.0
2024-07-21T00:00,3600,0.0,0.0,0.0,0.0,0.0,0.0,0.0,0.0,0.0
2024-07-21T01:00,3600,0.0,0.0,0.0,0.0,0.0,0.0,0.0,0.0,0.0
2024-07-21T02:00,3600,0.0,0.0,0.0,0.0,0.0,0.0,0.0,0.0,0.0
2024-07-21T03:00,3600,0.0,0.0,0.0,0.0,0.0,0.0,0.0,0.0,0.0
2024-07-21T04:00,3600,0.0,0.0,0.0,0.0,0.0,0.0,0.0,0.0,0.0
2024-07-21T05:00,3600,0.0,0.0,0.0,0.0,0.0,0.0,0.0,0.0,0.0
2024-07-21T06:00,3600,0.0,0.05141098677,0.0,0.0,0.0,0.05141098677,77.42465291,51.41098677,26.26069514
2024-07-21T07:00,3600,0.0,0.36888232346,0.0,0.0,0.0,0.36888232346,458.39813525,368.88232346,157.42293424
2024-07-21T08:00,3600,0.0,0.59802005347,0.0,0.0,0.0,0.59802005347,734.49518743,598.02005347,254.75870903
2024-07-21T09:00,3600,0.0,0.77112212487,0.0,0.0,0.0,0.77112212487,943.70548452,771.12212487,329.53838108
2024-07-21T10:00,3600,0.0,1.23272023026,0.0,0.0,0.0,1.23272023026,1504.28840749,1232.72023026,539.15390962
2024-07-21T11:00,3600,0.0,1.2922117007599998,0.0,0.0,0.0,1.2922117007599998,1576.82568387,1292.21170076,568.62077723
2024-07-21T12:00,3600,0.0,1.3890236394000002,0.0,0.0,0.0,1.3890236394000002,1695.00954292,1389.0236394,614.42733915
2024-07-21T13:00,3600,0.0,1.38203803739,0.0,0.0,0.0,1.38203803739,1686.47591128,1382.03803739,614.39935464
2024-07-21T14:00,3600,0.0,1.40481308007,0.0,0.0,0.0,1.40481308007,1714.30136134,1404.81308007,625.47909548
2024-07-21T15:00,3600,0.0,0.9858573806900001,0.0,0.0,0.0,0.9858573806900001,1203.99743098,985.85738069,430.48023939
2024-07-21T16:00,3600,0.0,0.32632493675,0.0,0.0,0.0,0.32632493675,407.22345316,326.32493675,141.55028294
2024-07-21T17:00,3600,0.0,0.21485584380000003,0.0,0.0,0.0,0.21485584380000003,273.33748879,214.8558438,94.68161662
2024-07-21T18:00,3600,0.0,0.07491031375999999,0.0,0.0,0.0,0.07491031375999999,105.56280204,74.91031376,35.93321945
2024-07-21T19:00,3600,0.0,0.0,0.0,0.0,0.0,0.0,2.85248563,0.0,0.96820194
2024-07-21T20:00,3600,0.0,0.0,0.0,0.0,0.0,0.0,0.0,0.0,0.0
2024-07-21T21:00,3600,0.0,0.0,0.0,0.0,0.0,0.0,0.0,0.0,0.0
2024-07-21T22:00,3600,0.0,0.0,0.0,0.0,0.0,0.0,0.0,0.0,0.0
2024-07-21T23:00,3600,0.0,0.0,0.0,0.0,0.0,0.0,0.0,0.0,0.0
2024-07-22T00:00,3600,0.0,0.0,0.0,0.0,0.0,0.0,0.0,0.0,0.0
2024-07-22T01:00,3600,0.0,0.0,0.0,0.0,0.0,0.0,0.0,0.0,0.0
2024-07-22T02:00,3600,0.0,0.0,0.0,0.0,0.0,0.0,0.0,0.0,0.0
2024-07-22T03:00,3600,0.0,0.0,0.0,0.0,0.0,0.0,0.0,0.0,0.0
2024-07-22T04:00,3600,0.0,0.0,0.0,0.0,0.0,0.0,0.0,0.0,0.0
2024-07-22T05:00,3600,0.0,0.0,0.0,0.0,0.0,0.0,0.0,0.0,0.0
2024-07-22T06:00,3600,0.0,0.04903796335,0.0,0.0,0.0,0.04903796335,74.58373422,49.03796335,25.28454368
2024-07-22T07:00,3600,0.0,0.23037733773,0.0,0.0,0.0,0.23037733773,291.9670759,230.37733773,99.59430265
2024-07-22T08:00,3600,1.0870588235294116,0.55718230551,0.55718230551,0.5298765180194116,0.0,0.0,685.2185184,557.18230551,236.75654062
2024-07-22T09:00,3600,1.0870588235294116,1.03258943248,1.03258943248,0.05446939104941162,0.0,0.0,1260.75665145,1032.58943248,444.0042289
2024-07-22T10:00,3600,1.0688376470588234,1.3922814745799998,1.0688376470588234,0.0,0.0,0.3234438275211764,1698.98963852,1392.28147458,615.28310825
2024-07-22T11:00,3600,1.0663529411764705,1.31869768314,1.0663529411764705,0.0,0.0,0.2523447419635294,1609.14111233,1318.69768314,581.50240569
2024-07-22T12:00,3600,1.0601411764705884,1.5942490534399998,1.0601411764705884,0.0,0.0,0.5341078769694114,1946.12550655,1594.24905344,713.11496937
2024-07-22T13:00,3600,1.0464752941176472,1.58284172266,1.0464752941176472,0.0,0.0,0.5363664285423528,1932.14639604,1582.84172266,709.89271323
2024-07-22T14:00,3600,1.0551717647058825,1.40076538024,1.0551717647058825,0.0,0.0,0.3455936155341175,1709.35536153,1400.76538024,621.68041983
2024-07-22T15:00,3600,1.0576564705882354,1.2265857069700001,1.0576564705882354,0.0,0.0,0.1689292363817647,1496.81242534,1226.58570697,539.22106357
2024-07-22T16:00,3600,1.065110588235294,0.65601019622,0.65601019622,0.409100392015294,0.0,0.0,804.5208527,656.01019622,282.53705077
2024-07-22T17:00,3600,1.062625882352941,0.329874676,0.329874676,0.7327512063529411,0.0,0.0,411.49072158,329.874676,142.78199189
2024-07-22T18:00,3600,0.0,0.08638671148,0.0,0.0,0.0,0.08638671148,119.30823328,86.38671148,40.61806398
2024-07-22T19:00,3600,0.0,0.0,0.0,0.0,0.0,0.0,2.85655055,0.0,0.96820194
2024-07-22T20:00,3600,0.0,0.0,0.0,0.0,0.0,0.0,0.0,0.0,0.0
2024-07-22T21:00,3600,0.0,0.0,0.0,0.0,0.0,0.0,0.0,0.0,0.0
2024-07-22T22:00,3600,0.0,0.0,0.0,0.0,0.0,0.0,0.0,0.0,0.0
2024-07-22T23:00,3600,0.0,0.0,0.0,0.0,0.0,0.0,0.0,0.0,0.0
2024-07-23T00:00,3600,0.0,0.0,0.0,0.0,0.0,0.0,0.0,0.0,0.0
2024-07-23T01:00,3600,0.0,0.0,0.0,0.0,0.0,0.0,0.0,0.0,0.0
2024-07-23T02:00,3600,0.0,0.0,0.0,0.0,0.0,0.0,0.0,0.0,0.0
2024-07-23T03:00,3600,0.0,0.0,0.0,0.0,0.0,0.0,0.0,0.0,0.0
2024-07-23T04:00,3600,0.0,0.0,0.0,0.0,0.0,0.0,0.0,0.0,0.0
2024-07-23T05:00,3600,0.0,0.0,0.0,0.0,0.0,0.0,0.0,0.0,0.0
2024-07-23T06:00,3600,0.0,0.05615425918999999,0.0,0.0,0.0,0.05615425918999999,83.10346845,56.15425919,28.20504853
2024-07-23T07:00,3600,0.0,0.36542854088000004,0.0,0.0,0.0,0.36542854088000004,454.24379339,365.42854088,156.1168056
2024-07-23T08:00,3600,1.0870588235294116,0.7256698456399999,0.7256698456399999,0.3613889778894117,0.0,0.0,888.71907257,725.66984564,310.60516349
2024-07-23T09:00,3600,1.0870588235294116,1.10291506647,1.0870588235294116,0.0,0.0,0.015856242940588405,1346.24826736,1102.91506647,478.61162017
2024-07-23T10:00,3600,1.0663529411764705,1.5060728798600003,1.0663529411764705,0.0,0.0,0.43971993868352977,1838.13439185,1506.07287986,675.06882793
2024-07-23T11:00,3600,1.0613835294117648,1.70022661244,1.0613835294117648,0.0,0.0,0.6388430830282352,2076.11430338,1700.22661244,772.85636941
2024-07-23T12:00,3600,1.0613835294117648,1.56772385451,1.0613835294117648,0.0,0.0,0.5063403250982352,1913.62402444,1567.72385451,706.90086326
2024-07-23T13:00,3600,1.0415058823529413,1.49337007033,1.0415058823529413,0.0,0.0,0.45186418797705863,1822.5891739,1493.37007033,674.81960823
2024-07-23T14:00,3600,1.0477176470588236,1.44586890319,1.0477176470588236,0.0,0.0,0.3981512561311764,1764.48612925,1445.86890319,650.59108739
2024-07-23T15:00,3600,1.065110588235294,1.11812321724,1.065110588235294,0.0,0.0,0.053012629004705936,1364.74820911,1118.12321724,492.54101859
2024-07-23T16:00,3600,1.0551717647058825,0.8060022278400001,0.8060022278400001,0.2491695368658824,0.0,0.0,985.92776954,806.00222784,351.65116411
2024-07-23T17:00,3600,1.0464752941176472,0.45275974394999996,0.45275974394999996,0.5937155501676472,0.0,0.0,559.3551305,452.75974395,196.74561029
2024-07-23T18:00,3600,0.0,0.09354557691,0.0,0.0,0.0,0.09354557691,127.88368563,93.54557691,43.91953892
2024-07-23T19:00,3600,0.0,0.0,0.0,0.0,0.0,0.0,2.83620468,0.0,0.96820194
2024-07-23T20:00,3600,0.0,0.0,0.0,0.0,0.0,0.0,0.0,0.0,0.0
2024-07-23T21:00,3600,0.0,0.0,0.0,0.0,0.0,0.0,0.0,0.0,0.0
2024-07-23T22:00,3600,0.0,0.0,0.0,0.0,0.0,0.0,0.0,0.0,0.0
2024-07-23T23:00,3600,0.0,0.0,0.0,0.0,0.0,0.0,0.0,0.0,0.0
2024-07-24T00:00,3600,0.0,0.0,0.0,0.0,0.0,0.0,0.0,0.0,0.0
2024-07-24T01:00,3600,0.0,0.0,0.0,0.0,0.0,0.0,0.0,0.0,0.0
2024-07-24T02:00,3600,0.0,0.0,0.0,0.0,0.0,0.0,0.0,0.0,0.0
2024-07-24T03:00,3600,0.0,0.0,0.0,0.0,0.0,0.0,0.0,0.0,0.0
2024-07-24T04:00,3600,0.0,0.0,0.0,0.0,0.0,0.0,0.0,0.0,0.0
2024-07-24T05:00,3600,0.0,0.0,0.0,0.0,0.0,0.0,0.0,0.0,0.0
2024-07-24T06:00,3600,0.0,0.08206116897,0.0,0.0,0.0,0.08206116897,114.12719969,82.06116897,38.81552232
2024-07-24T07:00,3600,0.0,0.35067481537,0.0,0.0,0.0,0.35067481537,436.49986531,350.67481537,150.17249349
2024-07-24T08:00,3600,1.0870588235294116,0.7999328806099999,0.7999328806099999,0.28712594291941174,0.0,0.0,978.57923396,799.93288061,343.67866536
2024-07-24T09:00,3600,1.0870588235294116,1.30246197762,1.0870588235294116,0.0,0.0,0.2154031540905883,1589.33043733,1302.46197762,572.24435698
2024-07-24T10:00,3600,1.062625882352941,1.64087821517,1.062625882352941,0.0,0.0,0.578252332817059,2003.29298201,1640.87821517,742.39013548
2024-07-24T11:00,3600,1.0576564705882354,1.74952759786,1.0576564705882354,0.0,0.0,0.6918711272717646,2136.65855637,1749.52759786,797.11879562
2024-07-24T12:00,3600,1.0551717647058825,1.6757167915400002,1.0551717647058825,0.0,0.0,0.6205450268341177,2046.03224703,1675.71679154,761.47474355
2024-07-24T13:00,3600,1.03508685155744,1.75895586884,1.03508685155744,0.0,0.0,0.7238690172825599,2148.24228591,1758.95586884,807.50169362
2024-07-24T14:00,3600,1.0342536210464086,1.28177140647,1.0342536210464086,0.0,0.0,0.24751778542359149,1564.09114817,1281.77140647,574.23835839
2024-07-24T15:00,3600,1.0342536210464086,1.07518515276,1.0342536210464086,0.0,0.0,0.04093153171359143,1312.52731818,1075.18515276,476.81599371
2024-07-24T16:00,3600,1.033202614379085,0.79555999388,0.79555999388,0.2376426204990849,0.0,0.0,973.28512761,795.55999388,349.54249783
2024-07-24T17:00,3600,1.0334136641538554,0.39804076105999997,0.39804076105999997,0.6353729030938554,0.0,0.0,493.47958381,398.04076106,174.08871627
2024-07-24T18:00,3600,0.0,0.07080273264,0.0,0.0,0.0,0.07080273264,100.64366736,70.80273264,34.55093963
2024-07-24T19:00,3600,0.0,0.0,0.0,0.0,0.0,0.0,2.83317051,0.0,0.96820194
2024-07-24T20:00,3600,0.0,0.0,0.0,0.0,0.0,0.0,0.0,0.0,0.0
2024-07-24T21:00,3600,0.0,0.0,0.0,0.0,0.0,0.0,0.0,0.0,0.0
2024-07-24T22:00,3600,0.0,0.0,0.0,0.0,0.0,0.0,0.0,0.0,0.0
2024-07-24T23:00,3600,0.0,0.0,0.0,0.0,0.0,0.0,0.0,0.0,0.0
2024-07-25T00:00,3600,0.0,0.0,0.0,0.0,0.0,0.0,0.0,0.0,0.0
2024-07-25T01:00,3600,0.0,0.0,0.0,0.0,0.0,0.0,0.0,0.0,0.0
2024-07-25T02:00,3600,0.0,0.0,0.0,0.0,0.0,0.0,0.0,0.0,0.0
2024-07-25T03:00,3600,0.0,0.0,0.0,0.0,0.0,0.0,0.0,0.0,0.0
2024-07-25T04:00,3600,0.0,0.0,0.0,0.0,0.0,0.0,0.0,0.0,0.0
2024-07-25T05:00,3600,0.0,0.0,0.0,0.0,0.0,0.0,0.0,0.0,0.0
2024-07-25T06:00,3600,0.0,0.06530006036000001,0.0,0.0,0.0,0.06530006036000001,94.05427677,65.30006036,32.09375533
2024-07-25T07:00,3600,0.0,0.38975244225,0.0,0.0,0.0,0.38975244225,483.50608404,389.75244225,166.83530614
2024-07-25T08:00,3600,1.0870588235294116,0.8622193682299999,0.8622193682299999,0.22483945529941174,0.0,0.0,1054.02552888,862.21936823,370.01914143
2024-07-25T09:00,3600,1.0870588235294116,1.27789627154,1.0870588235294116,0.0,0.0,0.19083744801058833,1559.36497792,1277.89627154,556.08061146
2024-07-25T10:00,3600,1.052687058823529,1.65045861292,1.052687058823529,0.0,0.0,0.597771554096471,2015.04371065,1650.45861292,738.27514552
2024-07-25T11:00,3600,1.0464752941176472,1.91032964398,1.0464752941176472,0.0,0.0,0.8638543498623528,2334.45668598,1910.32964398,866.38855644
2024-07-25T12:00,3600,1.042748235294118,1.93680318987,1.042748235294118,0.0,0.0,0.894054954575882,2367.0688696,1936.80318987,880.65127453
2024-07-25T13:00,3600,1.0321409375933115,1.8131751953800002,1.0321409375933115,0.0,0.0,0.7810342577866887,2214.89018214,1813.17519538,826.56072307
2024-07-25T14:00,3600,1.0308526107072045,1.6735484972199999,1.0308526107072045,0.0,0.0,0.6426958865127954,2043.37155048,1673.54849722,759.36464614
2024-07-25T15:00,3600,1.0306363527005897,1.3247552061899999,1.0306363527005897,0.0,0.0,0.29411885348941014,1616.53372165,1324.75520619,591.85892426
2024-07-25T16:00,3600,1.032991137810028,0.91834219078,0.91834219078,0.11464894703002804,0.0,0.0,1122.06707824,918.34219078,402.54254213
2024-07-25T17:00,3600,1.0327792331507502,0.45352175712000004,0.45352175712000004,0.5792574760307501,0.0,0.0,560.27289101,453.52175712,197.65626811
2024-07-25T18:00,3600,0.0,0.09810279398999999,0.0,0.0,0.0,0.09810279398999999,133.34315363,98.10279399,46.12472022
2024-07-25T19:00,3600,0.0,0.0,0.0,0.0,0.0,0.0,2.81183921,0.0,0.96820194
2024-07-25T20:00,3600,0.0,0.0,0.0,0.0,0.0,0.0,0.0,0.0,0.0
2024-07-25T21:00,3600,0.0,0.0,0.0,0.0,0.0,0.0,0.0,0.0,0.0
2024-07-25T22:00,3600,0.0,0.0,0.0,0.0,0.0,0.0,0.0,0.0,0.0
2024-07-25T23:00,3600,0.0,0.0,0.0,0.0,0.0,0.0,0.0,0.0,0.0
2024-07-26T00:00,3600,0.0,0.0,0.0,0.0,0.0,0.0,0.0,0.0,0.0
2024-07-26T01:00,3600,0.0,0.0,0.0,0.0,0.0,0.0,0.0,0.0,0.0
2024-07-26T02:00,3600,0.0,0.0,0.0,0.0,0.0,0.0,0.0,0.0,0.0
2024-07-26T03:00,3600,0.0,0.0,0.0,0.0,0.0,0.0,0.0,0.0,0.0
2024-07-26T04:00,3600,0.0,0.0,0.0,0.0,0.0,0.0,0.0,0.0,0.0
2024-07-26T05:00,3600,0.0,0.0,0.0,0.0,0.0,0.0,0.0,0.0,0.0
2024-07-26T06:00,3600,0.0,0.05342387755,0.0,0.0,0.0,0.05342387755,79.83450902,53.42387755,27.16530096
2024-07-26T07:00,3600,0.0,0.26381090623,0.0,0.0,0.0,0.26381090623,332.11017888,263.81090623,113.7947476
2024-07-26T08:00,3600,1.0870588235294116,0.41490606584,0.41490606584,0.6721527576894116,0.0,0.0,513.77776691,414.90606584,177.08611698
2024-07-26T09:00,3600,1.0870588235294116,0.7885663222399999,0.7885663222399999,0.29849250128941174,0.0,0.0,964.81885502,788.56632224,337.19019563
2024-07-26T10:00,3600,1.0638682352941178,0.83022697653,0.83022697653,0.2336412587641178,0.0,0.0,1015.26491744,830.22697653,359.37323647
2024-07-26T11:00,3600,1.062625882352941,1.2130177560300002,1.062625882352941,0.0,0.0,0.15039187367705908,1480.28002253,1213.01775603,532.87617469
2024-07-26T12:00,3600,1.058898823529412,1.2126669702,1.058898823529412,0.0,0.0,0.15376814667058802,1479.85263944,1212.6669702,534.90938943
2024-07-26T13:00,3600,1.0390211764705881,1.2238598677599999,1.0390211764705881,0.0,0.0,0.18483869128941177,1493.49074291,1223.85986776,544.21447661
2024-07-26T14:00,3600,1.0352941176470587,0.78315584111,0.78315584111,0.25213827653705867,0.0,0.0,958.26974834,783.15584111,342.37018939
2024-07-26T15:00,3600,1.043990588235294,0.84576408068,0.84576408068,0.19822650755529403,0.0,0.0,1034.08665545,845.76408068,370.06571455
2024-07-26T16:00,3600,1.072564705882353,0.5924005090300001,0.5924005090300001,0.480164196852353,0.0,0.0,727.71259267,592.40050903,254.92923422
2024-07-26T17:00,3600,1.0738070588235296,0.38404456758999994,0.38404456758999994,0.6897624912335296,0.0,0.0,476.63840422,384.04456759,165.45125345
2024-07-26T18:00,3600,0.0,0.062495574129999995,0.0,0.0,0.0,0.062495574129999995,90.69614172,62.49557413,31.09607097
2024-07-26T19:00,3600,0.0,0.0,0.0,0.0,0.0,0.0,0.0,0.0,0.0
2024-07-26T20:00,3600,0.0,0.0,0.0,0.0,0.0,0.0,0.0,0.0,0.0
2024-07-26T21:00,3600,0.0,0.0,0.0,0.0,0.0,0.0,0.0,0.0,0.0
2024-07-26T22:00,3600,0.0,0.0,0.0,0.0,0.0,0.0,0.0,0.0,0.0
2024-07-26T23:00,3600,0.0,0.0,0.0,0.0,0.0,0.0,0.0,0.0,0.0
2024-07-27T00:00,3600,0.0,0.0,0.0,0.0,0.0,0.0,0.0,0.0,0.0
2024-07-27T01:00,3600,0.0,0.0,0.0,0.0,0.0,0.0,0.0,0.0,0.0
2024-07-27T02:00,3600,0.0,0.0,0.0,0.0,0.0,0.0,0.0,0.0,0.0
2024-07-27T03:00,3600,0.0,0.0,0.0,0.0,0.0,0.0,0.0,0.0,0.0
2024-07-27T04:00,3600,0.0,0.0,0.0,0.0,0.0,0.0,0.0,0.0,0.0
2024-07-27T05:00,3600,0.0,0.0,0.0,0.0,0.0,0.0,0.0,0.0,0.0
2024-07-27T06:00,3600,0.0,0.0,0.0,0.0,0.0,0.0,11.5084635,0.0,3.87280777
2024-07-27T07:00,3600,0.0,0.015586639709999999,0.0,0.0,0.0,0.015586639709999999,34.54735538,15.58663971,11.6184233
2024-07-27T08:00,3600,0.0,0.04682156477,0.0,0.0,0.0,0.04682156477,71.93041277,46.82156477,24.20504853
2024-07-27T09:00,3600,0.0,0.08514549096000001,0.0,0.0,0.0,0.08514549096000001,117.82149435,85.14549096,39.6962796
2024-07-27T10:00,3600,0.0,0.11607895919000001,0.0,0.0,0.0,0.11607895919000001,154.88189505,116.07895919,52.28290483
2024-07-27T11:00,3600,0.0,0.15174258822,0.0,0.0,0.0,0.15174258822,197.63049325,151.74258822,66.80593396
2024-07-27T12:00,3600,0.0,0.21775857351,0.0,0.0,0.0,0.21775857351,276.82114646,217.75857351,93.91558831
2024-07-27T13:00,3600,0.0,0.25661665043,0.0,0.0,0.0,0.25661665043,323.47047093,256.61665043,110.37502132
2024-07-27T14:00,3600,0.0,0.16959365952,0.0,0.0,0.0,0.16959365952,219.03638935,169.59365952,74.55154949
2024-07-27T15:00,3600,0.0,0.15784350502,0.0,0.0,0.0,0.15784350502,204.94569445,157.84350502,69.71053978
2024-07-27T16:00,3600,0.0,0.1036000515,0.0,0.0,0.0,0.1036000515,139.92926557,103.6000515,47.44189513
2024-07-27T17:00,3600,0.0,0.05124017997,0.0,0.0,0.0,0.05124017997,77.22016434,51.24017997,26.14145242
2024-07-27T18:00,3600,0.0,0.00834358279,0.0,0.0,0.0,0.00834358279,25.88108058,8.34358279,8.71381747
2024-07-27T19:00,3600,0.0,0.0,0.0,0.0,0.0,0.0,0.0,0.0,0.0
2024-07-27T20:00,3600,0.0,0.0,0.0,0.0,0.0,0.0,0.0,0.0,0.0
2024-07-27T21:00,3600,0.0,0.0,0.0,0.0,0.0,0.0,0.0,0.0,0.0
2024-07-27T22:00,3600,0.0,0.0,0.0,0.0,0.0,0.0,0.0,0.0,0.0
2024-07-27T23:00,3600,0.0,0.0,0.0,0.0,0.0,0.0,0.0,0.0,0.0
2024-07-28T00:00,3600,0.0,0.0,0.0,0.0,0.0,0.0,0.0,0.0,0.0
2024-07-28T01:00,3600,0.0,0.0,0.0,0.0,0.0,0.0,0.0,0.0,0.0
2024-07-28T02:00,3600,0.0,0.0,0.0,0.0,0.0,0.0,0.0,0.0,0.0
2024-07-28T03:00,3600,0.0,0.0,0.0,0.0,0.0,0.0,0.0,0.0,0.0
2024-07-28T04:00,3600,0.0,0.0,0.0,0.0,0.0,0.0,0.0,0.0,0.0
2024-07-28T05:00,3600,0.0,0.0,0.0,0.0,0.0,0.0,0.0,0.0,0.0
2024-07-28T06:00,3600,0.0,0.00119335916,0.0,0.0,0.0,0.00119335916,17.32679196,1.19335916,5.80921165
2024-07-28T07:00,3600,0.0,0.03973582473,0.0,0.0,0.0,0.03973582473,63.44843217,39.73582473,21.30044271
2024-07-28T08:00,3600,0.0,0.07572734643000001,0.0,0.0,0.0,0.07572734643000001,106.54129533,75.72734643,35.82347183
2024-07-28T09:00,3600,0.0,0.18629370703,0.0,0.0,0.0,0.18629370703,239.06719746,186.29370703,80.63026801
2024-07-28T10:00,3600,0.0,0.20372911445,0.0,0.0,0.0,0.20372911445,259.98534464,203.72911445,87.99124962
2024-07-28T11:00,3600,0.0,0.34473848724,0.0,0.0,0.0,0.34473848724,429.36150036,344.73848724,146.19212495
2024-07-28T12:00,3600,0.0,0.51106131558,0.0,0.0,0.0,0.51106131558,629.60326158,511.06131558,215.87673725
2024-07-28T13:00,3600,0.0,0.52063257895,0.0,0.0,0.0,0.52063257895,641.1416515,520.63257895,220.65555726
2024-07-28T14:00,3600,0.0,0.23375230903,0.0,0.0,0.0,0.23375230903,296.018437,233.75230903,100.6930019
2024-07-28T15:00,3600,0.0,0.34310943435,0.0,0.0,0.0,0.34310943435,427.4026942,343.10943435,146.11611889
2024-07-28T16:00,3600,0.0,0.17730748256999998,0.0,0.0,0.0,0.17730748256999998,228.28808618,177.30748257,77.32401373
2024-07-28T17:00,3600,0.0,0.14689849152,0.0,0.0,0.0,0.14689849152,191.82273365,146.89849152,64.86953007
2024-07-28T18:00,3600,0.0,0.044708117250000005,0.0,0.0,0.0,0.044708117250000005,69.40041852,44.70811725,23.35112029
2024-07-28T19:00,3600,0.0,0.0,0.0,0.0,0.0,0.0,0.0,0.0,0.0
2024-07-28T20:00,3600,0.0,0.0,0.0,0.0,0.0,0.0,0.0,0.0,0.0
2024-07-28T21:00,3600,0.0,0.0,0.0,0.0,0.0,0.0,0.0,0.0,0.0
2024-07-28T22:00,3600,0.0,0.0,0.0,0.0,0.0,0.0,0.0,0.0,0.0
2024-07-28T23:00,3600,0.0,0.0,0.0,0.0,0.0,0.0,0.0,0.0,0.0
2024-07-29T00:00,3600,0.0,0.0,0.0,0.0,0.0,0.0,0.0,0.0,0.0
2024-07-29T01:00,3600,0.0,0.0,0.0,0.0,0.0,0.0,0.0,0.0,0.0
2024-07-29T02:00,3600,0.0,0.0,0.0,0.0,0.0,0.0,0.0,0.0,0.0
2024-07-29T03:00,3600,0.0,0.0,0.0,0.0,0.0,0.0,0.0,0.0,0.0
2024-07-29T04:00,3600,0.0,0.0,0.0,0.0,0.0,0.0,0.0,0.0,0.0
2024-07-29T05:00,3600,0.0,0.0,0.0,0.0,0.0,0.0,0.0,0.0,0.0
2024-07-29T06:00,3600,0.0,0.015750946459999998,0.0,0.0,0.0,0.015750946459999998,34.74395822,15.75094646,11.65022136
2024-07-29T07:00,3600,0.0,0.12070259136999999,0.0,0.0,0.0,0.12070259136999999,160.42278397,120.70259137,53.99073118
2024-07-29T08:00,3600,1.0870588235294116,0.32010008457,0.32010008457,0.7669587389594117,0.0,0.0,399.74088258,320.10008457,135.61739711
2024-07-29T09:00,3600,1.0870588235294116,0.60489578601,0.60489578601,0.4821630375194116,0.0,0.0,742.79473905,604.89578601,254.83319266
2024-07-29T10:00,3600,1.0870588235294116,1.03170102791,1.03170102791,0.055357795619411565,0.0,0.0,1259.67724676,1031.70102791,443.67746483
2024-07-29T11:00,3600,1.0870588235294116,0.90137988823,0.90137988823,0.1856789352994116,0.0,0.0,1101.496391,901.37988823,386.80649584
2024-07-29T12:00,3600,1.0870588235294116,0.92358818354,0.92358818354,0.16347063998941158,0.0,0.0,1128.43012428,923.58818354,394.85448862
2024-07-29T13:00,3600,0.9021500849187051,0.36180227346,0.36180227346,0.540347811458705,0.0,0.0,449.88221127,361.80227346,153.86114965
2024-07-29T14:00,3600,0.611536811764706,0.59979172405,0.59979172405,0.011745087714705948,0.0,0.0,736.63365134,599.79172405,253.5364736
2024-07-29T15:00,3600,0.5997574176470589,0.46212215205,0.46212215205,0.1376352655970589,0.0,0.0,570.63184249,462.12215205,195.57657308
2024-07-29T16:00,3600,0.5660184676470588,0.20483204873,0.20483204873,0.36118641891705877,0.0,0.0,261.3087738,204.83204873,88.99214427
2024-07-29T17:00,3600,0.577025844117647,0.15448901273,0.15448901273,0.42253683138764697,0.0,0.0,200.923465,154.48901273,68.51163075
2024-07-29T18:00,3600,0.0,0.04681486550999999,0.0,0.0,0.0,0.04681486550999999,71.922393,46.81486551,24.20504853
2024-07-29T19:00,3600,0.0,0.0,0.0,0.0,0.0,0.0,0.0,0.0,0.0
2024-07-29T20:00,3600,0.0,0.0,0.0,0.0,0.0,0.0,0.0,0.0,0.0
2024-07-29T21:00,3600,0.0,0.0,0.0,0.0,0.0,0.0,0.0,0.0,0.0
2024-07-29T22:00,3600,0.0,0.0,0.0,0.0,0.0,0.0,0.0,0.0,0.0
2024-07-29T23:00,3600,0.0,0.0,0.0,0.0,0.0,0.0,0.0,0.0,0.0
2024-07-30T00:00,3600,0.0,0.0,0.0,0.0,0.0,0.0,0.0,0.0,0.0
2024-07-30T01:00,3600,0.0,0.0,0.0,0.0,0.0,0.0,0.0,0.0,0.0
2024-07-30T02:00,3600,0.0,0.0,0.0,0.0,0.0,0.0,0.0,0.0,0.0
2024-07-30T03:00,3600,0.0,0.0,0.0,0.0,0.0,0.0,0.0,0.0,0.0
2024-07-30T04:00,3600,0.0,0.0,0.0,0.0,0.0,0.0,0.0,0.0,0.0
2024-07-30T05:00,3600,0.0,0.0,0.0,0.0,0.0,0.0,0.0,0.0,0.0
2024-07-30T06:00,3600,0.0,0.03971432903,0.0,0.0,0.0,0.03971432903,63.42270211,39.71432903,21.34019028
2024-07-30T07:00,3600,0.0,0.17925236606,0.0,0.0,0.0,0.17925236606,230.6208809,179.25236606,78.03999188
2024-07-30T08:00,3600,0.7424301380383875,0.31542891647000004,0.31542891647000004,0.4270012215683875,0.0,0.0,394.12637191,315.42891647,134.1932968
2024-07-30T09:00,3600,0.5835551970588235,0.44307061237,0.44307061237,0.14048458468882352,0.0,0.0,547.68655891,443.07061237,187.54026144
2024-07-30T10:00,3600,0.718775844117647,0.84387073354,0.718775844117647,0.0,0.0,0.12509488942235303,1031.7928062,843.87073354,361.36964416
2024-07-30T11:00,3600,0.7130295235294117,0.8104513336200001,0.7130295235294117,0.0,0.0,0.09742181009058837,991.31500788,810.45133362,346.86088356
2024-07-30T12:00,3600,0.8486582088235295,1.40177165366,0.8486582088235295,0.0,0.0,0.5531134448364705,1710.58492683,1401.77165366,613.47043674
2024-07-30T13:00,3600,0.8089658794117647,1.12290549355,0.8089658794117647,0.0,0.0,0.31393961413823535,1370.56649524,1122.90549355,487.10884596
2024-07-30T14:00,3600,0.6980074823529412,0.65911405805,0.65911405805,0.03889342430294118,0.0,0.0,808.27063125,659.11405805,281.50529382
2024-07-30T15:00,3600,0.7240892705882354,0.67785459888,0.67785459888,0.046234671708235364,0.0,0.0,830.91483202,677.85459888,290.94402932
2024-07-30T16:00,3600,0.630386144117647,0.3898286508,0.3898286508,0.24055749331764703,0.0,0.0,483.59778168,389.8286508,166.6003837
2024-07-30T17:00,3600,0.5638897882352942,0.19567597831000003,0.19567597831000003,0.3682138099252942,0.0,0.0,250.32291172,195.67597831,85.25635793
2024-07-30T18:00,3600,0.0,0.023021542239999998,0.0,0.0,0.0,0.023021542239999998,43.44413938,23.02154224,14.6352749
2024-07-30T19:00,3600,0.0,0.0,0.0,0.0,0.0,0.0,0.0,0.0,0.0
2024-07-30T20:00,3600,0.0,0.0,0.0,0.0,0.0,0.0,0.0,0.0,0.0
2024-07-30T21:00,3600,0.0,0.0,0.0,0.0,0.0,0.0,0.0,0.0,0.0
2024-07-30T22:00,3600,0.0,0.0,0.0,0.0,0.0,0.0,0.0,0.0,0.0
2024-07-30T23:00,3600,0.0,0.0,0.0,0.0,0.0,0.0,0.0,0.0,0.0
2024-07-31T00:00,3600,0.0,0.0,0.0,0.0,0.0,0.0,0.0,0.0,0.0
2024-07-31T01:00,3600,0.0,0.0,0.0,0.0,0.0,0.0,0.0,0.0,0.0
2024-07-31T02:00,3600,0.0,0.0,0.0,0.0,0.0,0.0,0.0,0.0,0.0
2024-07-31T03:00,3600,0.0,0.0,0.0,0.0,0.0,0.0,0.0,0.0,0.0
2024-07-31T04:00,3600,0.0,0.0,0.0,0.0,0.0,0.0,0.0,0.0,0.0
2024-07-31T05:00,3600,0.0,0.0,0.0,0.0,0.0,0.0,0.0,0.0,0.0
2024-07-31T06:00,3600,0.0,0.02297656536,0.0,0.0,0.0,0.02297656536,43.39031602,22.97656536,14.58662524
2024-07-31T07:00,3600,0.0,0.27041672111000004,0.0,0.0,0.0,0.27041672111000004,340.04403465,270.41672111,115.52832753
2024-07-31T08:00,3600,0.8196416304659603,0.5968114935200001,0.5968114935200001,0.2228301369459602,0.0,0.0,733.03644911,596.81149352,252.59000903
2024-07-31T09:00,3600,0.7240037323529411,1.0709752470999998,0.7240037323529411,0.0,0.0,0.3469715147470587,1307.40911467,1070.9752471,459.14568277
2024-07-31T10:00,3600,0.7130761735294117,0.6707554889100001,0.6707554889100001,0.04232068461941152,0.0,0.0,822.33622128,670.75548891,286.89455479
2024-07-31T11:00,3600,0.7428420499999999,0.8390425470999999,0.7428420499999999,0.0,0.0,0.0962004971,1025.94360583,839.0425471,360.32890101
2024-07-31T12:00,3600,0.7185883470588236,0.83680409407,0.7185883470588236,0.0,0.0,0.11821574701117643,1023.23193385,836.80409407,358.8625035
2024-07-31T13:00,3600,0.7928824764705882,1.13078910228,0.7928824764705882,0.0,0.0,0.3379066258094119,1380.15890215,1130.78910228,491.24270878
2024-07-31T14:00,3600,0.8435691264705882,1.2241667110999999,0.8435691264705882,0.0,0.0,0.3805975846294116,1493.86465241,1224.1667111,536.85002488
2024-07-31T15:00,3600,0.7245993911764707,0.7905770628000001,0.7245993911764707,0.0,0.0,0.06597767162352941,967.25288905,790.5770628,338.81482859
2024-07-31T16:00,3600,0.6158603823529412,0.42805429304000003,0.42805429304000003,0.18780608931294113,0.0,0.0,529.60583307,428.05429304,181.93432113
2024-07-31T17:00,3600,0.5867537852941177,0.19915621554,0.19915621554,0.38759756975411774,0.0,0.0,254.49847924,199.15621554,86.95430812
2024-07-31T18:00,3600,0.0,0.04312216066999999,0.0,0.0,0.0,0.04312216066999999,67.50193229,43.12216067,22.82886444
2024-07-31T19:00,3600,0.0,0.0,0.0,0.0,0.0,0.0,0.0,0.0,0.0
2024-07-31T20:00,3600,0.0,0.0,0.0,0.0,0.0,0.0,0.0,0.0,0.0
2024-07-31T21:00,3600,0.0,0.0,0.0,0.0,0.0,0.0,0.0,0.0,0.0
2024-07-31T22:00,3600,0.0,0.0,0.0,0.0,0.0,0.0,0.0,0.0,0.0
2024-07-31T23:00,3600,0.0,0.0,0.0,0.0,0.0,0.0,0.0,0.0,0.0
2024-08-01T00:00,3600,0.0,0.0,0.0,0.0,0.0,0.0,0.0,0.0,0.0
2024-08-01T01:00,3600,0.0,0.0,0.0,0.0,0.0,0.0,0.0,0.0,0.0
2024-08-01T02:00,3600,0.0,0.0,0.0,0.0,0.0,0.0,0.0,0.0,0.0
2024-08-01T03:00,3600,0.0,0.0,0.0,0.0,0.0,0.0,0.0,0.0,0.0
2024-08-01T04:00,3600,0.0,0.0,0.0,0.0,0.0,0.0,0.0,0.0,0.0
2024-08-01T05:00,3600,0.0,0.0,0.0,0.0,0.0,0.0,0.0,0.0,0.0
2024-08-01T06:00,3600,0.0,0.04672688725,0.0,0.0,0.0,0.04672688725,71.81707323,46.72688725,24.26864465
2024-08-01T07:00,3600,0.0,0.28361408977999997,0.0,0.0,0.0,0.28361408977999997,355.89696068,283.61408978,121.4261621
2024-08-01T08:00,3600,1.0870588235294116,0.5643869396,0.5643869396,0.5226718839294117,0.0,0.0,693.9097533,564.3869396,239.61908438
2024-08-01T09:00,3600,0.7451388416109346,1.0098398055,0.7451388416109346,0.0,0.0,0.2647009638890654,1233.12064271,1009.8398055,434.87159056
2024-08-01T10:00,3600,0.8809866352941177,1.35915017749,0.8809866352941177,0.0,0.0,0.4781635421958824,1658.52248022,1359.15017749,598.82108336
2024-08-01T11:00,3600,0.8919300323529411,1.3672820435300002,0.8919300323529411,0.0,0.0,0.47535201117705905,1668.45297084,1367.28204353,603.13462375
2024-08-01T12:00,3600,0.9239629676470589,1.53650768608,0.9239629676470589,0.0,0.0,0.6125447184329411,1875.3918098,1536.50768608,681.27856484
2024-08-01T13:00,3600,0.9217266764705883,1.4068876500900003,0.9217266764705883,0.0,0.0,0.485160973619412,1716.83645747,1406.88765009,622.85631046
2024-08-01T14:00,3600,0.8378709029411765,1.1616932648699998,0.8378709029411765,0.0,0.0,0.3238223619288233,1417.77281917,1161.69326487,505.96319457
2024-08-01T15:00,3600,0.804692211764706,1.04542014468,0.804692211764706,0.0,0.0,0.24072793291529404,1276.34750114,1045.42014468,452.6244703
2024-08-01T16:00,3600,0.7383101647058824,0.6750649908499999,0.6750649908499999,0.06324517385588246,0.0,0.0,827.54374177,675.06499085,289.47908993
2024-08-01T17:00,3600,0.682328394117647,0.40631355193,0.40631355193,0.276014842187647,0.0,0.0,503.43563352,406.31355193,174.32366659
2024-08-01T18:00,3600,0.0,0.05766237579,0.0,0.0,0.0,0.05766237579,84.90912333,57.66237579,28.91435379
2024-08-01T19:00,3600,0.0,0.0,0.0,0.0,0.0,0.0,0.0,0.0,0.0
2024-08-01T20:00,3600,0.0,0.0,0.0,0.0,0.0,0.0,0.0,0.0,0.0
2024-08-01T21:00,3600,0.0,0.0,0.0,0.0,0.0,0.0,0.0,0.0,0.0
2024-08-01T22:00,3600,0.0,0.0,0.0,0.0,0.0,0.0,0.0,0.0,0.0
2024-08-01T23:00,3600,0.0,0.0,0.0,0.0,0.0,0.0,0.0,0.0,0.0
2024-08-02T00:00,3600,0.0,0.0,0.0,0.0,0.0,0.0,0.0,0.0,0.0
2024-08-02T01:00,3600,0.0,0.0,0.0,0.0,0.0,0.0,0.0,0.0,0.0
2024-08-02T02:00,3600,0.0,0.0,0.0,0.0,0.0,0.0,0.0,0.0,0.0
2024-08-02T03:00,3600,0.0,0.0,0.0,0.0,0.0,0.0,0.0,0.0,0.0
2024-08-02T04:00,3600,0.0,0.0,0.0,0.0,0.0,0.0,0.0,0.0,0.0
2024-08-02T05:00,3600,0.0,0.0,0.0,0.0,0.0,0.0,0.0,0.0,0.0
2024-08-02T06:00,3600,0.0,0.03245967550000001,0.0,0.0,0.0,0.03245967550000001,54.73944938,32.4596755,18.50713009
2024-08-02T07:00,3600,0.0,0.33041350601,0.0,0.0,0.0,0.33041350601,412.13848819,330.41350601,141.11587042
2024-08-02T08:00,3600,1.0870588235294116,0.6021172328100001,0.6021172328100001,0.48494159071941156,0.0,0.0,739.44070257,602.11723281,257.06974243
2024-08-02T09:00,3600,0.9961093781994977,1.00648400591,0.9961093781994977,0.0,0.0,0.010374627710502238,1229.04486466,1006.48400591,434.29473122
2024-08-02T10:00,3600,0.8809866352941177,1.3582559536599998,0.8809866352941177,0.0,0.0,0.47726931836588216,1657.43054595,1358.25595366,599.89583666
2024-08-02T11:00,3600,0.9250738735294118,1.44816319501,0.9250738735294118,0.0,0.0,0.5230893214805882,1767.29150698,1448.16319501,644.3803312
2024-08-02T12:00,3600,0.9889654941176469,1.7193907224300002,0.9889654941176469,0.0,0.0,0.7304252283123533,2099.64332542,1719.39072243,775.18744593
2024-08-02T13:00,3600,1.0026636382352945,1.5770296065499998,1.0026636382352945,0.0,0.0,0.5743659683147053,1925.02489239,1577.02960655,711.25769949
2024-08-02T14:00,3600,0.9165715735294118,1.21286440618,0.9165715735294118,0.0,0.0,0.29629283265058826,1480.09318707,1212.86440618,537.35775132
2024-08-02T15:00,3600,0.9396287882352939,1.25470103705,0.9396287882352939,0.0,0.0,0.3150722488147061,1531.08162641,1254.70103705,558.02706366
2024-08-02T16:00,3600,0.7924143294117647,0.7440584093899999,0.7440584093899999,0.04835592002176481,0.0,0.0,910.96028941,744.05840939,322.46405319
2024-08-02T17:00,3600,0.7109546176470588,0.37748146317,0.37748146317,0.33347315447705883,0.0,0.0,468.7424427,377.48146317,163.29554626
2024-08-02T18:00,3600,0.0,0.07240739145,0.0,0.0,0.0,0.07240739145,102.56533026,72.40739145,34.90624069
2024-08-02T19:00,3600,0.0,0.0,0.0,0.0,0.0,0.0,0.0,0.0,0.0
2024-08-02T20:00,3600,0.0,0.0,0.0,0.0,0.0,0.0,0.0,0.0,0.0
2024-08-02T21:00,3600,0.0,0.0,0.0,0.0,0.0,0.0,0.0,0.0,0.0
2024-08-02T22:00,3600,0.0,0.0,0.0,0.0,0.0,0.0,0.0,0.0,0.0
2024-08-02T23:00,3600,0.0,0.0,0.0,0.0,0.0,0.0,0.0,0.0,0.0
2024-08-03T00:00,3600,0.0,0.0,0.0,0.0,0.0,0.0,0.0,0.0,0.0
2024-08-03T01:00,3600,0.0,0.0,0.0,0.0,0.0,0.0,0.0,0.0,0.0
2024-08-03T02:00,3600,0.0,0.0,0.0,0.0,0.0,0.0,0.0,0.0,0.0
2024-08-03T03:00,3600,0.0,0.0,0.0,0.0,0.0,0.0,0.0,0.0,0.0
2024-08-03T04:00,3600,0.0,0.0,0.0,0.0,0.0,0.0,0.0,0.0,0.0
2024-08-03T05:00,3600,0.0,0.0,0.0,0.0,0.0,0.0,0.0,0.0,0.0
2024-08-03T06:00,3600,0.0,0.054062370729999996,0.0,0.0,0.0,0.054062370729999996,80.59893547,54.06237073,27.28454368
2024-08-03T07:00,3600,0.0,0.41231419739,0.0,0.0,0.0,0.41231419739,510.65799837,412.31419739,175.7640175
2024-08-03T08:00,3600,0.0,0.83444629971,0.0,0.0,0.0,0.83444629971,1020.3757909,834.44629971,359.23024161
2024-08-03T09:00,3600,0.0,1.21676333142,0.0,0.0,0.0,1.21676333142,1484.84362174,1216.76333142,533.80417996
2024-08-03T10:00,3600,0.0,1.4476864919999999,0.0,0.0,0.0,1.4476864919999999,1766.70860345,1447.686492,650.99304085
2024-08-03T11:00,3600,0.0,1.4677106698600002,0.0,0.0,0.0,1.4677106698600002,1791.19749679,1467.71066986,659.47254322
2024-08-03T12:00,3600,0.0,1.52153075257,0.0,0.0,0.0,1.52153075257,1857.05527992,1521.53075257,684.05998051
2024-08-03T13:00,3600,0.0,1.66217394029,0.0,0.0,0.0,1.66217394029,2029.41539495,1662.17394029,757.76978194
2024-08-03T14:00,3600,0.0,1.41338202473,0.0,0.0,0.0,1.41338202473,1724.77301955,1413.38202473,635.68617377
2024-08-03T15:00,3600,0.0,1.0591082133699998,0.0,0.0,0.0,1.0591082133699998,1292.98351122,1059.10821337,468.6974832
2024-08-03T16:00,3600,0.0,0.75682601729,0.0,0.0,0.0,0.75682601729,926.40652604,756.82601729,331.49381236
2024-08-03T17:00,3600,0.0,0.40174831132,0.0,0.0,0.0,0.40174831132,497.94135408,401.74831132,175.36855334
2024-08-03T18:00,3600,0.0,0.06705924810000001,0.0,0.0,0.0,0.06705924810000001,96.16082658,67.0592481,33.03037177
2024-08-03T19:00,3600,0.0,0.0,0.0,0.0,0.0,0.0,0.0,0.0,0.0
2024-08-03T20:00,3600,0.0,0.0,0.0,0.0,0.0,0.0,0.0,0.0,0.0
2024-08-03T21:00,3600,0.0,0.0,0.0,0.0,0.0,0.0,0.0,0.0,0.0
2024-08-03T22:00,3600,0.0,0.0,0.0,0.0,0.0,0.0,0.0,0.0,0.0
2024-08-03T23:00,3600,0.0,0.0,0.0,0.0,0.0,0.0,0.0,0.0,0.0
2024-08-04T00:00,3600,0.0,0.0,0.0,0.0,0.0,0.0,0.0,0.0,0.0
2024-08-04T01:00,3600,0.0,0.0,0.0,0.0,0.0,0.0,0.0,0.0,0.0
2024-08-04T02:00,3600,0.0,0.0,0.0,0.0,0.0,0.0,0.0,0.0,0.0
2024-08-04T03:00,3600,0.0,0.0,0.0,0.0,0.0,0.0,0.0,0.0,0.0
2024-08-04T04:00,3600,0.0,0.0,0.0,0.0,0.0,0.0,0.0,0.0,0.0
2024-08-04T05:00,3600,0.0,0.0,0.0,0.0,0.0,0.0,0.0,0.0,0.0
2024-08-04T06:00,3600,0.0,0.05144588671,0.0,0.0,0.0,0.05144588671,77.46643491,51.44588671,26.3481398
2024-08-04T07:00,3600,0.0,0.43352380541999996,0.0,0.0,0.0,0.43352380541999996,536.19104692,433.52380542,185.3699774
2024-08-04T08:00,3600,0.0,0.91929131268,0.0,0.0,0.0,0.91929131268,1123.21826337,919.29131268,398.19902955
2024-08-04T09:00,3600,0.0,1.3645733778900002,0.0,0.0,0.0,1.3645733778900002,1665.14505801,1364.57337789,604.07940876
2024-08-04T10:00,3600,0.0,1.6917177667,0.0,0.0,0.0,1.6917177667,2065.66969454,1691.7177667,774.29403612
2024-08-04T11:00,3600,0.0,1.8495888958800002,0.0,0.0,0.0,1.8495888958800002,2259.68264891,1849.58889588,855.07655334
2024-08-04T12:00,3600,0.0,1.82305654185,0.0,0.0,0.0,1.82305654185,2227.04269547,1823.05654185,841.61579586
2024-08-04T13:00,3600,0.0,1.72528606332,0.0,0.0,0.0,1.72528606332,2106.88283281,1725.28606332,798.66799636
2024-08-04T14:00,3600,0.0,1.63928747441,0.0,0.0,0.0,1.63928747441,2001.3420465,1639.28747441,754.98025382
2024-08-04T15:00,3600,0.0,1.21843317215,0.0,0.0,0.0,1.21843317215,1486.87823591,1218.43317215,548.11522335
2024-08-04T16:00,3600,0.0,0.86732820174,0.0,0.0,0.0,0.86732820174,1060.21691691,867.32820174,383.79780712
2024-08-04T17:00,3600,0.0,0.44796624582,0.0,0.0,0.0,0.44796624582,553.5821332,447.96624582,196.42707781
2024-08-04T18:00,3600,0.0,0.06217801484,0.0,0.0,0.0,0.06217801484,90.31590014,62.17801484,31.0381163
2024-08-04T19:00,3600,0.0,0.0,0.0,0.0,0.0,0.0,0.0,0.0,0.0
2024-08-04T20:00,3600,0.0,0.0,0.0,0.0,0.0,0.0,0.0,0.0,0.0
2024-08-04T21:00,3600,0.0,0.0,0.0,0.0,0.0,0.0,0.0,0.0,0.0
2024-08-04T22:00,3600,0.0,0.0,0.0,0.0,0.0,0.0,0.0,0.0,0.0
2024-08-04T23:00,3600,0.0,0.0,0.0,0.0,0.0,0.0,0.0,0.0,0.0
2024-08-05T00:00,3600,0.0,0.0,0.0,0.0,0.0,0.0,0.0,0.0,0.0
2024-08-05T01:00,3600,0.0,0.0,0.0,0.0,0.0,0.0,0.0,0.0,0.0
2024-08-05T02:00,3600,0.0,0.0,0.0,0.0,0.0,0.0,0.0,0.0,0.0
2024-08-05T03:00,3600,0.0,0.0,0.0,0.0,0.0,0.0,0.0,0.0,0.0
2024-08-05T04:00,3600,0.0,0.0,0.0,0.0,0.0,0.0,0.0,0.0,0.0
2024-08-05T05:00,3600,0.0,0.0,0.0,0.0,0.0,0.0,0.0,0.0,0.0
2024-08-05T06:00,3600,0.0,0.04903275724,0.0,0.0,0.0,0.04903275724,74.57750172,49.03275724,25.38788737
2024-08-05T07:00,3600,0.0,0.4387457187,0.0,0.0,0.0,0.4387457187,542.47865909,438.7457187,188.22491975
2024-08-05T08:00,3600,1.0870588235294116,0.922499269,0.922499269,0.16455955452941162,0.0,0.0,1127.10930039,922.499269,400.07145133
2024-08-05T09:00,3600,1.0849882352941176,1.3667906999200001,1.0849882352941176,0.0,0.0,0.28180246462588254,1667.85291537,1366.79069992,605.07478406
2024-08-05T10:00,3600,1.0377788235294119,1.6936962582300001,1.0377788235294119,0.0,0.0,0.6559174347005883,2068.09816945,1693.69625823,772.7735166
2024-08-05T11:00,3600,1.0365364705882352,1.91031182077,1.0365364705882352,0.0,0.0,0.8737753501817649,2334.43473452,1910.31182077,880.8360762
2024-08-05T12:00,3600,1.0352941176470587,1.8805923805899998,1.0352941176470587,0.0,0.0,0.8452982629429411,2297.84015248,1880.59238059,865.54109419
2024-08-05T13:00,3600,1.0310684273709485,1.7986037037,1.0310684273709485,0.0,0.0,0.7675352763290515,2196.97294988,1798.6037037,830.83912518
2024-08-05T14:00,3600,1.0308526107072045,1.4648714087499999,1.0308526107072045,0.0,0.0,0.4340187980427954,1787.72471463,1464.87140875,664.88393921
2024-08-05T15:00,3600,1.0302025072324013,1.26588378281,1.0302025072324013,0.0,0.0,0.23568127557759877,1544.71616453,1265.88378281,569.68457331
2024-08-05T16:00,3600,1.0314987420630168,0.8558818017700001,0.8558818017700001,0.17561694029301678,0.0,0.0,1046.34570894,855.88180177,377.50726901
2024-08-05T17:00,3600,1.0321409375933115,0.43500649722,0.43500649722,0.5971344403733114,0.0,0.0,537.97627947,435.00649722,190.32444364
2024-08-05T18:00,3600,0.0,0.07626431799,0.0,0.0,0.0,0.07626431799,107.18438877,76.26431799,36.8201606
2024-08-05T19:00,3600,0.0,0.0,0.0,0.0,0.0,0.0,0.0,0.0,0.0
2024-08-05T20:00,3600,0.0,0.0,0.0,0.0,0.0,0.0,0.0,0.0,0.0
2024-08-05T21:00,3600,0.0,0.0,0.0,0.0,0.0,0.0,0.0,0.0,0.0
2024-08-05T22:00,3600,0.0,0.0,0.0,0.0,0.0,0.0,0.0,0.0,0.0
2024-08-05T23:00,3600,0.0,0.0,0.0,0.0,0.0,0.0,0.0,0.0,0.0
2024-08-06T00:00,3600,0.0,0.0,0.0,0.0,0.0,0.0,0.0,0.0,0.0
2024-08-06T01:00,3600,0.0,0.0,0.0,0.0,0.0,0.0,0.0,0.0,0.0
2024-08-06T02:00,3600,0.0,0.0,0.0,0.0,0.0,0.0,0.0,0.0,0.0
2024-08-06T03:00,3600,0.0,0.0,0.0,0.0,0.0,0.0,0.0,0.0,0.0
2024-08-06T04:00,3600,0.0,0.0,0.0,0.0,0.0,0.0,0.0,0.0,0.0
2024-08-06T05:00,3600,0.0,0.0,0.0,0.0,0.0,0.0,0.0,0.0,0.0
2024-08-06T06:00,3600,0.0,0.051210214430000005,0.0,0.0,0.0,0.051210214430000005,77.18428989,51.21021443,26.33224077
2024-08-06T07:00,3600,0.0,0.43892262139,0.0,0.0,0.0,0.43892262139,542.69167308,438.92262139,188.18645567
2024-08-06T08:00,3600,1.0870588235294116,0.8948991334199999,0.8948991334199999,0.1921596901094117,0.0,0.0,1093.63838881,894.89913342,387.64764732
2024-08-06T09:00,3600,1.086230588235294,1.36548461127,1.086230588235294,0.0,0.0,0.27925402303470603,1666.25787117,1365.48461127,606.40229404
2024-08-06T10:00,3600,1.0352941176470587,1.6754902066,1.0352941176470587,0.0,0.0,0.6401960889529412,2045.75420227,1675.4902066,771.43123678
2024-08-06T11:00,3600,1.0346710720396486,1.83944264779,1.0346710720396486,0.0,0.0,0.8047715757503515,2247.19919014,1839.44264779,855.80771018
2024-08-06T12:00,3600,1.0344625561067802,1.89888634747,1.0344625561067802,0.0,0.0,0.8644237913632198,2320.36413264,1898.88634747,887.34560895
2024-08-06T13:00,3600,1.0342536210464086,1.74441486973,1.0342536210464086,0.0,0.0,0.7101612486835913,2130.37768717,1744.41486973,803.84937328
2024-08-06T14:00,3600,1.0344625561067802,1.46958422996,1.0344625561067802,0.0,0.0,0.43512167385321976,1793.48918575,1469.58422996,665.71489448
2024-08-06T15:00,3600,1.03508685155744,0.7321707106699998,0.7321707106699998,0.30291614088744023,0.0,0.0,896.58124956,732.17071067,321.46780535
2024-08-06T16:00,3600,1.056414117647059,0.33570895739999995,0.33570895739999995,0.720705160247059,0.0,0.0,418.5048118,335.7089574,145.8710861
2024-08-06T17:00,3600,1.058898823529412,0.18844281512,0.18844281512,0.870456008409412,0.0,0.0,241.64529858,188.44281512,83.59675542
2024-08-06T18:00,3600,0.0,0.053557214660000005,0.0,0.0,0.0,0.053557214660000005,79.9941443,53.55721466,27.10965436
2024-08-06T19:00,3600,0.0,0.0,0.0,0.0,0.0,0.0,0.0,0.0,0.0
2024-08-06T20:00,3600,0.0,0.0,0.0,0.0,0.0,0.0,0.0,0.0,0.0
2024-08-06T21:00,3600,0.0,0.0,0.0,0.0,0.0,0.0,0.0,0.0,0.0
2024-08-06T22:00,3600,0.0,0.0,0.0,0.0,0.0,0.0,0.0,0.0,0.0
2024-08-06T23:00,3600,0.0,0.0,0.0,0.0,0.0,0.0,0.0,0.0,0.0
2024-08-07T00:00,3600,0.0,0.0,0.0,0.0,0.0,0.0,0.0,0.0,0.0
2024-08-07T01:00,3600,0.0,0.0,0.0,0.0,0.0,0.0,0.0,0.0,0.0
2024-08-07T02:00,3600,0.0,0.0,0.0,0.0,0.0,0.0,0.0,0.0,0.0
2024-08-07T03:00,3600,0.0,0.0,0.0,0.0,0.0,0.0,0.0,0.0,0.0
2024-08-07T04:00,3600,0.0,0.0,0.0,0.0,0.0,0.0,0.0,0.0,0.0
2024-08-07T05:00,3600,0.0,0.0,0.0,0.0,0.0,0.0,0.0,0.0,0.0
2024-08-07T06:00,3600,0.0,0.039759389980000004,0.0,0.0,0.0,0.039759389980000004,63.47663946,39.75938998,21.47533203
2024-08-07T07:00,3600,0.0,0.38501306453000006,0.0,0.0,0.0,0.38501306453000006,477.80365245,385.01306453,163.73018911
2024-08-07T08:00,3600,1.0870588235294116,0.74875074707,0.74875074707,0.33830807645941163,0.0,0.0,916.63672684,748.75074707,319.7180608
2024-08-07T09:00,3600,1.0870588235294116,1.3090377413099998,1.0870588235294116,0.0,0.0,0.2219789177805882,1597.35353347,1309.03774131,575.54733542
2024-08-07T10:00,3600,1.0638682352941178,1.6488809127699997,1.0638682352941178,0.0,0.0,0.5850126774758819,2013.10847984,1648.88091277,751.79426303
2024-08-07T11:00,3600,1.056414117647059,1.86541179081,1.056414117647059,0.0,0.0,0.8089976731629411,2279.15434257,1865.41179081,864.28445001
2024-08-07T12:00,3600,1.0551717647058825,1.92892590001,1.0551717647058825,0.0,0.0,0.8737541353041176,2357.36359146,1928.92590001,895.52489994
2024-08-07T13:00,3600,1.0336242884250475,1.75176627113,1.0336242884250475,0.0,0.0,0.7181419827049524,2139.40887295,1751.76627113,811.11180447
2024-08-07T14:00,3600,1.033202614379085,1.55180211261,1.033202614379085,0.0,0.0,0.518599498230915,1894.12144865,1551.80211261,710.86346739
2024-08-07T15:00,3600,1.0338344884781707,1.2051216171399999,1.0338344884781707,0.0,0.0,0.17128712866182916,1470.66024755,1205.12161714,541.06272196
2024-08-07T16:00,3600,1.0365364705882352,0.8706392956600001,0.8706392956600001,0.16589717492823508,0.0,0.0,1064.22988359,870.63929566,382.67468644
2024-08-07T17:00,3600,1.03508685155744,0.38254271368000003,0.38254271368000003,0.65254413787744,0.0,0.0,474.83148035,382.54271368,166.95307977
2024-08-07T18:00,3600,0.0,0.04791570922,0.0,0.0,0.0,0.04791570922,73.2402371,47.91570922,25.09484815
2024-08-07T19:00,3600,0.0,0.0,0.0,0.0,0.0,0.0,0.0,0.0,0.0
2024-08-07T20:00,3600,0.0,0.0,0.0,0.0,0.0,0.0,0.0,0.0,0.0
2024-08-07T21:00,3600,0.0,0.0,0.0,0.0,0.0,0.0,0.0,0.0,0.0
2024-08-07T22:00,3600,0.0,0.0,0.0,0.0,0.0,0.0,0.0,0.0,0.0
2024-08-07T23:00,3600,0.0,0.0,0.0,0.0,0.0,0.0,0.0,0.0,0.0
2024-08-08T00:00,3600,0.0,0.0,0.0,0.0,0.0,0.0,0.0,0.0,0.0
2024-08-08T01:00,3600,0.0,0.0,0.0,0.0,0.0,0.0,0.0,0.0,0.0
2024-08-08T02:00,3600,0.0,0.0,0.0,0.0,0.0,0.0,0.0,0.0,0.0
2024-08-08T03:00,3600,0.0,0.0,0.0,0.0,0.0,0.0,0.0,0.0,0.0
2024-08-08T04:00,3600,0.0,0.0,0.0,0.0,0.0,0.0,0.0,0.0,0.0
2024-08-08T05:00,3600,0.0,0.0,0.0,0.0,0.0,0.0,0.0,0.0,0.0
2024-08-08T06:00,3600,0.0,0.041866029570000005,0.0,0.0,0.0,0.041866029570000005,65.99829886,41.86602957,22.43558446
2024-08-08T07:00,3600,0.0,0.41300913499,0.0,0.0,0.0,0.41300913499,511.49446584,413.00913499,176.67684864
2024-08-08T08:00,3600,1.0870588235294116,0.8625340272400001,0.8625340272400001,0.22452479628941158,0.0,0.0,1054.4068498,862.53402724,372.20122002
2024-08-08T09:00,3600,1.0870588235294116,1.33675139993,1.0870588235294116,0.0,0.0,0.2496925764005884,1631.17592943,1336.75139993,589.50326671
2024-08-08T10:00,3600,1.0452329411764707,1.69353050069,1.0452329411764707,0.0,0.0,0.6482975595135294,2067.89470955,1693.53050069,772.40550995
2024-08-08T11:00,3600,1.042748235294118,1.80288298652,1.042748235294118,0.0,0.0,0.760134751225882,2202.23436955,1802.88298652,826.68246759
2024-08-08T12:00,3600,1.0402635294117646,1.9316165067,1.0402635294117646,0.0,0.0,0.8913529772882354,2360.67844001,1931.6165067,892.19038734
2024-08-08T13:00,3600,1.032991137810028,1.67990954605,1.032991137810028,0.0,0.0,0.6469184082399719,2051.17739736,1679.90954605,769.6025202
2024-08-08T14:00,3600,1.032991137810028,1.61413778915,1.032991137810028,0.0,0.0,0.5811466513399719,1970.50407992,1614.13778915,736.23069597
2024-08-08T15:00,3600,1.032991137810028,1.2892461201599998,1.032991137810028,0.0,0.0,0.2562549823499718,1573.20821262,1289.24612016,578.46624597
2024-08-08T16:00,3600,1.0323541343515097,0.8607008006900001,0.8607008006900001,0.1716533336615096,0.0,0.0,1052.1852717,860.70080069,379.69746863
2024-08-08T17:00,3600,1.0317132427742204,0.45143600398,0.45143600398,0.5802772387942203,0.0,0.0,557.76085716,451.43600398,197.81137366
2024-08-08T18:00,3600,0.0,0.06278263061,0.0,0.0,0.0,0.06278263061,91.03986116,62.78263061,31.29079152
2024-08-08T19:00,3600,0.0,0.0,0.0,0.0,0.0,0.0,0.0,0.0,0.0
2024-08-08T20:00,3600,0.0,0.0,0.0,0.0,0.0,0.0,0.0,0.0,0.0
2024-08-08T21:00,3600,0.0,0.0,0.0,0.0,0.0,0.0,0.0,0.0,0.0
2024-08-08T22:00,3600,0.0,0.0,0.0,0.0,0.0,0.0,0.0,0.0,0.0
2024-08-08T23:00,3600,0.0,0.0,0.0,0.0,0.0,0.0,0.0,0.0,0.0
2024-08-09T00:00,3600,0.0,0.0,0.0,0.0,0.0,0.0,0.0,0.0,0.0
2024-08-09T01:00,3600,0.0,0.0,0.0,0.0,0.0,0.0,0.0,0.0,0.0
2024-08-09T02:00,3600,0.0,0.0,0.0,0.0,0.0,0.0,0.0,0.0,0.0
2024-08-09T03:00,3600,0.0,0.0,0.0,0.0,0.0,0.0,0.0,0.0,0.0
2024-08-09T04:00,3600,0.0,0.0,0.0,0.0,0.0,0.0,0.0,0.0,0.0
2024-08-09T05:00,3600,0.0,0.0,0.0,0.0,0.0,0.0,0.0,0.0,0.0
2024-08-09T06:00,3600,0.0,0.04906707949,0.0,0.0,0.0,0.04906707949,74.61859066,49.06707949,25.36403883
2024-08-09T07:00,3600,0.0,0.43989687325,0.0,0.0,0.0,0.43989687325,543.8648099,439.89687325,188.00123266
2024-08-09T08:00,3600,1.0870588235294116,0.93561680751,0.93561680751,0.15144201601941165,0.0,0.0,1143.02197668,935.61680751,404.38909047
2024-08-09T09:00,3600,1.0870588235294116,1.34896722712,1.0870588235294116,0.0,0.0,0.2619084035905883,1646.08899821,1348.96722712,593.88537365
2024-08-09T10:00,3600,1.051444705882353,1.62584380042,1.051444705882353,0.0,0.0,0.5743990945376469,1984.85622146,1625.84380042,736.34617205
2024-08-09T11:00,3600,1.0477176470588236,1.76533713725,1.0477176470588236,0.0,0.0,0.7176194901911763,2156.08338572,1765.33713725,805.55861744
2024-08-09T12:00,3600,1.0452329411764707,1.7140736273900001,1.0452329411764707,0.0,0.0,0.6688406862135294,2093.11447776,1714.07362739,780.44290111
2024-08-09T13:00,3600,1.0334136641538554,1.67163866996,1.0334136641538554,0.0,0.0,0.6382250058061447,2041.02809121,1671.63866996,764.10452239
2024-08-09T14:00,3600,1.0336242884250475,1.48840880661,1.0336242884250475,0.0,0.0,0.4547845181849526,1816.51859761,1488.40880661,672.72642941
2024-08-09T15:00,3600,1.032991137810028,1.2871001286200001,1.032991137810028,0.0,0.0,0.25410899080997207,1570.59059456,1287.10012862,576.30434908
2024-08-09T16:00,3600,1.0338344884781707,0.83034914341,0.83034914341,0.20348534506817073,0.0,0.0,1015.41289379,830.34914341,364.40123887
2024-08-09T17:00,3600,1.0344625561067802,0.43813430296,0.43813430296,0.5963282531467802,0.0,0.0,541.7424389,438.13430296,190.93271629
2024-08-09T18:00,3600,0.0,0.0569026313,0.0,0.0,0.0,0.0569026313,83.99948281,56.9026313,28.8668518
2024-08-09T19:00,3600,0.0,0.0,0.0,0.0,0.0,0.0,0.0,0.0,0.0
2024-08-09T20:00,3600,0.0,0.0,0.0,0.0,0.0,0.0,0.0,0.0,0.0
2024-08-09T21:00,3600,0.0,0.0,0.0,0.0,0.0,0.0,0.0,0.0,0.0
2024-08-09T22:00,3600,0.0,0.0,0.0,0.0,0.0,0.0,0.0,0.0,0.0
2024-08-09T23:00,3600,0.0,0.0,0.0,0.0,0.0,0.0,0.0,0.0,0.0
2024-08-10T00:00,3600,0.0,0.0,0.0,0.0,0.0,0.0,0.0,0.0,0.0
2024-08-10T01:00,3600,0.0,0.0,0.0,0.0,0.0,0.0,0.0,0.0,0.0
2024-08-10T02:00,3600,0.0,0.0,0.0,0.0,0.0,0.0,0.0,0.0,0.0
2024-08-10T03:00,3600,0.0,0.0,0.0,0.0,0.0,0.0,0.0,0.0,0.0
2024-08-10T04:00,3600,0.0,0.0,0.0,0.0,0.0,0.0,0.0,0.0,0.0
2024-08-10T05:00,3600,0.0,0.0,0.0,0.0,0.0,0.0,0.0,0.0,0.0
2024-08-10T06:00,3600,0.0,0.04168418865,0.0,0.0,0.0,0.04168418865,65.78063115,41.68418865,22.37993786
2024-08-10T07:00,3600,0.0,0.22778825209,0.0,0.0,0.0,0.22778825209,288.85924072,227.78825209,99.13324128
2024-08-10T08:00,3600,0.0,0.6250753558300001,0.0,0.0,0.0,0.6250753558300001,767.15804044,625.07535583,267.63459058
2024-08-10T09:00,3600,0.0,1.08280388717,0.0,0.0,0.0,1.08280388717,1321.79065166,1082.80388717,471.07561714
2024-08-10T10:00,3600,0.0,1.1919917105500002,0.0,0.0,0.0,1.1919917105500002,1454.66681517,1191.99171055,528.6233924
2024-08-10T11:00,3600,0.0,1.65131295461,0.0,0.0,0.0,1.65131295461,2016.0916789,1651.31295461,753.58055458
2024-08-10T12:00,3600,0.0,1.59884429843,0.0,0.0,0.0,1.59884429843,1951.75744841,1598.84429843,730.75704809
2024-08-10T13:00,3600,0.0,1.4212047545,0.0,0.0,0.0,1.4212047545,1734.33397835,1421.2047545,644.63418989
2024-08-10T14:00,3600,0.0,1.1011292802200001,0.0,0.0,0.0,1.1011292802200001,1344.07623175,1101.12928022,490.36321049
2024-08-10T15:00,3600,0.0,0.6257360492400001,0.0,0.0,0.0,0.6257360492400001,767.95583754,625.73604924,273.82680445
2024-08-10T16:00,3600,0.0,0.5222271016600001,0.0,0.0,0.0,0.5222271016600001,643.06404863,522.22710166,226.44369773
2024-08-10T17:00,3600,0.0,0.27019818993,0.0,0.0,0.0,0.27019818993,339.78155719,270.19818993,118.33696887
2024-08-10T18:00,3600,0.0,0.05238642969,0.0,0.0,0.0,0.05238642969,78.59245548,52.38642969,26.83695467
2024-08-10T19:00,3600,0.0,0.0,0.0,0.0,0.0,0.0,0.0,0.0,0.0
2024-08-10T20:00,3600,0.0,0.0,0.0,0.0,0.0,0.0,0.0,0.0,0.0
2024-08-10T21:00,3600,0.0,0.0,0.0,0.0,0.0,0.0,0.0,0.0,0.0
2024-08-10T22:00,3600,0.0,0.0,0.0,0.0,0.0,0.0,0.0,0.0,0.0
2024-08-10T23:00,3600,0.0,0.0,0.0,0.0,0.0,0.0,0.0,0.0,0.0
2024-08-11T00:00,3600,0.0,0.0,0.0,0.0,0.0,0.0,0.0,0.0,0.0
2024-08-11T01:00,3600,0.0,0.0,0.0,0.0,0.0,0.0,0.0,0.0,0.0
2024-08-11T02:00,3600,0.0,0.0,0.0,0.0,0.0,0.0,0.0,0.0,0.0
2024-08-11T03:00,3600,0.0,0.0,0.0,0.0,0.0,0.0,0.0,0.0,0.0
2024-08-11T04:00,3600,0.0,0.0,0.0,0.0,0.0,0.0,0.0,0.0,0.0
2024-08-11T05:00,3600,0.0,0.0,0.0,0.0,0.0,0.0,0.0,0.0,0.0
2024-08-11T06:00,3600,0.0,0.015360243190000001,0.0,0.0,0.0,0.015360243190000001,34.27645921,15.36024319,11.6184233
2024-08-11T07:00,3600,0.0,0.14663809842,0.0,0.0,0.0,0.14663809842,191.51055097,146.63809842,65.20579733
2024-08-11T08:00,3600,0.0,0.43411141949,0.0,0.0,0.0,0.43411141949,536.89855789,434.11141949,185.23745563
2024-08-11T09:00,3600,0.0,0.8475786234900001,0.0,0.0,0.0,0.8475786234900001,1036.28509269,847.57862349,365.09113862
2024-08-11T10:00,3600,0.0,1.3793787264000001,0.0,0.0,0.0,1.3793787264000001,1683.22753111,1379.3787264,617.6537397
2024-08-11T11:00,3600,0.0,1.47682032939,0.0,0.0,0.0,1.47682032939,1802.34081455,1476.82032939,664.75508025
2024-08-11T12:00,3600,0.0,1.59659481693,0.0,0.0,0.0,1.59659481693,1949.00042894,1596.59481693,723.63435412
2024-08-11T13:00,3600,0.0,1.24712408674,0.0,0.0,0.0,1.24712408674,1521.84477878,1247.12408674,556.27319947
2024-08-11T14:00,3600,0.0,1.2918591017599999,0.0,0.0,0.0,1.2918591017599999,1576.3955683,1291.85910176,572.6267866
2024-08-11T15:00,3600,0.0,0.59854275997,0.0,0.0,0.0,0.59854275997,735.12610521,598.54275997,256.06467446
2024-08-11T16:00,3600,0.0,0.22736417554,0.0,0.0,0.0,0.22736417554,288.35020757,227.36417554,98.45644006
2024-08-11T17:00,3600,0.0,0.13664192201,0.0,0.0,0.0,0.13664192201,179.52714859,136.64192201,61.18962884
2024-08-11T18:00,3600,0.0,0.02779772414,0.0,0.0,0.0,0.02779772414,49.15995102,27.79772414,16.62481467
2024-08-11T19:00,3600,0.0,0.0,0.0,0.0,0.0,0.0,0.0,0.0,0.0
2024-08-11T20:00,3600,0.0,0.0,0.0,0.0,0.0,0.0,0.0,0.0,0.0
2024-08-11T21:00,3600,0.0,0.0,0.0,0.0,0.0,0.0,0.0,0.0,0.0
2024-08-11T22:00,3600,0.0,0.0,0.0,0.0,0.0,0.0,0.0,0.0,0.0
2024-08-11T23:00,3600,0.0,0.0,0.0,0.0,0.0,0.0,0.0,0.0,0.0
2024-08-12T00:00,3600,0.0,0.0,0.0,0.0,0.0,0.0,0.0,0.0,0.0
2024-08-12T01:00,3600,0.0,0.0,0.0,0.0,0.0,0.0,0.0,0.0,0.0
2024-08-12T02:00,3600,0.0,0.0,0.0,0.0,0.0,0.0,0.0,0.0,0.0
2024-08-12T03:00,3600,0.0,0.0,0.0,0.0,0.0,0.0,0.0,0.0,0.0
2024-08-12T04:00,3600,0.0,0.0,0.0,0.0,0.0,0.0,0.0,0.0,0.0
2024-08-12T05:00,3600,0.0,0.0,0.0,0.0,0.0,0.0,0.0,0.0,0.0
2024-08-12T06:00,3600,0.0,0.01794291921,0.0,0.0,0.0,0.01794291921,37.3668303,17.94291921,12.58662524
2024-08-12T07:00,3600,0.0,0.27232931838,0.0,0.0,0.0,0.27232931838,342.34128876,272.32931838,116.57391282
2024-08-12T08:00,3600,1.0870588235294116,0.68179578144,0.68179578144,0.40526304208941166,0.0,0.0,835.67777989,681.79578144,290.33773496
2024-08-12T09:00,3600,1.0870588235294116,1.06031331185,1.06031331185,0.026745511679411527,0.0,0.0,1294.44831335,1060.31331185,459.47812127
2024-08-12T10:00,3600,1.086230588235294,1.43595112375,1.086230588235294,0.0,0.0,0.34972053551470594,1752.36016952,1435.95112375,639.90787598
2024-08-12T11:00,3600,1.0800188235294121,1.42466060869,1.0800188235294121,0.0,0.0,0.34464178516058785,1738.55809962,1424.66060869,634.87708017
2024-08-12T12:00,3600,1.07008,1.1603199877500001,1.07008,0.0,0.0,0.0902399877500002,1416.10100481,1160.31998775,511.00980669
2024-08-12T13:00,3600,1.0638682352941178,1.0837183676,1.0638682352941178,0.0,0.0,0.019850132305882173,1322.90260669,1083.7183676,475.34797839
2024-08-12T14:00,3600,1.0762917647058825,0.46648162708,0.46648162708,0.6098101376258824,0.0,0.0,575.88322724,466.48162708,200.41941869
2024-08-12T15:00,3600,1.0800188235294121,0.19352150828,0.19352150828,0.8864973152494121,0.0,0.0,247.73810009,193.52150828,85.20177084
2024-08-12T16:00,3600,1.0870588235294116,0.33155412076,0.33155412076,0.7555047027694116,0.0,0.0,413.50972107,331.55412076,141.28252758
2024-08-12T17:00,3600,1.0870588235294116,0.24586576067,0.24586576067,0.8411930628594116,0.0,0.0,310.56126687,245.86576067,105.75552438
2024-08-12T18:00,3600,0.0,0.03960888788,0.0,0.0,0.0,0.03960888788,63.29649061,39.60888788,21.37822845
2024-08-12T19:00,3600,0.0,0.0,0.0,0.0,0.0,0.0,0.0,0.0,0.0
2024-08-12T20:00,3600,0.0,0.0,0.0,0.0,0.0,0.0,0.0,0.0,0.0
2024-08-12T21:00,3600,0.0,0.0,0.0,0.0,0.0,0.0,0.0,0.0,0.0
2024-08-12T22:00,3600,0.0,0.0,0.0,0.0,0.0,0.0,0.0,0.0,0.0
2024-08-12T23:00,3600,0.0,0.0,0.0,0.0,0.0,0.0,0.0,0.0,0.0
2024-08-13T00:00,3600,0.0,0.0,0.0,0.0,0.0,0.0,0.0,0.0,0.0
2024-08-13T01:00,3600,0.0,0.0,0.0,0.0,0.0,0.0,0.0,0.0,0.0
2024-08-13T02:00,3600,0.0,0.0,0.0,0.0,0.0,0.0,0.0,0.0,0.0
2024-08-13T03:00,3600,0.0,0.0,0.0,0.0,0.0,0.0,0.0,0.0,0.0
2024-08-13T04:00,3600,0.0,0.0,0.0,0.0,0.0,0.0,0.0,0.0,0.0
2024-08-13T05:00,3600,0.0,0.0,0.0,0.0,0.0,0.0,0.0,0.0,0.0
2024-08-13T06:00,3600,0.0,0.03240707298000001,0.0,0.0,0.0,0.03240707298000001,54.6764917,32.40707298,18.39583689
2024-08-13T07:00,3600,0.0,0.17249742847,0.0,0.0,0.0,0.17249742847,222.51894636,172.49742847,75.31540735
2024-08-13T08:00,3600,1.0870588235294116,0.3079873239,0.3079873239,0.7790714996294117,0.0,0.0,385.18275895,307.9873239,131.32361003
2024-08-13T09:00,3600,1.0870588235294116,0.35161460031999997,0.35161460031999997,0.7354442232094116,0.0,0.0,437.63000382,351.61460032,149.58003009
2024-08-13T10:00,3600,1.0870588235294116,0.36187547007000004,0.36187547007000004,0.7251833534594117,0.0,0.0,449.97024794,361.87547007,155.00118765
2024-08-13T11:00,3600,1.0870588235294116,0.27835558087,0.27835558087,0.8087032426594116,0.0,0.0,349.57996716,278.35558087,120.03083845
2024-08-13T12:00,3600,1.0870588235294116,0.39738436447,0.39738436447,0.6896744590594117,0.0,0.0,492.68968352,397.38436447,169.88567673
2024-08-13T13:00,3600,1.0825035294117646,0.21680851381,0.21680851381,0.8656950156017647,0.0,0.0,275.6809332,216.80851381,94.91144482
2024-08-13T14:00,3600,1.0849882352941176,1.38081856584,1.0849882352941176,0.0,0.0,0.2958303305458825,1684.98629565,1380.81856584,614.94055586
2024-08-13T15:00,3600,1.0812611764705882,1.2895805112800003,1.0812611764705882,0.0,0.0,0.20831933480941212,1573.61610096,1289.58051128,572.10462137
2024-08-13T16:00,3600,1.0870588235294116,0.7751567688400001,0.7751567688400001,0.31190205468941157,0.0,0.0,948.58827025,775.15676884,334.69436881
2024-08-13T17:00,3600,1.0849882352941176,0.25551690346,0.25551690346,0.8294713318341176,0.0,0.0,322.14984721,255.51690346,111.06269418
2024-08-13T18:00,3600,0.0,0.024699307480000002,0.0,0.0,0.0,0.024699307480000002,45.45192932,24.69930748,15.39464669
2024-08-13T19:00,3600,0.0,0.0,0.0,0.0,0.0,0.0,0.0,0.0,0.0
2024-08-13T20:00,3600,0.0,0.0,0.0,0.0,0.0,0.0,0.0,0.0,0.0
2024-08-13T21:00,3600,0.0,0.0,0.0,0.0,0.0,0.0,0.0,0.0,0.0
2024-08-13T22:00,3600,0.0,0.0,0.0,0.0,0.0,0.0,0.0,0.0,0.0
2024-08-13T23:00,3600,0.0,0.0,0.0,0.0,0.0,0.0,0.0,0.0,0.0
2024-08-14T00:00,3600,0.0,0.0,0.0,0.0,0.0,0.0,0.0,0.0,0.0
2024-08-14T01:00,3600,0.0,0.0,0.0,0.0,0.0,0.0,0.0,0.0,0.0
2024-08-14T02:00,3600,0.0,0.0,0.0,0.0,0.0,0.0,0.0,0.0,0.0
2024-08-14T03:00,3600,0.0,0.0,0.0,0.0,0.0,0.0,0.0,0.0,0.0
2024-08-14T04:00,3600,0.0,0.0,0.0,0.0,0.0,0.0,0.0,0.0,0.0
2024-08-14T05:00,3600,0.0,0.0,0.0,0.0,0.0,0.0,0.0,0.0,0.0
2024-08-14T06:00,3600,0.0,0.04436567641,0.0,0.0,0.0,0.04436567641,68.99049228,44.36567641,23.30044271
2024-08-14T07:00,3600,0.0,0.32370521301000005,0.0,0.0,0.0,0.32370521301000005,404.07433485,323.70521301,138.09129116
2024-08-14T08:00,3600,1.0870588235294116,0.67355635675,0.67355635675,0.4135024667794116,0.0,0.0,825.72069834,673.55635675,287.05770952
2024-08-14T09:00,3600,1.0870588235294116,1.0463207649300001,1.0463207649300001,0.040738058599411486,0.0,0.0,1277.44197723,1046.32076493,453.75691216
2024-08-14T10:00,3600,1.0762917647058825,1.32684599009,1.0762917647058825,0.0,0.0,0.25055422538411753,1619.08547734,1326.84599009,589.92847332
2024-08-14T11:00,3600,1.0688376470588234,1.43184003858,1.0688376470588234,0.0,0.0,0.36300239152117664,1747.33430191,1431.84003858,639.89470554
2024-08-14T12:00,3600,1.0663529411764705,1.34916649761,1.0663529411764705,0.0,0.0,0.28281355643352946,1646.33229069,1349.16649761,600.39561572
2024-08-14T13:00,3600,1.062625882352941,1.2675216256700002,1.062625882352941,0.0,0.0,0.20489574331705906,1546.71329772,1267.52162567,561.79827024
2024-08-14T14:00,3600,1.086230588235294,1.3323474101500001,1.086230588235294,0.0,0.0,0.24611682191470607,1625.80023213,1332.34741015,588.01494227
2024-08-14T15:00,3600,0.9965203837784921,0.86626634162,0.86626634162,0.130254042158492,0.0,0.0,1058.93001059,866.26634162,373.20896119
2024-08-14T16:00,3600,0.5744559588235295,0.28305926583,0.28305926583,0.2913966929935295,0.0,0.0,355.23043288,283.05926583,121.22881562
2024-08-14T17:00,3600,0.5735184735294118,0.21016485191,0.21016485191,0.36335362161941176,0.0,0.0,267.70799961,210.16485191,91.35969007
2024-08-14T18:00,3600,0.0,0.03055110548,0.0,0.0,0.0,0.03055110548,52.45519549,30.55110548,17.69641263
2024-08-14T19:00,3600,0.0,0.0,0.0,0.0,0.0,0.0,0.0,0.0,0.0
2024-08-14T20:00,3600,0.0,0.0,0.0,0.0,0.0,0.0,0.0,0.0,0.0
2024-08-14T21:00,3600,0.0,0.0,0.0,0.0,0.0,0.0,0.0,0.0,0.0
2024-08-14T22:00,3600,0.0,0.0,0.0,0.0,0.0,0.0,0.0,0.0,0.0
2024-08-14T23:00,3600,0.0,0.0,0.0,0.0,0.0,0.0,0.0,0.0,0.0
2024-08-15T00:00,3600,0.0,0.0,0.0,0.0,0.0,0.0,0.0,0.0,0.0
2024-08-15T01:00,3600,0.0,0.0,0.0,0.0,0.0,0.0,0.0,0.0,0.0
2024-08-15T02:00,3600,0.0,0.0,0.0,0.0,0.0,0.0,0.0,0.0,0.0
2024-08-15T03:00,3600,0.0,0.0,0.0,0.0,0.0,0.0,0.0,0.0,0.0
2024-08-15T04:00,3600,0.0,0.0,0.0,0.0,0.0,0.0,0.0,0.0,0.0
2024-08-15T05:00,3600,0.0,0.0,0.0,0.0,0.0,0.0,0.0,0.0,0.0
2024-08-15T06:00,3600,0.0,0.00835485679,0.0,0.0,0.0,0.00835485679,25.89456913,8.35485679,8.72176699
2024-08-15T07:00,3600,0.0,0.10012199299,0.0,0.0,0.0,0.10012199299,135.76223755,100.12199299,45.91046475
2024-08-15T08:00,3600,0.8549431981925588,0.12507187901,0.12507187901,0.7298713191825588,0.0,0.0,165.65922017,125.07187901,56.10892424
2024-08-15T09:00,3600,0.5454816617647059,0.28481223412999995,0.28481223412999995,0.26066942763470596,0.0,0.0,357.33634874,284.81223413,121.78849186
2024-08-15T10:00,3600,0.6219596676470589,0.3797189287,0.3797189287,0.2422407389470589,0.0,0.0,471.43421301,379.7189287,162.66587011
2024-08-15T11:00,3600,0.6384486411764706,0.44933270851,0.44933270851,0.1891159326664706,0.0,0.0,555.22777535,449.33270851,192.1998264
2024-08-15T12:00,3600,0.6885773088235294,0.73273759411,0.6885773088235294,0.0,0.0,0.044160285286470535,897.26687774,732.73759411,314.41329607
2024-08-15T13:00,3600,0.7793714264705883,1.16655314655,0.7793714264705883,0.0,0.0,0.38718172007941176,1423.68947509,1166.55314655,508.45890976
2024-08-15T14:00,3600,0.7047685147058824,0.68411448548,0.68411448548,0.020654029225882442,0.0,0.0,838.48008316,684.11448548,293.53904843
2024-08-15T15:00,3600,0.6699376264705883,0.5380325923100001,0.5380325923100001,0.13190503416058819,0.0,0.0,662.12204359,538.03259231,229.84907442
2024-08-15T16:00,3600,0.5677831676470588,0.23814483323,0.23814483323,0.3296383344170588,0.0,0.0,301.29158763,238.14483323,102.76523935
2024-08-15T17:00,3600,0.5025000352941177,0.1038781498,0.1038781498,0.3986218854941177,0.0,0.0,140.26246172,103.8781498,47.34652907
2024-08-15T18:00,3600,0.0,0.020413908379999998,0.0,0.0,0.0,0.020413908379999998,40.32367013,20.41390838,13.55482718
2024-08-15T19:00,3600,0.0,0.0,0.0,0.0,0.0,0.0,0.0,0.0,0.0
2024-08-15T20:00,3600,0.0,0.0,0.0,0.0,0.0,0.0,0.0,0.0,0.0
2024-08-15T21:00,3600,0.0,0.0,0.0,0.0,0.0,0.0,0.0,0.0,0.0
2024-08-15T22:00,3600,0.0,0.0,0.0,0.0,0.0,0.0,0.0,0.0,0.0
2024-08-15T23:00,3600,0.0,0.0,0.0,0.0,0.0,0.0,0.0,0.0,0.0
2024-08-16T00:00,3600,0.0,0.0,0.0,0.0,0.0,0.0,0.0,0.0,0.0
2024-08-16T01:00,3600,0.0,0.0,0.0,0.0,0.0,0.0,0.0,0.0,0.0
2024-08-16T02:00,3600,0.0,0.0,0.0,0.0,0.0,0.0,0.0,0.0,0.0
2024-08-16T03:00,3600,0.0,0.0,0.0,0.0,0.0,0.0,0.0,0.0,0.0
2024-08-16T04:00,3600,0.0,0.0,0.0,0.0,0.0,0.0,0.0,0.0,0.0
2024-08-16T05:00,3600,0.0,0.0,0.0,0.0,0.0,0.0,0.0,0.0,0.0
2024-08-16T06:00,3600,0.0,0.00847110395,0.0,0.0,0.0,0.00847110395,26.03365085,8.47110395,8.73766602
2024-08-16T07:00,3600,0.0,0.10917836455,0.0,0.0,0.0,0.10917836455,146.61303754,109.17836455,49.4257831
2024-08-16T08:00,3600,0.716100850779985,0.42378448744999997,0.42378448744999997,0.292316363329985,0.0,0.0,524.46542422,423.78448745,179.3633397
2024-08-16T09:00,3600,0.6213529941176472,0.62090632349,0.62090632349,0.00044667062764724985,0.0,0.0,762.12405533,620.90632349,263.66997171
2024-08-16T10:00,3600,0.7016141088235294,0.6420252057,0.6420252057,0.05958890312352938,0.0,0.0,787.62775099,642.0252057,275.7475975
2024-08-16T11:00,3600,0.7255835264705881,0.73339592746,0.7255835264705881,0.0,0.0,0.007812400989411938,898.06311918,733.39592746,315.89404626
2024-08-16T12:00,3600,0.8083632441176472,1.08047181054,0.8083632441176472,0.0,0.0,0.2721085664223528,1318.9550525,1080.47181054,472.75965908
2024-08-16T13:00,3600,0.7640073911764705,0.7631645104299999,0.7631645104299999,0.0008428807464706534,0.0,0.0,934.07593679,763.16451043,330.80935494
2024-08-16T14:00,3600,0.7712347205882353,0.88593475363,0.7712347205882353,0.0,0.0,0.11470003304176468,1082.77023445,885.93475363,383.82339234
2024-08-16T15:00,3600,0.7118012029411765,0.5536328535799999,0.5536328535799999,0.15816834936117663,0.0,0.0,680.9370208,553.63285358,237.7412271
2024-08-16T16:00,3600,0.5674081735294118,0.21188274926,0.21188274926,0.35552542426941175,0.0,0.0,269.76954023,211.88274926,91.97918443
2024-08-16T17:00,3600,0.5558272911764706,0.15309211427,0.15309211427,0.40273517690647054,0.0,0.0,199.24856248,153.09211427,67.7741359
2024-08-16T18:00,3600,0.0,0.051429909870000005,0.0,0.0,0.0,0.051429909870000005,77.44730753,51.42990987,26.14145242
2024-08-16T19:00,3600,0.0,0.0,0.0,0.0,0.0,0.0,0.0,0.0,0.0
2024-08-16T20:00,3600,0.0,0.0,0.0,0.0,0.0,0.0,0.0,0.0,0.0
2024-08-16T21:00,3600,0.0,0.0,0.0,0.0,0.0,0.0,0.0,0.0,0.0
2024-08-16T22:00,3600,0.0,0.0,0.0,0.0,0.0,0.0,0.0,0.0,0.0
2024-08-16T23:00,3600,0.0,0.0,0.0,0.0,0.0,0.0,0.0,0.0,0.0
2024-08-17T00:00,3600,0.0,0.0,0.0,0.0,0.0,0.0,0.0,0.0,0.0
2024-08-17T01:00,3600,0.0,0.0,0.0,0.0,0.0,0.0,0.0,0.0,0.0
2024-08-17T02:00,3600,0.0,0.0,0.0,0.0,0.0,0.0,0.0,0.0,0.0
2024-08-17T03:00,3600,0.0,0.0,0.0,0.0,0.0,0.0,0.0,0.0,0.0
2024-08-17T04:00,3600,0.0,0.0,0.0,0.0,0.0,0.0,0.0,0.0,0.0
2024-08-17T05:00,3600,0.0,0.0,0.0,0.0,0.0,0.0,0.0,0.0,0.0
2024-08-17T06:00,3600,0.0,0.0036053514000000003,0.0,0.0,0.0,0.0036053514000000003,20.21231765,3.6053514,6.77741359
2024-08-17T07:00,3600,0.0,0.054165095010000004,0.0,0.0,0.0,0.054165095010000004,80.72192125,54.16509501,27.10965436
2024-08-17T08:00,3600,0.0,0.13315870747,0.0,0.0,0.0,0.13315870747,175.35189419,133.15870747,59.06031842
2024-08-17T09:00,3600,0.0,0.18074680029,0.0,0.0,0.0,0.18074680029,232.41342917,180.74680029,78.42435725
2024-08-17T10:00,3600,0.0,0.30456009596,0.0,0.0,0.0,0.30456009596,381.06410947,304.56009596,129.73906015
2024-08-17T11:00,3600,0.0,0.39584622128999997,0.0,0.0,0.0,0.39584622128999997,490.8387297,395.84622129,167.71233981
2024-08-17T12:00,3600,0.0,0.5623218284,0.0,0.0,0.0,0.5623218284,691.41843165,562.3218284,238.15619343
2024-08-17T13:00,3600,0.0,0.45345934206,0.0,0.0,0.0,0.45345934206,560.19771859,453.45934206,192.81317998
2024-08-17T14:00,3600,0.0,0.60987384644,0.0,0.0,0.0,0.60987384644,748.80418762,609.87384644,259.75076533
2024-08-17T15:00,3600,0.0,0.75454889315,0.0,0.0,0.0,0.75454889315,923.6514452,754.54889315,322.94453562
2024-08-17T16:00,3600,0.0,0.21763190723,0.0,0.0,0.0,0.21763190723,276.66912712,217.63190723,94.27049057
2024-08-17T17:00,3600,0.0,0.07213926636,0.0,0.0,0.0,0.07213926636,102.24423325,72.13926636,34.69181057
2024-08-17T18:00,3600,0.0,0.006102725460000001,0.0,0.0,0.0,0.006102725460000001,23.2000963,6.10272546,7.79375257
2024-08-17T19:00,3600,0.0,0.0,0.0,0.0,0.0,0.0,0.0,0.0,0.0
2024-08-17T20:00,3600,0.0,0.0,0.0,0.0,0.0,0.0,0.0,0.0,0.0
2024-08-17T21:00,3600,0.0,0.0,0.0,0.0,0.0,0.0,0.0,0.0,0.0
2024-08-17T22:00,3600,0.0,0.0,0.0,0.0,0.0,0.0,0.0,0.0,0.0
2024-08-17T23:00,3600,0.0,0.0,0.0,0.0,0.0,0.0,0.0,0.0,0.0
2024-08-18T00:00,3600,0.0,0.0,0.0,0.0,0.0,0.0,0.0,0.0,0.0
2024-08-18T01:00,3600,0.0,0.0,0.0,0.0,0.0,0.0,0.0,0.0,0.0
2024-08-18T02:00,3600,0.0,0.0,0.0,0.0,0.0,0.0,0.0,0.0,0.0
2024-08-18T03:00,3600,0.0,0.0,0.0,0.0,0.0,0.0,0.0,0.0,0.0
2024-08-18T04:00,3600,0.0,0.0,0.0,0.0,0.0,0.0,0.0,0.0,0.0
2024-08-18T05:00,3600,0.0,0.0,0.0,0.0,0.0,0.0,0.0,0.0,0.0
2024-08-18T06:00,3600,0.0,0.0011822231599999998,0.0,0.0,0.0,0.0011822231599999998,17.31346992,1.18222316,5.80921165
2024-08-18T07:00,3600,0.0,0.03881420726999999,0.0,0.0,0.0,0.03881420726999999,62.34527605,38.81420727,20.95216732
2024-08-18T08:00,3600,0.0,0.16732102882999997,0.0,0.0,0.0,0.16732102882999997,216.31087595,167.32102883,73.09849909
2024-08-18T09:00,3600,0.0,0.35828748601,0.0,0.0,0.0,0.35828748601,445.6549403,358.28748601,151.94571545
2024-08-18T10:00,3600,0.0,0.52608293495,0.0,0.0,0.0,0.52608293495,647.7129298,526.08293495,223.86894348
2024-08-18T11:00,3600,0.0,0.6512128590399999,0.0,0.0,0.0,0.6512128590399999,798.72553058,651.21285904,277.96854073
2024-08-18T12:00,3600,0.0,0.34389726857999997,0.0,0.0,0.0,0.34389726857999997,428.34999606,343.89726858,147.3407978
2024-08-18T13:00,3600,0.0,0.49448797617000007,0.0,0.0,0.0,0.49448797617000007,609.62762477,494.48797617,211.930718
2024-08-18T14:00,3600,0.0,0.5627752992099999,0.0,0.0,0.0,0.5627752992099999,691.96548595,562.77529921,240.63542672
2024-08-18T15:00,3600,0.0,0.42571094118,0.0,0.0,0.0,0.42571094118,526.78463656,425.71094118,181.99578452
2024-08-18T16:00,3600,0.0,0.20976350437,0.0,0.0,0.0,0.20976350437,267.22637526,209.76350437,91.01098249
2024-08-18T17:00,3600,0.0,0.07527501455,0.0,0.0,0.0,0.07527501455,105.99957292,75.27501455,35.82347183
2024-08-18T18:00,3600,0.0,0.00356245343,0.0,0.0,0.0,0.00356245343,20.16099684,3.56245343,6.77741359
2024-08-18T19:00,3600,0.0,0.0,0.0,0.0,0.0,0.0,0.0,0.0,0.0
2024-08-18T20:00,3600,0.0,0.0,0.0,0.0,0.0,0.0,0.0,0.0,0.0
2024-08-18T21:00,3600,0.0,0.0,0.0,0.0,0.0,0.0,0.0,0.0,0.0
2024-08-18T22:00,3600,0.0,0.0,0.0,0.0,0.0,0.0,0.0,0.0,0.0
2024-08-18T23:00,3600,0.0,0.0,0.0,0.0,0.0,0.0,0.0,0.0,0.0
2024-08-19T00:00,3600,0.0,0.0,0.0,0.0,0.0,0.0,0.0,0.0,0.0
2024-08-19T01:00,3600,0.0,0.0,0.0,0.0,0.0,0.0,0.0,0.0,0.0
2024-08-19T02:00,3600,0.0,0.0,0.0,0.0,0.0,0.0,0.0,0.0,0.0
2024-08-19T03:00,3600,0.0,0.0,0.0,0.0,0.0,0.0,0.0,0.0,0.0
2024-08-19T04:00,3600,0.0,0.0,0.0,0.0,0.0,0.0,0.0,0.0,0.0
2024-08-19T05:00,3600,0.0,0.0,0.0,0.0,0.0,0.0,0.0,0.0,0.0
2024-08-19T06:00,3600,0.0,0.01320126846,0.0,0.0,0.0,0.01320126846,31.69317011,13.20126846,10.65022136
2024-08-19T07:00,3600,0.0,0.14888812043,0.0,0.0,0.0,0.14888812043,194.2081198,148.88812043,65.65203135
2024-08-19T08:00,3600,1.0870588235294116,0.24262283474,0.24262283474,0.8444359887894116,0.0,0.0,306.66770783,242.62283474,104.24609906
2024-08-19T09:00,3600,1.0870588235294116,0.48928520184,0.48928520184,0.5977736216894116,0.0,0.0,603.35781245,489.28520184,207.24469367
2024-08-19T10:00,3600,1.0870588235294116,0.61640286203,0.61640286203,0.4706559614994116,0.0,0.0,756.68661244,616.40286203,263.45984645
2024-08-19T11:00,3600,1.0870588235294116,0.58308471439,0.58308471439,0.5039741091394117,0.0,0.0,716.47001759,583.08471439,249.39828601
2024-08-19T12:00,3600,1.0870588235294116,0.7229579522599999,0.7229579522599999,0.3641008712694117,0.0,0.0,885.43952444,722.95795226,309.82315683
2024-08-19T13:00,3600,1.0116904972727023,0.8239789744,0.8239789744,0.18771152287270232,0.0,0.0,1007.69730282,823.9789744,355.15550777
2024-08-19T14:00,3600,0.7519182382352941,0.8416982820700001,0.7519182382352941,0.0,0.0,0.08978004383470595,1029.16089454,841.69828207,362.86310328
2024-08-19T15:00,3600,0.7201742882352942,0.6064332576299999,0.6064332576299999,0.11374103060529428,0.0,0.0,744.65070627,606.43325763,260.51260119
2024-08-19T16:00,3600,0.6168530647058822,0.28915070477,0.28915070477,0.3277023599358822,0.0,0.0,362.54857623,289.15070477,124.60798225
2024-08-19T17:00,3600,0.5911876264705883,0.14714953563000002,0.14714953563000002,0.4440380908405883,0.0,0.0,192.12370908,147.14953563,65.67034042
2024-08-19T18:00,3600,0.0,0.01785432959,0.0,0.0,0.0,0.01785432959,37.26082403,17.85432959,12.58662524
2024-08-19T19:00,3600,0.0,0.0,0.0,0.0,0.0,0.0,0.0,0.0,0.0
2024-08-19T20:00,3600,0.0,0.0,0.0,0.0,0.0,0.0,0.0,0.0,0.0
2024-08-19T21:00,3600,0.0,0.0,0.0,0.0,0.0,0.0,0.0,0.0,0.0
2024-08-19T22:00,3600,0.0,0.0,0.0,0.0,0.0,0.0,0.0,0.0,0.0
2024-08-19T23:00,3600,0.0,0.0,0.0,0.0,0.0,0.0,0.0,0.0,0.0
2024-08-20T00:00,3600,0.0,0.0,0.0,0.0,0.0,0.0,0.0,0.0,0.0
2024-08-20T01:00,3600,0.0,0.0,0.0,0.0,0.0,0.0,0.0,0.0,0.0
2024-08-20T02:00,3600,0.0,0.0,0.0,0.0,0.0,0.0,0.0,0.0,0.0
2024-08-20T03:00,3600,0.0,0.0,0.0,0.0,0.0,0.0,0.0,0.0,0.0
2024-08-20T04:00,3600,0.0,0.0,0.0,0.0,0.0,0.0,0.0,0.0,0.0
2024-08-20T05:00,3600,0.0,0.0,0.0,0.0,0.0,0.0,0.0,0.0,0.0
2024-08-20T06:00,3600,0.0,0.01555362476,0.0,0.0,0.0,0.01555362476,34.50785108,15.55362476,11.6184233
2024-08-20T07:00,3600,0.0,0.07780554273,0.0,0.0,0.0,0.07780554273,109.03023475,77.80554273,36.79167377
2024-08-20T08:00,3600,0.9084385311676875,0.12278565976999999,0.12278565976999999,0.7856528713976875,0.0,0.0,162.91922513,122.78565977,55.12106878
2024-08-20T09:00,3600,0.5513162235294118,0.3017349784500001,0.3017349784500001,0.2495812450794117,0.0,0.0,377.66920095,301.73497845,128.80357556
2024-08-20T10:00,3600,0.6467978911764707,0.55457080699,0.55457080699,0.09222708418647063,0.0,0.0,682.06839725,554.57080699,236.77920253
2024-08-20T11:00,3600,0.7046030470588234,0.79711638812,0.7046030470588234,0.0,0.0,0.09251334106117659,975.16936134,797.11638812,342.57378635
2024-08-20T12:00,3600,0.7173751235294118,0.78198828827,0.7173751235294118,0.0,0.0,0.0646131647405882,956.85655666,781.98828827,336.62413546
2024-08-20T13:00,3600,0.7666720676470588,0.88650229053,0.7666720676470588,0.0,0.0,0.1198302228829412,1083.45825582,886.50229053,384.13385402
2024-08-20T14:00,3600,0.7346391323529412,0.71179549349,0.71179549349,0.022843638862941162,0.0,0.0,871.94195127,711.79549349,306.43443303
2024-08-20T15:00,3600,0.7113031176470588,0.5407926508,0.5407926508,0.17051046684705873,0.0,0.0,665.45054047,540.7926508,232.42624947
2024-08-20T16:00,3600,0.6167758382352941,0.38005118721000003,0.38005118721000003,0.2367246510252941,0.0,0.0,471.83394242,380.05118721,162.06322382
2024-08-20T17:00,3600,0.5596214147058823,0.14555646178,0.14555646178,0.4140649529258823,0.0,0.0,190.21380054,145.55646178,64.72548634
2024-08-20T18:00,3600,0.0,0.027484932010000004,0.0,0.0,0.0,0.027484932010000004,48.78561016,27.48493201,16.459433
2024-08-20T19:00,3600,0.0,0.0,0.0,0.0,0.0,0.0,0.0,0.0,0.0
2024-08-20T20:00,3600,0.0,0.0,0.0,0.0,0.0,0.0,0.0,0.0,0.0
2024-08-20T21:00,3600,0.0,0.0,0.0,0.0,0.0,0.0,0.0,0.0,0.0
2024-08-20T22:00,3600,0.0,0.0,0.0,0.0,0.0,0.0,0.0,0.0,0.0
2024-08-20T23:00,3600,0.0,0.0,0.0,0.0,0.0,0.0,0.0,0.0,0.0
2024-08-21T00:00,3600,0.0,0.0,0.0,0.0,0.0,0.0,0.0,0.0,0.0
2024-08-21T01:00,3600,0.0,0.0,0.0,0.0,0.0,0.0,0.0,0.0,0.0
2024-08-21T02:00,3600,0.0,0.0,0.0,0.0,0.0,0.0,0.0,0.0,0.0
2024-08-21T03:00,3600,0.0,0.0,0.0,0.0,0.0,0.0,0.0,0.0,0.0
2024-08-21T04:00,3600,0.0,0.0,0.0,0.0,0.0,0.0,0.0,0.0,0.0
2024-08-21T05:00,3600,0.0,0.0,0.0,0.0,0.0,0.0,0.0,0.0,0.0
2024-08-21T06:00,3600,0.0,0.02523050732,0.0,0.0,0.0,0.02523050732,46.0876292,25.23050732,15.49123106
2024-08-21T07:00,3600,0.0,0.17153881455000003,0.0,0.0,0.0,0.17153881455000003,221.36924195,171.53881455,74.92205654
2024-08-21T08:00,3600,0.8405271918398189,0.33493283189,0.33493283189,0.5055943599498189,0.0,0.0,417.57170285,334.93283189,142.47872012
2024-08-21T09:00,3600,0.6265368235294118,0.62347539937,0.62347539937,0.0030614241594117964,0.0,0.0,765.22610219,623.47539937,264.7754582
2024-08-21T10:00,3600,0.6751434852941176,0.66936409783,0.66936409783,0.005779387464117658,0.0,0.0,820.65496306,669.36409783,286.15134519
2024-08-21T11:00,3600,0.7039633294117648,0.84895526968,0.7039633294117648,0.0,0.0,0.14499194026823525,1037.95302997,848.95526968,364.13645153
2024-08-21T12:00,3600,0.6313236294117647,0.46788231156,0.46788231156,0.1634413178517647,0.0,0.0,577.57055222,467.88231156,199.42599038
2024-08-21T13:00,3600,0.6208677294117647,0.49488651155,0.49488651155,0.1259812178617647,0.0,0.0,610.10791605,494.88651155,210.36476315
2024-08-21T14:00,3600,0.5413015294117647,0.19850070637,0.19850070637,0.3428008230417647,0.0,0.0,253.71198677,198.50070637,86.16997278
2024-08-21T15:00,3600,0.539547844117647,0.22938443706,0.22938443706,0.310163407057647,0.0,0.0,290.77522335,229.38443706,98.7961796
2024-08-21T16:00,3600,0.5064926705882353,0.18030288165,0.18030288165,0.32618978893823536,0.0,0.0,231.88095219,180.30288165,78.36714331
2024-08-21T17:00,3600,0.5065698970588235,0.08590854305000001,0.08590854305000001,0.4206613540088235,0.0,0.0,118.73547797,85.90854305,40.07887582
2024-08-21T18:00,3600,0.0,0.00841198369,0.0,0.0,0.0,0.00841198369,25.9629175,8.41198369,8.71381747
2024-08-21T19:00,3600,0.0,0.0,0.0,0.0,0.0,0.0,0.0,0.0,0.0
2024-08-21T20:00,3600,0.0,0.0,0.0,0.0,0.0,0.0,0.0,0.0,0.0
2024-08-21T21:00,3600,0.0,0.0,0.0,0.0,0.0,0.0,0.0,0.0,0.0
2024-08-21T22:00,3600,0.0,0.0,0.0,0.0,0.0,0.0,0.0,0.0,0.0
2024-08-21T23:00,3600,0.0,0.0,0.0,0.0,0.0,0.0,0.0,0.0,0.0
2024-08-22T00:00,3600,0.0,0.0,0.0,0.0,0.0,0.0,0.0,0.0,0.0
2024-08-22T01:00,3600,0.0,0.0,0.0,0.0,0.0,0.0,0.0,0.0,0.0
2024-08-22T02:00,3600,0.0,0.0,0.0,0.0,0.0,0.0,0.0,0.0,0.0
2024-08-22T03:00,3600,0.0,0.0,0.0,0.0,0.0,0.0,0.0,0.0,0.0
2024-08-22T04:00,3600,0.0,0.0,0.0,0.0,0.0,0.0,0.0,0.0,0.0
2024-08-22T05:00,3600,0.0,0.0,0.0,0.0,0.0,0.0,0.0,0.0,0.0
2024-08-22T06:00,3600,0.0,0.0035509195099999997,0.0,0.0,0.0,0.0035509195099999997,20.14719829,3.55091951,6.77741359
2024-08-22T07:00,3600,0.0,0.11287466014,0.0,0.0,0.0,0.11287466014,151.04213615,112.87466014,51.02437951
2024-08-22T08:00,3600,0.6694446282977996,0.13482074941,0.13482074941,0.5346238788877996,0.0,0.0,177.34412117,134.82074941,59.97351571
2024-08-22T09:00,3600,0.5573492970588236,0.39909635968999996,0.39909635968999996,0.15825293736882368,0.0,0.0,494.74989566,399.09635969,168.91757251
2024-08-22T10:00,3600,0.6221471647058825,0.39481170746,0.39481170746,0.2273354572458825,0.0,0.0,489.5938518,394.81170746,168.6840299
2024-08-22T11:00,3600,0.6946876088235293,0.7422778806300001,0.6946876088235293,0.0,0.0,0.047590271806470796,908.80644509,742.27788063,317.65830476
2024-08-22T12:00,3600,0.7322868941176469,0.83324760714,0.7322868941176469,0.0,0.0,0.1009607130223531,1018.92377923,833.24760714,358.28763999
2024-08-22T13:00,3600,0.6917426852941175,0.41208681067,0.41208681067,0.2796558746241175,0.0,0.0,510.38430433,412.08681067,177.68313149
2024-08-22T14:00,3600,0.685177505882353,0.50485365799,0.50485365799,0.180323847892353,0.0,0.0,622.12066744,504.85365799,216.41848052
2024-08-22T15:00,3600,0.698217794117647,0.5899013436,0.5899013436,0.10831645051764693,0.0,0.0,724.6963714,589.9013436,253.05880348
2024-08-22T16:00,3600,0.6184302676470588,0.30983177475,0.30983177475,0.30859849289705876,0.0,0.0,387.39940339,309.83177475,133.25997176
2024-08-22T17:00,3600,0.5879449794117647,0.13110301125999999,0.13110301125999999,0.4568419681517647,0.0,0.0,172.88787677,131.10301126,59.06031842
2024-08-22T18:00,3600,0.0,0.02270263908,0.0,0.0,0.0,0.02270263908,43.06251204,22.70263908,14.52302912
2024-08-22T19:00,3600,0.0,0.0,0.0,0.0,0.0,0.0,0.0,0.0,0.0
2024-08-22T20:00,3600,0.0,0.0,0.0,0.0,0.0,0.0,0.0,0.0,0.0
2024-08-22T21:00,3600,0.0,0.0,0.0,0.0,0.0,0.0,0.0,0.0,0.0
2024-08-22T22:00,3600,0.0,0.0,0.0,0.0,0.0,0.0,0.0,0.0,0.0
2024-08-22T23:00,3600,0.0,0.0,0.0,0.0,0.0,0.0,0.0,0.0,0.0
2024-08-23T00:00,3600,0.0,0.0,0.0,0.0,0.0,0.0,0.0,0.0,0.0
2024-08-23T01:00,3600,0.0,0.0,0.0,0.0,0.0,0.0,0.0,0.0,0.0
2024-08-23T02:00,3600,0.0,0.0,0.0,0.0,0.0,0.0,0.0,0.0,0.0
2024-08-23T03:00,3600,0.0,0.0,0.0,0.0,0.0,0.0,0.0,0.0,0.0
2024-08-23T04:00,3600,0.0,0.0,0.0,0.0,0.0,0.0,0.0,0.0,0.0
2024-08-23T05:00,3600,0.0,0.0,0.0,0.0,0.0,0.0,0.0,0.0,0.0
2024-08-23T06:00,3600,0.0,0.01563188989,0.0,0.0,0.0,0.01563188989,34.60149988,15.63188989,11.64542076
2024-08-23T07:00,3600,0.0,0.18508827168,0.0,0.0,0.0,0.18508827168,237.62117591,185.08827168,80.49216503
2024-08-23T08:00,3600,0.8548433546162666,0.34471120068999994,0.34471120068999994,0.5101321539262667,0.0,0.0,429.32869006,344.71120069,146.5026192
2024-08-23T09:00,3600,0.5847684205882353,0.51020092454,0.51020092454,0.07456749604823532,0.0,0.0,628.56612067,510.20092454,216.01526799
2024-08-23T10:00,3600,0.6857868823529413,0.66055773077,0.66055773077,0.025229151582941256,0.0,0.0,810.01479357,660.55773077,283.26730843
2024-08-23T11:00,3600,0.7233089411764706,0.84399762232,0.7233089411764706,0.0,0.0,0.12068868114352937,1031.94653385,843.99762232,363.8940297
2024-08-23T12:00,3600,0.6877280647058823,0.64805869466,0.64805869466,0.039669370045882335,0.0,0.0,794.91543744,648.05869466,278.16414119
2024-08-23T13:00,3600,0.7091960411764706,0.60077016804,0.60077016804,0.10842587313647056,0.0,0.0,737.81468947,600.77016804,258.99687528
2024-08-23T14:00,3600,0.6920563352941176,0.5143155123,0.5143155123,0.17774082299411753,0.0,0.0,633.5260883,514.3155123,221.29348376
2024-08-23T15:00,3600,0.6800470676470588,0.46703138667000005,0.46703138667000005,0.21301568097705875,0.0,0.0,576.54548714,467.03138667,200.8951748
2024-08-23T16:00,3600,0.6534486529411764,0.46783141555,0.46783141555,0.18561723739117636,0.0,0.0,577.50924007,467.83141555,200.48991507
2024-08-23T17:00,3600,0.609342044117647,0.21029144982,0.21029144982,0.399050594297647,0.0,0.0,267.85992,210.29144982,91.9880184
2024-08-23T18:00,3600,0.0,0.027407668789999996,0.0,0.0,0.0,0.027407668789999996,48.69314398,27.40766879,16.46738252
2024-08-23T19:00,3600,0.0,0.0,0.0,0.0,0.0,0.0,0.0,0.0,0.0
2024-08-23T20:00,3600,0.0,0.0,0.0,0.0,0.0,0.0,0.0,0.0,0.0
2024-08-23T21:00,3600,0.0,0.0,0.0,0.0,0.0,0.0,0.0,0.0,0.0
2024-08-23T22:00,3600,0.0,0.0,0.0,0.0,0.0,0.0,0.0,0.0,0.0
2024-08-23T23:00,3600,0.0,0.0,0.0,0.0,0.0,0.0,0.0,0.0,0.0
2024-08-24T00:00,3600,0.0,0.0,0.0,0.0,0.0,0.0,0.0,0.0,0.0
2024-08-24T01:00,3600,0.0,0.0,0.0,0.0,0.0,0.0,0.0,0.0,0.0
2024-08-24T02:00,3600,0.0,0.0,0.0,0.0,0.0,0.0,0.0,0.0,0.0
2024-08-24T03:00,3600,0.0,0.0,0.0,0.0,0.0,0.0,0.0,0.0,0.0
2024-08-24T04:00,3600,0.0,0.0,0.0,0.0,0.0,0.0,0.0,0.0,0.0
2024-08-24T05:00,3600,0.0,0.0,0.0,0.0,0.0,0.0,0.0,0.0,0.0
2024-08-24T06:00,3600,0.0,0.03567377046,0.0,0.0,0.0,0.03567377046,58.58635442,35.67377046,19.76362949
2024-08-24T07:00,3600,0.0,0.35555852902,0.0,0.0,0.0,0.35555852902,442.37294902,355.55852902,151.5280817
2024-08-24T08:00,3600,0.0,0.7125679129400001,0.0,0.0,0.0,0.7125679129400001,872.8758825,712.56791294,304.50729055
2024-08-24T09:00,3600,0.0,1.0823496682,0.0,0.0,0.0,1.0823496682,1321.23835359,1082.3496682,469.47769777
2024-08-24T10:00,3600,0.0,1.4257334021599999,0.0,0.0,0.0,1.4257334021599999,1739.86943051,1425.73340216,638.19101636
2024-08-24T11:00,3600,0.0,1.3416959618700002,0.0,0.0,0.0,1.3416959618700002,1637.21190701,1341.69596187,597.50775218
2024-08-24T12:00,3600,0.0,1.2951418832500001,0.0,0.0,0.0,1.2951418832500001,1580.40013804,1295.14188325,576.08389937
2024-08-24T13:00,3600,0.0,1.72412204822,0.0,0.0,0.0,1.72412204822,2105.45336382,1724.12204822,794.36768711
2024-08-24T14:00,3600,0.0,1.4801223781900001,0.0,0.0,0.0,1.4801223781900001,1806.38040726,1480.12237819,673.25430036
2024-08-24T15:00,3600,0.0,1.2386840057400001,0.0,0.0,0.0,1.2386840057400001,1511.55697935,1238.68400574,555.75633379
2024-08-24T16:00,3600,0.0,0.7867688159399999,0.0,0.0,0.0,0.7867688159399999,962.64300733,786.76881594,343.47645577
2024-08-24T17:00,3600,0.0,0.28608699193000003,0.0,0.0,0.0,0.28608699193000003,358.86780445,286.08699193,125.31996174
2024-08-24T18:00,3600,0.0,0.03419624482,0.0,0.0,0.0,0.03419624482,56.81790202,34.19624482,19.41173592
2024-08-24T19:00,3600,0.0,0.0,0.0,0.0,0.0,0.0,0.0,0.0,0.0
2024-08-24T20:00,3600,0.0,0.0,0.0,0.0,0.0,0.0,0.0,0.0,0.0
2024-08-24T21:00,3600,0.0,0.0,0.0,0.0,0.0,0.0,0.0,0.0,0.0
2024-08-24T22:00,3600,0.0,0.0,0.0,0.0,0.0,0.0,0.0,0.0,0.0
2024-08-24T23:00,3600,0.0,0.0,0.0,0.0,0.0,0.0,0.0,0.0,0.0
2024-08-25T00:00,3600,0.0,0.0,0.0,0.0,0.0,0.0,0.0,0.0,0.0
2024-08-25T01:00,3600,0.0,0.0,0.0,0.0,0.0,0.0,0.0,0.0,0.0
2024-08-25T02:00,3600,0.0,0.0,0.0,0.0,0.0,0.0,0.0,0.0,0.0
2024-08-25T03:00,3600,0.0,0.0,0.0,0.0,0.0,0.0,0.0,0.0,0.0
2024-08-25T04:00,3600,0.0,0.0,0.0,0.0,0.0,0.0,0.0,0.0,0.0
2024-08-25T05:00,3600,0.0,0.0,0.0,0.0,0.0,0.0,0.0,0.0,0.0
2024-08-25T06:00,3600,0.0,0.0431808849,0.0,0.0,0.0,0.0431808849,67.57222797,43.1808849,22.86637032
2024-08-25T07:00,3600,0.0,0.41465812184,0.0,0.0,0.0,0.41465812184,513.47931755,414.65812184,176.77308802
2024-08-25T08:00,3600,0.0,0.83541732707,0.0,0.0,0.0,0.83541732707,1021.55204435,835.41732707,359.81307586
2024-08-25T09:00,3600,0.0,1.2403788440299999,0.0,0.0,0.0,1.2403788440299999,1513.62274775,1240.37884403,544.581328
2024-08-25T10:00,3600,0.0,1.464660922,0.0,0.0,0.0,1.464660922,1787.46726829,1464.660922,658.51619405
2024-08-25T11:00,3600,0.0,1.7184893993,0.0,0.0,0.0,1.7184893993,2098.53655489,1718.4893993,782.67284442
2024-08-25T12:00,3600,0.0,1.4976837681500001,0.0,0.0,0.0,1.4976837681500001,1827.86777113,1497.68376815,674.0294782
2024-08-25T13:00,3600,0.0,1.49205033265,0.0,0.0,0.0,1.49205033265,1820.97430425,1492.05033265,674.1477093
2024-08-25T14:00,3600,0.0,1.33083678301,0.0,0.0,0.0,1.33083678301,1623.95638043,1330.83678301,596.14167379
2024-08-25T15:00,3600,0.0,1.14466839179,0.0,0.0,0.0,1.14466839179,1397.04938867,1144.66839179,507.99147975
2024-08-25T16:00,3600,0.0,0.6405477321999999,0.0,0.0,0.0,0.6405477321999999,785.84325228,640.5477322,276.03446211
2024-08-25T17:00,3600,0.0,0.22600720494999998,0.0,0.0,0.0,0.22600720494999998,286.72141237,226.00720495,98.6262907
2024-08-25T18:00,3600,0.0,0.0107404815,0.0,0.0,0.0,0.0107404815,28.7488528,10.7404815,9.69791844
2024-08-25T19:00,3600,0.0,0.0,0.0,0.0,0.0,0.0,0.0,0.0,0.0
2024-08-25T20:00,3600,0.0,0.0,0.0,0.0,0.0,0.0,0.0,0.0,0.0
2024-08-25T21:00,3600,0.0,0.0,0.0,0.0,0.0,0.0,0.0,0.0,0.0
2024-08-25T22:00,3600,0.0,0.0,0.0,0.0,0.0,0.0,0.0,0.0,0.0
2024-08-25T23:00,3600,0.0,0.0,0.0,0.0,0.0,0.0,0.0,0.0,0.0
2024-08-26T00:00,3600,0.0,0.0,0.0,0.0,0.0,0.0,0.0,0.0,0.0
2024-08-26T01:00,3600,0.0,0.0,0.0,0.0,0.0,0.0,0.0,0.0,0.0
2024-08-26T02:00,3600,0.0,0.0,0.0,0.0,0.0,0.0,0.0,0.0,0.0
2024-08-26T03:00,3600,0.0,0.0,0.0,0.0,0.0,0.0,0.0,0.0,0.0
2024-08-26T04:00,3600,0.0,0.0,0.0,0.0,0.0,0.0,0.0,0.0,0.0
2024-08-26T05:00,3600,0.0,0.0,0.0,0.0,0.0,0.0,0.0,0.0,0.0
2024-08-26T06:00,3600,0.0,0.03557065291,0.0,0.0,0.0,0.03557065291,58.46293163,35.57065291,19.69970445
2024-08-26T07:00,3600,0.0,0.35621564996,0.0,0.0,0.0,0.35621564996,443.16322595,356.21564996,151.44041128
2024-08-26T08:00,3600,1.0870588235294116,0.8474445251,0.8474445251,0.23961429842941162,0.0,0.0,1036.12262165,847.4445251,362.82853592
2024-08-26T09:00,3600,1.0870588235294116,1.32940200359,1.0870588235294116,0.0,0.0,0.24234318006058841,1622.2051472,1329.40200359,584.11770348
2024-08-26T10:00,3600,1.07008,1.64302255531,1.07008,0.0,0.0,0.57294255531,2005.922946,1643.02255531,747.88672788
2024-08-26T11:00,3600,1.0675952941176472,1.6531339457199998,1.0675952941176472,0.0,0.0,0.5855386516023526,2018.32542286,1653.13394572,752.96172675
2024-08-26T12:00,3600,1.0675952941176472,1.9344745210799998,1.0675952941176472,0.0,0.0,0.8668792269623526,2364.19968954,1934.47452108,894.24496457
2024-08-26T13:00,3600,1.0477176470588236,1.4933968301299998,1.0477176470588236,0.0,0.0,0.44567918307117615,1822.62191832,1493.39683013,674.85551794
2024-08-26T14:00,3600,1.0477176470588236,1.56380544225,1.0477176470588236,0.0,0.0,0.5160877951911764,1908.82390571,1563.80544225,709.19330148
2024-08-26T15:00,3600,1.0415058823529413,1.28976696282,1.0415058823529413,0.0,0.0,0.24826108046705864,1573.84353438,1289.76696282,577.93773153
2024-08-26T16:00,3600,1.0415058823529413,0.86084723314,0.86084723314,0.18065864921294128,0.0,0.0,1052.36272219,860.84723314,377.28102797
2024-08-26T17:00,3600,1.0551717647058825,0.34317873477,0.34317873477,0.7119930299358825,0.0,0.0,427.48602146,343.17873477,149.03370782
2024-08-26T18:00,3600,0.0,0.02734137346,0.0,0.0,0.0,0.02734137346,48.61380389,27.34137346,16.53097864
2024-08-26T19:00,3600,0.0,0.0,0.0,0.0,0.0,0.0,0.0,0.0,0.0
2024-08-26T20:00,3600,0.0,0.0,0.0,0.0,0.0,0.0,0.0,0.0,0.0
2024-08-26T21:00,3600,0.0,0.0,0.0,0.0,0.0,0.0,0.0,0.0,0.0
2024-08-26T22:00,3600,0.0,0.0,0.0,0.0,0.0,0.0,0.0,0.0,0.0
2024-08-26T23:00,3600,0.0,0.0,0.0,0.0,0.0,0.0,0.0,0.0,0.0
2024-08-27T00:00,3600,0.0,0.0,0.0,0.0,0.0,0.0,0.0,0.0,0.0
2024-08-27T01:00,3600,0.0,0.0,0.0,0.0,0.0,0.0,0.0,0.0,0.0
2024-08-27T02:00,3600,0.0,0.0,0.0,0.0,0.0,0.0,0.0,0.0,0.0
2024-08-27T03:00,3600,0.0,0.0,0.0,0.0,0.0,0.0,0.0,0.0,0.0
2024-08-27T04:00,3600,0.0,0.0,0.0,0.0,0.0,0.0,0.0,0.0,0.0
2024-08-27T05:00,3600,0.0,0.0,0.0,0.0,0.0,0.0,0.0,0.0,0.0
2024-08-27T06:00,3600,0.0,0.037022696470000005,0.0,0.0,0.0,0.037022696470000005,60.20091957,37.02269647,20.35835535
2024-08-27T07:00,3600,0.0,0.40904495000999996,0.0,0.0,0.0,0.40904495000999996,506.72305824,409.04495001,174.10461198
2024-08-27T08:00,3600,1.0870588235294116,0.93736064992,0.93736064992,0.14969817360941162,0.0,0.0,1145.13764336,937.36064992,403.7930881
2024-08-27T09:00,3600,1.0870588235294116,1.37205268496,1.0870588235294116,0.0,0.0,0.28499386143058847,1674.27937348,1372.05268496,604.60190817
2024-08-27T10:00,3600,1.0551717647058825,1.7291144978,1.0551717647058825,0.0,0.0,0.6739427330941175,2111.58452564,1729.1144978,786.53588646
2024-08-27T11:00,3600,1.052687058823529,1.9362088534300002,1.052687058823529,0.0,0.0,0.8835217946064711,2366.33657075,1936.20885343,889.79081553
2024-08-27T12:00,3600,1.051444705882353,1.96565148007,1.051444705882353,0.0,0.0,0.914206774187647,2402.62189137,1965.65148007,905.44492592
2024-08-27T13:00,3600,1.0336242884250475,1.8278295894699998,1.0336242884250475,0.0,0.0,0.7942053010449523,2232.91347191,1827.82958947,842.40112018
2024-08-27T14:00,3600,1.0334136641538554,1.6120278401700001,1.0334136641538554,0.0,0.0,0.5786141760161447,1967.91745727,1612.02784017,734.64435525
2024-08-27T15:00,3600,1.033202614379085,1.29515895363,1.033202614379085,0.0,0.0,0.2619563392509152,1580.42096224,1295.15895363,580.84333883
2024-08-27T16:00,3600,1.0352941176470587,0.74610694015,0.74610694015,0.2891871774970587,0.0,0.0,913.43839835,746.10694015,325.8170221
2024-08-27T17:00,3600,1.03508685155744,0.35953143796000003,0.35953143796000003,0.67555541359744,0.0,0.0,447.15102866,359.53143796,156.95003163
2024-08-27T18:00,3600,0.0,0.02704582693,0.0,0.0,0.0,0.02704582693,48.26010444,27.04582693,16.55482718
2024-08-27T19:00,3600,0.0,0.0,0.0,0.0,0.0,0.0,0.0,0.0,0.0
2024-08-27T20:00,3600,0.0,0.0,0.0,0.0,0.0,0.0,0.0,0.0,0.0
2024-08-27T21:00,3600,0.0,0.0,0.0,0.0,0.0,0.0,0.0,0.0,0.0
2024-08-27T22:00,3600,0.0,0.0,0.0,0.0,0.0,0.0,0.0,0.0,0.0
2024-08-27T23:00,3600,0.0,0.0,0.0,0.0,0.0,0.0,0.0,0.0,0.0
2024-08-28T00:00,3600,0.0,0.0,0.0,0.0,0.0,0.0,0.0,0.0,0.0
2024-08-28T01:00,3600,0.0,0.0,0.0,0.0,0.0,0.0,0.0,0.0,0.0
2024-08-28T02:00,3600,0.0,0.0,0.0,0.0,0.0,0.0,0.0,0.0,0.0
2024-08-28T03:00,3600,0.0,0.0,0.0,0.0,0.0,0.0,0.0,0.0,0.0
2024-08-28T04:00,3600,0.0,0.0,0.0,0.0,0.0,0.0,0.0,0.0,0.0
2024-08-28T05:00,3600,0.0,0.0,0.0,0.0,0.0,0.0,0.0,0.0,0.0
2024-08-28T06:00,3600,0.0,0.03939003827,0.0,0.0,0.0,0.03939003827,63.0345315,39.39003827,21.40953539
2024-08-28T07:00,3600,0.0,0.41796638926000007,0.0,0.0,0.0,0.41796638926000007,517.46155926,417.96638926,178.87764003
2024-08-28T08:00,3600,1.0870588235294116,0.91852682718,0.91852682718,0.16853199634941163,0.0,0.0,1122.29102149,918.52682718,397.4771612
2024-08-28T09:00,3600,1.0870588235294116,1.38803598914,1.0870588235294116,0.0,0.0,0.3009771656105884,1693.80297063,1388.03598914,614.48501091
2024-08-28T10:00,3600,1.0415058823529413,1.5306918712100002,1.0415058823529413,0.0,0.0,0.4891859888570589,1868.27089696,1530.69187121,691.27400072
2024-08-28T11:00,3600,1.0390211764705881,1.7397123472400002,1.0390211764705881,0.0,0.0,0.7006911707694121,2124.60118877,1739.71234724,794.22634239
2024-08-28T12:00,3600,1.0402635294117646,1.8702920316,1.0402635294117646,0.0,0.0,0.8300285021882354,2285.16095311,1870.2920316,858.33533303
2024-08-28T13:00,3600,1.0415058823529413,1.69487338219,1.0415058823529413,0.0,0.0,0.6533674998370587,2069.54305121,1694.87338219,769.26537529
2024-08-28T14:00,3600,1.0477176470588236,1.43319578514,1.0477176470588236,0.0,0.0,0.38547813808117626,1748.99168854,1433.19578514,640.49642289
2024-08-28T15:00,3600,1.0477176470588236,0.84389079942,0.84389079942,0.20382684763882364,0.0,0.0,1031.81711629,843.89079942,368.23364656
2024-08-28T16:00,3600,1.0849882352941176,0.35287958653999996,0.35287958653999996,0.7321086487541176,0.0,0.0,439.15123823,352.87958654,151.80438623
2024-08-28T17:00,3600,1.0812611764705882,0.19614663114000003,0.19614663114000003,0.8851145453305882,0.0,0.0,250.88758548,196.14663114,86.37097388
2024-08-28T18:00,3600,0.0,0.02013071171,0.0,0.0,0.0,0.02013071171,39.98478529,20.13071171,13.57072621
2024-08-28T19:00,3600,0.0,0.0,0.0,0.0,0.0,0.0,0.0,0.0,0.0
2024-08-28T20:00,3600,0.0,0.0,0.0,0.0,0.0,0.0,0.0,0.0,0.0
2024-08-28T21:00,3600,0.0,0.0,0.0,0.0,0.0,0.0,0.0,0.0,0.0
2024-08-28T22:00,3600,0.0,0.0,0.0,0.0,0.0,0.0,0.0,0.0,0.0
2024-08-28T23:00,3600,0.0,0.0,0.0,0.0,0.0,0.0,0.0,0.0,0.0
2024-08-29T00:00,3600,0.0,0.0,0.0,0.0,0.0,0.0,0.0,0.0,0.0
2024-08-29T01:00,3600,0.0,0.0,0.0,0.0,0.0,0.0,0.0,0.0,0.0
2024-08-29T02:00,3600,0.0,0.0,0.0,0.0,0.0,0.0,0.0,0.0,0.0
2024-08-29T03:00,3600,0.0,0.0,0.0,0.0,0.0,0.0,0.0,0.0,0.0
2024-08-29T04:00,3600,0.0,0.0,0.0,0.0,0.0,0.0,0.0,0.0,0.0
2024-08-29T05:00,3600,0.0,0.0,0.0,0.0,0.0,0.0,0.0,0.0,0.0
2024-08-29T06:00,3600,0.0,0.039273452460000004,0.0,0.0,0.0,0.039273452460000004,62.89498069,39.27345246,21.29960724
2024-08-29T07:00,3600,0.0,0.37318887913,0.0,0.0,0.0,0.37318887913,463.57852609,373.18887913,159.10090084
2024-08-29T08:00,3600,1.0870588235294116,0.7541380862600001,0.7541380862600001,0.3329207372694115,0.0,0.0,923.15442216,754.13808626,322.41186583
2024-08-29T09:00,3600,1.0870588235294116,1.28039277863,1.0870588235294116,0.0,0.0,0.19333395510058837,1562.40972155,1280.39277863,558.20881903
2024-08-29T10:00,3600,1.058898823529412,1.29675817065,1.058898823529412,0.0,0.0,0.2378593471205881,1582.37187443,1296.75817065,572.97101486
2024-08-29T11:00,3600,1.058898823529412,1.46691209061,1.058898823529412,0.0,0.0,0.40801326708058805,1790.22071604,1466.91209061,655.78021595
2024-08-29T12:00,3600,1.058898823529412,1.72871433613,1.058898823529412,0.0,0.0,0.669815512600588,2111.09307475,1728.71433613,785.06361922
2024-08-29T13:00,3600,1.052687058823529,1.6658346982899999,1.052687058823529,0.0,0.0,0.6131476394664708,2033.90673817,1665.83469829,756.19297974
2024-08-29T14:00,3600,1.052687058823529,1.46652093552,1.052687058823529,0.0,0.0,0.41383387669647087,1789.74227982,1466.52093552,659.7197957
2024-08-29T15:00,3600,1.052687058823529,0.95489763882,0.95489763882,0.09778942000352908,0.0,0.0,1166.41701528,954.89763882,419.34475345
2024-08-29T16:00,3600,1.0812611764705882,0.58686213718,0.58686213718,0.49439903929058815,0.0,0.0,721.02853236,586.86213718,252.43837502
2024-08-29T17:00,3600,1.0870588235294116,0.19200182148,0.19200182148,0.8950570020494116,0.0,0.0,245.91491545,192.00182148,84.36232698
2024-08-29T18:00,3600,0.0,0.008410046610000001,0.0,0.0,0.0,0.008410046610000001,25.96059992,8.41004661,8.72176699
2024-08-29T19:00,3600,0.0,0.0,0.0,0.0,0.0,0.0,0.0,0.0,0.0
2024-08-29T20:00,3600,0.0,0.0,0.0,0.0,0.0,0.0,0.0,0.0,0.0
2024-08-29T21:00,3600,0.0,0.0,0.0,0.0,0.0,0.0,0.0,0.0,0.0
2024-08-29T22:00,3600,0.0,0.0,0.0,0.0,0.0,0.0,0.0,0.0,0.0
2024-08-29T23:00,3600,0.0,0.0,0.0,0.0,0.0,0.0,0.0,0.0,0.0
2024-08-30T00:00,3600,0.0,0.0,0.0,0.0,0.0,0.0,0.0,0.0,0.0
2024-08-30T01:00,3600,0.0,0.0,0.0,0.0,0.0,0.0,0.0,0.0,0.0
2024-08-30T02:00,3600,0.0,0.0,0.0,0.0,0.0,0.0,0.0,0.0,0.0
2024-08-30T03:00,3600,0.0,0.0,0.0,0.0,0.0,0.0,0.0,0.0,0.0
2024-08-30T04:00,3600,0.0,0.0,0.0,0.0,0.0,0.0,0.0,0.0,0.0
2024-08-30T05:00,3600,0.0,0.0,0.0,0.0,0.0,0.0,0.0,0.0,0.0
2024-08-30T06:00,3600,0.0,0.03668848426,0.0,0.0,0.0,0.03668848426,59.80088915,36.68848426,20.15739333
2024-08-30T07:00,3600,0.0,0.32106088268000005,0.0,0.0,0.0,0.32106088268000005,400.8957625,321.06088268,136.74061576
2024-08-30T08:00,3600,1.0870588235294116,0.7837789888900001,0.7837789888900001,0.30327983463941155,0.0,0.0,959.02400903,783.77898889,334.0898589
2024-08-30T09:00,3600,0.9283397572806719,1.0465852467899999,0.9283397572806719,0.0,0.0,0.118245489509328,1277.76339088,1046.58524679,450.69815649
2024-08-30T10:00,3600,0.868374732352941,1.3268574633999999,0.868374732352941,0.0,0.0,0.45848273104705883,1619.0994805,1326.8574634,586.38164114
2024-08-30T11:00,3600,0.9734594441176471,1.79146385414,0.9734594441176471,0.0,0.0,0.818004410022353,2188.19521942,1791.46385414,811.78336934
2024-08-30T12:00,3600,0.9058619411764706,1.49410898473,0.9058619411764706,0.0,0.0,0.5882470435535294,1823.49334561,1494.10898473,666.66777434
2024-08-30T13:00,3600,0.9400818382352942,1.48672842876,0.9400818382352942,0.0,0.0,0.5466465905247058,1814.46260182,1486.72842876,667.6287255
2024-08-30T14:00,3600,0.9032423,1.23090623854,0.9032423,0.0,0.0,0.32766393854,1502.07767013,1230.90623854,547.91288777
2024-08-30T15:00,3600,0.8806134705882352,1.13561588035,0.8806134705882352,0.0,0.0,0.2550024097617648,1386.03247201,1135.61588035,504.16002775
2024-08-30T16:00,3600,0.7955974617647059,0.6437813778399999,0.6437813778399999,0.15181608392470602,0.0,0.0,789.74891486,643.78137784,280.2643187
2024-08-30T17:00,3600,0.7072937705882354,0.2585623282,0.2585623282,0.44873144238823537,0.0,0.0,325.806978,258.5623282,113.50651599
2024-08-30T18:00,3600,0.0,0.017796700479999997,0.0,0.0,0.0,0.017796700479999997,37.19186516,17.79670048,12.63432233
2024-08-30T19:00,3600,0.0,0.0,0.0,0.0,0.0,0.0,0.0,0.0,0.0
2024-08-30T20:00,3600,0.0,0.0,0.0,0.0,0.0,0.0,0.0,0.0,0.0
2024-08-30T21:00,3600,0.0,0.0,0.0,0.0,0.0,0.0,0.0,0.0,0.0
2024-08-30T22:00,3600,0.0,0.0,0.0,0.0,0.0,0.0,0.0,0.0,0.0
2024-08-30T23:00,3600,0.0,0.0,0.0,0.0,0.0,0.0,0.0,0.0,0.0
2024-08-31T00:00,3600,0.0,0.0,0.0,0.0,0.0,0.0,0.0,0.0,0.0
2024-08-31T01:00,3600,0.0,0.0,0.0,0.0,0.0,0.0,0.0,0.0,0.0
2024-08-31T02:00,3600,0.0,0.0,0.0,0.0,0.0,0.0,0.0,0.0,0.0
2024-08-31T03:00,3600,0.0,0.0,0.0,0.0,0.0,0.0,0.0,0.0,0.0
2024-08-31T04:00,3600,0.0,0.0,0.0,0.0,0.0,0.0,0.0,0.0,0.0
2024-08-31T05:00,3600,0.0,0.0,0.0,0.0,0.0,0.0,0.0,0.0,0.0
2024-08-31T06:00,3600,0.0,0.02127036545,0.0,0.0,0.0,0.02127036545,41.34855071,21.27036545,13.99846149
2024-08-31T07:00,3600,0.0,0.21161631635,0.0,0.0,0.0,0.21161631635,269.44980738,211.61631635,91.9681189
2024-08-31T08:00,3600,0.0,0.63490449648,0.0,0.0,0.0,0.63490449648,779.02769458,634.90449648,270.64120759
2024-08-31T09:00,3600,0.0,0.98891344227,0.0,0.0,0.0,0.98891344227,1207.7079867,988.91344227,426.53777935
2024-08-31T10:00,3600,0.0,1.3882504139699998,0.0,0.0,0.0,1.3882504139699998,1694.0649232,1388.25041397,615.4772825
2024-08-31T11:00,3600,0.0,1.39066193645,0.0,0.0,0.0,1.39066193645,1697.01102458,1390.66193645,616.76857668
2024-08-31T12:00,3600,0.0,1.11614913412,0.0,0.0,0.0,1.11614913412,1362.34659415,1116.14913412,489.84353933
2024-08-31T13:00,3600,0.0,1.1506932602500002,0.0,0.0,0.0,1.1506932602500002,1404.38250748,1150.69326025,506.38496739
2024-08-31T14:00,3600,0.0,1.08861162276,0.0,0.0,0.0,1.08861162276,1328.85278468,1088.61162276,478.87555895
2024-08-31T15:00,3600,0.0,0.7980743636,0.0,0.0,0.0,0.7980743636,976.32914726,798.0743636,345.67284246
2024-08-31T16:00,3600,0.0,0.63637771318,0.0,0.0,0.0,0.63637771318,780.80690035,636.37771318,272.00536046
2024-08-31T17:00,3600,0.0,0.24678141984,0.0,0.0,0.0,0.24678141984,311.6606702,246.78141984,106.97311148
2024-08-31T18:00,3600,0.0,0.01781221945,0.0,0.0,0.0,0.01781221945,37.21043511,17.81221945,12.62637281
2024-08-31T19:00,3600,0.0,0.0,0.0,0.0,0.0,0.0,0.0,0.0,0.0
2024-08-31T20:00,3600,0.0,0.0,0.0,0.0,0.0,0.0,0.0,0.0,0.0
2024-08-31T21:00,3600,0.0,0.0,0.0,0.0,0.0,0.0,0.0,0.0,0.0
2024-08-31T22:00,3600,0.0,0.0,0.0,0.0,0.0,0.0,0.0,0.0,0.0
2024-08-31T23:00,3600,0.0,0.0,0.0,0.0,0.0,0.0,0.0,0.0,0.0
2024-09-01T00:00,3600,0.0,0.0,0.0,0.0,0.0,0.0,0.0,0.0,0.0
2024-09-01T01:00,3600,0.0,0.0,0.0,0.0,0.0,0.0,0.0,0.0,0.0
2024-09-01T02:00,3600,0.0,0.0,0.0,0.0,0.0,0.0,0.0,0.0,0.0
2024-09-01T03:00,3600,0.0,0.0,0.0,0.0,0.0,0.0,0.0,0.0,0.0
2024-09-01T04:00,3600,0.0,0.0,0.0,0.0,0.0,0.0,0.0,0.0,0.0
2024-09-01T05:00,3600,0.0,0.0,0.0,0.0,0.0,0.0,0.0,0.0,0.0
2024-09-01T06:00,3600,0.0,0.0393952304,0.0,0.0,0.0,0.0393952304,63.04074638,39.3952304,21.31340855
2024-09-01T07:00,3600,0.0,0.34869740753999995,0.0,0.0,0.0,0.34869740753999995,434.12198517,348.69740754,148.6950902
2024-09-01T08:00,3600,0.0,0.75550828742,0.0,0.0,0.0,0.75550828742,924.81219983,755.50828742,322.38380639
2024-09-01T09:00,3600,0.0,1.07676542509,0.0,0.0,0.0,1.07676542509,1314.44862333,1076.76542509,465.59311554
2024-09-01T10:00,3600,0.0,1.46916285699,0.0,0.0,0.0,1.46916285699,1792.97376773,1469.16285699,659.05678471
2024-09-01T11:00,3600,0.0,1.48701581593,0.0,0.0,0.0,1.48701581593,1814.81422538,1487.01581593,670.44732597
2024-09-01T12:00,3600,0.0,1.6145411140900001,0.0,0.0,0.0,1.6145411140900001,1970.99853253,1614.54111409,735.19261547
2024-09-01T13:00,3600,0.0,1.4855448851,0.0,0.0,0.0,1.4855448851,1813.0145306,1485.5448851,675.96321028
2024-09-01T14:00,3600,0.0,1.25267577032,0.0,0.0,0.0,1.25267577032,1528.61257516,1252.67577032,561.71407802
2024-09-01T15:00,3600,0.0,0.9659366236,0.0,0.0,0.0,0.9659366236,1179.81462881,965.9366236,426.40821364
2024-09-01T16:00,3600,0.0,0.67948868762,0.0,0.0,0.0,0.67948868762,832.88960577,679.48868762,296.52758213
2024-09-01T17:00,3600,0.0,0.27753124705,0.0,0.0,0.0,0.27753124705,348.58974824,277.53124705,121.81808283
2024-09-01T18:00,3600,0.0,0.01763200458,0.0,0.0,0.0,0.01763200458,36.9947907,17.63200458,12.63432233
2024-09-01T19:00,3600,0.0,0.0,0.0,0.0,0.0,0.0,0.0,0.0,0.0
2024-09-01T20:00,3600,0.0,0.0,0.0,0.0,0.0,0.0,0.0,0.0,0.0
2024-09-01T21:00,3600,0.0,0.0,0.0,0.0,0.0,0.0,0.0,0.0,0.0
2024-09-01T22:00,3600,0.0,0.0,0.0,0.0,0.0,0.0,0.0,0.0,0.0
2024-09-01T23:00,3600,0.0,0.0,0.0,0.0,0.0,0.0,0.0,0.0,0.0
2024-09-02T00:00,3600,0.0,0.0,0.0,0.0,0.0,0.0,0.0,0.0,0.0
2024-09-02T01:00,3600,0.0,0.0,0.0,0.0,0.0,0.0,0.0,0.0,0.0
2024-09-02T02:00,3600,0.0,0.0,0.0,0.0,0.0,0.0,0.0,0.0,0.0
2024-09-02T03:00,3600,0.0,0.0,0.0,0.0,0.0,0.0,0.0,0.0,0.0
2024-09-02T04:00,3600,0.0,0.0,0.0,0.0,0.0,0.0,0.0,0.0,0.0
2024-09-02T05:00,3600,0.0,0.0,0.0,0.0,0.0,0.0,0.0,0.0,0.0
2024-09-02T06:00,3600,0.0,0.039019942620000005,0.0,0.0,0.0,0.039019942620000005,62.59153549,39.01994262,21.25201971
2024-09-02T07:00,3600,0.0,0.42621830539,0.0,0.0,0.0,0.42621830539,527.39545155,426.21830539,182.32029398
2024-09-02T08:00,3600,1.0870588235294116,0.92243704093,0.92243704093,0.16462178259941163,0.0,0.0,1127.03382009,922.43704093,399.68577782
2024-09-02T09:00,3600,1.0870588235294116,1.3221401127599999,1.0870588235294116,0.0,0.0,0.23508128923058824,1613.34217346,1322.14011276,585.04728053
2024-09-02T10:00,3600,1.0464752941176472,1.5302050950800001,1.0464752941176472,0.0,0.0,0.48372980096235296,1867.67491496,1530.20509508,694.57524597
2024-09-02T11:00,3600,1.051444705882353,1.57967498839,1.051444705882353,0.0,0.0,0.528230282507647,1928.26616162,1579.67498839,720.34628101
2024-09-02T12:00,3600,1.04896,1.7427188739799997,1.04896,0.0,0.0,0.6937588739799998,2128.29430603,1742.71887398,800.67468885
2024-09-02T13:00,3600,1.0336242884250475,1.70590203466,1.0336242884250475,0.0,0.0,0.6722777462349525,2083.0816549,1705.90203466,786.8281479
2024-09-02T14:00,3600,1.0336242884250475,1.5958639528799998,1.0336242884250475,0.0,0.0,0.5622396644549523,1948.10468484,1595.86395288,730.99171369
2024-09-02T15:00,3600,1.0308526107072045,1.1475380217,1.0308526107072045,0.0,0.0,0.1166854109927955,1400.54205053,1147.5380217,515.03847136
2024-09-02T16:00,3600,1.0340442655935616,0.65433426284,0.65433426284,0.3797100027535616,0.0,0.0,802.49622898,654.33426284,286.0514859
2024-09-02T17:00,3600,1.0390211764705881,0.26530736659,0.26530736659,0.7737138098805881,0.0,0.0,333.9074209,265.30736659,116.65982859
2024-09-02T18:00,3600,0.0,0.01291607866,0.0,0.0,0.0,0.01291607866,31.35193667,12.91607866,10.68996893
2024-09-02T19:00,3600,0.0,0.0,0.0,0.0,0.0,0.0,0.0,0.0,0.0
2024-09-02T20:00,3600,0.0,0.0,0.0,0.0,0.0,0.0,0.0,0.0,0.0
2024-09-02T21:00,3600,0.0,0.0,0.0,0.0,0.0,0.0,0.0,0.0,0.0
2024-09-02T22:00,3600,0.0,0.0,0.0,0.0,0.0,0.0,0.0,0.0,0.0
2024-09-02T23:00,3600,0.0,0.0,0.0,0.0,0.0,0.0,0.0,0.0,0.0
2024-09-03T00:00,3600,0.0,0.0,0.0,0.0,0.0,0.0,0.0,0.0,0.0
2024-09-03T01:00,3600,0.0,0.0,0.0,0.0,0.0,0.0,0.0,0.0,0.0
2024-09-03T02:00,3600,0.0,0.0,0.0,0.0,0.0,0.0,0.0,0.0,0.0
2024-09-03T03:00,3600,0.0,0.0,0.0,0.0,0.0,0.0,0.0,0.0,0.0
2024-09-03T04:00,3600,0.0,0.0,0.0,0.0,0.0,0.0,0.0,0.0,0.0
2024-09-03T05:00,3600,0.0,0.0,0.0,0.0,0.0,0.0,0.0,0.0,0.0
2024-09-03T06:00,3600,0.0,0.03953637564,0.0,0.0,0.0,0.03953637564,63.20969465,39.53637564,21.27894227
2024-09-03T07:00,3600,0.0,0.42903434239,0.0,0.0,0.0,0.42903434239,530.78575859,429.03434239,181.7379594
2024-09-03T08:00,3600,1.0710222128037585,0.81806248496,0.81806248496,0.25295972784375853,0.0,0.0,1000.5318796,818.06248496,349.0796614
2024-09-03T09:00,3600,1.0870588235294116,1.36980181236,1.0870588235294116,0.0,0.0,0.28274298883058835,1671.53032071,1369.80181236,598.89958671
2024-09-03T10:00,3600,1.0713223529411764,1.6008479753,1.0713223529411764,0.0,0.0,0.5295256223588236,1954.21328489,1600.8479753,721.90771659
2024-09-03T11:00,3600,1.07008,1.9020584386300001,1.07008,0.0,0.0,0.8319784386300002,2324.2703465,1902.05843863,876.2597383
2024-09-03T12:00,3600,1.065110588235294,1.87749752764,1.065110588235294,0.0,0.0,0.8123869394047061,2294.03033267,1877.49752764,866.38839104
2024-09-03T13:00,3600,1.0344625561067802,1.8077622072,1.0344625561067802,0.0,0.0,0.7732996510932197,2208.23384829,1807.7622072,841.83652589
2024-09-03T14:00,3600,1.0338344884781707,1.46627285536,1.0338344884781707,0.0,0.0,0.43243836688182924,1789.43884533,1466.27285536,668.31006728
2024-09-03T15:00,3600,1.0338344884781707,1.10239913292,1.0338344884781707,0.0,0.0,0.0685646444418293,1345.62073597,1102.39913292,492.80886077
2024-09-03T16:00,3600,1.0336242884250475,0.78136180163,0.78136180163,0.2522624867950475,0.0,0.0,956.0982752,781.36180163,344.67833722
2024-09-03T17:00,3600,1.0325668991000656,0.28322021038999995,0.28322021038999995,0.7493466887100657,0.0,0.0,355.42378017,283.22021039,125.11311716
2024-09-03T18:00,3600,0.0,0.017585956859999998,0.0,0.0,0.0,0.017585956859999998,36.93969027,17.58595686,12.62637281
2024-09-03T19:00,3600,0.0,0.0,0.0,0.0,0.0,0.0,0.0,0.0,0.0
2024-09-03T20:00,3600,0.0,0.0,0.0,0.0,0.0,0.0,0.0,0.0,0.0
2024-09-03T21:00,3600,0.0,0.0,0.0,0.0,0.0,0.0,0.0,0.0,0.0
2024-09-03T22:00,3600,0.0,0.0,0.0,0.0,0.0,0.0,0.0,0.0,0.0
2024-09-03T23:00,3600,0.0,0.0,0.0,0.0,0.0,0.0,0.0,0.0,0.0
2024-09-04T00:00,3600,0.0,0.0,0.0,0.0,0.0,0.0,0.0,0.0,0.0
2024-09-04T01:00,3600,0.0,0.0,0.0,0.0,0.0,0.0,0.0,0.0,0.0
2024-09-04T02:00,3600,0.0,0.0,0.0,0.0,0.0,0.0,0.0,0.0,0.0
2024-09-04T03:00,3600,0.0,0.0,0.0,0.0,0.0,0.0,0.0,0.0,0.0
2024-09-04T04:00,3600,0.0,0.0,0.0,0.0,0.0,0.0,0.0,0.0,0.0
2024-09-04T05:00,3600,0.0,0.0,0.0,0.0,0.0,0.0,0.0,0.0,0.0
2024-09-04T06:00,3600,0.0,0.031927863429999995,0.0,0.0,0.0,0.031927863429999995,54.10294868,31.92786343,18.2281116
2024-09-04T07:00,3600,0.0,0.30478945549,0.0,0.0,0.0,0.30478945549,381.33973426,304.78945549,129.88443861
2024-09-04T08:00,3600,1.0870588235294116,0.6002688403299999,0.6002688403299999,0.4867899831994117,0.0,0.0,737.20955593,600.26884033,253.86555083
2024-09-04T09:00,3600,1.0870588235294116,1.1300460595,1.0870588235294116,0.0,0.0,0.04298723597058829,1379.25475296,1130.0460595,487.66953952
2024-09-04T10:00,3600,1.0787764705882352,1.46285207909,1.0787764705882352,0.0,0.0,0.3840756085017647,1785.25490714,1462.85207909,653.55393712
2024-09-04T11:00,3600,1.072564705882353,1.81431160378,1.072564705882353,0.0,0.0,0.7417468978976469,2216.28769142,1814.31160378,829.63910089
2024-09-04T12:00,3600,1.0663529411764705,1.9556920979599999,1.0663529411764705,0.0,0.0,0.8893391567835294,2390.34599302,1955.69209796,901.58487378
2024-09-04T13:00,3600,1.0377788235294119,1.79132760576,1.0377788235294119,0.0,0.0,0.7535487822305882,2188.0277252,1791.32760576,824.67282298
2024-09-04T14:00,3600,1.0348791701049156,1.43893506866,1.0348791701049156,0.0,0.0,0.4040558985550844,1756.00829016,1438.93506866,649.01531648
2024-09-04T15:00,3600,1.0365364705882352,0.96636723265,0.96636723265,0.07016923793823515,0.0,0.0,1180.337289,966.36723265,425.81988944
2024-09-04T16:00,3600,1.0352941176470587,0.7483881327,0.7483881327,0.28690598494705866,0.0,0.0,916.19804884,748.3881327,327.09948001
2024-09-04T17:00,3600,1.04896,0.32531249684,0.32531249684,0.7236475031599998,0.0,0.0,406.00640447,325.31249684,141.72548778
2024-09-04T18:00,3600,0.0,0.020090077269999996,0.0,0.0,0.0,0.020090077269999996,39.93616056,20.09007727,13.60252427
2024-09-04T19:00,3600,0.0,0.0,0.0,0.0,0.0,0.0,0.0,0.0,0.0
2024-09-04T20:00,3600,0.0,0.0,0.0,0.0,0.0,0.0,0.0,0.0,0.0
2024-09-04T21:00,3600,0.0,0.0,0.0,0.0,0.0,0.0,0.0,0.0,0.0
2024-09-04T22:00,3600,0.0,0.0,0.0,0.0,0.0,0.0,0.0,0.0,0.0
2024-09-04T23:00,3600,0.0,0.0,0.0,0.0,0.0,0.0,0.0,0.0,0.0
2024-09-05T00:00,3600,0.0,0.0,0.0,0.0,0.0,0.0,0.0,0.0,0.0
2024-09-05T01:00,3600,0.0,0.0,0.0,0.0,0.0,0.0,0.0,0.0,0.0
2024-09-05T02:00,3600,0.0,0.0,0.0,0.0,0.0,0.0,0.0,0.0,0.0
2024-09-05T03:00,3600,0.0,0.0,0.0,0.0,0.0,0.0,0.0,0.0,0.0
2024-09-05T04:00,3600,0.0,0.0,0.0,0.0,0.0,0.0,0.0,0.0,0.0
2024-09-05T05:00,3600,0.0,0.0,0.0,0.0,0.0,0.0,0.0,0.0,0.0
2024-09-05T06:00,3600,0.0,0.03237358991,0.0,0.0,0.0,0.03237358991,54.63641728,32.37358991,18.53822843
2024-09-05T07:00,3600,0.0,0.37375663558,0.0,0.0,0.0,0.37375663558,464.26150985,373.75663558,159.89167358
2024-09-05T08:00,3600,1.0870588235294116,0.90821194055,0.90821194055,0.17884688297941165,0.0,0.0,1109.78118492,908.21194055,391.03255471
2024-09-05T09:00,3600,1.0870588235294116,1.38225356406,1.0870588235294116,0.0,0.0,0.29519474053058836,1686.73918552,1382.25356406,605.75681484
2024-09-05T10:00,3600,1.0452329411764707,1.5221240088699999,1.0452329411764707,0.0,0.0,0.4768910676935292,1857.78153331,1522.12400887,679.38584965
2024-09-05T11:00,3600,1.0464752941176472,1.8691884080299999,1.0464752941176472,0.0,0.0,0.8227131139123527,2283.80257072,1869.18840803,844.91989164
2024-09-05T12:00,3600,1.0415058823529413,1.60209285337,1.0415058823529413,0.0,0.0,0.5605869710170588,1955.73912681,1602.09285337,716.03263596
2024-09-05T13:00,3600,1.0323541343515097,1.7060149485699998,1.0323541343515097,0.0,0.0,0.6736608142184901,2083.22027831,1706.01494857,772.48802619
2024-09-05T14:00,3600,1.032991137810028,1.3294146057800003,1.032991137810028,0.0,0.0,0.2964234679699722,1622.22052876,1329.41460578,592.12024215
2024-09-05T15:00,3600,1.0338344884781707,1.21468611848,1.0338344884781707,0.0,0.0,0.18085163000182924,1482.31271853,1214.68611848,537.63264158
2024-09-05T16:00,3600,1.0415058823529413,0.71119842922,0.71119842922,0.3303074531329413,0.0,0.0,871.2200492,711.19842922,308.61877269
2024-09-05T17:00,3600,1.0402635294117646,0.27976315171,0.27976315171,0.7605003777017646,0.0,0.0,351.27081916,279.76315171,122.50079086
2024-09-05T18:00,3600,0.0,0.010567616149999999,0.0,0.0,0.0,0.010567616149999999,28.54202445,10.56761615,9.71381747
2024-09-05T19:00,3600,0.0,0.0,0.0,0.0,0.0,0.0,0.0,0.0,0.0
2024-09-05T20:00,3600,0.0,0.0,0.0,0.0,0.0,0.0,0.0,0.0,0.0
2024-09-05T21:00,3600,0.0,0.0,0.0,0.0,0.0,0.0,0.0,0.0,0.0
2024-09-05T22:00,3600,0.0,0.0,0.0,0.0,0.0,0.0,0.0,0.0,0.0
2024-09-05T23:00,3600,0.0,0.0,0.0,0.0,0.0,0.0,0.0,0.0,0.0
2024-09-06T00:00,3600,0.0,0.0,0.0,0.0,0.0,0.0,0.0,0.0,0.0
2024-09-06T01:00,3600,0.0,0.0,0.0,0.0,0.0,0.0,0.0,0.0,0.0
2024-09-06T02:00,3600,0.0,0.0,0.0,0.0,0.0,0.0,0.0,0.0,0.0
2024-09-06T03:00,3600,0.0,0.0,0.0,0.0,0.0,0.0,0.0,0.0,0.0
2024-09-06T04:00,3600,0.0,0.0,0.0,0.0,0.0,0.0,0.0,0.0,0.0
2024-09-06T05:00,3600,0.0,0.0,0.0,0.0,0.0,0.0,0.0,0.0,0.0
2024-09-06T06:00,3600,0.0,0.0,0.0,0.0,0.0,0.0,11.49270112,0.0,3.87280777
2024-09-06T07:00,3600,0.0,0.017919922190000003,0.0,0.0,0.0,0.017919922190000003,37.33931207,17.91992219,12.58662524
2024-09-06T08:00,3600,1.0870588235294116,0.18978312819999998,0.18978312819999998,0.8972756953294116,0.0,0.0,243.25319928,189.7831282,82.38421976
2024-09-06T09:00,3600,1.0870588235294116,0.23520703307,0.23520703307,0.8518517904594116,0.0,0.0,297.76477023,235.20703307,100.98549405
2024-09-06T10:00,3600,1.0870588235294116,0.28197501661,0.28197501661,0.8050838069194116,0.0,0.0,353.92790547,281.97501661,120.56647291
2024-09-06T11:00,3600,0.6028314497999719,0.32015836143,0.32015836143,0.28267308836997196,0.0,0.0,399.81093092,320.15836143,136.27293574
2024-09-06T12:00,3600,0.5682574176470588,0.30933730486,0.30933730486,0.25892011278705884,0.0,0.0,386.80514793,309.33730486,131.709502
2024-09-06T13:00,3600,0.5773456411764706,0.40799206999,0.40799206999,0.1693535711864706,0.0,0.0,505.45582907,407.99206999,172.33994557
2024-09-06T14:00,3600,0.645617711764706,0.70488518943,0.645617711764706,0.0,0.0,0.059267477665294055,863.58719808,704.88518943,297.92782735
2024-09-06T15:00,3600,0.5738052264705882,0.27330016877999996,0.27330016877999996,0.3005050576905882,0.0,0.0,343.5074193,273.30016878,117.06536967
2024-09-06T16:00,3600,0.5460331382352942,0.26312904563,0.26312904563,0.2829040926052942,0.0,0.0,331.29128075,263.12904563,112.45043479
2024-09-06T17:00,3600,0.5045294588235295,0.0633791055,0.0633791055,0.4411503533235295,0.0,0.0,91.75408073,63.3791055,30.949163
2024-09-06T18:00,3600,0.0,0.0,0.0,0.0,0.0,0.0,14.4358846,0.0,4.84100971
2024-09-06T19:00,3600,0.0,0.0,0.0,0.0,0.0,0.0,0.0,0.0,0.0
2024-09-06T20:00,3600,0.0,0.0,0.0,0.0,0.0,0.0,0.0,0.0,0.0
2024-09-06T21:00,3600,0.0,0.0,0.0,0.0,0.0,0.0,0.0,0.0,0.0
2024-09-06T22:00,3600,0.0,0.0,0.0,0.0,0.0,0.0,0.0,0.0,0.0
2024-09-06T23:00,3600,0.0,0.0,0.0,0.0,0.0,0.0,0.0,0.0,0.0
2024-09-07T00:00,3600,0.0,0.0,0.0,0.0,0.0,0.0,0.0,0.0,0.0
2024-09-07T01:00,3600,0.0,0.0,0.0,0.0,0.0,0.0,0.0,0.0,0.0
2024-09-07T02:00,3600,0.0,0.0,0.0,0.0,0.0,0.0,0.0,0.0,0.0
2024-09-07T03:00,3600,0.0,0.0,0.0,0.0,0.0,0.0,0.0,0.0,0.0
2024-09-07T04:00,3600,0.0,0.0,0.0,0.0,0.0,0.0,0.0,0.0,0.0
2024-09-07T05:00,3600,0.0,0.0,0.0,0.0,0.0,0.0,0.0,0.0,0.0
2024-09-07T06:00,3600,0.0,0.01608147189,0.0,0.0,0.0,0.01608147189,35.13945308,16.08147189,11.81942106
2024-09-07T07:00,3600,0.0,0.18617611396999997,0.0,0.0,0.0,0.18617611396999997,238.92613351,186.17611397,80.82526175
2024-09-07T08:00,3600,0.0,0.4409047165999999,0.0,0.0,0.0,0.4409047165999999,545.07841366,440.9047166,186.07287074
2024-09-07T09:00,3600,0.0,0.5525421298600001,0.0,0.0,0.0,0.5525421298600001,679.62139011,552.54212986,233.3219135
2024-09-07T10:00,3600,0.0,0.7647232699200001,0.0,0.0,0.0,0.7647232699200001,935.96210778,764.72326992,325.11506153
2024-09-07T11:00,3600,0.0,0.93520186723,0.0,0.0,0.0,0.93520186723,1142.51857058,935.20186723,399.42172359
2024-09-07T12:00,3600,0.0,1.33188493486,0.0,0.0,0.0,1.33188493486,1625.23573629,1331.88493486,576.10295943
2024-09-07T13:00,3600,0.0,1.0383740141000002,0.0,0.0,0.0,1.0383740141000002,1267.78523162,1038.3740141,447.37216846
2024-09-07T14:00,3600,0.0,0.66376604361,0.0,0.0,0.0,0.66376604361,813.8910287,663.76604361,283.3920048
2024-09-07T15:00,3600,0.0,0.5824942782000001,0.0,0.0,0.0,0.5824942782000001,715.757515,582.4942782,248.8467945
2024-09-07T16:00,3600,0.0,0.36379562565999995,0.0,0.0,0.0,0.36379562565999995,452.27973524,363.79562566,155.84350576
2024-09-07T17:00,3600,0.0,0.13742413631,0.0,0.0,0.0,0.13742413631,180.46480177,137.42413631,61.68147595
2024-09-07T18:00,3600,0.0,0.010726281009999998,0.0,0.0,0.0,0.010726281009999998,28.73186231,10.72628101,9.69791844
2024-09-07T19:00,3600,0.0,0.0,0.0,0.0,0.0,0.0,0.0,0.0,0.0
2024-09-07T20:00,3600,0.0,0.0,0.0,0.0,0.0,0.0,0.0,0.0,0.0
2024-09-07T21:00,3600,0.0,0.0,0.0,0.0,0.0,0.0,0.0,0.0,0.0
2024-09-07T22:00,3600,0.0,0.0,0.0,0.0,0.0,0.0,0.0,0.0,0.0
2024-09-07T23:00,3600,0.0,0.0,0.0,0.0,0.0,0.0,0.0,0.0,0.0
2024-09-08T00:00,3600,0.0,0.0,0.0,0.0,0.0,0.0,0.0,0.0,0.0
2024-09-08T01:00,3600,0.0,0.0,0.0,0.0,0.0,0.0,0.0,0.0,0.0
2024-09-08T02:00,3600,0.0,0.0,0.0,0.0,0.0,0.0,0.0,0.0,0.0
2024-09-08T03:00,3600,0.0,0.0,0.0,0.0,0.0,0.0,0.0,0.0,0.0
2024-09-08T04:00,3600,0.0,0.0,0.0,0.0,0.0,0.0,0.0,0.0,0.0
2024-09-08T05:00,3600,0.0,0.0,0.0,0.0,0.0,0.0,0.0,0.0,0.0
2024-09-08T06:00,3600,0.0,0.01791232509,0.0,0.0,0.0,0.01791232509,37.33022138,17.91232509,12.58662524
2024-09-08T07:00,3600,0.0,0.19618712169,0.0,0.0,0.0,0.19618712169,250.93616488,196.18712169,85.05296025
2024-09-08T08:00,3600,0.0,0.42164159461,0.0,0.0,0.0,0.42164159461,521.88572463,421.64159461,178.50301862
2024-09-08T09:00,3600,0.0,0.86665849854,0.0,0.0,0.0,0.86665849854,1059.40527718,866.65849854,368.83064095
2024-09-08T10:00,3600,0.0,1.2958827197400002,0.0,0.0,0.0,1.2958827197400002,1581.30389094,1295.88271974,566.58310361
2024-09-08T11:00,3600,0.0,1.44817305612,0.0,0.0,0.0,1.44817305612,1767.30356501,1448.17305612,637.59746019
2024-09-08T12:00,3600,0.0,1.54509997129,0.0,0.0,0.0,1.54509997129,1885.91342248,1545.09997129,683.18576369
2024-09-08T13:00,3600,0.0,1.2583743589499998,0.0,0.0,0.0,1.2583743589499998,1535.56005743,1258.37435895,551.75797502
2024-09-08T14:00,3600,0.0,0.6626277505,0.0,0.0,0.0,0.6626277505,812.51573866,662.6277505,284.94886125
2024-09-08T15:00,3600,0.0,0.6021794174599999,0.0,0.0,0.0,0.6021794174599999,739.51576513,602.17941746,258.46298129
2024-09-08T16:00,3600,0.0,0.32596049087,0.0,0.0,0.0,0.32596049087,406.78535256,325.96049087,139.30780972
2024-09-08T17:00,3600,0.0,0.10333164443,0.0,0.0,0.0,0.10333164443,139.60768201,103.33164443,47.35818945
2024-09-08T18:00,3600,0.0,0.0,0.0,0.0,0.0,0.0,11.5404767,0.0,3.87280777
2024-09-08T19:00,3600,0.0,0.0,0.0,0.0,0.0,0.0,0.0,0.0,0.0
2024-09-08T20:00,3600,0.0,0.0,0.0,0.0,0.0,0.0,0.0,0.0,0.0
2024-09-08T21:00,3600,0.0,0.0,0.0,0.0,0.0,0.0,0.0,0.0,0.0
2024-09-08T22:00,3600,0.0,0.0,0.0,0.0,0.0,0.0,0.0,0.0,0.0
2024-09-08T23:00,3600,0.0,0.0,0.0,0.0,0.0,0.0,0.0,0.0,0.0
2024-09-09T00:00,3600,0.0,0.0,0.0,0.0,0.0,0.0,0.0,0.0,0.0
2024-09-09T01:00,3600,0.0,0.0,0.0,0.0,0.0,0.0,0.0,0.0,0.0
2024-09-09T02:00,3600,0.0,0.0,0.0,0.0,0.0,0.0,0.0,0.0,0.0
2024-09-09T03:00,3600,0.0,0.0,0.0,0.0,0.0,0.0,0.0,0.0,0.0
2024-09-09T04:00,3600,0.0,0.0,0.0,0.0,0.0,0.0,0.0,0.0,0.0
2024-09-09T05:00,3600,0.0,0.0,0.0,0.0,0.0,0.0,0.0,0.0,0.0
2024-09-09T06:00,3600,0.0,0.03175940895,0.0,0.0,0.0,0.03175940895,53.90133452,31.75940895,18.11385789
2024-09-09T07:00,3600,0.0,0.2627550562,0.0,0.0,0.0,0.2627550562,330.84213201,262.7550562,112.28832835
2024-09-09T08:00,3600,1.0870588235294116,0.51665584056,0.51665584056,0.5704029829694116,0.0,0.0,636.34739539,516.65584056,218.80815164
2024-09-09T09:00,3600,1.0870588235294116,0.84949921855,0.84949921855,0.23755960497941164,0.0,0.0,1038.61208517,849.49921855,362.732082
2024-09-09T10:00,3600,1.086230588235294,0.79624663518,0.79624663518,0.289983953055294,0.0,0.0,974.11639782,796.24663518,343.48775718
2024-09-09T11:00,3600,1.0870588235294116,1.53260831273,1.0870588235294116,0.0,0.0,0.44554948920058846,1870.6173266,1532.60831273,684.01969873
2024-09-09T12:00,3600,1.0787764705882352,1.76604596271,1.0787764705882352,0.0,0.0,0.6872694921217648,2156.95441614,1766.04596271,800.72425215
2024-09-09T13:00,3600,1.0750494117647058,1.4959538325300001,1.0750494117647058,0.0,0.0,0.42090442076529433,1825.75083655,1495.95383253,668.33390096
2024-09-09T14:00,3600,1.072564705882353,1.08065411847,1.072564705882353,0.0,0.0,0.00808941258764695,1319.17671919,1080.65411847,473.13139663
2024-09-09T15:00,3600,1.072564705882353,0.71656277132,0.71656277132,0.3560019345623531,0.0,0.0,877.70623407,716.56277132,309.36994384
2024-09-09T16:00,3600,1.0870588235294116,0.42797020307999994,0.42797020307999994,0.6590886204494117,0.0,0.0,529.50459418,427.97020308,183.20772786
2024-09-09T17:00,3600,1.0870588235294116,0.16836467875,0.16836467875,0.9186941447794117,0.0,0.0,217.56248971,168.36467875,74.23729722
2024-09-09T18:00,3600,0.0,0.008407953429999998,0.0,0.0,0.0,0.008407953429999998,25.95809558,8.40795343,8.72176699
2024-09-09T19:00,3600,0.0,0.0,0.0,0.0,0.0,0.0,0.0,0.0,0.0
2024-09-09T20:00,3600,0.0,0.0,0.0,0.0,0.0,0.0,0.0,0.0,0.0
2024-09-09T21:00,3600,0.0,0.0,0.0,0.0,0.0,0.0,0.0,0.0,0.0
2024-09-09T22:00,3600,0.0,0.0,0.0,0.0,0.0,0.0,0.0,0.0,0.0
2024-09-09T23:00,3600,0.0,0.0,0.0,0.0,0.0,0.0,0.0,0.0,0.0
2024-09-10T00:00,3600,0.0,0.0,0.0,0.0,0.0,0.0,0.0,0.0,0.0
2024-09-10T01:00,3600,0.0,0.0,0.0,0.0,0.0,0.0,0.0,0.0,0.0
2024-09-10T02:00,3600,0.0,0.0,0.0,0.0,0.0,0.0,0.0,0.0,0.0
2024-09-10T03:00,3600,0.0,0.0,0.0,0.0,0.0,0.0,0.0,0.0,0.0
2024-09-10T04:00,3600,0.0,0.0,0.0,0.0,0.0,0.0,0.0,0.0,0.0
2024-09-10T05:00,3600,0.0,0.0,0.0,0.0,0.0,0.0,0.0,0.0,0.0
2024-09-10T06:00,3600,0.0,0.036022224469999996,0.0,0.0,0.0,0.036022224469999996,59.00342513,36.02222447,19.85344336
2024-09-10T07:00,3600,0.0,0.35752335481999997,0.0,0.0,0.0,0.35752335481999997,444.73594129,357.52335482,151.64240844
2024-09-10T08:00,3600,1.0870588235294116,0.77481910117,0.77481910117,0.31223972235941166,0.0,0.0,948.1796084,774.81910117,329.53158048
2024-09-10T09:00,3600,1.0870588235294116,1.2495459322500002,1.0870588235294116,0.0,0.0,0.16248710872058858,1524.79706572,1249.54593225,542.46571349
2024-09-10T10:00,3600,1.0787764705882352,1.60634524377,1.0787764705882352,0.0,0.0,0.5275687731817649,1960.95148687,1606.34524377,722.66787612
2024-09-10T11:00,3600,1.0268020101269244,1.7366394476,1.0268020101269244,0.0,0.0,0.7098374374730756,2120.82672033,1736.6394476,788.55224334
2024-09-10T12:00,3600,0.9619482617647059,1.7895978693699999,0.9619482617647059,0.0,0.0,0.8276496076052939,2185.90133941,1789.59786937,815.75697199
2024-09-10T13:00,3600,0.9401515382352941,1.52860263573,0.9401515382352941,0.0,0.0,0.5884510974947059,1865.71298338,1528.60263573,690.62344565
2024-09-10T14:00,3600,0.8873427147058823,1.27944416907,0.8873427147058823,0.0,0.0,0.3921014543641177,1561.25278219,1279.44416907,571.20969209
2024-09-10T15:00,3600,0.8289053676470588,0.97100541335,0.8289053676470588,0.0,0.0,0.1421000457029412,1185.96718932,971.00541335,427.10865855
2024-09-10T16:00,3600,0.7549619705882353,0.6551276582000001,0.6551276582000001,0.09983431238823526,0.0,0.0,803.45468973,655.1276582,284.3483889
2024-09-10T17:00,3600,0.6373945705882351,0.24314724802999998,0.24314724802999998,0.39424732255823514,0.0,0.0,307.29732219,243.14724803,105.97487791
2024-09-10T18:00,3600,0.0,0.008302515180000001,0.0,0.0,0.0,0.008302515180000001,25.83194607,8.30251518,8.72176699
2024-09-10T19:00,3600,0.0,0.0,0.0,0.0,0.0,0.0,0.0,0.0,0.0
2024-09-10T20:00,3600,0.0,0.0,0.0,0.0,0.0,0.0,0.0,0.0,0.0
2024-09-10T21:00,3600,0.0,0.0,0.0,0.0,0.0,0.0,0.0,0.0,0.0
2024-09-10T22:00,3600,0.0,0.0,0.0,0.0,0.0,0.0,0.0,0.0,0.0
2024-09-10T23:00,3600,0.0,0.0,0.0,0.0,0.0,0.0,0.0,0.0,0.0
2024-09-11T00:00,3600,0.0,0.0,0.0,0.0,0.0,0.0,0.0,0.0,0.0
2024-09-11T01:00,3600,0.0,0.0,0.0,0.0,0.0,0.0,0.0,0.0,0.0
2024-09-11T02:00,3600,0.0,0.0,0.0,0.0,0.0,0.0,0.0,0.0,0.0
2024-09-11T03:00,3600,0.0,0.0,0.0,0.0,0.0,0.0,0.0,0.0,0.0
2024-09-11T04:00,3600,0.0,0.0,0.0,0.0,0.0,0.0,0.0,0.0,0.0
2024-09-11T05:00,3600,0.0,0.0,0.0,0.0,0.0,0.0,0.0,0.0,0.0
2024-09-11T06:00,3600,0.0,0.0397403053,0.0,0.0,0.0,0.0397403053,63.45379535,39.7403053,21.36340908
2024-09-11T07:00,3600,0.0,0.34119715569,0.0,0.0,0.0,0.34119715569,425.10339254,341.19715569,144.98755949
2024-09-11T08:00,3600,1.0038175126709075,0.7639787220099999,0.7639787220099999,0.23983879066090752,0.0,0.0,935.06116486,763.97872201,326.05577259
2024-09-11T09:00,3600,0.7585588823529412,1.3022197953299999,0.7585588823529412,0.0,0.0,0.5436609129770587,1589.03496597,1302.21979533,570.93904079
2024-09-11T10:00,3600,0.9367244558823529,1.59751861016,0.9367244558823529,0.0,0.0,0.6607941542776472,1950.13264083,1597.51861016,725.16637842
2024-09-11T11:00,3600,0.9649121088235295,1.7053160548400002,0.9649121088235295,0.0,0.0,0.7404039460164706,2082.36225655,1705.31605484,779.11901838
2024-09-11T12:00,3600,0.9547209323529413,1.66094194824,0.9547209323529413,0.0,0.0,0.7062210158870588,2027.9039352,1660.94194824,756.14727677
2024-09-11T13:00,3600,0.9921137764705882,1.64610823933,0.9921137764705882,0.0,0.0,0.6539944628594118,2009.7075919,1646.10823933,754.07382526
2024-09-11T14:00,3600,0.9466470176470588,1.4195592030800002,0.9466470176470588,0.0,0.0,0.47291218543294133,1732.32268552,1419.55920308,643.23009777
2024-09-11T15:00,3600,0.8826159970588234,1.08082783999,0.8826159970588234,0.0,0.0,0.19821184293117655,1319.38794632,1080.82783999,480.64595298
2024-09-11T16:00,3600,0.7883947970588235,0.7024898046900001,0.7024898046900001,0.08590499236882343,0.0,0.0,860.69131389,702.48980469,306.18288347
2024-09-11T17:00,3600,0.697241994117647,0.26694951238,0.26694951238,0.430292481737647,0.0,0.0,335.87967663,266.94951238,117.006378
2024-09-11T18:00,3600,0.0,0.00338940681,0.0,0.0,0.0,0.00338940681,19.95397362,3.38940681,6.80126213
2024-09-11T19:00,3600,0.0,0.0,0.0,0.0,0.0,0.0,0.0,0.0,0.0
2024-09-11T20:00,3600,0.0,0.0,0.0,0.0,0.0,0.0,0.0,0.0,0.0
2024-09-11T21:00,3600,0.0,0.0,0.0,0.0,0.0,0.0,0.0,0.0,0.0
2024-09-11T22:00,3600,0.0,0.0,0.0,0.0,0.0,0.0,0.0,0.0,0.0
2024-09-11T23:00,3600,0.0,0.0,0.0,0.0,0.0,0.0,0.0,0.0,0.0
2024-09-12T00:00,3600,0.0,0.0,0.0,0.0,0.0,0.0,0.0,0.0,0.0
2024-09-12T01:00,3600,0.0,0.0,0.0,0.0,0.0,0.0,0.0,0.0,0.0
2024-09-12T02:00,3600,0.0,0.0,0.0,0.0,0.0,0.0,0.0,0.0,0.0
2024-09-12T03:00,3600,0.0,0.0,0.0,0.0,0.0,0.0,0.0,0.0,0.0
2024-09-12T04:00,3600,0.0,0.0,0.0,0.0,0.0,0.0,0.0,0.0,0.0
2024-09-12T05:00,3600,0.0,0.0,0.0,0.0,0.0,0.0,0.0,0.0,0.0
2024-09-12T06:00,3600,0.0,0.03017498528,0.0,0.0,0.0,0.03017498528,52.00504723,30.17498528,17.55098072
2024-09-12T07:00,3600,0.0,0.33700261339999993,0.0,0.0,0.0,0.33700261339999993,420.0601539,337.0026134,143.71547129
2024-09-12T08:00,3600,1.0870588235294116,0.79161051842,0.79161051842,0.29544830510941167,0.0,0.0,968.50393267,791.61051842,337.80555951
2024-09-12T09:00,3600,0.9489992817538648,1.35277317497,0.9489992817538648,0.0,0.0,0.4037738932161352,1650.73586924,1352.77317497,591.75551882
2024-09-12T10:00,3600,0.9449232911764707,1.61827548284,0.9449232911764707,0.0,0.0,0.6733521916635292,1975.57679593,1618.27548284,730.87626359
2024-09-12T11:00,3600,0.9656643294117647,1.67618488328,0.9656643294117647,0.0,0.0,0.7105205538682352,2046.60665045,1676.18488328,762.62654487
2024-09-12T12:00,3600,0.9498794794117646,1.59278374906,0.9498794794117646,0.0,0.0,0.6429042696482354,1944.32971099,1592.78374906,721.70802664
2024-09-12T13:00,3600,0.9432998205882352,1.3854175121099999,0.9432998205882352,0.0,0.0,0.4421176915217646,1690.60417246,1385.41751211,622.51177926
2024-09-12T14:00,3600,0.8484062852941178,0.93188909145,0.8484062852941178,0.0,0.0,0.08348280615588222,1138.49962069,931.88909145,408.97120791
2024-09-12T15:00,3600,0.7974155529411763,0.6693696411300001,0.6693696411300001,0.1280459118111762,0.0,0.0,820.66166112,669.36964113,291.9938397
2024-09-12T16:00,3600,0.6912446,0.40315679806000004,0.40315679806000004,0.28808780193999994,0.0,0.0,499.6364316,403.15679806,174.18290489
2024-09-12T17:00,3600,0.6359700147058824,0.22638917712,0.22638917712,0.40958083758588243,0.0,0.0,287.17989681,226.38917712,99.01426309
2024-09-12T18:00,3600,0.0,0.008248415100000002,0.0,0.0,0.0,0.008248415100000002,25.76721918,8.2484151,8.72176699
2024-09-12T19:00,3600,0.0,0.0,0.0,0.0,0.0,0.0,0.0,0.0,0.0
2024-09-12T20:00,3600,0.0,0.0,0.0,0.0,0.0,0.0,0.0,0.0,0.0
2024-09-12T21:00,3600,0.0,0.0,0.0,0.0,0.0,0.0,0.0,0.0,0.0
2024-09-12T22:00,3600,0.0,0.0,0.0,0.0,0.0,0.0,0.0,0.0,0.0
2024-09-12T23:00,3600,0.0,0.0,0.0,0.0,0.0,0.0,0.0,0.0,0.0
2024-09-13T00:00,3600,0.0,0.0,0.0,0.0,0.0,0.0,0.0,0.0,0.0
2024-09-13T01:00,3600,0.0,0.0,0.0,0.0,0.0,0.0,0.0,0.0,0.0
2024-09-13T02:00,3600,0.0,0.0,0.0,0.0,0.0,0.0,0.0,0.0,0.0
2024-09-13T03:00,3600,0.0,0.0,0.0,0.0,0.0,0.0,0.0,0.0,0.0
2024-09-13T04:00,3600,0.0,0.0,0.0,0.0,0.0,0.0,0.0,0.0,0.0
2024-09-13T05:00,3600,0.0,0.0,0.0,0.0,0.0,0.0,0.0,0.0,0.0
2024-09-13T06:00,3600,0.0,0.01454267821,0.0,0.0,0.0,0.01454267821,33.29820428,14.54267821,11.22663343
2024-09-13T07:00,3600,0.0,0.19796941347000002,0.0,0.0,0.0,0.19796941347000002,253.074537,197.96941347,85.93616181
2024-09-13T08:00,3600,1.0860967850656331,0.5875808213999999,0.5875808213999999,0.4985159636656332,0.0,0.0,721.89585481,587.5808214,249.18095672
2024-09-13T09:00,3600,0.6949301794117648,1.1179254961399998,0.6949301794117648,0.0,0.0,0.422995316728235,1364.50766381,1117.92549614,482.1450844
2024-09-13T10:00,3600,0.855752644117647,1.40443290847,0.855752644117647,0.0,0.0,0.5486802643523531,1713.83680567,1404.43290847,623.12040736
2024-09-13T11:00,3600,0.9075652970588237,1.6400911107899998,0.9075652970588237,0.0,0.0,0.7325258137311761,2002.3276459,1640.09111079,738.33502772
2024-09-13T12:00,3600,0.9300547264705882,1.6656859676500002,0.9300547264705882,0.0,0.0,0.735631241179412,2033.72425722,1665.68596765,754.07025915
2024-09-13T13:00,3600,0.9298558117647059,1.44069657439,0.9298558117647059,0.0,0.0,0.5108407626252941,1758.16195634,1440.69657439,649.47436788
2024-09-13T14:00,3600,0.9201975705882354,1.430271123,0.9201975705882354,0.0,0.0,0.5100735524117647,1745.41636165,1430.271123,644.04272219
2024-09-13T15:00,3600,0.8579846411764706,1.0906134695600003,0.8579846411764706,0.0,0.0,0.23262882838352972,1331.28715049,1090.61346956,482.57593099
2024-09-13T16:00,3600,0.7348932676470589,0.6667193513499999,0.6667193513499999,0.06817391629705893,0.0,0.0,817.45933653,666.71935135,288.13729911
2024-09-13T17:00,3600,0.6339776735294117,0.1703685839,0.1703685839,0.4636090896294117,0.0,0.0,219.96575929,170.3685839,75.7417515
2024-09-13T18:00,3600,0.0,0.0034558787199999996,0.0,0.0,0.0,0.0034558787199999996,20.03349681,3.45587872,6.77741359
2024-09-13T19:00,3600,0.0,0.0,0.0,0.0,0.0,0.0,0.0,0.0,0.0
2024-09-13T20:00,3600,0.0,0.0,0.0,0.0,0.0,0.0,0.0,0.0,0.0
2024-09-13T21:00,3600,0.0,0.0,0.0,0.0,0.0,0.0,0.0,0.0,0.0
2024-09-13T22:00,3600,0.0,0.0,0.0,0.0,0.0,0.0,0.0,0.0,0.0
2024-09-13T23:00,3600,0.0,0.0,0.0,0.0,0.0,0.0,0.0,0.0,0.0
2024-09-14T00:00,3600,0.0,0.0,0.0,0.0,0.0,0.0,0.0,0.0,0.0
2024-09-14T01:00,3600,0.0,0.0,0.0,0.0,0.0,0.0,0.0,0.0,0.0
2024-09-14T02:00,3600,0.0,0.0,0.0,0.0,0.0,0.0,0.0,0.0,0.0
2024-09-14T03:00,3600,0.0,0.0,0.0,0.0,0.0,0.0,0.0,0.0,0.0
2024-09-14T04:00,3600,0.0,0.0,0.0,0.0,0.0,0.0,0.0,0.0,0.0
2024-09-14T05:00,3600,0.0,0.0,0.0,0.0,0.0,0.0,0.0,0.0,0.0
2024-09-14T06:00,3600,0.0,0.02328059728,0.0,0.0,0.0,0.02328059728,43.75414857,23.28059728,14.70952321
2024-09-14T07:00,3600,0.0,0.30957937378999995,0.0,0.0,0.0,0.30957937378999995,387.09606657,309.57937379,131.71910413
2024-09-14T08:00,3600,0.0,0.7548378382900001,0.0,0.0,0.0,0.7548378382900001,924.00103318,754.83783829,320.90082453
2024-09-14T09:00,3600,0.0,1.15677670132,0.0,0.0,0.0,1.15677670132,1411.78760457,1156.77670132,499.71963087
2024-09-14T10:00,3600,0.0,1.54132788179,0.0,0.0,0.0,1.54132788179,1881.2941684,1541.32788179,688.78688278
2024-09-14T11:00,3600,0.0,1.45396069089,0.0,0.0,0.0,1.45396069089,1774.38092064,1453.96069089,645.98560744
2024-09-14T12:00,3600,0.0,1.7781867314000002,0.0,0.0,0.0,1.7781867314000002,2171.87493059,1778.1867314,805.58608829
2024-09-14T13:00,3600,0.0,1.59567744031,0.0,0.0,0.0,1.59567744031,1947.8760974,1595.67744031,716.32263285
2024-09-14T14:00,3600,0.0,1.0653175051600001,0.0,0.0,0.0,1.0653175051600001,1300.53121939,1065.31750516,468.17244054
2024-09-14T15:00,3600,0.0,0.6262471135400001,0.0,0.0,0.0,0.6262471135400001,768.57296072,626.24711354,270.20082983
2024-09-14T16:00,3600,0.0,0.24614260355,0.0,0.0,0.0,0.24614260355,310.89366188,246.14260355,106.72769136
2024-09-14T17:00,3600,0.0,0.12521114720999998,0.0,0.0,0.0,0.12521114720999998,165.82613377,125.21114721,56.43308339
2024-09-14T18:00,3600,0.0,0.0,0.0,0.0,0.0,0.0,14.36844371,0.0,4.84100971
2024-09-14T19:00,3600,0.0,0.0,0.0,0.0,0.0,0.0,0.0,0.0,0.0
2024-09-14T20:00,3600,0.0,0.0,0.0,0.0,0.0,0.0,0.0,0.0,0.0
2024-09-14T21:00,3600,0.0,0.0,0.0,0.0,0.0,0.0,0.0,0.0,0.0
2024-09-14T22:00,3600,0.0,0.0,0.0,0.0,0.0,0.0,0.0,0.0,0.0
2024-09-14T23:00,3600,0.0,0.0,0.0,0.0,0.0,0.0,0.0,0.0,0.0
2024-09-15T00:00,3600,0.0,0.0,0.0,0.0,0.0,0.0,0.0,0.0,0.0
2024-09-15T01:00,3600,0.0,0.0,0.0,0.0,0.0,0.0,0.0,0.0,0.0
2024-09-15T02:00,3600,0.0,0.0,0.0,0.0,0.0,0.0,0.0,0.0,0.0
2024-09-15T03:00,3600,0.0,0.0,0.0,0.0,0.0,0.0,0.0,0.0,0.0
2024-09-15T04:00,3600,0.0,0.0,0.0,0.0,0.0,0.0,0.0,0.0,0.0
2024-09-15T05:00,3600,0.0,0.0,0.0,0.0,0.0,0.0,0.0,0.0,0.0
2024-09-15T06:00,3600,0.0,0.025244436290000002,0.0,0.0,0.0,0.025244436290000002,46.1042984,25.24443629,15.47970772
2024-09-15T07:00,3600,0.0,0.37728445185,0.0,0.0,0.0,0.37728445185,468.50543366,377.28445185,159.76598345
2024-09-15T08:00,3600,0.0,0.95425595722,0.0,0.0,0.0,0.95425595722,1165.638299,954.25595722,408.95803205
2024-09-15T09:00,3600,0.0,1.2460831437,0.0,0.0,0.0,1.2460831437,1520.57587838,1246.0831437,541.24280442
2024-09-15T10:00,3600,0.0,1.6022044512099998,0.0,0.0,0.0,1.6022044512099998,1955.87591326,1602.20445121,717.24893725
2024-09-15T11:00,3600,0.0,1.80861746223,0.0,0.0,0.0,1.80861746223,2209.28551511,1808.61746223,818.74203652
2024-09-15T12:00,3600,0.0,1.68110770385,0.0,0.0,0.0,1.68110770385,2052.64778177,1681.10770385,756.63543305
2024-09-15T13:00,3600,0.0,1.61097417805,0.0,0.0,0.0,1.61097417805,1966.62578658,1610.97417805,727.83158478
2024-09-15T14:00,3600,0.0,1.36962059528,0.0,0.0,0.0,1.36962059528,1671.30899946,1369.62059528,612.17729606
2024-09-15T15:00,3600,0.0,1.03013172652,0.0,0.0,0.0,1.03013172652,1257.77059347,1030.13172652,449.98479649
2024-09-15T16:00,3600,0.0,0.6405616966400001,0.0,0.0,0.0,0.6405616966400001,785.86011839,640.56169664,272.49472536
2024-09-15T17:00,3600,0.0,0.22231870469,0.0,0.0,0.0,0.22231870469,282.29420836,222.31870469,96.68404128
2024-09-15T18:00,3600,0.0,0.00113516719,0.0,0.0,0.0,0.00113516719,17.25717674,1.13516719,5.82511068
2024-09-15T19:00,3600,0.0,0.0,0.0,0.0,0.0,0.0,0.0,0.0,0.0
2024-09-15T20:00,3600,0.0,0.0,0.0,0.0,0.0,0.0,0.0,0.0,0.0
2024-09-15T21:00,3600,0.0,0.0,0.0,0.0,0.0,0.0,0.0,0.0,0.0
2024-09-15T22:00,3600,0.0,0.0,0.0,0.0,0.0,0.0,0.0,0.0,0.0
2024-09-15T23:00,3600,0.0,0.0,0.0,0.0,0.0,0.0,0.0,0.0,0.0
2024-09-16T00:00,3600,0.0,0.0,0.0,0.0,0.0,0.0,0.0,0.0,0.0
2024-09-16T01:00,3600,0.0,0.0,0.0,0.0,0.0,0.0,0.0,0.0,0.0
2024-09-16T02:00,3600,0.0,0.0,0.0,0.0,0.0,0.0,0.0,0.0,0.0
2024-09-16T03:00,3600,0.0,0.0,0.0,0.0,0.0,0.0,0.0,0.0,0.0
2024-09-16T04:00,3600,0.0,0.0,0.0,0.0,0.0,0.0,0.0,0.0,0.0
2024-09-16T05:00,3600,0.0,0.0,0.0,0.0,0.0,0.0,0.0,0.0,0.0
2024-09-16T06:00,3600,0.0,0.012483889140000001,0.0,0.0,0.0,0.012483889140000001,30.83481883,12.48388914,10.38708048
2024-09-16T07:00,3600,0.0,0.26711290548,0.0,0.0,0.0,0.26711290548,336.07591823,267.11290548,114.48092825
2024-09-16T08:00,3600,1.0870588235294116,0.6997536115599999,0.6997536115599999,0.3873052119694117,0.0,0.0,857.38354001,699.75361156,297.2292365
2024-09-16T09:00,3600,1.0870588235294116,1.08443166127,1.08443166127,0.0026271622594116195,0.0,0.0,1323.76994111,1084.43166127,466.25760086
2024-09-16T10:00,3600,1.0825035294117646,1.4912906586,1.0825035294117646,0.0,0.0,0.40878712918823545,1820.04475982,1491.2906586,660.00027688
2024-09-16T11:00,3600,1.0775341176470588,1.09898886998,1.0775341176470588,0.0,0.0,0.02145475233294114,1341.47294842,1098.98886998,478.89435315
2024-09-16T12:00,3600,1.0812611764705882,1.70618283149,1.0812611764705882,0.0,0.0,0.6249216550194119,2083.42638715,1706.18283149,764.94500755
2024-09-16T13:00,3600,1.058898823529412,1.47429399262,1.058898823529412,0.0,0.0,0.41539516909058816,1799.25033594,1474.29399262,659.60215058
2024-09-16T14:00,3600,1.056414117647059,1.29812807808,1.056414117647059,0.0,0.0,0.24171396043294102,1584.04308613,1298.12807808,576.012213
2024-09-16T15:00,3600,1.052687058823529,1.00275134797,1.00275134797,0.04993571085352899,0.0,0.0,1224.51161941,1002.75134797,439.38754446
2024-09-16T16:00,3600,1.052687058823529,0.70841050281,0.70841050281,0.34427655601352913,0.0,0.0,867.84929265,708.41050281,307.35410725
2024-09-16T17:00,3600,1.0551717647058825,0.24960623646,0.24960623646,0.8055655282458825,0.0,0.0,315.05243381,249.60623646,109.35521765
2024-09-16T18:00,3600,0.0,0.00101361153,0.0,0.0,0.0,0.00101361153,17.11175956,1.01361153,5.81716116
2024-09-16T19:00,3600,0.0,0.0,0.0,0.0,0.0,0.0,0.0,0.0,0.0
2024-09-16T20:00,3600,0.0,0.0,0.0,0.0,0.0,0.0,0.0,0.0,0.0
2024-09-16T21:00,3600,0.0,0.0,0.0,0.0,0.0,0.0,0.0,0.0,0.0
2024-09-16T22:00,3600,0.0,0.0,0.0,0.0,0.0,0.0,0.0,0.0,0.0
2024-09-16T23:00,3600,0.0,0.0,0.0,0.0,0.0,0.0,0.0,0.0,0.0
2024-09-17T00:00,3600,0.0,0.0,0.0,0.0,0.0,0.0,0.0,0.0,0.0
2024-09-17T01:00,3600,0.0,0.0,0.0,0.0,0.0,0.0,0.0,0.0,0.0
2024-09-17T02:00,3600,0.0,0.0,0.0,0.0,0.0,0.0,0.0,0.0,0.0
2024-09-17T03:00,3600,0.0,0.0,0.0,0.0,0.0,0.0,0.0,0.0,0.0
2024-09-17T04:00,3600,0.0,0.0,0.0,0.0,0.0,0.0,0.0,0.0,0.0
2024-09-17T05:00,3600,0.0,0.0,0.0,0.0,0.0,0.0,0.0,0.0,0.0
2024-09-17T06:00,3600,0.0,0.03256828878,0.0,0.0,0.0,0.03256828878,54.86944411,32.56828878,18.56430351
2024-09-17T07:00,3600,0.0,0.34747839097000005,0.0,0.0,0.0,0.34747839097000005,432.65612369,347.47839097,148.31606922
2024-09-17T08:00,3600,1.0870588235294116,0.78419976887,0.78419976887,0.30285905465941165,0.0,0.0,959.53332692,784.19976887,334.76982976
2024-09-17T09:00,3600,1.0870588235294116,1.24504081668,1.0870588235294116,0.0,0.0,0.15798199315058836,1519.30531126,1245.04081668,539.8421187
2024-09-17T10:00,3600,1.0663529411764705,1.53436040277,1.0663529411764705,0.0,0.0,0.46800746159352946,1872.76259058,1534.36040277,680.32893582
2024-09-17T11:00,3600,1.0638682352941178,1.62442132221,1.0638682352941178,0.0,0.0,0.5605530869158821,1983.11205423,1624.42132221,722.35545303
2024-09-17T12:00,3600,1.0638682352941178,1.7003225574400003,1.0638682352941178,0.0,0.0,0.6364543221458825,2076.23208378,1700.32255744,758.51456555
2024-09-17T13:00,3600,1.0402635294117646,1.6365534617999997,1.0402635294117646,0.0,0.0,0.5962899323882351,1997.98907851,1636.5534618,734.40351099
2024-09-17T14:00,3600,1.0402635294117646,1.49196088392,1.0402635294117646,0.0,0.0,0.45169735450823545,1820.86485337,1491.96088392,666.45511894
2024-09-17T15:00,3600,1.0402635294117646,1.12505149242,1.0402635294117646,0.0,0.0,0.08478796300823532,1373.17753172,1125.05149242,495.47328278
2024-09-17T16:00,3600,1.0502023529411766,0.70455121258,0.70455121258,0.3456511403611766,0.0,0.0,863.18343273,704.55121258,305.67498675
2024-09-17T17:00,3600,1.058898823529412,0.21154055489999998,0.21154055489999998,0.8473582686294119,0.0,0.0,269.35889008,211.5405549,93.27402015
2024-09-17T18:00,3600,0.0,0.0,0.0,0.0,0.0,0.0,14.275031,0.0,4.84895922
2024-09-17T19:00,3600,0.0,0.0,0.0,0.0,0.0,0.0,0.0,0.0,0.0
2024-09-17T20:00,3600,0.0,0.0,0.0,0.0,0.0,0.0,0.0,0.0,0.0
2024-09-17T21:00,3600,0.0,0.0,0.0,0.0,0.0,0.0,0.0,0.0,0.0
2024-09-17T22:00,3600,0.0,0.0,0.0,0.0,0.0,0.0,0.0,0.0,0.0
2024-09-17T23:00,3600,0.0,0.0,0.0,0.0,0.0,0.0,0.0,0.0,0.0
2024-09-18T00:00,3600,0.0,0.0,0.0,0.0,0.0,0.0,0.0,0.0,0.0
2024-09-18T01:00,3600,0.0,0.0,0.0,0.0,0.0,0.0,0.0,0.0,0.0
2024-09-18T02:00,3600,0.0,0.0,0.0,0.0,0.0,0.0,0.0,0.0,0.0
2024-09-18T03:00,3600,0.0,0.0,0.0,0.0,0.0,0.0,0.0,0.0,0.0
2024-09-18T04:00,3600,0.0,0.0,0.0,0.0,0.0,0.0,0.0,0.0,0.0
2024-09-18T05:00,3600,0.0,0.0,0.0,0.0,0.0,0.0,0.0,0.0,0.0
2024-09-18T06:00,3600,0.0,0.022362715909999997,0.0,0.0,0.0,0.022362715909999997,42.65573231,22.36271591,14.42096256
2024-09-18T07:00,3600,0.0,0.36489120556,0.0,0.0,0.0,0.36489120556,453.59748521,364.89120556,155.42638034
2024-09-18T08:00,3600,1.0870588235294116,0.88374496822,0.88374496822,0.2033138553094116,0.0,0.0,1080.11562718,883.74496822,378.62134063
2024-09-18T09:00,3600,1.0870588235294116,1.3906505396800002,1.0870588235294116,0.0,0.0,0.30359171615058855,1696.99710114,1390.65053968,609.0648117
2024-09-18T10:00,3600,1.058898823529412,1.40137357473,1.058898823529412,0.0,0.0,0.3424747512005881,1710.09851198,1401.37357473,622.55690879
2024-09-18T11:00,3600,1.058898823529412,1.5827073550700002,1.058898823529412,0.0,0.0,0.5238085315405883,1931.98175007,1582.70735507,707.5566199
2024-09-18T12:00,3600,1.0601411764705884,1.8284876769499998,1.0601411764705884,0.0,0.0,0.7683465004794114,2233.72294396,1828.48767695,826.24562781
2024-09-18T13:00,3600,1.0377788235294119,1.6159985244300001,1.0377788235294119,0.0,0.0,0.5782197009005883,1972.78525762,1615.99852443,727.85062488
2024-09-18T14:00,3600,1.0352941176470587,1.5901608765900002,1.0352941176470587,0.0,0.0,0.5548667589429415,1941.11536646,1590.16087659,716.28578624
2024-09-18T15:00,3600,1.0344536916897966,1.1345746884099999,1.0344536916897966,0.0,0.0,0.10012099672020325,1384.76543821,1134.57468841,501.89418374
2024-09-18T16:00,3600,1.0365364705882352,0.76031880014,0.76031880014,0.2762176704482352,0.0,0.0,930.63261077,760.31880014,331.77731219
2024-09-18T17:00,3600,0.9051293796359791,0.28893529323,0.28893529323,0.6161940864059791,0.0,0.0,362.2897734,288.93529323,126.67141235
2024-09-18T18:00,3600,0.0,0.0,0.0,0.0,0.0,0.0,14.26265721,0.0,4.85690874
2024-09-18T19:00,3600,0.0,0.0,0.0,0.0,0.0,0.0,0.0,0.0,0.0
2024-09-18T20:00,3600,0.0,0.0,0.0,0.0,0.0,0.0,0.0,0.0,0.0
2024-09-18T21:00,3600,0.0,0.0,0.0,0.0,0.0,0.0,0.0,0.0,0.0
2024-09-18T22:00,3600,0.0,0.0,0.0,0.0,0.0,0.0,0.0,0.0,0.0
2024-09-18T23:00,3600,0.0,0.0,0.0,0.0,0.0,0.0,0.0,0.0,0.0
2024-09-19T00:00,3600,0.0,0.0,0.0,0.0,0.0,0.0,0.0,0.0,0.0
2024-09-19T01:00,3600,0.0,0.0,0.0,0.0,0.0,0.0,0.0,0.0,0.0
2024-09-19T02:00,3600,0.0,0.0,0.0,0.0,0.0,0.0,0.0,0.0,0.0
2024-09-19T03:00,3600,0.0,0.0,0.0,0.0,0.0,0.0,0.0,0.0,0.0
2024-09-19T04:00,3600,0.0,0.0,0.0,0.0,0.0,0.0,0.0,0.0,0.0
2024-09-19T05:00,3600,0.0,0.0,0.0,0.0,0.0,0.0,0.0,0.0,0.0
2024-09-19T06:00,3600,0.0,0.02840770056,0.0,0.0,0.0,0.02840770056,49.88995869,28.40770056,16.84139874
2024-09-19T07:00,3600,0.0,0.32534278596000005,0.0,0.0,0.0,0.32534278596000005,406.04281459,325.34278596,138.85251165
2024-09-19T08:00,3600,1.0870588235294116,0.85190765303,0.85190765303,0.2351511704994116,0.0,0.0,1041.53023968,851.90765303,365.57947939
2024-09-19T09:00,3600,1.0249319289441894,1.3849415047600002,1.0249319289441894,0.0,0.0,0.36000957581581083,1690.02268366,1384.94150476,611.36049898
2024-09-19T10:00,3600,0.9757858058823529,1.7173347251900002,0.9757858058823529,0.0,0.0,0.7415489193076473,2097.11870736,1717.33472519,787.09888965
2024-09-19T11:00,3600,0.9473890529411764,1.55215552163,0.9473890529411764,0.0,0.0,0.6047664686888237,1894.55428782,1552.15552163,699.92876704
2024-09-19T12:00,3600,0.963602288235294,1.62379973358,0.963602288235294,0.0,0.0,0.660197445344706,1982.34990739,1623.79973358,733.71343911
2024-09-19T13:00,3600,1.0119757596318366,1.6761521362899998,1.0119757596318366,0.0,0.0,0.6641763766581632,2046.56646591,1676.15213629,762.67695299
2024-09-19T14:00,3600,0.9259128180849806,1.21347574215,0.9259128180849806,0.0,0.0,0.2875629240650194,1480.83801753,1213.47574215,540.26098812
2024-09-19T15:00,3600,0.8855205941412709,1.04224954508,0.8855205941412709,0.0,0.0,0.15672895093872907,1272.49455921,1042.24954508,460.81589271
2024-09-19T16:00,3600,0.7984814235294119,0.7409939058199999,0.7409939058199999,0.05748751770941196,0.0,0.0,907.253301,740.99390582,323.18965206
2024-09-19T17:00,3600,0.709077011764706,0.27076514939999996,0.27076514939999996,0.438311862364706,0.0,0.0,340.46253309,270.7651494,118.84916451
2024-09-19T18:00,3600,0.0,0.0,0.0,0.0,0.0,0.0,11.39297814,0.0,3.88075728
2024-09-19T19:00,3600,0.0,0.0,0.0,0.0,0.0,0.0,0.0,0.0,0.0
2024-09-19T20:00,3600,0.0,0.0,0.0,0.0,0.0,0.0,0.0,0.0,0.0
2024-09-19T21:00,3600,0.0,0.0,0.0,0.0,0.0,0.0,0.0,0.0,0.0
2024-09-19T22:00,3600,0.0,0.0,0.0,0.0,0.0,0.0,0.0,0.0,0.0
2024-09-19T23:00,3600,0.0,0.0,0.0,0.0,0.0,0.0,0.0,0.0,0.0
2024-09-20T00:00,3600,0.0,0.0,0.0,0.0,0.0,0.0,0.0,0.0,0.0
2024-09-20T01:00,3600,0.0,0.0,0.0,0.0,0.0,0.0,0.0,0.0,0.0
2024-09-20T02:00,3600,0.0,0.0,0.0,0.0,0.0,0.0,0.0,0.0,0.0
2024-09-20T03:00,3600,0.0,0.0,0.0,0.0,0.0,0.0,0.0,0.0,0.0
2024-09-20T04:00,3600,0.0,0.0,0.0,0.0,0.0,0.0,0.0,0.0,0.0
2024-09-20T05:00,3600,0.0,0.0,0.0,0.0,0.0,0.0,0.0,0.0,0.0
2024-09-20T06:00,3600,0.0,0.03050586528,0.0,0.0,0.0,0.03050586528,52.40105098,30.50586528,17.72219758
2024-09-20T07:00,3600,0.0,0.39414089405999997,0.0,0.0,0.0,0.39414089405999997,488.78664162,394.14089406,168.00293967
2024-09-20T08:00,3600,1.0870588235294116,0.82507861533,0.82507861533,0.2619802081994116,0.0,0.0,1009.02914194,825.07861533,353.79527361
2024-09-20T09:00,3600,1.0870588235294116,1.3490386956899998,1.0870588235294116,0.0,0.0,0.26197987216058816,1646.17625523,1349.03869569,590.38615809
2024-09-20T10:00,3600,0.9447738043275171,1.5927791922799999,0.9447738043275171,0.0,0.0,0.6480053879524827,1944.32412652,1592.77919228,714.36921939
2024-09-20T11:00,3600,0.9727522588235293,1.78848467387,0.9727522588235293,0.0,0.0,0.8157324150464706,2184.53290516,1788.48467387,812.50686033
2024-09-20T12:00,3600,0.9680502058823529,1.7321233190499998,0.9680502058823529,0.0,0.0,0.7640731131676469,2115.27985022,1732.12331905,787.30572415
2024-09-20T13:00,3600,0.9014590588235294,1.30684570513,0.9014590588235294,0.0,0.0,0.4053866463064706,1594.67893755,1306.84570513,583.06951073
2024-09-20T14:00,3600,0.9520214058823527,1.5708762734300001,0.9520214058823527,0.0,0.0,0.6188548675476474,1917.48600085,1570.87627343,710.58334221
2024-09-20T15:00,3600,0.8745217117647061,1.1537001345199998,0.8745217117647061,0.0,0.0,0.2791784227552937,1408.04255294,1153.70013452,511.27954405
2024-09-20T16:00,3600,0.798053038235294,0.75226814302,0.75226814302,0.04578489521529405,0.0,0.0,920.89207251,752.26814302,328.1338035
2024-09-20T17:00,3600,0.6720080029411764,0.23391446107,0.23391446107,0.43809354187117633,0.0,0.0,296.21309163,233.91446107,102.67970867
2024-09-20T18:00,3600,0.0,0.0,0.0,0.0,0.0,0.0,11.40955668,0.0,3.88075728
2024-09-20T19:00,3600,0.0,0.0,0.0,0.0,0.0,0.0,0.0,0.0,0.0
2024-09-20T20:00,3600,0.0,0.0,0.0,0.0,0.0,0.0,0.0,0.0,0.0
2024-09-20T21:00,3600,0.0,0.0,0.0,0.0,0.0,0.0,0.0,0.0,0.0
2024-09-20T22:00,3600,0.0,0.0,0.0,0.0,0.0,0.0,0.0,0.0,0.0
2024-09-20T23:00,3600,0.0,0.0,0.0,0.0,0.0,0.0,0.0,0.0,0.0
2024-09-21T00:00,3600,0.0,0.0,0.0,0.0,0.0,0.0,0.0,0.0,0.0
2024-09-21T01:00,3600,0.0,0.0,0.0,0.0,0.0,0.0,0.0,0.0,0.0
2024-09-21T02:00,3600,0.0,0.0,0.0,0.0,0.0,0.0,0.0,0.0,0.0
2024-09-21T03:00,3600,0.0,0.0,0.0,0.0,0.0,0.0,0.0,0.0,0.0
2024-09-21T04:00,3600,0.0,0.0,0.0,0.0,0.0,0.0,0.0,0.0,0.0
2024-09-21T05:00,3600,0.0,0.0,0.0,0.0,0.0,0.0,0.0,0.0,0.0
2024-09-21T06:00,3600,0.0,0.007986548520000001,0.0,0.0,0.0,0.007986548520000001,25.45391522,7.98654852,8.57950628
2024-09-21T07:00,3600,0.0,0.11081276464,0.0,0.0,0.0,0.11081276464,148.57143296,110.81276464,50.28855959
2024-09-21T08:00,3600,0.0,0.42900822188,0.0,0.0,0.0,0.42900822188,530.75431072,429.00822188,181.99231992
2024-09-21T09:00,3600,0.0,0.67651471327,0.0,0.0,0.0,0.67651471327,829.29563508,676.51471327,287.62191599
2024-09-21T10:00,3600,0.0,0.78106651078,0.0,0.0,0.0,0.78106651078,955.74086612,781.06651078,334.50936471
2024-09-21T11:00,3600,0.0,0.81072229214,0.0,0.0,0.0,0.81072229214,991.6431121,810.72229214,346.99604321
2024-09-21T12:00,3600,0.0,0.5791137435099999,0.0,0.0,0.0,0.5791137435099999,711.67821272,579.11374351,247.43170594
2024-09-21T13:00,3600,0.0,0.8687163752899999,0.0,0.0,0.0,0.8687163752899999,1061.89932549,868.71637529,373.70335816
2024-09-21T14:00,3600,0.0,0.6942537395599999,0.0,0.0,0.0,0.6942537395599999,850.73517876,694.25373956,297.39698514
2024-09-21T15:00,3600,0.0,0.57627715947,0.0,0.0,0.0,0.57627715947,708.25545775,576.27715947,246.7694041
2024-09-21T16:00,3600,0.0,0.19211236098,0.0,0.0,0.0,0.19211236098,246.04752948,192.11236098,84.11165237
2024-09-21T17:00,3600,0.0,0.06549258177,0.0,0.0,0.0,0.06549258177,94.28480999,65.49258177,31.95066407
2024-09-21T18:00,3600,0.0,0.0,0.0,0.0,0.0,0.0,2.86875989,0.0,0.96820194
2024-09-21T19:00,3600,0.0,0.0,0.0,0.0,0.0,0.0,0.0,0.0,0.0
2024-09-21T20:00,3600,0.0,0.0,0.0,0.0,0.0,0.0,0.0,0.0,0.0
2024-09-21T21:00,3600,0.0,0.0,0.0,0.0,0.0,0.0,0.0,0.0,0.0
2024-09-21T22:00,3600,0.0,0.0,0.0,0.0,0.0,0.0,0.0,0.0,0.0
2024-09-21T23:00,3600,0.0,0.0,0.0,0.0,0.0,0.0,0.0,0.0,0.0
2024-09-22T00:00,3600,0.0,0.0,0.0,0.0,0.0,0.0,0.0,0.0,0.0
2024-09-22T01:00,3600,0.0,0.0,0.0,0.0,0.0,0.0,0.0,0.0,0.0
2024-09-22T02:00,3600,0.0,0.0,0.0,0.0,0.0,0.0,0.0,0.0,0.0
2024-09-22T03:00,3600,0.0,0.0,0.0,0.0,0.0,0.0,0.0,0.0,0.0
2024-09-22T04:00,3600,0.0,0.0,0.0,0.0,0.0,0.0,0.0,0.0,0.0
2024-09-22T05:00,3600,0.0,0.0,0.0,0.0,0.0,0.0,0.0,0.0,0.0
2024-09-22T06:00,3600,0.0,0.0093966293,0.0,0.0,0.0,0.0093966293,27.14098675,9.3966293,9.1473565
2024-09-22T07:00,3600,0.0,0.15178772015000003,0.0,0.0,0.0,0.15178772015000003,197.68460549,151.78772015,66.97669499
2024-09-22T08:00,3600,0.0,0.32308748337,0.0,0.0,0.0,0.32308748337,403.33179218,323.08748337,137.38673099
2024-09-22T09:00,3600,0.0,0.56841330651,0.0,0.0,0.0,0.56841330651,698.76732956,568.41330651,240.02386053
2024-09-22T10:00,3600,0.0,0.75920130006,0.0,0.0,0.0,0.75920130006,929.28046974,759.20130006,322.81991571
2024-09-22T11:00,3600,0.0,0.6603779078400001,0.0,0.0,0.0,0.6603779078400001,809.79753978,660.37790784,280.37525402
2024-09-22T12:00,3600,0.0,0.51278630831,0.0,0.0,0.0,0.51278630831,631.68265946,512.78630831,216.90636105
2024-09-22T13:00,3600,0.0,0.73885446847,0.0,0.0,0.0,0.73885446847,904.6654244,738.85446847,311.89161735
2024-09-22T14:00,3600,0.0,0.6928338254799999,0.0,0.0,0.0,0.6928338254799999,849.01884645,692.83382548,291.97539842
2024-09-22T15:00,3600,0.0,0.51493273966,0.0,0.0,0.0,0.51493273966,634.27015716,514.93273966,216.42742651
2024-09-22T16:00,3600,0.0,0.21415533438,0.0,0.0,0.0,0.21415533438,272.49680785,214.15533438,91.54073898
2024-09-22T17:00,3600,0.0,0.06661431079999999,0.0,0.0,0.0,0.06661431079999999,95.62802857,66.6143108,31.95066407
2024-09-22T18:00,3600,0.0,0.0,0.0,0.0,0.0,0.0,5.78994581,0.0,1.93640388
2024-09-22T19:00,3600,0.0,0.0,0.0,0.0,0.0,0.0,0.0,0.0,0.0
2024-09-22T20:00,3600,0.0,0.0,0.0,0.0,0.0,0.0,0.0,0.0,0.0
2024-09-22T21:00,3600,0.0,0.0,0.0,0.0,0.0,0.0,0.0,0.0,0.0
2024-09-22T22:00,3600,0.0,0.0,0.0,0.0,0.0,0.0,0.0,0.0,0.0
2024-09-22T23:00,3600,0.0,0.0,0.0,0.0,0.0,0.0,0.0,0.0,0.0
2024-09-23T00:00,3600,0.0,0.0,0.0,0.0,0.0,0.0,0.0,0.0,0.0
2024-09-23T01:00,3600,0.0,0.0,0.0,0.0,0.0,0.0,0.0,0.0,0.0
2024-09-23T02:00,3600,0.0,0.0,0.0,0.0,0.0,0.0,0.0,0.0,0.0
2024-09-23T03:00,3600,0.0,0.0,0.0,0.0,0.0,0.0,0.0,0.0,0.0
2024-09-23T04:00,3600,0.0,0.0,0.0,0.0,0.0,0.0,0.0,0.0,0.0
2024-09-23T05:00,3600,0.0,0.0,0.0,0.0,0.0,0.0,0.0,0.0,0.0
2024-09-23T06:00,3600,0.0,0.0,0.0,0.0,0.0,0.0,14.63906762,0.0,4.84100971
2024-09-23T07:00,3600,0.0,0.07245625584,0.0,0.0,0.0,0.07245625584,102.62384864,72.45625584,34.01879419
2024-09-23T08:00,3600,0.9130425996299651,0.14740011626000002,0.14740011626000002,0.7656424833699651,0.0,0.0,192.42412996,147.40011626,63.87463372
2024-09-23T09:00,3600,0.9378652227855163,0.18175725269,0.18175725269,0.7561079700955163,0.0,0.0,233.6254721,181.75725269,77.60471876
2024-09-23T10:00,3600,0.9527291297293189,0.23330255338,0.23330255338,0.7194265763493188,0.0,0.0,295.47853247,233.30255338,98.75659802
2024-09-23T11:00,3600,0.949589885902378,0.34536215292000005,0.34536215292000005,0.604227732982378,0.0,0.0,430.11142122,345.36215292,144.33408813
2024-09-23T12:00,3600,0.42383988342544077,0.3861872591,0.3861872591,0.03765262432544075,0.0,0.0,479.2164087,386.1872591,161.04108342
2024-09-23T13:00,3600,0.29903421011060094,0.25185625251,0.25185625251,0.04717795760060095,0.0,0.0,317.75413534,251.85625251,106.34618883
2024-09-23T14:00,3600,0.26896524780287673,0.14446365836,0.14446365836,0.12450158944287673,0.0,0.0,188.90368367,144.46365836,62.93312619
2024-09-23T15:00,3600,0.2638821078000644,0.08641464346,0.08641464346,0.17746746434006438,0.0,0.0,119.34169063,86.41464346,39.6962796
2024-09-23T16:00,3600,0.2361573611981993,0.047809489180000005,0.047809489180000005,0.1883478720181993,0.0,0.0,73.11307782,47.80948918,24.20504853
2024-09-23T17:00,3600,0.2289166535531114,0.008760225489999999,0.008760225489999999,0.2201564280631114,0.0,0.0,26.37956591,8.76022549,8.71381747
2024-09-23T18:00,3600,0.0,0.0,0.0,0.0,0.0,0.0,0.0,0.0,0.0
2024-09-23T19:00,3600,0.0,0.0,0.0,0.0,0.0,0.0,0.0,0.0,0.0
2024-09-23T20:00,3600,0.0,0.0,0.0,0.0,0.0,0.0,0.0,0.0,0.0
2024-09-23T21:00,3600,0.0,0.0,0.0,0.0,0.0,0.0,0.0,0.0,0.0
2024-09-23T22:00,3600,0.0,0.0,0.0,0.0,0.0,0.0,0.0,0.0,0.0
2024-09-23T23:00,3600,0.0,0.0,0.0,0.0,0.0,0.0,0.0,0.0,0.0
2024-09-24T00:00,3600,0.0,0.0,0.0,0.0,0.0,0.0,0.0,0.0,0.0
2024-09-24T01:00,3600,0.0,0.0,0.0,0.0,0.0,0.0,0.0,0.0,0.0
2024-09-24T02:00,3600,0.0,0.0,0.0,0.0,0.0,0.0,0.0,0.0,0.0
2024-09-24T03:00,3600,0.0,0.0,0.0,0.0,0.0,0.0,0.0,0.0,0.0
2024-09-24T04:00,3600,0.0,0.0,0.0,0.0,0.0,0.0,0.0,0.0,0.0
2024-09-24T05:00,3600,0.0,0.0,0.0,0.0,0.0,0.0,0.0,0.0,0.0
2024-09-24T06:00,3600,0.0,0.0,0.0,0.0,0.0,0.0,5.87531063,0.0,1.93640388
2024-09-24T07:00,3600,0.0,0.023499061109999997,0.0,0.0,0.0,0.023499061109999997,44.01558348,23.49906111,14.52302912
2024-09-24T08:00,3600,0.0,0.06045246069,0.0,0.0,0.0,0.06045246069,88.24977415,60.45246069,29.16760192
2024-09-24T09:00,3600,0.0,0.0747452034,0.0,0.0,0.0,0.0747452034,105.36506429,74.7452034,34.85526989
2024-09-24T10:00,3600,0.0,0.11540373314999999,0.0,0.0,0.0,0.11540373314999999,154.07274651,115.40373315,51.31470289
2024-09-24T11:00,3600,0.0,0.24697726750000001,0.0,0.0,0.0,0.24697726750000001,311.89582032,246.9772675,104.38306889
2024-09-24T12:00,3600,0.0,0.27253480230000005,0.0,0.0,0.0,0.27253480230000005,342.58810301,272.5348023,114.80126932
2024-09-24T13:00,3600,0.0,0.23555584061999998,0.0,0.0,0.0,0.23555584061999998,298.18350422,235.55584062,99.99426807
2024-09-24T14:00,3600,0.0,0.36750758227,0.0,0.0,0.0,0.36750758227,456.74451821,367.50758227,154.04160992
2024-09-24T15:00,3600,0.4908924468869997,0.35793332917,0.35793332917,0.1329591177169997,0.0,0.0,445.22900456,357.93332917,150.15707185
2024-09-24T16:00,3600,0.41915676328655466,0.12079077008,0.12079077008,0.29836599320655466,0.0,0.0,160.52845966,120.79077008,53.66268578
2024-09-24T17:00,3600,0.40265640169245415,0.03524185303,0.03524185303,0.36741454866245415,0.0,0.0,58.06938786,35.24185303,19.36403883
2024-09-24T18:00,3600,0.0,0.0,0.0,0.0,0.0,0.0,2.90740168,0.0,0.96820194
2024-09-24T19:00,3600,0.0,0.0,0.0,0.0,0.0,0.0,0.0,0.0,0.0
2024-09-24T20:00,3600,0.0,0.0,0.0,0.0,0.0,0.0,0.0,0.0,0.0
2024-09-24T21:00,3600,0.0,0.0,0.0,0.0,0.0,0.0,0.0,0.0,0.0
2024-09-24T22:00,3600,0.0,0.0,0.0,0.0,0.0,0.0,0.0,0.0,0.0
2024-09-24T23:00,3600,0.0,0.0,0.0,0.0,0.0,0.0,0.0,0.0,0.0
2024-09-25T00:00,3600,0.0,0.0,0.0,0.0,0.0,0.0,0.0,0.0,0.0
2024-09-25T01:00,3600,0.0,0.0,0.0,0.0,0.0,0.0,0.0,0.0,0.0
2024-09-25T02:00,3600,0.0,0.0,0.0,0.0,0.0,0.0,0.0,0.0,0.0
2024-09-25T03:00,3600,0.0,0.0,0.0,0.0,0.0,0.0,0.0,0.0,0.0
2024-09-25T04:00,3600,0.0,0.0,0.0,0.0,0.0,0.0,0.0,0.0,0.0
2024-09-25T05:00,3600,0.0,0.0,0.0,0.0,0.0,0.0,0.0,0.0,0.0
2024-09-25T06:00,3600,0.0,0.018263489830000004,0.0,0.0,0.0,0.018263489830000004,37.75042603,18.26348983,12.59039655
2024-09-25T07:00,3600,0.0,0.2293523847,0.0,0.0,0.0,0.2293523847,290.73674881,229.3523847,97.82795772
2024-09-25T08:00,3600,0.0,0.7398336498500001,0.0,0.0,0.0,0.7398336498500001,905.84983782,739.83364985,311.76068809
2024-09-25T09:00,3600,0.0,1.1370813569899998,0.0,0.0,0.0,1.1370813569899998,1387.81585507,1137.08135699,488.39145355
2024-09-25T10:00,3600,1.0870588235294116,1.3080123993,1.0870588235294116,0.0,0.0,0.22095357577058827,1596.10245914,1308.0123993,572.0062718
2024-09-25T11:00,3600,0.8809036254970897,1.61999690827,0.8809036254970897,0.0,0.0,0.7390932827729104,1977.68731953,1619.99690827,723.62011686
2024-09-25T12:00,3600,0.8594339058823529,1.74805527931,0.8594339058823529,0.0,0.0,0.888621373427647,2134.84979541,1748.05527931,783.05587868
2024-09-25T13:00,3600,0.8796839588235295,1.61693097048,0.8796839588235295,0.0,0.0,0.7372470116564704,1973.92841933,1616.93097048,721.75930209
2024-09-25T14:00,3600,0.8032501352941176,1.23637816373,0.8032501352941176,0.0,0.0,0.4331280284358824,1508.74657016,1236.37816373,541.50320625
2024-09-25T15:00,3600,0.7160736588235292,0.8117639241600001,0.7160736588235292,0.0,0.0,0.09569026533647085,992.90443898,811.76392416,349.27238953
2024-09-25T16:00,3600,0.6602096852941177,0.53152027749,0.53152027749,0.12868940780411775,0.0,0.0,654.26905503,531.52027749,227.44749658
2024-09-25T17:00,3600,0.5910993852941177,0.18716363852999998,0.18716363852999998,0.4039357467641177,0.0,0.0,240.11076992,187.16363853,82.1857364
2024-09-25T18:00,3600,0.0,0.0,0.0,0.0,0.0,0.0,5.74909342,0.0,1.93640388
2024-09-25T19:00,3600,0.0,0.0,0.0,0.0,0.0,0.0,0.0,0.0,0.0
2024-09-25T20:00,3600,0.0,0.0,0.0,0.0,0.0,0.0,0.0,0.0,0.0
2024-09-25T21:00,3600,0.0,0.0,0.0,0.0,0.0,0.0,0.0,0.0,0.0
2024-09-25T22:00,3600,0.0,0.0,0.0,0.0,0.0,0.0,0.0,0.0,0.0
2024-09-25T23:00,3600,0.0,0.0,0.0,0.0,0.0,0.0,0.0,0.0,0.0
2024-09-26T00:00,3600,0.0,0.0,0.0,0.0,0.0,0.0,0.0,0.0,0.0
2024-09-26T01:00,3600,0.0,0.0,0.0,0.0,0.0,0.0,0.0,0.0,0.0
2024-09-26T02:00,3600,0.0,0.0,0.0,0.0,0.0,0.0,0.0,0.0,0.0
2024-09-26T03:00,3600,0.0,0.0,0.0,0.0,0.0,0.0,0.0,0.0,0.0
2024-09-26T04:00,3600,0.0,0.0,0.0,0.0,0.0,0.0,0.0,0.0,0.0
2024-09-26T05:00,3600,0.0,0.0,0.0,0.0,0.0,0.0,0.0,0.0,0.0
2024-09-26T06:00,3600,0.0,0.02807494537,0.0,0.0,0.0,0.02807494537,49.49172307,28.07494537,16.56610485
2024-09-26T07:00,3600,0.0,0.36085501522,0.0,0.0,0.0,0.36085501522,448.74291217,360.85501522,152.53437739
2024-09-26T08:00,3600,0.7414415609398967,0.81824991534,0.7414415609398967,0.0,0.0,0.07680835440010336,1000.75886549,818.24991534,348.21869322
2024-09-26T09:00,3600,0.7169889911764706,1.32321120912,0.7169889911764706,0.0,0.0,0.6062222179435293,1614.64936002,1323.21120912,577.53566152
2024-09-26T10:00,3600,0.8716324764705882,1.62696938462,0.8716324764705882,0.0,0.0,0.7553369081494118,1986.23638035,1626.96938462,732.66272507
2024-09-26T11:00,3600,0.9009045411764706,1.73922936554,0.9009045411764706,0.0,0.0,0.8383248243635294,2124.0079263,1739.22936554,785.33272005
2024-09-26T12:00,3600,0.8858935147058824,1.65798250713,0.8858935147058824,0.0,0.0,0.7720889924241177,2024.27328664,1657.98250713,743.53962315
2024-09-26T13:00,3600,0.918473844117647,1.6797992289900001,0.918473844117647,0.0,0.0,0.7613253848723531,2051.04201717,1679.79922899,756.40138922
2024-09-26T14:00,3600,0.8738987058823529,1.42046975596,0.8738987058823529,0.0,0.0,0.5465710500776471,1733.43561219,1420.46975596,630.43273003
2024-09-26T15:00,3600,0.7830697382352941,0.95579558144,0.7830697382352941,0.0,0.0,0.17272584320470585,1167.50673131,955.79558144,415.65477431
2024-09-26T16:00,3600,0.6951595823529412,0.53070150246,0.53070150246,0.16445807989294114,0.0,0.0,653.28177531,530.70150246,228.09157792
2024-09-26T17:00,3600,0.6404978176470588,0.23787627227,0.23787627227,0.40262154537705885,0.0,0.0,300.96917485,237.87627227,103.86380926
2024-09-26T18:00,3600,0.0,0.0,0.0,0.0,0.0,0.0,8.60147333,0.0,2.90460582
2024-09-26T19:00,3600,0.0,0.0,0.0,0.0,0.0,0.0,0.0,0.0,0.0
2024-09-26T20:00,3600,0.0,0.0,0.0,0.0,0.0,0.0,0.0,0.0,0.0
2024-09-26T21:00,3600,0.0,0.0,0.0,0.0,0.0,0.0,0.0,0.0,0.0
2024-09-26T22:00,3600,0.0,0.0,0.0,0.0,0.0,0.0,0.0,0.0,0.0
2024-09-26T23:00,3600,0.0,0.0,0.0,0.0,0.0,0.0,0.0,0.0,0.0
2024-09-27T00:00,3600,0.0,0.0,0.0,0.0,0.0,0.0,0.0,0.0,0.0
2024-09-27T01:00,3600,0.0,0.0,0.0,0.0,0.0,0.0,0.0,0.0,0.0
2024-09-27T02:00,3600,0.0,0.0,0.0,0.0,0.0,0.0,0.0,0.0,0.0
2024-09-27T03:00,3600,0.0,0.0,0.0,0.0,0.0,0.0,0.0,0.0,0.0
2024-09-27T04:00,3600,0.0,0.0,0.0,0.0,0.0,0.0,0.0,0.0,0.0
2024-09-27T05:00,3600,0.0,0.0,0.0,0.0,0.0,0.0,0.0,0.0,0.0
2024-09-27T06:00,3600,0.0,0.03083118963,0.0,0.0,0.0,0.03083118963,52.7904075,30.83118963,17.71552503
2024-09-27T07:00,3600,0.0,0.43978953995000003,0.0,0.0,0.0,0.43978953995000003,543.73556461,439.78953995,185.87962613
2024-09-27T08:00,3600,0.8870029986190047,0.96338469015,0.8870029986190047,0.0,0.0,0.07638169153099528,1176.71723989,963.38469015,413.2749707
2024-09-27T09:00,3600,0.7497684264705884,1.3926392810400001,0.7497684264705884,0.0,0.0,0.6428708545694117,1699.4267827,1392.63928104,611.43599039
2024-09-27T10:00,3600,0.8753581117647058,1.43966097421,0.8753581117647058,0.0,0.0,0.5643028624452942,1756.89579549,1439.66097421,645.05827819
2024-09-27T11:00,3600,0.8929959029411764,1.52243886164,0.8929959029411764,0.0,0.0,0.6294429586988236,1858.16697297,1522.43886164,683.42020589
2024-09-27T12:00,3600,0.9388561970588236,1.75967715362,0.9388561970588236,0.0,0.0,0.8208209565611764,2149.12853855,1759.67715362,799.4329797
2024-09-27T13:00,3600,0.9563647735294117,1.66488856536,0.9563647735294117,0.0,0.0,0.7085237918305883,2032.74591368,1664.88856536,754.93817648
2024-09-27T14:00,3600,0.8789696294117646,1.28547626954,0.8789696294117646,0.0,0.0,0.40650664012823534,1568.60991596,1285.47626954,571.17997403
2024-09-27T15:00,3600,0.810410805882353,0.9403368411699999,0.810410805882353,0.0,0.0,0.1299260352876469,1148.74855162,940.33684117,411.27474554
2024-09-27T16:00,3600,0.7346144676470588,0.60825745286,0.60825745286,0.12635701478705885,0.0,0.0,746.85284926,608.25745286,263.01803686
2024-09-27T17:00,3600,0.6545096117647057,0.18698839813,0.18698839813,0.46752121363470567,0.0,0.0,239.90054993,186.98839813,82.96063544
2024-09-27T18:00,3600,0.0,0.0,0.0,0.0,0.0,0.0,5.71863529,0.0,1.93640388
2024-09-27T19:00,3600,0.0,0.0,0.0,0.0,0.0,0.0,0.0,0.0,0.0
2024-09-27T20:00,3600,0.0,0.0,0.0,0.0,0.0,0.0,0.0,0.0,0.0
2024-09-27T21:00,3600,0.0,0.0,0.0,0.0,0.0,0.0,0.0,0.0,0.0
2024-09-27T22:00,3600,0.0,0.0,0.0,0.0,0.0,0.0,0.0,0.0,0.0
2024-09-27T23:00,3600,0.0,0.0,0.0,0.0,0.0,0.0,0.0,0.0,0.0
2024-09-28T00:00,3600,0.0,0.0,0.0,0.0,0.0,0.0,0.0,0.0,0.0
2024-09-28T01:00,3600,0.0,0.0,0.0,0.0,0.0,0.0,0.0,0.0,0.0
2024-09-28T02:00,3600,0.0,0.0,0.0,0.0,0.0,0.0,0.0,0.0,0.0
2024-09-28T03:00,3600,0.0,0.0,0.0,0.0,0.0,0.0,0.0,0.0,0.0
2024-09-28T04:00,3600,0.0,0.0,0.0,0.0,0.0,0.0,0.0,0.0,0.0
2024-09-28T05:00,3600,0.0,0.0,0.0,0.0,0.0,0.0,0.0,0.0,0.0
2024-09-28T06:00,3600,0.0,0.022501390589999996,0.0,0.0,0.0,0.022501390589999996,42.82168148,22.50139059,14.41094305
2024-09-28T07:00,3600,0.0,0.34567129862,0.0,0.0,0.0,0.34567129862,430.48315312,345.67129862,146.89841157
2024-09-28T08:00,3600,0.0,0.7139091256200001,0.0,0.0,0.0,0.7139091256200001,874.49756671,713.90912562,303.98145767
2024-09-28T09:00,3600,0.0,1.15024532978,0.0,0.0,0.0,1.15024532978,1403.83728931,1150.24532978,498.64231169
2024-09-28T10:00,3600,0.0,1.2757455902800001,0.0,0.0,0.0,1.2757455902800001,1556.74209775,1275.74559028,564.93808767
2024-09-28T11:00,3600,0.0,1.40250650922,0.0,0.0,0.0,1.40250650922,1711.48285877,1402.50650922,626.81565219
2024-09-28T12:00,3600,0.0,1.66342701414,0.0,0.0,0.0,1.66342701414,2030.95274848,1663.42701414,756.18606477
2024-09-28T13:00,3600,0.0,1.3383540929,0.0,0.0,0.0,1.3383540929,1633.13233523,1338.3540929,602.6536104
2024-09-28T14:00,3600,0.0,1.24752005878,0.0,0.0,0.0,1.24752005878,1522.32747054,1247.52005878,558.59585648
2024-09-28T15:00,3600,0.0,1.0811295440700002,0.0,0.0,0.0,1.0811295440700002,1319.75478813,1081.12954407,480.34194466
2024-09-28T16:00,3600,0.0,0.6381871361,0.0,0.0,0.0,0.6381871361,782.99219693,638.1871361,277.71399528
2024-09-28T17:00,3600,0.0,0.1604128894,0.0,0.0,0.0,0.1604128894,208.02667002,160.4128894,71.77967715
2024-09-28T18:00,3600,0.0,0.0,0.0,0.0,0.0,0.0,5.72268077,0.0,1.93640388
2024-09-28T19:00,3600,0.0,0.0,0.0,0.0,0.0,0.0,0.0,0.0,0.0
2024-09-28T20:00,3600,0.0,0.0,0.0,0.0,0.0,0.0,0.0,0.0,0.0
2024-09-28T21:00,3600,0.0,0.0,0.0,0.0,0.0,0.0,0.0,0.0,0.0
2024-09-28T22:00,3600,0.0,0.0,0.0,0.0,0.0,0.0,0.0,0.0,0.0
2024-09-28T23:00,3600,0.0,0.0,0.0,0.0,0.0,0.0,0.0,0.0,0.0
2024-09-29T00:00,3600,0.0,0.0,0.0,0.0,0.0,0.0,0.0,0.0,0.0
2024-09-29T01:00,3600,0.0,0.0,0.0,0.0,0.0,0.0,0.0,0.0,0.0
2024-09-29T02:00,3600,0.0,0.0,0.0,0.0,0.0,0.0,0.0,0.0,0.0
2024-09-29T03:00,3600,0.0,0.0,0.0,0.0,0.0,0.0,0.0,0.0,0.0
2024-09-29T04:00,3600,0.0,0.0,0.0,0.0,0.0,0.0,0.0,0.0,0.0
2024-09-29T05:00,3600,0.0,0.0,0.0,0.0,0.0,0.0,0.0,0.0,0.0
2024-09-29T06:00,3600,0.0,0.01389008604,0.0,0.0,0.0,0.01389008604,32.51735556,13.89008604,10.93559846
2024-09-29T07:00,3600,0.0,0.28079097973,0.0,0.0,0.0,0.28079097973,352.50552551,280.79097973,119.84894847
2024-09-29T08:00,3600,0.0,0.7007935339099999,0.0,0.0,0.0,0.7007935339099999,858.64068223,700.79353391,297.4643208
2024-09-29T09:00,3600,0.0,1.254657271,0.0,0.0,0.0,1.254657271,1531.02826935,1254.657271,546.1446834
2024-09-29T10:00,3600,0.0,1.53254872193,0.0,0.0,0.0,1.53254872193,1870.54436448,1532.54872193,690.75691169
2024-09-29T11:00,3600,0.0,1.79540527146,0.0,0.0,0.0,1.79540527146,2193.04067638,1795.40527146,820.81888072
2024-09-29T12:00,3600,0.0,1.7822946055299997,0.0,0.0,0.0,1.7822946055299997,2176.92398297,1782.29460553,814.07097031
2024-09-29T13:00,3600,0.0,1.6058328908200001,0.0,0.0,0.0,1.6058328908200001,1960.32345288,1605.83289082,731.08401236
2024-09-29T14:00,3600,0.0,1.49159051282,0.0,0.0,0.0,1.49159051282,1820.411663,1491.59051282,673.81708523
2024-09-29T15:00,3600,0.0,1.1340755103500002,0.0,0.0,0.0,1.1340755103500002,1384.15799209,1134.07551035,502.86256513
2024-09-29T16:00,3600,0.0,0.6828495426900001,0.0,0.0,0.0,0.6828495426900001,836.95130611,682.84954269,297.09168717
2024-09-29T17:00,3600,0.0,0.22429653361000002,0.0,0.0,0.0,0.22429653361000002,284.668111,224.29653361,98.85074125
2024-09-29T18:00,3600,0.0,0.0,0.0,0.0,0.0,0.0,5.70439857,0.0,1.93640388
2024-09-29T19:00,3600,0.0,0.0,0.0,0.0,0.0,0.0,0.0,0.0,0.0
2024-09-29T20:00,3600,0.0,0.0,0.0,0.0,0.0,0.0,0.0,0.0,0.0
2024-09-29T21:00,3600,0.0,0.0,0.0,0.0,0.0,0.0,0.0,0.0,0.0
2024-09-29T22:00,3600,0.0,0.0,0.0,0.0,0.0,0.0,0.0,0.0,0.0
2024-09-29T23:00,3600,0.0,0.0,0.0,0.0,0.0,0.0,0.0,0.0,0.0
2024-09-30T00:00,3600,0.0,0.0,0.0,0.0,0.0,0.0,0.0,0.0,0.0
2024-09-30T01:00,3600,0.0,0.0,0.0,0.0,0.0,0.0,0.0,0.0,0.0
2024-09-30T02:00,3600,0.0,0.0,0.0,0.0,0.0,0.0,0.0,0.0,0.0
2024-09-30T03:00,3600,0.0,0.0,0.0,0.0,0.0,0.0,0.0,0.0,0.0
2024-09-30T04:00,3600,0.0,0.0,0.0,0.0,0.0,0.0,0.0,0.0,0.0
2024-09-30T05:00,3600,0.0,0.0,0.0,0.0,0.0,0.0,0.0,0.0,0.0
2024-09-30T06:00,3600,0.0,0.029291367139999996,0.0,0.0,0.0,0.029291367139999996,50.94752502,29.29136714,17.17413532
2024-09-30T07:00,3600,0.0,0.45012329041,0.0,0.0,0.0,0.45012329041,556.17989498,450.12329041,190.97166157
2024-09-30T08:00,3600,1.0870588235294116,0.97835674096,0.97835674096,0.1087020825694116,0.0,0.0,1194.89116763,978.35674096,420.78222143
2024-09-30T09:00,3600,1.0870588235294116,1.4733275516900002,1.0870588235294116,0.0,0.0,0.38626872816058855,1798.06811657,1473.32755169,649.56104047
2024-09-30T10:00,3600,1.0613835294117648,1.77980906505,1.0613835294117648,0.0,0.0,0.7184255356382352,2173.86892754,1779.80906505,807.21830979
2024-09-30T11:00,3600,1.058898823529412,2.00933564199,1.058898823529412,0.0,0.0,0.950436818460588,2456.48954808,2009.33564199,920.46394618
2024-09-30T12:00,3600,1.0576564705882354,2.02007676957,1.0576564705882354,0.0,0.0,0.9624202989817647,2469.74028147,2020.07676957,924.84989887
2024-09-30T13:00,3600,1.0348791701049156,1.62049739101,1.0348791701049156,0.0,0.0,0.5856182209050844,1978.30093826,1620.49739101,732.35630365
2024-09-30T14:00,3600,1.0365364705882352,1.6552352849999998,1.0365364705882352,0.0,0.0,0.6186988144117647,2020.90313849,1655.235285,748.41220676
2024-09-30T15:00,3600,1.0377788235294119,1.26339881829,1.0377788235294119,0.0,0.0,0.22561999476058814,1541.68617438,1263.39881829,560.35027982
2024-09-30T16:00,3600,1.0477176470588236,0.6993838210000001,0.6993838210000001,0.34833382605882357,0.0,0.0,856.93651205,699.383821,303.32857149
2024-09-30T17:00,3600,1.0464752941176472,0.24663446363,0.24663446363,0.7998408304876472,0.0,0.0,311.48422347,246.63446363,108.37859315
2024-09-30T18:00,3600,0.0,0.0,0.0,0.0,0.0,0.0,5.70037095,0.0,1.93640388
2024-09-30T19:00,3600,0.0,0.0,0.0,0.0,0.0,0.0,0.0,0.0,0.0
2024-09-30T20:00,3600,0.0,0.0,0.0,0.0,0.0,0.0,0.0,0.0,0.0
2024-09-30T21:00,3600,0.0,0.0,0.0,0.0,0.0,0.0,0.0,0.0,0.0
2024-09-30T22:00,3600,0.0,0.0,0.0,0.0,0.0,0.0,0.0,0.0,0.0
2024-09-30T23:00,3600,0.0,0.0,0.0,0.0,0.0,0.0,0.0,0.0,0.0
2024-10-01T00:00,3600,0.0,0.0,0.0,0.0,0.0,0.0,0.0,0.0,0.0
2024-10-01T01:00,3600,0.0,0.0,0.0,0.0,0.0,0.0,0.0,0.0,0.0
2024-10-01T02:00,3600,0.0,0.0,0.0,0.0,0.0,0.0,0.0,0.0,0.0
2024-10-01T03:00,3600,0.0,0.0,0.0,0.0,0.0,0.0,0.0,0.0,0.0
2024-10-01T04:00,3600,0.0,0.0,0.0,0.0,0.0,0.0,0.0,0.0,0.0
2024-10-01T05:00,3600,0.0,0.0,0.0,0.0,0.0,0.0,0.0,0.0,0.0
2024-10-01T06:00,3600,0.0,0.0308321745,0.0,0.0,0.0,0.0308321745,52.79158622,30.8321745,17.90921061
2024-10-01T07:00,3600,0.0,0.46825295987,0.0,0.0,0.0,0.46825295987,578.01705711,468.25295987,199.1075193
2024-10-01T08:00,3600,1.0393979356655718,1.0055085779600001,1.0055085779600001,0.033889357705571665,0.0,0.0,1227.86020022,1005.50857796,430.92603017
2024-10-01T09:00,3600,1.0394913375797687,1.4891457429500001,1.0394913375797687,0.0,0.0,0.4496544053702314,1817.42027956,1489.14574295,648.19151881
2024-10-01T10:00,3600,1.0304455872089657,1.84586142708,1.0304455872089657,0.0,0.0,0.8154158398710343,2255.09631893,1845.86142708,820.43960042
2024-10-01T11:00,3600,1.0329810387836826,1.99597608417,1.0329810387836826,0.0,0.0,0.9629950453863174,2440.01172841,1995.97608417,890.52325716
2024-10-01T12:00,3600,1.0380496696773664,1.8622009213100001,1.0380496696773664,0.0,0.0,0.8241512516326337,2275.20264823,1862.20092131,825.3968652
2024-10-01T13:00,3600,1.013493576798807,1.91056686147,1.013493576798807,0.0,0.0,0.8970732846711931,2334.74884886,1910.56686147,848.03185785
2024-10-01T14:00,3600,1.0140626659433654,1.69152928406,1.0140626659433654,0.0,0.0,0.6774666181166347,2065.43834777,1691.52928406,744.37917025
2024-10-01T15:00,3600,1.0117570753734262,1.2667701973,1.0117570753734262,0.0,0.0,0.2550131219265739,1545.79702376,1266.7701973,548.67138817
2024-10-01T16:00,3600,0.9831952737087384,0.75020759534,0.75020759534,0.23298767836873835,0.0,0.0,918.3991944,750.20759534,318.40642071
2024-10-01T17:00,3600,0.976728030875992,0.2452336004,0.2452336004,0.731494430475992,0.0,0.0,309.80226055,245.2336004,105.69242544
2024-10-01T18:00,3600,0.0,0.0,0.0,0.0,0.0,0.0,2.88709827,0.0,0.96820194
2024-10-01T19:00,3600,0.0,0.0,0.0,0.0,0.0,0.0,0.0,0.0,0.0
2024-10-01T20:00,3600,0.0,0.0,0.0,0.0,0.0,0.0,0.0,0.0,0.0
2024-10-01T21:00,3600,0.0,0.0,0.0,0.0,0.0,0.0,0.0,0.0,0.0
2024-10-01T22:00,3600,0.0,0.0,0.0,0.0,0.0,0.0,0.0,0.0,0.0
2024-10-01T23:00,3600,0.0,0.0,0.0,0.0,0.0,0.0,0.0,0.0,0.0
2024-10-02T00:00,3600,0.0,0.0,0.0,0.0,0.0,0.0,0.0,0.0,0.0
2024-10-02T01:00,3600,0.0,0.0,0.0,0.0,0.0,0.0,0.0,0.0,0.0
2024-10-02T02:00,3600,0.0,0.0,0.0,0.0,0.0,0.0,0.0,0.0,0.0
2024-10-02T03:00,3600,0.0,0.0,0.0,0.0,0.0,0.0,0.0,0.0,0.0
2024-10-02T04:00,3600,0.0,0.0,0.0,0.0,0.0,0.0,0.0,0.0,0.0
2024-10-02T05:00,3600,0.0,0.0,0.0,0.0,0.0,0.0,0.0,0.0,0.0
2024-10-02T06:00,3600,0.0,0.02680210048,0.0,0.0,0.0,0.02680210048,47.96842256,26.80210048,15.8820755
2024-10-02T07:00,3600,0.0,0.44315382523,0.0,0.0,0.0,0.44315382523,547.7867645,443.15382523,183.80323765
2024-10-02T08:00,3600,0.824370718908555,0.9906989391,0.824370718908555,0.0,0.0,0.166328220191445,1209.87595024,990.6989391,413.48163545
2024-10-02T09:00,3600,0.815294117647059,1.4945712219300002,0.815294117647059,0.0,0.0,0.6792771042829413,1824.05896686,1494.57122193,632.72898025
2024-10-02T10:00,3600,0.8248326111165744,1.86222796922,0.8248326111165744,0.0,0.0,1.0373953581034256,2275.23593591,1862.22796922,807.30350108
2024-10-02T11:00,3600,0.8199447640006405,2.0153870367500004,0.8199447640006405,0.0,0.0,1.1954422727493599,2463.95454258,2015.38703675,880.16553794
2024-10-02T12:00,3600,0.7192329602316057,2.16610896649,0.7192329602316057,0.0,0.0,1.4468760062583943,2650.11496634,2166.10896649,953.35349399
2024-10-02T13:00,3600,0.6352184926975428,2.02421660412,0.6352184926975428,0.0,0.0,1.388998111422457,2474.84796411,2024.21660412,893.48242825
2024-10-02T14:00,3600,0.5787283130452625,1.71278680634,0.5787283130452625,0.0,0.0,1.1340584932947375,2091.5344748,1712.78680634,747.18574691
2024-10-02T15:00,3600,0.4924079926715119,1.26197929608,0.4924079926715119,0.0,0.0,0.7695713034084881,1539.95536126,1261.97929608,541.36090319
2024-10-02T16:00,3600,0.38043867377801643,0.74185501205,0.38043867377801643,0.0,0.0,0.3614163382719836,908.29492406,741.85501205,313.51164353
2024-10-02T17:00,3600,0.29265545370817436,0.22728212071999998,0.22728212071999998,0.06537333298817438,0.0,0.0,288.25171481,227.28212072,97.85349833
2024-10-02T18:00,3600,0.0,0.0,0.0,0.0,0.0,0.0,2.8952014,0.0,0.96820194
2024-10-02T19:00,3600,0.0,0.0,0.0,0.0,0.0,0.0,0.0,0.0,0.0
2024-10-02T20:00,3600,0.0,0.0,0.0,0.0,0.0,0.0,0.0,0.0,0.0
2024-10-02T21:00,3600,0.0,0.0,0.0,0.0,0.0,0.0,0.0,0.0,0.0
2024-10-02T22:00,3600,0.0,0.0,0.0,0.0,0.0,0.0,0.0,0.0,0.0
2024-10-02T23:00,3600,0.0,0.0,0.0,0.0,0.0,0.0,0.0,0.0,0.0
2024-10-03T00:00,3600,0.0,0.0,0.0,0.0,0.0,0.0,0.0,0.0,0.0
2024-10-03T01:00,3600,0.0,0.0,0.0,0.0,0.0,0.0,0.0,0.0,0.0
2024-10-03T02:00,3600,0.0,0.0,0.0,0.0,0.0,0.0,0.0,0.0,0.0
2024-10-03T03:00,3600,0.0,0.0,0.0,0.0,0.0,0.0,0.0,0.0,0.0
2024-10-03T04:00,3600,0.0,0.0,0.0,0.0,0.0,0.0,0.0,0.0,0.0
2024-10-03T05:00,3600,0.0,0.0,0.0,0.0,0.0,0.0,0.0,0.0,0.0
2024-10-03T06:00,3600,0.0,0.031968745709999996,0.0,0.0,0.0,0.031968745709999996,54.15187856,31.96874571,17.94780175
2024-10-03T07:00,3600,0.0,0.49341586161999995,0.0,0.0,0.0,0.49341586161999995,608.33558996,493.41586162,204.82023473
2024-10-03T08:00,3600,0.0,1.03267614145,0.0,0.0,0.0,1.03267614145,1260.86200296,1032.67614145,432.42516591
2024-10-03T09:00,3600,0.0,1.55047421898,0.0,0.0,0.0,1.55047421898,1892.49512662,1550.47421898,658.85362638
2024-10-03T10:00,3600,0.815294117647059,1.8652599528299998,0.815294117647059,0.0,0.0,1.0499658351829408,2278.96746743,1865.25995283,811.31820448
2024-10-03T11:00,3600,0.5919798328693485,2.1387190096,0.5919798328693485,0.0,0.0,1.5467391767306515,2616.25199713,2138.7190096,941.75870596
2024-10-03T12:00,3600,0.5884632470588235,2.1705971162199997,0.5884632470588235,0.0,0.0,1.5821338691611762,2655.66519022,2170.59711622,959.16434764
2024-10-03T13:00,3600,0.6077868294117647,2.01986310349,0.6077868294117647,0.0,0.0,1.4120762740782355,2469.47667163,2019.86310349,893.49959307
2024-10-03T14:00,3600,0.5594228617647059,1.76873104982,0.5594228617647059,0.0,0.0,1.209308188055294,2160.25403602,1768.73104982,774.81219197
2024-10-03T15:00,3600,0.4765037441176471,1.3397793520099999,0.4765037441176471,0.0,0.0,0.8632756078923527,1634.87218829,1339.77935201,577.95690471
2024-10-03T16:00,3600,0.37172432647058823,0.8036433168999999,0.37172432647058823,0.0,0.0,0.4319189904294117,983.07160922,803.6433169,341.0441752
2024-10-03T17:00,3600,0.27138976470588233,0.24487572531,0.24487572531,0.026514039395882344,0.0,0.0,309.37257926,244.87572531,105.27091994
2024-10-03T18:00,3600,0.0,0.0,0.0,0.0,0.0,0.0,2.91043604,0.0,0.96820194
2024-10-03T19:00,3600,0.0,0.0,0.0,0.0,0.0,0.0,0.0,0.0,0.0
2024-10-03T20:00,3600,0.0,0.0,0.0,0.0,0.0,0.0,0.0,0.0,0.0
2024-10-03T21:00,3600,0.0,0.0,0.0,0.0,0.0,0.0,0.0,0.0,0.0
2024-10-03T22:00,3600,0.0,0.0,0.0,0.0,0.0,0.0,0.0,0.0,0.0
2024-10-03T23:00,3600,0.0,0.0,0.0,0.0,0.0,0.0,0.0,0.0,0.0
2024-10-04T00:00,3600,0.0,0.0,0.0,0.0,0.0,0.0,0.0,0.0,0.0
2024-10-04T01:00,3600,0.0,0.0,0.0,0.0,0.0,0.0,0.0,0.0,0.0
2024-10-04T02:00,3600,0.0,0.0,0.0,0.0,0.0,0.0,0.0,0.0,0.0
2024-10-04T03:00,3600,0.0,0.0,0.0,0.0,0.0,0.0,0.0,0.0,0.0
2024-10-04T04:00,3600,0.0,0.0,0.0,0.0,0.0,0.0,0.0,0.0,0.0
2024-10-04T05:00,3600,0.0,0.0,0.0,0.0,0.0,0.0,0.0,0.0,0.0
2024-10-04T06:00,3600,0.0,0.0127481736,0.0,0.0,0.0,0.0127481736,31.15103667,12.7481736,10.33128135
2024-10-04T07:00,3600,0.0,0.23000356712,0.0,0.0,0.0,0.23000356712,291.51840916,230.00356712,97.3338559
2024-10-04T08:00,3600,0.0,0.7143391950599999,0.0,0.0,0.0,0.7143391950599999,875.01757832,714.33919506,296.71375256
2024-10-04T09:00,3600,0.0,1.48500184844,0.0,0.0,0.0,1.48500184844,1812.35013157,1485.00184844,632.36809466
2024-10-04T10:00,3600,0.5335557776506864,1.82800338072,0.5335557776506864,0.0,0.0,1.2944476030693135,2233.12724079,1828.00338072,801.57149271
2024-10-04T11:00,3600,0.5703088294117645,2.0911395341000003,0.5703088294117645,0.0,0.0,1.520830704688236,2557.46299501,2091.1395341,929.97190384
2024-10-04T12:00,3600,0.5772573588235294,2.1221833470299996,0.5772573588235294,0.0,0.0,1.54492598820647,2595.81559182,2122.18334703,945.58434814
2024-10-04T13:00,3600,0.6360829189931447,1.96121602958,0.6360829189931447,0.0,0.0,1.3251331105868553,2397.15453382,1961.21602958,876.49664037
2024-10-04T14:00,3600,0.5841132964502422,1.7071545956099998,0.5841132964502422,0.0,0.0,1.1230412991597576,2084.61942662,1707.15459561,754.14333717
2024-10-04T15:00,3600,0.5067298834967808,1.28780928419,0.5067298834967808,0.0,0.0,0.7810794006932191,1571.45559233,1287.80928419,558.38890292
2024-10-04T16:00,3600,0.42433761197286635,0.76520332506,0.42433761197286635,0.0,0.0,0.34086571308713365,936.54300563,765.20332506,325.61600747
2024-10-04T17:00,3600,0.34181120499456086,0.22696091028999998,0.22696091028999998,0.11485029470456087,0.0,0.0,287.86615789,226.96091029,98.09304622
2024-10-04T18:00,3600,0.0,0.0,0.0,0.0,0.0,0.0,2.90534691,0.0,0.96820194
2024-10-04T19:00,3600,0.0,0.0,0.0,0.0,0.0,0.0,0.0,0.0,0.0
2024-10-04T20:00,3600,0.0,0.0,0.0,0.0,0.0,0.0,0.0,0.0,0.0
2024-10-04T21:00,3600,0.0,0.0,0.0,0.0,0.0,0.0,0.0,0.0,0.0
2024-10-04T22:00,3600,0.0,0.0,0.0,0.0,0.0,0.0,0.0,0.0,0.0
2024-10-04T23:00,3600,0.0,0.0,0.0,0.0,0.0,0.0,0.0,0.0,0.0
2024-10-05T00:00,3600,0.0,0.0,0.0,0.0,0.0,0.0,0.0,0.0,0.0
2024-10-05T01:00,3600,0.0,0.0,0.0,0.0,0.0,0.0,0.0,0.0,0.0
2024-10-05T02:00,3600,0.0,0.0,0.0,0.0,0.0,0.0,0.0,0.0,0.0
2024-10-05T03:00,3600,0.0,0.0,0.0,0.0,0.0,0.0,0.0,0.0,0.0
2024-10-05T04:00,3600,0.0,0.0,0.0,0.0,0.0,0.0,0.0,0.0,0.0
2024-10-05T05:00,3600,0.0,0.0,0.0,0.0,0.0,0.0,0.0,0.0,0.0
2024-10-05T06:00,3600,0.0,0.01603905242,0.0,0.0,0.0,0.01603905242,35.08869536,16.03905242,11.67580614
2024-10-05T07:00,3600,0.0,0.32837828981,0.0,0.0,0.0,0.32837828981,409.69183464,328.37828981,137.67248125
2024-10-05T08:00,3600,0.0,0.6844994043299999,0.0,0.0,0.0,0.6844994043299999,838.94529191,684.49940433,285.0656488
2024-10-05T09:00,3600,0.0,1.0660815229899998,0.0,0.0,0.0,1.0660815229899998,1301.45997121,1066.08152299,447.928896
2024-10-05T10:00,3600,0.0,1.22962074322,0.0,0.0,0.0,1.22962074322,1500.5110561,1229.62074322,527.89474921
2024-10-05T11:00,3600,0.0,1.68235133372,0.0,0.0,0.0,1.68235133372,2054.17399874,1682.35133372,736.70389863
2024-10-05T12:00,3600,0.0,1.8907222421,0.0,0.0,0.0,1.8907222421,2310.31148769,1890.7222421,836.89164871
2024-10-05T13:00,3600,0.0,1.8792328555700002,0.0,0.0,0.0,1.8792328555700002,2296.16652989,1879.23285557,840.87500773
2024-10-05T14:00,3600,0.0,1.60971905792,0.0,0.0,0.0,1.60971905792,1965.08717874,1609.71905792,711.28863604
2024-10-05T15:00,3600,0.0,1.1930149681,0.0,0.0,0.0,1.1930149681,1455.91312107,1193.0149681,517.5810652
2024-10-05T16:00,3600,0.0,0.72939807258,0.0,0.0,0.0,0.72939807258,893.22791333,729.39807258,311.56903725
2024-10-05T17:00,3600,0.0,0.20525403858000002,0.0,0.0,0.0,0.20525403858000002,261.81513218,205.25403858,89.58456986
2024-10-05T18:00,3600,0.0,0.0,0.0,0.0,0.0,0.0,0.0,0.0,0.0
2024-10-05T19:00,3600,0.0,0.0,0.0,0.0,0.0,0.0,0.0,0.0,0.0
2024-10-05T20:00,3600,0.0,0.0,0.0,0.0,0.0,0.0,0.0,0.0,0.0
2024-10-05T21:00,3600,0.0,0.0,0.0,0.0,0.0,0.0,0.0,0.0,0.0
2024-10-05T22:00,3600,0.0,0.0,0.0,0.0,0.0,0.0,0.0,0.0,0.0
2024-10-05T23:00,3600,0.0,0.0,0.0,0.0,0.0,0.0,0.0,0.0,0.0
2024-10-06T00:00,3600,0.0,0.0,0.0,0.0,0.0,0.0,0.0,0.0,0.0
2024-10-06T01:00,3600,0.0,0.0,0.0,0.0,0.0,0.0,0.0,0.0,0.0
2024-10-06T02:00,3600,0.0,0.0,0.0,0.0,0.0,0.0,0.0,0.0,0.0
2024-10-06T03:00,3600,0.0,0.0,0.0,0.0,0.0,0.0,0.0,0.0,0.0
2024-10-06T04:00,3600,0.0,0.0,0.0,0.0,0.0,0.0,0.0,0.0,0.0
2024-10-06T05:00,3600,0.0,0.0,0.0,0.0,0.0,0.0,0.0,0.0,0.0
2024-10-06T06:00,3600,0.0,0.008721965849999999,0.0,0.0,0.0,0.008721965849999999,26.33379066,8.72196585,8.82218306
2024-10-06T07:00,3600,0.0,0.24902003172,0.0,0.0,0.0,0.24902003172,314.34856473,249.02003172,106.17444001
2024-10-06T08:00,3600,0.0,0.53479746618,0.0,0.0,0.0,0.53479746618,658.22081409,534.79746618,224.52177332
2024-10-06T09:00,3600,0.0,1.06699966259,0.0,0.0,0.0,1.06699966259,1302.57609015,1066.99966259,453.5421146
2024-10-06T10:00,3600,0.0,1.49244762255,0.0,0.0,0.0,1.49244762255,1821.46043633,1492.44762255,655.71535005
2024-10-06T11:00,3600,0.0,1.83793165886,0.0,0.0,0.0,1.83793165886,2245.34031125,1837.93165886,822.02010145
2024-10-06T12:00,3600,0.0,1.91832946371,0.0,0.0,0.0,1.91832946371,2344.31006044,1918.32946371,862.92861236
2024-10-06T13:00,3600,0.0,1.67491227964,0.0,0.0,0.0,1.67491227964,2045.04502645,1674.91227964,752.21127012
2024-10-06T14:00,3600,0.0,1.4015939970699998,0.0,0.0,0.0,1.4015939970699998,1710.36784688,1401.59399707,621.36459923
2024-10-06T15:00,3600,0.0,0.93244612016,0.0,0.0,0.0,0.93244612016,1139.1753753,932.44612016,404.61253122
2024-10-06T16:00,3600,0.0,0.51852399424,0.0,0.0,0.0,0.51852399424,638.59955893,518.52399424,222.63891706
2024-10-06T17:00,3600,0.0,0.15626162400000002,0.0,0.0,0.0,0.15626162400000002,203.04890299,156.261624,69.73539937
2024-10-06T18:00,3600,0.0,0.0,0.0,0.0,0.0,0.0,0.0,0.0,0.0
2024-10-06T19:00,3600,0.0,0.0,0.0,0.0,0.0,0.0,0.0,0.0,0.0
2024-10-06T20:00,3600,0.0,0.0,0.0,0.0,0.0,0.0,0.0,0.0,0.0
2024-10-06T21:00,3600,0.0,0.0,0.0,0.0,0.0,0.0,0.0,0.0,0.0
2024-10-06T22:00,3600,0.0,0.0,0.0,0.0,0.0,0.0,0.0,0.0,0.0
2024-10-06T23:00,3600,0.0,0.0,0.0,0.0,0.0,0.0,0.0,0.0,0.0
2024-10-07T00:00,3600,0.0,0.0,0.0,0.0,0.0,0.0,0.0,0.0,0.0
2024-10-07T01:00,3600,0.0,0.0,0.0,0.0,0.0,0.0,0.0,0.0,0.0
2024-10-07T02:00,3600,0.0,0.0,0.0,0.0,0.0,0.0,0.0,0.0,0.0
2024-10-07T03:00,3600,0.0,0.0,0.0,0.0,0.0,0.0,0.0,0.0,0.0
2024-10-07T04:00,3600,0.0,0.0,0.0,0.0,0.0,0.0,0.0,0.0,0.0
2024-10-07T05:00,3600,0.0,0.0,0.0,0.0,0.0,0.0,0.0,0.0,0.0
2024-10-07T06:00,3600,0.0,0.017073790959999998,0.0,0.0,0.0,0.017073790959999998,36.3268381,17.07379096,12.21674483
2024-10-07T07:00,3600,0.0,0.27155844389,0.0,0.0,0.0,0.27155844389,341.41537,271.55844389,115.79276641
2024-10-07T08:00,3600,0.9257237260326474,0.68258348561,0.68258348561,0.24314024042264737,0.0,0.0,836.62976014,682.58348561,287.72105111
2024-10-07T09:00,3600,0.9358870426062356,1.21205467673,0.9358870426062356,0.0,0.0,0.27616763412376444,1479.10665167,1212.05467673,519.41072047
2024-10-07T10:00,3600,0.935350985451778,1.79295859038,0.935350985451778,0.0,0.0,0.8576076049282221,2190.03276693,1792.95859038,797.28573102
2024-10-07T11:00,3600,0.9384560998508209,2.0215495269600003,0.9384560998508209,0.0,0.0,1.0830934271091794,2471.55731528,2021.54952696,906.59046634
2024-10-07T12:00,3600,0.9479101250587396,2.05842037162,0.9479101250587396,0.0,0.0,1.1105102465612604,2517.06094693,2058.42037162,925.97083041
2024-10-07T13:00,3600,0.9514344089364483,1.9127845422,0.9514344089364483,0.0,0.0,0.9613501332635518,2337.48025148,1912.7845422,862.54967753
2024-10-07T14:00,3600,0.9498835243211848,1.6632653906600001,0.9498835243211848,0.0,0.0,0.7133818663388153,2030.75445646,1663.26539066,741.7955423
2024-10-07T15:00,3600,0.950085052191998,1.24492076719,0.950085052191998,0.0,0.0,0.294835714998002,1519.15897563,1244.92076719,545.00526991
2024-10-07T16:00,3600,0.9505605093551789,0.72511912892,0.72511912892,0.22544138043517892,0.0,0.0,888.05306869,725.11912892,310.83783418
2024-10-07T17:00,3600,0.9657961711528323,0.19838635495999998,0.19838635495999998,0.7674098161928323,0.0,0.0,253.57478654,198.38635496,87.00394308
2024-10-07T18:00,3600,0.0,0.0,0.0,0.0,0.0,0.0,0.0,0.0,0.0
2024-10-07T19:00,3600,0.0,0.0,0.0,0.0,0.0,0.0,0.0,0.0,0.0
2024-10-07T20:00,3600,0.0,0.0,0.0,0.0,0.0,0.0,0.0,0.0,0.0
2024-10-07T21:00,3600,0.0,0.0,0.0,0.0,0.0,0.0,0.0,0.0,0.0
2024-10-07T22:00,3600,0.0,0.0,0.0,0.0,0.0,0.0,0.0,0.0,0.0
2024-10-07T23:00,3600,0.0,0.0,0.0,0.0,0.0,0.0,0.0,0.0,0.0
2024-10-08T00:00,3600,0.0,0.0,0.0,0.0,0.0,0.0,0.0,0.0,0.0
2024-10-08T01:00,3600,0.0,0.0,0.0,0.0,0.0,0.0,0.0,0.0,0.0
2024-10-08T02:00,3600,0.0,0.0,0.0,0.0,0.0,0.0,0.0,0.0,0.0
2024-10-08T03:00,3600,0.0,0.0,0.0,0.0,0.0,0.0,0.0,0.0,0.0
2024-10-08T04:00,3600,0.0,0.0,0.0,0.0,0.0,0.0,0.0,0.0,0.0
2024-10-08T05:00,3600,0.0,0.0,0.0,0.0,0.0,0.0,0.0,0.0,0.0
2024-10-08T06:00,3600,0.0,0.02851205499,0.0,0.0,0.0,0.02851205499,50.01484866,28.51205499,16.65465218
2024-10-08T07:00,3600,0.0,0.4704706866,0.0,0.0,0.0,0.4704706866,580.68871389,470.4706866,196.5015093
2024-10-08T08:00,3600,0.864028208820454,1.02676418242,0.864028208820454,0.0,0.0,0.16273597359954606,1253.67928438,1026.76418242,432.93254806
2024-10-08T09:00,3600,0.8623839690578435,1.51043438323,0.8623839690578435,0.0,0.0,0.6480504141721565,1843.47254041,1510.43438323,647.14479578
2024-10-08T10:00,3600,0.8912997974719827,1.86895374821,0.8912997974719827,0.0,0.0,0.9776539507380173,2283.51374541,1868.95374821,822.74435455
2024-10-08T11:00,3600,0.8966310493873443,2.06338623564,0.8966310493873443,0.0,0.0,1.1667551862526557,2523.19151854,2063.38623564,919.69867216
2024-10-08T12:00,3600,0.848599429268577,2.09513427711,0.848599429268577,0.0,0.0,1.246534847841423,2562.39718452,2095.13427711,937.38394723
2024-10-08T13:00,3600,0.7409170996897533,1.95852364141,0.7409170996897533,0.0,0.0,1.2176065417202468,2393.83594773,1958.52364141,878.2972142
2024-10-08T14:00,3600,0.6778616493560208,1.64147472889,0.6778616493560208,0.0,0.0,0.9636130795339792,2004.02457802,1641.47472889,725.34630813
2024-10-08T15:00,3600,0.5936989242304939,1.2364131787300001,0.5936989242304939,0.0,0.0,0.6427142544995063,1508.78924644,1236.41317873,536.82218779
2024-10-08T16:00,3600,0.4609637851148613,0.6897263247700001,0.4609637851148613,0.0,0.0,0.22876253965513876,845.26275904,689.72632477,292.97426586
2024-10-08T17:00,3600,0.37966059765839566,0.17353312411,0.17353312411,0.20612747354839567,0.0,0.0,223.76111641,173.53312411,76.06316423
2024-10-08T18:00,3600,0.0,0.0,0.0,0.0,0.0,0.0,0.0,0.0,0.0
2024-10-08T19:00,3600,0.0,0.0,0.0,0.0,0.0,0.0,0.0,0.0,0.0
2024-10-08T20:00,3600,0.0,0.0,0.0,0.0,0.0,0.0,0.0,0.0,0.0
2024-10-08T21:00,3600,0.0,0.0,0.0,0.0,0.0,0.0,0.0,0.0,0.0
2024-10-08T22:00,3600,0.0,0.0,0.0,0.0,0.0,0.0,0.0,0.0,0.0
2024-10-08T23:00,3600,0.0,0.0,0.0,0.0,0.0,0.0,0.0,0.0,0.0
2024-10-09T00:00,3600,0.0,0.0,0.0,0.0,0.0,0.0,0.0,0.0,0.0
2024-10-09T01:00,3600,0.0,0.0,0.0,0.0,0.0,0.0,0.0,0.0,0.0
2024-10-09T02:00,3600,0.0,0.0,0.0,0.0,0.0,0.0,0.0,0.0,0.0
2024-10-09T03:00,3600,0.0,0.0,0.0,0.0,0.0,0.0,0.0,0.0,0.0
2024-10-09T04:00,3600,0.0,0.0,0.0,0.0,0.0,0.0,0.0,0.0,0.0
2024-10-09T05:00,3600,0.0,0.0,0.0,0.0,0.0,0.0,0.0,0.0,0.0
2024-10-09T06:00,3600,0.0,0.019134655310000002,0.0,0.0,0.0,0.019134655310000002,38.79287435,19.13465531,12.864802
2024-10-09T07:00,3600,0.0,0.30054406551999996,0.0,0.0,0.0,0.30054406551999996,376.23813864,300.54406552,126.06400501
2024-10-09T08:00,3600,0.0,0.75269166916,0.0,0.0,0.0,0.75269166916,921.40446974,752.69166916,313.95835822
2024-10-09T09:00,3600,0.0,1.2762057910799998,0.0,0.0,0.0,1.2762057910799998,1557.30333194,1276.20579108,540.71208925
2024-10-09T10:00,3600,0.8204878390368301,1.72975506496,0.8204878390368301,0.0,0.0,0.9092672259231699,2112.37123235,1729.75506496,757.08871028
2024-10-09T11:00,3600,0.6722996211260617,2.0785191650800003,0.6722996211260617,0.0,0.0,1.4062195439539387,2541.87672845,2078.51916508,928.02837726
2024-10-09T12:00,3600,0.68829274213259,2.10548753032,0.68829274213259,0.0,0.0,1.41719478818741,2575.18666776,2105.48753032,945.35426999
2024-10-09T13:00,3600,0.6368138417896713,1.56356811976,0.6368138417896713,0.0,0.0,0.9267542779703287,1908.53319119,1563.56811976,688.82891933
2024-10-09T14:00,3600,0.48943816177651117,0.7376888765700002,0.48943816177651117,0.0,0.0,0.24825071479348898,903.25555251,737.68887657,314.44775014
2024-10-09T15:00,3600,0.4580363546336928,0.62947227058,0.4580363546336928,0.0,0.0,0.1714359159463072,772.46752991,629.47227058,267.35659562
2024-10-09T16:00,3600,0.3875973337931332,0.30895421324,0.30895421324,0.07864312055313322,0.0,0.0,386.34475024,308.95421324,131.60522466
2024-10-09T17:00,3600,0.34257017930066525,0.06749860992000001,0.06749860992000001,0.27507156938066524,0.0,0.0,96.68695159,67.49860992,32.63043332
2024-10-09T18:00,3600,0.0,0.0,0.0,0.0,0.0,0.0,0.0,0.0,0.0
2024-10-09T19:00,3600,0.0,0.0,0.0,0.0,0.0,0.0,0.0,0.0,0.0
2024-10-09T20:00,3600,0.0,0.0,0.0,0.0,0.0,0.0,0.0,0.0,0.0
2024-10-09T21:00,3600,0.0,0.0,0.0,0.0,0.0,0.0,0.0,0.0,0.0
2024-10-09T22:00,3600,0.0,0.0,0.0,0.0,0.0,0.0,0.0,0.0,0.0
2024-10-09T23:00,3600,0.0,0.0,0.0,0.0,0.0,0.0,0.0,0.0,0.0
2024-10-10T00:00,3600,0.0,0.0,0.0,0.0,0.0,0.0,0.0,0.0,0.0
2024-10-10T01:00,3600,0.0,0.0,0.0,0.0,0.0,0.0,0.0,0.0,0.0
2024-10-10T02:00,3600,0.0,0.0,0.0,0.0,0.0,0.0,0.0,0.0,0.0
2024-10-10T03:00,3600,0.0,0.0,0.0,0.0,0.0,0.0,0.0,0.0,0.0
2024-10-10T04:00,3600,0.0,0.0,0.0,0.0,0.0,0.0,0.0,0.0,0.0
2024-10-10T05:00,3600,0.0,0.0,0.0,0.0,0.0,0.0,0.0,0.0,0.0
2024-10-10T06:00,3600,0.0,0.0123767397,0.0,0.0,0.0,0.0123767397,30.70661428,12.3767397,10.22733391
2024-10-10T07:00,3600,0.0,0.28310083394999996,0.0,0.0,0.0,0.28310083394999996,355.28036981,283.10083395,119.43926984
2024-10-10T08:00,3600,0.0,0.65560497041,0.0,0.0,0.0,0.65560497041,804.03131196,655.60497041,273.99858662
2024-10-10T09:00,3600,0.41357585323827795,1.2044265424400002,0.41357585323827795,0.0,0.0,0.7908506892017223,1469.8135019,1204.42654244,510.7204
2024-10-10T10:00,3600,0.6127605377699051,1.7540217549900001,0.6127605377699051,0.0,0.0,1.1412612172200949,2142.17993937,1754.02175499,773.44761029
2024-10-10T11:00,3600,0.6663993798969186,1.99243656356,0.6663993798969186,0.0,0.0,1.3260371836630815,2435.64662677,1992.43656356,890.30298674
2024-10-10T12:00,3600,0.6858202780997892,2.06344528884,0.6858202780997892,0.0,0.0,1.377625010740211,2523.26442513,2063.44528884,927.019435
2024-10-10T13:00,3600,0.7011368341265756,1.83143861381,0.7011368341265756,0.0,0.0,1.1303017796834245,2237.3528085,1831.43861381,820.40273571
2024-10-10T14:00,3600,0.6306114523509823,1.5069584474400002,0.6306114523509823,0.0,0.0,0.8763469950890179,1839.21823005,1506.95844744,664.55730846
2024-10-10T15:00,3600,0.5307969863242472,0.91057768917,0.5307969863242472,0.0,0.0,0.3797807028457528,1112.65017804,910.57768917,391.68838965
2024-10-10T16:00,3600,0.42791788095444744,0.57643042672,0.42791788095444744,0.0,0.0,0.14851254576555256,708.44039345,576.43042672,244.60695117
2024-10-10T17:00,3600,0.3507589895471312,0.12174220661,0.12174220661,0.22901678293713118,0.0,0.0,161.66869512,121.74220661,54.80507009
2024-10-10T18:00,3600,0.0,0.0,0.0,0.0,0.0,0.0,0.0,0.0,0.0
2024-10-10T19:00,3600,0.0,0.0,0.0,0.0,0.0,0.0,0.0,0.0,0.0
2024-10-10T20:00,3600,0.0,0.0,0.0,0.0,0.0,0.0,0.0,0.0,0.0
2024-10-10T21:00,3600,0.0,0.0,0.0,0.0,0.0,0.0,0.0,0.0,0.0
2024-10-10T22:00,3600,0.0,0.0,0.0,0.0,0.0,0.0,0.0,0.0,0.0
2024-10-10T23:00,3600,0.0,0.0,0.0,0.0,0.0,0.0,0.0,0.0,0.0
2024-10-11T00:00,3600,0.0,0.0,0.0,0.0,0.0,0.0,0.0,0.0,0.0
2024-10-11T01:00,3600,0.0,0.0,0.0,0.0,0.0,0.0,0.0,0.0,0.0
2024-10-11T02:00,3600,0.0,0.0,0.0,0.0,0.0,0.0,0.0,0.0,0.0
2024-10-11T03:00,3600,0.0,0.0,0.0,0.0,0.0,0.0,0.0,0.0,0.0
2024-10-11T04:00,3600,0.0,0.0,0.0,0.0,0.0,0.0,0.0,0.0,0.0
2024-10-11T05:00,3600,0.0,0.0,0.0,0.0,0.0,0.0,0.0,0.0,0.0
2024-10-11T06:00,3600,0.0,0.018373917360000002,0.0,0.0,0.0,0.018373917360000002,37.88256435,18.37391736,12.58947056
2024-10-11T07:00,3600,0.0,0.42448889368,0.0,0.0,0.0,0.42448889368,525.31343455,424.48889368,177.03375999
2024-10-11T08:00,3600,0.0,0.91415569547,0.0,0.0,0.0,0.91415569547,1116.98949778,914.15569547,383.92394638
2024-10-11T09:00,3600,0.0,1.35671943324,0.0,0.0,0.0,1.35671943324,1655.55434028,1356.71943324,579.63505315
2024-10-11T10:00,3600,0.8500832151001287,1.72456739698,0.8500832151001287,0.0,0.0,0.8744841818798712,2106.00027138,1724.56739698,762.74501409
2024-10-11T11:00,3600,0.6474753329507704,1.9088327684,0.6474753329507704,0.0,0.0,1.2613574354492294,2332.61312236,1908.8327684,854.68272618
2024-10-11T12:00,3600,0.654384602025684,1.84356192976,0.654384602025684,0.0,0.0,1.189177327734316,2252.26711865,1843.56192976,825.71528842
2024-10-11T13:00,3600,0.6680888896782313,1.58865917322,0.6680888896782313,0.0,0.0,0.9205702835417686,1939.27507975,1588.65917322,708.36247197
2024-10-11T14:00,3600,0.5820481218061909,1.09832725668,0.5820481218061909,0.0,0.0,0.516279134873809,1340.66827559,1098.32725668,478.91748792
2024-10-11T15:00,3600,0.4982390313460376,0.7238970187899999,0.4982390313460376,0.0,0.0,0.22565798744396232,886.57514157,723.89701879,310.98520505
2024-10-11T16:00,3600,0.4258206550042173,0.42100001422,0.42100001422,0.004820640784217289,0.0,0.0,521.11338076,421.00001422,179.88458282
2024-10-11T17:00,3600,0.38291166851895775,0.09847169659,0.09847169659,0.28443997192895776,0.0,0.0,133.78510878,98.47169659,45.50045391
2024-10-11T18:00,3600,0.0,0.0,0.0,0.0,0.0,0.0,0.0,0.0,0.0
2024-10-11T19:00,3600,0.0,0.0,0.0,0.0,0.0,0.0,0.0,0.0,0.0
2024-10-11T20:00,3600,0.0,0.0,0.0,0.0,0.0,0.0,0.0,0.0,0.0
2024-10-11T21:00,3600,0.0,0.0,0.0,0.0,0.0,0.0,0.0,0.0,0.0
2024-10-11T22:00,3600,0.0,0.0,0.0,0.0,0.0,0.0,0.0,0.0,0.0
2024-10-11T23:00,3600,0.0,0.0,0.0,0.0,0.0,0.0,0.0,0.0,0.0
2024-10-12T00:00,3600,0.0,0.0,0.0,0.0,0.0,0.0,0.0,0.0,0.0
2024-10-12T01:00,3600,0.0,0.0,0.0,0.0,0.0,0.0,0.0,0.0,0.0
2024-10-12T02:00,3600,0.0,0.0,0.0,0.0,0.0,0.0,0.0,0.0,0.0
2024-10-12T03:00,3600,0.0,0.0,0.0,0.0,0.0,0.0,0.0,0.0,0.0
2024-10-12T04:00,3600,0.0,0.0,0.0,0.0,0.0,0.0,0.0,0.0,0.0
2024-10-12T05:00,3600,0.0,0.0,0.0,0.0,0.0,0.0,0.0,0.0,0.0
2024-10-12T06:00,3600,0.0,0.017023826029999998,0.0,0.0,0.0,0.017023826029999998,36.26705086,17.02382603,12.06187544
2024-10-12T07:00,3600,0.0,0.39124674714,0.0,0.0,0.0,0.39124674714,485.3041195,391.24674714,163.91136167
2024-10-12T08:00,3600,0.0,0.8796094114700002,0.0,0.0,0.0,0.8796094114700002,1075.10246416,879.60941147,371.38234486
2024-10-12T09:00,3600,0.0,1.38583100986,0.0,0.0,0.0,1.38583100986,1691.10930324,1385.83100986,598.68183323
2024-10-12T10:00,3600,0.0,1.6457077408699998,0.0,0.0,0.0,1.6457077408699998,2009.21636321,1645.70774087,735.70034962
2024-10-12T11:00,3600,0.0,1.60411425429,0.0,0.0,0.0,1.60411425429,1958.21681248,1604.11425429,714.89349561
2024-10-12T12:00,3600,0.0,1.4586607925400001,0.0,0.0,0.0,1.4586607925400001,1780.12886275,1458.66079254,645.63107426
2024-10-12T13:00,3600,0.0,1.3177424706999998,0.0,0.0,0.0,1.3177424706999998,1607.97543275,1317.7424707,583.83735655
2024-10-12T14:00,3600,0.0,0.8399437247,0.0,0.0,0.0,0.8399437247,1027.03532242,839.9437247,364.11644804
2024-10-12T15:00,3600,0.0,0.74675859236,0.0,0.0,0.0,0.74675859236,914.22671855,746.75859236,322.3936861
2024-10-12T16:00,3600,0.0,0.53803296633,0.0,0.0,0.0,0.53803296633,662.12249464,538.03296633,230.80281922
2024-10-12T17:00,3600,0.0,0.14312662882000002,0.0,0.0,0.0,0.14312662882000002,187.30080316,143.12662882,64.1486358
2024-10-12T18:00,3600,0.0,0.0,0.0,0.0,0.0,0.0,0.0,0.0,0.0
2024-10-12T19:00,3600,0.0,0.0,0.0,0.0,0.0,0.0,0.0,0.0,0.0
2024-10-12T20:00,3600,0.0,0.0,0.0,0.0,0.0,0.0,0.0,0.0,0.0
2024-10-12T21:00,3600,0.0,0.0,0.0,0.0,0.0,0.0,0.0,0.0,0.0
2024-10-12T22:00,3600,0.0,0.0,0.0,0.0,0.0,0.0,0.0,0.0,0.0
2024-10-12T23:00,3600,0.0,0.0,0.0,0.0,0.0,0.0,0.0,0.0,0.0
2024-10-13T00:00,3600,0.0,0.0,0.0,0.0,0.0,0.0,0.0,0.0,0.0
2024-10-13T01:00,3600,0.0,0.0,0.0,0.0,0.0,0.0,0.0,0.0,0.0
2024-10-13T02:00,3600,0.0,0.0,0.0,0.0,0.0,0.0,0.0,0.0,0.0
2024-10-13T03:00,3600,0.0,0.0,0.0,0.0,0.0,0.0,0.0,0.0,0.0
2024-10-13T04:00,3600,0.0,0.0,0.0,0.0,0.0,0.0,0.0,0.0,0.0
2024-10-13T05:00,3600,0.0,0.0,0.0,0.0,0.0,0.0,0.0,0.0,0.0
2024-10-13T06:00,3600,0.0,0.0237526018,0.0,0.0,0.0,0.0237526018,44.31899583,23.7526018,14.71337375
2024-10-13T07:00,3600,0.0,0.45031912239,0.0,0.0,0.0,0.45031912239,556.4157426,450.31912239,188.36409627
2024-10-13T08:00,3600,0.0,0.99636733981,0.0,0.0,0.0,0.99636733981,1216.75895584,996.36733981,422.83436505
2024-10-13T09:00,3600,0.0,1.47635815298,0.0,0.0,0.0,1.47635815298,1801.77542313,1476.35815298,642.0973526
2024-10-13T10:00,3600,0.0,1.77482570691,0.0,0.0,0.0,1.77482570691,2167.7440839,1774.82570691,802.55345571
2024-10-13T11:00,3600,0.0,1.92935828334,0.0,0.0,0.0,1.92935828334,2357.89628167,1929.35828334,878.85741359
2024-10-13T12:00,3600,0.0,1.88785356677,0.0,0.0,0.0,1.88785356677,2306.77952939,1887.85356677,858.73898546
2024-10-13T13:00,3600,0.0,1.66790953962,0.0,0.0,0.0,1.66790953962,2036.45245159,1667.90953962,755.20337235
2024-10-13T14:00,3600,0.0,1.31320365574,0.0,0.0,0.0,1.31320365574,1602.43679046,1313.20365574,583.9603377
2024-10-13T15:00,3600,0.0,0.9668643614400001,0.0,0.0,0.0,0.9668643614400001,1180.94069308,966.86436144,423.35116335
2024-10-13T16:00,3600,0.0,0.5932685441200001,0.0,0.0,0.0,0.5932685441200001,728.76024334,593.26854412,255.73239803
2024-10-13T17:00,3600,0.0,0.14766284287,0.0,0.0,0.0,0.14766284287,192.73911384,147.66284287,66.34167217
2024-10-13T18:00,3600,0.0,0.0,0.0,0.0,0.0,0.0,0.0,0.0,0.0
2024-10-13T19:00,3600,0.0,0.0,0.0,0.0,0.0,0.0,0.0,0.0,0.0
2024-10-13T20:00,3600,0.0,0.0,0.0,0.0,0.0,0.0,0.0,0.0,0.0
2024-10-13T21:00,3600,0.0,0.0,0.0,0.0,0.0,0.0,0.0,0.0,0.0
2024-10-13T22:00,3600,0.0,0.0,0.0,0.0,0.0,0.0,0.0,0.0,0.0
2024-10-13T23:00,3600,0.0,0.0,0.0,0.0,0.0,0.0,0.0,0.0,0.0
2024-10-14T00:00,3600,0.0,0.0,0.0,0.0,0.0,0.0,0.0,0.0,0.0
2024-10-14T01:00,3600,0.0,0.0,0.0,0.0,0.0,0.0,0.0,0.0,0.0
2024-10-14T02:00,3600,0.0,0.0,0.0,0.0,0.0,0.0,0.0,0.0,0.0
2024-10-14T03:00,3600,0.0,0.0,0.0,0.0,0.0,0.0,0.0,0.0,0.0
2024-10-14T04:00,3600,0.0,0.0,0.0,0.0,0.0,0.0,0.0,0.0,0.0
2024-10-14T05:00,3600,0.0,0.0,0.0,0.0,0.0,0.0,0.0,0.0,0.0
2024-10-14T06:00,3600,0.0,0.021317859959999998,0.0,0.0,0.0,0.021317859959999998,41.40538546,21.31785996,13.84072671
2024-10-14T07:00,3600,0.0,0.40496667015999993,0.0,0.0,0.0,0.40496667015999993,501.81461858,404.96667016,170.65122903
2024-10-14T08:00,3600,1.0641395038237598,0.97633052865,0.97633052865,0.08780897517375974,0.0,0.0,1192.43139307,976.33052865,416.14976664
2024-10-14T09:00,3600,1.0682164157953047,1.4281332364100001,1.0682164157953047,0.0,0.0,0.35991682061469543,1742.80295062,1428.13323641,624.05060676
2024-10-14T10:00,3600,1.0755266055196921,1.6223138363499998,1.0755266055196921,0.0,0.0,0.5467872308303077,1980.52803795,1622.31383635,727.21678053
2024-10-14T11:00,3600,1.063942379686871,1.78401814108,1.063942379686871,0.0,0.0,0.720075761393129,2179.04250402,1784.01814108,807.8497782
2024-10-14T12:00,3600,1.0612256675757712,1.83906081502,1.0612256675757712,0.0,0.0,0.7778351474442289,2246.72944007,1839.06081502,838.40269462
2024-10-14T13:00,3600,1.0341022017058499,1.4750939646899999,1.0341022017058499,0.0,0.0,0.44099176298415,1800.22893212,1475.09396469,664.10202925
2024-10-14T14:00,3600,1.0322402371604495,1.32338537886,1.0322402371604495,0.0,0.0,0.2911451416995505,1614.86192216,1323.38537886,590.37811231
2024-10-14T15:00,3600,1.0377180382470517,0.825945369,0.825945369,0.21177266924705163,0.0,0.0,1010.07893341,825.945369,359.52756251
2024-10-14T16:00,3600,1.0591914624668881,0.46657127697999995,0.46657127697999995,0.5926201854868882,0.0,0.0,575.99122231,466.57127698,200.88740439
2024-10-14T17:00,3600,1.046101545173903,0.07661895435999999,0.07661895435999999,0.9694825908139031,0.0,0.0,107.60911486,76.61895436,36.95217841
2024-10-14T18:00,3600,0.0,0.0,0.0,0.0,0.0,0.0,0.0,0.0,0.0
2024-10-14T19:00,3600,0.0,0.0,0.0,0.0,0.0,0.0,0.0,0.0,0.0
2024-10-14T20:00,3600,0.0,0.0,0.0,0.0,0.0,0.0,0.0,0.0,0.0
2024-10-14T21:00,3600,0.0,0.0,0.0,0.0,0.0,0.0,0.0,0.0,0.0
2024-10-14T22:00,3600,0.0,0.0,0.0,0.0,0.0,0.0,0.0,0.0,0.0
2024-10-14T23:00,3600,0.0,0.0,0.0,0.0,0.0,0.0,0.0,0.0,0.0
2024-10-15T00:00,3600,0.0,0.0,0.0,0.0,0.0,0.0,0.0,0.0,0.0
2024-10-15T01:00,3600,0.0,0.0,0.0,0.0,0.0,0.0,0.0,0.0,0.0
2024-10-15T02:00,3600,0.0,0.0,0.0,0.0,0.0,0.0,0.0,0.0,0.0
2024-10-15T03:00,3600,0.0,0.0,0.0,0.0,0.0,0.0,0.0,0.0,0.0
2024-10-15T04:00,3600,0.0,0.0,0.0,0.0,0.0,0.0,0.0,0.0,0.0
2024-10-15T05:00,3600,0.0,0.0,0.0,0.0,0.0,0.0,0.0,0.0,0.0
2024-10-15T06:00,3600,0.0,0.016739664470000002,0.0,0.0,0.0,0.016739664470000002,35.92702847,16.73966447,11.99855284
2024-10-15T07:00,3600,0.0,0.43468264971,0.0,0.0,0.0,0.43468264971,537.58634803,434.68264971,182.87880906
2024-10-15T08:00,3600,1.0574872022599546,0.9095242529199999,0.9095242529199999,0.14796294933995469,0.0,0.0,1111.37264099,909.52425292,387.83717174
2024-10-15T09:00,3600,1.055279846567576,1.26852861577,1.055279846567576,0.0,0.0,0.21324876920242408,1547.94121421,1268.52861577,550.90149633
2024-10-15T10:00,3600,0.9710671912794576,1.4268814699500003,0.9710671912794576,0.0,0.0,0.4558142786705427,1741.27279717,1426.88146995,633.83466032
2024-10-15T11:00,3600,0.7502820041204825,1.1295468470599999,0.7502820041204825,0.0,0.0,0.37926484293951734,1378.64730714,1129.54684706,495.13202262
2024-10-15T12:00,3600,0.7983664234728989,1.4128440499000001,0.7983664234728989,0.0,0.0,0.6144776264271012,1724.11554791,1412.8440499,628.20604728
2024-10-15T13:00,3600,0.8160528327494324,1.4388918081500002,0.8160528327494324,0.0,0.0,0.6228389754005678,1755.95539939,1438.89180815,642.98078065
2024-10-15T14:00,3600,0.739176009045606,0.9617424055100001,0.739176009045606,0.0,0.0,0.22256639646439413,1174.72399369,961.74240551,420.04530919
2024-10-15T15:00,3600,0.7072248717645533,0.8078991968,0.7072248717645533,0.0,0.0,0.10067432503544671,988.22468641,807.8991968,350.77262644
2024-10-15T16:00,3600,0.5935962275378861,0.2559256147,0.2559256147,0.3376706128378861,0.0,0.0,322.64064281,255.9256147,111.25106617
2024-10-15T17:00,3600,0.5593838292146608,0.09671786654,0.09671786654,0.46266596267466076,0.0,0.0,131.68399519,96.71786654,45.05266757
2024-10-15T18:00,3600,0.0,0.0,0.0,0.0,0.0,0.0,0.0,0.0,0.0
2024-10-15T19:00,3600,0.0,0.0,0.0,0.0,0.0,0.0,0.0,0.0,0.0
2024-10-15T20:00,3600,0.0,0.0,0.0,0.0,0.0,0.0,0.0,0.0,0.0
2024-10-15T21:00,3600,0.0,0.0,0.0,0.0,0.0,0.0,0.0,0.0,0.0
2024-10-15T22:00,3600,0.0,0.0,0.0,0.0,0.0,0.0,0.0,0.0,0.0
2024-10-15T23:00,3600,0.0,0.0,0.0,0.0,0.0,0.0,0.0,0.0,0.0
2024-10-16T00:00,3600,0.0,0.0,0.0,0.0,0.0,0.0,0.0,0.0,0.0
2024-10-16T01:00,3600,0.0,0.0,0.0,0.0,0.0,0.0,0.0,0.0,0.0
2024-10-16T02:00,3600,0.0,0.0,0.0,0.0,0.0,0.0,0.0,0.0,0.0
2024-10-16T03:00,3600,0.0,0.0,0.0,0.0,0.0,0.0,0.0,0.0,0.0
2024-10-16T04:00,3600,0.0,0.0,0.0,0.0,0.0,0.0,0.0,0.0,0.0
2024-10-16T05:00,3600,0.0,0.0,0.0,0.0,0.0,0.0,0.0,0.0,0.0
2024-10-16T06:00,3600,0.0,0.00797876681,0.0,0.0,0.0,0.00797876681,25.444605,7.97876681,8.51866162
2024-10-16T07:00,3600,0.0,0.34601069408,0.0,0.0,0.0,0.34601069408,430.89126079,346.01069408,146.20951158
2024-10-16T08:00,3600,0.6589242643118012,0.7365734599500001,0.6589242643118012,0.0,0.0,0.07764919563819894,901.90639473,736.57345995,311.58621777
2024-10-16T09:00,3600,0.6701397718418701,1.25947492208,0.6701397718418701,0.0,0.0,0.5893351502381298,1536.90188837,1259.47492208,543.56686691
2024-10-16T10:00,3600,0.7856078034639552,1.37080866226,0.7856078034639552,0.0,0.0,0.5852008587960448,1672.76000245,1370.80866226,601.79371089
2024-10-16T11:00,3600,0.8439134011698127,1.6311932519599999,0.8439134011698127,0.0,0.0,0.7872798507901871,1991.41578023,1631.19325196,725.41742167
2024-10-16T12:00,3600,0.7642501294117646,1.0626429686199999,0.7642501294117646,0.0,0.0,0.2983928392082352,1297.28009715,1062.64296862,460.81577021
2024-10-16T13:00,3600,0.7612664537939816,0.97850988275,0.7612664537939816,0.0,0.0,0.21724342895601834,1195.07708129,978.50988275,426.30084641
2024-10-16T14:00,3600,0.745843958476957,0.82230508922,0.745843958476957,0.0,0.0,0.07646113074304306,1005.67000573,822.30508922,357.12594115
2024-10-16T15:00,3600,0.7321291738243033,0.7507633155900001,0.7321291738243033,0.0,0.0,0.018634141765696777,919.07150452,750.76331559,325.50997719
2024-10-16T16:00,3600,0.6076891428892597,0.41623692191,0.41623692191,0.19145222097925968,0.0,0.0,515.37973284,416.23692191,178.47059468
2024-10-16T17:00,3600,0.5542390735294118,0.07877026403000001,0.07877026403000001,0.47546880949941184,0.0,0.0,110.18565355,78.77026403,37.45646027
2024-10-16T18:00,3600,0.0,0.0,0.0,0.0,0.0,0.0,0.0,0.0,0.0
2024-10-16T19:00,3600,0.0,0.0,0.0,0.0,0.0,0.0,0.0,0.0,0.0
2024-10-16T20:00,3600,0.0,0.0,0.0,0.0,0.0,0.0,0.0,0.0,0.0
2024-10-16T21:00,3600,0.0,0.0,0.0,0.0,0.0,0.0,0.0,0.0,0.0
2024-10-16T22:00,3600,0.0,0.0,0.0,0.0,0.0,0.0,0.0,0.0,0.0
2024-10-16T23:00,3600,0.0,0.0,0.0,0.0,0.0,0.0,0.0,0.0,0.0
2024-10-17T00:00,3600,0.0,0.0,0.0,0.0,0.0,0.0,0.0,0.0,0.0
2024-10-17T01:00,3600,0.0,0.0,0.0,0.0,0.0,0.0,0.0,0.0,0.0
2024-10-17T02:00,3600,0.0,0.0,0.0,0.0,0.0,0.0,0.0,0.0,0.0
2024-10-17T03:00,3600,0.0,0.0,0.0,0.0,0.0,0.0,0.0,0.0,0.0
2024-10-17T04:00,3600,0.0,0.0,0.0,0.0,0.0,0.0,0.0,0.0,0.0
2024-10-17T05:00,3600,0.0,0.0,0.0,0.0,0.0,0.0,0.0,0.0,0.0
2024-10-17T06:00,3600,0.0,0.00810692482,0.0,0.0,0.0,0.00810692482,25.5979364,8.10692482,8.55212626
2024-10-17T07:00,3600,0.0,0.28812792794000003,0.0,0.0,0.0,0.28812792794000003,361.31978436,288.12792794,122.07804929
2024-10-17T08:00,3600,0.5777480706784267,0.7809938447099999,0.5777480706784267,0.0,0.0,0.20324577403157318,955.65291405,780.99384471,330.38711261
2024-10-17T09:00,3600,0.666073806570885,1.2852206997900002,0.666073806570885,0.0,0.0,0.6191468932191152,1568.29819297,1285.22069979,555.83947418
2024-10-17T10:00,3600,0.8466801843730059,1.69198224393,0.8466801843730059,0.0,0.0,0.8453020595569942,2065.99431951,1691.98224393,755.43051696
2024-10-17T11:00,3600,0.8614881774639479,1.78401757852,0.8614881774639479,0.0,0.0,0.9225294010560522,2179.04181253,1784.01757852,797.0497471
2024-10-17T12:00,3600,0.8646672693990975,1.78427674155,0.8646672693990975,0.0,0.0,0.9196094721509025,2179.36037332,1784.27674155,797.26416533
2024-10-17T13:00,3600,0.8176886324112387,1.41368315663,0.8176886324112387,0.0,0.0,0.5959945242187614,1725.14104228,1413.68315663,624.59498073
2024-10-17T14:00,3600,0.7478882585975944,1.08521065892,0.7478882585975944,0.0,0.0,0.33732240032240546,1324.71717955,1085.21065892,473.79282122
2024-10-17T15:00,3600,0.7145746285211939,0.9009416679,0.7145746285211939,0.0,0.0,0.18636703937880605,1100.96501855,900.9416679,391.30866287
2024-10-17T16:00,3600,0.5816792167469025,0.28557217529,0.28557217529,0.2961070414569025,0.0,0.0,358.2493157,285.57217529,123.5693733
2024-10-17T17:00,3600,0.5491907709335043,0.06727116363,0.06727116363,0.4819196073035043,0.0,0.0,96.41458981,67.27116363,32.92368155
2024-10-17T18:00,3600,0.0,0.0,0.0,0.0,0.0,0.0,0.0,0.0,0.0
2024-10-17T19:00,3600,0.0,0.0,0.0,0.0,0.0,0.0,0.0,0.0,0.0
2024-10-17T20:00,3600,0.0,0.0,0.0,0.0,0.0,0.0,0.0,0.0,0.0
2024-10-17T21:00,3600,0.0,0.0,0.0,0.0,0.0,0.0,0.0,0.0,0.0
2024-10-17T22:00,3600,0.0,0.0,0.0,0.0,0.0,0.0,0.0,0.0,0.0
2024-10-17T23:00,3600,0.0,0.0,0.0,0.0,0.0,0.0,0.0,0.0,0.0
2024-10-18T00:00,3600,0.0,0.0,0.0,0.0,0.0,0.0,0.0,0.0,0.0
2024-10-18T01:00,3600,0.0,0.0,0.0,0.0,0.0,0.0,0.0,0.0,0.0
2024-10-18T02:00,3600,0.0,0.0,0.0,0.0,0.0,0.0,0.0,0.0,0.0
2024-10-18T03:00,3600,0.0,0.0,0.0,0.0,0.0,0.0,0.0,0.0,0.0
2024-10-18T04:00,3600,0.0,0.0,0.0,0.0,0.0,0.0,0.0,0.0,0.0
2024-10-18T05:00,3600,0.0,0.0,0.0,0.0,0.0,0.0,0.0,0.0,0.0
2024-10-18T06:00,3600,0.0,0.00336078997,0.0,0.0,0.0,0.00336078997,19.91973809,3.36078997,6.65599102
2024-10-18T07:00,3600,0.0,0.13695598153,0.0,0.0,0.0,0.13695598153,179.90361561,136.95598153,60.44101488
2024-10-18T08:00,3600,0.5070234918382784,0.36324711855999997,0.36324711855999997,0.14377637327827847,0.0,0.0,451.6200058,363.24711856,153.28279844
2024-10-18T09:00,3600,0.5426470529411765,0.52651972309,0.52651972309,0.016127329851176597,0.0,0.0,648.23957127,526.51972309,221.56389141
2024-10-18T10:00,3600,0.6625589058823529,0.7778529075699999,0.6625589058823529,0.0,0.0,0.11529400168764703,951.85134356,777.85290757,332.30246101
2024-10-18T11:00,3600,0.7336707236848352,1.15277722668,0.7336707236848352,0.0,0.0,0.41910650299516483,1406.91914761,1152.77722668,500.01476287
2024-10-18T12:00,3600,0.7088841518670951,0.93147273638,0.7088841518670951,0.0,0.0,0.22258858451290497,1137.99452685,931.47273638,401.81930874
2024-10-18T13:00,3600,0.7121453385491927,0.9333344600100001,0.7121453385491927,0.0,0.0,0.22118912146080738,1140.25306905,933.33446001,403.81118375
2024-10-18T14:00,3600,0.592771332061434,0.31986513444000003,0.31986513444000003,0.2729061976214339,0.0,0.0,399.4584749,319.86513444,137.48467568
2024-10-18T15:00,3600,0.5700451097489232,0.18988300117,0.18988300117,0.3801621085789232,0.0,0.0,243.37301273,189.88300117,83.26536696
2024-10-18T16:00,3600,0.5366474649537859,0.12468725761,0.12468725761,0.4119602073437859,0.0,0.0,165.19825143,124.68725761,56.1557126
2024-10-18T17:00,3600,0.5335928027763639,0.03208363718999999,0.03208363718999999,0.5015091655863639,0.0,0.0,54.2893864,32.08363719,18.39583689
2024-10-18T18:00,3600,0.0,0.0,0.0,0.0,0.0,0.0,0.0,0.0,0.0
2024-10-18T19:00,3600,0.0,0.0,0.0,0.0,0.0,0.0,0.0,0.0,0.0
2024-10-18T20:00,3600,0.0,0.0,0.0,0.0,0.0,0.0,0.0,0.0,0.0
2024-10-18T21:00,3600,0.0,0.0,0.0,0.0,0.0,0.0,0.0,0.0,0.0
2024-10-18T22:00,3600,0.0,0.0,0.0,0.0,0.0,0.0,0.0,0.0,0.0
2024-10-18T23:00,3600,0.0,0.0,0.0,0.0,0.0,0.0,0.0,0.0,0.0
2024-10-19T00:00,3600,0.0,0.0,0.0,0.0,0.0,0.0,0.0,0.0,0.0
2024-10-19T01:00,3600,0.0,0.0,0.0,0.0,0.0,0.0,0.0,0.0,0.0
2024-10-19T02:00,3600,0.0,0.0,0.0,0.0,0.0,0.0,0.0,0.0,0.0
2024-10-19T03:00,3600,0.0,0.0,0.0,0.0,0.0,0.0,0.0,0.0,0.0
2024-10-19T04:00,3600,0.0,0.0,0.0,0.0,0.0,0.0,0.0,0.0,0.0
2024-10-19T05:00,3600,0.0,0.0,0.0,0.0,0.0,0.0,0.0,0.0,0.0
2024-10-19T06:00,3600,0.0,0.013107791410000002,0.0,0.0,0.0,0.013107791410000002,31.58132339,13.10779141,10.56835919
2024-10-19T07:00,3600,0.0,0.35335418692000004,0.0,0.0,0.0,0.35335418692000004,439.72198582,353.35418692,149.21224741
2024-10-19T08:00,3600,0.0,0.79941657694,0.0,0.0,0.0,0.79941657694,977.95414425,799.41657694,338.98934333
2024-10-19T09:00,3600,0.0,1.2428447488799998,0.0,0.0,0.0,1.2428447488799998,1516.62843342,1242.84474888,537.58854086
2024-10-19T10:00,3600,0.0,1.68640730752,0.0,0.0,0.0,1.68640730752,2059.15180746,1686.40730752,756.37775481
2024-10-19T11:00,3600,0.0,1.68533920136,0.0,0.0,0.0,1.68533920136,2057.8409134,1685.33920136,754.60956244
2024-10-19T12:00,3600,0.0,1.6776770563,0.0,0.0,0.0,1.6776770563,2048.43774954,1677.6770563,751.64901675
2024-10-19T13:00,3600,0.0,1.60107069606,0.0,0.0,0.0,1.60107069606,1954.48627064,1601.07069606,722.36008703
2024-10-19T14:00,3600,0.0,1.13917036137,0.0,0.0,0.0,1.13917036137,1390.35809722,1139.17036137,503.06432137
2024-10-19T15:00,3600,0.0,0.96148599806,0.0,0.0,0.0,0.96148599806,1174.41279564,961.48599806,421.29751413
2024-10-19T16:00,3600,0.0,0.4543851764,0.0,0.0,0.0,0.4543851764,561.31279665,454.3851764,196.16077866
2024-10-19T17:00,3600,0.0,0.12156855136,0.0,0.0,0.0,0.12156855136,161.46057928,121.56855136,55.69634335
2024-10-19T18:00,3600,0.0,0.0,0.0,0.0,0.0,0.0,0.0,0.0,0.0
2024-10-19T19:00,3600,0.0,0.0,0.0,0.0,0.0,0.0,0.0,0.0,0.0
2024-10-19T20:00,3600,0.0,0.0,0.0,0.0,0.0,0.0,0.0,0.0,0.0
2024-10-19T21:00,3600,0.0,0.0,0.0,0.0,0.0,0.0,0.0,0.0,0.0
2024-10-19T22:00,3600,0.0,0.0,0.0,0.0,0.0,0.0,0.0,0.0,0.0
2024-10-19T23:00,3600,0.0,0.0,0.0,0.0,0.0,0.0,0.0,0.0,0.0
2024-10-20T00:00,3600,0.0,0.0,0.0,0.0,0.0,0.0,0.0,0.0,0.0
2024-10-20T01:00,3600,0.0,0.0,0.0,0.0,0.0,0.0,0.0,0.0,0.0
2024-10-20T02:00,3600,0.0,0.0,0.0,0.0,0.0,0.0,0.0,0.0,0.0
2024-10-20T03:00,3600,0.0,0.0,0.0,0.0,0.0,0.0,0.0,0.0,0.0
2024-10-20T04:00,3600,0.0,0.0,0.0,0.0,0.0,0.0,0.0,0.0,0.0
2024-10-20T05:00,3600,0.0,0.0,0.0,0.0,0.0,0.0,0.0,0.0,0.0
2024-10-20T06:00,3600,0.0,0.005957485639999999,0.0,0.0,0.0,0.005957485639999999,23.02633299,5.95748564,7.70253008
2024-10-20T07:00,3600,0.0,0.27655799874000003,0.0,0.0,0.0,0.27655799874000003,347.42066368,276.55799874,117.25666548
2024-10-20T08:00,3600,0.0,0.58010779692,0.0,0.0,0.0,0.58010779692,712.87771866,580.10779692,242.86257226
2024-10-20T09:00,3600,0.0,0.695592964,0.0,0.0,0.0,0.695592964,852.3540106,695.592964,291.24983841
2024-10-20T10:00,3600,0.0,1.00139082573,0.0,0.0,0.0,1.00139082573,1222.85935407,1001.39082573,425.34664838
2024-10-20T11:00,3600,0.0,1.34702751282,0.0,0.0,0.0,1.34702751282,1643.72080946,1347.02751282,580.96885023
2024-10-20T12:00,3600,0.0,1.5069929611099997,0.0,0.0,0.0,1.5069929611099997,1839.26047132,1506.99296111,656.233136
2024-10-20T13:00,3600,0.0,1.0815331435799997,0.0,0.0,0.0,1.0815331435799997,1320.24552718,1081.53314358,466.81726114
2024-10-20T14:00,3600,0.0,1.15184741767,0.0,0.0,0.0,1.15184741767,1405.78735792,1151.84741767,499.26331777
2024-10-20T15:00,3600,0.0,1.0903686457700001,0.0,0.0,0.0,1.0903686457700001,1330.98942607,1090.36864577,471.13794184
2024-10-20T16:00,3600,0.0,0.56363276472,0.0,0.0,0.0,0.56363276472,692.99991817,563.63276472,239.55396732
2024-10-20T17:00,3600,0.0,0.11961609239000001,0.0,0.0,0.0,0.11961609239000001,159.12070627,119.61609239,54.11369243
2024-10-20T18:00,3600,0.0,0.0,0.0,0.0,0.0,0.0,0.0,0.0,0.0
2024-10-20T19:00,3600,0.0,0.0,0.0,0.0,0.0,0.0,0.0,0.0,0.0
2024-10-20T20:00,3600,0.0,0.0,0.0,0.0,0.0,0.0,0.0,0.0,0.0
2024-10-20T21:00,3600,0.0,0.0,0.0,0.0,0.0,0.0,0.0,0.0,0.0
2024-10-20T22:00,3600,0.0,0.0,0.0,0.0,0.0,0.0,0.0,0.0,0.0
2024-10-20T23:00,3600,0.0,0.0,0.0,0.0,0.0,0.0,0.0,0.0,0.0
2024-10-21T00:00,3600,0.0,0.0,0.0,0.0,0.0,0.0,0.0,0.0,0.0
2024-10-21T01:00,3600,0.0,0.0,0.0,0.0,0.0,0.0,0.0,0.0,0.0
2024-10-21T02:00,3600,0.0,0.0,0.0,0.0,0.0,0.0,0.0,0.0,0.0
2024-10-21T03:00,3600,0.0,0.0,0.0,0.0,0.0,0.0,0.0,0.0,0.0
2024-10-21T04:00,3600,0.0,0.0,0.0,0.0,0.0,0.0,0.0,0.0,0.0
2024-10-21T05:00,3600,0.0,0.0,0.0,0.0,0.0,0.0,0.0,0.0,0.0
2024-10-21T06:00,3600,0.0,0.013370573479999998,0.0,0.0,0.0,0.013370573479999998,31.89574653,13.37057348,10.64247044
2024-10-21T07:00,3600,0.0,0.32495875384,0.0,0.0,0.0,0.32495875384,405.58117621,324.95875384,136.88279656
2024-10-21T08:00,3600,0.9537175322622639,0.9444031939900001,0.9444031939900001,0.0093143382722638,0.0,0.0,1153.68237918,944.40319399,398.59654676
2024-10-21T09:00,3600,0.9595821062370333,1.48182697058,0.9595821062370333,0.0,0.0,0.5222448643429667,1808.46581735,1481.82697058,638.79269348
2024-10-21T10:00,3600,0.9838975671892366,1.8086415935299998,0.9838975671892366,0.0,0.0,0.8247440263407632,2209.31518845,1808.64159353,803.33200089
2024-10-21T11:00,3600,0.993568629852304,2.01023024428,0.993568629852304,0.0,0.0,1.0166616144276963,2457.59308376,2010.23024428,903.99714575
2024-10-21T12:00,3600,1.0036210042029396,2.00135681905,1.0036210042029396,0.0,0.0,0.9977358148470605,2446.64796694,2001.35681905,901.91553056
2024-10-21T13:00,3600,1.0127181026718945,1.86622599642,1.0127181026718945,0.0,0.0,0.8535078937481055,2280.15643661,1866.22599642,841.2874941
2024-10-21T14:00,3600,1.0082041315566819,1.05442877319,1.0082041315566819,0.0,0.0,0.046224641633318075,1287.29588835,1054.42877319,457.87854801
2024-10-21T15:00,3600,0.9989693889095844,0.92907511939,0.92907511939,0.06989426951958444,0.0,0.0,1135.08596217,929.07511939,401.64703265
2024-10-21T16:00,3600,1.0047758879289457,0.5251156406799999,0.5251156406799999,0.47966024724894574,0.0,0.0,646.54666212,525.11564068,224.35213871
2024-10-21T17:00,3600,1.0166318804688563,0.11976567329,0.11976567329,0.8968662071788563,0.0,0.0,159.29996516,119.76567329,54.37665744
2024-10-21T18:00,3600,0.0,0.0,0.0,0.0,0.0,0.0,0.0,0.0,0.0
2024-10-21T19:00,3600,0.0,0.0,0.0,0.0,0.0,0.0,0.0,0.0,0.0
2024-10-21T20:00,3600,0.0,0.0,0.0,0.0,0.0,0.0,0.0,0.0,0.0
2024-10-21T21:00,3600,0.0,0.0,0.0,0.0,0.0,0.0,0.0,0.0,0.0
2024-10-21T22:00,3600,0.0,0.0,0.0,0.0,0.0,0.0,0.0,0.0,0.0
2024-10-21T23:00,3600,0.0,0.0,0.0,0.0,0.0,0.0,0.0,0.0,0.0
2024-10-22T00:00,3600,0.0,0.0,0.0,0.0,0.0,0.0,0.0,0.0,0.0
2024-10-22T01:00,3600,0.0,0.0,0.0,0.0,0.0,0.0,0.0,0.0,0.0
2024-10-22T02:00,3600,0.0,0.0,0.0,0.0,0.0,0.0,0.0,0.0,0.0
2024-10-22T03:00,3600,0.0,0.0,0.0,0.0,0.0,0.0,0.0,0.0,0.0
2024-10-22T04:00,3600,0.0,0.0,0.0,0.0,0.0,0.0,0.0,0.0,0.0
2024-10-22T05:00,3600,0.0,0.0,0.0,0.0,0.0,0.0,0.0,0.0,0.0
2024-10-22T06:00,3600,0.0,0.016032460220000003,0.0,0.0,0.0,0.016032460220000003,35.08080736,16.03246022,11.68990099
2024-10-22T07:00,3600,0.0,0.45667685123,0.0,0.0,0.0,0.45667685123,564.07296432,456.67685123,190.88393671
2024-10-22T08:00,3600,0.9453523341064969,1.01654338685,0.9453523341064969,0.0,0.0,0.07119105274350312,1241.2630858,1016.54338685,429.80571431
2024-10-22T09:00,3600,0.7192326856341906,1.4808548163600002,0.7192326856341906,0.0,0.0,0.7616221307258095,1807.27647042,1480.85481636,638.59796261
2024-10-22T10:00,3600,0.7144976460563206,1.83481900397,0.7144976460563206,0.0,0.0,1.1203213579136795,2241.51113754,1834.81900397,814.47566412
2024-10-22T11:00,3600,0.7658000935418235,1.9720157935100002,0.7658000935418235,0.0,0.0,1.2062156999681766,2410.46752762,1972.01579351,882.74793082
2024-10-22T12:00,3600,0.7636557830268451,1.9028751859900002,0.7636557830268451,0.0,0.0,1.139219402963155,2325.27614662,1902.87518599,846.60952751
2024-10-22T13:00,3600,0.7293139928096556,1.5692049244,0.7293139928096556,0.0,0.0,0.8398909315903443,1915.43843519,1569.2049244,688.67156619
2024-10-22T14:00,3600,0.6968724778863956,1.41951292881,0.6968724778863956,0.0,0.0,0.7226404509236043,1732.26612704,1419.51292881,619.07688161
2024-10-22T15:00,3600,0.6376817890105705,1.16244800733,0.6376817890105705,0.0,0.0,0.5247662183194296,1418.69165036,1162.44800733,502.50472786
2024-10-22T16:00,3600,0.5118101464783573,0.64839549932,0.5118101464783573,0.0,0.0,0.13658535284164264,795.32227413,648.39549932,276.03834718
2024-10-22T17:00,3600,0.4326184628069285,0.12161356652000001,0.12161356652000001,0.3110048962869285,0.0,0.0,161.51452732,121.61356652,55.08497504
2024-10-22T18:00,3600,0.0,0.0,0.0,0.0,0.0,0.0,0.0,0.0,0.0
2024-10-22T19:00,3600,0.0,0.0,0.0,0.0,0.0,0.0,0.0,0.0,0.0
2024-10-22T20:00,3600,0.0,0.0,0.0,0.0,0.0,0.0,0.0,0.0,0.0
2024-10-22T21:00,3600,0.0,0.0,0.0,0.0,0.0,0.0,0.0,0.0,0.0
2024-10-22T22:00,3600,0.0,0.0,0.0,0.0,0.0,0.0,0.0,0.0,0.0
2024-10-22T23:00,3600,0.0,0.0,0.0,0.0,0.0,0.0,0.0,0.0,0.0
2024-10-23T00:00,3600,0.0,0.0,0.0,0.0,0.0,0.0,0.0,0.0,0.0
2024-10-23T01:00,3600,0.0,0.0,0.0,0.0,0.0,0.0,0.0,0.0,0.0
2024-10-23T02:00,3600,0.0,0.0,0.0,0.0,0.0,0.0,0.0,0.0,0.0
2024-10-23T03:00,3600,0.0,0.0,0.0,0.0,0.0,0.0,0.0,0.0,0.0
2024-10-23T04:00,3600,0.0,0.0,0.0,0.0,0.0,0.0,0.0,0.0,0.0
2024-10-23T05:00,3600,0.0,0.0,0.0,0.0,0.0,0.0,0.0,0.0,0.0
2024-10-23T06:00,3600,0.0,0.01391354023,0.0,0.0,0.0,0.01391354023,32.54541917,13.91354023,10.75981081
2024-10-23T07:00,3600,0.0,0.44844269726999997,0.0,0.0,0.0,0.44844269726999997,554.15592373,448.44269727,185.81931073
2024-10-23T08:00,3600,0.0,1.0270014729199999,0.0,0.0,0.0,1.0270014729199999,1253.96756734,1027.00147292,428.41624702
2024-10-23T09:00,3600,0.38837095368821084,1.53713995383,0.38837095368821084,0.0,0.0,1.148769000141789,1876.16600031,1537.13995383,649.86140164
2024-10-23T10:00,3600,0.49417043960971957,1.90195596966,0.49417043960971957,0.0,0.0,1.4077855300502804,2324.14415991,1901.95596966,822.51697155
2024-10-23T11:00,3600,0.5288660274670137,2.1025121887199996,0.5288660274670137,0.0,0.0,1.5736461612529857,2571.51098274,2102.51218872,917.4686001
2024-10-23T12:00,3600,0.529692210580483,2.09877808124,0.529692210580483,0.0,0.0,1.5690858706595168,2566.89817594,2098.77808124,917.808902
2024-10-23T13:00,3600,0.5328750117647059,1.9909498633999998,0.5328750117647059,0.0,0.0,1.458074851635294,2433.81323139,1990.9498634,871.6383443
2024-10-23T14:00,3600,0.4689485411764705,1.65352005231,0.4689485411764705,0.0,0.0,1.1845715111335295,2018.799054,1653.52005231,714.15699264
2024-10-23T15:00,3600,0.3786176588235294,1.16013590566,0.3786176588235294,0.0,0.0,0.7815182468364706,1415.87690772,1160.13590566,492.62432254
2024-10-23T16:00,3600,0.26986763529411767,0.66102916838,0.26986763529411767,0.0,0.0,0.39116153308588236,810.5843656,661.02916838,276.68960725
2024-10-23T17:00,3600,0.18222792352941175,0.12344544256000001,0.12344544256000001,0.05878248096941174,0.0,0.0,163.70995407,123.44544256,54.91371293
2024-10-23T18:00,3600,0.0,0.0,0.0,0.0,0.0,0.0,0.0,0.0,0.0
2024-10-23T19:00,3600,0.0,0.0,0.0,0.0,0.0,0.0,0.0,0.0,0.0
2024-10-23T20:00,3600,0.0,0.0,0.0,0.0,0.0,0.0,0.0,0.0,0.0
2024-10-23T21:00,3600,0.0,0.0,0.0,0.0,0.0,0.0,0.0,0.0,0.0
2024-10-23T22:00,3600,0.0,0.0,0.0,0.0,0.0,0.0,0.0,0.0,0.0
2024-10-23T23:00,3600,0.0,0.0,0.0,0.0,0.0,0.0,0.0,0.0,0.0
2024-10-24T00:00,3600,0.0,0.0,0.0,0.0,0.0,0.0,0.0,0.0,0.0
2024-10-24T01:00,3600,0.0,0.0,0.0,0.0,0.0,0.0,0.0,0.0,0.0
2024-10-24T02:00,3600,0.0,0.0,0.0,0.0,0.0,0.0,0.0,0.0,0.0
2024-10-24T03:00,3600,0.0,0.0,0.0,0.0,0.0,0.0,0.0,0.0,0.0
2024-10-24T04:00,3600,0.0,0.0,0.0,0.0,0.0,0.0,0.0,0.0,0.0
2024-10-24T05:00,3600,0.0,0.0,0.0,0.0,0.0,0.0,0.0,0.0,0.0
2024-10-24T06:00,3600,0.0,0.01675757369,0.0,0.0,0.0,0.01675757369,35.94845827,16.75757369,11.79231661
2024-10-24T07:00,3600,0.0,0.48360024172,0.0,0.0,0.0,0.48360024172,596.507483,483.60024172,198.48815067
2024-10-24T08:00,3600,0.0,1.08643459695,0.0,0.0,0.0,1.08643459695,1326.20547533,1086.43459695,450.40255853
2024-10-24T09:00,3600,0.0,1.6330586904300002,0.0,0.0,0.0,1.6330586904300002,1993.70333062,1633.05869043,688.49067865
2024-10-24T10:00,3600,0.0,1.9940018524599998,0.0,0.0,0.0,1.9940018524599998,2437.57698395,1994.00185246,866.78327145
2024-10-24T11:00,3600,0.5195922370974032,2.1710700000000003,0.5195922370974032,0.0,0.0,1.651477762902597,2687.88999192,2171.07,961.93983633
2024-10-24T12:00,3600,0.5062499352941177,2.1710700000000003,0.5062499352941177,0.0,0.0,1.6648200647058826,2712.09224896,2171.07,970.89568863
2024-10-24T13:00,3600,0.5432536852941178,2.0527494947999996,0.5432536852941178,0.0,0.0,1.5094958095058817,2510.06059383,2052.7494948,902.56279911
2024-10-24T14:00,3600,0.4851617764705882,1.7495412263999999,0.4851617764705882,0.0,0.0,1.2643794499294116,2136.67529939,1749.5412264,760.29580284
2024-10-24T15:00,3600,0.4015919264705883,1.29391901349,0.4015919264705883,0.0,0.0,0.8923270870194118,1578.9083711,1293.91901349,552.52479872
2024-10-24T16:00,3600,0.2928308882352941,0.7174377788100001,0.2928308882352941,0.0,0.0,0.4246068905747061,878.76428145,717.43777881,301.49188443
2024-10-24T17:00,3600,0.1987058823529412,0.13220064893,0.13220064893,0.0665052334229412,0.0,0.0,174.20352792,132.20064893,58.58570995
2024-10-24T18:00,3600,0.0,0.0,0.0,0.0,0.0,0.0,0.0,0.0,0.0
2024-10-24T19:00,3600,0.0,0.0,0.0,0.0,0.0,0.0,0.0,0.0,0.0
2024-10-24T20:00,3600,0.0,0.0,0.0,0.0,0.0,0.0,0.0,0.0,0.0
2024-10-24T21:00,3600,0.0,0.0,0.0,0.0,0.0,0.0,0.0,0.0,0.0
2024-10-24T22:00,3600,0.0,0.0,0.0,0.0,0.0,0.0,0.0,0.0,0.0
2024-10-24T23:00,3600,0.0,0.0,0.0,0.0,0.0,0.0,0.0,0.0,0.0
2024-10-25T00:00,3600,0.0,0.0,0.0,0.0,0.0,0.0,0.0,0.0,0.0
2024-10-25T01:00,3600,0.0,0.0,0.0,0.0,0.0,0.0,0.0,0.0,0.0
2024-10-25T02:00,3600,0.0,0.0,0.0,0.0,0.0,0.0,0.0,0.0,0.0
2024-10-25T03:00,3600,0.0,0.0,0.0,0.0,0.0,0.0,0.0,0.0,0.0
2024-10-25T04:00,3600,0.0,0.0,0.0,0.0,0.0,0.0,0.0,0.0,0.0
2024-10-25T05:00,3600,0.0,0.0,0.0,0.0,0.0,0.0,0.0,0.0,0.0
2024-10-25T06:00,3600,0.0,0.011557810969999999,0.0,0.0,0.0,0.011557810969999999,29.72677086,11.55781097,9.83443191
2024-10-25T07:00,3600,0.0,0.35811695074,0.0,0.0,0.0,0.35811695074,445.44984143,358.11695074,148.94971768
2024-10-25T08:00,3600,0.0,0.83362067777,0.0,0.0,0.0,0.83362067777,1019.37568785,833.62067777,346.00458338
2024-10-25T09:00,3600,0.0,1.2395173013199998,0.0,0.0,0.0,1.2395173013199998,1512.57264219,1239.51730132,518.98792357
2024-10-25T10:00,3600,0.0,1.27381859933,0.0,0.0,0.0,1.27381859933,1554.39209457,1273.81859933,540.74987134
2024-10-25T11:00,3600,0.6783651703012407,1.81391124943,0.6783651703012407,0.0,0.0,1.1355460791287593,2215.79534894,1813.91124943,784.84471912
2024-10-25T12:00,3600,0.5067793823529412,2.0531259201900003,0.5067793823529412,0.0,0.0,1.546346537837059,2510.52524874,2053.12592019,897.48574618
2024-10-25T13:00,3600,0.5483162294117648,1.86442714095,0.5483162294117648,0.0,0.0,1.3161109115382352,2277.94248916,1864.42714095,817.46661674
2024-10-25T14:00,3600,0.47744122941176476,1.48409411232,0.47744122941176476,0.0,0.0,1.0066528829082353,1811.23953949,1484.09411232,640.7240794
2024-10-25T15:00,3600,0.40850741176470584,1.0851987117000002,0.40850741176470584,0.0,0.0,0.6766912999352943,1324.70265199,1085.1987117,462.46125842
2024-10-25T16:00,3600,0.2999338705882353,0.50373631434,0.2999338705882353,0.0,0.0,0.2038024437517647,620.77391648,503.73631434,212.30696582
2024-10-25T17:00,3600,0.2402647588235294,0.09619905496,0.09619905496,0.1440657038635294,0.0,0.0,131.06246195,96.19905496,44.27722726
2024-10-25T18:00,3600,0.0,0.0,0.0,0.0,0.0,0.0,0.0,0.0,0.0
2024-10-25T19:00,3600,0.0,0.0,0.0,0.0,0.0,0.0,0.0,0.0,0.0
2024-10-25T20:00,3600,0.0,0.0,0.0,0.0,0.0,0.0,0.0,0.0,0.0
2024-10-25T21:00,3600,0.0,0.0,0.0,0.0,0.0,0.0,0.0,0.0,0.0
2024-10-25T22:00,3600,0.0,0.0,0.0,0.0,0.0,0.0,0.0,0.0,0.0
2024-10-25T23:00,3600,0.0,0.0,0.0,0.0,0.0,0.0,0.0,0.0,0.0
2024-10-26T00:00,3600,0.0,0.0,0.0,0.0,0.0,0.0,0.0,0.0,0.0
2024-10-26T01:00,3600,0.0,0.0,0.0,0.0,0.0,0.0,0.0,0.0,0.0
2024-10-26T02:00,3600,0.0,0.0,0.0,0.0,0.0,0.0,0.0,0.0,0.0
2024-10-26T03:00,3600,0.0,0.0,0.0,0.0,0.0,0.0,0.0,0.0,0.0
2024-10-26T04:00,3600,0.0,0.0,0.0,0.0,0.0,0.0,0.0,0.0,0.0
2024-10-26T05:00,3600,0.0,0.0,0.0,0.0,0.0,0.0,0.0,0.0,0.0
2024-10-26T06:00,3600,0.0,0.0015492241099999999,0.0,0.0,0.0,0.0015492241099999999,17.75251547,1.54922411,5.9057294
2024-10-26T07:00,3600,0.0,0.14460608876,0.0,0.0,0.0,0.14460608876,189.07443639,144.60608876,63.17547218
2024-10-26T08:00,3600,0.0,0.49111138245,0.0,0.0,0.0,0.49111138245,605.55846897,491.11138245,204.41835335
2024-10-26T09:00,3600,0.0,0.67546123578,0.0,0.0,0.0,0.67546123578,828.02257365,675.46123578,280.60773588
2024-10-26T10:00,3600,0.0,1.20319931759,0.0,0.0,0.0,1.20319931759,1468.31850869,1203.19931759,509.21488437
2024-10-26T11:00,3600,0.0,0.8540088907000001,0.0,0.0,0.0,0.8540088907000001,1044.07626957,854.0088907,358.12629957
2024-10-26T12:00,3600,0.0,0.89875113542,0.0,0.0,0.0,0.89875113542,1098.30889956,898.75113542,377.88275397
2024-10-26T13:00,3600,0.0,0.80602480675,0.0,0.0,0.0,0.80602480675,985.95510849,806.02480675,339.18747003
2024-10-26T14:00,3600,0.0,0.49312288804000004,0.0,0.0,0.0,0.49312288804000004,607.98252303,493.12288804,206.80473127
2024-10-26T15:00,3600,0.0,0.35378831045,0.0,0.0,0.0,0.35378831045,440.24406008,353.78831045,149.38844049
2024-10-26T16:00,3600,0.0,0.09860254686,0.0,0.0,0.0,0.09860254686,133.94187148,98.60254686,44.98759957
2024-10-26T17:00,3600,0.0,0.008438762450000001,0.0,0.0,0.0,0.008438762450000001,25.99495644,8.43876245,8.71381747
2024-10-26T18:00,3600,0.0,0.0,0.0,0.0,0.0,0.0,0.0,0.0,0.0
2024-10-26T19:00,3600,0.0,0.0,0.0,0.0,0.0,0.0,0.0,0.0,0.0
2024-10-26T20:00,3600,0.0,0.0,0.0,0.0,0.0,0.0,0.0,0.0,0.0
2024-10-26T21:00,3600,0.0,0.0,0.0,0.0,0.0,0.0,0.0,0.0,0.0
2024-10-26T22:00,3600,0.0,0.0,0.0,0.0,0.0,0.0,0.0,0.0,0.0
2024-10-26T23:00,3600,0.0,0.0,0.0,0.0,0.0,0.0,0.0,0.0,0.0
2024-10-27T00:00,3600,0.0,0.0,0.0,0.0,0.0,0.0,0.0,0.0,0.0
2024-10-27T01:00,3600,0.0,0.0,0.0,0.0,0.0,0.0,0.0,0.0,0.0
2024-10-27T02:00,3600,0.0,0.0,0.0,0.0,0.0,0.0,0.0,0.0,0.0
2024-10-27T03:00,3600,0.0,0.0,0.0,0.0,0.0,0.0,0.0,0.0,0.0
2024-10-27T04:00,3600,0.0,0.0,0.0,0.0,0.0,0.0,0.0,0.0,0.0
2024-10-27T05:00,3600,0.0,0.0,0.0,0.0,0.0,0.0,0.0,0.0,0.0
2024-10-27T06:00,3600,0.0,0.00688486273,0.0,0.0,0.0,0.00688486273,24.1358431,6.88486273,7.97804253
2024-10-27T07:00,3600,0.0,0.33947995871,0.0,0.0,0.0,0.33947995871,423.03871087,339.47995871,141.43300369
2024-10-27T08:00,3600,0.0,0.8497181719300001,0.0,0.0,0.0,0.8497181719300001,1038.87737334,849.71817193,353.63303317
2024-10-27T09:00,3600,0.0,1.34137385889,0.0,0.0,0.0,1.34137385889,1636.81869207,1341.37385889,567.32841459
2024-10-27T10:00,3600,0.0,1.6869910821499998,0.0,0.0,0.0,1.6869910821499998,2059.8682873,1686.99108215,730.62473032
2024-10-27T11:00,3600,0.0,1.65241191008,0.0,0.0,0.0,1.65241191008,2017.43972027,1652.41191008,716.12780295
2024-10-27T12:00,3600,0.0,1.7717884491299998,0.0,0.0,0.0,1.7717884491299998,2164.0113473,1771.78844913,770.99668425
2024-10-27T13:00,3600,0.0,1.1093683805799999,0.0,0.0,0.0,1.1093683805799999,1354.09786965,1109.36838058,474.84745276
2024-10-27T14:00,3600,0.0,0.51073138247,0.0,0.0,0.0,0.51073138247,629.20554882,510.73138247,216.40431792
2024-10-27T15:00,3600,0.0,0.40755115495000005,0.0,0.0,0.0,0.40755115495000005,504.92515689,407.55115495,172.86914568
2024-10-27T16:00,3600,0.0,0.23093136695,0.0,0.0,0.0,0.23093136695,292.63212607,230.93136695,99.02100645
2024-10-27T17:00,3600,0.0,0.042764596599999996,0.0,0.0,0.0,0.042764596599999996,67.07391258,42.7645966,22.52510168
2024-10-27T18:00,3600,0.0,0.0,0.0,0.0,0.0,0.0,0.0,0.0,0.0
2024-10-27T19:00,3600,0.0,0.0,0.0,0.0,0.0,0.0,0.0,0.0,0.0
2024-10-27T20:00,3600,0.0,0.0,0.0,0.0,0.0,0.0,0.0,0.0,0.0
2024-10-27T21:00,3600,0.0,0.0,0.0,0.0,0.0,0.0,0.0,0.0,0.0
2024-10-27T22:00,3600,0.0,0.0,0.0,0.0,0.0,0.0,0.0,0.0,0.0
2024-10-27T23:00,3600,0.0,0.0,0.0,0.0,0.0,0.0,0.0,0.0,0.0
2024-10-28T00:00,3600,0.0,0.0,0.0,0.0,0.0,0.0,0.0,0.0,0.0
2024-10-28T01:00,3600,0.0,0.0,0.0,0.0,0.0,0.0,0.0,0.0,0.0
2024-10-28T02:00,3600,0.0,0.0,0.0,0.0,0.0,0.0,0.0,0.0,0.0
2024-10-28T03:00,3600,0.0,0.0,0.0,0.0,0.0,0.0,0.0,0.0,0.0
2024-10-28T04:00,3600,0.0,0.0,0.0,0.0,0.0,0.0,0.0,0.0,0.0
2024-10-28T05:00,3600,0.0,0.0,0.0,0.0,0.0,0.0,0.0,0.0,0.0
2024-10-28T06:00,3600,0.0,0.0,0.0,0.0,0.0,0.0,8.76355963,0.0,2.90460582
2024-10-28T07:00,3600,0.0,0.22140783783,0.0,0.0,0.0,0.22140783783,281.20095773,221.40783783,93.71903112
2024-10-28T08:00,3600,0.8793840893753055,0.59645957748,0.59645957748,0.28292451189530554,0.0,0.0,732.61168956,596.45957748,247.05772847
2024-10-28T09:00,3600,0.8837115702835794,0.8915553764899999,0.8837115702835794,0.0,0.0,0.007843806206420556,1089.58434154,891.55537649,371.0581726
2024-10-28T10:00,3600,0.5575450478396808,1.1872730904,0.5575450478396808,0.0,0.0,0.6297280425603191,1448.91988959,1187.2730904,501.79267949
2024-10-28T11:00,3600,0.4070178262886667,0.97497193436,0.4070178262886667,0.0,0.0,0.5679541080713333,1190.78213378,974.97193436,410.08021908
2024-10-28T12:00,3600,0.45006762545740414,1.2653096575899998,0.45006762545740414,0.0,0.0,0.8152420321325957,1544.01610652,1265.30965759,537.8080374
2024-10-28T13:00,3600,0.4947110651757222,1.21021179597,0.4947110651757222,0.0,0.0,0.7155007307942778,1476.86142015,1210.21179597,516.3499885
2024-10-28T14:00,3600,0.39158831633780705,0.5463063002699999,0.39158831633780705,0.0,0.0,0.15471798393219288,672.10014861,546.30630027,229.78426565
2024-10-28T15:00,3600,0.34955249680885364,0.37858724929,0.34955249680885364,0.0,0.0,0.029034752481146342,470.07274119,378.58724929,159.53242581
2024-10-28T16:00,3600,0.3156446631251989,0.25264500061,0.25264500061,0.0629996625151989,0.0,0.0,318.70124425,252.64500061,107.50477992
2024-10-28T17:00,3600,0.28220722985103264,0.028395863559999998,0.028395863559999998,0.2538113662910326,0.0,0.0,49.87579234,28.39586356,16.68422558
2024-10-28T18:00,3600,0.0,0.0,0.0,0.0,0.0,0.0,0.0,0.0,0.0
2024-10-28T19:00,3600,0.0,0.0,0.0,0.0,0.0,0.0,0.0,0.0,0.0
2024-10-28T20:00,3600,0.0,0.0,0.0,0.0,0.0,0.0,0.0,0.0,0.0
2024-10-28T21:00,3600,0.0,0.0,0.0,0.0,0.0,0.0,0.0,0.0,0.0
2024-10-28T22:00,3600,0.0,0.0,0.0,0.0,0.0,0.0,0.0,0.0,0.0
2024-10-28T23:00,3600,0.0,0.0,0.0,0.0,0.0,0.0,0.0,0.0,0.0
2024-10-29T00:00,3600,0.0,0.0,0.0,0.0,0.0,0.0,0.0,0.0,0.0
2024-10-29T01:00,3600,0.0,0.0,0.0,0.0,0.0,0.0,0.0,0.0,0.0
2024-10-29T02:00,3600,0.0,0.0,0.0,0.0,0.0,0.0,0.0,0.0,0.0
2024-10-29T03:00,3600,0.0,0.0,0.0,0.0,0.0,0.0,0.0,0.0,0.0
2024-10-29T04:00,3600,0.0,0.0,0.0,0.0,0.0,0.0,0.0,0.0,0.0
2024-10-29T05:00,3600,0.0,0.0,0.0,0.0,0.0,0.0,0.0,0.0,0.0
2024-10-29T06:00,3600,0.0,0.0,0.0,0.0,0.0,0.0,8.81530446,0.0,2.90460582
2024-10-29T07:00,3600,0.0,0.10165939297,0.0,0.0,0.0,0.10165939297,137.60415495,101.65939297,45.50549124
2024-10-29T08:00,3600,0.0,0.28057181783999996,0.0,0.0,0.0,0.28057181783999996,352.24224973,280.57181784,117.08472892
2024-10-29T09:00,3600,0.0,0.35466346748,0.0,0.0,0.0,0.35466346748,441.29652878,354.66346748,146.8363652
2024-10-29T10:00,3600,0.0,0.4144383005,0.0,0.0,0.0,0.4144383005,513.21472027,414.4383005,172.33994557
2024-10-29T11:00,3600,0.0,0.60079262538,0.0,0.0,0.0,0.60079262538,737.84179696,600.79262538,249.28158928
2024-10-29T12:00,3600,0.0,0.57270799574,0.0,0.0,0.0,0.57270799574,703.94894562,572.70799574,237.8690614
2024-10-29T13:00,3600,0.48339953239657896,0.42539548139,0.42539548139,0.05800405100657896,0.0,0.0,526.40485735,425.39548139,177.84837918
2024-10-29T14:00,3600,0.26528297312208976,0.2835196612,0.26528297312208976,0.0,0.0,0.018236688077910235,355.78352021,283.5196612,119.63806108
2024-10-29T15:00,3600,0.2693252155148129,0.24580163088,0.24580163088,0.02352358463481291,0.0,0.0,310.4842688,245.80163088,104.33637779
2024-10-29T16:00,3600,0.21185771037470943,0.11650080728000001,0.11650080728000001,0.09535690309470943,0.0,0.0,155.38741546,116.50080728,51.79714559
2024-10-29T17:00,3600,0.19328536183830614,0.01839143342,0.01839143342,0.17489392841830614,0.0,0.0,37.90352421,18.39143342,12.58662524
2024-10-29T18:00,3600,0.0,0.0,0.0,0.0,0.0,0.0,0.0,0.0,0.0
2024-10-29T19:00,3600,0.0,0.0,0.0,0.0,0.0,0.0,0.0,0.0,0.0
2024-10-29T20:00,3600,0.0,0.0,0.0,0.0,0.0,0.0,0.0,0.0,0.0
2024-10-29T21:00,3600,0.0,0.0,0.0,0.0,0.0,0.0,0.0,0.0,0.0
2024-10-29T22:00,3600,0.0,0.0,0.0,0.0,0.0,0.0,0.0,0.0,0.0
2024-10-29T23:00,3600,0.0,0.0,0.0,0.0,0.0,0.0,0.0,0.0,0.0
2024-10-30T00:00,3600,0.0,0.0,0.0,0.0,0.0,0.0,0.0,0.0,0.0
2024-10-30T01:00,3600,0.0,0.0,0.0,0.0,0.0,0.0,0.0,0.0,0.0
2024-10-30T02:00,3600,0.0,0.0,0.0,0.0,0.0,0.0,0.0,0.0,0.0
2024-10-30T03:00,3600,0.0,0.0,0.0,0.0,0.0,0.0,0.0,0.0,0.0
2024-10-30T04:00,3600,0.0,0.0,0.0,0.0,0.0,0.0,0.0,0.0,0.0
2024-10-30T05:00,3600,0.0,0.0,0.0,0.0,0.0,0.0,0.0,0.0,0.0
2024-10-30T06:00,3600,0.0,0.0,0.0,0.0,0.0,0.0,11.74034388,0.0,3.87280777
2024-10-30T07:00,3600,0.0,0.26304410189,0.0,0.0,0.0,0.26304410189,331.18926595,263.04410189,110.35214447
2024-10-30T08:00,3600,0.0,0.84590343431,0.0,0.0,0.0,0.84590343431,1034.25548934,845.90343431,352.03769535
2024-10-30T09:00,3600,0.0,0.88422814469,0.0,0.0,0.0,0.88422814469,1080.70135905,884.22814469,368.65200616
2024-10-30T10:00,3600,0.0,1.31667686145,0.0,0.0,0.0,1.31667686145,1606.67505227,1316.67686145,563.10931586
2024-10-30T11:00,3600,0.7342502729935297,2.02572615389,0.7342502729935297,0.0,0.0,1.2914758808964701,2476.71051298,2025.72615389,894.47923589
2024-10-30T12:00,3600,0.5445998846761223,1.90825383616,0.5445998846761223,0.0,0.0,1.3636539514838777,2331.90011652,1908.25383616,838.65208913
2024-10-30T13:00,3600,0.4898750444310345,1.28111016193,0.4898750444310345,0.0,0.0,0.7912351174989656,1563.28466489,1281.11016193,551.9244572
2024-10-30T14:00,3600,0.42054244043053884,0.88376786868,0.42054244043053884,0.0,0.0,0.46322542824946117,1080.14338822,883.76786868,375.1420878
2024-10-30T15:00,3600,0.36943037871535,0.70244204054,0.36943037871535,0.0,0.0,0.33301166182465003,860.63357081,702.44204054,296.47095261
2024-10-30T16:00,3600,0.2592754499043613,0.16492290045,0.16492290045,0.0943525494543613,0.0,0.0,213.43495603,164.92290045,71.79893437
2024-10-30T17:00,3600,0.23564395662807872,0.0286092531,0.0286092531,0.2070347035280787,0.0,0.0,50.13117422,28.6092531,16.80162922
2024-10-30T18:00,3600,0.0,0.0,0.0,0.0,0.0,0.0,0.0,0.0,0.0
2024-10-30T19:00,3600,0.0,0.0,0.0,0.0,0.0,0.0,0.0,0.0,0.0
2024-10-30T20:00,3600,0.0,0.0,0.0,0.0,0.0,0.0,0.0,0.0,0.0
2024-10-30T21:00,3600,0.0,0.0,0.0,0.0,0.0,0.0,0.0,0.0,0.0
2024-10-30T22:00,3600,0.0,0.0,0.0,0.0,0.0,0.0,0.0,0.0,0.0
2024-10-30T23:00,3600,0.0,0.0,0.0,0.0,0.0,0.0,0.0,0.0,0.0
2024-10-31T00:00,3600,0.0,0.0,0.0,0.0,0.0,0.0,0.0,0.0,0.0
2024-10-31T01:00,3600,0.0,0.0,0.0,0.0,0.0,0.0,0.0,0.0,0.0
2024-10-31T02:00,3600,0.0,0.0,0.0,0.0,0.0,0.0,0.0,0.0,0.0
2024-10-31T03:00,3600,0.0,0.0,0.0,0.0,0.0,0.0,0.0,0.0,0.0
2024-10-31T04:00,3600,0.0,0.0,0.0,0.0,0.0,0.0,0.0,0.0,0.0
2024-10-31T05:00,3600,0.0,0.0,0.0,0.0,0.0,0.0,0.0,0.0,0.0
2024-10-31T06:00,3600,0.0,0.007294789029999999,0.0,0.0,0.0,0.007294789029999999,24.62628208,7.29478903,8.13789394
2024-10-31T07:00,3600,0.0,0.43232445526999996,0.0,0.0,0.0,0.43232445526999996,534.74700043,432.32445527,179.26431058
2024-10-31T08:00,3600,0.0,1.00617811869,0.0,0.0,0.0,1.00617811869,1228.67336048,1006.17811869,419.8790083
2024-10-31T09:00,3600,0.0,1.50942862137,0.0,0.0,0.0,1.50942862137,1842.24153234,1509.42862137,639.64115798
2024-10-31T10:00,3600,0.0,1.8401338737500001,0.0,0.0,0.0,1.8401338737500001,2248.04957857,1840.13387375,803.12040773
2024-10-31T11:00,3600,0.815294117647059,2.0415380612100003,0.815294117647059,0.0,0.0,1.2262439435629413,2496.22260111,2041.53806121,898.30870976
2024-10-31T12:00,3600,0.6538931853290109,2.06944592826,0.6538931853290109,0.0,0.0,1.415552742930989,2530.67311869,2069.44592826,912.07940457
2024-10-31T13:00,3600,0.6178971459548414,1.9088430514599999,0.6178971459548414,0.0,0.0,1.2909459055051586,2332.62578691,1908.84305146,844.89371584
2024-10-31T14:00,3600,0.5614196336471101,1.60941606051,0.5614196336471101,0.0,0.0,1.0479964268628899,1964.71574932,1609.41606051,704.08688243
2024-10-31T15:00,3600,0.48524677747728323,1.1673226131199999,0.48524677747728323,0.0,0.0,0.6820758356427166,1424.62630149,1167.32261312,502.73568034
2024-10-31T16:00,3600,0.3806113452637747,0.62260480853,0.3806113452637747,0.0,0.0,0.24199346326622528,764.17488834,622.60480853,264.57888474
2024-10-31T17:00,3600,0.30090616190482566,0.08930725669,0.08930725669,0.21159890521482566,0.0,0.0,122.8065821,89.30725669,41.72806781
2024-10-31T18:00,3600,0.0,0.0,0.0,0.0,0.0,0.0,0.0,0.0,0.0
2024-10-31T19:00,3600,0.0,0.0,0.0,0.0,0.0,0.0,0.0,0.0,0.0
2024-10-31T20:00,3600,0.0,0.0,0.0,0.0,0.0,0.0,0.0,0.0,0.0
2024-10-31T21:00,3600,0.0,0.0,0.0,0.0,0.0,0.0,0.0,0.0,0.0
2024-10-31T22:00,3600,0.0,0.0,0.0,0.0,0.0,0.0,0.0,0.0,0.0
2024-10-31T23:00,3600,0.0,0.0,0.0,0.0,0.0,0.0,0.0,0.0,0.0
2024-11-01T00:00,3600,0.0,0.0,0.0,0.0,0.0,0.0,0.0,0.0,0.0
2024-11-01T01:00,3600,0.0,0.0,0.0,0.0,0.0,0.0,0.0,0.0,0.0
2024-11-01T02:00,3600,0.0,0.0,0.0,0.0,0.0,0.0,0.0,0.0,0.0
2024-11-01T03:00,3600,0.0,0.0,0.0,0.0,0.0,0.0,0.0,0.0,0.0
2024-11-01T04:00,3600,0.0,0.0,0.0,0.0,0.0,0.0,0.0,0.0,0.0
2024-11-01T05:00,3600,0.0,0.0,0.0,0.0,0.0,0.0,0.0,0.0,0.0
2024-11-01T06:00,3600,0.0,0.0073035209700000004,0.0,0.0,0.0,0.0073035209700000004,24.63672907,7.30352097,8.17804653
2024-11-01T07:00,3600,0.0,0.41793733480999995,0.0,0.0,0.0,0.41793733480999995,517.42658486,417.93733481,174.11042421
2024-11-01T08:00,3600,0.0,0.97376102291,0.0,0.0,0.0,0.97376102291,1189.3121822,973.76102291,408.6073817
2024-11-01T09:00,3600,0.4804251037414705,1.4733758112800002,0.4804251037414705,0.0,0.0,0.9929507075385297,1798.12715071,1473.37581128,627.83727598
2024-11-01T10:00,3600,0.5154046010032333,1.81225974131,0.5154046010032333,0.0,0.0,1.2968551403067665,2213.76441167,1812.25974131,790.53841852
2024-11-01T11:00,3600,0.5677229660050904,2.0054328307200002,0.5677229660050904,0.0,0.0,1.4377098647149098,2451.67542121,2005.43283072,883.21305661
2024-11-01T12:00,3600,0.5852017197596683,2.02979851718,0.5852017197596683,0.0,0.0,1.4445967974203318,2481.73539471,2029.79851718,896.76660569
2024-11-01T13:00,3600,0.6136365871441215,1.8826044957799999,0.6136365871441215,0.0,0.0,1.2689679086358785,2300.31720175,1882.60449578,829.83372599
2024-11-01T14:00,3600,0.5545435374526078,1.57542339208,0.5545435374526078,0.0,0.0,1.0208798546273923,1923.0569339,1575.42339208,684.6968096
2024-11-01T15:00,3600,0.47506833801959203,1.14301930066,0.47506833801959203,0.0,0.0,0.667950962640408,1395.04232906,1143.01930066,489.35132018
2024-11-01T16:00,3600,0.34568345155607616,0.59555927226,0.34568345155607616,0.0,0.0,0.2498758207039239,731.52503938,595.55927226,250.81622768
2024-11-01T17:00,3600,0.27084622941827685,0.08450802292,0.08450802292,0.18633820649827687,0.0,0.0,117.05794323,84.50802292,39.43183305
2024-11-01T18:00,3600,0.0,0.0,0.0,0.0,0.0,0.0,0.0,0.0,0.0
2024-11-01T19:00,3600,0.0,0.0,0.0,0.0,0.0,0.0,0.0,0.0,0.0
2024-11-01T20:00,3600,0.0,0.0,0.0,0.0,0.0,0.0,0.0,0.0,0.0
2024-11-01T21:00,3600,0.0,0.0,0.0,0.0,0.0,0.0,0.0,0.0,0.0
2024-11-01T22:00,3600,0.0,0.0,0.0,0.0,0.0,0.0,0.0,0.0,0.0
2024-11-01T23:00,3600,0.0,0.0,0.0,0.0,0.0,0.0,0.0,0.0,0.0
2024-11-02T00:00,3600,0.0,0.0,0.0,0.0,0.0,0.0,0.0,0.0,0.0
2024-11-02T01:00,3600,0.0,0.0,0.0,0.0,0.0,0.0,0.0,0.0,0.0
2024-11-02T02:00,3600,0.0,0.0,0.0,0.0,0.0,0.0,0.0,0.0,0.0
2024-11-02T03:00,3600,0.0,0.0,0.0,0.0,0.0,0.0,0.0,0.0,0.0
2024-11-02T04:00,3600,0.0,0.0,0.0,0.0,0.0,0.0,0.0,0.0,0.0
2024-11-02T05:00,3600,0.0,0.0,0.0,0.0,0.0,0.0,0.0,0.0,0.0
2024-11-02T06:00,3600,0.0,0.00443942472,0.0,0.0,0.0,0.00443942472,21.21016407,4.43942472,7.01285022
2024-11-02T07:00,3600,0.0,0.38809340849999996,0.0,0.0,0.0,0.38809340849999996,481.50988427,388.0934085,161.27111687
2024-11-02T08:00,3600,0.0,0.83097632909,0.0,0.0,0.0,0.83097632909,1016.17258559,830.97632909,345.97504666
2024-11-02T09:00,3600,0.0,1.17597577231,0.0,0.0,0.0,1.17597577231,1435.16229356,1175.97577231,494.0737216
2024-11-02T10:00,3600,0.0,1.6350999774100001,0.0,0.0,0.0,1.6350999774100001,1996.20659664,1635.09997741,704.90657498
2024-11-02T11:00,3600,0.0,1.48961588265,0.0,0.0,0.0,1.48961588265,1817.99552659,1489.61588265,637.88332345
2024-11-02T12:00,3600,0.0,1.7065534111899998,0.0,0.0,0.0,1.7065534111899998,2083.88134748,1706.55341119,736.59023985
2024-11-02T13:00,3600,0.0,1.50999309599,0.0,0.0,0.0,1.50999309599,1842.93242196,1509.99309599,650.83384655
2024-11-02T14:00,3600,0.0,0.5844561912499999,0.0,0.0,0.0,0.5844561912499999,718.12505716,584.45619125,245.20288197
2024-11-02T15:00,3600,0.0,0.45056495422,0.0,0.0,0.0,0.45056495422,556.71180784,450.56495422,189.41648762
2024-11-02T16:00,3600,0.0,0.19769886740999998,0.0,0.0,0.0,0.19769886740999998,252.74993545,197.69886741,85.06315886
2024-11-02T17:00,3600,0.0,0.021940732480000003,0.0,0.0,0.0,0.021940732480000003,42.15075544,21.94073248,14.09308508
2024-11-02T18:00,3600,0.0,0.0,0.0,0.0,0.0,0.0,0.0,0.0,0.0
2024-11-02T19:00,3600,0.0,0.0,0.0,0.0,0.0,0.0,0.0,0.0,0.0
2024-11-02T20:00,3600,0.0,0.0,0.0,0.0,0.0,0.0,0.0,0.0,0.0
2024-11-02T21:00,3600,0.0,0.0,0.0,0.0,0.0,0.0,0.0,0.0,0.0
2024-11-02T22:00,3600,0.0,0.0,0.0,0.0,0.0,0.0,0.0,0.0,0.0
2024-11-02T23:00,3600,0.0,0.0,0.0,0.0,0.0,0.0,0.0,0.0,0.0
2024-11-03T00:00,3600,0.0,0.0,0.0,0.0,0.0,0.0,0.0,0.0,0.0
2024-11-03T01:00,3600,0.0,0.0,0.0,0.0,0.0,0.0,0.0,0.0,0.0
2024-11-03T02:00,3600,0.0,0.0,0.0,0.0,0.0,0.0,0.0,0.0,0.0
2024-11-03T03:00,3600,0.0,0.0,0.0,0.0,0.0,0.0,0.0,0.0,0.0
2024-11-03T04:00,3600,0.0,0.0,0.0,0.0,0.0,0.0,0.0,0.0,0.0
2024-11-03T05:00,3600,0.0,0.0,0.0,0.0,0.0,0.0,0.0,0.0,0.0
2024-11-03T06:00,3600,0.0,0.0,0.0,0.0,0.0,0.0,15.37467716,0.0,5.09880252
2024-11-03T07:00,3600,0.0,0.24250423195999998,0.0,0.0,0.0,0.24250423195999998,306.52531317,242.50423196,102.52334065
2024-11-03T08:00,3600,0.0,0.7665316007699999,0.0,0.0,0.0,0.7665316007699999,938.15032742,766.53160077,319.83644659
2024-11-03T09:00,3600,0.0,1.29942351,0.0,0.0,0.0,1.29942351,1585.62347424,1299.42351,550.86743216
2024-11-03T10:00,3600,0.0,1.73271125347,0.0,0.0,0.0,1.73271125347,2116.0019501,1732.71125347,759.61736701
2024-11-03T11:00,3600,0.0,1.71798909147,0.0,0.0,0.0,1.71798909147,2097.92221372,1717.98909147,755.12791541
2024-11-03T12:00,3600,0.0,1.41838455527,0.0,0.0,0.0,1.41838455527,1730.88699095,1418.38455527,615.82308863
2024-11-03T13:00,3600,0.0,1.43190522316,0.0,0.0,0.0,1.43190522316,1747.41398862,1431.90522316,624.99206568
2024-11-03T14:00,3600,0.0,1.11927153581,0.0,0.0,0.0,1.11927153581,1366.14525513,1119.27153581,483.23157979
2024-11-03T15:00,3600,0.0,0.71057788469,0.0,0.0,0.0,0.71057788469,870.4697644,710.57788469,302.86773673
2024-11-03T16:00,3600,0.0,0.38087625718999996,0.0,0.0,0.0,0.38087625718999996,472.82656591,380.87625719,161.4630762
2024-11-03T17:00,3600,0.0,0.045788470399999996,0.0,0.0,0.0,0.045788470399999996,70.69369233,45.7884704,23.82066637
2024-11-03T18:00,3600,0.0,0.0,0.0,0.0,0.0,0.0,0.0,0.0,0.0
2024-11-03T19:00,3600,0.0,0.0,0.0,0.0,0.0,0.0,0.0,0.0,0.0
2024-11-03T20:00,3600,0.0,0.0,0.0,0.0,0.0,0.0,0.0,0.0,0.0
2024-11-03T21:00,3600,0.0,0.0,0.0,0.0,0.0,0.0,0.0,0.0,0.0
2024-11-03T22:00,3600,0.0,0.0,0.0,0.0,0.0,0.0,0.0,0.0,0.0
2024-11-03T23:00,3600,0.0,0.0,0.0,0.0,0.0,0.0,0.0,0.0,0.0
2024-11-04T00:00,3600,0.0,0.0,0.0,0.0,0.0,0.0,0.0,0.0,0.0
2024-11-04T01:00,3600,0.0,0.0,0.0,0.0,0.0,0.0,0.0,0.0,0.0
2024-11-04T02:00,3600,0.0,0.0,0.0,0.0,0.0,0.0,0.0,0.0,0.0
2024-11-04T03:00,3600,0.0,0.0,0.0,0.0,0.0,0.0,0.0,0.0,0.0
2024-11-04T04:00,3600,0.0,0.0,0.0,0.0,0.0,0.0,0.0,0.0,0.0
2024-11-04T05:00,3600,0.0,0.0,0.0,0.0,0.0,0.0,0.0,0.0,0.0
2024-11-04T06:00,3600,0.0,0.0,0.0,0.0,0.0,0.0,8.74505442,0.0,2.90460582
2024-11-04T07:00,3600,0.0,0.11622970287,0.0,0.0,0.0,0.11622970287,155.06253792,116.22970287,51.78650649
2024-11-04T08:00,3600,0.8613443256372054,0.31789736166,0.31789736166,0.5434469639772055,0.0,0.0,397.09327086,317.89736166,133.5068945
2024-11-04T09:00,3600,0.8720463548150449,0.80457975798,0.80457975798,0.06746659683504486,0.0,0.0,984.20543626,804.57975798,337.7078954
2024-11-04T10:00,3600,0.860650282630479,1.2249366938900002,0.860650282630479,0.0,0.0,0.3642864112595211,1494.80293664,1224.93669389,526.64017507
2024-11-04T11:00,3600,0.6745456017876547,1.44572938094,0.6745456017876547,0.0,0.0,0.7711837791523454,1764.31552966,1445.72938094,627.53347825
2024-11-04T12:00,3600,0.5962919490523885,1.7943356154699999,0.5962919490523885,0.0,0.0,1.1980436664176115,2191.72564476,1794.33561547,792.96012831
2024-11-04T13:00,3600,0.593696109451158,1.5763484214099999,0.593696109451158,0.0,0.0,0.9826523119588418,1924.19028795,1576.34842141,691.58255921
2024-11-04T14:00,3600,0.47407169928678516,0.7927562539699999,0.47407169928678516,0.0,0.0,0.31868455468321477,969.89091903,792.75625397,337.0856976
2024-11-04T15:00,3600,0.40262034496612054,0.5155929084800001,0.40262034496612054,0.0,0.0,0.11297256351387952,635.06599967,515.59290848,218.20222132
2024-11-04T16:00,3600,0.33118161280959263,0.21798134521,0.21798134521,0.11320026759959262,0.0,0.0,277.08850806,217.98134521,93.81454587
2024-11-04T17:00,3600,0.29176766531560555,0.026846886179999998,0.026846886179999998,0.2649207791356056,0.0,0.0,48.02202017,26.84688618,16.14755348
2024-11-04T18:00,3600,0.0,0.0,0.0,0.0,0.0,0.0,0.0,0.0,0.0
2024-11-04T19:00,3600,0.0,0.0,0.0,0.0,0.0,0.0,0.0,0.0,0.0
2024-11-04T20:00,3600,0.0,0.0,0.0,0.0,0.0,0.0,0.0,0.0,0.0
2024-11-04T21:00,3600,0.0,0.0,0.0,0.0,0.0,0.0,0.0,0.0,0.0
2024-11-04T22:00,3600,0.0,0.0,0.0,0.0,0.0,0.0,0.0,0.0,0.0
2024-11-04T23:00,3600,0.0,0.0,0.0,0.0,0.0,0.0,0.0,0.0,0.0
2024-11-05T00:00,3600,0.0,0.0,0.0,0.0,0.0,0.0,0.0,0.0,0.0
2024-11-05T01:00,3600,0.0,0.0,0.0,0.0,0.0,0.0,0.0,0.0,0.0
2024-11-05T02:00,3600,0.0,0.0,0.0,0.0,0.0,0.0,0.0,0.0,0.0
2024-11-05T03:00,3600,0.0,0.0,0.0,0.0,0.0,0.0,0.0,0.0,0.0
2024-11-05T04:00,3600,0.0,0.0,0.0,0.0,0.0,0.0,0.0,0.0,0.0
2024-11-05T05:00,3600,0.0,0.0,0.0,0.0,0.0,0.0,0.0,0.0,0.0
2024-11-05T06:00,3600,0.0,0.0,0.0,0.0,0.0,0.0,8.75734133,0.0,2.90460582
2024-11-05T07:00,3600,0.0,0.24922279319,0.0,0.0,0.0,0.24922279319,314.59202424,249.22279319,105.26547487
2024-11-05T08:00,3600,0.0,0.76930251103,0.0,0.0,0.0,0.76930251103,941.50345864,769.30251103,321.10687007
2024-11-05T09:00,3600,0.0,1.26173374674,0.0,0.0,0.0,1.26173374674,1539.65596856,1261.73374674,533.67485664
2024-11-05T10:00,3600,0.6063324559596243,1.55676290808,0.6063324559596243,0.0,0.0,0.9504304521203758,1900.19742077,1556.76290808,672.6319846
2024-11-05T11:00,3600,0.5137439657379459,1.72119738846,0.5137439657379459,0.0,0.0,1.2074534227220541,2101.86184937,1721.19738846,750.06229305
2024-11-05T12:00,3600,0.5386734049718268,1.76084874069,0.5386734049718268,0.0,0.0,1.2221753357181733,2150.56810515,1760.84874069,769.76931925
2024-11-05T13:00,3600,0.5259317180989889,1.43932800198,0.5259317180989889,0.0,0.0,0.9133962838810112,1756.48869634,1439.32800198,624.62068042
2024-11-05T14:00,3600,0.3892929565009642,0.6743104961799999,0.3892929565009642,0.0,0.0,0.28501753967903576,826.63200023,674.31049618,285.37969771
2024-11-05T15:00,3600,0.3162016559524919,0.29822229068,0.29822229068,0.017979365272491887,0.0,0.0,373.44824763,298.22229068,127.1502854
2024-11-05T16:00,3600,0.2842124568519004,0.31722763733,0.2842124568519004,0.0,0.0,0.03301518047809959,396.28829811,317.22763733,134.69249403
2024-11-05T17:00,3600,0.2473728027580494,0.06175441044,0.06175441044,0.1856183923180494,0.0,0.0,89.80868423,61.75441044,30.24999169
2024-11-05T18:00,3600,0.0,0.0,0.0,0.0,0.0,0.0,0.0,0.0,0.0
2024-11-05T19:00,3600,0.0,0.0,0.0,0.0,0.0,0.0,0.0,0.0,0.0
2024-11-05T20:00,3600,0.0,0.0,0.0,0.0,0.0,0.0,0.0,0.0,0.0
2024-11-05T21:00,3600,0.0,0.0,0.0,0.0,0.0,0.0,0.0,0.0,0.0
2024-11-05T22:00,3600,0.0,0.0,0.0,0.0,0.0,0.0,0.0,0.0,0.0
2024-11-05T23:00,3600,0.0,0.0,0.0,0.0,0.0,0.0,0.0,0.0,0.0
2024-11-06T00:00,3600,0.0,0.0,0.0,0.0,0.0,0.0,0.0,0.0,0.0
2024-11-06T01:00,3600,0.0,0.0,0.0,0.0,0.0,0.0,0.0,0.0,0.0
2024-11-06T02:00,3600,0.0,0.0,0.0,0.0,0.0,0.0,0.0,0.0,0.0
2024-11-06T03:00,3600,0.0,0.0,0.0,0.0,0.0,0.0,0.0,0.0,0.0
2024-11-06T04:00,3600,0.0,0.0,0.0,0.0,0.0,0.0,0.0,0.0,0.0
2024-11-06T05:00,3600,0.0,0.0,0.0,0.0,0.0,0.0,0.0,0.0,0.0
2024-11-06T06:00,3600,0.0,0.0,0.0,0.0,0.0,0.0,15.63003338,0.0,5.15992621
2024-11-06T07:00,3600,0.0,0.33306522363,0.0,0.0,0.0,0.33306522363,415.32638617,333.06522363,138.59023523
2024-11-06T08:00,3600,0.0,0.88268173679,0.0,0.0,0.0,0.88268173679,1078.82673737,882.68173679,366.62905276
2024-11-06T09:00,3600,0.0,1.43536249077,0.0,0.0,0.0,1.43536249077,1751.64053665,1435.36249077,605.90724207
2024-11-06T10:00,3600,0.0,1.7832812109399998,0.0,0.0,0.0,1.7832812109399998,2178.1366834,1783.28121094,775.14798971
2024-11-06T11:00,3600,0.815294117647059,1.98388281334,0.815294117647059,0.0,0.0,1.168588695692941,2425.09874712,1983.88281334,872.21855194
2024-11-06T12:00,3600,0.5868468752695176,1.96235010651,0.5868468752695176,0.0,0.0,1.3755032312404825,2398.55241735,1962.35010651,865.00936997
2024-11-06T13:00,3600,0.5453885979152021,1.85876445989,0.5453885979152021,0.0,0.0,1.313375861974798,2270.97353272,1858.76445989,821.21194879
2024-11-06T14:00,3600,0.4958984271310311,1.57586494595,0.4958984271310311,0.0,0.0,1.0799665188189689,1923.59792755,1575.86494595,687.84372709
2024-11-06T15:00,3600,0.4050990059891405,1.1020583998699998,0.4050990059891405,0.0,0.0,0.6969593938808593,1345.20630414,1102.05839987,472.13734508
2024-11-06T16:00,3600,0.29938239411764705,0.59027700495,0.29938239411764705,0.0,0.0,0.29089461083235296,725.1497466,590.27700495,249.07297743
2024-11-06T17:00,3600,0.22526474705882352,0.07196351215999999,0.07196351215999999,0.15330123489882352,0.0,0.0,102.03375701,71.96351216,34.40839627
2024-11-06T18:00,3600,0.0,0.0,0.0,0.0,0.0,0.0,0.0,0.0,0.0
2024-11-06T19:00,3600,0.0,0.0,0.0,0.0,0.0,0.0,0.0,0.0,0.0
2024-11-06T20:00,3600,0.0,0.0,0.0,0.0,0.0,0.0,0.0,0.0,0.0
2024-11-06T21:00,3600,0.0,0.0,0.0,0.0,0.0,0.0,0.0,0.0,0.0
2024-11-06T22:00,3600,0.0,0.0,0.0,0.0,0.0,0.0,0.0,0.0,0.0
2024-11-06T23:00,3600,0.0,0.0,0.0,0.0,0.0,0.0,0.0,0.0,0.0
2024-11-07T00:00,3600,0.0,0.0,0.0,0.0,0.0,0.0,0.0,0.0,0.0
2024-11-07T01:00,3600,0.0,0.0,0.0,0.0,0.0,0.0,0.0,0.0,0.0
2024-11-07T02:00,3600,0.0,0.0,0.0,0.0,0.0,0.0,0.0,0.0,0.0
2024-11-07T03:00,3600,0.0,0.0,0.0,0.0,0.0,0.0,0.0,0.0,0.0
2024-11-07T04:00,3600,0.0,0.0,0.0,0.0,0.0,0.0,0.0,0.0,0.0
2024-11-07T05:00,3600,0.0,0.0,0.0,0.0,0.0,0.0,0.0,0.0,0.0
2024-11-07T06:00,3600,0.0,0.0,0.0,0.0,0.0,0.0,15.7827686,0.0,5.17815928
2024-11-07T07:00,3600,0.0,0.41802822637000003,0.0,0.0,0.0,0.41802822637000003,517.53599597,418.02822637,172.25385336
2024-11-07T08:00,3600,0.0,0.9777221140499999,0.0,0.0,0.0,0.9777221140499999,1194.12073716,977.72211405,405.3396378
2024-11-07T09:00,3600,0.0,1.51045257692,0.0,0.0,0.0,1.51045257692,1843.49480885,1510.45257692,638.35392802
2024-11-07T10:00,3600,0.0,1.8589673842399999,0.0,0.0,0.0,1.8589673842399999,2271.22325727,1858.96738424,808.57378774
2024-11-07T11:00,3600,0.5775895230414307,2.06116048407,0.5775895230414307,0.0,0.0,1.4835709610285694,2520.44367363,2061.16048407,906.50595583
2024-11-07T12:00,3600,0.5053896764705883,2.09386785363,0.5053896764705883,0.0,0.0,1.5884781771594116,2560.83290166,2093.86785363,923.75345386
2024-11-07T13:00,3600,0.5273051735294118,1.9426034343199998,0.5273051735294118,0.0,0.0,1.4152982607905882,2374.21587486,1942.60343432,857.61691589
2024-11-07T14:00,3600,0.4658823764705882,1.63843796719,0.4658823764705882,0.0,0.0,1.1725555907194118,2000.30020336,1638.43796719,713.37733502
2024-11-07T15:00,3600,0.3829632588235294,1.18625049179,0.3829632588235294,0.0,0.0,0.8032872329664706,1447.674496,1186.25049179,507.2966768
2024-11-07T16:00,3600,0.2564338117647059,0.6282702048400001,0.2564338117647059,0.0,0.0,0.37183639307529415,771.0159418,628.27020484,263.52214044
2024-11-07T17:00,3600,0.17694483823529408,0.07958413638,0.07958413638,0.09736070185529408,0.0,0.0,111.1604178,79.58413638,37.26207485
2024-11-07T18:00,3600,0.0,0.0,0.0,0.0,0.0,0.0,0.0,0.0,0.0
2024-11-07T19:00,3600,0.0,0.0,0.0,0.0,0.0,0.0,0.0,0.0,0.0
2024-11-07T20:00,3600,0.0,0.0,0.0,0.0,0.0,0.0,0.0,0.0,0.0
2024-11-07T21:00,3600,0.0,0.0,0.0,0.0,0.0,0.0,0.0,0.0,0.0
2024-11-07T22:00,3600,0.0,0.0,0.0,0.0,0.0,0.0,0.0,0.0,0.0
2024-11-07T23:00,3600,0.0,0.0,0.0,0.0,0.0,0.0,0.0,0.0,0.0
2024-11-08T00:00,3600,0.0,0.0,0.0,0.0,0.0,0.0,0.0,0.0,0.0
2024-11-08T01:00,3600,0.0,0.0,0.0,0.0,0.0,0.0,0.0,0.0,0.0
2024-11-08T02:00,3600,0.0,0.0,0.0,0.0,0.0,0.0,0.0,0.0,0.0
2024-11-08T03:00,3600,0.0,0.0,0.0,0.0,0.0,0.0,0.0,0.0,0.0
2024-11-08T04:00,3600,0.0,0.0,0.0,0.0,0.0,0.0,0.0,0.0,0.0
2024-11-08T05:00,3600,0.0,0.0,0.0,0.0,0.0,0.0,0.0,0.0,0.0
2024-11-08T06:00,3600,0.0,5.0937459999999995e-05,0.0,0.0,0.0,5.0937459999999995e-05,15.96012071,0.05093746,5.19524429
2024-11-08T07:00,3600,0.0,0.43341473757,0.0,0.0,0.0,0.43341473757,536.05972551,433.41473757,177.15989622
2024-11-08T08:00,3600,0.0,1.0216866251899999,0.0,0.0,0.0,1.0216866251899999,1247.51083755,1021.68662519,421.48111953
2024-11-08T09:00,3600,0.0,1.53432436127,0.0,0.0,0.0,1.53432436127,1872.71846067,1534.32436127,645.56303981
2024-11-08T10:00,3600,0.0,1.8711502470899999,0.0,0.0,0.0,1.8711502470899999,2286.21729402,1871.15024709,813.16860743
2024-11-08T11:00,3600,0.0,2.06542393164,0.0,0.0,0.0,2.06542393164,2525.70728035,2065.42393164,907.25433024
2024-11-08T12:00,3600,0.0,2.0915205451400003,0.0,0.0,0.0,2.0915205451400003,2557.93359526,2091.52054514,922.06735136
2024-11-08T13:00,3600,0.815294117647059,1.9323034663299998,0.815294117647059,0.0,0.0,1.1170093486829409,2361.52480211,1932.30346633,854.56864658
2024-11-08T14:00,3600,0.5153158933563811,1.6266457909499998,0.5153158933563811,0.0,0.0,1.1113298975936188,1985.83959665,1626.64579095,709.82623709
2024-11-08T15:00,3600,0.3862941470588236,1.17658790909,0.3862941470588236,0.0,0.0,0.7902937620311764,1435.90767758,1176.58790909,503.97099075
2024-11-08T16:00,3600,0.2774448676470588,0.61357181039,0.2774448676470588,0.0,0.0,0.3361269427429412,753.26861265,613.57181039,258.33543477
2024-11-08T17:00,3600,0.19416177058823525,0.07334836403,0.07334836403,0.12081340655823525,0.0,0.0,103.69221544,73.34836403,34.8417597
2024-11-08T18:00,3600,0.0,0.0,0.0,0.0,0.0,0.0,0.0,0.0,0.0
2024-11-08T19:00,3600,0.0,0.0,0.0,0.0,0.0,0.0,0.0,0.0,0.0
2024-11-08T20:00,3600,0.0,0.0,0.0,0.0,0.0,0.0,0.0,0.0,0.0
2024-11-08T21:00,3600,0.0,0.0,0.0,0.0,0.0,0.0,0.0,0.0,0.0
2024-11-08T22:00,3600,0.0,0.0,0.0,0.0,0.0,0.0,0.0,0.0,0.0
2024-11-08T23:00,3600,0.0,0.0,0.0,0.0,0.0,0.0,0.0,0.0,0.0
2024-11-09T00:00,3600,0.0,0.0,0.0,0.0,0.0,0.0,0.0,0.0,0.0
2024-11-09T01:00,3600,0.0,0.0,0.0,0.0,0.0,0.0,0.0,0.0,0.0
2024-11-09T02:00,3600,0.0,0.0,0.0,0.0,0.0,0.0,0.0,0.0,0.0
2024-11-09T03:00,3600,0.0,0.0,0.0,0.0,0.0,0.0,0.0,0.0,0.0
2024-11-09T04:00,3600,0.0,0.0,0.0,0.0,0.0,0.0,0.0,0.0,0.0
2024-11-09T05:00,3600,0.0,0.0,0.0,0.0,0.0,0.0,0.0,0.0,0.0
2024-11-09T06:00,3600,0.0,0.0,0.0,0.0,0.0,0.0,8.81206379,0.0,2.90460582
2024-11-09T07:00,3600,0.0,0.30999335598999994,0.0,0.0,0.0,0.30999335598999994,387.59359317,309.99335599,129.26756688
2024-11-09T08:00,3600,0.0,0.81255014038,0.0,0.0,0.0,0.81255014038,993.85649247,812.55014038,337.07580241
2024-11-09T09:00,3600,0.0,1.26803473433,0.0,0.0,0.0,1.26803473433,1547.33897635,1268.03473433,533.6539811
2024-11-09T10:00,3600,0.0,1.44556961577,0.0,0.0,0.0,1.44556961577,1764.12017867,1445.56961577,622.20892602
2024-11-09T11:00,3600,0.0,1.6141729108699998,0.0,0.0,0.0,1.6141729108699998,1970.54713695,1614.17291087,700.09726412
2024-11-09T12:00,3600,0.0,1.4064276477700002,0.0,0.0,0.0,1.4064276477700002,1716.27433392,1406.42764777,604.8639535
2024-11-09T13:00,3600,0.0,1.49032307489,0.0,0.0,0.0,1.49032307489,1818.86083098,1490.32307489,650.78517873
2024-11-09T14:00,3600,0.0,0.8770964797799999,0.0,0.0,0.0,0.8770964797799999,1072.05641731,877.09647978,374.14414178
2024-11-09T15:00,3600,0.0,0.8482738858400001,0.0,0.0,0.0,0.8482738858400001,1037.12746454,848.27388584,361.69732367
2024-11-09T16:00,3600,0.0,0.27658081203,0.0,0.0,0.0,0.27658081203,347.44806724,276.58081203,118.03373462
2024-11-09T17:00,3600,0.0,0.04345418299,0.0,0.0,0.0,0.04345418299,67.89937946,43.45418299,22.85939839
2024-11-09T18:00,3600,0.0,0.0,0.0,0.0,0.0,0.0,0.0,0.0,0.0
2024-11-09T19:00,3600,0.0,0.0,0.0,0.0,0.0,0.0,0.0,0.0,0.0
2024-11-09T20:00,3600,0.0,0.0,0.0,0.0,0.0,0.0,0.0,0.0,0.0
2024-11-09T21:00,3600,0.0,0.0,0.0,0.0,0.0,0.0,0.0,0.0,0.0
2024-11-09T22:00,3600,0.0,0.0,0.0,0.0,0.0,0.0,0.0,0.0,0.0
2024-11-09T23:00,3600,0.0,0.0,0.0,0.0,0.0,0.0,0.0,0.0,0.0
2024-11-10T00:00,3600,0.0,0.0,0.0,0.0,0.0,0.0,0.0,0.0,0.0
2024-11-10T01:00,3600,0.0,0.0,0.0,0.0,0.0,0.0,0.0,0.0,0.0
2024-11-10T02:00,3600,0.0,0.0,0.0,0.0,0.0,0.0,0.0,0.0,0.0
2024-11-10T03:00,3600,0.0,0.0,0.0,0.0,0.0,0.0,0.0,0.0,0.0
2024-11-10T04:00,3600,0.0,0.0,0.0,0.0,0.0,0.0,0.0,0.0,0.0
2024-11-10T05:00,3600,0.0,0.0,0.0,0.0,0.0,0.0,0.0,0.0,0.0
2024-11-10T06:00,3600,0.0,0.0,0.0,0.0,0.0,0.0,2.91757651,0.0,0.96820194
2024-11-10T07:00,3600,0.0,0.08048796763999999,0.0,0.0,0.0,0.08048796763999999,112.24293845,80.48796764,37.34924015
2024-11-10T08:00,3600,0.0,0.24536874778999998,0.0,0.0,0.0,0.24536874778999998,309.96452533,245.36874779,103.64768906
2024-11-10T09:00,3600,0.0,0.43456870957,0.0,0.0,0.0,0.43456870957,537.44915786,434.56870957,180.99744234
2024-11-10T10:00,3600,0.0,0.88890653208,0.0,0.0,0.0,0.88890653208,1086.37296841,888.90653208,374.11559575
2024-11-10T11:00,3600,0.0,0.89968509313,0.0,0.0,0.0,0.89968509313,1099.4413544,899.68509313,379.54615663
2024-11-10T12:00,3600,0.0,0.81390902106,0.0,0.0,0.0,0.81390902106,995.5020298,813.90902106,342.57148301
2024-11-10T13:00,3600,0.0,0.8243703688,0.0,0.0,0.0,0.8243703688,1008.1713408,824.3703688,348.82388198
2024-11-10T14:00,3600,0.0,0.23070193438,0.0,0.0,0.0,0.23070193438,292.35671725,230.70193438,99.02123688
2024-11-10T15:00,3600,0.0,0.2007932638,0.0,0.0,0.0,0.2007932638,256.46267466,200.7932638,86.71768768
2024-11-10T16:00,3600,0.0,0.07346883093,0.0,0.0,0.0,0.07346883093,103.83648472,73.46883093,34.85526989
2024-11-10T17:00,3600,0.0,0.00606522085,0.0,0.0,0.0,0.00606522085,23.15522617,6.06522085,7.74561553
2024-11-10T18:00,3600,0.0,0.0,0.0,0.0,0.0,0.0,0.0,0.0,0.0
2024-11-10T19:00,3600,0.0,0.0,0.0,0.0,0.0,0.0,0.0,0.0,0.0
2024-11-10T20:00,3600,0.0,0.0,0.0,0.0,0.0,0.0,0.0,0.0,0.0
2024-11-10T21:00,3600,0.0,0.0,0.0,0.0,0.0,0.0,0.0,0.0,0.0
2024-11-10T22:00,3600,0.0,0.0,0.0,0.0,0.0,0.0,0.0,0.0,0.0
2024-11-10T23:00,3600,0.0,0.0,0.0,0.0,0.0,0.0,0.0,0.0,0.0
2024-11-11T00:00,3600,0.0,0.0,0.0,0.0,0.0,0.0,0.0,0.0,0.0
2024-11-11T01:00,3600,0.0,0.0,0.0,0.0,0.0,0.0,0.0,0.0,0.0
2024-11-11T02:00,3600,0.0,0.0,0.0,0.0,0.0,0.0,0.0,0.0,0.0
2024-11-11T03:00,3600,0.0,0.0,0.0,0.0,0.0,0.0,0.0,0.0,0.0
2024-11-11T04:00,3600,0.0,0.0,0.0,0.0,0.0,0.0,0.0,0.0,0.0
2024-11-11T05:00,3600,0.0,0.0,0.0,0.0,0.0,0.0,0.0,0.0,0.0
2024-11-11T06:00,3600,0.0,0.0,0.0,0.0,0.0,0.0,5.84477676,0.0,1.93640388
2024-11-11T07:00,3600,0.0,0.1311664344,0.0,0.0,0.0,0.1311664344,172.96389646,131.1664344,57.60994251
2024-11-11T08:00,3600,0.8850360596951015,0.41117794979,0.41117794979,0.47385810990510147,0.0,0.0,509.29036319,411.17794979,171.23732502
2024-11-11T09:00,3600,0.4041147022307111,0.8881139017799999,0.4041147022307111,0.0,0.0,0.4839991995492888,1085.41203425,888.11390178,371.56766093
2024-11-11T10:00,3600,0.5565664466142268,1.53391068454,0.5565664466142268,0.0,0.0,0.9773442379257731,1872.21194875,1533.91068454,667.93200059
2024-11-11T11:00,3600,0.6410036001451316,1.89321796244,0.6410036001451316,0.0,0.0,1.2522143622948685,2313.38438718,1893.21796244,842.30514966
2024-11-11T12:00,3600,0.6711332006577126,1.94062674013,0.6711332006577126,0.0,0.0,1.2694935394722873,2371.78013821,1940.62674013,867.8988339
2024-11-11T13:00,3600,0.7084902256355455,1.80292196938,0.7084902256355455,0.0,0.0,1.0944317437444546,2202.28230097,1802.92196938,808.63219726
2024-11-11T14:00,3600,0.6381802328246782,1.3273676013700002,0.6381802328246782,0.0,0.0,0.689187368545322,1619.72210523,1327.36760137,582.80901704
2024-11-11T15:00,3600,0.53729993967803,0.7381786782699999,0.53729993967803,0.0,0.0,0.20087873859196992,903.84800182,738.17867827,316.96895809
2024-11-11T16:00,3600,0.44223441759250476,0.30994255289,0.30994255289,0.13229186470250476,0.0,0.0,387.5325375,309.94255289,133.0335982
2024-11-11T17:00,3600,0.41277980560293814,0.03063993631,0.03063993631,0.38213986929293814,0.0,0.0,52.56151039,30.63993631,17.83336108
2024-11-11T18:00,3600,0.0,0.0,0.0,0.0,0.0,0.0,0.0,0.0,0.0
2024-11-11T19:00,3600,0.0,0.0,0.0,0.0,0.0,0.0,0.0,0.0,0.0
2024-11-11T20:00,3600,0.0,0.0,0.0,0.0,0.0,0.0,0.0,0.0,0.0
2024-11-11T21:00,3600,0.0,0.0,0.0,0.0,0.0,0.0,0.0,0.0,0.0
2024-11-11T22:00,3600,0.0,0.0,0.0,0.0,0.0,0.0,0.0,0.0,0.0
2024-11-11T23:00,3600,0.0,0.0,0.0,0.0,0.0,0.0,0.0,0.0,0.0
2024-11-12T00:00,3600,0.0,0.0,0.0,0.0,0.0,0.0,0.0,0.0,0.0
2024-11-12T01:00,3600,0.0,0.0,0.0,0.0,0.0,0.0,0.0,0.0,0.0
2024-11-12T02:00,3600,0.0,0.0,0.0,0.0,0.0,0.0,0.0,0.0,0.0
2024-11-12T03:00,3600,0.0,0.0,0.0,0.0,0.0,0.0,0.0,0.0,0.0
2024-11-12T04:00,3600,0.0,0.0,0.0,0.0,0.0,0.0,0.0,0.0,0.0
2024-11-12T05:00,3600,0.0,0.0,0.0,0.0,0.0,0.0,0.0,0.0,0.0
2024-11-12T06:00,3600,0.0,0.0,0.0,0.0,0.0,0.0,11.71154343,0.0,3.87280777
2024-11-12T07:00,3600,0.0,0.35273395885000003,0.0,0.0,0.0,0.35273395885000003,438.97610928,352.73395885,147.18182007
2024-11-12T08:00,3600,0.0,0.9144790936099999,0.0,0.0,0.0,0.9144790936099999,1117.38171887,914.47909361,382.93849477
2024-11-12T09:00,3600,0.0,1.4042874738900002,0.0,0.0,0.0,1.4042874738900002,1713.65909069,1404.28747389,599.11201624
2024-11-12T10:00,3600,0.7376521783246983,1.73014703831,0.7376521783246983,0.0,0.0,0.9924948599853016,2112.8526347,1730.14703831,761.38873207
2024-11-12T11:00,3600,0.6511124552238478,1.91486660171,0.6511124552238478,0.0,0.0,1.2637541464861521,2340.04470298,1914.86660171,852.02052723
2024-11-12T12:00,3600,0.6650494874085432,1.940542556,0.6650494874085432,0.0,0.0,1.275493068591457,2371.6764059,1940.542556,866.90650394
2024-11-12T13:00,3600,0.7266708386226719,1.7868175530399997,0.7266708386226719,0.0,0.0,1.0601467144173278,2182.48358351,1786.81755304,802.08275233
2024-11-12T14:00,3600,0.6784626936512632,1.51198622252,0.6784626936512632,0.0,0.0,0.8335235288687368,1845.37196075,1511.98622252,670.22704713
2024-11-12T15:00,3600,0.5920335574347925,1.06852275679,0.5920335574347925,0.0,0.0,0.4764891993552075,1304.42764521,1068.52275679,464.40170354
2024-11-12T16:00,3600,0.487948440959032,0.54443126659,0.487948440959032,0.0,0.0,0.05648282563096796,669.83874613,544.43126659,232.50242519
2024-11-12T17:00,3600,0.41777337904074396,0.05704604668,0.05704604668,0.36072733236074395,0.0,0.0,84.17119296,57.04604668,28.64076964
2024-11-12T18:00,3600,0.0,0.0,0.0,0.0,0.0,0.0,0.0,0.0,0.0
2024-11-12T19:00,3600,0.0,0.0,0.0,0.0,0.0,0.0,0.0,0.0,0.0
2024-11-12T20:00,3600,0.0,0.0,0.0,0.0,0.0,0.0,0.0,0.0,0.0
2024-11-12T21:00,3600,0.0,0.0,0.0,0.0,0.0,0.0,0.0,0.0,0.0
2024-11-12T22:00,3600,0.0,0.0,0.0,0.0,0.0,0.0,0.0,0.0,0.0
2024-11-12T23:00,3600,0.0,0.0,0.0,0.0,0.0,0.0,0.0,0.0,0.0
2024-11-13T00:00,3600,0.0,0.0,0.0,0.0,0.0,0.0,0.0,0.0,0.0
2024-11-13T01:00,3600,0.0,0.0,0.0,0.0,0.0,0.0,0.0,0.0,0.0
2024-11-13T02:00,3600,0.0,0.0,0.0,0.0,0.0,0.0,0.0,0.0,0.0
2024-11-13T03:00,3600,0.0,0.0,0.0,0.0,0.0,0.0,0.0,0.0,0.0
2024-11-13T04:00,3600,0.0,0.0,0.0,0.0,0.0,0.0,0.0,0.0,0.0
2024-11-13T05:00,3600,0.0,0.0,0.0,0.0,0.0,0.0,0.0,0.0,0.0
2024-11-13T06:00,3600,0.0,0.0,0.0,0.0,0.0,0.0,8.7875464,0.0,2.90460582
2024-11-13T07:00,3600,0.0,0.31993064700999996,0.0,0.0,0.0,0.31993064700999996,399.53722025,319.93064701,133.79937458
2024-11-13T08:00,3600,0.0,0.84402722548,0.0,0.0,0.0,0.84402722548,1031.98239857,844.02722548,353.52186058
2024-11-13T09:00,3600,0.0,1.18817066829,0.0,0.0,0.0,1.18817066829,1450.01304012,1188.17066829,504.99133406
2024-11-13T10:00,3600,0.6560290962442665,1.4094636138899999,0.6560290962442665,0.0,0.0,0.7534345176457333,1719.98436298,1409.46361389,613.61762969
2024-11-13T11:00,3600,0.6327545397233678,1.5045831345700003,0.6327545397233678,0.0,0.0,0.8718285948466324,1836.31113952,1504.58313457,660.06514906
2024-11-13T12:00,3600,0.5997674833585073,1.2373919791499999,0.5997674833585073,0.0,0.0,0.6376244957914926,1509.98221765,1237.39197915,536.92303222
2024-11-13T13:00,3600,0.5918634856197593,0.97582842115,0.5918634856197593,0.0,0.0,0.3839649355302407,1191.82185799,975.82842115,421.16729188
2024-11-13T14:00,3600,0.5511921963752242,0.7956951607099999,0.5511921963752242,0.0,0.0,0.2445029643347757,973.44876428,795.69516071,339.83763183
2024-11-13T15:00,3600,0.4965601802522689,0.52426198673,0.4965601802522689,0.0,0.0,0.027701806477731128,645.51742477,524.26198673,221.81642721
2024-11-13T16:00,3600,0.43488252437012836,0.34679429923999994,0.34679429923999994,0.08808822513012843,0.0,0.0,431.83351842,346.79429924,146.03646447
2024-11-13T17:00,3600,0.3633666708787703,0.017849043340000002,0.017849043340000002,0.3455176275387703,0.0,0.0,37.25449851,17.84904334,12.43278579
2024-11-13T18:00,3600,0.0,0.0,0.0,0.0,0.0,0.0,0.0,0.0,0.0
2024-11-13T19:00,3600,0.0,0.0,0.0,0.0,0.0,0.0,0.0,0.0,0.0
2024-11-13T20:00,3600,0.0,0.0,0.0,0.0,0.0,0.0,0.0,0.0,0.0
2024-11-13T21:00,3600,0.0,0.0,0.0,0.0,0.0,0.0,0.0,0.0,0.0
2024-11-13T22:00,3600,0.0,0.0,0.0,0.0,0.0,0.0,0.0,0.0,0.0
2024-11-13T23:00,3600,0.0,0.0,0.0,0.0,0.0,0.0,0.0,0.0,0.0
2024-11-14T00:00,3600,0.0,0.0,0.0,0.0,0.0,0.0,0.0,0.0,0.0
2024-11-14T01:00,3600,0.0,0.0,0.0,0.0,0.0,0.0,0.0,0.0,0.0
2024-11-14T02:00,3600,0.0,0.0,0.0,0.0,0.0,0.0,0.0,0.0,0.0
2024-11-14T03:00,3600,0.0,0.0,0.0,0.0,0.0,0.0,0.0,0.0,0.0
2024-11-14T04:00,3600,0.0,0.0,0.0,0.0,0.0,0.0,0.0,0.0,0.0
2024-11-14T05:00,3600,0.0,0.0,0.0,0.0,0.0,0.0,0.0,0.0,0.0
2024-11-14T06:00,3600,0.0,0.0,0.0,0.0,0.0,0.0,2.90331724,0.0,0.96820194
2024-11-14T07:00,3600,0.0,0.07603660809,0.0,0.0,0.0,0.07603660809,106.91167586,76.03660809,35.77031408
2024-11-14T08:00,3600,0.0,0.18766855371,0.0,0.0,0.0,0.18766855371,240.71647391,187.66855371,80.94608698
2024-11-14T09:00,3600,0.6356374922615684,0.43489374097,0.43489374097,0.2007437512915684,0.0,0.0,537.84051411,434.89374097,182.64336001
2024-11-14T10:00,3600,0.5325637868755048,0.42737371736,0.42737371736,0.10519006951550475,0.0,0.0,528.78646757,427.37371736,181.15981986
2024-11-14T11:00,3600,0.6097080539447336,0.9116167903199999,0.6097080539447336,0.0,0.0,0.3019087363752663,1113.91035051,911.61679032,387.91897678
2024-11-14T12:00,3600,0.6360383626240488,0.9999008851900001,0.6360383626240488,0.0,0.0,0.3638625225659513,1221.04995801,999.90088519,427.3670903
2024-11-14T13:00,3600,0.6471248924300492,0.8450425143100001,0.6471248924300492,0.0,0.0,0.19791762187995088,1033.21244746,845.04251431,361.36611297
2024-11-14T14:00,3600,0.5576017106304316,0.32854375639,0.32854375639,0.22905795424043163,0.0,0.0,409.89074902,328.54375639,140.76719938
2024-11-14T15:00,3600,0.5193417627196217,0.21029970363999997,0.21029970363999997,0.3090420590796218,0.0,0.0,267.86982478,210.29970364,91.37623543
2024-11-14T16:00,3600,0.47591974684151744,0.09966581834,0.09966581834,0.37625392850151745,0.0,0.0,135.2157151,99.66581834,45.67527114
2024-11-14T17:00,3600,0.44147521984745186,0.0008214884400000001,0.0008214884400000001,0.44065373140745184,0.0,0.0,16.88192302,0.82148844,5.67599062
2024-11-14T18:00,3600,0.0,0.0,0.0,0.0,0.0,0.0,0.0,0.0,0.0
2024-11-14T19:00,3600,0.0,0.0,0.0,0.0,0.0,0.0,0.0,0.0,0.0
2024-11-14T20:00,3600,0.0,0.0,0.0,0.0,0.0,0.0,0.0,0.0,0.0
2024-11-14T21:00,3600,0.0,0.0,0.0,0.0,0.0,0.0,0.0,0.0,0.0
2024-11-14T22:00,3600,0.0,0.0,0.0,0.0,0.0,0.0,0.0,0.0,0.0
2024-11-14T23:00,3600,0.0,0.0,0.0,0.0,0.0,0.0,0.0,0.0,0.0
2024-11-15T00:00,3600,0.0,0.0,0.0,0.0,0.0,0.0,0.0,0.0,0.0
2024-11-15T01:00,3600,0.0,0.0,0.0,0.0,0.0,0.0,0.0,0.0,0.0
2024-11-15T02:00,3600,0.0,0.0,0.0,0.0,0.0,0.0,0.0,0.0,0.0
2024-11-15T03:00,3600,0.0,0.0,0.0,0.0,0.0,0.0,0.0,0.0,0.0
2024-11-15T04:00,3600,0.0,0.0,0.0,0.0,0.0,0.0,0.0,0.0,0.0
2024-11-15T05:00,3600,0.0,0.0,0.0,0.0,0.0,0.0,0.0,0.0,0.0
2024-11-15T06:00,3600,0.0,0.0,0.0,0.0,0.0,0.0,0.0,0.0,0.0
2024-11-15T07:00,3600,0.0,0.00129465378,0.0,0.0,0.0,0.00129465378,17.44797112,1.29465378,5.80921165
2024-11-15T08:00,3600,0.0,0.05951604593,0.0,0.0,0.0,0.05951604593,87.12856177,59.51604593,29.05704813
2024-11-15T09:00,3600,0.0,0.09999780667000001,0.0,0.0,0.0,0.09999780667000001,135.61345511,99.99780667,45.28275153
2024-11-15T10:00,3600,0.5630528628746468,0.22457962104999998,0.22457962104999998,0.3384732418246469,0.0,0.0,285.00789435,224.57962105,96.25751465
2024-11-15T11:00,3600,0.4944436751172233,0.23998477718999997,0.23998477718999997,0.2544588979272233,0.0,0.0,303.50051171,239.98477719,102.59697736
2024-11-15T12:00,3600,0.47760661470588234,0.15244871448999997,0.15244871448999997,0.32515790021588237,0.0,0.0,198.47712806,152.44871449,66.80593396
2024-11-15T13:00,3600,0.4879742735294118,0.1521920995,0.1521920995,0.3357821740294118,0.0,0.0,198.16944951,152.1920995,66.80593396
2024-11-15T14:00,3600,0.49862868529411764,0.20671948367999998,0.20671948367999998,0.29190920161411765,0.0,0.0,263.57358878,206.71948368,89.07457861
2024-11-15T15:00,3600,0.4863088294117646,0.16224700362,0.16224700362,0.3240618257917646,0.0,0.0,210.22604752,162.24700362,70.92720095
2024-11-15T16:00,3600,0.4551948382352941,0.10386569267000001,0.10386569267000001,0.3513291455652941,0.0,0.0,140.24753651,103.86569267,47.0768198
2024-11-15T17:00,3600,0.44111028235294125,0.00579087091,0.00579087091,0.43531941144294123,0.0,0.0,22.82699743,5.79087091,7.63369474
2024-11-15T18:00,3600,0.0,0.0,0.0,0.0,0.0,0.0,0.0,0.0,0.0
2024-11-15T19:00,3600,0.0,0.0,0.0,0.0,0.0,0.0,0.0,0.0,0.0
2024-11-15T20:00,3600,0.0,0.0,0.0,0.0,0.0,0.0,0.0,0.0,0.0
2024-11-15T21:00,3600,0.0,0.0,0.0,0.0,0.0,0.0,0.0,0.0,0.0
2024-11-15T22:00,3600,0.0,0.0,0.0,0.0,0.0,0.0,0.0,0.0,0.0
2024-11-15T23:00,3600,0.0,0.0,0.0,0.0,0.0,0.0,0.0,0.0,0.0
2024-11-16T00:00,3600,0.0,0.0,0.0,0.0,0.0,0.0,0.0,0.0,0.0
2024-11-16T01:00,3600,0.0,0.0,0.0,0.0,0.0,0.0,0.0,0.0,0.0
2024-11-16T02:00,3600,0.0,0.0,0.0,0.0,0.0,0.0,0.0,0.0,0.0
2024-11-16T03:00,3600,0.0,0.0,0.0,0.0,0.0,0.0,0.0,0.0,0.0
2024-11-16T04:00,3600,0.0,0.0,0.0,0.0,0.0,0.0,0.0,0.0,0.0
2024-11-16T05:00,3600,0.0,0.0,0.0,0.0,0.0,0.0,0.0,0.0,0.0
2024-11-16T06:00,3600,0.0,0.0,0.0,0.0,0.0,0.0,2.90941943,0.0,0.96820194
2024-11-16T07:00,3600,0.0,0.09585715963,0.0,0.0,0.0,0.09585715963,130.65287597,95.85715963,43.63512986
2024-11-16T08:00,3600,0.0,0.2465562001,0.0,0.0,0.0,0.2465562001,311.39025452,246.5562001,104.65596399
2024-11-16T09:00,3600,0.0,0.42104657766000003,0.0,0.0,0.0,0.42104657766000003,521.16943427,421.04657766,176.48367028
2024-11-16T10:00,3600,0.0,0.41646199119,0.0,0.0,0.0,0.41646199119,515.65065434,416.46199119,175.90197096
2024-11-16T11:00,3600,0.0,0.66699512192,0.0,0.0,0.0,0.66699512192,817.792542,666.99512192,281.93354512
2024-11-16T12:00,3600,0.0,0.76033389539,0.0,0.0,0.0,0.76033389539,930.65087572,760.33389539,322.45412752
2024-11-16T13:00,3600,0.0,0.65780710684,0.0,0.0,0.0,0.65780710684,806.69168077,657.80710684,279.27457062
2024-11-16T14:00,3600,0.0,0.60495594288,0.0,0.0,0.0,0.60495594288,742.86735693,604.95594288,256.70238612
2024-11-16T15:00,3600,0.0,0.59040486785,0.0,0.0,0.0,0.59040486785,725.30406135,590.40486785,250.55785638
2024-11-16T16:00,3600,0.0,0.28832723265,0.0,0.0,0.0,0.28832723265,361.55923298,288.32723265,123.03354069
2024-11-16T17:00,3600,0.0,0.04535541868,0.0,0.0,0.0,0.04535541868,70.17529042,45.35541868,23.63148199
2024-11-16T18:00,3600,0.0,0.0,0.0,0.0,0.0,0.0,0.0,0.0,0.0
2024-11-16T19:00,3600,0.0,0.0,0.0,0.0,0.0,0.0,0.0,0.0,0.0
2024-11-16T20:00,3600,0.0,0.0,0.0,0.0,0.0,0.0,0.0,0.0,0.0
2024-11-16T21:00,3600,0.0,0.0,0.0,0.0,0.0,0.0,0.0,0.0,0.0
2024-11-16T22:00,3600,0.0,0.0,0.0,0.0,0.0,0.0,0.0,0.0,0.0
2024-11-16T23:00,3600,0.0,0.0,0.0,0.0,0.0,0.0,0.0,0.0,0.0
2024-11-17T00:00,3600,0.0,0.0,0.0,0.0,0.0,0.0,0.0,0.0,0.0
2024-11-17T01:00,3600,0.0,0.0,0.0,0.0,0.0,0.0,0.0,0.0,0.0
2024-11-17T02:00,3600,0.0,0.0,0.0,0.0,0.0,0.0,0.0,0.0,0.0
2024-11-17T03:00,3600,0.0,0.0,0.0,0.0,0.0,0.0,0.0,0.0,0.0
2024-11-17T04:00,3600,0.0,0.0,0.0,0.0,0.0,0.0,0.0,0.0,0.0
2024-11-17T05:00,3600,0.0,0.0,0.0,0.0,0.0,0.0,0.0,0.0,0.0
2024-11-17T06:00,3600,0.0,0.0,0.0,0.0,0.0,0.0,5.82647774,0.0,1.93640388
2024-11-17T07:00,3600,0.0,0.2058512164,0.0,0.0,0.0,0.2058512164,262.53170933,205.8512164,87.91121956
2024-11-17T08:00,3600,0.0,0.60935100017,0.0,0.0,0.0,0.60935100017,748.17299332,609.35100017,254.46215459
2024-11-17T09:00,3600,0.0,1.17642207219,0.0,0.0,0.0,1.17642207219,1435.70574134,1176.42207219,500.43652319
2024-11-17T10:00,3600,0.0,1.38237594648,0.0,0.0,0.0,1.38237594648,1686.88868082,1382.37594648,597.17081423
2024-11-17T11:00,3600,0.0,1.39028415808,0.0,0.0,0.0,1.39028415808,1696.54949422,1390.28415808,600.42046679
2024-11-17T12:00,3600,0.0,1.1440555746499999,0.0,0.0,0.0,1.1440555746499999,1396.30354129,1144.05557465,489.93126975
2024-11-17T13:00,3600,0.0,0.67472200714,0.0,0.0,0.0,0.67472200714,827.12927434,674.72200714,286.09128553
2024-11-17T14:00,3600,0.0,0.69686259295,0.0,0.0,0.0,0.69686259295,853.88874684,696.86259295,295.4148806
2024-11-17T15:00,3600,0.0,0.53806488325,0.0,0.0,0.0,0.53806488325,662.1609841,538.06488325,227.80350866
2024-11-17T16:00,3600,0.0,0.36813861828,0.0,0.0,0.0,0.36813861828,457.50356006,368.13861828,156.21993185
2024-11-17T17:00,3600,0.0,0.036177605290000005,0.0,0.0,0.0,0.036177605290000005,59.18940385,36.17760529,19.96208761
2024-11-17T18:00,3600,0.0,0.0,0.0,0.0,0.0,0.0,0.0,0.0,0.0
2024-11-17T19:00,3600,0.0,0.0,0.0,0.0,0.0,0.0,0.0,0.0,0.0
2024-11-17T20:00,3600,0.0,0.0,0.0,0.0,0.0,0.0,0.0,0.0,0.0
2024-11-17T21:00,3600,0.0,0.0,0.0,0.0,0.0,0.0,0.0,0.0,0.0
2024-11-17T22:00,3600,0.0,0.0,0.0,0.0,0.0,0.0,0.0,0.0,0.0
2024-11-17T23:00,3600,0.0,0.0,0.0,0.0,0.0,0.0,0.0,0.0,0.0
2024-11-18T00:00,3600,0.0,0.0,0.0,0.0,0.0,0.0,0.0,0.0,0.0
2024-11-18T01:00,3600,0.0,0.0,0.0,0.0,0.0,0.0,0.0,0.0,0.0
2024-11-18T02:00,3600,0.0,0.0,0.0,0.0,0.0,0.0,0.0,0.0,0.0
2024-11-18T03:00,3600,0.0,0.0,0.0,0.0,0.0,0.0,0.0,0.0,0.0
2024-11-18T04:00,3600,0.0,0.0,0.0,0.0,0.0,0.0,0.0,0.0,0.0
2024-11-18T05:00,3600,0.0,0.0,0.0,0.0,0.0,0.0,0.0,0.0,0.0
2024-11-18T06:00,3600,0.0,0.0,0.0,0.0,0.0,0.0,2.92979186,0.0,0.96820194
2024-11-18T07:00,3600,0.0,0.23401833224000002,0.0,0.0,0.0,0.23401833224000002,296.33778351,234.01833224,98.69410094
2024-11-18T08:00,3600,0.8475629191523509,0.63876221032,0.63876221032,0.2088007088323509,0.0,0.0,783.68674452,638.76221032,264.32090854
2024-11-18T09:00,3600,0.8452164139798726,1.2705607719300003,0.8452164139798726,0.0,0.0,0.4253443579501277,1550.41926875,1270.56077193,533.36836146
2024-11-18T10:00,3600,0.6150882545160841,1.5970254408700002,0.6150882545160841,0.0,0.0,0.9819371863539161,1949.5282047,1597.02544087,684.02687588
2024-11-18T11:00,3600,0.5087262151452577,1.9245084440999998,0.5087262151452577,0.0,0.0,1.415782228954742,2351.92155482,1924.5084441,834.87004685
2024-11-18T12:00,3600,0.5243717862665314,1.92814301355,0.5243717862665314,0.0,0.0,1.4037712272834686,2356.3990955,1928.14301355,838.01299174
2024-11-18T13:00,3600,0.5009640612689276,1.58039335457,0.5009640612689276,0.0,0.0,1.0794292933010725,1929.14636689,1580.39335457,679.52015327
2024-11-18T14:00,3600,0.36089233893937933,0.6958682097400001,0.36089233893937933,0.0,0.0,0.33497587080062075,852.68672705,695.86820974,291.5952393
2024-11-18T15:00,3600,0.2842329860411599,0.28929823445,0.2842329860411599,0.0,0.0,0.005065248408840151,362.72582395,289.29823445,122.4666412
2024-11-18T16:00,3600,0.21486538763431876,0.15281455411,0.15281455411,0.062050833524318755,0.0,0.0,198.91576777,152.81455411,66.62470941
2024-11-18T17:00,3600,0.18817635573983726,0.00371433193,0.00371433193,0.18446202380983726,0.0,0.0,20.34269617,3.71433193,6.77741359
2024-11-18T18:00,3600,0.0,0.0,0.0,0.0,0.0,0.0,0.0,0.0,0.0
2024-11-18T19:00,3600,0.0,0.0,0.0,0.0,0.0,0.0,0.0,0.0,0.0
2024-11-18T20:00,3600,0.0,0.0,0.0,0.0,0.0,0.0,0.0,0.0,0.0
2024-11-18T21:00,3600,0.0,0.0,0.0,0.0,0.0,0.0,0.0,0.0,0.0
2024-11-18T22:00,3600,0.0,0.0,0.0,0.0,0.0,0.0,0.0,0.0,0.0
2024-11-18T23:00,3600,0.0,0.0,0.0,0.0,0.0,0.0,0.0,0.0,0.0
2024-11-19T00:00,3600,0.0,0.0,0.0,0.0,0.0,0.0,0.0,0.0,0.0
2024-11-19T01:00,3600,0.0,0.0,0.0,0.0,0.0,0.0,0.0,0.0,0.0
2024-11-19T02:00,3600,0.0,0.0,0.0,0.0,0.0,0.0,0.0,0.0,0.0
2024-11-19T03:00,3600,0.0,0.0,0.0,0.0,0.0,0.0,0.0,0.0,0.0
2024-11-19T04:00,3600,0.0,0.0,0.0,0.0,0.0,0.0,0.0,0.0,0.0
2024-11-19T05:00,3600,0.0,0.0,0.0,0.0,0.0,0.0,0.0,0.0,0.0
2024-11-19T06:00,3600,0.0,0.0,0.0,0.0,0.0,0.0,0.0,0.0,0.0
2024-11-19T07:00,3600,0.0,0.03142126352,0.0,0.0,0.0,0.03142126352,53.49662786,31.42126352,17.5256099
2024-11-19T08:00,3600,0.0,0.10795548399,0.0,0.0,0.0,0.10795548399,145.14777034,107.95548399,47.61289847
2024-11-19T09:00,3600,0.0,0.16896771037,0.0,0.0,0.0,0.16896771037,218.28569382,168.96771037,71.64694366
2024-11-19T10:00,3600,0.0,0.15501438151,0.0,0.0,0.0,0.15501438151,201.55339917,155.01438151,66.15011353
2024-11-19T11:00,3600,0.0,0.21552884943000003,0.0,0.0,0.0,0.21552884943000003,274.14517069,215.52884943,90.04278055
2024-11-19T12:00,3600,0.0,0.14968518138999998,0.0,0.0,0.0,0.14968518138999998,195.16374402,149.68518139,63.90132813
2024-11-19T13:00,3600,0.0,0.15687417799999998,0.0,0.0,0.0,0.15687417799999998,203.78339491,156.874178,66.80593396
2024-11-19T14:00,3600,0.0,0.18020700815000001,0.0,0.0,0.0,0.18020700815000001,231.76595314,180.20700815,76.06459164
2024-11-19T15:00,3600,0.0,0.06577375137000001,0.0,0.0,0.0,0.06577375137000001,94.62149548,65.77375137,30.98246212
2024-11-19T16:00,3600,0.0,0.02635682155,0.0,0.0,0.0,0.02635682155,47.43553359,26.35682155,15.49123106
2024-11-19T17:00,3600,0.0,0.0,0.0,0.0,0.0,0.0,5.93429046,0.0,1.93640388
2024-11-19T18:00,3600,0.0,0.0,0.0,0.0,0.0,0.0,0.0,0.0,0.0
2024-11-19T19:00,3600,0.0,0.0,0.0,0.0,0.0,0.0,0.0,0.0,0.0
2024-11-19T20:00,3600,0.0,0.0,0.0,0.0,0.0,0.0,0.0,0.0,0.0
2024-11-19T21:00,3600,0.0,0.0,0.0,0.0,0.0,0.0,0.0,0.0,0.0
2024-11-19T22:00,3600,0.0,0.0,0.0,0.0,0.0,0.0,0.0,0.0,0.0
2024-11-19T23:00,3600,0.0,0.0,0.0,0.0,0.0,0.0,0.0,0.0,0.0
2024-11-20T00:00,3600,0.0,0.0,0.0,0.0,0.0,0.0,0.0,0.0,0.0
2024-11-20T01:00,3600,0.0,0.0,0.0,0.0,0.0,0.0,0.0,0.0,0.0
2024-11-20T02:00,3600,0.0,0.0,0.0,0.0,0.0,0.0,0.0,0.0,0.0
2024-11-20T03:00,3600,0.0,0.0,0.0,0.0,0.0,0.0,0.0,0.0,0.0
2024-11-20T04:00,3600,0.0,0.0,0.0,0.0,0.0,0.0,0.0,0.0,0.0
2024-11-20T05:00,3600,0.0,0.0,0.0,0.0,0.0,0.0,0.0,0.0,0.0
2024-11-20T06:00,3600,0.0,0.0,0.0,0.0,0.0,0.0,0.0,0.0,0.0
2024-11-20T07:00,3600,0.0,0.00920309514,0.0,0.0,0.0,0.00920309514,26.90943341,9.20309514,8.71381747
2024-11-20T08:00,3600,0.0,0.03166032079,0.0,0.0,0.0,0.03166032079,53.78274144,31.66032079,17.42763494
2024-11-20T09:00,3600,0.0,0.10875773813,0.0,0.0,0.0,0.10875773813,146.10903594,108.75773813,47.44189513
2024-11-20T10:00,3600,0.0,0.10428078909,0.0,0.0,0.0,0.10428078909,140.74487583,104.28078909,45.90010056
2024-11-20T11:00,3600,0.0,0.12045139148,0.0,0.0,0.0,0.12045139148,160.12174015,120.45139148,52.28290483
2024-11-20T12:00,3600,0.0,0.12788543136,0.0,0.0,0.0,0.12788543136,169.03134279,127.88543136,55.18751066
2024-11-20T13:00,3600,0.0,0.11775858466,0.0,0.0,0.0,0.11775858466,156.89468808,117.75858466,51.31470289
2024-11-20T14:00,3600,0.0,0.05865598526,0.0,0.0,0.0,0.05865598526,86.09878536,58.65598526,28.0778563
2024-11-20T15:00,3600,0.0,0.07459830678,0.0,0.0,0.0,0.07459830678,105.18913989,74.59830678,34.33337502
2024-11-20T16:00,3600,0.0,0.05379703605,0.0,0.0,0.0,0.05379703605,80.2812666,53.79703605,26.14145242
2024-11-20T17:00,3600,0.0,0.0,0.0,0.0,0.0,0.0,8.9404114,0.0,2.90460582
2024-11-20T18:00,3600,0.0,0.0,0.0,0.0,0.0,0.0,0.0,0.0,0.0
2024-11-20T19:00,3600,0.0,0.0,0.0,0.0,0.0,0.0,0.0,0.0,0.0
2024-11-20T20:00,3600,0.0,0.0,0.0,0.0,0.0,0.0,0.0,0.0,0.0
2024-11-20T21:00,3600,0.0,0.0,0.0,0.0,0.0,0.0,0.0,0.0,0.0
2024-11-20T22:00,3600,0.0,0.0,0.0,0.0,0.0,0.0,0.0,0.0,0.0
2024-11-20T23:00,3600,0.0,0.0,0.0,0.0,0.0,0.0,0.0,0.0,0.0
2024-11-21T00:00,3600,0.0,0.0,0.0,0.0,0.0,0.0,0.0,0.0,0.0
2024-11-21T01:00,3600,0.0,0.0,0.0,0.0,0.0,0.0,0.0,0.0,0.0
2024-11-21T02:00,3600,0.0,0.0,0.0,0.0,0.0,0.0,0.0,0.0,0.0
2024-11-21T03:00,3600,0.0,0.0,0.0,0.0,0.0,0.0,0.0,0.0,0.0
2024-11-21T04:00,3600,0.0,0.0,0.0,0.0,0.0,0.0,0.0,0.0,0.0
2024-11-21T05:00,3600,0.0,0.0,0.0,0.0,0.0,0.0,0.0,0.0,0.0
2024-11-21T06:00,3600,0.0,0.0,0.0,0.0,0.0,0.0,2.98467603,0.0,0.96820194
2024-11-21T07:00,3600,0.0,0.13633866284,0.0,0.0,0.0,0.13633866284,179.16362975,136.33866284,58.43716028
2024-11-21T08:00,3600,0.0,0.51115397788,0.0,0.0,0.0,0.51115397788,629.71496028,511.15397788,207.98346643
2024-11-21T09:00,3600,0.0,0.9337539740599999,0.0,0.0,0.0,0.9337539740599999,1140.76200959,933.75397406,382.06634638
2024-11-21T10:00,3600,0.0,1.6855339006700003,0.0,0.0,0.0,1.6855339006700003,2058.07986758,1685.53390067,716.24392488
2024-11-21T11:00,3600,0.0,1.9016703800900001,0.0,0.0,0.0,1.9016703800900001,2323.79246844,1901.67038009,817.19893948
2024-11-21T12:00,3600,0.0,1.9065647415000002,0.0,0.0,0.0,1.9065647415000002,2329.81988529,1906.5647415,820.66904122
2024-11-21T13:00,3600,0.0,1.78004673514,0.0,0.0,0.0,1.78004673514,2174.16105014,1780.04673514,766.14608609
2024-11-21T14:00,3600,0.0,1.2451480627,0.0,0.0,0.0,1.2451480627,1519.43604017,1245.1480627,524.63297882
2024-11-21T15:00,3600,0.0,0.8757388537299999,0.0,0.0,0.0,0.8757388537299999,1070.41082109,875.73885373,364.73233111
2024-11-21T16:00,3600,0.0,0.47825168112,0.0,0.0,0.0,0.47825168112,590.06304618,478.25168112,197.83015871
2024-11-21T17:00,3600,0.0,0.04555624321,0.0,0.0,0.0,0.04555624321,70.41569506,45.55624321,23.25058827
2024-11-21T18:00,3600,0.0,0.0,0.0,0.0,0.0,0.0,0.0,0.0,0.0
2024-11-21T19:00,3600,0.0,0.0,0.0,0.0,0.0,0.0,0.0,0.0,0.0
2024-11-21T20:00,3600,0.0,0.0,0.0,0.0,0.0,0.0,0.0,0.0,0.0
2024-11-21T21:00,3600,0.0,0.0,0.0,0.0,0.0,0.0,0.0,0.0,0.0
2024-11-21T22:00,3600,0.0,0.0,0.0,0.0,0.0,0.0,0.0,0.0,0.0
2024-11-21T23:00,3600,0.0,0.0,0.0,0.0,0.0,0.0,0.0,0.0,0.0
2024-11-22T00:00,3600,0.0,0.0,0.0,0.0,0.0,0.0,0.0,0.0,0.0
2024-11-22T01:00,3600,0.0,0.0,0.0,0.0,0.0,0.0,0.0,0.0,0.0
2024-11-22T02:00,3600,0.0,0.0,0.0,0.0,0.0,0.0,0.0,0.0,0.0
2024-11-22T03:00,3600,0.0,0.0,0.0,0.0,0.0,0.0,0.0,0.0,0.0
2024-11-22T04:00,3600,0.0,0.0,0.0,0.0,0.0,0.0,0.0,0.0,0.0
2024-11-22T05:00,3600,0.0,0.0,0.0,0.0,0.0,0.0,0.0,0.0,0.0
2024-11-22T06:00,3600,0.0,0.0,0.0,0.0,0.0,0.0,2.98366162,0.0,0.96820194
2024-11-22T07:00,3600,0.0,0.18447412469,0.0,0.0,0.0,0.18447412469,236.88446469,184.47412469,77.29682607
2024-11-22T08:00,3600,0.0,0.53956555552,0.0,0.0,0.0,0.53956555552,663.97070593,539.56555552,219.17964267
2024-11-22T09:00,3600,0.0,0.91487048355,0.0,0.0,0.0,0.91487048355,1117.85640382,914.87048355,373.69894185
2024-11-22T10:00,3600,0.0,1.1038572179000001,0.0,0.0,0.0,1.1038572179000001,1347.39422151,1103.8572179,457.04938635
2024-11-22T11:00,3600,0.0,1.6953654173900001,0.0,0.0,0.0,1.6953654173900001,2070.14701642,1695.36541739,717.36358035
2024-11-22T12:00,3600,0.0,1.95040955971,0.0,0.0,0.0,1.95040955971,2383.83553528,1950.40955971,836.7069567
2024-11-22T13:00,3600,0.0,1.81355683124,0.0,0.0,0.0,1.81355683124,2215.35949979,1813.55683124,778.93966704
2024-11-22T14:00,3600,0.0,1.4355890284100001,0.0,0.0,0.0,1.4355890284100001,1751.91748932,1435.58902841,607.15578302
2024-11-22T15:00,3600,0.0,1.02300629509,0.0,0.0,0.0,1.02300629509,1249.11398642,1023.00629509,426.22441093
2024-11-22T16:00,3600,0.0,0.5300139609,0.0,0.0,0.0,0.5300139609,652.4527464,530.0139609,218.01299135
2024-11-22T17:00,3600,0.0,0.05111804868,0.0,0.0,0.0,0.05111804868,77.07395004,51.11804868,25.31610434
2024-11-22T18:00,3600,0.0,0.0,0.0,0.0,0.0,0.0,0.0,0.0,0.0
2024-11-22T19:00,3600,0.0,0.0,0.0,0.0,0.0,0.0,0.0,0.0,0.0
2024-11-22T20:00,3600,0.0,0.0,0.0,0.0,0.0,0.0,0.0,0.0,0.0
2024-11-22T21:00,3600,0.0,0.0,0.0,0.0,0.0,0.0,0.0,0.0,0.0
2024-11-22T22:00,3600,0.0,0.0,0.0,0.0,0.0,0.0,0.0,0.0,0.0
2024-11-22T23:00,3600,0.0,0.0,0.0,0.0,0.0,0.0,0.0,0.0,0.0
2024-11-23T00:00,3600,0.0,0.0,0.0,0.0,0.0,0.0,0.0,0.0,0.0
2024-11-23T01:00,3600,0.0,0.0,0.0,0.0,0.0,0.0,0.0,0.0,0.0
2024-11-23T02:00,3600,0.0,0.0,0.0,0.0,0.0,0.0,0.0,0.0,0.0
2024-11-23T03:00,3600,0.0,0.0,0.0,0.0,0.0,0.0,0.0,0.0,0.0
2024-11-23T04:00,3600,0.0,0.0,0.0,0.0,0.0,0.0,0.0,0.0,0.0
2024-11-23T05:00,3600,0.0,0.0,0.0,0.0,0.0,0.0,0.0,0.0,0.0
2024-11-23T06:00,3600,0.0,0.0,0.0,0.0,0.0,0.0,2.9765313,0.0,0.96820194
2024-11-23T07:00,3600,0.0,0.06398650546,0.0,0.0,0.0,0.06398650546,92.48138849,63.98650546,30.16711561
2024-11-23T08:00,3600,0.0,0.35781024054,0.0,0.0,0.0,0.35781024054,445.08096942,357.81024054,146.32291548
2024-11-23T09:00,3600,0.0,0.7099538705799999,0.0,0.0,0.0,0.7099538705799999,869.71529171,709.95387058,289.03859853
2024-11-23T10:00,3600,0.0,1.40913836508,0.0,0.0,0.0,1.40913836508,1719.58689221,1409.13836508,590.96432838
2024-11-23T11:00,3600,0.0,1.6715108369300002,0.0,0.0,0.0,1.6715108369300002,2040.8712358,1671.51083693,710.12965558
2024-11-23T12:00,3600,0.0,1.70919697795,0.0,0.0,0.0,1.70919697795,2087.12692813,1709.19697795,728.78983818
2024-11-23T13:00,3600,0.0,1.3518188630300003,0.0,0.0,0.0,1.3518188630300003,1649.5706767,1351.81886303,572.27323802
2024-11-23T14:00,3600,0.0,1.29451292509,0.0,0.0,0.0,1.29451292509,1579.63287459,1294.51292509,547.71357043
2024-11-23T15:00,3600,0.0,0.84292628931,0.0,0.0,0.0,0.84292628931,1030.64860712,842.92628931,350.73171425
2024-11-23T16:00,3600,0.0,0.37530942868,0.0,0.0,0.0,0.37530942868,466.1294751,375.30942868,155.48624679
2024-11-23T17:00,3600,0.0,0.03883439859,0.0,0.0,0.0,0.03883439859,62.36944446,38.83439859,20.53009353
2024-11-23T18:00,3600,0.0,0.0,0.0,0.0,0.0,0.0,0.0,0.0,0.0
2024-11-23T19:00,3600,0.0,0.0,0.0,0.0,0.0,0.0,0.0,0.0,0.0
2024-11-23T20:00,3600,0.0,0.0,0.0,0.0,0.0,0.0,0.0,0.0,0.0
2024-11-23T21:00,3600,0.0,0.0,0.0,0.0,0.0,0.0,0.0,0.0,0.0
2024-11-23T22:00,3600,0.0,0.0,0.0,0.0,0.0,0.0,0.0,0.0,0.0
2024-11-23T23:00,3600,0.0,0.0,0.0,0.0,0.0,0.0,0.0,0.0,0.0
2024-11-24T00:00,3600,0.0,0.0,0.0,0.0,0.0,0.0,0.0,0.0,0.0
2024-11-24T01:00,3600,0.0,0.0,0.0,0.0,0.0,0.0,0.0,0.0,0.0
2024-11-24T02:00,3600,0.0,0.0,0.0,0.0,0.0,0.0,0.0,0.0,0.0
2024-11-24T03:00,3600,0.0,0.0,0.0,0.0,0.0,0.0,0.0,0.0,0.0
2024-11-24T04:00,3600,0.0,0.0,0.0,0.0,0.0,0.0,0.0,0.0,0.0
2024-11-24T05:00,3600,0.0,0.0,0.0,0.0,0.0,0.0,0.0,0.0,0.0
2024-11-24T06:00,3600,0.0,0.0,0.0,0.0,0.0,0.0,0.0,0.0,0.0
2024-11-24T07:00,3600,0.0,0.059729929140000006,0.0,0.0,0.0,0.059729929140000006,87.38465258,59.72992914,28.53578431
2024-11-24T08:00,3600,0.0,0.22322372344,0.0,0.0,0.0,0.22322372344,283.3804546,223.22372344,93.05687584
2024-11-24T09:00,3600,0.0,0.48411870117,0.0,0.0,0.0,0.48411870117,597.13219806,484.11870117,197.9284095
2024-11-24T10:00,3600,0.0,0.56285550144,0.0,0.0,0.0,0.56285550144,692.06224002,562.85550144,232.1056723
2024-11-24T11:00,3600,0.0,0.39639750018000003,0.0,0.0,0.0,0.39639750018000003,491.50211672,396.39750018,163.78869559
2024-11-24T12:00,3600,0.0,0.54911837138,0.0,0.0,0.0,0.54911837138,675.49179374,549.11837138,226.1665303
2024-11-24T13:00,3600,0.0,0.68226987991,0.0,0.0,0.0,0.68226987991,836.25075046,682.26987991,282.73396766
2024-11-24T14:00,3600,0.0,0.35658843994,0.0,0.0,0.0,0.35658843994,443.61155985,356.58843994,148.08581657
2024-11-24T15:00,3600,0.0,0.43613344604000004,0.0,0.0,0.0,0.43613344604000004,539.33320685,436.13344604,180.69853946
2024-11-24T16:00,3600,0.0,0.15634988545999998,0.0,0.0,0.0,0.15634988545999998,203.15473378,156.34988546,67.13508819
2024-11-24T17:00,3600,0.0,0.00409148113,0.0,0.0,0.0,0.00409148113,20.79389909,4.09148113,6.83786951
2024-11-24T18:00,3600,0.0,0.0,0.0,0.0,0.0,0.0,0.0,0.0,0.0
2024-11-24T19:00,3600,0.0,0.0,0.0,0.0,0.0,0.0,0.0,0.0,0.0
2024-11-24T20:00,3600,0.0,0.0,0.0,0.0,0.0,0.0,0.0,0.0,0.0
2024-11-24T21:00,3600,0.0,0.0,0.0,0.0,0.0,0.0,0.0,0.0,0.0
2024-11-24T22:00,3600,0.0,0.0,0.0,0.0,0.0,0.0,0.0,0.0,0.0
2024-11-24T23:00,3600,0.0,0.0,0.0,0.0,0.0,0.0,0.0,0.0,0.0
2024-11-25T00:00,3600,0.0,0.0,0.0,0.0,0.0,0.0,0.0,0.0,0.0
2024-11-25T01:00,3600,0.0,0.0,0.0,0.0,0.0,0.0,0.0,0.0,0.0
2024-11-25T02:00,3600,0.0,0.0,0.0,0.0,0.0,0.0,0.0,0.0,0.0
2024-11-25T03:00,3600,0.0,0.0,0.0,0.0,0.0,0.0,0.0,0.0,0.0
2024-11-25T04:00,3600,0.0,0.0,0.0,0.0,0.0,0.0,0.0,0.0,0.0
2024-11-25T05:00,3600,0.0,0.0,0.0,0.0,0.0,0.0,0.0,0.0,0.0
2024-11-25T06:00,3600,0.0,0.0,0.0,0.0,0.0,0.0,2.97447135,0.0,0.96820194
2024-11-25T07:00,3600,0.0,0.24785622832,0.0,0.0,0.0,0.24785622832,312.9511783,247.85622832,102.91702992
2024-11-25T08:00,3600,0.0,0.52142007065,0.0,0.0,0.0,0.52142007065,642.09106576,521.42007065,213.6424772
2024-11-25T09:00,3600,0.0,0.7026939862499999,0.0,0.0,0.0,0.7026939862499999,860.93815372,702.69398625,288.83594622
2024-11-25T10:00,3600,0.0,1.23383457626,0.0,0.0,0.0,1.23383457626,1505.64650727,1233.83457626,519.97335721
2024-11-25T11:00,3600,0.0,1.38227279021,0.0,0.0,0.0,1.38227279021,1686.76267106,1382.27279021,588.01552105
2024-11-25T12:00,3600,0.0,1.35093233664,0.0,0.0,0.0,1.35093233664,1648.4882641,1350.93233664,574.23247151
2024-11-25T13:00,3600,0.0,0.94129266048,0.0,0.0,0.0,0.94129266048,1149.90824833,941.29266048,395.47625082
2024-11-25T14:00,3600,0.0,0.6539968152100001,0.0,0.0,0.0,0.6539968152100001,802.08857907,653.99681521,272.18504496
2024-11-25T15:00,3600,0.0,0.51390766554,0.0,0.0,0.0,0.51390766554,633.03443197,513.90766554,213.65607542
2024-11-25T16:00,3600,0.0,0.31115371723,0.0,0.0,0.0,0.31115371723,388.98813954,311.15371723,129.67943974
2024-11-25T17:00,3600,0.0,0.01654949657,0.0,0.0,0.0,0.01654949657,35.69947793,16.54949657,11.7613243
2024-11-25T18:00,3600,0.0,0.0,0.0,0.0,0.0,0.0,0.0,0.0,0.0
2024-11-25T19:00,3600,0.0,0.0,0.0,0.0,0.0,0.0,0.0,0.0,0.0
2024-11-25T20:00,3600,0.0,0.0,0.0,0.0,0.0,0.0,0.0,0.0,0.0
2024-11-25T21:00,3600,0.0,0.0,0.0,0.0,0.0,0.0,0.0,0.0,0.0
2024-11-25T22:00,3600,0.0,0.0,0.0,0.0,0.0,0.0,0.0,0.0,0.0
2024-11-25T23:00,3600,0.0,0.0,0.0,0.0,0.0,0.0,0.0,0.0,0.0
2024-11-26T00:00,3600,0.0,0.0,0.0,0.0,0.0,0.0,0.0,0.0,0.0
2024-11-26T01:00,3600,0.0,0.0,0.0,0.0,0.0,0.0,0.0,0.0,0.0
2024-11-26T02:00,3600,0.0,0.0,0.0,0.0,0.0,0.0,0.0,0.0,0.0
2024-11-26T03:00,3600,0.0,0.0,0.0,0.0,0.0,0.0,0.0,0.0,0.0
2024-11-26T04:00,3600,0.0,0.0,0.0,0.0,0.0,0.0,0.0,0.0,0.0
2024-11-26T05:00,3600,0.0,0.0,0.0,0.0,0.0,0.0,0.0,0.0,0.0
2024-11-26T06:00,3600,0.0,0.0,0.0,0.0,0.0,0.0,0.0,0.0,0.0
2024-11-26T07:00,3600,0.0,0.18748669523000003,0.0,0.0,0.0,0.18748669523000003,240.49831317,187.48669523,78.47952949
2024-11-26T08:00,3600,0.0,0.57499895509,0.0,0.0,0.0,0.57499895509,706.71316436,574.99895509,233.27807061
2024-11-26T09:00,3600,0.0,1.30476245148,0.0,0.0,0.0,1.30476245148,1592.13715547,1304.76245148,537.24267986
2024-11-26T10:00,3600,0.0,1.68820940956,0.0,0.0,0.0,1.68820940956,2061.36358917,1688.20940956,710.79098013
2024-11-26T11:00,3600,0.0,1.9795211326199997,0.0,0.0,0.0,1.9795211326199997,2419.72077732,1979.52113262,842.60371804
2024-11-26T12:00,3600,0.0,1.9076059990399998,0.0,0.0,0.0,1.9076059990399998,2331.10225596,1907.60599904,810.69574696
2024-11-26T13:00,3600,0.0,1.8198260244,0.0,0.0,0.0,1.8198260244,2223.06945667,1819.8260244,776.569247
2024-11-26T14:00,3600,0.0,1.56765302391,0.0,0.0,0.0,1.56765302391,1913.53725322,1567.65302391,662.88055147
2024-11-26T15:00,3600,0.0,1.11342239983,0.0,0.0,0.0,1.11342239983,1359.02944395,1113.42239983,463.77551088
2024-11-26T16:00,3600,0.0,0.58574109562,0.0,0.0,0.0,0.58574109562,719.67565579,585.74109562,240.80068184
2024-11-26T17:00,3600,0.0,0.05485675788,0.0,0.0,0.0,0.05485675788,81.55001375,54.85675788,26.79400655
2024-11-26T18:00,3600,0.0,0.0,0.0,0.0,0.0,0.0,0.0,0.0,0.0
2024-11-26T19:00,3600,0.0,0.0,0.0,0.0,0.0,0.0,0.0,0.0,0.0
2024-11-26T20:00,3600,0.0,0.0,0.0,0.0,0.0,0.0,0.0,0.0,0.0
2024-11-26T21:00,3600,0.0,0.0,0.0,0.0,0.0,0.0,0.0,0.0,0.0
2024-11-26T22:00,3600,0.0,0.0,0.0,0.0,0.0,0.0,0.0,0.0,0.0
2024-11-26T23:00,3600,0.0,0.0,0.0,0.0,0.0,0.0,0.0,0.0,0.0
2024-11-27T00:00,3600,0.0,0.0,0.0,0.0,0.0,0.0,0.0,0.0,0.0
2024-11-27T01:00,3600,0.0,0.0,0.0,0.0,0.0,0.0,0.0,0.0,0.0
2024-11-27T02:00,3600,0.0,0.0,0.0,0.0,0.0,0.0,0.0,0.0,0.0
2024-11-27T03:00,3600,0.0,0.0,0.0,0.0,0.0,0.0,0.0,0.0,0.0
2024-11-27T04:00,3600,0.0,0.0,0.0,0.0,0.0,0.0,0.0,0.0,0.0
2024-11-27T05:00,3600,0.0,0.0,0.0,0.0,0.0,0.0,0.0,0.0,0.0
2024-11-27T06:00,3600,0.0,0.0,0.0,0.0,0.0,0.0,3.01923726,0.0,0.96820194
2024-11-27T07:00,3600,0.0,0.27309818854999995,0.0,0.0,0.0,0.27309818854999995,343.26481069,273.09818855,111.20885857
2024-11-27T08:00,3600,0.0,0.6025561561399999,0.0,0.0,0.0,0.6025561561399999,739.97052467,602.55615614,242.63243639
2024-11-27T09:00,3600,0.0,0.97776681696,0.0,0.0,0.0,0.97776681696,1194.17500579,977.76681696,396.86941189
2024-11-27T10:00,3600,0.0,1.1881113012500002,0.0,0.0,0.0,1.1881113012500002,1449.94073716,1188.11130125,490.56128377
2024-11-27T11:00,3600,0.0,1.44874588375,0.0,0.0,0.0,1.44874588375,1768.00401372,1448.74588375,603.92019054
2024-11-27T12:00,3600,0.0,1.38750000418,0.0,0.0,0.0,1.38750000418,1693.14818725,1387.50000418,578.02922972
2024-11-27T13:00,3600,0.0,1.66712630596,0.0,0.0,0.0,1.66712630596,2035.49145835,1667.12630596,706.59550607
2024-11-27T14:00,3600,0.0,1.58384833739,0.0,0.0,0.0,1.58384833739,1933.37985214,1583.84833739,669.90836636
2024-11-27T15:00,3600,0.0,1.1580453447299999,0.0,0.0,0.0,1.1580453447299999,1413.33195372,1158.04534473,482.89666607
2024-11-27T16:00,3600,0.0,0.5936557728499999,0.0,0.0,0.0,0.5936557728499999,729.22760264,593.65577285,244.24449421
2024-11-27T17:00,3600,0.0,0.05511799217,0.0,0.0,0.0,0.05511799217,81.86277838,55.11799217,26.91561258
2024-11-27T18:00,3600,0.0,0.0,0.0,0.0,0.0,0.0,0.0,0.0,0.0
2024-11-27T19:00,3600,0.0,0.0,0.0,0.0,0.0,0.0,0.0,0.0,0.0
2024-11-27T20:00,3600,0.0,0.0,0.0,0.0,0.0,0.0,0.0,0.0,0.0
2024-11-27T21:00,3600,0.0,0.0,0.0,0.0,0.0,0.0,0.0,0.0,0.0
2024-11-27T22:00,3600,0.0,0.0,0.0,0.0,0.0,0.0,0.0,0.0,0.0
2024-11-27T23:00,3600,0.0,0.0,0.0,0.0,0.0,0.0,0.0,0.0,0.0
2024-11-28T00:00,3600,0.0,0.0,0.0,0.0,0.0,0.0,0.0,0.0,0.0
2024-11-28T01:00,3600,0.0,0.0,0.0,0.0,0.0,0.0,0.0,0.0,0.0
2024-11-28T02:00,3600,0.0,0.0,0.0,0.0,0.0,0.0,0.0,0.0,0.0
2024-11-28T03:00,3600,0.0,0.0,0.0,0.0,0.0,0.0,0.0,0.0,0.0
2024-11-28T04:00,3600,0.0,0.0,0.0,0.0,0.0,0.0,0.0,0.0,0.0
2024-11-28T05:00,3600,0.0,0.0,0.0,0.0,0.0,0.0,0.0,0.0,0.0
2024-11-28T06:00,3600,0.0,0.0,0.0,0.0,0.0,0.0,0.0,0.0,0.0
2024-11-28T07:00,3600,0.0,0.20696392776,0.0,0.0,0.0,0.20696392776,263.86691248,206.96392776,85.65178085
2024-11-28T08:00,3600,0.0,0.703713482,0.0,0.0,0.0,0.703713482,862.17065719,703.713482,284.61367825
2024-11-28T09:00,3600,0.0,1.1985721913600003,0.0,0.0,0.0,1.1985721913600003,1462.68204239,1198.57219136,492.53373783
2024-11-28T10:00,3600,0.0,1.5324549121600002,0.0,0.0,0.0,1.5324549121600002,1870.42950528,1532.45491216,644.75330849
2024-11-28T11:00,3600,0.0,1.8861581859699998,0.0,0.0,0.0,1.8861581859699998,2304.69222451,1886.15818597,804.37117106
2024-11-28T12:00,3600,0.0,2.0485493569,0.0,0.0,0.0,2.0485493569,2504.876182,2048.5493569,880.00966251
2024-11-28T13:00,3600,0.0,1.92602975723,0.0,0.0,0.0,1.92602975723,2353.79567734,1926.02975723,828.51807256
2024-11-28T14:00,3600,0.0,1.55405295441,0.0,0.0,0.0,1.55405295441,1896.8782171,1554.05295441,658.71238957
2024-11-28T15:00,3600,0.0,1.1379743153,0.0,0.0,0.0,1.1379743153,1388.90254282,1137.9743153,475.42096881
2024-11-28T16:00,3600,0.0,0.5985696783900001,0.0,0.0,0.0,0.5985696783900001,735.15859645,598.56967839,246.67000791
2024-11-28T17:00,3600,0.0,0.05526511699,0.0,0.0,0.0,0.05526511699,82.03892516,55.26511699,27.02374753
2024-11-28T18:00,3600,0.0,0.0,0.0,0.0,0.0,0.0,0.0,0.0,0.0
2024-11-28T19:00,3600,0.0,0.0,0.0,0.0,0.0,0.0,0.0,0.0,0.0
2024-11-28T20:00,3600,0.0,0.0,0.0,0.0,0.0,0.0,0.0,0.0,0.0
2024-11-28T21:00,3600,0.0,0.0,0.0,0.0,0.0,0.0,0.0,0.0,0.0
2024-11-28T22:00,3600,0.0,0.0,0.0,0.0,0.0,0.0,0.0,0.0,0.0
2024-11-28T23:00,3600,0.0,0.0,0.0,0.0,0.0,0.0,0.0,0.0,0.0
2024-11-29T00:00,3600,0.0,0.0,0.0,0.0,0.0,0.0,0.0,0.0,0.0
2024-11-29T01:00,3600,0.0,0.0,0.0,0.0,0.0,0.0,0.0,0.0,0.0
2024-11-29T02:00,3600,0.0,0.0,0.0,0.0,0.0,0.0,0.0,0.0,0.0
2024-11-29T03:00,3600,0.0,0.0,0.0,0.0,0.0,0.0,0.0,0.0,0.0
2024-11-29T04:00,3600,0.0,0.0,0.0,0.0,0.0,0.0,0.0,0.0,0.0
2024-11-29T05:00,3600,0.0,0.0,0.0,0.0,0.0,0.0,0.0,0.0,0.0
2024-11-29T06:00,3600,0.0,0.0,0.0,0.0,0.0,0.0,0.0,0.0,0.0
2024-11-29T07:00,3600,0.0,0.32025690206,0.0,0.0,0.0,0.32025690206,399.92937616,320.25690206,129.68255786
2024-11-29T08:00,3600,0.0,0.93754599735,0.0,0.0,0.0,0.93754599735,1145.36251411,937.54599735,379.24561469
2024-11-29T09:00,3600,0.0,1.47349599549,0.0,0.0,0.0,1.47349599549,1798.27416774,1473.49599549,608.44073005
2024-11-29T10:00,3600,0.0,1.83845689972,0.0,0.0,0.0,1.83845689972,2245.98647853,1838.45689972,782.1052722
2024-11-29T11:00,3600,0.0,2.0604791048799997,0.0,0.0,0.0,2.0604791048799997,2519.60248297,2060.47910488,884.39084012
2024-11-29T12:00,3600,0.0,2.0962929519899998,0.0,0.0,0.0,2.0962929519899998,2563.82840398,2096.29295199,903.89137051
2024-11-29T13:00,3600,0.0,1.94255383075,0.0,0.0,0.0,1.94255383075,2374.15475107,1942.55383075,840.79159255
2024-11-29T14:00,3600,0.0,1.6284601667899998,0.0,0.0,0.0,1.6284601667899998,1988.06437168,1628.46016679,696.69406891
2024-11-29T15:00,3600,0.0,1.1754189321,0.0,0.0,0.0,1.1754189321,1434.4842489,1175.4189321,494.09213741
2024-11-29T16:00,3600,0.0,0.6096846401799999,0.0,0.0,0.0,0.6096846401799999,748.57577207,609.68464018,251.6697016
2024-11-29T17:00,3600,0.0,0.05847947075,0.0,0.0,0.0,0.05847947075,85.88744087,58.47947075,28.26198659
2024-11-29T18:00,3600,0.0,0.0,0.0,0.0,0.0,0.0,0.0,0.0,0.0
2024-11-29T19:00,3600,0.0,0.0,0.0,0.0,0.0,0.0,0.0,0.0,0.0
2024-11-29T20:00,3600,0.0,0.0,0.0,0.0,0.0,0.0,0.0,0.0,0.0
2024-11-29T21:00,3600,0.0,0.0,0.0,0.0,0.0,0.0,0.0,0.0,0.0
2024-11-29T22:00,3600,0.0,0.0,0.0,0.0,0.0,0.0,0.0,0.0,0.0
2024-11-29T23:00,3600,0.0,0.0,0.0,0.0,0.0,0.0,0.0,0.0,0.0
2024-11-30T00:00,3600,0.0,0.0,0.0,0.0,0.0,0.0,0.0,0.0,0.0
2024-11-30T01:00,3600,0.0,0.0,0.0,0.0,0.0,0.0,0.0,0.0,0.0
2024-11-30T02:00,3600,0.0,0.0,0.0,0.0,0.0,0.0,0.0,0.0,0.0
2024-11-30T03:00,3600,0.0,0.0,0.0,0.0,0.0,0.0,0.0,0.0,0.0
2024-11-30T04:00,3600,0.0,0.0,0.0,0.0,0.0,0.0,0.0,0.0,0.0
2024-11-30T05:00,3600,0.0,0.0,0.0,0.0,0.0,0.0,0.0,0.0,0.0
2024-11-30T06:00,3600,0.0,0.0,0.0,0.0,0.0,0.0,0.0,0.0,0.0
2024-11-30T07:00,3600,0.0,0.25188070992,0.0,0.0,0.0,0.25188070992,317.78350302,251.88070992,102.41279039
2024-11-30T08:00,3600,0.0,0.8189097965100001,0.0,0.0,0.0,0.8189097965100001,1001.55801384,818.90979651,329.59196837
2024-11-30T09:00,3600,0.0,1.30000497713,0.0,0.0,0.0,1.30000497713,1586.33285695,1300.00497713,534.66463138
2024-11-30T10:00,3600,0.0,1.6635882511,0.0,0.0,0.0,1.6635882511,2031.15056678,1663.5882511,708.54634475
2024-11-30T11:00,3600,0.0,1.8119366075800003,0.0,0.0,0.0,1.8119366075800003,2213.36704505,1811.93660758,778.6516709
2024-11-30T12:00,3600,0.0,1.82259011912,0.0,0.0,0.0,1.82259011912,2226.46902608,1822.59011912,787.39764252
2024-11-30T13:00,3600,0.0,1.8208016708399999,0.0,0.0,0.0,1.8208016708399999,2224.26939072,1820.80167084,796.60464576
2024-11-30T14:00,3600,0.0,1.4369931605100001,0.0,0.0,0.0,1.4369931605100001,1753.63412693,1436.99316051,616.8363427
2024-11-30T15:00,3600,0.0,1.078922831,0.0,0.0,0.0,1.078922831,1317.07168613,1078.922831,455.38111582
2024-11-30T16:00,3600,0.0,0.5765847931,0.0,0.0,0.0,0.5765847931,708.6266558,576.5847931,239.15567891
2024-11-30T17:00,3600,0.0,0.055751639070000004,0.0,0.0,0.0,0.055751639070000004,82.62142172,55.75163907,27.25270268
2024-11-30T18:00,3600,0.0,0.0,0.0,0.0,0.0,0.0,0.0,0.0,0.0
2024-11-30T19:00,3600,0.0,0.0,0.0,0.0,0.0,0.0,0.0,0.0,0.0
2024-11-30T20:00,3600,0.0,0.0,0.0,0.0,0.0,0.0,0.0,0.0,0.0
2024-11-30T21:00,3600,0.0,0.0,0.0,0.0,0.0,0.0,0.0,0.0,0.0
2024-11-30T22:00,3600,0.0,0.0,0.0,0.0,0.0,0.0,0.0,0.0,0.0
2024-11-30T23:00,3600,0.0,0.0,0.0,0.0,0.0,0.0,0.0,0.0,0.0
2024-12-01T00:00,3600,0.0,0.0,0.0,0.0,0.0,0.0,0.0,0.0,0.0
2024-12-01T01:00,3600,0.0,0.0,0.0,0.0,0.0,0.0,0.0,0.0,0.0
2024-12-01T02:00,3600,0.0,0.0,0.0,0.0,0.0,0.0,0.0,0.0,0.0
2024-12-01T03:00,3600,0.0,0.0,0.0,0.0,0.0,0.0,0.0,0.0,0.0
2024-12-01T04:00,3600,0.0,0.0,0.0,0.0,0.0,0.0,0.0,0.0,0.0
2024-12-01T05:00,3600,0.0,0.0,0.0,0.0,0.0,0.0,0.0,0.0,0.0
2024-12-01T06:00,3600,0.0,0.0,0.0,0.0,0.0,0.0,0.0,0.0,0.0
2024-12-01T07:00,3600,0.0,0.30101864221999997,0.0,0.0,0.0,0.30101864221999997,376.80841139,301.01864222,120.8451597
2024-12-01T08:00,3600,0.0,0.9082274316299999,0.0,0.0,0.0,0.9082274316299999,1109.79997095,908.22743163,366.04067975
2024-12-01T09:00,3600,0.0,1.42809931037,0.0,0.0,0.0,1.42809931037,1742.7614792,1428.09931037,590.30316395
2024-12-01T10:00,3600,0.0,1.76008962771,0.0,0.0,0.0,1.76008962771,2149.63535568,1760.08962771,762.66738091
2024-12-01T11:00,3600,0.0,1.9654200426800001,0.0,0.0,0.0,1.9654200426800001,2402.33660068,1965.42004268,863.00531492
2024-12-01T12:00,3600,0.0,2.00217561866,0.0,0.0,0.0,2.00217561866,2447.65786888,2002.17561866,883.4447548
2024-12-01T13:00,3600,0.0,1.84769326288,0.0,0.0,0.0,1.84769326288,2257.35020198,1847.69326288,820.84732542
2024-12-01T14:00,3600,0.0,1.56867253095,0.0,0.0,0.0,1.56867253095,1914.78621242,1568.67253095,685.85839685
2024-12-01T15:00,3600,0.0,1.13960801341,0.0,0.0,0.0,1.13960801341,1390.89071411,1139.60801341,487.39256856
2024-12-01T16:00,3600,0.0,0.5941671844199999,0.0,0.0,0.0,0.5941671844199999,729.84484654,594.16718442,248.37958889
2024-12-01T17:00,3600,0.0,0.05831943667,0.0,0.0,0.0,0.05831943667,85.69582923,58.31943667,28.4912669
2024-12-01T18:00,3600,0.0,0.0,0.0,0.0,0.0,0.0,0.0,0.0,0.0
2024-12-01T19:00,3600,0.0,0.0,0.0,0.0,0.0,0.0,0.0,0.0,0.0
2024-12-01T20:00,3600,0.0,0.0,0.0,0.0,0.0,0.0,0.0,0.0,0.0
2024-12-01T21:00,3600,0.0,0.0,0.0,0.0,0.0,0.0,0.0,0.0,0.0
2024-12-01T22:00,3600,0.0,0.0,0.0,0.0,0.0,0.0,0.0,0.0,0.0
2024-12-01T23:00,3600,0.0,0.0,0.0,0.0,0.0,0.0,0.0,0.0,0.0
2024-12-02T00:00,3600,0.0,0.0,0.0,0.0,0.0,0.0,0.0,0.0,0.0
2024-12-02T01:00,3600,0.0,0.0,0.0,0.0,0.0,0.0,0.0,0.0,0.0
2024-12-02T02:00,3600,0.0,0.0,0.0,0.0,0.0,0.0,0.0,0.0,0.0
2024-12-02T03:00,3600,0.0,0.0,0.0,0.0,0.0,0.0,0.0,0.0,0.0
2024-12-02T04:00,3600,0.0,0.0,0.0,0.0,0.0,0.0,0.0,0.0,0.0
2024-12-02T05:00,3600,0.0,0.0,0.0,0.0,0.0,0.0,0.0,0.0,0.0
2024-12-02T06:00,3600,0.0,0.0,0.0,0.0,0.0,0.0,0.0,0.0,0.0
2024-12-02T07:00,3600,0.0,0.28033469763999996,0.0,0.0,0.0,0.28033469763999996,351.9574019,280.33469764,113.74173068
2024-12-02T08:00,3600,0.0,0.8766357918200001,0.0,0.0,0.0,0.8766357918200001,1071.49800763,876.63579182,355.19479193
2024-12-02T09:00,3600,0.0,1.38413735112,0.0,0.0,0.0,1.38413735112,1689.04034228,1384.13735112,574.45682191
2024-12-02T10:00,3600,0.0,1.71078940351,0.0,0.0,0.0,1.71078940351,2089.08205798,1710.78940351,743.46283941
2024-12-02T11:00,3600,0.0,1.93512794497,0.0,0.0,0.0,1.93512794497,2365.00477017,1935.12794497,852.20569376
2024-12-02T12:00,3600,0.0,1.9651452538099998,0.0,0.0,0.0,1.9651452538099998,2401.99787236,1965.14525381,869.34566993
2024-12-02T13:00,3600,0.0,1.8003141619999998,0.0,0.0,0.0,1.8003141619999998,2199.07593268,1800.314162,801.15547811
2024-12-02T14:00,3600,0.0,1.5380805925100003,0.0,0.0,0.0,1.5380805925100003,1877.31779466,1538.08059251,674.92153421
2024-12-02T15:00,3600,0.0,1.1169824093,0.0,0.0,0.0,1.1169824093,1363.36032485,1116.9824093,479.71072314
2024-12-02T16:00,3600,0.0,0.5792051850200001,0.0,0.0,0.0,0.5792051850200001,711.78855275,579.20518502,243.48494276
2024-12-02T17:00,3600,0.0,0.055408361309999994,0.0,0.0,0.0,0.055408361309999994,82.21042634,55.40836131,27.46094258
2024-12-02T18:00,3600,0.0,0.0,0.0,0.0,0.0,0.0,0.0,0.0,0.0
2024-12-02T19:00,3600,0.0,0.0,0.0,0.0,0.0,0.0,0.0,0.0,0.0
2024-12-02T20:00,3600,0.0,0.0,0.0,0.0,0.0,0.0,0.0,0.0,0.0
2024-12-02T21:00,3600,0.0,0.0,0.0,0.0,0.0,0.0,0.0,0.0,0.0
2024-12-02T22:00,3600,0.0,0.0,0.0,0.0,0.0,0.0,0.0,0.0,0.0
2024-12-02T23:00,3600,0.0,0.0,0.0,0.0,0.0,0.0,0.0,0.0,0.0
2024-12-03T00:00,3600,0.0,0.0,0.0,0.0,0.0,0.0,0.0,0.0,0.0
2024-12-03T01:00,3600,0.0,0.0,0.0,0.0,0.0,0.0,0.0,0.0,0.0
2024-12-03T02:00,3600,0.0,0.0,0.0,0.0,0.0,0.0,0.0,0.0,0.0
2024-12-03T03:00,3600,0.0,0.0,0.0,0.0,0.0,0.0,0.0,0.0,0.0
2024-12-03T04:00,3600,0.0,0.0,0.0,0.0,0.0,0.0,0.0,0.0,0.0
2024-12-03T05:00,3600,0.0,0.0,0.0,0.0,0.0,0.0,0.0,0.0,0.0
2024-12-03T06:00,3600,0.0,0.0,0.0,0.0,0.0,0.0,0.0,0.0,0.0
2024-12-03T07:00,3600,0.0,0.25797149958,0.0,0.0,0.0,0.25797149958,325.09746215,257.97149958,105.40439346
2024-12-03T08:00,3600,0.0,0.8075946513200001,0.0,0.0,0.0,0.8075946513200001,987.85592755,807.59465132,327.90356595
2024-12-03T09:00,3600,0.0,1.35939231838,0.0,0.0,0.0,1.35939231838,1658.81816038,1359.39231838,566.11393049
2024-12-03T10:00,3600,0.0,1.68935231411,0.0,0.0,0.0,1.68935231411,2062.76634736,1689.35231411,735.74421548
2024-12-03T11:00,3600,0.0,1.82970708145,0.0,0.0,0.0,1.82970708145,2235.22287885,1829.70708145,802.92686376
2024-12-03T12:00,3600,0.0,1.95110256235,0.0,0.0,0.0,1.95110256235,2384.68959473,1951.10256235,862.31715471
2024-12-03T13:00,3600,0.0,1.8077788725200001,0.0,0.0,0.0,1.8077788725200001,2208.25434072,1807.77887252,804.27569008
2024-12-03T14:00,3600,0.0,1.49621062072,0.0,0.0,0.0,1.49621062072,1826.06506651,1496.21062072,655.76798335
2024-12-03T15:00,3600,0.0,1.0837041869100001,0.0,0.0,0.0,1.0837041869100001,1322.88536367,1083.70418691,465.48015921
2024-12-03T16:00,3600,0.0,0.56856011757,0.0,0.0,0.0,0.56856011757,698.94445408,568.56011757,239.32791617
2024-12-03T17:00,3600,0.0,0.0555167795,0.0,0.0,0.0,0.0555167795,82.34023171,55.5167795,27.55186961
2024-12-03T18:00,3600,0.0,0.0,0.0,0.0,0.0,0.0,0.0,0.0,0.0
2024-12-03T19:00,3600,0.0,0.0,0.0,0.0,0.0,0.0,0.0,0.0,0.0
2024-12-03T20:00,3600,0.0,0.0,0.0,0.0,0.0,0.0,0.0,0.0,0.0
2024-12-03T21:00,3600,0.0,0.0,0.0,0.0,0.0,0.0,0.0,0.0,0.0
2024-12-03T22:00,3600,0.0,0.0,0.0,0.0,0.0,0.0,0.0,0.0,0.0
2024-12-03T23:00,3600,0.0,0.0,0.0,0.0,0.0,0.0,0.0,0.0,0.0
2024-12-04T00:00,3600,0.0,0.0,0.0,0.0,0.0,0.0,0.0,0.0,0.0
2024-12-04T01:00,3600,0.0,0.0,0.0,0.0,0.0,0.0,0.0,0.0,0.0
2024-12-04T02:00,3600,0.0,0.0,0.0,0.0,0.0,0.0,0.0,0.0,0.0
2024-12-04T03:00,3600,0.0,0.0,0.0,0.0,0.0,0.0,0.0,0.0,0.0
2024-12-04T04:00,3600,0.0,0.0,0.0,0.0,0.0,0.0,0.0,0.0,0.0
2024-12-04T05:00,3600,0.0,0.0,0.0,0.0,0.0,0.0,0.0,0.0,0.0
2024-12-04T06:00,3600,0.0,0.0,0.0,0.0,0.0,0.0,0.0,0.0,0.0
2024-12-04T07:00,3600,0.0,0.15769024172999999,0.0,0.0,0.0,0.15769024172999999,204.76191855,157.69024173,66.74639216
2024-12-04T08:00,3600,0.0,0.52369455697,0.0,0.0,0.0,0.52369455697,644.8332908,523.69455697,213.18797799
2024-12-04T09:00,3600,0.0,0.92351152474,0.0,0.0,0.0,0.92351152474,1128.33713851,923.51152474,379.88012936
2024-12-04T10:00,3600,0.0,1.0685779013999999,0.0,0.0,0.0,1.0685779013999999,1304.49468276,1068.5779014,453.04790618
2024-12-04T11:00,3600,0.0,1.7796018305,0.0,0.0,0.0,1.7796018305,2173.61421444,1779.6018305,779.24128443
2024-12-04T12:00,3600,0.0,1.92388825485,0.0,0.0,0.0,1.92388825485,2351.15754965,1923.88825485,850.62076097
2024-12-04T13:00,3600,0.0,1.7984010896,0.0,0.0,0.0,1.7984010896,2196.72384262,1798.4010896,800.5693643
2024-12-04T14:00,3600,0.0,1.5212888155799997,0.0,0.0,0.0,1.5212888155799997,1856.75910705,1521.28881558,668.78211776
2024-12-04T15:00,3600,0.0,1.05348486452,0.0,0.0,0.0,1.05348486452,1286.1486644,1053.48486452,452.73830703
2024-12-04T16:00,3600,0.0,0.51710076071,0.0,0.0,0.0,0.51710076071,636.88376573,517.10076071,218.23896628
2024-12-04T17:00,3600,0.0,0.05019235332000001,0.0,0.0,0.0,0.05019235332000001,75.96572581,50.19235332,25.47585686
2024-12-04T18:00,3600,0.0,0.0,0.0,0.0,0.0,0.0,0.0,0.0,0.0
2024-12-04T19:00,3600,0.0,0.0,0.0,0.0,0.0,0.0,0.0,0.0,0.0
2024-12-04T20:00,3600,0.0,0.0,0.0,0.0,0.0,0.0,0.0,0.0,0.0
2024-12-04T21:00,3600,0.0,0.0,0.0,0.0,0.0,0.0,0.0,0.0,0.0
2024-12-04T22:00,3600,0.0,0.0,0.0,0.0,0.0,0.0,0.0,0.0,0.0
2024-12-04T23:00,3600,0.0,0.0,0.0,0.0,0.0,0.0,0.0,0.0,0.0
2024-12-05T00:00,3600,0.0,0.0,0.0,0.0,0.0,0.0,0.0,0.0,0.0
2024-12-05T01:00,3600,0.0,0.0,0.0,0.0,0.0,0.0,0.0,0.0,0.0
2024-12-05T02:00,3600,0.0,0.0,0.0,0.0,0.0,0.0,0.0,0.0,0.0
2024-12-05T03:00,3600,0.0,0.0,0.0,0.0,0.0,0.0,0.0,0.0,0.0
2024-12-05T04:00,3600,0.0,0.0,0.0,0.0,0.0,0.0,0.0,0.0,0.0
2024-12-05T05:00,3600,0.0,0.0,0.0,0.0,0.0,0.0,0.0,0.0,0.0
2024-12-05T06:00,3600,0.0,0.0,0.0,0.0,0.0,0.0,0.0,0.0,0.0
2024-12-05T07:00,3600,0.0,0.17016009711000002,0.0,0.0,0.0,0.17016009711000002,219.71571919,170.16009711,71.97893276
2024-12-05T08:00,3600,0.0,0.56804381324,0.0,0.0,0.0,0.56804381324,698.32154526,568.04381324,232.22631322
2024-12-05T09:00,3600,0.0,1.02133163162,0.0,0.0,0.0,1.02133163162,1247.07959315,1021.33163162,420.82843743
2024-12-05T10:00,3600,0.0,1.57631689387,0.0,0.0,0.0,1.57631689387,1924.15165987,1576.31689387,671.84070811
2024-12-05T11:00,3600,0.0,1.9117635129400001,0.0,0.0,0.0,1.9117635129400001,2336.22269075,1911.76351294,827.52833302
2024-12-05T12:00,3600,0.0,1.95915281153,0.0,0.0,0.0,1.95915281153,2394.6114382,1959.15281153,852.89357618
2024-12-05T13:00,3600,0.0,1.6846693123399998,0.0,0.0,0.0,1.6846693123399998,2057.01876513,1684.66931234,732.01738052
2024-12-05T14:00,3600,0.0,0.47159908312,0.0,0.0,0.0,0.47159908312,582.04810768,471.59908312,197.19019471
2024-12-05T15:00,3600,0.0,0.37878985483000005,0.0,0.0,0.0,0.37878985483000005,470.31648497,378.78985483,159.02372127
2024-12-05T16:00,3600,0.0,0.23906464095999996,0.0,0.0,0.0,0.23906464095999996,302.3958449,239.06464096,101.22826229
2024-12-05T17:00,3600,0.0,0.03288613516,0.0,0.0,0.0,0.03288613516,55.24986241,32.88613516,18.33479171
2024-12-05T18:00,3600,0.0,0.0,0.0,0.0,0.0,0.0,0.0,0.0,0.0
2024-12-05T19:00,3600,0.0,0.0,0.0,0.0,0.0,0.0,0.0,0.0,0.0
2024-12-05T20:00,3600,0.0,0.0,0.0,0.0,0.0,0.0,0.0,0.0,0.0
2024-12-05T21:00,3600,0.0,0.0,0.0,0.0,0.0,0.0,0.0,0.0,0.0
2024-12-05T22:00,3600,0.0,0.0,0.0,0.0,0.0,0.0,0.0,0.0,0.0
2024-12-05T23:00,3600,0.0,0.0,0.0,0.0,0.0,0.0,0.0,0.0,0.0
2024-12-06T00:00,3600,0.0,0.0,0.0,0.0,0.0,0.0,0.0,0.0,0.0
2024-12-06T01:00,3600,0.0,0.0,0.0,0.0,0.0,0.0,0.0,0.0,0.0
2024-12-06T02:00,3600,0.0,0.0,0.0,0.0,0.0,0.0,0.0,0.0,0.0
2024-12-06T03:00,3600,0.0,0.0,0.0,0.0,0.0,0.0,0.0,0.0,0.0
2024-12-06T04:00,3600,0.0,0.0,0.0,0.0,0.0,0.0,0.0,0.0,0.0
2024-12-06T05:00,3600,0.0,0.0,0.0,0.0,0.0,0.0,0.0,0.0,0.0
2024-12-06T06:00,3600,0.0,0.0,0.0,0.0,0.0,0.0,0.0,0.0,0.0
2024-12-06T07:00,3600,0.0,0.20170280803,0.0,0.0,0.0,0.20170280803,257.55400258,201.70280803,84.06640656
2024-12-06T08:00,3600,0.0,0.79077803935,0.0,0.0,0.0,0.79077803935,967.49617849,790.77803935,322.0417771
2024-12-06T09:00,3600,0.0,1.23475458453,0.0,0.0,0.0,1.23475458453,1506.76777711,1234.75458453,509.25678378
2024-12-06T10:00,3600,0.0,1.57408642211,0.0,0.0,0.0,1.57408642211,1921.41889531,1574.08642211,665.82954429
2024-12-06T11:00,3600,0.0,1.71355005416,0.0,0.0,0.0,1.71355005416,2092.47161278,1713.55005416,731.75847435
2024-12-06T12:00,3600,0.0,1.87176269794,0.0,0.0,0.0,1.87176269794,2286.9711424,1871.76269794,806.70521108
2024-12-06T13:00,3600,0.0,1.6105771307,0.0,0.0,0.0,1.6105771307,1966.13905688,1610.5771307,692.86119102
2024-12-06T14:00,3600,0.0,1.2434747596100002,0.0,0.0,0.0,1.2434747596100002,1517.3963703,1243.47475961,526.75701902
2024-12-06T15:00,3600,0.2800442533488525,1.1083978838600002,0.2800442533488525,0.0,0.0,0.8283536305111476,1352.91733933,1108.39788386,466.98294776
2024-12-06T16:00,3600,0.13709546470588235,0.52801398955,0.13709546470588235,0.0,0.0,0.39091852484411765,650.04125506,528.01398955,218.43361611
2024-12-06T17:00,3600,0.07076457647058829,0.05211218412,0.05211218412,0.018652392350588284,0.0,0.0,78.26412632,52.11218412,25.84960468
2024-12-06T18:00,3600,0.0,0.0,0.0,0.0,0.0,0.0,0.0,0.0,0.0
2024-12-06T19:00,3600,0.0,0.0,0.0,0.0,0.0,0.0,0.0,0.0,0.0
2024-12-06T20:00,3600,0.0,0.0,0.0,0.0,0.0,0.0,0.0,0.0,0.0
2024-12-06T21:00,3600,0.0,0.0,0.0,0.0,0.0,0.0,0.0,0.0,0.0
2024-12-06T22:00,3600,0.0,0.0,0.0,0.0,0.0,0.0,0.0,0.0,0.0
2024-12-06T23:00,3600,0.0,0.0,0.0,0.0,0.0,0.0,0.0,0.0,0.0
2024-12-07T00:00,3600,0.0,0.0,0.0,0.0,0.0,0.0,0.0,0.0,0.0
2024-12-07T01:00,3600,0.0,0.0,0.0,0.0,0.0,0.0,0.0,0.0,0.0
2024-12-07T02:00,3600,0.0,0.0,0.0,0.0,0.0,0.0,0.0,0.0,0.0
2024-12-07T03:00,3600,0.0,0.0,0.0,0.0,0.0,0.0,0.0,0.0,0.0
2024-12-07T04:00,3600,0.0,0.0,0.0,0.0,0.0,0.0,0.0,0.0,0.0
2024-12-07T05:00,3600,0.0,0.0,0.0,0.0,0.0,0.0,0.0,0.0,0.0
2024-12-07T06:00,3600,0.0,0.0,0.0,0.0,0.0,0.0,0.0,0.0,0.0
2024-12-07T07:00,3600,0.0,0.19453536236,0.0,0.0,0.0,0.19453536236,248.9544547,194.53536236,80.8365436
2024-12-07T08:00,3600,0.0,0.7179054260299998,0.0,0.0,0.0,0.7179054260299998,879.32975997,717.90542603,290.70156139
2024-12-07T09:00,3600,0.0,1.31738080041,0.0,0.0,0.0,1.31738080041,1607.53407816,1317.38080041,542.75477677
2024-12-07T10:00,3600,0.0,1.66143075063,0.0,0.0,0.0,1.66143075063,2028.5036151,1661.43075063,703.21937863
2024-12-07T11:00,3600,0.0,1.8663567976300002,0.0,0.0,0.0,1.8663567976300002,2280.31742307,1866.35679763,797.74534723
2024-12-07T12:00,3600,0.0,1.94966222104,0.0,0.0,0.0,1.94966222104,2382.91452229,1949.66222104,836.81945213
2024-12-07T13:00,3600,0.0,1.85946432954,0.0,0.0,0.0,1.85946432954,2271.83481583,1859.46432954,800.34571567
2024-12-07T14:00,3600,0.0,1.56131753178,0.0,0.0,0.0,1.56131753178,1905.77632649,1561.31753178,664.11099816
2024-12-07T15:00,3600,0.0,1.1501152061200002,0.0,0.0,0.0,1.1501152061200002,1403.67890431,1150.11520612,481.0005773
2024-12-07T16:00,3600,0.0,0.54130129939,0.0,0.0,0.0,0.54130129939,666.06396112,541.30129939,222.17138022
2024-12-07T17:00,3600,0.0,0.06318332069,0.0,0.0,0.0,0.06318332069,91.51964713,63.18332069,30.05241612
2024-12-07T18:00,3600,0.0,0.0,0.0,0.0,0.0,0.0,0.0,0.0,0.0
2024-12-07T19:00,3600,0.0,0.0,0.0,0.0,0.0,0.0,0.0,0.0,0.0
2024-12-07T20:00,3600,0.0,0.0,0.0,0.0,0.0,0.0,0.0,0.0,0.0
2024-12-07T21:00,3600,0.0,0.0,0.0,0.0,0.0,0.0,0.0,0.0,0.0
2024-12-07T22:00,3600,0.0,0.0,0.0,0.0,0.0,0.0,0.0,0.0,0.0
2024-12-07T23:00,3600,0.0,0.0,0.0,0.0,0.0,0.0,0.0,0.0,0.0
2024-12-08T00:00,3600,0.0,0.0,0.0,0.0,0.0,0.0,0.0,0.0,0.0
2024-12-08T01:00,3600,0.0,0.0,0.0,0.0,0.0,0.0,0.0,0.0,0.0
2024-12-08T02:00,3600,0.0,0.0,0.0,0.0,0.0,0.0,0.0,0.0,0.0
2024-12-08T03:00,3600,0.0,0.0,0.0,0.0,0.0,0.0,0.0,0.0,0.0
2024-12-08T04:00,3600,0.0,0.0,0.0,0.0,0.0,0.0,0.0,0.0,0.0
2024-12-08T05:00,3600,0.0,0.0,0.0,0.0,0.0,0.0,0.0,0.0,0.0
2024-12-08T06:00,3600,0.0,0.0,0.0,0.0,0.0,0.0,0.0,0.0,0.0
2024-12-08T07:00,3600,0.0,0.14979327979,0.0,0.0,0.0,0.14979327979,195.29334784,149.79327979,62.93923108
2024-12-08T08:00,3600,0.0,0.38854996197999997,0.0,0.0,0.0,0.38854996197999997,482.05921834,388.54996198,156.32595089
2024-12-08T09:00,3600,0.0,0.93611819462,0.0,0.0,0.0,0.93611819462,1143.63026442,936.11819462,376.95122239
2024-12-08T10:00,3600,0.0,1.33900292061,0.0,0.0,0.0,1.33900292061,1633.92437234,1339.00292061,551.91429087
2024-12-08T11:00,3600,0.0,1.8873512615799999,0.0,0.0,0.0,1.8873512615799999,2306.16109966,1887.35126158,794.85937982
2024-12-08T12:00,3600,0.0,1.9338915161699999,0.0,0.0,0.0,1.9338915161699999,2363.4813788,1933.89151617,816.74408287
2024-12-08T13:00,3600,0.0,1.7859866538399998,0.0,0.0,0.0,1.7859866538399998,2181.46221394,1785.98665384,757.18872124
2024-12-08T14:00,3600,0.0,1.54624650974,0.0,0.0,0.0,1.54624650974,1887.31751283,1546.24650974,649.98031449
2024-12-08T15:00,3600,0.0,1.11734379503,0.0,0.0,0.0,1.11734379503,1363.79997691,1117.34379503,462.96794305
2024-12-08T16:00,3600,0.0,0.5978174464500001,0.0,0.0,0.0,0.5978174464500001,734.25063782,597.81744645,244.22227308
2024-12-08T17:00,3600,0.0,0.05816215724,0.0,0.0,0.0,0.05816215724,85.50751621,58.16215724,27.93528868
2024-12-08T18:00,3600,0.0,0.0,0.0,0.0,0.0,0.0,0.0,0.0,0.0
2024-12-08T19:00,3600,0.0,0.0,0.0,0.0,0.0,0.0,0.0,0.0,0.0
2024-12-08T20:00,3600,0.0,0.0,0.0,0.0,0.0,0.0,0.0,0.0,0.0
2024-12-08T21:00,3600,0.0,0.0,0.0,0.0,0.0,0.0,0.0,0.0,0.0
2024-12-08T22:00,3600,0.0,0.0,0.0,0.0,0.0,0.0,0.0,0.0,0.0
2024-12-08T23:00,3600,0.0,0.0,0.0,0.0,0.0,0.0,0.0,0.0,0.0
2024-12-09T00:00,3600,0.0,0.0,0.0,0.0,0.0,0.0,0.0,0.0,0.0
2024-12-09T01:00,3600,0.0,0.0,0.0,0.0,0.0,0.0,0.0,0.0,0.0
2024-12-09T02:00,3600,0.0,0.0,0.0,0.0,0.0,0.0,0.0,0.0,0.0
2024-12-09T03:00,3600,0.0,0.0,0.0,0.0,0.0,0.0,0.0,0.0,0.0
2024-12-09T04:00,3600,0.0,0.0,0.0,0.0,0.0,0.0,0.0,0.0,0.0
2024-12-09T05:00,3600,0.0,0.0,0.0,0.0,0.0,0.0,0.0,0.0,0.0
2024-12-09T06:00,3600,0.0,0.0,0.0,0.0,0.0,0.0,0.0,0.0,0.0
2024-12-09T07:00,3600,0.0,0.17262794646000001,0.0,0.0,0.0,0.17262794646000001,222.67548312,172.62794646,72.06836136
2024-12-09T08:00,3600,0.0,0.70786042639,0.0,0.0,0.0,0.70786042639,867.18423675,707.86042639,285.760433
2024-12-09T09:00,3600,0.0,1.11845198389,0.0,0.0,0.0,1.11845198389,1365.14818458,1118.45198389,456.75264986
2024-12-09T10:00,3600,0.0,1.2081455077099998,0.0,0.0,0.0,1.2081455077099998,1474.34408078,1208.14550771,499.57764901
2024-12-09T11:00,3600,0.0,1.54226762576,0.0,0.0,0.0,1.54226762576,1882.44494195,1542.26762576,647.5567652
2024-12-09T12:00,3600,0.0,1.7077546629799998,0.0,0.0,0.0,1.7077546629799998,2085.35614123,1707.75466298,725.51179854
2024-12-09T13:00,3600,0.0,1.5955009371,0.0,0.0,0.0,1.5955009371,1947.65977793,1595.5009371,682.85530008
2024-12-09T14:00,3600,0.0,1.42971209875,0.0,0.0,0.0,1.42971209875,1744.73298678,1429.71209875,609.23906396
2024-12-09T15:00,3600,0.0,1.0367129714099999,0.0,0.0,0.0,1.0367129714099999,1265.76691117,1036.71297141,434.98748002
2024-12-09T16:00,3600,0.0,0.59537649659,0.0,0.0,0.0,0.59537649659,731.30443464,595.37649659,245.97238997
2024-12-09T17:00,3600,0.0,0.06348284477999999,0.0,0.0,0.0,0.06348284477999999,91.87829888,63.48284478,30.20281849
2024-12-09T18:00,3600,0.0,0.0,0.0,0.0,0.0,0.0,0.0,0.0,0.0
2024-12-09T19:00,3600,0.0,0.0,0.0,0.0,0.0,0.0,0.0,0.0,0.0
2024-12-09T20:00,3600,0.0,0.0,0.0,0.0,0.0,0.0,0.0,0.0,0.0
2024-12-09T21:00,3600,0.0,0.0,0.0,0.0,0.0,0.0,0.0,0.0,0.0
2024-12-09T22:00,3600,0.0,0.0,0.0,0.0,0.0,0.0,0.0,0.0,0.0
2024-12-09T23:00,3600,0.0,0.0,0.0,0.0,0.0,0.0,0.0,0.0,0.0
2024-12-10T00:00,3600,0.0,0.0,0.0,0.0,0.0,0.0,0.0,0.0,0.0
2024-12-10T01:00,3600,0.0,0.0,0.0,0.0,0.0,0.0,0.0,0.0,0.0
2024-12-10T02:00,3600,0.0,0.0,0.0,0.0,0.0,0.0,0.0,0.0,0.0
2024-12-10T03:00,3600,0.0,0.0,0.0,0.0,0.0,0.0,0.0,0.0,0.0
2024-12-10T04:00,3600,0.0,0.0,0.0,0.0,0.0,0.0,0.0,0.0,0.0
2024-12-10T05:00,3600,0.0,0.0,0.0,0.0,0.0,0.0,0.0,0.0,0.0
2024-12-10T06:00,3600,0.0,0.0,0.0,0.0,0.0,0.0,0.0,0.0,0.0
2024-12-10T07:00,3600,0.0,0.19164104445000002,0.0,0.0,0.0,0.19164104445000002,245.48209341,191.64104445,79.40551489
2024-12-10T08:00,3600,0.0,0.6890042346899999,0.0,0.0,0.0,0.6890042346899999,844.3899821,689.00423469,278.80477192
2024-12-10T09:00,3600,0.0,1.03610196474,0.0,0.0,0.0,1.03610196474,1265.02449446,1036.10196474,425.91853332
2024-12-10T10:00,3600,0.0,1.4033419349499998,0.0,0.0,0.0,1.4033419349499998,1712.50369141,1403.34193495,593.70154822
2024-12-10T11:00,3600,0.0,1.30130250387,0.0,0.0,0.0,1.30130250387,1587.91584644,1301.30250387,548.66511814
2024-12-10T12:00,3600,0.0,1.60023949077,0.0,0.0,0.0,1.60023949077,1953.46747866,1600.23949077,683.98377193
2024-12-10T13:00,3600,0.0,1.73673027032,0.0,0.0,0.0,1.73673027032,2120.93827604,1736.73027032,754.8608588
2024-12-10T14:00,3600,0.0,1.26524441699,0.0,0.0,0.0,1.26524441699,1543.93655597,1265.24441699,539.41924688
2024-12-10T15:00,3600,0.0,1.06524001707,0.0,0.0,0.0,1.06524001707,1300.43702429,1065.24001707,450.3398414
2024-12-10T16:00,3600,0.0,0.5168678895100001,0.0,0.0,0.0,0.5168678895100001,636.60302906,516.86788951,215.01641419
2024-12-10T17:00,3600,0.0,0.05499271058,0.0,0.0,0.0,0.05499271058,81.71278394,54.99271058,27.08496447
2024-12-10T18:00,3600,0.0,0.0,0.0,0.0,0.0,0.0,0.0,0.0,0.0
2024-12-10T19:00,3600,0.0,0.0,0.0,0.0,0.0,0.0,0.0,0.0,0.0
2024-12-10T20:00,3600,0.0,0.0,0.0,0.0,0.0,0.0,0.0,0.0,0.0
2024-12-10T21:00,3600,0.0,0.0,0.0,0.0,0.0,0.0,0.0,0.0,0.0
2024-12-10T22:00,3600,0.0,0.0,0.0,0.0,0.0,0.0,0.0,0.0,0.0
2024-12-10T23:00,3600,0.0,0.0,0.0,0.0,0.0,0.0,0.0,0.0,0.0
2024-12-11T00:00,3600,0.0,0.0,0.0,0.0,0.0,0.0,0.0,0.0,0.0
2024-12-11T01:00,3600,0.0,0.0,0.0,0.0,0.0,0.0,0.0,0.0,0.0
2024-12-11T02:00,3600,0.0,0.0,0.0,0.0,0.0,0.0,0.0,0.0,0.0
2024-12-11T03:00,3600,0.0,0.0,0.0,0.0,0.0,0.0,0.0,0.0,0.0
2024-12-11T04:00,3600,0.0,0.0,0.0,0.0,0.0,0.0,0.0,0.0,0.0
2024-12-11T05:00,3600,0.0,0.0,0.0,0.0,0.0,0.0,0.0,0.0,0.0
2024-12-11T06:00,3600,0.0,0.0,0.0,0.0,0.0,0.0,0.0,0.0,0.0
2024-12-11T07:00,3600,0.0,0.03693331734,0.0,0.0,0.0,0.03693331734,60.09393834,36.93331734,19.65666168
2024-12-11T08:00,3600,0.0,0.19197143123,0.0,0.0,0.0,0.19197143123,245.87845637,191.97143123,80.91808435
2024-12-11T09:00,3600,0.0,0.32919694829000007,0.0,0.0,0.0,0.32919694829000007,410.67598339,329.19694829,135.76768478
2024-12-11T10:00,3600,0.0,0.44929829254,0.0,0.0,0.0,0.44929829254,555.18632751,449.29829254,185.23072303
2024-12-11T11:00,3600,0.0,0.73191583608,0.0,0.0,0.0,0.73191583608,896.27298846,731.91583608,301.60221385
2024-12-11T12:00,3600,0.0,1.1608033604399999,0.0,0.0,0.0,1.1608033604399999,1416.68945406,1160.80336044,484.0385191
2024-12-11T13:00,3600,0.0,1.33930345406,0.0,0.0,0.0,1.33930345406,1634.2912423,1339.30345406,562.88416891
2024-12-11T14:00,3600,0.0,1.05217500086,0.0,0.0,0.0,1.05217500086,1284.5566872,1052.17500086,438.54823416
2024-12-11T15:00,3600,0.0,0.8762105668,0.0,0.0,0.0,0.8762105668,1070.9825868,876.2105668,363.60940779
2024-12-11T16:00,3600,0.0,0.5187519582700001,0.0,0.0,0.0,0.5187519582700001,638.87438663,518.75195827,212.64999251
2024-12-11T17:00,3600,0.0,0.060831689550000005,0.0,0.0,0.0,0.060831689550000005,88.7038467,60.83168955,29.0725233
2024-12-11T18:00,3600,0.0,0.0,0.0,0.0,0.0,0.0,0.0,0.0,0.0
2024-12-11T19:00,3600,0.0,0.0,0.0,0.0,0.0,0.0,0.0,0.0,0.0
2024-12-11T20:00,3600,0.0,0.0,0.0,0.0,0.0,0.0,0.0,0.0,0.0
2024-12-11T21:00,3600,0.0,0.0,0.0,0.0,0.0,0.0,0.0,0.0,0.0
2024-12-11T22:00,3600,0.0,0.0,0.0,0.0,0.0,0.0,0.0,0.0,0.0
2024-12-11T23:00,3600,0.0,0.0,0.0,0.0,0.0,0.0,0.0,0.0,0.0
2024-12-12T00:00,3600,0.0,0.0,0.0,0.0,0.0,0.0,0.0,0.0,0.0
2024-12-12T01:00,3600,0.0,0.0,0.0,0.0,0.0,0.0,0.0,0.0,0.0
2024-12-12T02:00,3600,0.0,0.0,0.0,0.0,0.0,0.0,0.0,0.0,0.0
2024-12-12T03:00,3600,0.0,0.0,0.0,0.0,0.0,0.0,0.0,0.0,0.0
2024-12-12T04:00,3600,0.0,0.0,0.0,0.0,0.0,0.0,0.0,0.0,0.0
2024-12-12T05:00,3600,0.0,0.0,0.0,0.0,0.0,0.0,0.0,0.0,0.0
2024-12-12T06:00,3600,0.0,0.0,0.0,0.0,0.0,0.0,0.0,0.0,0.0
2024-12-12T07:00,3600,0.0,0.14960809229,0.0,0.0,0.0,0.14960809229,195.07131871,149.60809229,62.82280728
2024-12-12T08:00,3600,0.0,0.48506402841999996,0.0,0.0,0.0,0.48506402841999996,598.27127783,485.06402842,194.72863617
2024-12-12T09:00,3600,0.0,0.78233077916,0.0,0.0,0.0,0.78233077916,957.27110086,782.33077916,314.52506608
2024-12-12T10:00,3600,0.0,1.16642472005,0.0,0.0,0.0,1.16642472005,1423.53311676,1166.42472005,477.45600847
2024-12-12T11:00,3600,0.0,1.32364570359,0.0,0.0,0.0,1.32364570359,1615.17963157,1323.64570359,545.54767788
2024-12-12T12:00,3600,0.0,1.29457067534,0.0,0.0,0.0,1.29457067534,1579.70332357,1294.57067534,534.14907589
2024-12-12T13:00,3600,0.0,1.56007449259,0.0,0.0,0.0,1.56007449259,1904.25370308,1560.07449259,655.36620102
2024-12-12T14:00,3600,0.0,1.3032946043100002,0.0,0.0,0.0,1.3032946043100002,1590.34628109,1303.29460431,543.42769478
2024-12-12T15:00,3600,0.0,1.00833220079,0.0,0.0,0.0,1.00833220079,1231.28955934,1008.33220079,415.91062185
2024-12-12T16:00,3600,0.0,0.43510006068,0.0,0.0,0.0,0.43510006068,538.08893573,435.10006068,177.71227659
2024-12-12T17:00,3600,0.0,0.06130321276,0.0,0.0,0.0,0.06130321276,89.26843217,61.30321276,29.12475955
2024-12-12T18:00,3600,0.0,0.0,0.0,0.0,0.0,0.0,0.0,0.0,0.0
2024-12-12T19:00,3600,0.0,0.0,0.0,0.0,0.0,0.0,0.0,0.0,0.0
2024-12-12T20:00,3600,0.0,0.0,0.0,0.0,0.0,0.0,0.0,0.0,0.0
2024-12-12T21:00,3600,0.0,0.0,0.0,0.0,0.0,0.0,0.0,0.0,0.0
2024-12-12T22:00,3600,0.0,0.0,0.0,0.0,0.0,0.0,0.0,0.0,0.0
2024-12-12T23:00,3600,0.0,0.0,0.0,0.0,0.0,0.0,0.0,0.0,0.0
2024-12-13T00:00,3600,0.0,0.0,0.0,0.0,0.0,0.0,0.0,0.0,0.0
2024-12-13T01:00,3600,0.0,0.0,0.0,0.0,0.0,0.0,0.0,0.0,0.0
2024-12-13T02:00,3600,0.0,0.0,0.0,0.0,0.0,0.0,0.0,0.0,0.0
2024-12-13T03:00,3600,0.0,0.0,0.0,0.0,0.0,0.0,0.0,0.0,0.0
2024-12-13T04:00,3600,0.0,0.0,0.0,0.0,0.0,0.0,0.0,0.0,0.0
2024-12-13T05:00,3600,0.0,0.0,0.0,0.0,0.0,0.0,0.0,0.0,0.0
2024-12-13T06:00,3600,0.0,0.0,0.0,0.0,0.0,0.0,0.0,0.0,0.0
2024-12-13T07:00,3600,0.0,0.10415242201,0.0,0.0,0.0,0.10415242201,140.5910751,104.15242201,45.22710267
2024-12-13T08:00,3600,0.0,0.58931076934,0.0,0.0,0.0,0.58931076934,723.983629,589.31076934,236.37654637
2024-12-13T09:00,3600,0.0,0.9462669257999999,0.0,0.0,0.0,0.9462669257999999,1155.94380288,946.2669258,381.87637762
2024-12-13T10:00,3600,0.0,1.6356982123200001,0.0,0.0,0.0,1.6356982123200001,1996.94023767,1635.69821232,677.35059886
2024-12-13T11:00,3600,0.0,1.71569169391,0.0,0.0,0.0,1.71569169391,2095.10124026,1715.69169391,713.94433481
2024-12-13T12:00,3600,0.0,1.71686015638,0.0,0.0,0.0,1.71686015638,2096.53598219,1716.86015638,714.68192204
2024-12-13T13:00,3600,0.0,1.74391365073,0.0,0.0,0.0,1.74391365073,2129.76197811,1743.91365073,729.23006894
2024-12-13T14:00,3600,0.0,1.07064616315,0.0,0.0,0.0,1.07064616315,1307.00904391,1070.64616315,438.43112448
2024-12-13T15:00,3600,0.0,0.84880730838,0.0,0.0,0.0,0.84880730838,1037.77375916,848.80730838,345.52915345
2024-12-13T16:00,3600,0.0,0.38110296276000005,0.0,0.0,0.0,0.38110296276000005,473.09931253,381.10296276,154.79391511
2024-12-13T17:00,3600,0.0,0.048743190730000004,0.0,0.0,0.0,0.048743190730000004,74.23084748,48.74319073,24.03856337
2024-12-13T18:00,3600,0.0,0.0,0.0,0.0,0.0,0.0,0.0,0.0,0.0
2024-12-13T19:00,3600,0.0,0.0,0.0,0.0,0.0,0.0,0.0,0.0,0.0
2024-12-13T20:00,3600,0.0,0.0,0.0,0.0,0.0,0.0,0.0,0.0,0.0
2024-12-13T21:00,3600,0.0,0.0,0.0,0.0,0.0,0.0,0.0,0.0,0.0
2024-12-13T22:00,3600,0.0,0.0,0.0,0.0,0.0,0.0,0.0,0.0,0.0
2024-12-13T23:00,3600,0.0,0.0,0.0,0.0,0.0,0.0,0.0,0.0,0.0
2024-12-14T00:00,3600,0.0,0.0,0.0,0.0,0.0,0.0,0.0,0.0,0.0
2024-12-14T01:00,3600,0.0,0.0,0.0,0.0,0.0,0.0,0.0,0.0,0.0
2024-12-14T02:00,3600,0.0,0.0,0.0,0.0,0.0,0.0,0.0,0.0,0.0
2024-12-14T03:00,3600,0.0,0.0,0.0,0.0,0.0,0.0,0.0,0.0,0.0
2024-12-14T04:00,3600,0.0,0.0,0.0,0.0,0.0,0.0,0.0,0.0,0.0
2024-12-14T05:00,3600,0.0,0.0,0.0,0.0,0.0,0.0,0.0,0.0,0.0
2024-12-14T06:00,3600,0.0,0.0,0.0,0.0,0.0,0.0,0.0,0.0,0.0
2024-12-14T07:00,3600,0.0,0.10250873665999999,0.0,0.0,0.0,0.10250873665999999,138.62174872,102.50873666,44.30830785
2024-12-14T08:00,3600,0.0,0.53698534922,0.0,0.0,0.0,0.53698534922,660.85915532,536.98534922,213.71948319
2024-12-14T09:00,3600,0.0,0.93224196767,0.0,0.0,0.0,0.93224196767,1138.92770879,932.24196767,372.52053245
2024-12-14T10:00,3600,0.0,1.56386287052,0.0,0.0,0.0,1.56386287052,1908.89425417,1563.86287052,641.22074068
2024-12-14T11:00,3600,0.0,1.6597458704,0.0,0.0,0.0,1.6597458704,2026.43656425,1659.7458704,684.93435916
2024-12-14T12:00,3600,0.0,1.37262627789,0.0,0.0,0.0,1.37262627789,1674.9799336,1372.62627789,561.93204011
2024-12-14T13:00,3600,0.0,1.40439999562,0.0,0.0,0.0,1.40439999562,1713.79658751,1404.39999562,579.66241219
2024-12-14T14:00,3600,0.0,1.4315856695,0.0,0.0,0.0,1.4315856695,1747.02334213,1431.5856695,592.19896991
2024-12-14T15:00,3600,0.0,1.0005929730399998,0.0,0.0,0.0,1.0005929730399998,1221.89043009,1000.59297304,408.61690082
2024-12-14T16:00,3600,0.0,0.54869374516,0.0,0.0,0.0,0.54869374516,674.97964192,548.69374516,222.09666873
2024-12-14T17:00,3600,0.0,0.06524608003,0.0,0.0,0.0,0.06524608003,93.98963857,65.24608003,30.47703003
2024-12-14T18:00,3600,0.0,0.0,0.0,0.0,0.0,0.0,0.0,0.0,0.0
2024-12-14T19:00,3600,0.0,0.0,0.0,0.0,0.0,0.0,0.0,0.0,0.0
2024-12-14T20:00,3600,0.0,0.0,0.0,0.0,0.0,0.0,0.0,0.0,0.0
2024-12-14T21:00,3600,0.0,0.0,0.0,0.0,0.0,0.0,0.0,0.0,0.0
2024-12-14T22:00,3600,0.0,0.0,0.0,0.0,0.0,0.0,0.0,0.0,0.0
2024-12-14T23:00,3600,0.0,0.0,0.0,0.0,0.0,0.0,0.0,0.0,0.0
2024-12-15T00:00,3600,0.0,0.0,0.0,0.0,0.0,0.0,0.0,0.0,0.0
2024-12-15T01:00,3600,0.0,0.0,0.0,0.0,0.0,0.0,0.0,0.0,0.0
2024-12-15T02:00,3600,0.0,0.0,0.0,0.0,0.0,0.0,0.0,0.0,0.0
2024-12-15T03:00,3600,0.0,0.0,0.0,0.0,0.0,0.0,0.0,0.0,0.0
2024-12-15T04:00,3600,0.0,0.0,0.0,0.0,0.0,0.0,0.0,0.0,0.0
2024-12-15T05:00,3600,0.0,0.0,0.0,0.0,0.0,0.0,0.0,0.0,0.0
2024-12-15T06:00,3600,0.0,0.0,0.0,0.0,0.0,0.0,0.0,0.0,0.0
2024-12-15T07:00,3600,0.0,0.01470180495,0.0,0.0,0.0,0.01470180495,33.48860597,14.70180495,10.65022136
2024-12-15T08:00,3600,0.0,0.09639639615000001,0.0,0.0,0.0,0.09639639615000001,131.29887498,96.39639615,41.85562216
2024-12-15T09:00,3600,0.0,0.42112385107,0.0,0.0,0.0,0.42112385107,521.26245681,421.12385107,167.59845043
2024-12-15T10:00,3600,0.0,0.8873209856300001,0.0,0.0,0.0,0.8873209856300001,1084.45076515,887.32098563,356.68506417
2024-12-15T11:00,3600,0.0,0.78320601399,0.0,0.0,0.0,0.78320601399,958.33047754,783.20601399,314.7735898
2024-12-15T12:00,3600,0.0,0.7906956523,0.0,0.0,0.0,0.7906956523,967.39644587,790.6956523,318.23188616
2024-12-15T13:00,3600,0.0,0.65951550261,0.0,0.0,0.0,0.65951550261,808.75562965,659.51550261,266.97082709
2024-12-15T14:00,3600,0.0,0.47018997517000005,0.0,0.0,0.0,0.47018997517000005,580.3505408,470.18997517,190.56856651
2024-12-15T15:00,3600,0.0,0.37771005022000004,0.0,0.0,0.0,0.37771005022000004,469.01743893,377.71005022,153.49393028
2024-12-15T16:00,3600,0.0,0.33919386011999997,0.0,0.0,0.0,0.33919386011999997,422.69472373,339.19386012,138.01880404
2024-12-15T17:00,3600,0.0,0.046486173260000006,0.0,0.0,0.0,0.046486173260000006,71.52891248,46.48617326,23.13985247
2024-12-15T18:00,3600,0.0,0.0,0.0,0.0,0.0,0.0,0.0,0.0,0.0
2024-12-15T19:00,3600,0.0,0.0,0.0,0.0,0.0,0.0,0.0,0.0,0.0
2024-12-15T20:00,3600,0.0,0.0,0.0,0.0,0.0,0.0,0.0,0.0,0.0
2024-12-15T21:00,3600,0.0,0.0,0.0,0.0,0.0,0.0,0.0,0.0,0.0
2024-12-15T22:00,3600,0.0,0.0,0.0,0.0,0.0,0.0,0.0,0.0,0.0
2024-12-15T23:00,3600,0.0,0.0,0.0,0.0,0.0,0.0,0.0,0.0,0.0
2024-12-16T00:00,3600,0.0,0.0,0.0,0.0,0.0,0.0,0.0,0.0,0.0
2024-12-16T01:00,3600,0.0,0.0,0.0,0.0,0.0,0.0,0.0,0.0,0.0
2024-12-16T02:00,3600,0.0,0.0,0.0,0.0,0.0,0.0,0.0,0.0,0.0
2024-12-16T03:00,3600,0.0,0.0,0.0,0.0,0.0,0.0,0.0,0.0,0.0
2024-12-16T04:00,3600,0.0,0.0,0.0,0.0,0.0,0.0,0.0,0.0,0.0
2024-12-16T05:00,3600,0.0,0.0,0.0,0.0,0.0,0.0,0.0,0.0,0.0
2024-12-16T06:00,3600,0.0,0.0,0.0,0.0,0.0,0.0,0.0,0.0,0.0
2024-12-16T07:00,3600,0.0,0.040614930540000004,0.0,0.0,0.0,0.040614930540000004,64.50071681,40.61493054,20.61680744
2024-12-16T08:00,3600,0.0,0.46158448368000005,0.0,0.0,0.0,0.46158448368000005,569.98419576,461.58448368,184.68902532
2024-12-16T09:00,3600,0.0,0.91244814512,0.0,0.0,0.0,0.91244814512,1114.91859243,912.44814512,366.81438077
2024-12-16T10:00,3600,0.0,1.29139275644,0.0,0.0,0.0,1.29139275644,1575.82670361,1291.39275644,534.17454951
2024-12-16T11:00,3600,0.0,1.5918721710400001,0.0,0.0,0.0,1.5918721710400001,1943.21255231,1591.87217104,668.00411876
2024-12-16T12:00,3600,0.0,1.7896741184299998,0.0,0.0,0.0,1.7896741184299998,2185.99507208,1789.67411843,759.83371156
2024-12-16T13:00,3600,0.0,1.89613447833,0.0,0.0,0.0,1.89613447833,2316.97555099,1896.13447833,818.30556055
2024-12-16T14:00,3600,0.0,1.4217568118500001,0.0,0.0,0.0,1.4217568118500001,1735.00874781,1421.75681185,601.17902839
2024-12-16T15:00,3600,0.0,1.08678698384,0.0,0.0,0.0,1.08678698384,1326.63397924,1086.78698384,453.64476014
2024-12-16T16:00,3600,0.0,0.6337471651900001,0.0,0.0,0.0,0.6337471651900001,777.63001178,633.74716519,260.98639213
2024-12-16T17:00,3600,0.0,0.08416956291,0.0,0.0,0.0,0.08416956291,116.65254306,84.16956291,38.26773283
2024-12-16T18:00,3600,0.0,0.0,0.0,0.0,0.0,0.0,0.0,0.0,0.0
2024-12-16T19:00,3600,0.0,0.0,0.0,0.0,0.0,0.0,0.0,0.0,0.0
2024-12-16T20:00,3600,0.0,0.0,0.0,0.0,0.0,0.0,0.0,0.0,0.0
2024-12-16T21:00,3600,0.0,0.0,0.0,0.0,0.0,0.0,0.0,0.0,0.0
2024-12-16T22:00,3600,0.0,0.0,0.0,0.0,0.0,0.0,0.0,0.0,0.0
2024-12-16T23:00,3600,0.0,0.0,0.0,0.0,0.0,0.0,0.0,0.0,0.0
2024-12-17T00:00,3600,0.0,0.0,0.0,0.0,0.0,0.0,0.0,0.0,0.0
2024-12-17T01:00,3600,0.0,0.0,0.0,0.0,0.0,0.0,0.0,0.0,0.0
2024-12-17T02:00,3600,0.0,0.0,0.0,0.0,0.0,0.0,0.0,0.0,0.0
2024-12-17T03:00,3600,0.0,0.0,0.0,0.0,0.0,0.0,0.0,0.0,0.0
2024-12-17T04:00,3600,0.0,0.0,0.0,0.0,0.0,0.0,0.0,0.0,0.0
2024-12-17T05:00,3600,0.0,0.0,0.0,0.0,0.0,0.0,0.0,0.0,0.0
2024-12-17T06:00,3600,0.0,0.0,0.0,0.0,0.0,0.0,0.0,0.0,0.0
2024-12-17T07:00,3600,0.0,0.21244248422999998,0.0,0.0,0.0,0.21244248422999998,270.44125439,212.44248423,85.90764155
2024-12-17T08:00,3600,0.0,0.84877172802,0.0,0.0,0.0,0.84877172802,1037.73064985,848.77172802,337.50744445
2024-12-17T09:00,3600,0.0,1.3992138489400001,0.0,0.0,0.0,1.3992138489400001,1707.45958318,1399.21384894,570.3529346
2024-12-17T10:00,3600,0.0,1.7711236851599998,0.0,0.0,0.0,1.7711236851599998,2163.19438765,1771.12368516,751.84733569
2024-12-17T11:00,3600,0.0,2.0025148871100003,0.0,0.0,0.0,2.0025148871100003,2448.07632412,2002.51488711,861.86065914
2024-12-17T12:00,3600,0.0,2.06144159679,0.0,0.0,0.0,2.06144159679,2520.79072148,2061.44159679,891.60414468
2024-12-17T13:00,3600,0.0,1.9297462418,0.0,0.0,0.0,1.9297462418,2358.37424415,1929.7462418,839.57558471
2024-12-17T14:00,3600,0.0,1.6528816763699998,0.0,0.0,0.0,1.6528816763699998,2018.01596939,1652.88167637,708.59798011
2024-12-17T15:00,3600,0.0,1.21515537344,0.0,0.0,0.0,1.21515537344,1482.88445781,1215.15537344,510.90035365
2024-12-17T16:00,3600,0.0,0.6649874775500001,0.0,0.0,0.0,0.6649874775500001,815.3667961,664.98747755,274.20224172
2024-12-17T17:00,3600,0.0,0.08648360396,0.0,0.0,0.0,0.08648360396,119.42429264,86.48360396,39.28639875
2024-12-17T18:00,3600,0.0,0.0,0.0,0.0,0.0,0.0,0.0,0.0,0.0
2024-12-17T19:00,3600,0.0,0.0,0.0,0.0,0.0,0.0,0.0,0.0,0.0
2024-12-17T20:00,3600,0.0,0.0,0.0,0.0,0.0,0.0,0.0,0.0,0.0
2024-12-17T21:00,3600,0.0,0.0,0.0,0.0,0.0,0.0,0.0,0.0,0.0
2024-12-17T22:00,3600,0.0,0.0,0.0,0.0,0.0,0.0,0.0,0.0,0.0
2024-12-17T23:00,3600,0.0,0.0,0.0,0.0,0.0,0.0,0.0,0.0,0.0
2024-12-18T00:00,3600,0.0,0.0,0.0,0.0,0.0,0.0,0.0,0.0,0.0
2024-12-18T01:00,3600,0.0,0.0,0.0,0.0,0.0,0.0,0.0,0.0,0.0
2024-12-18T02:00,3600,0.0,0.0,0.0,0.0,0.0,0.0,0.0,0.0,0.0
2024-12-18T03:00,3600,0.0,0.0,0.0,0.0,0.0,0.0,0.0,0.0,0.0
2024-12-18T04:00,3600,0.0,0.0,0.0,0.0,0.0,0.0,0.0,0.0,0.0
2024-12-18T05:00,3600,0.0,0.0,0.0,0.0,0.0,0.0,0.0,0.0,0.0
2024-12-18T06:00,3600,0.0,0.0,0.0,0.0,0.0,0.0,0.0,0.0,0.0
2024-12-18T07:00,3600,0.0,0.15166036430000002,0.0,0.0,0.0,0.15166036430000002,197.53190859,151.6603643,64.06276728
2024-12-18T08:00,3600,0.0,0.71857866261,0.0,0.0,0.0,0.71857866261,880.14384397,718.57866261,290.64160471
2024-12-18T09:00,3600,0.0,1.3307673356099998,0.0,0.0,0.0,1.3307673356099998,1623.87161488,1330.76733561,548.26039724
2024-12-18T10:00,3600,0.0,1.68325037831,0.0,0.0,0.0,1.68325037831,2055.27734953,1683.25037831,708.75081874
2024-12-18T11:00,3600,0.0,1.9584038070700003,0.0,0.0,0.0,1.9584038070700003,2393.68824549,1958.40380707,834.43131422
2024-12-18T12:00,3600,0.0,2.05854767653,0.0,0.0,0.0,2.05854767653,2517.21810429,2058.54767653,883.74285909
2024-12-18T13:00,3600,0.0,1.9404381892700002,0.0,0.0,0.0,1.9404381892700002,2371.54780463,1940.43818927,836.6074569
2024-12-18T14:00,3600,0.0,1.41026360167,0.0,0.0,0.0,1.41026360167,1720.9619977,1410.26360167,594.96884968
2024-12-18T15:00,3600,0.0,1.1419859865400002,0.0,0.0,0.0,1.1419859865400002,1393.78473913,1141.98598654,476.62411075
2024-12-18T16:00,3600,0.0,0.6283362367299999,0.0,0.0,0.0,0.6283362367299999,771.09567977,628.33623673,257.91674093
2024-12-18T17:00,3600,0.0,0.08340820769,0.0,0.0,0.0,0.08340820769,115.74061548,83.40820769,38.03362169
2024-12-18T18:00,3600,0.0,0.0,0.0,0.0,0.0,0.0,0.0,0.0,0.0
2024-12-18T19:00,3600,0.0,0.0,0.0,0.0,0.0,0.0,0.0,0.0,0.0
2024-12-18T20:00,3600,0.0,0.0,0.0,0.0,0.0,0.0,0.0,0.0,0.0
2024-12-18T21:00,3600,0.0,0.0,0.0,0.0,0.0,0.0,0.0,0.0,0.0
2024-12-18T22:00,3600,0.0,0.0,0.0,0.0,0.0,0.0,0.0,0.0,0.0
2024-12-18T23:00,3600,0.0,0.0,0.0,0.0,0.0,0.0,0.0,0.0,0.0
2024-12-19T00:00,3600,0.0,0.0,0.0,0.0,0.0,0.0,0.0,0.0,0.0
2024-12-19T01:00,3600,0.0,0.0,0.0,0.0,0.0,0.0,0.0,0.0,0.0
2024-12-19T02:00,3600,0.0,0.0,0.0,0.0,0.0,0.0,0.0,0.0,0.0
2024-12-19T03:00,3600,0.0,0.0,0.0,0.0,0.0,0.0,0.0,0.0,0.0
2024-12-19T04:00,3600,0.0,0.0,0.0,0.0,0.0,0.0,0.0,0.0,0.0
2024-12-19T05:00,3600,0.0,0.0,0.0,0.0,0.0,0.0,0.0,0.0,0.0
2024-12-19T06:00,3600,0.0,0.0,0.0,0.0,0.0,0.0,0.0,0.0,0.0
2024-12-19T07:00,3600,0.0,0.19731106930000003,0.0,0.0,0.0,0.19731106930000003,252.28465702,197.3110693,80.48678116
2024-12-19T08:00,3600,0.0,0.8164898369,0.0,0.0,0.0,0.8164898369,998.62736361,816.4898369,324.84375248
2024-12-19T09:00,3600,0.0,1.33563968927,0.0,0.0,0.0,1.33563968927,1629.81889368,1335.63968927,538.63780543
2024-12-19T10:00,3600,0.0,1.72287090268,0.0,0.0,0.0,1.72287090268,2103.91692324,1722.87090268,714.00451304
2024-12-19T11:00,3600,0.0,2.0405580900699998,0.0,0.0,0.0,2.0405580900699998,2495.01316337,2040.55809007,859.2742324
2024-12-19T12:00,3600,0.0,2.10514933368,0.0,0.0,0.0,2.10514933368,2574.76885684,2105.14933368,892.50658829
2024-12-19T13:00,3600,0.0,1.9833530778500001,0.0,0.0,0.0,1.9833530778500001,2424.44556146,1983.35307785,846.13763999
2024-12-19T14:00,3600,0.0,1.70258875139,0.0,0.0,0.0,1.70258875139,2079.01407483,1702.58875139,718.43574882
2024-12-19T15:00,3600,0.0,1.2660767141500002,0.0,0.0,0.0,1.2660767141500002,1544.95141622,1266.07671415,524.72885064
2024-12-19T16:00,3600,0.0,0.69946784588,0.0,0.0,0.0,0.69946784588,857.03808682,699.46784588,284.45608456
2024-12-19T17:00,3600,0.0,0.09615577237,0.0,0.0,0.0,0.09615577237,131.01060988,96.15577237,42.58175438
2024-12-19T18:00,3600,0.0,0.0,0.0,0.0,0.0,0.0,0.0,0.0,0.0
2024-12-19T19:00,3600,0.0,0.0,0.0,0.0,0.0,0.0,0.0,0.0,0.0
2024-12-19T20:00,3600,0.0,0.0,0.0,0.0,0.0,0.0,0.0,0.0,0.0
2024-12-19T21:00,3600,0.0,0.0,0.0,0.0,0.0,0.0,0.0,0.0,0.0
2024-12-19T22:00,3600,0.0,0.0,0.0,0.0,0.0,0.0,0.0,0.0,0.0
2024-12-19T23:00,3600,0.0,0.0,0.0,0.0,0.0,0.0,0.0,0.0,0.0
2024-12-20T00:00,3600,0.0,0.0,0.0,0.0,0.0,0.0,0.0,0.0,0.0
2024-12-20T01:00,3600,0.0,0.0,0.0,0.0,0.0,0.0,0.0,0.0,0.0
2024-12-20T02:00,3600,0.0,0.0,0.0,0.0,0.0,0.0,0.0,0.0,0.0
2024-12-20T03:00,3600,0.0,0.0,0.0,0.0,0.0,0.0,0.0,0.0,0.0
2024-12-20T04:00,3600,0.0,0.0,0.0,0.0,0.0,0.0,0.0,0.0,0.0
2024-12-20T05:00,3600,0.0,0.0,0.0,0.0,0.0,0.0,0.0,0.0,0.0
2024-12-20T06:00,3600,0.0,0.0,0.0,0.0,0.0,0.0,0.0,0.0,0.0
2024-12-20T07:00,3600,0.0,0.19864355253,0.0,0.0,0.0,0.19864355253,253.88337567,198.64355253,80.50542778
2024-12-20T08:00,3600,0.0,0.85008514412,0.0,0.0,0.0,0.85008514412,1039.32200595,850.08514412,336.54817332
2024-12-20T09:00,3600,0.0,1.42053469831,0.0,0.0,0.0,1.42053469831,1733.51498882,1420.53469831,573.59305059
2024-12-20T10:00,3600,0.0,1.81336497272,0.0,0.0,0.0,1.81336497272,2215.12356095,1813.36497272,758.34680007
2024-12-20T11:00,3600,0.0,2.05554262887,0.0,0.0,0.0,2.05554262887,2513.50847003,2055.54262887,871.01765524
2024-12-20T12:00,3600,0.0,2.1194495800300004,0.0,0.0,0.0,2.1194495800300004,2592.43744679,2119.44958003,904.16164758
2024-12-20T13:00,3600,0.0,1.9838146023799998,0.0,0.0,0.0,1.9838146023799998,2425.0146399,1983.81460238,854.30473059
2024-12-20T14:00,3600,0.0,1.7038110352000002,0.0,0.0,0.0,1.7038110352000002,2080.51459736,1703.8110352,725.31296837
2024-12-20T15:00,3600,0.0,1.2683288472599998,0.0,0.0,0.0,1.2683288472599998,1547.69761641,1268.32884726,529.93993706
2024-12-20T16:00,3600,0.0,0.7027611279899999,0.0,0.0,0.0,0.7027611279899999,861.01932309,702.76112799,287.59815106
2024-12-20T17:00,3600,0.0,0.10152292104999999,0.0,0.0,0.0,0.10152292104999999,137.44064992,101.52292105,44.85452286
2024-12-20T18:00,3600,0.0,0.0,0.0,0.0,0.0,0.0,0.0,0.0,0.0
2024-12-20T19:00,3600,0.0,0.0,0.0,0.0,0.0,0.0,0.0,0.0,0.0
2024-12-20T20:00,3600,0.0,0.0,0.0,0.0,0.0,0.0,0.0,0.0,0.0
2024-12-20T21:00,3600,0.0,0.0,0.0,0.0,0.0,0.0,0.0,0.0,0.0
2024-12-20T22:00,3600,0.0,0.0,0.0,0.0,0.0,0.0,0.0,0.0,0.0
2024-12-20T23:00,3600,0.0,0.0,0.0,0.0,0.0,0.0,0.0,0.0,0.0
2024-12-21T00:00,3600,0.0,0.0,0.0,0.0,0.0,0.0,0.0,0.0,0.0
2024-12-21T01:00,3600,0.0,0.0,0.0,0.0,0.0,0.0,0.0,0.0,0.0
2024-12-21T02:00,3600,0.0,0.0,0.0,0.0,0.0,0.0,0.0,0.0,0.0
2024-12-21T03:00,3600,0.0,0.0,0.0,0.0,0.0,0.0,0.0,0.0,0.0
2024-12-21T04:00,3600,0.0,0.0,0.0,0.0,0.0,0.0,0.0,0.0,0.0
2024-12-21T05:00,3600,0.0,0.0,0.0,0.0,0.0,0.0,0.0,0.0,0.0
2024-12-21T06:00,3600,0.0,0.0,0.0,0.0,0.0,0.0,0.0,0.0,0.0
2024-12-21T07:00,3600,0.0,0.18912903388999996,0.0,0.0,0.0,0.18912903388999996,242.46851391,189.12903389,77.27517463
2024-12-21T08:00,3600,0.0,0.7958558283,0.0,0.0,0.0,0.7958558283,973.64327329,795.8558283,316.3673996
2024-12-21T09:00,3600,0.0,1.37410429323,0.0,0.0,0.0,1.37410429323,1676.78514241,1374.10429323,557.70223144
2024-12-21T10:00,3600,0.0,1.7543346781,0.0,0.0,0.0,1.7543346781,2142.56440149,1754.3346781,736.88915036
2024-12-21T11:00,3600,0.0,1.99846937035,0.0,0.0,0.0,1.99846937035,2443.08671096,1998.46937035,847.51673823
2024-12-21T12:00,3600,0.0,2.06839471231,0.0,0.0,0.0,2.06839471231,2529.37518354,2068.39471231,880.08693084
2024-12-21T13:00,3600,0.0,1.9676838079900003,0.0,0.0,0.0,1.9676838079900003,2405.12716752,1967.68380799,842.3629936
2024-12-21T14:00,3600,0.0,1.6890355936900001,0.0,0.0,0.0,1.6890355936900001,2062.37761409,1689.03559369,715.39054873
2024-12-21T15:00,3600,0.0,1.2546368382799997,0.0,0.0,0.0,1.2546368382799997,1531.00335897,1254.63683828,522.68829035
2024-12-21T16:00,3600,0.0,0.6969700132100001,0.0,0.0,0.0,0.6969700132100001,854.01859854,696.97001321,285.33343888
2024-12-21T17:00,3600,0.0,0.10099011308999999,0.0,0.0,0.0,0.10099011308999999,136.80230363,100.99011309,44.85512959
2024-12-21T18:00,3600,0.0,0.0,0.0,0.0,0.0,0.0,0.0,0.0,0.0
2024-12-21T19:00,3600,0.0,0.0,0.0,0.0,0.0,0.0,0.0,0.0,0.0
2024-12-21T20:00,3600,0.0,0.0,0.0,0.0,0.0,0.0,0.0,0.0,0.0
2024-12-21T21:00,3600,0.0,0.0,0.0,0.0,0.0,0.0,0.0,0.0,0.0
2024-12-21T22:00,3600,0.0,0.0,0.0,0.0,0.0,0.0,0.0,0.0,0.0
2024-12-21T23:00,3600,0.0,0.0,0.0,0.0,0.0,0.0,0.0,0.0,0.0
2024-12-22T00:00,3600,0.0,0.0,0.0,0.0,0.0,0.0,0.0,0.0,0.0
2024-12-22T01:00,3600,0.0,0.0,0.0,0.0,0.0,0.0,0.0,0.0,0.0
2024-12-22T02:00,3600,0.0,0.0,0.0,0.0,0.0,0.0,0.0,0.0,0.0
2024-12-22T03:00,3600,0.0,0.0,0.0,0.0,0.0,0.0,0.0,0.0,0.0
2024-12-22T04:00,3600,0.0,0.0,0.0,0.0,0.0,0.0,0.0,0.0,0.0
2024-12-22T05:00,3600,0.0,0.0,0.0,0.0,0.0,0.0,0.0,0.0,0.0
2024-12-22T06:00,3600,0.0,0.0,0.0,0.0,0.0,0.0,0.0,0.0,0.0
2024-12-22T07:00,3600,0.0,0.17708812160999998,0.0,0.0,0.0,0.17708812160999998,228.02497744,177.08812161,72.75853039
2024-12-22T08:00,3600,0.0,0.8005973311400001,0.0,0.0,0.0,0.8005973311400001,979.3836925,800.59733114,318.75031551
2024-12-22T09:00,3600,0.0,1.34500309021,0.0,0.0,0.0,1.34500309021,1641.24927626,1345.00309021,544.10050034
2024-12-22T10:00,3600,0.0,1.76518285663,0.0,0.0,0.0,1.76518285663,2155.89380137,1765.18285663,735.59010722
2024-12-22T11:00,3600,0.0,1.99293904139,0.0,0.0,0.0,1.99293904139,2436.26629102,1992.93904139,840.77526704
2024-12-22T12:00,3600,0.0,2.03649463538,0.0,0.0,0.0,2.03649463538,2489.99842367,2036.49463538,863.02522925
2024-12-22T13:00,3600,0.0,1.91734345056,0.0,0.0,0.0,1.91734345056,2343.09552163,1917.34345056,816.15047456
2024-12-22T14:00,3600,0.0,1.6359648913000002,0.0,0.0,0.0,1.6359648913000002,1997.2672797,1635.9648913,688.77104029
2024-12-22T15:00,3600,0.0,1.21414433675,0.0,0.0,0.0,1.21414433675,1481.65261791,1214.14433675,503.30304942
2024-12-22T16:00,3600,0.0,0.68389692812,0.0,0.0,0.0,0.68389692812,838.2171469,683.89692812,278.9297582
2024-12-22T17:00,3600,0.0,0.09173307606,0.0,0.0,0.0,0.09173307606,125.71244332,91.73307606,40.98370126
2024-12-22T18:00,3600,0.0,0.0,0.0,0.0,0.0,0.0,0.0,0.0,0.0
2024-12-22T19:00,3600,0.0,0.0,0.0,0.0,0.0,0.0,0.0,0.0,0.0
2024-12-22T20:00,3600,0.0,0.0,0.0,0.0,0.0,0.0,0.0,0.0,0.0
2024-12-22T21:00,3600,0.0,0.0,0.0,0.0,0.0,0.0,0.0,0.0,0.0
2024-12-22T22:00,3600,0.0,0.0,0.0,0.0,0.0,0.0,0.0,0.0,0.0
2024-12-22T23:00,3600,0.0,0.0,0.0,0.0,0.0,0.0,0.0,0.0,0.0
2024-12-23T00:00,3600,0.0,0.0,0.0,0.0,0.0,0.0,0.0,0.0,0.0
2024-12-23T01:00,3600,0.0,0.0,0.0,0.0,0.0,0.0,0.0,0.0,0.0
2024-12-23T02:00,3600,0.0,0.0,0.0,0.0,0.0,0.0,0.0,0.0,0.0
2024-12-23T03:00,3600,0.0,0.0,0.0,0.0,0.0,0.0,0.0,0.0,0.0
2024-12-23T04:00,3600,0.0,0.0,0.0,0.0,0.0,0.0,0.0,0.0,0.0
2024-12-23T05:00,3600,0.0,0.0,0.0,0.0,0.0,0.0,0.0,0.0,0.0
2024-12-23T06:00,3600,0.0,0.0,0.0,0.0,0.0,0.0,0.0,0.0,0.0
2024-12-23T07:00,3600,0.0,0.13564819037,0.0,0.0,0.0,0.13564819037,178.33596179,135.64819037,56.99469853
2024-12-23T08:00,3600,0.0,0.6265357972100001,0.0,0.0,0.0,0.6265357972100001,768.92155573,626.53579721,249.48361121
2024-12-23T09:00,3600,0.0,0.96948843268,0.0,0.0,0.0,0.96948843268,1184.12580933,969.48843268,388.84522178
2024-12-23T10:00,3600,0.0,1.3159543536,0.0,0.0,0.0,1.3159543536,1605.79337622,1315.9543536,540.69847616
2024-12-23T11:00,3600,0.0,1.42275871728,0.0,0.0,0.0,1.42275871728,1736.23337293,1422.75871728,588.38170734
2024-12-23T12:00,3600,0.0,1.48241379468,0.0,0.0,0.0,1.48241379468,1809.18375474,1482.41379468,615.83879747
2024-12-23T13:00,3600,0.0,1.1300147276099999,0.0,0.0,0.0,1.1300147276099999,1379.21662791,1130.01472761,468.31182263
2024-12-23T14:00,3600,0.0,0.6549381253100001,0.0,0.0,0.0,0.6549381253100001,803.22572359,654.93812531,268.29862073
2024-12-23T15:00,3600,0.0,0.4058706317,0.0,0.0,0.0,0.4058706317,502.90256136,405.8706317,166.71013789
2024-12-23T16:00,3600,0.0,0.24652344546000002,0.0,0.0,0.0,0.24652344546000002,311.35092691,246.52344546,102.45695643
2024-12-23T17:00,3600,0.0,0.03623287486,0.0,0.0,0.0,0.03623287486,59.25555732,36.23287486,19.35460372
2024-12-23T18:00,3600,0.0,0.0,0.0,0.0,0.0,0.0,0.0,0.0,0.0
2024-12-23T19:00,3600,0.0,0.0,0.0,0.0,0.0,0.0,0.0,0.0,0.0
2024-12-23T20:00,3600,0.0,0.0,0.0,0.0,0.0,0.0,0.0,0.0,0.0
2024-12-23T21:00,3600,0.0,0.0,0.0,0.0,0.0,0.0,0.0,0.0,0.0
2024-12-23T22:00,3600,0.0,0.0,0.0,0.0,0.0,0.0,0.0,0.0,0.0
2024-12-23T23:00,3600,0.0,0.0,0.0,0.0,0.0,0.0,0.0,0.0,0.0
2024-12-24T00:00,3600,0.0,0.0,0.0,0.0,0.0,0.0,0.0,0.0,0.0
2024-12-24T01:00,3600,0.0,0.0,0.0,0.0,0.0,0.0,0.0,0.0,0.0
2024-12-24T02:00,3600,0.0,0.0,0.0,0.0,0.0,0.0,0.0,0.0,0.0
2024-12-24T03:00,3600,0.0,0.0,0.0,0.0,0.0,0.0,0.0,0.0,0.0
2024-12-24T04:00,3600,0.0,0.0,0.0,0.0,0.0,0.0,0.0,0.0,0.0
2024-12-24T05:00,3600,0.0,0.0,0.0,0.0,0.0,0.0,0.0,0.0,0.0
2024-12-24T06:00,3600,0.0,0.0,0.0,0.0,0.0,0.0,0.0,0.0,0.0
2024-12-24T07:00,3600,0.0,0.1265271824,0.0,0.0,0.0,0.1265271824,167.40342513,126.5271824,53.432713
2024-12-24T08:00,3600,0.0,0.6218110735,0.0,0.0,0.0,0.6218110735,763.21648773,621.8110735,247.32388713
2024-12-24T09:00,3600,0.0,1.06367232579,0.0,0.0,0.0,1.06367232579,1298.53135092,1063.67232579,426.5421003
2024-12-24T10:00,3600,0.0,1.52718342185,0.0,0.0,0.0,1.52718342185,1863.97544457,1527.18342185,630.87152042
2024-12-24T11:00,3600,0.0,1.5481898949300001,0.0,0.0,0.0,1.5481898949300001,1889.69750613,1548.18989493,641.83926116
2024-12-24T12:00,3600,0.0,1.88929391392,0.0,0.0,0.0,1.88929391392,2308.55288765,1889.29391392,795.71203565
2024-12-24T13:00,3600,0.0,1.77922372724,0.0,0.0,0.0,1.77922372724,2173.14948783,1779.22372724,757.42281721
2024-12-24T14:00,3600,0.0,1.64746510342,0.0,0.0,0.0,1.64746510342,2011.37186719,1647.46510342,698.11215234
2024-12-24T15:00,3600,0.0,1.25053671256,0.0,0.0,0.0,1.25053671256,1526.00488204,1250.53671256,521.75370091
2024-12-24T16:00,3600,0.0,0.68099010698,0.0,0.0,0.0,0.68099010698,834.70409337,680.99010698,279.08034618
2024-12-24T17:00,3600,0.0,0.10586697985000001,0.0,0.0,0.0,0.10586697985000001,142.6453662,105.86697985,46.7326872
2024-12-24T18:00,3600,0.0,0.0,0.0,0.0,0.0,0.0,0.0,0.0,0.0
2024-12-24T19:00,3600,0.0,0.0,0.0,0.0,0.0,0.0,0.0,0.0,0.0
2024-12-24T20:00,3600,0.0,0.0,0.0,0.0,0.0,0.0,0.0,0.0,0.0
2024-12-24T21:00,3600,0.0,0.0,0.0,0.0,0.0,0.0,0.0,0.0,0.0
2024-12-24T22:00,3600,0.0,0.0,0.0,0.0,0.0,0.0,0.0,0.0,0.0
2024-12-24T23:00,3600,0.0,0.0,0.0,0.0,0.0,0.0,0.0,0.0,0.0
2024-12-25T00:00,3600,0.0,0.0,0.0,0.0,0.0,0.0,0.0,0.0,0.0
2024-12-25T01:00,3600,0.0,0.0,0.0,0.0,0.0,0.0,0.0,0.0,0.0
2024-12-25T02:00,3600,0.0,0.0,0.0,0.0,0.0,0.0,0.0,0.0,0.0
2024-12-25T03:00,3600,0.0,0.0,0.0,0.0,0.0,0.0,0.0,0.0,0.0
2024-12-25T04:00,3600,0.0,0.0,0.0,0.0,0.0,0.0,0.0,0.0,0.0
2024-12-25T05:00,3600,0.0,0.0,0.0,0.0,0.0,0.0,0.0,0.0,0.0
2024-12-25T06:00,3600,0.0,0.0,0.0,0.0,0.0,0.0,0.0,0.0,0.0
2024-12-25T07:00,3600,0.0,0.01845863566,0.0,0.0,0.0,0.01845863566,37.98393898,18.45863566,12.23738027
2024-12-25T08:00,3600,0.0,0.14579098868,0.0,0.0,0.0,0.14579098868,190.49496792,145.79098868,61.59792553
2024-12-25T09:00,3600,0.0,0.40306874744,0.0,0.0,0.0,0.40306874744,499.53046389,403.06874744,162.71595874
2024-12-25T10:00,3600,0.0,0.75377980748,0.0,0.0,0.0,0.75377980748,922.72095384,753.77980748,306.62478198
2024-12-25T11:00,3600,0.0,1.07094258967,0.0,0.0,0.0,1.07094258967,1307.36941261,1070.94258967,439.08095058
2024-12-25T12:00,3600,0.0,1.6217117691200003,0.0,0.0,0.0,1.6217117691200003,1979.78985092,1621.71176912,679.62809051
2024-12-25T13:00,3600,0.0,1.70393215656,0.0,0.0,0.0,1.70393215656,2080.66329215,1703.93215656,723.69790227
2024-12-25T14:00,3600,0.0,0.26764355078,0.0,0.0,0.0,0.26764355078,336.7132476,267.64355078,111.22048499
2024-12-25T15:00,3600,0.0,0.2574246215,0.0,0.0,0.0,0.2574246215,324.44073133,257.4246215,107.17355569
2024-12-25T16:00,3600,0.0,0.11905449799,0.0,0.0,0.0,0.11905449799,158.44769083,119.05449799,52.05719191
2024-12-25T17:00,3600,0.0,0.00732257277,0.0,0.0,0.0,0.00732257277,24.65952287,7.32257277,8.06775619
2024-12-25T18:00,3600,0.0,0.0,0.0,0.0,0.0,0.0,0.0,0.0,0.0
2024-12-25T19:00,3600,0.0,0.0,0.0,0.0,0.0,0.0,0.0,0.0,0.0
2024-12-25T20:00,3600,0.0,0.0,0.0,0.0,0.0,0.0,0.0,0.0,0.0
2024-12-25T21:00,3600,0.0,0.0,0.0,0.0,0.0,0.0,0.0,0.0,0.0
2024-12-25T22:00,3600,0.0,0.0,0.0,0.0,0.0,0.0,0.0,0.0,0.0
2024-12-25T23:00,3600,0.0,0.0,0.0,0.0,0.0,0.0,0.0,0.0,0.0
2024-12-26T00:00,3600,0.0,0.0,0.0,0.0,0.0,0.0,0.0,0.0,0.0
2024-12-26T01:00,3600,0.0,0.0,0.0,0.0,0.0,0.0,0.0,0.0,0.0
2024-12-26T02:00,3600,0.0,0.0,0.0,0.0,0.0,0.0,0.0,0.0,0.0
2024-12-26T03:00,3600,0.0,0.0,0.0,0.0,0.0,0.0,0.0,0.0,0.0
2024-12-26T04:00,3600,0.0,0.0,0.0,0.0,0.0,0.0,0.0,0.0,0.0
2024-12-26T05:00,3600,0.0,0.0,0.0,0.0,0.0,0.0,0.0,0.0,0.0
2024-12-26T06:00,3600,0.0,0.0,0.0,0.0,0.0,0.0,0.0,0.0,0.0
2024-12-26T07:00,3600,0.0,0.05964805948,0.0,0.0,0.0,0.05964805948,87.28662671,59.64805948,28.3011209
2024-12-26T08:00,3600,0.0,0.25915225716,0.0,0.0,0.0,0.25915225716,326.51541969,259.15225716,106.65409736
2024-12-26T09:00,3600,0.0,0.51415037416,0.0,0.0,0.0,0.51415037416,633.3270151,514.15037416,208.74344217
2024-12-26T10:00,3600,0.0,0.7501177292999999,0.0,0.0,0.0,0.7501177292999999,918.29047503,750.1177293,307.80168473
2024-12-26T11:00,3600,0.0,1.05385122874,0.0,0.0,0.0,1.05385122874,1286.59394049,1053.85122874,435.76466812
2024-12-26T12:00,3600,0.0,1.0788304692900001,0.0,0.0,0.0,1.0788304692900001,1316.95938719,1078.83046929,447.07703673
2024-12-26T13:00,3600,0.0,1.2273917050099998,0.0,0.0,0.0,1.2273917050099998,1497.79463375,1227.39170501,514.43636864
2024-12-26T14:00,3600,0.0,0.5515795699,0.0,0.0,0.0,0.5515795699,678.46036845,551.5795699,227.77364426
2024-12-26T15:00,3600,0.0,0.48516612700000006,0.0,0.0,0.0,0.48516612700000006,598.3943033,485.166127,200.47074661
2024-12-26T16:00,3600,0.0,0.21228000525,0.0,0.0,0.0,0.21228000525,270.24626969,212.28000525,89.37982568
2024-12-26T17:00,3600,0.0,0.03916250934,0.0,0.0,0.0,0.03916250934,62.76218431,39.16250934,20.6184287
2024-12-26T18:00,3600,0.0,0.0,0.0,0.0,0.0,0.0,0.0,0.0,0.0
2024-12-26T19:00,3600,0.0,0.0,0.0,0.0,0.0,0.0,0.0,0.0,0.0
2024-12-26T20:00,3600,0.0,0.0,0.0,0.0,0.0,0.0,0.0,0.0,0.0
2024-12-26T21:00,3600,0.0,0.0,0.0,0.0,0.0,0.0,0.0,0.0,0.0
2024-12-26T22:00,3600,0.0,0.0,0.0,0.0,0.0,0.0,0.0,0.0,0.0
2024-12-26T23:00,3600,0.0,0.0,0.0,0.0,0.0,0.0,0.0,0.0,0.0
2024-12-27T00:00,3600,0.0,0.0,0.0,0.0,0.0,0.0,0.0,0.0,0.0
2024-12-27T01:00,3600,0.0,0.0,0.0,0.0,0.0,0.0,0.0,0.0,0.0
2024-12-27T02:00,3600,0.0,0.0,0.0,0.0,0.0,0.0,0.0,0.0,0.0
2024-12-27T03:00,3600,0.0,0.0,0.0,0.0,0.0,0.0,0.0,0.0,0.0
2024-12-27T04:00,3600,0.0,0.0,0.0,0.0,0.0,0.0,0.0,0.0,0.0
2024-12-27T05:00,3600,0.0,0.0,0.0,0.0,0.0,0.0,0.0,0.0,0.0
2024-12-27T06:00,3600,0.0,0.0,0.0,0.0,0.0,0.0,0.0,0.0,0.0
2024-12-27T07:00,3600,0.0,0.13112745784000002,0.0,0.0,0.0,0.13112745784000002,172.9171787,131.12745784,56.22096763
2024-12-27T08:00,3600,0.0,0.68100468115,0.0,0.0,0.0,0.68100468115,834.72170667,681.00468115,276.40236561
2024-12-27T09:00,3600,0.0,1.09658039102,0.0,0.0,0.0,1.09658039102,1338.54372728,1096.58039102,451.00998079
2024-12-27T10:00,3600,0.0,1.52462509888,0.0,0.0,0.0,1.52462509888,1860.84339492,1524.62509888,642.86727693
2024-12-27T11:00,3600,0.0,1.84303155634,0.0,0.0,0.0,1.84303155634,2251.614585,1843.03155634,788.42998032
2024-12-27T12:00,3600,0.0,1.64684663796,0.0,0.0,0.0,1.64684663796,2010.61327781,1646.84663796,699.30235887
2024-12-27T13:00,3600,0.0,1.63181591124,0.0,0.0,0.0,1.63181591124,1992.17932764,1631.81591124,695.6675036
2024-12-27T14:00,3600,0.0,1.09858744105,0.0,0.0,0.0,1.09858744105,1340.98471821,1098.58744105,458.8601719
2024-12-27T15:00,3600,0.0,0.57223389489,0.0,0.0,0.0,0.57223389489,703.37691837,572.23389489,235.86653291
2024-12-27T16:00,3600,0.0,0.25071497222,0.0,0.0,0.0,0.25071497222,316.38373437,250.71497222,104.4305644
2024-12-27T17:00,3600,0.0,0.02615654519,0.0,0.0,0.0,0.02615654519,47.19585338,26.15654519,15.44833932
2024-12-27T18:00,3600,0.0,0.0,0.0,0.0,0.0,0.0,0.0,0.0,0.0
2024-12-27T19:00,3600,0.0,0.0,0.0,0.0,0.0,0.0,0.0,0.0,0.0
2024-12-27T20:00,3600,0.0,0.0,0.0,0.0,0.0,0.0,0.0,0.0,0.0
2024-12-27T21:00,3600,0.0,0.0,0.0,0.0,0.0,0.0,0.0,0.0,0.0
2024-12-27T22:00,3600,0.0,0.0,0.0,0.0,0.0,0.0,0.0,0.0,0.0
2024-12-27T23:00,3600,0.0,0.0,0.0,0.0,0.0,0.0,0.0,0.0,0.0
2024-12-28T00:00,3600,0.0,0.0,0.0,0.0,0.0,0.0,0.0,0.0,0.0
2024-12-28T01:00,3600,0.0,0.0,0.0,0.0,0.0,0.0,0.0,0.0,0.0
2024-12-28T02:00,3600,0.0,0.0,0.0,0.0,0.0,0.0,0.0,0.0,0.0
2024-12-28T03:00,3600,0.0,0.0,0.0,0.0,0.0,0.0,0.0,0.0,0.0
2024-12-28T04:00,3600,0.0,0.0,0.0,0.0,0.0,0.0,0.0,0.0,0.0
2024-12-28T05:00,3600,0.0,0.0,0.0,0.0,0.0,0.0,0.0,0.0,0.0
2024-12-28T06:00,3600,0.0,0.0,0.0,0.0,0.0,0.0,0.0,0.0,0.0
2024-12-28T07:00,3600,0.0,0.06948317702000001,0.0,0.0,0.0,0.06948317702000001,99.06346474,69.48317702,31.83921627
2024-12-28T08:00,3600,0.0,0.62811275648,0.0,0.0,0.0,0.62811275648,770.82581257,628.11275648,251.60761152
2024-12-28T09:00,3600,0.0,1.3252489413900002,0.0,0.0,0.0,1.3252489413900002,1617.13630717,1325.24894139,538.05242874
2024-12-28T10:00,3600,0.0,1.7606967118499999,0.0,0.0,0.0,1.7606967118499999,2150.38130096,1760.69671185,731.96404284
2024-12-28T11:00,3600,0.0,2.02845501608,0.0,0.0,0.0,2.02845501608,2480.07761549,2028.45501608,852.21446511
2024-12-28T12:00,3600,0.0,2.11606562826,0.0,0.0,0.0,2.11606562826,2588.25606355,2116.06562826,894.02233928
2024-12-28T13:00,3600,0.0,2.00499474521,0.0,0.0,0.0,2.00499474521,2451.13506017,2004.99474521,851.81832073
2024-12-28T14:00,3600,0.0,1.71761115442,0.0,0.0,0.0,1.71761115442,2097.45813803,1717.61115442,722.87923423
2024-12-28T15:00,3600,0.0,1.3045844420000001,0.0,0.0,0.0,1.3045844420000001,1591.91996953,1304.584442,541.33248761
2024-12-28T16:00,3600,0.0,0.74841557571,0.0,0.0,0.0,0.74841557571,916.23124834,748.41557571,304.90330269
2024-12-28T17:00,3600,0.0,0.13354128955,0.0,0.0,0.0,0.13354128955,175.81047654,133.54128955,57.41077643
2024-12-28T18:00,3600,0.0,0.0,0.0,0.0,0.0,0.0,0.0,0.0,0.0
2024-12-28T19:00,3600,0.0,0.0,0.0,0.0,0.0,0.0,0.0,0.0,0.0
2024-12-28T20:00,3600,0.0,0.0,0.0,0.0,0.0,0.0,0.0,0.0,0.0
2024-12-28T21:00,3600,0.0,0.0,0.0,0.0,0.0,0.0,0.0,0.0,0.0
2024-12-28T22:00,3600,0.0,0.0,0.0,0.0,0.0,0.0,0.0,0.0,0.0
2024-12-28T23:00,3600,0.0,0.0,0.0,0.0,0.0,0.0,0.0,0.0,0.0
2024-12-29T00:00,3600,0.0,0.0,0.0,0.0,0.0,0.0,0.0,0.0,0.0
2024-12-29T01:00,3600,0.0,0.0,0.0,0.0,0.0,0.0,0.0,0.0,0.0
2024-12-29T02:00,3600,0.0,0.0,0.0,0.0,0.0,0.0,0.0,0.0,0.0
2024-12-29T03:00,3600,0.0,0.0,0.0,0.0,0.0,0.0,0.0,0.0,0.0
2024-12-29T04:00,3600,0.0,0.0,0.0,0.0,0.0,0.0,0.0,0.0,0.0
2024-12-29T05:00,3600,0.0,0.0,0.0,0.0,0.0,0.0,0.0,0.0,0.0
2024-12-29T06:00,3600,0.0,0.0,0.0,0.0,0.0,0.0,0.0,0.0,0.0
2024-12-29T07:00,3600,0.0,0.1641001061,0.0,0.0,0.0,0.1641001061,212.44825573,164.1001061,67.27806691
2024-12-29T08:00,3600,0.0,0.815996656,0.0,0.0,0.0,0.815996656,998.03011862,815.996656,323.1587452
2024-12-29T09:00,3600,0.0,1.39165946521,0.0,0.0,0.0,1.39165946521,1698.22971453,1391.65946521,562.61952113
2024-12-29T10:00,3600,0.0,1.7928425181299998,0.0,0.0,0.0,1.7928425181299998,2189.89007248,1792.84251813,753.97540971
2024-12-29T11:00,3600,0.0,2.0419387466,0.0,0.0,0.0,2.0419387466,2496.71711497,2041.9387466,872.56790404
2024-12-29T12:00,3600,0.0,2.11309859774,0.0,0.0,0.0,2.11309859774,2584.59003335,2113.09859774,911.1655031
2024-12-29T13:00,3600,0.0,1.9815253682299998,0.0,0.0,0.0,1.9815253682299998,2422.19196204,1981.52536823,862.00481152
2024-12-29T14:00,3600,0.0,1.68853262812,0.0,0.0,0.0,1.68853262812,2061.76029298,1688.53262812,724.09502697
2024-12-29T15:00,3600,0.0,1.2717413219,0.0,0.0,0.0,1.2717413219,1551.85889212,1271.7413219,533.50594889
2024-12-29T16:00,3600,0.0,0.7274315281,0.0,0.0,0.0,0.7274315281,890.8495833,727.4315281,298.92610443
2024-12-29T17:00,3600,0.0,0.13284623984,0.0,0.0,0.0,0.13284623984,174.97735653,132.84623984,57.31891444
2024-12-29T18:00,3600,0.0,0.0,0.0,0.0,0.0,0.0,0.0,0.0,0.0
2024-12-29T19:00,3600,0.0,0.0,0.0,0.0,0.0,0.0,0.0,0.0,0.0
2024-12-29T20:00,3600,0.0,0.0,0.0,0.0,0.0,0.0,0.0,0.0,0.0
2024-12-29T21:00,3600,0.0,0.0,0.0,0.0,0.0,0.0,0.0,0.0,0.0
2024-12-29T22:00,3600,0.0,0.0,0.0,0.0,0.0,0.0,0.0,0.0,0.0
2024-12-29T23:00,3600,0.0,0.0,0.0,0.0,0.0,0.0,0.0,0.0,0.0
2024-12-30T00:00,3600,0.0,0.0,0.0,0.0,0.0,0.0,0.0,0.0,0.0
2024-12-30T01:00,3600,0.0,0.0,0.0,0.0,0.0,0.0,0.0,0.0,0.0
2024-12-30T02:00,3600,0.0,0.0,0.0,0.0,0.0,0.0,0.0,0.0,0.0
2024-12-30T03:00,3600,0.0,0.0,0.0,0.0,0.0,0.0,0.0,0.0,0.0
2024-12-30T04:00,3600,0.0,0.0,0.0,0.0,0.0,0.0,0.0,0.0,0.0
2024-12-30T05:00,3600,0.0,0.0,0.0,0.0,0.0,0.0,0.0,0.0,0.0
2024-12-30T06:00,3600,0.0,0.0,0.0,0.0,0.0,0.0,0.0,0.0,0.0
2024-12-30T07:00,3600,0.0,0.14585436254,0.0,0.0,0.0,0.14585436254,190.57094514,145.85436254,60.50226684
2024-12-30T08:00,3600,0.0,0.7666377953999999,0.0,0.0,0.0,0.7666377953999999,938.27883298,766.6377954,305.31223508
2024-12-30T09:00,3600,0.0,1.32348918948,0.0,0.0,0.0,1.32348918948,1614.98861611,1323.48918948,541.33854227
2024-12-30T10:00,3600,0.0,1.70546744429,0.0,0.0,0.0,1.70546744429,2082.5481144,1705.46744429,724.17769693
2024-12-30T11:00,3600,0.0,1.96546014848,0.0,0.0,0.0,1.96546014848,2402.38603865,1965.46014848,845.63478394
2024-12-30T12:00,3600,0.0,2.04787484987,0.0,0.0,0.0,2.04787484987,2504.04364079,2047.87484987,886.25767021
2024-12-30T13:00,3600,0.0,1.94003620983,0.0,0.0,0.0,1.94003620983,2371.05248529,1940.03620983,846.48762174
2024-12-30T14:00,3600,0.0,1.6936534977,0.0,0.0,0.0,1.6936534977,2068.04568279,1693.6534977,729.76348993
2024-12-30T15:00,3600,0.0,1.2765469218799999,0.0,0.0,0.0,1.2765469218799999,1557.71935783,1276.54692188,539.70322208
2024-12-30T16:00,3600,0.0,0.7324803725,0.0,0.0,0.0,0.7324803725,896.95577535,732.4803725,303.92916694
2024-12-30T17:00,3600,0.0,0.13662421453999998,0.0,0.0,0.0,0.13662421453999998,179.50592247,136.62421454,59.46048085
2024-12-30T18:00,3600,0.0,0.0,0.0,0.0,0.0,0.0,0.0,0.0,0.0
2024-12-30T19:00,3600,0.0,0.0,0.0,0.0,0.0,0.0,0.0,0.0,0.0
2024-12-30T20:00,3600,0.0,0.0,0.0,0.0,0.0,0.0,0.0,0.0,0.0
2024-12-30T21:00,3600,0.0,0.0,0.0,0.0,0.0,0.0,0.0,0.0,0.0
2024-12-30T22:00,3600,0.0,0.0,0.0,0.0,0.0,0.0,0.0,0.0,0.0
2024-12-30T23:00,3600,0.0,0.0,0.0,0.0,0.0,0.0,0.0,0.0,0.0
2024-12-31T00:00,3600,0.0,0.0,0.0,0.0,0.0,0.0,0.0,0.0,0.0
2024-12-31T01:00,3600,0.0,0.0,0.0,0.0,0.0,0.0,0.0,0.0,0.0
2024-12-31T02:00,3600,0.0,0.0,0.0,0.0,0.0,0.0,0.0,0.0,0.0
2024-12-31T03:00,3600,0.0,0.0,0.0,0.0,0.0,0.0,0.0,0.0,0.0
2024-12-31T04:00,3600,0.0,0.0,0.0,0.0,0.0,0.0,0.0,0.0,0.0
2024-12-31T05:00,3600,0.0,0.0,0.0,0.0,0.0,0.0,0.0,0.0,0.0
2024-12-31T06:00,3600,0.0,0.0,0.0,0.0,0.0,0.0,0.0,0.0,0.0
2024-12-31T07:00,3600,0.0,0.146562191,0.0,0.0,0.0,0.146562191,191.41954654,146.562191,61.66356855
2024-12-31T08:00,3600,0.0,0.77158697486,0.0,0.0,0.0,0.77158697486,944.26803763,771.58697486,310.34041575
2024-12-31T09:00,3600,0.0,1.33680839473,0.0,0.0,0.0,1.33680839473,1631.2455021,1336.80839473,548.04225576
2024-12-31T10:00,3600,0.0,1.73296144725,0.0,0.0,0.0,1.73296144725,2116.30923961,1732.96144725,733.89336047
2024-12-31T11:00,3600,0.0,1.9701948134899998,0.0,0.0,0.0,1.9701948134899998,2408.22262608,1970.19481349,843.24366902
2024-12-31T12:00,3600,0.0,2.06188343407,0.0,0.0,0.0,2.06188343407,2521.33619505,2061.88343407,888.3419382
2024-12-31T13:00,3600,0.0,1.96481983629,0.0,0.0,0.0,1.96481983629,2401.59673673,1964.81983629,852.93487029
2024-12-31T14:00,3600,0.0,1.60294743602,0.0,0.0,0.0,1.60294743602,1956.78660233,1602.94743602,686.58733433
2024-12-31T15:00,3600,0.0,1.20879972779,0.0,0.0,0.0,1.20879972779,1475.14110225,1208.79972779,510.10095195
2024-12-31T16:00,3600,0.0,0.68786406544,0.0,0.0,0.0,0.68786406544,843.01189999,687.86406544,284.96601204
2024-12-31T17:00,3600,0.0,0.13320938981000002,0.0,0.0,0.0,0.13320938981000002,175.41264447,133.20938981,58.08141502
2024-12-31T18:00,3600,0.0,0.0,0.0,0.0,0.0,0.0,0.0,0.0,0.0
2024-12-31T19:00,3600,0.0,0.0,0.0,0.0,0.0,0.0,0.0,0.0,0.0
2024-12-31T20:00,3600,0.0,0.0,0.0,0.0,0.0,0.0,0.0,0.0,0.0
2024-12-31T21:00,3600,0.0,0.0,0.0,0.0,0.0,0.0,0.0,0.0,0.0
2024-12-31T22:00,3600,0.0,0.0,0.0,0.0,0.0,0.0,0.0,0.0,0.0
2024-12-31T23:00,3600,0.0,0.0,0.0,0.0,0.0,0.0,0.0,0.0,0.0
